used_mb,cached_mb,free_mb
2680.1875,624.4375,29050.625
2721.3125,4678.375,24955.8125
3235.375,5078.875,24041.9375
3235.1875,5078.875,24042.125
3235.375,5078.875,24041.875
3252.1875,5081.1875,24021.9375
3252.3125,5081.1875,24021.8125
3252.0625,5081.25,24022.0
3251.9375,5081.25,24022.125
3251.9375,5081.25,24022.125
3251.9375,5081.25,24022.125
3251.9375,5081.25,24022.125
3251.9375,5081.25,24022.125
3251.9375,5081.25,24022.125
3252.25,5081.25,24021.8125
3252.25,5081.25,24021.8125
3252.25,5081.25,24021.8125
3252.25,5081.25,24021.8125
3252.25,5081.25,24021.8125
3271.9375,5086.3125,23997.375
3286.375,5092.75,23976.625
3289.8125,5098.375,23967.3125
3298.5625,5106.5,23950.75
3302.625,5115.875,23937.4375
3312.75,5127.625,23916.25
3320.125,5135.5625,23900.75
3327.25,5143.5625,23885.6875
3332.1875,5149.25,23874.5
3344.625,5183.0625,23829.1875
3347.4375,5187.0,23822.8125
3354.1875,5256.1875,23747.25
3360.8125,5273.125,23723.4375
3373.625,5289.5,23694.75
3379.5625,5294.625,23683.6875
3394.5625,5293.0625,23669.8125
3414.875,5300.75,23642.5
3418.625,5307.5,23631.8125
3421.5625,5311.8125,23625.125
3423.0625,5315.8125,23620.0625
3426.5,5319.5625,23612.75
3430.8125,5324.0625,23604.0625
3439.8125,5327.75,23591.875
3439.375,5334.6875,23585.5
3440.9375,5338.3125,23579.6875
3445.0625,5344.0,23571.0625
3456.8125,5358.125,23545.0
3470.1875,5369.125,23520.6875
3478.625,5387.375,23493.5
3482.9375,5391.125,23485.4375
3488.75,5397.0625,23473.75
3495.375,5402.5625,23460.875
3501.1875,5408.6875,23447.75
3501.9375,5408.6875,23447.0
3501.4375,5408.6875,23447.5
3501.4375,5408.6875,23447.5
3501.0625,5408.6875,23447.875
3501.0625,5408.6875,23447.875
3501.0625,5408.6875,23447.875
3502.125,5408.4375,23447.0625
3509.8125,5398.125,23449.125
3509.625,5398.125,23449.3125
3507.8125,5398.125,23451.0
3507.4375,5398.125,23451.375
3507.375,5398.125,23451.4375
3508.625,5398.25,23450.0625
3509.875,5398.375,23448.6875
3510.0,5398.4375,23448.5625
3509.8125,5398.4375,23448.75
3509.5,5398.4375,23449.0625
3509.5,5398.4375,23449.0625
3509.5,5398.375,23449.0625
3509.3125,5398.4375,23449.25
3509.3125,5398.4375,23449.25
3508.9375,5398.4375,23449.625
3508.9375,5398.4375,23449.625
3508.9375,5398.4375,23449.625
3508.9375,5398.4375,23449.625
3508.75,5398.4375,23449.8125
3508.75,5398.4375,23449.8125
3510.8125,5398.4375,23447.75
3511.5,5398.4375,23446.875
3511.5,5398.4375,23446.875
3510.75,5398.4375,23447.625
3510.75,5398.4375,23447.625
3510.75,5398.4375,23447.625
3519.8125,5401.75,23435.875
3520.3125,5401.75,23435.3125
3516.6875,5403.5625,23436.8125
3516.6875,5403.5625,23436.8125
3516.6875,5403.5625,23436.8125
3516.6875,5403.5625,23436.8125
3516.625,5403.5625,23436.875
3516.1875,5403.5625,23437.3125
3516.1875,5403.5625,23437.3125
3517.4375,5403.625,23436.0625
3518.4375,5403.6875,23435.0
3518.4375,5403.6875,23435.0
3518.25,5403.6875,23435.1875
3518.125,5403.6875,23435.3125
3518.125,5403.6875,23435.3125
3518.125,5403.6875,23435.3125
3518.125,5403.6875,23435.3125
3517.5,5403.6875,23435.9375
3517.5,5403.6875,23435.9375
3517.125,5403.6875,23436.3125
3517.125,5403.6875,23436.3125
3517.125,5403.6875,23436.3125
3517.125,5403.6875,23436.3125
3517.125,5403.6875,23436.3125
3516.3125,5403.6875,23437.125
3517.4375,5403.4375,23435.9375
3514.625,5407.8125,23434.25
3513.5625,5407.8125,23435.3125
3513.75,5407.8125,23435.125
3513.6875,5407.625,23435.375
3513.625,5407.625,23435.4375
3513.625,5407.625,23435.4375
3513.8125,5407.625,23435.25
3513.75,5407.625,23435.3125
3513.75,5407.625,23435.3125
3528.0625,5407.875,23420.875
3527.875,5407.75,23421.0625
3527.6875,5407.875,23421.3125
3527.6875,5407.875,23421.3125
3527.5625,5407.9375,23421.25
3528.5625,5407.9375,23420.25
3528.375,5407.9375,23420.4375
3527.8125,5407.9375,23421.0
3527.8125,5407.9375,23421.0
3527.8125,5407.9375,23421.0
3527.8125,5407.875,23421.0
3527.8125,5407.9375,23421.0
3527.5,5407.9375,23421.375
3527.3125,5407.9375,23421.5625
3527.3125,5407.9375,23421.5625
3527.25,5407.9375,23421.625
3527.25,5408.1875,23421.4375
3527.25,5408.1875,23421.4375
3527.25,5408.1875,23421.4375
3526.8125,5408.1875,23421.875
3527.9375,5408.25,23420.625
3527.9375,5408.25,23420.625
3527.3125,5408.25,23421.25
3527.1875,5408.25,23421.375
3527.1875,5408.25,23421.375
3527.1875,5408.25,23421.375
3527.1875,5408.25,23421.375
3527.1875,5408.25,23421.375
3527.1875,5408.25,23421.375
3527.1875,5408.25,23421.375
3527.1875,5408.25,23421.375
3527.1875,5408.25,23421.375
3527.0625,5408.25,23421.5
3527.0625,5408.25,23421.5
3527.25,5408.25,23421.3125
3528.4375,5408.375,23420.0625
3528.375,5408.375,23420.125
3528.375,5408.25,23420.125
3528.4375,5408.375,23420.125
3528.4375,5408.375,23420.125
3528.4375,5408.375,23420.125
3528.4375,5408.375,23420.125
3528.125,5408.375,23420.4375
3528.1875,5408.375,23420.4375
3528.125,5408.4375,23420.4375
3528.125,5408.4375,23420.4375
3528.125,5408.4375,23420.4375
3527.875,5408.375,23420.4375
3527.875,5408.375,23420.4375
3527.75,5408.4375,23420.4375
3527.8125,5408.5,23420.3125
3527.8125,5408.5,23420.3125
3527.0625,5408.5,23421.0625
3527.0,5408.5,23421.125
3527.0,5408.5,23421.125
3527.0,5408.5,23421.125
3527.0,5408.5,23421.125
3527.0,5408.5,23421.125
3527.0,5408.5,23421.125
3527.0,5408.5,23421.125
3527.0,5408.5,23421.125
3527.0,5408.5,23421.125
3526.8125,5408.5,23421.3125
3526.8125,5408.5,23421.3125
3527.125,5408.4375,23421.0
3528.5,5408.5625,23419.5625
3528.5,5408.5625,23419.5625
3528.1875,5408.5625,23419.875
3528.0625,5408.5625,23420.0
3541.75,5408.6875,23406.3125
3541.5625,5408.6875,23406.5
3541.5625,5408.6875,23406.5
3541.3125,5408.6875,23406.75
3541.3125,5408.6875,23406.75
3541.3125,5408.6875,23406.75
3541.3125,5408.6875,23406.75
3541.3125,5408.6875,23406.75
3541.3125,5408.6875,23406.75
3541.3125,5408.6875,23406.75
3542.6875,5408.8125,23405.3125
3542.875,5408.875,23405.0
3542.8125,5408.875,23405.0625
3542.8125,5408.875,23405.0625
3542.625,5408.875,23405.25
3542.625,5408.875,23405.25
3542.625,5408.875,23405.25
3542.3125,5408.875,23405.5625
3542.3125,5408.875,23405.5625
3542.3125,5408.875,23405.5625
3542.3125,5408.875,23405.5625
3542.3125,5408.875,23405.5625
3544.4375,5409.0,23403.3125
3546.125,5409.0625,23401.5625
3546.125,5409.0625,23401.5625
3546.375,5409.0625,23401.3125
3546.6875,5409.0625,23400.9375
3546.6875,5409.0625,23400.9375
3544.875,5409.125,23402.75
3544.4375,5409.125,23403.1875
3544.25,5409.125,23403.375
3544.1875,5409.125,23403.4375
3544.1875,5409.125,23403.4375
3544.1875,5409.125,23403.4375
3544.3125,5409.25,23403.25
3544.3125,5409.25,23403.25
3544.3125,5409.25,23403.25
3544.3125,5409.25,23403.25
3544.4375,5409.3125,23403.125
3544.4375,5409.3125,23403.125
3544.4375,5409.3125,23403.125
3545.1875,5409.3125,23402.3125
3545.1875,5409.3125,23402.3125
3544.9375,5409.3125,23402.5625
3544.6875,5409.3125,23402.8125
3544.6875,5409.3125,23402.8125
3544.5,5409.3125,23403.0
3544.5,5409.3125,23403.0
3544.5,5409.3125,23403.0
3544.625,5409.3125,23402.875
3547.25,5409.4375,23399.9375
3551.125,5410.5625,23395.0625
3551.125,5410.5625,23395.0625
3551.125,5410.5625,23395.0625
3551.4375,5410.625,23394.75
3552.625,5410.625,23393.5625
3552.875,5410.6875,23393.25
3552.8125,5410.6875,23393.3125
3552.8125,5410.6875,23393.3125
3552.8125,5410.6875,23393.3125
3552.8125,5410.6875,23393.3125
3552.8125,5410.6875,23393.3125
3552.8125,5410.6875,23393.3125
3552.8125,5410.6875,23393.3125
3552.625,5410.6875,23393.5
3552.625,5410.6875,23393.5
3552.4375,5410.6875,23393.6875
3552.4375,5410.6875,23393.6875
3552.4375,5410.6875,23393.6875
3565.75,5410.6875,23380.375
3565.625,5410.6875,23380.5
3566.6875,5410.6875,23379.3125
3566.6875,5410.6875,23379.3125
3566.6875,5410.6875,23379.3125
3566.625,5410.6875,23379.375
3566.625,5410.6875,23379.375
3566.75,5410.5625,23379.25
3566.8125,5410.875,23378.875
3566.8125,5410.875,23378.875
3566.8125,5410.875,23378.875
3566.75,5410.875,23378.9375
3566.75,5410.875,23378.9375
3566.75,5410.875,23378.9375
3566.75,5410.875,23378.9375
3573.6875,5410.9375,23371.875
3564.625,5412.9375,23379.4375
3565.4375,5412.9375,23378.625
3565.4375,5412.9375,23378.625
3565.4375,5412.9375,23378.625
3565.4375,5412.9375,23378.625
3565.4375,5412.9375,23378.625
3565.4375,5412.9375,23378.625
3565.4375,5412.9375,23378.625
3565.4375,5412.9375,23378.625
3565.0625,5412.9375,23379.0
3565.0625,5412.9375,23379.0
3565.25,5413.1875,23378.6875
3565.25,5413.1875,23378.6875
3565.25,5413.1875,23378.6875
3565.25,5413.1875,23378.6875
3564.5625,5413.1875,23379.375
3563.75,5413.1875,23380.1875
3563.625,5413.1875,23380.3125
3563.625,5413.1875,23380.3125
3563.5,5413.1875,23380.4375
3563.5,5413.1875,23380.4375
3563.75,5413.25,23380.125
3563.75,5413.25,23380.125
3563.75,5413.25,23380.125
3563.75,5413.25,23380.125
3563.8125,5413.375,23379.9375
3563.8125,5413.6875,23379.5
3563.8125,5413.6875,23379.5
3563.8125,5413.6875,23379.5
3563.625,5413.6875,23379.6875
3564.4375,5413.6875,23378.875
3565.4375,5413.6875,23377.875
3565.4375,5413.6875,23377.875
3565.1875,5413.6875,23378.125
3565.0,5413.6875,23378.3125
3564.9375,5413.6875,23378.1875
3564.9375,5413.6875,23378.1875
3564.9375,5413.6875,23378.1875
3564.9375,5413.6875,23378.1875
3564.9375,5413.6875,23378.1875
3564.9375,5413.6875,23378.1875
3564.9375,5413.6875,23378.1875
3564.9375,5413.6875,23378.1875
3564.9375,5413.6875,23378.1875
3564.6875,5413.6875,23378.4375
3564.6875,5413.6875,23378.4375
3565.3125,5413.75,23377.8125
3565.0,5413.75,23378.125
3564.9375,5413.75,23378.1875
3564.9375,5413.75,23378.1875
3564.9375,5413.75,23378.1875
3564.8125,5413.6875,23378.3125
3564.8125,5413.75,23378.3125
3575.875,5413.75,23367.25
3578.125,5413.75,23365.0
3578.3125,5413.75,23364.8125
3578.3125,5413.75,23364.8125
3578.3125,5413.75,23364.8125
3578.5,5413.75,23364.625
3578.5,5413.6875,23364.625
3578.375,5413.75,23364.75
3578.25,5413.75,23364.875
3578.25,5413.75,23364.875
3578.25,5413.75,23364.875
3578.125,5413.75,23365.0
3577.9375,5413.75,23365.1875
3578.125,5413.75,23365.0
3578.125,5413.75,23365.0
3578.5625,5413.8125,23364.5
3578.375,5413.8125,23364.6875
3578.375,5413.8125,23364.6875
3578.375,5413.8125,23364.6875
3578.375,5413.8125,23364.6875
3578.1875,5413.8125,23364.875
3578.1875,5413.8125,23364.875
3578.375,5413.8125,23364.6875
3579.1875,5413.8125,23363.875
3579.375,5413.8125,23363.6875
3579.375,5413.8125,23363.6875
3579.1875,5413.8125,23363.875
3579.125,5413.8125,23363.9375
3579.125,5413.8125,23363.9375
3579.125,5413.8125,23363.9375
3579.125,5413.8125,23363.9375
3579.125,5413.8125,23363.9375
3579.125,5413.8125,23363.9375
3578.9375,5413.8125,23364.125
3578.9375,5413.8125,23364.125
3578.9375,5413.8125,23364.125
3579.3125,5413.875,23363.75
3579.0625,5413.875,23364.0
3580.3125,5413.875,23362.625
3580.25,5413.875,23362.6875
3580.25,5413.875,23362.6875
3580.0625,5413.875,23362.875
3580.25,5413.875,23362.6875
3580.25,5413.875,23362.6875
3580.125,5413.875,23362.8125
3580.125,5413.875,23362.8125
3579.9375,5413.875,23363.0
3580.125,5413.875,23362.8125
3580.125,5413.875,23362.8125
3580.125,5413.875,23362.8125
3580.125,5413.875,23362.8125
3580.125,5413.875,23362.8125
3580.4375,5413.875,23362.5
3579.875,5413.875,23363.0625
3579.875,5413.875,23363.0625
3579.875,5413.875,23363.0625
3579.8125,5413.875,23363.125
3587.6875,5413.9375,23355.25
3587.125,5413.9375,23355.8125
3580.4375,5414.0,23362.4375
3580.4375,5414.0,23362.4375
3580.4375,5414.0,23362.4375
3580.4375,5414.0,23362.4375
3580.25,5414.0,23362.625
3579.875,5414.0,23363.0
3580.4375,5414.0,23362.4375
3580.25,5414.0,23362.625
3580.5625,5414.25,23362.1875
3591.0,5414.25,23351.625
3594.0,5414.25,23348.625
3594.0,5414.25,23348.625
3594.0,5414.1875,23348.625
3594.0,5414.25,23348.625
3593.9375,5414.25,23348.6875
3593.75,5414.25,23348.875
3593.9375,5414.25,23348.6875
3593.9375,5414.25,23348.6875
3593.9375,5414.25,23348.6875
3593.75,5414.25,23348.875
3593.75,5414.25,23348.875
3593.75,5414.25,23348.875
3593.75,5414.25,23348.875
3592.9375,5414.25,23349.6875
3593.4375,5414.25,23349.0
3593.0625,5414.25,23349.375
3593.0625,5414.25,23349.375
3593.0625,5414.25,23349.375
3593.0625,5414.25,23349.375
3593.0625,5414.25,23349.375
3593.0625,5414.25,23349.375
3593.0625,5414.25,23349.375
3593.0625,5414.25,23349.375
3593.0625,5414.25,23349.375
3593.0625,5414.25,23349.375
3593.0625,5414.25,23349.375
3593.0625,5414.25,23349.375
3593.0625,5414.25,23349.375
3592.125,5414.25,23350.3125
3592.5,5414.25,23349.9375
3592.9375,5414.3125,23349.5
3592.9375,5414.3125,23349.5
3593.125,5414.3125,23349.3125
3592.9375,5414.3125,23349.5
3593.125,5414.3125,23349.3125
3593.125,5414.3125,23349.3125
3593.125,5414.3125,23349.3125
3593.125,5414.3125,23349.3125
3593.125,5414.3125,23349.3125
3593.125,5414.3125,23349.3125
3593.125,5414.3125,23349.3125
3592.9375,5414.3125,23349.5
3592.9375,5414.3125,23349.5
3592.75,5414.3125,23349.6875
3593.875,5414.375,23348.5
3593.6875,5414.375,23348.6875
3594.1875,5414.375,23348.1875
3594.1875,5414.375,23348.1875
3594.0,5414.3125,23348.375
3594.1875,5414.375,23348.1875
3594.1875,5414.375,23348.1875
3594.125,5414.375,23348.25
3594.125,5414.375,23348.25
3594.125,5414.375,23348.25
3594.125,5414.375,23348.25
3594.0,5414.25,23348.4375
3593.9375,5414.3125,23348.625
3593.9375,5414.3125,23348.625
3594.1875,5414.4375,23348.3125
3594.6875,5414.4375,23347.8125
3594.6875,5414.4375,23347.8125
3594.6875,5414.4375,23347.8125
3594.875,5414.4375,23347.625
3594.6875,5414.4375,23347.8125
3594.875,5414.4375,23347.625
3594.6875,5414.4375,23347.8125
3595.625,5413.6875,23347.625
3595.4375,5413.6875,23347.8125
3596.1875,5414.5,23347.0625
3596.9375,5414.4375,23346.3125
3608.0,5414.5625,23335.25
3613.0625,5414.5625,23329.6875
3612.875,5414.5625,23329.875
3612.3125,5414.5625,23330.375
3613.25,5414.625,23329.25
3613.125,5414.625,23329.4375
3613.125,5414.625,23329.4375
3613.125,5414.625,23329.4375
3613.3125,5414.625,23329.25
3613.4375,5414.5625,23329.125
3613.625,5414.625,23328.9375
3613.375,5414.625,23329.1875
3613.375,5414.625,23329.1875
3613.3125,5414.625,23329.25
3613.3125,5414.625,23329.25
3613.125,5414.625,23329.4375
3613.125,5414.625,23329.4375
3613.125,5414.625,23329.4375
3612.6875,5414.5625,23329.625
3613.3125,5414.6875,23328.9375
3613.0,5414.6875,23329.25
3613.0,5414.6875,23329.25
3613.0,5414.6875,23329.25
3612.625,5414.6875,23329.625
3612.375,5414.6875,23329.875
3612.375,5414.6875,23329.875
3612.375,5414.6875,23329.875
3612.375,5414.6875,23329.875
3612.1875,5414.6875,23330.0625
3612.1875,5414.6875,23330.0625
3612.375,5414.6875,23329.875
3612.375,5414.6875,23329.875
3612.375,5414.6875,23329.875
3611.8125,5414.625,23330.4375
3610.9375,5414.8125,23330.5
3610.9375,5414.8125,23330.5
3610.9375,5414.8125,23330.5
3610.9375,5414.8125,23330.5
3610.875,5414.8125,23330.5625
3610.875,5414.8125,23330.5625
3610.75,5414.8125,23330.6875
3610.75,5414.8125,23330.6875
3610.75,5414.8125,23330.6875
3610.75,5414.8125,23330.6875
3610.75,5414.8125,23330.6875
3610.75,5414.8125,23330.6875
3610.75,5414.8125,23330.6875
3610.75,5414.8125,23330.6875
3611.4375,5414.8125,23330.0
3612.9375,5414.8125,23328.5
3612.9375,5414.8125,23328.5
3612.9375,5414.8125,23328.5
3612.9375,5414.8125,23328.5
3612.9375,5414.8125,23328.5
3611.3125,5414.8125,23330.125
3611.3125,5414.8125,23330.125
3611.3125,5414.8125,23330.125
3611.3125,5414.8125,23330.125
3611.3125,5414.8125,23330.125
3611.3125,5414.8125,23330.125
3611.3125,5414.8125,23330.125
3611.3125,5414.8125,23330.125
3611.5,5414.8125,23329.9375
3611.0625,5414.8125,23330.375
3610.125,5414.8125,23331.3125
3609.875,5414.8125,23331.5625
3609.875,5414.8125,23331.5625
3609.6875,5414.8125,23331.75
3609.625,5414.8125,23331.8125
3609.8125,5414.8125,23331.625
3609.625,5414.8125,23331.8125
3609.4375,5414.8125,23332.0
3609.4375,5414.8125,23332.0
3611.0625,5414.875,23330.3125
3626.8125,5414.875,23314.625
3630.0625,5414.875,23311.375
3630.0625,5414.875,23311.375
3629.875,5414.875,23311.5625
3625.5,5414.8125,23315.8125
3625.8125,5415.0,23315.3125
3626.0,5415.0,23315.125
3627.4375,5415.0,23313.6875
3627.25,5415.0,23313.875
3627.25,5415.0,23313.875
3627.1875,5414.9375,23313.9375
3627.1875,5415.0,23313.9375
3627.1875,5415.0,23313.9375
3627.1875,5415.0,23313.9375
3627.1875,5415.0,23313.9375
3627.125,5415.0,23314.0
3627.125,5415.0,23314.0
3627.125,5415.0,23314.0
3627.125,5415.0,23314.0
3627.3125,5415.0,23313.8125
3627.875,5415.0625,23313.1875
3627.875,5415.0625,23313.1875
3627.875,5415.0625,23313.1875
3627.8125,5415.0625,23313.25
3627.4375,5415.0625,23313.625
3626.5,5415.0625,23314.5625
3626.6875,5415.0625,23314.375
3626.625,5415.1875,23314.375
3626.625,5415.1875,23314.375
3626.625,5415.1875,23314.375
3626.625,5415.1875,23314.375
3626.625,5415.1875,23314.375
3626.0,5415.1875,23315.0
3626.0,5415.1875,23315.0
3626.375,5415.1875,23314.625
3627.375,5415.1875,23313.625
3627.375,5415.1875,23313.625
3627.1875,5415.1875,23313.8125
3627.1875,5415.1875,23313.8125
3627.1875,5415.1875,23313.8125
3627.1875,5415.1875,23313.8125
3627.1875,5415.1875,23313.8125
3627.1875,5415.1875,23313.8125
3627.1875,5415.1875,23313.8125
3627.125,5415.1875,23313.875
3627.5,5415.375,23313.4375
3627.5,5415.375,23313.4375
3627.5,5415.375,23313.4375
3627.5,5415.375,23313.4375
3627.5625,5415.375,23313.375
3627.0,5415.375,23313.9375
3627.0,5415.375,23313.9375
3626.8125,5415.375,23314.125
3626.8125,5415.375,23314.125
3626.8125,5415.375,23314.125
3626.6875,5415.375,23314.25
3626.6875,5415.375,23314.25
3626.6875,5415.375,23314.25
3626.5625,5415.375,23314.375
3626.5625,5415.375,23314.375
3626.5625,5415.375,23314.375
3626.6875,5415.5625,23314.125
3626.875,5415.625,23313.9375
3626.875,5415.625,23313.9375
3626.5,5415.625,23314.3125
3629.125,5415.6875,23311.625
3628.9375,5415.625,23311.8125
3628.9375,5415.6875,23311.8125
3628.9375,5415.6875,23311.8125
3628.9375,5415.6875,23311.8125
3628.9375,5415.6875,23311.8125
3643.0625,5415.6875,23297.6875
3643.0625,5415.6875,23297.6875
3643.0625,5415.6875,23297.6875
3643.0625,5415.6875,23297.6875
3642.875,5415.6875,23297.875
3642.875,5415.625,23297.875
3642.875,5415.6875,23297.875
3642.875,5415.6875,23297.875
3642.625,5415.6875,23297.625
3642.75,5415.75,23297.5
3642.75,5415.75,23297.5
3642.75,5415.75,23297.5
3642.5625,5415.75,23297.6875
3642.5,5415.75,23297.75
3642.5,5415.75,23297.75
3642.3125,5415.75,23297.9375
3642.3125,5415.75,23297.9375
3642.3125,5415.75,23297.9375
3642.3125,5415.75,23297.9375
3642.3125,5415.75,23297.9375
3642.3125,5415.75,23297.9375
3642.3125,5415.75,23297.9375
3642.3125,5415.75,23297.9375
3642.625,5415.75,23297.625
3643.25,5415.75,23297.0
3643.25,5415.75,23297.0
3643.25,5415.75,23297.0
3643.25,5415.75,23297.0
3643.25,5415.75,23297.0
3642.8125,5415.75,23297.4375
3642.8125,5415.75,23297.4375
3642.75,5415.75,23297.5
3642.5625,5415.75,23297.6875
3642.5625,5415.75,23297.6875
3642.5625,5415.75,23297.6875
3642.5,5415.75,23297.75
3642.5,5415.75,23297.75
3642.5,5415.6875,23297.75
3643.125,5415.6875,23297.125
3642.375,5415.6875,23297.875
3642.3125,5415.6875,23297.9375
3642.3125,5415.6875,23297.9375
3642.3125,5415.6875,23297.9375
3642.3125,5415.6875,23297.9375
3642.25,5415.6875,23298.0
3642.4375,5415.6875,23297.8125
3642.25,5415.6875,23298.0
3642.25,5415.6875,23298.0
3641.9375,5415.6875,23298.3125
3641.9375,5415.6875,23298.3125
3641.9375,5415.6875,23298.3125
3641.9375,5415.6875,23298.3125
3641.9375,5415.6875,23298.3125
3641.6875,5415.6875,23298.5625
3642.625,5415.6875,23297.625
3642.5,5415.6875,23297.75
3642.5,5415.6875,23297.75
3642.5,5415.6875,23297.75
3642.5,5415.6875,23297.75
3642.5,5415.6875,23297.75
3642.5,5415.6875,23297.75
3642.5,5415.6875,23297.75
3642.5,5415.6875,23297.75
3642.5,5415.6875,23297.75
3642.3125,5415.6875,23297.9375
3642.4375,5415.6875,23297.8125
3642.4375,5415.6875,23297.8125
3642.4375,5415.6875,23297.8125
3643.375,5415.6875,23296.875
3643.125,5415.75,23297.0
3643.125,5415.75,23297.0
3643.125,5415.75,23297.0
3654.8125,5415.8125,23285.3125
3667.3125,5415.9375,23272.75
3668.625,5415.9375,23271.4375
3662.0625,5415.9375,23278.0
3662.0625,5415.9375,23278.0
3662.1875,5415.9375,23277.875
3662.1875,5415.9375,23277.875
3662.1875,5415.875,23277.875
3662.1875,5415.9375,23277.875
3662.1875,5415.9375,23277.875
3662.1875,5415.9375,23277.875
3662.25,5415.9375,23277.5625
3661.8125,5415.9375,23278.0
3661.8125,5415.9375,23278.0
3661.8125,5415.9375,23278.0
3661.75,5415.9375,23278.0625
3661.75,5415.9375,23278.0625
3661.75,5415.9375,23278.0625
3661.75,5415.9375,23278.0625
3661.75,5415.9375,23278.0625
3661.75,5415.9375,23278.0625
3661.75,5415.9375,23278.0625
3661.75,5415.9375,23278.0625
3661.75,5415.9375,23278.0625
3661.75,5415.9375,23278.0625
3661.75,5415.9375,23278.0625
3661.875,5415.9375,23277.9375
3662.625,5416.0,23277.125
3662.625,5416.0,23277.125
3662.75,5416.0,23277.0
3662.75,5416.0,23277.0
3662.75,5416.0,23277.0
3662.5,5416.0,23277.25
3662.6875,5416.0,23277.0625
3662.6875,5416.0,23277.0625
3662.6875,5416.0,23277.0625
3662.6875,5416.0,23277.0625
3662.6875,5416.0,23277.0625
3662.6875,5416.0,23277.0625
3662.6875,5416.0,23277.0625
3662.6875,5416.0,23277.0625
3662.4375,5416.0,23277.3125
3662.4375,5416.0625,23277.3125
3662.25,5416.0625,23277.5
3662.25,5416.0625,23277.5
3662.25,5416.0625,23277.5
3662.25,5416.0625,23277.5
3662.25,5416.0625,23277.5
3662.25,5416.0625,23277.5
3662.25,5416.0625,23277.5
3662.25,5416.0625,23277.5
3662.25,5416.0625,23277.5
3662.25,5416.0625,23277.5
3662.25,5416.0625,23277.5
3662.25,5416.0625,23277.5
3662.25,5416.0625,23277.5
3662.25,5416.0625,23277.5
3663.1875,5416.0625,23276.4375
3663.1875,5416.0625,23276.4375
3663.1875,5416.0625,23276.4375
3663.1875,5416.0625,23276.4375
3663.1875,5416.0625,23276.4375
3663.1875,5416.0625,23276.4375
3663.1875,5416.0625,23276.4375
3663.0,5416.0625,23276.625
3663.25,5416.0625,23276.375
3663.25,5416.0625,23276.375
3663.25,5416.0625,23276.375
3663.25,5416.0625,23276.375
3663.25,5416.0625,23276.375
3674.3125,5416.0625,23265.3125
3676.625,5416.0625,23263.0
3677.25,5416.25,23262.25
3677.0625,5416.25,23262.4375
3677.0625,5416.25,23262.4375
3677.0625,5416.25,23262.4375
3677.0625,5416.25,23262.4375
3677.0625,5416.25,23262.4375
3677.0625,5416.25,23262.4375
3677.0625,5416.25,23262.4375
3677.0625,5416.25,23262.4375
3677.0625,5416.25,23262.4375
3677.0625,5416.25,23262.4375
3677.0625,5416.25,23262.4375
3677.0625,5416.25,23262.4375
3677.0625,5416.25,23262.4375
3677.25,5416.1875,23262.25
3677.6875,5416.25,23261.8125
3677.6875,5416.25,23261.8125
3677.6875,5416.25,23261.8125
3677.6875,5416.25,23261.8125
3677.6875,5416.25,23261.8125
3677.6875,5416.25,23261.8125
3677.4375,5416.25,23262.0625
3677.4375,5416.25,23262.0625
3677.4375,5416.25,23262.0625
3677.4375,5416.25,23262.0625
3677.4375,5416.25,23262.0625
3677.4375,5416.25,23262.0625
3677.4375,5416.25,23262.0625
3677.4375,5416.25,23262.0625
3677.125,5416.25,23262.375
3677.0,5416.1875,23262.5
3677.1875,5416.25,23262.3125
3677.0,5416.25,23262.5
3677.0,5416.25,23262.5
3677.1875,5416.25,23262.3125
3677.1875,5416.25,23262.3125
3677.1875,5416.25,23262.3125
3677.1875,5416.25,23262.3125
3677.1875,5416.25,23262.3125
3677.1875,5416.25,23262.3125
3677.1875,5416.25,23262.3125
3677.1875,5416.25,23262.3125
3677.1875,5416.25,23262.3125
3677.1875,5416.25,23262.3125
3677.1875,5416.25,23262.3125
3677.875,5416.25,23261.625
3677.875,5416.25,23261.625
3677.875,5416.25,23261.625
3677.875,5416.25,23261.625
3677.875,5416.25,23261.625
3677.875,5416.1875,23261.625
3677.875,5416.25,23261.625
3677.875,5416.25,23261.625
3677.875,5416.25,23261.625
3677.375,5416.25,23262.125
3677.375,5416.25,23262.125
3677.375,5416.25,23262.125
3677.375,5416.25,23262.125
3677.375,5416.25,23262.125
3677.1875,5416.25,23262.3125
3677.375,5416.25,23262.125
3677.25,5416.25,23262.25
3679.6875,5416.25,23259.8125
3679.6875,5416.25,23259.8125
3679.6875,5416.25,23259.8125
3679.6875,5416.25,23259.8125
3679.5,5416.25,23260.0
3679.5,5416.25,23260.0
3691.875,5416.25,23247.625
3691.875,5416.25,23247.625
3691.875,5416.25,23247.625
3691.375,5416.25,23248.125
3691.375,5416.25,23248.125
3691.375,5416.25,23248.125
3691.75,5416.25,23247.75
3691.75,5416.25,23247.75
3691.75,5416.25,23247.75
3691.75,5416.25,23247.75
3691.75,5416.25,23247.75
3691.75,5416.25,23247.75
3691.75,5416.25,23247.75
3691.75,5416.25,23247.75
3691.75,5416.25,23247.75
3691.75,5416.25,23247.75
3697.375,5416.25,23242.1875
3697.3125,5416.25,23242.25
3697.3125,5416.25,23242.25
3697.3125,5416.25,23242.25
3697.25,5416.25,23242.3125
3697.6875,5416.25,23241.875
3698.0,5416.25,23241.5625
3698.0,5416.25,23241.5625
3698.0,5416.25,23241.5625
3698.0,5416.25,23241.5625
3698.0,5416.25,23241.5625
3698.0,5416.25,23241.5625
3698.0,5416.25,23241.5625
3698.0,5416.25,23241.5625
3698.0,5416.25,23241.5625
3698.0,5416.25,23241.5625
3698.0,5416.25,23241.5625
3698.0,5416.25,23241.5625
3698.0,5416.25,23241.5625
3698.0,5416.25,23241.5625
3698.375,5416.25,23241.1875
3697.9375,5416.25,23241.625
3697.875,5416.25,23241.6875
3697.875,5416.25,23241.6875
3697.8125,5416.25,23241.75
3697.8125,5416.25,23241.75
3698.1875,5416.25,23241.375
3698.1875,5416.25,23241.375
3698.1875,5416.25,23241.375
3698.1875,5416.25,23241.375
3698.1875,5416.25,23241.375
3698.1875,5416.25,23241.375
3698.1875,5416.25,23241.375
3698.1875,5416.25,23241.375
3698.0625,5416.25,23241.5
3697.3125,5416.25,23241.8125
3697.3125,5416.25,23241.8125
3697.3125,5416.375,23241.8125
3697.1875,5416.375,23241.9375
3697.0,5416.375,23242.125
3697.0,5416.375,23242.125
3697.0,5416.375,23242.125
3697.0,5416.375,23242.125
3697.0,5416.25,23242.125
3697.0,5416.25,23242.125
3696.75,5416.25,23242.3125
3696.75,5416.25,23242.3125
3696.625,5416.25,23242.4375
3696.625,5416.25,23242.4375
3696.625,5416.25,23242.4375
3697.5,5416.25,23241.5625
3697.6875,5416.25,23241.375
3697.625,5416.25,23241.4375
3708.4375,5416.25,23230.625
3708.375,5416.25,23230.6875
3711.1875,5416.25,23227.875
3711.1875,5416.25,23227.875
3711.1875,5416.25,23227.875
3711.125,5416.25,23227.9375
3711.125,5416.25,23227.9375
3711.125,5416.25,23227.9375
3711.125,5416.25,23227.9375
3710.875,5416.3125,23228.1875
3710.875,5416.3125,23228.1875
3710.875,5416.3125,23228.1875
3711.3125,5416.375,23227.6875
3711.3125,5416.375,23227.6875
3711.5,5416.375,23227.5
3711.6875,5416.375,23227.3125
3711.6875,5416.375,23227.3125
3711.6875,5416.375,23227.3125
3711.6875,5416.375,23227.3125
3711.6875,5416.375,23227.3125
3711.6875,5416.375,23227.3125
3711.6875,5416.375,23227.3125
3711.6875,5416.375,23227.3125
3711.6875,5416.375,23227.3125
3711.6875,5416.375,23227.3125
3711.6875,5416.375,23227.3125
3711.6875,5416.375,23227.3125
3711.3125,5416.375,23227.6875
3711.25,5416.375,23227.75
3711.25,5416.375,23227.75
3711.25,5416.375,23227.75
3711.125,5416.375,23227.875
3711.125,5416.375,23227.875
3711.125,5416.375,23227.875
3711.125,5416.375,23227.875
3710.9375,5416.4375,23228.0
3710.9375,5416.4375,23228.0
3710.9375,5416.4375,23228.0
3710.9375,5416.4375,23228.0
3710.9375,5416.4375,23228.0
3710.9375,5416.4375,23228.0
3710.9375,5416.4375,23228.0
3710.1875,5416.5625,23228.6875
3710.1875,5416.5625,23228.6875
3710.1875,5416.5625,23228.6875
3710.0625,5416.5625,23228.8125
3710.0625,5416.5625,23228.8125
3710.0625,5416.5625,23228.8125
3710.0625,5416.5625,23228.8125
3709.6875,5416.5625,23229.1875
3709.6875,5416.5625,23229.1875
3709.6875,5416.5625,23229.1875
3709.6875,5416.5625,23229.1875
3709.6875,5416.5625,23229.1875
3709.6875,5416.5625,23229.1875
3709.6875,5416.5625,23229.1875
3709.6875,5416.5625,23229.1875
3709.75,5416.5625,23228.6875
3709.75,5416.5625,23228.6875
3705.0625,5416.5625,23233.375
3705.0625,5416.5625,23233.375
3705.0625,5416.5625,23233.375
3705.0625,5416.5625,23233.375
3705.0625,5416.5625,23233.375
3704.875,5416.5,23233.5625
3705.0625,5416.5625,23233.375
3705.0625,5416.5625,23233.375
3705.0625,5416.5625,23233.375
3705.0625,5416.5625,23233.375
3705.0625,5416.5625,23233.375
3705.0625,5416.5625,23233.375
3705.4375,5416.625,23233.0
3719.8125,5416.625,23218.5
3720.1875,5416.625,23218.125
3720.0,5416.625,23218.3125
3719.8125,5416.625,23218.5
3719.8125,5416.625,23218.5
3719.8125,5416.625,23218.5
3719.8125,5416.625,23218.5
3719.8125,5416.625,23218.5
3719.8125,5416.625,23218.5
3719.8125,5416.625,23218.5
3719.8125,5416.625,23218.5
3719.8125,5416.625,23218.5
3719.8125,5416.625,23218.5
3719.8125,5416.625,23218.5
3719.8125,5416.625,23218.5
3720.875,5416.6875,23217.375
3720.875,5416.6875,23217.375
3720.875,5416.6875,23217.375
3720.875,5416.6875,23217.375
3720.875,5416.6875,23217.375
3722.75,5416.6875,23215.5
3728.9375,5416.75,23209.3125
3720.375,5416.75,23217.875
3720.375,5416.75,23217.875
3720.375,5416.75,23217.875
3720.375,5416.75,23217.875
3720.375,5416.75,23217.875
3720.375,5416.75,23217.875
3720.375,5416.75,23217.875
3720.375,5416.75,23217.875
3720.8125,5416.75,23217.4375
3720.625,5416.75,23217.625
3720.625,5416.75,23217.625
3720.625,5416.75,23217.625
3720.625,5416.75,23217.625
3720.625,5416.75,23217.625
3720.625,5416.75,23217.625
3720.625,5416.75,23217.625
3720.625,5416.75,23217.625
3720.625,5416.75,23217.625
3720.625,5416.75,23217.625
3720.5625,5416.75,23217.6875
3720.5625,5416.75,23217.6875
3720.6875,5416.8125,23217.5
3720.6875,5416.8125,23217.5
3721.0625,5416.8125,23217.125
3720.875,5416.8125,23217.3125
3720.6875,5416.8125,23217.5
3720.6875,5416.8125,23217.5
3720.6875,5416.8125,23217.5
3720.3125,5416.8125,23217.875
3720.3125,5416.8125,23217.875
3720.3125,5416.8125,23217.875
3720.1875,5416.9375,23218.0
3720.125,5416.9375,23218.0625
3720.125,5416.8125,23218.0625
3720.125,5416.8125,23218.0625
3720.125,5416.8125,23218.0625
3720.125,5416.8125,23218.0625
3720.25,5416.8125,23217.9375
3720.625,5416.9375,23217.5
3720.625,5416.9375,23217.5
3720.625,5416.9375,23217.5
3720.625,5416.9375,23217.5
3720.8125,5416.9375,23217.3125
3720.8125,5416.875,23217.3125
3721.0,5416.9375,23217.125
3721.0,5416.9375,23217.125
3721.0,5416.9375,23217.125
3721.1875,5416.9375,23216.9375
3721.1875,5416.9375,23216.9375
3721.1875,5416.9375,23216.9375
3721.1875,5416.9375,23216.9375
3721.1875,5416.9375,23216.9375
3721.1875,5416.9375,23216.9375
3722.3125,5416.9375,23215.8125
3737.8125,5416.9375,23200.3125
3738.5,5416.9375,23199.625
3738.5,5416.9375,23199.625
3738.5,5416.9375,23199.625
3738.5,5416.9375,23199.625
3738.5,5416.9375,23199.625
3738.5,5416.9375,23199.625
3738.5,5416.9375,23199.625
3738.3125,5416.9375,23199.8125
3738.3125,5416.9375,23199.8125
3738.3125,5416.9375,23199.8125
3737.9375,5416.9375,23200.1875
3737.9375,5416.9375,23200.1875
3737.4375,5416.9375,23200.6875
3737.0625,5416.9375,23201.0625
3736.9375,5416.9375,23201.1875
3737.0625,5417.0,23201.0625
3737.0625,5417.0,23201.0625
3736.875,5417.0,23201.25
3736.875,5416.9375,23201.25
3736.6875,5417.0,23201.4375
3736.6875,5417.0,23201.4375
3736.6875,5417.0,23201.4375
3736.5,5417.0625,23201.5625
3736.5,5417.0625,23201.5625
3736.5,5417.0625,23201.5625
3736.3125,5417.0625,23201.75
3736.3125,5417.0625,23201.75
3736.0,5417.0625,23202.0625
3736.4375,5417.0625,23201.625
3736.4375,5417.0625,23201.625
3736.25,5417.0625,23201.8125
3736.25,5417.0625,23201.8125
3736.25,5417.0625,23201.8125
3736.25,5417.125,23201.8125
3736.25,5417.125,23201.8125
3736.25,5417.125,23201.8125
3736.25,5417.125,23201.8125
3736.25,5417.125,23201.8125
3736.25,5417.125,23201.8125
3736.25,5417.125,23201.8125
3736.25,5417.125,23201.8125
3736.25,5417.125,23201.8125
3736.1875,5417.125,23201.875
3735.875,5417.125,23202.1875
3735.875,5417.125,23202.1875
3736.25,5417.125,23201.8125
3736.25,5417.125,23201.8125
3736.1875,5417.125,23201.875
3736.125,5417.125,23201.9375
3736.125,5417.125,23201.9375
3736.125,5417.125,23201.9375
3736.125,5417.125,23201.9375
3736.125,5417.125,23201.9375
3736.125,5417.125,23201.9375
3736.125,5417.125,23201.9375
3736.125,5417.125,23201.9375
3736.125,5417.125,23201.9375
3735.875,5417.125,23202.1875
3736.5,5417.125,23201.5625
3736.5,5417.125,23201.5625
3736.5,5417.125,23201.5625
3736.5,5417.125,23201.5625
3736.5,5417.125,23201.5625
3736.5,5417.125,23201.5625
3736.5,5417.125,23201.5625
3736.5,5417.125,23201.5625
3736.5,5417.125,23201.5625
3736.5,5417.125,23201.5625
3736.5,5417.125,23201.5625
3736.5,5417.125,23201.5625
3736.5,5417.125,23201.5625
3736.4375,5417.125,23201.625
3736.4375,5417.125,23201.625
3736.25,5417.125,23201.3125
3736.25,5417.125,23201.3125
3736.1875,5417.125,23201.375
3736.1875,5417.125,23201.375
3754.5625,5417.125,23183.0
3760.5625,5417.125,23177.0
3766.0,5417.125,23171.5625
3768.8125,5417.125,23168.75
3768.8125,5417.125,23168.75
3768.75,5417.125,23168.8125
3768.75,5417.125,23168.8125
3767.4375,5417.125,23170.125
3767.4375,5417.125,23170.125
3767.4375,5417.125,23170.125
3767.375,5417.0625,23170.1875
3768.1875,5417.125,23169.375
3768.1875,5417.125,23169.375
3768.1875,5417.125,23169.375
3768.0,5417.125,23169.5625
3768.0,5417.125,23169.5625
3768.0,5417.0625,23169.5625
3768.1875,5417.125,23169.375
3768.1875,5417.125,23169.375
3768.1875,5417.125,23169.375
3768.0,5417.125,23169.5625
3777.5,5417.125,23160.125
3777.5,5417.125,23160.125
3777.5,5417.125,23160.125
3777.5,5417.125,23160.125
3777.0625,5417.125,23160.5625
3776.9375,5417.0625,23160.625
3777.125,5417.125,23160.4375
3777.125,5417.125,23160.4375
3776.75,5417.125,23160.8125
3776.75,5417.125,23160.8125
3776.625,5417.125,23160.9375
3776.625,5417.125,23160.9375
3776.625,5417.125,23160.9375
3776.625,5417.125,23160.9375
3776.625,5417.125,23160.9375
3776.625,5417.125,23160.9375
3776.625,5417.125,23160.9375
3776.625,5417.125,23160.9375
3776.625,5417.125,23160.9375
3776.625,5417.125,23160.9375
3777.5,5417.125,23160.0625
3777.5,5417.125,23160.0625
3777.5,5417.125,23160.0625
3777.4375,5417.1875,23160.0625
3777.4375,5417.1875,23160.0625
3777.375,5417.1875,23160.0625
3778.0625,5417.1875,23159.375
3778.0625,5417.1875,23159.375
3778.0625,5417.1875,23159.375
3778.0625,5417.1875,23159.375
3778.0,5417.1875,23159.4375
3778.0,5417.1875,23159.4375
3778.0,5417.1875,23159.4375
3778.0,5417.1875,23159.4375
3777.375,5417.1875,23160.0625
3779.0625,5417.1875,23158.1875
3779.0625,5417.1875,23158.1875
3779.0625,5417.1875,23158.1875
3779.0625,5417.1875,23158.1875
3779.0,5417.1875,23158.25
3779.0,5417.1875,23158.25
3779.0,5417.1875,23158.25
3779.0,5417.1875,23158.25
3779.0,5417.1875,23158.25
3779.0,5417.1875,23158.25
3779.5625,5417.5,23157.5625
3779.5625,5417.5,23157.5625
3779.5625,5417.5,23157.5625
3779.5625,5417.5,23157.5625
3779.9375,5417.5,23157.125
3781.0,5417.5,23156.0625
3781.0,5417.5,23156.0625
3781.0,5417.5,23156.0625
3781.0,5417.5,23156.0625
3781.0,5417.5,23156.0625
3781.0,5417.5,23156.0625
3781.0,5417.5,23156.0625
3781.0,5417.5,23156.0625
3781.0,5417.5,23156.0625
3781.0,5417.5,23156.0625
3780.25,5417.5,23156.6875
3780.25,5417.5,23156.6875
3780.625,5417.75,23156.1875
3780.625,5417.75,23156.1875
3780.875,5417.75,23155.9375
3780.625,5417.75,23156.1875
3780.625,5417.75,23156.1875
3780.625,5417.75,23156.1875
3780.5625,5417.75,23156.25
3780.375,5417.75,23156.4375
3780.4375,5417.75,23156.25
3780.4375,5417.75,23156.25
3780.4375,5417.75,23156.25
3780.25,5417.75,23156.4375
3779.9375,5417.75,23156.75
3779.9375,5417.75,23156.75
3779.9375,5417.75,23156.75
3779.9375,5417.75,23156.75
3779.9375,5417.75,23156.75
3780.4375,5417.75,23156.25
3780.5625,5417.75,23156.0625
3780.25,5417.75,23156.375
3780.0625,5417.75,23156.5625
3780.0625,5417.75,23156.5625
3780.0625,5417.75,23156.5625
3802.5,5417.75,23134.125
3802.5,5417.75,23134.125
3802.5,5417.75,23134.125
3802.5,5417.75,23134.125
3802.5,5417.75,23134.125
3802.5,5417.75,23134.125
3802.5,5417.75,23134.125
3802.6875,5417.75,23133.9375
3802.6875,5417.75,23133.9375
3802.8125,5417.75,23133.8125
3802.0625,5417.75,23134.5625
3802.0625,5417.75,23134.5625
3801.875,5417.75,23134.75
3801.875,5417.75,23134.75
3802.125,5417.75,23134.5
3801.75,5417.75,23134.8125
3801.75,5417.75,23134.8125
3801.75,5417.75,23134.8125
3801.75,5417.75,23134.8125
3801.75,5417.75,23134.8125
3801.75,5417.75,23134.8125
3801.9375,5417.75,23134.625
3801.8125,5417.75,23134.75
3801.8125,5417.75,23134.75
3801.8125,5417.75,23134.75
3800.125,5417.75,23136.375
3800.0625,5417.75,23136.4375
3800.0625,5417.75,23136.4375
3800.0625,5417.75,23136.4375
3800.0625,5417.75,23136.4375
3800.0625,5417.75,23136.4375
3800.0625,5417.75,23136.4375
3800.0625,5417.75,23136.4375
3800.0625,5417.75,23136.4375
3800.0,5417.75,23136.5
3799.9375,5417.8125,23136.5
3799.9375,5417.8125,23136.5
3799.9375,5417.8125,23136.5
3799.75,5417.8125,23136.6875
3800.125,5417.8125,23136.3125
3800.25,5417.8125,23136.1875
3800.25,5417.8125,23136.1875
3800.25,5417.8125,23136.1875
3800.25,5417.8125,23136.1875
3797.8125,5417.8125,23138.625
3797.75,5417.8125,23138.6875
3797.875,5417.8125,23138.5
3797.875,5417.8125,23138.5
3797.6875,5417.8125,23138.6875
3797.6875,5417.8125,23138.6875
3797.6875,5417.8125,23138.6875
3797.6875,5417.8125,23138.6875
3797.6875,5417.8125,23138.6875
3797.6875,5417.8125,23138.6875
3798.0,5417.8125,23138.375
3798.625,5417.8125,23137.6875
3798.3125,5417.8125,23138.0
3798.3125,5417.8125,23138.0
3798.3125,5417.8125,23138.0
3798.125,5417.8125,23138.1875
3805.8125,5417.8125,23130.5
3805.4375,5417.8125,23130.875
3800.6875,5417.8125,23135.625
3800.6875,5417.8125,23135.625
3800.625,5417.8125,23135.6875
3800.0,5417.8125,23136.3125
3800.125,5417.8125,23136.1875
3800.125,5417.8125,23136.1875
3799.75,5417.8125,23136.5625
3800.3125,5417.875,23135.9375
3800.3125,5417.875,23135.9375
3800.375,5417.875,23135.875
3800.1875,5417.875,23136.0625
3800.375,5417.875,23135.875
3800.3125,5417.875,23135.9375
3800.1875,5417.875,23136.0625
3800.0,5417.875,23136.1875
3800.0,5417.875,23136.1875
3800.1875,5417.875,23136.0
3800.1875,5417.875,23136.0
3800.1875,5417.875,23136.0
3800.1875,5417.875,23136.0
3800.1875,5417.875,23136.0
3816.4375,5417.875,23119.75
3816.6875,5417.875,23119.5
3816.375,5417.875,23119.8125
3816.375,5417.875,23119.8125
3816.375,5417.875,23119.8125
3816.375,5417.875,23119.8125
3816.375,5417.875,23119.8125
3816.3125,5417.875,23119.8125
3816.5,5417.875,23119.625
3816.3125,5417.875,23119.8125
3816.3125,5417.875,23119.8125
3816.5,5417.875,23119.625
3816.5,5417.875,23119.625
3816.4375,5417.875,23119.6875
3816.375,5417.875,23119.75
3816.375,5417.875,23119.75
3817.125,5417.875,23119.0
3815.875,5417.875,23120.25
3815.875,5417.875,23120.25
3815.875,5417.875,23120.25
3815.875,5417.875,23120.25
3816.0625,5417.875,23120.0625
3815.875,5417.875,23120.25
3816.0,5417.875,23120.0625
3816.0,5417.875,23120.0625
3816.0,5417.875,23120.0625
3816.1875,5417.875,23119.875
3816.1875,5417.875,23119.875
3816.1875,5417.875,23119.875
3816.1875,5417.875,23119.875
3816.1875,5417.875,23119.875
3816.25,5417.875,23119.8125
3816.1875,5417.875,23119.875
3816.125,5417.875,23119.875
3816.125,5417.875,23119.875
3816.125,5417.875,23119.875
3815.9375,5417.875,23120.0625
3815.9375,5417.875,23120.0625
3815.9375,5417.875,23120.0625
3815.9375,5417.875,23120.0625
3816.125,5417.875,23119.875
3815.9375,5417.875,23120.0625
3815.875,5417.875,23120.125
3816.0625,5417.875,23119.9375
3816.0625,5417.875,23119.9375
3815.875,5417.875,23120.125
3815.5625,5417.875,23120.4375
3816.5625,5417.875,23119.4375
3816.375,5417.875,23119.625
3816.375,5417.875,23119.625
3816.375,5417.875,23119.625
3816.0,5417.875,23120.0
3816.375,5417.875,23119.625
3816.125,5417.875,23119.8125
3816.125,5417.875,23119.8125
3816.125,5417.875,23119.8125
3816.125,5417.875,23119.8125
3816.3125,5417.875,23119.625
3816.3125,5417.875,23119.625
3816.125,5417.875,23119.8125
3816.125,5417.875,23119.8125
3816.25,5417.9375,23119.6875
3817.3125,5417.9375,23118.625
3817.3125,5417.9375,23118.625
3817.5,5417.9375,23118.4375
3817.3125,5417.9375,23118.625
3817.5,5417.9375,23118.4375
3817.5,5417.9375,23118.4375
3817.5,5417.9375,23118.4375
3817.5,5417.9375,23118.4375
3817.5,5417.9375,23118.4375
3817.5,5417.9375,23118.4375
3817.5,5417.9375,23118.4375
3817.3125,5417.9375,23118.625
3817.3125,5417.9375,23118.625
3817.3125,5417.9375,23118.625
3817.5,5417.9375,23118.4375
3817.75,5418.0,23118.125
3817.75,5418.0,23118.125
3817.75,5418.0,23118.125
3817.75,5418.0,23118.125
3817.5625,5418.0,23118.3125
3817.75,5418.0,23118.125
3817.5,5418.0,23118.375
3817.5,5418.0,23118.375
3834.375,5418.125,23101.5
3834.375,5418.125,23101.5
3834.375,5418.125,23101.5
3834.375,5418.125,23101.5
3834.375,5418.125,23101.5
3834.375,5418.125,23101.5
3835.1875,5418.0625,23100.625
3834.375,5418.125,23101.4375
3834.1875,5418.125,23101.625
3834.1875,5418.125,23101.625
3834.1875,5418.125,23101.625
3834.1875,5418.125,23101.625
3834.1875,5418.125,23101.625
3834.1875,5418.125,23101.625
3834.1875,5418.125,23101.625
3834.1875,5418.125,23101.625
3834.1875,5418.125,23101.625
3834.1875,5418.125,23101.625
3833.625,5418.125,23102.1875
3833.5,5418.125,23102.3125
3833.5,5418.125,23102.3125
3834.375,5418.125,23101.4375
3835.3125,5418.125,23100.3125
3835.5,5418.125,23100.125
3835.5,5418.125,23100.125
3835.5,5418.125,23100.125
3835.5,5418.125,23100.125
3835.5,5418.125,23100.125
3835.125,5418.125,23100.5
3835.125,5418.125,23100.5
3836.5625,5418.125,23099.0625
3836.75,5418.125,23098.875
3836.5625,5418.125,23099.0625
3836.5625,5418.125,23099.0625
3836.5625,5418.125,23099.0625
3836.375,5418.125,23099.25
3835.0625,5418.125,23100.5625
3834.0625,5418.125,23101.5
3834.0625,5418.125,23101.5
3834.0625,5418.125,23101.5
3834.0625,5418.125,23101.5
3834.0625,5418.125,23101.5
3834.0625,5418.125,23101.5
3834.0625,5418.125,23101.5
3834.0625,5418.125,23101.5
3834.0625,5418.125,23101.5
3837.5,5418.125,23098.0625
3841.125,5418.125,23094.5
3841.0625,5418.125,23094.5625
3841.0625,5418.125,23094.5625
3841.0625,5418.125,23094.5625
3841.125,5418.125,23094.5
3842.125,5418.125,23093.5
3842.125,5418.125,23093.5
3842.125,5418.125,23093.5
3842.125,5418.125,23093.5
3841.75,5418.125,23093.875
3841.75,5418.125,23093.875
3841.625,5418.125,23094.0
3841.625,5418.125,23094.0
3841.625,5418.125,23094.0
3841.625,5418.125,23094.0
3841.625,5418.125,23094.0
3841.625,5418.125,23094.0
3841.625,5418.125,23094.0
3841.625,5418.125,23094.0
3841.5,5418.125,23094.125
3841.125,5418.125,23094.4375
3840.9375,5418.125,23094.625
3841.125,5418.125,23094.4375
3841.125,5418.125,23094.4375
3841.0,5418.125,23094.5625
3841.0,5418.125,23094.5625
3841.1875,5418.125,23094.375
3841.0,5418.125,23094.5625
3841.0,5418.125,23094.5625
3841.0,5418.125,23094.5625
3841.0,5418.125,23094.5625
3841.0,5418.125,23094.5625
3840.4375,5418.125,23095.125
3836.3125,5418.125,23099.25
3836.125,5418.125,23099.4375
3835.375,5418.125,23100.0
3851.875,5418.125,23083.5
3852.0625,5418.125,23083.3125
3852.0625,5418.125,23083.3125
3851.5625,5418.125,23083.8125
3851.5625,5418.125,23083.8125
3851.5625,5418.125,23083.8125
3851.5,5418.125,23083.875
3851.5,5418.125,23083.875
3851.5,5418.125,23083.875
3851.75,5418.1875,23083.5625
3851.75,5418.1875,23083.5625
3851.75,5418.1875,23083.5625
3851.75,5418.1875,23083.5625
3851.8125,5418.1875,23083.375
3851.1875,5418.1875,23084.0
3851.3125,5418.1875,23083.875
3850.8125,5418.1875,23084.375
3850.8125,5418.1875,23084.375
3850.8125,5418.1875,23084.375
3850.8125,5418.1875,23084.375
3850.9375,5418.1875,23084.25
3850.9375,5418.1875,23084.25
3850.9375,5418.1875,23084.25
3850.9375,5418.1875,23084.25
3850.9375,5418.1875,23084.25
3851.0,5418.25,23084.125
3850.75,5418.3125,23084.375
3850.75,5418.3125,23084.375
3846.125,5418.3125,23088.875
3852.5625,5418.3125,23082.4375
3852.5625,5418.3125,23082.4375
3852.4375,5418.3125,23082.5625
3852.4375,5418.3125,23082.5625
3852.4375,5418.3125,23082.5625
3852.4375,5418.3125,23082.5625
3852.125,5418.3125,23082.875
3852.0625,5418.3125,23082.9375
3852.0625,5418.3125,23082.9375
3852.0625,5418.3125,23082.9375
3852.0625,5418.3125,23082.9375
3852.0625,5418.3125,23082.9375
3852.0625,5418.3125,23082.9375
3852.25,5418.3125,23082.75
3852.0625,5418.3125,23082.9375
3851.625,5418.3125,23083.375
3851.625,5418.3125,23083.375
3851.375,5418.3125,23083.625
3851.6875,5418.1875,23083.4375
3851.6875,5418.1875,23083.4375
3851.6875,5418.1875,23083.4375
3852.0,5418.1875,23083.125
3851.9375,5418.1875,23083.1875
3851.9375,5418.1875,23083.1875
3851.9375,5418.1875,23083.1875
3851.8125,5418.1875,23083.3125
3851.875,5418.125,23083.3125
3851.875,5418.125,23083.3125
3851.6875,5418.125,23083.5
3852.0625,5418.125,23083.0
3852.375,5418.125,23082.6875
3852.375,5418.125,23082.6875
3852.3125,5418.125,23082.75
3852.3125,5418.125,23082.75
3852.0625,5418.125,23083.0
3852.0625,5418.125,23083.0
3851.875,5418.125,23083.1875
3851.25,5418.125,23083.8125
3851.25,5418.125,23083.8125
3851.25,5418.125,23083.8125
3851.25,5418.125,23083.8125
3851.25,5418.125,23083.8125
3851.25,5418.125,23083.8125
3850.8125,5418.125,23084.25
3850.9375,5418.1875,23084.125
3852.5,5418.25,23082.5
3852.5,5418.25,23082.5
3852.5,5418.25,23082.5
3852.375,5418.25,23082.625
3852.375,5418.25,23082.625
3852.375,5418.25,23082.625
3852.5,5418.25,23082.5
3852.5,5418.25,23082.5
3852.5,5418.25,23082.5
3852.5,5418.25,23082.5
3852.5,5418.25,23082.5
3852.5,5418.25,23082.5
3852.5,5418.25,23082.5
3852.4375,5418.3125,23082.5
3852.375,5418.3125,23082.5625
3851.9375,5418.375,23083.0
3851.9375,5418.375,23083.0
3851.9375,5418.375,23083.0
3870.3125,5418.5,23064.625
3870.125,5418.5,23064.8125
3870.125,5418.5,23064.8125
3870.3125,5418.5,23064.625
3869.9375,5418.5,23065.0
3870.125,5418.5,23064.8125
3870.125,5418.5,23064.8125
3870.125,5418.5,23064.8125
3870.125,5418.5,23064.8125
3870.125,5418.5,23064.8125
3870.125,5418.5,23064.8125
3869.375,5418.5,23065.375
3868.75,5418.5,23066.0
3868.75,5418.5,23066.0
3868.6875,5418.5,23066.0625
3868.75,5418.5,23066.0
3868.75,5418.5,23066.0
3868.75,5418.5,23066.0
3875.625,5418.5,23059.125
3876.375,5418.5,23058.375
3868.6875,5418.5,23066.0625
3868.6875,5418.5,23066.0625
3868.6875,5418.5,23066.0625
3868.6875,5418.5,23066.0625
3868.6875,5418.4375,23066.0625
3869.5,5418.5,23065.25
3869.3125,5418.5,23065.375
3870.625,5418.5625,23064.0
3870.625,5418.5625,23064.0
3870.4375,5418.5625,23064.1875
3870.4375,5418.5625,23064.1875
3870.4375,5418.5,23064.1875
3870.4375,5418.5625,23064.1875
3870.4375,5418.5625,23064.1875
3870.4375,5418.5625,23064.1875
3870.125,5418.5625,23064.5
3870.125,5418.5625,23064.5
3869.9375,5418.5625,23064.6875
3869.9375,5418.5625,23064.6875
3870.1875,5418.6875,23064.375
3870.1875,5418.6875,23064.375
3870.0,5418.6875,23064.5625
3870.0625,5418.6875,23064.375
3870.0625,5418.6875,23064.375
3870.0625,5418.6875,23064.375
3869.8125,5418.6875,23064.625
3869.8125,5418.6875,23064.625
3869.625,5418.6875,23064.8125
3869.625,5418.6875,23064.8125
3869.625,5418.6875,23064.8125
3869.375,5418.6875,23065.0625
3869.375,5418.6875,23065.0625
3869.375,5418.6875,23065.0625
3869.375,5418.6875,23065.0625
3869.375,5418.6875,23065.0625
3869.375,5418.6875,23065.0625
3869.5625,5418.6875,23064.875
3869.75,5418.6875,23064.625
3869.75,5418.6875,23064.625
3869.75,5418.6875,23064.625
3869.75,5418.6875,23064.625
3869.75,5418.6875,23064.625
3869.6875,5418.6875,23064.6875
3869.6875,5418.6875,23064.6875
3869.6875,5418.6875,23064.6875
3869.3125,5418.6875,23065.0625
3869.3125,5418.6875,23065.0625
3869.3125,5418.6875,23065.0625
3869.3125,5418.6875,23065.0625
3869.3125,5418.6875,23065.0625
3869.3125,5418.6875,23065.0625
3869.375,5418.6875,23065.0
3871.375,5418.6875,23063.0
3871.375,5418.6875,23063.0
3871.375,5418.6875,23063.0
3871.375,5418.6875,23063.0
3871.375,5418.6875,23063.0
3871.375,5418.6875,23063.0
3871.375,5418.6875,23063.0
3871.375,5418.6875,23063.0
3871.375,5418.6875,23063.0
3871.0,5418.6875,23063.375
3887.5,5418.6875,23046.875
3887.5,5418.6875,23046.875
3887.5,5418.6875,23046.875
3887.5,5418.6875,23046.875
3888.125,5418.6875,23046.25
3888.0,5418.6875,23046.375
3888.0,5418.6875,23046.375
3888.0,5418.6875,23046.375
3888.0,5418.6875,23046.375
3888.0,5418.6875,23046.375
3888.0,5418.6875,23046.375
3888.0,5418.6875,23046.375
3888.0,5418.6875,23046.375
3888.0,5418.6875,23046.375
3888.0,5418.6875,23046.375
3888.0,5418.6875,23046.375
3888.0,5418.6875,23046.375
3888.0,5418.6875,23046.375
3888.0,5418.6875,23046.375
3888.25,5418.75,23046.0625
3888.6875,5418.75,23045.5
3888.6875,5418.75,23045.5
3888.6875,5418.75,23045.5
3888.5,5418.75,23045.6875
3888.5,5418.75,23045.6875
3888.6875,5418.75,23045.5
3888.6875,5418.75,23045.5
3888.6875,5418.75,23045.5
3888.6875,5418.75,23045.5
3888.6875,5418.75,23045.5
3888.6875,5418.75,23045.5
3888.6875,5418.75,23045.5
3888.6875,5418.75,23045.5
3888.6875,5418.75,23045.5
3889.25,5418.75,23044.9375
3889.125,5418.75,23045.0625
3888.9375,5418.75,23045.25
3888.9375,5418.75,23045.25
3888.9375,5418.75,23045.25
3888.8125,5418.75,23045.375
3888.8125,5418.75,23045.375
3888.8125,5418.75,23045.375
3888.8125,5418.75,23045.375
3888.625,5418.75,23045.5625
3888.5625,5418.75,23045.625
3888.5625,5418.75,23045.625
3888.5625,5418.75,23045.625
3888.5,5418.75,23045.6875
3888.5,5418.75,23045.6875
3888.1875,5418.75,23046.0
3888.375,5418.75,23045.8125
3888.4375,5418.8125,23045.6875
3888.4375,5418.8125,23045.6875
3888.25,5418.8125,23045.875
3888.25,5418.8125,23045.875
3888.25,5418.8125,23045.875
3888.1875,5418.8125,23045.9375
3888.1875,5418.8125,23045.9375
3888.1875,5418.8125,23045.9375
3888.1875,5418.8125,23045.9375
3888.1875,5418.8125,23045.9375
3888.1875,5418.8125,23045.9375
3888.1875,5418.8125,23045.9375
3888.1875,5418.8125,23045.9375
3888.25,5418.8125,23045.875
3888.9375,5418.8125,23045.1875
3888.9375,5418.8125,23045.1875
3888.9375,5418.8125,23045.1875
3888.9375,5418.75,23045.1875
3889.125,5418.8125,23045.0
3889.125,5418.8125,23045.0
3889.125,5418.8125,23045.0
3889.0,5418.8125,23045.125
3888.8125,5418.8125,23045.3125
3888.8125,5418.8125,23045.3125
3889.0,5418.8125,23045.125
3890.875,5418.8125,23043.25
3891.125,5418.75,23043.0625
3891.125,5418.75,23043.0625
3890.5625,5418.75,23043.625
3891.1875,5418.75,23042.8125
3890.25,5418.75,23043.75
3889.625,5418.75,23044.375
3889.625,5418.75,23044.375
3889.5625,5418.75,23044.4375
3905.875,5418.8125,23028.125
3906.625,5418.8125,23027.375
3906.5625,5418.8125,23027.4375
3906.5625,5418.8125,23027.4375
3906.875,5418.8125,23027.125
3911.875,5418.8125,23022.1875
3911.75,5418.8125,23022.3125
3911.75,5418.8125,23022.3125
3911.75,5418.8125,23022.3125
3912.0625,5418.8125,23022.0
3912.1875,5418.8125,23021.875
3912.1875,5418.8125,23021.875
3912.1875,5418.8125,23021.875
3912.5625,5419.0,23021.4375
3912.5,5419.0,23021.5
3912.5,5419.0,23021.5
3912.5,5419.0,23021.5
3912.5,5419.0,23021.5
3912.375,5419.0,23021.625
3912.75,5419.0,23021.25
3912.75,5419.0,23021.25
3912.75,5419.0,23021.25
3912.6875,5419.0,23021.3125
3912.6875,5419.0,23021.3125
3914.6875,5419.0,23019.3125
3914.6875,5418.9375,23019.3125
3914.6875,5419.0,23019.3125
3914.6875,5419.0,23019.3125
3914.6875,5419.0,23019.3125
3914.5,5419.0,23019.5
3914.9375,5419.0,23019.0625
3914.9375,5419.0,23019.0625
3914.9375,5419.0,23019.0625
3914.9375,5419.0,23019.0625
3914.9375,5419.0,23019.0625
3914.9375,5419.0,23019.0625
3914.9375,5419.0,23019.0625
3914.9375,5419.0,23019.0625
3914.9375,5419.0,23019.0625
3914.5625,5419.0,23019.4375
3915.375,5419.0,23018.625
3915.0,5419.0,23019.0
3915.0,5419.0,23019.0
3914.8125,5419.0,23019.1875
3914.8125,5419.0,23019.1875
3914.8125,5419.0,23019.1875
3914.8125,5419.0,23019.1875
3914.8125,5419.0,23019.1875
3914.8125,5419.0,23019.1875
3914.8125,5418.9375,23019.1875
3914.8125,5419.0,23019.1875
3914.8125,5419.0,23019.1875
3914.8125,5419.0,23019.1875
3914.8125,5419.0,23019.1875
3915.25,5419.0,23018.6875
3915.25,5418.9375,23018.6875
3915.4375,5419.0,23018.5
3915.4375,5419.0,23018.5
3915.4375,5419.0,23018.5
3915.625,5419.0,23018.3125
3915.625,5419.0,23018.3125
3915.625,5419.0,23018.3125
3915.625,5419.0,23018.3125
3915.625,5419.0,23018.3125
3915.625,5419.0,23018.3125
3915.625,5419.0,23018.3125
3915.625,5419.1875,23018.1875
3915.625,5419.1875,23018.1875
3915.625,5419.1875,23018.1875
3914.625,5419.1875,23019.1875
3914.625,5419.1875,23019.1875
3914.8125,5419.1875,23019.0
3914.8125,5419.1875,23019.0
3914.8125,5419.1875,23019.0
3914.8125,5419.1875,23019.0
3914.8125,5419.1875,23019.0
3914.8125,5419.1875,23019.0
3914.8125,5419.1875,23019.0
3914.8125,5419.1875,23019.0
3914.8125,5419.1875,23019.0
3914.8125,5419.1875,23019.0
3914.8125,5419.1875,23019.0
3914.8125,5419.1875,23019.0
3914.8125,5419.1875,23019.0
3914.6875,5419.25,23019.0625
3914.6875,5419.25,23019.0625
3937.375,5419.25,22996.375
3938.5,5419.25,22995.25
3947.125,5419.25,22986.625
3949.1875,5419.25,22984.5625
3950.6875,5419.25,22983.0625
3957.625,5419.25,22976.125
3958.75,5419.25,22975.0
3958.75,5419.25,22975.0
3958.75,5419.25,22975.0
3958.75,5419.25,22975.0
3958.75,5419.25,22975.0
3958.6875,5419.25,22975.0625
3958.6875,5419.25,22975.0625
3958.5625,5419.3125,22974.5
3958.5625,5419.3125,22974.5
3958.4375,5419.3125,22974.625
3956.125,5419.3125,22976.9375
3956.125,5419.3125,22976.9375
3956.125,5419.3125,22976.9375
3956.125,5419.3125,22976.9375
3956.125,5419.3125,22976.9375
3955.9375,5419.3125,22977.125
3955.9375,5419.3125,22977.125
3955.875,5419.3125,22977.1875
3955.875,5419.3125,22977.1875
3955.5625,5419.3125,22977.5
3955.375,5419.3125,22977.6875
3955.375,5419.3125,22977.6875
3955.5,5419.3125,22977.5625
3955.375,5419.3125,22977.6875
3954.8125,5419.3125,22978.25
3954.625,5419.3125,22978.4375
3954.625,5419.3125,22978.4375
3954.1875,5419.3125,22978.875
3954.1875,5419.3125,22978.875
3954.1875,5419.3125,22978.875
3954.1875,5419.3125,22978.875
3954.1875,5419.3125,22978.875
3954.1875,5419.3125,22978.875
3954.1875,5419.3125,22978.875
3954.1875,5419.3125,22978.875
3954.1875,5419.3125,22978.875
3954.1875,5419.3125,22978.875
3952.8125,5419.375,22980.25
3952.8125,5419.375,22980.25
3952.8125,5419.375,22980.25
3952.8125,5419.375,22980.25
3952.625,5419.375,22980.4375
3952.8125,5419.375,22980.25
3952.8125,5419.375,22980.25
3952.8125,5419.375,22980.25
3952.8125,5419.375,22980.25
3952.8125,5419.375,22980.25
3952.8125,5419.375,22980.25
3952.8125,5419.375,22980.25
3952.8125,5419.375,22980.25
3952.75,5419.375,22980.3125
3952.9375,5419.375,22980.125
3952.625,5419.375,22980.4375
3952.625,5419.375,22980.4375
3952.625,5419.375,22980.4375
3952.625,5419.375,22980.4375
3952.625,5419.375,22980.4375
3952.5,5419.375,22980.5625
3957.8125,5419.375,22975.25
3959.125,5419.375,22973.9375
3954.0,5419.375,22979.0625
3954.0,5419.375,22979.0625
3954.0,5419.375,22979.0625
3954.0,5419.375,22979.0625
3953.8125,5419.375,22979.25
3953.8125,5419.375,22979.25
3953.5,5419.375,22979.5625
3954.25,5419.375,22978.625
3954.25,5419.375,22978.625
3954.25,5419.375,22978.625
3954.25,5419.375,22978.625
3954.1875,5419.375,22978.6875
3954.1875,5419.375,22978.6875
3954.1875,5419.375,22978.6875
3954.1875,5419.375,22978.6875
3954.1875,5419.375,22978.6875
3954.1875,5419.375,22978.6875
3954.1875,5419.375,22978.6875
3954.0,5419.375,22978.875
3954.0,5419.375,22978.875
3954.0,5419.375,22978.875
3954.0,5419.375,22978.875
3954.5,5419.375,22978.375
3954.5,5419.375,22978.375
3954.375,5419.375,22978.5
3954.375,5419.375,22978.5
3954.375,5419.375,22978.5
3954.375,5419.375,22978.5
3953.9375,5419.4375,22978.875
3953.9375,5419.4375,22978.875
3953.875,5419.4375,22978.9375
3953.875,5419.4375,22978.9375
3953.875,5419.4375,22978.9375
3953.875,5419.4375,22978.9375
3953.875,5419.4375,22978.9375
3953.875,5419.4375,22978.9375
3953.75,5419.4375,22979.0625
3954.375,5419.4375,22978.4375
3954.375,5419.4375,22978.4375
3954.375,5419.4375,22978.4375
3954.375,5419.4375,22978.4375
3954.0625,5419.4375,22978.75
3954.0625,5419.4375,22978.75
3954.0625,5419.4375,22978.75
3954.0625,5419.4375,22978.75
3954.0625,5419.4375,22978.75
3954.0625,5419.4375,22978.75
3954.0625,5419.4375,22978.75
3954.0625,5419.4375,22978.75
3954.0625,5419.4375,22978.75
3954.0625,5419.4375,22978.75
3953.875,5419.4375,22978.9375
3954.875,5419.4375,22977.9375
3954.875,5419.4375,22977.9375
3954.6875,5419.4375,22978.125
3954.6875,5419.4375,22978.125
3954.6875,5419.4375,22978.125
3954.6875,5419.4375,22978.125
3954.6875,5419.4375,22978.125
3954.6875,5419.4375,22978.125
3954.6875,5419.4375,22978.125
3954.6875,5419.4375,22978.125
3954.6875,5419.4375,22978.125
3954.625,5419.4375,22978.1875
3954.625,5419.4375,22978.1875
3954.375,5419.4375,22978.4375
3954.3125,5419.4375,22978.5
3955.0625,5419.4375,22977.75
3955.0625,5419.4375,22977.75
3954.875,5419.4375,22977.9375
3954.6875,5419.4375,22978.125
3954.6875,5419.4375,22978.125
3954.6875,5419.4375,22978.125
3954.6875,5419.4375,22978.125
3954.6875,5419.4375,22978.125
3954.6875,5419.4375,22978.125
3954.6875,5419.4375,22978.125
3954.6875,5419.4375,22978.125
3954.375,5419.4375,22978.4375
3954.375,5419.4375,22978.4375
3954.375,5419.4375,22978.4375
3954.25,5419.5,22978.5
3956.0,5419.5,22976.5
3955.9375,5419.5,22976.5625
3955.9375,5419.5,22976.5625
3955.9375,5419.5,22976.5625
3955.9375,5419.5,22976.5625
3989.3125,5419.5625,22943.1875
3990.25,5419.5625,22942.25
3991.9375,5419.5625,22940.5625
3996.1875,5419.5625,22936.3125
4005.375,5419.5625,22927.125
4005.375,5419.5625,22927.125
4005.75,5419.5,22926.75
4005.375,5419.5625,22927.125
4005.75,5419.5625,22926.75
4005.5625,5419.5625,22926.9375
4005.125,5419.5625,22927.375
4005.125,5419.5625,22927.375
4005.125,5419.5625,22927.375
4004.9375,5419.5625,22927.5625
4004.9375,5419.5625,22927.5625
4004.8125,5419.5625,22927.5625
4004.8125,5419.5625,22927.5625
4004.8125,5419.5625,22927.5625
4004.8125,5419.5625,22927.5625
4004.8125,5419.5625,22927.5625
4004.8125,5419.5625,22927.5625
4004.625,5419.5625,22927.75
4004.625,5419.5625,22927.75
4004.625,5419.5625,22927.75
4004.25,5419.5625,22928.125
4004.875,5419.5625,22927.5
4004.875,5419.5625,22927.5
4004.6875,5419.5625,22927.6875
4004.6875,5419.5625,22927.6875
4004.6875,5419.5625,22927.6875
4004.6875,5419.5625,22927.6875
4004.5,5419.625,22927.875
4004.6875,5419.625,22927.6875
4004.625,5419.625,22927.75
4004.625,5419.625,22927.75
4004.625,5419.625,22927.75
4004.625,5419.625,22927.75
4004.625,5419.625,22927.75
4004.625,5419.625,22927.75
4004.1875,5419.5625,22928.1875
4004.375,5419.5625,22928.0
4004.375,5419.5625,22928.0
4004.375,5419.5625,22928.0
4004.375,5419.5625,22928.0
4004.375,5419.5625,22928.0
4004.375,5419.5625,22928.0
4004.375,5419.5625,22928.0
4004.375,5419.5625,22928.0
4004.375,5419.5625,22928.0
4004.375,5419.5625,22928.0
4004.375,5419.5625,22928.0
4004.0,5419.5625,22928.375
4004.0,5419.5625,22928.375
4004.0,5419.5625,22928.375
4004.1875,5419.5625,22928.1875
4006.125,5419.5625,22926.25
4005.9375,5419.5625,22926.4375
4005.75,5419.5625,22926.625
4005.625,5419.5625,22926.75
4005.625,5419.5625,22926.75
4003.875,5419.5625,22928.5
4003.875,5419.5625,22928.5
4004.0,5419.5625,22928.375
4004.0,5419.5625,22928.375
4004.0,5419.5625,22928.375
4019.1875,5419.5625,22913.1875
4004.5625,5419.75,22927.6875
4004.5625,5419.75,22927.6875
4004.75,5419.75,22927.5
4004.5625,5419.75,22927.6875
4005.6875,5419.75,22926.5625
4005.6875,5419.75,22926.5625
4005.3125,5419.75,22926.9375
4005.3125,5419.75,22926.9375
4005.125,5419.75,22927.125
4005.125,5419.75,22927.125
4005.125,5419.75,22927.125
4005.125,5419.75,22927.125
4005.125,5419.75,22927.125
4005.125,5419.75,22927.125
4005.125,5419.75,22927.125
4005.125,5419.75,22927.125
4005.125,5419.75,22927.125
4005.125,5419.75,22927.125
4005.1875,5419.75,22927.0625
4004.625,5419.75,22927.625
4004.625,5419.75,22927.625
4004.375,5419.75,22927.875
4004.25,5419.75,22928.0
4004.25,5419.75,22928.0
4005.1875,5419.75,22926.75
4004.25,5419.75,22927.6875
4004.75,5419.75,22927.1875
4004.75,5419.75,22927.1875
4004.75,5419.75,22927.1875
4004.75,5419.75,22927.1875
4004.75,5419.75,22927.1875
4004.75,5419.75,22927.1875
4004.75,5419.75,22927.1875
4004.0625,5419.75,22927.875
4005.1875,5419.75,22926.75
4005.0,5419.75,22926.9375
4005.3125,5419.75,22926.625
4005.3125,5419.75,22926.625
4005.3125,5419.75,22926.625
4005.3125,5419.6875,22926.625
4005.3125,5419.75,22926.625
4005.3125,5419.75,22926.625
4005.3125,5419.75,22926.625
4005.3125,5419.75,22926.625
4005.5,5420.0,22926.3125
4005.5,5420.0,22926.3125
4006.0,5420.0,22925.8125
4006.0,5420.0,22925.8125
4005.9375,5420.0,22925.875
4007.5,5420.0,22924.3125
4007.5,5420.0,22924.3125
4007.5,5420.0,22924.3125
4007.5,5420.0,22924.3125
4007.5,5420.0,22924.3125
4007.5,5420.0,22924.3125
4007.5,5420.0,22924.3125
4007.75,5420.0,22924.0625
4007.6875,5420.0,22924.125
4007.6875,5420.0,22924.125
4007.6875,5420.0,22924.125
4007.5,5419.9375,22924.3125
4007.25,5420.0,22924.3125
4007.25,5420.0,22924.3125
4008.0625,5420.0,22923.5
4007.75,5420.0,22923.8125
4007.75,5420.0,22923.8125
4007.75,5420.0,22923.8125
4007.75,5420.0,22923.8125
4007.5625,5420.0,22924.0
4007.5625,5420.0,22924.0
4007.5625,5420.0,22924.0
4007.5625,5420.0,22924.0
4007.75,5420.0,22923.8125
4007.75,5420.0,22923.8125
4007.75,5420.0,22923.8125
4007.75,5420.0,22923.8125
4007.75,5420.0,22923.8125
4007.75,5420.0,22923.8125
4007.9375,5420.0,22923.625
4008.8125,5420.0,22922.625
4008.8125,5420.0,22922.625
4008.8125,5420.0,22922.625
4008.8125,5420.0,22922.625
4008.8125,5420.0,22922.625
4008.8125,5420.0,22922.625
4008.8125,5420.0,22922.625
4008.8125,5420.0,22922.625
4008.8125,5420.0,22922.625
4008.75,5420.0,22922.6875
4008.75,5420.0,22922.6875
4008.6875,5420.0,22922.75
4008.6875,5420.0,22922.75
4008.6875,5420.0,22922.75
4008.625,5420.0,22922.8125
4008.375,5420.0,22923.0625
4008.375,5420.0,22923.0625
4008.4375,5420.0,22923.0
4008.4375,5420.0,22923.0
4008.4375,5420.0,22923.0
4008.375,5420.0,22923.0
4008.375,5420.0,22923.0
4008.375,5420.0,22923.0
4008.375,5420.0,22923.0
4008.375,5420.0,22923.0
4008.375,5420.0,22923.0
4008.375,5420.0,22923.0
4008.375,5420.0,22923.0
4008.375,5420.0,22923.0
4008.5625,5420.0,22922.8125
4008.8125,5420.0625,22922.5625
4008.8125,5420.0625,22922.5625
4008.8125,5420.0625,22922.5625
4008.8125,5420.0625,22922.5625
4008.8125,5420.0625,22922.5625
4008.8125,5420.0,22922.5625
4009.0,5420.0625,22922.375
4008.75,5420.0625,22922.625
4008.75,5420.0625,22922.625
4008.75,5420.0625,22922.625
4008.75,5420.0625,22922.625
4008.5625,5420.0625,22922.8125
4008.5625,5420.0625,22922.8125
4008.5625,5420.0625,22922.8125
4008.375,5420.0625,22923.0
4009.625,5420.125,22921.6875
4009.625,5420.125,22921.6875
4009.625,5420.125,22921.6875
4009.4375,5420.125,22921.875
4009.375,5420.125,22921.9375
4009.3125,5420.125,22922.0
4009.25,5420.125,22922.0625
4009.25,5420.125,22922.0625
4009.25,5420.125,22922.0625
4009.25,5420.125,22922.0625
4009.25,5420.125,22922.0625
4009.25,5420.125,22922.0625
4009.25,5420.125,22922.0625
4009.25,5420.125,22922.0625
4009.8125,5420.125,22921.5
4009.5625,5420.125,22921.75
4009.5,5420.125,22921.8125
4050.75,5420.125,22880.5625
4051.3125,5420.125,22880.0
4051.3125,5420.125,22880.0
4053.3125,5420.125,22878.0
4065.6875,5420.125,22865.625
4065.75,5420.1875,22865.5625
4059.1875,5420.1875,22872.125
4059.1875,5420.1875,22872.125
4059.1875,5420.1875,22872.125
4059.5625,5420.1875,22871.75
4058.9375,5420.1875,22872.375
4058.9375,5420.1875,22872.375
4059.3125,5420.1875,22872.0
4060.375,5420.1875,22870.9375
4060.375,5420.1875,22870.9375
4060.125,5420.1875,22871.1875
4060.0,5420.1875,22871.3125
4059.5625,5420.1875,22871.75
4059.5625,5420.125,22871.75
4059.75,5420.1875,22871.5625
4059.75,5420.1875,22871.5625
4059.75,5420.1875,22871.5625
4059.75,5420.1875,22871.5625
4059.75,5420.1875,22871.5625
4059.75,5420.1875,22871.5625
4059.75,5420.1875,22871.5625
4059.9375,5420.1875,22871.375
4059.5625,5420.1875,22871.75
4059.0625,5420.1875,22872.25
4059.0625,5420.1875,22872.25
4059.0625,5420.1875,22872.25
4058.875,5420.1875,22872.4375
4058.875,5420.1875,22872.4375
4058.625,5420.1875,22872.4375
4058.625,5420.1875,22872.4375
4058.625,5420.1875,22872.4375
4058.5625,5420.1875,22872.5
4058.5625,5420.1875,22872.5
4058.5625,5420.1875,22872.5
4058.5,5420.1875,22872.5625
4058.5,5420.1875,22872.5625
4058.5,5420.1875,22872.5625
4058.375,5420.1875,22872.6875
4059.0,5420.1875,22872.0
4059.0,5420.1875,22872.0
4058.6875,5420.1875,22872.3125
4058.875,5420.1875,22872.125
4058.875,5420.1875,22872.125
4058.6875,5420.1875,22872.3125
4058.6875,5420.1875,22872.3125
4058.6875,5420.1875,22872.3125
4058.6875,5420.1875,22872.3125
4058.875,5420.1875,22872.125
4058.875,5420.1875,22872.125
4058.875,5420.1875,22872.125
4058.6875,5420.1875,22872.3125
4058.6875,5420.1875,22872.3125
4059.0625,5420.1875,22871.9375
4058.375,5420.1875,22872.625
4058.5625,5420.1875,22872.4375
4058.375,5420.1875,22872.625
4058.375,5420.1875,22872.625
4058.375,5420.1875,22872.625
4058.6875,5420.3125,22872.25
4058.75,5420.3125,22872.1875
4058.5625,5420.3125,22872.375
4058.5,5420.375,22872.375
4058.5,5420.375,22872.375
4058.5,5420.375,22872.375
4058.5,5420.375,22872.375
4058.6875,5420.375,22872.1875
4058.6875,5420.375,22872.1875
4060.0,5420.375,22870.875
4058.5,5420.375,22872.3125
4058.5,5420.375,22872.3125
4058.5,5420.375,22872.3125
4058.3125,5420.375,22872.5
4058.5625,5420.1875,22872.4375
4058.75,5420.1875,22872.25
4058.75,5420.1875,22872.25
4058.75,5420.1875,22872.25
4058.75,5420.1875,22872.25
4058.9375,5420.1875,22872.0625
4058.9375,5420.1875,22872.0625
4059.125,5420.1875,22871.875
4059.125,5420.1875,22871.875
4058.9375,5420.1875,22872.0625
4059.6875,5420.1875,22871.3125
4059.75,5420.1875,22871.25
4059.5625,5420.1875,22871.4375
4059.5625,5420.1875,22871.4375
4059.5625,5420.1875,22871.4375
4059.375,5420.1875,22871.625
4059.5625,5420.1875,22871.4375
4059.5625,5420.1875,22871.4375
4059.5625,5420.1875,22871.4375
4059.5625,5420.1875,22871.4375
4059.375,5420.1875,22871.625
4059.5625,5420.1875,22871.4375
4059.5625,5420.1875,22871.4375
4059.375,5420.1875,22871.625
4059.1875,5420.1875,22871.8125
4059.625,5420.1875,22871.375
4059.5,5420.1875,22871.375
4059.5,5420.1875,22871.375
4059.3125,5420.1875,22871.5625
4059.4375,5420.1875,22871.4375
4058.6875,5420.1875,22872.1875
4058.6875,5420.1875,22872.1875
4058.6875,5420.1875,22872.1875
4058.6875,5420.1875,22872.1875
4058.875,5420.1875,22872.0
4059.0625,5420.1875,22871.8125
4059.0625,5420.1875,22871.8125
4059.0625,5420.1875,22871.8125
4059.25,5420.1875,22871.625
4059.4375,5420.1875,22871.4375
4059.5,5420.1875,22871.375
4059.5,5420.1875,22871.375
4059.5,5420.1875,22871.375
4059.3125,5420.1875,22871.5625
4059.5,5420.125,22871.375
4059.3125,5420.1875,22871.5625
4059.3125,5420.1875,22871.5625
4059.5,5420.1875,22871.375
4059.5,5420.1875,22871.375
4059.1875,5420.1875,22871.6875
4059.0,5420.1875,22871.875
4058.8125,5420.1875,22872.0625
4058.8125,5420.1875,22872.0625
4058.8125,5420.1875,22872.0625
4058.8125,5420.1875,22872.0625
4058.8125,5420.1875,22872.0625
4059.9375,5420.1875,22870.9375
4059.9375,5420.1875,22870.9375
4059.75,5420.1875,22871.125
4059.375,5420.1875,22871.5
4059.125,5420.1875,22871.75
4059.125,5420.1875,22871.75
4059.25,5420.1875,22871.625
4059.25,5420.1875,22871.625
4059.25,5420.1875,22871.625
4059.25,5420.1875,22871.625
4059.25,5420.1875,22871.625
4059.25,5420.1875,22871.625
4059.0625,5420.1875,22871.8125
4059.0,5420.1875,22871.875
4059.6875,5420.1875,22871.1875
4060.1875,5420.1875,22870.6875
4060.1875,5420.1875,22870.6875
4061.125,5420.1875,22869.75
4061.1875,5420.1875,22869.6875
4061.1875,5420.1875,22869.6875
4061.0,5420.1875,22869.875
4061.1875,5420.1875,22869.6875
4061.125,5420.1875,22869.75
4060.0,5420.1875,22870.875
4060.875,5420.1875,22870.0
4066.25,5420.1875,22864.375
4066.0625,5420.1875,22864.5625
4066.0625,5420.1875,22864.5625
4065.875,5420.1875,22864.75
4065.875,5420.1875,22864.75
4065.625,5420.25,22865.0
4065.625,5420.25,22865.0
4065.625,5420.25,22865.0
4065.75,5420.25,22864.875
4065.1875,5420.3125,22865.4375
4065.1875,5420.25,22865.4375
4065.1875,5420.3125,22865.4375
4065.1875,5420.3125,22865.4375
4065.0,5420.3125,22865.625
4065.1875,5420.3125,22865.4375
4065.1875,5420.3125,22865.4375
4065.375,5420.3125,22865.25
4065.375,5420.3125,22865.25
4065.375,5420.3125,22865.25
4064.875,5420.3125,22865.625
4065.125,5420.3125,22865.375
4064.625,5420.3125,22865.875
4064.8125,5420.3125,22865.6875
4064.625,5420.3125,22865.875
4064.8125,5420.3125,22865.6875
4064.625,5420.3125,22865.875
4064.625,5420.3125,22865.875
4064.625,5420.3125,22865.875
4064.625,5420.3125,22865.875
4064.625,5420.3125,22865.875
4064.4375,5420.3125,22866.0625
4064.0625,5420.3125,22866.4375
4064.0625,5420.3125,22866.4375
4064.0625,5420.3125,22866.4375
4063.625,5420.3125,22866.875
4063.75,5420.3125,22866.6875
4063.75,5420.3125,22866.6875
4063.75,5420.3125,22866.6875
4063.75,5420.3125,22866.6875
4063.6875,5420.3125,22866.75
4063.6875,5420.3125,22866.75
4063.6875,5420.3125,22866.75
4063.6875,5420.3125,22866.75
4063.875,5420.3125,22866.5625
4063.875,5420.3125,22866.5625
4063.875,5420.3125,22866.5625
4063.875,5420.3125,22866.5625
4063.875,5420.3125,22866.5625
4064.0625,5420.3125,22866.375
4064.25,5420.3125,22866.1875
4064.3125,5420.375,22865.875
4063.8125,5420.375,22866.375
4063.8125,5420.375,22866.375
4063.8125,5420.375,22866.375
4064.0,5420.375,22866.1875
4064.1875,5420.375,22866.0
4064.125,5420.375,22866.0625
4064.125,5420.375,22866.0625
4064.125,5420.375,22866.0625
4063.9375,5420.375,22866.25
4063.9375,5420.375,22866.25
4063.9375,5420.25,22866.25
4064.0625,5420.625,22866.0
4064.25,5420.625,22865.8125
4065.5625,5420.625,22864.5
4065.75,5420.625,22864.125
4065.75,5420.625,22864.125
4065.5625,5420.625,22864.3125
4065.5625,5420.625,22864.3125
4065.5625,5420.625,22864.3125
4065.5625,5420.625,22864.3125
4065.75,5420.625,22864.125
4065.75,5420.625,22864.125
4065.9375,5420.625,22863.9375
4066.125,5420.625,22863.75
4066.125,5420.625,22863.75
4066.125,5420.625,22863.75
4109.625,5420.75,22820.25
4113.75,5420.75,22816.125
4114.8125,5420.75,22815.0625
4115.4375,5420.75,22814.375
4118.4375,5420.75,22811.375
4118.8125,5420.75,22811.0
4124.8125,5420.75,22805.0
4123.6875,5420.75,22806.125
4121.375,5420.75,22808.4375
4121.1875,5420.75,22808.625
4121.1875,5420.75,22808.625
4121.1875,5420.75,22808.625
4121.1875,5420.75,22808.625
4121.125,5420.6875,22808.6875
4121.125,5420.75,22808.6875
4121.125,5420.75,22808.6875
4121.125,5420.75,22808.6875
4120.875,5420.75,22808.9375
4121.25,5420.75,22808.5
4121.0625,5420.75,22808.6875
4121.0625,5420.75,22808.6875
4121.0625,5420.75,22808.6875
4120.875,5420.75,22808.875
4121.0625,5420.75,22808.6875
4121.0,5420.75,22808.75
4121.0,5420.75,22808.75
4121.0,5420.75,22808.75
4121.0,5420.75,22808.75
4121.0,5420.75,22808.75
4121.0,5420.75,22808.75
4121.0,5420.75,22808.75
4120.6875,5420.75,22809.0625
4121.4375,5420.75,22808.3125
4121.0625,5420.75,22808.6875
4120.875,5420.75,22808.875
4120.625,5420.75,22809.125
4120.625,5420.75,22809.125
4120.625,5420.75,22809.125
4120.625,5420.75,22809.125
4120.625,5420.75,22809.125
4120.625,5420.75,22809.125
4120.625,5420.75,22809.125
4120.625,5420.75,22809.125
4120.8125,5420.75,22808.9375
4120.5625,5420.75,22809.1875
4120.5625,5420.75,22809.1875
4120.5625,5420.75,22809.1875
4120.6875,5420.6875,22809.0625
4120.1875,5420.75,22809.5625
4120.1875,5420.75,22809.5625
4120.1875,5420.75,22809.5625
4120.1875,5420.75,22809.5625
4120.0,5420.6875,22809.75
4119.8125,5420.6875,22809.9375
4119.8125,5420.75,22809.9375
4119.8125,5420.75,22809.9375
4120.0,5420.75,22809.75
4119.9375,5420.75,22809.8125
4119.75,5420.75,22810.0
4119.9375,5420.75,22809.8125
4119.9375,5420.75,22809.8125
4119.9375,5420.75,22809.8125
4120.5625,5420.75,22809.0625
4120.0,5420.75,22809.625
4120.0,5420.75,22809.625
4119.9375,5420.75,22809.6875
4119.75,5420.75,22809.875
4119.75,5420.75,22809.875
4119.75,5420.75,22809.875
4128.0625,5420.8125,22801.4375
4128.0625,5420.8125,22801.4375
4122.625,5420.8125,22806.875
4122.4375,5420.8125,22807.0625
4122.4375,5420.8125,22807.0625
4122.375,5420.8125,22807.125
4122.375,5420.8125,22807.125
4122.375,5420.8125,22807.125
4121.375,5420.8125,22808.125
4122.375,5420.8125,22807.125
4122.375,5420.8125,22807.125
4122.375,5420.8125,22807.125
4122.375,5420.8125,22807.125
4122.0,5420.8125,22807.5
4122.0,5420.8125,22807.5
4121.625,5420.8125,22807.875
4121.4375,5420.8125,22808.0625
4121.4375,5420.8125,22808.0625
4121.4375,5420.8125,22808.0625
4121.4375,5420.8125,22808.0625
4121.4375,5420.8125,22808.0625
4121.4375,5420.8125,22808.0625
4121.4375,5420.8125,22808.0625
4121.3125,5420.8125,22808.0625
4121.0,5420.8125,22808.375
4121.0,5420.8125,22808.375
4121.0,5420.8125,22808.375
4121.0,5420.8125,22808.375
4121.0,5420.8125,22808.375
4121.0,5420.8125,22808.375
4121.0,5420.8125,22808.375
4121.0,5420.8125,22808.375
4120.9375,5420.8125,22808.4375
4121.0,5420.8125,22808.375
4121.0,5420.8125,22808.375
4120.9375,5420.8125,22808.4375
4120.9375,5420.8125,22808.4375
4120.9375,5420.8125,22808.4375
4120.3125,5420.8125,22809.0625
4121.4375,5420.8125,22807.875
4121.4375,5420.8125,22807.875
4121.4375,5420.8125,22807.875
4121.1875,5420.8125,22808.125
4121.0,5420.8125,22808.3125
4121.0,5420.8125,22808.3125
4120.9375,5420.8125,22808.375
4120.9375,5420.8125,22808.375
4120.9375,5420.8125,22808.375
4120.9375,5420.8125,22808.375
4120.9375,5420.8125,22808.375
4120.875,5420.8125,22808.4375
4120.875,5420.8125,22808.4375
4120.875,5420.8125,22808.4375
4120.4375,5420.8125,22808.8125
4121.125,5420.8125,22808.125
4121.0625,5420.8125,22808.1875
4121.0625,5420.8125,22808.1875
4121.0625,5420.8125,22808.1875
4121.0625,5420.8125,22808.1875
4121.0625,5420.8125,22808.1875
4121.0625,5420.8125,22808.1875
4121.0625,5420.8125,22808.1875
4120.875,5420.8125,22808.375
4120.6875,5420.8125,22808.5625
4120.625,5420.8125,22808.625
4120.625,5420.8125,22808.625
4120.1875,5420.8125,22809.0625
4120.1875,5420.8125,22809.0625
4119.9375,5420.8125,22809.3125
4120.5,5420.8125,22808.75
4120.3125,5420.8125,22808.9375
4120.3125,5420.8125,22808.9375
4120.3125,5420.8125,22808.9375
4120.3125,5420.8125,22808.9375
4120.3125,5420.8125,22808.9375
4120.3125,5420.8125,22808.9375
4120.3125,5420.8125,22808.9375
4120.0625,5420.8125,22809.1875
4120.0,5420.8125,22809.25
4120.0,5420.8125,22809.25
4120.0,5420.8125,22809.25
4120.0,5420.8125,22809.25
4120.0,5420.8125,22809.25
4119.4375,5420.8125,22809.8125
4120.625,5420.8125,22808.625
4120.4375,5420.8125,22808.8125
4120.3125,5420.8125,22808.9375
4120.3125,5420.8125,22808.9375
4120.3125,5420.8125,22808.9375
4120.3125,5420.75,22808.9375
4120.125,5420.8125,22809.125
4120.125,5420.8125,22809.125
4120.125,5420.8125,22809.125
4120.125,5420.8125,22809.125
4120.125,5420.8125,22809.125
4120.125,5420.8125,22809.125
4120.0625,5420.8125,22809.1875
4120.0625,5420.8125,22809.1875
4120.0,5420.8125,22809.25
4119.9375,5420.8125,22809.3125
4119.9375,5420.8125,22809.3125
4119.9375,5420.8125,22809.3125
4119.9375,5420.8125,22809.3125
4119.75,5420.8125,22809.5
4119.75,5420.8125,22809.5
4119.6875,5420.875,22809.5
4119.6875,5420.875,22809.5
4119.6875,5420.875,22809.5
4119.625,5420.875,22809.5625
4119.625,5420.875,22809.5625
4119.625,5420.875,22809.5625
4119.625,5420.875,22809.5625
4119.625,5420.875,22809.5625
4119.25,5420.875,22809.9375
4119.875,5420.8125,22809.3125
4119.8125,5420.875,22809.375
4119.8125,5420.875,22809.375
4119.8125,5420.875,22809.375
4119.8125,5420.875,22809.375
4119.8125,5420.875,22809.375
4119.625,5420.875,22809.5625
4119.625,5420.875,22809.5625
4119.625,5420.875,22809.5625
4119.375,5420.875,22809.8125
4119.1875,5420.875,22810.0
4119.0,5420.875,22810.1875
4118.9375,5420.875,22810.25
4118.9375,5420.875,22810.25
4118.9375,5420.875,22810.25
4120.0,5420.875,22809.1875
4120.0,5420.875,22809.1875
4120.0,5420.875,22809.1875
4119.875,5420.875,22809.3125
4119.875,5420.875,22809.3125
4119.875,5420.875,22809.3125
4119.8125,5420.875,22809.375
4119.8125,5420.875,22809.375
4119.8125,5420.875,22809.375
4119.5,5420.875,22809.6875
4119.375,5420.875,22809.8125
4119.5625,5420.875,22809.625
4119.5625,5420.875,22809.625
4119.5625,5420.875,22809.625
4119.5625,5420.875,22809.625
4119.625,5420.875,22809.5625
4119.5625,5420.875,22809.625
4119.5625,5420.875,22809.625
4119.5625,5420.875,22809.625
4119.5625,5420.8125,22809.625
4119.5625,5420.875,22809.625
4120.6875,5420.875,22808.5
4120.6875,5420.875,22808.5
4120.6875,5420.875,22808.5
4129.3125,5420.875,22799.5625
4128.5,5420.875,22800.4375
4126.1875,5420.875,22802.75
4126.1875,5420.8125,22802.75
4126.0,5420.875,22802.9375
4127.125,5420.875,22801.75
4126.9375,5420.875,22801.9375
4126.9375,5420.875,22801.9375
4126.9375,5420.875,22801.9375
4126.9375,5420.875,22801.9375
4126.9375,5420.8125,22801.9375
4126.9375,5420.875,22801.9375
4126.9375,5420.875,22801.9375
4126.9375,5420.875,22801.9375
4126.9375,5420.875,22801.9375
4126.6875,5420.875,22802.1875
4126.6875,5420.875,22802.1875
4126.6875,5420.875,22802.1875
4126.6875,5420.875,22802.1875
4126.6875,5420.875,22802.1875
4127.0625,5420.875,22801.8125
4126.625,5420.875,22802.25
4126.625,5420.875,22802.25
4126.625,5420.875,22802.25
4126.75,5420.875,22802.125
4126.75,5420.875,22802.125
4126.75,5420.875,22802.125
4126.125,5420.875,22802.75
4126.125,5420.875,22802.75
4126.125,5420.875,22802.75
4126.125,5420.8125,22802.75
4126.25,5420.875,22802.625
4126.25,5420.875,22802.625
4126.25,5420.875,22802.625
4126.25,5420.875,22802.625
4126.4375,5420.875,22802.4375
4125.5,5420.875,22803.375
4125.5,5420.875,22803.375
4125.5,5420.875,22803.375
4125.5,5420.875,22803.375
4125.5,5420.875,22803.375
4125.5,5420.875,22803.375
4125.4375,5420.875,22803.4375
4125.4375,5420.875,22803.4375
4125.4375,5420.875,22803.4375
4125.4375,5420.875,22803.4375
4125.375,5420.875,22803.4375
4125.375,5420.875,22803.4375
4125.375,5420.875,22803.4375
4125.375,5420.875,22803.4375
4125.0625,5420.875,22803.5625
4125.0,5420.875,22803.625
4124.9375,5420.875,22803.6875
4124.875,5420.875,22803.75
4124.8125,5420.875,22803.8125
4176.0,5420.875,22752.625
4178.125,5420.875,22750.5
4178.125,5420.875,22750.5
4178.125,5420.875,22750.5
4178.125,5420.875,22750.5
4177.9375,5420.875,22750.6875
4177.9375,5420.875,22750.6875
4177.9375,5420.75,22750.6875
4178.0,5420.875,22750.625
4178.0,5420.875,22750.625
4178.75,5420.875,22749.875
4179.0,5420.9375,22749.5625
4179.0,5420.9375,22749.5625
4179.0,5420.9375,22749.5625
4179.0,5420.9375,22749.5625
4179.0,5420.9375,22749.5625
4179.0,5420.9375,22749.5625
4178.625,5420.9375,22749.9375
4178.625,5420.9375,22749.9375
4178.0625,5421.0625,22749.9375
4178.0625,5421.0625,22749.9375
4178.0625,5421.0,22749.9375
4178.25,5421.0625,22749.75
4178.25,5421.0625,22749.75
4178.25,5421.0625,22749.75
4179.0625,5421.0625,22748.9375
4179.0625,5421.0625,22748.9375
4179.0625,5421.0625,22748.9375
4179.0625,5421.0625,22748.9375
4179.0625,5421.0625,22748.9375
4179.0625,5421.0625,22748.9375
4178.875,5421.0625,22749.125
4178.875,5421.0625,22749.125
4178.875,5421.0625,22749.125
4178.875,5421.0625,22749.125
4178.875,5421.0625,22749.125
4178.875,5421.0625,22749.125
4178.875,5421.0625,22749.125
4179.0625,5421.125,22748.9375
4179.0625,5421.125,22748.9375
4179.125,5421.125,22748.875
4178.9375,5421.125,22749.0625
4178.9375,5421.125,22749.0625
4178.9375,5421.125,22749.0625
4178.6875,5421.125,22749.3125
4178.6875,5421.125,22749.3125
4178.5,5421.125,22749.5
4178.4375,5421.125,22749.5625
4178.4375,5421.125,22749.5625
4178.4375,5421.125,22749.5625
4178.4375,5421.125,22749.5625
4178.4375,5421.125,22749.5625
4178.4375,5421.125,22749.5625
4178.4375,5421.125,22749.5625
4178.4375,5421.125,22749.5625
4179.0625,5421.125,22748.9375
4179.0625,5421.125,22748.9375
4179.0625,5421.125,22748.9375
4179.0625,5421.125,22748.9375
4179.0625,5421.125,22748.9375
4179.0625,5421.125,22748.9375
4179.0625,5421.125,22748.9375
4179.0625,5421.125,22748.9375
4179.0625,5421.125,22748.9375
4179.0625,5421.125,22748.9375
4179.0625,5421.125,22748.9375
4179.0625,5421.125,22748.9375
4179.0,5421.125,22749.0
4179.0,5421.125,22749.0
4179.0,5421.125,22749.0
4179.5625,5421.125,22748.4375
4179.5625,5421.125,22748.4375
4179.5625,5421.125,22748.4375
4179.5625,5421.125,22748.4375
4179.75,5420.9375,22748.4375
4179.75,5420.9375,22748.4375
4179.9375,5420.9375,22748.25
4179.9375,5420.9375,22748.25
4179.9375,5420.9375,22748.25
4179.9375,5420.9375,22748.25
4179.875,5420.9375,22748.3125
4179.875,5420.9375,22748.3125
4179.875,5420.9375,22748.3125
4179.875,5420.9375,22748.3125
4179.875,5420.9375,22748.3125
4180.0625,5420.9375,22748.125
4180.0625,5420.9375,22748.125
4180.0625,5420.9375,22748.125
4180.0625,5420.9375,22748.125
4180.0625,5420.9375,22748.125
4185.6875,5420.9375,22742.5
4187.375,5420.9375,22740.8125
4179.875,5420.9375,22748.3125
4179.875,5420.9375,22748.3125
4179.875,5420.9375,22748.3125
4179.875,5420.9375,22748.3125
4179.875,5420.9375,22748.3125
4179.6875,5420.9375,22748.5
4179.6875,5420.9375,22748.5
4179.6875,5420.9375,22748.5
4179.0625,5420.9375,22748.5625
4179.0625,5420.9375,22748.5625
4179.0625,5420.9375,22748.5625
4179.0625,5420.9375,22748.5625
4178.9375,5420.9375,22748.6875
4178.9375,5420.9375,22748.6875
4175.75,5420.9375,22751.875
4175.6875,5420.9375,22751.9375
4175.625,5420.9375,22752.0
4175.625,5420.9375,22752.0
4175.5625,5420.9375,22752.0625
4175.375,5420.9375,22752.25
4175.1875,5420.9375,22752.4375
4175.1875,5420.9375,22752.4375
4175.375,5420.9375,22752.25
4175.3125,5420.9375,22752.25
4175.3125,5420.9375,22752.25
4174.75,5420.9375,22752.8125
4174.75,5420.9375,22752.8125
4174.75,5420.9375,22752.8125
4174.9375,5420.9375,22752.625
4174.9375,5420.9375,22752.625
4174.9375,5420.9375,22752.625
4174.9375,5420.9375,22752.625
4174.9375,5420.9375,22752.625
4174.9375,5420.9375,22752.625
4174.9375,5420.9375,22752.625
4174.875,5420.9375,22752.6875
4174.875,5420.9375,22752.6875
4174.875,5420.9375,22752.6875
4175.9375,5420.9375,22751.625
4175.9375,5420.9375,22751.625
4175.9375,5420.9375,22751.625
4175.9375,5420.9375,22751.625
4175.9375,5420.9375,22751.625
4175.9375,5420.9375,22751.625
4175.9375,5420.9375,22751.625
4175.875,5420.9375,22751.6875
4175.875,5420.9375,22751.6875
4175.875,5420.9375,22751.6875
4175.875,5420.9375,22751.6875
4175.875,5420.9375,22751.6875
4175.875,5420.9375,22751.6875
4175.875,5420.9375,22751.6875
4176.4375,5420.9375,22751.125
4177.3125,5420.9375,22750.25
4177.3125,5420.9375,22750.25
4177.25,5420.9375,22750.3125
4177.25,5420.9375,22750.3125
4177.25,5420.9375,22750.3125
4177.25,5420.9375,22750.3125
4177.25,5420.9375,22750.3125
4177.25,5420.9375,22750.3125
4177.25,5420.9375,22750.3125
4177.25,5420.9375,22750.3125
4177.25,5420.9375,22750.3125
4177.25,5420.9375,22750.3125
4177.25,5420.9375,22750.3125
4177.25,5420.9375,22750.3125
4177.4375,5420.9375,22750.125
4177.0625,5420.9375,22750.5
4177.0,5420.9375,22750.5625
4177.0,5420.9375,22750.5625
4176.9375,5420.9375,22750.625
4176.9375,5420.9375,22750.625
4176.9375,5420.9375,22750.625
4176.9375,5420.9375,22750.625
4176.9375,5420.9375,22750.625
4176.6875,5420.9375,22750.875
4176.375,5420.9375,22751.1875
4176.375,5420.9375,22751.1875
4175.875,5420.9375,22751.6875
4175.875,5420.9375,22751.6875
4175.875,5420.9375,22751.6875
4175.875,5420.9375,22751.6875
4175.875,5420.9375,22751.6875
4175.875,5420.9375,22751.6875
4175.875,5420.9375,22751.6875
4176.0,5420.9375,22751.5
4176.0,5420.9375,22751.5
4175.875,5420.9375,22751.625
4175.75,5420.9375,22751.75
4175.75,5420.9375,22751.75
4175.75,5420.9375,22751.75
4175.75,5420.9375,22751.75
4175.5625,5420.9375,22751.9375
4175.5625,5420.9375,22751.9375
4175.5625,5420.9375,22751.9375
4175.5625,5420.9375,22751.9375
4175.5625,5420.9375,22751.9375
4175.5625,5420.9375,22751.9375
4175.5625,5420.9375,22751.9375
4175.5625,5420.9375,22751.9375
4175.25,5421.0,22752.25
4175.25,5421.0,22752.25
4175.25,5421.0,22752.25
4175.25,5421.0,22752.25
4175.25,5421.0,22752.25
4175.1875,5421.0,22752.3125
4175.1875,5421.0,22752.3125
4175.1875,5421.0,22752.3125
4175.1875,5421.0,22752.3125
4174.875,5421.0,22752.625
4174.875,5421.0,22752.625
4174.8125,5421.0,22752.6875
4174.8125,5421.0,22752.6875
4174.75,5421.0,22752.75
4174.75,5421.0,22752.75
4175.25,5421.0,22752.25
4175.25,5421.0,22752.25
4175.25,5421.0,22752.25
4175.25,5421.0,22752.25
4175.25,5421.0,22752.25
4175.25,5421.0,22752.25
4175.25,5421.0,22752.25
4175.25,5421.0,22752.25
4175.25,5421.0,22752.25
4175.25,5421.0,22752.25
4175.0625,5421.0,22752.4375
4175.0,5421.0,22752.5
4175.1875,5421.0,22752.3125
4175.1875,5421.0,22752.3125
4175.1875,5421.0,22752.3125
4175.1875,5421.0,22752.3125
4175.1875,5421.0,22752.3125
4175.1875,5421.0,22752.3125
4175.1875,5421.0,22752.3125
4175.1875,5421.0,22752.3125
4175.1875,5421.0,22752.3125
4175.1875,5421.0,22752.3125
4175.1875,5421.0,22752.3125
4175.1875,5421.0,22752.3125
4175.1875,5421.0,22752.3125
4175.1875,5421.0,22752.3125
4174.8125,5421.0,22752.4375
4175.375,5421.0,22751.625
4175.375,5421.0,22751.625
4175.375,5421.0,22751.625
4175.125,5421.0625,22751.8125
4175.125,5421.0625,22751.8125
4175.125,5421.0625,22751.8125
4175.125,5421.0625,22751.8125
4175.125,5421.0625,22751.8125
4175.125,5421.0625,22751.8125
4176.6875,5421.0625,22750.25
4182.0625,5421.0625,22744.9375
4182.0625,5421.0625,22744.9375
4182.0625,5421.0625,22744.9375
4181.75,5421.0625,22745.25
4180.5,5421.0625,22746.5
4180.875,5421.0625,22746.125
4180.875,5421.0625,22746.125
4180.875,5421.0625,22746.125
4180.875,5421.0625,22746.125
4180.875,5421.0625,22746.125
4180.875,5421.0625,22746.125
4180.875,5421.0625,22746.125
4180.875,5421.0625,22746.125
4180.875,5421.0625,22746.125
4180.875,5421.0625,22746.125
4180.625,5421.0625,22746.375
4229.375,5421.1875,22697.625
4231.625,5421.1875,22695.375
4231.625,5421.1875,22695.375
4232.0,5421.1875,22695.0
4233.625,5421.1875,22693.375
4233.625,5421.1875,22693.375
4233.625,5421.1875,22693.375
4233.625,5421.1875,22693.375
4233.5625,5421.1875,22693.4375
4233.5625,5421.1875,22693.4375
4233.9375,5421.1875,22693.0625
4233.9375,5421.1875,22693.0625
4233.9375,5421.1875,22693.0625
4233.9375,5421.1875,22693.0625
4233.9375,5421.1875,22693.0625
4233.9375,5421.1875,22693.0625
4233.9375,5421.1875,22693.0625
4233.6875,5421.1875,22693.1875
4233.75,5421.1875,22693.0
4233.5625,5421.1875,22693.1875
4233.5625,5421.1875,22693.1875
4233.5625,5421.1875,22693.1875
4233.5625,5421.1875,22693.1875
4233.5625,5421.1875,22693.1875
4233.5625,5421.1875,22693.1875
4233.5625,5421.1875,22693.1875
4233.5625,5421.1875,22693.1875
4233.5625,5421.1875,22693.1875
4233.5625,5421.1875,22693.1875
4233.375,5421.25,22693.375
4233.375,5421.25,22693.375
4233.375,5421.25,22693.375
4233.375,5421.25,22693.375
4233.375,5421.25,22693.375
4233.3125,5421.25,22693.4375
4233.3125,5421.1875,22693.4375
4233.3125,5421.25,22693.4375
4233.25,5421.25,22693.5
4233.25,5421.25,22693.5
4233.25,5421.25,22693.5
4233.25,5421.25,22693.5
4233.25,5421.25,22693.5
4233.25,5421.25,22693.5
4233.25,5421.25,22693.5
4233.25,5421.25,22693.5
4233.25,5421.1875,22693.5
4233.25,5421.25,22693.5
4233.25,5421.25,22693.5
4233.125,5421.25,22693.625
4234.5625,5421.25,22691.9375
4234.5625,5421.25,22691.9375
4234.5625,5421.25,22691.9375
4234.5625,5421.25,22691.9375
4234.5625,5421.25,22691.9375
4234.5625,5421.25,22691.9375
4234.5625,5421.25,22691.9375
4234.5625,5421.25,22691.9375
4234.5625,5421.25,22691.9375
4234.5625,5421.25,22691.9375
4234.5625,5421.25,22691.9375
4234.5625,5421.25,22691.9375
4234.5625,5421.25,22691.9375
4234.5625,5421.25,22691.9375
4234.5625,5421.25,22691.9375
4234.25,5421.25,22692.25
4234.25,5421.25,22692.25
4234.25,5421.25,22692.25
4234.25,5421.25,22692.25
4234.0,5421.25,22692.5
4234.0,5421.25,22692.5
4234.0,5421.25,22692.5
4234.0,5421.25,22692.5
4234.0,5421.25,22692.5
4234.125,5421.25,22692.375
4234.125,5421.25,22692.375
4234.125,5421.25,22692.375
4234.0625,5421.25,22692.4375
4234.0625,5421.25,22692.4375
4234.0625,5421.1875,22692.4375
4233.75,5421.25,22692.75
4233.875,5421.25,22692.625
4233.875,5421.25,22692.625
4233.875,5421.25,22692.625
4233.75,5421.25,22692.75
4233.75,5421.25,22692.75
4233.75,5421.25,22692.75
4233.75,5421.25,22692.75
4233.75,5421.25,22692.75
4233.5625,5421.25,22692.9375
4233.5625,5421.25,22692.9375
4233.5625,5421.25,22692.9375
4233.5625,5421.25,22692.9375
4233.5625,5421.25,22692.9375
4234.3125,5421.25,22692.1875
4233.875,5421.25,22692.5625
4233.875,5421.25,22692.5625
4233.875,5421.25,22692.5625
4233.875,5421.25,22692.5625
4233.5,5421.25,22692.9375
4233.5,5421.1875,22692.9375
4233.1875,5421.25,22693.25
4233.1875,5421.25,22693.25
4233.1875,5421.25,22693.25
4233.1875,5421.25,22693.25
4233.1875,5421.25,22693.25
4233.1875,5421.25,22693.25
4233.1875,5421.25,22693.25
4233.125,5421.25,22693.3125
4233.5,5421.25,22692.9375
4234.9375,5421.25,22691.3125
4234.9375,5421.25,22691.3125
4234.75,5421.25,22691.5
4234.75,5421.25,22691.5
4234.75,5421.25,22691.5
4234.75,5421.1875,22691.5
4234.75,5421.25,22691.5
4234.75,5421.25,22691.5
4234.75,5421.25,22691.5
4234.9375,5421.25,22691.3125
4234.9375,5421.25,22691.3125
4234.9375,5421.25,22691.3125
4234.9375,5421.25,22691.3125
4234.875,5421.25,22691.375
4234.4375,5421.25,22691.8125
4234.0625,5421.25,22692.1875
4234.0625,5421.25,22692.1875
4233.8125,5421.25,22692.4375
4233.8125,5421.25,22692.4375
4233.8125,5421.25,22692.4375
4233.8125,5421.1875,22692.4375
4243.0,5421.25,22683.25
4241.125,5421.25,22685.125
4236.375,5421.25,22689.875
4236.375,5421.25,22689.875
4236.375,5421.25,22689.875
4236.375,5421.25,22689.875
4236.3125,5421.25,22689.9375
4236.3125,5421.25,22689.9375
4236.0,5421.25,22690.25
4236.4375,5421.25,22689.8125
4236.4375,5421.25,22689.8125
4236.1875,5421.25,22690.0625
4236.1875,5421.25,22690.0625
4235.9375,5421.25,22690.3125
4235.9375,5421.25,22690.3125
4235.9375,5421.25,22690.3125
4235.875,5421.25,22690.375
4235.875,5421.25,22690.375
4235.75,5421.25,22690.5
4235.75,5421.25,22690.5
4235.75,5421.25,22690.5
4235.75,5421.25,22690.5
4235.75,5421.25,22690.5
4235.75,5421.25,22690.5
4235.625,5421.25,22690.625
4235.625,5421.25,22690.625
4235.125,5421.25,22691.125
4234.9375,5421.25,22691.3125
4234.4375,5421.25,22691.8125
4230.75,5421.25,22695.5
4230.75,5421.25,22695.5
4230.75,5421.25,22695.5
4230.75,5421.25,22695.5
4230.625,5421.25,22695.625
4230.625,5421.25,22695.625
4230.625,5421.25,22695.625
4230.625,5421.25,22695.625
4230.625,5421.25,22695.625
4230.125,5421.25,22696.125
4229.8125,5421.25,22696.4375
4229.625,5421.25,22696.625
4229.8125,5421.25,22696.4375
4229.8125,5421.25,22696.4375
4229.8125,5421.25,22696.4375
4229.8125,5421.25,22696.4375
4229.8125,5421.25,22696.4375
4229.8125,5421.25,22696.4375
4229.8125,5421.25,22696.4375
4229.75,5421.25,22696.5
4229.9375,5421.25,22696.3125
4229.9375,5421.25,22696.3125
4229.9375,5421.25,22696.3125
4229.9375,5421.25,22696.3125
4229.75,5421.25,22696.5
4231.0,5421.25,22695.25
4231.0,5421.25,22695.25
4231.0,5421.25,22695.25
4231.0,5421.25,22695.25
4230.9375,5421.25,22695.3125
4230.9375,5421.25,22695.3125
4230.9375,5421.25,22695.3125
4230.9375,5421.25,22695.3125
4230.9375,5421.25,22695.3125
4230.9375,5421.25,22695.3125
4230.9375,5421.25,22695.3125
4230.875,5421.25,22695.375
4230.875,5421.25,22695.375
4230.875,5421.25,22695.375
4230.625,5421.3125,22695.5625
4232.3125,5421.3125,22693.875
4232.3125,5421.3125,22693.875
4232.3125,5421.3125,22693.875
4232.3125,5421.3125,22693.875
4232.3125,5421.3125,22693.875
4232.3125,5421.3125,22693.875
4232.1875,5421.3125,22694.0
4232.1875,5421.3125,22694.0
4232.1875,5421.3125,22694.0
4232.0,5421.3125,22694.1875
4232.0,5421.3125,22694.1875
4232.0,5421.3125,22694.1875
4232.0,5421.3125,22694.1875
4232.0,5421.3125,22694.1875
4231.5,5421.3125,22694.6875
4233.0,5421.3125,22693.1875
4232.5,5421.3125,22693.6875
4232.5,5421.3125,22693.6875
4232.5,5421.3125,22693.6875
4232.5,5421.3125,22693.6875
4232.375,5421.25,22693.8125
4232.375,5421.3125,22693.8125
4232.375,5421.3125,22693.8125
4232.375,5421.3125,22693.8125
4232.375,5421.3125,22693.8125
4232.375,5421.3125,22693.8125
4232.375,5421.3125,22693.8125
4232.375,5421.3125,22693.8125
4232.3125,5421.3125,22693.875
4232.25,5421.3125,22693.9375
4232.0,5421.3125,22694.1875
4232.0,5421.3125,22694.1875
4232.0,5421.3125,22694.1875
4232.0,5421.3125,22694.1875
4232.0,5421.25,22694.1875
4232.0,5421.3125,22694.1875
4232.0,5421.3125,22694.1875
4232.0,5421.3125,22694.1875
4231.5,5421.3125,22694.6875
4231.5,5421.3125,22694.6875
4231.5,5421.3125,22694.6875
4231.5,5421.3125,22694.6875
4231.5,5421.3125,22694.6875
4231.5,5421.3125,22694.6875
4231.5,5421.3125,22694.6875
4231.875,5421.25,22694.3125
4231.875,5421.3125,22694.3125
4231.5,5421.3125,22694.6875
4231.5,5421.3125,22694.6875
4231.5,5421.3125,22694.6875
4231.4375,5421.3125,22694.75
4231.4375,5421.3125,22694.75
4231.4375,5421.3125,22694.75
4231.4375,5421.3125,22694.75
4231.4375,5421.3125,22694.75
4231.4375,5421.3125,22694.75
4231.4375,5421.3125,22694.75
4231.3125,5421.3125,22694.875
4231.3125,5421.3125,22694.875
4231.5625,5421.3125,22694.625
4232.0625,5421.3125,22694.125
4232.0625,5421.3125,22694.125
4232.0625,5421.3125,22694.125
4232.0625,5421.3125,22694.125
4281.1875,5421.375,22645.0
4283.625,5421.375,22642.5625
4283.625,5421.375,22642.5625
4283.625,5421.375,22642.5625
4283.625,5421.375,22642.5625
4283.5625,5421.375,22642.625
4283.4375,5421.5,22642.75
4283.375,5421.5,22642.8125
4283.375,5421.5,22642.8125
4283.375,5421.5,22642.8125
4282.9375,5421.375,22643.25
4283.25,5421.25,22642.6875
4282.9375,5421.25,22643.0
4282.9375,5421.25,22643.0
4282.8125,5421.25,22643.125
4282.8125,5421.25,22643.125
4282.875,5421.25,22643.125
4282.6875,5421.25,22643.3125
4282.875,5421.25,22643.125
4282.875,5421.25,22643.125
4282.875,5421.25,22643.125
4288.5,5421.25,22637.125
4288.6875,5421.25,22636.9375
4288.8125,5421.25,22636.8125
4288.8125,5421.25,22636.8125
4289.1875,5421.25,22636.4375
4289.125,5421.25,22636.5
4289.125,5421.25,22636.5
4287.8125,5421.25,22637.8125
4287.8125,5421.25,22637.8125
4287.625,5421.25,22638.0
4287.5625,5421.25,22638.0625
4287.5,5421.25,22638.125
4287.3125,5421.25,22638.3125
4287.3125,5421.25,22638.3125
4287.3125,5421.25,22638.3125
4287.0625,5421.25,22638.5625
4287.0625,5421.25,22638.5625
4287.0625,5421.25,22638.5625
4287.0625,5421.25,22638.5625
4287.0,5421.25,22638.625
4287.0625,5421.25,22638.5625
4286.875,5421.25,22638.75
4286.75,5421.25,22638.875
4286.9375,5421.25,22638.6875
4286.75,5421.25,22638.875
4286.75,5421.25,22638.875
4287.4375,5421.3125,22638.125
4287.4375,5421.3125,22638.125
4287.4375,5421.3125,22638.125
4286.9375,5421.3125,22638.625
4286.75,5421.3125,22638.8125
4286.9375,5421.3125,22638.625
4286.9375,5421.3125,22638.625
4286.9375,5421.3125,22638.625
4286.75,5421.3125,22638.8125
4287.1875,5421.3125,22638.125
4287.1875,5421.3125,22638.125
4286.6875,5421.3125,22638.625
4286.75,5421.3125,22638.5625
4286.75,5421.3125,22638.5625
4286.75,5421.3125,22638.5625
4286.75,5421.3125,22638.5625
4286.75,5421.3125,22638.5625
4286.75,5421.3125,22638.5625
4286.5625,5421.3125,22638.75
4286.5625,5421.3125,22638.75
4286.375,5421.3125,22638.9375
4286.375,5421.3125,22638.9375
4286.375,5421.3125,22638.9375
4287.3125,5421.3125,22638.0
4288.1875,5421.3125,22637.125
4288.1875,5421.1875,22637.125
4287.8125,5421.3125,22637.5
4287.8125,5421.3125,22637.5
4287.8125,5421.3125,22637.5
4287.5625,5421.3125,22637.75
4287.3125,5421.3125,22638.0
4287.3125,5421.3125,22638.0
4287.3125,5421.3125,22638.0
4287.3125,5421.3125,22638.0
4287.5,5421.3125,22637.8125
4287.125,5421.25,22638.1875
4287.6875,5421.3125,22637.625
4287.6875,5421.3125,22637.625
4287.8125,5421.3125,22637.5
4289.0,5421.3125,22636.0625
4289.1875,5421.3125,22635.875
4289.0,5421.3125,22636.0625
4289.1875,5421.3125,22635.875
4289.1875,5421.3125,22635.875
4288.8125,5421.3125,22636.25
4289.0,5421.3125,22636.0625
4288.8125,5421.3125,22636.25
4289.0,5421.3125,22636.0625
4289.0,5421.3125,22636.0625
4289.0,5421.3125,22636.0625
4289.0,5421.3125,22636.0625
4289.0,5421.3125,22636.0625
4289.0,5421.3125,22636.0625
4288.625,5421.3125,22636.4375
4289.5625,5421.3125,22635.5
4289.5625,5421.3125,22635.5
4289.9375,5421.3125,22635.125
4289.9375,5421.3125,22635.125
4289.6875,5421.3125,22635.375
4289.5625,5421.3125,22635.5
4289.5,5421.3125,22635.5625
4289.5,5421.3125,22635.5625
4289.6875,5421.3125,22635.375
4289.6875,5421.3125,22635.375
4289.625,5421.3125,22635.4375
4289.4375,5421.3125,22635.625
4289.375,5421.3125,22635.6875
4289.1875,5421.3125,22635.875
4288.8125,5421.3125,22636.25
4287.5625,5421.3125,22637.5
4287.1875,5421.3125,22637.875
4287.1875,5421.3125,22637.875
4287.1875,5421.3125,22637.875
4287.1875,5421.3125,22637.875
4286.625,5421.3125,22638.4375
4286.8125,5421.3125,22638.25
4286.8125,5421.3125,22638.25
4286.625,5421.3125,22638.4375
4286.8125,5421.3125,22638.25
4286.8125,5421.3125,22638.25
4286.8125,5421.3125,22638.25
4286.8125,5421.3125,22638.25
4286.625,5421.3125,22638.4375
4286.625,5421.3125,22638.4375
4289.0625,5421.3125,22635.875
4289.0625,5421.3125,22635.875
4289.0625,5421.3125,22635.875
4288.625,5421.3125,22636.3125
4288.625,5421.25,22636.3125
4288.625,5421.3125,22636.3125
4288.625,5421.3125,22636.3125
4288.625,5421.3125,22636.3125
4288.625,5421.3125,22636.3125
4288.25,5421.3125,22636.6875
4288.625,5421.3125,22636.3125
4288.625,5421.3125,22636.3125
4288.0,5421.3125,22636.9375
4288.0,5421.3125,22636.9375
4287.8125,5421.3125,22637.125
4288.5625,5421.3125,22636.3125
4284.9375,5421.3125,22639.875
4284.75,5421.3125,22640.0625
4284.6875,5421.3125,22640.125
4284.875,5421.3125,22639.9375
4284.6875,5421.3125,22640.125
4284.3125,5421.3125,22640.5
4284.3125,5421.3125,22640.5
4284.3125,5421.3125,22640.5
4284.3125,5421.3125,22640.5
4284.1875,5421.3125,22640.625
4283.8125,5421.3125,22641.0
4284.0,5421.3125,22640.8125
4284.0,5421.3125,22640.8125
4283.9375,5421.3125,22640.875
4285.3125,5421.3125,22639.4375
4284.9375,5421.3125,22639.8125
4284.875,5421.3125,22639.875
4284.6875,5421.3125,22640.0625
4284.875,5421.3125,22639.875
4291.25,5421.3125,22633.5
4291.8125,5421.3125,22632.9375
4284.3125,5421.3125,22640.4375
4284.3125,5421.3125,22640.4375
4284.3125,5421.3125,22640.4375
4284.125,5421.3125,22640.625
4284.3125,5421.3125,22640.4375
4284.125,5421.3125,22640.625
4284.125,5421.3125,22640.625
4283.5,5421.3125,22641.25
4284.125,5421.3125,22640.5625
4284.125,5421.3125,22640.5625
4283.875,5421.3125,22640.8125
4283.6875,5421.3125,22641.0
4283.6875,5421.3125,22641.0
4283.6875,5421.3125,22641.0
4283.6875,5421.3125,22641.0
4283.6875,5421.3125,22641.0
4283.6875,5421.3125,22641.0
4283.6875,5421.3125,22641.0
4283.6875,5421.3125,22641.0
4283.6875,5421.3125,22641.0
4283.6875,5421.3125,22641.0
4283.6875,5421.3125,22641.0
4284.5,5421.3125,22640.1875
4284.5625,5421.3125,22640.125
4284.5,5421.3125,22640.1875
4284.5,5421.3125,22640.1875
4284.5,5421.3125,22640.1875
4284.5,5421.3125,22640.1875
4284.5,5421.3125,22640.1875
4284.5,5421.3125,22640.1875
4284.3125,5421.4375,22640.375
4284.3125,5421.4375,22640.375
4284.3125,5421.4375,22640.375
4284.3125,5421.4375,22640.375
4284.3125,5421.4375,22640.375
4284.25,5421.4375,22640.4375
4284.25,5421.4375,22640.4375
4284.875,5421.4375,22639.75
4284.0,5421.4375,22640.5
4284.0,5421.4375,22640.5
4283.3125,5421.3125,22641.25
4283.3125,5421.3125,22641.25
4283.3125,5421.3125,22641.25
4283.3125,5421.3125,22641.25
4283.3125,5421.3125,22641.25
4283.25,5421.3125,22641.3125
4283.4375,5421.3125,22641.125
4283.4375,5421.3125,22641.125
4283.4375,5421.3125,22641.125
4283.4375,5421.3125,22641.125
4283.4375,5421.3125,22641.125
4283.4375,5421.3125,22641.125
4283.1875,5421.3125,22641.375
4283.1875,5421.3125,22641.375
4283.1875,5421.3125,22641.375
4283.1875,5421.3125,22641.375
4283.1875,5421.3125,22641.375
4283.1875,5421.25,22641.375
4283.0,5421.3125,22641.5625
4283.0,5421.3125,22641.5625
4282.375,5421.3125,22642.1875
4282.375,5421.3125,22642.1875
4282.375,5421.3125,22642.1875
4282.375,5421.3125,22642.1875
4282.375,5421.3125,22642.1875
4282.375,5421.3125,22642.1875
4282.375,5421.3125,22642.1875
4282.875,5421.3125,22641.6875
4282.375,5421.3125,22642.1875
4282.375,5421.3125,22642.1875
4282.3125,5421.3125,22642.25
4282.3125,5421.3125,22642.25
4282.3125,5421.3125,22642.25
4282.3125,5421.3125,22642.25
4282.3125,5421.3125,22642.25
4282.3125,5421.3125,22642.25
4282.3125,5421.3125,22642.25
4282.3125,5421.3125,22642.25
4282.3125,5421.3125,22642.25
4282.3125,5421.3125,22642.25
4282.1875,5421.3125,22642.375
4282.0,5421.3125,22642.5625
4282.0,5421.3125,22642.5625
4281.5625,5421.3125,22643.0
4281.5625,5421.3125,22643.0
4281.5625,5421.3125,22643.0
4281.5625,5421.3125,22643.0
4281.5625,5421.3125,22643.0
4281.5625,5421.3125,22643.0
4281.5625,5421.3125,22643.0
4281.5625,5421.3125,22643.0
4281.5625,5421.3125,22643.0
4281.5625,5421.3125,22643.0
4281.5625,5421.3125,22643.0
4282.4375,5421.3125,22642.125
4282.4375,5421.25,22642.125
4282.5625,5421.3125,22642.0
4282.5,5421.3125,22642.0625
4331.375,5421.4375,22593.1875
4335.5,5421.4375,22589.0625
4335.25,5421.4375,22589.3125
4335.25,5421.375,22589.3125
4335.125,5421.4375,22589.4375
4335.125,5421.4375,22589.4375
4335.125,5421.4375,22589.4375
4335.125,5421.4375,22589.4375
4335.125,5421.4375,22589.4375
4335.125,5421.4375,22589.4375
4335.125,5421.4375,22589.4375
4335.125,5421.4375,22589.4375
4335.125,5421.4375,22589.4375
4335.125,5421.4375,22589.4375
4335.125,5421.4375,22589.4375
4335.125,5421.4375,22589.4375
4335.125,5421.4375,22589.4375
4335.125,5421.4375,22589.4375
4335.125,5421.4375,22589.4375
4335.0,5421.4375,22589.5625
4335.0,5421.4375,22589.5625
4335.0,5421.4375,22589.5625
4335.0,5421.4375,22589.5625
4335.0,5421.4375,22589.5625
4335.0,5421.4375,22589.5625
4335.0,5421.4375,22589.5625
4335.0,5421.4375,22589.5625
4334.9375,5421.4375,22589.625
4334.9375,5421.4375,22589.625
4334.9375,5421.4375,22589.625
4334.9375,5421.4375,22589.625
4334.9375,5421.4375,22589.625
4334.9375,5421.4375,22589.625
4334.9375,5421.4375,22589.625
4334.9375,5421.4375,22589.625
4334.9375,5421.4375,22589.625
4335.0625,5421.4375,22589.5
4334.5,5421.4375,22589.6875
4334.0625,5421.4375,22590.125
4334.0,5421.4375,22590.1875
4334.0,5421.4375,22590.1875
4334.0,5421.375,22590.1875
4333.875,5421.4375,22590.3125
4333.875,5421.4375,22590.3125
4333.875,5421.4375,22590.3125
4333.875,5421.4375,22590.3125
4333.6875,5421.4375,22590.5
4333.6875,5421.4375,22590.5
4333.6875,5421.4375,22590.5
4333.6875,5421.4375,22590.5
4333.6875,5421.4375,22590.5
4333.6875,5421.4375,22590.5
4333.6875,5421.4375,22590.5
4333.6875,5421.4375,22590.5
4335.5625,5421.4375,22588.625
4340.25,5421.4375,22583.9375
4340.1875,5421.4375,22584.0
4340.5625,5421.4375,22583.625
4341.1875,5421.4375,22583.0
4341.625,5421.4375,22582.5625
4343.3125,5421.4375,22580.875
4343.25,5421.5,22580.875
4343.125,5421.5,22581.0
4343.0625,5421.5625,22581.0
4342.0625,5421.5625,22582.0
4341.6875,5421.5625,22582.375
4341.6875,5421.4375,22582.375
4341.5,5421.5625,22582.5625
4341.5,5421.5625,22582.5625
4341.5,5421.5625,22582.5625
4341.5,5421.5625,22582.5625
4341.5,5421.5625,22582.5625
4341.5,5421.5625,22582.5625
4341.5,5421.5625,22582.5625
4341.1875,5421.5625,22582.875
4341.375,5421.5625,22582.625
4341.25,5421.5625,22582.75
4341.0625,5421.5625,22582.9375
4341.0625,5421.5625,22582.9375
4341.0625,5421.5625,22582.9375
4341.4375,5421.5625,22582.5625
4341.5,5421.5625,22582.5
4341.5,5421.5625,22582.5
4341.3125,5421.5625,22582.6875
4341.3125,5421.5625,22582.6875
4341.1875,5421.5625,22582.8125
4341.1875,5421.5625,22582.8125
4341.3125,5421.5,22582.6875
4341.3125,5421.5625,22582.6875
4341.625,5421.5625,22582.375
4341.8125,5421.5625,22582.1875
4341.625,5421.5625,22582.375
4341.75,5421.6875,22582.1875
4341.5625,5421.6875,22582.375
4341.5625,5421.6875,22582.375
4341.5625,5421.6875,22582.375
4341.5,5421.6875,22582.4375
4341.5,5421.6875,22582.4375
4341.5,5421.6875,22582.4375
4341.5,5421.6875,22582.4375
4341.4375,5421.6875,22582.5
4341.4375,5421.6875,22582.5
4341.4375,5421.6875,22582.5
4341.375,5421.6875,22582.5625
4341.3125,5421.6875,22582.625
4340.9375,5421.6875,22583.0
4340.75,5421.6875,22583.1875
4340.75,5421.6875,22583.1875
4340.75,5421.6875,22583.1875
4340.75,5421.6875,22583.1875
4340.75,5421.6875,22583.1875
4340.75,5421.6875,22583.1875
4340.75,5421.6875,22583.1875
4340.75,5421.6875,22583.1875
4340.6875,5421.6875,22583.25
4340.6875,5421.6875,22583.25
4340.6875,5421.5625,22583.25
4340.25,5421.6875,22583.6875
4340.25,5421.6875,22583.6875
4340.125,5421.6875,22583.8125
4341.625,5421.6875,22582.3125
4341.625,5421.6875,22582.3125
4341.625,5421.6875,22582.3125
4341.625,5421.6875,22582.3125
4341.375,5421.6875,22582.5625
4341.375,5421.6875,22582.5625
4341.375,5421.6875,22582.5625
4341.375,5421.6875,22582.5625
4341.375,5421.6875,22582.5625
4341.5625,5421.6875,22582.375
4341.5625,5421.6875,22582.375
4341.5625,5421.6875,22582.375
4341.5625,5421.6875,22582.375
4341.5625,5421.6875,22582.375
4340.75,5421.6875,22583.1875
4340.75,5421.6875,22583.1875
4340.6875,5421.6875,22583.25
4340.5,5421.6875,22583.4375
4340.5,5421.6875,22583.4375
4340.5,5421.6875,22583.4375
4340.5,5421.6875,22583.4375
4340.5,5421.6875,22583.4375
4340.5,5421.6875,22583.4375
4340.5,5421.6875,22583.4375
4340.5,5421.6875,22583.4375
4340.5,5421.6875,22583.4375
4340.5,5421.6875,22583.4375
4340.5,5421.6875,22583.4375
4340.5,5421.6875,22583.4375
4340.625,5421.6875,22583.3125
4337.1875,5421.6875,22586.1875
4337.1875,5421.6875,22586.1875
4337.125,5421.6875,22586.25
4336.75,5421.6875,22586.625
4337.8125,5421.6875,22585.5625
4337.8125,5421.6875,22585.5625
4337.75,5421.6875,22585.625
4337.75,5421.6875,22585.625
4337.75,5421.6875,22585.625
4337.75,5421.6875,22585.625
4337.75,5421.6875,22585.625
4337.75,5421.6875,22585.625
4337.75,5421.6875,22585.625
4337.75,5421.6875,22585.625
4338.25,5421.6875,22585.125
4338.1875,5421.6875,22585.1875
4338.1875,5421.6875,22585.1875
4338.0625,5421.6875,22585.3125
4338.0625,5421.6875,22585.3125
4338.0625,5421.625,22585.3125
4338.0625,5421.6875,22585.3125
4338.0625,5421.6875,22585.3125
4338.0625,5421.6875,22585.3125
4338.0,5421.6875,22585.375
4338.0,5421.6875,22585.375
4338.0,5421.6875,22585.375
4338.0,5421.6875,22585.375
4338.0,5421.6875,22585.375
4338.0,5421.6875,22585.375
4338.125,5421.6875,22585.25
4338.125,5421.6875,22585.25
4337.75,5421.6875,22585.625
4337.75,5421.6875,22585.625
4337.75,5421.6875,22585.625
4337.6875,5421.6875,22585.6875
4337.625,5421.6875,22585.75
4337.625,5421.6875,22585.75
4337.625,5421.6875,22585.75
4337.625,5421.6875,22585.75
4337.5,5421.6875,22585.875
4337.5,5421.6875,22585.875
4337.5,5421.6875,22585.875
4337.5,5421.6875,22585.875
4337.5,5421.6875,22585.875
4336.9375,5421.6875,22586.4375
4336.9375,5421.6875,22586.4375
4336.9375,5421.6875,22586.4375
4336.9375,5421.6875,22586.4375
4336.9375,5421.6875,22586.4375
4336.9375,5421.6875,22586.4375
4344.5625,5421.6875,22578.8125
4344.375,5421.6875,22579.0
4338.5625,5421.6875,22584.8125
4338.3125,5421.6875,22585.0625
4338.3125,5421.6875,22585.0625
4338.3125,5421.6875,22585.0625
4338.3125,5421.6875,22585.0625
4338.1875,5421.6875,22585.1875
4338.1875,5421.6875,22585.1875
4338.9375,5421.6875,22584.1875
4338.9375,5421.6875,22584.1875
4338.9375,5421.6875,22584.1875
4338.9375,5421.6875,22584.1875
4338.25,5421.6875,22584.875
4338.125,5421.6875,22585.0
4337.9375,5421.6875,22585.1875
4337.9375,5421.6875,22585.1875
4337.9375,5421.6875,22585.1875
4337.9375,5421.6875,22585.1875
4337.9375,5421.6875,22585.1875
4337.875,5421.6875,22585.25
4337.875,5421.6875,22585.25
4337.875,5421.6875,22585.25
4337.6875,5421.6875,22585.4375
4337.375,5421.6875,22585.6875
4337.375,5421.6875,22585.6875
4337.375,5421.6875,22585.6875
4337.375,5421.6875,22585.6875
4337.375,5421.6875,22585.6875
4337.375,5421.6875,22585.6875
4337.375,5421.6875,22585.6875
4337.375,5421.6875,22585.6875
4337.375,5421.6875,22585.6875
4337.375,5421.6875,22585.6875
4337.1875,5421.6875,22585.875
4337.1875,5421.6875,22585.875
4337.1875,5421.6875,22585.875
4337.125,5421.6875,22585.9375
4337.125,5421.6875,22585.9375
4337.25,5421.6875,22585.8125
4337.25,5421.6875,22585.8125
4337.25,5421.6875,22585.8125
4337.25,5421.6875,22585.8125
4337.25,5421.6875,22585.8125
4337.1875,5421.6875,22585.875
4337.1875,5421.6875,22585.875
4337.125,5421.6875,22585.9375
4337.125,5421.6875,22585.9375
4337.125,5421.6875,22585.9375
4337.125,5421.6875,22585.9375
4337.125,5421.6875,22585.9375
4337.125,5421.6875,22585.9375
4337.125,5421.6875,22585.9375
4337.0,5421.6875,22586.0625
4337.4375,5421.6875,22585.625
4337.4375,5421.6875,22585.625
4336.875,5421.6875,22586.1875
4336.875,5421.6875,22586.1875
4336.875,5421.6875,22586.1875
4336.875,5421.6875,22586.1875
4336.875,5421.6875,22586.1875
4336.875,5421.6875,22586.1875
4336.875,5421.6875,22586.1875
4336.875,5421.6875,22586.1875
4336.3125,5421.6875,22586.75
4388.25,5421.6875,22534.8125
4388.0625,5421.6875,22535.0
4388.0,5421.6875,22535.0625
4388.5625,5421.6875,22534.5
4388.25,5421.6875,22534.8125
4389.0,5421.6875,22534.0625
4389.0,5421.6875,22534.0625
4388.875,5421.6875,22534.1875
4388.875,5421.6875,22534.1875
4388.8125,5421.6875,22534.25
4388.8125,5421.6875,22534.25
4388.8125,5421.6875,22534.25
4388.8125,5421.6875,22534.25
4388.8125,5421.6875,22534.25
4388.8125,5421.6875,22534.25
4388.8125,5421.6875,22534.25
4388.8125,5421.6875,22534.25
4388.8125,5421.6875,22534.25
4388.8125,5421.6875,22534.25
4388.1875,5421.6875,22534.6875
4388.1875,5421.6875,22534.6875
4388.0,5421.6875,22534.875
4388.0,5421.6875,22534.875
4387.8125,5421.6875,22535.0625
4387.625,5421.6875,22535.25
4387.625,5421.6875,22535.25
4387.625,5421.6875,22535.25
4387.625,5421.6875,22535.25
4387.625,5421.6875,22535.25
4387.625,5421.6875,22535.25
4387.9375,5421.75,22534.9375
4387.9375,5421.75,22534.9375
4387.9375,5421.75,22534.9375
4387.625,5421.75,22535.25
4389.875,5421.75,22533.0
4389.6875,5421.75,22533.1875
4389.5,5421.75,22533.375
4389.5,5421.75,22533.375
4389.5,5421.75,22533.375
4389.5,5421.75,22533.375
4389.4375,5421.75,22533.4375
4389.4375,5421.75,22533.4375
4389.4375,5421.75,22533.4375
4389.4375,5421.75,22533.4375
4389.4375,5421.75,22533.4375
4389.4375,5421.75,22533.4375
4389.4375,5421.75,22533.4375
4389.4375,5421.75,22533.4375
4389.4375,5421.75,22533.4375
4388.6875,5421.75,22534.1875
4388.625,5421.75,22534.25
4388.5625,5421.75,22534.3125
4388.5625,5421.75,22534.3125
4388.5625,5421.75,22534.3125
4388.375,5421.75,22534.5
4388.375,5421.75,22534.5
4388.3125,5421.75,22534.5625
4388.3125,5421.75,22534.5625
4388.3125,5421.75,22534.5625
4388.3125,5421.75,22534.5625
4388.5,5421.75,22534.375
4388.3125,5421.75,22534.5625
4388.25,5421.75,22534.625
4388.75,5421.75,22534.125
4389.375,5421.75,22533.5
4389.375,5421.75,22533.5
4389.5,5421.625,22533.5
4389.1875,5421.5625,22533.875
4389.1875,5421.5625,22533.875
4389.3125,5421.5625,22533.75
4389.3125,5421.5625,22533.75
4389.3125,5421.5625,22533.75
4389.3125,5421.5625,22533.75
4389.3125,5421.5625,22533.75
4389.3125,5421.5625,22533.75
4389.3125,5421.5625,22533.75
4389.3125,5421.5625,22533.75
4389.3125,5421.5625,22533.75
4389.625,5421.5625,22533.4375
4390.0,5421.5625,22533.0625
4390.0,5421.5625,22533.0625
4390.0,5421.5625,22533.0625
4390.0,5421.5625,22533.0625
4390.0,5421.5625,22533.0625
4390.0,5421.5625,22533.0625
4390.1875,5421.5625,22532.875
4390.1875,5421.5625,22532.875
4390.1875,5421.5625,22532.875
4390.1875,5421.5625,22532.875
4402.0,5421.5625,22520.875
4395.0,5421.5625,22527.875
4395.0625,5421.5625,22527.875
4395.0625,5421.5625,22527.875
4394.875,5421.5625,22528.0625
4394.5625,5421.5625,22528.375
4394.5625,5421.5625,22528.375
4395.6875,5421.5625,22527.25
4395.6875,5421.5625,22527.25
4395.6875,5421.5625,22527.25
4395.375,5421.5625,22527.5625
4395.375,5421.5625,22527.5625
4395.375,5421.5625,22527.5625
4394.125,5421.5625,22528.8125
4394.125,5421.5625,22528.8125
4394.0625,5421.5625,22528.875
4394.0625,5421.5625,22528.875
4394.0625,5421.5625,22528.875
4394.0,5421.5625,22528.9375
4394.6875,5421.5625,22528.25
4396.0,5421.5625,22526.875
4396.0,5421.5625,22526.875
4396.0,5421.5625,22526.875
4396.0,5421.5625,22526.875
4396.0,5421.5625,22526.875
4396.1875,5421.5625,22526.6875
4395.5625,5421.5625,22527.3125
4395.5625,5421.5625,22527.3125
4395.5625,5421.5625,22527.3125
4395.5625,5421.5625,22527.3125
4395.5625,5421.5625,22527.3125
4395.5625,5421.5625,22527.3125
4395.5625,5421.5625,22527.3125
4395.5625,5421.5625,22527.3125
4395.875,5421.625,22526.9375
4395.6875,5421.625,22527.125
4395.6875,5421.625,22527.125
4395.6875,5421.625,22527.125
4395.6875,5421.625,22527.125
4395.6875,5421.625,22527.125
4395.5,5421.625,22527.3125
4395.3125,5421.625,22527.5
4395.125,5421.625,22527.6875
4395.125,5421.625,22527.6875
4395.125,5421.625,22527.6875
4395.125,5421.625,22527.6875
4395.125,5421.625,22527.6875
4395.125,5421.625,22527.6875
4395.125,5421.625,22527.6875
4395.5,5421.625,22527.3125
4397.125,5421.625,22525.375
4396.875,5421.625,22525.625
4396.875,5421.625,22525.625
4396.875,5421.625,22525.625
4396.875,5421.625,22525.625
4396.875,5421.625,22525.625
4396.875,5421.625,22525.625
4396.75,5421.625,22525.75
4396.75,5421.625,22525.75
4396.75,5421.625,22525.75
4396.5625,5421.625,22525.875
4394.5,908.4375,27046.4375
4395.9375,971.875,26977.375
4395.75,971.875,26977.5625
4395.1875,971.875,26978.125
4396.4375,1003.625,26945.0
4396.25,1003.625,26945.1875
4396.5,1131.625,26817.4375
4396.5,1131.625,26817.4375
4396.125,1131.625,26817.8125
4395.75,1131.625,26818.1875
4395.25,1132.4375,26817.875
4395.25,1132.4375,26817.875
4387.125,1259.9375,26698.5
4395.0,1260.4375,26689.6875
4395.0,1260.4375,26689.6875
4395.0,1260.4375,26689.6875
4395.0,1260.4375,26689.6875
4395.0,1260.4375,26689.6875
4395.0625,1260.4375,26689.625
4402.875,1333.6875,26610.9375
4414.125,1311.375,26618.8125
4414.125,1311.375,26618.8125
4414.125,1311.375,26618.8125
4413.5625,1311.375,26619.375
4413.375,1311.375,26619.5625
4413.375,1311.375,26619.5625
4414.6875,1439.375,26490.75
4414.6875,1439.375,26490.75
4414.8125,1438.875,26491.125
4417.3125,1368.875,26558.625
4421.0,1335.1875,26588.75
4421.0,1335.1875,26588.75
4420.375,1335.1875,26589.375
4421.125,1463.1875,26461.125
4420.375,1463.1875,26461.875
4420.3125,1462.3125,26462.8125
4420.125,1462.3125,26463.0
4420.125,1462.3125,26463.0
4419.75,1462.3125,26463.375
4419.375,1458.0,26468.0625
4420.375,1508.25,26416.75
4420.1875,1508.25,26416.9375
4419.8125,1508.25,26417.3125
4419.8125,1508.25,26417.3125
4419.8125,1508.25,26417.3125
4419.75,1490.3125,26435.3125
4417.3125,1617.8125,26310.25
4420.3125,1634.3125,26290.375
4419.9375,1634.3125,26290.75
4418.3125,1633.4375,26293.25
4425.375,1586.6875,26333.375
4425.1875,1585.625,26334.9375
4425.1875,1585.625,26334.9375
4420.6875,1713.5625,26211.9375
4424.4375,1713.625,26207.25
4424.0625,1713.625,26207.625
4424.0625,1713.625,26207.625
4423.6875,1713.625,26208.0
4423.5,1713.625,26208.1875
4423.5,1713.5625,26208.1875
4423.3125,1759.8125,26162.4375
4422.3125,1759.6875,26163.375
4440.3125,4110.75,23796.9375
4446.5,5041.5625,22859.8125
4442.1875,5041.5625,22864.125
4442.0,5057.5625,22848.375
4442.0,5057.5625,22848.375
4441.8125,5057.5625,22848.5625
4441.25,5058.8125,22847.25
4441.25,5058.75,22847.25
4439.75,5058.8125,22848.75
4439.375,5058.8125,22849.125
4439.375,5059.0,22849.0
4439.0625,5059.0,22849.375
4438.875,5059.0,22849.5625
4438.875,5059.0,22849.5625
4438.875,5059.0,22849.5625
4438.875,5059.0,22849.5625
4438.875,5059.0,22849.5625
4438.0,5059.0,22850.3125
4437.8125,5059.0,22850.5
4437.8125,5059.0,22850.5
4437.8125,5059.0,22850.5
4437.625,5059.0,22850.6875
4437.4375,5059.0,22850.875
4445.0,5059.0,22843.125
4443.5,5059.0,22844.625
4436.1875,5059.0,22851.75
4435.8125,5059.0,22852.125
4435.25,5059.0,22852.6875
4435.25,5059.0,22852.6875
4434.625,5059.0,22853.3125
4434.5,5059.0,22853.4375
4434.0,5059.0,22853.9375
4432.4375,5059.0,22854.6875
4432.25,5059.0,22854.875
4431.875,5059.0,22855.25
4431.5,5059.0,22855.625
4430.9375,5059.0,22856.1875
4430.875,5059.0,22856.25
4430.875,5059.0,22856.25
4429.75,5059.0,22857.375
4429.75,5059.0,22857.375
4429.75,5059.0,22857.375
4429.5625,5059.0,22857.5625
4429.375,5059.0,22857.75
4429.375,5059.0,22857.75
4429.375,5059.0,22857.75
4429.0,5059.0,22858.125
4428.0,5059.0625,22859.125
4427.8125,5059.0,22859.3125
4426.25,5059.0625,22860.875
4425.5625,5059.0625,22861.5625
4425.5625,5059.0625,22861.5625
4422.6875,5059.75,22863.9375
4422.6875,5059.75,22863.9375
4422.25,5059.75,22864.375
4422.125,5059.75,22864.5
4421.875,5059.75,22864.75
4421.75,5059.6875,22864.875
4421.6875,5059.75,22864.9375
4420.375,5059.75,22866.25
4420.375,5059.75,22866.25
4419.8125,5059.75,22866.8125
4419.375,5059.75,22867.1875
4419.375,5059.75,22867.1875
4419.375,5059.75,22867.1875
4419.375,5059.75,22867.1875
4419.375,5059.75,22867.1875
4419.3125,5059.75,22867.25
4419.3125,5059.75,22867.25
4467.3125,5060.25,22819.1875
4472.125,5060.25,22814.3125
4471.875,5060.25,22814.5625
4471.875,5060.25,22814.5625
4471.875,5060.25,22814.5625
4471.875,5060.25,22814.5625
4471.875,5060.25,22814.5625
4472.1875,5060.25,22814.25
4471.125,5060.25,22814.4375
4470.6875,5060.25,22814.875
4469.375,5060.25,22816.1875
4469.375,5060.25,22816.1875
4469.375,5060.25,22816.1875
4468.6875,5060.25,22816.875
4468.6875,5060.25,22816.875
4468.6875,5060.25,22816.875
4468.6875,5060.1875,22816.875
4468.75,5060.125,22816.875
4468.4375,5060.125,22817.25
4468.4375,5060.1875,22817.25
4468.125,5060.1875,22817.625
4468.125,5060.1875,22817.625
4467.9375,5060.1875,22817.8125
4467.3125,5060.1875,22818.5
4467.3125,5060.1875,22818.5
4466.9375,5060.1875,22818.875
4466.9375,5060.1875,22818.875
4466.75,5060.1875,22819.0625
4466.75,5060.1875,22819.0625
4466.5625,5060.1875,22819.25
4466.0,5060.1875,22819.8125
4465.75,5060.1875,22820.0625
4465.75,5060.1875,22820.0625
4465.75,5060.1875,22820.0625
4465.75,5060.1875,22820.0625
4465.75,5060.1875,22820.0625
4465.75,5060.1875,22820.0625
4465.9375,5060.1875,22819.875
4465.9375,5060.1875,22819.875
4465.9375,5060.1875,22819.875
4465.5625,5060.1875,22820.25
4465.5625,5060.1875,22820.25
4465.5625,5060.1875,22820.25
4465.5,5060.1875,22820.3125
4465.5,5060.1875,22820.3125
4465.5,5060.1875,22820.3125
4465.5,5060.1875,22820.3125
4465.5,5060.1875,22820.3125
4465.5,5060.1875,22820.3125
4465.5,5060.1875,22820.3125
4465.5,5060.1875,22820.3125
4465.6875,5060.1875,22820.125
4465.6875,5060.1875,22820.125
4465.3125,5060.1875,22820.5
4465.3125,5060.1875,22820.5
4465.6875,5060.1875,22820.125
4463.75,5060.125,22821.75
4463.75,5060.125,22821.75
4463.5625,5060.125,22821.9375
4463.5625,5060.125,22821.9375
4462.625,5060.125,22822.875
4462.625,5060.125,22822.875
4462.625,5060.125,22822.875
4462.625,5060.125,22822.875
4462.625,5060.125,22822.875
4462.625,5060.125,22822.875
4462.625,5060.125,22822.875
4462.625,5060.125,22822.875
4462.625,5060.125,22822.875
4462.625,5060.125,22822.875
4462.625,5060.0625,22822.875
4462.625,5060.125,22822.875
4462.625,5060.125,22822.875
4462.625,5060.125,22822.875
4462.4375,5060.125,22823.0625
4462.4375,5060.125,22823.0625
4462.4375,5060.125,22823.0625
4462.4375,5060.125,22823.0625
4462.4375,5060.125,22823.0625
4462.8125,5060.1875,22822.6875
4462.5625,5060.1875,22822.9375
4462.25,5060.1875,22822.9375
4462.25,5060.1875,22822.9375
4462.25,5060.1875,22822.9375
4462.25,5060.1875,22822.9375
4462.25,5060.1875,22822.9375
4462.25,5060.1875,22822.9375
4462.25,5060.1875,22822.9375
4462.25,5060.1875,22822.9375
4462.25,5060.1875,22822.9375
4461.8125,5060.1875,22823.375
4461.8125,5060.1875,22823.375
4462.25,5060.1875,22822.9375
4462.25,5060.1875,22822.9375
4461.375,5060.1875,22823.8125
4461.375,5060.1875,22823.8125
4461.1875,5060.1875,22824.0
4460.8125,5060.1875,22824.375
4460.5625,5060.1875,22824.625
4460.375,5060.1875,22824.8125
4459.75,5060.1875,22825.4375
4459.9375,5060.1875,22825.25
4459.8125,5060.1875,22825.375
4459.0625,5060.1875,22826.125
4459.0625,5060.1875,22826.125
4459.0625,5060.125,22826.125
4459.0,5060.1875,22826.1875
4458.8125,5060.1875,22826.375
4463.0,5060.1875,22822.0625
4462.875,5060.1875,22822.1875
4462.3125,5060.1875,22822.75
4462.3125,5060.1875,22822.75
4462.125,5060.1875,22822.9375
4462.4375,5060.1875,22822.5
4462.4375,5060.1875,22822.5
4462.4375,5060.1875,22822.5
4462.4375,5060.1875,22822.5
4462.4375,5060.1875,22822.5
4462.8125,5060.1875,22822.125
4463.375,5060.1875,22821.5625
4463.25,5060.1875,22821.6875
4462.5625,5060.1875,22822.375
4462.5625,5060.1875,22822.375
4462.125,5060.1875,22822.8125
4460.8125,5060.1875,22824.125
4460.8125,5060.1875,22824.125
4460.8125,5060.1875,22824.125
4461.0,5060.1875,22823.9375
4460.375,5060.1875,22824.5625
4460.375,5060.1875,22824.5625
4460.375,5060.1875,22824.5625
4460.1875,5060.1875,22824.75
4460.1875,5060.1875,22824.75
4460.1875,5060.1875,22824.75
4461.125,5060.1875,22823.8125
4461.125,5060.1875,22823.8125
4461.125,5060.1875,22823.8125
4461.125,5060.1875,22823.8125
4461.125,5060.1875,22823.8125
4461.125,5060.125,22823.8125
4461.125,5060.1875,22823.8125
4460.75,5060.1875,22824.1875
4460.25,5060.1875,22824.6875
4461.0625,5060.1875,22823.875
4460.875,5060.1875,22824.0625
4460.8125,5060.1875,22824.125
4460.8125,5060.1875,22824.125
4460.8125,5060.1875,22824.125
4460.75,5060.1875,22824.1875
4460.5625,5060.1875,22824.375
4460.5625,5060.1875,22824.375
4459.9375,5060.1875,22825.0
4459.9375,5060.1875,22825.0
4459.875,5060.1875,22825.0
4459.625,5060.1875,22825.25
4459.625,5060.1875,22825.25
4459.625,5060.1875,22825.25
4459.8125,5060.1875,22825.0625
4460.1875,5060.1875,22824.6875
4460.1875,5060.1875,22824.6875
4460.1875,5060.1875,22824.6875
4460.0625,5060.1875,22824.8125
4460.0625,5060.1875,22824.8125
4460.0625,5060.1875,22824.8125
4460.0625,5060.1875,22824.8125
4460.0625,5060.1875,22824.8125
4460.0625,5060.1875,22824.8125
4460.0625,5060.1875,22824.8125
4460.0625,5060.1875,22824.8125
4460.0625,5060.125,22824.8125
4459.75,5060.1875,22825.125
4459.75,5060.1875,22825.125
4459.375,5060.1875,22825.125
4461.0,5060.1875,22823.5
4461.0,5060.1875,22823.5
4461.0,5060.1875,22823.5
4460.875,5060.1875,22823.625
4460.8125,5060.1875,22823.6875
4460.8125,5060.1875,22823.6875
4460.8125,5060.1875,22823.6875
4460.6875,5060.1875,22823.8125
4460.3125,5060.1875,22824.1875
4460.3125,5060.1875,22824.1875
4460.3125,5060.1875,22824.1875
4460.3125,5060.1875,22824.1875
4460.3125,5060.1875,22824.1875
4460.3125,5060.1875,22824.1875
4460.125,5060.1875,22824.375
4460.125,5060.1875,22824.375
4459.9375,5060.1875,22824.5625
4459.9375,5060.1875,22824.5625
4459.875,5060.1875,22824.625
4460.0625,5060.1875,22824.4375
4459.875,5060.1875,22824.625
4459.875,5060.1875,22824.625
4459.875,5060.1875,22824.625
4459.875,5060.1875,22824.625
4459.875,5060.1875,22824.625
4459.875,5060.1875,22824.625
4459.875,5060.1875,22824.625
4459.875,5060.1875,22824.625
4459.875,5060.1875,22824.625
4459.9375,5060.1875,22824.5625
4461.375,5060.1875,22823.125
4461.375,5060.1875,22823.125
4461.375,5060.1875,22823.125
4461.375,5060.1875,22823.125
4461.375,5060.1875,22823.125
4461.5625,5060.1875,22822.9375
4461.5625,5060.1875,22822.9375
4461.5625,5060.1875,22822.9375
4460.9375,5060.1875,22823.5625
4460.75,5060.3125,22823.75
4460.75,5060.3125,22823.75
4460.75,5060.3125,22823.75
4460.625,5060.3125,22823.875
4460.625,5060.3125,22823.875
4460.625,5060.3125,22823.875
4458.4375,5060.3125,22825.9375
4458.0625,5060.3125,22826.3125
4458.0625,5060.3125,22826.3125
4458.0625,5060.3125,22826.3125
4458.125,5060.3125,22826.25
4458.125,5060.3125,22826.25
4458.125,5060.3125,22826.25
4458.125,5060.3125,22826.25
4458.1875,5060.1875,22826.25
4458.0,5060.1875,22826.4375
4458.0,5060.1875,22826.4375
4458.0,5060.1875,22826.4375
4458.0,5060.1875,22826.4375
4458.0,5060.1875,22826.4375
4457.875,5060.25,22826.5
4459.0,5060.25,22825.25
4458.6875,5060.25,22825.5625
4458.6875,5060.25,22825.5625
4458.6875,5060.25,22825.5625
4458.5,5060.25,22825.75
4458.5,5060.25,22825.75
4458.5,5060.25,22825.75
4458.5,5060.25,22825.75
4458.375,5060.25,22825.75
4458.125,5060.25,22826.0
4458.125,5060.25,22826.0
4458.125,5060.25,22826.0
4458.125,5060.25,22826.0
4457.875,5060.25,22826.25
4457.375,5060.25,22826.75
4458.3125,5060.25,22825.8125
4458.3125,5060.25,22825.8125
4458.3125,5060.25,22825.8125
4458.3125,5060.25,22825.8125
4458.3125,5060.25,22825.8125
4465.8125,5060.1875,22818.375
4467.1875,5060.25,22817.0
4460.125,5060.25,22824.0625
4460.125,5060.25,22824.0625
4460.125,5060.25,22824.0625
4460.125,5060.25,22824.0625
4460.125,5060.25,22824.0625
4460.125,5060.25,22824.0625
4460.125,5060.25,22824.0625
4460.4375,5060.25,22823.6875
4460.3125,5060.25,22823.8125
4455.8125,5060.25,22828.3125
4455.1875,5060.25,22828.9375
4455.1875,5060.25,22828.9375
4455.375,5060.25,22828.75
4455.125,5060.25,22829.0
4455.125,5060.25,22829.0
4455.125,5060.25,22829.0
4455.125,5060.25,22829.0
4455.125,5060.25,22829.0
4454.9375,5060.25,22829.1875
4454.75,5060.25,22829.375
4454.9375,5060.25,22829.1875
4454.9375,5060.25,22829.1875
4455.1875,5060.3125,22828.875
4454.6875,5060.3125,22829.375
4454.875,5060.3125,22829.1875
4454.75,5060.3125,22829.3125
4454.5625,5060.3125,22829.5
4508.6875,5060.5625,22775.375
4508.875,5060.5625,22775.1875
4508.8125,5060.5625,22775.25
4508.6875,5060.5625,22775.375
4508.6875,5060.5625,22775.375
4508.6875,5060.5625,22775.375
4508.6875,5060.5625,22775.375
4508.6875,5060.5625,22775.375
4508.6875,5060.5625,22775.375
4508.6875,5060.5625,22775.375
4508.625,5060.5625,22775.4375
4508.8125,5060.5625,22774.875
4508.8125,5060.5625,22774.875
4508.8125,5060.5625,22774.875
4508.625,5060.5625,22775.0625
4508.625,5060.5625,22775.0625
4508.625,5060.5625,22775.0625
4508.625,5060.5625,22775.0625
4508.625,5060.5625,22775.0625
4508.625,5060.5625,22775.0625
4508.625,5060.5625,22775.0625
4508.5,5060.5625,22775.1875
4508.5,5060.5625,22775.1875
4508.5,5060.5625,22775.1875
4508.5,5060.5625,22775.1875
4509.0625,5060.5625,22774.625
4509.125,5060.5625,22774.5
4508.9375,5060.5625,22774.6875
4508.75,5060.5625,22774.875
4508.6875,5060.5625,22774.9375
4508.625,5060.5,22775.0
4508.4375,5060.5625,22775.1875
4508.4375,5060.5625,22775.1875
4508.4375,5060.5625,22775.1875
4508.8125,5060.5625,22774.8125
4508.625,5060.5625,22775.0
4508.625,5060.5625,22775.0
4508.625,5060.5625,22775.0
4507.875,5060.5625,22775.75
4508.25,5060.5625,22775.375
4508.0,5060.5625,22775.625
4508.125,5060.5625,22775.5
4508.125,5060.5625,22775.5
4508.125,5060.5,22775.5
4508.125,5060.5625,22775.5
4508.125,5060.5625,22775.5
4508.125,5060.5625,22775.5
4508.0625,5060.5625,22775.5625
4507.875,5060.5625,22775.75
4507.875,5060.5625,22775.75
4507.875,5060.5625,22775.75
4507.875,5060.5625,22775.75
4507.875,5060.5625,22775.75
4507.875,5060.5625,22775.75
4507.875,5060.5625,22775.75
4507.6875,5060.625,22775.9375
4508.625,5060.625,22775.0
4508.625,5060.625,22775.0
4508.4375,5060.625,22775.1875
4508.4375,5060.625,22775.1875
4508.1875,5060.625,22775.4375
4508.1875,5060.625,22775.4375
4508.1875,5060.625,22775.4375
4508.1875,5060.625,22775.4375
4508.1875,5060.625,22775.4375
4508.1875,5060.625,22775.4375
4508.1875,5060.5625,22775.4375
4508.1875,5060.625,22775.4375
4508.1875,5060.625,22775.4375
4521.75,5060.625,22761.875
4521.9375,5060.625,22761.6875
4521.9375,5060.625,22761.6875
4521.9375,5060.625,22761.6875
4521.75,5060.625,22761.875
4521.9375,5060.625,22761.6875
4521.9375,5060.625,22761.6875
4522.3125,5060.625,22761.3125
4522.125,5060.625,22761.5
4521.9375,5060.625,22761.6875
4522.125,5060.625,22761.5
4522.0625,5060.625,22761.5625
4522.25,5060.625,22761.375
4522.0625,5060.625,22761.5625
4522.0625,5060.625,22761.5625
4522.0625,5060.625,22761.5625
4521.9375,5060.625,22761.6875
4522.0,5060.625,22761.625
4522.0,5060.625,22761.625
4522.0,5060.625,22761.625
4522.0,5060.625,22761.625
4522.1875,5060.625,22761.4375
4522.0625,5060.625,22761.5625
4522.0625,5060.625,22761.5625
4521.875,5060.625,22761.75
4522.0625,5060.625,22761.5625
4522.0625,5060.625,22761.5625
4522.0625,5060.625,22761.5625
4522.0625,5060.625,22761.5625
4521.875,5060.625,22761.75
4522.0625,5060.625,22761.5625
4522.0625,5060.625,22761.5625
4522.0,5060.625,22761.625
4522.0,5060.625,22761.625
4522.0,5060.625,22761.625
4521.4375,5060.625,22762.1875
4521.8125,5060.625,22761.8125
4521.625,5060.625,22762.0
4521.8125,5060.625,22761.8125
4521.4375,5060.625,22762.1875
4521.625,5060.625,22762.0
4521.5,5060.625,22762.125
4521.3125,5060.625,22762.3125
4521.3125,5060.625,22762.3125
4521.3125,5060.5625,22762.3125
4521.1875,5060.625,22762.4375
4521.5625,5060.625,22762.0625
4522.0,5060.625,22761.25
4522.0,5060.625,22761.25
4522.0,5060.625,22761.25
4522.0,5060.625,22761.25
4522.0,5060.625,22761.25
4522.0,5060.625,22761.25
4522.125,5060.625,22761.125
4522.125,5060.625,22761.125
4522.0625,5060.625,22761.1875
4527.375,5060.625,22755.9375
4527.375,5060.625,22755.9375
4527.375,5060.625,22755.9375
4527.3125,5060.625,22756.0
4527.3125,5060.625,22756.0
4527.75,5060.5625,22755.5625
4527.625,5060.625,22755.5625
4527.625,5060.625,22755.5625
4527.625,5060.625,22755.5625
4527.625,5060.625,22755.5625
4527.625,5060.625,22755.5625
4527.5625,5060.625,22755.625
4540.6875,5060.625,22742.5
4540.6875,5060.625,22742.5
4540.6875,5060.625,22742.5
4541.0,5060.625,22742.125
4541.0,5060.625,22742.125
4541.0,5060.625,22742.125
4540.9375,5060.6875,22742.125
4540.9375,5060.6875,22742.125
4539.1875,5060.6875,22743.875
4539.1875,5060.75,22743.875
4539.125,5060.75,22743.9375
4539.125,5060.75,22743.9375
4539.125,5060.75,22743.9375
4539.125,5060.75,22743.9375
4538.8125,5060.75,22744.25
4539.5,5060.75,22743.5
4539.5,5060.75,22743.5
4539.3125,5060.75,22743.6875
4539.3125,5060.75,22743.6875
4539.3125,5060.75,22743.6875
4539.3125,5060.75,22743.6875
4539.3125,5060.6875,22743.6875
4539.3125,5060.75,22743.6875
4539.3125,5060.75,22743.6875
4539.5,5060.75,22743.5
4539.5,5060.75,22743.5
4539.5,5060.75,22743.5
4539.5,5060.75,22743.5
4539.6875,5060.75,22743.3125
4539.6875,5060.75,22743.3125
4539.6875,5060.75,22743.3125
4539.6875,5060.75,22743.3125
4539.6875,5060.75,22743.3125
4539.6875,5060.6875,22743.3125
4539.8125,5060.75,22743.1875
4539.8125,5060.75,22743.1875
4539.8125,5060.75,22743.1875
4539.8125,5060.75,22743.1875
4539.875,5060.75,22743.125
4540.125,5060.75,22742.75
4539.75,5060.75,22743.125
4539.625,5060.75,22743.25
4539.625,5060.75,22743.25
4539.625,5060.75,22743.25
4539.5,5060.75,22743.3125
4539.4375,5060.75,22743.375
4539.4375,5060.75,22743.375
4539.4375,5060.75,22743.375
4539.375,5060.75,22743.4375
4539.375,5060.75,22743.4375
4539.75,5060.9375,22742.9375
4539.5,5061.0,22743.1875
4539.5,5061.0,22743.1875
4540.25,5061.0,22742.4375
4542.1875,5061.0,22740.5
4542.125,5060.9375,22740.5625
4542.125,5061.0,22740.5625
4542.125,5061.0,22740.5625
4542.125,5061.0,22740.5625
4542.125,5061.0,22740.5625
4542.125,5061.0,22740.5625
4542.125,5060.9375,22740.5625
4542.25,5061.0,22740.4375
4542.25,5061.0,22740.4375
4541.875,5061.0,22740.8125
4541.875,5061.0,22740.8125
4541.875,5060.9375,22740.8125
4541.8125,5061.0,22740.625
4541.625,5061.0,22740.8125
4541.5,5061.0,22740.9375
4552.375,5061.0,22730.0625
4555.375,5061.0,22727.0625
4555.375,5061.0,22727.0625
4555.375,5061.0,22727.0625
4555.375,5061.0,22727.0625
4555.3125,5061.0,22727.125
4555.25,5061.0,22727.1875
4555.25,5061.0,22727.1875
4555.25,5061.0,22727.1875
4555.25,5061.0,22727.1875
4555.25,5061.0,22727.1875
4555.1875,5061.0,22727.25
4555.1875,5061.0,22727.25
4555.125,5061.0,22727.3125
4554.4375,5061.0,22728.0
4554.4375,5061.0,22728.0
4554.4375,5061.0,22728.0
4554.4375,5061.0,22728.0
4554.4375,5061.0,22728.0
4554.4375,5061.0,22728.0
4554.4375,5061.0,22728.0
4554.4375,5061.0,22728.0
4554.4375,5061.0,22728.0
4554.4375,5061.0,22728.0
4554.375,5061.0,22728.0625
4554.375,5061.0,22728.0625
4554.375,5061.0,22728.0625
4554.5625,5061.0,22727.875
4555.0625,5061.0,22727.375
4555.0625,5061.0,22727.375
4555.0625,5061.0,22727.375
4554.75,5061.0,22727.6875
4554.75,5061.0,22727.6875
4554.75,5061.0,22727.6875
4554.5,5061.0,22727.9375
4554.5,5061.0,22727.9375
4554.5,5061.0,22727.9375
4554.5,5061.0,22727.9375
4554.5,5061.0,22727.9375
4554.5,5061.0,22727.9375
4554.5,5061.0,22727.9375
4554.5,5061.0,22727.9375
4554.5,5061.0,22727.9375
4554.6875,5061.0,22727.75
4555.0,5061.0,22727.4375
4555.0,5061.0,22727.4375
4555.0,5061.0,22727.4375
4555.1875,5061.0,22727.25
4555.0625,5061.0,22727.375
4555.25,5061.0,22727.1875
4555.25,5061.0,22727.1875
4555.25,5061.0,22727.1875
4555.25,5061.0,22727.1875
4555.25,5061.0,22727.1875
4555.25,5061.0625,22727.1875
4555.125,5061.0,22727.3125
4555.125,5061.0,22727.3125
4555.125,5061.0,22727.3125
4555.125,5061.0,22727.125
4555.125,5061.0,22727.125
4555.125,5061.0,22727.125
4555.125,5061.0,22727.125
4555.125,5061.0,22727.125
4555.125,5061.0,22727.125
4560.0,5061.0,22722.25
4562.9375,5061.0,22719.3125
4558.25,5061.0,22724.0
4557.875,5061.0,22724.375
4557.875,5061.0,22724.375
4557.6875,5061.0,22724.5625
4557.6875,5061.0,22724.5625
4557.6875,5061.0,22724.5625
4557.6875,5061.0,22724.5625
4557.6875,5061.0,22724.5625
4557.6875,5061.0,22724.5625
4572.125,5061.0,22710.125
4572.0,5061.0,22710.25
4572.0,5061.0,22710.25
4572.0,5060.9375,22710.25
4571.9375,5061.0,22710.3125
4571.6875,5061.0,22710.5625
4571.6875,5061.0,22710.5625
4571.5625,5061.0,22710.6875
4571.5625,5061.0,22710.6875
4571.5625,5061.0,22710.6875
4571.125,5061.0625,22711.0625
4571.125,5061.0625,22711.0625
4571.125,5061.0625,22711.0625
4572.625,5061.0625,22709.5625
4572.625,5061.0625,22709.5625
4575.5625,5061.0,22706.5625
4569.3125,5061.0625,22712.75
4569.3125,5061.0625,22712.75
4569.3125,5061.0625,22712.75
4569.3125,5061.0625,22712.75
4569.3125,5061.0625,22712.75
4569.3125,5061.0625,22712.75
4569.3125,5061.0625,22712.75
4569.3125,5061.0625,22712.75
4569.3125,5061.0625,22712.75
4569.3125,5061.0625,22712.75
4569.3125,5061.0625,22712.75
4569.3125,5061.0625,22712.75
4569.0625,5061.0625,22713.0
4569.0625,5061.0625,22713.0
4569.0625,5061.0625,22713.0
4569.0625,5061.0625,22713.0
4569.0625,5061.0625,22713.0
4569.0625,5061.0625,22713.0
4569.0625,5061.0625,22713.0
4569.0625,5061.0625,22713.0
4569.0625,5061.0625,22713.0
4569.0625,5061.0625,22713.0
4569.0625,5061.0625,22713.0
4569.0625,5061.0625,22713.0
4568.875,5061.0625,22713.1875
4568.875,5061.0625,22713.1875
4568.875,5061.0625,22713.1875
4569.0625,5061.0625,22712.9375
4568.6875,5061.0625,22713.3125
4568.6875,5061.0625,22713.3125
4568.4375,5061.0625,22713.5625
4568.4375,5061.0625,22713.5625
4568.4375,5061.0625,22713.5625
4568.4375,5061.0625,22713.5625
4568.4375,5061.0625,22713.5625
4568.4375,5061.0625,22713.5625
4568.4375,5061.0625,22713.5625
4568.4375,5061.0625,22713.5625
4568.4375,5061.0625,22713.5625
4568.4375,5061.0625,22713.5625
4568.4375,5061.0625,22713.5625
4568.625,5061.0625,22713.375
4567.4375,5061.0625,22714.4375
4567.4375,5061.0625,22714.4375
4567.4375,5061.0625,22714.4375
4567.4375,5061.0625,22714.4375
4567.4375,5061.0625,22714.4375
4567.4375,5061.0625,22714.4375
4567.4375,5061.0625,22714.4375
4567.4375,5061.0625,22714.4375
4567.375,5061.0625,22714.5
4567.0,5061.0625,22714.875
4567.0,5061.0625,22714.875
4567.0,5061.0625,22714.875
4580.5,5061.125,22701.375
4580.4375,5061.125,22701.4375
4580.4375,5061.0625,22701.4375
4582.25,5061.125,22699.625
4582.25,5061.125,22699.625
4582.1875,5061.125,22699.6875
4582.1875,5061.125,22699.6875
4582.1875,5061.125,22699.6875
4582.1875,5061.125,22699.6875
4582.375,5061.125,22699.5
4582.25,5061.125,22699.625
4582.25,5061.125,22699.625
4582.25,5061.125,22699.625
4582.25,5061.125,22699.625
4582.25,5061.125,22699.625
4582.1875,5061.125,22699.6875
4582.1875,5061.125,22699.6875
4582.125,5061.125,22699.6875
4581.875,5061.125,22699.9375
4581.875,5061.125,22699.9375
4581.75,5061.125,22700.0625
4581.75,5061.125,22700.0625
4581.75,5061.125,22700.0625
4581.375,5061.125,22700.4375
4581.375,5061.125,22700.4375
4581.375,5061.125,22700.4375
4581.375,5061.125,22700.4375
4581.375,5061.125,22700.4375
4581.375,5061.125,22700.4375
4581.375,5061.125,22700.4375
4581.375,5061.1875,22700.4375
4581.375,5061.1875,22700.4375
4580.8125,5061.125,22701.0
4580.625,5061.125,22701.1875
4580.625,5061.0625,22701.1875
4580.4375,5061.125,22701.375
4580.4375,5061.125,22701.375
4580.4375,5061.125,22701.375
4580.1875,5061.125,22701.625
4580.1875,5061.125,22701.625
4580.1875,5061.125,22701.625
4580.125,5061.125,22701.6875
4580.125,5061.125,22701.6875
4580.125,5061.125,22701.6875
4580.125,5061.125,22701.6875
4580.125,5061.125,22701.6875
4580.125,5061.125,22701.6875
4580.3125,5061.125,22701.5
4581.25,5061.125,22700.5625
4581.25,5061.125,22700.5625
4581.0625,5061.125,22700.75
4580.8125,5061.125,22701.0
4580.5,5061.125,22701.3125
4579.875,5061.125,22701.9375
4579.875,5061.125,22701.9375
4579.875,5061.125,22701.9375
4579.875,5061.125,22701.9375
4579.8125,5061.125,22702.0
4579.8125,5061.125,22702.0
4579.8125,5061.125,22702.0
4579.8125,5061.125,22702.0
4579.375,5061.125,22702.4375
4579.375,5061.125,22702.4375
4580.75,5061.125,22701.0625
4580.75,5061.125,22701.0625
4580.5625,5061.125,22701.25
4580.375,5061.125,22701.4375
4580.375,5061.125,22701.4375
4580.375,5061.125,22701.4375
4580.375,5061.125,22701.4375
4580.375,5061.125,22701.4375
4580.375,5061.125,22701.4375
4599.1875,5061.25,22682.0
4601.375,5061.25,22679.8125
4601.3125,5061.25,22679.875
4601.3125,5061.25,22679.875
4601.3125,5061.25,22679.875
4601.3125,5061.1875,22679.875
4600.875,5061.25,22680.3125
4600.875,5061.25,22680.3125
4600.8125,5061.25,22680.375
4600.5,5061.25,22680.6875
4600.5,5061.25,22680.6875
4600.5,5061.25,22680.6875
4600.5,5061.25,22680.6875
4600.5,5061.25,22680.6875
4600.5,5061.25,22680.6875
4600.5,5061.25,22680.6875
4600.5,5061.25,22680.6875
4600.6875,5061.25,22680.5
4601.6875,5061.25,22679.5
4601.4375,5061.25,22679.75
4601.8125,5061.25,22679.375
4601.5625,5061.25,22679.625
4601.6875,5061.25,22679.5
4600.25,5061.25,22680.9375
4600.25,5061.25,22680.9375
4600.25,5061.25,22680.9375
4599.6875,5061.25,22681.5
4599.6875,5061.25,22681.5
4599.6875,5061.25,22681.5
4599.4375,5061.25,22681.75
4599.4375,5061.25,22681.75
4599.4375,5061.25,22681.75
4599.4375,5061.25,22681.75
4599.3125,5061.25,22681.75
4599.3125,5061.25,22681.75
4599.3125,5061.25,22681.75
4600.6875,5061.25,22680.375
4600.6875,5061.25,22680.375
4600.6875,5061.25,22680.375
4600.1875,5061.25,22680.875
4600.1875,5061.25,22680.875
4600.1875,5061.25,22680.875
4600.1875,5061.25,22680.875
4600.1875,5061.25,22680.875
4600.1875,5061.25,22680.875
4600.1875,5061.25,22680.875
4600.5625,5061.375,22680.375
4600.25,5061.375,22680.6875
4600.25,5061.375,22680.6875
4600.25,5061.375,22680.6875
4600.5,5061.375,22680.4375
4602.5625,5061.375,22678.375
4602.5625,5061.375,22678.375
4602.5625,5061.375,22678.375
4602.1875,5061.375,22678.75
4602.1875,5061.375,22678.75
4602.1875,5061.375,22678.75
4602.1875,5061.375,22678.75
4602.1875,5061.375,22678.75
4602.3125,5061.375,22678.625
4602.3125,5061.375,22678.625
4602.3125,5061.375,22678.625
4602.3125,5061.25,22678.625
4602.5,5061.375,22678.4375
4602.5,5061.375,22678.4375
4602.4375,5061.375,22678.5
4602.0625,5061.375,22678.875
4602.0625,5061.375,22678.875
4602.0625,5061.375,22678.875
4601.8125,5061.375,22679.125
4615.3125,5061.375,22665.625
4615.3125,5061.375,22665.625
4615.3125,5061.375,22665.625
4615.3125,5061.375,22665.625
4615.3125,5061.375,22665.625
4615.3125,5061.375,22665.625
4615.3125,5061.375,22665.625
4615.3125,5061.375,22665.625
4615.3125,5061.375,22665.625
4615.0,5061.375,22665.9375
4615.0625,5061.375,22665.875
4614.375,5061.375,22666.5625
4614.3125,5061.375,22666.625
4614.3125,5061.375,22666.625
4613.9375,5061.375,22667.0
4613.9375,5061.375,22667.0
4613.9375,5061.375,22667.0
4613.9375,5061.375,22667.0
4613.9375,5061.375,22667.0
4613.9375,5061.375,22667.0
4613.9375,5061.375,22667.0
4613.9375,5061.375,22667.0
4613.9375,5061.375,22667.0
4613.9375,5061.375,22667.0
4613.9375,5061.375,22667.0
4613.75,5061.375,22667.1875
4614.875,5061.375,22666.0625
4614.875,5061.375,22666.0625
4614.6875,5061.375,22666.25
4614.1875,5061.375,22666.3125
4614.375,5061.375,22666.125
4614.3125,5061.375,22666.1875
4614.3125,5061.375,22666.1875
4614.3125,5061.375,22666.1875
4614.3125,5061.375,22666.1875
4614.3125,5061.375,22666.1875
4614.3125,5061.375,22666.1875
4614.3125,5061.375,22666.1875
4614.3125,5061.375,22666.1875
4614.3125,5061.375,22666.1875
4614.25,5061.375,22666.25
4613.9375,5061.375,22666.5625
4613.9375,5061.375,22666.5625
4613.875,5061.375,22666.625
4613.875,5061.375,22666.625
4613.875,5061.375,22666.625
4613.875,5061.375,22666.625
4613.875,5061.375,22666.625
4613.875,5061.375,22666.625
4613.8125,5061.375,22666.6875
4614.0,5061.375,22666.5
4614.0,5061.375,22666.5
4614.0,5061.375,22666.5
4614.0,5061.375,22666.5
4614.0,5061.375,22666.5
4614.5,5061.375,22666.0
4614.0625,5061.375,22666.4375
4613.9375,5061.375,22666.5625
4613.9375,5061.375,22666.5625
4613.9375,5061.375,22666.5625
4613.875,5061.375,22666.625
4613.875,5061.3125,22666.625
4613.875,5061.375,22666.625
4613.875,5061.375,22666.625
4613.875,5061.375,22666.625
4613.875,5061.375,22666.625
4613.8125,5061.375,22666.6875
4613.8125,5061.375,22666.6875
4613.8125,5061.375,22666.6875
4614.0,5061.375,22666.5
4627.625,5061.375,22652.5
4627.5,5061.375,22652.625
4627.5,5061.375,22652.625
4627.5,5061.375,22652.625
4627.5,5061.375,22652.625
4627.5,5061.375,22652.625
4627.1875,5061.375,22652.9375
4628.875,5061.375,22651.25
4634.3125,5061.375,22645.8125
4627.375,5061.375,22652.75
4627.375,5061.375,22652.75
4627.375,5061.375,22652.75
4627.375,5061.375,22652.75
4627.375,5061.375,22652.75
4627.375,5061.375,22652.75
4627.1875,5061.375,22652.9375
4628.6875,5061.375,22651.4375
4628.6875,5061.375,22651.4375
4628.5,5061.375,22651.625
4628.5,5061.375,22651.625
4628.5,5061.375,22651.625
4628.5,5061.375,22651.625
4628.5,5061.375,22651.625
4628.5,5061.375,22651.625
4624.1875,5061.375,22655.9375
4624.1875,5061.375,22655.9375
4624.1875,5061.375,22655.9375
4624.125,5061.375,22656.0
4624.125,5061.375,22656.0
4624.125,5061.375,22656.0
4624.375,5061.3125,22655.75
4624.375,5061.375,22655.75
4624.375,5061.375,22655.75
4624.375,5061.375,22655.75
4624.375,5061.375,22655.75
4624.375,5061.375,22655.75
4624.375,5061.375,22655.75
4624.1875,5061.375,22655.9375
4624.1875,5061.375,22655.9375
4624.1875,5061.375,22655.9375
4624.125,5061.375,22656.0
4623.9375,5061.375,22656.1875
4623.9375,5061.375,22656.1875
4623.9375,5061.375,22656.1875
4623.9375,5061.375,22656.1875
4623.9375,5061.375,22656.1875
4625.0625,5061.375,22655.0625
4625.0625,5061.375,22655.0625
4625.0,5061.375,22655.125
4625.0,5061.375,22655.125
4624.9375,5061.4375,22655.125
4624.8125,5061.4375,22655.25
4624.8125,5061.4375,22655.25
4624.8125,5061.4375,22655.25
4624.5,5061.4375,22655.5625
4624.5,5061.4375,22655.5625
4624.5,5061.4375,22655.5625
4624.5,5061.4375,22655.5625
4624.5,5061.4375,22655.5625
4624.5,5061.4375,22655.5625
4624.0,5061.4375,22655.75
4624.0,5061.4375,22655.75
4624.0,5061.4375,22655.75
4623.8125,5061.4375,22655.9375
4623.8125,5061.4375,22655.9375
4623.625,5061.4375,22656.125
4623.625,5061.4375,22656.125
4623.4375,5061.4375,22656.3125
4623.4375,5061.4375,22656.3125
4634.5,5061.4375,22645.25
4637.875,5061.4375,22641.875
4637.875,5061.4375,22641.875
4637.875,5061.4375,22641.875
4637.875,5061.4375,22641.875
4637.875,5061.4375,22641.875
4637.1875,5061.375,22642.5625
4638.5625,5061.5,22641.1875
4638.5625,5061.5,22641.1875
4638.375,5061.5,22641.375
4638.375,5061.5,22641.375
4637.875,5061.5,22641.875
4637.875,5061.5,22641.875
4637.875,5061.5,22641.875
4637.875,5061.5,22641.875
4637.875,5061.5,22641.875
4637.5,5061.5,22642.25
4637.5,5061.5,22642.25
4637.5,5061.5,22642.25
4637.5,5061.5,22642.25
4637.5,5061.5,22642.25
4637.0,5061.5,22642.625
4637.0625,5061.5,22642.5
4637.0625,5061.5,22642.5
4636.875,5061.5,22642.6875
4636.875,5061.5,22642.6875
4636.875,5061.4375,22642.6875
4636.625,5061.5,22642.9375
4636.625,5061.5,22642.9375
4636.5,5061.5,22643.0625
4636.5,5061.5,22643.0625
4636.4375,5061.5,22643.125
4636.375,5061.5,22643.1875
4636.375,5061.5,22643.1875
4636.375,5061.5,22643.1875
4636.375,5061.5,22643.1875
4636.375,5061.5,22643.1875
4637.0625,5061.5,22642.5
4637.0625,5061.5,22642.5
4637.0625,5061.5,22642.5
4637.0625,5061.5,22642.5
4636.9375,5061.5,22642.625
4636.8125,5061.5,22642.75
4636.8125,5061.5,22642.75
4636.6875,5061.5,22642.875
4636.6875,5061.5,22642.875
4636.6875,5061.5,22642.875
4636.6875,5061.5,22642.875
4636.875,5061.5,22642.6875
4636.875,5061.5,22642.6875
4636.875,5061.5,22642.6875
4637.25,5061.5,22642.3125
4637.6875,5061.5,22641.75
4637.6875,5061.5,22641.75
4637.6875,5061.5,22641.75
4637.6875,5061.5,22641.75
4637.6875,5061.5,22641.75
4637.625,5061.5,22641.8125
4637.625,5061.5,22641.8125
4637.625,5061.5,22641.8125
4637.625,5061.5,22641.8125
4637.625,5061.5,22641.8125
4637.25,5061.5,22642.1875
4637.25,5061.5,22642.1875
4637.25,5061.5,22642.1875
4637.25,5061.5,22642.1875
4636.1875,5061.5,22643.25
4636.1875,5061.5,22643.25
4636.1875,5061.5,22643.25
4636.1875,5061.5,22643.25
4636.1875,5061.5,22643.25
4636.1875,5061.5,22643.25
4650.0,5061.5,22629.4375
4650.0,5061.5,22629.4375
4650.0,5061.5,22629.4375
4650.0,5061.5,22629.4375
4650.0,5061.5,22629.4375
4650.0,5061.5,22629.4375
4650.0,5061.5,22629.4375
4650.1875,5061.5,22629.25
4650.1875,5061.5,22629.25
4650.5625,5061.5,22628.875
4650.875,5061.5,22628.5
4650.6875,5061.5,22628.6875
4650.6875,5061.5,22628.6875
4650.6875,5061.5,22628.6875
4650.6875,5061.5,22628.6875
4650.6875,5061.5,22628.6875
4650.6875,5061.5,22628.6875
4650.6875,5061.5,22628.6875
4650.6875,5061.5,22628.6875
4657.4375,5061.5,22622.0
4657.4375,5061.5,22622.0
4657.4375,5061.5,22622.0
4657.4375,5061.5,22622.0
4657.4375,5061.5,22622.0
4657.5,5061.5,22621.9375
4657.4375,5061.5625,22622.0
4657.4375,5061.5625,22622.0
4657.375,5061.5625,22622.0625
4657.375,5061.5625,22622.0625
4657.375,5061.5625,22622.0625
4657.0625,5061.5625,22622.375
4657.0625,5061.5625,22622.375
4657.0625,5061.5625,22622.375
4657.0625,5061.5625,22622.375
4657.0625,5061.5,22622.375
4657.0,5061.5625,22622.4375
4657.0,5061.5625,22622.4375
4657.0,5061.5625,22622.4375
4657.0,5061.5625,22622.4375
4656.6875,5061.5625,22622.5625
4657.875,5061.5625,22621.375
4657.875,5061.5625,22621.375
4657.875,5061.5625,22621.375
4657.875,5061.5625,22621.375
4657.875,5061.5625,22621.375
4655.9375,5061.5625,22623.3125
4655.875,5061.5625,22623.375
4655.875,5061.5625,22623.375
4655.875,5061.5625,22623.375
4655.6875,5061.5625,22623.5625
4655.6875,5061.5625,22623.5625
4655.6875,5061.5625,22623.5625
4655.6875,5061.5625,22623.5625
4655.6875,5061.5625,22623.5625
4655.8125,5061.5625,22623.4375
4656.3125,5061.5625,22622.9375
4656.3125,5061.5625,22622.9375
4656.3125,5061.5625,22622.9375
4656.3125,5061.5625,22622.9375
4655.9375,5061.5,22623.3125
4655.9375,5061.5625,22623.3125
4655.9375,5061.5625,22623.3125
4655.9375,5061.5625,22623.3125
4655.9375,5061.5625,22623.3125
4655.9375,5061.5625,22623.3125
4656.0625,5061.5625,22623.125
4655.875,5061.5625,22623.3125
4655.875,5061.5625,22623.3125
4655.875,5061.5625,22623.3125
4655.75,5061.5625,22623.3125
4656.3125,5061.5625,22622.75
4656.3125,5061.5625,22622.75
4656.3125,5061.5625,22622.75
4656.3125,5061.5625,22622.75
4656.3125,5061.5625,22622.75
4656.25,5061.5625,22622.8125
4671.4375,5061.5625,22607.625
4671.4375,5061.5625,22607.625
4671.4375,5061.5625,22607.625
4671.25,5061.5625,22607.8125
4671.1875,5061.5625,22607.875
4671.1875,5061.4375,22607.875
4670.9375,5061.5625,22608.125
4670.9375,5061.5625,22608.125
4671.4375,5061.5625,22607.625
4673.25,5061.5625,22605.8125
4673.25,5061.5625,22605.8125
4673.125,5061.5625,22605.9375
4673.125,5061.5625,22605.9375
4672.75,5061.5625,22606.3125
4672.75,5061.5625,22606.3125
4672.75,5061.5625,22606.3125
4672.75,5061.5625,22606.3125
4672.75,5061.5625,22606.3125
4672.75,5061.5625,22606.3125
4672.375,5061.5625,22606.6875
4672.375,5061.5625,22606.6875
4672.375,5061.5625,22606.6875
4672.375,5061.5625,22606.6875
4672.1875,5061.5625,22606.875
4671.8125,5061.5625,22607.1875
4671.6875,5061.5625,22607.3125
4671.5,5061.5625,22607.5
4671.5,5061.5625,22607.5
4671.5,5061.5625,22607.5
4671.5,5061.5625,22607.5
4671.5,5061.5625,22607.5
4671.5,5061.5625,22607.5
4671.5,5061.5625,22607.5
4671.5,5061.5625,22607.5
4671.5,5061.5625,22607.5
4671.5,5061.5625,22607.5
4671.5,5061.5625,22607.5
4671.5,5061.5625,22607.5
4671.6875,5061.5625,22607.3125
4673.0625,5061.5625,22605.9375
4673.0625,5061.5625,22605.9375
4673.0625,5061.5625,22605.9375
4673.0625,5061.5625,22605.9375
4673.0625,5061.5625,22605.9375
4673.0625,5061.5625,22605.9375
4672.875,5061.5625,22606.125
4672.8125,5061.6875,22606.125
4672.8125,5061.6875,22606.125
4672.8125,5061.6875,22606.125
4672.8125,5061.6875,22606.125
4672.8125,5061.6875,22606.125
4672.8125,5061.6875,22606.125
4672.8125,5061.6875,22606.125
4673.0,5061.6875,22605.9375
4673.4375,5061.6875,22605.1875
4673.375,5061.6875,22605.25
4673.375,5061.6875,22605.25
4673.375,5061.6875,22605.25
4673.375,5061.6875,22605.25
4673.1875,5061.6875,22605.4375
4673.0,5061.6875,22605.625
4673.0,5061.6875,22605.625
4673.0,5061.6875,22605.625
4673.0,5061.6875,22605.625
4673.0,5061.6875,22605.625
4673.0,5061.6875,22605.625
4673.0,5061.6875,22605.625
4673.0,5061.6875,22605.625
4673.125,5061.6875,22605.5
4673.5625,5061.6875,22605.0625
4673.5625,5061.6875,22605.0625
4669.5625,5061.6875,22609.0625
4669.75,5061.6875,22608.875
4669.75,5061.6875,22608.875
4669.75,5061.625,22608.875
4669.375,5061.6875,22609.25
4669.375,5061.6875,22609.25
4669.375,5061.6875,22609.25
4664.25,5061.6875,22614.375
4663.375,5062.875,22614.0625
4663.375,5062.875,22614.0625
4663.375,5062.875,22614.0625
4663.375,5062.875,22614.0625
4663.5625,5062.875,22613.875
4663.1875,5062.875,22614.125
4663.1875,5062.875,22614.125
4663.1875,5062.875,22614.125
4663.1875,5062.875,22614.125
4663.1875,5062.875,22614.125
4663.1875,5062.875,22614.125
4669.1875,5062.875,22608.125
4669.75,5062.875,22607.5625
4664.875,5061.8125,22613.5
4664.875,5061.8125,22613.5
4664.625,5061.8125,22613.75
4664.4375,5061.8125,22613.9375
4664.4375,5061.8125,22613.9375
4664.4375,5061.8125,22613.9375
4664.625,5061.875,22613.75
4664.9375,5061.875,22613.4375
4664.9375,5061.875,22613.4375
4664.75,5061.875,22613.625
4664.75,5061.875,22613.625
4664.75,5061.875,22613.625
4664.6875,5061.875,22613.6875
4664.375,5061.875,22614.0
4663.75,5061.875,22614.625
4663.75,5061.875,22614.625
4663.5625,5061.875,22614.8125
4663.5625,5061.875,22614.8125
4663.5625,5061.875,22614.8125
4663.5,5061.875,22614.875
4663.5,5061.875,22614.875
4663.3125,5061.875,22615.0625
4664.375,5061.9375,22613.9375
4664.3125,5061.9375,22614.0
4664.3125,5061.9375,22614.0
4664.3125,5061.9375,22614.0
4664.5,5061.875,22613.8125
4664.5625,5062.9375,22612.8125
4664.5625,5062.9375,22612.8125
4664.4375,5062.9375,22612.9375
4664.4375,5062.9375,22612.9375
4664.4375,5062.9375,22612.9375
4664.4375,5062.9375,22612.9375
4664.4375,5062.9375,22612.9375
4664.375,5062.9375,22613.0
4664.375,5062.9375,22613.0
4664.25,5062.9375,22613.125
4664.875,5062.9375,22612.25
4664.875,5062.9375,22612.25
4664.8125,5062.9375,22612.3125
4664.8125,5062.9375,22612.3125
4664.8125,5062.9375,22612.3125
4664.8125,5062.9375,22612.3125
4664.6875,5062.9375,22612.4375
4664.625,5062.9375,22612.5
4664.625,5062.9375,22612.5
4664.625,5062.9375,22612.5
4664.625,5062.9375,22612.5
4664.375,5062.9375,22612.75
4664.375,5062.9375,22612.75
4664.375,5062.9375,22612.75
4664.375,5062.9375,22612.75
4665.0,5062.9375,22612.125
4665.1875,5062.9375,22611.9375
4664.9375,5062.9375,22612.1875
4664.75,5062.9375,22612.375
4664.75,5062.9375,22612.375
4664.6875,5062.9375,22612.4375
4664.6875,5062.9375,22612.4375
4664.3125,5062.9375,22612.8125
4664.3125,5062.9375,22612.8125
4664.3125,5062.9375,22612.8125
4664.3125,5062.9375,22612.8125
4664.3125,5062.9375,22612.8125
4664.3125,5062.9375,22612.8125
4664.3125,5062.9375,22612.8125
4664.5,5062.9375,22612.625
4664.1875,5062.9375,22612.9375
4664.1875,5062.9375,22612.9375
4664.1875,5062.9375,22612.9375
4664.0,5062.9375,22613.125
4664.0,5062.9375,22613.125
4664.0,5062.9375,22613.125
4664.0,5062.9375,22613.125
4663.9375,5062.9375,22613.1875
4663.9375,5062.9375,22613.1875
4663.9375,5062.9375,22613.1875
4663.9375,5062.9375,22613.1875
4663.9375,5062.9375,22613.1875
4663.9375,5062.9375,22613.1875
4663.9375,5062.9375,22613.1875
4664.3125,5063.0,22612.8125
4665.0625,5063.0,22612.0625
4665.0,5063.0,22612.125
4664.875,5063.0,22612.25
4664.875,5063.0,22612.25
4664.5625,5063.0,22612.5625
4664.5625,5062.9375,22612.5625
4664.5625,5063.0,22612.5625
4664.5625,5063.0,22612.5625
4664.375,5063.0,22612.75
4664.375,5063.0,22612.75
4680.6875,5063.0,22596.4375
4684.9375,5063.0,22592.125
4684.9375,5063.0,22592.125
4684.9375,5063.0625,22592.0625
4684.5,5063.0625,22592.375
4684.5,5063.0625,22592.375
4684.5,5063.0625,22592.375
4684.125,5063.0625,22592.75
4684.125,5063.0625,22592.75
4684.0625,5063.0625,22592.8125
4684.0625,5063.0,22592.8125
4684.0625,5063.0625,22592.8125
4683.9375,5063.0625,22592.9375
4683.9375,5063.0625,22592.9375
4683.9375,5063.0625,22592.9375
4683.75,5063.0625,22593.125
4683.75,5063.0625,22593.125
4683.75,5063.0625,22593.125
4683.75,5063.0625,22593.125
4683.25,5063.0625,22593.625
4683.875,5063.0625,22592.875
4683.875,5063.0625,22592.875
4683.5,5063.0625,22593.25
4683.4375,5063.0625,22593.3125
4683.4375,5063.0625,22593.3125
4683.4375,5063.0625,22593.3125
4683.4375,5063.0625,22593.3125
4683.4375,5063.0625,22593.3125
4683.4375,5063.0625,22593.3125
4683.4375,5063.0625,22593.3125
4683.4375,5063.0625,22593.3125
4682.9375,5063.0625,22593.8125
4682.9375,5063.0625,22593.8125
4683.0625,5063.0625,22593.6875
4683.25,5063.0625,22593.5
4684.0,5063.0625,22592.75
4684.0,5063.0625,22592.75
4684.0,5063.0625,22592.75
4683.8125,5063.0625,22592.9375
4683.8125,5063.0625,22592.9375
4683.8125,5063.0625,22592.9375
4683.75,5063.0625,22593.0
4683.5625,5063.0625,22593.1875
4683.5,5063.0625,22593.25
4683.5,5063.0625,22593.25
4683.3125,5063.0625,22593.4375
4683.25,5063.0625,22593.5
4683.25,5063.0625,22593.5
4683.25,5063.0625,22593.5
4683.25,5063.0625,22593.5
4684.375,5063.0625,22592.375
4684.3125,5063.0625,22592.4375
4684.1875,5063.0625,22592.5625
4684.1875,5063.0625,22592.5625
4684.1875,5063.0625,22592.5625
4684.1875,5063.0625,22592.5625
4684.1875,5063.0625,22592.5625
4684.1875,5063.0625,22592.5625
4684.1875,5063.0625,22592.5625
4685.625,5063.0625,22591.125
4688.8125,5063.0625,22588.0
4688.8125,5063.0625,22588.0
4688.3125,5063.0625,22588.5
4688.5,5063.0625,22588.3125
4688.5,5063.0,22588.3125
4690.1875,5063.0625,22586.625
4690.1875,5063.0625,22586.625
4690.1875,5063.0625,22586.625
4690.1875,5063.0625,22586.625
4690.1875,5063.0625,22586.625
4690.125,5063.0625,22586.6875
4690.125,5063.0625,22586.6875
4690.125,5063.0625,22586.6875
4689.625,5063.0625,22587.1875
4689.625,5063.0625,22587.1875
4689.625,5063.0625,22587.1875
4689.625,5063.0625,22587.1875
4689.625,5063.0625,22587.1875
4689.5,5063.0625,22587.3125
4689.8125,5063.0625,22587.0
4689.75,5063.0625,22587.0
4689.75,5063.0625,22587.0
4685.625,5063.0625,22591.125
4690.0625,5063.125,22586.6875
4690.0625,5063.125,22586.6875
4690.0625,5063.125,22586.6875
4690.25,5063.125,22586.5
4690.0625,5063.125,22586.6875
4688.75,5063.125,22588.0
4688.75,5063.125,22588.0
4688.75,5063.125,22588.0
4688.75,5063.125,22588.0
4688.6875,5063.0625,22588.0625
4688.875,5063.125,22587.875
4688.375,5063.1875,22588.3125
4687.8125,5063.1875,22588.875
4687.8125,5063.1875,22588.875
4687.8125,5063.1875,22588.875
4687.8125,5063.1875,22588.875
4687.8125,5063.1875,22588.875
4687.8125,5063.1875,22588.875
4688.0,5063.1875,22588.6875
4687.625,5063.1875,22589.0625
4687.375,5063.1875,22589.3125
4687.375,5063.125,22589.3125
4687.3125,5063.1875,22589.375
4687.3125,5063.1875,22589.375
4687.3125,5063.1875,22589.375
4687.3125,5063.1875,22589.375
4687.5,5063.1875,22589.1875
4688.375,5063.1875,22588.3125
4688.0,5063.125,22588.6875
4687.625,5063.1875,22589.0625
4687.75,5063.1875,22588.9375
4687.5,5063.1875,22589.1875
4687.5,5063.1875,22589.1875
4687.5,5063.1875,22589.1875
4687.625,5063.1875,22589.0625
4687.5,5063.1875,22589.1875
4687.3125,5063.1875,22589.375
4687.5,5063.125,22589.1875
4687.3125,5063.1875,22589.375
4687.3125,5063.375,22589.3125
4687.3125,5063.375,22589.3125
4693.0,5063.375,22583.625
4689.625,5063.375,22587.0
4689.625,5063.375,22587.0
4689.625,5063.375,22587.0
4689.4375,5063.375,22587.1875
4689.4375,5063.375,22587.1875
4689.4375,5063.375,22587.1875
4689.625,5063.375,22587.0
4689.4375,5063.375,22587.1875
4689.4375,5063.375,22587.1875
4689.4375,5063.375,22587.1875
4689.4375,5063.375,22587.1875
4689.4375,5063.375,22587.1875
4689.8125,5063.375,22586.8125
4689.625,5063.375,22587.0
4689.25,5063.375,22587.375
4689.75,5063.3125,22586.875
4689.75,5063.375,22586.875
4689.9375,5063.375,22586.6875
4689.9375,5063.375,22586.6875
4689.75,5063.375,22586.875
4689.75,5063.375,22586.875
4689.75,5063.375,22586.875
4689.625,5063.375,22587.0
4689.4375,5063.375,22587.1875
4689.4375,5063.375,22587.1875
4689.4375,5063.375,22587.1875
4689.4375,5063.375,22587.1875
4689.4375,5063.375,22587.1875
4689.4375,5063.375,22587.1875
4689.4375,5063.375,22587.1875
4688.0,5063.375,22587.9375
4688.0,5063.375,22587.9375
4688.0,5063.375,22587.9375
4687.8125,5063.375,22588.125
4687.625,5063.375,22588.3125
4687.75,5063.375,22588.1875
4687.75,5063.375,22588.1875
4687.75,5063.375,22588.1875
4687.5625,5063.375,22588.375
4687.5625,5063.375,22588.375
4687.5625,5063.375,22588.375
4687.375,5063.375,22588.5625
4687.5625,5063.375,22588.375
4687.5625,5063.375,22588.375
4687.25,5063.375,22588.625
4687.125,5063.375,22588.75
4687.125,5063.375,22588.75
4686.6875,5063.375,22589.1875
4686.6875,5063.375,22589.1875
4686.875,5063.375,22589.0
4686.875,5063.375,22589.0
4686.875,5063.375,22589.0
4686.875,5063.375,22589.0
4686.875,5063.375,22589.0
4686.5625,5063.375,22589.3125
4686.5625,5063.375,22589.3125
4686.5625,5063.375,22589.3125
4686.5625,5063.375,22589.3125
4686.5625,5063.375,22589.3125
4686.3125,5063.375,22589.5625
4687.6875,5063.375,22588.1875
4687.625,5063.375,22588.25
4687.625,5063.375,22588.25
4687.4375,5063.375,22588.4375
4687.4375,5063.375,22588.4375
4687.375,5063.375,22588.5
4687.375,5063.375,22588.5
4687.375,5063.375,22588.5
4687.375,5063.375,22588.5
4687.375,5063.375,22588.5
4687.375,5063.375,22588.5
4687.375,5063.375,22588.5
4687.375,5063.375,22588.5
4687.375,5063.375,22588.5
4687.75,5063.375,22588.125
4687.75,5063.375,22588.125
4687.125,5063.375,22588.75
4687.0,5063.375,22588.875
4686.8125,5063.375,22589.0625
4686.8125,5063.3125,22589.0625
4693.375,5063.375,22582.5
4693.875,5063.375,22582.0
4686.375,5063.375,22589.5
4686.375,5063.375,22589.5
4686.375,5063.375,22589.5
4686.375,5063.375,22589.5
4685.8125,5063.375,22590.0625
4686.0,5063.375,22589.875
4685.8125,5063.375,22590.0625
4687.0,5063.375,22588.875
4686.9375,5063.375,22588.9375
4686.9375,5063.375,22588.9375
4686.9375,5063.375,22588.9375
4686.9375,5063.375,22588.9375
4686.9375,5063.375,22588.9375
4686.9375,5063.375,22588.9375
4686.9375,5063.375,22588.9375
4686.75,5063.375,22589.125
4686.6875,5063.375,22589.1875
4686.6875,5063.375,22589.1875
4686.6875,5063.375,22589.1875
4686.6875,5063.375,22589.1875
4686.6875,5063.375,22589.1875
4686.875,5063.375,22589.0
4688.1875,5063.375,22587.5
4688.0,5063.375,22587.6875
4688.0,5063.375,22587.6875
4687.875,5063.375,22587.8125
4687.875,5063.375,22587.8125
4687.875,5063.375,22587.8125
4683.8125,5063.375,22591.875
4683.8125,5063.375,22591.875
4683.625,5063.375,22592.0625
4683.5,5063.375,22592.1875
4683.5,5063.375,22592.1875
4683.5,5063.375,22592.1875
4683.5,5063.375,22592.1875
4683.5,5063.375,22592.1875
4683.5,5063.375,22592.1875
4682.25,5063.375,22593.4375
4682.25,5063.375,22593.4375
4682.25,5063.375,22593.4375
4682.0625,5063.375,22593.625
4682.0625,5063.375,22593.625
4682.0625,5063.375,22593.625
4682.0625,5063.375,22593.625
4680.0,5063.375,22595.6875
4680.0,5063.375,22595.6875
4679.9375,5063.375,22595.75
4679.9375,5063.375,22595.75
4679.9375,5063.375,22595.75
4679.9375,5063.375,22595.75
4679.9375,5063.375,22595.75
4679.9375,5063.375,22595.75
4680.5625,5063.375,22595.125
4680.5625,5063.375,22595.125
4680.375,5063.375,22595.3125
4680.375,5063.375,22595.3125
4680.1875,5063.375,22595.5
4680.1875,5063.375,22595.5
4680.1875,5063.375,22595.5
4679.625,5063.375,22596.0625
4679.625,5063.375,22596.0625
4679.625,5063.375,22596.0625
4679.625,5063.375,22596.0625
4679.625,5063.375,22596.0625
4679.625,5063.375,22596.0625
4679.625,5063.375,22596.0625
4679.625,5063.375,22596.0625
4681.0,5063.375,22594.6875
4681.0,5063.375,22594.6875
4681.0,5063.375,22594.6875
4680.8125,5063.375,22594.875
4680.8125,5063.375,22594.875
4680.75,5063.375,22594.9375
4680.75,5063.375,22594.9375
4680.75,5063.375,22594.9375
4680.3125,5063.375,22595.375
4680.3125,5063.375,22595.375
4680.25,5063.375,22595.4375
4680.25,5063.375,22595.4375
4680.25,5063.375,22595.4375
4680.25,5063.375,22595.4375
4680.25,5063.3125,22595.4375
4680.875,5063.375,22594.8125
4680.875,5063.375,22594.8125
4680.875,5063.375,22594.8125
4680.875,5063.375,22594.8125
4680.875,5063.375,22594.8125
4680.8125,5063.375,22594.875
4680.8125,5063.375,22594.875
4680.625,5063.375,22595.0625
4680.625,5063.375,22595.0625
4680.625,5063.375,22595.0625
4680.375,5063.375,22595.3125
4680.375,5063.375,22595.3125
4680.375,5063.375,22595.3125
4680.375,5063.375,22595.3125
4680.375,5063.375,22595.3125
4680.9375,5063.375,22594.75
4680.9375,5063.375,22594.75
4680.9375,5063.375,22594.75
4680.9375,5063.375,22594.75
4680.9375,5063.375,22594.75
4680.9375,5063.375,22594.75
4680.9375,5063.375,22594.75
4680.9375,5063.375,22594.75
4680.9375,5063.375,22594.75
4680.9375,5063.375,22594.75
4680.9375,5063.375,22594.75
4680.9375,5063.375,22594.75
4680.9375,5063.375,22594.75
4680.9375,5063.375,22594.75
4682.0625,5063.375,22593.625
4681.625,5063.375,22594.0625
4681.5625,5063.375,22594.125
4681.5,5063.375,22594.1875
4681.5,5063.375,22594.1875
4681.5,5063.375,22594.1875
4681.5,5063.375,22594.1875
4681.5,5063.375,22594.1875
4681.5,5063.375,22594.1875
4681.5,5063.375,22594.1875
4681.5,5063.375,22594.1875
4681.4375,5063.375,22594.25
4680.875,5063.375,22594.8125
4680.875,5063.375,22594.8125
4680.875,5063.375,22594.8125
4680.875,5063.375,22594.8125
4681.0625,5063.375,22594.625
4681.0625,5063.375,22594.625
4680.6875,5063.375,22595.0
4680.6875,5063.375,22595.0
4680.6875,5063.375,22595.0
4680.6875,5063.375,22595.0
4680.6875,5063.375,22595.0
4680.6875,5063.375,22595.0
4699.5625,5063.375,22576.125
4699.4375,5063.375,22576.25
4699.375,5063.375,22576.3125
4699.375,5063.375,22576.3125
4699.375,5063.375,22576.3125
4699.375,5063.375,22576.3125
4699.0,5063.375,22576.6875
4699.5625,5063.375,22576.125
4699.5625,5063.375,22576.125
4699.5625,5063.375,22576.125
4699.375,5063.375,22576.3125
4699.375,5063.375,22576.3125
4699.375,5063.375,22576.3125
4699.375,5063.375,22576.3125
4699.375,5063.375,22576.3125
4699.1875,5063.375,22576.5
4700.25,5063.375,22575.4375
4705.6875,5063.375,22570.0625
4705.6875,5063.375,22570.0625
4705.4375,5063.375,22570.3125
4705.25,5063.375,22570.5
4705.25,5063.3125,22570.5
4704.6875,5063.375,22570.5
4704.6875,5063.375,22570.5
4704.6875,5063.375,22570.5
4704.6875,5063.375,22570.5
4704.6875,5063.375,22570.5
4704.6875,5063.375,22570.5
4704.6875,5063.375,22570.5
4708.375,5063.375,22566.75
4700.0625,5063.375,22575.0625
4700.0625,5063.375,22575.0625
4699.8125,5063.4375,22575.25
4699.8125,5063.4375,22575.25
4699.8125,5063.4375,22575.25
4699.8125,5063.4375,22575.25
4699.5625,5063.4375,22575.5
4700.25,5063.4375,22574.8125
4700.25,5063.4375,22574.8125
4700.25,5063.4375,22574.8125
4700.25,5063.4375,22574.8125
4700.25,5063.4375,22574.8125
4700.0625,5063.375,22575.0
4701.375,5063.4375,22573.6875
4701.1875,5063.4375,22573.875
4701.1875,5063.4375,22573.875
4701.1875,5063.4375,22573.875
4701.1875,5063.4375,22573.875
4699.875,5063.4375,22575.1875
4699.875,5063.4375,22575.1875
4699.875,5063.4375,22575.1875
4700.0,5063.4375,22575.0625
4700.0,5063.4375,22575.0625
4700.0,5063.4375,22575.0625
4700.0,5063.4375,22575.0625
4700.0,5063.4375,22575.0625
4700.0,5063.4375,22575.0625
4700.0,5063.4375,22575.0625
4700.0,5063.4375,22575.0625
4700.0,5063.4375,22575.0625
4700.0,5063.4375,22575.0625
4699.875,5063.4375,22575.1875
4700.0,5063.4375,22575.0625
4700.0,5063.4375,22575.0625
4700.0,5063.4375,22575.0625
4700.0,5063.4375,22575.0625
4700.125,5063.4375,22574.6875
4700.0,5063.4375,22574.8125
4700.0,5063.4375,22574.8125
4700.0,5063.4375,22574.8125
4700.0,5063.4375,22574.8125
4700.0,5063.4375,22574.8125
4700.0,5063.4375,22574.8125
4699.8125,5063.4375,22575.0
4699.8125,5063.4375,22575.0
4699.8125,5063.4375,22575.0
4700.0,5063.1875,22575.0
4700.0,5063.1875,22575.0
4700.0,5063.125,22575.0
4699.9375,5063.1875,22575.0625
4699.9375,5063.1875,22575.0625
4700.125,5063.1875,22574.875
4695.25,5063.4375,22579.75
4699.5625,5063.4375,22575.4375
4699.5625,5063.4375,22575.4375
4699.5625,5063.4375,22575.4375
4699.5,5063.4375,22575.5
4699.5,5063.4375,22575.5
4699.5,5063.4375,22575.5
4699.5,5063.4375,22575.5
4699.5,5063.4375,22575.5
4699.5,5063.4375,22575.5
4699.5,5063.4375,22575.5
4699.5,5063.4375,22575.5
4699.5,5063.4375,22575.5
4699.5,5063.4375,22575.5
4699.6875,5063.4375,22575.3125
4700.8125,5063.4375,22574.1875
4700.8125,5063.4375,22574.1875
4700.8125,5063.4375,22574.1875
4700.8125,5063.4375,22574.1875
4700.8125,5063.4375,22574.1875
4700.8125,5063.4375,22574.1875
4700.8125,5063.4375,22574.1875
4700.8125,5063.4375,22574.1875
4700.8125,5063.4375,22574.1875
4700.8125,5063.4375,22574.1875
4700.8125,5063.4375,22574.1875
4700.8125,5063.4375,22574.1875
4700.8125,5063.4375,22574.1875
4700.8125,5063.4375,22574.1875
4700.8125,5063.4375,22574.1875
4700.75,5063.4375,22573.9375
4700.75,5063.4375,22573.9375
4700.75,5063.4375,22573.9375
4700.75,5063.4375,22573.9375
4700.75,5063.4375,22573.9375
4700.375,5063.4375,22574.3125
4700.375,5063.4375,22574.3125
4700.375,5063.4375,22574.3125
4700.375,5063.4375,22574.3125
4700.375,5063.4375,22574.3125
4700.375,5063.4375,22574.3125
4700.3125,5063.4375,22574.375
4700.3125,5063.4375,22574.375
4700.3125,5063.4375,22574.375
4700.3125,5063.4375,22574.375
4699.6875,5063.4375,22575.0
4699.6875,5063.4375,22575.0
4699.5,5063.4375,22575.1875
4699.5,5063.4375,22575.1875
4699.5,5063.4375,22575.1875
4699.5,5063.4375,22575.1875
4699.3125,5063.4375,22575.375
4699.3125,5063.4375,22575.375
4699.3125,5063.4375,22575.375
4699.3125,5063.4375,22575.375
4699.3125,5063.4375,22575.375
4699.25,5063.4375,22575.4375
4699.25,5063.4375,22575.4375
4699.25,5063.4375,22575.4375
4699.25,5063.4375,22575.4375
4699.75,5063.4375,22574.9375
4699.75,5063.4375,22574.9375
4699.75,5063.4375,22574.9375
4699.75,5063.4375,22574.9375
4699.75,5063.4375,22574.9375
4699.5625,5063.4375,22575.125
4699.5625,5063.4375,22575.125
4699.5625,5063.4375,22575.125
4699.1875,5063.4375,22575.5
4699.1875,5063.4375,22575.5
4699.1875,5063.4375,22575.5
4699.1875,5063.4375,22575.5
4699.0,5063.4375,22575.6875
4699.0,5063.4375,22575.6875
4698.9375,5063.4375,22575.75
4699.1875,5063.4375,22575.5
4699.1875,5063.4375,22575.5
4699.1875,5063.4375,22575.5
4699.1875,5063.4375,22575.5
4699.125,5063.4375,22575.5625
4705.5,5063.4375,22569.1875
4706.25,5063.4375,22568.4375
4702.125,5063.4375,22572.5625
4701.9375,5063.4375,22572.75
4701.9375,5063.4375,22572.75
4701.75,5063.4375,22572.9375
4701.5,5063.4375,22573.1875
4701.125,5063.4375,22573.5625
4701.125,5063.4375,22573.5625
4701.0,5063.4375,22573.6875
4701.5625,5063.4375,22573.125
4701.375,5063.4375,22573.3125
4701.375,5063.4375,22573.3125
4701.1875,5063.4375,22573.5
4701.1875,5063.4375,22573.5
4701.1875,5063.4375,22573.5
4701.1875,5063.4375,22573.5
4701.1875,5063.4375,22573.5
4701.1875,5063.4375,22573.5
4701.1875,5063.4375,22573.5
4701.1875,5063.4375,22573.5
4701.0,5063.4375,22573.6875
4701.0,5063.4375,22573.6875
4701.0,5063.4375,22573.6875
4700.8125,5063.4375,22573.875
4700.375,5063.4375,22574.3125
4700.375,5063.4375,22574.3125
4700.375,5063.4375,22574.3125
4700.1875,5063.4375,22574.5
4700.1875,5063.4375,22574.5
4700.0,5063.5,22574.625
4699.9375,5063.5,22574.6875
4699.9375,5063.5,22574.6875
4699.9375,5063.5,22574.6875
4699.9375,5063.5,22574.6875
4699.9375,5063.5,22574.6875
4699.8125,5063.5,22574.8125
4699.8125,5063.5,22574.8125
4699.8125,5063.5,22574.8125
4699.8125,5063.5,22574.8125
4699.9375,5063.5,22574.6875
4699.75,5063.5,22574.875
4699.5625,5063.5,22575.0625
4699.5625,5063.5,22575.0625
4699.5625,5063.5,22575.0625
4699.5625,5063.4375,22575.0625
4699.5625,5063.5,22575.0625
4699.4375,5063.5,22575.1875
4699.4375,5063.5,22575.1875
4699.4375,5063.5,22575.1875
4699.4375,5063.5,22575.1875
4699.4375,5063.5,22575.1875
4699.3125,5063.5,22575.3125
4699.3125,5063.5,22575.3125
4699.3125,5063.5,22575.3125
4699.9375,5063.5,22574.6875
4699.9375,5063.5,22574.6875
4699.9375,5063.5,22574.6875
4699.9375,5063.5,22574.6875
4700.0,5063.5,22574.625
4700.1875,5063.5,22574.4375
4700.1875,5063.5,22574.4375
4700.375,5063.5,22574.25
4700.375,5063.5,22574.25
4700.3125,5063.4375,22574.3125
4700.3125,5063.5,22574.3125
4700.3125,5063.5,22574.3125
4700.3125,5063.5,22574.3125
4700.3125,5063.5,22574.3125
4700.0625,5063.5,22574.5625
4700.0,5063.5,22574.625
4700.0,5063.5,22574.625
4700.0,5063.5,22574.625
4700.0,5063.5,22574.625
4700.0,5063.5,22574.625
4700.0,5063.5,22574.625
4700.0,5063.5,22574.625
4700.0,5063.5,22574.625
4700.0,5063.5,22574.625
4700.0,5063.5,22574.625
4700.0,5063.5,22574.625
4700.0,5063.5,22574.625
4699.75,5063.5,22574.875
4699.75,5063.5,22574.875
4699.4375,5063.5,22575.1875
4699.9375,5063.5,22574.6875
4699.9375,5063.5,22574.6875
4699.9375,5063.5,22574.6875
4699.9375,5063.5,22574.6875
4699.9375,5063.5,22574.6875
4699.9375,5063.5,22574.6875
4699.9375,5063.5,22574.6875
4686.9375,5063.5625,22587.6875
4686.625,5063.5625,22588.0
4686.625,5063.5625,22588.0
4686.625,5063.5625,22588.0
4686.625,5063.5625,22588.0
4686.625,5063.5625,22588.0
4686.625,5063.5625,22588.0
4686.8125,5063.5625,22587.8125
4687.9375,5063.5625,22586.6875
4687.8125,5063.5625,22586.8125
4687.625,5063.5625,22587.0
4687.4375,5063.5625,22587.1875
4687.4375,5063.5625,22587.1875
4687.625,5063.5625,22587.0
4687.625,5063.5625,22587.0
4687.625,5063.5625,22587.0
4687.625,5063.5625,22587.0
4687.625,5063.5625,22587.0
4687.5625,5063.5625,22587.0625
4687.5625,5063.5625,22587.0625
4687.5625,5063.5625,22587.0625
4687.5625,5063.5625,22587.0625
4687.5625,5063.5625,22587.0625
4687.9375,5063.5625,22586.4375
4687.9375,5063.5625,22586.4375
4687.9375,5063.5625,22586.4375
4687.9375,5063.5625,22586.4375
4687.9375,5063.5625,22586.4375
4687.9375,5063.5625,22586.4375
4687.9375,5063.5625,22586.4375
4688.3125,5063.5625,22586.0625
4688.3125,5063.5625,22586.0625
4688.3125,5063.5625,22586.0625
4688.3125,5063.5625,22586.0625
4688.3125,5063.5625,22586.0625
4688.3125,5063.5625,22586.0625
4688.3125,5063.5625,22586.0625
4689.0,5063.5625,22585.375
4689.6875,5063.5625,22584.6875
4689.6875,5063.5625,22584.6875
4689.6875,5063.5625,22584.6875
4689.6875,5063.5625,22584.6875
4689.6875,5063.5,22584.6875
4689.6875,5063.5625,22584.6875
4689.6875,5063.5625,22584.6875
4689.6875,5063.5625,22584.6875
4689.6875,5063.5625,22584.6875
4689.6875,5063.5625,22584.6875
4689.6875,5063.5625,22584.6875
4689.6875,5063.5625,22584.6875
4689.6875,5063.5625,22584.6875
4689.6875,5063.5625,22584.6875
4689.3125,5063.5625,22585.0625
4690.0,5063.5625,22584.375
4689.875,5063.5625,22584.5
4689.875,5063.5625,22584.5
4689.5,5063.5625,22584.875
4689.5,5063.5625,22584.875
4689.5,5063.5625,22584.875
4689.5,5063.5625,22584.875
4689.5,5063.5625,22584.875
4689.6875,5063.5625,22584.6875
4689.6875,5063.5625,22584.6875
4694.5625,5063.5625,22579.875
4694.5625,5063.5625,22579.875
4694.1875,5063.5625,22580.25
4694.1875,5063.5625,22580.25
4693.8125,5063.5625,22580.625
4695.625,5063.5625,22578.8125
4695.625,5063.5625,22578.8125
4695.4375,5063.5625,22579.0
4695.4375,5063.5625,22579.0
4695.4375,5063.5625,22579.0
4695.4375,5063.5625,22579.0
4695.5625,5063.5625,22578.875
4695.5625,5063.5625,22578.875
4695.5625,5063.5625,22578.875
4695.5625,5063.5625,22578.875
4695.5625,5063.5625,22578.875
4695.5625,5063.5625,22578.875
4695.5625,5063.4375,22578.875
4695.75,5063.5625,22578.6875
4695.125,5063.5625,22579.3125
4695.5,5063.5625,22578.9375
4695.5,5063.5625,22578.9375
4695.5,5063.5625,22578.9375
4695.3125,5063.5625,22579.125
4695.3125,5063.5625,22579.125
4695.125,5063.5625,22579.3125
4694.75,5063.5625,22579.6875
4694.75,5063.5625,22579.6875
4694.9375,5063.5625,22579.5
4696.25,5063.625,22578.1875
4696.1875,5063.625,22578.25
4696.1875,5063.625,22578.25
4696.1875,5063.625,22578.25
4695.5,5063.625,22578.3125
4694.1875,5063.625,22579.625
4693.8125,5063.625,22580.0
4693.8125,5063.625,22580.0
4693.8125,5063.625,22580.0
4693.8125,5063.5625,22580.0
4693.8125,5063.625,22580.0
4693.8125,5063.625,22580.0
4693.8125,5063.625,22580.0
4693.8125,5063.625,22580.0
4693.8125,5063.625,22580.0
4693.8125,5063.625,22580.0
4693.8125,5063.625,22580.0
4693.8125,5063.625,22580.0
4693.8125,5063.625,22580.0
4693.75,5063.6875,22580.0
4693.5625,5063.6875,22580.1875
4694.5,5063.6875,22579.25
4694.6875,5063.6875,22579.0625
4694.6875,5063.6875,22579.0625
4694.3125,5063.6875,22579.4375
4694.3125,5063.6875,22579.4375
4694.3125,5063.6875,22579.4375
4694.3125,5063.6875,22579.4375
4694.3125,5063.6875,22579.4375
4693.75,5063.6875,22580.0
4693.75,5063.6875,22580.0
4693.6875,5063.6875,22580.0625
4693.6875,5063.625,22580.0625
4693.875,5063.875,22579.75
4693.875,5063.875,22579.75
4692.875,5063.875,22580.5625
4693.75,5063.875,22579.6875
4693.625,5063.875,22579.8125
4692.875,5063.875,22580.5625
4692.875,5063.875,22580.5625
4692.875,5063.875,22580.5625
4692.875,5063.875,22580.5625
4692.875,5063.875,22580.5625
4692.875,5063.875,22580.5625
4692.875,5063.875,22580.5625
4692.875,5063.875,22580.5625
4692.875,5063.875,22580.5625
4692.875,5063.875,22580.5625
4692.6875,5063.875,22580.75
4692.6875,5063.875,22580.75
4692.8125,5063.875,22580.625
4693.3125,5063.875,22580.125
4693.3125,5063.875,22580.125
4693.3125,5063.875,22580.125
4693.3125,5063.875,22580.125
4692.9375,5063.875,22580.5
4692.9375,5063.875,22580.5
4692.75,5063.875,22580.6875
4692.75,5063.875,22580.6875
4692.375,5063.875,22581.0625
4676.8125,5063.875,22596.625
4681.875,5063.875,22591.5625
4681.875,5063.875,22591.5625
4681.875,5063.875,22591.5625
4681.875,5063.875,22591.5625
4681.75,5063.875,22591.6875
4681.4375,5063.8125,22592.0625
4678.625,5063.875,22594.75
4678.625,5063.875,22594.75
4678.125,5063.875,22595.25
4677.6875,5063.875,22595.6875
4677.875,5063.875,22595.5
4677.875,5063.875,22595.5
4677.875,5063.875,22595.5
4677.875,5063.875,22595.5
4677.875,5063.875,22595.5
4677.875,5063.875,22595.5
4677.875,5063.875,22595.5
4677.875,5063.875,22595.5
4677.625,5063.875,22595.75
4678.3125,5063.875,22595.0625
4679.0625,5063.875,22594.3125
4679.0625,5063.875,22594.3125
4678.875,5063.875,22594.5
4678.875,5063.875,22594.5
4678.6875,5063.875,22594.6875
4678.6875,5063.875,22594.6875
4678.6875,5063.875,22594.6875
4678.6875,5063.875,22594.6875
4678.4375,5063.875,22594.9375
4678.4375,5063.875,22594.9375
4678.0625,5063.875,22595.3125
4678.0625,5063.875,22595.3125
4678.0625,5063.875,22595.3125
4678.0625,5063.875,22595.3125
4677.875,5063.875,22595.5
4677.9375,5063.875,22595.4375
4677.9375,5063.8125,22595.4375
4677.9375,5063.875,22595.4375
4677.9375,5063.875,22595.4375
4677.8125,5063.875,22595.5625
4677.8125,5063.875,22595.5625
4677.8125,5063.875,22595.5625
4677.8125,5063.875,22595.5625
4677.8125,5063.875,22595.5625
4677.8125,5063.875,22595.5625
4677.8125,5063.875,22595.5625
4677.8125,5063.875,22595.5625
4677.8125,5063.875,22595.5625
4677.8125,5063.875,22595.5625
4678.0,5063.875,22595.0625
4678.3125,5063.875,22594.75
4678.3125,5063.875,22594.75
4678.3125,5063.875,22594.75
4678.3125,5063.875,22594.75
4678.3125,5063.875,22594.75
4685.5,5063.875,22587.5625
4685.125,5063.875,22587.9375
4676.8125,5063.875,22596.25
4676.75,5063.875,22596.3125
4676.9375,5063.875,22596.125
4676.9375,5063.875,22596.125
4676.875,5063.875,22596.1875
4676.875,5063.875,22596.1875
4676.875,5063.875,22596.1875
4674.4375,5063.875,22598.625
4675.375,5063.875,22597.625
4675.375,5063.875,22597.625
4675.1875,5063.875,22597.8125
4675.0625,5063.875,22597.9375
4675.0625,5063.8125,22597.9375
4675.0625,5063.875,22597.9375
4675.0625,5063.875,22597.9375
4675.0,5063.875,22598.0
4674.8125,5063.875,22598.1875
4674.8125,5063.875,22598.1875
4674.8125,5063.875,22598.1875
4674.8125,5063.875,22598.1875
4674.8125,5063.875,22598.1875
4674.8125,5063.875,22598.1875
4674.875,5063.875,22598.125
4676.0,5063.875,22597.0
4675.9375,5063.875,22597.0625
4675.9375,5063.875,22597.0625
4675.9375,5063.875,22597.0625
4675.625,5063.875,22597.375
4675.625,5063.875,22597.375
4675.625,5063.875,22597.375
4675.625,5063.875,22597.375
4675.5,5063.875,22597.5
4674.9375,5063.875,22598.0625
4674.9375,5063.875,22598.0625
4674.9375,5063.875,22598.0625
4674.9375,5063.875,22598.0625
4674.9375,5063.875,22598.0625
4674.75,5063.875,22598.25
4675.625,5063.875,22597.375
4675.625,5063.875,22597.375
4675.4375,5063.875,22597.5625
4675.4375,5063.875,22597.5625
4675.4375,5063.875,22597.5625
4675.4375,5063.875,22597.5625
4675.4375,5063.875,22597.5625
4675.4375,5063.875,22597.5625
4675.4375,5063.875,22597.5625
4675.4375,5063.875,22597.5625
4675.4375,5063.875,22597.5625
4675.4375,5063.875,22597.5625
4675.4375,5063.875,22597.5625
4675.4375,5063.875,22597.5625
4676.5,5063.875,22596.5
4676.6875,5063.8125,22596.3125
4676.6875,5063.875,22596.3125
4676.6875,5063.875,22596.3125
4676.6875,5063.875,22596.3125
4676.6875,5063.875,22596.3125
4676.6875,5063.875,22596.3125
4676.6875,5063.875,22596.3125
4676.6875,5063.875,22596.3125
4676.6875,5063.875,22596.3125
4676.625,5063.875,22596.375
4676.625,5063.875,22596.375
4676.625,5063.875,22596.375
4676.625,5063.875,22596.375
4676.625,5063.875,22596.375
4676.625,5063.875,22596.375
4676.375,5063.875,22596.625
4676.375,5063.875,22596.625
4676.375,5063.875,22596.625
4676.375,5063.875,22596.625
4676.125,5063.8125,22596.875
4675.9375,5063.875,22597.0625
4675.9375,5063.875,22597.0625
4675.9375,5063.875,22597.0625
4675.9375,5063.375,22597.375
4675.9375,5063.375,22597.375
4676.0,5063.375,22597.375
4676.0,5063.375,22597.375
4676.0,5063.375,22597.375
4676.0,5063.375,22597.375
4675.875,5063.625,22597.5625
4676.4375,5063.625,22596.5625
4676.4375,5063.625,22596.5625
4676.4375,5063.625,22596.5625
4676.0625,5063.625,22596.9375
4676.0625,5063.625,22596.9375
4676.0625,5063.5625,22596.9375
4676.0,5063.625,22597.0
4676.0,5063.625,22597.0
4676.0,5063.625,22597.0
4676.0,5063.625,22597.0
4676.1875,5063.625,22596.8125
4676.1875,5063.625,22596.8125
4676.1875,5063.625,22596.8125
4676.1875,5063.625,22596.8125
4676.1875,5063.625,22596.8125
4676.75,5063.625,22596.25
4676.75,5063.625,22596.25
4676.6875,5063.625,22596.3125
4676.6875,5063.625,22596.3125
4676.5,5063.625,22596.5
4676.5625,5063.625,22596.4375
4676.5625,5063.625,22596.4375
4676.25,5063.625,22596.75
4676.25,5063.625,22596.75
4676.25,5063.625,22596.75
4676.25,5063.625,22596.75
4676.25,5063.625,22596.75
4676.0,5063.625,22597.0
4676.0,5063.625,22597.0
4676.875,5063.625,22596.125
4676.75,5063.625,22596.25
4676.8125,5063.625,22596.1875
4676.8125,5063.625,22596.1875
4676.8125,5063.625,22596.1875
4676.6875,5063.625,22596.3125
4676.6875,5063.625,22596.3125
4676.6875,5063.625,22596.3125
4676.6875,5063.625,22596.3125
4676.6875,5063.625,22596.3125
4676.625,5063.625,22596.375
4676.8125,5063.625,22596.1875
4676.8125,5063.625,22596.1875
4676.8125,5063.625,22596.1875
4676.8125,5063.625,22596.1875
4676.6875,5063.625,22596.1875
4677.4375,5063.625,22595.4375
4677.4375,5063.625,22595.4375
4677.4375,5063.625,22595.4375
4677.4375,5063.625,22595.4375
4677.3125,5063.625,22595.5625
4677.125,5063.5625,22595.75
4677.125,5063.625,22595.75
4677.125,5063.625,22595.75
4677.125,5063.625,22595.75
4677.125,5063.625,22595.75
4677.125,5063.625,22595.75
4677.125,5063.625,22595.75
4677.125,5063.625,22595.75
4676.9375,5063.625,22595.9375
4676.6875,5063.625,22596.1875
4677.125,5063.625,22595.75
4676.9375,5063.625,22595.9375
4676.9375,5063.625,22595.9375
4676.9375,5063.625,22595.9375
4676.9375,5063.625,22595.9375
4676.9375,5063.625,22595.9375
4667.1875,5063.6875,22605.6875
4672.5625,5063.6875,22600.3125
4672.5625,5063.6875,22600.3125
4672.0,5063.6875,22600.875
4678.75,5063.6875,22594.1875
4678.75,5063.6875,22594.1875
4678.75,5063.625,22594.1875
4678.75,5063.6875,22594.1875
4678.5625,5063.6875,22594.375
4678.25,5063.6875,22594.6875
4678.25,5063.6875,22594.6875
4678.25,5063.6875,22594.6875
4678.25,5063.6875,22594.6875
4678.25,5063.6875,22594.6875
4678.4375,5063.6875,22594.5
4678.4375,5063.6875,22594.5
4678.4375,5063.6875,22594.5
4678.25,5063.6875,22594.6875
4678.25,5063.6875,22594.6875
4678.25,5063.6875,22594.6875
4678.25,5063.6875,22594.6875
4678.0625,5063.625,22594.875
4677.875,5063.6875,22595.0625
4678.0625,5063.6875,22594.875
4678.8125,5063.6875,22594.0625
4678.8125,5063.6875,22594.0625
4678.8125,5063.6875,22594.0625
4678.8125,5063.6875,22594.0625
4678.8125,5063.6875,22594.0625
4679.6875,5063.625,22593.125
4680.0625,5063.6875,22592.75
4679.9375,5063.6875,22592.875
4679.9375,5063.6875,22592.875
4679.75,5063.6875,22593.0625
4679.6875,5063.6875,22593.125
4678.5625,5063.6875,22594.25
4676.5625,5063.6875,22596.25
4676.5625,5063.6875,22596.25
4676.8125,5063.6875,22596.0
4676.6875,5063.6875,22596.125
4675.75,5063.6875,22597.0625
4675.3125,5063.6875,22597.5
4675.25,5063.6875,22597.5625
4675.25,5063.6875,22597.5625
4675.4375,5063.6875,22597.375
4675.4375,5063.6875,22597.375
4675.4375,5063.6875,22597.375
4675.0625,5063.6875,22597.75
4675.0625,5063.6875,22597.75
4675.0625,5063.6875,22597.75
4675.0625,5063.6875,22597.75
4675.0625,5063.6875,22597.75
4675.0625,5063.6875,22597.75
4675.0,5063.6875,22597.8125
4674.8125,5063.6875,22597.5625
4674.8125,5063.6875,22597.5625
4674.625,5063.6875,22597.75
4674.4375,5063.6875,22597.9375
4674.25,5063.6875,22598.125
4674.25,5063.6875,22598.125
4674.1875,5063.6875,22598.1875
4674.1875,5063.6875,22598.1875
4674.375,5063.6875,22598.0
4674.375,5063.6875,22598.0
4674.375,5063.6875,22598.0
4674.375,5063.5625,22598.0
4674.3125,5063.6875,22598.0625
4674.3125,5063.6875,22598.0625
4674.125,5063.6875,22598.25
4674.25,5063.6875,22598.125
4674.25,5063.625,22598.125
4674.25,5063.6875,22598.125
4674.25,5063.6875,22598.125
4674.0625,5063.6875,22598.3125
4673.75,5063.6875,22598.625
4673.9375,5063.6875,22598.4375
4673.9375,5063.6875,22598.4375
4674.125,5063.6875,22598.25
4673.9375,5063.6875,22598.4375
4673.9375,5063.6875,22598.4375
4673.9375,5063.6875,22598.4375
4674.125,5063.6875,22598.25
4673.9375,5063.6875,22598.4375
4674.625,5063.6875,22597.75
4673.8125,5063.6875,22598.5625
4673.9375,5063.75,22598.375
4673.6875,5063.75,22598.625
4673.6875,5063.75,22598.625
4673.6875,5063.75,22598.625
4673.5625,5063.75,22598.75
4673.5625,5063.75,22598.75
4673.5625,5063.75,22598.75
4673.5625,5063.75,22598.75
4673.5625,5063.75,22598.75
4673.75,5063.75,22598.5625
4673.5625,5063.75,22598.75
4673.5625,5063.75,22598.75
4673.5625,5063.75,22598.75
4675.0625,5063.75,22597.25
4674.9375,5063.75,22597.375
4674.9375,5063.75,22597.375
4674.9375,5063.6875,22597.375
4674.9375,5063.75,22597.375
4674.9375,5063.75,22597.375
4674.75,5063.75,22597.5625
4674.75,5063.75,22597.5625
4674.75,5063.75,22597.5625
4674.75,5063.75,22597.5625
4674.75,5063.75,22597.5625
4674.75,5063.75,22597.5625
4674.75,5063.75,22597.5625
4674.75,5063.75,22597.5625
4674.75,5063.75,22597.5625
4674.5625,5063.75,22597.4375
4674.125,5063.75,22597.875
4674.0,5063.75,22598.0
4674.0,5063.75,22598.0
4674.0,5063.75,22598.0
4674.0,5063.6875,22598.0
4674.0,5063.75,22598.0
4674.0,5063.75,22598.0
4674.1875,5063.75,22597.8125
4674.1875,5063.75,22597.8125
4674.0,5063.75,22598.0
4674.1875,5063.75,22597.8125
4674.1875,5063.75,22597.8125
4673.8125,5063.75,22598.1875
4673.875,5063.75,22598.125
4674.25,5063.75,22597.75
4674.125,5063.75,22597.875
4673.4375,5063.75,22598.5625
4673.4375,5063.75,22598.5625
4673.375,5063.75,22598.625
4673.375,5063.75,22598.625
4673.3125,5063.75,22598.6875
4673.3125,5063.75,22598.6875
4673.3125,5063.75,22598.6875
4673.5,5063.75,22598.5
4673.5,5063.75,22598.5
4673.3125,5063.75,22598.6875
4673.3125,5063.75,22598.6875
4673.5,5063.75,22598.5
4673.5,5063.75,22598.5
4675.6875,5063.75,22596.3125
4675.875,5063.75,22596.125
4675.875,5063.75,22596.125
4675.875,5063.75,22596.125
4675.75,5063.75,22596.25
4677.25,5063.8125,22594.75
4683.5,5063.8125,22588.5
4678.4375,5063.8125,22593.5625
4677.5625,5063.8125,22594.4375
4677.375,5063.8125,22594.625
4677.3125,5063.8125,22594.6875
4677.3125,5063.8125,22594.6875
4677.3125,5063.8125,22594.6875
4677.125,5063.8125,22594.875
4677.6875,5063.8125,22594.3125
4677.8125,5063.8125,22594.1875
4678.0,5063.8125,22594.0
4677.8125,5063.8125,22594.1875
4677.625,5063.8125,22594.375
4677.8125,5063.8125,22594.1875
4677.625,5063.8125,22594.375
4677.8125,5063.8125,22594.1875
4677.8125,5063.8125,22594.1875
4677.5625,5063.8125,22594.4375
4677.375,5063.8125,22594.625
4677.375,5063.8125,22594.625
4677.375,5063.8125,22594.625
4677.375,5063.8125,22594.625
4677.375,5063.8125,22594.625
4677.375,5063.8125,22594.625
4677.3125,5063.8125,22594.4375
4677.125,5063.8125,22594.625
4677.3125,5063.8125,22594.4375
4677.3125,5063.8125,22594.4375
4677.3125,5063.8125,22594.4375
4677.25,5063.8125,22594.5
4677.25,5063.8125,22594.5
4677.25,5063.8125,22594.5
4676.875,5063.8125,22594.875
4677.0625,5063.8125,22594.6875
4677.0625,5063.8125,22594.6875
4677.0625,5063.8125,22594.6875
4677.0625,5063.8125,22594.6875
4676.875,5063.8125,22594.875
4677.0625,5063.8125,22594.6875
4677.75,5063.8125,22594.0
4677.75,5063.8125,22594.0
4677.25,5063.8125,22594.5
4677.25,5063.8125,22594.5
4677.25,5063.8125,22594.5
4677.25,5063.8125,22594.5
4677.25,5063.8125,22594.5
4677.25,5063.8125,22594.5
4677.0,5063.8125,22594.75
4677.0,5063.8125,22594.75
4677.0,5063.8125,22594.75
4677.0,5063.8125,22594.75
4677.0,5063.8125,22594.75
4677.0,5063.8125,22594.75
4677.0,5063.8125,22594.75
4676.0625,5063.8125,22595.6875
4676.0625,5063.8125,22595.6875
4675.875,5063.8125,22595.875
4675.875,5063.8125,22595.875
4675.8125,5063.8125,22595.9375
4675.8125,5063.8125,22595.9375
4675.8125,5063.8125,22595.9375
4675.8125,5063.8125,22595.9375
4675.8125,5063.8125,22595.9375
4675.8125,5063.8125,22595.9375
4675.8125,5063.8125,22595.9375
4676.0,5063.8125,22595.75
4676.0,5063.8125,22595.75
4676.0,5063.8125,22595.75
4676.0,5063.8125,22595.75
4675.25,5063.8125,22596.375
4675.25,5063.8125,22596.375
4675.25,5063.8125,22596.375
4675.25,5063.8125,22596.375
4675.0625,5063.8125,22596.5625
4675.0625,5063.8125,22596.5625
4675.0625,5063.8125,22596.5625
4675.0625,5063.8125,22596.5625
4675.0625,5063.8125,22596.5625
4675.0625,5063.8125,22596.5625
4675.0625,5063.8125,22596.5625
4674.875,5063.8125,22596.75
4674.6875,5063.8125,22596.9375
4674.6875,5063.8125,22596.9375
4674.6875,5063.8125,22596.9375
4674.8125,5063.8125,22596.8125
4674.8125,5063.8125,22596.8125
4667.4375,5063.8125,22604.1875
4667.4375,5063.8125,22604.1875
4667.125,5063.8125,22604.5
4667.125,5063.8125,22604.5
4667.125,5063.8125,22604.5
4667.125,5063.8125,22604.5
4667.125,5063.8125,22604.5
4667.125,5063.8125,22604.5
4667.125,5063.8125,22604.5
4667.125,5063.8125,22604.5
4667.3125,5063.8125,22604.3125
4667.3125,5063.8125,22604.3125
4667.3125,5063.8125,22604.3125
4667.6875,5063.8125,22603.9375
4667.6875,5063.8125,22603.9375
4667.6875,5063.8125,22603.9375
4667.6875,5063.8125,22603.9375
4667.6875,5063.8125,22603.9375
4667.625,5063.8125,22604.0
4667.625,5063.8125,22604.0
4667.1875,5063.8125,22604.4375
4667.1875,5063.8125,22604.4375
4666.8125,5063.8125,22604.8125
4666.8125,5063.8125,22604.8125
4666.8125,5063.8125,22604.8125
4666.8125,5063.8125,22604.8125
4666.8125,5063.8125,22604.8125
4667.0,5063.75,22604.625
4667.375,5063.8125,22604.0
4667.375,5063.8125,22604.0
4667.125,5063.8125,22604.25
4666.875,5063.8125,22604.5
4666.875,5063.8125,22604.5
4666.375,5063.8125,22605.0
4666.3125,5063.8125,22605.0625
4666.3125,5063.8125,22605.0625
4666.3125,5063.8125,22605.0625
4666.125,5063.8125,22605.25
4666.0,5063.8125,22605.375
4666.0,5063.8125,22605.375
4666.0,5063.8125,22605.375
4666.0,5063.8125,22605.375
4666.1875,5063.75,22605.1875
4665.0,5063.8125,22606.375
4665.0,5063.8125,22606.375
4665.0,5063.8125,22606.375
4664.8125,5063.8125,22606.5625
4664.8125,5063.8125,22606.5625
4664.8125,5063.8125,22606.5625
4664.8125,5063.8125,22606.5625
4664.8125,5063.8125,22606.5625
4664.8125,5063.8125,22606.5625
4664.8125,5063.8125,22606.5625
4664.8125,5063.8125,22606.5625
4664.6875,5063.8125,22606.6875
4664.625,5063.8125,22606.75
4664.625,5063.8125,22606.75
4664.625,5063.8125,22606.75
4663.625,5063.8125,22607.75
4663.625,5063.8125,22607.75
4663.5625,5063.8125,22607.8125
4663.5625,5063.8125,22607.8125
4663.5625,5063.8125,22607.8125
4663.3125,5063.8125,22608.0625
4663.3125,5063.8125,22608.0625
4663.3125,5063.8125,22608.0625
4663.3125,5063.8125,22608.0625
4663.3125,5063.8125,22608.0625
4668.8125,5063.8125,22602.5
4668.8125,5063.8125,22602.5
4668.8125,5063.8125,22602.5
4668.625,5063.8125,22602.6875
4668.625,5063.8125,22602.6875
4669.5,5063.8125,22601.8125
4669.5,5063.8125,22601.8125
4669.5,5063.8125,22601.8125
4669.3125,5063.8125,22602.0
4669.3125,5063.8125,22602.0
4669.3125,5063.8125,22602.0
4669.3125,5063.8125,22602.0
4669.3125,5063.8125,22602.0
4669.3125,5063.8125,22602.0
4669.3125,5063.8125,22602.0
4669.3125,5063.8125,22602.0
4669.3125,5063.8125,22602.0
4669.3125,5063.8125,22602.0
4669.3125,5063.8125,22602.0
4669.875,5063.8125,22601.4375
4669.5,5063.8125,22601.8125
4669.5,5063.8125,22601.8125
4669.4375,5063.8125,22601.875
4669.4375,5063.8125,22601.875
4669.4375,5063.8125,22601.875
4669.4375,5063.8125,22601.875
4669.5,5063.8125,22601.6875
4669.5,5063.8125,22601.6875
4669.5,5063.8125,22601.6875
4669.5,5063.8125,22601.6875
4669.5,5063.8125,22601.6875
4669.5,5063.8125,22601.6875
4669.5,5063.8125,22601.6875
4669.3125,5063.8125,22601.875
4669.5625,5063.8125,22601.625
4671.1875,5063.8125,22599.9375
4671.1875,5063.8125,22599.9375
4671.1875,5063.8125,22599.9375
4671.1875,5063.8125,22599.9375
4671.1875,5063.8125,22599.9375
4669.5,5063.8125,22601.625
4669.5,5063.8125,22601.625
4669.4375,5063.9375,22601.6875
4669.4375,5063.8125,22601.6875
4669.4375,5063.8125,22601.6875
4669.4375,5063.8125,22601.6875
4669.4375,5063.8125,22601.6875
4669.4375,5063.8125,22601.6875
4669.4375,5063.8125,22601.6875
4669.3125,5063.8125,22601.8125
4670.4375,5063.75,22600.6875
4670.625,5063.8125,22600.5
4670.625,5063.8125,22600.5
4670.625,5063.8125,22600.5
4670.625,5063.8125,22600.5
4670.625,5063.8125,22600.5
4670.625,5063.8125,22600.5
4670.625,5063.8125,22600.5
4670.625,5063.8125,22600.5
4670.625,5063.8125,22600.5
4670.625,5063.8125,22600.5
4670.4375,5063.8125,22600.6875
4670.25,5063.8125,22600.875
4670.25,5063.8125,22600.875
4670.25,5063.8125,22600.875
4670.3125,5063.8125,22600.8125
4670.3125,5063.8125,22600.8125
4670.3125,5063.8125,22600.8125
4670.3125,5063.8125,22600.8125
4670.3125,5063.8125,22600.8125
4670.3125,5063.8125,22600.8125
4670.3125,5063.8125,22600.8125
4670.3125,5063.8125,22600.8125
4670.3125,5063.8125,22600.8125
4670.3125,5063.8125,22600.8125
4670.3125,5063.8125,22600.8125
4670.3125,5063.8125,22600.8125
4670.3125,5063.8125,22600.8125
4670.3125,5063.8125,22600.8125
4670.3125,5063.8125,22600.8125
4670.625,5063.8125,22600.5
4670.625,5063.8125,22600.5
4670.625,5063.8125,22600.5
4669.875,5063.8125,22601.25
4669.875,5063.8125,22601.25
4669.625,5063.8125,22601.5
4669.625,5063.8125,22601.5
4669.625,5063.8125,22601.5
4669.625,5063.8125,22601.5
4669.625,5063.8125,22601.5
4669.625,5063.8125,22601.5
4669.75,5063.8125,22601.375
4669.75,5063.8125,22601.375
4669.6875,5063.875,22601.375
4669.4375,5063.875,22601.625
4669.125,5063.875,22601.9375
4669.125,5063.875,22601.9375
4668.9375,5063.875,22602.125
4668.9375,5063.875,22602.125
4668.9375,5063.875,22602.125
4668.9375,5063.875,22602.125
4668.9375,5063.875,22602.125
4668.9375,5063.875,22602.125
4668.9375,5063.875,22602.125
4668.9375,5063.875,22602.125
4668.9375,5063.875,22602.125
4668.9375,5063.875,22602.125
4668.9375,5063.875,22602.125
4668.9375,5063.875,22602.125
4668.6875,5063.875,22602.375
4668.9375,5063.875,22601.6875
4668.9375,5063.875,22601.6875
4668.75,5063.875,22601.875
4667.25,5063.875,22603.375
4667.25,5063.875,22603.375
4667.25,5063.875,22603.375
4667.25,5063.875,22603.375
4667.25,5063.875,22603.375
4667.25,5063.875,22603.375
4667.25,5063.875,22603.375
4667.1875,5063.875,22603.4375
4667.1875,5063.875,22603.4375
4667.1875,5063.875,22603.4375
4667.0625,5063.875,22603.5625
4667.0,5063.875,22603.625
4668.6875,5063.875,22601.9375
4668.6875,5063.875,22601.9375
4668.6875,5063.875,22601.9375
4668.6875,5063.875,22601.9375
4668.6875,5063.875,22601.9375
4668.6875,5063.875,22601.9375
4668.6875,5063.875,22601.9375
4668.6875,5063.875,22601.9375
4668.75,5063.875,22601.875
4668.75,5063.875,22601.875
4668.75,5063.875,22601.875
4664.375,5063.875,22606.25
4664.375,5063.875,22606.25
4664.375,5063.875,22606.25
4664.375,5063.875,22606.25
4664.0625,5063.875,22606.4375
4664.0625,5063.875,22606.4375
4663.875,5063.875,22606.625
4663.6875,5063.875,22606.8125
4663.6875,5063.875,22606.8125
4663.625,5063.875,22606.875
4668.625,5063.875,22601.875
4670.5625,5063.875,22599.9375
4663.25,5063.875,22607.25
4663.4375,5063.875,22607.0625
4663.4375,5063.875,22607.0625
4663.4375,5063.875,22607.0625
4663.25,5063.875,22607.25
4663.375,5063.9375,22607.125
4663.3125,5063.9375,22607.1875
4663.6875,5063.9375,22606.8125
4663.6875,5063.9375,22606.8125
4663.6875,5063.9375,22606.8125
4663.6875,5063.9375,22606.8125
4663.6875,5063.9375,22606.8125
4663.6875,5063.9375,22606.8125
4663.6875,5063.9375,22606.8125
4663.6875,5063.9375,22606.8125
4663.6875,5063.9375,22606.8125
4663.6875,5063.9375,22606.8125
4663.6875,5063.9375,22606.8125
4663.6875,5063.9375,22606.8125
4663.875,5063.9375,22606.625
4663.875,5063.9375,22606.625
4663.75,5063.9375,22606.75
4663.25,5063.9375,22607.1875
4663.25,5063.9375,22607.1875
4663.25,5063.9375,22607.1875
4663.25,5063.9375,22607.1875
4663.375,5063.9375,22607.0625
4663.375,5063.9375,22607.0625
4663.375,5063.9375,22607.0625
4663.375,5063.9375,22607.0625
4663.375,5063.9375,22607.0625
4663.375,5063.9375,22607.0625
4663.375,5063.9375,22607.0625
4663.375,5063.9375,22607.0625
4663.375,5063.9375,22607.0625
4663.1875,5063.9375,22607.25
4662.625,5063.9375,22607.8125
4662.875,5063.9375,22607.3125
4662.875,5063.9375,22607.3125
4662.875,5063.9375,22607.3125
4662.875,5063.9375,22607.3125
4662.875,5063.9375,22607.3125
4662.875,5063.9375,22607.3125
4662.75,5063.9375,22607.4375
4662.75,5063.9375,22607.4375
4662.5625,5063.9375,22607.625
4662.5625,5063.9375,22607.625
4662.5625,5063.9375,22607.625
4662.5625,5063.9375,22607.625
4662.375,5063.9375,22607.8125
4662.375,5063.9375,22607.8125
4662.375,5063.9375,22607.8125
4662.3125,5063.9375,22607.0
4662.3125,5063.9375,22607.0
4662.3125,5063.9375,22607.0
4662.3125,5063.9375,22607.0
4661.875,5063.9375,22607.4375
4661.875,5063.9375,22607.4375
4661.875,5063.9375,22607.4375
4661.875,5063.9375,22607.4375
4661.875,5063.9375,22607.4375
4661.875,5063.9375,22607.4375
4663.875,5063.9375,22605.4375
4663.875,5063.9375,22605.4375
4663.875,5063.9375,22605.4375
4663.875,5063.9375,22605.4375
4664.125,5063.9375,22605.1875
4665.0625,5063.9375,22604.1875
4665.0625,5063.9375,22604.1875
4665.0625,5063.9375,22604.1875
4665.0625,5063.9375,22604.1875
4665.0625,5063.9375,22604.1875
4665.0625,5063.9375,22604.1875
4665.0625,5063.9375,22604.1875
4665.0625,5063.9375,22604.1875
4665.0625,5063.9375,22604.1875
4664.3125,5063.9375,22604.9375
4664.3125,5063.9375,22604.9375
4664.3125,5063.9375,22604.9375
4664.3125,5063.9375,22604.9375
4664.3125,5063.9375,22604.9375
4664.5,5063.875,22604.75
4663.0,5063.9375,22606.25
4663.0,5063.9375,22606.25
4662.9375,5063.9375,22606.3125
4662.6875,5063.9375,22606.5625
4662.75,5063.9375,22606.5
4662.75,5063.9375,22606.5
4662.75,5063.9375,22606.5
4662.75,5063.9375,22606.5
4662.75,5063.9375,22606.5
4662.75,5063.9375,22606.5
4662.75,5063.9375,22606.5
4662.75,5063.9375,22606.5
4662.75,5063.9375,22606.5
4662.75,5063.9375,22606.5
4663.1875,5063.9375,22606.0625
4663.5625,5063.9375,22605.6875
4663.5625,5063.9375,22605.6875
4663.375,5063.9375,22605.875
4663.375,5063.9375,22605.875
4663.375,5063.9375,22605.875
4663.1875,5063.9375,22606.0625
4663.1875,5063.9375,22606.0625
4663.1875,5063.9375,22606.0625
4663.1875,5063.9375,22606.0625
4663.1875,5063.9375,22606.0625
4663.1875,5063.9375,22606.0625
4663.1875,5063.9375,22606.0625
4663.1875,5063.9375,22606.0625
4663.1875,5063.9375,22606.0625
4663.1875,5063.9375,22606.0625
4663.5625,5063.9375,22605.6875
4663.5625,5063.9375,22605.6875
4663.75,5063.9375,22605.5
4663.75,5063.9375,22605.5
4663.4375,5063.9375,22605.8125
4663.3125,5063.9375,22605.9375
4663.3125,5063.9375,22605.9375
4663.25,5063.9375,22606.0
4663.25,5063.9375,22606.0
4663.25,5063.9375,22606.0
4663.25,5063.9375,22606.0
4663.4375,5063.9375,22605.8125
4663.4375,5063.9375,22605.8125
4663.4375,5063.9375,22605.8125
4664.125,5063.9375,22604.875
4664.8125,5063.9375,22604.1875
4664.8125,5063.9375,22604.1875
4664.8125,5063.9375,22604.1875
4664.9375,5063.8125,22604.1875
4664.9375,5063.8125,22604.1875
4664.9375,5063.8125,22604.1875
4664.9375,5063.8125,22604.1875
4664.9375,5063.8125,22604.1875
4664.9375,5063.8125,22604.1875
4664.9375,5063.8125,22604.1875
4664.6875,5063.8125,22604.4375
4664.6875,5063.8125,22604.4375
4664.6875,5063.8125,22604.4375
4664.6875,5063.8125,22604.4375
4664.4375,5063.8125,22604.6875
4665.0625,5063.8125,22604.0625
4665.0625,5063.8125,22604.0625
4665.0625,5063.8125,22604.0625
4665.0625,5063.8125,22604.0625
4665.0625,5063.8125,22604.0625
4664.875,5063.8125,22604.25
4664.875,5063.8125,22604.25
4664.875,5063.8125,22604.25
4664.875,5063.8125,22604.25
4666.75,5063.8125,22602.375
4671.125,5063.8125,22598.0625
4671.125,5063.8125,22598.0625
4670.9375,5063.8125,22598.25
4670.9375,5063.8125,22598.25
4670.75,5063.8125,22598.4375
4671.8125,5063.8125,22597.3125
4671.8125,5063.8125,22597.3125
4671.625,5063.8125,22597.5
4671.625,5063.8125,22597.5
4671.375,5063.8125,22597.75
4671.375,5063.8125,22597.75
4671.375,5063.8125,22597.75
4671.375,5063.8125,22597.75
4671.375,5063.8125,22597.75
4671.0,5063.8125,22598.125
4671.0,5063.8125,22598.125
4671.0,5063.8125,22598.125
4671.0,5063.8125,22598.125
4671.0,5063.8125,22598.125
4671.0,5063.8125,22598.125
4671.4375,5063.8125,22597.6875
4671.4375,5063.8125,22597.6875
4671.3125,5063.8125,22597.8125
4671.3125,5063.8125,22597.8125
4671.3125,5063.8125,22597.8125
4672.25,5063.8125,22596.875
4672.0625,5063.8125,22597.0625
4672.0625,5063.8125,22597.0625
4672.0625,5063.8125,22597.0625
4672.0625,5063.8125,22597.0625
4672.0625,5063.8125,22597.0625
4672.0625,5063.8125,22597.0625
4672.0625,5063.75,22597.0625
4672.0625,5063.8125,22596.875
4672.4375,5063.8125,22596.5
4671.625,5063.8125,22597.3125
4671.625,5063.8125,22597.3125
4672.1875,5063.8125,22596.75
4672.0,5063.8125,22596.9375
4672.0,5063.8125,22596.9375
4672.0,5063.8125,22596.9375
4672.0,5063.8125,22596.9375
4672.0,5063.8125,22596.9375
4670.5625,5063.8125,22598.375
4670.5625,5063.8125,22598.375
4670.25,5063.875,22598.625
4670.25,5063.875,22598.625
4670.25,5063.875,22598.625
4670.25,5063.875,22598.625
4670.25,5063.875,22598.625
4670.0,5063.875,22598.875
4669.9375,5063.875,22598.9375
4669.875,5063.875,22599.0
4669.6875,5063.875,22599.1875
4669.6875,5063.875,22599.1875
4669.6875,5063.875,22599.1875
4669.6875,5063.875,22599.1875
4669.6875,5063.875,22599.1875
4669.6875,5063.875,22599.1875
4669.875,5063.875,22599.0
4669.875,5063.875,22599.0
4669.875,5063.75,22599.0
4669.875,5063.875,22599.0
4669.6875,5063.875,22599.1875
4670.5,5063.875,22598.375
4669.875,5063.875,22598.9375
4669.6875,5063.8125,22599.125
4669.875,5063.875,22598.9375
4669.875,5063.875,22598.9375
4669.875,5063.875,22598.9375
4669.875,5063.875,22598.9375
4669.6875,5063.875,22599.125
4669.6875,5063.875,22599.125
4669.6875,5063.875,22599.125
4669.5625,5063.875,22599.25
4669.5625,5063.875,22599.25
4669.5625,5063.875,22599.25
4669.5625,5063.875,22599.25
4669.5625,5063.875,22599.25
4668.875,5063.875,22599.9375
4668.4375,5063.875,22600.0625
4668.4375,5063.875,22600.0625
4668.4375,5063.875,22600.0625
4668.4375,5063.875,22600.0625
4668.75,5063.875,22599.75
4668.5625,5063.875,22599.9375
4668.5625,5063.875,22599.9375
4668.5625,5063.875,22599.9375
4668.5625,5063.875,22599.9375
4668.5625,5063.875,22599.9375
4668.5625,5063.875,22599.9375
4668.5625,5063.875,22599.9375
4668.5625,5063.875,22599.9375
4668.5625,5063.875,22599.9375
4668.375,5063.875,22600.125
4668.625,5063.8125,22599.875
4668.5625,5063.875,22599.9375
4668.6875,5063.875,22599.8125
4668.6875,5063.875,22599.8125
4668.6875,5063.875,22599.8125
4668.625,5063.875,22599.875
4668.625,5063.875,22599.875
4668.5625,5063.875,22599.9375
4668.5625,5063.875,22599.9375
4668.5,5063.875,22600.0
4668.5,5063.875,22600.0
4668.5,5063.875,22600.0
4668.5,5063.875,22600.0
4668.5,5063.875,22600.0
4668.375,5063.875,22600.125
4669.375,5063.875,22599.0
4669.375,5063.875,22599.0
4669.375,5063.875,22599.0
4669.375,5063.875,22599.0
4669.375,5063.875,22599.0
4669.0,5063.875,22599.375
4669.0,5063.875,22599.375
4669.0,5063.875,22599.375
4669.0,5063.875,22599.375
4669.0,5063.875,22599.375
4669.0,5063.875,22599.375
4669.0,5063.875,22599.375
4669.0,5063.875,22599.375
4669.125,5063.875,22599.25
4669.25,5063.875,22599.125
4670.1875,5063.875,22598.1875
4670.1875,5063.875,22598.1875
4670.125,5063.875,22598.25
4670.125,5063.875,22598.25
4670.125,5063.875,22598.25
4670.125,5063.875,22598.25
4670.125,5063.875,22598.25
4670.125,5063.875,22598.25
4670.125,5063.875,22598.25
4669.8125,5063.875,22598.5625
4669.625,5063.875,22598.75
4669.625,5063.875,22598.75
4669.625,5063.875,22598.75
4669.625,5063.875,22598.75
4669.8125,5063.875,22598.5625
4670.3125,5063.875,22598.0625
4670.3125,5063.875,22598.0625
4670.3125,5063.875,22598.0625
4670.3125,5063.8125,22598.0625
4670.3125,5063.875,22598.0625
4669.875,5063.875,22598.5
4678.625,5063.9375,22589.6875
4678.4375,5063.9375,22589.875
4673.5625,5063.9375,22594.75
4673.5625,5063.9375,22594.75
4673.5625,5063.9375,22594.75
4673.5625,5063.9375,22594.75
4673.5625,5063.9375,22594.75
4673.5625,5063.9375,22594.75
4673.375,5063.875,22594.9375
4673.5,5063.9375,22594.8125
4673.5,5063.9375,22594.8125
4673.5,5063.9375,22594.8125
4673.5,5063.9375,22594.8125
4673.3125,5063.9375,22595.0
4673.3125,5063.9375,22595.0
4673.3125,5063.9375,22595.0
4673.3125,5063.9375,22595.0
4673.3125,5063.9375,22595.0
4673.3125,5063.9375,22595.0
4673.25,5063.9375,22595.0625
4671.0625,5063.875,22597.25
4668.5625,5063.9375,22599.75
4668.4375,5063.9375,22599.875
4668.625,5063.9375,22599.6875
4667.9375,5063.9375,22600.375
4663.25,5064.0625,22605.0625
4667.375,5064.0625,22600.9375
4667.375,5064.0625,22600.9375
4667.375,5064.0625,22600.9375
4667.375,5064.0625,22600.9375
4666.8125,5064.0625,22601.5
4666.8125,5064.0625,22601.5
4666.8125,5064.0625,22601.5
4666.8125,5064.0625,22601.5
4666.8125,5064.0625,22601.5
4666.8125,5064.0625,22601.5
4666.8125,5064.0625,22601.5
4666.8125,5064.0625,22601.5
4666.8125,5064.0625,22601.5
4667.125,5064.0625,22600.875
4667.125,5064.0625,22600.875
4667.125,5064.0625,22600.875
4667.125,5064.0625,22600.875
4667.125,5064.0625,22600.875
4667.125,5064.0625,22600.875
4667.125,5064.0625,22600.875
4667.125,5064.0625,22600.875
4667.125,5064.0625,22600.875
4667.0625,5064.0625,22600.9375
4667.0625,5064.0625,22600.9375
4667.0,5064.0625,22601.0
4667.0,5064.0625,22601.0
4667.0,5064.0625,22601.0
4668.125,5064.0625,22599.875
4667.875,5064.0625,22600.0625
4667.6875,5064.0625,22600.25
4667.5,5064.0625,22600.4375
4667.5,5064.0625,22600.4375
4667.5,5064.0625,22600.4375
4667.5,5064.0,22600.4375
4667.5,5064.0625,22600.4375
4667.25,5064.0625,22600.6875
4667.25,5064.0625,22600.6875
4667.25,5064.0625,22600.6875
4667.25,5064.0625,22600.6875
4667.25,5064.0625,22600.6875
4667.25,5064.0625,22600.6875
4667.25,5064.0625,22600.6875
4668.0,5064.0625,22599.9375
4669.875,5064.0625,22598.0625
4669.75,5064.0625,22598.1875
4669.375,5064.0625,22598.5625
4669.375,5064.0625,22598.5625
4669.375,5064.0625,22598.5625
4669.375,5064.0625,22598.5625
4669.375,5064.0625,22598.5625
4669.375,5064.0625,22598.5625
4669.375,5064.0625,22598.5625
4669.375,5064.0625,22598.5625
4669.375,5064.0625,22598.5625
4669.3125,5064.0625,22598.625
4669.3125,5064.0625,22598.625
4669.3125,5064.0625,22598.625
4668.5625,5064.0,22599.25
4669.8125,5064.0625,22598.0
4669.8125,5064.0625,22598.0
4669.8125,5064.0625,22598.0
4669.8125,5064.0625,22598.0
4669.75,5064.0625,22598.0625
4669.5625,5064.0625,22598.25
4669.5625,5064.0625,22598.25
4669.5625,5064.0625,22598.25
4669.5625,5064.0625,22598.25
4669.5625,5064.0625,22598.25
4669.5625,5064.0625,22598.25
4669.5625,5064.0625,22598.25
4669.5625,5064.0625,22598.25
4669.5625,5064.0625,22598.25
4669.5625,5064.0625,22598.25
4668.875,5064.0625,22598.75
4668.6875,5064.0625,22598.9375
4668.6875,5064.0625,22598.9375
4668.6875,5064.0625,22598.9375
4668.6875,5064.0,22598.9375
4668.875,5064.0625,22598.75
4668.875,5064.0625,22598.75
4668.875,5064.0625,22598.75
4668.875,5064.0625,22598.75
4668.875,5064.0625,22598.75
4668.875,5064.0625,22598.75
4668.875,5064.0625,22598.75
4668.6875,5064.0625,22598.9375
4668.6875,5064.0625,22598.9375
4668.25,5064.0625,22599.3125
4669.0625,5064.0625,22598.5
4669.0625,5064.0625,22598.5
4669.0625,5064.0625,22598.5
4669.0625,5064.0625,22598.5
4669.0625,5064.0625,22598.5
4669.0625,5064.0625,22598.5
4669.0625,5064.0625,22598.5
4669.0625,5064.0625,22598.5
4669.0625,5064.0625,22598.5
4669.0625,5064.0625,22598.5
4669.0625,5064.0625,22598.5
4669.0625,5064.0625,22598.5
4669.0625,5064.0625,22598.5
4669.0625,5064.0625,22598.5
4669.6875,5064.0625,22597.875
4668.5,5064.0625,22599.0625
4668.5,5064.0625,22599.0625
4668.5,5064.0625,22599.0625
4668.5,5064.0625,22599.0625
4668.5,5064.0625,22599.0625
4668.5,5064.0625,22599.0625
4668.5,5064.0625,22599.0625
4668.4375,5064.0625,22599.125
4668.4375,5064.0625,22599.125
4668.375,5064.0625,22599.1875
4668.375,5064.0625,22599.1875
4668.375,5064.0625,22599.1875
4668.5,5064.0625,22599.0
4668.5,5064.0,22599.0
4667.875,5064.0625,22599.625
4667.125,5064.0625,22600.375
4667.125,5064.0625,22600.375
4667.125,5064.0625,22600.375
4666.9375,5064.0625,22600.5625
4666.9375,5064.0625,22600.5625
4666.9375,5064.0625,22600.5625
4666.75,5064.0625,22600.75
4666.6875,5064.0625,22600.75
4666.6875,5064.0625,22600.75
4668.375,5064.0625,22599.0625
4672.125,5064.125,22595.375
4672.125,5064.125,22595.375
4672.125,5064.125,22595.375
4672.125,5064.125,22595.375
4672.625,5064.125,22594.875
4672.3125,5064.125,22595.1875
4672.125,5064.125,22595.375
4672.1875,5064.125,22595.1875
4672.1875,5064.125,22595.1875
4672.1875,5064.125,22595.1875
4672.1875,5064.125,22595.1875
4672.0,5064.125,22595.375
4672.0,5064.125,22595.375
4671.9375,5064.125,22595.4375
4671.9375,5064.125,22595.4375
4671.8125,5064.125,22595.5625
4671.625,5064.125,22595.75
4671.8125,5064.125,22595.5625
4671.8125,5064.125,22595.5625
4671.625,5064.125,22595.75
4671.75,5064.125,22595.625
4671.75,5064.0625,22595.625
4671.9375,5064.125,22595.4375
4671.9375,5064.125,22595.4375
4671.75,5064.125,22595.625
4672.875,5064.125,22594.5
4671.75,5064.125,22595.625
4671.6875,5064.125,22595.625
4671.6875,5064.125,22595.625
4671.6875,5064.125,22595.625
4671.6875,5064.125,22595.625
4671.6875,5064.125,22595.625
4671.6875,5064.125,22595.625
4671.6875,5064.125,22595.625
4672.0625,5064.125,22595.25
4671.8125,5064.125,22595.4375
4671.8125,5064.125,22595.4375
4671.75,5064.125,22595.5
4671.75,5064.125,22595.5
4671.25,5064.125,22596.0
4671.25,5064.125,22596.0
4672.75,5064.125,22594.5
4672.75,5064.125,22594.5
4672.75,5064.125,22594.5
4672.75,5064.125,22594.5
4672.75,5064.125,22594.5
4667.9375,5064.0625,22599.375
4666.9375,5064.125,22600.25
4666.9375,5064.125,22600.25
4666.8125,5064.125,22600.375
4667.1875,5064.125,22599.9375
4667.1875,5064.0,22599.9375
4667.375,5064.125,22599.75
4667.375,5064.125,22599.75
4667.375,5064.125,22599.75
4667.375,5064.125,22599.75
4667.375,5064.125,22599.75
4667.25,5064.125,22599.75
4667.1875,5064.125,22599.8125
4667.125,5064.125,22599.875
4667.125,5064.125,22599.875
4667.125,5064.125,22599.875
4667.125,5064.125,22599.875
4667.125,5064.125,22599.875
4671.5625,5064.125,22595.375
4667.3125,5064.125,22599.625
4667.3125,5064.125,22599.625
4667.0,5064.125,22599.875
4667.0,5064.125,22599.875
4667.0,5064.125,22599.875
4667.0,5064.125,22599.875
4667.0,5064.125,22599.875
4667.0,5064.125,22599.875
4667.0,5064.125,22599.875
4666.8125,5064.125,22600.0625
4666.5625,5064.125,22600.3125
4666.5625,5064.125,22600.3125
4666.5625,5064.125,22600.3125
4666.5,5064.125,22600.3125
4666.125,5064.125,22600.6875
4667.5,5064.125,22599.3125
4667.3125,5064.125,22599.5
4667.3125,5064.125,22599.5
4667.3125,5064.125,22599.5
4667.3125,5064.125,22599.5
4667.3125,5064.125,22599.5
4667.125,5064.125,22599.6875
4667.125,5064.125,22599.6875
4667.3125,5064.125,22599.5
4667.3125,5064.125,22599.5
4667.3125,5064.125,22599.5
4667.3125,5064.125,22599.5
4667.3125,5064.125,22599.5
4667.25,5064.125,22599.5625
4666.9375,5064.125,22599.875
4667.8125,5064.125,22599.0
4667.8125,5064.125,22599.0
4667.4375,5064.125,22599.375
4667.5,5064.125,22599.3125
4667.5,5064.125,22599.3125
4667.5,5064.125,22599.3125
4667.5,5064.125,22599.3125
4667.4375,5064.125,22599.375
4667.4375,5064.125,22599.375
4667.4375,5064.125,22599.375
4667.4375,5064.125,22599.375
4667.4375,5064.125,22599.375
4667.375,5064.125,22599.4375
4667.25,5064.125,22599.5
4667.125,5064.125,22599.625
4667.0625,5064.125,22599.6875
4667.0,5064.125,22599.75
4667.0,5064.125,22599.75
4667.0,5064.125,22599.75
4666.6875,5064.125,22600.0625
4666.6875,5064.125,22600.0625
4666.6875,5064.125,22600.0625
4666.6875,5064.125,22600.0625
4666.5,5064.125,22600.1875
4666.5,5064.125,22600.1875
4666.5,5064.125,22600.1875
4666.5,5064.125,22600.1875
4666.5,5064.125,22600.1875
4666.5,5064.125,22600.1875
4666.5,5064.125,22600.1875
4666.6875,5064.125,22600.0
4666.6875,5064.125,22600.0
4666.4375,5064.125,22600.25
4666.4375,5064.125,22600.25
4666.4375,5064.125,22600.25
4666.4375,5064.125,22600.25
4666.4375,5064.125,22600.25
4666.4375,5064.125,22600.25
4665.6875,5064.125,22601.0
4665.6875,5064.125,22601.0
4665.4375,5064.125,22601.25
4665.4375,5064.125,22601.25
4665.4375,5064.125,22601.25
4665.375,5064.125,22601.3125
4664.1875,5064.125,22602.5
4664.1875,5064.125,22602.5
4663.875,5064.125,22602.8125
4663.6875,5064.125,22603.0
4663.6875,5064.125,22603.0
4663.6875,5064.125,22603.0
4671.5625,5064.125,22595.125
4664.25,5064.125,22602.4375
4663.4375,5064.125,22603.1875
4663.4375,5064.125,22603.1875
4663.4375,5064.125,22603.1875
4663.4375,5064.125,22603.1875
4663.375,5064.125,22603.25
4663.375,5064.125,22603.25
4663.375,5064.125,22603.25
4663.75,5064.125,22602.875
4664.5625,5064.125,22602.0625
4664.375,5064.125,22602.25
4664.1875,5064.125,22602.4375
4664.1875,5064.125,22602.4375
4664.1875,5064.125,22602.4375
4664.1875,5064.125,22602.4375
4664.1875,5064.125,22602.4375
4664.1875,5064.125,22602.4375
4664.1875,5064.125,22602.4375
4664.1875,5064.125,22602.4375
4664.1875,5064.125,22602.4375
4664.1875,5064.125,22602.4375
4664.0,5064.125,22602.625
4664.0,5064.125,22602.625
4665.4375,5064.125,22601.1875
4665.4375,5064.0625,22601.1875
4665.4375,5064.125,22601.1875
4665.4375,5064.125,22601.1875
4665.4375,5064.125,22601.1875
4665.4375,5064.125,22601.1875
4665.625,5064.125,22601.0
4665.625,5064.125,22601.0
4665.375,5064.125,22601.25
4665.375,5064.125,22601.25
4665.375,5064.125,22601.25
4665.375,5064.125,22601.25
4665.375,5064.125,22601.25
4665.375,5064.125,22601.25
4665.375,5064.125,22601.25
4666.4375,5064.125,22600.1875
4666.4375,5064.125,22600.1875
4666.4375,5064.125,22600.1875
4666.375,5064.125,22600.25
4666.25,5064.125,22600.375
4666.25,5064.125,22600.375
4666.25,5064.125,22600.375
4666.25,5064.125,22600.375
4666.25,5064.125,22600.375
4666.25,5064.125,22600.375
4666.25,5064.125,22600.375
4666.25,5064.125,22600.375
4666.25,5064.125,22600.375
4666.1875,5064.1875,22600.375
4666.1875,5064.1875,22600.375
4667.5625,5064.1875,22599.0
4667.4375,5064.1875,22599.125
4667.4375,5064.1875,22599.125
4667.4375,5064.1875,22599.125
4667.4375,5064.1875,22599.125
4667.4375,5064.1875,22599.125
4667.4375,5064.1875,22599.125
4667.4375,5064.1875,22599.125
4667.4375,5064.1875,22599.125
4667.625,5064.1875,22598.9375
4667.625,5064.1875,22598.9375
4667.625,5064.1875,22598.9375
4667.625,5064.1875,22598.9375
4667.8125,5064.1875,22598.75
4667.8125,5064.1875,22598.75
4668.75,5064.1875,22597.8125
4668.75,5064.1875,22597.8125
4668.75,5064.1875,22597.8125
4668.75,5064.1875,22597.8125
4668.875,5064.1875,22597.6875
4668.875,5064.1875,22597.6875
4668.6875,5064.1875,22597.875
4668.6875,5064.1875,22597.875
4668.6875,5064.1875,22597.875
4668.5625,5064.1875,22598.0
4668.5625,5064.1875,22598.0
4668.5625,5064.1875,22598.0
4668.75,5064.1875,22597.8125
4668.875,5064.1875,22597.6875
4668.875,5064.1875,22597.6875
4667.0625,5064.1875,22599.5
4667.0625,5064.1875,22599.5
4666.625,5064.1875,22599.9375
4666.625,5064.1875,22599.9375
4666.3125,5064.1875,22600.25
4666.3125,5064.1875,22600.25
4666.3125,5064.1875,22600.25
4666.3125,5064.1875,22600.25
4666.3125,5064.1875,22600.25
4666.4375,5064.1875,22600.125
4666.4375,5064.1875,22600.125
4666.4375,5064.1875,22600.125
4666.4375,5064.1875,22600.125
4666.4375,5064.1875,22600.125
4666.4375,5064.1875,22600.125
4666.8125,5064.1875,22599.75
4666.8125,5064.1875,22599.75
4666.8125,5064.1875,22599.75
4666.8125,5064.1875,22599.75
4666.6875,5064.1875,22599.875
4666.6875,5064.1875,22599.875
4666.375,5064.1875,22600.1875
4666.375,5064.1875,22600.1875
4666.375,5064.1875,22600.1875
4666.375,5064.1875,22600.1875
4666.375,5064.1875,22600.1875
4666.375,5064.1875,22600.1875
4666.5625,5064.1875,22600.0
4666.5625,5064.1875,22600.0
4666.5,5064.1875,22600.0625
4667.3125,5064.1875,22599.25
4667.3125,5064.1875,22599.25
4667.25,5064.1875,22599.3125
4667.25,5064.1875,22599.3125
4667.0,5064.1875,22599.5625
4667.0,5064.1875,22599.5625
4667.0,5064.1875,22599.5625
4667.0,5064.1875,22599.5625
4667.0,5064.1875,22599.5625
4666.75,5064.1875,22599.8125
4666.75,5064.1875,22599.8125
4666.4375,5064.1875,22600.125
4666.4375,5064.1875,22600.125
4666.4375,5064.1875,22600.125
4667.0,5064.1875,22599.5625
4667.9375,5064.1875,22598.625
4667.9375,5064.1875,22598.625
4667.9375,5064.1875,22598.625
4667.9375,5064.1875,22598.625
4667.9375,5064.1875,22598.625
4668.125,5064.1875,22598.4375
4668.125,5064.1875,22598.4375
4668.125,5064.1875,22598.4375
4668.125,5064.1875,22598.4375
4667.9375,5064.1875,22598.625
4667.9375,5064.1875,22598.625
4667.9375,5064.1875,22598.625
4667.9375,5064.1875,22598.625
4667.9375,5064.1875,22598.625
4667.9375,5064.1875,22598.625
4667.1875,5064.1875,22599.375
4667.0,5064.1875,22599.5625
4666.5625,5064.1875,22600.0
4666.5625,5064.1875,22600.0
4666.5625,5064.1875,22600.0
4666.5625,5064.1875,22600.0
4666.5625,5064.1875,22600.0
4666.5625,5064.1875,22600.0
4666.5625,5064.1875,22600.0
4666.5625,5064.1875,22600.0
4682.6875,5064.1875,22583.875
4668.6875,5064.1875,22597.875
4668.6875,5064.1875,22597.875
4668.875,5064.1875,22597.6875
4669.0625,5064.1875,22597.5
4669.8125,5064.1875,22596.75
4669.75,5064.1875,22596.8125
4669.75,5064.1875,22596.8125
4669.75,5064.1875,22596.8125
4669.75,5064.1875,22596.8125
4669.75,5064.1875,22596.8125
4669.75,5064.1875,22596.8125
4669.75,5064.1875,22596.8125
4669.75,5064.1875,22596.8125
4669.75,5064.1875,22596.8125
4669.75,5064.1875,22596.8125
4669.75,5064.1875,22596.8125
4669.75,5064.1875,22596.8125
4669.75,5064.1875,22596.8125
4669.5625,5064.1875,22597.0
4667.875,5064.1875,22598.0
4667.875,5064.1875,22598.0
4667.8125,5064.1875,22598.0625
4667.8125,5064.1875,22598.0625
4667.8125,5064.1875,22598.0625
4667.75,5064.1875,22598.125
4667.625,5064.1875,22598.25
4667.625,5064.1875,22598.25
4667.625,5064.1875,22598.25
4667.3125,5064.1875,22598.5625
4667.3125,5064.1875,22598.5625
4667.125,5064.1875,22598.75
4667.125,5064.1875,22598.75
4667.125,5064.1875,22598.75
4667.3125,5064.1875,22598.5625
4668.1875,5064.1875,22597.625
4668.1875,5064.1875,22597.625
4668.1875,5064.1875,22597.625
4668.0,5064.1875,22597.8125
4668.0,5064.1875,22597.8125
4668.0,5064.1875,22597.8125
4668.0,5064.1875,22597.8125
4668.0,5064.1875,22597.8125
4668.0,5064.1875,22597.8125
4668.5625,5064.1875,22597.25
4668.5625,5064.1875,22597.25
4668.5625,5064.1875,22597.25
4668.5625,5064.1875,22597.25
4668.5625,5064.1875,22597.25
4666.5,5064.3125,22599.3125
4666.125,5064.1875,22599.625
4665.9375,5064.1875,22599.8125
4665.9375,5064.1875,22599.8125
4665.75,5064.1875,22600.0
4665.9375,5064.1875,22599.8125
4665.9375,5064.1875,22599.8125
4665.9375,5064.1875,22599.8125
4665.9375,5064.1875,22599.8125
4665.9375,5064.1875,22599.8125
4665.9375,5064.1875,22599.8125
4668.125,5064.1875,22597.625
4668.125,5064.1875,22597.625
4668.0625,5064.1875,22597.6875
4668.0625,5064.1875,22597.6875
4673.0,5064.1875,22592.75
4669.0,5064.1875,22596.75
4669.0,5064.1875,22596.75
4669.1875,5064.1875,22596.5625
4669.1875,5064.1875,22596.5625
4668.75,5064.1875,22596.75
4668.4375,5064.1875,22597.0625
4668.4375,5064.1875,22597.0625
4668.375,5064.1875,22597.125
4668.375,5064.1875,22597.125
4668.375,5064.1875,22597.125
4668.375,5064.1875,22597.125
4668.375,5064.1875,22597.125
4668.375,5064.1875,22597.125
4668.375,5064.1875,22597.125
4668.375,5064.1875,22597.125
4668.75,5064.1875,22596.75
4668.75,5064.1875,22596.75
4668.3125,5064.1875,22597.1875
4668.3125,5064.1875,22597.1875
4668.3125,5064.1875,22597.1875
4668.3125,5064.1875,22597.1875
4667.875,5064.1875,22597.625
4667.875,5064.1875,22597.625
4667.875,5064.1875,22597.625
4667.875,5064.1875,22597.625
4667.8125,5064.1875,22597.6875
4667.8125,5064.1875,22597.6875
4667.8125,5064.1875,22597.6875
4667.8125,5064.1875,22597.6875
4668.0,5064.1875,22597.5
4668.0625,5064.1875,22597.375
4668.0625,5064.1875,22597.375
4668.0625,5064.1875,22597.375
4668.0625,5064.1875,22597.375
4668.0625,5064.1875,22597.375
4663.9375,5064.25,22601.5
4668.625,5064.25,22596.8125
4668.625,5064.25,22596.8125
4668.625,5064.25,22596.8125
4668.625,5064.25,22596.8125
4668.625,5064.25,22596.8125
4668.625,5064.25,22596.8125
4668.625,5064.25,22596.8125
4668.625,5064.25,22596.8125
4668.5625,5064.25,22596.875
4668.25,5064.25,22597.1875
4668.1875,5064.25,22597.25
4668.125,5064.25,22597.3125
4668.3125,5064.25,22597.125
4668.3125,5064.25,22597.125
4668.3125,5064.25,22597.125
4668.3125,5064.25,22597.125
4668.3125,5064.25,22597.125
4668.3125,5064.25,22597.125
4668.3125,5064.25,22597.125
4668.3125,5064.25,22597.125
4668.3125,5064.25,22597.125
4668.3125,5064.25,22597.125
4668.3125,5064.25,22597.125
4668.1875,5064.3125,22597.25
4667.4375,5064.3125,22597.9375
4667.4375,5064.3125,22597.9375
4667.4375,5064.3125,22597.9375
4667.4375,5064.3125,22597.9375
4667.4375,5064.3125,22597.9375
4667.3125,5064.3125,22598.0625
4667.25,5064.3125,22598.125
4667.25,5064.3125,22598.125
4667.25,5064.3125,22598.125
4667.25,5064.3125,22598.125
4667.25,5064.3125,22598.125
4667.25,5064.25,22598.125
4667.25,5064.3125,22598.125
4667.25,5064.3125,22598.125
4667.625,5064.3125,22597.75
4667.875,5064.3125,22597.375
4667.875,5064.3125,22597.375
4667.6875,5064.3125,22597.5625
4667.6875,5064.3125,22597.5625
4667.6875,5064.3125,22597.5625
4674.0625,5064.3125,22591.1875
4674.4375,5064.3125,22590.8125
4670.25,5064.3125,22595.0
4670.25,5064.3125,22595.0
4670.25,5064.3125,22595.0
4670.125,5064.3125,22595.125
4669.75,5064.3125,22595.5
4669.75,5064.3125,22595.5
4669.75,5064.3125,22595.5
4670.0,5064.3125,22595.25
4669.875,5064.3125,22595.375
4669.8125,5064.3125,22595.4375
4669.625,5064.3125,22595.625
4669.625,5064.3125,22595.625
4669.625,5064.3125,22595.625
4669.3125,5064.3125,22595.9375
4669.125,5064.3125,22596.125
4669.125,5064.3125,22596.125
4668.9375,5064.3125,22596.3125
4668.9375,5064.3125,22596.3125
4668.9375,5064.3125,22596.3125
4668.9375,5064.3125,22596.3125
4668.9375,5064.3125,22596.3125
4668.9375,5064.3125,22596.3125
4668.8125,5064.3125,22596.3125
4669.5625,5064.3125,22595.5625
4669.5625,5064.3125,22595.5625
4669.4375,5064.3125,22595.6875
4669.375,5064.3125,22595.75
4669.375,5064.3125,22595.75
4669.0,5064.3125,22596.125
4669.0,5064.3125,22596.125
4669.0,5064.3125,22596.125
4669.0,5064.3125,22596.125
4669.0,5064.3125,22596.125
4669.0,5064.3125,22596.125
4669.0,5064.3125,22596.125
4669.0,5064.3125,22596.125
4669.0,5064.3125,22596.125
4668.8125,5064.3125,22596.3125
4669.125,5064.3125,22595.9375
4669.125,5064.3125,22595.9375
4669.125,5064.3125,22595.9375
4669.125,5064.3125,22595.9375
4669.125,5064.3125,22595.9375
4669.125,5064.3125,22595.9375
4669.125,5064.3125,22595.9375
4669.125,5064.3125,22595.9375
4669.125,5064.3125,22595.9375
4669.125,5064.3125,22595.9375
4669.125,5064.3125,22595.9375
4669.125,5064.3125,22595.9375
4669.125,5064.3125,22595.9375
4669.125,5064.3125,22595.9375
4669.125,5064.3125,22595.9375
4671.0,5064.3125,22594.0625
4671.0,5064.3125,22594.0625
4671.0,5064.3125,22594.0625
4671.0,5064.3125,22594.0625
4671.0625,5064.25,22594.0625
4671.1875,5063.9375,22594.0625
4671.5,5064.25,22593.875
4671.5,5064.25,22593.875
4671.5,5064.25,22593.875
4671.5,5064.25,22593.875
4671.5,5064.25,22593.875
4671.375,5064.3125,22593.9375
4671.3125,5064.3125,22594.0
4671.3125,5064.3125,22594.0
4672.0,5064.3125,22593.3125
4670.875,5064.3125,22594.1875
4670.875,5064.3125,22594.1875
4670.875,5064.3125,22594.1875
4670.875,5064.3125,22594.1875
4670.875,5064.3125,22594.1875
4670.875,5064.3125,22594.1875
4671.0625,5064.3125,22594.0
4671.0625,5064.3125,22594.0
4671.0625,5064.3125,22594.0
4671.0625,5064.3125,22594.0
4671.0625,5064.3125,22594.0
4671.0625,5064.3125,22594.0
4671.0625,5064.3125,22594.0
4671.0625,5064.3125,22594.0
4671.5625,5064.3125,22593.5
4671.1875,5064.3125,22593.875
4671.125,5064.3125,22593.9375
4671.0,5064.3125,22594.0625
4671.0,5064.3125,22594.0625
4671.0,5064.3125,22594.0625
4670.625,5064.3125,22594.4375
4670.625,5064.3125,22594.4375
4670.5625,5064.3125,22594.5
4670.375,5064.3125,22594.6875
4670.375,5064.3125,22594.6875
4670.375,5064.3125,22594.6875
4670.375,5064.3125,22594.6875
4670.375,5064.3125,22594.6875
4670.375,5064.3125,22594.6875
4670.1875,5064.3125,22594.875
4669.4375,5063.9375,22595.625
4669.4375,5063.9375,22595.625
4669.4375,5063.9375,22595.625
4669.4375,5063.9375,22595.625
4669.4375,5063.875,22595.625
4669.625,5063.9375,22595.4375
4669.5625,5063.9375,22595.5
4669.5625,5063.9375,22595.5
4669.5625,5063.9375,22595.5
4669.5625,5063.9375,22595.5
4669.5625,5063.9375,22595.5
4669.5625,5063.9375,22595.5
4669.5625,5063.9375,22595.5
4669.5625,5063.9375,22595.5
4669.375,5063.9375,22595.6875
4669.875,5063.9375,22594.9375
4669.6875,5063.9375,22595.125
4669.625,5063.9375,22595.1875
4669.5625,5063.9375,22595.25
4669.5625,5063.9375,22595.25
4669.5625,5063.9375,22595.25
4669.5625,5063.9375,22595.25
4669.5625,5063.9375,22595.25
4669.5625,5063.9375,22595.25
4669.5625,5063.9375,22595.25
4669.5625,5063.9375,22595.25
4669.375,5063.9375,22595.4375
4669.375,5063.9375,22595.4375
4669.375,5063.9375,22595.4375
4669.125,5063.9375,22595.6875
4669.125,5063.9375,22595.625
4669.125,5063.9375,22595.625
4669.125,5063.9375,22595.625
4669.125,5063.9375,22595.625
4669.125,5063.9375,22595.625
4669.125,5063.9375,22595.625
4669.125,5063.9375,22595.625
4669.0,5063.9375,22595.75
4669.0,5063.9375,22595.75
4669.0,5063.9375,22595.75
4669.0,5063.9375,22595.75
4669.0,5063.9375,22595.75
4669.0,5063.9375,22595.75
4669.0,5063.9375,22595.75
4668.9375,5063.9375,22595.8125
4670.0625,5063.9375,22594.6875
4670.0625,5063.9375,22594.6875
4670.0625,5063.9375,22594.6875
4670.0625,5063.9375,22594.6875
4670.0625,5063.9375,22594.6875
4670.0,5063.9375,22594.75
4670.1875,5063.9375,22594.5625
4670.0625,5064.3125,22594.5
4669.9375,5064.3125,22594.625
4669.9375,5064.3125,22594.625
4675.875,5064.3125,22588.75
4675.6875,5064.3125,22588.9375
4675.5,5064.3125,22589.125
4675.5,5064.3125,22589.125
4674.9375,5064.3125,22589.6875
4675.8125,5064.3125,22588.8125
4675.8125,5064.3125,22588.8125
4675.8125,5064.3125,22588.8125
4675.8125,5064.3125,22588.8125
4675.5625,5063.9375,22589.1875
4675.5625,5063.875,22589.1875
4675.5625,5063.9375,22589.1875
4675.75,5063.9375,22589.0
4675.75,5063.9375,22589.0
4675.75,5063.9375,22589.0
4675.75,5063.9375,22589.0
4675.75,5063.9375,22589.0
4675.75,5063.9375,22589.0
4675.75,5063.9375,22589.0
4675.625,5063.9375,22589.125
4675.75,5063.9375,22588.75
4675.75,5063.9375,22588.75
4675.625,5063.9375,22588.875
4675.4375,5063.9375,22589.0625
4675.4375,5063.9375,22589.0625
4675.4375,5063.9375,22589.0625
4674.625,5063.9375,22589.875
4674.3125,5063.9375,22590.25
4674.3125,5063.9375,22590.25
4674.3125,5063.9375,22590.25
4674.3125,5063.9375,22590.25
4674.3125,5063.9375,22590.25
4674.5,5063.9375,22590.0625
4674.5,5063.9375,22590.0625
4674.0,5063.9375,22590.5
4674.75,5063.9375,22589.75
4674.75,5063.9375,22589.75
4674.75,5063.9375,22589.75
4674.75,5063.9375,22589.75
4674.75,5063.9375,22589.75
4674.75,5063.9375,22589.75
4674.75,5063.9375,22589.75
4674.6875,5063.9375,22589.8125
4674.5625,5063.9375,22589.9375
4674.5625,5063.9375,22589.9375
4674.625,5063.9375,22589.875
4676.3125,5063.9375,22588.1875
4677.1875,5063.9375,22587.3125
4677.1875,5063.9375,22587.3125
4677.25,5063.9375,22587.25
4676.875,5063.9375,22587.625
4676.875,5063.9375,22587.625
4675.9375,5063.9375,22588.5625
4675.9375,5063.9375,22588.5625
4675.9375,5063.9375,22588.5625
4675.9375,5063.9375,22588.5625
4675.9375,5063.9375,22588.5625
4675.9375,5063.9375,22588.5625
4675.9375,5063.9375,22588.5625
4675.9375,5063.9375,22588.5625
4675.9375,5063.9375,22588.5625
4675.9375,5063.8125,22588.5625
4675.8125,5064.0,22588.6875
4679.375,5069.875,22579.6875
4678.3125,5079.0625,22571.3125
4674.75,5079.5625,22574.875
4674.5625,5079.5625,22575.0625
4676.625,5079.5625,22572.625
4676.625,5079.5625,22572.625
4676.625,5079.5625,22572.625
4676.625,5079.5625,22572.625
4676.625,5079.5625,22572.625
4676.375,5080.5625,22571.875
4676.375,5080.5625,22571.875
4676.1875,5080.5625,22572.0625
4676.1875,5080.5625,22572.0625
4676.1875,5080.5625,22572.0625
4676.0625,5080.5,22572.1875
4676.0625,5080.5,22572.1875
4675.75,5080.5,22572.5
4675.6875,5080.5,22572.125
4675.25,5080.5,22572.5625
4675.25,5080.5,22572.5625
4674.75,5080.5,22573.0625
4674.75,5080.5,22573.0625
4674.75,5080.5,22573.0625
4674.875,5080.5,22572.9375
4674.875,5080.5,22572.9375
4674.875,5080.5,22572.9375
4674.4375,5080.5,22573.375
4674.4375,5080.5,22573.375
4674.375,5080.4375,22573.4375
4674.1875,5080.5,22573.625
4674.1875,5080.5,22573.625
4674.75,5078.875,22574.5625
4675.25,5078.875,22574.0625
4675.25,5078.875,22574.0625
4675.0625,5078.875,22574.25
4675.0625,5078.875,22574.25
4675.0625,5078.875,22574.25
4675.0625,5078.875,22574.25
4675.0625,5078.875,22574.25
4675.125,5080.5,22572.5625
4671.3125,5080.5,22576.4375
4671.3125,5080.5,22576.4375
4671.3125,5080.5,22576.4375
4671.3125,5080.5,22576.4375
4671.3125,5080.5,22576.4375
4671.3125,5080.4375,22576.4375
4670.75,5080.5,22577.0
4670.75,5080.5,22577.0
4672.375,5078.125,22577.75
4671.75,5080.5625,22576.8125
4671.75,5080.5625,22576.8125
4671.75,5077.875,22579.5
4671.75,5077.875,22579.5
4671.75,5077.875,22579.5
4671.75,5077.875,22579.5
4671.75,5077.875,22579.5
4671.6875,5077.875,22579.5625
4671.6875,5077.875,22579.5625
4671.5,5077.875,22579.75
4671.3125,5077.875,22579.9375
4671.3125,5080.5,22577.3125
4673.625,5077.875,22577.6875
4673.5625,5077.875,22577.6875
4673.375,5077.875,22577.875
4673.375,5077.875,22577.875
4673.375,5077.875,22577.875
4673.375,5077.875,22577.875
4673.3125,5077.875,22577.9375
4673.125,5077.875,22577.9375
4673.125,5077.875,22577.9375
4673.3125,5077.875,22577.75
4673.3125,5077.875,22577.75
4673.3125,5077.875,22577.75
4673.3125,5077.875,22577.75
4673.3125,5077.875,22577.75
4673.3125,5077.875,22577.75
4673.125,5077.875,22577.9375
4673.4375,5077.875,22577.625
4673.4375,5077.875,22577.625
4673.4375,5077.875,22577.625
4673.4375,5077.875,22577.625
4673.4375,5077.875,22577.625
4680.1875,5077.875,22570.875
4680.5625,5077.875,22570.5
4672.5,5077.875,22578.5625
4672.5,5077.875,22578.5625
4672.5,5077.875,22578.5625
4672.5,5077.875,22578.5625
4672.5,5077.875,22578.5625
4672.5,5077.875,22578.5625
4672.6875,5077.875,22578.375
4672.125,5077.875,22578.9375
4672.25,5077.875,22578.8125
4672.25,5077.875,22578.8125
4672.25,5077.875,22578.8125
4672.25,5077.875,22578.8125
4672.25,5077.8125,22578.8125
4672.25,5077.875,22578.8125
4672.25,5077.875,22578.8125
4672.25,5077.875,22578.8125
4671.875,5077.875,22579.1875
4671.875,5077.875,22579.1875
4671.875,5077.875,22579.1875
4671.875,5077.875,22579.1875
4671.875,5077.875,22579.1875
4671.875,5077.875,22579.1875
4671.5,5077.875,22579.5625
4671.0625,5077.875,22579.9375
4671.0625,5077.875,22579.9375
4671.0625,5077.875,22579.9375
4670.6875,5077.875,22580.3125
4670.6875,5077.875,22580.3125
4670.5625,5077.8125,22580.4375
4670.5625,5077.875,22580.4375
4670.5625,5077.875,22580.4375
4670.5625,5077.875,22580.4375
4670.5625,5077.875,22580.4375
4670.5625,5077.875,22580.4375
4670.5625,5077.875,22580.4375
4670.5625,5077.875,22580.4375
4670.1875,5077.875,22580.8125
4670.1875,5077.875,22580.8125
4670.125,5077.875,22580.875
4670.125,5077.875,22580.875
4670.125,5077.875,22580.875
4670.125,5077.875,22580.875
4670.0,5077.875,22581.0
4670.0,5077.875,22581.0
4670.0,5077.875,22581.0
4670.0,5077.875,22581.0
4669.9375,5077.875,22581.0625
4670.1875,5075.375,22583.5
4670.1875,5075.375,22583.5
4670.1875,5075.375,22583.5
4670.1875,5075.375,22583.5
4670.1875,5075.375,22583.5
4670.1875,5075.375,22583.5
4670.0625,5075.375,22583.625
4670.0625,5075.3125,22583.625
4670.0625,5075.375,22583.625
4669.6875,5075.375,22584.0
4669.6875,5075.375,22584.0
4669.6875,5075.375,22584.0
4669.6875,5075.375,22584.0
4669.6875,5075.375,22584.0
4669.6875,5075.375,22584.0
4669.6875,5075.375,22584.0
4669.6875,5075.375,22584.0
4669.6875,5075.375,22584.0
4669.6875,5075.375,22584.0
4669.6875,5075.375,22584.0
4669.75,5075.375,22583.9375
4670.375,5075.375,22583.0625
4670.375,5075.375,22583.0625
4670.375,5075.375,22583.0625
4670.375,5075.375,22583.0625
4670.375,5075.3125,22583.0625
4670.25,5075.375,22583.1875
4670.25,5075.375,22583.1875
4670.25,5075.375,22583.1875
4670.25,5075.375,22583.1875
4670.25,5075.375,22583.1875
4670.25,5075.375,22583.1875
4670.25,5075.375,22583.1875
4670.25,5075.375,22583.1875
4670.25,5075.375,22583.1875
4669.3125,5075.375,22584.125
4669.1875,5075.375,22584.25
4669.1875,5075.375,22584.25
4669.0,5075.375,22584.4375
4668.8125,5075.375,22584.625
4668.4375,5075.375,22585.0
4668.4375,5075.375,22585.0
4668.4375,5075.375,22585.0
4668.4375,5075.375,22585.0
4668.4375,5075.375,22585.0
4668.4375,5075.375,22585.0
4668.25,5075.375,22585.1875
4668.1875,5075.375,22585.25
4668.1875,5075.375,22585.25
4668.1875,5075.375,22585.25
4668.0,5075.4375,22585.375
4667.5,5075.4375,22585.875
4667.5,5075.4375,22585.875
4667.5,5075.4375,22585.875
4667.5,5075.4375,22585.875
4667.5,5075.4375,22585.875
4667.5,5075.375,22585.875
4667.3125,5075.4375,22586.0625
4667.3125,5075.4375,22586.0625
4666.9375,5075.4375,22586.4375
4666.9375,5075.4375,22586.4375
4666.9375,5075.4375,22586.4375
4666.9375,5075.4375,22586.4375
4666.9375,5075.4375,22586.4375
4666.9375,5075.4375,22586.4375
4667.25,5075.4375,22586.125
4668.0625,5075.4375,22585.3125
4668.0625,5075.4375,22585.3125
4668.0625,5075.4375,22585.3125
4667.5,5075.4375,22585.875
4667.4375,5075.4375,22585.9375
4667.4375,5075.4375,22585.9375
4667.4375,5075.4375,22585.9375
4667.4375,5075.4375,22585.9375
4667.4375,5075.4375,22585.9375
4667.4375,5075.4375,22585.9375
4667.4375,5075.4375,22585.9375
4667.4375,5075.4375,22585.9375
4667.4375,5075.4375,22585.9375
4667.3125,5075.4375,22586.0625
4667.875,5075.4375,22585.5
4667.5625,5075.4375,22585.4375
4667.5625,5075.4375,22585.4375
4667.375,5075.5,22585.625
4669.125,5079.75,22581.6875
4669.125,5079.75,22581.6875
4669.125,5079.75,22581.6875
4669.125,5079.75,22581.6875
4669.125,5079.75,22581.6875
4669.125,5079.6875,22581.6875
4669.0625,5079.75,22581.75
4669.0625,5079.75,22581.75
4669.0625,5079.75,22581.75
4669.0625,5079.75,22581.75
4669.0625,5079.75,22581.75
4668.8125,5079.75,22582.0
4667.3125,5079.75,22582.6875
4667.3125,5079.75,22582.6875
4667.3125,5079.75,22582.6875
4667.125,5079.75,22582.875
4667.125,5079.75,22582.875
4667.125,5079.75,22582.875
4667.125,5079.75,22582.875
4667.125,5079.75,22582.875
4667.125,5079.75,22582.875
4668.25,5079.75,22581.75
4674.6875,5079.75,22575.1875
4674.5,5079.75,22575.375
4674.5,5079.75,22575.375
4674.125,5079.75,22575.75
4674.3125,5079.75,22575.5625
4674.5,5079.75,22575.375
4674.5,5079.75,22575.375
4674.4375,5079.75,22575.4375
4674.4375,5079.75,22575.4375
4674.4375,5079.75,22575.4375
4674.3125,5079.75,22575.5625
4674.3125,5079.75,22575.5625
4674.3125,5079.75,22575.5625
4674.3125,5079.75,22575.5625
4674.3125,5079.75,22575.5625
4674.25,5079.75,22575.625
4674.25,5079.75,22575.625
4674.25,5079.75,22575.625
4674.25,5079.75,22575.625
4673.875,5079.75,22576.0
4673.5,5079.75,22576.25
4673.0625,5079.75,22576.6875
4673.0625,5079.75,22576.6875
4672.875,5079.75,22576.875
4672.3125,5079.75,22577.4375
4672.3125,5079.75,22577.4375
4673.25,5079.75,22576.5
4673.1875,5079.75,22576.5625
4673.1875,5079.75,22576.5625
4673.1875,5079.75,22576.5625
4672.9375,5079.75,22576.8125
4672.9375,5079.75,22576.8125
4672.9375,5079.75,22576.8125
4672.5625,5079.75,22577.1875
4672.3125,5079.75,22577.375
4673.5625,5079.75,22576.125
4673.5625,5079.75,22576.125
4673.375,5079.75,22576.3125
4673.125,5079.75,22576.5625
4673.0625,5079.75,22576.625
4673.0625,5079.75,22576.625
4672.75,5079.75,22576.9375
4672.75,5079.75,22576.9375
4672.75,5079.75,22576.9375
4672.75,5079.75,22576.9375
4672.75,5079.75,22576.9375
4668.4375,5079.75,22581.25
4672.625,5080.0625,22576.375
4672.625,5080.0625,22576.375
4673.5,5080.0625,22575.5
4673.6875,5080.0625,22575.3125
4673.6875,5080.0,22575.3125
4673.6875,5080.0625,22575.3125
4673.6875,5080.0625,22575.3125
4672.6875,5080.0,22576.3125
4672.1875,5080.0625,22576.8125
4672.1875,5080.0625,22576.8125
4672.0625,5080.0625,22576.9375
4672.0625,5080.0625,22576.9375
4672.0625,5080.0625,22576.9375
4671.875,5080.0625,22577.125
4671.6875,5080.0,22577.3125
4671.875,5080.0625,22577.125
4671.875,5080.0625,22577.125
4667.5,5080.0625,22581.25
4672.8125,5080.0625,22575.875
4670.0,5080.0,22578.75
4667.8125,5080.0625,22580.8125
4667.8125,5080.0625,22580.8125
4667.8125,5080.0625,22580.8125
4667.8125,5080.0625,22580.8125
4667.625,5080.0625,22581.0
4667.625,5080.0625,22581.0
4667.5625,5080.0625,22581.0625
4667.5,5080.0625,22581.125
4667.6875,5080.0625,22580.9375
4667.625,5080.0625,22581.0
4667.625,5080.0625,22581.0
4667.625,5080.0625,22581.0
4668.0,5080.0625,22580.625
4666.9375,5080.0625,22581.6875
4666.9375,5080.0625,22581.6875
4666.875,5080.0625,22581.75
4666.875,5080.0625,22581.75
4667.0,5080.0625,22581.625
4667.0,5080.0625,22581.625
4667.0,5080.0625,22581.625
4667.0,5080.0625,22581.625
4667.0,5080.0625,22581.625
4667.0,5080.0625,22581.625
4667.0,5080.0625,22581.625
4667.0,5080.0625,22581.625
4667.0,5080.0625,22581.625
4667.0,5080.0625,22581.625
4667.4375,5080.0625,22581.1875
4668.1875,5080.0625,22580.375
4668.1875,5080.0625,22580.375
4668.1875,5080.0625,22580.375
4668.1875,5080.0625,22580.375
4668.375,5080.0625,22580.1875
4668.1875,5080.0625,22580.375
4668.1875,5080.0625,22580.375
4668.1875,5080.0625,22580.375
4668.1875,5080.0625,22580.375
4668.0,5080.0625,22580.5625
4668.1875,5080.0625,22580.375
4668.1875,5080.0625,22580.375
4668.1875,5080.0625,22580.375
4668.0,5080.0625,22580.5625
4668.0,5080.0625,22580.5625
4668.6875,5080.0625,22579.875
4668.6875,5080.0625,22579.875
4668.5,5080.0625,22580.0625
4668.5,5080.0625,22580.0625
4668.1875,5080.0625,22580.375
4668.1875,5080.0625,22580.375
4668.1875,5080.0625,22580.375
4668.1875,5080.0625,22580.375
4668.1875,5080.0625,22580.375
4668.625,5079.5625,22580.4375
4668.625,5079.5625,22580.4375
4668.625,5079.5625,22580.4375
4668.625,5079.5625,22580.4375
4668.625,5079.5625,22580.4375
4668.4375,5079.5625,22580.625
4667.75,5079.5625,22581.3125
4667.75,5079.5625,22581.3125
4667.75,5079.5625,22581.3125
4667.75,5079.5625,22581.3125
4667.75,5079.5625,22581.3125
4667.75,5079.5625,22581.3125
4667.75,5079.5625,22581.3125
4667.75,5079.5625,22581.3125
4667.75,5079.5625,22581.3125
4667.5625,5079.5625,22581.5
4667.75,5079.5625,22581.3125
4667.75,5079.5625,22581.3125
4667.75,5079.5625,22581.3125
4667.75,5079.5625,22581.3125
4668.4375,5079.5625,22580.4375
4668.4375,5079.5625,22580.4375
4668.4375,5079.5625,22580.4375
4668.1875,5079.5625,22580.6875
4668.0,5079.5625,22580.875
4668.0,5079.5625,22580.875
4667.625,5079.5625,22581.25
4675.5,5079.5625,22573.1875
4669.125,5079.5625,22579.5625
4669.125,5079.5625,22579.5625
4668.9375,5079.5625,22579.75
4668.9375,5079.5625,22579.75
4668.875,5079.5625,22579.8125
4668.875,5079.5625,22579.8125
4668.875,5079.5625,22579.8125
4668.0,5079.5625,22580.6875
4668.8125,5079.5625,22579.8125
4668.8125,5079.5625,22579.8125
4668.4375,5079.5625,22580.1875
4668.4375,5079.5625,22580.1875
4668.4375,5079.5625,22580.1875
4668.4375,5079.5625,22580.1875
4668.4375,5079.5625,22580.1875
4668.0625,5079.5625,22580.5625
4668.0625,5079.5625,22580.5625
4668.0625,5079.5625,22580.5625
4668.0625,5079.5625,22580.5625
4668.25,5079.5625,22580.375
4668.25,5079.5625,22580.375
4668.25,5079.5625,22580.375
4667.8125,5079.5625,22580.0625
4667.8125,5079.5625,22580.0625
4667.8125,5079.5625,22580.0625
4667.8125,5079.5625,22580.0625
4667.625,5079.5625,22580.25
4667.1875,5079.5625,22580.6875
4667.1875,5079.5625,22580.6875
4666.875,5079.5625,22581.0
4666.875,5079.5625,22581.0
4666.875,5079.5625,22581.0
4666.875,5079.5625,22581.0
4666.875,5079.5625,22581.0
4666.875,5079.5625,22581.0
4666.875,5079.5625,22581.0
4666.875,5079.5625,22581.0
4667.625,5079.5625,22580.25
4667.25,5079.5625,22580.625
4667.25,5079.5625,22580.625
4667.25,5079.5625,22580.625
4667.25,5079.5625,22580.625
4667.25,5079.5625,22580.625
4667.25,5079.5625,22580.625
4667.25,5079.5625,22580.625
4667.25,5079.5625,22580.625
4667.25,5079.5625,22580.625
4667.25,5079.5625,22580.625
4667.25,5079.5625,22580.625
4667.0625,5079.5625,22580.8125
4667.0625,5079.5625,22580.8125
4667.0625,5079.5625,22580.8125
4667.6875,5079.5625,22580.1875
4667.6875,5079.5625,22580.1875
4667.5625,5079.5625,22580.3125
4667.5625,5079.5625,22580.3125
4667.3125,5079.5625,22580.5625
4667.3125,5079.5625,22580.5625
4666.9375,5079.5625,22580.9375
4666.9375,5079.5625,22580.9375
4667.125,5079.5625,22580.75
4667.125,5079.5625,22580.75
4667.125,5079.5625,22580.75
4666.9375,5079.5625,22580.9375
4666.75,5079.5625,22581.125
4666.75,5079.5625,22581.125
4666.75,5079.5625,22581.125
4666.75,5079.5625,22580.875
4666.75,5079.5625,22580.875
4666.6875,5079.5625,22580.9375
4666.5625,5079.5625,22581.0625
4665.4375,5079.5625,22582.1875
4665.625,5079.5625,22582.0
4665.4375,5079.5625,22582.1875
4665.1875,5079.5625,22582.4375
4665.1875,5079.5625,22582.4375
4665.0625,5079.5625,22582.5625
4665.0625,5079.5625,22582.5625
4665.25,5079.5625,22582.375
4665.25,5079.5625,22582.375
4665.25,5079.5625,22582.375
4665.0625,5079.5625,22582.5625
4666.0625,5079.5625,22581.5625
4665.9375,5079.5625,22581.6875
4665.9375,5079.5625,22581.6875
4665.9375,5079.5625,22581.6875
4665.4375,5079.5625,22582.1875
4665.25,5079.5625,22582.375
4665.25,5079.5625,22582.375
4665.4375,5079.5625,22582.1875
4665.25,5079.5625,22582.375
4665.25,5079.5625,22582.375
4665.25,5079.5625,22582.375
4665.25,5079.5625,22582.375
4665.25,5079.5625,22582.375
4665.0625,5079.5625,22582.5625
4665.0625,5079.5625,22582.5625
4665.75,5079.5625,22581.875
4665.9375,5079.5625,22581.6875
4665.875,5079.5625,22581.75
4665.6875,5079.5625,22581.9375
4665.8125,5079.5625,22581.8125
4665.0,5079.5625,22582.625
4665.0,5079.5625,22582.625
4665.0,5079.5625,22582.625
4664.625,5079.5625,22583.0
4664.4375,5079.5625,22583.1875
4664.625,5079.5625,22583.0
4664.625,5079.5625,22583.0
4664.4375,5079.5625,22583.1875
4664.4375,5079.5625,22583.1875
4664.4375,5079.5625,22583.1875
4664.6875,5079.625,22582.8125
4664.6875,5079.625,22582.8125
4664.5,5079.625,22583.0
4664.3125,5079.625,22583.1875
4664.3125,5079.625,22583.1875
4664.5,5079.625,22583.0
4664.0,5079.625,22583.5
4664.1875,5079.625,22583.3125
4664.0,5079.625,22583.5
4664.0,5079.625,22583.5
4664.1875,5079.625,22583.3125
4664.1875,5079.625,22583.3125
4663.9375,5079.625,22583.5625
4663.75,5079.625,22583.75
4663.625,5079.625,22583.875
4664.375,5079.625,22583.0625
4664.0625,5079.625,22583.375
4664.0625,5079.625,22583.375
4663.875,5079.625,22583.5625
4663.875,5079.625,22583.5625
4663.625,5079.625,22583.8125
4663.8125,5079.625,22583.625
4663.625,5079.625,22583.8125
4663.625,5079.625,22583.8125
4663.375,5079.625,22584.0625
4663.5625,5079.625,22583.875
4663.5625,5079.625,22583.875
4663.3125,5079.6875,22584.0625
4663.3125,5079.6875,22584.0625
4663.125,5079.6875,22584.25
4664.0,5079.6875,22583.375
4664.0,5079.6875,22583.375
4664.0,5079.6875,22583.375
4664.0,5079.6875,22583.375
4664.0,5079.6875,22583.375
4664.0,5079.6875,22583.375
4663.9375,5079.6875,22583.4375
4664.0,5079.6875,22583.375
4664.0,5079.6875,22583.375
4664.0,5079.6875,22583.375
4676.625,5079.8125,22570.625
4668.625,5079.8125,22578.625
4668.625,5079.8125,22578.625
4668.625,5079.8125,22578.625
4668.8125,5079.8125,22578.4375
4669.375,5079.8125,22577.875
4669.375,5079.8125,22577.875
4669.3125,5079.8125,22577.9375
4669.3125,5079.8125,22577.9375
4669.3125,5079.8125,22577.9375
4669.3125,5079.8125,22577.9375
4669.3125,5079.8125,22577.9375
4669.3125,5079.8125,22577.9375
4669.3125,5079.8125,22577.9375
4669.3125,5079.8125,22577.9375
4669.0625,5079.8125,22578.1875
4669.0625,5079.8125,22578.1875
4669.0,5079.8125,22578.25
4669.1875,5079.8125,22578.0625
4669.375,5079.8125,22577.875
4668.4375,5079.8125,22578.6875
4668.4375,5079.8125,22578.6875
4668.4375,5079.8125,22578.6875
4668.25,5079.8125,22578.875
4668.25,5079.8125,22578.875
4665.1875,5079.8125,22581.875
4665.1875,5079.8125,22581.875
4665.0625,5079.8125,22582.0
4718.875,5080.0625,22528.1875
4718.875,5080.0625,22528.1875
4718.875,5080.0625,22528.1875
4718.875,5080.0625,22528.1875
4718.6875,5080.0625,22528.375
4718.6875,5080.0625,22528.375
4719.0625,5080.0625,22528.0
4719.75,5080.0625,22527.3125
4719.75,5080.0625,22527.3125
4719.9375,5080.0625,22527.125
4719.9375,5080.0625,22527.125
4719.9375,5080.0625,22527.125
4719.9375,5080.0625,22527.125
4719.875,5080.0625,22527.1875
4719.875,5080.0625,22527.1875
4719.875,5080.0625,22527.1875
4719.875,5080.0625,22527.1875
4719.875,5080.0625,22527.1875
4719.8125,5080.0625,22527.25
4719.8125,5080.0625,22527.25
4719.8125,5080.0625,22527.25
4719.8125,5080.0625,22527.25
4721.5,5080.0625,22525.5625
4721.6875,5080.0625,22525.375
4722.6875,5080.0625,22524.375
4722.875,5080.0625,22524.1875
4722.875,5080.0625,22524.1875
4722.5625,5080.0625,22524.5
4722.5,5080.0625,22524.5625
4722.1875,5080.0625,22524.875
4720.875,5080.0625,22526.1875
4721.0625,5080.0625,22526.0
4720.875,5080.0625,22526.1875
4721.0625,5080.0625,22526.0
4721.0625,5080.0625,22526.0
4721.0625,5080.0625,22526.0
4721.25,5080.0625,22525.8125
4722.9375,5080.0625,22524.125
4722.9375,5080.0625,22524.125
4722.9375,5080.0625,22524.125
4723.125,5080.0625,22523.9375
4723.125,5080.0625,22523.9375
4723.125,5080.0625,22523.9375
4723.125,5080.0625,22523.9375
4723.3125,5080.0625,22523.75
4723.25,5080.0625,22523.8125
4723.25,5080.0625,22523.8125
4723.25,5080.0625,22523.8125
4723.25,5080.0625,22523.8125
4723.1875,5080.0625,22523.875
4723.1875,5080.0625,22523.875
4723.75,5080.0625,22523.3125
4722.8125,5080.0625,22523.9375
4722.8125,5080.0625,22523.9375
4723.0,5080.125,22523.75
4723.0,5080.125,22523.75
4723.0,5080.125,22523.75
4722.6875,5080.125,22524.0625
4722.6875,5080.125,22524.0625
4722.6875,5080.125,22524.0625
4722.6875,5080.125,22524.0625
4722.6875,5080.125,22524.0625
4722.6875,5080.125,22524.0625
4722.9375,5080.1875,22523.75
4722.9375,5080.1875,22523.75
4722.9375,5080.1875,22523.75
4722.9375,5080.1875,22523.75
4723.0625,5080.1875,22523.625
4722.6875,5080.1875,22524.0
4736.625,5080.1875,22510.0625
4737.3125,5080.1875,22509.375
4737.3125,5080.1875,22509.375
4736.9375,5080.1875,22509.75
4737.0625,5080.1875,22509.625
4737.0625,5080.1875,22509.625
4736.875,5080.1875,22509.8125
4736.875,5080.1875,22509.8125
4736.875,5080.1875,22509.8125
4736.875,5080.1875,22509.8125
4736.875,5080.1875,22509.8125
4736.875,5080.1875,22509.8125
4736.875,5080.1875,22509.8125
4737.125,5080.1875,22509.3125
4736.9375,5080.1875,22509.5
4736.9375,5080.1875,22509.5
4736.875,5080.1875,22509.5625
4736.6875,5080.1875,22509.75
4736.6875,5080.1875,22509.75
4736.6875,5080.1875,22509.75
4736.625,5080.1875,22509.8125
4736.3125,5080.1875,22510.125
4736.5,5080.1875,22509.9375
4736.3125,5080.1875,22510.125
4736.25,5080.1875,22510.1875
4736.25,5080.1875,22510.1875
4736.25,5080.1875,22510.1875
4736.125,5080.1875,22510.3125
4737.3125,5080.1875,22509.125
4737.3125,5080.25,22509.125
4737.125,5080.25,22509.3125
4737.125,5080.25,22509.3125
4737.125,5080.25,22509.3125
4737.3125,5080.25,22509.125
4737.125,5080.25,22509.3125
4737.125,5080.25,22509.3125
4737.125,5080.25,22509.3125
4737.0625,5080.25,22509.375
4737.0625,5080.25,22509.375
4737.0625,5080.25,22509.375
4737.25,5080.25,22509.1875
4737.0625,5080.25,22509.375
4736.6875,5080.25,22509.75
4737.9375,5080.25,22508.1875
4738.125,5080.25,22508.0
4738.125,5080.25,22508.0
4738.125,5080.25,22508.0
4738.125,5080.25,22508.0
4740.0,5080.25,22506.125
4745.625,5080.25,22500.5
4738.125,5080.25,22508.0
4737.625,5080.25,22508.5
4737.5625,5080.25,22508.5625
4737.5625,5080.25,22508.5625
4737.5625,5080.1875,22508.5625
4737.25,5080.25,22508.875
4737.4375,5080.25,22508.6875
4737.125,5080.25,22509.0
4737.9375,5080.25,22508.1875
4737.9375,5080.25,22508.1875
4737.9375,5080.25,22508.1875
4737.8125,5080.25,22508.3125
4737.625,5080.25,22508.5
4737.625,5080.25,22508.5
4737.625,5080.25,22508.5
4737.625,5080.25,22508.5
4737.625,5080.25,22508.5
4737.625,5080.25,22508.5
4748.5,5080.25,22497.625
4750.75,5080.25,22495.375
4750.625,5080.25,22495.5
4750.5625,5080.25,22495.5625
4750.9375,5080.25,22495.1875
4750.875,5080.25,22495.25
4750.875,5080.25,22495.25
4750.75,5080.25,22495.3125
4750.75,5080.25,22495.3125
4750.75,5080.25,22495.3125
4750.75,5080.25,22495.3125
4750.75,5080.25,22495.3125
4750.5625,5080.25,22495.5
4750.375,5080.25,22495.6875
4750.375,5080.25,22495.6875
4750.375,5080.25,22495.6875
4750.375,5080.25,22495.6875
4750.1875,5080.25,22495.875
4750.1875,5080.25,22495.875
4750.0625,5080.25,22496.0
4749.875,5080.25,22496.1875
4749.875,5080.25,22496.1875
4749.875,5080.1875,22496.1875
4749.6875,5080.25,22496.375
4749.6875,5080.25,22496.375
4749.6875,5080.25,22496.375
4749.625,5080.25,22496.4375
4749.625,5080.25,22496.4375
4749.625,5080.25,22496.4375
4749.625,5080.25,22496.4375
4749.625,5080.25,22496.4375
4749.625,5080.25,22496.4375
4749.625,5080.25,22496.4375
4749.4375,5080.25,22496.625
4749.25,5080.25,22496.8125
4747.6875,5080.25,22498.375
4747.6875,5080.25,22498.375
4747.6875,5080.25,22498.375
4747.6875,5080.25,22498.375
4747.6875,5080.1875,22498.375
4747.625,5080.25,22498.4375
4747.625,5080.25,22498.4375
4747.625,5080.25,22498.4375
4747.4375,5080.25,22498.625
4747.4375,5080.25,22498.625
4747.4375,5080.25,22498.625
4747.625,5080.25,22498.4375
4747.625,5080.25,22498.4375
4747.625,5080.25,22498.4375
4746.8125,5080.25,22499.25
4746.75,5080.25,22499.3125
4746.75,5080.25,22499.3125
4746.5,5080.25,22499.5625
4746.5,5080.25,22499.5625
4746.3125,5080.25,22499.75
4746.3125,5080.25,22499.75
4746.3125,5080.25,22499.75
4746.1875,5080.25,22499.875
4746.1875,5080.25,22499.875
4746.1875,5080.25,22499.875
4746.1875,5080.25,22499.875
4746.1875,5080.25,22499.875
4746.1875,5080.25,22499.875
4746.1875,5080.25,22499.875
4746.125,5080.1875,22499.9375
4746.25,5080.25,22499.8125
4746.125,5080.25,22499.9375
4746.125,5080.25,22499.9375
4746.125,5080.25,22499.9375
4746.125,5080.25,22499.9375
4746.125,5080.25,22499.9375
4757.0,5080.25,22489.0625
4759.8125,5080.25,22486.25
4759.8125,5080.25,22486.25
4759.625,5080.25,22486.4375
4759.625,5080.25,22486.4375
4759.625,5080.25,22486.4375
4759.5,5080.25,22486.5625
4759.4375,5080.25,22486.625
4759.25,5080.1875,22486.8125
4760.0,5080.25,22485.75
4760.1875,5080.25,22485.5625
4760.1875,5080.25,22485.5625
4760.1875,5080.25,22485.5625
4760.25,5080.25,22485.5
4760.1875,5080.25,22485.5625
4760.1875,5080.25,22485.5625
4760.1875,5080.25,22485.5625
4760.1875,5080.25,22485.5625
4760.1875,5080.25,22485.5625
4760.1875,5080.25,22485.5625
4760.1875,5080.25,22485.5625
4760.1875,5080.25,22485.5625
4760.1875,5080.25,22485.5625
4759.9375,5080.25,22485.8125
4760.25,5080.25,22485.5
4760.25,5080.25,22485.5
4760.25,5080.25,22485.5
4760.25,5080.25,22485.5
4760.25,5080.25,22485.5
4760.25,5080.25,22485.5
4760.25,5080.25,22485.5
4760.25,5080.25,22485.5
4760.25,5080.25,22485.5
4759.9375,5080.25,22485.8125
4759.9375,5080.25,22485.8125
4759.9375,5080.25,22485.8125
4759.9375,5080.25,22485.8125
4760.0,5080.25,22485.75
4759.75,5080.25,22486.0
4759.875,5080.25,22485.8125
4759.875,5080.25,22485.8125
4759.875,5080.25,22485.8125
4759.875,5080.25,22485.8125
4759.5625,5080.25,22486.125
4759.5625,5080.25,22486.125
4759.5625,5080.25,22486.125
4759.5625,5080.25,22486.125
4759.5625,5080.25,22486.125
4759.5625,5080.25,22486.125
4759.5625,5080.25,22486.125
4759.5625,5080.25,22486.125
4759.5625,5080.25,22486.125
4759.5625,5080.25,22486.125
4759.4375,5080.25,22486.25
4758.9375,5080.25,22486.75
4758.9375,5080.1875,22486.75
4758.9375,5080.25,22486.75
4758.875,5080.25,22486.8125
4758.875,5080.25,22486.8125
4758.875,5080.25,22486.8125
4758.875,5080.25,22486.8125
4758.875,5080.25,22486.8125
4758.875,5080.25,22486.8125
4758.875,5080.25,22486.8125
4765.125,5080.25,22480.625
4765.125,5080.25,22480.625
4765.125,5080.25,22480.625
4765.125,5080.25,22480.625
4765.1875,5080.25,22480.5625
4766.0625,5080.25,22479.5625
4766.0625,5080.25,22479.5625
4766.0625,5080.25,22479.5625
4766.0625,5080.25,22479.5625
4765.875,5080.25,22479.75
4776.625,5080.3125,22469.0
4780.1875,5080.3125,22465.4375
4780.1875,5080.3125,22465.4375
4780.1875,5080.3125,22465.4375
4780.1875,5080.3125,22465.4375
4780.1875,5080.3125,22465.4375
4780.1875,5080.3125,22465.4375
4780.1875,5080.3125,22465.4375
4779.75,5080.3125,22465.875
4780.75,5080.3125,22464.875
4781.25,5080.3125,22464.25
4781.25,5080.3125,22464.25
4781.25,5080.3125,22464.25
4781.25,5080.3125,22464.25
4781.25,5080.3125,22464.25
4781.25,5080.3125,22464.25
4782.6875,5080.3125,22462.8125
4782.6875,5080.3125,22462.8125
4782.6875,5080.3125,22462.8125
4782.6875,5080.3125,22462.8125
4782.625,5080.375,22462.8125
4782.625,5080.375,22462.8125
4782.625,5080.375,22462.8125
4782.625,5080.375,22462.8125
4782.4375,5080.375,22463.0
4782.0,5080.3125,22463.375
4782.0,5080.375,22463.375
4781.875,5080.375,22463.5
4781.875,5080.375,22463.5
4781.875,5080.375,22463.5
4781.875,5080.375,22463.5
4781.875,5080.375,22463.5
4781.875,5080.375,22463.5
4781.875,5080.375,22463.5
4781.875,5080.375,22463.5
4781.8125,5080.4375,22463.5
4781.8125,5080.4375,22463.5
4781.8125,5080.4375,22463.5
4781.8125,5080.4375,22463.5
4782.625,5080.4375,22462.6875
4782.375,5080.4375,22462.875
4782.375,5080.4375,22462.875
4782.125,5080.4375,22463.125
4782.125,5080.4375,22463.125
4781.8125,5080.4375,22463.4375
4783.6875,5080.4375,22461.5625
4783.625,5080.4375,22461.625
4783.625,5080.4375,22461.625
4783.625,5080.4375,22461.625
4783.625,5080.4375,22461.625
4783.625,5080.4375,22461.625
4782.125,5080.375,22463.125
4781.5625,5080.4375,22463.6875
4781.5625,5080.4375,22463.6875
4778.625,5080.4375,22466.625
4779.6875,5080.4375,22465.3125
4779.6875,5080.4375,22465.3125
4779.6875,5080.4375,22465.3125
4779.6875,5080.4375,22465.3125
4779.625,5080.4375,22465.375
4779.625,5080.4375,22465.375
4779.3125,5080.4375,22465.6875
4779.3125,5080.4375,22465.6875
4779.3125,5080.4375,22465.6875
4779.3125,5080.4375,22465.6875
4779.3125,5080.4375,22465.6875
4779.3125,5080.4375,22465.6875
4779.125,5080.4375,22465.875
4779.125,5080.4375,22465.875
4778.5,5080.4375,22466.5
4778.5625,5080.4375,22466.4375
4792.5,5080.4375,22452.5
4792.5,5080.4375,22452.5
4792.5,5080.4375,22452.5
4792.5,5080.4375,22452.5
4792.4375,5080.4375,22452.5625
4792.375,5080.4375,22452.625
4792.375,5080.4375,22452.625
4792.375,5080.4375,22452.625
4792.125,5080.4375,22452.875
4792.125,5080.4375,22452.875
4792.125,5080.4375,22452.875
4792.0625,5080.4375,22452.9375
4792.0625,5080.4375,22452.9375
4792.8125,5080.4375,22452.1875
4792.9375,5080.4375,22452.0625
4792.9375,5080.4375,22452.0625
4792.75,5080.4375,22452.25
4792.75,5080.4375,22452.25
4792.8125,5080.4375,22452.1875
4793.5,5080.4375,22451.5
4793.5,5080.4375,22451.5
4793.5,5080.4375,22451.5
4793.5,5080.4375,22451.5
4793.5,5080.4375,22451.5
4793.5,5080.4375,22451.5
4793.5,5080.4375,22451.5
4793.5,5080.4375,22451.5
4793.5,5080.4375,22451.5
4793.6875,5080.4375,22451.3125
4793.625,5080.4375,22451.375
4793.625,5080.4375,22451.375
4793.625,5080.4375,22451.375
4793.5625,5080.4375,22451.4375
4793.5,5080.4375,22451.5
4793.5,5080.4375,22451.5
4793.5,5080.4375,22451.5
4793.1875,5080.4375,22451.8125
4793.1875,5080.4375,22451.8125
4793.1875,5080.4375,22451.8125
4793.0625,5080.4375,22451.9375
4793.0625,5080.4375,22451.9375
4793.0625,5080.4375,22451.9375
4793.0625,5080.4375,22451.9375
4792.5625,5080.4375,22452.4375
4792.6875,5080.4375,22452.3125
4792.6875,5080.4375,22452.3125
4792.6875,5080.4375,22452.3125
4792.4375,5080.4375,22452.5625
4792.0625,5080.375,22452.9375
4791.9375,5080.4375,22453.0625
4791.9375,5080.4375,22453.0625
4791.9375,5080.4375,22453.0625
4791.9375,5080.4375,22453.0625
4791.9375,5080.4375,22453.0625
4791.9375,5080.4375,22453.0625
4791.9375,5080.4375,22453.0625
4791.9375,5080.4375,22453.0625
4791.9375,5080.4375,22453.0625
4791.25,5080.4375,22453.75
4791.4375,5080.4375,22453.5625
4791.4375,5080.4375,22453.5625
4791.4375,5080.4375,22453.5625
4791.4375,5080.4375,22453.5625
4791.4375,5080.375,22453.5625
4796.6875,5080.375,22448.3125
4799.5,5080.4375,22445.5
4792.5,5080.4375,22452.5
4792.5,5080.4375,22452.5
4792.5,5080.4375,22452.5
4792.375,5080.4375,22452.625
4792.1875,5080.5,22452.8125
4792.0625,5080.5,22452.9375
4802.8125,5080.5,22442.1875
4806.375,5080.5,22438.625
4807.125,5080.5,22437.875
4806.375,5080.5,22438.625
4806.375,5080.5,22438.625
4806.375,5080.5,22438.625
4806.375,5080.5,22438.625
4806.1875,5080.5,22438.8125
4806.0,5080.5,22439.0
4806.0,5080.5,22439.0
4806.0,5080.5,22439.0
4805.8125,5080.5,22439.1875
4805.8125,5080.5,22439.1875
4805.8125,5080.5,22439.1875
4805.8125,5080.5,22439.1875
4805.8125,5080.5,22439.1875
4806.1875,5080.5,22438.8125
4805.5625,5080.4375,22439.4375
4805.375,5080.5,22439.625
4805.375,5080.5,22439.625
4805.375,5080.5,22439.625
4805.1875,5080.5,22439.8125
4805.0,5080.5,22440.0
4805.0,5080.5,22440.0
4805.0,5080.5,22440.0
4805.0,5080.5,22440.0
4805.0,5080.5,22440.0
4804.9375,5080.5,22440.0625
4804.75,5080.5,22440.25
4804.75,5080.5,22440.25
4804.75,5080.5,22440.25
4804.0,5080.5,22441.0
4805.625,5080.5,22439.375
4805.625,5080.5,22439.375
4805.5,5080.5,22439.5
4805.5,5080.5,22439.5
4805.5,5080.5,22439.5
4804.9375,5080.5,22440.0625
4804.9375,5080.5,22440.0625
4804.9375,5080.5,22440.0625
4804.9375,5080.5,22440.0625
4804.9375,5080.5,22440.0625
4804.9375,5080.5,22440.0625
4804.9375,5080.5,22440.0625
4804.9375,5080.5,22440.0625
4804.9375,5080.5,22440.0625
4805.0625,5080.5,22439.9375
4805.625,5080.5,22439.375
4805.625,5080.5,22439.375
4805.625,5080.5,22439.375
4805.625,5080.5,22439.375
4805.625,5080.5,22439.375
4805.625,5080.4375,22439.375
4805.625,5080.5,22439.375
4805.625,5080.5,22439.375
4805.625,5080.5,22439.375
4805.625,5080.5,22439.375
4805.625,5080.5,22439.375
4805.625,5080.5,22439.375
4805.625,5080.5,22439.375
4805.625,5080.5,22439.375
4805.4375,5080.4375,22439.5625
4805.125,5080.5,22439.875
4805.125,5080.5,22439.875
4805.125,5080.5,22439.875
4805.125,5080.5,22439.875
4805.125,5080.5,22439.875
4804.8125,5080.5,22440.1875
4804.8125,5080.5,22440.1875
4804.8125,5080.5,22440.1875
4818.0625,5080.5,22426.9375
4817.75,5080.5,22427.25
4817.75,5080.5,22427.25
4817.75,5080.5,22427.25
4817.75,5080.5,22427.25
4817.75,5080.5,22427.25
4818.0625,5080.5,22426.9375
4818.5625,5080.5,22426.4375
4818.75,5080.5,22426.25
4818.75,5080.5,22426.25
4818.75,5080.5,22426.25
4818.75,5080.4375,22426.25
4818.75,5080.5,22426.25
4818.75,5080.5,22426.25
4818.75,5080.5,22426.25
4818.75,5080.5,22426.25
4818.75,5080.5,22426.25
4818.75,5080.5,22426.25
4818.75,5080.5,22426.25
4818.75,5080.5,22426.25
4818.75,5080.5,22426.25
4819.3125,5080.5,22425.6875
4819.0625,5080.5,22425.9375
4819.0625,5080.5,22425.9375
4819.0625,5080.5,22425.9375
4818.6875,5080.5,22425.9375
4818.6875,5080.5,22425.9375
4818.6875,5080.5,22425.9375
4818.875,5080.5,22425.75
4818.875,5080.5,22425.75
4818.875,5080.5,22425.75
4818.5625,5080.5,22426.0625
4818.5625,5080.5,22426.0625
4818.5,5080.5,22426.125
4818.3125,5080.5,22426.3125
4818.3125,5080.5,22426.3125
4818.0625,5080.5,22426.5625
4819.0,5080.5,22425.625
4819.0,5080.5,22425.625
4819.0,5080.5,22425.625
4819.0,5080.5,22425.625
4819.0,5080.5,22425.625
4819.0,5080.4375,22425.625
4819.0,5080.5,22425.625
4819.0,5080.5,22425.625
4819.0,5080.5,22425.625
4819.0,5080.5,22425.625
4819.0,5080.5,22425.625
4819.0,5080.5,22425.625
4819.0,5080.5,22425.625
4819.0,5080.5,22425.625
4818.75,5080.5,22425.875
4818.9375,5080.5,22425.6875
4818.9375,5080.5625,22425.6875
4818.9375,5080.5625,22425.6875
4818.9375,5080.5625,22425.6875
4818.9375,5080.5625,22425.6875
4818.9375,5080.5625,22425.6875
4818.875,5080.5625,22425.75
4818.875,5080.5625,22425.75
4818.875,5080.5625,22425.75
4818.875,5080.5625,22425.75
4818.875,5080.5625,22425.75
4818.875,5080.5625,22425.75
4818.875,5080.5625,22425.75
4818.875,5080.5625,22425.75
4818.875,5080.5625,22425.75
4819.375,5080.5625,22425.25
4819.3125,5080.5625,22425.3125
4830.1875,5080.5625,22414.4375
4832.8125,5080.5625,22411.8125
4832.8125,5080.5,22411.8125
4832.25,5080.5625,22412.375
4832.25,5080.5625,22412.375
4832.25,5080.5625,22412.375
4832.25,5080.5625,22412.375
4833.1875,5080.5625,22411.4375
4838.5,5080.5,22406.1875
4838.625,5080.5625,22406.0625
4838.625,5080.5625,22406.0625
4838.625,5080.5625,22406.0625
4838.4375,5080.5625,22406.25
4838.1875,5080.5625,22406.5
4838.1875,5080.5625,22406.5
4838.1875,5080.5625,22406.5
4838.1875,5080.5625,22406.5
4838.1875,5080.5625,22406.5
4838.1875,5080.5625,22406.5
4838.1875,5080.5625,22406.5
4838.1875,5080.5625,22406.5
4838.1875,5080.5625,22406.5
4838.1875,5080.5625,22406.5
4838.1875,5080.5625,22406.5
4838.1875,5080.5625,22406.5
4838.1875,5080.5625,22406.5
4838.1875,5080.5625,22406.5
4838.375,5080.5625,22406.3125
4837.9375,5080.5625,22406.625
4837.9375,5080.5625,22406.625
4837.9375,5080.5625,22406.625
4837.9375,5080.5625,22406.625
4837.9375,5080.5625,22406.625
4837.9375,5080.5625,22406.625
4838.0625,5080.5625,22406.5
4838.0625,5080.5625,22406.5
4838.0625,5080.5625,22406.5
4838.0625,5080.5625,22406.5
4838.0625,5080.5625,22406.5
4838.0625,5080.5625,22406.5
4838.0625,5080.5625,22406.5
4838.0,5080.5625,22406.5625
4837.75,5080.5625,22406.8125
4837.4375,5080.5625,22406.5625
4837.4375,5080.5625,22406.5625
4837.4375,5080.5625,22406.5625
4837.4375,5080.5625,22406.5625
4837.4375,5080.5625,22406.5625
4837.4375,5080.5,22406.5625
4837.375,5080.5625,22406.625
4837.3125,5080.5625,22406.6875
4837.3125,5080.5625,22406.6875
4837.3125,5080.5625,22406.6875
4837.1875,5080.625,22406.8125
4837.1875,5080.625,22406.8125
4837.1875,5080.625,22406.8125
4837.1875,5080.625,22406.8125
4836.875,5080.625,22407.125
4837.25,5080.625,22406.75
4837.25,5080.625,22406.75
4837.375,5080.625,22406.625
4837.375,5080.625,22406.625
4837.375,5080.625,22406.625
4837.5625,5080.625,22406.4375
4837.5625,5080.625,22406.4375
4837.125,5080.625,22406.875
4837.125,5080.625,22406.875
4838.375,5080.625,22405.625
4841.0,5080.625,22403.0
4836.0625,5080.5625,22407.9375
4846.9375,5080.625,22397.0625
4849.5625,5080.625,22394.4375
4847.25,5080.625,22396.5
4848.6875,5080.625,22395.0625
4848.6875,5080.5625,22395.0625
4848.6875,5080.625,22395.0625
4848.6875,5080.625,22395.0625
4848.6875,5080.625,22395.0625
4848.6875,5080.625,22395.0625
4848.6875,5080.625,22395.0625
4848.125,5080.6875,22395.5625
4848.125,5080.6875,22395.5625
4848.125,5080.6875,22395.5625
4848.125,5080.6875,22395.5625
4848.125,5080.6875,22395.5625
4848.125,5080.6875,22395.5625
4848.125,5080.6875,22395.5625
4848.1875,5080.6875,22395.5
4848.0625,5080.6875,22395.625
4848.0625,5080.6875,22395.625
4848.1875,5080.6875,22395.5
4848.125,5080.6875,22395.5625
4848.125,5080.6875,22395.5625
4848.125,5080.6875,22395.5625
4848.125,5080.6875,22395.5625
4848.125,5080.6875,22395.5625
4848.125,5080.6875,22395.5625
4848.0625,5080.6875,22395.625
4848.0625,5080.6875,22395.625
4848.0625,5080.6875,22395.625
4848.0625,5080.6875,22395.625
4848.0625,5080.6875,22395.625
4848.4375,5080.6875,22395.25
4848.4375,5080.6875,22395.1875
4848.4375,5080.6875,22395.1875
4848.4375,5080.6875,22395.1875
4848.4375,5080.6875,22395.1875
4848.4375,5080.6875,22395.1875
4848.4375,5080.625,22395.1875
4848.375,5080.6875,22395.25
4848.125,5080.6875,22395.5
4847.8125,5080.6875,22395.8125
4847.8125,5080.6875,22395.8125
4847.8125,5080.6875,22395.8125
4847.8125,5080.6875,22395.8125
4847.625,5080.6875,22396.0
4847.625,5080.6875,22396.0
4846.9375,5080.6875,22396.6875
4846.875,5080.6875,22396.75
4846.875,5080.6875,22396.75
4846.875,5080.6875,22396.75
4846.875,5080.6875,22396.75
4846.875,5080.625,22396.75
4847.0625,5080.6875,22396.5625
4847.0625,5080.6875,22396.5625
4847.0625,5080.6875,22396.5625
4847.0625,5080.6875,22396.5625
4847.0625,5080.6875,22396.5625
4847.0625,5080.6875,22396.5625
4847.0625,5080.6875,22396.5625
4847.0625,5080.6875,22396.5625
4847.0625,5080.6875,22396.5625
4846.8125,5080.6875,22396.8125
4846.875,5080.6875,22396.75
4846.875,5080.6875,22396.75
4846.875,5080.6875,22396.75
4846.875,5080.6875,22396.75
4846.875,5080.6875,22396.75
4846.875,5080.6875,22396.75
4846.875,5080.6875,22396.75
4846.6875,5080.6875,22396.9375
4857.5625,5080.6875,22386.0625
4860.9375,5080.6875,22382.6875
4860.9375,5080.6875,22382.6875
4860.9375,5080.6875,22382.6875
4860.9375,5080.6875,22382.6875
4860.9375,5080.6875,22382.6875
4860.9375,5080.625,22382.6875
4861.125,5080.6875,22382.25
4861.125,5080.6875,22382.25
4860.75,5080.6875,22382.625
4860.625,5080.6875,22382.75
4861.0625,5080.625,22382.375
4865.6875,5080.5625,22377.75
4868.6875,5080.6875,22374.6875
4861.375,5080.6875,22382.0
4861.375,5080.6875,22382.0
4861.375,5080.6875,22382.0
4861.1875,5080.6875,22382.1875
4861.1875,5080.6875,22382.1875
4861.125,5080.6875,22382.25
4861.125,5080.6875,22382.25
4860.9375,5080.6875,22382.4375
4860.3125,5080.6875,22383.0625
4859.9375,5080.6875,22383.4375
4859.9375,5080.6875,22383.4375
4859.75,5080.6875,22383.625
4859.75,5080.625,22383.625
4859.75,5080.6875,22383.625
4859.75,5080.6875,22383.625
4859.75,5080.6875,22383.625
4859.75,5080.6875,22383.625
4859.75,5080.6875,22383.625
4859.75,5080.6875,22383.625
4859.75,5080.625,22383.625
4859.75,5080.6875,22383.625
4859.625,5080.6875,22383.75
4860.3125,5080.6875,22383.0625
4861.6875,5080.6875,22381.6875
4861.6875,5080.6875,22381.6875
4861.6875,5080.6875,22381.6875
4861.5,5080.6875,22381.875
4861.5,5080.6875,22381.875
4861.5,5080.6875,22381.875
4861.5,5080.6875,22381.875
4861.5,5080.6875,22381.875
4861.5,5080.6875,22381.875
4861.5,5080.6875,22381.875
4861.5,5080.6875,22381.875
4861.375,5080.6875,22382.0
4861.375,5080.6875,22382.0
4862.5,5080.6875,22381.0625
4862.6875,5080.6875,22380.875
4863.125,5080.6875,22380.25
4863.125,5080.6875,22380.25
4863.125,5080.6875,22380.25
4863.125,5080.6875,22380.25
4862.9375,5080.6875,22380.4375
4862.9375,5080.6875,22380.4375
4862.9375,5080.6875,22380.4375
4862.9375,5080.6875,22380.4375
4862.9375,5080.6875,22380.4375
4862.9375,5080.6875,22380.4375
4862.9375,5080.6875,22380.4375
4862.9375,5080.6875,22380.4375
4862.9375,5080.6875,22380.4375
4862.9375,5080.6875,22380.4375
4862.4375,5080.6875,22380.9375
4862.0625,5080.6875,22381.3125
4861.875,5080.6875,22381.5
4861.875,5080.6875,22381.5
4861.8125,5080.6875,22381.5625
4861.8125,5080.625,22381.5625
4861.625,5080.6875,22381.75
4861.625,5080.6875,22381.75
4861.4375,5080.6875,22381.9375
4861.4375,5080.6875,22381.9375
4876.25,5080.75,22366.9375
4876.25,5080.75,22366.9375
4876.25,5080.75,22366.9375
4876.25,5080.75,22366.9375
4876.0625,5080.75,22367.125
4875.625,5080.75,22367.5625
4875.625,5080.75,22367.5625
4875.375,5080.75,22367.8125
4875.1875,5080.75,22368.0
4875.1875,5080.75,22368.0
4875.1875,5080.75,22368.0
4875.1875,5080.75,22368.0
4875.125,5080.75,22368.0625
4875.125,5080.75,22368.0625
4874.8125,5080.75,22368.375
4874.8125,5080.75,22368.375
4874.8125,5080.75,22368.375
4874.8125,5080.75,22368.375
4874.8125,5080.75,22368.375
4874.8125,5080.75,22368.375
4875.3125,5080.75,22367.6875
4875.0625,5080.75,22367.9375
4875.0625,5080.75,22367.9375
4874.875,5080.75,22368.125
4874.5,5080.75,22368.5
4874.5,5080.75,22368.5
4874.5,5080.75,22368.5
4874.5,5080.75,22368.5
4874.4375,5080.75,22368.5625
4874.4375,5080.75,22368.5625
4874.4375,5080.75,22368.5625
4874.4375,5080.75,22368.5625
4874.25,5080.75,22368.75
4874.25,5080.75,22368.75
4874.25,5080.75,22368.75
4874.5,5080.75,22368.5
4874.5,5080.75,22368.5
4874.1875,5080.75,22368.8125
4874.0,5080.75,22369.0
4873.8125,5080.75,22369.1875
4873.8125,5080.6875,22369.1875
4873.8125,5080.75,22369.1875
4873.8125,5080.75,22369.1875
4873.9375,5080.75,22369.0625
4873.5625,5080.75,22369.4375
4873.5625,5080.75,22369.4375
4873.5625,5080.75,22369.4375
4873.5625,5080.75,22369.4375
4873.5625,5080.75,22369.4375
4873.5625,5080.75,22369.4375
4873.4375,5080.75,22369.5625
4873.4375,5080.75,22369.5625
4873.1875,5080.75,22369.8125
4873.1875,5080.75,22369.8125
4873.1875,5080.75,22369.8125
4873.375,5080.75,22369.625
4873.375,5080.75,22369.625
4873.0,5080.75,22370.0
4873.0,5080.75,22370.0
4873.0,5080.75,22370.0
4873.0,5080.75,22370.0
4873.0,5080.75,22370.0
4873.0,5080.75,22370.0
4873.0,5080.75,22370.0
4872.8125,5080.75,22370.1875
4873.5,5080.75,22369.5
4873.4375,5080.75,22369.5625
4873.625,5080.75,22369.375
4873.625,5080.75,22369.375
4873.625,5080.75,22369.375
4873.625,5080.75,22369.375
4873.625,5080.75,22369.375
4873.625,5080.75,22369.375
4873.625,5080.75,22369.375
4873.625,5080.75,22369.375
4873.8125,5080.75,22369.1875
4873.8125,5080.75,22369.1875
4873.8125,5080.75,22369.1875
4874.0,5080.75,22369.0
4874.0,5080.75,22369.0
4874.875,5080.75,22368.125
4874.875,5080.75,22368.125
4874.8125,5080.75,22368.1875
4874.8125,5080.75,22368.1875
4874.875,5080.75,22368.125
4874.8125,5080.75,22368.1875
4874.8125,5080.75,22368.1875
4874.8125,5080.75,22368.1875
4874.8125,5080.75,22368.1875
4874.8125,5080.75,22368.1875
4887.0625,5080.75,22355.8125
4880.3125,5080.75,22362.5625
4880.3125,5080.75,22362.5625
4880.125,5080.75,22362.75
4879.5625,5080.75,22363.3125
4878.5625,5080.6875,22364.25
4878.5625,5080.75,22364.25
4878.5625,5080.75,22364.25
4878.5625,5080.75,22364.25
4878.5625,5080.75,22364.25
4878.5625,5080.75,22364.25
4878.5625,5080.75,22364.25
4878.5625,5080.75,22364.25
4878.5625,5080.75,22364.25
4878.5625,5080.75,22364.25
4878.5625,5080.75,22364.25
4878.5625,5080.75,22364.25
4878.5625,5080.75,22364.25
4878.5625,5080.75,22364.25
4878.5625,5080.75,22364.25
4878.3125,5080.75,22364.375
4878.125,5080.75,22364.5625
4878.125,5080.75,22364.5625
4878.125,5080.75,22364.5625
4878.0625,5080.75,22364.625
4878.0,5080.75,22364.6875
4878.0,5080.75,22364.6875
4878.0,5080.75,22364.6875
4877.8125,5080.75,22364.875
4877.8125,5080.75,22364.875
4877.75,5080.75,22364.9375
4877.75,5080.75,22364.9375
4877.75,5080.75,22364.9375
4877.75,5080.75,22364.9375
4877.6875,5080.75,22365.0
4879.125,5080.75,22363.5625
4879.125,5080.75,22363.5625
4879.125,5080.75,22363.5625
4879.125,5080.75,22363.5625
4879.125,5080.75,22363.5625
4879.25,5080.6875,22363.4375
4879.0,5080.75,22363.6875
4879.0,5080.75,22363.6875
4879.0,5080.75,22363.6875
4879.0,5080.8125,22363.6875
4879.0,5080.75,22363.6875
4879.0,5080.75,22363.6875
4879.0,5080.75,22363.6875
4879.0,5080.75,22363.6875
4879.0625,5080.75,22363.625
4879.375,5080.75,22363.3125
4879.375,5080.75,22363.3125
4879.5,5080.75,22363.1875
4879.5,5080.75,22363.1875
4879.5,5080.75,22363.1875
4879.25,5080.75,22363.4375
4879.25,5080.75,22363.4375
4879.25,5080.75,22363.4375
4879.1875,5080.75,22363.5
4879.1875,5080.75,22363.5
4879.125,5080.75,22363.5625
4880.0,5080.75,22362.6875
4881.4375,5080.8125,22361.25
4881.375,5080.8125,22361.3125
4881.3125,5080.8125,22361.375
4880.6875,5080.8125,22361.6875
4880.6875,5080.8125,22361.6875
4879.125,5080.8125,22363.25
4879.125,5080.8125,22363.25
4878.75,5081.75,22362.6875
4878.75,5081.75,22362.6875
4878.75,5081.75,22362.6875
4878.5625,5081.75,22362.875
4878.5625,5081.75,22362.875
4875.25,5081.875,22366.0
4875.25,5081.875,22366.0
4875.25,5081.875,22366.0
4875.25,5081.875,22366.0
4875.25,5081.875,22366.0
4875.4375,5081.8125,22365.8125
4876.0,5081.875,22365.25
4876.0,5081.875,22365.25
4876.0,5081.875,22365.25
4875.8125,5081.875,22365.4375
4875.8125,5081.875,22365.4375
4875.8125,5081.8125,22365.4375
4875.9375,5081.875,22365.3125
4875.9375,5081.875,22365.3125
4875.9375,5081.875,22365.3125
4875.9375,5081.875,22365.3125
4875.6875,5081.875,22365.5625
4875.6875,5081.875,22365.5625
4875.6875,5081.875,22365.5625
4875.6875,5081.875,22365.5625
4892.1875,5081.875,22349.0625
4896.125,5081.875,22345.125
4896.125,5081.875,22345.125
4896.3125,5081.875,22344.9375
4895.9375,5081.875,22345.3125
4895.9375,5081.875,22345.3125
4896.125,5081.875,22345.125
4896.125,5081.875,22345.125
4896.125,5081.875,22345.125
4896.125,5081.875,22345.125
4895.875,5081.875,22345.375
4895.875,5081.875,22345.375
4895.875,5081.875,22345.375
4895.875,5081.875,22345.375
4895.875,5081.875,22345.375
4895.6875,5081.875,22345.5625
4895.6875,5081.8125,22345.5625
4895.6875,5081.875,22345.5625
4895.6875,5081.875,22345.5625
4895.6875,5081.875,22345.5625
4895.5,5081.875,22345.75
4895.5,5082.0,22345.75
4895.6875,5082.0,22345.5625
4895.6875,5082.0,22345.5625
4895.5,5082.0,22345.75
4895.6875,5082.0,22345.5625
4895.6875,5082.0,22345.5625
4895.6875,5082.0,22345.5625
4895.6875,5082.0,22345.5625
4895.6875,5082.0,22345.5625
4896.75,5082.0,22344.5
4896.5625,5081.9375,22344.625
4896.5625,5081.9375,22344.625
4896.5625,5081.9375,22344.625
4896.5625,5081.9375,22344.625
4896.5625,5081.9375,22344.625
4896.5625,5081.9375,22344.625
4896.5,5081.9375,22344.6875
4896.5,5081.9375,22344.6875
4896.5,5081.9375,22344.6875
4896.4375,5081.9375,22344.75
4896.125,5081.9375,22345.0625
4895.9375,5081.9375,22345.25
4896.125,5081.875,22345.0625
4896.375,5081.5625,22345.0625
4896.0,5081.5625,22345.5625
4895.5,5081.5625,22346.0
4895.5,5081.5625,22346.0
4895.5,5081.5625,22346.0
4895.5,5081.5625,22346.0
4895.25,5081.5625,22346.0
4895.25,5081.5625,22346.0
4901.0625,5081.5625,22340.1875
4902.5625,5081.5625,22338.6875
4894.5,5081.5625,22346.75
4894.5,5081.5625,22346.75
4894.5,5081.5625,22346.75
4894.5,5081.5625,22346.75
4894.3125,5081.5625,22346.9375
4893.9375,5081.5625,22347.3125
4894.3125,5081.5625,22346.9375
4894.8125,5081.5625,22346.4375
4894.625,5081.5625,22346.625
4894.4375,5081.5625,22346.8125
4894.625,5081.5625,22346.625
4894.4375,5081.5625,22346.8125
4894.4375,5081.5625,22346.8125
4894.4375,5081.5625,22346.8125
4894.375,5081.5625,22346.875
4894.1875,5081.5625,22347.0625
4894.1875,5081.5625,22347.0625
4893.3125,5081.5625,22347.9375
4893.1875,5081.5625,22348.0625
4893.1875,5081.5625,22348.0625
4893.1875,5081.5625,22348.0625
4893.25,5081.5625,22348.0
4894.25,5081.5625,22347.0
4894.25,5081.5625,22347.0
4894.0625,5081.5625,22347.1875
4894.0625,5081.5625,22347.1875
4894.0625,5081.5625,22347.1875
4893.6875,5081.5625,22347.5625
4893.875,5081.5625,22347.375
4893.6875,5081.6875,22347.5625
4893.6875,5081.6875,22347.5625
4893.6875,5081.6875,22347.5625
4893.875,5081.6875,22347.375
4893.5625,5081.6875,22347.6875
4893.3125,5081.6875,22347.9375
4893.3125,5081.6875,22347.9375
4892.875,5081.6875,22348.375
4893.0625,5081.6875,22348.0625
4893.0625,5081.625,22348.0625
4893.25,5081.6875,22347.875
4893.0,5081.6875,22348.125
4893.1875,5081.6875,22347.9375
4893.0,5081.6875,22348.125
4893.0,5081.6875,22348.125
4893.0,5081.6875,22348.125
4893.0625,5081.6875,22348.0625
4892.875,5081.6875,22348.25
4892.875,5081.6875,22348.25
4892.875,5081.6875,22348.25
4892.6875,5081.6875,22348.4375
4892.6875,5081.6875,22348.4375
4892.625,5081.6875,22348.5
4892.6875,5081.6875,22348.375
4892.5,5081.6875,22348.5625
4892.3125,5081.6875,22348.75
4892.3125,5081.6875,22348.75
4892.3125,5081.6875,22348.75
4892.3125,5081.6875,22348.75
4892.0625,5081.6875,22349.0
4892.0625,5081.6875,22349.0
4892.0,5081.6875,22349.0625
4891.8125,5081.6875,22349.25
4891.8125,5081.6875,22349.25
4891.8125,5081.6875,22349.25
4891.8125,5081.6875,22349.25
4891.8125,5081.6875,22349.25
4891.5625,5081.6875,22349.5
4892.625,5081.6875,22348.375
4892.625,5081.6875,22348.375
4892.8125,5081.6875,22348.1875
4892.8125,5081.6875,22348.1875
4892.8125,5081.6875,22348.1875
4892.8125,5081.6875,22348.1875
4892.625,5081.6875,22348.375
4892.8125,5081.6875,22348.1875
4892.8125,5081.6875,22348.1875
4892.625,5081.6875,22348.375
4892.8125,5081.6875,22348.1875
4892.5625,5081.6875,22348.4375
4892.5625,5081.6875,22348.4375
4892.5,5081.6875,22348.5
4893.125,5081.625,22347.875
4893.5,5081.6875,22347.5
4893.5,5081.6875,22347.5
4893.5,5081.6875,22347.5
4893.3125,5081.6875,22347.6875
4893.125,5081.6875,22347.875
4893.0625,5081.6875,22347.9375
4892.75,5081.6875,22348.25
4892.75,5081.6875,22348.25
4892.75,5081.6875,22348.25
4892.5,5081.6875,22348.5
4892.5,5081.6875,22348.5
4892.5,5081.6875,22348.5
4892.5,5081.6875,22348.5
4892.5,5081.6875,22348.5
4892.6875,5081.6875,22348.3125
4892.8125,5081.6875,22348.1875
4892.75,5081.6875,22348.25
4892.75,5081.6875,22348.25
4892.75,5081.6875,22348.25
4892.6875,5081.6875,22348.3125
4892.6875,5081.6875,22348.3125
4892.6875,5081.6875,22348.3125
4892.6875,5081.6875,22348.3125
4892.6875,5081.6875,22348.3125
4892.6875,5081.6875,22348.3125
4892.625,5081.6875,22348.375
4892.5625,5081.6875,22348.4375
4892.5625,5081.6875,22348.4375
4892.5625,5081.6875,22348.4375
4892.5625,5081.6875,22348.4375
4893.625,5081.6875,22347.375
4893.625,5081.6875,22347.375
4893.5625,5081.6875,22347.4375
4893.5625,5081.6875,22347.4375
4893.5625,5081.6875,22347.4375
4893.5625,5081.6875,22347.4375
4893.5,5081.6875,22347.5
4893.5,5081.6875,22347.5
4893.5,5081.6875,22347.5
4893.25,5081.6875,22347.75
4893.25,5081.6875,22347.75
4893.25,5081.6875,22347.75
4893.25,5081.6875,22347.75
4893.25,5081.6875,22347.75
4892.8125,5081.6875,22348.1875
4892.3125,5081.6875,22348.6875
4892.3125,5081.6875,22348.6875
4892.25,5081.6875,22348.75
4892.4375,5081.6875,22348.5625
4892.4375,5081.6875,22348.5625
4892.4375,5081.6875,22348.5625
4891.875,5081.6875,22349.125
4891.875,5081.6875,22349.125
4891.875,5081.6875,22349.125
4891.875,5081.6875,22349.125
4891.875,5081.6875,22349.125
4891.875,5081.6875,22349.125
4891.875,5081.6875,22349.125
4891.875,5081.6875,22349.125
4892.375,5081.6875,22348.625
4892.1875,5081.6875,22348.8125
4892.1875,5081.6875,22348.8125
4892.1875,5081.6875,22348.8125
4892.1875,5081.6875,22348.8125
4892.1875,5081.6875,22348.8125
4892.0,5081.6875,22349.0
4891.8125,5081.6875,22349.1875
4891.8125,5081.6875,22349.1875
4891.8125,5081.6875,22349.1875
4898.375,5081.625,22342.6875
4898.375,5081.6875,22342.6875
4898.375,5081.6875,22342.6875
4898.375,5081.6875,22342.6875
4898.375,5081.6875,22342.6875
4897.1875,5081.6875,22343.5
4896.875,5081.6875,22343.75
4896.875,5081.6875,22343.75
4897.0625,5081.6875,22343.5625
4896.9375,5081.6875,22343.6875
4896.9375,5081.6875,22343.6875
4896.9375,5081.6875,22343.6875
4896.9375,5081.6875,22343.6875
4896.9375,5081.6875,22343.6875
4896.9375,5081.6875,22343.6875
4896.9375,5081.6875,22343.6875
4896.9375,5081.6875,22343.6875
4896.9375,5081.6875,22343.6875
4896.75,5081.6875,22343.875
4896.75,5081.6875,22343.875
4897.375,5081.625,22343.625
4896.3125,5081.625,22344.5
4896.3125,5081.625,22344.5
4896.25,5081.625,22344.5625
4896.4375,5081.625,22344.375
4896.375,5081.625,22344.4375
4896.5625,5081.625,22344.25
4895.875,5081.625,22344.9375
4895.8125,5081.625,22345.0
4895.8125,5081.625,22345.0
4895.8125,5081.625,22345.0
4895.8125,5081.625,22345.0
4895.8125,5081.625,22345.0
4895.8125,5081.625,22345.0
4895.75,5081.625,22345.0625
4895.75,5081.625,22345.0625
4896.6875,5081.625,22343.8125
4896.75,5081.625,22343.8125
4896.6875,5081.625,22343.875
4896.625,5081.625,22343.9375
4896.625,5081.625,22343.9375
4896.625,5081.625,22343.9375
4896.625,5081.625,22343.9375
4896.625,5081.625,22343.9375
4896.625,5081.625,22343.9375
4896.625,5081.625,22343.9375
4896.75,5081.75,22343.8125
4896.6875,5081.75,22343.875
4896.875,5081.75,22343.6875
4896.875,5081.75,22343.6875
4896.6875,5081.75,22343.875
4896.75,5081.75,22343.8125
4896.375,5081.75,22344.1875
4896.375,5081.75,22344.1875
4896.375,5081.75,22344.1875
4896.375,5081.75,22344.1875
4896.375,5081.75,22344.1875
4896.375,5081.75,22344.1875
4896.3125,5081.75,22344.25
4896.3125,5081.75,22344.25
4896.3125,5081.75,22344.25
4896.3125,5081.75,22344.25
4896.3125,5081.6875,22344.25
4896.3125,5081.6875,22344.25
4896.3125,5081.6875,22344.25
4896.4375,5081.6875,22344.125
4900.3125,5081.6875,22340.0
4900.25,5081.6875,22340.0625
4900.25,5081.6875,22340.0625
4899.9375,5081.6875,22340.375
4899.9375,5081.6875,22340.375
4898.5,5081.6875,22341.8125
4898.5,5081.6875,22341.8125
4898.5,5081.6875,22341.8125
4898.5,5081.6875,22341.8125
4898.5,5081.6875,22341.8125
4898.3125,5081.6875,22342.0
4898.3125,5081.6875,22342.0
4898.5,5081.6875,22341.8125
4898.5,5081.6875,22341.8125
4898.375,5081.6875,22341.9375
4899.0,5081.6875,22341.3125
4899.0,5081.6875,22341.3125
4899.0,5081.6875,22341.3125
4899.0,5081.6875,22341.3125
4899.0,5081.6875,22341.3125
4898.9375,5081.6875,22341.375
4898.9375,5081.6875,22341.375
4898.9375,5081.6875,22341.375
4898.625,5081.6875,22341.6875
4898.625,5081.6875,22341.6875
4898.625,5081.6875,22341.6875
4898.5625,5081.6875,22341.75
4898.5625,5081.6875,22341.75
4898.5625,5081.6875,22341.75
4898.9375,5081.6875,22341.375
4899.8125,5081.6875,22340.5
4899.5625,5081.6875,22340.75
4899.375,5081.6875,22340.9375
4899.375,5081.6875,22340.9375
4899.375,5081.6875,22340.9375
4899.375,5081.625,22340.9375
4899.5625,5081.6875,22340.75
4899.5625,5081.6875,22340.75
4899.5625,5081.6875,22340.75
4899.25,5081.6875,22341.0625
4899.0625,5081.6875,22341.25
4899.0625,5081.6875,22341.25
4899.1875,5081.6875,22341.125
4899.1875,5081.6875,22341.125
4898.9375,5081.6875,22341.125
4898.25,5081.6875,22341.75
4898.25,5081.6875,22341.75
4898.125,5081.6875,22341.875
4898.125,5081.6875,22341.875
4898.125,5081.6875,22341.875
4898.125,5081.6875,22341.875
4898.125,5081.6875,22341.875
4898.125,5081.6875,22341.875
4898.125,5081.6875,22341.875
4898.125,5081.6875,22341.875
4898.125,5081.6875,22341.875
4898.125,5081.6875,22341.875
4898.125,5081.6875,22341.875
4898.3125,5081.6875,22341.6875
4898.3125,5081.6875,22341.6875
4899.3125,5081.6875,22340.4375
4899.3125,5081.6875,22340.4375
4899.25,5081.6875,22340.5
4899.25,5081.6875,22340.5
4899.25,5081.6875,22340.5
4899.25,5081.6875,22340.5
4899.25,5081.6875,22340.5
4899.25,5081.6875,22340.5
4899.25,5081.6875,22340.5
4899.25,5081.6875,22340.5
4899.1875,5081.6875,22340.5625
4899.1875,5081.6875,22340.5625
4916.1875,5081.75,22323.5625
4917.8125,5081.75,22321.9375
4917.9375,5081.6875,22321.8125
4918.25,5081.75,22321.4375
4918.25,5081.75,22321.4375
4914.5625,5081.75,22325.125
4914.1875,5081.75,22325.5
4914.1875,5081.75,22325.5
4921.125,5081.75,22318.5625
4920.9375,5081.75,22318.75
4916.3125,5081.75,22323.375
4916.3125,5081.75,22323.375
4916.125,5081.75,22323.5625
4916.125,5081.75,22323.5625
4916.125,5081.75,22323.5625
4916.125,5081.6875,22323.5625
4916.3125,5081.75,22323.375
4916.125,5081.75,22323.5625
4916.9375,5081.8125,22322.6875
4916.9375,5081.8125,22322.6875
4916.75,5081.8125,22322.875
4916.6875,5081.875,22322.875
4916.5,5081.875,22323.0625
4916.1875,5081.875,22323.375
4916.1875,5081.875,22323.375
4916.1875,5081.875,22323.375
4916.1875,5081.875,22323.375
4916.1875,5081.875,22323.375
4916.1875,5081.875,22323.375
4916.1875,5081.875,22323.375
4916.1875,5081.875,22323.375
4915.6875,5081.875,22323.875
4916.25,5081.875,22323.3125
4915.5625,5081.875,22324.0
4915.5625,5081.875,22324.0
4915.5625,5081.8125,22324.0
4915.5625,5081.875,22324.0
4915.5625,5081.875,22324.0
4915.5625,5081.875,22324.0
4915.5625,5081.875,22324.0
4915.0,5081.875,22324.5625
4914.8125,5081.875,22324.75
4914.5,5081.875,22324.75
4914.5,5081.875,22324.75
4914.5,5081.875,22324.75
4914.5,5081.875,22324.75
4914.5,5081.875,22324.75
4914.625,5081.875,22324.625
4914.5625,5081.875,22324.6875
4914.5625,5081.875,22324.6875
4914.5625,5081.875,22324.6875
4914.25,5081.875,22325.0
4914.25,5081.875,22325.0
4914.25,5081.875,22325.0
4914.25,5081.875,22325.0
4914.25,5081.875,22325.0
4914.25,5081.875,22325.0
4914.25,5081.875,22325.0
4914.25,5081.875,22325.0
4914.25,5081.875,22325.0
4914.0625,5081.875,22325.1875
4914.0625,5081.875,22325.1875
4914.4375,5081.3125,22325.1875
4913.8125,5081.6875,22325.875
4913.75,5081.6875,22325.9375
4913.625,5081.6875,22326.0625
4913.5,5081.6875,22326.25
4913.5,5081.6875,22326.25
4913.5,5081.6875,22326.25
4913.5,5081.6875,22326.25
4913.375,5081.6875,22326.375
4913.3125,5081.6875,22326.4375
4913.125,5081.6875,22326.625
4913.0,5081.6875,22326.75
4913.0,5081.6875,22326.75
4913.0,5081.6875,22326.75
4913.0,5081.6875,22326.75
4913.0,5081.6875,22326.75
4913.875,5081.6875,22325.875
4913.875,5081.6875,22325.875
4913.875,5081.6875,22325.875
4913.6875,5081.6875,22326.0625
4913.5625,5082.25,22326.1875
4913.5625,5082.25,22326.1875
4913.5625,5082.25,22326.1875
4913.5625,5082.25,22326.1875
4913.5625,5082.25,22326.1875
4913.375,5082.25,22326.375
4913.3125,5082.25,22326.4375
4913.3125,5082.25,22326.4375
4913.3125,5082.25,22326.4375
4913.3125,5082.1875,22326.4375
4913.75,5082.25,22326.0
4913.5,5082.25,22325.4375
4913.4375,5082.25,22325.5
4913.125,5082.25,22325.8125
4912.9375,5082.25,22326.0
4912.9375,5082.25,22326.0
4912.8125,5082.25,22326.125
4912.8125,5082.25,22326.125
4912.8125,5082.25,22326.125
4912.8125,5082.25,22326.125
4912.625,5082.25,22326.3125
4912.625,5082.25,22326.3125
4912.625,5082.25,22326.3125
4912.625,5082.25,22326.3125
4912.625,5082.25,22326.3125
4912.4375,5082.25,22326.5
4912.875,5082.25,22326.0625
4912.875,5082.25,22326.0625
4912.875,5082.25,22326.0625
4912.5625,5082.25,22326.375
4912.75,5082.25,22326.1875
4912.9375,5082.25,22326.0
4912.9375,5082.25,22326.0
4912.9375,5082.25,22326.0
4912.9375,5082.25,22326.0
4912.6875,5082.25,22326.25
4912.6875,5082.25,22326.25
4912.6875,5082.25,22326.25
4912.6875,5082.25,22326.25
4912.625,5082.25,22326.3125
4913.0,5082.25,22325.9375
4912.4375,5082.25,22326.5
4912.375,5082.25,22326.5625
4912.375,5082.25,22326.5625
4912.375,5082.25,22326.5625
4912.375,5082.25,22326.5625
4912.375,5082.25,22326.5625
4912.375,5082.25,22326.5625
4912.375,5082.25,22326.5625
4912.375,5082.25,22326.5625
4912.375,5082.25,22326.5625
4912.375,5082.25,22326.5625
4912.375,5082.25,22326.5625
4912.375,5082.25,22326.5625
4912.375,5082.25,22326.5625
4911.75,5082.25,22327.125
4911.5625,5082.25,22327.3125
4911.5625,5082.1875,22327.3125
4911.6875,5082.25,22327.1875
4911.625,5082.25,22327.25
4911.625,5082.25,22327.25
4911.625,5082.25,22327.25
4911.625,5082.25,22327.25
4911.625,5082.25,22327.25
4911.625,5082.25,22327.25
4911.625,5082.25,22327.25
4911.5625,5082.25,22327.3125
4911.5,5082.25,22327.375
4911.5,5082.25,22327.375
4911.5,5082.25,22327.375
4911.6875,5082.25,22327.1875
4912.6875,5082.25,22326.1875
4912.5,5082.25,22326.375
4912.5,5082.25,22326.375
4912.5,5082.25,22326.375
4912.5,5082.25,22326.375
4912.5,5082.25,22326.375
4912.5,5082.25,22326.375
4912.5,5082.25,22326.375
4912.5,5082.25,22326.375
4917.25,5082.25,22321.6875
4917.25,5082.25,22321.6875
4917.25,5082.25,22321.6875
4917.25,5082.25,22321.6875
4917.25,5082.25,22321.6875
4917.25,5082.25,22321.6875
4918.0625,5082.25,22320.5
4918.0625,5082.25,22320.5
4918.0625,5082.25,22320.5
4918.0,5082.25,22320.5625
4918.0,5082.25,22320.5625
4918.0,5082.25,22320.5625
4918.0,5082.25,22320.5625
4918.0,5082.25,22320.5625
4918.0,5082.25,22320.5625
4917.9375,5082.25,22320.625
4917.9375,5082.25,22320.625
4917.9375,5082.25,22320.625
4917.9375,5082.25,22320.625
4917.9375,5082.25,22320.625
4917.75,5082.25,22320.8125
4918.125,5082.25,22320.375
4918.125,5082.25,22320.375
4918.125,5082.25,22320.375
4918.125,5082.25,22320.375
4918.125,5082.25,22320.375
4918.0625,5082.25,22320.4375
4919.1875,5082.25,22319.3125
4919.1875,5082.25,22319.3125
4919.1875,5082.25,22319.3125
4919.1875,5082.25,22319.3125
4919.1875,5082.25,22319.3125
4919.1875,5082.25,22319.3125
4919.1875,5082.25,22319.3125
4919.1875,5082.25,22319.3125
4919.0,5082.25,22319.3125
4919.25,5082.25,22319.0625
4919.25,5082.25,22319.0625
4919.25,5082.25,22319.0625
4919.25,5082.25,22319.0625
4919.0625,5082.25,22319.25
4919.0,5082.25,22319.3125
4919.0,5082.25,22319.3125
4919.0,5082.25,22319.3125
4919.0,5082.25,22319.3125
4919.0,5082.25,22319.3125
4919.1875,5082.25,22319.125
4919.1875,5082.25,22319.125
4919.1875,5082.25,22319.125
4919.1875,5082.25,22319.125
4919.0625,5082.25,22319.1875
4919.25,5082.25,22319.0
4919.0625,5082.25,22319.1875
4919.0625,5082.25,22319.1875
4918.75,5082.25,22319.5
4918.75,5082.25,22319.5
4918.4375,5082.25,22319.8125
4918.4375,5082.25,22319.8125
4918.4375,5082.25,22319.8125
4918.4375,5082.25,22319.8125
4918.4375,5082.25,22319.8125
4918.4375,5082.25,22319.8125
4918.4375,5082.125,22319.8125
4918.625,5082.25,22319.625
4918.625,5082.25,22319.625
4921.9375,5082.25,22316.3125
4919.0625,5082.25,22319.1875
4919.0625,5082.25,22319.1875
4920.375,5082.25,22317.875
4920.25,5082.25,22318.0
4920.25,5082.25,22318.0
4920.25,5082.25,22318.0
4920.25,5082.25,22318.0
4920.25,5082.25,22318.0
4918.75,5082.25,22319.5
4918.75,5082.25,22319.5
4918.5625,5082.25,22319.6875
4918.5625,5082.25,22319.6875
4918.5625,5082.25,22319.6875
4918.5625,5082.25,22319.6875
4919.3125,5082.25,22318.9375
4920.8125,5081.6875,22318.0
4920.8125,5081.6875,22318.0
4920.8125,5081.625,22318.0
4921.0,5081.6875,22317.8125
4921.0,5081.6875,22317.8125
4921.0,5081.6875,22317.8125
4920.9375,5081.6875,22317.875
4920.5625,5081.6875,22318.25
4920.5625,5081.6875,22318.25
4920.4375,5081.6875,22318.375
4920.4375,5081.6875,22318.375
4920.375,5082.25,22318.4375
4920.375,5082.25,22318.4375
4920.375,5082.25,22318.4375
4920.375,5082.25,22318.4375
4919.9375,5082.25,22318.875
4919.5625,5082.25,22319.25
4919.5625,5082.25,22319.25
4919.5625,5082.25,22319.25
4919.375,5082.25,22319.4375
4919.375,5082.25,22319.4375
4919.375,5082.25,22319.4375
4919.375,5082.25,22319.4375
4919.375,5082.25,22319.4375
4919.375,5082.25,22319.4375
4919.375,5082.25,22319.4375
4919.375,5082.25,22319.4375
4919.375,5082.25,22319.4375
4919.375,5082.25,22319.4375
4919.3125,5082.25,22319.5
4919.3125,5082.25,22319.5
4919.125,5082.25,22319.6875
4919.125,5082.25,22319.6875
4919.125,5082.25,22319.6875
4915.1875,5082.25,22323.625
4915.0,5082.25,22323.8125
4915.125,5082.5,22323.5625
4915.0,5082.5,22323.6875
4915.0,5082.5,22323.6875
4914.9375,5082.5625,22323.75
4914.9375,5082.5625,22323.75
4914.9375,5082.5625,22323.75
4914.9375,5082.5625,22323.75
4914.9375,5082.5625,22323.75
4915.0625,5082.5,22323.625
4915.5,5082.5625,22323.125
4915.5,5082.5625,22323.125
4915.3125,5082.5625,22323.3125
4915.3125,5082.5625,22323.3125
4915.25,5082.5625,22323.375
4915.125,5082.5625,22323.5
4915.125,5082.5625,22323.5
4915.125,5082.5625,22323.5
4915.125,5082.5625,22323.5
4915.125,5082.5625,22323.5
4915.125,5082.5625,22323.5
4915.125,5082.5625,22323.5
4915.125,5082.5625,22323.5
4915.125,5082.5625,22323.5
4915.3125,5082.5625,22323.3125
4915.9375,5082.5625,22322.6875
4915.75,5082.5625,22322.875
4915.75,5082.5625,22322.875
4915.75,5082.5625,22322.875
4915.75,5082.5,22322.875
4923.125,5082.5625,22315.5
4920.5,5082.5625,22318.125
4915.0625,5082.5625,22323.5625
4915.0625,5082.5625,22323.5625
4915.0625,5082.5625,22323.5625
4915.0625,5082.5625,22323.5625
4915.0625,5082.5625,22323.5625
4915.0625,5082.5625,22323.5625
4915.0625,5082.5625,22323.5625
4915.25,5082.5625,22323.375
4915.8125,5082.5625,22322.3125
4915.75,5082.5625,22322.375
4915.75,5082.5,22322.375
4915.75,5082.5625,22322.375
4915.75,5082.5625,22322.375
4915.6875,5082.625,22322.375
4915.6875,5082.625,22322.375
4915.6875,5082.625,22322.375
4915.6875,5082.625,22322.375
4915.6875,5082.625,22322.375
4915.6875,5082.625,22322.375
4915.6875,5082.625,22322.375
4915.6875,5082.625,22322.375
4915.6875,5082.625,22322.375
4915.1875,5082.625,22322.875
4916.4375,5082.625,22321.5625
4916.375,5082.625,22321.625
4916.375,5082.625,22321.625
4916.375,5082.625,22321.625
4916.375,5082.625,22321.625
4916.125,5082.625,22321.875
4915.875,5082.625,22322.125
4915.875,5082.625,22322.125
4915.875,5082.625,22322.125
4915.875,5082.625,22322.125
4915.875,5082.625,22322.125
4915.875,5082.625,22322.125
4915.875,5082.625,22322.125
4915.875,5082.625,22322.125
4915.25,5082.625,22322.75
4915.4375,5082.625,22322.5
4915.4375,5082.625,22322.5
4915.4375,5082.625,22322.5
4915.4375,5082.625,22322.5
4915.5,5082.625,22322.4375
4915.5,5082.625,22322.4375
4915.5,5082.625,22322.4375
4915.5,5082.625,22322.4375
4915.5,5082.625,22322.4375
4915.5,5082.625,22322.4375
4915.5,5082.625,22322.4375
4915.5,5082.625,22322.4375
4915.5,5082.625,22322.4375
4915.5,5082.625,22322.4375
4915.125,5082.625,22322.125
4914.75,5082.625,22322.5
4914.75,5082.625,22322.5
4914.75,5082.625,22322.5
4914.75,5082.625,22322.5
4914.75,5082.625,22322.5
4914.75,5082.625,22322.5
4914.75,5082.625,22322.5
4914.75,5082.625,22322.5
4914.75,5082.625,22322.5
4914.5625,5082.625,22322.6875
4914.5625,5082.625,22322.6875
4914.5625,5082.625,22322.6875
4914.5625,5082.625,22322.6875
4914.5625,5082.625,22322.6875
4914.5,5082.625,22322.75
4914.5,5082.625,22322.75
4914.4375,5082.625,22322.8125
4914.4375,5082.625,22322.8125
4914.4375,5082.625,22322.8125
4914.4375,5082.625,22322.8125
4914.4375,5082.625,22322.8125
4914.4375,5082.625,22322.8125
4914.4375,5082.625,22322.8125
4914.4375,5082.625,22322.8125
4914.4375,5082.625,22322.8125
4914.4375,5082.625,22322.8125
4914.4375,5082.625,22322.8125
4914.4375,5082.625,22322.8125
4914.625,5082.625,22322.625
4914.8125,5082.625,22322.4375
4915.0,5082.625,22322.25
4914.875,5082.625,22322.375
4914.875,5082.625,22322.375
4914.875,5082.625,22322.375
4914.875,5082.625,22322.375
4914.875,5082.625,22322.375
4914.875,5082.625,22322.375
4914.875,5082.625,22322.375
4914.875,5082.625,22322.375
4914.875,5082.625,22322.375
4914.6875,5082.625,22322.5625
4914.6875,5082.625,22322.5625
4914.6875,5082.625,22322.5625
4903.9375,5082.625,22333.3125
4905.25,5082.625,22332.0
4904.875,5082.625,22332.375
4904.875,5082.625,22332.375
4904.875,5082.625,22332.375
4904.875,5082.625,22332.375
4904.875,5082.6875,22332.375
4904.875,5082.6875,22332.375
4904.875,5082.6875,22332.375
4904.875,5082.6875,22332.375
4904.875,5082.6875,22332.375
4904.75,5082.6875,22332.5
4904.75,5082.6875,22332.5
4904.75,5082.6875,22332.5
4904.75,5082.6875,22332.5
4904.75,5082.6875,22332.5
4904.9375,5082.6875,22332.3125
4905.3125,5081.875,22332.5625
4905.25,5082.25,22332.6875
4904.875,5082.25,22333.0625
4904.875,5082.25,22333.0625
4904.875,5082.25,22333.0625
4904.875,5082.25,22333.0625
4904.875,5082.25,22333.0625
4904.875,5082.25,22333.0625
4904.875,5082.25,22333.0625
4904.875,5082.25,22333.0625
4904.875,5082.1875,22333.0625
4904.875,5082.25,22333.0625
4904.875,5082.25,22333.0625
4904.9375,5082.25,22333.0
4904.875,5082.125,22332.625
4904.625,5082.125,22332.875
4904.75,5082.125,22332.875
4904.6875,5082.125,22332.9375
4904.6875,5082.125,22332.9375
4904.6875,5082.125,22332.9375
4904.625,5082.125,22333.0
4904.75,5082.125,22333.0
4904.75,5082.125,22333.0
4904.75,5082.125,22333.0
4904.75,5082.125,22333.0
4904.75,5082.125,22333.0
4904.6875,5082.125,22333.0625
4904.6875,5082.125,22333.0625
4904.875,5082.125,22332.875
4904.375,5082.125,22333.375
4904.375,5082.125,22333.375
4904.3125,5082.125,22333.4375
4904.3125,5082.125,22333.4375
4904.3125,5082.125,22333.4375
4904.3125,5082.125,22333.4375
4903.9375,5082.125,22333.8125
4903.9375,5082.125,22333.8125
4903.9375,5082.125,22333.8125
4915.8125,5082.125,22322.0
4909.875,5082.125,22327.9375
4909.8125,5082.125,22328.0
4909.8125,5082.125,22328.0
4909.8125,5082.125,22328.0
4910.0,5082.0625,22327.8125
4910.8125,5082.125,22326.9375
4910.8125,5082.125,22326.9375
4910.8125,5082.125,22326.9375
4910.8125,5082.125,22326.9375
4910.8125,5082.125,22326.9375
4911.0,5082.125,22326.75
4910.625,5082.125,22327.125
4910.625,5082.125,22327.125
4910.625,5082.125,22327.125
4910.8125,5082.125,22326.9375
4910.8125,5082.125,22326.9375
4910.8125,5082.125,22326.9375
4910.8125,5082.125,22326.9375
4910.8125,5082.125,22326.9375
4911.1875,5082.125,22326.5625
4912.5625,5082.1875,22325.1875
4912.3125,5082.1875,22325.4375
4912.3125,5082.1875,22325.4375
4912.3125,5082.1875,22325.4375
4912.3125,5082.1875,22325.4375
4912.125,5082.1875,22325.625
4912.375,5082.1875,22325.375
4912.3125,5082.1875,22325.4375
4912.3125,5082.1875,22325.4375
4912.3125,5082.1875,22325.4375
4912.3125,5082.1875,22325.4375
4912.5,5082.1875,22325.25
4912.5,5082.1875,22325.25
4911.9375,5082.1875,22325.25
4911.6875,5082.25,22325.4375
4911.1875,5082.25,22325.9375
4911.1875,5082.25,22325.9375
4911.1875,5082.25,22325.9375
4911.1875,5082.25,22325.9375
4911.0,5082.25,22326.125
4911.0,5082.25,22326.125
4910.9375,5082.3125,22326.1875
4910.9375,5082.3125,22326.1875
4910.9375,5082.3125,22326.1875
4910.9375,5082.3125,22326.1875
4910.9375,5082.3125,22326.1875
4910.9375,5082.3125,22326.1875
4910.9375,5082.3125,22326.1875
4910.9375,5082.3125,22326.1875
4910.3125,5082.25,22326.8125
4910.9375,5082.25,22326.1875
4910.9375,5082.25,22326.1875
4910.9375,5082.25,22326.1875
4910.9375,5082.25,22326.1875
4910.9375,5082.25,22326.1875
4910.9375,5082.25,22326.1875
4910.9375,5082.25,22326.1875
4910.75,5082.25,22326.375
4910.75,5082.25,22326.375
4910.9375,5082.25,22326.1875
4910.9375,5082.25,22326.1875
4910.75,5082.25,22326.375
4910.75,5082.25,22326.375
4910.75,5082.25,22326.375
4910.5,5082.25,22326.625
4911.9375,5082.25,22325.1875
4911.9375,5082.25,22325.1875
4911.6875,5082.25,22325.4375
4911.6875,5082.25,22325.4375
4911.6875,5082.25,22325.4375
4912.9375,5082.25,22324.1875
4913.125,5082.25,22324.0
4913.125,5082.25,22324.0
4912.875,5082.25,22324.25
4912.875,5082.25,22324.25
4912.875,5082.25,22324.25
4911.625,5082.25,22325.5
4911.625,5082.25,22325.5
4911.625,5082.25,22325.5
4911.4375,5082.25,22325.6875
4911.5,5082.25,22325.625
4911.3125,5082.25,22325.8125
4911.3125,5082.25,22325.8125
4911.875,5082.6875,22325.25
4912.0625,5082.75,22325.0625
4912.0625,5082.75,22325.0625
4912.0625,5082.75,22325.0625
4912.0625,5082.75,22325.0625
4912.0625,5082.75,22325.0625
4911.875,5082.75,22325.25
4911.875,5082.75,22325.25
4911.875,5082.75,22325.25
4911.875,5082.6875,22325.25
4911.875,5082.75,22325.25
4912.0625,5082.75,22325.0625
4913.3125,5082.75,22323.8125
4913.3125,5082.75,22323.8125
4913.3125,5082.75,22323.8125
4913.25,5082.75,22323.875
4913.1875,5082.75,22323.9375
4913.1875,5082.75,22323.9375
4913.1875,5082.75,22323.9375
4913.0,5082.75,22324.125
4913.1875,5082.75,22323.9375
4913.1875,5082.75,22323.9375
4913.1875,5082.75,22323.9375
4913.1875,5082.75,22323.9375
4913.1875,5082.75,22323.9375
4913.125,5082.75,22324.0
4913.125,5082.75,22324.0
4912.8125,5082.75,22323.9375
4912.8125,5082.75,22323.9375
4912.4375,5082.75,22324.3125
4912.4375,5082.75,22324.3125
4912.4375,5082.75,22324.3125
4912.4375,5082.75,22324.3125
4912.25,5082.75,22324.5
4912.25,5082.75,22324.5
4912.0,5082.75,22324.75
4912.0,5082.75,22324.75
4912.0,5082.75,22324.75
4912.0,5082.75,22324.75
4912.125,5082.75,22324.625
4912.3125,5082.75,22324.4375
4912.0,5082.75,22324.75
4912.5625,5082.75,22324.1875
4912.5625,5082.75,22324.1875
4912.25,5082.75,22324.5
4912.4375,5082.75,22324.3125
4912.4375,5082.75,22324.3125
4912.4375,5082.75,22324.3125
4912.4375,5082.75,22324.3125
4912.25,5082.75,22324.5
4912.0625,5082.75,22324.6875
4912.0625,5082.75,22324.6875
4912.1875,5082.75,22324.5625
4911.9375,5082.75,22324.8125
4912.125,5082.75,22324.625
4912.125,5082.75,22324.625
4911.9375,5082.75,22324.8125
4912.0625,5082.75,22324.6875
4912.0625,5082.75,22324.6875
4912.0625,5081.875,22324.9375
4912.375,5082.25,22324.75
4912.5,5082.25,22324.625
4914.375,5082.25,22322.75
4919.8125,5082.25,22317.3125
4915.3125,5082.25,22321.8125
4916.0625,5082.25,22321.0625
4910.9375,5082.25,22326.1875
4910.9375,5082.25,22326.1875
4906.875,5082.875,22329.9375
4907.0,5082.875,22329.8125
4907.0,5082.875,22329.8125
4905.875,5082.875,22330.9375
4905.25,5082.875,22331.3125
4905.25,5082.875,22331.3125
4905.375,5082.875,22331.1875
4905.1875,5082.875,22331.375
4905.1875,5082.875,22331.375
4905.375,5082.875,22331.1875
4905.3125,5082.8125,22331.25
4905.0625,5082.8125,22331.5
4905.0625,5082.8125,22331.5
4905.0625,5082.8125,22331.5
4905.0625,5082.8125,22331.5
4905.0625,5082.8125,22331.5
4904.75,5082.8125,22331.8125
4904.9375,5082.8125,22331.625
4905.3125,5082.8125,22331.25
4904.875,5082.8125,22331.3125
4904.875,5082.8125,22331.3125
4904.5625,5082.8125,22331.625
4904.375,5082.8125,22331.8125
4904.375,5082.8125,22331.8125
4904.0,5082.8125,22332.1875
4904.0,5082.8125,22332.1875
4904.0,5082.8125,22332.1875
4904.0,5082.8125,22332.1875
4904.0,5082.8125,22332.1875
4904.0,5082.8125,22332.1875
4903.6875,5082.8125,22332.5
4903.6875,5082.8125,22332.5
4903.6875,5082.8125,22332.5
4903.4375,5082.8125,22332.75
4903.3125,5082.8125,22332.875
4903.3125,5082.8125,22332.875
4903.0625,5082.8125,22333.125
4903.0625,5082.8125,22333.125
4903.0625,5082.8125,22333.125
4903.0625,5082.8125,22333.125
4903.0625,5082.8125,22333.125
4902.875,5082.8125,22333.3125
4903.25,5082.8125,22332.9375
4903.25,5082.8125,22332.9375
4903.0625,5082.8125,22333.125
4903.0625,5082.8125,22333.125
4903.0625,5082.8125,22333.125
4903.0625,5082.8125,22333.125
4903.25,5082.6875,22332.9375
4901.8125,5082.8125,22333.5
4901.8125,5082.8125,22333.5
4901.5625,5082.8125,22333.75
4901.5625,5082.8125,22333.75
4901.375,5082.8125,22333.9375
4901.4375,5082.8125,22333.875
4901.4375,5082.8125,22333.875
4901.4375,5082.8125,22333.875
4901.4375,5082.8125,22333.875
4901.4375,5082.8125,22333.875
4901.25,5082.8125,22334.0625
4901.4375,5082.8125,22333.875
4901.4375,5082.8125,22333.875
4901.4375,5082.8125,22333.875
4901.4375,5082.8125,22333.875
4901.4375,5082.8125,22333.875
4901.625,5082.8125,22333.6875
4901.4375,5082.8125,22333.875
4901.4375,5082.8125,22333.875
4901.3125,5082.8125,22334.0
4901.3125,5082.8125,22334.0
4901.3125,5082.8125,22334.0
4900.9375,5082.8125,22334.375
4900.9375,5082.8125,22334.375
4900.75,5082.8125,22334.5625
4900.9375,5082.8125,22334.375
4900.9375,5082.8125,22334.375
4900.9375,5082.8125,22334.375
4900.9375,5082.8125,22334.375
4901.0625,5082.875,22334.25
4901.75,5082.8125,22333.625
4901.75,5082.8125,22333.625
4901.6875,5082.8125,22333.6875
4901.125,5082.8125,22334.25
4901.125,5082.8125,22334.25
4901.125,5082.8125,22334.25
4900.625,5082.8125,22334.75
4900.625,5082.8125,22334.75
4900.625,5082.8125,22334.75
4900.625,5082.8125,22334.75
4900.625,5082.8125,22334.75
4900.625,5082.8125,22334.75
4900.625,5082.8125,22334.75
4900.5,5082.875,22334.75
4900.5,5082.875,22334.75
4900.75,5082.875,22334.5
4900.75,5082.875,22334.5
4900.375,5082.875,22334.875
4900.375,5082.875,22334.875
4900.1875,5082.875,22335.0625
4900.1875,5082.875,22335.0625
4900.0,5082.875,22335.25
4900.1875,5082.875,22335.0625
4900.25,5082.875,22334.9375
4900.25,5082.875,22334.9375
4900.25,5082.875,22334.9375
4900.125,5082.875,22335.0625
4900.125,5082.875,22335.0625
4899.9375,5082.875,22335.25
4899.875,5082.875,22335.3125
4900.1875,5082.875,22334.75
4900.1875,5082.875,22334.75
4900.1875,5082.875,22334.75
4900.125,5082.875,22334.75
4900.125,5082.875,22334.75
4900.125,5082.875,22334.75
4900.125,5082.875,22334.75
4900.125,5082.875,22334.75
4900.0625,5082.875,22334.8125
4900.0625,5082.875,22334.8125
4900.0625,5082.875,22334.8125
4900.0625,5082.875,22334.8125
4900.0625,5082.875,22334.8125
4900.0,5082.875,22334.875
4899.8125,5082.875,22335.0625
4900.25,5082.875,22334.625
4900.0625,5082.8125,22334.8125
4900.0625,5082.875,22334.8125
4900.0625,5082.875,22334.8125
4899.6875,5082.875,22335.1875
4899.6875,5082.875,22335.1875
4899.6875,5082.875,22335.1875
4899.6875,5082.875,22335.1875
4899.1875,5082.875,22335.625
4899.1875,5082.875,22335.625
4899.1875,5082.875,22335.625
4899.1875,5082.875,22335.625
4899.1875,5082.875,22335.625
4899.1875,5082.875,22335.625
4899.0625,5082.875,22335.75
4899.1875,5082.875,22335.625
4899.1875,5082.875,22335.625
4899.1875,5082.875,22335.625
4899.1875,5082.875,22335.625
4899.1875,5082.875,22335.625
4899.1875,5082.875,22335.625
4899.1875,5082.875,22335.625
4899.1875,5082.875,22335.625
4899.1875,5082.875,22335.625
4900.4375,5082.875,22334.375
4904.625,5082.875,22330.25
4904.625,5082.875,22330.25
4904.625,5082.875,22330.25
4904.75,5082.875,22330.0625
4905.5,5082.875,22329.25
4905.5,5082.875,22329.25
4905.5,5082.875,22329.25
4905.3125,5082.875,22329.4375
4905.3125,5082.875,22329.4375
4905.5,5082.875,22329.25
4905.5,5082.875,22329.25
4905.5,5082.875,22329.25
4905.5,5082.875,22329.25
4905.5,5082.875,22329.25
4905.5,5082.875,22329.25
4905.5,5082.875,22329.25
4905.5,5082.875,22329.25
4905.6875,5082.875,22329.0625
4905.5,5082.875,22329.25
4905.4375,5082.875,22329.25
4904.5,5082.875,22330.1875
4904.5,5082.875,22330.1875
4904.5,5082.875,22330.1875
4904.5,5082.875,22330.1875
4904.5,5082.875,22330.1875
4904.5,5082.875,22330.1875
4903.9375,5082.875,22330.75
4903.9375,5082.875,22330.75
4903.5,5082.875,22331.1875
4903.5,5082.875,22331.1875
4903.5,5082.8125,22331.1875
4903.3125,5082.875,22331.375
4903.3125,5082.875,22331.375
4903.3125,5082.875,22331.375
4903.0625,5082.875,22331.625
4903.5625,5082.875,22331.0
4903.5625,5082.875,22331.0
4903.375,5082.875,22331.1875
4903.375,5082.875,22331.1875
4903.1875,5082.875,22331.375
4903.1875,5082.875,22331.375
4903.1875,5082.875,22331.375
4903.1875,5082.875,22331.375
4903.125,5082.875,22331.4375
4903.125,5082.875,22331.4375
4902.9375,5082.875,22331.625
4902.9375,5082.875,22331.625
4902.75,5082.875,22331.8125
4902.75,5082.875,22331.8125
4902.125,5082.875,22332.375
4902.75,5082.875,22331.75
4902.75,5082.875,22331.75
4902.75,5082.875,22331.75
4902.3125,5082.875,22332.1875
4902.5,5082.875,22332.0
4902.5,5082.875,22332.0
4902.5,5082.875,22332.0
4902.5,5082.875,22332.0
4902.5,5082.875,22332.0
4902.5,5082.875,22332.0
4902.5,5082.875,22332.0
4902.5,5082.8125,22332.0
4902.5,5082.875,22332.0
4902.5,5082.875,22332.0
4903.0625,5082.875,22331.4375
4903.875,5082.875,22330.625
4903.875,5082.875,22330.625
4903.875,5082.875,22330.625
4903.875,5082.875,22330.625
4903.875,5082.875,22330.625
4903.875,5082.875,22330.625
4903.875,5082.875,22330.625
4903.875,5082.875,22330.625
4904.4375,5082.875,22330.0625
4906.25,5082.875,22328.25
4906.125,5082.875,22328.375
4906.125,5082.875,22328.375
4906.125,5082.875,22328.375
4906.125,5082.875,22328.375
4904.5625,5082.875,22329.9375
4904.1875,5082.875,22330.3125
4904.1875,5082.875,22330.3125
4904.1875,5082.875,22330.3125
4903.9375,5082.875,22330.5625
4903.9375,5082.875,22330.5625
4903.9375,5082.875,22330.5625
4894.1875,5083.0,22340.3125
4896.25,5083.0,22338.25
4896.25,5083.0,22338.25
4896.25,5083.0,22338.25
4896.25,5083.0,22338.25
4896.25,5083.0,22338.25
4896.25,5083.0,22338.25
4896.25,5083.0,22338.25
4897.6875,5083.0,22336.8125
4897.0625,5083.0,22337.4375
4897.0625,5083.0,22337.4375
4897.0625,5083.0,22337.4375
4897.0625,5083.0,22337.4375
4897.0625,5083.0,22337.4375
4897.0625,5082.9375,22337.4375
4897.0625,5082.9375,22337.4375
4897.0625,5082.9375,22337.4375
4897.0625,5082.9375,22337.4375
4897.0625,5082.9375,22337.4375
4897.0625,5082.9375,22337.4375
4897.0625,5082.9375,22337.4375
4897.0625,5082.9375,22337.4375
4897.0625,5082.9375,22337.4375
4896.875,5082.9375,22337.625
4898.4375,5082.875,22336.0625
4898.4375,5082.875,22336.0625
4898.4375,5082.875,22336.0625
4898.4375,5082.875,22336.0625
4898.4375,5082.875,22336.0625
4898.4375,5082.875,22336.0625
4898.4375,5082.875,22336.0625
4898.1875,5082.875,22336.3125
4898.1875,5082.875,22336.3125
4898.0625,5082.875,22336.4375
4898.0625,5082.875,22336.4375
4898.0625,5082.875,22336.4375
4898.0625,5082.875,22336.4375
4897.875,5082.875,22336.625
4898.0625,5082.875,22336.4375
4897.875,5082.875,22336.625
4897.875,5082.875,22336.625
4897.875,5082.875,22336.625
4897.875,5082.875,22336.625
4897.875,5082.875,22336.625
4897.875,5082.8125,22336.625
4897.875,5082.875,22336.625
4897.6875,5082.875,22336.8125
4897.6875,5082.875,22336.8125
4897.6875,5082.875,22336.8125
4897.625,5082.875,22336.875
4897.4375,5082.875,22337.0625
4897.4375,5082.875,22337.0625
4897.4375,5082.875,22337.0625
4898.75,5082.875,22335.75
4898.6875,5082.875,22335.375
4898.625,5082.875,22335.4375
4898.5625,5082.875,22335.5
4898.5625,5082.875,22335.5
4898.375,5082.875,22335.6875
4898.375,5082.875,22335.6875
4905.8125,5082.875,22328.25
4905.6875,5082.875,22328.375
4896.0,5082.875,22338.0625
4894.6875,5082.875,22339.375
4894.6875,5082.875,22339.375
4894.5,5082.875,22339.5625
4894.5,5082.875,22339.5625
4894.5,5082.875,22339.5625
4894.375,5082.875,22339.625
4893.25,5082.875,22340.75
4893.4375,5082.875,22340.5625
4893.0625,5082.875,22340.9375
4893.0625,5082.875,22340.9375
4893.0625,5082.875,22340.9375
4893.0625,5082.8125,22340.9375
4893.0625,5082.875,22340.9375
4893.0625,5082.875,22340.9375
4892.6875,5082.875,22341.3125
4892.6875,5082.875,22341.3125
4892.6875,5082.875,22341.3125
4892.5,5082.875,22341.5
4892.5,5082.875,22341.5
4892.5,5082.875,22341.5
4892.9375,5082.875,22341.0625
4893.25,5082.875,22340.625
4893.0625,5082.875,22340.8125
4892.875,5082.875,22341.0
4892.875,5082.875,22341.0
4892.875,5082.875,22341.0
4892.75,5082.875,22341.125
4892.75,5082.875,22341.125
4892.75,5082.875,22341.125
4892.75,5082.875,22341.125
4892.75,5082.875,22341.125
4892.75,5082.875,22341.125
4892.75,5082.875,22341.125
4892.75,5082.875,22341.125
4892.5,5082.875,22341.375
4892.0,5082.875,22341.875
4892.6875,5082.875,22341.1875
4892.6875,5082.875,22341.1875
4892.6875,5082.875,22341.1875
4892.6875,5082.875,22341.1875
4892.6875,5082.875,22341.1875
4892.6875,5082.875,22341.1875
4892.3125,5082.875,22341.5625
4892.3125,5082.875,22341.5625
4892.3125,5082.875,22341.5625
4892.3125,5082.875,22341.5625
4892.3125,5082.875,22341.5625
4892.3125,5082.875,22341.5625
4892.3125,5082.875,22341.5625
4892.3125,5082.875,22341.5625
4892.5,5082.875,22341.375
4893.625,5082.875,22340.25
4893.625,5082.875,22340.25
4893.625,5082.875,22340.25
4893.625,5082.875,22340.25
4893.4375,5082.9375,22340.375
4893.4375,5082.9375,22340.375
4893.4375,5082.9375,22340.375
4893.4375,5082.9375,22340.375
4893.4375,5082.9375,22340.375
4893.4375,5082.9375,22340.375
4893.4375,5082.9375,22340.375
4893.4375,5082.9375,22340.375
4893.4375,5082.9375,22340.375
4893.4375,5082.9375,22340.375
4893.5,5082.875,22340.3125
4893.375,5082.9375,22340.4375
4893.375,5082.9375,22340.4375
4893.375,5082.9375,22340.4375
4893.375,5082.9375,22340.4375
4893.375,5082.9375,22340.4375
4893.375,5082.9375,22340.4375
4893.375,5082.9375,22340.4375
4893.375,5082.9375,22340.4375
4893.375,5082.9375,22340.4375
4893.375,5082.9375,22340.4375
4893.3125,5082.9375,22340.5
4893.3125,5082.9375,22340.5
4893.3125,5082.9375,22340.5
4893.3125,5082.9375,22340.5
4894.8125,5082.9375,22339.0
4895.0625,5082.9375,22338.625
4894.875,5082.9375,22338.8125
4894.875,5082.9375,22338.8125
4894.875,5082.9375,22338.8125
4894.6875,5082.9375,22339.0
4894.6875,5082.9375,22339.0
4894.6875,5082.9375,22339.0
4894.6875,5082.9375,22339.0
4894.6875,5082.9375,22339.0
4894.6875,5082.9375,22339.0
4894.6875,5082.9375,22339.0
4894.6875,5082.9375,22339.0
4894.6875,5082.9375,22339.0
4894.6875,5082.9375,22339.0
4894.6875,5082.9375,22339.0
4895.0,5082.9375,22338.6875
4894.5625,5082.9375,22339.125
4894.5625,5082.9375,22339.125
4894.375,5082.9375,22339.3125
4894.375,5082.9375,22339.3125
4894.375,5082.9375,22339.3125
4894.375,5082.9375,22339.3125
4894.375,5082.9375,22339.3125
4894.3125,5082.9375,22339.375
4894.125,5082.9375,22339.5625
4894.125,5082.9375,22339.5625
4894.125,5082.9375,22339.5625
4894.125,5082.9375,22339.5625
4894.125,5082.9375,22339.5625
4894.125,5082.875,22339.5625
4893.625,5082.9375,22340.0625
4893.625,5082.9375,22340.0625
4893.625,5082.9375,22340.0625
4893.625,5082.9375,22340.0625
4893.375,5082.9375,22340.3125
4893.0625,5082.9375,22340.625
4893.0625,5082.9375,22340.625
4893.0625,5082.9375,22340.625
4893.0625,5082.9375,22340.625
4893.0625,5082.9375,22340.625
4893.0625,5082.9375,22340.625
4893.0625,5082.9375,22340.625
4893.0625,5082.9375,22340.625
4893.0625,5082.9375,22340.625
4892.9375,5082.9375,22340.75
4892.9375,5082.9375,22340.75
4892.75,5082.9375,22340.9375
4892.6875,5082.9375,22341.0
4892.6875,5082.9375,22341.0
4892.6875,5082.9375,22341.0
4892.6875,5082.9375,22341.0
4892.6875,5082.9375,22341.0
4892.6875,5082.9375,22341.0
4892.6875,5082.9375,22341.0
4892.625,5082.9375,22341.0625
4892.5625,5082.9375,22341.125
4892.0,5082.9375,22341.6875
4892.0,5082.9375,22341.6875
4891.8125,5082.9375,22341.875
4891.125,5082.9375,22342.3125
4891.625,5082.9375,22341.8125
4891.5,5082.9375,22341.9375
4891.5,5082.9375,22341.9375
4891.5,5082.9375,22341.9375
4891.5,5082.9375,22341.9375
4891.375,5082.9375,22342.0625
4891.375,5082.9375,22342.0625
4891.375,5082.9375,22342.0625
4891.375,5082.9375,22342.0625
4893.9375,5082.9375,22339.5
4897.5625,5082.9375,22335.9375
4897.5625,5082.9375,22335.9375
4897.5625,5082.9375,22335.9375
4897.5625,5082.9375,22335.9375
4897.5625,5082.875,22335.9375
4897.75,5082.9375,22335.75
4897.75,5082.9375,22335.75
4897.75,5082.9375,22335.75
4897.75,5082.9375,22335.75
4897.75,5082.9375,22335.75
4897.625,5082.9375,22335.875
4897.625,5082.9375,22335.875
4897.625,5082.9375,22335.875
4897.625,5082.9375,22335.875
4897.625,5082.9375,22335.875
4897.625,5082.9375,22335.875
4897.4375,5082.9375,22336.0625
4897.4375,5082.9375,22336.0625
4897.4375,5082.9375,22336.0625
4897.3125,5082.9375,22336.1875
4897.75,5082.9375,22335.5625
4897.625,5082.9375,22335.6875
4897.625,5082.9375,22335.6875
4897.625,5082.9375,22335.6875
4897.0625,5082.9375,22336.25
4893.1875,5082.9375,22340.125
4893.375,5082.9375,22339.9375
4893.375,5082.9375,22339.9375
4893.375,5082.9375,22339.9375
4893.3125,5082.9375,22340.0
4893.3125,5082.9375,22340.0
4893.3125,5082.9375,22340.0
4893.3125,5082.9375,22340.0
4893.3125,5082.9375,22340.0
4893.125,5082.9375,22340.1875
4893.875,5082.9375,22339.4375
4893.875,5082.9375,22339.4375
4893.875,5082.9375,22339.4375
4893.6875,5082.9375,22339.625
4893.6875,5082.875,22339.625
4893.6875,5082.9375,22339.625
4893.6875,5082.9375,22339.625
4893.6875,5082.9375,22339.625
4893.6875,5082.9375,22339.625
4893.6875,5082.9375,22339.625
4893.5625,5082.9375,22339.75
4892.875,5082.9375,22340.4375
4892.875,5082.9375,22340.4375
4892.875,5082.9375,22340.4375
4892.4375,5082.9375,22340.875
4893.0625,5082.9375,22340.25
4893.0625,5082.875,22340.25
4893.25,5082.9375,22340.0625
4893.25,5082.9375,22340.0625
4893.25,5082.9375,22340.0625
4893.0625,5082.9375,22340.25
4893.0625,5082.9375,22340.25
4893.0625,5082.9375,22340.25
4893.0625,5082.9375,22340.25
4893.0625,5082.9375,22340.25
4893.0625,5082.9375,22340.25
4893.0625,5082.875,22340.25
4892.9375,5082.9375,22340.375
4892.9375,5082.9375,22340.375
4894.875,5083.0625,22338.4375
4895.25,5083.0625,22338.0625
4894.875,5083.0625,22338.4375
4894.875,5083.0625,22338.4375
4894.875,5083.0625,22338.4375
4894.875,5083.0625,22338.4375
4894.875,5083.0625,22338.4375
4894.875,5083.0625,22338.4375
4894.875,5083.0625,22338.4375
4894.75,5083.0625,22338.5625
4894.75,5083.0625,22338.5625
4894.75,5083.0625,22338.5625
4894.375,5083.0625,22338.9375
4897.0,5083.0625,22336.3125
4897.0,5083.0625,22336.3125
4896.5,5083.0625,22336.8125
4896.875,5083.0625,22336.4375
4896.875,5083.0625,22336.4375
4895.5625,5083.0625,22337.75
4895.5625,5083.0625,22337.75
4895.75,5083.0625,22337.5625
4895.75,5083.0625,22337.5625
4895.8125,5083.0625,22337.5
4895.8125,5083.0625,22337.5
4895.8125,5083.0625,22337.5
4895.75,5083.0625,22337.5625
4895.75,5083.0625,22337.5625
4895.75,5083.0625,22337.5625
4895.75,5083.0625,22337.5625
4895.75,5083.0625,22337.5625
4896.75,5083.0625,22336.5625
4897.125,5083.0625,22336.1875
4897.125,5083.0625,22336.1875
4897.125,5083.0625,22336.1875
4897.125,5083.0625,22336.1875
4897.125,5083.0625,22336.1875
4897.125,5083.0625,22336.1875
4897.125,5083.0625,22336.1875
4897.125,5083.0625,22336.1875
4897.125,5083.0625,22336.1875
4897.125,5083.0625,22336.1875
4896.875,5083.0625,22336.4375
4896.8125,5083.0625,22336.5
4896.75,5083.0625,22336.5625
4896.75,5083.0625,22336.5625
4897.5,5083.0625,22335.8125
4898.25,5083.0625,22335.0625
4898.25,5083.0625,22335.0625
4898.25,5083.0625,22335.0625
4898.25,5083.0625,22335.0625
4898.25,5083.0,22335.0625
4898.4375,5083.0625,22334.875
4897.9375,5083.0625,22335.375
4897.9375,5083.0625,22335.375
4897.9375,5083.0625,22335.375
4897.9375,5083.0625,22335.375
4897.9375,5083.0625,22335.375
4897.9375,5083.0625,22335.375
4897.9375,5083.0625,22335.375
4897.9375,5083.0625,22335.375
4897.625,5083.0625,22335.6875
4897.5,5083.0625,22335.8125
4897.375,5083.0625,22335.9375
4897.375,5083.0625,22335.9375
4897.0,5083.0625,22336.3125
4897.0,5083.0625,22336.3125
4897.0,5083.0625,22336.3125
4897.0,5083.0625,22336.3125
4897.0,5083.0625,22336.3125
4897.0,5083.0625,22336.3125
4897.0,5083.0625,22336.3125
4897.0,5083.0625,22336.3125
4897.0,5083.0625,22336.3125
4897.0,5083.0625,22336.3125
4897.0,5083.0625,22336.3125
4898.25,5083.0625,22335.0625
4897.9375,5083.0625,22335.375
4897.9375,5083.0625,22335.375
4897.9375,5083.0625,22335.375
4897.9375,5083.0625,22335.375
4899.0625,5083.0,22334.25
4905.25,5083.0625,22328.0625
4904.5,5083.0625,22328.8125
4900.0,5083.0625,22333.3125
4900.0,5083.0625,22333.3125
4900.0,5083.0625,22333.3125
4899.8125,5083.0625,22333.5
4899.8125,5083.0625,22333.5
4899.4375,5083.0625,22333.875
4899.4375,5083.0625,22333.875
4899.0625,5083.0625,22334.25
4899.3125,5083.0625,22334.0
4898.9375,5083.0625,22334.375
4898.9375,5083.0625,22334.375
4898.75,5083.0625,22334.5625
4898.75,5083.0625,22334.5625
4898.75,5083.0,22334.5625
4898.75,5083.0625,22334.5625
4898.75,5083.0625,22334.5625
4898.75,5083.0625,22334.5625
4898.75,5083.0625,22334.5625
4899.0,5083.1875,22334.25
4898.8125,5083.1875,22334.4375
4898.8125,5083.1875,22334.4375
4898.8125,5083.1875,22334.4375
4898.9375,5083.1875,22334.3125
4898.4375,5083.1875,22334.1875
4898.4375,5083.1875,22334.1875
4898.4375,5083.1875,22334.1875
4898.4375,5083.1875,22334.1875
4898.4375,5083.1875,22334.1875
4898.4375,5083.1875,22334.1875
4898.375,5083.1875,22334.25
4898.375,5083.1875,22334.25
4898.375,5083.1875,22334.25
4898.3125,5083.1875,22334.3125
4898.3125,5083.1875,22334.3125
4898.3125,5083.1875,22334.3125
4898.3125,5083.1875,22334.3125
4898.3125,5083.1875,22334.3125
4898.0625,5083.125,22334.5625
4899.8125,5083.1875,22332.8125
4899.8125,5083.1875,22332.8125
4899.8125,5083.1875,22332.8125
4899.8125,5083.1875,22332.8125
4899.8125,5083.1875,22332.8125
4899.625,5083.1875,22333.0
4899.625,5083.1875,22333.0
4899.625,5083.1875,22333.0
4899.625,5083.1875,22333.0
4899.625,5083.1875,22333.0
4899.625,5083.1875,22333.0
4899.625,5083.1875,22333.0
4899.625,5083.1875,22333.0
4899.625,5083.1875,22333.0
4900.625,5083.1875,22331.75
4900.625,5083.1875,22331.75
4900.625,5083.1875,22331.75
4900.4375,5083.1875,22331.9375
4900.4375,5083.1875,22331.9375
4900.4375,5083.1875,22331.9375
4900.4375,5083.1875,22331.9375
4900.4375,5083.1875,22331.9375
4900.4375,5083.1875,22331.9375
4900.4375,5083.1875,22331.9375
4900.25,5083.1875,22332.125
4900.25,5083.1875,22332.125
4900.25,5083.1875,22332.125
4900.25,5083.1875,22332.125
4900.25,5083.1875,22332.125
4900.3125,5083.1875,22332.0625
4899.5625,5083.1875,22332.75
4899.5625,5083.1875,22332.75
4899.5625,5083.1875,22332.75
4899.5625,5083.1875,22332.75
4899.5625,5083.1875,22332.75
4899.5625,5083.1875,22332.75
4899.375,5083.1875,22332.9375
4899.375,5083.1875,22332.9375
4899.25,5083.1875,22333.0625
4899.25,5083.1875,22333.0625
4899.0625,5083.1875,22333.25
4899.0625,5083.1875,22333.25
4899.0625,5083.1875,22333.25
4899.0625,5083.1875,22333.25
4898.75,5083.1875,22333.5625
4898.75,5083.1875,22333.5625
4898.4375,5083.1875,22333.875
4898.4375,5083.1875,22333.875
4898.25,5083.1875,22334.0625
4898.1875,5083.1875,22334.125
4898.1875,5083.1875,22334.125
4897.5625,5083.25,22334.6875
4897.5625,5083.25,22334.6875
4897.5625,5083.25,22334.6875
4897.5625,5083.25,22334.6875
4897.5625,5083.25,22334.6875
4897.5625,5083.25,22334.6875
4897.5625,5083.25,22334.6875
4897.5625,5083.25,22334.6875
4897.75,5083.25,22334.5
4897.75,5083.25,22334.5
4897.625,5083.25,22334.625
4897.625,5083.25,22334.625
4897.5,5083.25,22334.75
4897.6875,5083.25,22334.5625
4897.6875,5083.25,22334.5625
4897.6875,5083.25,22334.5625
4897.6875,5083.25,22334.5625
4897.6875,5083.25,22334.5625
4897.5625,5083.25,22334.6875
4897.5625,5083.25,22334.6875
4897.3125,5083.25,22334.9375
4897.3125,5083.25,22334.9375
4897.3125,5083.25,22334.9375
4898.0625,5083.25,22334.1875
4898.0625,5083.25,22334.1875
4898.0625,5083.25,22334.1875
4897.5625,5083.25,22334.6875
4897.5625,5083.25,22334.6875
4897.5625,5083.25,22334.6875
4897.5625,5083.25,22334.6875
4897.625,5083.25,22334.625
4897.625,5083.25,22334.625
4897.625,5083.25,22334.625
4897.625,5083.25,22334.625
4897.625,5083.25,22334.625
4897.625,5083.25,22334.625
4897.625,5083.25,22334.625
4897.625,5083.25,22334.625
4898.8125,5083.25,22333.4375
4898.8125,5083.25,22333.4375
4898.375,5083.25,22333.875
4898.1875,5083.25,22334.0625
4898.1875,5083.25,22334.0625
4897.8125,5083.25,22334.4375
4897.75,5083.25,22334.5
4897.75,5083.25,22334.5
4897.75,5083.25,22334.5
4897.75,5083.25,22334.5
4897.75,5083.25,22334.5
4897.75,5083.25,22334.5
4897.4375,5083.25,22334.8125
4897.4375,5083.25,22334.8125
4897.4375,5083.25,22334.8125
4898.9375,5083.25,22333.3125
4898.75,5083.25,22333.5
4898.5,5083.25,22333.75
4898.5,5083.25,22333.75
4898.5,5083.25,22333.75
4898.3125,5083.25,22333.9375
4898.25,5083.25,22334.0
4898.3125,5083.25,22333.9375
4898.3125,5083.25,22333.9375
4898.3125,5083.25,22333.9375
4902.25,5083.25,22330.0625
4902.25,5083.25,22330.0625
4902.4375,5083.25,22329.875
4902.1875,5083.25,22330.125
4902.1875,5083.25,22330.125
4903.375,5083.25,22328.9375
4903.375,5083.25,22328.9375
4903.375,5083.25,22328.9375
4903.0,5083.25,22329.3125
4903.0,5083.25,22329.3125
4902.5625,5083.25,22329.3125
4902.5625,5083.25,22329.3125
4902.3125,5083.25,22329.5625
4902.3125,5083.25,22329.5625
4902.3125,5083.25,22329.5625
4902.3125,5083.25,22329.5625
4902.3125,5083.25,22329.5625
4902.3125,5083.25,22329.5625
4902.3125,5083.25,22329.5625
4902.3125,5083.25,22329.5625
4902.25,5083.25,22329.625
4902.25,5083.25,22329.625
4902.0,5083.25,22329.875
4902.0,5083.25,22329.875
4902.0,5083.25,22329.875
4901.75,5083.25,22330.125
4900.9375,5083.25,22330.9375
4900.875,5083.25,22331.0
4900.875,5083.25,22331.0
4900.875,5083.25,22331.0
4900.875,5083.25,22331.0
4900.875,5083.25,22331.0
4900.8125,5083.25,22331.0625
4900.8125,5083.25,22331.0625
4901.0,5083.25,22330.875
4901.0,5083.25,22330.875
4901.0,5083.1875,22330.875
4901.0,5083.25,22330.875
4900.75,5083.25,22331.125
4900.75,5083.25,22331.125
4900.75,5083.25,22331.125
4900.75,5083.25,22331.125
4900.75,5083.25,22331.125
4900.75,5083.25,22331.125
4900.75,5083.25,22331.125
4900.75,5083.25,22331.125
4900.75,5083.25,22331.125
4900.75,5083.25,22331.125
4900.75,5083.25,22331.125
4900.75,5083.25,22331.125
4900.5,5083.1875,22331.375
4900.5,5083.25,22331.375
4900.5,5083.25,22331.375
4900.5,5083.25,22331.375
4900.5,5083.25,22331.375
4900.5,5083.25,22331.375
4900.4375,5083.25,22331.4375
4900.4375,5083.25,22331.4375
4900.4375,5083.25,22331.4375
4900.4375,5083.25,22331.4375
4901.3125,5083.25,22330.5
4901.3125,5083.25,22330.5
4901.3125,5083.25,22330.5
4901.3125,5083.25,22330.5
4903.5625,5083.25,22328.25
4901.0,5083.25,22330.8125
4901.0,5083.25,22330.8125
4901.0,5083.25,22330.8125
4901.0,5083.25,22330.8125
4901.0,5083.25,22330.8125
4901.0,5083.25,22330.8125
4901.0,5083.25,22330.8125
4901.0,5083.25,22330.8125
4901.0,5083.25,22330.8125
4901.0,5083.25,22330.8125
4901.0,5083.25,22330.8125
4901.0,5083.25,22330.8125
4901.0,5083.25,22330.8125
4901.0,5083.25,22330.8125
4901.1875,5083.1875,22330.625
4902.3125,5083.25,22329.125
4902.3125,5083.25,22329.125
4902.3125,5083.25,22329.125
4902.3125,5083.25,22329.125
4902.3125,5083.25,22329.125
4901.1875,5083.25,22330.25
4901.1875,5083.25,22330.25
4901.1875,5083.25,22330.25
4901.1875,5083.25,22330.25
4901.1875,5083.25,22330.25
4901.1875,5083.25,22330.25
4901.1875,5083.25,22330.25
4901.1875,5083.25,22330.25
4901.1875,5083.25,22330.25
4901.0625,5083.25,22330.375
4901.0,5083.25,22330.4375
4901.0,5083.25,22330.4375
4900.8125,5083.25,22330.625
4900.9375,5082.5625,22331.0625
4900.9375,5082.5625,22331.0625
4900.9375,5082.5625,22331.0625
4900.9375,5082.5625,22331.0625
4900.9375,5082.5625,22331.0625
4900.9375,5082.5625,22331.0625
4900.9375,5082.5625,22331.0625
4900.9375,5082.5625,22331.0625
4900.9375,5082.5625,22331.0625
4900.9375,5082.5625,22331.0625
4900.9375,5082.5625,22331.0625
4901.125,5082.5625,22330.875
4900.625,5082.5625,22331.375
4900.625,5082.5625,22331.375
4900.625,5082.5625,22331.375
4900.8125,5082.625,22331.1875
4900.8125,5082.625,22331.1875
4900.8125,5082.625,22331.1875
4900.5625,5082.625,22331.4375
4900.5625,5082.625,22331.4375
4900.5625,5082.625,22331.4375
4900.5625,5082.625,22331.4375
4900.5625,5082.625,22331.4375
4900.375,5082.625,22331.625
4900.375,5082.625,22331.625
4900.375,5082.625,22331.625
4900.75,5082.625,22331.25
4901.75,5082.625,22330.1875
4901.625,5082.625,22330.3125
4901.5625,5082.625,22330.375
4901.3125,5082.625,22330.625
4901.3125,5082.625,22330.625
4901.125,5082.625,22330.8125
4901.125,5082.625,22330.8125
4901.125,5082.625,22330.8125
4901.125,5082.625,22330.8125
4901.125,5082.625,22330.8125
4901.125,5082.625,22330.8125
4901.125,5082.625,22330.8125
4901.125,5082.625,22330.8125
4901.125,5082.625,22330.8125
4901.0625,5082.625,22330.875
4907.0,5082.625,22324.9375
4897.5,5082.6875,22334.375
4897.4375,5082.6875,22334.4375
4897.4375,5082.6875,22334.4375
4897.4375,5082.6875,22334.4375
4897.4375,5082.6875,22334.4375
4898.75,5082.6875,22333.125
4904.375,5082.6875,22327.5
4908.0625,5082.6875,22323.8125
4895.125,5082.6875,22336.75
4895.125,5082.6875,22336.75
4895.3125,5082.6875,22336.5625
4894.9375,5082.6875,22336.9375
4894.9375,5082.6875,22336.9375
4894.5,5082.6875,22337.375
4895.125,5082.6875,22336.75
4895.125,5082.6875,22336.75
4895.125,5082.6875,22336.75
4895.125,5082.6875,22336.75
4895.0,5082.6875,22336.875
4895.0,5082.6875,22336.875
4895.0,5082.6875,22336.875
4894.6875,5082.6875,22337.1875
4894.6875,5082.6875,22337.1875
4894.6875,5082.6875,22337.1875
4894.6875,5082.6875,22337.1875
4894.6875,5082.6875,22337.1875
4894.6875,5082.6875,22337.1875
4894.875,5082.625,22337.0
4894.25,5082.6875,22337.3125
4895.375,5082.6875,22336.1875
4895.0,5082.6875,22336.5625
4895.0,5082.6875,22336.5625
4894.625,5082.6875,22336.9375
4894.625,5082.6875,22336.9375
4894.75,5082.6875,22336.8125
4894.6875,5082.6875,22336.875
4894.5,5082.6875,22337.0625
4894.3125,5082.6875,22337.25
4894.3125,5082.6875,22337.25
4894.3125,5082.6875,22337.25
4894.3125,5082.6875,22337.25
4894.125,5082.6875,22337.4375
4894.125,5082.6875,22337.4375
4894.125,5082.6875,22337.4375
4895.6875,5082.6875,22335.875
4895.5,5082.6875,22336.0625
4895.6875,5082.6875,22335.875
4895.6875,5082.6875,22335.875
4894.8125,5082.6875,22336.75
4894.5625,5082.6875,22337.0
4894.75,5082.6875,22336.8125
4894.875,5082.6875,22336.6875
4894.875,5082.6875,22336.6875
4894.875,5082.6875,22336.6875
4894.6875,5082.6875,22336.875
4894.6875,5082.6875,22336.875
4894.875,5082.6875,22336.6875
4894.6875,5082.6875,22336.875
4894.25,5082.6875,22337.25
4894.0625,5082.6875,22337.4375
4894.0625,5082.6875,22337.4375
4894.25,5082.6875,22337.25
4894.25,5082.6875,22337.25
4894.0625,5082.6875,22337.4375
4894.25,5082.625,22337.25
4894.0625,5082.6875,22337.4375
4894.0625,5082.6875,22337.4375
4893.5625,5082.6875,22337.9375
4893.25,5082.6875,22338.25
4893.4375,5082.6875,22338.0625
4893.25,5082.6875,22338.25
4893.25,5082.6875,22338.25
4893.25,5082.6875,22338.25
4893.0625,5082.6875,22338.4375
4893.5,5082.6875,22338.0
4893.5,5082.6875,22338.0
4893.5,5082.6875,22338.0
4893.5,5082.6875,22338.0
4892.875,5082.6875,22338.625
4892.625,5083.1875,22338.875
4892.625,5083.1875,22338.875
4892.4375,5083.1875,22339.0625
4892.5625,5083.1875,22338.9375
4892.75,5083.1875,22338.75
4892.5625,5083.1875,22338.9375
4892.5625,5083.1875,22338.9375
4892.375,5083.1875,22339.125
4892.5625,5083.1875,22338.9375
4892.75,5083.1875,22338.75
4893.5625,5083.1875,22337.9375
4893.5625,5083.1875,22337.9375
4893.5625,5083.1875,22337.9375
4893.5625,5083.1875,22337.9375
4893.5625,5083.1875,22337.9375
4893.5,5083.125,22338.0
4893.5,5083.1875,22338.0
4893.5,5083.1875,22338.0
4893.5,5083.1875,22338.0
4893.125,5083.1875,22338.375
4893.125,5083.1875,22338.375
4893.125,5083.1875,22338.375
4893.125,5083.1875,22338.375
4893.125,5083.1875,22338.375
4895.5625,5083.1875,22335.9375
4895.1875,5083.1875,22336.125
4895.375,5083.1875,22335.9375
4895.1875,5083.1875,22336.125
4895.1875,5083.1875,22336.125
4894.8125,5083.1875,22336.5
4894.8125,5083.1875,22336.5
4895.0,5083.1875,22336.3125
4894.8125,5083.1875,22336.5
4894.8125,5083.1875,22336.5
4894.8125,5083.1875,22336.5
4894.8125,5083.1875,22336.5
4894.5625,5083.1875,22336.75
4894.5625,5083.1875,22336.75
4894.5,5083.1875,22336.8125
4894.5,5083.1875,22336.8125
4895.0,5083.1875,22335.8125
4894.8125,5083.1875,22336.0
4894.9375,5083.1875,22335.875
4894.9375,5083.1875,22335.875
4894.9375,5083.1875,22335.875
4894.9375,5083.1875,22335.875
4894.8125,5083.1875,22336.0
4894.8125,5083.1875,22336.0
4894.8125,5083.1875,22336.0
4894.4375,5083.1875,22336.375
4894.125,5083.1875,22336.6875
4894.125,5083.1875,22336.6875
4894.125,5083.1875,22336.6875
4894.125,5083.1875,22336.6875
4894.125,5083.1875,22336.6875
4894.1875,5083.1875,22336.625
4894.1875,5083.1875,22336.625
4894.1875,5083.1875,22336.625
4894.1875,5083.1875,22336.625
4894.1875,5083.1875,22336.625
4894.3125,5083.1875,22336.4375
4894.125,5083.25,22336.625
4894.3125,5083.25,22336.4375
4894.3125,5083.25,22336.4375
4894.3125,5083.25,22336.4375
4894.3125,5083.25,22336.4375
4894.3125,5083.25,22336.4375
4894.1875,5083.25,22336.5625
4889.875,5083.375,22340.875
4892.75,5083.375,22338.0
4893.9375,5083.375,22336.8125
4893.9375,5083.375,22336.8125
4893.9375,5083.375,22336.8125
4893.875,5083.3125,22336.875
4894.0625,5083.375,22336.6875
4894.0625,5083.375,22336.6875
4894.0625,5083.375,22336.6875
4894.0625,5083.375,22336.6875
4894.0,5083.3125,22336.75
4897.375,5083.3125,22333.4375
4898.3125,5083.3125,22332.5
4898.3125,5083.3125,22332.5
4898.3125,5083.3125,22332.5
4898.3125,5083.3125,22332.5
4897.8125,5083.3125,22333.0
4898.25,5083.3125,22332.5625
4898.125,5083.3125,22332.6875
4897.8125,5083.3125,22333.0
4897.5625,5083.3125,22333.25
4897.75,5083.3125,22333.0625
4897.75,5083.3125,22333.0625
4897.75,5083.3125,22333.0625
4897.9375,5083.3125,22332.875
4897.9375,5083.3125,22332.875
4897.9375,5083.3125,22332.875
4897.9375,5083.3125,22332.875
4897.75,5083.3125,22333.0625
4897.9375,5083.3125,22332.875
4897.9375,5083.3125,22332.875
4897.6875,5083.3125,22333.125
4897.625,5083.3125,22332.9375
4897.625,5083.3125,22332.9375
4897.75,5083.3125,22332.8125
4897.75,5083.3125,22332.8125
4897.5625,5083.3125,22333.0
4897.3125,5083.3125,22333.25
4897.875,5083.3125,22332.6875
4897.875,5083.3125,22332.6875
4897.875,5083.3125,22332.6875
4897.6875,5083.3125,22332.875
4897.625,5083.3125,22332.9375
4897.4375,5083.3125,22333.125
4897.4375,5083.3125,22333.125
4897.4375,5083.3125,22333.125
4897.6875,5083.3125,22332.875
4898.3125,5083.3125,22332.25
4898.5,5083.3125,22332.0625
4898.375,5083.3125,22332.1875
4898.125,5083.3125,22332.4375
4897.9375,5083.3125,22332.625
4897.9375,5083.3125,22332.625
4897.9375,5083.3125,22332.625
4897.9375,5083.3125,22332.625
4898.125,5083.3125,22332.4375
4898.125,5083.3125,22332.4375
4897.9375,5083.3125,22332.625
4897.9375,5083.3125,22332.625
4897.9375,5083.3125,22332.625
4898.125,5083.3125,22332.4375
4897.6875,5083.3125,22332.875
4898.25,5083.3125,22332.1875
4897.875,5083.25,22332.5625
4898.0625,5083.3125,22332.375
4897.6875,5083.3125,22332.75
4897.6875,5083.3125,22332.75
4897.875,5083.3125,22332.5625
4897.875,5083.3125,22332.5625
4897.8125,5083.3125,22332.625
4897.8125,5083.3125,22332.625
4897.6875,5083.25,22332.625
4897.625,5083.25,22332.6875
4898.8125,5083.125,22331.5
4894.125,5083.25,22336.1875
4894.125,5083.25,22336.1875
4893.5625,5083.25,22336.75
4893.0,5083.25,22337.3125
4893.1875,5083.25,22337.125
4893.1875,5083.25,22337.125
4892.8125,5083.25,22337.5
4892.8125,5083.25,22337.5
4892.625,5083.25,22337.6875
4892.625,5083.25,22337.6875
4892.625,5083.25,22337.6875
4892.8125,5083.25,22337.5
4892.8125,5083.25,22337.5
4892.625,5083.25,22337.6875
4892.625,5083.25,22337.6875
4892.625,5083.25,22337.6875
4892.625,5083.25,22337.6875
4893.125,5083.25,22337.1875
4893.25,5083.25,22336.875
4893.25,5083.25,22336.875
4894.5625,5083.25,22335.5625
4894.75,5083.25,22335.375
4894.75,5083.25,22335.375
4894.5,5083.25,22335.625
4894.5,5083.25,22335.625
4894.625,5083.25,22335.5
4893.25,5083.25,22336.875
4893.25,5083.25,22336.875
4893.25,5083.25,22336.875
4893.25,5083.25,22336.875
4893.4375,5083.25,22336.6875
4893.25,5083.25,22336.875
4893.5,5083.25,22336.625
4893.5,5083.25,22336.5
4893.5,5083.25,22336.5
4893.5,5083.25,22336.5
4893.6875,5083.25,22336.3125
4893.6875,5083.25,22336.3125
4892.9375,5083.25,22337.0625
4892.9375,5083.25,22337.0625
4893.125,5083.25,22336.875
4893.125,5083.25,22336.875
4893.125,5083.25,22336.875
4892.9375,5083.25,22337.0625
4893.125,5083.25,22336.875
4893.0625,5083.25,22336.9375
4893.0625,5083.25,22336.9375
4893.0,5083.25,22337.0
4894.0625,5083.25,22335.9375
4893.8125,5083.25,22336.1875
4893.75,5083.25,22336.25
4893.75,5083.25,22336.25
4893.75,5083.25,22336.25
4893.75,5083.25,22336.25
4893.9375,5083.25,22336.0625
4893.9375,5083.25,22336.0625
4893.9375,5083.25,22336.0625
4893.5625,5083.25,22336.4375
4892.6875,5083.25,22337.3125
4892.6875,5083.25,22337.3125
4892.25,5083.25,22337.75
4892.1875,5083.25,22337.8125
4892.125,5083.1875,22337.875
4893.125,5083.25,22336.875
4893.125,5083.25,22336.875
4893.125,5083.25,22336.875
4892.8125,5083.25,22337.1875
4892.8125,5083.25,22337.1875
4892.4375,5083.25,22337.5625
4892.25,5083.25,22337.75
4892.25,5083.25,22337.75
4892.25,5083.25,22337.75
4892.0625,5083.25,22337.9375
4891.875,5083.25,22338.125
4891.6875,5083.25,22338.3125
4891.875,5083.25,22338.125
4891.875,5083.25,22338.125
4891.625,5083.1875,22338.375
4892.375,5083.25,22337.4375
4892.375,5083.25,22337.4375
4892.375,5083.25,22337.4375
4891.875,5083.25,22337.9375
4891.5625,5083.25,22338.25
4891.5625,5083.25,22338.25
4898.5625,5083.25,22331.25
4898.0,5083.25,22331.8125
4894.5625,5083.25,22335.25
4894.5625,5083.25,22335.25
4894.375,5083.25,22335.4375
4894.125,5083.25,22335.6875
4894.125,5083.25,22335.6875
4893.75,5083.25,22336.0625
4893.25,5083.25,22336.5625
4895.0625,5083.25,22334.75
4895.0625,5083.25,22334.75
4895.0625,5083.25,22334.75
4894.625,5083.25,22335.1875
4894.4375,5083.25,22335.375
4894.0625,5083.25,22335.75
4894.0625,5083.25,22335.75
4894.0625,5083.25,22335.75
4894.0625,5083.25,22335.75
4894.0625,5083.25,22335.75
4894.0625,5083.25,22335.75
4894.0625,5083.25,22335.75
4894.0625,5083.25,22335.75
4894.0625,5083.25,22335.75
4893.875,5083.25,22335.9375
4894.375,5083.25,22335.4375
4894.25,5083.25,22335.5625
4894.0625,5083.25,22335.75
4894.0,5083.25,22335.8125
4894.0,5083.25,22335.8125
4894.1875,5083.25,22335.625
4894.1875,5083.25,22335.625
4894.1875,5083.25,22335.625
4894.1875,5083.25,22335.625
4894.1875,5083.25,22335.625
4894.1875,5083.25,22335.625
4893.8125,5083.1875,22336.0
4893.8125,5083.25,22336.0
4893.8125,5083.25,22336.0
4893.8125,5083.25,22336.0
4894.0,5083.25,22335.625
4894.0,5083.25,22335.625
4893.8125,5083.25,22335.8125
4893.8125,5083.25,22335.8125
4893.8125,5083.25,22335.8125
4893.8125,5083.25,22335.8125
4893.5,5083.25,22336.125
4893.5,5083.25,22336.125
4893.5,5083.25,22336.125
4893.5,5083.25,22336.125
4893.5,5083.25,22336.125
4893.5,5083.25,22336.125
4893.5,5083.25,22336.125
4893.5,5083.25,22336.125
4893.4375,5083.25,22336.1875
4893.4375,5083.25,22336.1875
4893.4375,5083.25,22336.1875
4893.4375,5083.25,22336.1875
4893.4375,5083.25,22336.1875
4893.4375,5083.25,22336.1875
4893.4375,5083.25,22336.1875
4893.4375,5083.25,22336.1875
4893.4375,5083.25,22336.1875
4893.4375,5083.25,22336.1875
4893.4375,5083.25,22336.1875
4893.4375,5083.25,22336.1875
4893.3125,5083.25,22336.3125
4893.3125,5083.25,22336.3125
4893.3125,5083.25,22336.3125
4893.125,5083.25,22336.5
4893.25,5083.25,22336.375
4893.125,5083.25,22336.5
4893.125,5083.25,22336.5
4893.0625,5083.25,22336.5625
4893.0625,5083.25,22336.5625
4893.0,5083.25,22336.625
4893.125,5083.25,22336.5
4893.125,5083.25,22336.5
4893.125,5083.25,22336.5
4893.0,5083.25,22336.625
4893.0,5083.25,22336.625
4893.0,5083.25,22336.625
4893.0,5083.1875,22336.625
4893.0,5083.25,22336.625
4893.0,5083.25,22336.625
4893.3125,5083.25,22336.3125
4893.5625,5083.25,22336.0625
4893.5625,5083.25,22336.0625
4893.5625,5083.25,22336.0625
4893.5625,5083.25,22336.0625
4893.375,5083.1875,22336.25
4893.5625,5083.25,22336.0625
4893.5625,5083.25,22336.0625
4893.5625,5083.25,22336.0625
4893.5625,5083.25,22336.0625
4893.5625,5083.25,22336.0625
4893.5625,5083.25,22336.0625
4893.5,5083.25,22336.125
4893.5,5083.25,22336.125
4893.375,5083.25,22336.25
4894.1875,5083.25,22335.25
4894.1875,5083.25,22335.25
4894.1875,5083.25,22335.25
4894.1875,5083.25,22335.25
4894.1875,5083.25,22335.25
4894.0625,5083.25,22335.375
4894.0625,5083.25,22335.375
4894.0625,5083.25,22335.375
4894.0625,5083.25,22335.375
4889.75,5083.4375,22339.6875
4894.3125,5083.4375,22335.0625
4894.3125,5083.4375,22335.0625
4894.25,5083.4375,22335.125
4894.25,5083.4375,22335.125
4894.3125,5083.4375,22335.0625
4894.625,5083.375,22334.75
4894.75,5083.4375,22334.625
4894.75,5083.4375,22334.625
4894.75,5083.4375,22334.625
4894.75,5083.4375,22334.625
4894.75,5083.4375,22334.625
4894.75,5083.4375,22334.625
4894.75,5083.4375,22334.625
4894.75,5083.4375,22334.625
4894.75,5083.3125,22334.625
4894.75,5083.3125,22334.625
4894.75,5083.3125,22334.625
4894.75,5083.3125,22334.625
4894.75,5083.3125,22334.625
4895.125,5083.3125,22334.25
4895.1875,5083.25,22334.1875
4895.125,5083.3125,22334.25
4895.125,5083.3125,22334.25
4895.125,5083.3125,22334.25
4895.125,5083.3125,22334.25
4895.0625,5083.3125,22334.3125
4895.0625,5083.3125,22334.3125
4895.0625,5083.3125,22334.3125
4895.0625,5083.3125,22334.3125
4895.0625,5083.3125,22334.3125
4895.0,5083.3125,22334.375
4895.0,5083.3125,22334.375
4895.0,5083.3125,22334.375
4895.0,5083.3125,22334.375
4894.75,5083.3125,22334.625
4894.875,5083.3125,22334.375
4894.875,5083.3125,22334.375
4895.25,5083.3125,22334.0
4895.25,5083.3125,22334.0
4895.1875,5083.3125,22334.0625
4895.1875,5083.3125,22334.0625
4895.1875,5083.3125,22334.0625
4895.1875,5083.3125,22334.0625
4895.1875,5083.3125,22334.0625
4896.0625,5083.3125,22333.1875
4900.375,5083.3125,22328.9375
4900.375,5083.3125,22328.9375
4900.375,5083.3125,22328.9375
4900.375,5083.3125,22328.9375
4899.75,5083.3125,22329.5625
4899.625,5083.3125,22329.625
4899.4375,5083.3125,22329.8125
4899.4375,5083.3125,22329.8125
4899.0,5083.375,22330.1875
4894.875,5083.3125,22334.375
4894.875,5083.3125,22334.375
4894.875,5083.3125,22334.375
4894.6875,5083.375,22334.5
4894.6875,5083.375,22334.5
4894.6875,5083.3125,22334.5
4894.625,5083.375,22334.5625
4894.625,5083.375,22334.5625
4894.625,5083.375,22334.5625
4894.625,5083.375,22334.5625
4894.8125,5083.375,22334.375
4895.625,5083.375,22333.5625
4895.625,5083.3125,22333.5625
4895.8125,5083.375,22333.375
4895.8125,5083.375,22333.375
4895.8125,5083.375,22333.375
4895.8125,5083.375,22333.375
4896.1875,5083.375,22333.0
4896.1875,5083.375,22333.0
4896.1875,5083.375,22333.0
4896.1875,5083.375,22333.0
4896.1875,5083.375,22333.0
4896.1875,5083.375,22333.0
4896.1875,5083.375,22333.0
4896.1875,5083.375,22333.0
4896.1875,5083.375,22333.0
4896.3125,5083.375,22332.875
4896.3125,5083.3125,22332.875
4896.125,5083.375,22333.0625
4896.125,5083.375,22333.0625
4896.125,5083.375,22333.0625
4896.125,5083.375,22333.0625
4896.125,5083.375,22333.0625
4896.125,5083.375,22333.0625
4896.125,5083.375,22333.0625
4896.125,5083.375,22333.0625
4896.125,5083.375,22333.0625
4896.125,5083.375,22333.0625
4896.125,5083.375,22333.0625
4896.125,5083.375,22333.0625
4896.3125,5083.375,22332.875
4896.6875,5083.3125,22332.5
4896.875,5083.375,22332.3125
4896.875,5083.375,22332.3125
4897.0625,5083.375,22332.125
4897.0625,5083.375,22332.125
4897.0625,5083.375,22332.125
4896.875,5083.375,22332.3125
4896.875,5083.375,22332.3125
4896.875,5083.375,22332.3125
4896.6875,5083.375,22332.5
4896.625,5083.375,22332.5625
4896.625,5083.375,22332.5625
4896.625,5083.375,22332.5625
4897.1875,5082.375,22332.9375
4897.125,5083.375,22332.0625
4897.0625,5083.375,22332.125
4897.0625,5083.3125,22332.125
4897.0625,5083.375,22332.125
4897.0625,5083.375,22332.125
4896.875,5083.375,22332.3125
4896.875,5083.375,22332.3125
4896.875,5083.375,22332.3125
4892.0,5068.625,22347.125
4901.5625,5063.25,22349.3125
4901.5625,5063.25,22349.3125
4901.5625,5063.25,22349.3125
4901.5625,5063.25,22349.3125
4901.5625,5063.25,22349.3125
4901.5625,5063.25,22349.3125
4901.75,5063.25,22349.125
4899.9375,5063.25,22348.8125
4899.9375,5063.25,22348.8125
4899.375,5063.25,22349.375
4899.25,5064.3125,22348.4375
4899.25,5064.3125,22348.4375
4900.5625,5064.3125,22347.125
4900.25,5064.3125,22347.4375
4900.1875,5064.3125,22347.5
4900.0625,5064.3125,22347.625
4899.9375,5064.3125,22347.75
4899.9375,5064.3125,22347.75
4898.3125,5064.3125,22349.375
4898.25,5064.3125,22349.4375
4898.3125,5064.3125,22349.375
4898.6875,5064.3125,22349.0
4899.1875,5064.3125,22348.5
4899.1875,5064.3125,22348.5
4899.0625,5064.3125,22348.625
4899.0625,5064.3125,22348.625
4899.0625,5064.3125,22348.625
4899.0625,5064.3125,22348.625
4899.0625,5064.3125,22348.625
4899.0625,5064.3125,22348.625
4899.375,5062.6875,22349.9375
4899.375,5062.6875,22349.9375
4899.375,5062.6875,22349.9375
4899.375,5062.6875,22349.9375
4899.375,5062.6875,22349.9375
4899.375,5062.6875,22349.9375
4899.5625,5062.6875,22349.75
4900.5,5062.6875,22348.8125
4900.5,5062.6875,22348.8125
4899.6875,5064.3125,22348.0
4899.6875,5064.3125,22348.0
4899.6875,5064.3125,22348.0
4901.8125,5063.5,22347.3125
4901.8125,5063.5,22347.3125
4901.8125,5063.5,22347.3125
4901.8125,5063.5,22347.3125
4901.8125,5063.5,22347.3125
4901.8125,5063.5,22347.3125
4901.8125,5063.5,22347.3125
4901.5625,5063.5,22347.5625
4901.5,5064.3125,22346.8125
4901.0625,5064.3125,22347.25
4901.75,5064.3125,22346.5625
4901.5625,5064.3125,22346.75
4901.5625,5064.3125,22346.75
4901.5625,5064.3125,22346.75
4901.5625,5064.3125,22346.75
4901.375,5064.3125,22346.9375
4901.375,5064.3125,22346.9375
4901.4375,5067.0,22344.1875
4902.1875,5064.3125,22346.125
4902.1875,5064.3125,22346.125
4902.1875,5064.3125,22346.125
4901.9375,5064.3125,22346.375
4901.9375,5064.3125,22346.375
4901.9375,5064.3125,22346.375
4901.75,5064.3125,22346.5625
4903.0625,5064.3125,22345.25
4903.0625,5064.3125,22345.25
4902.9375,5064.3125,22345.375
4902.9375,5064.3125,22345.375
4904.0625,5064.25,22344.25
4910.3125,5064.3125,22338.0
4908.8125,5064.3125,22339.5
4901.25,5064.3125,22347.0625
4901.25,5064.3125,22347.0625
4901.25,5064.3125,22347.0625
4901.25,5064.3125,22347.0625
4901.8125,5066.8125,22344.4375
4901.625,5066.8125,22344.625
4901.3125,5066.8125,22344.9375
4901.3125,5066.8125,22344.9375
4899.125,5066.8125,22347.125
4899.125,5066.8125,22347.125
4899.125,5066.8125,22347.125
4899.125,5066.75,22347.125
4899.125,5066.8125,22347.125
4899.125,5066.8125,22347.125
4898.75,5066.8125,22347.5
4898.75,5066.8125,22347.5
4898.75,5066.8125,22347.5
4898.75,5066.8125,22347.5
4898.75,5066.8125,22347.5
4898.75,5066.8125,22347.5
4898.75,5066.8125,22347.5
4898.75,5066.8125,22347.5
4899.125,5066.8125,22347.125
4898.9375,5066.8125,22347.0625
4898.9375,5066.8125,22347.0625
4898.9375,5066.8125,22347.0625
4898.625,5066.8125,22347.375
4898.4375,5066.8125,22347.5625
4898.4375,5066.8125,22347.5625
4898.1875,5066.8125,22347.8125
4898.125,5066.8125,22347.875
4898.125,5066.8125,22347.875
4898.125,5066.8125,22347.875
4898.125,5066.8125,22347.875
4898.125,5066.8125,22347.875
4898.125,5066.8125,22347.875
4898.125,5066.8125,22347.875
4898.0625,5066.8125,22347.875
4897.5,5066.8125,22348.4375
4897.6875,5066.8125,22348.25
4897.25,5066.8125,22348.6875
4897.25,5066.8125,22348.6875
4897.25,5066.8125,22348.6875
4897.25,5066.8125,22348.6875
4897.25,5066.8125,22348.6875
4897.25,5066.8125,22348.6875
4896.875,5066.8125,22349.0625
4896.875,5066.8125,22349.0625
4896.875,5066.8125,22349.0625
4896.875,5066.8125,22349.0625
4896.875,5066.8125,22349.0625
4896.875,5066.8125,22349.0625
4899.25,5066.8125,22345.9375
4899.25,5066.8125,22345.9375
4899.25,5066.8125,22345.9375
4899.0625,5066.8125,22346.125
4898.875,5066.8125,22346.3125
4898.875,5066.8125,22346.3125
4898.875,5066.8125,22346.3125
4898.6875,5066.8125,22346.5
4898.6875,5066.8125,22346.5
4898.6875,5066.8125,22346.5
4898.6875,5066.8125,22346.5
4898.6875,5066.8125,22346.5
4898.6875,5066.8125,22346.5
4898.6875,5066.8125,22346.5
4898.6875,5066.8125,22346.5
4898.8125,5066.8125,22346.3125
4898.625,5066.8125,22346.5
4898.625,5066.8125,22346.5
4898.625,5066.8125,22346.5
4895.875,5066.9375,22348.8125
4895.875,5066.9375,22348.8125
4895.5625,5066.9375,22349.125
4895.5,5066.9375,22349.1875
4895.3125,5066.9375,22349.375
4894.125,5066.9375,22350.5625
4894.125,5066.9375,22350.5625
4894.0,5066.9375,22350.6875
4894.0,5066.9375,22350.6875
4894.0,5066.9375,22350.6875
4894.0,5066.9375,22350.6875
4894.75,5066.9375,22349.875
4894.375,5066.9375,22350.25
4894.1875,5066.9375,22350.4375
4894.125,5066.9375,22350.5
4893.9375,5066.9375,22350.6875
4893.9375,5066.9375,22350.6875
4893.1875,5066.9375,22351.4375
4893.0625,5066.9375,22351.5625
4893.0625,5066.9375,22351.5625
4893.0625,5066.9375,22351.5625
4893.0625,5066.9375,22351.5625
4893.0625,5066.9375,22351.5625
4893.0625,5066.9375,22351.5625
4893.0625,5066.9375,22351.5625
4893.0625,5066.9375,22351.5625
4894.5,5066.9375,22350.125
4894.3125,5066.9375,22350.3125
4894.125,5066.9375,22350.5
4894.125,5066.9375,22350.5
4893.875,5066.9375,22350.75
4893.875,5066.9375,22350.75
4893.875,5066.9375,22350.75
4893.8125,5066.9375,22350.8125
4893.4375,5066.9375,22351.1875
4893.3125,5066.9375,22351.3125
4893.3125,5066.9375,22351.3125
4893.25,5066.9375,22351.375
4893.25,5066.9375,22351.375
4893.25,5066.9375,22351.375
4893.25,5066.9375,22351.375
4893.4375,5066.9375,22351.0625
4893.4375,5066.9375,22351.0625
4893.4375,5066.9375,22351.0625
4893.4375,5066.9375,22351.0625
4893.0625,5066.9375,22351.4375
4893.0625,5066.9375,22351.4375
4893.0625,5066.9375,22351.4375
4893.0625,5066.9375,22351.4375
4893.0625,5066.9375,22351.4375
4893.0625,5066.9375,22351.4375
4893.0625,5066.875,22351.4375
4893.0625,5066.9375,22351.4375
4893.0625,5066.9375,22351.4375
4893.0625,5066.9375,22351.4375
4893.0625,5066.9375,22351.4375
4893.0,5066.9375,22351.4375
4892.875,5066.9375,22351.5625
4892.875,5066.9375,22351.5625
4892.8125,5066.9375,22351.625
4892.8125,5066.9375,22351.625
4892.8125,5066.9375,22351.625
4892.75,5066.9375,22351.6875
4892.75,5066.9375,22351.6875
4892.75,5066.9375,22351.6875
4892.625,5065.625,22353.1875
4892.625,5065.625,22353.1875
4892.3125,5065.625,22353.5
4892.3125,5065.625,22353.5
4892.125,5065.625,22353.6875
4892.125,5065.625,22353.6875
4892.125,5065.625,22353.625
4892.0625,5065.625,22353.6875
4892.0625,5065.625,22353.6875
4891.9375,5065.625,22353.8125
4891.375,5065.625,22354.375
4891.375,5065.625,22354.375
4891.375,5065.625,22354.375
4891.1875,5065.625,22354.5625
4891.1875,5065.625,22354.5625
4891.1875,5065.625,22354.5625
4898.3125,5065.625,22347.5
4898.3125,5065.625,22347.5
4898.3125,5065.625,22347.5
4898.3125,5065.625,22347.5
4898.3125,5065.625,22347.5
4898.625,5065.625,22347.125
4898.625,5065.625,22347.125
4898.5625,5065.625,22347.1875
4898.5625,5065.625,22347.1875
4898.5625,5065.625,22347.1875
4898.5625,5065.625,22347.1875
4898.5625,5065.625,22347.1875
4898.3125,5065.625,22347.4375
4898.3125,5065.625,22347.4375
4898.25,5065.625,22347.5
4898.0625,5065.625,22347.6875
4898.0625,5065.625,22347.6875
4898.0625,5065.625,22347.6875
4897.875,5065.625,22347.875
4898.0625,5065.625,22347.6875
4897.6875,5065.625,22347.875
4897.6875,5065.625,22347.875
4897.5,5065.625,22348.0625
4897.5,5065.625,22348.0625
4897.3125,5065.625,22348.25
4897.375,5065.6875,22348.1875
4898.875,5065.6875,22346.6875
4898.875,5065.6875,22346.6875
4898.875,5065.6875,22346.6875
4898.875,5065.6875,22346.6875
4898.875,5065.6875,22346.6875
4898.875,5065.6875,22346.6875
4898.8125,5065.6875,22346.75
4898.8125,5065.6875,22346.75
4898.8125,5065.6875,22346.75
4900.0,5065.75,22345.5
4900.0,5065.75,22345.5
4900.0,5065.75,22345.5
4899.8125,5065.6875,22345.6875
4899.625,5065.75,22345.875
4899.625,5065.75,22345.875
4899.625,5065.75,22345.875
4899.625,5065.75,22345.875
4899.625,5065.75,22345.875
4899.625,5065.75,22345.875
4899.4375,5065.75,22346.0625
4899.4375,5065.75,22346.0625
4899.4375,5065.75,22346.0625
4899.4375,5065.75,22346.0625
4899.4375,5065.75,22346.0625
4899.0,5065.75,22346.5
4899.0,5065.75,22346.5
4899.1875,5065.75,22346.3125
4899.0625,5065.75,22346.4375
4900.125,5063.375,22347.9375
4899.9375,5063.375,22348.125
4899.9375,5063.375,22348.125
4899.9375,5063.375,22348.125
4899.75,5063.375,22348.3125
4899.75,5063.375,22348.3125
4899.6875,5063.375,22348.375
4899.6875,5063.375,22348.375
4899.875,5063.4375,22348.1875
4899.875,5063.4375,22348.1875
4902.0,5063.4375,22346.0625
4901.3125,5063.4375,22346.75
4901.3125,5063.4375,22346.75
4901.3125,5063.4375,22346.75
4901.1875,5063.4375,22346.875
4901.1875,5063.4375,22346.875
4901.1875,5063.4375,22346.875
4901.1875,5063.4375,22346.875
4901.1875,5063.4375,22346.875
4901.1875,5063.4375,22346.875
4901.1875,5063.4375,22346.875
4901.1875,5063.4375,22346.875
4901.1875,5063.4375,22346.875
4901.1875,5063.4375,22346.875
4900.9375,5063.4375,22347.125
4900.6875,5063.4375,22347.375
4902.125,5063.4375,22345.75
4902.125,5063.4375,22345.75
4901.9375,5063.4375,22345.9375
4901.75,5063.4375,22346.125
4901.75,5063.375,22346.125
4900.9375,5063.5,22346.875
4900.9375,5063.5,22346.875
4900.9375,5063.5,22346.875
4901.6875,5063.5,22346.125
4902.625,5063.5,22345.1875
4902.625,5063.5,22345.1875
4902.625,5063.5,22345.1875
4902.625,5063.5,22345.1875
4902.625,5063.5,22345.1875
4901.5,5063.5,22346.3125
4900.5625,5063.5,22347.25
4900.5625,5063.5,22347.25
4900.5625,5063.5,22347.25
4900.5625,5063.5,22347.25
4900.5625,5063.5,22347.25
4900.5625,5063.5,22347.25
4900.3125,5063.5,22347.5
4900.3125,5063.5,22347.5
4900.3125,5063.5,22347.5
4900.3125,5063.5,22347.5
4899.9375,5063.5,22347.875
4899.9375,5063.5,22347.875
4899.9375,5063.5,22347.875
4896.75,5063.5,22351.0625
4897.8125,5063.5,22350.0
4897.1875,5063.5,22350.0625
4897.1875,5063.5,22350.0625
4897.0,5063.5,22350.25
4897.0,5063.5,22350.25
4897.0,5063.5,22350.25
4896.625,5063.5,22350.625
4896.625,5063.5,22350.625
4896.4375,5063.5,22350.8125
4896.4375,5063.5,22350.8125
4896.4375,5063.5,22350.8125
4896.4375,5063.5,22350.8125
4896.4375,5063.5,22350.8125
4896.4375,5063.5,22350.8125
4896.4375,5063.5,22350.8125
4894.8125,5063.5,22352.4375
4895.5,5063.5,22351.6875
4895.5,5063.5,22351.6875
4895.5,5063.5,22351.6875
4895.375,5063.5,22351.8125
4895.125,5063.5,22352.0625
4895.125,5063.5,22352.0625
4895.125,5063.5,22352.0625
4895.5625,5066.5625,22350.4375
4895.5625,5066.5625,22350.4375
4895.5625,5066.5625,22350.4375
4895.5625,5066.5625,22350.4375
4895.5625,5066.5625,22350.4375
4895.5625,5066.5625,22350.4375
4895.5625,5066.5625,22350.4375
4894.6875,5066.5625,22351.3125
4894.5,5066.5625,22351.5
4894.5,5066.5625,22351.5
4894.5,5066.5625,22351.5
4894.5,5066.5625,22351.5
4894.4375,5066.5625,22351.5625
4901.0625,5066.5625,22344.9375
4901.4375,5066.5625,22344.5625
4897.8125,5066.5625,22348.1875
4897.625,5066.5625,22348.375
4897.625,5066.5625,22348.375
4897.4375,5066.5625,22348.5625
4897.4375,5066.5625,22348.5625
4897.4375,5066.5625,22348.5625
4897.4375,5066.5625,22348.5625
4897.0,5066.5625,22349.0
4895.4375,5066.5625,22349.75
4895.4375,5066.5625,22349.75
4895.25,5066.5625,22349.9375
4894.75,5066.5625,22350.4375
4894.75,5066.5625,22350.4375
4894.75,5066.5625,22350.4375
4894.75,5066.5625,22350.4375
4894.75,5066.5625,22350.4375
4894.75,5066.5625,22350.4375
4894.625,5066.5625,22350.5625
4894.625,5066.5625,22350.5625
4894.625,5066.5625,22350.5625
4894.625,5066.5625,22350.5625
4894.625,5066.5625,22350.5625
4894.5625,5066.5625,22350.625
4894.25,5066.5625,22350.9375
4894.0625,5066.5625,22351.125
4893.8125,5066.5625,22351.375
4893.625,5066.5625,22351.5625
4893.625,5066.5625,22351.5625
4893.4375,5066.5625,22351.75
4893.4375,5066.5625,22351.75
4893.4375,5066.5625,22351.75
4893.4375,5066.5625,22351.75
4892.9375,5066.5625,22352.25
4892.9375,5066.5625,22352.25
4892.9375,5066.5625,22352.25
4892.9375,5066.5625,22352.25
4892.9375,5066.5625,22352.25
4893.125,5066.5625,22352.0625
4892.9375,5066.5625,22351.4375
4892.9375,5066.5625,22351.4375
4892.9375,5066.5625,22351.4375
4892.9375,5066.5625,22351.4375
4892.375,5066.5625,22352.0
4892.375,5066.5625,22352.0
4892.375,5066.5625,22352.0
4892.375,5066.5625,22352.0
4892.375,5066.5625,22352.0
4892.375,5066.5625,22352.0
4892.1875,5066.5625,22352.1875
4892.1875,5066.5625,22352.1875
4892.1875,5066.5625,22352.1875
4892.1875,5066.5625,22352.1875
4892.375,5066.5625,22352.0
4888.3125,5066.8125,22356.0625
4892.375,5066.8125,22351.75
4892.1875,5066.8125,22351.9375
4892.1875,5066.8125,22351.9375
4892.1875,5066.8125,22351.9375
4892.1875,5066.8125,22351.9375
4892.0,5066.8125,22352.125
4892.0,5066.8125,22352.125
4892.0,5066.8125,22352.125
4892.0,5066.8125,22352.125
4892.0,5066.8125,22352.125
4892.0,5066.8125,22352.125
4892.0,5066.8125,22352.125
4891.9375,5066.8125,22352.1875
4891.9375,5066.8125,22352.1875
4893.25,5066.8125,22350.6875
4893.0,5066.8125,22350.9375
4893.0,5066.8125,22350.9375
4893.0,5066.8125,22350.9375
4893.0,5066.8125,22350.9375
4893.0,5066.8125,22350.9375
4893.0,5066.8125,22350.9375
4893.0,5066.8125,22350.9375
4893.0,5066.8125,22350.9375
4893.0,5066.8125,22350.9375
4893.0,5066.8125,22350.9375
4892.875,5066.8125,22351.0625
4892.875,5066.8125,22351.0625
4892.875,5066.8125,22351.0625
4892.875,5066.75,22351.0625
4893.75,5066.8125,22350.0625
4893.75,5066.8125,22350.0625
4893.5625,5066.8125,22350.25
4893.1875,5066.8125,22350.625
4893.1875,5066.8125,22350.625
4893.1875,5066.8125,22350.625
4893.1875,5066.8125,22350.625
4893.1875,5066.8125,22350.625
4893.1875,5066.8125,22350.625
4893.1875,5066.8125,22350.625
4893.1875,5066.8125,22350.625
4893.1875,5066.8125,22350.625
4893.375,5066.8125,22350.4375
4893.25,5066.8125,22350.5625
4893.1875,5066.8125,22350.5625
4894.25,5066.8125,22349.5
4894.0625,5066.8125,22349.6875
4894.0625,5066.8125,22349.6875
4894.0625,5066.8125,22349.6875
4894.25,5066.8125,22349.5
4894.0625,5066.8125,22349.6875
4894.0625,5066.8125,22349.6875
4893.9375,5066.8125,22349.8125
4893.9375,5066.8125,22349.8125
4893.9375,5066.8125,22349.8125
4893.9375,5066.8125,22349.8125
4893.9375,5066.8125,22349.8125
4893.9375,5066.8125,22349.8125
4893.9375,5066.8125,22349.8125
4893.5625,5066.8125,22350.1875
4893.75,5066.8125,22350.0
4893.75,5066.8125,22350.0
4893.9375,5066.8125,22349.8125
4893.9375,5066.8125,22349.8125
4893.9375,5066.8125,22349.8125
4893.75,5066.8125,22350.0
4893.875,5066.8125,22349.875
4893.6875,5066.8125,22350.0625
4893.6875,5066.8125,22350.0625
4893.875,5066.8125,22349.875
4893.6875,5066.8125,22350.0625
4893.6875,5066.8125,22350.0625
4893.875,5066.8125,22349.875
4893.875,5066.8125,22349.875
4893.75,5066.8125,22350.0
4894.1875,5066.8125,22349.5625
4894.1875,5066.8125,22349.5625
4894.125,5066.8125,22349.625
4894.125,5066.8125,22349.625
4894.125,5066.8125,22349.625
4894.125,5066.8125,22349.625
4894.125,5066.8125,22349.625
4894.125,5066.8125,22349.625
4894.125,5066.8125,22349.625
4894.125,5066.8125,22349.625
4894.125,5066.8125,22349.625
4894.3125,5066.8125,22349.4375
4894.3125,5066.8125,22349.4375
4894.3125,5066.8125,22349.4375
4894.125,5066.8125,22349.625
4892.625,5066.8125,22351.0
4892.8125,5066.8125,22350.8125
4892.8125,5066.8125,22350.8125
4892.8125,5066.8125,22350.8125
4892.8125,5066.8125,22350.8125
4892.8125,5066.75,22350.8125
4892.8125,5066.8125,22350.8125
4892.8125,5066.8125,22350.8125
4893.0,5066.8125,22350.625
4893.9375,5066.8125,22349.6875
4899.625,5066.8125,22344.0625
4899.4375,5066.8125,22344.25
4899.0625,5066.8125,22344.625
4899.0,5066.8125,22344.6875
4898.625,5066.8125,22345.0625
4898.625,5066.8125,22345.0625
4898.4375,5066.8125,22345.25
4898.4375,5066.8125,22345.25
4898.4375,5066.8125,22345.25
4898.4375,5066.8125,22345.25
4898.4375,5066.8125,22345.25
4898.4375,5066.8125,22345.25
4898.4375,5066.8125,22345.25
4898.4375,5066.8125,22345.25
4898.4375,5066.8125,22345.25
4898.4375,5066.8125,22345.25
4898.4375,5066.8125,22345.25
4898.4375,5066.8125,22345.25
4898.4375,5066.8125,22345.25
4898.8125,5066.8125,22344.875
4899.25,5066.8125,22344.3125
4899.25,5066.8125,22344.3125
4899.0625,5066.8125,22344.5
4899.25,5066.8125,22344.3125
4899.25,5066.8125,22344.3125
4899.25,5066.8125,22344.3125
4899.875,5066.8125,22343.6875
4899.875,5066.8125,22343.6875
4899.875,5066.8125,22343.6875
4899.875,5066.8125,22343.6875
4899.875,5066.8125,22343.6875
4899.875,5066.8125,22343.6875
4899.875,5066.8125,22343.6875
4899.6875,5066.8125,22343.875
4901.375,5066.8125,22342.1875
4899.4375,5066.8125,22344.0625
4899.4375,5066.8125,22344.0625
4899.125,5066.8125,22344.375
4899.125,5066.8125,22344.375
4899.0625,5066.8125,22344.4375
4899.0625,5066.8125,22344.4375
4899.0625,5066.8125,22344.4375
4899.0625,5066.8125,22344.4375
4899.0625,5066.8125,22344.4375
4899.0625,5066.8125,22344.4375
4899.0625,5066.8125,22344.4375
4898.875,5066.8125,22344.625
4898.8125,5066.8125,22344.6875
4898.5625,5066.8125,22344.9375
4898.8125,5066.8125,22344.375
4899.0625,5066.8125,22344.125
4899.0,5066.75,22344.1875
4898.625,5066.8125,22344.5625
4898.5625,5066.8125,22344.625
4898.375,5066.8125,22344.8125
4898.375,5066.8125,22344.8125
4898.3125,5066.8125,22344.875
4898.5,5066.8125,22344.6875
4898.3125,5066.8125,22344.875
4898.3125,5066.8125,22344.875
4898.3125,5066.8125,22344.875
4898.125,5066.8125,22345.0625
4898.3125,5066.8125,22344.875
4898.125,5066.8125,22345.0625
4897.875,5066.8125,22345.3125
4897.6875,5066.8125,22345.5
4897.6875,5066.8125,22345.5
4897.5625,5066.8125,22345.625
4897.5625,5066.8125,22345.625
4897.5625,5066.8125,22345.625
4897.5625,5066.8125,22345.625
4897.5625,5066.8125,22345.625
4897.375,5066.8125,22345.8125
4897.5625,5066.8125,22345.625
4897.5625,5066.8125,22345.625
4897.5625,5066.8125,22345.625
4897.5625,5066.8125,22345.625
4897.75,5066.8125,22345.4375
4897.75,5066.8125,22345.4375
4897.5625,5066.8125,22345.625
4898.6875,5066.8125,22344.4375
4898.875,5066.8125,22344.25
4898.625,5066.8125,22344.5
4898.5625,5066.8125,22344.5625
4898.5625,5066.8125,22344.5625
4898.5625,5066.8125,22344.5625
4898.375,5066.8125,22344.75
4898.125,5066.8125,22345.0
4898.125,5066.8125,22345.0
4898.125,5066.8125,22345.0
4898.125,5066.8125,22345.0
4898.875,5066.8125,22344.25
4899.4375,5066.8125,22343.6875
4899.625,5066.8125,22343.5
4900.4375,5066.8125,22342.6875
4898.9375,5066.8125,22344.1875
4898.9375,5066.8125,22344.1875
4897.1875,5066.8125,22345.9375
4897.1875,5066.8125,22345.9375
4897.0,5066.75,22346.125
4897.0,5066.8125,22346.125
4896.8125,5066.8125,22346.3125
4896.8125,5066.8125,22346.3125
4896.8125,5066.8125,22346.3125
4897.0,5066.8125,22346.125
4897.0,5066.8125,22346.125
4896.8125,5066.8125,22346.3125
4896.8125,5066.8125,22346.3125
4897.0,5066.8125,22346.125
4897.0,5066.8125,22346.125
4897.4375,5066.8125,22345.25
4897.1875,5066.875,22345.5
4897.0,5066.875,22345.6875
4897.1875,5066.875,22345.5
4897.1875,5066.875,22345.5
4897.375,5066.875,22345.3125
4896.8125,5066.875,22345.875
4894.1875,5066.875,22348.5
4893.75,5066.9375,22348.875
4893.75,5066.9375,22348.875
4893.75,5066.9375,22348.875
4893.75,5066.9375,22348.875
4893.625,5066.9375,22349.0
4893.4375,5066.9375,22349.1875
4893.3125,5066.9375,22349.3125
4894.875,5066.9375,22347.6875
4894.875,5066.9375,22347.6875
4894.6875,5066.9375,22347.875
4894.6875,5066.9375,22347.875
4894.5,5066.875,22348.0625
4894.5,5066.9375,22348.0625
4894.6875,5066.9375,22347.875
4894.6875,5066.9375,22347.875
4894.6875,5066.9375,22347.875
4894.6875,5066.9375,22347.875
4894.6875,5066.9375,22347.875
4894.6875,5066.9375,22347.875
4894.5,5066.875,22348.0625
4894.6875,5066.9375,22347.875
4894.625,5066.9375,22347.75
4895.875,5066.9375,22346.5
4895.75,5066.9375,22346.625
4895.5625,5066.9375,22346.8125
4895.5625,5066.9375,22346.8125
4895.5625,5066.9375,22346.8125
4895.5625,5066.9375,22346.8125
4903.625,5066.9375,22338.75
4902.875,5066.9375,22339.5
4895.0,5066.9375,22347.375
4895.0,5066.9375,22347.375
4895.0,5066.9375,22347.375
4894.8125,5066.9375,22347.5625
4894.8125,5066.9375,22347.5625
4894.8125,5066.9375,22347.5625
4895.5625,5066.9375,22346.8125
4895.9375,5066.9375,22346.4375
4895.9375,5066.9375,22346.4375
4895.875,5066.9375,22346.5
4895.875,5066.9375,22346.5
4895.875,5066.9375,22346.5
4895.875,5066.9375,22346.5
4895.875,5066.9375,22346.5
4895.875,5066.9375,22346.5
4895.875,5066.9375,22346.5
4895.875,5066.9375,22346.5
4895.875,5066.9375,22346.5
4895.875,5066.9375,22346.5
4895.875,5066.9375,22346.5
4896.0625,5066.9375,22346.3125
4895.6875,5066.9375,22346.6875
4894.875,5066.9375,22347.5
4894.875,5066.9375,22347.5
4894.875,5066.875,22347.5
4894.875,5066.9375,22347.5
4894.875,5066.9375,22347.5
4894.875,5066.9375,22347.5
4894.875,5066.9375,22347.5
4894.875,5066.9375,22347.5
4894.875,5066.9375,22347.5
4894.875,5066.9375,22347.5
4894.875,5066.9375,22347.5
4894.875,5066.9375,22347.5
