used_mb,cached_mb,free_mb
2911.6875,5215.375,24182.25
3430.1875,5215.5,23663.75
3430.0,5215.5,23663.875
3430.0,5215.5,23663.875
3430.0,5215.5,23663.875
3430.0,5215.5,23663.875
3430.1875,5215.5,23663.6875
3431.375,5215.5,23662.3125
3431.1875,5215.5,23662.5
3431.0625,5215.5,23662.625
3431.0625,5215.5,23662.625
3431.0625,5215.5,23662.625
3431.0625,5215.5,23662.625
3431.0625,5215.5,23662.625
3431.0625,5215.5,23662.625
3431.0625,5215.5,23662.625
3430.875,5215.5,23662.8125
3430.875,5215.5,23662.8125
3436.3125,5215.5,23657.375
3456.3125,5222.0,23631.3125
3463.0,5234.75,23612.1875
3468.875,5246.3125,23594.625
3474.3125,5255.625,23579.875
3481.6875,5263.875,23564.6875
3485.75,5269.25,23555.5
3487.1875,5271.1875,23552.375
3492.0625,5298.4375,23520.6875
3499.4375,5304.5625,23506.75
3500.3125,5307.625,23503.0
3503.25,5320.9375,23486.5
3505.875,5327.4375,23477.6875
3514.75,5335.0,23461.3125
3522.0625,5340.3125,23448.75
3528.6875,5346.0625,23436.1875
3532.5625,5349.5625,23428.875
3537.5625,5353.875,23420.625
3538.875,5356.8125,23416.5625
3541.0625,5360.25,23411.1875
3542.75,5362.5625,23407.3125
3544.3125,5366.875,23401.25
3546.0625,5369.75,23396.5
3550.9375,5375.0,23386.5625
3553.4375,5377.1875,23381.625
3557.5,5382.5625,23372.625
3560.0625,5386.1875,23366.8125
3561.875,5393.125,23357.625
3567.0,5397.1875,23349.5625
3584.375,5408.8125,23319.4375
3595.9375,5429.625,23287.375
3603.5625,5434.8125,23274.8125
3610.625,5448.375,23254.6875
3611.875,5448.9375,23250.625
3610.625,5448.9375,23251.4375
3609.9375,5448.9375,23252.125
3609.75,5448.9375,23252.3125
3609.6875,5448.9375,23252.375
3609.6875,5448.9375,23252.375
3609.125,5448.9375,23252.9375
3609.125,5448.9375,23252.9375
3609.125,5448.9375,23252.9375
3609.0625,5448.9375,23252.9375
3608.5,5448.9375,23253.5
3608.5,5448.9375,23253.5
3608.5,5448.9375,23253.5
3608.5,5448.9375,23253.5
3608.5,5448.9375,23253.5
3608.4375,5448.9375,23253.5625
3607.6875,5448.875,23253.9375
3607.6875,5448.875,23253.9375
3607.6875,5448.875,23253.9375
3607.625,5448.875,23254.0
3606.5,5448.875,23255.125
3606.6875,5448.875,23254.9375
3606.375,5448.875,23255.25
3606.375,5448.875,23255.25
3606.375,5448.875,23255.25
3606.1875,5448.875,23255.4375
3606.1875,5448.875,23255.4375
3606.1875,5448.875,23255.4375
3606.1875,5448.875,23255.4375
3606.1875,5448.875,23255.4375
3606.4375,5448.8125,23255.1875
3606.3125,5448.875,23255.3125
3605.8125,5448.875,23255.8125
3605.8125,5448.875,23255.8125
3605.8125,5448.875,23255.8125
3619.6875,5448.875,23241.75
3619.6875,5448.875,23241.75
3619.5,5448.875,23241.9375
3619.4375,5448.875,23242.0
3619.4375,5448.875,23242.0
3619.375,5448.875,23242.0625
3619.375,5448.875,23242.0625
3619.375,5448.875,23242.0625
3619.375,5448.875,23242.0625
3619.375,5448.875,23242.0625
3619.0625,5448.875,23242.0
3619.8125,5448.875,23241.25
3619.8125,5448.875,23241.25
3619.3125,5448.875,23241.75
3619.3125,5448.875,23241.75
3619.25,5448.8125,23241.8125
3619.25,5448.875,23241.8125
3619.25,5448.875,23241.8125
3619.25,5448.875,23241.8125
3619.25,5448.875,23241.8125
3619.25,5448.875,23241.8125
3626.0625,5448.875,23234.8125
3626.0625,5448.875,23234.8125
3626.0625,5448.875,23234.8125
3626.0625,5448.875,23234.8125
3625.8125,5448.875,23235.0625
3626.1875,5448.875,23234.6875
3626.125,5448.875,23234.75
3626.0625,5448.875,23234.8125
3626.0625,5448.875,23234.8125
3625.875,5448.875,23235.0
3625.875,5448.875,23235.0
3625.875,5448.875,23235.0
3625.875,5448.875,23235.0
3625.6875,5448.875,23235.1875
3636.3125,5448.875,23224.5625
3638.625,5448.875,23222.25
3638.4375,5448.875,23222.4375
3638.4375,5448.875,23222.4375
3638.375,5448.875,23222.5
3638.1875,5448.875,23222.6875
3636.9375,5448.875,23223.875
3636.75,5448.875,23224.0625
3636.75,5448.875,23224.0625
3636.75,5448.875,23224.0625
3636.4375,5448.875,23224.375
3636.375,5448.875,23224.4375
3635.6875,5448.875,23225.0
3635.6875,5448.875,23225.0
3635.5625,5448.875,23225.125
3635.375,5448.875,23225.3125
3635.375,5448.875,23225.3125
3635.375,5448.875,23225.3125
3635.375,5448.875,23225.3125
3635.3125,5448.875,23225.375
3635.5,5448.875,23225.1875
3635.625,5448.875,23225.0625
3635.625,5448.875,23225.0625
3635.5625,5448.875,23225.125
3635.4375,5448.875,23225.25
3635.4375,5448.875,23225.25
3635.4375,5448.875,23225.25
3635.25,5448.875,23225.4375
3635.25,5448.875,23225.4375
3635.25,5448.875,23225.4375
3635.25,5448.875,23225.4375
3635.1875,5449.0,23225.5
3635.1875,5449.0,23225.5
3635.1875,5449.0,23225.5
3635.1875,5449.0,23225.5
3635.375,5449.0,23225.3125
3649.6875,5449.0,23211.0
3649.6875,5449.0,23211.0
3649.6875,5449.0,23211.0
3649.6875,5449.0,23211.0
3649.6875,5449.0,23211.0
3649.6875,5449.0,23211.0
3649.0625,5448.875,23211.625
3649.0625,5448.875,23211.625
3649.0625,5448.875,23211.625
3649.0,5448.875,23211.6875
3649.0,5448.875,23211.6875
3649.0,5448.875,23211.6875
3649.125,5448.9375,23211.5
3649.125,5448.9375,23211.5
3649.25,5448.9375,23211.375
3650.5625,5448.9375,23210.0625
3650.5625,5448.9375,23210.0625
3650.5625,5448.9375,23210.0625
3650.5625,5448.9375,23210.0625
3650.5625,5448.9375,23210.0625
3650.5625,5448.9375,23210.0625
3650.5625,5448.9375,23210.0625
3650.5625,5448.9375,23210.0625
3650.5625,5448.9375,23210.0625
3650.5625,5448.9375,23210.0625
3650.5625,5448.9375,23210.0625
3650.1875,5448.9375,23210.4375
3650.1875,5448.9375,23210.4375
3650.1875,5448.9375,23210.4375
3650.5625,5448.9375,23210.0625
3649.9375,5448.9375,23210.375
3649.9375,5448.9375,23210.375
3649.9375,5448.9375,23210.375
3649.9375,5448.9375,23210.375
3649.75,5448.9375,23210.5625
3660.625,5448.9375,23199.6875
3662.875,5448.9375,23197.4375
3662.875,5448.9375,23197.4375
3662.8125,5448.9375,23197.5
3662.8125,5448.9375,23197.5
3662.8125,5448.9375,23197.5
3662.8125,5448.9375,23197.5
3662.8125,5448.9375,23197.5
3662.8125,5448.9375,23197.5
3663.75,5448.9375,23196.5625
3665.8125,5448.9375,23194.5
3666.0,5448.9375,23194.3125
3662.25,5448.9375,23198.0625
3662.1875,5448.9375,23198.125
3662.0625,5448.9375,23198.25
3659.4375,5448.9375,23200.875
3659.4375,5448.9375,23200.875
3659.4375,5448.9375,23200.875
3659.0625,5448.9375,23201.25
3659.0,5448.9375,23201.3125
3659.0,5448.9375,23201.3125
3659.0,5448.9375,23201.3125
3659.0,5448.9375,23201.3125
3659.0,5448.9375,23201.3125
3659.9375,5448.9375,23200.375
3659.5625,5448.9375,23200.75
3659.5625,5448.9375,23200.75
3659.5625,5448.9375,23200.75
3659.5625,5448.9375,23200.75
3659.375,5448.9375,23200.75
3659.3125,5448.9375,23200.8125
3658.5625,5448.9375,23201.5625
3658.5625,5448.9375,23201.5625
3658.5625,5448.75,23201.5625
3658.75,5448.75,23201.375
3672.625,5448.9375,23187.5625
3672.8125,5448.9375,23187.375
3672.625,5448.9375,23187.5625
3672.75,5448.9375,23187.4375
3672.5625,5448.9375,23187.625
3674.0625,5448.9375,23186.125
3674.0625,5448.9375,23186.125
3674.0625,5448.9375,23186.125
3674.0625,5448.9375,23186.125
3674.0625,5448.9375,23186.125
3674.0625,5448.875,23186.125
3674.25,5448.9375,23185.9375
3674.25,5448.9375,23185.9375
3674.25,5448.9375,23185.9375
3674.25,5448.9375,23185.9375
3674.25,5448.9375,23185.9375
3673.875,5448.9375,23186.3125
3673.875,5448.9375,23186.3125
3673.875,5448.9375,23186.3125
3673.6875,5448.9375,23186.375
3673.5,5448.9375,23186.5625
3673.5,5448.9375,23186.5625
3673.5625,5448.9375,23186.625
3673.5625,5448.9375,23186.625
3673.75,5448.875,23186.4375
3673.75,5448.9375,23186.4375
3681.4375,5448.9375,23178.75
3681.5625,5448.9375,23178.5625
3677.0,5448.9375,23183.125
3677.0,5448.9375,23183.125
3676.8125,5448.9375,23183.3125
3676.8125,5448.9375,23183.3125
3676.8125,5448.9375,23183.3125
3676.8125,5448.9375,23183.3125
3676.625,5448.9375,23183.5
3678.25,5448.9375,23181.875
3688.9375,5448.9375,23171.1875
3694.375,5448.9375,23165.75
3694.375,5448.9375,23165.75
3694.1875,5448.9375,23165.9375
3694.1875,5448.9375,23165.9375
3693.875,5448.9375,23166.25
3693.875,5448.9375,23166.25
3693.875,5448.9375,23166.25
3693.875,5448.9375,23166.25
3693.875,5448.9375,23166.25
3693.875,5448.9375,23166.25
3693.875,5448.9375,23166.25
3693.875,5448.9375,23166.25
3692.4375,5448.9375,23167.6875
3692.3125,5448.9375,23167.8125
3692.3125,5448.9375,23167.8125
3692.3125,5448.9375,23167.8125
3692.3125,5448.9375,23167.8125
3692.3125,5448.9375,23167.8125
3692.3125,5448.875,23167.8125
3692.3125,5448.9375,23167.8125
3691.875,5449.0,23168.0625
3691.875,5449.0,23168.0625
3691.875,5449.0,23168.0625
3691.875,5449.0,23168.0625
3691.875,5449.0,23168.0625
3691.875,5449.0,23168.0625
3691.875,5449.0,23168.0625
3692.625,5448.9375,23167.3125
3692.1875,5449.0,23167.75
3692.0,5449.0,23167.9375
3691.9375,5449.0,23168.0
3691.9375,5449.0,23168.0
3691.9375,5449.0,23168.0
3691.9375,5449.0,23168.0
3691.9375,5449.0,23168.0
3691.9375,5449.0,23168.0
3691.9375,5449.0,23168.0
3702.8125,5449.0,23157.125
3706.375,5449.0,23153.5625
3706.1875,5449.0,23153.75
3707.3125,5449.0,23152.625
3707.3125,5449.0,23152.625
3706.9375,5449.0,23153.0
3707.0625,5449.0,23152.875
3706.875,5449.0,23153.0625
3706.8125,5449.0,23153.125
3706.8125,5449.0,23153.125
3706.8125,5449.0,23153.125
3706.8125,5449.0,23153.125
3706.8125,5449.0,23153.125
3706.3125,5449.0,23153.625
3706.3125,5449.0,23153.625
3706.3125,5449.0,23153.625
3706.1875,5449.0,23153.75
3706.1875,5449.0,23153.75
3706.1875,5449.0,23153.75
3706.1875,5449.0,23153.75
3706.5625,5449.0,23153.375
3706.8125,5449.0,23153.125
3706.8125,5449.0,23153.125
3706.9375,5449.0,23153.0
3706.9375,5449.0,23153.0
3706.9375,5449.0,23153.0
3706.9375,5449.0,23153.0
3706.9375,5449.0,23153.0
3706.9375,5449.0,23153.0
3706.9375,5449.0,23153.0
3706.9375,5449.0,23153.0
3706.9375,5449.0,23153.0
3706.9375,5449.0,23153.0
3706.875,5449.0,23153.0625
3706.875,5449.0,23153.0625
3707.1875,5448.9375,23152.75
3717.375,5449.0,23142.5625
3720.1875,5449.0,23139.75
3720.1875,5449.0,23139.75
3720.1875,5449.0,23139.75
3720.1875,5449.0,23139.75
3720.0,5449.0,23139.9375
3720.0,5449.0,23139.9375
3719.625,5449.0,23140.3125
3719.625,5449.0,23140.3125
3719.3125,5449.0,23140.625
3719.3125,5449.0,23140.625
3719.3125,5449.0,23140.625
3719.3125,5449.0,23140.625
3719.3125,5449.0,23140.625
3719.6875,5449.0,23140.25
3720.625,5449.0,23139.3125
3720.625,5449.0,23139.3125
3720.625,5449.0,23139.3125
3720.625,5449.0,23139.3125
3720.625,5449.0,23139.3125
3720.625,5448.9375,23139.3125
3720.625,5449.0,23139.3125
3720.375,5449.0,23139.5625
3720.375,5449.0,23139.5625
3720.375,5449.0,23139.5625
3720.375,5449.0,23139.5625
3720.375,5449.0,23139.5625
3720.375,5449.0,23139.5625
3720.25,5449.0,23139.6875
3720.0625,5449.0,23139.875
3720.375,5449.0,23139.5625
3720.375,5449.0,23139.5625
3720.375,5449.0,23139.5625
3720.375,5449.0,23139.5625
3720.375,5449.0,23139.5625
3720.375,5449.0,23139.5625
3720.375,5449.0,23139.5625
3731.25,5449.0,23128.6875
3734.5625,5449.0,23125.375
3734.5625,5449.0,23125.375
3734.5625,5449.0,23125.375
3734.5625,5449.0,23125.375
3734.5625,5449.0,23125.375
3734.5625,5449.0,23125.375
3734.25,5449.0,23125.6875
3736.625,5449.0,23123.3125
3736.625,5449.0,23123.3125
3736.25,5449.0,23123.6875
3736.1875,5449.0,23123.75
3736.1875,5449.0,23123.75
3736.1875,5449.0,23123.75
3736.1875,5449.0,23123.75
3736.1875,5449.0,23123.75
3736.1875,5449.0,23123.75
3736.1875,5449.0,23123.75
3736.1875,5449.0,23123.75
3736.1875,5449.0,23123.75
3736.1875,5449.0,23123.75
3736.1875,5449.0,23123.75
3736.1875,5449.0,23123.75
3735.625,5448.9375,23123.9375
3735.625,5449.0,23123.9375
3735.4375,5449.0,23124.125
3735.4375,5449.0,23124.125
3735.4375,5449.0,23124.125
3735.4375,5449.0,23124.125
3735.4375,5449.0,23124.125
3735.25,5449.0,23124.3125
3735.25,5449.0,23124.3125
3738.25,5449.0,23121.3125
3742.0625,5449.0,23117.4375
3742.0625,5449.0,23117.4375
3742.0625,5449.0,23117.4375
3755.3125,5449.0,23104.1875
3755.125,5449.0,23104.375
3756.3125,5449.0,23103.0625
3756.125,5449.0,23103.25
3756.0625,5449.0,23103.3125
3755.5625,5449.0,23103.8125
3755.5,5449.0,23103.875
3755.5,5448.9375,23103.875
3755.125,5449.0,23104.25
3755.125,5449.0,23104.25
3755.125,5449.0,23104.25
3755.125,5449.0,23104.25
3755.125,5449.0,23104.25
3755.125,5449.0,23104.25
3755.125,5449.0,23104.25
3755.125,5449.0,23104.25
3755.25,5449.0,23104.125
3755.4375,5449.0,23103.875
3755.4375,5449.0,23103.875
3755.125,5449.0,23104.1875
3755.125,5449.0,23104.1875
3754.75,5449.0,23104.5625
3754.75,5449.0,23104.5625
3753.875,5449.0,23105.4375
3753.6875,5449.0,23105.625
3753.6875,5449.0,23105.625
3753.6875,5449.0,23105.625
3753.6875,5449.0,23105.625
3753.6875,5449.0,23105.625
3753.6875,5448.9375,23105.625
3753.625,5449.0,23105.6875
3754.1875,5449.0,23105.125
3755.125,5449.0,23104.1875
3754.9375,5449.0,23104.375
3754.9375,5449.0,23104.375
3765.4375,5449.0,23093.875
3768.25,5449.0,23091.0625
3768.25,5449.0,23091.0625
3768.25,5449.0,23091.0625
3768.25,5449.0,23091.0625
3768.25,5449.0,23091.0625
3768.25,5449.0,23091.0625
3768.1875,5449.0,23091.125
3768.1875,5449.0,23091.125
3768.1875,5449.0,23091.125
3768.1875,5449.0,23091.125
3773.75,5449.0,23085.5625
3764.75,5449.0,23094.4375
3764.75,5448.9375,23094.4375
3764.75,5449.0,23094.4375
3764.75,5449.0,23094.4375
3764.5,5449.0,23094.6875
3764.5,5449.0,23094.6875
3764.5,5449.0,23094.6875
3764.0625,5449.0,23095.125
3764.0,5449.0,23095.1875
3764.0,5449.0,23095.1875
3763.8125,5449.0,23095.375
3763.8125,5448.9375,23095.375
3764.0,5449.0,23095.1875
3764.0,5449.0,23095.1875
3764.0,5449.0,23095.1875
3765.125,5449.0,23093.9375
3765.125,5449.0,23093.9375
3764.9375,5449.0,23094.125
3765.125,5449.0,23093.9375
3765.125,5449.0,23093.9375
3765.125,5449.0,23093.9375
3765.125,5449.0,23093.9375
3765.125,5449.0,23093.9375
3765.125,5449.0,23093.9375
3775.8125,5449.0,23083.25
3778.4375,5449.0,23080.625
3778.4375,5449.0,23080.625
3778.5625,5449.0,23080.5
3778.5625,5449.125,23080.5
3778.5,5449.0,23080.5625
3778.375,5449.0,23080.6875
3778.375,5449.0,23080.6875
3778.375,5449.0,23080.6875
3778.375,5449.0,23080.6875
3778.1875,5449.0,23080.875
3778.1875,5448.9375,23080.875
3778.1875,5449.0,23080.875
3778.1875,5449.0,23080.875
3778.1875,5449.0,23080.875
3778.1875,5449.0,23080.875
3778.1875,5449.0,23080.875
3778.1875,5449.0,23080.875
3778.1875,5449.0,23080.875
3778.1875,5449.0,23080.875
3778.625,5449.0,23080.4375
3779.375,5449.0,23079.6875
3779.375,5449.0,23079.6875
3780.125,5449.0,23078.9375
3780.125,5449.0,23078.9375
3780.0625,5449.0,23079.0
3780.0625,5449.0,23079.0
3780.0625,5449.0,23079.0
3779.875,5449.0,23079.1875
3777.875,5449.0,23081.1875
3777.875,5449.0,23081.1875
3777.875,5449.0,23081.1875
3777.875,5449.0,23081.1875
3777.875,5449.0,23081.1875
3777.75,5449.0,23081.3125
3778.0625,5449.0,23081.0
3778.0,5449.0,23081.0625
3792.25,5449.0,23066.8125
3793.0,5448.9375,23066.0625
3792.8125,5449.0,23066.25
3792.8125,5449.0,23066.25
3792.8125,5449.0,23066.25
3792.8125,5449.0,23066.25
3792.8125,5449.0,23066.25
3792.8125,5449.0,23066.25
3792.8125,5449.0,23066.25
3792.8125,5449.0,23066.25
3792.8125,5449.0,23066.25
3792.75,5449.0,23066.3125
3792.75,5449.0,23066.3125
3793.125,5449.0,23065.9375
3792.125,5449.0,23066.6875
3792.125,5449.0,23066.6875
3792.125,5449.0,23066.6875
3792.125,5449.0,23066.6875
3791.9375,5449.0,23066.875
3791.6875,5449.0,23067.125
3791.6875,5449.0,23067.125
3791.625,5449.0,23067.1875
3791.625,5449.0,23067.1875
3791.625,5449.0,23067.1875
3791.625,5448.9375,23067.1875
3791.625,5449.0,23067.1875
3791.625,5449.0,23067.1875
3791.625,5449.0,23067.1875
3791.125,5449.0,23067.6875
3791.8125,5449.0,23067.0
3791.5,5449.0,23067.3125
3791.5,5449.0,23067.3125
3791.5,5449.0,23067.3125
3791.5,5449.0,23067.3125
3791.5,5449.0,23067.3125
3799.9375,5449.0,23058.875
3800.625,5449.0,23058.1875
3792.4375,5449.0,23066.375
3803.3125,5449.0,23055.5
3808.375,5449.0,23050.4375
3808.625,5449.0,23050.1875
3808.4375,5448.9375,23050.375
3808.4375,5449.0,23050.375
3808.125,5449.0,23050.6875
3808.0,5449.0,23050.8125
3808.0,5449.0,23050.8125
3808.0,5449.0,23050.8125
3807.9375,5449.0,23050.875
3807.9375,5449.0,23050.875
3807.9375,5448.9375,23050.875
3807.4375,5449.0,23051.375
3807.4375,5449.0,23051.375
3807.4375,5449.0,23051.375
3807.4375,5449.0,23051.375
3807.4375,5449.0,23051.375
3807.4375,5449.0,23051.375
3807.4375,5449.0,23051.375
3807.4375,5449.0,23051.375
3807.625,5449.0,23051.1875
3809.0625,5449.0,23049.75
3808.5625,5449.0,23050.25
3808.5625,5449.0,23050.25
3808.5625,5449.0,23050.25
3808.5625,5448.9375,23050.25
3808.625,5449.0,23050.0625
3808.625,5449.0,23050.0625
3808.375,5449.0,23050.1875
3808.0,5449.0,23050.5625
3807.9375,5449.0,23050.625
3807.9375,5449.0,23050.625
3807.9375,5449.0,23050.625
3807.9375,5449.0,23050.625
3807.9375,5449.0,23050.625
3808.125,5449.0,23050.4375
3808.625,5449.0,23049.9375
3808.625,5449.0,23049.9375
3808.625,5449.0,23049.9375
3808.625,5449.0,23049.9375
3819.5,5449.0,23039.0625
3829.6875,5449.0,23028.875
3840.0,5449.0,23018.5625
3840.0,5449.0,23018.5625
3840.0,5449.0,23018.5625
3840.0,5449.0,23018.5625
3840.0,5449.0,23018.5625
3840.0,5449.0,23018.5625
3840.0,5449.0,23018.5625
3840.0,5449.0,23018.5625
3840.125,5449.0,23018.4375
3840.5625,5449.0,23018.0
3840.375,5449.0,23018.1875
3840.375,5449.0,23018.1875
3840.3125,5449.0,23018.25
3840.5,5448.9375,23018.0625
3840.5,5449.0,23018.0625
3840.5,5449.0,23018.0625
3840.5,5449.0,23018.0625
3840.5,5449.0,23018.0625
3840.125,5449.0,23018.4375
3840.3125,5449.0,23018.25
3840.3125,5449.0,23018.25
3840.3125,5449.0,23018.25
3840.3125,5449.0,23018.25
3841.0625,5449.0,23017.5
3841.0625,5449.0,23017.5
3841.0625,5449.0,23017.5
3841.0625,5449.0,23017.5
3841.0625,5448.9375,23017.5
3841.0625,5449.0,23017.5
3841.0625,5449.0,23017.5
3841.0625,5449.0,23017.5
3841.0625,5449.0,23017.5
3840.875,5449.0,23017.6875
3840.875,5449.0,23017.6875
3840.875,5449.0,23017.6875
3840.875,5449.0,23017.6875
3840.875,5449.0,23017.6875
3840.875,5449.0,23017.6875
3840.875,5449.0,23017.6875
3840.9375,5449.0,23017.5
3840.8125,5449.0,23017.625
3840.8125,5449.0,23017.625
3840.8125,5449.0,23017.625
3840.8125,5449.0,23017.625
3840.8125,5449.0,23017.625
3840.8125,5449.0,23017.625
3840.8125,5449.0,23017.625
3840.8125,5449.0,23017.625
3840.8125,5449.0,23017.625
3840.9375,5449.0625,23017.4375
3840.9375,5449.0625,23017.4375
3840.9375,5449.0625,23017.4375
3857.25,5449.0625,23001.125
3860.375,5449.0,22998.0
3860.6875,5449.0625,22997.6875
3860.6875,5449.0625,22997.6875
3860.5625,5449.0625,22997.8125
3860.5625,5449.0625,22997.8125
3860.5625,5449.0625,22997.8125
3860.1875,5449.0625,22998.1875
3860.1875,5449.0625,22998.1875
3860.1875,5449.0625,22998.1875
3860.1875,5449.0625,22998.1875
3860.1875,5449.0625,22998.1875
3860.1875,5449.0625,22998.1875
3860.1875,5449.0625,22998.1875
3860.1875,5449.0625,22998.1875
3860.1875,5449.0625,22998.1875
3860.125,5449.0625,22998.25
3860.125,5449.0625,22998.25
3860.125,5449.0625,22998.25
3860.125,5449.0625,22998.25
3860.125,5449.0,22998.25
3860.3125,5449.0625,22998.0625
3860.3125,5449.0625,22998.0625
3860.3125,5449.0625,22998.0625
3860.3125,5449.0625,22998.0625
3860.3125,5449.0625,22998.0625
3860.25,5449.0625,22998.125
3860.1875,5449.0625,22998.1875
3860.1875,5449.0625,22998.1875
3860.1875,5449.0625,22998.1875
3860.1875,5449.0625,22998.1875
3859.9375,5449.0625,22998.4375
3859.9375,5449.0625,22998.4375
3859.9375,5449.0625,22998.4375
3859.9375,5449.0625,22998.4375
3859.875,5449.0625,22998.4375
3859.8125,5449.0625,22998.5
3859.6875,5449.0625,22998.625
3859.6875,5449.0625,22998.625
3859.6875,5449.0625,22998.625
3859.5,5449.0625,22998.8125
3859.5,5449.0625,22998.8125
3859.5,5449.0625,22998.8125
3875.8125,5449.0625,22982.5
3876.0,5449.0625,22982.3125
3876.0,5449.0625,22982.3125
3876.1875,5449.0625,22982.125
3876.375,5449.0625,22981.9375
3875.8125,5449.0625,22982.5
3875.8125,5449.0625,22982.5
3875.8125,5449.0625,22982.5
3875.8125,5449.0625,22982.5
3875.8125,5449.0625,22982.5
3875.6875,5449.0625,22982.625
3875.875,5449.0625,22982.4375
3875.875,5449.0625,22982.4375
3888.375,5449.0625,22969.875
3883.3125,5449.0625,22974.9375
3883.3125,5449.0625,22974.9375
3883.125,5449.0625,22975.125
3883.125,5449.0625,22975.125
3883.3125,5449.0625,22974.9375
3884.3125,5449.0625,22973.9375
3883.9375,5449.0625,22974.3125
3883.9375,5449.0625,22974.3125
3883.9375,5449.0625,22974.3125
3883.9375,5449.0625,22974.3125
3883.9375,5449.0625,22974.3125
3883.9375,5449.0625,22974.3125
3883.9375,5449.0625,22974.3125
3883.875,5449.0625,22974.3125
3883.875,5449.0625,22974.3125
3883.875,5449.0625,22974.3125
3883.875,5449.0625,22974.3125
3883.875,5449.0625,22974.3125
3883.875,5449.0625,22974.3125
3884.125,5449.0625,22974.0
3883.9375,5449.0625,22974.1875
3884.125,5449.0625,22974.0
3883.9375,5449.0625,22974.1875
3883.4375,5449.0625,22974.6875
3883.4375,5449.0625,22974.6875
3883.125,5449.0625,22975.0
3883.125,5449.0625,22975.0
3883.125,5449.0625,22975.0
3883.125,5449.0625,22975.0
3899.5625,5449.125,22958.5625
3899.5625,5449.0625,22958.5625
3899.75,5449.125,22958.375
3899.75,5449.125,22958.375
3899.625,5449.125,22958.375
3899.25,5449.125,22958.75
3899.25,5449.125,22958.75
3899.1875,5449.125,22958.8125
3899.1875,5449.125,22958.8125
3899.1875,5449.125,22958.8125
3899.1875,5449.125,22958.8125
3899.1875,5449.125,22958.8125
3899.375,5449.125,22958.625
3899.375,5449.125,22958.625
3899.1875,5449.125,22958.8125
3899.1875,5449.125,22958.8125
3899.1875,5449.125,22958.8125
3899.1875,5449.125,22958.8125
3899.375,5449.125,22958.625
3899.375,5449.125,22958.625
3899.0,5449.125,22959.0
3899.125,5449.125,22958.875
3899.25,5449.125,22958.75
3899.25,5449.125,22958.75
3899.4375,5449.125,22958.5625
3899.4375,5449.125,22958.5625
3899.4375,5449.125,22958.5625
3899.4375,5449.125,22958.5625
3899.4375,5449.125,22958.5625
3899.625,5449.125,22958.375
3899.625,5449.125,22958.375
3899.4375,5449.125,22958.5625
3899.25,5449.125,22958.75
3899.25,5449.0,22958.75
3899.4375,5449.0,22958.5625
3898.1875,5449.0,22959.8125
3898.1875,5449.0,22959.8125
3898.1875,5449.0,22959.8125
3898.0,5449.0,22960.0
3898.0,5449.0,22960.0
3897.8125,5449.0,22960.1875
3897.8125,5449.0,22960.1875
3898.0,5449.0625,22960.0
3914.6875,5449.0625,22943.3125
3914.6875,5449.0625,22943.3125
3914.5,5449.0625,22943.5
3914.6875,5449.0625,22943.3125
3914.5,5449.0625,22943.5
3914.5,5449.0625,22943.5
3914.5,5449.0625,22943.5
3916.0625,5449.0625,22941.9375
3916.0625,5449.0625,22941.9375
3915.6875,5449.0625,22942.3125
3915.5,5449.0625,22942.5
3915.6875,5449.0625,22942.3125
3915.6875,5449.0625,22942.3125
3915.6875,5449.0625,22942.3125
3915.6875,5449.0625,22942.3125
3915.6875,5449.0625,22942.3125
3915.375,5449.0625,22942.625
3915.5625,5449.0625,22942.4375
3915.6875,5449.0625,22942.3125
3915.6875,5449.0625,22942.3125
3915.6875,5449.0625,22942.3125
3915.375,5449.0625,22942.625
3915.3125,5449.0625,22942.375
3915.5,5449.0625,22942.1875
3915.6875,5449.0625,22942.0
3915.6875,5449.0625,22942.0
3915.6875,5449.0625,22942.0
3915.125,5449.0625,22942.5625
3916.625,5449.0625,22941.0625
3916.625,5449.0625,22941.0625
3916.625,5449.0625,22941.0625
3916.625,5449.0625,22941.0625
3916.4375,5449.0625,22941.25
3915.0,5449.0625,22942.6875
3915.0,5449.0625,22942.6875
3915.0,5449.0625,22942.6875
3915.0,5449.0625,22942.6875
3915.3125,5449.0625,22942.3125
3915.5,5449.0625,22942.125
3915.5,5449.0625,22942.125
3915.3125,5449.0625,22942.3125
3915.3125,5449.0625,22942.3125
3915.3125,5449.0625,22942.3125
3915.3125,5449.0625,22942.3125
3915.3125,5449.0625,22942.3125
3915.3125,5449.0625,22942.3125
3933.875,5449.125,22923.75
3933.875,5449.125,22923.75
3933.5625,5449.125,22924.0625
3933.5625,5449.125,22924.0625
3933.5625,5449.125,22924.0625
3933.75,5449.125,22923.875
3932.9375,5449.125,22924.6875
3933.125,5449.125,22924.5
3932.9375,5449.125,22924.6875
3933.125,5449.125,22924.5
3933.125,5449.125,22924.5
3933.125,5449.125,22924.5
3933.0625,5449.125,22924.5625
3933.0625,5449.125,22924.5625
3933.0625,5449.125,22924.5625
3933.0,5449.125,22924.5625
3933.0,5449.125,22924.5625
3933.1875,5449.125,22924.375
3933.0,5449.125,22924.5625
3933.0,5449.125,22924.5625
3933.0,5449.125,22924.5625
3933.625,5449.125,22923.9375
3933.4375,5449.125,22924.125
3933.125,5449.125,22924.4375
3933.125,5449.125,22924.4375
3933.125,5449.125,22924.4375
3939.875,5449.125,22917.6875
3941.5625,5449.125,22916.0
3935.1875,5449.125,22922.25
3935.1875,5449.125,22922.25
3931.8125,5449.125,22925.625
3931.8125,5449.125,22925.625
3931.625,5449.125,22925.8125
3931.625,5449.125,22925.8125
3931.625,5449.125,22925.8125
3932.0,5449.125,22925.4375
3931.75,5449.125,22925.6875
3931.75,5449.125,22925.6875
3931.5625,5449.125,22925.875
3931.5,5449.125,22925.9375
3931.5,5449.125,22925.9375
3931.5,5449.0625,22925.9375
3947.5625,5449.125,22909.875
3947.5625,5449.125,22909.875
3947.5625,5449.125,22909.875
3947.5625,5449.125,22909.875
3947.5625,5449.125,22909.875
3947.5625,5449.125,22909.875
3947.5625,5449.125,22909.875
3947.5625,5449.125,22909.875
3947.5625,5449.125,22909.875
3947.9375,5449.125,22909.5
3948.125,5449.25,22909.3125
3947.9375,5449.125,22909.5
3947.9375,5449.125,22909.5
3947.75,5449.125,22909.6875
3947.5,5449.125,22909.9375
3947.5,5449.125,22909.9375
3947.4375,5449.125,22910.0
3947.4375,5449.125,22910.0
3947.4375,5449.125,22910.0
3947.4375,5449.125,22910.0
3947.4375,5449.125,22910.0
3947.5625,5449.125,22909.875
3947.5625,5449.125,22909.875
3947.75,5449.125,22909.6875
3948.0625,5449.125,22909.25
3948.0625,5449.125,22909.25
3948.0625,5449.125,22909.25
3948.0625,5449.125,22909.25
3948.0625,5449.125,22909.25
3948.0625,5449.125,22909.25
3948.0625,5449.125,22909.25
3948.0,5449.125,22909.3125
3948.0,5449.125,22909.3125
3947.875,5449.125,22909.4375
3947.875,5449.125,22909.4375
3947.875,5449.125,22909.4375
3947.875,5449.125,22909.4375
3947.875,5449.125,22909.4375
3948.0625,5449.125,22909.25
3948.4375,5449.125,22908.875
3948.4375,5449.125,22908.875
3948.4375,5449.125,22908.875
3948.4375,5449.125,22908.875
3948.4375,5449.125,22908.875
3965.5,5449.125,22891.8125
3965.5,5449.125,22891.8125
3965.5,5449.125,22891.8125
3965.5,5449.125,22891.8125
3965.5,5449.125,22891.8125
3965.5,5449.125,22891.8125
3965.5,5449.125,22891.8125
3965.5,5449.125,22891.8125
3965.5,5449.125,22891.8125
3965.5,5449.125,22891.8125
3966.5625,5449.125,22890.75
3966.5625,5449.125,22890.75
3966.5625,5449.125,22890.75
3966.5625,5449.125,22890.75
3966.5625,5449.125,22890.75
3966.5625,5449.125,22890.75
3966.5625,5449.125,22890.75
3966.5,5449.125,22890.8125
3966.5,5449.125,22890.8125
3966.6875,5449.125,22890.625
3966.6875,5449.125,22890.625
3966.6875,5449.125,22890.625
3966.875,5449.125,22890.4375
3966.875,5449.125,22890.4375
3966.6875,5449.0625,22890.625
3965.5625,5449.125,22891.75
3965.5625,5449.125,22891.75
3965.3125,5449.125,22892.0
3965.3125,5449.125,22892.0
3965.3125,5449.125,22892.0
3965.3125,5449.0625,22892.0
3965.3125,5449.125,22892.0
3965.3125,5449.125,22892.0
3965.3125,5449.125,22892.0
3965.5,5449.125,22891.8125
3965.5,5449.125,22891.8125
3965.4375,5449.125,22891.875
3965.625,5449.125,22891.6875
3965.625,5449.125,22891.6875
3965.8125,5449.125,22891.5
3966.75,5449.125,22890.5625
3966.5625,5449.125,22890.75
3966.5625,5449.125,22890.75
3982.8125,5449.125,22874.5
3991.9375,5449.125,22865.375
3997.9375,5449.125,22859.375
4006.375,5449.125,22850.9375
4009.1875,5449.125,22848.125
4009.1875,5449.125,22848.125
4009.1875,5449.125,22848.125
4009.1875,5449.125,22848.125
4009.1875,5449.125,22848.125
4009.1875,5449.125,22848.125
4009.1875,5449.125,22848.125
4009.1875,5449.125,22848.125
4009.1875,5449.125,22847.8125
4009.1875,5449.125,22847.8125
4009.1875,5449.125,22847.8125
4009.125,5449.1875,22847.8125
4009.125,5449.1875,22847.8125
4009.125,5449.1875,22847.8125
4009.125,5449.1875,22847.8125
4009.125,5449.1875,22847.8125
4009.125,5449.1875,22847.8125
4009.125,5449.1875,22847.8125
4009.125,5449.1875,22847.8125
4009.125,5449.1875,22847.8125
4009.125,5449.1875,22847.8125
4009.3125,5449.1875,22847.625
4009.8125,5449.1875,22847.125
4010.0,5449.1875,22846.9375
4010.0,5449.1875,22846.9375
4010.0,5449.1875,22846.9375
4010.0,5449.1875,22846.9375
4010.0,5449.1875,22846.9375
4010.0,5449.1875,22846.9375
4010.0,5449.1875,22846.9375
4010.0,5449.1875,22846.9375
4009.8125,5449.1875,22847.125
4009.8125,5449.1875,22847.125
4009.8125,5449.1875,22847.125
4009.8125,5449.1875,22847.125
4009.8125,5449.1875,22847.125
4009.8125,5449.1875,22847.125
4009.4375,5449.1875,22847.5
4010.125,5449.1875,22846.8125
4009.9375,5449.1875,22847.0
4011.25,5449.1875,22845.6875
4011.0625,5449.1875,22845.875
4010.6875,5449.1875,22846.25
4010.6875,5449.125,22846.25
4010.875,5449.1875,22846.0625
4010.875,5449.1875,22846.0625
4010.875,5449.1875,22846.0625
4010.875,5449.1875,22846.0625
4024.3125,5449.1875,22832.5625
4016.6875,5449.1875,22840.1875
4016.6875,5449.1875,22840.1875
4016.75,5449.1875,22840.125
4016.6875,5449.1875,22840.1875
4017.0625,5449.1875,22839.8125
4017.0625,5449.1875,22839.8125
4017.0625,5449.1875,22839.8125
4017.0625,5449.1875,22839.8125
4017.0625,5449.1875,22839.8125
4017.0,5449.1875,22839.875
4017.0,5449.1875,22839.875
4017.0,5449.1875,22839.875
4016.8125,5449.1875,22840.0625
4016.4375,5449.1875,22840.4375
4016.4375,5449.1875,22840.4375
4016.4375,5449.1875,22840.4375
4016.4375,5449.1875,22840.4375
4016.4375,5449.1875,22840.4375
4016.25,5449.1875,22840.625
4016.3125,5449.1875,22840.5
4016.125,5449.1875,22840.6875
4015.9375,5449.1875,22840.875
4015.9375,5449.1875,22840.875
4015.9375,5449.1875,22840.875
4016.125,5449.1875,22840.6875
4050.75,5449.1875,22806.0625
4052.0625,5449.1875,22804.75
4064.25,5449.1875,22792.5625
4064.4375,5449.1875,22792.375
4064.8125,5449.1875,22792.0
4064.8125,5449.1875,22792.0
4064.8125,5449.1875,22792.0
4065.0,5449.1875,22791.8125
4061.0625,5449.25,22795.5
4061.9375,5449.25,22794.625
4061.9375,5449.25,22794.625
4061.9375,5449.25,22794.625
4061.9375,5449.25,22794.625
4061.9375,5449.25,22794.625
4062.125,5449.3125,22794.4375
4062.125,5449.3125,22794.4375
4062.125,5449.3125,22794.4375
4062.125,5449.3125,22794.4375
4062.125,5449.3125,22794.4375
4062.0,5449.3125,22794.5625
4062.0,5449.3125,22794.5625
4062.0,5449.3125,22794.5625
4062.0,5449.3125,22794.5625
4061.125,5449.3125,22795.4375
4060.8125,5449.3125,22795.6875
4060.75,5449.3125,22795.75
4060.75,5449.3125,22795.75
4060.5625,5449.3125,22795.9375
4060.375,5449.3125,22796.125
4060.3125,5449.3125,22796.1875
4060.3125,5449.3125,22796.1875
4060.3125,5449.3125,22796.1875
4060.3125,5449.3125,22796.1875
4060.3125,5449.3125,22796.1875
4060.3125,5449.3125,22796.1875
4060.3125,5449.3125,22796.1875
4060.4375,5449.6875,22795.875
4060.4375,5449.6875,22795.875
4059.75,5449.6875,22796.5625
4061.4375,5449.6875,22794.6875
4061.375,5449.6875,22794.75
4061.5625,5449.6875,22794.5625
4061.5625,5449.6875,22794.5625
4061.5625,5449.6875,22794.5625
4061.5625,5449.6875,22794.5625
4061.5625,5449.6875,22794.5625
4061.5625,5449.6875,22794.5625
4061.5625,5449.6875,22794.5625
4061.5625,5449.6875,22794.5625
4061.5625,5449.6875,22794.5625
4061.5625,5449.6875,22794.5625
4061.5625,5449.6875,22794.5625
4061.5625,5449.6875,22794.5625
4062.0625,5449.6875,22794.0625
4062.4375,5449.6875,22793.6875
4062.4375,5449.6875,22793.6875
4062.25,5449.6875,22793.875
4062.1875,5449.6875,22793.9375
4061.75,5449.6875,22794.375
4061.9375,5449.6875,22794.1875
4061.9375,5449.6875,22794.1875
4061.8125,5449.6875,22794.3125
4061.8125,5449.6875,22794.3125
4061.8125,5449.6875,22794.3125
4061.8125,5449.6875,22794.3125
4061.625,5449.6875,22794.5
4061.625,5449.6875,22794.5
4061.625,5449.6875,22794.5
4061.625,5449.6875,22794.5
4061.875,5449.6875,22794.25
4063.5625,5449.6875,22792.5625
4063.375,5449.6875,22792.75
4063.375,5449.6875,22792.75
4063.375,5449.6875,22792.75
4063.0625,5449.625,22793.0625
4062.875,5449.6875,22793.25
4062.875,5449.6875,22793.25
4062.5,5449.6875,22793.625
4063.0625,5449.6875,22793.0625
4063.0625,5449.6875,22793.0625
4063.0625,5449.6875,22793.0625
4063.0625,5449.6875,22793.0625
4063.0625,5449.6875,22793.0625
4061.4375,5449.6875,22794.6875
4060.5,5449.6875,22795.625
4060.4375,5449.6875,22795.6875
4060.4375,5449.6875,22795.6875
4060.4375,5449.6875,22795.6875
4060.375,5449.6875,22795.75
4060.375,5449.6875,22795.75
4060.375,5449.6875,22795.75
4060.375,5449.6875,22795.75
4060.3125,5449.6875,22795.8125
4060.3125,5449.6875,22795.8125
4060.3125,5449.6875,22795.8125
4060.3125,5449.6875,22795.8125
4060.3125,5449.6875,22795.8125
4060.3125,5449.6875,22795.8125
4060.375,5449.6875,22795.75
4061.6875,5449.6875,22794.4375
4061.6875,5449.6875,22794.4375
4061.5625,5449.6875,22794.5625
4061.5625,5449.6875,22794.5625
4061.5625,5449.6875,22794.5625
4099.25,5449.6875,22756.875
4103.375,5449.6875,22752.75
4104.875,5449.6875,22751.25
4108.8125,5449.6875,22747.3125
4108.8125,5449.6875,22747.3125
4108.8125,5449.6875,22747.3125
4108.8125,5449.6875,22747.3125
4108.8125,5449.6875,22747.3125
4108.8125,5449.6875,22747.3125
4108.75,5449.6875,22747.375
4109.375,5449.6875,22746.5
4108.875,5449.625,22747.0
4108.625,5449.6875,22747.25
4108.625,5449.6875,22747.25
4108.625,5449.625,22747.25
4109.1875,5450.375,22746.6875
4117.5,5450.375,22738.25
4118.4375,5450.375,22737.3125
4112.75,5450.375,22743.0
4112.75,5450.375,22743.0
4112.75,5450.375,22743.0
4112.75,5450.375,22743.0
4112.75,5450.375,22743.0
4112.5625,5450.375,22743.1875
4112.1875,5450.375,22743.5625
4111.1875,5450.5,22743.8125
4111.0,5450.5,22744.0
4111.0,5450.5,22744.0
4111.0,5450.5,22744.0
4110.875,5450.5,22744.125
4110.875,5450.4375,22744.125
4111.0625,5450.5,22743.9375
4111.0625,5450.5,22743.9375
4111.0625,5450.5,22743.9375
4111.0625,5450.5,22743.9375
4111.0625,5450.5,22743.9375
4111.0625,5450.5,22743.9375
4111.0625,5450.5,22743.9375
4111.0625,5450.5,22743.9375
4111.0625,5450.5,22743.9375
4111.125,5450.5,22743.875
4110.9375,5450.5,22744.0625
4110.9375,5450.5,22744.0625
4110.9375,5450.5,22744.0625
4110.9375,5450.5,22744.0625
4111.125,5450.4375,22743.875
4111.125,5450.5,22743.875
4111.0625,5450.5,22743.9375
4110.625,5450.5,22744.375
4110.625,5450.5,22744.375
4110.625,5450.5,22744.375
4110.625,5450.5,22744.375
4110.625,5450.5,22744.375
4110.625,5450.5,22744.375
4110.625,5450.5,22744.375
4111.9375,5450.5,22743.0625
4111.75,5450.5,22743.25
4111.75,5450.5,22743.25
4111.75,5450.5,22743.25
4111.75,5450.5,22743.25
4111.75,5450.5,22743.25
4111.75,5450.5,22743.25
4111.75,5450.5,22743.25
4111.75,5450.5,22743.25
4111.75,5450.5,22743.25
4111.75,5450.5,22743.25
4111.3125,5450.5,22743.6875
4111.3125,5450.5,22743.6875
4111.3125,5450.5,22743.6875
4111.5,5450.5,22743.5
4112.375,5450.5,22742.625
4112.5,5450.375,22742.625
4112.5,5450.375,22742.625
4112.5,5450.375,22742.625
4112.25,5450.375,22742.875
4112.1875,5450.3125,22742.9375
4112.1875,5450.375,22742.9375
4112.1875,5450.375,22742.9375
4112.1875,5450.375,22742.9375
4112.1875,5450.375,22742.9375
4112.1875,5450.375,22742.9375
4112.1875,5450.375,22742.9375
4112.125,5450.375,22743.0
4112.25,5450.4375,22742.875
4112.4375,5450.4375,22742.6875
4112.5625,5450.4375,22742.5625
4112.5625,5450.4375,22742.5625
4112.5625,5450.4375,22742.5625
4112.5,5450.4375,22742.625
4112.5,5450.4375,22742.625
4112.3125,5450.4375,22742.8125
4112.3125,5450.4375,22742.8125
4112.3125,5450.4375,22742.8125
4112.3125,5450.4375,22742.8125
4111.3125,5450.4375,22743.4375
4111.3125,5450.4375,22743.4375
4111.3125,5450.4375,22743.4375
4111.3125,5450.4375,22743.4375
4111.3125,5450.4375,22743.4375
4111.5,5450.4375,22743.25
4112.625,5450.4375,22742.125
4112.625,5450.4375,22742.125
4112.3125,5450.4375,22742.4375
4112.3125,5450.4375,22742.4375
4112.3125,5450.4375,22742.4375
4112.3125,5450.375,22742.4375
4112.3125,5450.4375,22742.4375
4112.3125,5450.4375,22742.4375
4112.3125,5450.4375,22742.4375
4112.3125,5450.4375,22742.4375
4112.3125,5450.4375,22742.4375
4112.3125,5450.4375,22742.4375
4112.3125,5450.4375,22742.4375
4112.3125,5450.4375,22742.4375
4111.75,5450.4375,22743.0
4112.6875,5450.4375,22741.9375
4112.5,5450.4375,22742.125
4112.5,5450.4375,22742.125
4112.4375,5450.4375,22742.1875
4160.5,5450.5,22694.125
4161.0625,5450.5,22693.5625
4167.25,5450.5,22687.375
4172.8125,5450.5,22681.75
4175.25,5450.5,22679.3125
4175.25,5450.5,22679.3125
4175.25,5450.4375,22679.3125
4175.25,5450.5,22679.3125
4175.25,5450.5,22679.3125
4175.25,5450.5,22679.3125
4175.0,5450.5,22679.5625
4174.5625,5450.5,22679.9375
4174.5625,5450.5,22679.9375
4174.5625,5450.5,22679.9375
4174.5625,5450.4375,22679.9375
4174.5625,5450.5,22679.9375
4174.375,5450.5,22680.125
4174.375,5450.5,22680.125
4174.25,5450.5,22680.25
4174.125,5450.5,22680.375
4174.125,5450.5,22680.375
4174.125,5450.5,22680.375
4174.125,5450.5,22680.375
4174.125,5450.5,22680.375
4174.125,5450.5,22680.375
4174.125,5450.5,22680.375
4174.1875,5450.5,22680.125
4174.1875,5450.5,22680.125
4174.0,5450.5,22680.3125
4174.0,5450.5,22680.3125
4174.0,5450.5,22680.3125
4174.0,5450.5,22680.3125
4174.0,5450.5,22680.3125
4174.0,5450.5,22680.3125
4174.0,5450.5,22680.3125
4174.0,5450.5,22680.3125
4174.1875,5450.5,22680.125
4174.0,5450.5,22680.3125
4174.0,5450.5,22680.3125
4174.0,5450.5,22680.3125
4173.625,5450.5,22680.6875
4174.125,5450.5,22680.1875
4174.125,5450.5,22680.1875
4173.9375,5450.5,22680.375
4173.625,5450.5,22680.6875
4173.375,5450.5,22680.9375
4173.0625,5450.5,22681.25
4173.0625,5450.5,22681.25
4172.875,5450.5,22681.4375
4172.875,5450.5,22681.4375
4172.875,5450.5,22681.4375
4180.9375,5450.5,22673.375
4180.9375,5450.5,22673.375
4180.9375,5450.5,22673.375
4180.9375,5450.5,22673.375
4181.0,5450.5,22673.3125
4180.875,5450.5,22673.4375
4180.875,5450.5,22673.4375
4180.875,5450.5,22673.4375
4180.875,5450.5,22673.4375
4180.875,5450.5,22673.4375
4180.875,5450.5,22673.4375
4180.875,5450.5,22673.4375
4180.875,5450.5,22673.4375
4180.875,5450.5,22673.4375
4180.6875,5450.5,22673.625
4180.875,5450.5,22673.4375
4180.875,5450.5,22673.4375
4180.875,5450.5,22673.4375
4180.875,5450.5,22673.4375
4180.4375,5450.5,22673.875
4180.8125,5450.5,22673.375
4180.8125,5450.5,22673.375
4180.8125,5450.5,22673.375
4180.8125,5450.5,22673.375
4180.8125,5450.5,22673.375
4180.75,5450.5625,22673.375
4179.9375,5450.5625,22674.1875
4179.9375,5450.5625,22674.1875
4179.8125,5450.5625,22674.3125
4179.8125,5450.5625,22674.3125
4179.8125,5450.5625,22674.3125
4179.8125,5450.5625,22674.3125
4179.8125,5450.5625,22674.3125
4179.8125,5450.5625,22674.3125
4179.8125,5450.5625,22674.3125
4181.0625,5450.5625,22673.0625
4181.0625,5450.5625,22673.0625
4181.0625,5450.5625,22673.0625
4181.0625,5450.5625,22673.0625
4181.0625,5450.5625,22673.0625
4181.0625,5450.5,22673.0625
4181.0625,5450.5625,22673.0625
4181.0625,5450.5625,22673.0625
4181.0625,5450.5625,22673.0625
4181.0625,5450.5625,22673.0625
4181.25,5450.5625,22672.875
4181.25,5450.5625,22672.875
4181.25,5450.5625,22672.875
4181.25,5450.5625,22672.875
4181.0,5450.5625,22673.125
4180.5,5450.5,22673.625
4180.6875,5450.5625,22673.4375
4180.6875,5450.5625,22673.4375
4180.6875,5450.5625,22673.4375
4180.6875,5450.5625,22673.4375
4180.875,5450.5625,22673.25
4180.875,5450.5625,22673.25
4180.875,5450.5625,22673.25
4180.875,5450.5625,22673.25
4180.875,5450.5625,22673.25
4180.875,5450.5625,22673.25
4180.8125,5450.5625,22673.3125
4180.8125,5450.5625,22673.3125
4180.8125,5450.5625,22673.3125
4180.625,5450.4375,22673.5
4180.9375,5450.9375,22673.0
4180.9375,5450.9375,22673.0
4181.125,5450.9375,22672.8125
4181.125,5450.9375,22672.8125
4181.125,5450.9375,22672.8125
4181.125,5450.9375,22672.8125
4180.875,5450.9375,22673.0625
4180.8125,5450.9375,22673.125
4180.8125,5450.9375,22673.125
4180.8125,5450.9375,22673.125
4180.8125,5450.9375,22673.125
4180.9375,5450.9375,22673.0
4180.9375,5450.9375,22673.0
4180.9375,5450.9375,22673.0
4181.3125,5450.9375,22672.625
4179.8125,5450.9375,22673.6875
4179.8125,5450.9375,22673.6875
4179.8125,5450.9375,22673.6875
4179.8125,5450.9375,22673.6875
4179.4375,5450.9375,22674.0625
4179.4375,5450.9375,22674.0625
4179.4375,5450.9375,22674.0625
4179.4375,5450.9375,22674.0625
4179.4375,5450.9375,22674.0625
4232.6875,5450.9375,22620.8125
4232.3125,5450.9375,22621.1875
4232.3125,5450.9375,22621.1875
4232.3125,5450.9375,22621.1875
4232.3125,5450.9375,22621.1875
4232.4375,5450.9375,22621.0625
4232.0625,5450.9375,22621.1875
4232.0625,5450.9375,22621.1875
4231.6875,5450.9375,22621.5625
4231.6875,5450.9375,22621.5625
4231.6875,5450.9375,22621.5625
4231.8125,5450.9375,22621.4375
4231.8125,5450.9375,22621.4375
4231.8125,5450.9375,22621.4375
4231.8125,5450.9375,22621.4375
4231.8125,5450.9375,22621.4375
4231.8125,5450.9375,22621.4375
4232.75,5450.9375,22620.5
4233.5625,5450.9375,22619.6875
4233.5625,5450.9375,22619.6875
4234.125,5450.9375,22619.125
4234.875,5450.9375,22618.375
4234.875,5450.875,22618.375
4233.25,5450.9375,22620.0
4233.25,5450.9375,22620.0
4233.4375,5450.9375,22619.8125
4233.375,5450.9375,22619.875
4233.375,5450.9375,22619.875
4233.375,5450.9375,22619.875
4233.375,5450.9375,22619.875
4233.375,5450.9375,22619.875
4233.375,5450.9375,22619.875
4233.375,5450.9375,22619.875
4233.375,5450.9375,22619.875
4233.375,5450.9375,22619.875
4232.75,5450.9375,22620.5
4232.9375,5450.9375,22620.3125
4232.9375,5450.9375,22620.3125
4232.9375,5450.9375,22620.3125
4232.9375,5450.9375,22620.3125
4232.9375,5450.875,22620.3125
4232.6875,5450.9375,22620.5625
4232.6875,5450.9375,22620.5625
4232.6875,5450.9375,22620.5625
4232.6875,5450.9375,22620.5625
4232.6875,5450.9375,22620.5625
4232.6875,5450.9375,22620.5625
4232.6875,5450.9375,22620.5625
4232.6875,5450.9375,22620.5625
4232.5625,5450.9375,22620.6875
4232.3125,5450.9375,22620.9375
4233.5625,5450.9375,22619.6875
4233.5625,5450.9375,22619.6875
4233.5625,5450.875,22619.6875
4233.5625,5450.9375,22619.6875
4233.5625,5450.9375,22619.6875
4237.0625,5450.9375,22615.9375
4242.875,5450.9375,22610.125
4234.0625,5450.9375,22618.9375
4234.0625,5450.9375,22618.9375
4234.0625,5450.9375,22618.9375
4234.0625,5450.9375,22618.9375
4234.0625,5450.9375,22618.9375
4234.0625,5450.9375,22618.9375
4234.0625,5450.9375,22618.9375
4233.5625,5450.9375,22619.4375
4233.9375,5450.9375,22619.0625
4236.3125,5447.8125,22619.8125
4236.25,5447.8125,22619.875
4236.25,5447.8125,22619.875
4236.25,5447.8125,22619.875
4236.25,5447.75,22619.875
4236.1875,5447.8125,22619.9375
4236.1875,5447.8125,22619.9375
4236.1875,5447.8125,22619.9375
4236.0625,5447.75,22620.125
4236.0625,5447.8125,22620.125
4235.875,5447.8125,22620.3125
4235.875,5447.8125,22620.3125
4235.875,5447.8125,22620.3125
4235.875,5447.8125,22620.3125
4235.625,5447.8125,22620.5625
4235.375,5447.8125,22620.8125
4235.375,5447.8125,22620.8125
4238.0,5447.8125,22618.1875
4232.9375,5447.75,22623.25
4232.9375,5447.8125,22623.25
4232.75,5447.8125,22623.4375
4232.75,5447.8125,22623.4375
4232.5,5447.8125,22623.6875
4232.5,5447.8125,22623.6875
4232.5,5447.8125,22623.6875
4232.5,5447.8125,22623.6875
4232.5,5447.8125,22623.6875
4232.5,5447.8125,22623.6875
4231.75,5447.8125,22624.4375
4231.75,5447.875,22624.4375
4231.75,5447.875,22624.4375
4231.75,5447.875,22624.4375
4231.75,5447.875,22624.4375
4231.75,5447.875,22624.4375
4231.75,5447.875,22624.4375
4231.75,5447.875,22624.4375
4231.75,5447.875,22624.4375
4231.75,5447.875,22624.4375
4231.75,5447.875,22624.4375
4231.75,5447.875,22624.4375
4231.75,5447.875,22624.4375
4231.75,5447.875,22624.4375
4231.75,5447.875,22624.4375
4230.8125,5447.875,22625.3125
4230.75,5447.875,22625.375
4230.6875,5447.875,22625.4375
4230.625,5447.875,22625.5
4230.625,5447.875,22625.5
4230.625,5447.875,22625.5
4230.625,5447.875,22625.5
4230.5625,5447.875,22625.5625
4230.3125,5447.875,22625.8125
4230.3125,5447.875,22625.8125
4230.3125,5447.875,22625.8125
4230.3125,5447.875,22625.8125
4230.3125,5447.875,22625.8125
4230.3125,5447.875,22625.8125
4230.3125,5447.875,22625.8125
4230.25,5447.875,22625.875
4231.375,5447.875,22624.75
4231.125,5447.875,22625.0
4231.0625,5447.875,22625.0625
4231.0625,5447.875,22625.0625
4231.0625,5447.875,22625.0625
4279.8125,5447.9375,22576.3125
4282.0,5447.9375,22574.125
4282.0,5447.9375,22574.125
4282.0,5447.9375,22574.125
4282.0,5447.9375,22574.125
4282.0,5447.9375,22574.125
4281.625,5447.9375,22574.5
4281.625,5447.9375,22574.5
4281.625,5447.9375,22574.5
4281.375,5447.875,22574.75
4281.8125,5447.9375,22574.3125
4281.8125,5447.9375,22574.3125
4281.8125,5447.9375,22574.3125
4281.8125,5447.9375,22574.3125
4281.4375,5447.9375,22574.6875
4281.25,5447.9375,22574.875
4281.25,5447.9375,22574.875
4281.1875,5447.9375,22574.9375
4281.1875,5447.9375,22574.9375
4281.1875,5447.9375,22574.9375
4281.1875,5447.9375,22574.9375
4281.1875,5447.9375,22574.9375
4281.1875,5447.9375,22574.9375
4281.1875,5447.9375,22574.9375
4281.4375,5447.9375,22574.6875
4282.125,5447.9375,22574.0
4282.125,5447.9375,22574.0
4282.3125,5447.9375,22573.8125
4282.3125,5447.9375,22573.8125
4282.5,5447.9375,22573.625
4282.3125,5447.875,22573.8125
4282.0625,5447.9375,22574.0625
4282.0625,5447.9375,22574.0625
4282.0625,5447.9375,22574.0625
4282.0625,5447.9375,22574.0625
4282.0625,5447.9375,22574.0625
4282.0625,5447.9375,22574.0625
4282.0625,5447.9375,22574.0625
4282.0625,5447.9375,22574.0625
4282.125,5447.875,22574.0
4282.75,5447.9375,22573.375
4282.5625,5447.9375,22573.5625
4282.5625,5447.9375,22573.5625
4282.375,5447.9375,22573.75
4282.375,5447.9375,22573.75
4282.1875,5447.9375,22573.9375
4282.1875,5447.9375,22573.9375
4282.1875,5447.9375,22573.9375
4282.1875,5447.9375,22573.9375
4282.1875,5447.9375,22573.9375
4282.1875,5447.9375,22573.9375
4282.1875,5447.9375,22573.9375
4282.1875,5447.9375,22573.9375
4282.1875,5447.9375,22573.9375
4282.0,5447.9375,22574.125
4282.4375,5447.9375,22573.6875
4282.3125,5447.9375,22573.8125
4282.125,5447.9375,22574.0
4282.125,5447.9375,22574.0
4282.125,5447.9375,22574.0
4282.125,5447.875,22574.0
4282.125,5447.9375,22574.0
4282.125,5447.9375,22574.0
4282.125,5447.9375,22574.0
4282.125,5447.9375,22574.0
4282.125,5447.9375,22574.0
4282.0625,5447.9375,22574.0625
4282.0625,5447.9375,22574.0625
4282.0625,5447.9375,22574.0625
4282.4375,5447.9375,22573.6875
4280.5,5447.9375,22575.125
4280.3125,5447.9375,22575.3125
4280.125,5447.9375,22575.5
4280.125,5447.9375,22575.5
4279.9375,5447.9375,22575.6875
4279.9375,5447.9375,22575.6875
4279.9375,5447.9375,22575.6875
4279.9375,5447.9375,22575.6875
4279.9375,5447.9375,22575.6875
4294.9375,5447.9375,22560.6875
4287.25,5447.9375,22568.375
4287.0625,5447.9375,22568.5625
4287.0625,5447.9375,22568.5625
4287.0625,5447.9375,22568.5625
4286.8125,5447.9375,22568.8125
4287.4375,5447.9375,22568.125
4287.4375,5447.9375,22568.125
4287.375,5447.9375,22568.1875
4287.375,5447.9375,22568.1875
4287.3125,5447.9375,22568.25
4287.3125,5447.9375,22568.25
4287.3125,5447.9375,22568.25
4287.3125,5447.9375,22568.25
4287.3125,5447.9375,22568.25
4287.3125,5447.9375,22568.25
4287.3125,5447.9375,22568.25
4287.3125,5447.9375,22568.25
4287.3125,5447.9375,22568.25
4287.3125,5447.9375,22568.25
4287.0,5447.9375,22568.5
4287.0,5447.9375,22568.5
4286.6875,5447.9375,22568.8125
4286.6875,5447.9375,22568.8125
4286.6875,5447.9375,22568.8125
4286.6875,5447.9375,22568.8125
4286.8125,5447.9375,22568.6875
4286.8125,5447.9375,22568.6875
4286.6875,5447.9375,22568.8125
4286.6875,5447.9375,22568.8125
4286.1875,5447.9375,22569.3125
4286.1875,5447.9375,22569.3125
4286.1875,5447.9375,22569.3125
4286.1875,5447.9375,22569.3125
4286.1875,5447.9375,22569.3125
4286.0625,5447.9375,22569.4375
4286.0625,5447.9375,22569.4375
4286.0625,5447.9375,22569.4375
4286.0,5447.9375,22569.5
4285.9375,5447.9375,22569.5625
4285.9375,5447.9375,22569.5625
4285.9375,5447.9375,22569.5625
4285.9375,5447.9375,22569.5625
4285.9375,5447.9375,22569.5625
4285.875,5447.9375,22569.625
4285.375,5447.9375,22570.125
4285.5625,5447.9375,22569.9375
4285.5625,5447.9375,22569.9375
4285.5625,5447.9375,22569.9375
4285.5625,5447.9375,22569.9375
4285.5625,5447.9375,22569.9375
4285.5625,5447.9375,22569.9375
4285.5625,5447.9375,22569.9375
4336.6875,5448.0625,22518.75
4336.375,5448.0625,22518.8125
4336.375,5448.0625,22518.8125
4336.0,5448.0625,22519.1875
4336.0,5448.0625,22519.1875
4335.6875,5448.125,22519.4375
4335.6875,5448.125,22519.4375
4335.6875,5448.125,22519.4375
4335.6875,5448.125,22519.4375
4335.25,5448.125,22519.875
4335.25,5448.125,22519.875
4335.25,5448.125,22519.875
4335.25,5448.125,22519.875
4335.1875,5448.125,22519.9375
4335.375,5448.125,22519.75
4334.875,5448.125,22520.25
4334.875,5448.125,22520.25
4334.875,5448.125,22520.25
4334.875,5448.125,22520.25
4334.875,5448.125,22520.25
4334.875,5448.125,22520.25
4335.0625,5448.125,22520.0625
4335.25,5448.125,22519.875
4335.25,5448.125,22519.875
4335.25,5448.125,22519.875
4335.25,5448.125,22519.875
4335.25,5448.125,22519.875
4335.25,5448.125,22519.875
4335.25,5448.125,22519.875
4335.25,5448.125,22519.875
4335.25,5448.125,22519.875
4335.375,5448.125,22519.75
4335.375,5448.125,22519.75
4335.375,5448.125,22519.75
4335.375,5448.125,22519.75
4335.375,5448.125,22519.75
4334.9375,5448.125,22520.1875
4334.9375,5448.125,22520.1875
4334.9375,5448.125,22520.1875
4334.9375,5448.125,22520.1875
4334.8125,5448.125,22520.3125
4334.75,5448.125,22520.375
4334.9375,5448.125,22520.1875
4334.9375,5448.125,22520.1875
4334.9375,5448.125,22520.1875
4334.9375,5448.125,22520.0
4335.125,5448.125,22519.8125
4335.125,5448.125,22519.8125
4335.125,5448.125,22519.8125
4335.125,5448.125,22519.8125
4335.125,5448.125,22519.8125
4335.125,5448.125,22519.8125
4335.0,5448.125,22519.9375
4335.0,5448.125,22519.9375
4335.0,5448.125,22519.9375
4335.1875,5448.125,22519.75
4334.8125,5448.125,22520.125
4337.125,5448.125,22517.8125
4337.125,5448.125,22517.8125
4337.125,5448.125,22517.8125
4337.0625,5448.125,22517.875
4336.75,5448.125,22518.1875
4335.625,5448.125,22519.3125
4335.625,5448.125,22519.3125
4335.625,5448.125,22519.3125
4335.625,5448.125,22519.3125
4335.75,5448.125,22519.1875
4335.75,5448.125,22519.1875
4335.75,5448.125,22519.1875
4335.75,5448.125,22519.1875
4332.5625,5448.125,22522.1875
4332.6875,5448.125,22522.0625
4332.875,5448.125,22521.875
4332.875,5448.125,22521.875
4332.875,5448.125,22521.875
4332.875,5448.125,22521.875
4332.875,5448.125,22521.875
4332.875,5448.125,22521.875
4332.875,5448.125,22521.875
4332.875,5448.125,22521.875
4332.875,5448.125,22521.875
4332.875,5448.125,22521.875
4332.875,5448.125,22521.875
4332.875,5448.125,22521.875
4332.875,5448.125,22521.875
4332.875,5448.125,22521.875
4332.6875,5448.125,22522.0625
4333.25,5448.125,22521.5
4333.25,5448.125,22521.5
4333.25,5448.125,22521.5
4333.25,5448.125,22521.5
4333.25,5448.125,22521.5
4339.4375,5448.125,22515.3125
4342.1875,5448.125,22512.5625
4335.75,5448.125,22519.0
4335.75,5448.125,22519.0
4335.5625,5448.125,22519.1875
4335.5625,5448.125,22519.1875
4335.5,5448.125,22519.25
4335.3125,5448.125,22519.4375
4335.3125,5448.125,22519.4375
4335.125,5448.125,22519.625
4335.0625,5448.125,22519.5625
4335.25,5448.125,22519.375
4335.25,5448.125,22519.375
4335.4375,5448.125,22519.1875
4335.5,5448.125,22519.125
4335.5,5448.125,22519.125
4335.5,5448.125,22519.125
4335.5,5448.125,22519.125
4335.5,5448.125,22519.125
4335.5,5448.125,22519.125
4335.5,5448.125,22519.125
4335.5,5448.125,22519.125
4335.5,5448.125,22519.125
4335.5,5448.125,22519.125
4335.6875,5448.125,22518.9375
4335.6875,5448.125,22518.9375
4335.3125,5448.125,22519.3125
4335.3125,5448.125,22519.3125
4335.3125,5448.125,22519.3125
4335.3125,5448.125,22519.3125
4335.3125,5448.125,22519.3125
4335.5,5448.125,22519.125
4335.5,5448.125,22519.125
4335.5,5448.125,22519.125
4334.9375,5448.125,22519.6875
4334.9375,5448.125,22519.6875
4335.125,5448.125,22519.5
4335.125,5448.125,22519.5
4335.125,5448.125,22519.5
4335.3125,5448.125,22519.3125
4335.0625,5448.125,22519.5
4335.25,5448.125,22519.3125
4384.125,5448.125,22470.4375
4387.125,5448.125,22467.4375
4386.9375,5448.125,22467.625
4386.75,5448.125,22467.8125
4386.5625,5448.125,22468.0
4386.5625,5448.125,22468.0
4386.375,5448.125,22468.1875
4386.5625,5448.125,22468.0
4386.5625,5448.125,22468.0
4386.375,5448.125,22468.1875
4386.3125,5448.125,22468.25
4386.125,5448.125,22468.4375
4386.25,5448.125,22468.3125
4385.875,5448.125,22468.625
4385.6875,5448.125,22468.8125
4385.6875,5448.125,22468.8125
4385.6875,5448.0,22468.875
4385.6875,5448.0,22468.875
4385.6875,5448.0,22468.875
4385.6875,5448.0,22468.875
4385.6875,5448.0,22468.875
4385.6875,5448.0,22468.875
4385.625,5448.0,22468.9375
4385.8125,5448.0,22468.75
4385.8125,5448.0,22468.75
4385.8125,5448.0,22468.75
4385.625,5448.0,22468.9375
4385.625,5448.0,22468.9375
4386.5625,5448.0,22468.0
4386.75,5448.0625,22467.8125
4386.375,5448.0625,22468.1875
4386.375,5448.0625,22468.1875
4386.375,5448.0625,22468.1875
4386.125,5448.0625,22468.4375
4386.125,5448.0625,22468.4375
4385.875,5448.0625,22468.6875
4385.875,5448.0625,22468.6875
4385.9375,5448.0625,22468.625
4385.9375,5448.0625,22468.625
4385.875,5448.0625,22468.6875
4385.875,5448.0625,22468.6875
4385.75,5448.0625,22468.8125
4385.625,5448.0625,22469.0
4385.5625,5448.0625,22468.9375
4385.5625,5448.0625,22468.9375
4385.4375,5448.0625,22469.0625
4385.0625,5448.0625,22469.4375
4385.0625,5448.0625,22469.4375
4385.0625,5448.0625,22469.4375
4385.0625,5448.0625,22469.4375
4384.875,5448.0625,22469.625
4385.0625,5448.0625,22469.4375
4385.0625,5448.0625,22469.4375
4385.0,5448.0625,22469.5
4385.0,5448.0625,22469.5
4385.0,5448.0625,22469.5
4384.8125,5448.0625,22469.6875
4384.75,5448.0625,22469.75
4384.3125,5448.0625,22470.1875
4384.25,5448.0625,22470.25
4384.4375,5448.0,22470.0625
4384.375,5448.0625,22470.125
4384.3125,5448.0625,22470.1875
4384.3125,5448.0625,22470.1875
4384.5,5448.0625,22470.0
4384.5,5448.0625,22470.0
4384.3125,5448.0625,22470.1875
4384.1875,5448.0625,22470.3125
4384.1875,5448.0625,22470.3125
4384.375,5448.0625,22470.125
4384.375,5448.0625,22470.125
4384.375,5448.0625,22470.125
4384.75,5448.0625,22469.75
4383.75,5448.0625,22470.75
4383.9375,5448.0625,22470.5625
4383.75,5448.0625,22470.75
4383.75,5448.0625,22470.75
4383.75,5448.0625,22470.75
4383.75,5448.0625,22470.75
4383.9375,5448.0625,22470.5625
4383.9375,5448.0625,22470.5625
4383.875,5448.0625,22470.625
4383.875,5448.0625,22470.625
4383.8125,5448.0625,22470.6875
4383.625,5448.0625,22470.875
4383.625,5448.0625,22470.875
4383.625,5448.0625,22470.875
4384.0,5448.0625,22470.5
4384.6875,5448.0625,22469.8125
4384.6875,5448.0625,22469.8125
4384.6875,5448.0625,22469.8125
4384.6875,5448.0625,22469.8125
4384.625,5448.0625,22469.875
4384.4375,5448.0625,22470.0625
4384.75,5448.0625,22469.75
4384.75,5448.0625,22469.75
4384.75,5448.0625,22469.75
4384.75,5448.0625,22469.75
4384.9375,5448.1875,22469.5625
4384.9375,5448.1875,22469.5625
4384.9375,5448.1875,22469.5625
4384.9375,5448.1875,22469.5625
4385.375,5448.1875,22469.125
4385.8125,5448.1875,22468.375
4385.625,5448.1875,22468.5625
4385.625,5448.1875,22468.5625
4385.625,5448.1875,22468.5625
4385.625,5448.1875,22468.5625
4385.5625,5448.125,22468.625
4385.75,5448.1875,22468.4375
4385.5625,5448.1875,22468.625
4385.375,5448.1875,22468.8125
4385.5625,5448.1875,22468.625
4398.1875,5448.1875,22456.0
4390.875,5448.1875,22463.3125
4390.875,5448.1875,22463.3125
4390.875,5448.1875,22463.3125
4389.8125,5448.1875,22464.375
4391.6875,5448.1875,22462.5
4391.6875,5448.1875,22462.5
4391.6875,5448.1875,22462.5
4391.6875,5448.1875,22462.5
4391.6875,5448.125,22462.5
4391.5,5448.1875,22462.6875
4391.5,5448.1875,22462.6875
4391.5,5448.1875,22462.6875
4391.5,5448.1875,22462.6875
4391.6875,5448.1875,22462.5
4391.6875,5448.1875,22462.5
4391.6875,5448.1875,22462.5
4391.875,5448.1875,22462.3125
4391.875,5448.1875,22462.3125
4391.875,5448.1875,22462.3125
4392.6875,5448.1875,22461.4375
4445.5625,5448.1875,22408.5625
4445.0625,5448.1875,22409.0625
4445.5,5448.1875,22408.625
4445.5,5448.1875,22408.625
4445.5,5448.1875,22408.625
4442.0,5448.1875,22412.0
4442.0,5448.1875,22412.0
4442.0,5448.1875,22412.0
4442.0,5448.1875,22412.0
4442.0,5448.1875,22412.0
4441.6875,5448.1875,22412.3125
4441.6875,5448.1875,22412.3125
4441.6875,5448.1875,22412.3125
4441.875,5448.1875,22412.125
4443.0,5448.1875,22411.0
4443.0,5448.1875,22411.0
4443.0,5448.1875,22411.0
4443.0,5448.1875,22411.0
4443.0,5448.1875,22411.0
4442.875,5448.1875,22411.125
4442.875,5448.1875,22411.125
4442.875,5448.1875,22411.125
4442.875,5448.1875,22411.125
4442.875,5448.1875,22411.125
4442.875,5448.1875,22411.125
4442.875,5448.1875,22411.125
4442.875,5448.1875,22411.125
4442.875,5448.1875,22411.125
4442.875,5448.1875,22411.125
4442.0625,5448.1875,22411.9375
4442.0625,5448.1875,22411.9375
4442.0625,5448.1875,22411.9375
4442.0625,5448.1875,22411.9375
4442.25,5448.1875,22411.75
4442.1875,5448.1875,22411.8125
4442.1875,5448.1875,22411.8125
4442.0625,5448.1875,22411.9375
4442.0,5448.1875,22412.0
4442.1875,5448.1875,22411.8125
4441.75,5448.1875,22412.25
4441.75,5448.1875,22412.25
4442.0,5448.25,22411.9375
4442.0,5448.25,22411.9375
4441.9375,5448.25,22412.0
4441.6875,5448.25,22412.25
4441.3125,5448.25,22412.625
4441.3125,5448.25,22412.625
4441.0625,5448.25,22412.875
4441.0625,5448.25,22412.875
4441.25,5448.25,22412.6875
4441.25,5448.25,22412.6875
4441.25,5448.25,22412.6875
4441.25,5448.25,22412.6875
4441.25,5448.25,22412.6875
4441.25,5448.25,22412.6875
4441.25,5448.25,22412.6875
4441.25,5448.25,22412.6875
4441.25,5448.25,22412.6875
4440.625,5448.25,22413.3125
4440.0625,5448.25,22413.5625
4440.0625,5448.25,22413.5625
4439.875,5448.25,22413.75
4439.6875,5448.25,22413.9375
4439.625,5448.25,22414.0
4439.4375,5448.25,22414.1875
4439.4375,5448.25,22414.1875
4439.4375,5448.25,22414.1875
4439.625,5448.25,22414.0
4439.625,5448.25,22414.0
4439.5625,5448.25,22414.0625
4439.5625,5448.25,22414.0625
4439.5625,5448.25,22414.0625
4439.1875,5448.25,22414.4375
4439.25,5448.25,22414.375
4440.125,5448.25,22413.5
4440.125,5448.25,22413.5
4439.6875,5448.25,22413.9375
4439.6875,5448.0,22414.125
4439.875,5448.0,22413.9375
4439.1875,5448.0,22414.625
4439.1875,5448.0,22414.625
4439.1875,5448.0,22414.625
4439.1875,5448.0,22414.625
4439.1875,5448.0,22414.625
4439.1875,5448.0,22414.625
4439.1875,5448.0,22414.625
4439.1875,5448.0,22414.625
4439.1875,5448.0,22414.625
4438.875,5448.0,22414.9375
4438.4375,5448.0,22415.25
4438.4375,5448.0,22415.25
4439.625,5448.0,22414.0625
4440.0,5448.0,22413.6875
4439.8125,5448.0,22413.875
4439.8125,5448.0,22413.875
4439.8125,5448.0,22413.875
4439.8125,5448.0,22413.875
4438.3125,5448.0,22415.375
4438.3125,5448.0,22415.375
4438.3125,5448.0,22415.375
4438.3125,5448.0,22415.375
4438.3125,5448.0,22415.375
4438.3125,5448.0,22415.375
4438.5,5448.0,22415.1875
4438.0625,5448.0,22415.625
4437.9375,5448.0,22415.75
4437.9375,5448.125,22415.75
4437.9375,5448.125,22415.75
4437.9375,5448.125,22415.75
4437.9375,5448.125,22415.75
4438.125,5448.125,22415.5625
4438.125,5448.125,22415.5625
4438.125,5448.125,22415.5625
4437.875,5448.125,22415.8125
4437.875,5448.125,22415.8125
4437.875,5448.125,22415.8125
4437.875,5448.125,22415.8125
4437.875,5448.125,22415.8125
4438.25,5448.125,22415.4375
4438.75,5448.125,22414.9375
4438.6875,5448.1875,22414.9375
4438.875,5448.1875,22414.75
4438.875,5448.1875,22414.75
4438.875,5448.1875,22414.75
4446.0625,5448.1875,22407.5625
4445.8125,5448.1875,22407.8125
4438.0625,5448.1875,22415.5
4438.0625,5448.1875,22415.5
4438.0625,5448.1875,22415.5
4437.75,5448.1875,22415.8125
4437.75,5448.1875,22415.8125
4437.75,5448.1875,22415.8125
4437.5625,5448.1875,22416.0
4437.5625,5448.1875,22416.0
4437.375,5448.1875,22416.1875
4437.375,5448.1875,22416.1875
4437.375,5448.1875,22416.1875
4437.375,5448.1875,22416.1875
4437.375,5448.1875,22416.1875
4437.375,5448.1875,22416.1875
4437.5625,5448.1875,22416.0
4486.3125,5448.3125,22367.25
4491.1875,5448.3125,22362.375
4491.1875,5448.3125,22362.375
4491.125,5448.3125,22362.4375
4491.125,5448.3125,22362.4375
4491.125,5448.3125,22362.4375
4491.125,5448.3125,22362.4375
4490.75,5448.3125,22362.8125
4491.0625,5448.3125,22362.5
4490.9375,5448.3125,22362.625
4490.875,5448.3125,22362.6875
4490.875,5448.3125,22362.6875
4490.875,5448.3125,22362.6875
4490.75,5448.3125,22362.8125
4490.6875,5448.3125,22362.875
4490.6875,5448.3125,22362.875
4490.5,5448.3125,22363.0625
4490.6875,5448.3125,22362.875
4490.5,5448.3125,22363.0625
4490.5,5448.3125,22363.0625
4490.5,5448.3125,22363.0625
4490.5,5448.3125,22363.0625
4490.6875,5448.3125,22362.875
4491.875,5448.375,22361.5625
4491.875,5448.375,22361.5625
4491.875,5448.375,22361.5625
4491.875,5448.375,22361.5625
4491.8125,5448.375,22361.625
4491.8125,5448.375,22361.625
4491.625,5448.375,22361.8125
4491.625,5448.375,22361.8125
4491.625,5448.375,22361.8125
4491.625,5448.375,22361.8125
4491.625,5448.375,22361.8125
4491.4375,5448.375,22362.0
4491.4375,5448.375,22362.0
4491.4375,5448.375,22362.0
4491.375,5448.375,22362.0625
4491.125,5448.375,22362.3125
4491.125,5448.375,22362.3125
4491.125,5448.375,22362.3125
4490.875,5448.375,22362.5625
4490.875,5448.375,22362.5625
4490.875,5448.375,22362.5625
4490.5625,5448.375,22362.5625
4490.5625,5448.375,22362.5625
4490.5625,5448.375,22362.5625
4490.5625,5448.375,22362.5625
4490.5625,5448.375,22362.5625
4490.5625,5448.375,22362.5625
4490.5625,5448.375,22362.5625
4490.375,5448.375,22362.75
4490.25,5448.375,22362.875
4490.75,5448.375,22362.375
4490.75,5448.375,22362.375
4490.75,5448.375,22362.375
4490.75,5448.375,22362.375
4490.75,5448.3125,22362.375
4490.75,5448.375,22362.375
4490.875,5448.375,22362.25
4490.875,5448.375,22362.25
4490.875,5448.375,22362.25
4490.875,5448.375,22362.25
4490.875,5448.375,22362.25
4490.875,5448.375,22362.25
4490.875,5448.375,22362.25
4490.875,5448.375,22362.25
4490.8125,5448.3125,22362.3125
4489.875,5448.375,22363.25
4489.875,5448.375,22363.25
4489.875,5448.375,22363.25
4489.75,5448.375,22363.375
4489.75,5448.375,22363.375
4489.75,5448.375,22363.375
4489.75,5448.375,22363.375
4489.75,5448.375,22363.375
4489.625,5448.375,22363.5
4489.625,5448.375,22363.5
4489.625,5448.375,22363.5
4489.625,5448.375,22363.5
4489.625,5448.375,22363.5
4489.625,5448.375,22363.5
4489.625,5448.375,22363.5
4490.0,5448.375,22363.125
4489.8125,5448.375,22363.3125
4489.8125,5448.375,22363.3125
4489.8125,5448.375,22363.3125
4489.8125,5448.375,22363.3125
4490.0,5448.375,22363.125
4490.0,5448.375,22363.125
4489.9375,5448.375,22363.1875
4489.9375,5448.375,22363.1875
4489.9375,5448.375,22363.1875
4489.9375,5448.375,22363.1875
4489.9375,5448.375,22363.1875
4489.9375,5448.375,22363.1875
4489.9375,5448.375,22363.1875
4489.3125,5448.375,22363.8125
4489.9375,5448.375,22363.1875
4490.125,5448.375,22363.0
4490.125,5448.375,22363.0
4490.125,5448.375,22363.0
4489.9375,5448.375,22363.1875
4489.6875,5448.375,22363.4375
4489.6875,5448.375,22363.4375
4489.6875,5448.375,22363.4375
4489.6875,5448.375,22363.4375
4489.5,5448.375,22363.625
4489.5,5448.375,22363.625
4489.5,5448.375,22363.625
4489.4375,5448.375,22363.6875
4489.4375,5448.375,22363.6875
4489.4375,5448.375,22363.6875
4490.875,5448.375,22362.25
4490.6875,5448.375,22362.4375
4490.6875,5448.375,22362.4375
4490.6875,5448.375,22362.4375
4490.6875,5448.375,22362.4375
4490.6875,5448.3125,22362.4375
4490.6875,5448.375,22362.4375
4490.625,5448.375,22362.5
4490.625,5448.375,22362.5
4490.625,5448.375,22362.5
4490.5625,5448.375,22362.5625
4490.5625,5448.375,22362.5625
4490.5625,5448.375,22362.5625
4490.375,5448.375,22362.75
4490.5625,5448.375,22362.5625
4490.875,5448.375,22362.25
4490.8125,5448.375,22362.3125
4491.0,5448.375,22362.125
4491.0,5448.375,22362.125
4491.0,5448.375,22362.125
4491.0,5448.375,22362.125
4491.0,5448.375,22362.125
4491.0,5448.375,22362.125
4491.0,5448.375,22362.125
4490.9375,5448.375,22362.1875
4497.5625,5448.375,22355.3125
4497.5625,5448.375,22355.3125
4497.5625,5448.375,22355.3125
4497.5625,5448.375,22355.3125
4551.1875,5448.5,22301.5
4551.0,5448.5,22301.6875
4551.0,5448.4375,22301.6875
4551.0,5448.5,22301.6875
4550.9375,5448.5,22301.75
4550.9375,5448.5,22301.75
4550.875,5448.5,22301.8125
4550.875,5448.5,22301.8125
4551.0625,5448.5,22301.625
4550.75,5448.5,22301.9375
4550.75,5448.5,22301.9375
4550.75,5448.5,22301.9375
4550.75,5448.5,22301.9375
4550.75,5448.5,22301.9375
4550.75,5448.5,22301.9375
4551.4375,5448.5,22301.25
4551.4375,5448.5,22301.25
4551.4375,5448.5,22301.25
4551.4375,5448.5,22301.25
4551.4375,5448.5,22301.25
4551.4375,5448.5,22301.25
4551.25,5448.4375,22301.4375
4550.5,5448.5,22302.0
4550.5,5448.5,22302.0
4550.5,5448.5,22302.0
4550.5,5448.5,22302.0
4550.5,5448.5,22302.0
4550.5,5448.5,22302.0
4550.5,5448.5625,22302.0
4550.3125,5448.5625,22302.1875
4550.3125,5448.5625,22302.1875
4551.1875,5448.5625,22301.25
4551.125,5448.5625,22301.3125
4551.0625,5448.5625,22301.375
4550.6875,5448.5625,22301.75
4561.375,5448.5625,22291.0625
4563.875,5448.5625,22288.5625
4563.875,5448.5625,22288.5625
4563.875,5448.5625,22288.5625
4563.875,5448.5625,22288.5625
4563.6875,5448.5625,22288.75
4563.875,5448.5625,22288.5625
4563.875,5448.5625,22288.5625
4563.875,5448.5625,22288.5625
4563.875,5448.5625,22288.5625
4563.875,5448.5625,22288.5625
4563.875,5448.5625,22288.5625
4563.6875,5448.5625,22288.75
4563.4375,5448.5625,22289.0
4563.4375,5448.5625,22289.0
4563.4375,5448.5625,22289.0
4563.4375,5448.5625,22289.0
4563.0,5448.5625,22289.4375
4563.0,5448.5625,22289.4375
4563.0,5448.5625,22289.4375
4565.5,5448.5625,22286.9375
4563.6875,5448.5625,22288.625
4563.75,5448.625,22288.5625
4563.6875,5448.5625,22288.625
4563.625,5448.5625,22288.6875
4563.625,5448.5625,22288.6875
4564.375,5448.5625,22287.9375
4564.375,5448.5625,22287.9375
4564.375,5448.5625,22287.9375
4564.375,5448.5625,22287.9375
4564.375,5448.5625,22287.9375
4564.375,5448.5625,22287.9375
4564.375,5448.5625,22287.9375
4564.3125,5448.5625,22288.0
4564.5,5448.5625,22287.8125
4574.875,5448.625,22277.4375
4577.125,5448.625,22275.1875
4577.125,5448.625,22275.1875
4577.125,5448.625,22275.1875
4577.125,5448.625,22275.1875
4577.125,5448.625,22275.1875
4577.1875,5448.5,22275.25
4577.1875,5448.5,22275.25
4577.1875,5448.5,22275.25
4577.1875,5448.5,22275.25
4577.125,5448.5,22275.3125
4577.125,5448.5,22275.3125
4577.125,5448.5,22275.3125
4577.125,5448.5,22275.3125
4577.125,5448.5,22275.3125
4577.125,5448.5,22275.3125
4577.125,5448.5,22275.3125
4577.1875,5448.6875,22275.125
4577.1875,5448.6875,22275.125
4577.1875,5448.6875,22275.125
4577.1875,5448.6875,22275.125
4577.1875,5448.6875,22275.125
4577.1875,5448.6875,22275.125
4577.1875,5448.6875,22275.125
4577.1875,5448.6875,22275.125
4577.1875,5448.6875,22275.125
4577.125,5448.6875,22275.1875
4577.125,5448.625,22275.1875
4577.125,5448.6875,22275.1875
4577.125,5448.6875,22275.1875
4577.125,5448.6875,22275.1875
4577.0625,5448.6875,22275.25
4578.0625,5448.6875,22274.25
4578.0625,5448.6875,22274.25
4578.0625,5448.6875,22274.25
4578.0625,5448.6875,22274.25
4588.9375,5448.6875,22263.375
4591.9375,5448.625,22260.375
4592.125,5448.6875,22260.1875
4592.3125,5448.6875,22260.0
4592.3125,5448.6875,22260.0
4592.875,5448.6875,22259.4375
4594.0,5448.6875,22258.3125
4594.0,5448.6875,22258.3125
4594.0,5448.6875,22258.3125
4594.0,5448.6875,22258.3125
4594.0,5448.6875,22258.3125
4592.625,5448.6875,22259.6875
4592.625,5448.6875,22259.6875
4592.625,5448.6875,22259.6875
4592.625,5448.6875,22259.6875
4592.625,5448.6875,22259.6875
4592.625,5448.6875,22259.6875
4592.25,5448.6875,22260.0625
4592.25,5448.6875,22260.0625
4592.1875,5448.6875,22260.125
4592.1875,5448.6875,22260.125
4592.1875,5448.6875,22260.125
4592.1875,5448.6875,22260.125
4592.25,5448.6875,22260.0625
4592.25,5448.6875,22260.0625
4592.25,5448.6875,22260.0625
4592.25,5448.6875,22260.0625
4592.25,5448.6875,22260.0625
4592.25,5448.6875,22260.0625
4592.25,5448.6875,22260.0625
4592.25,5448.6875,22260.0625
4592.25,5448.6875,22260.0625
4592.25,5448.6875,22260.0625
4592.1875,5448.75,22260.0625
4592.1875,5448.75,22260.0625
4599.5,5448.75,22252.75
4602.0,5448.75,22250.25
4595.0625,5448.75,22257.1875
4605.9375,5448.75,22246.3125
4609.6875,5448.75,22242.5625
4609.5625,5448.75,22242.6875
4609.3125,5448.75,22242.875
4609.25,5448.75,22242.5625
4609.0625,5448.75,22242.75
4609.0625,5448.75,22242.75
4609.0625,5448.75,22242.75
4609.0625,5448.75,22242.75
4609.0625,5448.75,22242.75
4609.0625,5448.75,22242.75
4609.0625,5448.75,22242.75
4609.0625,5448.75,22242.75
4608.875,5448.75,22242.9375
4608.875,5448.75,22242.9375
4603.5,5448.75,22248.25
4603.5,5448.75,22248.25
4603.3125,5448.75,22248.4375
4603.3125,5448.75,22248.4375
4603.1875,5448.75,22248.5625
4602.875,5448.75,22248.875
4602.6875,5448.6875,22249.0625
4602.6875,5448.75,22249.0625
4602.5,5448.75,22249.25
4602.6875,5448.75,22249.0625
4602.125,5448.75,22249.625
4602.125,5448.75,22249.625
4602.0625,5448.75,22249.6875
4602.0625,5448.6875,22249.6875
4602.0625,5448.75,22249.6875
4601.625,5448.75,22250.125
4601.625,5448.75,22250.125
4601.625,5448.75,22250.125
4601.625,5448.75,22250.125
4601.4375,5448.75,22250.3125
4601.25,5448.75,22250.5
4612.6875,5448.75,22239.0625
4616.5,5448.8125,22235.25
4616.5,5448.8125,22235.25
4616.5,5448.8125,22235.25
4616.5,5448.8125,22235.25
4616.6875,5448.8125,22235.0625
4616.6875,5448.8125,22235.0625
4616.6875,5448.8125,22235.0625
4616.6875,5448.8125,22235.0625
4616.5625,5448.8125,22235.1875
4616.75,5448.8125,22235.0
4616.75,5448.8125,22235.0
4616.6875,5448.8125,22235.0625
4616.6875,5448.8125,22235.0625
4616.6875,5448.75,22235.0625
4616.5,5448.8125,22235.0625
4616.0,5448.8125,22235.5625
4616.0,5448.8125,22235.5625
4615.9375,5448.8125,22235.625
4615.6875,5448.8125,22235.875
4615.6875,5448.8125,22235.875
4615.6875,5448.75,22235.875
4615.6875,5448.8125,22235.875
4615.5,5448.8125,22236.0625
4615.5,5448.8125,22236.0625
4615.5,5448.8125,22236.0625
4615.5,5448.8125,22236.0625
4615.3125,5448.8125,22236.25
4615.3125,5448.8125,22236.25
4615.1875,5448.8125,22236.375
4615.5625,5448.8125,22236.0
4615.3125,5448.8125,22236.1875
4615.125,5448.8125,22236.375
4615.125,5448.8125,22236.375
4615.0,5448.8125,22236.5
4615.0,5448.8125,22236.5
4615.0,5448.8125,22236.5
4615.0,5448.8125,22236.5
4629.1875,5448.8125,22222.25
4629.0625,5448.8125,22222.375
4629.25,5448.8125,22222.1875
4629.25,5448.8125,22222.1875
4629.25,5448.8125,22222.1875
4629.25,5448.8125,22222.1875
4629.25,5448.8125,22222.1875
4629.4375,5448.75,22222.0
4630.25,5448.8125,22221.1875
4630.25,5448.8125,22221.1875
4630.25,5448.8125,22221.1875
4630.1875,5448.8125,22221.25
4630.1875,5448.8125,22221.25
4630.1875,5448.8125,22221.25
4630.1875,5448.8125,22221.25
4630.1875,5448.8125,22221.25
4630.1875,5448.8125,22221.25
4630.1875,5448.8125,22221.25
4630.1875,5448.8125,22221.25
4630.1875,5448.75,22221.25
4630.1875,5448.8125,22221.25
4630.1875,5448.8125,22221.25
4630.6875,5448.8125,22220.75
4631.375,5448.8125,22220.0625
4631.125,5448.8125,22220.3125
4631.125,5448.8125,22220.3125
4631.125,5448.8125,22220.3125
4631.0625,5448.8125,22220.375
4631.0625,5448.8125,22220.375
4631.0625,5448.8125,22220.375
4631.0625,5448.8125,22220.375
4631.0625,5448.8125,22220.375
4631.0,5448.8125,22220.4375
4631.0,5448.8125,22220.4375
4630.625,5448.8125,22220.8125
4641.5,5448.8125,22209.9375
4644.5,5448.8125,22206.9375
4643.875,5448.75,22207.5625
4644.625,5448.8125,22206.625
4644.5625,5448.8125,22206.6875
4644.5625,5448.8125,22206.6875
4644.5625,5448.8125,22206.6875
4644.5625,5448.75,22206.6875
4644.5625,5448.8125,22206.6875
4644.5625,5448.8125,22206.6875
4644.5625,5448.8125,22206.6875
4644.5625,5448.8125,22206.6875
4644.5,5448.8125,22206.75
4644.4375,5448.8125,22206.8125
4644.4375,5448.8125,22206.8125
4644.4375,5448.8125,22206.8125
4644.4375,5448.8125,22206.8125
4644.0,5448.8125,22207.25
4644.75,5448.8125,22206.5
4644.75,5448.8125,22206.5
4644.75,5448.8125,22206.5
4644.75,5448.8125,22206.5
4644.75,5448.8125,22206.5
4644.75,5448.8125,22206.5
4644.5625,5448.8125,22206.6875
4644.5625,5448.8125,22206.6875
4644.5625,5448.8125,22206.6875
4644.75,5448.8125,22206.5
4644.75,5448.8125,22206.5
4644.75,5448.8125,22206.5
4644.75,5448.8125,22206.5
4644.6875,5448.8125,22206.5625
4644.5,5448.8125,22206.75
4644.5625,5448.8125,22206.6875
4644.5,5448.8125,22206.75
4644.5,5448.8125,22206.75
4655.5,5448.8125,22195.75
4658.0625,5448.75,22193.1875
4658.0625,5448.8125,22193.1875
4658.0625,5448.8125,22193.1875
4657.9375,5448.8125,22193.3125
4659.625,5448.8125,22191.625
4663.5625,5448.8125,22187.75
4663.5625,5448.8125,22187.75
4663.5625,5448.8125,22187.75
4663.5625,5448.8125,22187.75
4663.5625,5448.8125,22187.75
4663.9375,5448.75,22187.375
4664.75,5448.8125,22186.3125
4664.75,5448.8125,22186.3125
4664.75,5448.8125,22186.3125
4664.75,5448.8125,22186.3125
4664.75,5448.8125,22186.3125
4664.9375,5448.8125,22186.125
4664.9375,5448.8125,22186.125
4664.9375,5448.8125,22186.125
4665.125,5448.875,22185.9375
4665.125,5448.8125,22185.9375
4665.0625,5448.8125,22186.0
4665.0625,5448.8125,22186.0
4665.0625,5448.8125,22186.0
4665.0625,5448.8125,22186.0
4663.9375,5448.8125,22187.0625
4663.9375,5448.8125,22187.0625
4663.9375,5448.8125,22187.0625
4663.9375,5448.8125,22187.0625
4663.9375,5448.8125,22187.0625
4663.625,5448.8125,22187.375
4662.6875,5448.8125,22188.3125
4662.6875,5448.8125,22188.3125
4662.6875,5448.8125,22188.3125
4662.6875,5448.8125,22188.3125
4677.3125,5448.8125,22173.6875
4677.3125,5448.8125,22173.6875
4677.3125,5448.8125,22173.6875
4677.3125,5448.8125,22173.6875
4677.3125,5448.8125,22173.6875
4677.25,5448.8125,22173.75
4677.25,5448.8125,22173.75
4677.25,5448.8125,22173.75
4677.1875,5448.8125,22173.8125
4677.1875,5448.8125,22173.8125
4677.0,5448.8125,22174.0
4677.0,5448.8125,22174.0
4677.0,5448.8125,22174.0
4677.0,5448.8125,22174.0
4677.0,5448.8125,22174.0
4677.1875,5448.8125,22173.8125
4677.1875,5448.8125,22173.8125
4677.1875,5448.8125,22173.8125
4677.1875,5448.8125,22173.8125
4677.1875,5448.8125,22173.8125
4677.8125,5448.8125,22173.0
4677.8125,5448.8125,22173.0
4677.75,5448.8125,22173.0625
4677.75,5448.8125,22173.0625
4677.75,5448.8125,22173.0625
4677.5,5448.8125,22173.3125
4677.4375,5448.8125,22173.375
4677.4375,5448.8125,22173.375
4677.4375,5448.8125,22173.375
4677.3125,5448.8125,22173.5
4677.25,5448.8125,22173.5625
4677.25,5448.8125,22173.5625
4677.0,5448.8125,22173.8125
4677.0,5448.8125,22173.8125
4677.0,5448.8125,22173.8125
4677.6875,5448.8125,22173.125
4691.75,5448.8125,22159.0625
4691.75,5448.8125,22159.0625
4691.5625,5448.8125,22159.25
4691.5625,5448.8125,22159.25
4691.5625,5448.8125,22159.25
4691.5625,5448.8125,22159.25
4691.5625,5448.8125,22159.25
4691.5625,5448.8125,22159.25
4691.5625,5448.8125,22159.25
4691.5625,5448.8125,22159.25
4691.5625,5448.8125,22159.25
4691.5625,5448.8125,22159.25
4691.5625,5448.8125,22159.25
4691.5625,5448.8125,22159.25
4689.8125,5448.8125,22160.6875
4689.8125,5448.8125,22160.6875
4689.8125,5448.8125,22160.6875
4689.8125,5448.8125,22160.6875
4689.8125,5448.8125,22160.6875
4689.875,5448.8125,22160.625
4689.875,5448.8125,22160.625
4689.875,5448.8125,22160.625
4689.875,5448.8125,22160.625
4689.875,5448.8125,22160.625
4689.625,5448.8125,22160.875
4689.625,5448.8125,22160.875
4689.625,5448.8125,22160.875
4689.625,5448.8125,22160.875
4689.625,5448.8125,22160.875
4690.4375,5448.8125,22160.0625
4690.4375,5448.8125,22160.0625
4690.4375,5448.8125,22160.0625
4690.4375,5448.8125,22160.0625
4690.5,5448.625,22160.125
4690.6875,5448.625,22159.9375
4690.6875,5448.625,22159.9375
4690.6875,5448.625,22159.9375
4690.6875,5448.625,22159.9375
4690.625,5448.625,22160.0
4705.3125,5448.875,22145.25
4705.3125,5448.875,22145.25
4705.3125,5448.875,22145.25
4705.3125,5448.875,22145.25
4705.3125,5448.875,22145.25
4705.4375,5448.875,22145.0
4705.4375,5448.875,22145.0
4705.4375,5448.875,22145.0
4705.4375,5448.875,22145.0
4705.4375,5448.875,22145.0
4705.25,5448.875,22145.1875
4705.25,5448.875,22145.1875
4704.9375,5448.875,22145.5
4705.875,5448.875,22144.5625
4707.375,5448.875,22143.0625
4707.375,5448.875,22143.0625
4707.375,5448.875,22143.0625
4707.375,5448.875,22143.0625
4707.5625,5448.875,22142.875
4707.0,5448.875,22143.4375
4707.1875,5448.875,22143.25
4707.1875,5448.875,22143.25
4707.1875,5448.875,22143.25
4707.1875,5448.875,22143.25
4707.1875,5448.875,22143.25
4707.1875,5448.875,22143.25
4707.1875,5448.875,22143.25
4707.1875,5448.875,22143.25
4707.1875,5448.875,22143.25
4707.1875,5448.875,22143.25
4707.1875,5448.875,22143.25
4707.1875,5448.875,22143.25
4707.1875,5448.875,22143.25
4707.1875,5448.875,22143.25
4707.75,5448.875,22142.6875
4707.8125,5448.875,22142.625
4707.8125,5448.875,22142.625
4707.8125,5448.875,22142.625
4707.8125,5448.875,22142.625
4707.8125,5448.875,22142.625
4702.3125,5448.875,22148.125
4708.875,5448.875,22141.5625
4710.75,5448.875,22139.6875
4702.9375,5448.875,22147.5
4702.9375,5448.875,22147.5
4702.75,5448.875,22147.6875
4702.75,5448.875,22147.6875
4702.75,5448.8125,22147.6875
4702.75,5448.875,22147.6875
4703.125,5448.875,22147.3125
4702.875,5448.875,22147.4375
4703.0625,5448.875,22147.25
4703.0625,5448.875,22147.25
4703.0625,5448.875,22147.25
4697.6875,5448.875,22152.625
4699.0,5448.875,22151.3125
4698.8125,5448.875,22151.5
4699.0,5448.875,22151.3125
4699.0,5448.875,22151.3125
4698.875,5448.875,22151.4375
4698.875,5448.875,22151.4375
4698.875,5448.875,22151.4375
4698.875,5448.875,22151.4375
4698.6875,5448.875,22151.625
4698.6875,5448.875,22151.625
4698.3125,5448.875,22151.75
4698.3125,5448.875,22151.75
4698.3125,5448.875,22151.75
4698.125,5448.875,22151.9375
4697.9375,5448.875,22152.125
4697.9375,5448.875,22152.125
4697.9375,5448.875,22152.125
4697.9375,5448.875,22152.125
4697.9375,5448.875,22152.125
4697.9375,5448.875,22152.125
4698.125,5448.875,22151.9375
4698.125,5448.875,22151.9375
4698.125,5448.875,22151.9375
4698.125,5448.875,22151.9375
4698.125,5448.8125,22151.9375
4699.25,5448.875,22150.8125
4699.4375,5448.875,22150.625
4699.25,5448.875,22150.8125
4699.25,5448.875,22150.8125
4699.25,5448.875,22150.8125
4699.375,5448.9375,22150.6875
4699.375,5448.9375,22150.6875
4699.5625,5448.9375,22150.5
4699.375,5448.9375,22150.6875
4699.375,5448.9375,22150.6875
4699.625,5449.0,22150.375
4699.4375,5449.0,22150.5625
4699.4375,5449.0,22150.5625
4699.4375,5449.0,22150.5625
4720.25,5449.0,22129.75
4719.75,5449.0,22130.25
4719.75,5449.0,22130.25
4719.75,5449.0,22130.25
4719.75,5449.0,22130.25
4719.75,5449.0,22130.25
4719.9375,5449.0,22130.0625
4719.9375,5449.0,22130.0625
4719.9375,5449.0,22130.0625
4719.9375,5449.0,22130.0625
4719.75,5449.0,22130.25
4719.75,5449.0,22130.25
4719.75,5449.0,22130.25
4719.75,5449.0,22130.25
4719.75,5449.0,22130.25
4720.3125,5449.0,22129.6875
4720.6875,5449.0,22129.3125
4720.6875,5449.0,22129.3125
4720.6875,5449.0,22129.3125
4720.5,5449.0,22129.5
4720.6875,5449.0,22129.3125
4720.5,5449.0,22129.5
4720.5,5449.0,22129.5
4720.5,5449.0,22129.5
4720.5,5449.0,22129.5
4720.4375,5449.0,22129.5625
4720.4375,5449.0,22129.5625
4720.4375,5449.0,22129.5625
4720.4375,5449.0,22129.5625
4720.4375,5449.0,22129.5625
4720.5625,5448.9375,22129.4375
4720.9375,5449.0,22129.0625
4720.9375,5449.0,22129.0625
4721.125,5449.0,22128.875
4721.125,5449.0,22128.875
4721.0,5449.0,22129.0
4720.5625,5449.0625,22129.1875
4720.375,5449.0625,22129.375
4720.375,5449.0625,22129.375
4720.0,5449.0625,22129.75
4720.1875,5449.0625,22129.5625
4720.1875,5449.0625,22129.5625
4714.9375,5449.125,22134.8125
4719.625,5449.125,22130.125
4719.625,5449.125,22130.125
4719.4375,5449.125,22130.3125
4719.1875,5449.125,22130.5
4719.1875,5449.125,22130.5
4719.0,5449.125,22130.6875
4719.0,5449.125,22130.6875
4719.0,5449.125,22130.6875
4718.75,5449.125,22130.9375
4718.75,5449.125,22130.9375
4718.375,5449.125,22131.3125
4718.375,5449.125,22131.3125
4718.5,5449.125,22131.1875
4718.5,5449.125,22131.1875
4718.5,5449.125,22131.1875
4718.5,5449.125,22131.1875
4718.5,5449.125,22131.1875
4718.1875,5449.125,22131.5
4718.4375,5449.125,22131.25
4718.4375,5449.125,22131.25
4718.4375,5449.125,22131.25
4718.4375,5449.125,22131.25
4718.25,5449.125,22131.4375
4717.9375,5449.125,22131.75
4717.9375,5449.125,22131.75
4717.875,5449.125,22131.8125
4717.875,5449.125,22131.8125
4717.8125,5449.125,22131.875
4717.625,5449.125,22132.0625
4717.5625,5449.125,22132.125
4717.75,5449.125,22131.9375
4717.5625,5449.125,22132.125
4717.5,5449.0625,22132.1875
4718.0625,5449.125,22131.625
4718.0625,5449.125,22131.625
4718.25,5449.125,22131.4375
4718.25,5449.125,22131.4375
4717.9375,5449.125,22131.75
4717.75,5449.125,22131.9375
4717.75,5449.125,22131.9375
4717.75,5449.125,22131.9375
4717.75,5449.125,22131.9375
4717.75,5449.125,22131.9375
4717.9375,5449.125,22131.75
4717.9375,5449.125,22131.75
4718.125,5449.125,22131.5625
4717.9375,5449.125,22131.75
4717.5,5449.125,22132.1875
4718.375,5449.125,22131.3125
4718.375,5449.125,22131.3125
4718.1875,5449.125,22131.5
4718.5625,5449.125,22131.125
4718.5625,5449.125,22131.125
4718.5625,5449.125,22131.125
4718.5625,5449.125,22131.125
4718.5625,5449.125,22131.125
4718.25,5449.125,22131.4375
4724.6875,5449.125,22125.0625
4724.8125,5449.125,22124.9375
4724.625,5449.125,22125.125
4724.625,5449.125,22125.125
4724.625,5449.125,22125.125
4724.1875,5449.125,22125.5625
4724.4375,5449.125,22125.25
4724.5625,5449.125,22125.125
4724.4375,5449.125,22125.25
4724.4375,5449.125,22125.25
4724.375,5449.125,22125.3125
4724.5625,5449.125,22125.125
4724.75,5449.125,22124.9375
4724.75,5449.125,22124.9375
4724.9375,5449.125,22124.75
4724.9375,5449.125,22124.75
4724.9375,5449.125,22124.75
4724.9375,5449.125,22124.75
4724.9375,5449.125,22124.75
4724.9375,5449.125,22124.75
4725.0,5449.125,22124.6875
4725.125,5449.125,22124.25
4724.9375,5449.125,22124.4375
4725.125,5449.125,22124.25
4725.125,5449.125,22124.25
4724.9375,5449.125,22124.4375
4725.3125,5449.125,22124.0625
4725.0625,5449.125,22124.3125
4719.75,5449.125,22129.625
4723.125,5449.125,22126.25
4723.125,5449.125,22126.25
4722.75,5449.125,22126.625
4722.9375,5449.125,22126.4375
4722.9375,5449.125,22126.4375
4722.9375,5449.125,22126.4375
4722.625,5449.125,22126.75
4722.9375,5449.125,22126.375
4722.9375,5449.125,22126.375
4722.75,5449.125,22126.5625
4722.5625,5449.125,22126.75
4722.75,5449.125,22126.5625
4722.625,5449.125,22126.6875
4722.625,5449.125,22126.6875
4722.625,5449.125,22126.6875
4722.625,5449.125,22126.6875
4722.625,5449.125,22126.6875
4723.4375,5449.375,22125.6875
4723.4375,5449.375,22125.6875
4723.4375,5449.375,22125.6875
4723.4375,5449.375,22125.6875
4723.4375,5449.375,22125.6875
4723.4375,5449.375,22125.6875
4723.4375,5449.3125,22125.6875
4723.375,5449.375,22125.75
4723.375,5449.375,22125.75
4723.375,5449.375,22125.75
4724.75,5449.375,22124.375
4724.75,5449.375,22124.375
4724.375,5449.375,22124.75
4724.375,5449.375,22124.75
4724.5625,5449.375,22124.5625
4724.6875,5449.375,22124.4375
4724.875,5449.375,22124.25
4725.0,5449.375,22124.125
4725.0,5449.375,22124.125
4724.75,5449.375,22124.375
4724.9375,5449.375,22124.1875
4724.9375,5449.375,22124.1875
4724.9375,5449.375,22124.1875
4725.125,5449.375,22124.0
4725.125,5449.375,22124.0
4725.125,5449.375,22124.0
4725.125,5449.375,22124.0
4725.125,5449.375,22124.0
4725.125,5449.375,22124.0
4743.3125,5449.375,22105.8125
4743.3125,5449.375,22105.8125
4743.3125,5449.375,22105.8125
4743.1875,5449.375,22105.9375
4743.0,5449.375,22106.125
4743.0,5449.375,22106.125
4743.0,5449.375,22106.125
4743.1875,5449.375,22105.9375
4743.1875,5449.375,22105.9375
4743.1875,5449.375,22105.9375
4743.1875,5449.375,22105.9375
4743.0,5449.375,22106.125
4743.1875,5449.375,22105.9375
4743.1875,5449.375,22105.9375
4743.1875,5449.375,22105.9375
4743.0,5449.375,22106.125
4738.5625,5449.375,22110.5625
4738.5625,5449.375,22110.5625
4738.375,5449.375,22110.75
4738.375,5449.375,22110.75
4738.375,5449.375,22110.75
4738.375,5449.375,22110.75
4738.1875,5449.375,22110.9375
4738.1875,5449.375,22110.9375
4738.1875,5449.375,22110.9375
4738.1875,5449.375,22110.9375
4738.125,5449.375,22111.0
4737.5,5449.3125,22111.625
4737.5,5449.375,22111.625
4737.5,5449.375,22111.625
4737.3125,5449.375,22111.8125
4737.3125,5449.375,22111.8125
4737.125,5449.375,22112.0
4736.9375,5449.375,22112.1875
4736.6875,5449.375,22112.4375
4736.6875,5449.375,22112.4375
4736.6875,5449.375,22112.4375
4736.6875,5449.375,22112.4375
4736.6875,5449.375,22112.4375
4736.6875,5449.375,22112.4375
4736.875,5449.375,22112.25
4737.0,5449.375,22112.125
4736.25,5449.375,22112.875
4736.4375,5449.375,22112.6875
4736.4375,5449.375,22112.6875
4736.4375,5449.375,22112.6875
4736.5,5449.375,22112.625
4737.4375,5449.375,22111.6875
4737.8125,5449.375,22111.3125
4737.8125,5449.375,22111.3125
4737.8125,5449.375,22111.3125
4737.8125,5449.375,22111.3125
4737.8125,5449.375,22111.3125
4736.5,5449.375,22112.625
4736.5,5449.375,22112.625
4736.6875,5449.375,22112.4375
4736.6875,5449.375,22112.4375
4736.6875,5449.375,22112.4375
4736.6875,5449.375,22112.4375
4736.6875,5449.375,22112.4375
4736.875,5449.375,22112.25
4736.875,5449.375,22112.25
4736.875,5449.375,22112.25
4736.875,5449.375,22112.25
4736.875,5449.375,22112.25
4736.6875,5449.375,22112.4375
4736.875,5449.375,22112.25
4736.875,5449.375,22112.25
4736.875,5449.375,22112.25
4736.875,5449.375,22112.25
4736.875,5449.375,22112.25
4745.3125,5449.375,22103.8125
4745.25,5449.4375,22103.8125
4740.5625,5449.4375,22108.5
4740.6875,5449.4375,22107.9375
4740.6875,5449.4375,22107.9375
4740.3125,5449.4375,22108.3125
4740.5,5449.4375,22108.125
4740.5,5449.4375,22108.125
4740.3125,5449.4375,22108.3125
4740.3125,5449.4375,22108.3125
4739.875,5449.4375,22108.75
4739.6875,5449.4375,22108.9375
4739.875,5449.4375,22108.75
4739.75,5449.5,22108.8125
4739.5625,5449.5,22109.0
4739.5625,5449.5,22109.0
4739.5625,5449.5,22109.0
4739.5625,5449.5,22109.0
4739.5625,5449.5,22109.0
4739.375,5449.5,22109.1875
4739.1875,5449.5,22109.375
4739.0625,5449.5,22109.5
4739.0625,5449.5,22109.5
4738.875,5449.5,22109.6875
4738.875,5449.5,22109.6875
4738.6875,5449.5,22109.875
4738.6875,5449.5,22109.875
4738.6875,5449.5,22109.875
4738.625,5449.5,22109.9375
4738.625,5449.5,22109.9375
4738.625,5449.5,22109.9375
4738.625,5449.5,22109.9375
4738.5,5449.5,22110.0625
4738.375,5449.5,22110.1875
4738.0,5449.5,22110.5625
4738.0,5449.5,22110.5625
4737.8125,5449.5,22110.75
4737.8125,5449.5,22110.75
4737.8125,5449.5,22110.75
4737.8125,5449.5,22110.75
4739.25,5449.5,22109.3125
4739.25,5449.5,22109.3125
4739.25,5449.4375,22109.3125
4738.8125,5449.5,22109.75
4738.8125,5449.5,22109.75
4738.8125,5449.5,22109.75
4738.8125,5449.5,22109.75
4738.8125,5449.5,22109.75
4738.8125,5449.5,22109.75
4738.8125,5449.5,22109.75
4738.8125,5449.5,22109.75
4738.8125,5449.5,22109.75
4738.8125,5449.5,22109.75
4738.8125,5449.5,22109.75
4738.875,5449.5,22109.6875
4739.5625,5449.5,22108.8125
4739.5625,5449.5,22108.8125
4739.375,5449.5,22109.0
4723.625,5449.5625,22124.75
4726.0625,5449.5625,22122.3125
4726.0625,5449.5625,22122.3125
4726.25,5449.5625,22122.125
4726.25,5449.5625,22122.125
4726.3125,5449.5625,22122.0625
4726.3125,5449.5625,22122.0625
4726.3125,5449.5625,22122.0625
4726.3125,5449.5625,22122.0625
4726.3125,5449.5625,22122.0625
4726.3125,5449.5625,22122.0625
4726.3125,5449.5625,22122.0625
4726.375,5449.5625,22122.0
4726.375,5449.5625,22122.0
4726.375,5449.5625,22122.0
4726.3125,5449.5625,22122.0625
4726.3125,5449.5625,22122.0625
4726.125,5449.5625,22122.25
4726.125,5449.5625,22122.25
4726.125,5449.5625,22122.25
4726.125,5449.5625,22122.25
4726.0625,5449.5625,22122.3125
4726.0625,5449.5625,22122.3125
4726.0625,5449.5625,22122.3125
4726.0625,5449.5625,22122.3125
4726.0,5449.5625,22122.375
4726.4375,5449.5625,22121.9375
4726.625,5449.5625,22121.75
4726.625,5449.5625,22121.75
4726.625,5449.5625,22121.75
4726.625,5449.5625,22121.75
4726.625,5449.5625,22121.75
4726.625,5449.5625,22121.75
4726.625,5449.5625,22121.75
4726.625,5449.5625,22121.75
4726.625,5449.5625,22121.75
4726.625,5449.5625,22121.75
4726.625,5449.5625,22121.75
4726.625,5449.5625,22121.75
4726.625,5449.5625,22121.75
4726.3125,5449.5625,22122.0625
4726.125,5449.5625,22122.25
4725.5625,5449.5625,22122.8125
4725.5625,5449.5625,22122.8125
4725.375,5449.5625,22123.0
4725.375,5449.5625,22123.0
4725.5,5449.625,22122.875
4725.125,5449.625,22123.25
4725.125,5449.625,22123.25
4724.75,5449.625,22123.625
4724.75,5449.625,22123.625
4724.75,5449.625,22123.625
4724.9375,5449.625,22123.4375
4724.8125,5449.625,22123.5625
4724.8125,5449.625,22123.5625
4724.625,5449.625,22123.75
4725.0,5449.625,22123.375
4726.125,5449.625,22122.25
4725.625,5449.625,22122.75
4725.5625,5449.625,22122.8125
4725.5,5449.625,22122.875
4725.5,5449.625,22122.875
4725.5,5449.625,22122.875
4725.375,5449.625,22123.0
4725.1875,5449.625,22123.1875
4724.8125,5449.625,22123.5625
4724.8125,5449.625,22123.5625
4724.8125,5449.625,22123.5625
4724.8125,5449.625,22123.5625
4724.8125,5449.5625,22123.5625
4724.8125,5449.625,22123.5625
4724.75,5449.625,22123.625
4725.1875,5449.625,22123.125
4725.1875,5449.625,22123.125
4725.1875,5449.625,22123.125
4724.9375,5449.625,22123.375
4724.9375,5449.625,22123.375
4724.9375,5449.625,22123.375
4714.25,5449.625,22134.0625
4714.25,5449.625,22134.0625
4714.25,5449.625,22134.0625
4714.1875,5449.625,22134.125
4714.1875,5449.625,22134.125
4714.1875,5449.625,22134.125
4714.1875,5449.625,22134.125
4714.1875,5449.625,22134.125
4714.0625,5449.625,22134.25
4714.0,5449.625,22134.0625
4714.0,5449.625,22134.0625
4714.0,5449.625,22134.0625
4714.0,5449.625,22134.0625
4714.0,5449.625,22134.0625
4714.0,5449.625,22134.0625
4713.9375,5449.625,22134.125
4713.9375,5449.625,22134.125
4713.5625,5449.625,22134.5
4714.875,5449.625,22133.1875
4719.875,5449.625,22128.25
4719.5,5449.625,22128.625
4719.5,5449.625,22128.625
4719.5,5449.625,22128.625
4719.125,5449.625,22129.0
4718.9375,5449.625,22129.0
4718.8125,5449.625,22129.125
4718.5625,5449.625,22129.375
4718.5,5449.625,22129.4375
4718.5,5449.625,22129.4375
4718.375,5449.5625,22129.5625
4717.9375,5449.625,22130.0
4717.9375,5449.625,22130.0
4717.9375,5449.625,22130.0
4717.75,5449.625,22130.1875
4717.75,5449.625,22130.1875
4717.75,5449.625,22130.1875
4717.5,5449.625,22130.4375
4717.5,5449.625,22130.4375
4718.0625,5449.625,22129.875
4719.0,5449.625,22128.9375
4719.125,5449.625,22128.8125
4719.0625,5449.625,22128.875
4719.0625,5449.625,22128.875
4719.0625,5449.625,22128.875
4719.1875,5449.625,22128.75
4718.875,5449.625,22129.0625
4718.75,5449.625,22129.1875
4718.75,5449.625,22129.1875
4718.6875,5449.625,22129.25
4718.6875,5449.625,22129.25
4718.6875,5449.5625,22129.25
4718.6875,5449.625,22129.25
4718.6875,5449.625,22129.25
4719.5625,5449.625,22128.375
4719.1875,5449.625,22128.6875
4719.1875,5449.625,22128.6875
4719.1875,5449.625,22128.6875
4719.0,5449.5625,22128.875
4718.25,5449.625,22129.625
4718.1875,5449.625,22129.6875
4718.1875,5449.625,22129.6875
4717.9375,5449.625,22129.9375
4717.9375,5449.625,22129.9375
4717.9375,5449.625,22129.9375
4718.1875,5449.625,22129.6875
4718.1875,5449.625,22129.6875
4718.0,5449.625,22129.875
4718.0,5449.625,22129.875
4716.625,5449.625,22131.25
4716.6875,5449.625,22131.1875
4716.6875,5449.625,22131.1875
4716.625,5449.625,22131.25
4716.625,5449.625,22131.25
4716.4375,5449.625,22131.4375
4715.625,5449.625,22132.25
4715.625,5449.625,22132.25
4715.625,5449.625,22132.25
4715.4375,5449.625,22132.4375
4715.4375,5449.625,22132.4375
4715.4375,5449.625,22132.4375
4715.4375,5449.5625,22132.4375
4715.4375,5449.625,22132.4375
4715.4375,5449.625,22132.4375
4715.625,5449.625,22132.25
4717.375,5449.625,22130.5
4717.25,5449.625,22130.625
4716.875,5449.625,22130.625
4716.75,5449.625,22130.75
4717.1875,5449.25,22131.0
4717.1875,5449.25,22131.0
4717.125,5449.25,22131.0625
4717.125,5449.25,22131.0625
4716.9375,5449.25,22131.25
4716.9375,5449.25,22131.25
4716.9375,5449.25,22131.25
4716.9375,5449.25,22131.25
4716.9375,5449.25,22131.25
4716.9375,5449.25,22131.25
4717.5625,5448.25,22131.625
4718.0,5448.3125,22131.1875
4717.75,5448.3125,22131.4375
4717.75,5448.3125,22131.4375
4717.75,5448.3125,22131.4375
4717.75,5448.3125,22131.4375
4708.5,5448.3125,22140.625
4714.0625,5448.3125,22135.0625
4714.0625,5448.3125,22135.0625
4713.875,5448.3125,22135.25
4713.6875,5448.3125,22135.4375
4713.6875,5448.3125,22135.4375
4713.6875,5448.3125,22135.4375
4713.6875,5448.3125,22135.4375
4713.6875,5448.3125,22135.4375
4713.25,5448.3125,22135.875
4712.8125,5448.3125,22136.3125
4712.625,5448.3125,22136.5
4712.625,5448.3125,22136.5
4712.625,5448.3125,22136.5
4712.375,5448.3125,22136.75
4712.5625,5448.0,22136.8125
4712.5625,5448.0,22136.8125
4712.5625,5448.0,22136.8125
4712.5625,5448.0,22136.8125
4712.5625,5448.0,22136.8125
4712.375,5448.0,22137.0
4712.375,5448.0,22137.0
4712.375,5448.0,22137.0
4712.375,5448.0,22137.0
4712.125,5448.0,22137.25
4711.0625,5448.0,22138.25
4711.0625,5448.0,22138.3125
4711.0625,5448.0,22138.3125
4711.0625,5448.0,22138.3125
4710.8125,5448.0,22138.5625
4710.75,5448.0,22138.625
4710.75,5448.0,22138.625
4710.75,5448.0,22138.625
4710.75,5448.0,22138.625
4712.1875,5444.5625,22140.5
4711.125,5445.375,22140.6875
4711.125,5445.375,22140.6875
4711.125,5445.375,22140.6875
4711.125,5445.375,22140.6875
4711.625,5445.375,22140.1875
4712.125,5445.375,22139.625
4712.125,5445.375,22139.625
4712.125,5445.375,22139.625
4712.125,5445.375,22139.625
4711.9375,5445.3125,22139.8125
4710.1875,5445.375,22141.5625
4709.8125,5445.375,22141.9375
4709.8125,5445.375,22141.9375
4709.8125,5445.375,22141.9375
4709.8125,5445.375,22141.9375
4709.8125,5445.375,22141.9375
4709.8125,5445.375,22141.9375
4709.8125,5445.375,22141.9375
4708.8125,5445.3125,22143.0
4708.0625,5445.375,22143.6875
4709.75,5445.375,22142.0
4709.1875,5445.375,22142.5625
4709.1875,5445.375,22142.5625
4709.375,5445.375,22142.375
4709.375,5445.375,22142.375
4716.5,5445.375,22135.25
4720.0625,5445.375,22131.6875
4710.875,5445.375,22140.875
4710.875,5445.375,22140.875
4710.8125,5445.375,22140.9375
4710.8125,5445.375,22140.9375
4710.8125,5445.375,22140.9375
4710.5,5445.375,22141.25
4710.5,5445.375,22141.25
4710.3125,5445.375,22141.4375
4710.5,5445.375,22141.125
4710.5,5445.375,22141.125
4710.5,5445.375,22141.125
4710.5,5445.375,22141.125
4710.5,5445.375,22141.125
4710.5,5445.3125,22141.125
4710.4375,5445.375,22141.1875
4710.4375,5445.375,22141.1875
4710.4375,5445.375,22141.1875
4710.4375,5445.375,22141.1875
4710.4375,5445.375,22141.1875
4710.4375,5445.375,22141.1875
4710.4375,5445.375,22141.1875
4710.4375,5445.375,22141.1875
4710.0,5445.6875,22141.625
4709.5625,5445.6875,22142.0625
4709.4375,5445.6875,22142.1875
4709.375,5445.6875,22142.25
4709.375,5445.6875,22142.25
4709.5625,5445.6875,22142.0625
4709.5625,5445.6875,22142.0625
4709.5625,5445.6875,22142.0625
4709.5625,5445.6875,22142.0625
4709.5625,5445.6875,22142.0625
4709.5,5445.6875,22142.125
4709.5,5445.6875,22142.125
4709.5,5445.6875,22142.125
4709.5,5445.6875,22142.125
4709.5,5445.6875,22142.125
4708.5625,5445.6875,22143.0625
4708.75,5445.75,22142.4375
4708.5625,5445.75,22142.625
4708.5625,5445.75,22142.625
4708.5625,5445.75,22142.625
4708.5625,5445.75,22142.625
4708.875,5445.75,22142.3125
4708.875,5445.75,22142.3125
4708.875,5445.75,22142.3125
4708.875,5445.75,22142.3125
4708.875,5445.75,22142.3125
4708.875,5445.75,22142.3125
4708.875,5445.75,22142.3125
4708.875,5445.75,22142.3125
4708.6875,5445.75,22142.5
4708.5,5445.75,22142.6875
4709.125,5445.75,22142.0
4709.125,5445.75,22142.0
4709.125,5445.75,22142.0
4709.125,5445.75,22142.0
4699.375,5445.75,22151.75
4700.75,5445.75,22150.375
4700.75,5445.75,22150.375
4700.75,5445.75,22150.375
4700.75,5445.75,22150.375
4700.75,5445.75,22150.375
4700.5625,5445.75,22150.5625
4700.5625,5445.75,22150.5625
4700.5625,5445.75,22150.5625
4700.5625,5445.75,22150.5625
4700.3125,5445.75,22150.8125
4701.5625,5445.75,22149.5
4701.5625,5445.75,22149.5
4701.5625,5445.75,22149.5
4701.5625,5445.75,22149.5
4701.375,5445.75,22149.6875
4701.375,5445.75,22149.6875
4701.375,5445.75,22149.6875
4701.375,5445.75,22149.6875
4701.375,5445.75,22149.6875
4701.375,5445.75,22149.6875
4701.375,5445.75,22149.6875
4701.625,5445.875,22149.375
4701.625,5445.875,22149.375
4701.625,5445.875,22149.375
4702.0,5445.875,22149.0
4701.6875,5445.9375,22149.25
4701.6875,5445.9375,22149.25
4701.6875,5445.9375,22149.25
4701.6875,5445.9375,22149.25
4701.6875,5445.9375,22149.25
4701.6875,5445.9375,22149.25
4701.25,5445.9375,22149.6875
4701.25,5445.9375,22149.6875
4701.25,5445.9375,22149.6875
4701.125,5445.9375,22149.8125
4701.125,5445.9375,22149.8125
4701.125,5445.9375,22149.8125
4701.125,5445.9375,22149.8125
4701.125,5445.9375,22149.8125
4700.75,5445.9375,22150.1875
4700.375,5445.9375,22150.4375
4700.375,5445.9375,22150.4375
4700.1875,5445.9375,22150.625
4700.1875,5445.9375,22150.625
4700.1875,5445.875,22150.625
4699.9375,5445.9375,22150.875
4699.9375,5445.9375,22150.875
4699.9375,5445.9375,22150.875
4699.9375,5445.9375,22150.875
4699.9375,5445.9375,22150.875
4699.9375,5445.9375,22150.875
4699.9375,5445.9375,22150.875
4699.9375,5445.9375,22150.875
4699.9375,5445.9375,22150.875
4699.9375,5445.9375,22150.875
4700.0625,5445.9375,22150.75
4700.0625,5445.9375,22150.75
4700.0625,5445.9375,22150.75
4700.0625,5445.9375,22150.75
4700.0625,5445.875,22150.75
4700.0625,5445.9375,22150.75
4700.0625,5445.9375,22150.75
4700.0625,5445.9375,22150.75
4700.0625,5445.9375,22150.75
4700.0625,5445.9375,22150.75
4700.0625,5445.9375,22150.75
4700.0625,5445.9375,22150.75
4700.0625,5445.9375,22150.75
4700.0625,5445.9375,22150.75
4699.875,5445.9375,22150.9375
4699.9375,5445.9375,22150.875
4699.75,5445.9375,22151.0625
4699.75,5445.9375,22151.0625
4699.75,5445.9375,22151.0625
4699.1875,5445.5625,22151.8125
4699.0625,5445.5625,22151.9375
4699.0,5445.5625,22152.0
4699.0,5445.5625,22152.0
4699.0,5445.5625,22152.0
4698.875,5445.5625,22152.125
4698.875,5445.5625,22152.125
4698.875,5445.5625,22152.125
4698.875,5445.5625,22152.125
4698.875,5445.5625,22152.125
4699.5,5445.5625,22151.5
4699.5,5445.5625,22151.5
4699.5,5445.5625,22151.5
4699.5,5445.5625,22151.5
4699.5,5445.5625,22151.5
4699.6875,5445.5625,22151.3125
4699.6875,5445.5625,22151.3125
4699.6875,5445.5625,22151.3125
4699.6875,5445.5625,22151.3125
4699.6875,5445.5625,22151.3125
4708.125,5445.5625,22142.9375
4708.125,5445.5625,22142.9375
4708.125,5445.5625,22142.9375
4708.125,5445.5625,22142.9375
4708.125,5445.5625,22142.9375
4707.5625,5445.5,22143.5
4707.9375,5445.5625,22143.125
4707.9375,5445.5625,22143.125
4707.9375,5445.5625,22143.125
4707.9375,5445.625,22143.125
4707.6875,5445.875,22143.375
4707.6875,5445.875,22143.375
4707.6875,5445.875,22143.375
4707.6875,5445.875,22143.375
4707.6875,5445.875,22143.375
4707.6875,5445.875,22143.375
4707.625,5445.875,22143.4375
4707.625,5445.875,22143.4375
4707.5625,5445.875,22143.5
4707.5625,5445.875,22143.5
4706.9375,5445.875,22144.0625
4707.125,5445.875,22143.875
4707.125,5445.875,22143.875
4707.0625,5445.875,22143.9375
4707.0625,5445.875,22143.9375
4707.0625,5445.875,22143.9375
4706.3125,5445.875,22144.6875
4706.3125,5445.875,22144.6875
4706.3125,5445.875,22144.6875
4706.3125,5445.875,22144.6875
4706.3125,5445.875,22144.6875
4705.9375,5445.875,22145.0625
4706.125,5445.875,22144.875
4706.125,5445.875,22144.875
4706.125,5445.875,22144.875
4705.75,5445.875,22145.25
4705.75,5445.875,22145.25
4705.625,5445.875,22145.375
4705.625,5445.875,22145.375
4705.625,5445.875,22145.375
4705.625,5445.875,22145.375
4705.625,5445.875,22145.375
4705.5,5445.875,22145.5
4705.5,5445.875,22145.5
4705.5,5445.9375,22145.5
4707.75,5445.9375,22143.25
4707.75,5445.9375,22143.25
4707.75,5445.9375,22143.25
4707.75,5445.9375,22143.25
4707.75,5445.9375,22143.25
4707.75,5445.9375,22143.25
4706.875,5445.9375,22144.0
4706.875,5445.9375,22144.0
4706.875,5445.9375,22144.0
4706.875,5445.9375,22144.0
4706.875,5445.9375,22144.0
4706.875,5445.9375,22144.0
4706.875,5445.9375,22144.0
4706.875,5445.9375,22144.0
4706.875,5445.9375,22144.0
4707.0625,5445.9375,22143.8125
4707.0625,5445.9375,22143.8125
4706.9375,5445.9375,22143.9375
4706.9375,5445.9375,22143.9375
4706.9375,5445.9375,22143.9375
4706.9375,5445.9375,22143.9375
4706.9375,5445.9375,22143.9375
4706.6875,5445.9375,22143.8125
4706.6875,5445.9375,22143.8125
4706.6875,5445.9375,22143.8125
4706.6875,5445.9375,22143.8125
4706.6875,5445.9375,22143.8125
4706.6875,5445.9375,22143.8125
4706.6875,5445.9375,22143.8125
4706.6875,5445.9375,22143.8125
4706.6875,5445.9375,22143.8125
4706.6875,5445.9375,22143.8125
4706.6875,5445.9375,22143.8125
4706.6875,5445.9375,22143.8125
4706.6875,5445.9375,22143.8125
4706.6875,5445.9375,22143.8125
4706.6875,5445.9375,22143.8125
4706.6875,5445.9375,22143.8125
4706.6875,5445.9375,22143.8125
4706.6875,5445.9375,22143.8125
4706.6875,5445.9375,22143.8125
4706.6875,5445.9375,22143.8125
4706.6875,5445.9375,22143.8125
4706.6875,5445.9375,22143.8125
4706.6875,5445.9375,22143.8125
4706.6875,5445.9375,22143.8125
4706.6875,5445.9375,22143.8125
4706.6875,5445.9375,22143.8125
4706.6875,5445.9375,22143.8125
4706.6875,5445.9375,22143.8125
4706.6875,5445.9375,22143.8125
4706.6875,5445.9375,22143.8125
4706.8125,5445.9375,22143.625
4706.8125,5445.9375,22143.625
4706.8125,5445.9375,22143.625
4706.8125,5445.875,22143.625
4706.875,5445.5,22143.625
4706.9375,5445.5,22143.4375
4706.9375,5445.5,22143.4375
4706.9375,5445.5,22143.4375
4706.9375,5445.5,22143.4375
4706.9375,5445.5,22143.4375
4706.9375,5445.5,22143.4375
4706.9375,5445.5,22143.4375
4706.9375,5445.5,22143.4375
4706.9375,5445.5,22143.4375
4706.9375,5445.5,22143.4375
4706.75,5445.5,22143.625
4703.375,5445.5,22147.0
4703.375,5445.5,22147.0
4703.375,5445.5,22147.0
4703.125,5445.5,22147.25
4703.125,5445.5,22147.25
4703.0625,5445.4375,22147.4375
4702.9375,5445.5,22147.5625
4702.9375,5445.5,22147.5625
4702.875,5445.5,22147.625
4702.875,5445.5,22147.625
4702.875,5445.5,22147.625
4702.875,5445.5,22147.625
4702.875,5445.4375,22147.625
4703.25,5445.5,22147.25
4703.25,5445.5,22147.25
4704.75,5445.5,22145.75
4704.75,5445.5,22145.75
4704.75,5445.5,22145.75
4704.4375,5445.5,22146.0625
4705.625,5443.5625,22146.8125
4704.125,5443.5625,22148.3125
4704.125,5443.5625,22148.3125
4704.125,5443.5625,22148.3125
4704.125,5443.5625,22148.3125
4704.125,5443.5625,22148.3125
4704.125,5443.5625,22148.3125
4704.125,5443.5625,22148.3125
4704.125,5443.5625,22148.3125
4703.875,5444.0625,22148.4375
4703.6875,5444.0625,22148.625
4703.625,5444.0625,22148.625
4703.625,5444.0625,22148.625
4709.4375,5444.0625,22142.625
4711.375,5444.0625,22140.6875
4705.5,5444.1875,22146.4375
4705.4375,5444.1875,22146.5
4705.5,5444.1875,22146.5
4705.5,5444.1875,22146.5
4705.5,5444.1875,22146.5
4705.5,5444.125,22146.5
4705.3125,5444.125,22146.6875
4705.3125,5444.125,22146.6875
4705.3125,5444.125,22146.6875
4705.3125,5444.125,22146.6875
4705.3125,5444.125,22146.6875
4705.3125,5444.125,22146.6875
4705.25,5444.125,22146.75
4705.25,5444.125,22146.75
4705.25,5444.125,22146.75
4705.25,5444.125,22146.75
4705.25,5444.125,22146.75
4705.0625,5444.125,22146.9375
4704.875,5444.125,22147.125
4704.875,5444.125,22147.125
4704.875,5444.125,22147.125
4704.875,5444.125,22147.125
4704.875,5444.125,22147.125
4704.9375,5444.125,22147.125
4704.9375,5444.125,22147.125
4704.9375,5444.125,22147.125
4704.9375,5444.125,22147.125
4704.75,5444.125,22147.3125
4704.9375,5444.125,22147.125
4704.5625,5444.1875,22147.5
4704.5625,5444.1875,22147.5
4704.5625,5444.1875,22147.5
4704.5625,5444.1875,22147.5
4704.1875,5444.1875,22147.875
4704.1875,5444.1875,22147.875
4703.0625,5444.1875,22148.75
4703.0625,5444.1875,22148.75
4702.75,5444.1875,22149.0625
4702.75,5444.1875,22149.0625
4702.75,5444.1875,22149.0625
4702.9375,5444.1875,22148.875
4702.9375,5444.1875,22148.875
4702.9375,5444.1875,22148.875
4702.9375,5444.1875,22148.875
4702.9375,5444.1875,22148.875
4702.625,5444.1875,22149.0625
4702.4375,5444.1875,22149.25
4702.4375,5444.1875,22149.25
4702.0625,5444.1875,22149.625
4702.0625,5444.1875,22149.625
4702.0625,5444.1875,22149.625
4701.9375,5444.1875,22149.75
4701.625,5444.1875,22150.0625
4701.0,5444.125,22150.6875
4700.75,5444.125,22150.9375
4700.75,5444.125,22150.9375
4700.5625,5444.125,22151.125
4700.375,5444.125,22151.3125
4700.375,5444.125,22151.3125
4700.375,5444.125,22151.3125
4700.375,5444.125,22151.3125
4700.375,5444.125,22151.3125
4700.375,5444.125,22151.3125
4700.375,5444.125,22151.3125
4700.375,5444.125,22151.3125
4700.3125,5444.125,22151.375
4700.3125,5444.125,22151.375
4700.0625,5444.125,22151.625
4702.125,5444.125,22149.5625
4702.125,5444.125,22149.5625
4702.125,5444.125,22149.5625
4702.125,5444.125,22149.5625
4701.9375,5444.125,22149.75
4701.875,5444.125,22149.8125
4701.8125,5444.125,22149.875
4701.8125,5444.125,22149.875
4701.5625,5444.125,22150.125
4701.5625,5444.125,22150.125
4701.5625,5444.125,22150.125
4701.5625,5444.125,22150.125
4701.5625,5444.125,22150.125
4701.375,5444.125,22150.3125
4701.0625,5444.0625,22150.5625
4701.875,5444.125,22149.75
4701.875,5444.125,22149.75
4701.875,5444.125,22149.75
4701.5625,5444.125,22150.0625
4701.5625,5444.125,22150.0625
4701.5625,5444.125,22150.0625
4701.5625,5444.125,22150.0625
4701.5625,5444.125,22150.0625
4701.5625,5444.125,22150.0625
4701.5625,5444.125,22150.0625
4701.5625,5444.125,22150.0625
4701.5625,5444.125,22150.0625
4701.5625,5444.125,22150.0625
4701.5625,5444.125,22150.0625
4701.5,5444.125,22150.125
4701.1875,5444.125,22150.25
4701.1875,5444.125,22150.25
4701.1875,5444.125,22150.25
4701.125,5444.125,22150.3125
4700.625,5444.125,22150.8125
4700.625,5444.125,22150.8125
4700.625,5444.125,22150.8125
4700.5625,5444.125,22150.875
4700.5625,5444.125,22150.875
4700.5625,5444.125,22150.875
4700.5625,5444.125,22150.875
4700.5625,5444.125,22150.875
4700.5625,5444.125,22150.875
4700.5625,5444.125,22150.875
4700.6875,5444.125,22150.75
4700.8125,5444.125,22150.625
4700.8125,5444.125,22150.625
4700.8125,5444.125,22150.625
4700.6875,5444.0625,22150.75
4700.625,5444.125,22150.75
4700.625,5444.125,22150.75
4700.625,5444.125,22150.75
4700.625,5444.125,22150.75
4700.625,5444.125,22150.75
4700.625,5444.125,22150.75
4700.625,5444.125,22150.75
4700.625,5444.125,22150.75
4700.625,5444.125,22150.75
4700.5,5444.125,22150.875
4700.5,5444.125,22150.875
4702.125,5444.125,22149.25
4702.125,5444.125,22149.25
4702.125,5444.125,22149.25
4702.125,5444.125,22149.25
4702.125,5444.125,22149.25
4702.125,5444.125,22149.25
4702.125,5444.125,22149.25
4702.125,5444.125,22149.25
4702.0625,5444.125,22149.3125
4702.0625,5444.125,22149.3125
4702.0625,5444.125,22149.3125
4702.0625,5444.125,22149.3125
4702.0625,5444.125,22149.3125
4702.0625,5444.125,22149.3125
4702.0,5444.125,22149.375
4702.25,5444.125,22149.0
4702.25,5444.125,22149.0
4702.25,5444.125,22149.0
4702.375,5444.1875,22148.8125
4702.375,5444.1875,22148.8125
4702.375,5444.1875,22148.8125
4702.0,5444.1875,22149.1875
4702.0,5444.1875,22149.1875
4702.0,5444.1875,22149.1875
4702.0,5444.1875,22149.1875
4708.5,5444.1875,22142.75
4708.5,5444.1875,22142.75
4708.3125,5444.1875,22142.9375
4708.3125,5444.125,22142.9375
4708.125,5444.1875,22143.0625
4709.25,5444.1875,22141.9375
4709.0625,5444.1875,22142.125
4709.0625,5444.1875,22142.125
4704.9375,5444.1875,22146.25
4708.5,5444.1875,22142.6875
4708.5,5444.1875,22142.6875
4708.5,5444.1875,22142.6875
4708.5,5444.1875,22142.6875
4708.4375,5444.1875,22142.75
4708.625,5444.1875,22142.5625
4708.625,5444.1875,22142.5625
4708.625,5444.1875,22142.5625
4708.625,5444.1875,22142.5625
4708.625,5444.1875,22142.5625
4708.5625,5444.1875,22142.625
4709.125,5444.1875,22142.0625
4709.1875,5444.1875,22142.0
4709.0,5444.1875,22142.1875
4709.0,5444.1875,22142.1875
4709.0,5444.1875,22142.1875
4709.5,5444.1875,22141.6875
4708.5625,5444.1875,22142.625
4708.5,5444.1875,22142.6875
4708.5,5444.1875,22142.6875
4708.375,5444.1875,22142.8125
4708.375,5444.1875,22142.8125
4708.375,5444.1875,22142.8125
4708.5625,5444.1875,22142.625
4708.5625,5444.1875,22142.625
4708.4375,5444.1875,22142.75
4709.4375,5444.1875,22141.75
4709.25,5444.1875,22141.9375
4709.25,5444.1875,22141.9375
4709.25,5444.1875,22141.9375
4709.25,5444.1875,22141.9375
4709.125,5444.1875,22141.9375
4706.625,5444.25,22144.375
4704.5625,5444.1875,22146.4375
4704.5625,5444.1875,22146.4375
4704.5625,5444.1875,22146.4375
4704.5,5444.1875,22146.5
4704.5,5444.1875,22146.5
4704.4375,5444.1875,22146.5625
4704.4375,5444.1875,22146.5625
4703.3125,5444.1875,22147.6875
4703.4375,5444.1875,22147.5625
4703.375,5444.1875,22147.625
4703.375,5444.1875,22147.625
4703.375,5444.1875,22147.625
4703.1875,5444.1875,22147.8125
4703.1875,5444.1875,22147.8125
4703.1875,5444.1875,22147.8125
4703.1875,5444.1875,22147.8125
4703.1875,5444.1875,22147.8125
4703.0,5444.1875,22148.0
4703.0,5444.1875,22148.0
4703.0,5444.1875,22148.0
4702.9375,5444.1875,22148.0625
4702.9375,5444.1875,22148.0625
4702.8125,5444.1875,22148.1875
4703.5,5444.1875,22147.5
4703.3125,5444.1875,22147.6875
4703.3125,5444.1875,22147.6875
4702.875,5444.1875,22148.125
4702.875,5444.1875,22148.125
4702.875,5444.1875,22148.125
4702.6875,5444.1875,22148.3125
4702.6875,5444.1875,22148.3125
4702.6875,5444.1875,22148.3125
4702.4375,5444.1875,22148.5625
4702.1875,5444.1875,22148.8125
4702.1875,5444.1875,22148.8125
4702.1875,5444.1875,22148.8125
4702.1875,5444.1875,22148.8125
4702.125,5444.1875,22148.875
4703.5625,5444.1875,22147.1875
4703.4375,5444.1875,22147.3125
4703.625,5444.1875,22147.125
4703.375,5444.1875,22147.375
4703.4375,5444.1875,22147.3125
4703.25,5444.125,22147.5
4703.25,5444.1875,22147.5
4703.25,5444.1875,22147.5
4703.25,5444.1875,22147.5
4703.125,5444.1875,22147.625
4703.125,5444.1875,22147.625
4703.125,5444.1875,22147.625
4703.125,5444.1875,22147.625
4703.125,5444.1875,22147.625
4703.0,5444.125,22147.75
4703.25,5444.1875,22147.4375
4703.25,5444.1875,22147.4375
4703.0625,5444.1875,22147.625
4703.0625,5444.1875,22147.625
4703.25,5444.1875,22147.4375
4703.4375,5444.1875,22147.25
4703.25,5444.1875,22147.4375
4703.25,5444.1875,22147.4375
4703.25,5444.1875,22147.4375
4702.75,5444.1875,22147.9375
4702.75,5444.1875,22147.9375
4702.75,5444.1875,22147.9375
4702.9375,5444.1875,22147.75
4702.75,5444.1875,22147.9375
4702.9375,5444.1875,22147.75
4703.1875,5444.1875,22147.5
4703.1875,5444.1875,22147.5
4703.3125,5444.1875,22147.375
4703.125,5444.1875,22147.5625
4702.625,5444.1875,22148.0625
4702.625,5444.1875,22148.0625
4702.625,5444.1875,22148.0625
4702.625,5444.1875,22148.0625
4702.625,5444.1875,22148.0625
4702.625,5444.1875,22148.0625
4702.625,5444.1875,22148.0625
4702.4375,5444.1875,22148.25
4702.625,5444.1875,22148.0625
4702.625,5444.1875,22148.0625
4702.9375,5444.1875,22147.75
4703.125,5444.1875,22147.5625
4703.125,5444.1875,22147.5625
4703.125,5444.1875,22147.5625
4703.125,5444.1875,22147.5625
4703.125,5444.1875,22147.5625
4703.125,5444.1875,22147.5625
4704.4375,5444.1875,22146.25
4704.4375,5444.1875,22146.25
4704.4375,5444.1875,22146.25
4704.4375,5444.1875,22146.25
4704.25,5444.1875,22146.4375
4702.875,5444.1875,22147.8125
4702.875,5444.1875,22147.8125
4702.875,5444.1875,22147.8125
4704.0,5444.1875,22146.6875
4702.875,5444.1875,22147.6875
4702.875,5444.1875,22147.6875
4698.375,5444.25,22152.1875
4703.5625,5444.25,22147.0
4703.5625,5444.25,22147.0
4712.0625,5444.25,22138.5
4711.6875,5444.25,22138.875
4704.6875,5444.25,22145.875
4704.6875,5444.25,22145.875
4704.6875,5444.25,22145.875
4704.6875,5444.25,22145.875
4704.5,5444.25,22146.0625
4704.3125,5444.25,22146.25
4704.5,5444.25,22146.0625
4704.125,5444.25,22146.4375
4704.8125,5444.25,22145.75
4705.0,5444.25,22145.5625
4704.8125,5444.25,22145.75
4704.8125,5444.25,22145.75
4704.8125,5444.25,22145.75
4704.8125,5444.25,22145.75
4704.8125,5444.25,22145.75
4704.8125,5444.25,22145.75
4704.625,5444.25,22145.9375
4704.625,5444.25,22145.9375
4704.75,5444.25,22145.8125
4704.5625,5444.25,22146.0
4704.5625,5444.25,22146.0
4704.5625,5444.25,22146.0
4704.5625,5444.25,22146.0
4704.3125,5444.25,22146.25
4704.3125,5444.25,22146.25
4704.5,5444.25,22146.0625
4704.5,5444.25,22146.0625
4704.5,5444.25,22146.0625
4711.9375,5452.25,22138.625
4711.8125,5452.25,22138.75
4711.6875,5452.25,22138.875
4711.4375,5452.25,22139.125
4711.4375,5452.25,22139.125
4711.4375,5452.25,22139.125
4711.4375,5452.25,22139.125
4711.625,5452.25,22138.9375
4713.5625,5428.5625,22158.375
4720.875,5417.9375,22163.875
4721.625,5417.9375,22163.125
4721.625,5417.9375,22163.125
4721.5625,5417.9375,22163.1875
4721.5625,5417.9375,22163.1875
4721.5625,5417.9375,22163.1875
4721.5625,5417.9375,22163.1875
4721.5625,5417.9375,22163.1875
4721.75,5417.9375,22163.0
4725.375,2933.5,24638.5
4719.1875,1204.5,26381.4375
4720.0625,1251.1875,26335.4375
4720.0625,1251.1875,26335.4375
4719.875,1251.1875,26335.625
4720.0625,1251.1875,26335.4375
4719.75,1251.1875,26335.625
4718.3125,1251.1875,26337.0625
4718.125,1251.1875,26337.25
4717.5625,1251.1875,26337.8125
4722.875,1235.25,26348.4375
4718.25,1234.0625,26354.25
4714.9375,1579.5625,26012.1875
4714.125,1647.9375,25944.875
4717.3125,1648.1875,25940.75
4711.6875,1776.125,25817.9375
4715.625,1776.1875,25814.0
4715.8125,1776.1875,25813.8125
4713.1875,1887.8125,25704.875
4716.1875,1888.1875,25700.9375
4716.3125,1886.125,25702.8125
4725.4375,1804.25,25775.4375
4726.8125,1931.0625,25647.75
4726.4375,1931.0625,25648.125
4726.5,1931.0,25648.125
4724.0625,2058.625,25523.0625
4727.0625,2059.0,25519.125
4727.0625,2059.0,25519.125
4728.375,2171.0,25406.25
4728.1875,2169.5,25407.9375
4728.75,2108.3125,25468.4375
4723.9375,2178.8125,25402.3125
4728.5,2179.8125,25396.75
4728.1875,2179.8125,25397.0625
4724.25,2307.6875,25273.5
4729.3125,2307.8125,25268.4375
4728.1875,2307.8125,25269.5625
4727.5625,2435.5625,25141.9375
4727.375,2435.5625,25142.125
4727.1875,2435.5625,25142.3125
4728.375,2551.0625,25025.125
4730.0625,2548.625,25025.9375
4730.0,2543.4375,25031.1875
4725.6875,2671.3125,24908.0
4730.0,2671.4375,24902.75
4730.0,2671.4375,24902.75
4730.5625,2717.5,24856.25
4732.875,2993.4375,24579.6875
4749.0,5073.8125,22484.4375
4748.9375,5093.9375,22464.1875
4748.625,5086.3125,22470.0
4724.5625,2880.1875,24689.6875
4751.0625,5045.125,22509.5625
4750.875,5045.125,22509.75
4750.3125,5045.125,22510.3125
4750.125,5045.125,22510.5
4749.9375,5045.0625,22510.6875
4749.25,5045.125,22511.0625
4750.125,5043.375,22511.875
4749.875,5043.375,22512.125
4749.1875,5043.25,22512.875
4748.75,5043.375,22513.4375
4747.4375,5044.375,22513.75
4747.0625,5044.375,22514.125
4746.9375,5044.375,22514.25
4747.125,5044.375,22514.0625
4745.4375,5044.375,22515.75
4743.8125,5044.375,22517.3125
4743.625,5044.4375,22517.5
4743.375,5044.4375,22517.75
4743.375,5044.4375,22517.75
4743.1875,5044.4375,22517.9375
4741.8125,5044.4375,22519.3125
4741.5625,5044.4375,22519.5625
4741.5625,5044.4375,22519.5625
4741.5,5044.4375,22519.625
4741.5,5044.4375,22519.625
4741.3125,5044.4375,22519.8125
4741.125,5044.4375,22520.0
4741.125,5044.4375,22520.0
4741.125,5044.4375,22520.0
4741.3125,5044.4375,22519.8125
4738.875,5044.375,22522.25
4739.0,5044.875,22522.125
4736.625,5045.875,22523.4375
4736.5,5045.875,22523.5625
4736.5625,5045.875,22523.5625
4736.1875,5045.875,22523.9375
4736.1875,5045.875,22523.9375
4735.5625,5045.875,22524.5625
4735.375,5045.875,22524.75
4735.375,5045.875,22524.75
4735.0,5045.875,22525.125
4735.0,5045.875,22525.125
4735.0,5045.8125,22525.125
4735.0,5045.875,22525.125
4733.625,5045.875,22526.0625
4733.625,5045.875,22525.8125
4733.4375,5045.875,22526.0
4733.0625,5045.875,22526.375
4733.0625,5045.875,22526.375
4733.0625,5045.875,22526.375
4732.5625,5045.875,22526.875
4732.5625,5045.875,22526.875
4732.375,5045.875,22527.0625
4732.1875,5045.875,22527.25
4732.5,5045.875,22526.9375
4737.8125,5045.875,22521.6875
4737.3125,5045.875,22522.1875
4737.125,5045.875,22522.375
4736.875,5045.875,22522.625
4736.0625,5045.875,22523.375
4735.5,5045.875,22523.9375
4735.5,5045.875,22523.9375
4735.25,5045.875,22524.1875
4735.0625,5045.875,22524.375
4734.6875,5045.875,22524.75
4734.6875,5045.875,22524.75
4734.6875,5045.875,22524.75
4734.6875,5045.875,22524.75
4734.6875,5045.875,22524.75
4734.125,5045.875,22525.3125
4733.9375,5045.875,22525.5
4733.9375,5045.875,22525.5
4733.9375,5045.875,22525.5
4733.9375,5045.875,22525.5
4733.125,5045.875,22526.3125
4732.9375,5045.875,22526.125
4732.9375,5045.875,22526.125
4732.375,5045.875,22526.6875
4732.1875,5045.875,22526.875
4732.0,5045.875,22527.0625
4730.875,5045.875,22528.1875
4730.9375,5045.875,22528.125
4730.6875,5045.875,22528.375
4730.625,5045.875,22528.4375
4730.625,5045.875,22528.4375
4730.4375,5045.875,22528.625
4730.0625,5045.875,22529.0
4730.0625,5045.875,22529.0
4730.0625,5045.875,22529.0
4728.9375,5045.875,22530.125
4729.625,5045.875,22529.4375
4729.625,5045.875,22529.4375
4729.625,5045.875,22529.4375
4729.5625,5045.875,22529.5
4729.5625,5045.875,22529.5
4729.5625,5045.875,22529.5
4729.5,5045.875,22529.5625
4729.5625,5045.75,22529.5625
4729.5625,5045.4375,22529.5625
4729.375,5045.4375,22529.75
4728.875,5045.4375,22530.25
4728.875,5045.4375,22530.25
4728.875,5045.4375,22530.25
4728.875,5045.4375,22530.25
4728.875,5045.4375,22530.25
4727.5,5045.5,22531.5625
4727.5,5045.5,22531.5625
4727.4375,5045.5,22531.625
4727.25,5045.5,22531.8125
4727.25,5045.5,22531.8125
4726.5625,5045.5,22532.5625
4726.375,5045.5625,22532.75
4726.375,5045.5625,22532.75
4726.375,5045.5625,22532.75
4726.375,5045.5625,22532.75
4726.375,5045.5625,22532.75
4726.375,5045.5,22532.75
4726.3125,5045.625,22532.8125
4726.3125,5045.625,22532.8125
4726.125,5045.625,22533.0
4724.75,5045.625,22534.375
4724.75,5045.625,22534.375
4724.5625,5045.625,22534.5625
4724.5625,5045.625,22534.5625
4724.375,5045.625,22534.75
4724.375,5045.625,22534.75
4724.375,5045.625,22534.75
4724.375,5045.625,22534.75
4724.375,5045.625,22534.75
4724.375,5045.625,22534.75
4723.9375,5045.625,22535.1875
4723.9375,5045.625,22535.1875
4723.9375,5045.625,22535.1875
4723.9375,5045.625,22535.1875
4723.875,5045.625,22535.25
4723.875,5045.625,22535.25
4723.875,5045.625,22535.25
4723.625,5045.625,22535.5
4723.4375,5045.625,22535.6875
4723.4375,5046.0,22535.6875
4723.25,5046.0,22535.875
4722.4375,5046.0,22536.6875
4722.0625,5046.0,22537.0625
4722.0625,5046.0,22537.0625
4722.0625,5046.0,22537.0625
4722.0625,5046.0,22537.0625
4722.0625,5046.0,22537.0625
4722.0625,5046.0,22537.0625
4722.0625,5046.0,22537.0625
4722.0625,5046.0,22537.0625
4722.0625,5046.0,22537.0625
4721.875,5046.0,22537.25
4721.5,5046.0,22537.625
4721.25,5046.0,22537.4375
4721.25,5046.0,22537.4375
4721.25,5046.0,22537.4375
4721.25,5046.0,22537.4375
4721.125,5046.0,22537.5625
4721.125,5046.0,22537.5625
4721.125,5046.0,22537.5625
4720.75,5046.0,22537.9375
4720.4375,5046.0,22538.25
4720.4375,5046.0,22538.25
4720.0625,5046.0,22538.625
4720.0625,5046.0,22538.625
4720.0625,5046.0,22538.625
4720.0625,5046.0,22538.625
4720.0625,5046.0,22538.625
4720.0625,5046.0,22538.625
4720.0625,5046.0,22538.625
4719.875,5046.0,22538.8125
4719.6875,5046.0,22539.0
4719.6875,5046.0,22539.0
4715.0625,5046.0625,22543.625
4719.125,5046.0625,22539.5
4719.125,5046.0625,22539.5
4719.125,5046.0625,22539.5
4719.125,5046.0625,22539.5
4719.125,5046.0625,22539.5
4719.125,5046.0625,22539.5
4719.0625,5046.0625,22539.5625
4719.0625,5046.0625,22539.5625
4718.875,5046.0625,22539.75
4718.6875,5046.0625,22539.9375
4718.5,5046.0625,22540.125
4718.0625,5046.0625,22540.5
4718.125,5046.0625,22539.9375
4717.4375,5046.0625,22540.625
4717.4375,5046.0625,22540.625
4718.0,5046.0625,22540.0625
4718.0,5046.0625,22540.0625
4717.8125,5046.0625,22540.25
4717.5625,5046.0625,22540.5
4717.5,5046.0625,22540.5625
4716.125,5046.0625,22541.9375
4716.125,5046.0625,22541.9375
4716.125,5046.0625,22541.9375
4716.125,5046.0625,22541.9375
4716.125,5046.0625,22541.9375
4716.125,5046.0625,22541.9375
4719.125,5046.0625,22538.9375
4723.8125,5046.0625,22534.25
4719.125,5046.0625,22538.9375
4719.125,5046.0625,22538.9375
4719.125,5046.0625,22538.9375
4719.125,5046.0625,22538.9375
4718.9375,5046.0625,22539.125
4718.9375,5046.0625,22539.125
4718.9375,5046.0625,22539.125
4718.9375,5046.0625,22539.125
4718.9375,5046.0625,22539.125
4718.9375,5046.0625,22539.125
4718.9375,5046.0625,22539.125
4718.9375,5046.0625,22539.125
4718.9375,5046.0625,22539.125
4718.875,5046.0625,22539.1875
4718.875,5046.0625,22539.1875
4718.875,5046.0625,22539.1875
4718.875,5046.0625,22539.1875
4718.875,5046.0625,22539.1875
4721.5,5046.0625,22536.5625
4717.5625,5046.0625,22540.5
4717.5,5046.0625,22540.5625
4717.4375,5046.0625,22540.625
4717.25,5046.0625,22540.8125
4716.8125,5046.0,22541.25
4716.8125,5046.0625,22541.25
4716.75,5046.0625,22541.3125
4716.75,5046.0625,22541.3125
4716.875,5046.0625,22541.1875
4716.875,5046.0625,22541.1875
4716.0625,5046.0625,22542.0
4715.75,5046.0625,22542.3125
4715.6875,5046.0625,22542.375
4715.6875,5046.0625,22542.375
4715.6875,5046.0625,22542.375
4715.6875,5046.0625,22542.375
4715.6875,5046.0625,22542.375
4715.6875,5046.0625,22542.375
4715.5625,5046.0625,22542.5
4715.3125,5046.0625,22542.75
4715.125,5046.0625,22542.9375
4715.125,5046.0625,22542.9375
4714.9375,5046.0625,22543.125
4714.9375,5046.0625,22543.125
4714.9375,5046.0625,22543.125
4714.3125,5046.0625,22543.75
4714.25,5046.0625,22543.8125
4714.25,5046.0625,22543.8125
4714.25,5046.0625,22543.8125
4714.25,5046.0625,22543.8125
4713.625,5046.0625,22544.4375
4713.5625,5046.0625,22544.5
4713.5625,5046.0625,22544.5
4713.25,5046.0625,22544.8125
4715.25,5046.0625,22542.8125
4715.0625,5046.0625,22543.0
4714.875,5046.0,22543.1875
4714.875,5046.0625,22543.1875
4714.875,5046.0625,22543.1875
4714.6875,5046.0625,22543.375
4713.9375,5046.0625,22544.125
4713.9375,5046.0625,22544.125
4713.9375,5046.0625,22544.125
4713.9375,5046.0625,22544.125
4713.9375,5046.0625,22544.125
4713.9375,5046.0625,22544.125
4713.9375,5046.0625,22544.125
4713.9375,5046.0625,22544.125
4713.875,5046.0625,22544.1875
4713.8125,5046.0625,22543.9375
4713.0,5046.0625,22544.75
4713.1875,5046.0625,22544.5625
4713.1875,5046.0,22544.5625
4713.375,5046.0625,22544.375
4713.375,5046.0625,22544.375
4713.375,5046.0625,22544.375
4713.5625,5046.0625,22544.1875
4713.5625,5046.0625,22544.1875
4713.5625,5046.0625,22544.1875
4713.5625,5046.0625,22544.1875
4713.5,5046.0625,22544.25
4713.5,5046.0625,22544.25
4713.3125,5046.0625,22544.4375
4713.75,5046.0625,22544.0
4713.6875,5046.0625,22544.0625
4713.6875,5046.0625,22544.0625
4713.6875,5046.0625,22544.0625
4713.5,5046.0625,22544.25
4713.5,5046.0,22544.25
4713.3125,5046.0625,22544.4375
4713.25,5046.0625,22544.5
4713.4375,5046.0625,22544.3125
4713.4375,5046.0625,22544.3125
4713.4375,5046.0625,22544.3125
4713.25,5046.0625,22544.5
4713.25,5046.0625,22544.5
4713.25,5046.0625,22544.5
4713.25,5046.0625,22544.5
4713.125,5046.0625,22544.5
4713.0,5046.0625,22544.625
4712.625,5046.0625,22545.0
4712.625,5046.0625,22545.0
4712.625,5046.0625,22545.0
4712.625,5046.0,22545.0
4712.625,5046.0625,22545.0
4712.625,5046.0625,22545.0
4712.625,5046.0625,22545.0
4712.625,5046.0625,22545.0
4712.625,5046.0625,22545.0
4712.625,5046.0625,22545.0
4712.4375,5046.0625,22545.1875
4712.25,5046.0625,22545.375
4712.25,5046.0625,22545.375
4712.25,5046.0625,22545.375
4760.6875,5046.1875,22496.9375
4765.375,5046.1875,22492.25
4765.375,5046.1875,22492.25
4765.375,5046.1875,22492.25
4765.375,5046.1875,22492.25
4765.3125,5046.1875,22492.3125
4765.3125,5046.1875,22492.3125
4765.1875,5046.1875,22492.4375
4765.1875,5046.1875,22492.4375
4765.1875,5046.1875,22492.4375
4765.1875,5046.1875,22492.4375
4765.1875,5046.1875,22492.4375
4765.1875,5046.1875,22492.4375
4765.1875,5046.1875,22492.4375
4765.1875,5046.1875,22492.4375
4765.25,5046.1875,22492.125
4765.25,5046.1875,22492.125
4765.0625,5046.1875,22492.3125
4765.0625,5046.1875,22492.3125
4765.0,5046.1875,22492.375
4764.8125,5046.1875,22492.5625
4764.8125,5046.1875,22492.5625
4764.8125,5046.1875,22492.5625
4764.8125,5046.1875,22492.5625
4764.8125,5046.1875,22492.5625
4764.8125,5046.1875,22492.5625
4764.8125,5046.1875,22492.5625
4764.8125,5046.1875,22492.5625
4764.8125,5046.1875,22492.5625
4763.9375,5046.1875,22493.4375
4763.9375,5046.1875,22493.4375
4763.5625,5046.1875,22493.8125
4763.5625,5046.1875,22493.8125
4763.5625,5046.1875,22493.8125
4763.5625,5046.1875,22493.8125
4776.875,5046.1875,22480.5
4776.875,5046.1875,22480.5
4776.5,5046.1875,22480.875
4776.3125,5046.1875,22481.0625
4782.5625,5046.1875,22474.875
4782.1875,5046.1875,22475.25
4782.125,5046.1875,22475.3125
4782.125,5046.1875,22475.3125
4782.125,5046.1875,22475.3125
4782.25,5046.1875,22475.0625
4782.0625,5046.1875,22475.25
4781.9375,5046.1875,22475.375
4781.625,5046.1875,22475.6875
4781.625,5046.1875,22475.6875
4781.625,5046.1875,22475.6875
4781.4375,5046.1875,22475.875
4781.4375,5046.1875,22475.875
4781.4375,5046.1875,22475.875
4781.4375,5046.1875,22475.875
4781.4375,5046.1875,22475.875
4781.4375,5046.1875,22475.875
4781.4375,5046.1875,22475.875
4780.9375,5046.1875,22476.375
4780.9375,5046.1875,22476.375
4783.25,5046.1875,22474.0625
4783.0625,5046.1875,22474.25
4783.0625,5046.1875,22474.25
4783.0625,5046.1875,22474.25
4782.9375,5046.1875,22474.375
4782.8125,5046.1875,22474.5
4782.0625,5046.1875,22475.25
4782.0625,5046.1875,22475.25
4782.125,5046.1875,22475.1875
4782.125,5046.1875,22475.1875
4782.0625,5046.1875,22475.25
4795.1875,5046.1875,22462.125
4795.1875,5046.1875,22462.125
4795.1875,5046.1875,22462.125
4795.1875,5046.1875,22462.125
4795.1875,5046.1875,22462.125
4795.1875,5046.1875,22462.125
4795.1875,5046.1875,22462.125
4795.1875,5046.1875,22462.125
4795.375,5046.1875,22461.9375
4795.375,5046.1875,22461.9375
4795.375,5046.1875,22461.9375
4795.375,5046.1875,22461.9375
4795.375,5046.1875,22461.9375
4795.375,5046.1875,22461.9375
4795.125,5046.1875,22461.9375
4795.125,5046.1875,22461.9375
4795.125,5046.1875,22461.9375
4795.125,5046.1875,22461.9375
4795.125,5046.1875,22461.9375
4795.75,5046.1875,22461.3125
4795.625,5046.1875,22461.4375
4795.625,5046.1875,22461.4375
4794.6875,5046.1875,22462.375
4794.6875,5046.1875,22462.375
4794.6875,5046.1875,22462.375
4794.6875,5046.1875,22462.375
4794.6875,5046.1875,22462.375
4794.4375,5046.1875,22462.625
4794.25,5046.1875,22462.8125
4794.3125,5046.25,22462.6875
4794.3125,5046.25,22462.6875
4794.3125,5046.25,22462.6875
4790.8125,5046.25,22466.1875
4790.8125,5046.25,22466.1875
4790.1875,5046.25,22466.8125
4790.0,5046.25,22467.0
4803.5625,5046.25,22453.4375
4803.5625,5046.25,22453.4375
4803.375,5046.25,22453.625
4803.375,5046.25,22453.625
4803.375,5046.25,22453.625
4803.375,5046.25,22453.625
4803.375,5046.25,22453.625
4803.375,5046.25,22453.625
4803.375,5046.25,22453.625
4803.375,5046.25,22453.625
4803.1875,5046.25,22453.8125
4803.1875,5046.25,22453.8125
4802.875,5046.3125,22454.0625
4803.8125,5046.3125,22452.875
4803.8125,5046.3125,22452.875
4803.75,5046.3125,22452.9375
4803.75,5046.3125,22452.9375
4803.75,5046.3125,22452.9375
4803.75,5046.3125,22452.9375
4803.75,5046.3125,22452.9375
4803.75,5046.3125,22452.9375
4803.75,5046.3125,22452.9375
4803.4375,5046.3125,22453.25
4803.4375,5046.3125,22453.25
4803.4375,5046.3125,22453.25
4803.4375,5046.3125,22453.25
4803.4375,5046.3125,22453.25
4803.4375,5046.3125,22453.25
4803.4375,5046.3125,22453.25
4803.4375,5046.3125,22453.25
4803.4375,5046.3125,22453.25
4803.25,5046.3125,22453.4375
4803.25,5046.3125,22453.4375
4803.4375,5046.3125,22453.25
4803.4375,5046.3125,22453.25
4803.4375,5046.3125,22453.25
4803.4375,5046.3125,22453.25
4803.4375,5046.3125,22453.25
4817.875,5046.375,22438.8125
4817.875,5046.375,22438.8125
4817.875,5046.375,22438.8125
4817.875,5046.375,22438.8125
4817.8125,5046.375,22438.875
4817.875,5046.375,22438.8125
4817.875,5046.375,22438.8125
4817.875,5046.375,22438.8125
4817.875,5046.375,22438.8125
4817.875,5046.375,22438.8125
4817.875,5046.375,22438.8125
4817.8125,5046.375,22438.875
4817.8125,5046.375,22438.875
4817.8125,5046.375,22438.875
4817.5,5046.375,22439.1875
4817.5,5046.375,22439.1875
4817.5,5046.375,22439.1875
4817.5,5046.375,22439.1875
4817.5,5046.375,22439.1875
4818.25,5046.375,22438.4375
4817.875,5046.375,22438.6875
4817.875,5046.375,22438.6875
4817.875,5046.375,22438.6875
4817.875,5046.375,22438.6875
4818.0,5046.375,22438.5625
4818.125,5046.375,22438.4375
4818.125,5046.375,22438.4375
4818.125,5046.375,22438.4375
4818.125,5046.375,22438.4375
4818.125,5046.375,22438.4375
4818.125,5046.375,22438.4375
4818.0625,5046.375,22438.5
4820.125,5046.375,22436.4375
4820.125,5046.375,22436.4375
4820.1875,5046.375,22436.375
4821.1875,5046.375,22435.3125
4834.875,5046.375,22421.625
4833.125,5046.375,22423.375
4833.125,5046.375,22423.375
4833.125,5046.375,22423.375
4838.9375,5046.375,22417.5625
4840.625,5046.375,22415.875
4833.0,5046.375,22423.5
4833.0,5046.375,22423.5
4832.8125,5046.375,22423.6875
4832.8125,5046.375,22423.6875
4832.8125,5046.375,22423.6875
4832.8125,5046.375,22423.6875
4832.8125,5046.375,22423.6875
4832.8125,5046.375,22423.6875
4833.0625,5046.4375,22423.375
4833.0625,5046.4375,22423.375
4833.0625,5046.4375,22423.375
4833.0625,5046.4375,22423.375
4833.0625,5046.4375,22423.375
4833.0625,5046.375,22423.375
4833.0625,5046.4375,22423.375
4833.0,5046.4375,22423.4375
4833.0,5046.4375,22423.4375
4833.0,5046.4375,22423.4375
4833.0,5046.4375,22423.4375
4833.0,5046.4375,22423.4375
4833.0,5046.4375,22423.4375
4833.0,5046.4375,22423.4375
4833.0,5046.4375,22423.4375
4833.0625,5046.4375,22423.375
4833.0625,5046.4375,22423.375
4833.0625,5046.4375,22423.375
4833.0,5046.4375,22423.4375
4832.8125,5046.4375,22423.625
4832.8125,5046.4375,22423.625
4832.8125,5046.4375,22423.625
4832.8125,5046.4375,22423.625
4844.5625,5046.4375,22411.8125
4847.5,5046.4375,22408.8125
4847.5,5046.4375,22408.8125
4847.5,5046.4375,22408.8125
4847.5,5046.4375,22408.8125
4847.5,5046.4375,22408.8125
4847.5,5046.4375,22408.8125
4846.625,5046.4375,22409.5625
4846.8125,5046.4375,22409.375
4846.625,5046.4375,22409.5625
4846.4375,5046.4375,22409.75
4846.5,5046.4375,22409.6875
4846.5,5046.4375,22409.6875
4846.5,5046.4375,22409.6875
4846.5,5046.4375,22409.6875
4846.5,5046.4375,22409.6875
4846.3125,5046.4375,22409.875
4846.3125,5046.4375,22409.875
4846.3125,5046.4375,22409.875
4846.3125,5046.4375,22409.875
4846.3125,5046.4375,22409.875
4846.3125,5046.4375,22409.875
4845.0625,5046.4375,22411.0625
4845.0625,5046.4375,22411.0625
4845.0625,5046.4375,22411.0625
4845.0625,5046.4375,22411.0625
4844.875,5046.4375,22411.25
4844.875,5046.4375,22411.25
4844.875,5046.4375,22411.25
4844.875,5046.4375,22411.25
4844.875,5046.4375,22411.25
4844.6875,5046.4375,22411.4375
4844.4375,5046.4375,22411.6875
4844.4375,5046.4375,22411.6875
4844.4375,5046.4375,22411.6875
4844.625,5046.4375,22411.5
4857.375,5046.4375,22398.75
4857.9375,5046.4375,22398.125
4857.9375,5046.4375,22398.125
4857.9375,5046.4375,22398.125
4857.9375,5046.4375,22398.125
4857.9375,5046.4375,22398.125
4857.75,5046.4375,22398.3125
4857.75,5046.4375,22398.3125
4857.9375,5046.4375,22398.125
4857.9375,5046.4375,22398.125
4857.9375,5046.4375,22398.125
4857.75,5046.4375,22398.3125
4857.75,5046.4375,22398.3125
4857.75,5046.4375,22398.3125
4857.75,5046.4375,22398.3125
4857.5625,5046.375,22398.5
4857.8125,5046.4375,22398.25
4857.8125,5046.4375,22398.25
4857.8125,5046.4375,22398.25
4857.8125,5046.4375,22398.25
4857.8125,5046.4375,22398.25
4857.8125,5046.4375,22398.25
4857.8125,5046.4375,22398.25
4857.8125,5046.4375,22398.25
4857.8125,5046.4375,22398.25
4857.8125,5046.4375,22398.25
4857.25,5046.4375,22398.8125
4857.25,5046.4375,22398.8125
4857.25,5046.4375,22398.8125
4857.25,5046.4375,22398.8125
4857.25,5046.4375,22398.8125
4857.4375,5046.4375,22398.4375
4857.3125,5046.4375,22398.5625
4857.3125,5046.4375,22398.5625
4857.3125,5046.4375,22398.5625
4857.3125,5046.4375,22398.5625
4870.875,5046.4375,22385.0
4870.875,5046.4375,22385.0
4870.875,5046.4375,22385.0
4870.875,5046.4375,22385.0
4870.875,5046.4375,22385.0
4870.875,5046.4375,22385.0
4870.8125,5046.4375,22385.0625
4870.8125,5046.4375,22385.0625
4870.8125,5046.4375,22385.0625
4871.3125,5046.4375,22384.5625
4872.75,5046.4375,22383.125
4872.625,5046.4375,22383.25
4872.625,5046.4375,22383.25
4872.625,5046.4375,22383.25
4872.25,5046.4375,22383.625
4872.25,5046.4375,22383.625
4872.25,5046.4375,22383.625
4872.1875,5046.4375,22383.6875
4872.1875,5046.4375,22383.6875
4871.875,5046.4375,22384.0
4871.875,5046.4375,22384.0
4871.875,5046.4375,22384.0
4871.875,5046.4375,22384.0
4871.875,5046.4375,22384.0
4873.375,5046.4375,22382.5
4873.0625,5046.4375,22382.6875
4873.0625,5046.4375,22382.6875
4872.875,5046.4375,22382.875
4872.875,5046.4375,22382.875
4872.875,5046.4375,22382.875
4872.8125,5046.4375,22382.9375
4872.8125,5046.4375,22382.9375
4872.8125,5046.4375,22382.9375
4872.8125,5046.4375,22382.9375
4872.75,5046.4375,22383.0
4883.3125,5046.4375,22372.4375
4885.75,5046.4375,22370.0
4885.75,5046.4375,22370.0
4885.75,5046.4375,22370.0
4885.75,5046.4375,22370.0
4885.9375,5046.4375,22369.8125
4885.75,5046.4375,22370.0
4885.75,5046.4375,22370.0
4885.75,5046.4375,22370.0
4885.75,5046.4375,22370.0
4885.75,5046.4375,22370.0
4885.75,5046.4375,22370.0
4885.75,5046.4375,22370.0
4885.75,5046.4375,22370.0
4885.75,5046.4375,22370.0
4893.6875,5046.4375,22362.125
4893.6875,5046.4375,22362.125
4893.6875,5046.4375,22362.125
4893.6875,5046.4375,22362.125
4893.25,5046.4375,22362.5625
4893.4375,5046.4375,22362.375
4893.4375,5046.4375,22362.375
4893.625,5046.4375,22362.1875
4893.625,5046.4375,22362.1875
4893.625,5046.4375,22362.1875
4893.625,5046.4375,22362.1875
4893.3125,5046.4375,22362.5
4893.3125,5046.4375,22362.5
4893.3125,5046.4375,22362.5
4893.3125,5046.4375,22362.5
4893.3125,5046.4375,22362.5
4893.3125,5046.4375,22362.5
4893.3125,5046.4375,22362.5
4893.3125,5046.4375,22362.5
4893.3125,5046.4375,22362.5
4893.6875,5046.4375,22362.0625
4893.875,5046.4375,22361.875
4907.5625,5046.4375,22348.1875
4907.5625,5046.4375,22348.1875
4907.375,5046.4375,22348.375
4907.3125,5046.4375,22348.4375
4906.875,5046.4375,22348.875
4906.875,5046.4375,22348.875
4906.875,5046.4375,22348.875
4906.875,5046.4375,22348.875
4906.875,5046.4375,22348.875
4906.875,5046.4375,22348.875
4906.875,5046.4375,22348.875
4906.875,5046.4375,22348.875
4907.1875,5046.4375,22348.5625
4907.6875,5046.4375,22348.0625
4907.6875,5046.4375,22348.0625
4907.3125,5046.4375,22348.4375
4907.3125,5046.4375,22348.4375
4907.1875,5046.4375,22348.5625
4907.1875,5046.5,22348.5625
4907.25,5046.5,22348.5
4907.25,5046.5,22348.5
4907.25,5046.5,22348.5
4907.25,5046.5,22348.5
4907.25,5046.5,22348.5
4907.25,5046.5,22348.5
4907.25,5046.5,22348.5
4907.125,5046.5,22348.625
4907.125,5046.5,22348.625
4907.125,5046.5,22348.625
4906.375,5046.5,22349.375
4906.375,5046.5,22349.375
4907.5625,5046.4375,22348.25
4903.1875,5046.5,22352.5625
4903.1875,5046.5,22352.5625
4903.1875,5046.4375,22352.5625
4902.8125,5046.5,22352.9375
4902.8125,5046.5,22352.9375
4902.6875,5046.5,22353.0625
4902.6875,5046.5,22353.0625
4917.5,5046.625,22338.1875
4917.875,5046.875,22337.6875
4917.875,5046.875,22337.6875
4918.4375,5046.875,22337.125
4918.3125,5046.875,22337.25
4918.3125,5046.875,22337.25
4918.3125,5046.875,22337.25
4918.0,5046.875,22337.5625
4918.0,5046.875,22337.5625
4918.0,5046.875,22337.5625
4918.0,5046.875,22337.5625
4918.0,5046.875,22337.5625
4918.0,5046.875,22337.5625
4918.0,5046.875,22337.5625
4918.0,5046.875,22337.5625
4918.0,5046.875,22337.5625
4917.625,5046.875,22337.9375
4917.625,5046.875,22337.9375
4917.625,5046.875,22337.9375
4917.625,5046.875,22337.9375
4917.8125,5046.875,22337.75
4917.8125,5046.875,22337.75
4917.8125,5046.875,22337.75
4917.8125,5046.875,22337.75
4917.8125,5046.875,22337.75
4917.8125,5046.9375,22337.75
4917.5625,5046.9375,22338.0
4917.5,5046.9375,22338.0625
4917.5,5046.9375,22338.0625
4917.3125,5046.9375,22338.25
4917.125,5046.9375,22338.4375
4917.0,5046.9375,22338.5625
4917.0,5046.9375,22338.5625
4917.0,5046.9375,22338.5625
4917.0,5046.9375,22338.5625
4917.0,5046.9375,22338.5625
4916.8125,5046.9375,22338.75
4916.8125,5046.9375,22338.75
4916.6875,5046.9375,22338.8125
4916.6875,5046.9375,22338.8125
4916.6875,5046.9375,22338.8125
4916.6875,5046.9375,22338.8125
4916.6875,5046.9375,22338.8125
4916.6875,5046.9375,22338.8125
4916.6875,5046.9375,22338.8125
4916.6875,5046.9375,22338.8125
4916.6875,5046.9375,22338.8125
4916.6875,5046.9375,22338.8125
4916.6875,5046.9375,22338.8125
4916.6875,5046.9375,22338.8125
4916.4375,5046.9375,22339.0625
4916.4375,5046.9375,22339.0625
4916.4375,5046.9375,22339.0625
4916.4375,5046.9375,22339.0625
4916.4375,5046.9375,22339.0625
4916.4375,5046.9375,22339.0625
4916.4375,5046.9375,22339.0625
4916.4375,5046.9375,22339.0625
4916.4375,5046.9375,22339.0625
4916.25,5046.9375,22339.25
4916.25,5046.9375,22339.25
4916.0625,5046.9375,22339.4375
4916.0625,5046.9375,22339.4375
4916.0625,5046.9375,22339.4375
4916.0625,5046.9375,22339.4375
4916.25,5046.9375,22339.25
4916.25,5046.9375,22339.25
4916.25,5046.9375,22339.25
4916.25,5046.9375,22339.25
4916.0625,5046.9375,22339.4375
4915.75,5046.9375,22339.75
4915.75,5046.9375,22339.75
4915.9375,5046.9375,22339.5625
4915.9375,5046.9375,22339.5625
4915.9375,5046.9375,22339.5625
4915.9375,5046.9375,22339.5625
4915.9375,5046.9375,22339.5625
4915.9375,5046.9375,22339.5625
4915.75,5046.9375,22339.75
4916.875,5046.9375,22338.625
4916.6875,5046.9375,22338.8125
4916.875,5046.9375,22338.625
4917.125,5046.9375,22338.3125
4917.5,5046.9375,22337.3125
4916.375,5046.9375,22338.4375
4924.625,5046.9375,22330.1875
4924.0625,5046.9375,22330.75
4918.625,5046.9375,22336.1875
4918.625,5046.9375,22336.1875
4918.625,5046.9375,22336.1875
4918.625,5046.9375,22336.1875
4918.625,5046.9375,22336.1875
4918.625,5046.9375,22336.1875
4918.5625,5046.9375,22336.25
4939.1875,5046.9375,22315.625
4939.1875,5046.9375,22315.625
4939.1875,5046.9375,22315.625
4939.1875,5046.9375,22315.625
4939.1875,5046.9375,22315.625
4939.1875,5046.9375,22315.625
4939.1875,5046.9375,22315.625
4939.1875,5046.9375,22315.625
4939.0,5046.9375,22315.8125
4939.0,5046.9375,22315.8125
4939.0,5046.9375,22315.8125
4938.8125,5046.9375,22316.0
4938.75,5046.9375,22316.0625
4938.75,5046.9375,22316.0625
4938.75,5046.9375,22316.0625
4938.75,5046.9375,22316.0625
4938.75,5046.9375,22316.0625
4938.0,5046.9375,22316.75
4938.0,5046.9375,22316.75
4938.0,5046.9375,22316.75
4938.0,5046.9375,22316.75
4937.8125,5046.9375,22316.9375
4937.8125,5046.9375,22316.9375
4937.8125,5046.9375,22316.9375
4937.8125,5046.9375,22316.9375
4937.8125,5046.9375,22316.9375
4937.625,5046.9375,22317.125
4937.8125,5046.9375,22316.9375
4937.8125,5046.9375,22316.9375
4937.75,5046.9375,22317.0
4937.5625,5046.9375,22317.1875
4937.25,5046.9375,22317.5
4937.0625,5046.9375,22317.6875
4937.25,5046.9375,22317.5
4937.25,5046.9375,22317.5
4937.25,5046.9375,22317.5
4937.0625,5046.9375,22317.6875
4937.0625,5046.9375,22317.6875
4937.0625,5046.9375,22317.6875
4937.0625,5046.9375,22317.6875
4937.0625,5046.9375,22317.6875
4937.0625,5046.9375,22317.6875
4937.0625,5046.9375,22317.6875
4937.0625,5046.9375,22317.6875
4936.875,5046.9375,22317.875
4937.0625,5046.9375,22317.6875
4936.875,5046.9375,22317.875
4936.875,5046.9375,22317.875
4936.875,5046.9375,22317.875
4936.875,5046.9375,22317.875
4936.875,5046.9375,22317.875
4936.875,5046.9375,22317.875
4936.875,5046.9375,22317.875
4936.875,5046.9375,22317.875
4936.875,5046.9375,22317.875
4936.875,5046.9375,22317.875
4936.875,5046.9375,22317.875
4936.8125,5046.9375,22317.9375
4936.75,5046.9375,22318.0
4936.9375,5046.9375,22317.8125
4939.0625,5046.9375,22315.6875
4938.875,5046.9375,22315.875
4938.8125,5046.9375,22315.9375
4938.8125,5046.9375,22315.9375
4938.625,5046.9375,22316.125
4938.6875,5046.9375,22316.0625
4938.6875,5046.9375,22316.0625
4938.6875,5046.9375,22316.0625
4938.6875,5046.9375,22316.0625
4938.5625,5046.9375,22316.1875
4938.75,5046.9375,22316.0
4938.75,5046.9375,22316.0
4938.5625,5046.9375,22316.1875
4938.5625,5046.9375,22316.1875
4938.5,5046.9375,22316.25
4938.8125,5046.9375,22315.9375
4938.625,5046.9375,22316.125
4938.8125,5046.9375,22315.9375
4938.9375,5046.9375,22315.8125
4938.9375,5046.9375,22315.8125
4938.875,5046.875,22315.875
4938.5,5046.9375,22316.25
4938.5,5046.9375,22316.25
4938.5,5046.9375,22316.25
4938.5,5046.9375,22316.25
4938.5,5046.9375,22316.25
4938.5,5046.9375,22316.25
4938.5,5046.9375,22316.25
4938.6875,5046.9375,22316.0625
4940.0,5046.9375,22314.75
4939.9375,5046.9375,22314.4375
4939.875,5046.9375,22314.5
4939.6875,5046.9375,22314.6875
4939.6875,5046.9375,22314.6875
4939.6875,5046.9375,22314.6875
4939.875,5046.9375,22314.5
4939.8125,5046.9375,22314.5625
4939.8125,5046.9375,22314.5625
4939.8125,5046.9375,22314.5625
4939.8125,5046.9375,22314.5625
4940.0,5046.9375,22314.375
4939.8125,5046.9375,22314.5625
4939.8125,5046.9375,22314.5625
4939.8125,5046.9375,22314.5625
4939.625,5046.9375,22314.75
4939.375,5046.9375,22315.0
4939.1875,5046.9375,22315.1875
4939.1875,5046.9375,22315.1875
4939.1875,5046.9375,22315.1875
4939.1875,5046.9375,22315.1875
4939.1875,5046.9375,22315.1875
4939.1875,5046.9375,22315.1875
4939.1875,5046.9375,22315.1875
4938.9375,5046.9375,22315.4375
4938.9375,5046.9375,22315.4375
4938.875,5046.9375,22315.5
4938.6875,5046.9375,22315.6875
4938.6875,5046.9375,22315.6875
4938.8125,5046.9375,22315.5625
4938.625,5046.9375,22315.75
4939.5,5046.9375,22314.875
4939.5,5046.9375,22314.875
4939.5,5046.9375,22314.875
4939.6875,5046.9375,22314.6875
4939.6875,5046.9375,22314.6875
4939.875,5046.875,22314.5
4939.875,5046.9375,22314.5
4939.625,5046.9375,22314.75
4939.5625,5046.9375,22314.8125
4939.5,5046.9375,22314.875
4939.5,5046.9375,22314.875
4939.5,5046.9375,22314.875
4939.5,5046.9375,22314.875
4939.6875,5046.9375,22314.6875
4939.625,5046.9375,22314.75
4941.125,5046.9375,22313.25
4941.125,5046.9375,22313.25
4940.9375,5046.9375,22313.4375
4940.9375,5046.9375,22313.4375
4940.9375,5046.9375,22313.4375
4940.9375,5046.9375,22313.4375
4940.9375,5046.9375,22313.4375
4940.9375,5046.9375,22313.4375
4940.9375,5046.9375,22313.4375
4943.0,5046.9375,22311.375
4947.0,5046.9375,22307.4375
4947.0,5046.9375,22307.4375
4947.0,5046.9375,22307.4375
4947.0,5046.9375,22307.4375
4947.0,5046.9375,22307.4375
4946.25,5046.9375,22308.1875
4946.0625,5046.9375,22308.375
4946.0625,5046.9375,22308.375
4946.0625,5046.9375,22308.375
4946.0625,5046.9375,22308.375
4946.0625,5046.9375,22308.375
4946.0625,5046.9375,22308.375
4945.875,5046.9375,22308.5625
4945.875,5046.9375,22308.5625
4945.875,5046.9375,22308.5625
4945.875,5046.9375,22308.5625
4945.875,5046.9375,22308.5625
4945.875,5046.9375,22308.5625
4945.875,5046.9375,22308.5625
4945.5,5046.9375,22308.9375
4946.3125,5046.9375,22308.125
4946.125,5046.9375,22308.3125
4945.875,5046.9375,22308.5625
4945.8125,5046.9375,22308.625
4945.8125,5046.9375,22308.625
4945.8125,5046.9375,22308.625
4944.5,5046.9375,22309.9375
4944.5,5046.9375,22309.9375
4944.5,5046.9375,22309.9375
4960.8125,5047.0,22293.625
4963.0625,5047.0,22291.375
4963.0625,5047.0,22291.375
4962.5625,5047.0,22291.875
4962.75,5047.0,22291.6875
4962.1875,5047.0,22292.25
4963.0625,5047.0,22291.375
4963.0625,5047.0,22291.375
4963.0625,5047.0,22291.375
4963.0625,5047.0,22291.375
4963.0625,5047.0,22291.375
4963.0625,5047.0,22291.375
4962.875,5047.0,22291.5625
4962.6875,5047.0,22291.75
4962.6875,5047.0,22291.75
4962.875,5047.0,22291.5625
4962.875,5047.0,22291.5625
4962.875,5047.0,22291.5625
4962.875,5047.0,22291.5625
4963.0625,5047.0,22291.375
4963.0,5047.0,22291.0
4963.1875,5047.0,22290.8125
4963.1875,5047.0,22290.8125
4963.0,5047.0,22291.0
4962.4375,5047.0,22291.5625
4962.4375,5047.0,22291.5625
4962.4375,5047.0,22291.5625
4962.4375,5047.0,22291.5625
4962.625,5047.0,22291.375
4962.625,5047.0,22291.375
4962.625,5047.0,22291.375
4962.625,5047.0,22291.375
4962.625,5047.0,22291.375
4962.625,5047.0,22291.375
4962.6875,5047.0,22291.3125
4963.8125,5047.0,22290.0
4964.125,5047.0,22289.0625
4963.5,5047.0,22289.6875
4963.375,5047.0,22289.8125
4963.375,5047.0,22289.8125
4963.125,5047.0,22290.0625
4963.125,5047.0,22290.0625
4963.125,5047.0,22290.0625
4963.125,5047.0,22290.0625
4963.25,5047.0,22289.9375
4963.25,5047.0,22289.9375
4963.25,5047.0,22289.9375
4963.25,5047.0,22289.9375
4963.25,5047.0,22289.9375
4963.4375,5047.0,22289.75
4963.375,5047.0,22289.8125
4962.75,5047.0,22290.4375
4962.9375,5047.0,22290.25
4962.9375,5047.0,22290.25
4962.9375,5047.0,22290.25
4962.9375,5047.0,22290.25
4962.9375,5047.0,22290.25
4962.9375,5047.0,22290.25
4962.9375,5047.0,22290.25
4962.9375,5047.0,22290.25
4962.4375,5047.0,22290.75
4962.4375,5047.0,22290.75
4962.4375,5047.0,22290.75
4962.4375,5047.0,22290.75
4962.25,5047.0,22290.9375
4962.9375,5047.0625,22290.1875
4962.875,5047.0625,22290.125
4962.875,5047.0625,22290.125
4962.875,5047.0625,22290.125
4962.6875,5047.0625,22290.3125
4963.375,5046.5,22290.125
4963.375,5046.5,22290.125
4963.375,5046.5,22290.125
4963.375,5046.5,22290.125
4963.5,5046.5,22290.125
4963.5,5046.5,22290.125
4963.5,5046.4375,22290.125
4963.5,5046.4375,22290.125
4963.4375,5046.4375,22290.1875
4963.4375,5046.4375,22290.1875
4962.9375,5046.4375,22290.6875
4964.125,5046.4375,22289.5
4964.125,5046.4375,22289.5
4964.125,5046.4375,22289.5
4963.75,5046.4375,22289.875
4963.75,5046.4375,22289.875
4963.75,5047.0,22289.875
4963.875,5047.0,22289.75
4963.875,5047.0,22289.75
4963.875,5047.0,22289.75
4963.875,5047.0,22289.75
4963.6875,5047.0,22289.9375
4963.6875,5047.0,22289.9375
4963.6875,5047.0,22289.9375
4963.6875,5047.0,22289.9375
4963.875,5046.9375,22289.75
4964.0625,5047.0,22288.9375
4964.0625,5047.0,22288.9375
4964.0625,5047.0,22288.9375
4964.0625,5047.0,22288.9375
4964.0625,5047.0,22288.9375
4964.0625,5047.0,22288.9375
4964.0625,5047.0,22288.9375
4964.0625,5047.0,22288.9375
4964.0625,5047.0,22288.9375
4963.625,5047.0,22289.375
4963.625,5047.0,22289.375
4963.625,5047.0,22289.375
4963.625,5047.0,22289.375
4963.625,5047.0,22289.375
4963.125,5047.0,22289.875
4963.125,5047.0,22289.8125
4963.125,5047.0,22289.8125
4963.375,5047.0,22289.5625
4964.875,5047.0,22288.0625
4964.875,5047.0,22288.0625
4974.25,5047.0625,22278.6875
4975.1875,5047.0625,22277.75
4967.125,5047.0625,22285.8125
4965.625,5047.0625,22287.3125
4965.25,5047.0625,22287.6875
4965.25,5047.0625,22287.6875
4965.0625,5047.0625,22287.875
4965.0625,5047.0625,22287.875
4964.875,5047.0625,22288.0625
4964.125,5047.0625,22288.8125
4964.5,5047.0625,22288.4375
4964.5,5047.0625,22288.4375
4964.5,5047.0625,22288.4375
4964.5,5047.0625,22288.4375
4964.1875,5047.0625,22288.75
4964.1875,5047.0625,22288.75
4964.1875,5047.0625,22288.75
4964.1875,5047.0625,22288.75
4961.8125,5047.0,22291.1875
4960.75,5047.0625,22292.1875
4960.625,5047.0625,22292.3125
4960.625,5047.0625,22292.3125
4960.625,5047.0625,22292.3125
4960.625,5047.0625,22292.3125
4959.625,5047.0625,22293.125
4959.8125,5047.0625,22292.9375
4959.8125,5047.0625,22292.9375
4959.8125,5047.0625,22292.9375
4959.5625,5047.0625,22293.1875
4959.5625,5047.0625,22293.1875
4959.5625,5047.0625,22293.1875
4959.5625,5047.0625,22293.1875
4959.5625,5047.0625,22293.1875
4959.5625,5047.0625,22293.1875
4959.5625,5047.0625,22293.1875
4959.5625,5047.0625,22293.1875
4959.5625,5047.0625,22293.1875
4959.5625,5047.0625,22293.1875
4959.5625,5047.0625,22293.1875
4959.375,5047.0625,22293.375
4960.5625,5047.0625,22292.1875
4960.5625,5047.0625,22292.1875
4960.1875,5047.0625,22292.5625
4960.1875,5047.0625,22292.5625
4960.0,5047.0625,22292.75
4959.875,5047.0625,22292.875
4959.875,5047.0625,22292.875
4959.875,5047.0625,22292.875
4959.875,5047.0625,22292.875
4959.5,5047.0625,22293.25
4959.4375,5047.0625,22293.3125
4959.4375,5047.0625,22293.3125
4959.4375,5047.0625,22293.3125
4959.4375,5047.0625,22293.3125
4959.1875,5047.0625,22293.5625
4960.6875,5047.0625,22292.0625
4960.5,5047.0625,22292.25
4960.5,5047.0625,22292.25
4960.5,5047.0625,22292.25
4960.1875,5047.0625,22292.5625
4960.1875,5047.0625,22292.5625
4960.0625,5047.0625,22292.6875
4960.0625,5047.0625,22292.6875
4960.0625,5047.0625,22292.6875
4960.0625,5047.0625,22292.6875
4960.0625,5047.0625,22292.6875
4960.0625,5047.0625,22292.6875
4960.0625,5047.0625,22292.6875
4960.0625,5047.0625,22292.6875
4959.625,5047.0625,22293.125
4960.0,5047.0625,22292.75
4959.8125,5047.0625,22292.9375
4959.8125,5047.0625,22292.9375
4959.8125,5047.0625,22292.9375
4959.8125,5047.0625,22292.9375
4959.8125,5047.0625,22292.9375
4959.8125,5047.0625,22292.9375
4959.8125,5047.0625,22292.9375
4959.8125,5047.0625,22292.9375
4959.5625,5047.0625,22293.1875
4959.5,5047.0625,22293.25
4959.5,5047.0625,22293.25
4959.5,5047.0625,22293.25
4959.5,5047.0625,22293.25
4959.5625,5047.0625,22293.1875
4960.375,5047.0625,22292.375
4960.375,5047.0625,22292.375
4960.25,5047.0625,22292.5
4960.25,5047.0625,22292.5
4960.25,5047.0625,22292.5
4960.25,5047.0,22292.5
4944.6875,5047.0625,22308.0625
4949.375,5047.0625,22303.375
4949.375,5047.0625,22303.375
4949.375,5047.0625,22303.375
4949.375,5047.0625,22303.375
4949.0,5047.0625,22303.75
4949.0,5047.0625,22303.75
4949.0,5047.0625,22303.75
4948.9375,5047.0625,22303.8125
4947.9375,5047.125,22304.8125
4947.875,5047.125,22304.875
4947.5625,5047.125,22305.1875
4947.5625,5047.125,22305.1875
4947.5625,5047.125,22305.1875
4947.5625,5047.0625,22305.1875
4947.5625,5047.0625,22305.1875
4947.5625,5047.0625,22305.1875
4947.5625,5047.0625,22305.1875
4947.1875,5047.0625,22305.5625
4947.1875,5047.0625,22305.5625
4946.875,5047.0625,22305.875
4946.875,5047.0625,22305.875
4946.875,5047.0625,22305.875
4946.875,5047.0625,22305.875
4946.9375,5047.0625,22305.8125
4946.875,5047.0625,22305.875
4946.875,5047.0625,22305.875
4946.875,5047.0625,22305.875
4946.6875,5047.0625,22306.0625
4946.4375,5047.0625,22306.3125
4946.4375,5047.0625,22306.3125
4946.4375,5047.0625,22306.3125
4946.4375,5047.0625,22306.3125
4946.4375,5047.0625,22306.3125
4946.25,5047.0625,22306.5
4946.25,5047.0625,22306.5
4946.0625,5047.0625,22306.6875
4946.0625,5047.0625,22306.6875
4946.3125,5047.0625,22306.4375
4947.375,5047.0625,22305.375
4947.375,5047.0625,22305.375
4947.3125,5047.0625,22305.4375
4947.3125,5047.0625,22305.4375
4947.3125,5047.0625,22305.4375
4947.3125,5047.0,22305.4375
4947.3125,5047.0625,22305.4375
4947.3125,5047.0625,22305.4375
4947.3125,5047.0625,22305.4375
4947.3125,5047.0625,22305.4375
4947.125,5047.0625,22305.625
4947.125,5047.0625,22305.625
4947.125,5047.0625,22305.625
4947.125,5047.0625,22305.625
4948.375,5047.0625,22303.9375
4948.375,5047.0625,22303.9375
4948.375,5047.0625,22303.9375
4948.375,5047.0625,22303.9375
4948.375,5047.0625,22303.9375
4947.9375,5047.0625,22304.375
4947.9375,5047.0625,22304.375
4947.9375,5047.0625,22304.375
4947.9375,5047.0625,22304.375
4947.9375,5047.0625,22304.375
4954.75,5047.0625,22297.625
4954.75,5047.0625,22297.625
4954.6875,5047.0625,22297.6875
4954.6875,5047.0625,22297.6875
4954.6875,5047.0625,22297.6875
4954.125,5047.0625,22298.25
4954.3125,5047.0625,22298.0625
4954.3125,5047.0625,22298.0625
4954.25,5047.0625,22298.125
4954.25,5047.0625,22298.125
4954.25,5047.0625,22298.125
4954.25,5047.0625,22298.125
4954.25,5047.0625,22298.125
4954.25,5047.0625,22298.125
4954.25,5047.0625,22298.125
4954.0,5047.0625,22298.375
4954.0,5047.0625,22298.375
4954.0,5047.0625,22298.375
4954.0,5047.0625,22298.375
4954.0,5047.0625,22298.375
4953.9375,5047.0625,22298.375
4953.9375,5047.0625,22298.375
4953.75,5047.0625,22298.5625
4953.75,5047.0625,22298.5625
4953.75,5047.0625,22298.5625
4953.8125,5047.0625,22298.5
4953.8125,5047.0625,22298.5
4953.75,5047.0625,22298.5625
4953.75,5047.0625,22298.5625
4953.75,5047.0625,22298.5625
4953.75,5047.0625,22298.5625
4953.75,5047.0625,22298.5625
4953.75,5047.0625,22298.5625
4953.75,5047.0625,22298.5625
4953.75,5047.0625,22298.5625
4953.3125,5047.0625,22299.0
4953.3125,5047.0625,22299.0
4953.3125,5047.0625,22299.0
4953.125,5047.0625,22299.1875
4953.125,5047.0625,22299.1875
4953.125,5047.0625,22299.1875
4953.3125,5047.0625,22299.0
4948.1875,5047.125,22304.125
4948.1875,5047.125,22304.125
4948.1875,5047.125,22304.125
4948.25,5047.125,22304.0625
4948.0625,5047.125,22304.25
4948.0,5047.125,22304.3125
4948.0,5047.125,22304.3125
4948.0,5047.125,22304.3125
4948.0,5047.125,22304.0625
4948.0,5047.125,22304.0625
4947.8125,5047.125,22304.25
4947.8125,5047.125,22304.25
4947.8125,5047.125,22304.25
4947.8125,5047.125,22304.25
4947.9375,5047.125,22304.125
4947.9375,5047.125,22304.125
4947.9375,5047.125,22304.125
4947.9375,5047.125,22304.125
4947.875,5047.125,22304.1875
4947.875,5047.125,22304.1875
4947.625,5047.125,22304.4375
4947.625,5047.125,22304.4375
4947.625,5047.125,22304.4375
4947.4375,5047.125,22304.625
4947.1875,5047.125,22304.875
4947.1875,5047.125,22304.875
4947.1875,5047.125,22304.875
4947.1875,5047.125,22304.875
4947.1875,5047.125,22304.875
4947.125,5047.125,22304.9375
4947.125,5047.125,22304.9375
4947.125,5047.125,22304.9375
4946.875,5047.125,22305.1875
4946.875,5047.125,22305.1875
4946.875,5047.125,22305.1875
4946.875,5047.125,22305.1875
4946.875,5047.125,22305.1875
4946.875,5047.125,22305.1875
4946.875,5047.125,22305.1875
4946.875,5047.125,22305.1875
4946.875,5047.125,22305.1875
4946.875,5047.125,22305.1875
4946.875,5047.125,22305.1875
4946.875,5047.125,22305.1875
4946.5625,5047.125,22305.5
4947.4375,5047.125,22304.5625
4947.375,5047.125,22304.625
4947.375,5047.125,22304.625
4947.375,5047.125,22304.625
4947.375,5047.125,22304.625
4947.375,5047.125,22304.625
4947.375,5047.125,22304.625
4947.375,5047.125,22304.625
4947.375,5047.125,22304.625
4947.125,5047.125,22304.875
4947.125,5047.125,22304.875
4947.125,5047.125,22304.875
4947.125,5047.125,22304.875
4947.125,5047.125,22304.875
4947.125,5047.125,22304.875
4947.125,5047.125,22304.875
4947.125,5047.125,22304.875
4947.125,5047.125,22304.875
4947.125,5047.125,22304.875
4947.3125,5047.125,22304.6875
4947.0625,5047.125,22304.9375
4947.0625,5047.125,22304.9375
4947.0625,5047.125,22304.9375
4947.0625,5047.125,22304.9375
4947.0625,5047.125,22304.9375
4947.0625,5047.125,22304.9375
4947.0625,5047.125,22304.9375
4947.0625,5047.125,22304.9375
4947.0625,5047.125,22304.9375
4947.0625,5047.125,22304.9375
4947.0625,5047.125,22304.9375
4947.0625,5047.125,22304.9375
4947.0625,5047.125,22304.9375
4947.0625,5047.125,22304.9375
4947.0625,5047.125,22304.9375
4947.0625,5047.125,22304.9375
4947.0625,5047.125,22304.9375
4947.0625,5047.125,22304.9375
4947.0625,5047.125,22304.9375
4947.0625,5047.125,22304.9375
4947.0625,5047.125,22304.9375
4947.0625,5047.125,22304.9375
4947.0625,5047.125,22304.9375
4947.0625,5047.125,22304.9375
4947.0625,5047.125,22304.9375
4947.0625,5047.125,22304.9375
4947.0625,5047.125,22304.9375
4946.625,5047.125,22305.0625
4946.625,5047.125,22305.0625
4946.625,5047.125,22305.0625
4946.625,5047.125,22305.0625
4946.625,5047.125,22305.0625
4946.625,5047.125,22305.0625
4946.4375,5047.125,22305.25
4946.4375,5047.125,22305.25
4946.3125,5047.125,22305.375
4946.3125,5047.125,22305.375
4946.3125,5047.125,22305.375
4948.0,5047.125,22303.6875
4950.25,5047.125,22301.4375
4942.75,5047.125,22308.9375
4942.75,5047.125,22308.9375
4942.75,5047.125,22308.9375
4942.75,5047.125,22308.9375
4941.5625,5047.125,22310.125
4941.5625,5047.125,22310.125
4941.5625,5047.125,22310.125
4941.5625,5047.125,22310.125
4941.5625,5047.125,22310.125
4941.5625,5047.125,22310.125
4941.5625,5047.125,22310.125
4941.5625,5047.125,22310.125
4941.5625,5047.125,22310.125
4931.8125,5047.125,22319.875
4933.625,5047.125,22318.0625
4933.625,5047.125,22318.0625
4933.625,5047.125,22318.0625
4933.625,5047.125,22318.0625
4933.625,5047.125,22318.0625
4933.625,5047.1875,22317.875
4933.625,5047.1875,22317.875
4933.625,5047.1875,22317.875
4933.625,5047.1875,22317.875
4933.625,5047.1875,22317.875
4933.625,5047.1875,22317.875
4933.625,5047.1875,22317.875
4934.4375,5047.1875,22317.0625
4934.4375,5047.1875,22317.0625
4934.0625,5047.1875,22317.4375
4934.0625,5047.1875,22317.4375
4934.0,5047.1875,22317.5
4934.0,5047.1875,22317.5
4934.0,5047.1875,22317.5
4934.0,5047.1875,22317.5
4934.0,5047.1875,22317.5
4934.0,5047.1875,22317.5
4934.0,5047.1875,22317.5
4934.0,5047.1875,22317.5
4934.0,5047.1875,22317.5
4934.0,5047.1875,22317.5
4933.9375,5047.1875,22317.5
4936.1875,5047.1875,22315.25
4936.1875,5047.1875,22315.25
4936.1875,5047.1875,22315.25
4936.1875,5047.1875,22315.25
4936.1875,5047.1875,22315.25
4936.1875,5047.1875,22315.25
4936.125,5047.1875,22315.3125
4936.125,5047.1875,22315.3125
4936.125,5047.1875,22315.3125
4936.3125,5047.1875,22315.125
4936.3125,5047.1875,22315.125
4936.5,5047.1875,22314.9375
4935.375,5047.1875,22315.625
4935.3125,5047.1875,22315.6875
4935.3125,5047.1875,22315.6875
4935.3125,5047.1875,22315.6875
4935.3125,5047.1875,22315.6875
4935.3125,5047.1875,22315.6875
4935.3125,5047.1875,22315.6875
4935.25,5047.1875,22315.6875
4935.25,5047.1875,22315.6875
4935.25,5047.1875,22315.6875
4935.25,5047.1875,22315.6875
4935.25,5047.1875,22315.6875
4935.25,5047.1875,22315.6875
4935.25,5047.1875,22315.6875
4935.6875,5047.1875,22315.25
4935.75,5047.1875,22315.1875
4935.75,5047.1875,22315.1875
4935.75,5047.1875,22315.1875
4935.75,5047.1875,22315.1875
4935.75,5047.1875,22315.1875
4935.75,5047.1875,22315.1875
4935.75,5047.1875,22315.1875
4935.75,5047.1875,22315.1875
4935.75,5047.1875,22315.1875
4935.875,5047.1875,22315.0625
4935.875,5047.1875,22315.0625
4935.875,5047.1875,22315.0625
4935.5,5047.1875,22315.4375
4935.5,5047.1875,22315.4375
4935.375,5047.1875,22315.5625
4935.5625,5047.1875,22315.375
4935.375,5047.1875,22315.5625
4935.3125,5047.1875,22315.625
4935.3125,5047.1875,22315.625
4935.3125,5047.1875,22315.625
4935.5,5047.1875,22315.4375
4935.5,5047.1875,22315.4375
4934.625,5047.1875,22316.3125
4934.625,5047.1875,22316.3125
4934.625,5047.1875,22316.3125
4934.625,5047.1875,22316.3125
4934.625,5047.1875,22316.3125
4934.625,5047.1875,22316.3125
4934.625,5047.1875,22316.3125
4934.4375,5047.1875,22316.5
4934.125,5047.1875,22316.8125
4934.125,5047.1875,22316.8125
4934.125,5047.1875,22316.8125
4933.9375,5047.1875,22317.0
4933.9375,5047.1875,22317.0
4933.8125,5047.1875,22317.125
4933.8125,5047.1875,22317.125
4933.8125,5047.1875,22317.125
4933.8125,5047.1875,22317.125
4933.8125,5047.1875,22317.125
4933.8125,5047.1875,22317.125
4933.8125,5047.1875,22317.125
4933.75,5047.1875,22317.1875
4933.5,5047.1875,22317.4375
4933.5,5047.1875,22317.4375
4934.3125,5047.1875,22316.4375
4934.3125,5047.1875,22316.4375
4934.3125,5047.1875,22316.4375
4934.125,5047.1875,22316.625
4934.125,5047.1875,22316.625
4934.125,5047.1875,22316.625
4934.125,5047.1875,22316.625
4933.9375,5047.1875,22316.8125
4933.9375,5047.1875,22316.8125
4933.9375,5047.1875,22316.8125
4933.9375,5047.1875,22316.8125
4933.8125,5047.1875,22316.9375
4933.625,5047.1875,22317.125
4933.625,5047.1875,22317.125
4933.75,5047.1875,22317.0
4934.5625,5047.1875,22316.1875
4934.5625,5047.1875,22316.1875
4934.5625,5047.1875,22316.1875
4934.5625,5047.1875,22316.1875
4934.5625,5047.1875,22316.1875
4934.4375,5047.1875,22316.3125
4934.4375,5047.1875,22316.3125
4934.375,5047.1875,22316.375
4934.375,5047.1875,22316.375
4934.375,5047.1875,22316.375
4934.375,5047.1875,22316.375
4934.375,5047.1875,22316.375
4934.375,5047.1875,22316.375
4934.375,5047.1875,22316.375
4934.375,5047.1875,22316.375
4935.125,5047.1875,22315.625
4935.0,5047.1875,22315.75
4934.9375,5047.1875,22315.8125
4934.9375,5047.1875,22315.8125
4934.9375,5047.1875,22315.8125
4934.9375,5047.1875,22315.8125
4934.9375,5047.1875,22315.8125
4934.8125,5047.1875,22315.9375
4934.8125,5047.1875,22315.9375
4934.8125,5047.1875,22315.9375
4941.25,5047.1875,22309.5625
4942.1875,5047.1875,22308.625
4941.8125,5047.1875,22309.0
4941.8125,5047.1875,22309.0
4941.75,5047.1875,22309.0625
4941.6875,5047.1875,22309.0625
4941.6875,5047.1875,22309.0625
4941.4375,5047.1875,22309.3125
4941.375,5047.1875,22309.375
4941.375,5047.1875,22309.375
4941.375,5047.1875,22309.375
4941.375,5047.1875,22309.375
4941.375,5047.1875,22309.375
4941.5625,5047.1875,22309.1875
4941.5625,5047.1875,22309.1875
4941.5625,5047.1875,22309.1875
4941.5625,5047.1875,22309.1875
4941.5625,5047.1875,22309.1875
4941.5625,5047.1875,22309.1875
4941.5625,5047.1875,22309.1875
4941.5,5047.1875,22309.0625
4941.5,5047.1875,22309.0625
4941.5,5047.1875,22309.0625
4941.5,5047.1875,22309.0625
4941.5,5047.1875,22309.0625
4941.3125,5047.1875,22309.25
4941.875,5047.1875,22308.6875
4941.6875,5047.1875,22308.875
4941.6875,5047.1875,22308.875
4941.6875,5047.1875,22308.875
4941.6875,5047.1875,22308.875
4941.6875,5047.1875,22308.875
4941.6875,5047.1875,22308.875
4941.6875,5047.1875,22308.875
4942.0625,5047.1875,22308.5
4941.9375,5047.1875,22308.5625
4941.9375,5047.1875,22308.5625
4941.75,5047.1875,22308.75
4941.75,5047.1875,22308.75
4941.5625,5047.1875,22308.9375
4941.5,5047.1875,22309.0
4941.5,5047.1875,22309.0
4941.5,5047.1875,22309.0
4941.5,5047.1875,22309.0
4941.5,5047.1875,22309.0
4941.8125,5047.1875,22308.6875
4941.8125,5047.1875,22308.6875
4941.5625,5047.1875,22308.9375
4941.4375,5047.1875,22308.9375
4941.625,5047.1875,22308.75
4942.1875,5047.1875,22308.1875
4942.1875,5047.1875,22308.1875
4942.1875,5047.1875,22308.1875
4942.1875,5047.1875,22308.1875
4942.1875,5047.1875,22308.1875
4942.1875,5047.1875,22308.1875
4942.1875,5047.1875,22308.1875
4942.1875,5047.1875,22308.1875
4942.125,5047.1875,22308.1875
4942.125,5047.1875,22308.1875
4942.125,5047.1875,22308.1875
4941.875,5047.1875,22308.4375
4941.5,5047.1875,22308.8125
4941.5,5047.1875,22308.8125
4941.9375,5047.1875,22308.375
4941.875,5047.1875,22308.4375
4941.875,5047.1875,22308.4375
4941.875,5047.1875,22308.4375
4941.9375,5047.1875,22308.25
4941.9375,5047.1875,22308.25
4941.9375,5047.1875,22308.25
4941.9375,5047.1875,22308.25
4941.9375,5047.1875,22308.25
4941.9375,5047.1875,22308.25
4941.9375,5047.1875,22308.25
4941.9375,5047.1875,22308.25
4941.9375,5047.1875,22308.25
4941.9375,5047.1875,22308.25
4941.9375,5047.1875,22308.25
4942.5,5047.25,22307.625
4941.9375,5047.25,22308.1875
4941.6875,5047.25,22308.4375
4941.6875,5047.25,22308.4375
4941.6875,5047.25,22308.4375
4941.5,5047.25,22308.625
4941.4375,5047.1875,22308.6875
4941.3125,5047.25,22308.6875
4941.3125,5047.25,22308.6875
4941.3125,5047.25,22308.6875
4941.3125,5047.25,22308.6875
4941.3125,5047.25,22308.6875
4941.3125,5047.25,22308.6875
4941.3125,5047.25,22308.6875
4941.3125,5047.25,22308.6875
4940.6875,5047.25,22309.3125
4941.25,5047.25,22308.75
4938.75,5047.25,22311.25
4938.4375,5047.25,22311.5625
4938.25,5047.25,22311.75
4938.25,5047.25,22311.75
4938.25,5047.25,22311.75
4938.25,5047.25,22311.75
4938.25,5047.25,22311.75
4938.25,5047.25,22311.75
4938.25,5047.25,22311.75
4938.25,5047.25,22311.75
4938.25,5047.25,22311.75
4938.4375,5047.25,22311.5625
4938.1875,5047.25,22311.75
4937.875,5047.25,22312.0625
4937.0625,5047.25,22312.875
4937.0625,5047.25,22312.875
4937.0625,5047.25,22312.875
4937.0625,5047.25,22312.875
4937.0625,5047.25,22312.875
4937.0625,5047.25,22312.875
4936.9375,5047.25,22313.0
4936.9375,5047.25,22313.0
4936.9375,5047.25,22313.0
4936.9375,5047.25,22313.0
4936.9375,5047.25,22313.0
4936.9375,5047.25,22313.0
4936.9375,5047.25,22313.0
4936.9375,5047.25,22313.0
4936.9375,5047.1875,22313.0
4935.6875,5047.25,22314.1875
4935.6875,5047.25,22314.1875
4935.5,5047.25,22314.375
4935.0625,5047.25,22314.8125
4935.0,5047.25,22314.875
4935.0,5047.25,22314.875
4935.0,5047.25,22314.875
4934.375,5047.25,22315.5
4934.375,5047.25,22315.5
4934.375,5047.25,22315.5
4934.375,5047.1875,22315.5
4934.375,5047.25,22315.5
4934.375,5047.25,22315.5
4934.0,5047.25,22315.875
4934.4375,5047.25,22315.375
4934.625,5047.25,22315.1875
4934.625,5047.25,22315.1875
4934.625,5047.25,22315.1875
4934.5,5047.25,22315.3125
4934.4375,5047.25,22315.375
4941.875,5047.25,22307.9375
4942.4375,5047.25,22307.375
4936.0,5047.25,22313.8125
4937.125,5047.25,22312.6875
4937.5,5047.25,22311.75
4937.5,5047.25,22311.75
4937.5,5047.25,22311.75
4937.5,5047.25,22311.75
4937.5,5047.25,22311.75
4935.9375,5047.25,22313.3125
4937.375,5047.25,22311.875
4937.0625,5047.25,22312.1875
4937.0625,5047.25,22312.1875
4936.9375,5047.25,22312.3125
4936.6875,5047.25,22312.5625
4936.6875,5047.25,22312.5625
4936.5,5047.25,22312.75
4936.6875,5047.25,22312.5625
4936.6875,5047.25,22312.5625
4936.6875,5047.25,22312.5625
4936.625,5047.25,22312.625
4936.625,5047.25,22312.625
4936.5,5047.25,22312.75
4936.3125,5047.25,22312.9375
4937.4375,5047.25,22311.8125
4937.5,5047.25,22311.75
4937.5,5047.25,22311.75
4937.5,5047.25,22311.75
4937.3125,5047.25,22311.9375
4937.3125,5047.25,22311.9375
4936.9375,5047.25,22312.0625
4937.125,5047.25,22311.875
4936.9375,5047.25,22312.0625
4936.9375,5047.25,22312.0625
4936.75,5047.25,22312.25
4936.5625,5047.25,22312.4375
4936.75,5047.25,22312.25
4936.5625,5047.25,22312.4375
4936.75,5047.25,22312.25
4935.9375,5047.1875,22313.0625
4935.125,5047.25,22313.875
4935.3125,5047.25,22313.6875
4935.3125,5047.3125,22313.6875
4935.3125,5047.3125,22313.6875
4935.0625,5047.3125,22313.9375
4935.0625,5047.3125,22313.9375
4935.0625,5047.3125,22313.9375
4934.875,5047.3125,22314.125
4934.3125,5047.3125,22314.6875
4934.5,5047.3125,22314.5
4934.5,5047.3125,22314.5
4934.5,5047.3125,22314.5
4934.5,5047.3125,22314.5
4934.5,5047.3125,22314.5
4935.1875,5047.3125,22313.8125
4935.8125,5047.3125,22313.1875
4936.0,5047.3125,22313.0
4936.1875,5047.3125,22312.8125
4936.1875,5047.3125,22312.8125
4936.0,5047.3125,22313.0
4936.0,5047.3125,22313.0
4936.0,5047.3125,22313.0
4936.0,5047.3125,22313.0
4936.0,5047.3125,22313.0
4936.0625,5047.3125,22312.9375
4936.0,5047.3125,22313.0
4936.0,5047.3125,22313.0
4936.0,5047.3125,22313.0
4936.1875,5047.3125,22312.8125
4935.875,5047.3125,22313.125
4935.6875,5047.3125,22313.3125
4935.5,5047.3125,22313.5
4935.5,5047.3125,22313.5
4935.3125,5047.3125,22313.6875
4935.125,5047.3125,22313.875
4935.125,5047.3125,22313.875
4935.125,5047.3125,22313.875
4935.3125,5047.3125,22313.6875
4935.125,5047.3125,22313.875
4935.125,5047.3125,22313.875
4935.125,5047.3125,22313.875
4935.125,5047.25,22313.875
4935.3125,5047.3125,22313.6875
4935.3125,5047.3125,22313.6875
4934.9375,5047.3125,22313.75
4933.875,5047.3125,22314.8125
4933.8125,5047.3125,22314.875
4933.625,5047.3125,22315.0625
4933.375,5047.3125,22315.3125
4933.375,5047.3125,22315.3125
4933.375,5047.3125,22315.3125
4933.375,5047.3125,22315.3125
4933.375,5047.3125,22315.3125
4933.375,5047.3125,22315.3125
4933.5,5047.375,22315.125
4933.3125,5047.375,22315.3125
4933.25,5047.375,22315.375
4933.0625,5047.375,22315.5625
4933.0625,5047.375,22315.5625
4933.25,5047.375,22315.375
4932.5625,5047.375,22316.0625
4932.5625,5047.375,22316.0625
4932.5625,5047.375,22316.0625
4932.5625,5047.375,22316.0625
4932.5625,5047.375,22316.0625
4932.4375,5047.3125,22316.1875
4932.4375,5047.375,22316.1875
4932.4375,5047.375,22316.1875
4932.625,5047.375,22316.0
4932.625,5047.375,22316.0
4932.4375,5047.375,22316.1875
4932.25,5047.375,22316.375
4932.1875,5047.375,22316.4375
4932.1875,5047.375,22316.4375
4932.5625,5047.375,22316.0
4932.625,5047.375,22315.9375
4932.625,5047.375,22315.9375
4932.625,5047.375,22315.9375
4932.625,5047.375,22315.9375
4927.8125,5047.375,22320.75
4932.125,5047.375,22316.4375
4932.125,5047.375,22316.4375
4932.125,5047.375,22316.4375
4932.125,5047.375,22316.4375
4932.0625,5047.375,22316.5
4932.0625,5047.375,22316.5
4931.875,5047.375,22316.6875
4932.0625,5047.375,22316.5
4932.0625,5047.375,22316.5
4931.8125,5047.375,22316.75
4932.75,5047.375,22315.8125
4932.75,5047.375,22315.8125
4932.75,5047.375,22315.8125
4932.75,5047.375,22315.8125
4932.6875,5047.375,22315.875
4932.625,5047.375,22315.875
4932.5625,5047.375,22315.9375
4932.375,5047.375,22316.125
4932.1875,5047.375,22316.3125
4932.375,5047.375,22316.125
4932.375,5047.375,22316.125
4932.375,5047.375,22316.125
4932.5625,5047.375,22315.9375
4932.375,5047.375,22316.125
4932.4375,5047.375,22316.0625
4932.6875,5047.375,22315.75
4932.6875,5047.375,22315.75
4932.5625,5047.375,22315.875
4932.3125,5047.375,22316.125
4932.5,5047.375,22315.9375
4932.3125,5047.375,22316.125
4932.3125,5047.375,22316.125
4932.3125,5047.375,22316.125
4932.0,5047.375,22316.4375
4940.75,5047.1875,22307.6875
4940.75,5050.4375,22304.375
4940.9375,5050.4375,22304.1875
4940.9375,5050.4375,22304.1875
4940.75,5050.4375,22304.375
4941.0625,5050.4375,22304.0625
4941.3125,5050.5,22303.75
4941.3125,5050.5,22303.75
4941.3125,5050.5,22303.75
4941.3125,5050.5,22303.75
4941.0625,5050.5,22304.0
4940.9375,5050.5,22304.0
4940.9375,5050.5,22304.0
4940.875,5050.5,22304.0625
4941.0625,5050.5,22303.875
4941.0625,5050.5,22303.875
4941.0,5050.5,22303.9375
4941.1875,5050.5,22303.75
4941.1875,5050.5,22303.75
4941.1875,5050.5,22303.75
4940.8125,5050.5,22304.125
4941.875,5050.5,22303.0625
4942.0625,5050.5,22302.875
4942.0625,5050.5,22302.875
4942.0625,5050.5,22302.875
4942.0625,5050.5,22302.875
4943.0,5050.5,22301.9375
4941.5,5050.5,22303.4375
4941.4375,5050.5,22303.5
4941.4375,5050.5,22303.5
4941.4375,5050.5,22303.5
4941.375,5050.5,22303.5
4941.375,5050.5,22303.5
4941.5625,5050.5,22303.3125
4941.375,5050.5,22303.5
4941.5625,5050.5,22303.3125
4941.3125,5050.5,22303.5625
4941.3125,5050.5,22303.5625
4941.0625,5050.5,22303.8125
4941.0625,5050.5,22303.8125
4941.0625,5050.5,22303.8125
4941.0,5050.5,22303.8125
4941.1875,5050.5,22303.625
4941.1875,5050.5,22303.625
4941.1875,5050.5,22303.625
4941.125,5050.5,22303.6875
4941.1875,5050.6875,22303.5625
4941.1875,5050.6875,22303.5625
4941.1875,5050.6875,22303.5625
4941.1875,5050.6875,22303.5625
4941.0625,5050.6875,22303.6875
4940.9375,5050.6875,22303.6875
4940.6875,5050.6875,22303.9375
4940.875,5050.6875,22303.75
4940.6875,5050.6875,22303.9375
4940.6875,5050.6875,22303.9375
4940.6875,5050.6875,22303.9375
4940.6875,5050.6875,22303.9375
4940.6875,5050.6875,22303.9375
4940.625,5050.6875,22304.0
4941.375,5050.625,22303.25
4943.375,5051.125,22300.6875
4943.0,5051.125,22301.0625
4943.25,5051.1875,22300.75
4943.25,5051.1875,22300.75
4943.25,5051.1875,22300.75
4944.0,5051.1875,22300.0
4944.0,5051.1875,22300.0
4943.875,5051.1875,22300.125
4943.875,5051.1875,22300.125
4944.0625,5051.1875,22299.9375
4944.0,5051.1875,22299.8125
4943.8125,5051.1875,22300.0
4944.0,5051.1875,22299.8125
4944.0,5051.1875,22299.8125
4944.0,5051.1875,22299.8125
4944.0,5051.1875,22299.8125
4944.0,5051.1875,22299.8125
4943.9375,5051.1875,22299.875
4943.75,5051.1875,22300.0625
4943.75,5051.1875,22300.0625
4943.9375,5051.1875,22299.875
4943.9375,5051.1875,22299.875
4943.9375,5051.1875,22299.875
4944.125,5051.1875,22299.6875
4943.9375,5051.1875,22299.875
4943.9375,5051.1875,22299.875
4943.9375,5051.1875,22299.875
4944.0625,5051.1875,22299.75
4944.0625,5051.1875,22299.75
4943.875,5051.1875,22299.9375
4944.0625,5051.1875,22299.75
4944.0625,5051.1875,22299.75
4944.0625,5051.1875,22299.75
4944.6875,5051.1875,22299.125
4944.0625,5051.1875,22299.75
4944.0625,5051.1875,22299.75
4943.875,5051.1875,22299.9375
4943.875,5051.1875,22299.9375
4939.5625,5051.25,22304.25
4944.25,5051.25,22299.5625
4944.0625,5051.25,22299.75
4943.8125,5051.25,22299.875
4943.8125,5051.25,22299.875
4943.8125,5051.25,22299.875
4943.8125,5051.25,22299.875
4943.8125,5051.25,22299.875
4943.625,5051.25,22300.0625
4943.8125,5051.25,22299.875
4943.8125,5051.25,22299.875
4943.8125,5051.25,22299.875
4943.8125,5051.25,22299.875
4944.0,5051.25,22299.6875
4944.0,5051.25,22299.6875
4944.0,5051.25,22299.6875
4944.0,5051.25,22299.6875
4944.0,5051.25,22299.6875
4944.0,5051.25,22299.6875
4944.0,5051.25,22299.6875
4944.0,5051.25,22299.6875
4944.0,5051.25,22299.6875
4944.0,5051.25,22299.6875
4944.0,5051.25,22299.6875
4943.75,5051.25,22299.9375
4943.75,5051.25,22299.9375
4943.75,5051.25,22299.9375
4943.75,5051.25,22299.9375
4943.75,5051.25,22299.9375
4943.75,5051.25,22299.9375
4943.75,5051.25,22299.9375
4943.5625,5051.25,22300.125
4943.5625,5051.25,22300.125
4943.75,5051.25,22299.9375
4943.5625,5051.25,22300.125
4943.5625,5051.25,22300.125
4943.6875,5051.25,22299.9375
4943.6875,5051.25,22299.9375
4943.6875,5051.25,22299.9375
4943.6875,5051.25,22299.9375
4943.875,5051.25,22299.75
4945.0,5051.25,22298.625
4945.0,5051.25,22298.625
4944.9375,5051.25,22298.625
4944.9375,5051.25,22298.625
4944.9375,5051.25,22298.625
4944.9375,5051.25,22298.625
4953.3125,5051.25,22290.25
4953.875,5051.25,22289.6875
4944.5625,5051.25,22299.0
4944.5625,5051.25,22299.0
4944.5625,5051.25,22299.0
4944.5625,5051.25,22299.0
4945.625,5051.25,22297.875
4945.625,5051.25,22297.875
4945.8125,5051.25,22297.6875
4945.8125,5051.25,22297.6875
4945.8125,5051.25,22297.6875
4945.8125,5051.25,22297.6875
4944.5,5051.25,22299.0
4944.5,5051.25,22299.0
4944.5,5051.25,22299.0
4944.5,5051.25,22299.0
4944.6875,5051.25,22298.8125
4944.6875,5051.25,22298.8125
4944.6875,5051.25,22298.8125
4944.6875,5051.25,22298.8125
4944.6875,5051.25,22298.8125
4944.6875,5051.25,22298.8125
4944.6875,5051.25,22298.8125
4944.6875,5051.25,22298.8125
4944.6875,5051.25,22298.8125
4944.6875,5051.25,22298.8125
4944.5,5051.25,22299.0
4944.5,5051.25,22299.0
4944.5,5051.25,22299.0
4944.5,5051.25,22299.0
4944.5,5051.25,22299.0
4944.25,5051.25,22299.25
4942.6875,5051.25,22300.8125
4942.6875,5051.25,22300.8125
4942.6875,5051.25,22300.8125
4942.6875,5051.25,22300.8125
4942.6875,5051.25,22300.8125
4942.6875,5051.25,22300.8125
4942.5625,5051.25,22300.9375
4943.4375,5051.25,22300.0625
4943.4375,5051.25,22300.0625
4943.4375,5051.25,22300.0625
4943.4375,5051.25,22300.0625
4943.4375,5051.25,22300.0625
4943.4375,5051.25,22300.0625
4943.5625,5051.25,22299.875
4943.3125,5051.25,22300.125
4943.3125,5051.25,22300.125
4943.3125,5051.25,22300.125
4943.3125,5051.25,22300.125
4943.3125,5051.25,22300.125
4943.3125,5051.25,22300.125
4943.3125,5051.25,22300.125
4943.3125,5051.25,22300.125
4943.3125,5051.25,22300.125
4943.3125,5051.25,22300.125
4943.125,5051.25,22300.3125
4943.125,5051.25,22300.3125
4943.125,5051.25,22300.3125
4943.125,5051.25,22300.3125
4942.9375,5051.25,22300.5
4943.0,5051.25,22300.4375
4943.0,5051.25,22300.4375
4943.0,5051.25,22300.4375
4942.375,5051.25,22301.0625
4942.375,5051.25,22301.0625
4942.3125,5051.25,22301.0625
4942.3125,5051.25,22301.0625
4942.3125,5051.25,22301.0625
4941.9375,5051.25,22301.4375
4941.5,5051.25,22301.875
4941.5,5051.25,22301.875
4941.3125,5051.25,22302.0625
4941.125,5051.25,22302.25
4940.9375,5051.25,22302.4375
4940.9375,5051.25,22302.4375
4940.9375,5051.25,22302.4375
4940.875,5051.25,22302.4375
4940.4375,5051.25,22302.875
4940.4375,5051.25,22302.875
4940.4375,5051.25,22302.875
4940.4375,5051.25,22302.875
4940.4375,5051.25,22302.875
4940.4375,5051.1875,22302.875
4940.125,5051.25,22303.1875
4940.125,5051.25,22303.1875
4940.0625,5051.25,22303.25
4937.9375,5051.25,22305.3125
4937.9375,5051.25,22305.3125
4937.5625,5051.25,22305.6875
4937.5,5051.25,22305.75
4937.5,5051.25,22305.75
4937.5,5051.25,22305.75
4937.5,5051.25,22305.75
4937.5,5051.25,22305.75
4937.5,5051.25,22305.75
4937.5,5051.25,22305.75
4937.5,5051.25,22305.75
4937.5,5051.25,22305.75
4937.6875,5051.25,22305.5625
4939.1875,5051.25,22304.0625
4939.1875,5051.25,22304.0625
4939.0,5051.25,22304.25
4938.8125,5051.25,22304.4375
4938.625,5051.25,22304.625
4938.625,5051.25,22304.625
4938.625,5051.25,22304.625
4938.4375,5051.25,22304.75
4938.4375,5051.25,22304.75
4938.4375,5051.25,22304.75
4938.4375,5051.25,22304.75
4938.4375,5051.25,22304.75
4938.4375,5051.25,22304.75
4938.4375,5051.25,22304.75
4938.4375,5051.25,22304.75
4937.5625,5051.25,22305.625
4937.375,5051.25,22305.8125
4937.375,5051.25,22305.8125
4937.375,5051.25,22305.8125
4937.3125,5051.25,22305.875
4937.3125,5051.25,22305.875
4937.25,5051.25,22305.9375
4937.25,5051.25,22305.9375
4937.25,5051.25,22305.9375
4937.1875,5051.25,22306.0
4937.1875,5051.25,22306.0
4937.1875,5051.1875,22306.0
4936.5,5051.25,22306.625
4936.5,5051.25,22306.625
4936.375,5051.25,22306.75
4937.8125,5051.25,22305.3125
4937.625,5051.25,22305.5
4937.4375,5051.25,22305.6875
4937.4375,5051.25,22305.6875
4937.3125,5051.25,22305.8125
4937.3125,5051.25,22305.8125
4937.3125,5051.25,22305.8125
4937.3125,5051.25,22305.8125
4937.3125,5051.25,22305.8125
4937.125,5051.25,22306.0
4937.125,5051.25,22306.0
4937.125,5051.25,22306.0
4937.125,5051.25,22306.0
4937.125,5051.25,22306.0
4938.0,5051.25,22305.125
4938.0,5051.25,22305.125
4937.9375,5051.25,22305.1875
4937.875,5051.25,22305.25
4937.875,5051.25,22305.25
4937.875,5051.25,22305.25
4937.875,5051.25,22305.25
4937.875,5051.25,22305.25
4937.875,5051.25,22305.25
4937.875,5051.25,22305.25
4950.9375,5051.25,22292.25
4944.75,5051.25,22298.4375
4944.9375,5051.3125,22298.125
4944.9375,5051.3125,22298.125
4944.9375,5051.3125,22298.125
4944.1875,5051.3125,22298.875
4945.75,5051.3125,22297.3125
4945.75,5051.3125,22297.3125
4945.75,5051.3125,22297.3125
4945.75,5051.3125,22297.3125
4945.875,5051.3125,22297.1875
4945.875,5051.25,22297.1875
4945.875,5051.3125,22297.1875
4945.875,5051.3125,22297.1875
4945.875,5051.3125,22297.1875
4945.875,5051.3125,22297.1875
4945.875,5051.3125,22297.1875
4945.875,5051.3125,22297.1875
4945.875,5051.3125,22297.1875
4945.875,5051.3125,22297.1875
4945.625,5051.3125,22297.375
4945.625,5051.3125,22297.375
4945.625,5051.3125,22297.375
4945.625,5051.3125,22297.375
4945.625,5051.3125,22297.375
4945.625,5051.3125,22297.375
4945.0625,5051.3125,22297.9375
4944.9375,5051.3125,22298.0
4944.9375,5051.3125,22298.0
4944.9375,5051.3125,22298.0
4944.9375,5051.3125,22298.0
4944.9375,5051.3125,22298.0
4944.9375,5051.3125,22298.0
4944.9375,5051.3125,22298.0
4944.9375,5051.3125,22298.0
4944.875,5051.3125,22298.0625
4944.6875,5051.3125,22298.25
4944.6875,5051.3125,22298.25
4944.875,5051.3125,22298.0625
4944.875,5051.3125,22298.0625
4944.875,5051.3125,22298.0625
4944.8125,5051.3125,22298.125
4944.9375,5051.3125,22297.9375
4944.9375,5051.3125,22297.9375
4944.9375,5051.3125,22297.9375
4944.9375,5051.3125,22297.9375
4944.9375,5051.3125,22297.9375
4944.9375,5051.3125,22297.9375
4944.9375,5051.3125,22297.9375
4944.9375,5051.3125,22297.9375
4943.9375,5051.3125,22298.875
4943.9375,5051.3125,22298.875
4943.375,5051.3125,22299.4375
4943.375,5051.3125,22299.4375
4943.1875,5051.3125,22299.625
4943.1875,5051.3125,22299.625
4943.1875,5051.3125,22299.625
4943.1875,5051.3125,22299.625
4943.0,5051.3125,22299.8125
4943.0,5051.3125,22299.8125
4943.1875,5051.3125,22299.625
4943.1875,5051.3125,22299.625
4943.0625,5051.3125,22299.625
4943.25,5051.3125,22299.4375
4943.25,5051.3125,22299.4375
4943.5625,5051.3125,22299.125
4943.5625,5051.3125,22299.125
4943.4375,5051.3125,22299.125
4943.4375,5051.3125,22299.125
4943.0625,5051.3125,22299.5
4942.875,5051.3125,22299.6875
4942.875,5051.3125,22299.6875
4942.875,5051.3125,22299.6875
4942.8125,5051.3125,22299.75
4942.75,5051.3125,22299.8125
4942.625,5051.3125,22299.9375
4942.625,5051.3125,22299.9375
4942.5625,5051.3125,22299.9375
4942.375,5051.3125,22300.125
4942.375,5051.3125,22300.125
4942.375,5051.3125,22300.125
4942.3125,5051.3125,22300.1875
4942.125,5051.3125,22300.375
4942.25,5051.3125,22300.25
4942.25,5051.3125,22300.25
4942.0,5051.3125,22300.5
4942.0,5051.3125,22300.5
4942.0,5051.3125,22300.5
4942.0,5051.3125,22300.5
4942.0,5051.3125,22300.5
4942.0,5051.3125,22300.5
4942.0,5051.3125,22300.5
4942.0,5051.3125,22300.5
4942.0,5051.3125,22300.5
4942.0,5051.3125,22300.5
4942.9375,5051.3125,22299.5625
4942.9375,5051.3125,22299.5625
4942.9375,5051.3125,22299.5625
4942.9375,5051.3125,22299.5625
4940.625,5051.3125,22301.875
4940.625,5051.3125,22301.875
4940.625,5051.3125,22301.875
4940.5625,5051.3125,22301.875
4940.25,5051.3125,22302.1875
4940.8125,5050.6875,22302.1875
4940.8125,5050.6875,22302.1875
4940.8125,5050.6875,22302.1875
4940.8125,5050.6875,22302.1875
4940.8125,5050.6875,22302.1875
4940.8125,5050.6875,22302.1875
4941.125,5050.6875,22301.875
4941.125,5050.6875,22301.875
4941.125,5050.6875,22301.875
4940.4375,5050.6875,22302.5
4940.4375,5050.6875,22302.5
4940.4375,5050.6875,22302.5
4940.4375,5050.6875,22302.5
4940.375,5050.6875,22302.5625
4940.375,5050.6875,22302.5625
4940.375,5050.6875,22302.5625
4940.375,5050.6875,22302.5625
4940.375,5050.6875,22302.5625
4940.375,5050.6875,22302.5625
4940.375,5050.6875,22302.5625
4940.375,5050.6875,22302.5625
4940.3125,5050.6875,22302.625
4940.3125,5050.6875,22302.625
4940.3125,5050.6875,22302.625
4940.3125,5050.6875,22302.625
4940.3125,5050.6875,22302.625
4940.3125,5050.6875,22302.625
4940.5,5050.6875,22302.4375
4940.5625,5050.6875,22302.4375
4940.4375,5050.6875,22302.5
4940.4375,5050.6875,22302.5
4940.4375,5050.6875,22302.5
4940.4375,5050.6875,22302.5
4940.4375,5050.6875,22302.5
4940.4375,5050.6875,22302.5
4940.8125,5050.6875,22302.125
4940.0625,5050.6875,22302.875
4940.0625,5050.6875,22302.875
4939.875,5050.6875,22303.0625
4939.875,5050.6875,22303.0625
4939.875,5050.6875,22303.0625
4939.875,5050.6875,22303.0625
4944.5,5050.6875,22298.4375
4947.125,5050.6875,22295.8125
4941.75,5050.6875,22301.1875
4941.375,5050.6875,22301.5625
4941.375,5050.6875,22301.5625
4941.375,5050.6875,22301.5625
4941.375,5050.6875,22301.5625
4941.1875,5050.6875,22301.75
4941.0,5050.6875,22301.9375
4941.9375,5050.6875,22301.0
4941.9375,5050.6875,22301.0
4941.625,5050.6875,22301.3125
4941.5625,5050.6875,22301.3125
4941.5,5050.6875,22301.375
4940.1875,5050.6875,22302.6875
4940.0,5050.6875,22302.875
4940.0,5050.6875,22302.875
4940.0,5050.6875,22302.875
4940.0,5050.6875,22302.875
4940.0,5050.6875,22302.875
4940.0,5050.6875,22302.875
4940.0,5050.6875,22302.875
4940.0,5050.6875,22302.875
4940.0,5050.6875,22302.875
4941.0,5050.6875,22301.875
4941.0,5050.6875,22301.875
4941.0,5050.6875,22301.875
4941.0,5050.6875,22301.875
4941.0,5050.6875,22301.875
4941.0,5050.6875,22301.875
4941.0,5050.6875,22301.875
4941.0,5050.6875,22301.875
4940.9375,5050.6875,22301.875
4940.9375,5050.6875,22301.875
4941.0625,5051.1875,22301.75
4941.0625,5051.1875,22301.75
4941.0625,5051.1875,22301.75
4940.875,5051.1875,22301.9375
4940.75,5051.1875,22302.0625
4941.3125,5051.1875,22301.5
4941.3125,5051.1875,22301.5
4941.3125,5051.1875,22301.5
4941.3125,5051.1875,22301.5
4941.125,5051.1875,22301.6875
4940.9375,5051.1875,22301.875
4940.9375,5051.1875,22301.875
4940.9375,5051.1875,22301.875
4940.75,5051.1875,22302.0625
4940.9375,5051.1875,22301.875
4940.9375,5051.1875,22301.875
4940.9375,5051.1875,22301.875
4940.8125,5051.1875,22302.0
4940.8125,5051.1875,22302.0
4940.8125,5051.1875,22302.0
4940.6875,5051.1875,22302.125
4940.6875,5051.1875,22302.125
4940.6875,5051.1875,22302.125
4940.5,5051.1875,22302.3125
4940.3125,5051.1875,22302.5
4940.25,5051.1875,22302.5625
4940.25,5051.1875,22302.5625
4939.9375,5051.1875,22302.875
4939.9375,5051.1875,22302.875
4939.9375,5051.1875,22302.875
4939.9375,5051.1875,22302.875
4939.9375,5051.1875,22302.875
4939.9375,5051.1875,22302.875
4939.9375,5051.1875,22302.875
4940.125,5051.1875,22302.6875
4939.0625,5051.1875,22303.75
4941.0625,5055.0,22297.9375
4941.125,5085.1875,22267.9375
4928.3125,5148.1875,22217.375
