used_mb,cached_mb,free_mb
2524.0,2274.4375,27540.6875
3079.3125,5049.875,24210.75
3079.0,5049.875,24211.0625
3079.25,5049.875,24210.8125
3080.1875,5049.9375,24209.875
3080.0625,5050.0,24209.9375
3080.0625,5050.0,24209.9375
3079.875,5050.0,24210.125
3079.875,5050.0,24210.125
3080.0625,5050.0,24209.9375
3080.0625,5050.0,24209.9375
3080.0625,5050.0,24209.9375
3080.0625,5050.0,24209.9375
3080.0625,5050.0,24209.9375
3080.0625,5050.0,24209.9375
3082.0,5050.0625,24207.75
3085.4375,5050.25,24204.0
3098.375,5051.375,24189.6875
3108.1875,5056.1875,24176.0625
3115.3125,5059.3125,24165.5625
3111.5625,5067.0,24161.75
3113.3125,5070.6875,24156.4375
3118.75,5077.375,24144.1875
3129.875,5086.5,24124.125
3131.125,5095.125,24114.5625
3137.875,5099.8125,24103.0625
3142.375,5106.4375,24091.9375
3151.6875,5114.75,24075.1875
3155.75,5118.9375,24067.125
3157.0625,5119.75,24064.9375
3171.5,5150.25,24019.5
3182.9375,5159.25,24000.125
3184.0,5162.3125,23996.0
3190.75,5216.3125,23936.5
3193.0625,5236.0,23914.0
3204.0625,5249.8125,23888.5625
3208.9375,5265.25,23868.25
3210.9375,5268.375,23863.5
3219.9375,5279.0,23843.625
3224.125,5283.5,23834.9375
3232.0,5286.4375,23824.5
3234.4375,5292.6875,23816.8125
3234.625,5294.4375,23814.5625
3237.125,5298.375,23808.4375
3240.3125,5303.125,23800.75
3248.25,5305.5625,23789.8125
3260.1875,5310.9375,23772.4375
3262.125,5314.125,23767.125
3261.6875,5321.0625,23760.625
3263.625,5328.5,23751.375
3267.5625,5331.25,23744.6875
3293.875,5350.0,23705.125
3298.6875,5354.1875,23690.8125
3306.0,5375.125,23662.75
3311.0625,5378.3125,23655.0625
3313.3125,5379.6875,23650.9375
3314.75,5383.0625,23645.5
3314.9375,5384.875,23643.6875
3316.25,5385.1875,23641.0625
3316.375,5385.1875,23640.5
3319.125,5385.5,23637.3125
3322.9375,5385.875,23632.5625
3327.125,5390.6875,23623.9375
3330.75,5393.9375,23616.9375
3330.5,5393.9375,23617.125
3330.3125,5393.9375,23617.3125
3330.3125,5393.9375,23617.3125
3330.125,5393.9375,23617.5
3330.125,5393.9375,23617.5
3330.125,5393.9375,23617.5
3330.8125,5394.1875,23616.6875
3330.8125,5394.1875,23616.6875
3330.75,5394.1875,23616.75
3330.9375,5394.1875,23616.5625
3330.9375,5394.1875,23616.5625
3331.5625,5394.1875,23615.875
3334.75,5394.375,23612.4375
3334.75,5394.375,23612.4375
3334.75,5394.375,23612.4375
3334.75,5394.375,23612.4375
3335.1875,5394.375,23612.0
3335.375,5394.375,23611.8125
3335.3125,5394.375,23611.875
3335.3125,5394.375,23611.875
3335.3125,5394.375,23611.875
3335.3125,5394.375,23611.875
3335.3125,5394.375,23611.875
3335.125,5394.375,23612.0625
3335.125,5394.375,23612.0625
3335.125,5394.375,23612.0625
3335.625,5394.5625,23611.4375
3337.25,5394.625,23609.75
3336.9375,5394.625,23610.0625
3336.9375,5394.625,23610.0625
3336.6875,5394.625,23610.3125
3336.6875,5394.625,23610.3125
3336.6875,5394.625,23610.3125
3336.6875,5394.625,23610.3125
3336.6875,5394.625,23610.3125
3336.6875,5394.625,23610.3125
3336.6875,5394.625,23610.3125
3336.6875,5394.625,23610.3125
3336.6875,5394.625,23610.3125
3336.8125,5394.6875,23610.1875
3336.75,5394.6875,23610.25
3338.25,5394.6875,23608.75
3340.8125,5394.75,23606.1875
3340.625,5394.75,23606.375
3340.3125,5394.75,23606.6875
3340.3125,5394.75,23606.6875
3341.1875,5394.75,23605.8125
3341.1875,5394.75,23605.8125
3341.1875,5394.75,23605.8125
3341.1875,5394.75,23605.8125
3341.375,5394.75,23605.625
3341.25,5394.75,23605.75
3341.25,5394.75,23605.75
3341.5625,5394.75,23605.4375
3342.125,5394.75,23604.875
3342.125,5394.75,23604.875
3342.3125,5394.75,23604.6875
3342.0,5394.75,23605.0
3343.3125,5394.75,23603.6875
3342.375,5394.75,23604.625
3341.6875,5394.75,23605.3125
3341.875,5394.75,23605.125
3343.0,5394.75,23604.0
3342.4375,5394.75,23604.5625
3342.625,5394.6875,23604.375
3343.0,5394.75,23604.0
3342.875,5394.75,23604.125
3342.875,5394.75,23604.125
3353.75,5394.75,23593.25
3355.9375,5394.75,23591.0625
3355.9375,5394.75,23591.0625
3355.75,5394.8125,23591.1875
3357.0,5394.875,23589.5625
3357.0,5394.875,23589.5625
3357.1875,5394.875,23589.375
3357.375,5394.875,23589.1875
3357.5625,5394.875,23589.0
3357.5625,5394.875,23589.0
3357.5625,5394.875,23589.0
3357.5625,5394.875,23589.0
3357.5625,5394.875,23589.0
3357.5625,5394.875,23589.0
3357.5625,5394.875,23589.0
3357.4375,5394.8125,23589.125
3357.4375,5394.875,23589.125
3357.4375,5394.875,23589.125
3356.9375,5394.9375,23589.5625
3358.625,5394.9375,23587.8125
3358.625,5394.9375,23587.8125
3358.625,5394.9375,23587.8125
3358.625,5394.9375,23587.8125
3359.0,5394.9375,23587.4375
3359.0,5394.875,23587.4375
3359.0,5394.9375,23587.4375
3359.0,5394.9375,23587.4375
3359.0,5394.9375,23587.4375
3359.0,5394.9375,23587.4375
3359.0,5394.9375,23587.4375
3359.0,5394.9375,23587.4375
3358.8125,5394.9375,23587.625
3358.8125,5394.9375,23587.625
3359.3125,5394.9375,23587.125
3361.5625,5395.0,23584.875
3361.5625,5395.0,23584.875
3361.5625,5395.0,23584.875
3361.5625,5395.0,23584.875
3361.625,5395.0,23584.8125
3361.4375,5395.0,23585.0
3361.4375,5395.0,23585.0
3361.4375,5395.0,23585.0
3361.4375,5395.0,23585.0
3361.4375,5395.0,23585.0
3361.4375,5395.0,23585.0
3361.4375,5395.0,23585.0
3361.4375,5395.0,23585.0
3361.4375,5395.0,23585.0
3361.5,5395.0625,23584.875
3374.125,5399.5625,23567.1875
3374.125,5399.625,23567.1875
3373.9375,5399.625,23567.375
3374.0,5399.625,23567.3125
3374.0,5399.5625,23567.3125
3373.875,5399.625,23567.4375
3373.6875,5399.625,23567.625
3373.6875,5399.625,23567.625
3373.6875,5399.625,23567.625
3373.6875,5399.625,23567.625
3373.6875,5399.625,23567.625
3373.6875,5399.625,23567.625
3373.6875,5399.625,23567.625
3373.6875,5399.625,23567.625
3373.375,5399.625,23567.9375
3373.9375,5399.6875,23567.3125
3373.75,5399.6875,23567.5
3373.5625,5399.6875,23567.6875
3373.5625,5399.6875,23567.6875
3389.875,5399.5625,23551.375
3388.0,5401.1875,23551.6875
3388.0,5401.1875,23551.6875
3388.0,5401.1875,23551.6875
3388.0,5401.1875,23551.6875
3387.9375,5401.1875,23551.75
3387.9375,5401.125,23551.75
3387.9375,5401.25,23551.75
3387.9375,5401.25,23551.75
3387.9375,5401.25,23551.75
3393.875,5400.8125,23545.75
3390.5,5403.375,23546.5625
3390.5,5403.375,23546.5625
3390.375,5403.3125,23546.6875
3390.375,5403.25,23546.6875
3389.9375,5403.75,23546.875
3390.1875,5403.8125,23546.6875
3390.8125,5403.875,23546.125
3391.0,5403.875,23545.9375
3391.0,5403.875,23545.9375
3390.25,5403.875,23546.6875
3391.1875,5403.75,23545.75
3390.0,5404.25,23546.75
3390.8125,5404.1875,23545.8125
3390.375,5404.1875,23546.25
3391.125,5404.25,23545.375
3391.625,5404.25,23544.875
3392.5625,5404.25,23543.9375
3393.3125,5404.1875,23543.1875
3393.125,5404.25,23543.375
3393.3125,5404.25,23543.1875
3392.125,5404.25,23544.375
3392.125,5404.25,23544.375
3392.125,5404.25,23544.375
3392.125,5404.25,23544.375
3392.125,5404.25,23544.375
3392.125,5404.25,23544.375
3392.125,5404.25,23544.375
3392.125,5404.25,23544.375
3392.375,5404.25,23544.125
3393.875,5404.3125,23542.5625
3392.8125,5404.4375,23543.4375
3393.0625,5404.4375,23543.1875
3393.1875,5404.4375,23543.1875
3393.1875,5404.4375,23543.1875
3393.375,5404.375,23543.0
3393.625,5404.375,23542.8125
3393.625,5404.375,23542.8125
3393.4375,5404.3125,23543.0625
3393.4375,5404.3125,23543.0625
3393.4375,5404.3125,23543.0625
3393.4375,5404.3125,23543.0625
3393.4375,5404.3125,23543.0625
3393.4375,5404.375,23543.0625
3393.25,5404.375,23543.25
3393.25,5404.375,23543.25
3393.3125,5404.4375,23542.5
3393.3125,5404.4375,23542.5
3393.3125,5404.4375,23542.5
3393.3125,5404.375,23542.5
3393.375,5404.4375,23542.4375
3393.375,5404.4375,23542.4375
3393.375,5404.4375,23542.4375
3393.375,5404.4375,23542.4375
3393.25,5404.4375,23542.5625
3393.25,5404.4375,23542.5625
3393.25,5404.4375,23542.5625
3393.25,5404.4375,23542.5625
3393.3125,5404.625,23542.5
3404.1875,5404.6875,23531.625
3407.8125,5404.625,23527.8125
3407.5625,5404.625,23528.0625
3407.5625,5404.625,23528.0625
3407.5625,5404.625,23528.0625
3407.9375,5404.625,23527.6875
3407.875,5404.625,23527.75
3407.875,5404.625,23527.75
3407.8125,5404.625,23527.8125
3407.8125,5404.625,23527.8125
3407.8125,5404.625,23527.8125
3407.8125,5404.625,23527.8125
3407.8125,5404.625,23527.8125
3407.8125,5404.625,23527.8125
3407.8125,5404.625,23527.8125
3407.8125,5404.625,23527.8125
3407.3125,5404.625,23528.3125
3408.75,5404.625,23526.875
3408.75,5404.625,23526.875
3408.6875,5404.625,23526.9375
3408.6875,5404.625,23526.9375
3408.6875,5404.625,23526.9375
3408.6875,5404.625,23526.9375
3408.6875,5404.625,23526.9375
3408.875,5404.625,23526.75
3408.875,5404.625,23526.75
3408.6875,5404.625,23526.9375
3408.6875,5404.625,23526.9375
3408.6875,5404.625,23526.9375
3408.6875,5404.625,23526.9375
3408.6875,5404.625,23526.9375
3409.375,5404.625,23526.25
3409.375,5404.625,23526.25
3409.375,5404.625,23526.25
3409.375,5404.625,23526.25
3409.5,5404.625,23526.125
3409.5,5404.625,23526.125
3409.5,5404.625,23526.125
3409.5,5404.625,23526.125
3409.5,5404.625,23526.125
3409.5,5404.625,23526.125
3409.5,5404.625,23526.125
3409.5,5404.625,23526.125
3409.5,5404.625,23526.125
3409.5,5404.625,23526.125
3409.5,5404.625,23526.125
3409.75,5404.8125,23525.5625
3409.75,5404.8125,23525.5625
3410.3125,5404.8125,23525.0
3418.125,5405.0,23517.125
3418.8125,5405.0,23516.4375
3414.3125,5405.0,23520.9375
3414.3125,5405.0,23520.9375
3413.9375,5405.0,23521.3125
3414.3125,5405.0,23520.9375
3414.125,5405.0,23521.125
3414.5,5405.0,23520.75
3414.6875,5405.0,23520.5625
3414.5,5405.0,23520.75
3414.5,5405.0,23520.75
3414.4375,5405.0,23520.8125
3414.875,5405.0625,23520.3125
3414.875,5405.0625,23520.3125
3414.875,5405.0625,23520.3125
3415.0625,5405.0625,23520.125
3415.1875,5405.0625,23520.0
3415.1875,5405.0625,23520.0
3415.1875,5405.0625,23520.0
3428.125,5405.125,23507.0625
3428.125,5405.125,23507.0625
3428.125,5405.125,23507.0625
3427.5625,5405.125,23507.625
3427.5625,5405.125,23507.625
3427.5625,5405.125,23507.625
3427.5625,5405.125,23507.625
3427.5625,5405.125,23507.625
3427.6875,5405.125,23507.5
3427.6875,5405.125,23507.5
3427.8125,5405.125,23507.375
3427.75,5405.125,23507.4375
3428.3125,5405.125,23506.875
3428.3125,5405.125,23506.875
3428.5,5405.125,23506.6875
3428.5,5405.125,23506.6875
3428.5,5405.125,23506.6875
3428.5,5405.125,23506.6875
3428.375,5405.125,23506.8125
3428.25,5405.125,23506.9375
3428.25,5405.125,23506.9375
3428.75,5405.5,23506.25
3424.375,5407.25,23509.1875
3425.1875,5407.25,23508.3125
3425.1875,5407.25,23508.3125
3425.125,5407.25,23508.375
3425.125,5407.25,23508.375
3425.6875,5407.25,23507.8125
3425.6875,5407.25,23507.8125
3425.6875,5407.25,23507.8125
3425.6875,5407.25,23507.8125
3425.6875,5407.25,23507.8125
3425.6875,5407.25,23507.8125
3425.6875,5407.25,23507.8125
3425.3125,5407.25,23508.1875
3425.3125,5407.25,23508.1875
3424.75,5407.25,23508.75
3424.75,5407.25,23508.75
3424.9375,5407.3125,23508.5
3424.9375,5407.3125,23508.5
3424.9375,5407.3125,23508.5
3424.9375,5407.3125,23508.5
3424.5625,5407.3125,23508.875
3424.75,5407.3125,23508.6875
3424.75,5407.3125,23508.6875
3424.75,5407.3125,23508.6875
3424.75,5407.3125,23508.6875
3424.75,5407.3125,23508.6875
3424.75,5407.3125,23508.6875
3424.75,5407.3125,23508.6875
3424.75,5407.3125,23508.6875
3424.75,5407.3125,23508.6875
3424.75,5407.3125,23508.6875
3424.5,5407.3125,23508.9375
3424.5,5407.3125,23508.9375
3424.5,5407.3125,23508.9375
3424.5,5407.3125,23508.9375
3424.5,5407.25,23508.9375
3424.5,5407.3125,23508.9375
3424.625,5407.3125,23508.9375
3424.4375,5407.3125,23509.125
3424.4375,5407.3125,23509.125
3424.4375,5407.3125,23509.125
3424.3125,5407.3125,23509.25
3424.3125,5407.3125,23509.25
3424.25,5407.3125,23509.3125
3424.25,5407.3125,23509.3125
3424.625,5407.25,23508.9375
3438.5625,5407.4375,23494.9375
3438.5625,5407.4375,23494.9375
3438.375,5407.4375,23495.125
3438.375,5407.4375,23495.125
3438.375,5407.4375,23495.125
3438.375,5407.4375,23495.125
3438.375,5407.4375,23495.125
3438.125,5407.4375,23495.375
3438.3125,5407.4375,23495.1875
3438.3125,5407.4375,23495.1875
3438.3125,5407.4375,23495.1875
3438.3125,5407.4375,23495.1875
3438.6875,5407.375,23494.8125
3438.5,5407.4375,23495.0
3438.5,5407.4375,23495.0
3439.4375,5407.4375,23494.0625
3439.625,5407.4375,23493.875
3438.6875,5407.4375,23494.8125
3438.6875,5407.4375,23494.8125
3438.125,5407.4375,23495.375
3439.4375,5407.4375,23494.0625
3439.625,5407.4375,23493.875
3439.625,5407.4375,23493.875
3439.625,5407.4375,23493.875
3439.625,5407.4375,23493.875
3439.625,5407.4375,23493.875
3439.625,5407.4375,23493.875
3439.625,5407.4375,23493.875
3439.625,5407.4375,23493.875
3440.3125,5407.4375,23493.1875
3440.5625,5407.4375,23492.875
3440.0,5407.4375,23493.4375
3439.8125,5407.4375,23493.625
3439.625,5407.4375,23493.8125
3439.375,5407.4375,23494.0625
3439.3125,5407.4375,23494.125
3439.3125,5407.4375,23494.125
3439.3125,5407.4375,23494.125
3439.3125,5407.4375,23494.125
3439.3125,5407.4375,23494.125
3439.5,5407.75,23493.8125
3439.5,5407.75,23493.8125
3439.5,5407.75,23493.8125
3439.5,5407.75,23493.8125
3439.5,5407.75,23493.8125
3439.5625,5407.75,23493.1875
3439.5625,5407.75,23493.1875
3439.5625,5407.75,23493.1875
3439.5625,5407.75,23493.1875
3439.4375,5407.75,23493.3125
3439.4375,5407.75,23493.3125
3439.4375,5407.75,23493.3125
3439.375,5407.8125,23493.3125
3439.375,5407.8125,23493.3125
3439.375,5407.8125,23493.3125
3439.375,5407.8125,23493.3125
3439.375,5407.8125,23493.3125
3439.375,5407.8125,23493.3125
3439.375,5407.8125,23493.3125
3439.375,5407.8125,23493.3125
3439.5,5407.8125,23493.1875
3439.5,5407.8125,23493.1875
3439.0625,5407.8125,23493.625
3439.0625,5407.8125,23493.625
3439.1875,5407.8125,23493.5
3439.1875,5407.875,23493.5
3439.0,5407.875,23493.6875
3439.0,5407.875,23493.6875
3439.0,5407.875,23493.6875
3439.0,5407.875,23493.6875
3438.75,5407.875,23493.9375
3455.0625,5407.875,23477.625
3455.25,5407.875,23477.4375
3455.25,5407.875,23477.4375
3462.5,5407.875,23470.1875
3458.5625,5408.4375,23473.8125
3458.5625,5408.4375,23473.8125
3458.5625,5408.4375,23473.8125
3458.5625,5408.4375,23473.8125
3458.5625,5408.4375,23473.8125
3458.5625,5408.4375,23473.8125
3458.375,5408.4375,23474.0
3458.375,5408.4375,23474.0
3458.375,5408.4375,23474.0
3458.375,5408.4375,23474.0
3458.375,5408.4375,23474.0
3458.375,5408.4375,23474.0
3458.375,5408.4375,23474.0
3458.375,5408.4375,23474.0
3458.3125,5408.4375,23474.0625
3458.5,5408.375,23473.875
3458.6875,5408.4375,23473.6875
3458.6875,5408.4375,23473.6875
3458.6875,5408.4375,23473.6875
3459.125,5408.4375,23473.25
3459.0625,5408.4375,23473.3125
3459.0625,5408.4375,23473.3125
3459.0625,5408.4375,23473.3125
3459.0625,5408.4375,23473.3125
3459.0625,5408.4375,23473.3125
3459.0625,5408.4375,23473.3125
3459.0625,5408.4375,23473.3125
3459.0625,5408.4375,23473.3125
3459.0625,5408.4375,23473.3125
3459.5,5408.4375,23472.875
3459.625,5408.4375,23472.4375
3459.625,5408.4375,23472.4375
3459.625,5408.4375,23472.4375
3459.625,5408.4375,23472.4375
3459.6875,5408.625,23472.3125
3459.6875,5408.625,23472.3125
3459.875,5408.6875,23472.125
3459.875,5408.6875,23472.125
3459.875,5408.6875,23472.125
3459.875,5408.6875,23472.125
3460.0625,5408.6875,23471.9375
3460.1875,5408.8125,23471.75
3460.3125,5409.0,23471.4375
3460.1875,5409.0,23471.5625
3460.0625,5409.0,23471.6875
3460.5625,5409.0,23471.1875
3461.875,5409.0,23469.875
3461.875,5408.9375,23469.875
3461.5625,5409.0,23470.1875
3461.4375,5409.0,23470.3125
3461.3125,5409.0,23470.3125
3461.5625,5409.0625,23470.0625
3460.25,5409.0625,23471.375
3460.4375,5409.0625,23471.1875
3460.4375,5409.0625,23471.1875
3460.4375,5409.0625,23471.1875
3460.625,5409.0625,23471.0
3460.625,5409.0625,23471.0
3460.625,5409.0625,23471.0
3461.0,5409.125,23470.5625
3460.875,5409.625,23470.1875
3460.625,5409.6875,23470.4375
3460.75,5409.6875,23470.3125
3461.125,5409.6875,23469.9375
3460.9375,5409.6875,23470.125
3461.125,5409.6875,23469.9375
3461.0,5409.6875,23470.0625
3461.0,5409.6875,23470.0625
3461.0,5409.6875,23470.0625
3461.0,5409.6875,23470.0625
3475.625,5409.6875,23455.4375
3475.625,5409.6875,23455.4375
3476.0,5409.6875,23455.0625
3476.0,5409.6875,23455.0625
3475.25,5409.6875,23455.8125
3474.8125,5409.6875,23456.25
3476.5,5409.6875,23454.5625
3476.5,5409.6875,23454.5625
3476.5,5409.6875,23454.5625
3476.75,5409.6875,23454.3125
3476.5625,5409.6875,23454.5
3476.5625,5409.6875,23454.5
3476.5625,5409.6875,23454.5
3476.5625,5409.6875,23454.5
3476.5625,5409.6875,23454.5
3476.5625,5409.6875,23454.5
3476.5625,5409.6875,23454.5
3476.75,5409.6875,23454.3125
3476.75,5409.6875,23454.3125
3476.625,5409.6875,23454.4375
3476.4375,5409.6875,23454.5
3476.375,5409.75,23454.5
3476.375,5409.75,23454.5
3476.375,5409.75,23454.5
3476.9375,5409.75,23453.9375
3476.8125,5409.75,23454.0625
3476.75,5409.75,23454.0625
3476.75,5409.75,23454.0625
3476.75,5409.75,23454.0625
3476.75,5409.75,23454.0625
3476.75,5409.75,23454.0625
3476.75,5409.75,23454.0625
3476.75,5409.75,23454.0625
3476.75,5409.75,23454.0625
3476.875,5409.75,23453.9375
3476.4375,5409.75,23454.375
3476.4375,5409.75,23454.375
3476.4375,5409.75,23454.375
3476.4375,5409.75,23454.375
3476.375,5409.75,23454.4375
3476.25,5409.75,23454.5625
3476.25,5409.75,23454.5625
3476.25,5409.75,23454.5625
3476.25,5409.75,23454.5625
3476.25,5409.75,23454.5625
3476.1875,5409.75,23454.5625
3476.1875,5409.75,23454.5625
3476.1875,5409.75,23454.5625
3476.1875,5409.75,23454.5625
3476.3125,5409.8125,23454.4375
3476.4375,5409.8125,23454.3125
3476.4375,5409.8125,23454.3125
3476.4375,5409.75,23454.3125
3476.4375,5409.8125,23454.3125
3475.875,5409.8125,23454.875
3475.875,5409.8125,23454.875
3475.875,5409.8125,23454.875
3475.875,5409.8125,23454.875
3475.875,5409.8125,23454.875
3475.875,5409.8125,23454.875
3475.875,5409.8125,23454.875
3475.875,5409.8125,23454.875
3475.875,5409.8125,23454.875
3475.875,5409.8125,23454.875
3475.875,5409.8125,23454.875
3476.9375,5409.8125,23453.8125
3476.9375,5409.8125,23453.8125
3478.125,5409.8125,23452.625
3485.1875,5409.875,23445.5
3478.0625,5409.875,23452.625
3490.9375,5409.875,23439.75
3493.75,5409.875,23436.9375
3493.75,5409.875,23436.9375
3493.75,5409.875,23436.9375
3493.75,5409.875,23436.9375
3493.75,5409.875,23436.9375
3493.75,5409.875,23436.9375
3493.75,5409.875,23436.9375
3493.75,5409.875,23436.9375
3493.75,5409.875,23436.9375
3494.4375,5409.875,23436.25
3494.4375,5409.875,23436.25
3494.4375,5409.875,23436.25
3494.4375,5409.875,23436.25
3494.4375,5409.875,23436.25
3494.4375,5409.875,23436.25
3494.4375,5409.875,23436.25
3494.4375,5409.875,23436.25
3494.4375,5409.875,23436.25
3494.625,5409.875,23436.0625
3494.625,5409.875,23436.0625
3494.625,5409.875,23436.0625
3494.25,5409.875,23436.4375
3494.4375,5409.875,23436.25
3494.4375,5409.875,23436.25
3493.9375,5409.9375,23436.75
3494.5,5409.9375,23436.1875
3493.9375,5409.9375,23436.75
3493.9375,5409.9375,23436.75
3493.375,5409.875,23437.3125
3493.375,5409.9375,23437.3125
3493.375,5409.9375,23437.3125
3493.0,5409.9375,23437.6875
3493.9375,5409.9375,23436.75
3493.0,5409.9375,23437.6875
3493.375,5409.9375,23437.3125
3493.875,5409.9375,23436.8125
3494.625,5409.9375,23436.0625
3493.5,5409.9375,23437.1875
3494.4375,5409.9375,23436.25
3494.3125,5409.9375,23436.125
3494.875,5409.9375,23435.5625
3494.5,5409.9375,23435.9375
3494.5625,5409.9375,23435.875
3494.375,5409.9375,23436.0625
3494.375,5409.9375,23436.0625
3494.375,5409.9375,23436.0625
3494.375,5409.9375,23436.0625
3494.3125,5409.9375,23436.125
3494.3125,5409.875,23436.125
3494.3125,5409.875,23436.125
3494.3125,5409.875,23436.125
3494.3125,5409.875,23436.125
3494.3125,5409.875,23436.125
3494.3125,5409.875,23436.125
3494.5,5409.9375,23435.875
3494.5,5409.9375,23435.875
3494.4375,5409.9375,23436.0
3494.25,5409.9375,23436.1875
3494.25,5409.9375,23436.1875
3494.3125,5409.9375,23436.125
3494.25,5409.9375,23436.1875
3494.25,5409.9375,23436.1875
3494.25,5409.9375,23436.1875
3494.25,5409.9375,23436.1875
3494.25,5409.9375,23436.1875
3494.25,5409.9375,23436.1875
3494.25,5409.9375,23436.1875
3494.25,5409.9375,23436.1875
3493.6875,5409.9375,23436.75
3494.25,5410.0,23436.1875
3494.1875,5410.0,23436.25
3494.1875,5410.0,23436.25
3508.375,5410.0625,23422.0
3508.375,5410.0625,23422.0
3508.375,5410.0625,23422.0
3508.375,5410.0625,23422.0
3508.375,5410.0625,23422.0
3508.375,5410.0625,23422.0
3508.375,5410.0625,23422.0
3508.375,5410.0625,23422.0
3508.375,5410.0625,23422.0
3508.375,5410.0625,23422.0
3508.375,5410.0625,23422.0
3508.5625,5410.0625,23421.8125
3509.6875,5410.125,23420.5625
3509.625,5410.125,23420.625
3509.5,5410.125,23420.75
3509.5,5410.125,23420.75
3510.0625,5410.125,23420.1875
3510.0625,5410.125,23420.1875
3510.0625,5410.125,23420.1875
3510.0625,5410.125,23420.1875
3510.0625,5410.125,23420.1875
3510.0625,5410.125,23420.1875
3510.0625,5410.125,23420.1875
3510.0625,5410.125,23420.1875
3510.0625,5410.125,23420.1875
3510.0625,5410.125,23420.1875
3509.9375,5410.125,23420.3125
3510.125,5410.1875,23420.125
3510.125,5410.1875,23420.125
3509.9375,5410.1875,23420.3125
3509.9375,5410.1875,23420.3125
3509.9375,5410.1875,23420.3125
3509.9375,5410.1875,23420.3125
3509.9375,5410.1875,23420.3125
3509.875,5410.1875,23420.375
3509.875,5410.1875,23420.375
3509.875,5410.1875,23420.375
3509.875,5410.1875,23420.375
3509.5,5410.1875,23420.75
3509.5,5410.1875,23420.75
3509.5,5410.1875,23420.75
3509.6875,5410.1875,23420.5625
3508.6875,5410.25,23421.4375
3508.6875,5410.25,23421.4375
3508.6875,5410.25,23421.4375
3508.6875,5410.25,23421.4375
3509.0625,5410.25,23421.0625
3508.9375,5410.25,23421.0625
3508.9375,5410.25,23421.0625
3508.9375,5410.25,23421.0625
3508.9375,5410.25,23421.0625
3508.9375,5410.25,23421.0625
3508.9375,5410.25,23421.0625
3508.9375,5410.25,23421.0625
3508.9375,5410.25,23421.0625
3508.9375,5410.25,23421.0625
3508.375,5410.25,23421.625
3508.625,5410.25,23421.375
3508.625,5410.25,23421.375
3508.625,5410.25,23421.375
3508.4375,5410.25,23421.5625
3508.8125,5410.25,23421.1875
3508.8125,5410.25,23421.1875
3508.75,5410.25,23421.25
3508.75,5410.25,23421.25
3508.75,5410.25,23421.25
3509.0625,5410.3125,23420.9375
3509.0625,5410.3125,23420.9375
3509.0625,5410.3125,23420.9375
3519.8125,5410.3125,23410.1875
3522.4375,5410.3125,23407.5625
3522.4375,5410.3125,23407.5625
3522.9375,5410.3125,23407.0625
3522.9375,5410.3125,23407.0625
3522.9375,5410.3125,23407.0625
3522.9375,5410.3125,23407.0625
3522.75,5410.3125,23407.25
3522.75,5410.3125,23407.25
3522.8125,5410.3125,23407.1875
3522.8125,5410.3125,23407.1875
3522.8125,5410.3125,23407.1875
3522.8125,5410.3125,23407.1875
3522.8125,5410.3125,23407.1875
3522.8125,5410.3125,23407.1875
3522.8125,5410.3125,23407.1875
3522.8125,5410.3125,23407.1875
3525.625,5410.375,23404.375
3531.375,5410.375,23398.625
3531.5,5410.375,23398.5
3531.5,5410.375,23398.5
3531.3125,5410.375,23398.6875
3531.4375,5410.4375,23398.5
3531.25,5410.3125,23398.6875
3531.4375,5410.4375,23398.5
3531.4375,5410.4375,23398.5
3531.4375,5410.4375,23398.5
3531.4375,5410.4375,23398.5
3531.4375,5410.4375,23398.5
3531.25,5410.4375,23398.6875
3531.4375,5410.4375,23398.5
3532.3125,5410.4375,23397.625
3531.0625,5410.4375,23398.875
3531.5625,5410.5625,23398.25
3531.0,5410.5625,23398.8125
3531.5625,5410.5625,23398.25
3531.625,5410.5625,23398.1875
3531.8125,5410.5625,23398.0
3531.8125,5410.5,23398.0
3531.5625,5410.5625,23398.0
3531.5625,5410.5625,23398.0
3531.5625,5410.5625,23398.0
3531.5625,5410.5625,23398.0
3531.5625,5410.5625,23398.0
3531.5625,5410.5625,23398.0
3531.5625,5410.5625,23398.0
3531.5625,5410.5625,23398.0
3531.375,5410.5625,23398.1875
3529.6875,5410.5625,23399.875
3529.6875,5410.5625,23399.875
3529.6875,5410.5625,23399.875
3530.0625,5410.5625,23399.5
3530.625,5410.875,23398.8125
3531.1875,5410.625,23398.5625
3527.9375,5411.5625,23401.0625
3527.9375,5411.5625,23401.0625
3528.0625,5411.5625,23400.9375
3528.0625,5411.5625,23400.9375
3528.0,5411.5625,23401.0
3528.0,5411.5,23401.0
3527.8125,5411.625,23401.1875
3527.625,5411.625,23401.375
3527.75,5411.625,23401.25
3527.375,5411.625,23401.625
3527.125,5411.625,23401.875
3527.125,5411.5625,23401.875
3526.625,5411.625,23402.375
3528.0625,5411.625,23400.6875
3527.875,5411.625,23400.875
3538.625,5411.625,23390.125
3541.5,5411.6875,23387.1875
3541.5,5411.6875,23387.1875
3541.5,5411.6875,23387.1875
3541.5,5411.6875,23387.1875
3540.375,5411.75,23388.3125
3540.375,5411.75,23388.3125
3540.375,5411.75,23388.3125
3540.375,5411.75,23388.3125
3540.625,5411.75,23388.0
3540.5625,5411.75,23388.0625
3540.5625,5411.75,23388.0625
3540.5625,5411.75,23388.0625
3540.5625,5411.75,23388.0625
3540.5625,5411.75,23388.0625
3540.5625,5411.75,23388.0625
3540.5625,5411.75,23388.0625
3540.5625,5411.75,23388.0625
3540.5625,5411.75,23388.0625
3540.5625,5411.75,23388.0625
3540.5625,5411.75,23388.0625
3540.5625,5411.75,23388.0625
3540.5625,5411.75,23388.0625
3540.375,5411.75,23388.25
3539.875,5411.75,23388.75
3539.875,5411.75,23388.75
3539.625,5411.75,23389.0
3539.625,5411.75,23389.0
3538.875,5411.75,23389.75
3538.875,5411.75,23389.75
3538.875,5411.75,23389.75
3538.875,5411.75,23389.75
3538.875,5411.75,23389.75
3538.875,5411.75,23389.75
3538.875,5411.75,23389.75
3538.875,5411.75,23389.75
3538.875,5411.75,23389.75
3538.875,5411.6875,23389.75
3539.125,5411.75,23389.375
3539.8125,5411.75,23388.6875
3539.5,5411.75,23389.0
3539.3125,5411.75,23389.1875
3539.875,5411.75,23388.625
3539.3125,5411.75,23389.1875
3539.3125,5411.75,23389.1875
3539.3125,5411.75,23389.1875
3539.3125,5411.75,23389.1875
3539.3125,5411.75,23389.1875
3539.3125,5411.75,23389.1875
3539.3125,5411.75,23389.1875
3539.3125,5411.75,23389.1875
3539.3125,5411.75,23389.1875
3539.0625,5411.75,23389.4375
3538.9375,5411.75,23389.5625
3539.875,5411.75,23388.625
3539.875,5411.75,23388.625
3539.6875,5411.75,23388.8125
3539.5625,5411.75,23388.9375
3539.3125,5411.75,23389.1875
3539.25,5411.6875,23389.25
3539.125,5411.75,23389.375
3539.0625,5411.75,23389.4375
3539.0625,5411.75,23389.4375
3539.0625,5411.75,23389.4375
3539.0,5411.75,23389.4375
3539.0,5411.75,23389.4375
3539.0,5411.75,23389.4375
3538.9375,5411.75,23389.5
3539.0625,5411.75,23389.375
3549.625,5411.75,23378.8125
3552.25,5411.75,23376.1875
3552.25,5411.75,23376.1875
3552.25,5411.75,23376.1875
3552.0625,5411.75,23376.375
3552.0625,5411.75,23376.375
3552.0625,5411.75,23376.375
3552.0625,5411.75,23376.375
3552.0625,5411.75,23376.375
3552.0625,5411.75,23376.375
3552.0625,5411.75,23376.375
3552.125,5411.6875,23376.3125
3552.3125,5411.9375,23376.0
3552.3125,5411.9375,23376.0
3552.625,5411.9375,23375.6875
3553.0625,5411.9375,23375.25
3552.875,5411.9375,23375.4375
3558.875,5411.9375,23369.4375
3561.4375,5411.9375,23366.875
3554.8125,5411.9375,23373.5
3554.5,5411.9375,23373.8125
3554.5,5411.9375,23373.8125
3554.5,5411.9375,23373.8125
3554.3125,5411.9375,23374.0
3554.3125,5411.9375,23374.0
3553.875,5411.9375,23374.4375
3553.875,5411.9375,23374.4375
3554.0625,5411.9375,23374.25
3553.875,5411.9375,23374.4375
3554.25,5412.0,23374.0625
3554.0,5412.0,23374.1875
3554.5625,5412.0,23373.625
3554.1875,5412.0,23374.0
3554.125,5412.0,23374.0625
3553.6875,5412.0,23374.5
3553.625,5412.0,23374.5625
3554.75,5412.0,23373.4375
3554.1875,5412.0,23374.0
3552.875,5412.0,23375.3125
3554.375,5412.0,23373.8125
3554.0,5412.0,23374.1875
3553.0625,5412.0,23375.125
3554.75,5412.0,23373.4375
3553.8125,5412.0,23374.375
3553.9375,5412.0,23374.25
3553.6875,5412.0625,23374.4375
3554.25,5412.0625,23373.875
3554.625,5412.0625,23373.5
3554.25,5412.0625,23373.875
3554.375,5412.0625,23373.75
3554.5625,5412.0625,23373.5625
3554.5,5412.0625,23373.625
3554.4375,5412.0625,23373.6875
3554.4375,5412.0625,23373.6875
3554.4375,5412.0625,23373.6875
3554.4375,5412.0625,23373.6875
3554.3125,5412.0,23373.8125
3554.3125,5412.0625,23373.8125
3554.125,5412.0625,23374.0
3554.125,5412.0625,23374.0
3554.3125,5412.0625,23373.8125
3554.3125,5412.0625,23373.8125
3554.3125,5412.0625,23373.8125
3554.125,5412.0625,23374.0
3553.75,5412.0625,23374.375
3553.75,5412.0625,23374.375
3553.75,5412.0625,23374.375
3553.75,5412.0625,23374.375
3553.75,5412.0625,23374.375
3553.75,5412.0625,23374.375
3553.75,5412.0625,23374.375
3553.75,5412.0625,23374.375
3564.5625,5412.0625,23363.5625
3568.4375,5412.0625,23359.6875
3568.8125,5412.0625,23359.1875
3570.125,5412.0625,23357.875
3569.9375,5412.0625,23358.0625
3569.875,5412.125,23358.125
3569.5,5412.125,23358.5
3570.0625,5412.0625,23357.9375
3570.1875,5412.125,23357.8125
3570.1875,5412.125,23357.8125
3570.1875,5412.125,23357.8125
3570.1875,5412.125,23357.8125
3570.375,5412.125,23357.625
3570.6875,5412.125,23357.3125
3570.5,5412.125,23357.5
3570.5,5412.125,23357.5
3570.5,5412.125,23357.5
3570.5,5412.125,23357.5
3570.875,5412.125,23357.125
3570.875,5412.0625,23357.125
3570.75,5412.125,23357.25
3570.75,5412.125,23357.25
3570.75,5412.125,23357.25
3570.75,5412.125,23357.25
3570.5625,5412.125,23357.4375
3570.5625,5412.125,23357.4375
3570.5625,5412.125,23357.4375
3570.5625,5412.125,23357.4375
3570.5625,5412.125,23357.4375
3570.5625,5412.125,23357.4375
3570.5625,5412.125,23357.4375
3570.5625,5412.125,23357.4375
3571.5,5412.125,23356.5
3571.6875,5412.125,23356.3125
3571.6875,5412.125,23356.3125
3571.6875,5412.125,23356.3125
3571.6875,5412.125,23356.3125
3571.6875,5412.125,23356.3125
3571.6875,5412.125,23356.3125
3571.6875,5412.125,23356.3125
3571.6875,5412.125,23356.3125
3571.6875,5412.125,23356.3125
3571.6875,5412.125,23356.3125
3571.6875,5412.125,23356.3125
3571.6875,5412.125,23356.3125
3571.6875,5412.125,23356.3125
3571.6875,5412.125,23356.3125
3571.125,5412.125,23356.875
3572.0,5412.125,23356.0
3572.0,5412.125,23356.0
3571.9375,5412.125,23356.0625
3572.6875,5412.125,23355.3125
3572.5,5412.125,23355.5
3572.5,5412.125,23355.5
3572.4375,5412.125,23355.5625
3572.4375,5412.125,23355.5625
3572.4375,5412.125,23355.5625
3572.4375,5412.125,23355.5625
3572.4375,5412.125,23355.5625
3572.4375,5412.125,23355.5625
3572.4375,5412.125,23355.5625
3572.4375,5412.125,23355.5625
3573.0625,5412.1875,23354.875
3572.75,5412.1875,23355.1875
3572.75,5412.1875,23355.1875
3572.75,5412.1875,23355.1875
3572.75,5412.1875,23355.1875
3572.5625,5412.1875,23355.375
3572.5625,5412.1875,23355.375
3572.5625,5412.1875,23355.375
3572.5625,5412.1875,23355.375
3572.5625,5412.1875,23355.375
3572.375,5412.1875,23355.5625
3572.375,5412.1875,23355.5625
3572.375,5412.1875,23355.5625
3572.375,5412.1875,23355.5625
3583.375,5412.1875,23344.5625
3589.6875,5412.1875,23338.25
3589.3125,5412.1875,23338.625
3589.3125,5412.1875,23338.625
3589.3125,5412.125,23338.625
3588.75,5412.1875,23339.1875
3589.3125,5412.1875,23338.625
3589.3125,5412.1875,23338.625
3589.3125,5412.1875,23338.625
3589.3125,5412.1875,23338.625
3589.3125,5412.1875,23338.625
3589.3125,5412.1875,23338.625
3589.3125,5412.1875,23338.625
3589.3125,5412.1875,23338.625
3589.3125,5412.1875,23338.625
3589.3125,5412.1875,23338.625
3588.8125,5412.1875,23339.125
3588.1875,5412.1875,23339.75
3588.1875,5412.1875,23339.75
3588.1875,5412.1875,23339.75
3588.1875,5412.1875,23339.75
3588.75,5412.125,23339.1875
3588.8125,5412.1875,23339.125
3588.75,5412.1875,23339.1875
3588.75,5412.1875,23339.1875
3588.75,5412.1875,23339.1875
3588.75,5412.1875,23339.1875
3588.5625,5412.1875,23339.375
3588.5625,5412.1875,23339.375
3588.5625,5412.1875,23339.375
3588.5625,5412.1875,23339.375
3588.375,5412.1875,23339.5625
3595.125,5412.375,23332.4375
3594.875,5412.375,23332.6875
3594.875,5412.375,23332.6875
3593.25,5412.375,23334.25
3593.25,5412.375,23334.25
3593.25,5412.375,23334.25
3593.25,5412.375,23334.25
3593.25,5412.375,23334.25
3593.25,5412.375,23334.25
3593.25,5412.375,23334.25
3593.25,5412.375,23334.25
3593.5,5412.5,23333.9375
3593.5,5412.5,23333.9375
3593.5,5412.5,23333.9375
3593.375,5412.5,23334.0625
3594.8125,5412.5,23332.5
3594.8125,5412.5,23332.5
3594.8125,5412.5,23332.5
3594.8125,5412.5,23332.5
3594.8125,5412.5,23332.5
3594.8125,5412.5,23332.5
3594.8125,5412.5,23332.5
3594.8125,5412.5,23332.5
3595.0625,5412.625,23332.1875
3595.0625,5412.625,23332.1875
3595.0625,5412.625,23332.1875
3595.0625,5412.625,23332.1875
3595.0625,5412.625,23332.1875
3594.875,5412.625,23332.375
3594.6875,5412.625,23332.5625
3596.3125,5412.625,23330.875
3596.3125,5412.625,23330.875
3596.5,5412.625,23330.6875
3596.25,5412.625,23330.9375
3596.0625,5412.625,23331.125
3596.0625,5412.625,23331.125
3596.25,5412.625,23330.9375
3596.25,5412.625,23330.9375
3596.0625,5412.625,23331.125
3596.0625,5412.625,23331.125
3596.0625,5412.6875,23331.125
3595.5,5412.625,23331.6875
3595.6875,5412.6875,23331.5
3595.875,5412.6875,23331.3125
3594.875,5412.6875,23332.125
3596.5,5412.6875,23330.5
3612.9375,5412.625,23314.0625
3618.125,5413.0625,23308.4375
3620.1875,5412.9375,23306.5625
3624.3125,5412.9375,23302.4375
3624.3125,5412.9375,23302.4375
3624.3125,5412.9375,23302.4375
3624.875,5412.9375,23301.875
3625.4375,5412.875,23301.3125
3625.625,5412.9375,23301.125
3625.625,5412.9375,23301.125
3625.8125,5412.9375,23300.9375
3625.8125,5412.9375,23300.9375
3625.8125,5412.9375,23300.9375
3624.5,5412.9375,23302.25
3624.0,5412.875,23302.75
3624.0,5412.9375,23302.75
3624.0,5412.9375,23302.75
3623.875,5412.9375,23302.875
3623.6875,5412.9375,23303.0625
3623.6875,5412.9375,23303.0625
3623.6875,5412.9375,23303.0625
3624.0,5413.0,23302.75
3624.0,5413.0,23302.75
3624.0,5413.0,23302.75
3624.0,5413.0,23302.75
3624.0,5413.0,23302.75
3624.0,5413.0,23302.75
3624.0,5413.0,23302.75
3623.375,5413.0,23303.375
3623.9375,5413.0625,23302.75
3623.9375,5413.0625,23302.75
3623.9375,5413.0625,23302.75
3623.875,5413.0625,23302.8125
3623.875,5413.0625,23302.8125
3623.875,5413.0625,23302.8125
3623.8125,5413.0625,23302.875
3623.8125,5413.0625,23302.875
3623.8125,5413.0625,23302.875
3623.8125,5413.0625,23302.875
3623.8125,5413.0625,23302.875
3623.8125,5413.0625,23302.875
3623.8125,5413.0625,23302.875
3623.8125,5413.0625,23302.875
3623.4375,5413.125,23303.25
3623.4375,5413.125,23303.25
3623.4375,5413.125,23303.25
3623.4375,5413.125,23303.25
3623.375,5413.125,23303.3125
3623.3125,5413.0625,23303.375
3623.3125,5413.125,23303.375
3623.3125,5413.125,23303.375
3623.3125,5413.125,23303.375
3623.3125,5413.125,23303.375
3623.4375,5413.1875,23303.1875
3623.4375,5413.1875,23303.1875
3623.4375,5413.1875,23303.1875
3623.4375,5413.1875,23303.1875
3623.4375,5413.1875,23303.1875
3624.9375,5413.1875,23301.6875
3624.9375,5413.1875,23301.6875
3624.9375,5413.1875,23301.6875
3624.9375,5413.1875,23301.6875
3624.9375,5413.1875,23301.6875
3624.75,5413.1875,23301.875
3624.75,5413.1875,23301.875
3624.75,5413.1875,23301.875
3624.75,5413.1875,23301.875
3624.75,5413.1875,23301.875
3623.75,5413.1875,23302.875
3623.75,5413.1875,23302.875
3623.75,5413.1875,23302.875
3623.6875,5413.1875,23302.9375
3623.6875,5413.1875,23302.9375
3623.3125,5413.1875,23303.0
3623.3125,5413.1875,23303.0
3623.3125,5413.1875,23303.0
3623.3125,5413.1875,23303.0
3623.5,5413.1875,23302.8125
3623.4375,5413.1875,23302.875
3623.4375,5413.1875,23302.875
3623.4375,5413.1875,23302.875
3623.4375,5413.1875,23302.875
3623.4375,5413.1875,23302.875
3623.4375,5413.1875,23302.875
3623.4375,5413.1875,23302.875
3623.4375,5413.1875,23302.875
3623.4375,5413.1875,23302.875
3623.4375,5413.1875,23302.875
3623.625,5413.1875,23302.6875
3623.3125,5413.1875,23303.0
3623.6875,5413.1875,23302.625
3632.125,5413.1875,23294.1875
3632.125,5413.1875,23294.1875
3626.5,5413.1875,23299.8125
3626.4375,5413.1875,23299.875
3626.4375,5413.1875,23299.875
3626.4375,5413.1875,23299.875
3626.375,5413.3125,23299.875
3626.375,5413.3125,23299.875
3626.375,5413.3125,23299.875
3626.375,5413.3125,23299.875
3626.375,5413.3125,23299.875
3626.375,5413.3125,23299.875
3626.75,5413.375,23299.5
3626.75,5413.375,23299.5
3626.5,5413.375,23299.75
3647.1875,5413.375,23279.0625
3647.1875,5413.375,23279.0625
3647.1875,5413.3125,23279.0625
3647.375,5413.375,23278.875
3647.375,5413.375,23278.875
3647.375,5413.375,23278.875
3647.375,5413.375,23278.875
3647.375,5413.375,23278.875
3647.375,5413.375,23278.875
3647.375,5413.375,23278.875
3647.375,5413.375,23278.875
3647.375,5413.375,23278.875
3648.4375,5413.375,23277.75
3648.4375,5413.375,23277.75
3648.4375,5413.375,23277.75
3648.25,5413.375,23277.9375
3647.875,5413.375,23278.3125
3647.875,5413.375,23278.3125
3647.75,5413.375,23278.4375
3647.6875,5413.375,23278.5
3647.6875,5413.375,23278.5
3647.625,5413.375,23278.5625
3647.625,5413.375,23278.5625
3647.625,5413.375,23278.5625
3647.625,5413.375,23278.5625
3647.625,5413.375,23278.5625
3647.5625,5413.375,23278.625
3647.4375,5413.4375,23278.6875
3647.4375,5413.4375,23278.6875
3647.4375,5413.4375,23278.6875
3647.25,5413.4375,23278.875
3647.25,5413.4375,23278.875
3647.25,5413.375,23278.875
3647.25,5413.4375,23278.875
3647.25,5413.4375,23278.875
3647.25,5413.4375,23278.875
3647.25,5413.4375,23278.875
3647.25,5413.4375,23278.875
3647.25,5413.4375,23278.875
3647.25,5413.4375,23278.875
3647.25,5413.4375,23278.875
3647.1875,5413.4375,23278.9375
3647.9375,5413.4375,23278.1875
3647.9375,5413.4375,23278.1875
3647.75,5413.4375,23278.375
3647.75,5413.4375,23278.375
3647.75,5413.4375,23278.375
3647.75,5413.4375,23278.375
3647.625,5413.4375,23278.5
3647.625,5413.4375,23278.5
3647.625,5413.4375,23278.5
3647.625,5413.4375,23278.5
3647.3125,5413.4375,23278.8125
3647.3125,5413.4375,23278.8125
3647.3125,5413.4375,23278.8125
3647.3125,5413.4375,23278.8125
3647.3125,5413.4375,23278.8125
3646.9375,5413.4375,23279.1875
3646.9375,5413.4375,23279.1875
3646.9375,5413.4375,23279.1875
3646.9375,5413.4375,23279.1875
3646.6875,5413.4375,23279.4375
3646.6875,5413.4375,23279.4375
3646.6875,5413.4375,23279.4375
3646.6875,5413.4375,23279.4375
3646.6875,5413.4375,23279.4375
3646.6875,5413.4375,23279.4375
3646.6875,5413.4375,23279.4375
3646.6875,5413.4375,23279.4375
3646.6875,5413.4375,23279.4375
3646.6875,5413.4375,23279.4375
3646.6875,5413.4375,23279.4375
3646.75,5413.4375,23279.1875
3646.75,5413.4375,23279.1875
3646.75,5413.4375,23279.1875
3646.75,5413.4375,23279.1875
3646.75,5413.4375,23279.1875
3646.75,5413.4375,23279.1875
3646.75,5413.4375,23279.1875
3646.6875,5413.4375,23279.25
3646.6875,5413.4375,23279.25
3646.6875,5413.4375,23279.25
3646.3125,5413.4375,23279.625
3662.6875,5413.4375,23263.25
3662.625,5413.4375,23263.3125
3662.4375,5413.4375,23263.5
3663.0,5413.4375,23262.9375
3662.0625,5413.4375,23263.625
3662.25,5413.4375,23263.4375
3662.25,5413.4375,23263.4375
3662.25,5413.4375,23263.4375
3662.1875,5413.4375,23263.5
3662.1875,5413.4375,23263.5
3662.1875,5413.4375,23263.5
3662.1875,5413.4375,23263.5
3662.1875,5413.4375,23263.5
3662.1875,5413.4375,23263.5
3662.1875,5413.4375,23263.5
3662.1875,5413.4375,23263.5
3662.375,5413.4375,23263.3125
3662.375,5413.4375,23263.3125
3662.9375,5413.4375,23262.75
3662.1875,5413.4375,23263.5
3662.1875,5413.4375,23263.5
3662.1875,5413.4375,23263.5
3662.1875,5413.4375,23263.5
3661.625,5413.4375,23264.0625
3661.625,5413.4375,23264.0625
3661.625,5413.4375,23264.0625
3661.625,5413.4375,23264.0625
3661.625,5413.4375,23264.0625
3661.625,5413.4375,23264.0625
3661.625,5413.4375,23264.0625
3661.625,5413.4375,23264.0625
3661.3125,5413.4375,23264.375
3661.25,5413.4375,23264.4375
3661.3125,5413.4375,23264.3125
3661.5,5413.4375,23264.125
3661.5,5413.4375,23264.125
3661.0,5413.4375,23264.625
3661.0,5413.4375,23264.625
3660.8125,5413.4375,23264.8125
3660.625,5413.4375,23265.0
3660.625,5413.4375,23265.0
3660.625,5413.4375,23265.0
3660.625,5413.4375,23265.0
3660.625,5413.4375,23265.0
3660.625,5413.4375,23265.0
3660.625,5413.4375,23265.0
3660.5625,5413.4375,23265.0625
3660.5,5413.4375,23265.125
3661.8125,5413.4375,23263.8125
3661.375,5413.4375,23264.25
3661.375,5413.4375,23264.25
3661.375,5413.4375,23264.25
3661.375,5413.4375,23264.25
3661.375,5413.4375,23264.25
3661.1875,5413.4375,23264.4375
3661.1875,5413.4375,23264.4375
3661.0,5413.4375,23264.625
3661.0,5413.4375,23264.625
3661.0,5413.4375,23264.625
3660.9375,5413.4375,23264.6875
3660.9375,5413.4375,23264.6875
3660.9375,5413.4375,23264.6875
3660.875,5413.4375,23264.75
3660.75,5413.4375,23264.875
3665.875,5413.4375,23259.75
3665.875,5413.4375,23259.75
3665.875,5413.4375,23259.75
3665.875,5413.4375,23259.75
3665.875,5413.4375,23259.75
3665.875,5413.4375,23259.75
3665.875,5413.4375,23259.75
3665.875,5413.4375,23259.75
3665.875,5413.4375,23259.75
3665.875,5413.4375,23259.75
3665.875,5413.4375,23259.75
3665.875,5413.4375,23259.75
3665.875,5413.4375,23259.75
3665.875,5413.4375,23259.75
3665.75,5413.4375,23259.875
3665.875,5413.4375,23259.75
3665.875,5413.4375,23259.75
3665.6875,5413.4375,23259.9375
3665.5625,5413.5625,23260.0625
3665.125,5413.5625,23260.5
3665.125,5413.5,23260.5
3682.0,5413.625,23243.625
3682.0,5413.625,23243.625
3682.0,5413.625,23243.625
3682.0,5413.625,23243.625
3681.9375,5413.625,23243.6875
3681.9375,5413.625,23243.6875
3681.875,5413.625,23243.75
3681.875,5413.625,23243.75
3681.1875,5413.625,23244.4375
3681.125,5413.625,23244.4375
3681.0,5413.625,23244.5625
3681.125,5413.625,23244.4375
3681.125,5413.625,23244.4375
3681.6875,5413.875,23243.75
3681.6875,5413.875,23243.75
3681.75,5413.875,23243.6875
3681.75,5413.875,23243.6875
3681.75,5413.875,23243.6875
3681.75,5413.875,23243.6875
3681.9375,5413.875,23243.5
3681.9375,5413.8125,23243.5
3682.0625,5413.875,23243.375
3682.0,5413.875,23243.4375
3682.0,5413.875,23243.4375
3681.875,5413.875,23243.5625
3681.875,5413.875,23243.5625
3681.875,5413.9375,23243.5
3681.875,5413.9375,23243.5
3682.375,5413.9375,23243.0
3682.375,5413.9375,23243.0
3682.375,5413.9375,23243.0
3682.375,5413.9375,23243.0
3682.375,5413.9375,23243.0
3682.3125,5413.875,23243.0625
3682.3125,5413.9375,23243.0625
3683.875,5413.9375,23241.4375
3683.875,5413.9375,23241.4375
3683.6875,5413.9375,23241.625
3683.6875,5413.9375,23241.625
3684.1875,5413.9375,23241.125
3684.1875,5413.9375,23241.125
3682.6875,5413.9375,23242.625
3682.6875,5413.9375,23242.625
3683.25,5413.9375,23242.0625
3683.25,5413.9375,23242.0625
3683.25,5413.9375,23242.0625
3683.25,5413.9375,23242.0625
3683.25,5413.9375,23242.0625
3683.1875,5413.9375,23242.125
3683.1875,5413.9375,23242.125
3683.1875,5413.9375,23242.125
3683.1875,5413.9375,23242.125
3683.1875,5413.9375,23242.125
3683.1875,5413.9375,23242.125
3682.625,5413.9375,23242.1875
3682.625,5413.9375,23242.1875
3682.625,5413.9375,23242.1875
3682.625,5413.9375,23242.1875
3682.875,5413.9375,23241.9375
3682.875,5413.9375,23241.9375
3681.0,5414.1875,23243.6875
3681.0,5414.1875,23243.6875
3681.0,5414.1875,23243.6875
3681.0,5414.1875,23243.6875
3681.0,5414.1875,23243.6875
3681.0,5414.1875,23243.6875
3681.0,5414.1875,23243.6875
3681.0,5414.1875,23243.6875
3680.875,5414.1875,23243.8125
3681.4375,5414.1875,23243.25
3681.4375,5414.1875,23243.25
3681.4375,5414.1875,23243.25
3681.4375,5414.1875,23243.25
3681.4375,5414.1875,23243.25
3681.4375,5414.125,23243.25
3681.4375,5414.1875,23243.25
3681.4375,5414.1875,23243.25
3681.4375,5414.1875,23243.25
3681.4375,5414.1875,23243.25
3681.4375,5414.1875,23243.25
3681.4375,5414.1875,23243.25
3681.4375,5414.1875,23243.25
3681.4375,5414.1875,23243.25
3697.5,5414.1875,23227.1875
3699.375,5414.1875,23225.3125
3699.375,5414.1875,23225.3125
3699.375,5414.1875,23225.3125
3699.375,5414.1875,23225.3125
3699.375,5414.1875,23225.3125
3699.5625,5414.1875,23225.125
3699.375,5414.1875,23225.3125
3699.375,5414.1875,23225.3125
3699.375,5414.1875,23225.3125
3699.375,5414.1875,23225.3125
3699.1875,5414.1875,23225.5
3699.1875,5414.1875,23225.5
3699.1875,5414.1875,23225.5
3698.6875,5414.1875,23226.0
3698.5,5414.1875,23226.1875
3699.75,5414.1875,23224.9375
3699.75,5414.1875,23224.9375
3699.75,5414.1875,23224.9375
3699.75,5414.1875,23224.9375
3699.9375,5414.1875,23224.75
3699.9375,5414.1875,23224.75
3699.9375,5414.1875,23224.75
3699.9375,5414.1875,23224.75
3699.9375,5414.1875,23224.75
3699.9375,5414.1875,23224.75
3699.9375,5414.1875,23224.75
3699.75,5414.1875,23224.9375
3699.75,5414.1875,23224.9375
3699.75,5414.1875,23224.9375
3699.875,5414.1875,23224.8125
3700.625,5414.1875,23223.75
3700.625,5414.1875,23223.75
3707.0,5414.1875,23217.375
3709.4375,5414.1875,23214.9375
3704.25,5414.125,23220.125
3701.875,5414.1875,23222.5
3701.875,5414.1875,23222.5
3701.875,5414.1875,23222.5
3701.875,5414.1875,23222.5
3701.875,5414.1875,23222.5
3701.875,5414.1875,23222.5
3701.6875,5414.1875,23222.6875
3701.6875,5414.1875,23222.6875
3701.6875,5414.1875,23222.6875
3702.0625,5414.1875,23222.3125
3702.1875,5414.1875,23222.1875
3702.1875,5414.1875,23222.1875
3702.1875,5414.1875,23222.1875
3702.1875,5414.1875,23222.1875
3702.1875,5414.1875,23222.1875
3702.1875,5414.1875,23222.1875
3702.1875,5414.1875,23222.1875
3702.1875,5414.1875,23222.1875
3702.1875,5414.1875,23222.1875
3702.1875,5414.1875,23222.1875
3702.1875,5414.1875,23222.1875
3702.1875,5414.1875,23222.1875
3702.1875,5414.1875,23222.1875
3702.1875,5414.1875,23222.1875
3702.1875,5414.1875,23222.1875
3702.75,5414.1875,23221.625
3702.6875,5414.1875,23221.6875
3702.6875,5414.1875,23221.6875
3702.6875,5414.1875,23221.6875
3702.6875,5414.1875,23221.6875
3702.6875,5414.1875,23221.6875
3702.875,5414.1875,23221.5
3702.6875,5414.1875,23221.6875
3702.4375,5414.1875,23221.9375
3702.25,5414.1875,23222.125
3702.25,5414.1875,23222.125
3702.1875,5414.1875,23222.1875
3702.125,5414.1875,23222.25
3702.125,5414.1875,23222.25
3702.375,5414.1875,23222.0
3703.1875,5414.1875,23221.1875
3703.1875,5414.1875,23221.1875
3703.0,5414.1875,23221.375
3703.0,5414.1875,23221.375
3703.1875,5414.1875,23221.1875
3702.8125,5414.1875,23221.5625
3703.0,5414.1875,23221.375
3702.625,5414.1875,23221.75
3703.1875,5414.1875,23221.1875
3703.0,5414.1875,23221.375
3702.8125,5414.1875,23221.5625
3702.4375,5414.1875,23221.9375
3702.625,5414.1875,23221.75
3703.0,5414.1875,23221.375
3702.0,5414.1875,23222.375
3701.9375,5414.1875,23222.4375
3719.5625,5414.1875,23204.75
3719.9375,5414.1875,23204.375
3719.375,5414.1875,23204.9375
3719.375,5414.1875,23204.9375
3719.0,5414.1875,23205.3125
3719.9375,5414.1875,23204.375
3719.5625,5414.1875,23204.75
3719.5625,5414.1875,23204.75
3719.5625,5414.1875,23204.75
3719.75,5414.1875,23204.5625
3719.75,5414.1875,23204.5625
3719.75,5414.1875,23204.5625
3719.9375,5414.1875,23204.375
3720.3125,5414.1875,23204.0
3719.9375,5414.1875,23204.375
3719.9375,5414.1875,23204.375
3719.9375,5414.1875,23204.375
3719.75,5414.1875,23204.5625
3719.9375,5414.1875,23204.375
3719.75,5414.1875,23204.5625
3719.75,5414.1875,23204.5625
3719.75,5414.1875,23204.5625
3719.75,5414.1875,23204.5625
3719.6875,5414.1875,23204.625
3719.6875,5414.1875,23204.625
3719.625,5414.1875,23204.6875
3719.625,5414.1875,23204.6875
3719.625,5414.1875,23204.6875
3720.0,5414.1875,23204.3125
3718.875,5414.1875,23205.25
3718.875,5414.1875,23205.25
3718.875,5414.1875,23205.25
3718.875,5414.1875,23205.25
3718.875,5414.1875,23205.25
3718.875,5414.125,23205.25
3718.875,5414.1875,23205.25
3718.875,5414.1875,23205.25
3718.875,5414.1875,23205.25
3718.875,5414.1875,23205.25
3718.875,5414.1875,23205.25
3718.875,5414.1875,23205.25
3718.875,5414.1875,23205.25
3718.875,5414.1875,23205.25
3719.5625,5414.1875,23204.5625
3720.5625,5414.1875,23203.5625
3721.0,5414.25,23203.125
3721.0,5414.25,23203.125
3721.0,5414.25,23203.125
3721.0,5414.25,23203.125
3721.0,5414.25,23203.125
3721.0,5414.25,23203.125
3721.0,5414.25,23203.125
3721.0,5414.25,23203.125
3721.0,5414.25,23203.125
3721.0,5414.25,23203.125
3721.0,5414.25,23203.125
3721.0,5414.25,23203.125
3721.0,5414.25,23203.125
3720.3125,5414.25,23203.8125
3721.6875,5414.3125,23202.375
3722.0,5414.3125,23202.0625
3722.0,5414.375,23202.0625
3722.0,5414.375,23202.0625
3722.0,5414.375,23201.9375
3722.0,5414.375,23201.9375
3722.0,5414.375,23201.9375
3722.0,5414.375,23201.9375
3722.0,5414.375,23201.9375
3722.0,5414.375,23201.9375
3722.0,5414.375,23201.9375
3722.0,5414.375,23201.9375
3722.0,5414.375,23201.9375
3722.0,5414.375,23201.9375
3721.5625,5414.375,23202.3125
3721.6875,5414.375,23202.125
3721.6875,5414.375,23202.125
3721.6875,5414.375,23202.125
3721.6875,5414.375,23202.125
3721.75,5414.375,23202.0625
3721.75,5414.375,23202.0625
3721.75,5414.375,23202.0625
3721.625,5414.375,23202.1875
3737.9375,5414.375,23185.875
3737.9375,5414.375,23185.875
3737.875,5414.375,23185.9375
3737.875,5414.375,23185.9375
3737.875,5414.375,23185.9375
3737.8125,5414.375,23186.0
3737.0625,5414.375,23186.75
3738.0625,5414.375,23185.6875
3738.0625,5414.375,23185.6875
3737.8125,5414.375,23185.9375
3737.8125,5414.375,23185.9375
3737.8125,5414.375,23185.9375
3737.8125,5414.375,23185.9375
3737.8125,5414.375,23185.9375
3737.8125,5414.375,23185.9375
3737.8125,5414.375,23185.9375
3737.8125,5414.375,23185.9375
3737.625,5414.375,23186.125
3737.625,5414.375,23186.125
3737.625,5414.375,23186.125
3737.625,5414.375,23186.125
3738.75,5414.375,23185.0
3743.25,5414.375,23180.5
3743.25,5414.375,23180.5
3743.25,5414.375,23180.5
3743.25,5414.375,23180.5
3743.25,5414.375,23180.5
3743.4375,5414.375,23180.3125
3743.4375,5414.375,23180.3125
3743.4375,5414.375,23180.3125
3743.4375,5414.375,23180.3125
3743.4375,5414.375,23180.3125
3743.4375,5414.375,23180.3125
3743.4375,5414.375,23180.3125
3743.4375,5414.375,23180.3125
3743.4375,5414.375,23180.3125
3743.375,5414.375,23180.3125
3743.4375,5414.375,23180.1875
3743.4375,5414.375,23180.1875
3743.4375,5414.375,23180.1875
3743.0625,5414.375,23180.5625
3743.0625,5414.375,23180.5625
3743.0625,5414.375,23180.5625
3742.875,5414.375,23180.75
3742.875,5414.375,23180.75
3742.875,5414.375,23180.75
3742.875,5414.375,23180.75
3742.875,5414.375,23180.75
3742.875,5414.375,23180.75
3742.875,5414.375,23180.75
3742.875,5414.375,23180.75
3743.4375,5414.4375,23180.1875
3743.375,5414.4375,23180.25
3743.375,5414.4375,23180.25
3743.375,5414.4375,23180.25
3743.9375,5414.4375,23179.6875
3743.9375,5414.4375,23179.6875
3743.9375,5414.4375,23179.6875
3744.0625,5414.5,23179.5
3744.0625,5414.5,23179.5
3744.0625,5414.5,23179.5
3744.0625,5414.5,23179.5
3744.0625,5414.4375,23179.5
3744.0,5414.5,23179.5625
3744.0,5414.5,23179.5625
3743.25,5414.5,23180.125
3742.1875,5414.5,23181.1875
3741.9375,5414.5,23181.4375
3742.125,5414.5,23181.25
3742.125,5414.4375,23181.25
3740.375,5414.5,23183.0
3740.9375,5414.5,23182.4375
3740.9375,5414.5,23182.4375
3740.75,5414.5,23182.625
3740.75,5414.5,23182.625
3740.75,5414.5,23182.625
3740.75,5414.5,23182.625
3740.75,5414.5,23182.625
3740.75,5414.5,23182.625
3740.75,5414.5,23182.625
3740.9375,5414.5,23182.4375
3741.5625,5414.5,23181.8125
3741.6875,5414.5,23181.625
3741.375,5414.5,23181.9375
3741.375,5414.5,23181.9375
3741.375,5414.5,23181.9375
3758.4375,5414.5,23164.875
3757.3125,5414.4375,23166.0
3757.3125,5414.5,23166.0
3757.25,5414.5,23166.0625
3757.25,5414.5,23166.0625
3757.25,5414.5,23166.0625
3757.25,5414.5,23166.0625
3757.25,5414.5,23166.0625
3757.25,5414.5,23166.0625
3757.25,5414.5,23166.0625
3757.0625,5414.5,23166.25
3756.8125,5414.5,23166.5
3756.8125,5414.5,23166.5
3756.8125,5414.5,23166.5
3756.25,5414.5,23167.0625
3756.25,5414.5,23167.0625
3756.25,5414.5,23167.0625
3756.25,5414.5,23167.0625
3756.25,5414.5,23167.0625
3756.25,5414.5,23167.0625
3756.25,5414.5,23167.0625
3756.25,5414.5,23167.0625
3756.25,5414.5,23167.0625
3756.25,5414.5,23167.0625
3756.25,5414.5,23167.0625
3756.0,5414.5,23167.3125
3755.5,5414.5,23167.625
3755.5,5414.5,23167.625
3755.5,5414.5,23167.625
3756.0625,5414.5,23167.0625
3756.25,5414.5,23166.875
3756.125,5414.5,23167.0
3756.125,5414.5,23167.0
3756.125,5414.5,23167.0
3756.125,5414.5,23167.0
3756.125,5414.5,23167.0
3756.125,5414.5,23167.0
3756.125,5414.5,23167.0
3756.125,5414.5,23167.0
3756.125,5414.5,23167.0
3756.3125,5414.5,23166.8125
3757.1875,5414.5,23165.9375
3757.1875,5414.5,23165.9375
3757.1875,5414.5,23165.9375
3757.1875,5414.5,23165.9375
3757.1875,5414.5,23165.9375
3757.0625,5414.5,23165.9375
3757.0625,5414.5,23165.9375
3756.8125,5414.5,23166.1875
3756.8125,5414.5,23166.1875
3755.875,5414.5,23167.125
3756.9375,5414.5,23166.0625
3756.9375,5414.5,23166.0625
3756.75,5414.5,23166.25
3756.75,5414.5,23166.25
3756.75,5414.5,23166.25
3759.375,5414.5,23163.625
3754.5625,5414.6875,23168.375
3754.5625,5414.6875,23168.375
3754.5625,5414.6875,23168.375
3754.25,5414.6875,23168.6875
3754.0625,5414.6875,23168.875
3754.0625,5414.6875,23168.875
3754.0625,5414.6875,23168.875
3754.0625,5414.6875,23168.875
3754.0625,5414.6875,23168.875
3754.0625,5414.6875,23168.875
3754.0625,5414.6875,23168.875
3754.0625,5414.6875,23168.875
3754.0625,5414.6875,23168.875
3754.375,5414.6875,23168.5
3756.0625,5414.6875,23166.8125
3765.25,5414.6875,23157.625
3764.9375,5414.6875,23157.9375
3759.0,5414.6875,23163.875
3759.375,5414.6875,23163.5
3759.3125,5414.6875,23163.5625
3759.125,5414.6875,23163.75
3759.125,5414.6875,23163.75
3759.125,5414.6875,23163.75
3759.125,5414.6875,23163.75
3759.125,5414.6875,23163.75
3759.125,5414.625,23163.75
3759.125,5414.6875,23163.75
3759.125,5414.6875,23163.75
3774.9375,5414.75,23147.75
3782.0625,5414.75,23140.625
3788.0625,5414.75,23134.625
3793.375,5414.75,23129.3125
3793.375,5414.75,23129.3125
3795.0625,5414.75,23127.625
3803.125,5414.75,23119.5625
3803.125,5414.75,23119.5625
3803.0625,5414.75,23119.625
3803.0625,5414.75,23119.625
3803.0625,5414.75,23119.625
3803.0625,5414.75,23119.625
3803.0625,5414.75,23119.625
3803.0625,5414.75,23119.625
3803.0625,5414.75,23119.625
3803.125,5414.75,23119.5625
3801.875,5414.75,23120.75
3801.875,5414.75,23120.75
3801.875,5414.75,23120.75
3801.875,5414.75,23120.75
3801.875,5414.75,23120.75
3801.875,5414.75,23120.75
3801.875,5414.75,23120.75
3801.875,5414.75,23120.75
3801.875,5414.75,23120.75
3801.875,5414.75,23120.75
3801.6875,5414.75,23120.9375
3801.6875,5414.75,23120.9375
3801.6875,5414.75,23120.9375
3801.6875,5414.75,23120.9375
3801.3125,5414.75,23121.25
3801.4375,5414.75,23121.125
3801.4375,5414.75,23121.125
3801.4375,5414.75,23121.125
3801.3125,5414.75,23121.25
3801.3125,5414.75,23121.25
3801.3125,5414.75,23121.25
3800.9375,5414.75,23121.625
3800.9375,5414.75,23121.625
3800.9375,5414.75,23121.625
3800.9375,5414.75,23121.625
3800.9375,5414.75,23121.625
3800.9375,5414.75,23121.625
3800.9375,5414.75,23121.625
3800.5625,5414.75,23122.0
3800.875,5414.75,23121.625
3801.5,5414.75,23121.0
3801.5,5414.75,23121.0
3801.5,5414.75,23121.0
3801.5,5414.75,23121.0
3801.5,5414.75,23121.0
3801.3125,5414.6875,23121.1875
3801.3125,5414.75,23121.1875
3801.3125,5414.75,23121.1875
3801.3125,5414.75,23121.1875
3801.3125,5414.75,23121.1875
3801.3125,5414.75,23121.1875
3801.3125,5414.75,23121.1875
3801.3125,5414.75,23121.1875
3801.3125,5414.75,23121.1875
3801.3125,5414.75,23121.1875
3801.5,5414.75,23121.0
3801.5,5414.75,23121.0
3801.1875,5414.75,23121.3125
3801.0625,5414.75,23121.4375
3801.5625,5414.75,23120.875
3801.4375,5414.75,23121.0
3801.4375,5414.75,23121.0
3801.4375,5414.75,23121.0
3801.4375,5414.75,23121.0
3801.4375,5414.75,23121.0
3801.4375,5414.75,23121.0
3801.4375,5414.75,23121.0
3801.4375,5414.75,23121.0
3801.4375,5414.75,23121.0
3801.3125,5414.75,23121.125
3801.9375,5414.75,23120.5
3801.9375,5414.75,23120.5
3801.9375,5414.75,23120.5
3801.9375,5414.75,23120.5
3801.9375,5414.6875,23120.5
3801.9375,5414.75,23120.5
3801.9375,5414.75,23120.5
3801.9375,5414.75,23120.5
3801.9375,5414.75,23120.5
3801.9375,5414.75,23120.5
3801.9375,5414.75,23120.5
3801.9375,5414.75,23120.5
3801.9375,5414.75,23120.5
3801.9375,5414.75,23120.5
3801.9375,5414.75,23120.5
3801.5625,5414.75,23120.875
3801.5625,5414.75,23120.875
3801.5625,5414.75,23120.875
3801.375,5414.75,23121.0625
3801.25,5414.6875,23121.1875
3801.4375,5414.75,23121.0
3801.4375,5414.75,23121.0
3801.4375,5414.75,23121.0
3801.4375,5414.75,23121.0
3801.4375,5414.75,23121.0
3801.4375,5414.75,23121.0
3801.4375,5414.75,23121.0
3801.4375,5414.75,23121.0
3801.4375,5414.75,23121.0
3801.375,5414.75,23121.0625
3802.0625,5414.75,23120.375
3802.0625,5414.75,23120.375
3802.0625,5414.75,23120.375
3802.0625,5414.75,23120.375
3801.875,5414.75,23120.5625
3801.875,5414.75,23120.5625
3801.75,5414.75,23120.6875
3801.75,5414.75,23120.6875
3801.75,5414.75,23120.6875
3801.625,5414.75,23120.6875
3801.625,5414.75,23120.6875
3801.625,5414.75,23120.6875
3801.625,5414.75,23120.6875
3801.625,5414.75,23120.6875
3801.75,5414.6875,23120.5625
3802.0,5414.75,23120.3125
3801.9375,5414.75,23120.375
3801.75,5414.75,23120.5625
3801.75,5414.75,23120.5625
3801.6875,5414.75,23120.625
3801.6875,5414.75,23120.625
3801.6875,5414.75,23120.625
3801.6875,5414.75,23120.625
3801.6875,5414.75,23120.625
3801.6875,5414.75,23120.625
3801.6875,5414.75,23120.625
3801.6875,5414.75,23120.625
3801.6875,5414.75,23120.625
3801.6875,5414.75,23120.625
3801.5625,5414.75,23120.75
3801.375,5414.75,23120.9375
3801.375,5414.75,23120.9375
3801.1875,5414.75,23121.125
3801.125,5414.75,23121.1875
3801.125,5414.6875,23121.1875
3801.0625,5414.75,23121.25
3801.0625,5414.75,23121.25
3801.0625,5414.75,23121.25
3801.0625,5414.75,23121.25
3801.0625,5414.75,23121.25
3801.0625,5414.75,23121.25
3801.0625,5414.75,23121.25
3801.0625,5414.75,23121.25
3801.0625,5414.75,23121.25
3802.1875,5414.6875,23120.125
3807.3125,5414.75,23115.0
3807.3125,5414.75,23115.0
3834.5,5414.75,23087.8125
3841.1875,5414.75,23081.125
3841.5625,5414.75,23080.75
3846.5,5414.75,23075.6875
3856.25,5414.75,23065.9375
3856.4375,5414.75,23065.75
3856.4375,5414.75,23065.75
3856.375,5414.75,23065.8125
3856.5625,5414.75,23065.625
3857.125,5414.75,23065.0625
3856.9375,5414.75,23065.25
3856.9375,5414.75,23065.25
3856.5625,5414.75,23065.625
3856.9375,5414.75,23065.25
3856.6875,5414.75,23065.5
3856.6875,5414.75,23065.5
3856.875,5414.75,23065.3125
3856.875,5414.75,23065.3125
3856.875,5414.75,23065.3125
3856.875,5414.75,23065.3125
3856.875,5414.75,23065.3125
3856.875,5414.75,23065.3125
3856.875,5414.75,23065.3125
3856.875,5414.75,23065.3125
3856.875,5414.75,23065.3125
3856.875,5414.75,23065.3125
3857.0625,5414.75,23065.125
3856.8125,5414.75,23065.375
3856.625,5414.75,23065.5625
3857.1875,5414.75,23065.0
3857.0,5414.75,23065.1875
3857.375,5414.75,23064.8125
3856.8125,5414.75,23065.375
3856.8125,5414.6875,23065.375
3856.4375,5414.6875,23065.75
3856.625,5414.6875,23065.5625
3856.625,5414.6875,23065.5625
3856.8125,5414.6875,23065.375
3856.8125,5414.6875,23065.375
3857.0,5414.625,23065.1875
3857.0,5414.6875,23065.1875
3857.0,5414.6875,23065.1875
3856.125,5414.6875,23066.0625
3856.625,5414.6875,23065.5625
3856.625,5414.6875,23065.5625
3856.8125,5414.6875,23065.375
3856.625,5414.6875,23065.5625
3857.0,5414.6875,23065.1875
3857.0,5414.6875,23065.1875
3857.0,5414.6875,23065.1875
3856.8125,5414.6875,23065.375
3856.875,5414.6875,23065.375
3853.125,5414.625,23069.125
3854.4375,5414.75,23067.8125
3854.0625,5414.75,23068.1875
3854.625,5414.75,23067.625
3854.625,5414.75,23067.625
3853.8125,5414.75,23068.0
3853.625,5414.75,23068.1875
3855.0625,5414.75,23066.75
3855.0625,5414.75,23066.75
3855.0625,5414.75,23066.75
3854.6875,5414.75,23067.125
3855.4375,5414.75,23066.375
3855.4375,5414.75,23066.375
3854.125,5414.75,23067.6875
3853.9375,5414.75,23067.875
3854.125,5414.75,23067.6875
3854.125,5414.75,23067.6875
3853.9375,5414.75,23067.875
3853.9375,5414.75,23067.875
3854.125,5414.75,23067.6875
3853.75,5414.75,23068.0625
3853.25,5414.75,23068.5625
3853.25,5414.75,23068.5625
3853.1875,5414.75,23068.625
3853.1875,5414.75,23068.625
3853.75,5414.75,23068.0625
3853.75,5414.75,23068.0625
3853.9375,5414.75,23067.875
3853.9375,5414.75,23067.875
3853.9375,5414.75,23067.875
3853.75,5414.75,23068.0625
3853.75,5414.75,23068.0625
3853.75,5414.75,23068.0625
3853.75,5414.75,23068.0625
3853.75,5414.75,23068.0625
3853.5,5414.75,23068.3125
3853.3125,5414.75,23068.5
3853.3125,5414.75,23068.5
3853.3125,5414.75,23068.5
3853.3125,5414.75,23068.5
3853.3125,5414.75,23068.5
3853.3125,5414.75,23068.5
3853.3125,5414.75,23068.5
3853.3125,5414.75,23068.5
3853.3125,5414.75,23068.5
3853.3125,5414.75,23068.5
3853.3125,5414.75,23068.5
3853.3125,5414.75,23068.5
3853.3125,5414.75,23068.5
3853.3125,5414.75,23068.5
3853.125,5414.75,23068.4375
3853.125,5414.75,23068.4375
3853.3125,5414.75,23068.25
3853.125,5414.75,23068.4375
3853.125,5414.75,23068.4375
3853.125,5414.75,23068.4375
3853.125,5414.75,23068.4375
3853.125,5414.75,23068.4375
3853.125,5414.75,23068.4375
3853.125,5414.75,23068.4375
3854.0625,5414.75,23067.5
3854.0625,5414.75,23067.5
3854.0625,5414.75,23067.5
3854.0625,5414.75,23067.5
3854.0625,5414.75,23067.5
3853.3125,5414.75,23068.25
3853.25,5414.75,23068.3125
3853.0625,5414.75,23068.5
3853.0625,5414.75,23068.5
3853.0625,5414.75,23068.5
3853.0625,5414.75,23068.5
3853.0625,5414.75,23068.5
3853.0625,5414.75,23068.5
3853.0625,5414.75,23068.5
3853.0625,5414.75,23068.5
3853.0625,5414.75,23068.5
3853.0625,5414.75,23068.5
3853.0625,5414.75,23068.5
3853.0625,5414.75,23068.5
3853.0625,5414.75,23068.5
3854.1875,5414.75,23067.375
3854.1875,5414.75,23067.375
3854.0,5414.75,23067.5625
3860.6875,5414.75,23060.875
3859.75,5414.75,23061.8125
3854.125,5414.75,23067.4375
3854.125,5414.75,23067.4375
3853.6875,5414.75,23067.875
3853.6875,5414.75,23067.875
3853.5,5414.75,23068.0625
3853.5,5414.75,23068.0625
3853.5,5414.75,23068.0625
3853.125,5414.75,23068.4375
3853.125,5414.75,23068.4375
3853.125,5414.75,23068.4375
3853.5,5414.75,23068.0625
3853.5,5414.75,23068.0625
3853.5,5414.75,23068.0625
3853.5,5414.75,23068.0625
3853.3125,5414.75,23068.25
3853.3125,5414.75,23068.25
3853.3125,5414.75,23068.25
3853.125,5414.75,23068.4375
3853.125,5414.75,23068.4375
3852.9375,5414.75,23068.625
3852.9375,5414.75,23068.625
3852.875,5414.75,23068.6875
3852.875,5414.75,23068.6875
3852.875,5414.75,23068.6875
3852.875,5414.75,23068.6875
3852.875,5414.8125,23068.4375
3852.875,5414.8125,23068.4375
3852.875,5414.8125,23068.4375
3852.875,5414.8125,23068.4375
3853.25,5414.8125,23068.0625
3853.25,5414.8125,23068.0625
3853.25,5414.8125,23068.0625
3853.25,5414.8125,23068.0625
3853.125,5414.8125,23068.1875
3853.125,5414.8125,23068.1875
3853.125,5414.8125,23068.1875
3853.125,5414.8125,23068.1875
3853.125,5414.8125,23068.1875
3853.125,5414.8125,23068.1875
3853.125,5414.875,23068.1875
3853.1875,5414.875,23068.125
3853.1875,5414.875,23068.125
3853.0,5414.875,23068.3125
3853.0,5414.875,23068.3125
3853.375,5414.875,23067.9375
3853.375,5414.875,23067.9375
3853.375,5414.875,23067.9375
3853.375,5414.875,23067.9375
3853.375,5414.875,23067.9375
3853.375,5414.875,23067.9375
3853.375,5414.875,23067.9375
3853.375,5414.875,23067.9375
3853.375,5414.875,23067.9375
3853.375,5414.875,23067.9375
3853.75,5414.875,23067.5625
3854.8125,5414.875,23066.375
3854.8125,5414.875,23066.375
3854.8125,5414.875,23066.375
3854.8125,5414.875,23066.375
3854.4375,5414.875,23066.75
3854.4375,5414.875,23066.75
3854.4375,5414.875,23066.75
3854.4375,5414.875,23066.75
3854.0625,5414.875,23067.125
3854.0625,5414.875,23067.125
3854.0625,5414.875,23067.125
3854.0625,5414.875,23067.125
3854.0625,5414.875,23067.125
3853.875,5414.875,23067.3125
3853.625,5414.875,23067.5625
3897.1875,5415.0,23024.0
3897.75,5415.0,23023.4375
3897.75,5415.0,23023.4375
3899.8125,5415.0,23021.375
3904.5,5415.0,23016.6875
3904.5,5415.0,23016.6875
3904.375,5415.0,23016.8125
3904.375,5415.0,23016.8125
3904.375,5415.0,23016.8125
3904.375,5415.0,23016.8125
3904.375,5415.0,23016.8125
3904.375,5415.0,23016.8125
3904.375,5415.0,23016.8125
3904.375,5415.0,23016.8125
3904.375,5415.0,23016.8125
3903.5625,5415.0,23017.625
3903.5625,5415.0,23017.625
3903.375,5415.0,23017.8125
3903.375,5415.0,23017.8125
3903.375,5415.0,23017.8125
3903.375,5415.0,23017.8125
3903.1875,5415.0,23018.0
3903.1875,5415.0,23018.0
3903.1875,5415.0,23018.0
3903.1875,5415.0,23018.0
3903.1875,5415.0,23018.0
3903.0625,5415.0,23018.125
3903.0625,5415.0,23018.125
3903.0625,5415.0,23018.125
3903.0625,5415.0,23018.125
3903.5,5415.0,23017.625
3903.3125,5415.0,23017.8125
3903.1875,5415.0,23017.9375
3903.1875,5415.0,23017.9375
3903.0,5415.0,23018.125
3902.9375,5415.0,23018.1875
3902.9375,5415.0,23018.1875
3902.9375,5415.0,23018.1875
3902.9375,5415.0,23018.1875
3902.9375,5415.0,23018.1875
3902.9375,5415.0,23018.1875
3902.9375,5415.0,23018.1875
3902.9375,5415.0,23018.1875
3902.9375,5415.0,23018.1875
3903.3125,5415.0,23017.8125
3902.75,5415.0,23018.3125
3902.75,5415.0,23018.3125
3902.5625,5415.0,23018.5
3902.5625,5415.0,23018.5
3903.3125,5415.0,23017.75
3903.3125,5415.0,23017.75
3903.3125,5415.0625,23017.75
3903.3125,5415.0625,23017.75
3903.3125,5415.0625,23017.75
3903.3125,5415.0625,23017.75
3903.3125,5415.0625,23017.75
3903.3125,5415.0625,23017.75
3903.3125,5415.0625,23017.75
3903.3125,5415.0625,23017.75
3903.5,5415.0625,23017.5625
3903.1875,5415.0625,23017.875
3903.1875,5415.0625,23017.875
3903.0,5415.0625,23018.0625
3903.0,5415.0625,23018.0625
3903.375,5415.0625,23017.6875
3903.375,5415.0625,23017.6875
3903.375,5415.0625,23017.6875
3903.375,5415.0625,23017.6875
3903.375,5415.0625,23017.6875
3903.375,5415.0625,23017.6875
3903.375,5415.0625,23017.6875
3903.25,5415.0625,23017.8125
3903.25,5415.0625,23017.8125
3903.25,5415.0625,23017.8125
3902.8125,5415.0625,23018.25
3903.25,5415.0625,23017.8125
3903.25,5415.0625,23017.8125
3903.25,5415.0625,23017.8125
3903.25,5415.0625,23017.8125
3903.25,5415.0625,23017.8125
3903.25,5415.0625,23017.8125
3903.25,5415.0625,23017.8125
3903.25,5415.0625,23017.8125
3903.0625,5415.0625,23018.0
3903.0625,5415.0625,23018.0
3903.0625,5415.0625,23018.0
3903.0625,5415.0625,23018.0
3903.0625,5415.0625,23018.0
3903.0625,5415.0625,23018.0
3902.875,5415.0625,23018.1875
3914.4375,5415.0625,23006.6875
3907.125,5415.0625,23014.0
3907.125,5415.0625,23014.0
3907.125,5415.0625,23014.0
3907.125,5415.0625,23014.0
3907.125,5415.0625,23014.0
3907.125,5415.0625,23014.0
3907.125,5415.0625,23014.0
3907.125,5415.0625,23014.0
3907.125,5415.0625,23014.0
3907.125,5415.0625,23014.0
3907.0,5415.0625,23014.125
3907.0,5415.0625,23014.125
3907.0,5415.0625,23014.125
3906.75,5415.0625,23014.3125
3907.6875,5415.0625,23013.375
3904.0,5415.125,23016.9375
3904.0,5415.125,23016.9375
3903.75,5415.125,23017.1875
3903.75,5415.125,23017.1875
3903.75,5415.125,23017.1875
3903.75,5415.125,23017.1875
3903.75,5415.125,23017.1875
3903.75,5415.125,23017.1875
3903.5625,5415.125,23017.375
3903.5625,5415.125,23017.375
3903.5625,5415.125,23017.375
3903.5625,5415.125,23017.375
3903.5625,5415.125,23017.375
3903.5,5415.125,23017.4375
3903.5625,5415.125,23017.375
3903.5625,5415.125,23017.375
3903.375,5415.125,23017.5625
3903.375,5415.125,23017.5625
3903.5625,5415.1875,23017.375
3903.5625,5415.1875,23017.375
3903.375,5415.1875,23017.5625
3903.375,5415.1875,23017.5625
3903.375,5415.1875,23017.5625
3903.375,5415.1875,23017.5625
3903.375,5415.1875,23017.5625
3903.375,5415.125,23017.5625
3903.3125,5415.1875,23017.625
3903.125,5415.1875,23017.8125
3903.0625,5415.1875,23017.875
3903.4375,5415.1875,23017.5
3903.4375,5415.1875,23017.5
3903.625,5415.1875,23017.3125
3903.625,5415.1875,23017.3125
3903.625,5415.1875,23017.3125
3903.625,5415.1875,23017.3125
3903.625,5415.1875,23017.3125
3903.625,5415.1875,23017.3125
3903.625,5415.1875,23017.3125
3903.625,5415.1875,23017.3125
3903.625,5415.1875,23017.3125
3903.625,5415.1875,23017.3125
3903.625,5415.1875,23017.3125
3903.625,5415.1875,23017.3125
3903.75,5415.1875,23017.1875
3904.0625,5415.1875,23016.875
3904.0625,5415.1875,23016.875
3904.0625,5415.1875,23016.875
3904.0625,5415.1875,23016.875
3904.0625,5415.1875,23016.875
3904.8125,5415.1875,23016.125
3904.8125,5415.1875,23016.125
3904.8125,5415.1875,23016.125
3904.8125,5415.1875,23016.125
3904.8125,5415.1875,23016.125
3904.8125,5415.1875,23016.125
3903.5,5415.1875,23017.4375
3903.5,5415.1875,23017.4375
3903.5,5415.1875,23017.4375
3903.125,5415.1875,23017.8125
3903.6875,5415.1875,23017.25
3903.4375,5415.1875,23017.5
3903.25,5415.1875,23017.6875
3903.25,5415.1875,23017.6875
3903.25,5415.1875,23017.6875
3903.25,5415.1875,23017.6875
3903.25,5415.1875,23017.6875
3903.4375,5415.1875,23017.5
3903.4375,5415.1875,23017.5
3903.4375,5415.1875,23017.5
3903.4375,5415.1875,23017.5
3903.4375,5415.1875,23017.5
3903.4375,5415.1875,23017.5
3903.4375,5415.1875,23017.5
3903.5625,5415.1875,23017.375
3903.875,5415.3125,23016.125
3903.875,5415.3125,23016.125
3903.875,5415.3125,23016.125
3903.875,5415.3125,23016.125
3904.25,5415.3125,23015.75
3904.25,5415.3125,23015.75
3904.25,5415.3125,23015.75
3904.25,5415.3125,23015.75
3904.25,5415.3125,23015.75
3904.25,5415.3125,23015.75
3904.25,5415.3125,23015.75
3904.25,5415.3125,23015.75
3904.25,5415.3125,23015.75
3904.25,5415.3125,23015.75
3904.3125,5415.3125,23015.6875
3903.375,5415.3125,23016.625
3903.375,5415.3125,23016.625
3903.375,5415.3125,23016.625
3903.375,5415.3125,23016.625
3903.375,5415.3125,23016.625
3903.3125,5415.3125,23016.6875
3903.3125,5415.3125,23016.6875
3903.3125,5415.3125,23016.6875
3903.5625,5415.375,23016.375
3903.5625,5415.375,23016.375
3903.5625,5415.375,23016.375
3903.5625,5415.375,23016.375
3903.5625,5415.375,23016.375
3903.5625,5415.375,23016.375
3903.5,5415.375,23016.4375
3904.0625,5415.375,23015.875
3904.0625,5415.375,23015.875
3904.0625,5415.375,23015.875
3904.0,5415.5,23015.875
3904.1875,5415.5,23015.6875
3904.1875,5415.5,23015.6875
3904.1875,5415.5,23015.6875
3904.1875,5415.5,23015.6875
3904.1875,5415.5,23015.6875
3904.1875,5415.5,23015.6875
3904.1875,5415.5,23015.6875
3904.1875,5415.5,23015.6875
3904.1875,5415.5,23015.6875
3904.1875,5415.5,23015.6875
3904.125,5415.5,23015.75
3903.875,5415.5,23015.8125
3903.875,5415.5,23015.8125
3905.5,5415.5,23014.1875
3912.0625,5415.5,23007.625
3912.9375,5415.5625,23006.75
3910.125,5415.5625,23009.5625
3910.125,5415.5625,23009.5625
3910.125,5415.5625,23009.5625
3909.9375,5415.5625,23009.75
3909.75,5415.5625,23009.9375
3953.25,5415.5625,22966.4375
3956.0625,5415.5625,22963.625
3957.0,5415.5625,22962.6875
3957.0,5415.5625,22962.6875
3959.8125,5415.5625,22959.875
3959.9375,5415.5625,22959.75
3966.5,5415.5625,22953.1875
3966.5,5415.5625,22953.1875
3966.5,5415.5625,22953.1875
3966.6875,5415.5625,22953.0
3966.5,5415.5625,22953.1875
3966.5,5415.5625,22953.1875
3966.5,5415.5625,22953.1875
3966.5,5415.5625,22953.1875
3966.5,5415.5625,22953.1875
3966.5,5415.5625,22953.1875
3966.5,5415.5625,22953.1875
3966.5,5415.5625,22953.1875
3966.5,5415.5625,22953.1875
3965.8125,5415.5625,22953.875
3966.0625,5415.5625,22953.5625
3966.0625,5415.5625,22953.5625
3965.8125,5415.5625,22953.8125
3965.8125,5415.5625,22953.8125
3965.625,5415.5625,22954.0
3965.625,5415.5625,22954.0
3965.5625,5415.5625,22954.0625
3965.5625,5415.5625,22954.0625
3965.5,5415.5625,22954.125
3965.5,5415.5625,22954.125
3965.5,5415.5625,22954.125
3965.5,5415.5625,22954.125
3965.5,5415.5625,22954.125
3965.5,5415.5625,22954.125
3965.0625,5415.5625,22954.5625
3965.0,5415.5625,22954.625
3965.0,5415.5625,22954.625
3965.0,5415.5625,22954.625
3965.0,5415.5625,22954.625
3965.0,5415.5625,22954.625
3965.0,5415.5,22954.625
3965.0,5415.5625,22954.625
3965.0,5415.5625,22954.625
3965.0,5415.5625,22954.625
3965.0,5415.5625,22954.625
3965.0,5415.5625,22954.625
3965.0,5415.5625,22954.625
3965.0,5415.5625,22954.625
3965.0,5415.5625,22954.625
3964.8125,5415.5625,22954.8125
3965.625,5415.5625,22953.875
3965.625,5415.5625,22953.875
3965.25,5415.5625,22954.25
3964.875,5415.5625,22954.625
3964.6875,5415.5625,22954.8125
3964.6875,5415.5625,22954.8125
3964.6875,5415.5625,22954.8125
3964.6875,5415.5625,22954.8125
3964.6875,5415.5625,22954.8125
3964.6875,5415.5625,22954.8125
3964.8125,5415.5625,22954.6875
3964.8125,5415.5625,22954.6875
3964.8125,5415.5625,22954.6875
3964.8125,5415.5625,22954.6875
3964.5,5415.5625,22955.0
3964.6875,5415.5625,22954.8125
3964.875,5415.5625,22954.625
3964.875,5415.5625,22954.625
3964.875,5415.5625,22954.625
3964.875,5415.5625,22954.625
3964.875,5415.5625,22954.625
3964.875,5415.5625,22954.625
3964.875,5415.5625,22954.625
3964.875,5415.5625,22954.625
3964.875,5415.5625,22954.625
3964.75,5415.5625,22954.75
3964.75,5415.5625,22954.75
3964.75,5415.5625,22954.75
3964.9375,5415.5625,22954.5625
3964.1875,5415.5625,22955.3125
3965.0625,5415.5625,22954.4375
3965.0625,5415.5625,22954.4375
3965.0625,5415.5625,22954.4375
3965.25,5415.5625,22954.25
3965.25,5415.5625,22954.25
3965.25,5415.5625,22954.25
3965.25,5415.5625,22954.25
3965.25,5415.5625,22954.25
3965.25,5415.5625,22954.25
3965.4375,5415.5625,22954.0625
3965.25,5415.5625,22954.25
3965.25,5415.5625,22954.25
3965.25,5415.5625,22954.25
3965.4375,5415.5625,22954.0625
3965.0625,5415.5625,22954.4375
3965.0,5415.5625,22954.375
3965.0,5415.5625,22954.375
3964.8125,5415.5625,22954.5625
3964.625,5415.5625,22954.75
3964.625,5415.5625,22954.75
3964.25,5415.5625,22955.125
3964.25,5415.5625,22955.125
3964.25,5415.5625,22955.125
3964.4375,5415.5625,22954.9375
3964.25,5415.5625,22955.125
3964.4375,5415.5625,22954.9375
3964.4375,5415.5625,22954.9375
3964.25,5415.5625,22955.125
3964.25,5415.5625,22955.125
3963.9375,5415.5625,22955.4375
3964.0625,5415.5625,22955.3125
3964.0625,5415.5625,22955.3125
3963.75,5415.5625,22955.625
3963.75,5415.5625,22955.625
3963.75,5415.5625,22955.625
3964.125,5415.5625,22955.25
3963.9375,5415.5625,22955.4375
3963.9375,5415.5625,22955.4375
3963.9375,5415.5625,22955.4375
3963.875,5415.5625,22955.5
3963.875,5415.5625,22955.5
3963.3125,5415.5625,22956.0625
3963.5,5415.5625,22955.875
3963.5,5415.5625,22955.875
3963.0625,5415.5625,22956.3125
3963.8125,5415.5625,22955.5625
3964.1875,5415.5625,22955.1875
3963.6875,5415.5625,22955.6875
3964.0625,5415.5625,22955.3125
3963.6875,5415.5625,22955.6875
3964.0625,5415.5625,22955.3125
3963.6875,5415.5625,22955.6875
3963.6875,5415.5625,22955.6875
3963.6875,5415.5625,22955.6875
3964.0625,5415.5625,22955.3125
3963.6875,5415.5625,22955.6875
3963.6875,5415.5625,22955.6875
3963.875,5415.5625,22955.5
3963.875,5415.5625,22955.5
3963.75,5415.5625,22955.625
3963.125,5415.5625,22956.25
3963.125,5415.5625,22956.25
3963.125,5415.5625,22956.25
3963.125,5415.5625,22956.25
3963.125,5415.5625,22956.25
3963.125,5415.5625,22956.25
3963.125,5415.5625,22956.25
3963.125,5415.5625,22956.25
3963.125,5415.5625,22956.25
3962.9375,5415.5625,22956.4375
3963.125,5415.5625,22956.25
3962.9375,5415.5625,22956.4375
3963.125,5415.5625,22956.25
3963.125,5415.5625,22956.25
3962.625,5415.5,22956.75
3968.25,5415.5625,22951.1875
3968.1875,5415.5625,22951.25
3968.3125,5415.5625,22951.125
3968.3125,5415.5625,22951.125
3968.0625,5415.5625,22951.375
3968.0625,5415.5625,22951.375
3968.25,5415.5625,22951.1875
3968.0625,5415.5625,22951.375
3968.0625,5415.5625,22951.375
3968.0625,5415.5625,22951.375
3968.0625,5415.5625,22951.375
3968.25,5415.5625,22951.1875
3966.5,5415.5625,22952.9375
3968.0,5415.5625,22951.4375
3968.125,5415.5625,22951.3125
3966.625,5415.5,22952.5625
3966.625,5415.5625,22952.5625
3966.625,5415.5625,22952.5625
3966.1875,5415.5625,22953.0
3966.1875,5415.5625,22953.0
3966.375,5415.5625,22952.8125
3966.125,5415.5625,22953.0625
3966.125,5415.5625,22953.0625
3966.125,5415.5625,22953.0625
3966.125,5415.5625,22953.0625
3966.125,5415.5625,22953.0625
3966.0625,5415.5625,22953.125
3966.0625,5415.5625,22953.125
3966.0625,5415.5625,22953.125
3966.1875,5415.5625,22953.0
3965.5625,5415.5625,22953.625
3965.5,5415.5625,22953.6875
3965.5,5415.5625,22953.6875
3965.6875,5415.5625,22953.5
3965.5625,5415.75,22953.1875
3965.5625,5415.75,22953.1875
3965.5625,5415.75,22953.1875
3965.5625,5415.75,22953.1875
3965.5625,5415.75,22953.1875
3965.5625,5415.75,22953.1875
3965.75,5415.75,22953.0
3965.75,5415.6875,22953.0
3965.9375,5416.0,22952.6875
3965.75,5416.0,22952.875
3965.4375,5416.0,22953.0625
3965.75,5416.0,22952.75
3965.75,5416.0,22952.75
3965.875,5416.0,22952.625
3965.75,5416.0,22952.75
3965.75,5416.0,22952.75
3965.75,5416.0,22952.75
3965.75,5416.0,22952.75
3965.75,5416.0,22952.75
3965.75,5416.0,22952.75
3965.75,5416.0,22952.75
3965.5625,5416.0,22952.9375
3965.5625,5416.0,22952.9375
3965.5625,5416.0,22952.9375
3965.5625,5416.0,22952.9375
3965.375,5416.0,22953.125
3966.625,5416.0625,22951.875
3966.625,5416.0625,22951.875
3966.625,5416.0625,22951.875
3966.5625,5416.0625,22951.9375
3966.5625,5416.0625,22951.9375
3966.5625,5416.0625,22951.9375
3966.5625,5416.0625,22951.9375
3966.5625,5416.0625,22951.9375
3967.6875,5416.0625,22950.8125
3967.5,5416.0625,22951.0
3967.4375,5416.0625,22951.0
3967.4375,5416.0625,22951.0
3967.4375,5416.0625,22951.0
3967.4375,5416.0625,22951.0
3965.6875,5416.0625,22952.75
3965.8125,5416.0625,22952.625
3965.8125,5416.0625,22952.625
3965.8125,5416.0625,22952.625
3965.8125,5416.0625,22952.625
3965.8125,5416.0625,22952.625
3965.8125,5416.0625,22952.625
3965.8125,5416.0625,22952.625
3965.8125,5416.0625,22952.625
3965.8125,5416.0625,22952.625
3965.8125,5416.0625,22952.625
3965.8125,5416.0625,22952.625
3965.8125,5416.0625,22952.625
3965.8125,5416.0625,22952.625
3965.8125,5416.0625,22952.625
3965.25,5416.0625,22953.1875
3966.25,5416.0,22952.1875
3966.25,5416.0625,22952.1875
3966.25,5416.0625,22952.1875
3966.25,5416.0625,22952.1875
3966.25,5416.0625,22952.1875
3966.25,5416.0625,22952.1875
3966.25,5416.0625,22952.1875
3966.25,5416.0625,22952.1875
3966.25,5416.0625,22952.1875
3966.25,5416.0625,22952.1875
3966.25,5416.0625,22952.1875
3966.25,5416.0625,22952.1875
3966.25,5416.0625,22952.1875
3966.25,5416.0625,22952.1875
3966.25,5416.0625,22952.1875
3966.625,5416.0625,22951.6875
3966.625,5416.0625,22951.6875
3966.625,5416.0625,22951.6875
3967.0,5416.0625,22951.3125
3967.0,5416.0625,22951.3125
3967.0,5416.0625,22951.3125
3967.0,5416.0625,22951.3125
3966.75,5416.0625,22951.5625
3966.75,5416.0625,22951.5625
3966.75,5416.0625,22951.5625
3966.1875,5416.0625,22952.125
3966.125,5416.0625,22952.1875
3966.125,5416.0625,22952.1875
3966.125,5416.0625,22952.1875
3966.0625,5416.0625,22952.25
3965.625,5416.0625,22952.6875
3965.5,5416.0625,22952.8125
3965.5,5416.0625,22952.8125
4014.6875,5416.0625,22903.625
4019.0,5416.0625,22899.3125
4019.0,5416.0625,22899.3125
4018.8125,5416.0625,22899.5
4018.8125,5416.0625,22899.5
4018.4375,5416.0625,22899.875
4018.4375,5416.0625,22899.875
4018.4375,5416.0625,22899.875
4018.4375,5416.0625,22899.875
4018.4375,5416.0625,22899.875
4018.4375,5416.0625,22899.875
4018.625,5416.0625,22899.6875
4019.3125,5416.0625,22899.0
4015.875,5416.0625,22902.4375
4019.6875,5416.0625,22898.625
4022.0,5416.0625,22896.3125
4014.6875,5416.0,22903.625
4015.375,5416.0625,22902.9375
4015.375,5416.0625,22902.9375
4015.375,5416.0625,22902.9375
4015.375,5416.0625,22902.9375
4015.375,5416.0625,22902.9375
4015.375,5416.0625,22902.9375
4015.375,5416.0625,22902.9375
4015.375,5416.0625,22902.9375
4015.375,5416.0625,22902.9375
4015.5,5416.0625,22902.8125
4015.8125,5416.0625,22902.5
4015.4375,5416.0625,22902.875
4014.875,5416.0625,22903.4375
4014.3125,5416.0625,22904.0
4014.3125,5416.0625,22904.0
4014.3125,5416.0625,22904.0
4014.3125,5416.0625,22904.0
4014.3125,5416.0625,22904.0
4014.3125,5416.0625,22904.0
4014.3125,5416.0625,22904.0
4014.3125,5416.0625,22904.0
4014.3125,5416.0625,22904.0
4014.3125,5416.0625,22904.0
4014.25,5416.0625,22904.0625
4014.0625,5416.0625,22904.25
4014.5,5416.0625,22903.8125
4014.5,5416.0625,22903.8125
4014.25,5416.0625,22904.0625
4014.8125,5416.0625,22903.5
4014.8125,5416.0625,22903.5
4014.8125,5416.0625,22903.5
4014.8125,5416.0625,22903.5
4014.8125,5416.0625,22903.5
4014.8125,5416.0625,22903.5
4014.8125,5416.0625,22903.5
4014.8125,5416.0625,22903.5
4014.8125,5416.0625,22903.5
4014.8125,5416.0625,22903.5
4014.8125,5416.0625,22903.5
4014.4375,5416.0625,22903.875
4013.5,5416.0625,22904.5
4013.375,5416.0625,22904.625
4013.375,5416.0625,22904.625
4013.3125,5416.0625,22904.6875
4013.3125,5416.0625,22904.6875
4013.3125,5416.0625,22904.6875
4013.3125,5416.0625,22904.6875
4013.3125,5416.0625,22904.6875
4013.3125,5416.0625,22904.6875
4013.3125,5416.0625,22904.6875
4013.3125,5416.0625,22904.6875
4013.3125,5416.0625,22904.6875
4013.3125,5416.0625,22904.6875
4013.3125,5416.0625,22904.6875
4013.3125,5416.0625,22904.6875
4013.3125,5416.0625,22904.6875
4013.5,5416.0625,22904.5
4013.5,5416.0625,22904.5
4013.5,5416.0625,22904.5
4013.5,5416.0625,22904.5
4013.5,5416.0625,22904.5
4013.5,5416.0625,22904.5
4013.5,5416.0625,22904.5
4013.6875,5416.0625,22904.3125
4013.75,5416.0625,22904.25
4013.75,5416.0625,22904.25
4013.75,5416.0625,22904.25
4013.75,5416.0625,22904.25
4013.75,5416.0625,22904.25
4013.75,5416.0625,22904.25
4013.75,5416.0625,22904.25
4013.75,5416.0625,22904.25
4013.75,5416.0625,22904.25
4013.75,5416.0625,22904.25
4013.75,5416.0625,22904.25
4013.75,5416.0625,22904.25
4013.75,5416.0625,22904.25
4013.75,5416.0625,22904.25
4013.9375,5416.0625,22904.0625
4014.25,5416.0625,22903.75
4014.25,5416.0625,22903.75
4014.25,5416.0625,22903.75
4014.25,5416.0625,22903.75
4014.25,5416.0625,22903.75
4014.25,5416.0625,22903.75
4014.5625,5416.0625,22903.4375
4014.375,5416.0625,22903.625
4014.375,5416.0625,22903.625
4014.9375,5416.0625,22903.0625
4014.9375,5416.0625,22903.0625
4014.9375,5416.0,22903.0625
4014.9375,5416.0625,22903.0625
4014.9375,5416.0625,22903.0625
4014.9375,5416.0625,22903.0625
4014.9375,5416.0625,22903.0625
4014.9375,5416.0625,22903.0625
4014.9375,5416.0625,22903.0625
4014.9375,5416.0625,22903.0625
4014.9375,5416.0625,22903.0625
4014.9375,5416.0625,22903.0625
4014.375,5416.0625,22903.4375
4014.375,5416.0625,22903.4375
4014.375,5416.0625,22903.4375
4014.3125,5416.0625,22903.5
4014.125,5416.0625,22903.6875
4014.125,5416.0625,22903.6875
4013.625,5416.0625,22904.1875
4013.625,5416.0625,22904.1875
4013.625,5416.0625,22904.1875
4013.625,5416.0625,22904.1875
4013.625,5416.0625,22904.1875
4013.625,5416.0625,22904.1875
4013.625,5416.0625,22904.1875
4013.625,5416.0625,22904.1875
4013.4375,5416.0625,22904.375
4013.5,5416.0625,22904.3125
4013.25,5416.0625,22904.5625
4013.25,5416.0625,22904.5625
4013.25,5416.0625,22904.5625
4013.0625,5416.0,22904.75
4013.0625,5416.0625,22904.75
4013.0625,5416.0625,22904.75
4013.0625,5416.0625,22904.75
4013.0625,5416.0625,22904.75
4013.0625,5416.0625,22904.75
4013.0625,5416.0625,22904.75
4013.0625,5416.0625,22904.75
4013.0625,5416.0625,22904.75
4012.6875,5416.0625,22905.125
4013.0,5416.0625,22904.8125
4013.0625,5416.0625,22904.6875
4013.0625,5416.0,22904.6875
4013.0625,5416.0625,22904.6875
4013.0625,5416.0625,22904.6875
4013.0625,5416.0625,22904.6875
4013.0625,5416.0625,22904.6875
4013.0,5416.0625,22904.6875
4013.0,5416.0625,22904.6875
4013.0,5416.0625,22904.6875
4013.0,5416.0625,22904.6875
4013.0,5416.0625,22904.6875
4013.0,5416.0625,22904.6875
4013.0,5416.0625,22904.6875
4013.0,5416.0625,22904.6875
4012.9375,5416.0625,22904.75
4012.6875,5416.0625,22905.0
4012.6875,5416.0625,22905.0
4012.4375,5416.0625,22905.25
4013.0,5416.0625,22904.6875
4012.8125,5416.0625,22904.875
4012.8125,5416.0625,22904.875
4012.8125,5416.0625,22904.875
4012.8125,5416.0625,22904.875
4012.8125,5416.0625,22904.875
4012.8125,5416.0625,22904.875
4012.8125,5416.0625,22904.875
4012.8125,5416.0625,22904.875
4012.8125,5416.0625,22904.875
4013.0,5416.0625,22904.6875
4014.4375,5416.0625,22903.25
4020.3125,5416.0625,22897.375
4020.6875,5416.0625,22897.0625
4020.6875,5416.0625,22897.0625
4020.6875,5416.0625,22897.0625
4020.6875,5416.0625,22897.0625
4020.6875,5416.0625,22897.0625
4020.6875,5416.0625,22897.0625
4020.6875,5416.0625,22897.0625
4020.6875,5416.0625,22897.0625
4020.6875,5416.0625,22897.0625
4020.6875,5416.0625,22897.0625
4020.5,5416.0625,22897.25
4020.5,5416.0625,22897.25
4020.5,5416.0625,22897.25
4020.1875,5416.0625,22897.5
4019.875,5416.0625,22897.75
4019.875,5416.0625,22897.75
4019.6875,5416.0625,22897.9375
4020.0625,5416.0625,22897.5625
4020.0625,5416.0625,22897.5625
4020.0625,5416.0625,22897.5625
4020.0625,5416.0625,22897.5625
4020.0625,5416.0625,22897.5625
4020.0625,5416.0625,22897.5625
4020.0625,5416.0625,22897.5625
4020.0625,5416.0625,22897.5625
4020.0625,5416.0625,22897.5625
4020.0625,5416.0625,22897.5625
4020.0625,5416.0625,22897.5625
4020.0625,5416.0625,22897.5625
4020.9375,5416.0625,22896.6875
4020.75,5416.0625,22896.875
4020.75,5416.0625,22896.875
4021.125,5416.0,22896.5
4021.0,5416.25,22896.5
4021.0,5416.25,22896.5
4021.0,5416.25,22896.5
4021.0,5416.25,22896.5
4021.0,5416.25,22896.5
4021.0,5416.1875,22896.5
4021.0,5416.25,22896.5
4021.1875,5416.25,22896.3125
4021.1875,5416.25,22896.3125
4021.1875,5416.25,22896.3125
4021.5,5416.25,22895.75
4021.375,5416.25,22895.875
4021.375,5416.25,22895.875
4021.0625,5416.25,22896.1875
4021.0625,5416.25,22896.1875
4020.875,5416.25,22896.375
4020.875,5416.25,22896.375
4020.6875,5416.25,22896.5625
4020.6875,5416.1875,22896.5625
4020.625,5416.25,22896.625
4020.625,5416.25,22896.625
4020.625,5416.25,22896.625
4020.625,5416.25,22896.625
4020.625,5416.25,22896.625
4020.5,5416.25,22896.75
4021.0,5416.25,22896.25
4021.1875,5416.25,22896.0625
4021.1875,5416.25,22896.0625
4021.1875,5416.25,22896.0625
4021.1875,5416.25,22896.0625
4021.1875,5416.1875,22896.0625
4021.1875,5416.25,22896.0625
4021.1875,5416.25,22896.0625
4021.1875,5416.25,22896.0625
4021.1875,5416.25,22896.0625
4021.1875,5416.25,22896.0625
4021.75,5416.25,22895.5
4021.9375,5416.25,22895.3125
4021.9375,5416.25,22895.3125
4021.9375,5416.25,22895.3125
4021.9375,5416.25,22895.3125
4022.3125,5416.25,22894.8125
4022.125,5416.25,22895.0
4021.0,5416.25,22896.125
4020.75,5416.25,22896.375
4020.75,5416.25,22896.375
4020.75,5416.25,22896.375
4020.75,5416.1875,22896.375
4020.75,5416.25,22896.375
4020.75,5416.25,22896.375
4069.6875,5416.25,22847.4375
4071.8125,5416.25,22845.3125
4071.625,5416.25,22845.5
4071.625,5416.25,22845.5
4071.625,5416.25,22845.5
4071.625,5416.25,22845.5
4071.5625,5416.25,22845.5625
4071.5625,5416.25,22845.5625
4071.5625,5416.25,22845.5625
4071.5625,5416.25,22845.5625
4071.5625,5416.25,22845.5625
4071.5625,5416.25,22845.5625
4071.5625,5416.25,22845.5625
4071.5625,5416.25,22845.5625
4071.5625,5416.25,22845.5625
4071.5625,5416.25,22845.5625
4071.5625,5416.25,22845.5625
4071.5625,5416.25,22845.5625
4071.5625,5416.25,22845.5625
4071.5625,5416.25,22845.5625
4070.8125,5416.25,22846.3125
4070.6875,5416.25,22846.4375
4070.6875,5416.25,22846.4375
4070.6875,5416.25,22846.4375
4070.6875,5416.25,22846.4375
4067.4375,5416.25,22849.5625
4067.25,5416.25,22849.75
4067.0,5416.25,22850.0
4066.9375,5416.25,22850.0625
4066.9375,5416.25,22850.0625
4066.9375,5416.25,22850.0625
4068.25,5416.25,22848.75
4068.25,5416.25,22848.75
4068.1875,5416.25,22848.8125
4068.1875,5416.25,22848.8125
4067.125,5416.25,22849.875
4067.0625,5416.25,22849.9375
4067.0625,5416.25,22849.9375
4066.875,5416.25,22850.125
4066.875,5416.25,22850.125
4066.875,5416.25,22850.125
4066.875,5416.25,22850.125
4066.875,5416.25,22850.125
4066.875,5416.25,22850.125
4066.875,5416.25,22850.125
4066.875,5416.25,22850.125
4066.875,5416.25,22850.125
4066.875,5416.25,22850.125
4066.875,5416.25,22850.125
4066.875,5416.25,22850.125
4067.5,5416.25,22849.4375
4067.5,5416.25,22849.4375
4067.875,5416.25,22849.0625
4074.25,5416.25,22842.6875
4074.25,5416.25,22842.6875
4068.3125,5416.25,22848.625
4068.125,5416.25,22848.8125
4068.125,5416.25,22848.8125
4068.125,5416.25,22848.8125
4068.125,5416.25,22848.8125
4068.125,5416.25,22848.8125
4068.125,5416.25,22848.8125
4068.125,5416.25,22848.8125
4068.125,5416.25,22848.8125
4068.125,5416.25,22848.8125
4067.5,5416.25,22849.25
4067.375,5416.25,22849.375
4067.375,5416.25,22849.375
4067.0625,5416.25,22849.6875
4067.0625,5416.25,22849.6875
4067.0625,5416.25,22849.6875
4067.0625,5416.25,22849.6875
4067.0625,5416.25,22849.6875
4067.0625,5416.25,22849.6875
4067.0625,5416.25,22849.6875
4067.0625,5416.25,22849.6875
4066.875,5416.25,22849.875
4066.875,5416.25,22849.875
4066.875,5416.25,22849.875
4066.8125,5416.25,22849.9375
4068.1875,5416.25,22848.5625
4068.1875,5416.25,22848.5625
4068.1875,5416.25,22848.5625
4068.1875,5416.25,22848.5625
4068.1875,5416.25,22848.5625
4068.1875,5416.25,22848.5625
4068.1875,5416.25,22848.5625
4068.1875,5416.25,22848.5625
4068.1875,5416.25,22848.5625
4068.1875,5416.25,22848.5625
4068.1875,5416.25,22848.5625
4068.1875,5416.25,22848.5625
4068.1875,5416.25,22848.5625
4068.0,5416.25,22848.75
4068.0,5416.25,22848.75
4067.3125,5416.25,22849.375
4067.3125,5416.25,22849.375
4067.3125,5416.25,22849.375
4067.3125,5416.25,22849.375
4067.3125,5416.25,22849.375
4067.3125,5416.25,22849.375
4067.3125,5416.25,22849.375
4067.3125,5416.25,22849.375
4067.3125,5416.25,22849.375
4067.3125,5416.25,22849.375
4067.3125,5416.25,22849.375
4067.3125,5416.25,22849.375
4067.125,5416.25,22849.5625
4067.125,5416.25,22849.5625
4066.875,5416.25,22849.8125
4067.5,5416.25,22849.125
4067.5,5416.25,22849.125
4067.1875,5416.25,22849.4375
4067.1875,5416.25,22849.4375
4067.1875,5416.25,22849.4375
4067.1875,5416.25,22849.4375
4067.1875,5416.25,22849.4375
4067.1875,5416.25,22849.4375
4067.1875,5416.25,22849.4375
4067.1875,5416.25,22849.4375
4067.1875,5416.25,22849.4375
4067.1875,5416.25,22849.4375
4067.1875,5416.25,22849.4375
4067.1875,5416.25,22849.4375
4067.1875,5416.25,22849.4375
4067.25,5416.25,22849.3125
4067.25,5416.25,22849.3125
4067.25,5416.25,22849.3125
4067.25,5416.25,22849.3125
4067.1875,5416.25,22849.375
4067.1875,5416.25,22849.375
4067.125,5416.25,22849.4375
4067.125,5416.25,22849.4375
4067.125,5416.25,22849.4375
4067.125,5416.25,22849.4375
4067.125,5416.25,22849.4375
4067.125,5416.25,22849.4375
4067.125,5416.25,22849.4375
4067.125,5416.25,22849.4375
4067.125,5416.25,22849.4375
4067.0,5416.25,22849.5625
4067.0,5416.25,22849.5625
4066.75,5416.25,22849.8125
4066.6875,5416.25,22849.875
4066.6875,5416.25,22849.875
4066.6875,5416.25,22849.875
4066.6875,5416.25,22849.875
4066.5,5416.25,22850.0625
4066.6875,5416.25,22849.875
4066.6875,5416.25,22849.875
4066.6875,5416.25,22849.875
4066.6875,5416.25,22849.875
4066.6875,5416.25,22849.875
4066.5,5416.25,22850.0625
4066.6875,5416.25,22849.875
4066.6875,5416.25,22849.8125
4066.6875,5416.25,22849.8125
4066.5625,5416.25,22849.9375
4066.5,5416.25,22850.0
4066.5,5416.25,22850.0
4066.5,5416.25,22850.0
4066.5,5416.25,22850.0
4066.5,5416.25,22850.0
4066.6875,5416.25,22849.8125
4066.6875,5416.25,22849.8125
4066.6875,5416.25,22849.8125
4066.6875,5416.25,22849.8125
4066.875,5416.25,22849.625
4066.875,5416.25,22849.625
4067.4375,5416.25,22849.0625
4066.9375,5416.25,22849.5625
4066.9375,5416.25,22849.5625
4066.5625,5416.25,22849.9375
4066.5625,5416.25,22849.9375
4066.5625,5416.25,22849.9375
4066.375,5416.25,22850.125
4066.375,5416.25,22850.125
4066.5625,5416.25,22849.9375
4066.375,5416.25,22850.125
4066.375,5416.25,22850.125
4066.5625,5416.25,22849.9375
4066.375,5416.25,22850.125
4066.375,5416.25,22850.125
4066.375,5416.25,22850.125
4066.125,5416.25,22850.3125
4066.75,5416.25,22849.6875
4066.75,5416.25,22849.6875
4066.5625,5416.25,22849.875
4066.5625,5416.25,22849.875
4066.75,5416.25,22849.6875
4066.75,5416.25,22849.6875
4066.75,5416.25,22849.6875
4066.375,5416.25,22850.0625
4066.75,5416.25,22849.6875
4066.5625,5416.25,22849.875
4066.375,5416.25,22850.0625
4066.5625,5416.25,22849.875
4066.75,5416.25,22849.6875
4066.9375,5416.25,22849.5
4068.8125,5416.25,22847.625
4067.125,5416.25,22849.3125
4066.9375,5416.25,22849.5
4066.75,5416.25,22849.6875
4066.9375,5416.25,22849.5
4066.75,5416.25,22849.6875
4066.9375,5416.25,22849.5
4066.9375,5416.25,22849.5
4066.5625,5416.25,22849.875
4066.375,5416.25,22850.0625
4066.5625,5416.25,22849.875
4066.375,5416.25,22850.0625
4066.5625,5416.25,22849.875
4066.375,5416.25,22850.0625
4066.375,5416.25,22850.0625
4066.3125,5416.25,22850.125
4074.75,5416.25,22841.625
4074.75,5416.25,22841.625
4074.5625,5416.25,22841.8125
4074.75,5416.25,22841.625
4074.5,5416.25,22841.875
4074.875,5416.25,22841.5
4074.875,5416.25,22841.5
4074.875,5416.25,22841.5
4074.6875,5416.25,22841.6875
4074.875,5416.25,22841.5
4074.875,5416.25,22841.5
4074.875,5416.25,22841.5
4074.375,5416.25,22842.0
4074.5625,5416.25,22841.8125
4074.875,5416.25,22841.5
4074.25,5416.25,22842.125
4074.25,5416.25,22842.125
4074.25,5416.25,22842.125
4074.25,5416.25,22842.125
4073.875,5416.25,22842.5
4073.875,5416.25,22842.5
4073.875,5416.25,22842.5
4073.5625,5416.25,22842.8125
4073.5625,5416.25,22842.8125
4073.5625,5416.25,22842.8125
4073.5625,5416.25,22842.8125
4073.375,5416.25,22843.0
4073.375,5416.25,22843.0
4073.375,5416.25,22843.0
4073.375,5416.25,22843.0
4072.875,5416.3125,22843.5
4072.875,5416.3125,22843.5
4072.6875,5416.3125,22843.6875
4072.875,5416.3125,22843.5
4070.875,5416.5625,22845.1875
4070.875,5416.5625,22845.1875
4070.875,5416.5625,22845.1875
4070.875,5416.5625,22845.1875
4070.875,5416.5625,22845.1875
4070.875,5416.5625,22845.1875
4070.875,5416.5625,22845.1875
4070.5,5416.5625,22845.5625
4070.625,5416.75,22845.3125
4070.625,5416.75,22845.3125
4070.0,5418.1875,22844.5
4069.3125,5418.1875,22845.1875
4069.3125,5418.1875,22845.1875
4069.3125,5418.1875,22845.1875
4120.8125,5418.25,22793.6875
4120.0625,5418.25,22794.4375
4120.0625,5418.25,22794.4375
4120.0625,5418.25,22794.4375
4120.0625,5418.25,22794.4375
4119.875,5418.25,22794.625
4119.875,5418.25,22794.625
4119.875,5418.25,22794.625
4119.875,5418.25,22794.625
4119.6875,5418.25,22794.8125
4119.6875,5418.25,22794.8125
4119.5,5418.25,22795.0
4119.9375,5418.25,22794.5625
4119.9375,5418.25,22794.5625
4119.9375,5418.25,22794.5625
4119.9375,5418.1875,22794.5625
4120.0,5418.1875,22794.5
4120.1875,5418.25,22794.3125
4120.1875,5418.25,22794.3125
4120.1875,5418.25,22794.3125
4120.1875,5418.25,22794.3125
4120.1875,5418.25,22794.3125
4120.1875,5418.25,22794.3125
4120.1875,5418.25,22794.3125
4120.1875,5418.25,22794.3125
4120.1875,5418.25,22794.3125
4121.6875,5418.25,22792.8125
4121.5625,5418.25,22792.625
4121.5625,5418.25,22792.625
4121.375,5418.25,22792.8125
4121.375,5418.25,22792.8125
4120.8125,5418.25,22793.375
4120.8125,5418.25,22793.375
4120.8125,5418.25,22793.375
4120.8125,5418.25,22793.375
4120.75,5418.25,22793.5
4120.75,5418.25,22793.5
4120.75,5418.25,22793.5
4120.75,5418.25,22793.5
4120.75,5418.25,22793.5
4120.75,5418.25,22793.5
4120.4375,5418.25,22793.8125
4120.125,5418.25,22794.0625
4120.125,5418.25,22794.0625
4119.9375,5418.25,22794.25
4119.9375,5418.25,22794.25
4119.9375,5418.25,22794.25
4119.8125,5418.25,22794.375
4119.8125,5418.25,22794.375
4119.8125,5418.25,22794.375
4119.8125,5418.25,22794.375
4119.8125,5418.25,22794.375
4119.8125,5418.25,22794.375
4119.75,5418.25,22794.4375
4119.75,5418.25,22794.4375
4119.6875,5418.25,22794.5
4119.4375,5418.25,22794.75
4119.9375,5418.25,22794.25
4119.9375,5418.25,22794.25
4119.9375,5418.25,22794.25
4119.875,5418.25,22794.3125
4119.8125,5418.25,22794.375
4119.8125,5418.25,22794.375
4119.8125,5418.25,22794.375
4119.8125,5418.25,22794.375
4119.8125,5418.25,22794.375
4119.5,5418.25,22794.6875
4119.25,5418.25,22794.9375
4119.25,5418.25,22794.9375
4119.25,5418.25,22794.9375
4119.25,5418.25,22794.9375
4119.0625,5418.25,22795.125
4119.0625,5418.25,22795.125
4119.0625,5418.25,22795.125
4119.0625,5418.25,22795.125
4119.0625,5418.25,22795.125
4119.0625,5418.25,22795.125
4119.25,5418.25,22794.9375
4119.25,5418.25,22794.9375
4119.25,5418.25,22794.9375
4119.25,5418.25,22794.9375
4119.25,5418.25,22794.9375
4119.25,5418.25,22794.9375
4119.25,5418.25,22794.9375
4119.25,5418.25,22794.9375
4119.25,5418.25,22794.9375
4119.625,5418.25,22794.5625
4118.8125,5418.25,22795.3125
4118.5,5418.25,22795.625
4118.6875,5418.25,22795.4375
4118.125,5418.25,22795.875
4119.4375,5418.25,22794.5625
4119.4375,5418.25,22794.5625
4119.4375,5418.25,22794.5625
4119.4375,5418.25,22794.5625
4119.4375,5418.25,22794.5625
4119.4375,5418.1875,22794.5625
4119.4375,5418.25,22794.5625
4119.625,5418.25,22794.375
4119.5625,5418.25,22794.4375
4119.0,5418.25,22794.9375
4120.6875,5418.25,22793.25
4120.6875,5418.25,22793.25
4120.6875,5418.25,22793.25
4120.5625,5418.25,22793.375
4120.875,5418.25,22793.0625
4121.0625,5418.25,22792.875
4121.0625,5418.25,22792.875
4121.0625,5418.25,22792.875
4121.0625,5418.25,22792.875
4121.0625,5418.25,22792.875
4121.0625,5418.1875,22792.875
4121.0625,5417.875,22792.875
4121.6875,5418.625,22791.625
4121.8125,5418.6875,22791.4375
4120.875,5418.6875,22792.375
4120.8125,5418.6875,22792.4375
4120.4375,5418.6875,22792.8125
4120.25,5418.6875,22793.0
4120.375,5418.6875,22792.875
4120.375,5418.6875,22792.875
4120.375,5418.6875,22792.875
4120.375,5418.6875,22792.875
4120.375,5418.6875,22792.875
4120.375,5418.6875,22792.875
4120.375,5418.6875,22792.875
4120.375,5418.6875,22792.875
4120.375,5418.6875,22792.875
4120.375,5418.6875,22792.875
4120.375,5418.6875,22792.875
4120.375,5418.6875,22792.875
4120.375,5418.6875,22792.875
4120.375,5418.6875,22792.875
4120.375,5418.6875,22792.875
4120.375,5418.6875,22792.875
4120.1875,5418.6875,22793.0625
4120.1875,5418.6875,22793.0625
4120.375,5418.6875,22792.875
4121.125,5418.6875,22792.125
4121.125,5418.625,22792.125
4121.0,5418.6875,22792.125
4121.0,5418.6875,22792.125
4121.0,5418.6875,22792.125
4121.0,5418.6875,22792.125
4120.8125,5418.6875,22792.3125
4120.8125,5418.6875,22792.3125
4120.8125,5418.6875,22792.3125
4120.5,5418.6875,22792.625
4120.5,5418.6875,22792.625
4120.1875,5418.75,22792.9375
4120.1875,5418.75,22792.9375
4120.0,5418.75,22793.125
4120.0,5418.75,22793.125
4119.9375,5418.75,22793.1875
4119.9375,5418.75,22793.1875
4119.9375,5418.75,22793.1875
4119.9375,5418.75,22793.1875
4119.9375,5418.75,22793.1875
4119.9375,5418.75,22793.1875
4119.9375,5418.75,22793.1875
4119.9375,5418.75,22793.1875
4119.9375,5418.75,22793.1875
4119.9375,5418.75,22793.1875
4119.9375,5418.75,22793.1875
4119.9375,5418.75,22793.1875
4119.9375,5418.75,22793.1875
4119.9375,5418.75,22793.1875
4119.9375,5418.75,22793.1875
4119.9375,5418.75,22793.1875
4119.9375,5418.75,22793.1875
4119.9375,5418.75,22793.1875
4119.9375,5418.75,22793.1875
4119.9375,5418.75,22793.1875
4119.9375,5418.75,22793.1875
4119.9375,5418.75,22793.1875
4119.9375,5418.75,22793.1875
4119.9375,5418.75,22793.1875
4119.9375,5418.75,22793.1875
4119.9375,5418.75,22793.1875
4119.9375,5418.75,22793.1875
4119.6875,5418.75,22793.4375
4119.375,5418.75,22793.75
4119.375,5418.75,22793.75
4119.375,5418.75,22793.75
4119.375,5418.75,22793.75
4119.375,5418.75,22793.75
4119.375,5418.75,22793.75
4119.375,5418.75,22793.75
4119.375,5418.75,22793.75
4119.3125,5418.75,22793.8125
4119.3125,5418.75,22793.8125
4119.3125,5418.75,22793.8125
4119.3125,5418.75,22793.8125
4119.3125,5418.75,22793.8125
4119.3125,5418.75,22793.8125
4119.3125,5418.75,22793.8125
4119.3125,5418.75,22793.8125
4119.3125,5418.75,22793.8125
4119.3125,5418.75,22793.8125
4119.3125,5418.75,22793.8125
4119.3125,5418.75,22793.8125
4119.3125,5418.75,22793.8125
4119.3125,5418.75,22793.8125
4119.3125,5418.75,22793.8125
4119.3125,5418.75,22793.8125
4119.1875,5418.75,22793.9375
4119.9375,5418.75,22792.9375
4119.9375,5418.75,22792.9375
4119.9375,5418.75,22792.9375
4119.9375,5418.75,22792.9375
4119.875,5418.6875,22793.0
4119.8125,5418.75,22793.0625
4119.8125,5418.75,22793.0625
4119.8125,5418.75,22793.0625
4120.1875,5418.75,22792.6875
4120.0625,5418.75,22792.8125
4120.375,5418.75,22792.5
4120.375,5418.75,22792.5
4120.375,5418.75,22792.5
4120.25,5418.75,22792.625
4120.25,5418.75,22792.625
4121.6875,5418.75,22791.1875
4121.6875,5418.75,22791.1875
4121.6875,5418.75,22791.1875
4121.6875,5418.75,22791.1875
4121.5,5418.75,22791.375
4121.5,5418.75,22791.375
4121.5,5418.75,22791.375
4121.5,5418.75,22791.375
4121.5,5418.75,22791.375
4121.375,5418.75,22791.5
4121.375,5418.75,22791.5
4121.375,5418.75,22791.5
4121.375,5418.75,22791.5
4121.0,5418.75,22791.75
4121.0,5418.75,22791.75
4121.0,5418.75,22791.75
4120.8125,5418.75,22791.9375
4120.625,5418.75,22792.125
4120.625,5418.75,22792.125
4120.625,5418.75,22792.125
4120.625,5418.75,22792.125
4120.625,5418.75,22792.125
4120.625,5418.75,22792.125
4120.625,5418.75,22792.125
4120.625,5418.75,22792.125
4120.625,5418.75,22792.125
4120.625,5418.75,22792.125
4120.5625,5418.75,22792.1875
4123.875,5418.75,22788.8125
4127.875,5418.75,22784.875
4127.875,5418.75,22784.875
4127.6875,5418.75,22785.0625
4127.6875,5418.75,22785.0625
4127.8125,5418.8125,22784.9375
4127.8125,5418.8125,22784.9375
4127.8125,5418.8125,22784.9375
4127.8125,5418.8125,22784.9375
4127.8125,5418.8125,22784.9375
4127.8125,5418.8125,22784.9375
4127.8125,5418.8125,22784.9375
4127.625,5418.8125,22785.125
4127.625,5418.8125,22785.125
4127.375,5418.875,22785.375
4180.4375,5418.875,22732.25
4180.375,5418.875,22732.3125
4180.25,5418.875,22732.4375
4180.0625,5418.875,22732.625
4180.0625,5418.875,22732.625
4180.0625,5418.875,22732.625
4180.0625,5418.875,22732.625
4180.0625,5418.875,22732.625
4180.0625,5418.875,22732.625
4180.0625,5418.875,22732.625
4180.0625,5418.875,22732.625
4180.0625,5418.875,22732.625
4180.0625,5418.875,22732.625
4180.0625,5418.875,22732.625
4179.875,5418.875,22732.8125
4180.125,5418.9375,22732.5
4180.125,5418.9375,22732.5
4180.125,5418.9375,22732.5
4180.125,5418.9375,22732.5
4180.125,5418.9375,22732.5
4180.125,5418.9375,22732.5
4179.875,5418.9375,22732.75
4179.875,5418.9375,22732.75
4179.875,5418.9375,22732.75
4179.875,5418.9375,22732.75
4179.875,5418.9375,22732.75
4179.875,5418.9375,22732.75
4179.875,5418.9375,22732.75
4179.8125,5418.9375,22732.8125
4180.0,5418.9375,22732.625
4180.5,5418.9375,22732.125
4180.5,5418.9375,22732.125
4180.5,5418.9375,22732.125
4180.5,5418.9375,22732.125
4180.5,5418.9375,22732.125
4180.5,5418.9375,22732.125
4180.5,5418.9375,22732.125
4180.5,5418.9375,22732.125
4180.5,5418.9375,22732.125
4180.5,5418.9375,22732.125
4180.5,5418.9375,22732.125
4180.5,5418.9375,22732.125
4180.5,5418.9375,22732.125
4180.5,5418.9375,22732.125
4180.6875,5418.9375,22731.9375
4180.1875,5418.9375,22732.0625
4180.1875,5418.9375,22732.0625
4180.1875,5418.9375,22732.0625
4180.1875,5418.9375,22732.0625
4180.1875,5418.9375,22732.0625
4180.1875,5418.9375,22732.0625
4180.1875,5418.9375,22732.0625
4180.1875,5418.9375,22732.0625
4180.1875,5418.9375,22732.0625
4180.1875,5418.9375,22732.0625
4180.1875,5418.9375,22732.0625
4180.1875,5418.9375,22732.0625
4180.1875,5418.9375,22732.0625
4180.1875,5418.9375,22732.0625
4180.1875,5418.9375,22732.0625
4180.8125,5418.875,22731.375
4180.8125,5418.9375,22731.375
4182.125,5418.9375,22730.0625
4182.125,5418.9375,22730.0625
4181.9375,5418.9375,22730.25
4181.875,5418.9375,22730.3125
4181.875,5418.9375,22730.3125
4181.8125,5418.9375,22730.375
4180.3125,5418.9375,22731.875
4180.3125,5418.9375,22731.875
4180.3125,5418.9375,22731.875
4180.3125,5418.9375,22731.875
4180.125,5418.875,22732.0625
4180.125,5418.9375,22732.0625
4179.6875,5418.9375,22732.5
4179.75,5418.9375,22732.4375
4184.0625,5418.9375,22728.125
4176.5625,5418.9375,22735.625
4176.5625,5418.9375,22735.625
4176.5625,5418.9375,22735.625
4176.5625,5418.9375,22735.625
4176.5625,5418.9375,22735.625
4176.5625,5418.9375,22735.625
4176.5625,5418.9375,22735.625
4176.5625,5418.9375,22735.625
4176.5625,5418.9375,22735.625
4176.5625,5418.9375,22735.625
4176.5625,5418.9375,22735.625
4176.5625,5418.9375,22735.625
4176.5,5418.9375,22735.6875
4176.5,5418.9375,22735.4375
4176.5,5418.9375,22735.4375
4176.5,5418.9375,22735.4375
4176.5,5418.9375,22735.4375
4176.5,5418.9375,22735.4375
4176.5,5418.9375,22735.4375
4176.5,5418.9375,22735.4375
4176.6875,5418.9375,22735.25
4176.6875,5418.9375,22735.25
4176.6875,5418.9375,22735.25
4176.8125,5418.9375,22735.125
4176.625,5418.9375,22735.3125
4176.625,5418.9375,22735.3125
4176.625,5418.9375,22735.3125
4176.625,5418.9375,22735.3125
4177.375,5418.9375,22734.5625
4177.375,5418.9375,22734.5625
4177.375,5418.9375,22734.5625
4177.375,5418.9375,22734.5625
4177.75,5418.9375,22734.1875
4177.75,5418.9375,22734.1875
4177.75,5418.9375,22734.1875
4177.75,5418.9375,22734.1875
4177.5625,5418.9375,22734.375
4177.5625,5418.9375,22734.375
4177.5625,5418.9375,22734.375
4177.5625,5418.9375,22734.375
4177.5625,5418.9375,22734.375
4177.5625,5418.9375,22734.375
4177.75,5418.9375,22734.1875
4176.75,5418.9375,22735.0625
4176.75,5418.9375,22735.0625
4176.6875,5418.9375,22735.125
4183.8125,5418.9375,22728.0
4178.75,5418.9375,22733.0625
4176.875,5418.9375,22734.9375
4176.75,5418.9375,22735.0625
4176.75,5418.9375,22735.0625
4176.75,5418.9375,22735.0625
4176.75,5418.9375,22735.0625
4176.75,5418.9375,22735.0625
4176.75,5418.9375,22735.0625
4176.75,5418.9375,22735.0625
4176.75,5418.9375,22735.0625
4176.5625,5418.9375,22735.25
4176.6875,5418.9375,22735.125
4176.25,5418.9375,22735.5625
4175.8125,5418.9375,22736.0
4175.8125,5418.9375,22736.0
4176.375,5418.9375,22735.4375
4175.9375,5418.9375,22735.875
4175.9375,5418.9375,22735.875
4175.9375,5418.9375,22735.875
4175.9375,5418.9375,22735.875
4175.9375,5418.9375,22735.875
4175.9375,5418.9375,22735.875
4175.9375,5418.9375,22735.875
4175.9375,5418.9375,22735.875
4175.9375,5418.9375,22735.875
4176.0625,5418.9375,22735.75
4176.625,5418.9375,22735.125
4176.625,5418.9375,22735.125
4176.5,5418.9375,22735.25
4176.5,5418.9375,22735.25
4176.5,5418.9375,22735.25
4176.5,5418.9375,22735.25
4176.5,5418.9375,22735.25
4176.5,5418.9375,22735.25
4176.5,5418.9375,22735.25
4176.5,5418.9375,22735.25
4176.5,5418.9375,22735.25
4176.5,5418.9375,22735.25
4176.5,5418.9375,22735.25
4176.5,5418.9375,22735.25
4176.875,5418.9375,22734.875
4176.6875,5418.9375,22735.0625
4176.5,5418.9375,22735.25
4176.5,5418.9375,22735.25
4176.5,5418.9375,22735.25
4176.625,5418.9375,22735.125
4176.625,5418.9375,22735.125
4176.5625,5418.9375,22735.1875
4176.5625,5418.9375,22735.1875
4176.5625,5418.9375,22735.1875
4176.5625,5418.9375,22735.1875
4176.5625,5418.9375,22735.1875
4176.5625,5418.9375,22735.1875
4176.375,5418.9375,22735.375
4176.375,5418.9375,22735.375
4176.75,5418.9375,22735.0
4176.8125,5418.9375,22734.9375
4176.8125,5418.9375,22734.9375
4176.8125,5418.9375,22734.9375
4176.8125,5418.9375,22734.9375
4175.6875,5418.9375,22736.0625
4175.5,5418.9375,22736.25
4175.5,5418.9375,22736.25
4175.5,5418.9375,22736.25
4175.5,5418.9375,22736.25
4175.4375,5418.9375,22736.3125
4175.4375,5418.9375,22736.3125
4175.6875,5419.0625,22736.0
4175.6875,5419.0625,22736.0
4175.6875,5419.0625,22736.0
4176.25,5419.0625,22735.4375
4175.625,5419.0625,22736.0625
4175.625,5419.0625,22736.0625
4176.0,5419.0625,22735.6875
4176.0,5419.0625,22735.6875
4176.0,5419.0625,22735.6875
4176.0,5419.0625,22735.6875
4176.0,5419.0625,22735.6875
4176.1875,5419.0625,22735.5
4176.1875,5419.0625,22735.5
4176.1875,5419.0625,22735.5
4176.0,5419.0625,22735.6875
4176.1875,5419.0625,22735.5
4176.1875,5419.0625,22735.5
4176.1875,5419.0625,22735.5
4176.0625,5419.0625,22735.625
4175.75,5419.0625,22735.9375
4175.75,5419.0625,22735.9375
4175.875,5419.0625,22735.8125
4175.875,5419.0625,22735.8125
4175.875,5419.0625,22735.8125
4175.6875,5419.0625,22736.0
4175.625,5419.0625,22736.0625
4175.625,5419.0625,22736.0625
4175.5625,5419.0625,22736.125
4175.5625,5419.0625,22736.125
4175.5625,5419.0625,22736.125
4175.5625,5419.0625,22736.125
4175.5625,5419.0625,22736.125
4175.5625,5419.0625,22736.125
4175.0625,5419.0625,22736.625
4176.0,5419.0625,22735.625
4176.0,5419.0625,22735.625
4175.8125,5419.0625,22735.8125
4175.8125,5419.0625,22735.8125
4175.4375,5419.0625,22736.1875
4175.4375,5419.0625,22736.1875
4175.4375,5419.0625,22736.1875
4175.0625,5419.0625,22736.5625
4175.4375,5419.0625,22736.1875
4175.4375,5419.0625,22736.1875
4175.4375,5419.0625,22736.1875
4175.0625,5419.0625,22736.5625
4175.25,5419.0625,22736.375
4175.25,5419.0625,22736.375
4175.875,5419.0625,22735.75
4175.375,5419.0625,22736.25
4175.0,5419.0625,22736.625
4175.1875,5419.0625,22736.4375
4175.1875,5419.0625,22736.4375
4175.1875,5419.0625,22736.4375
4175.375,5419.0625,22736.25
4175.0,5419.0625,22736.625
4175.0,5419.0625,22736.625
4175.1875,5419.0625,22736.4375
4175.0,5419.0625,22736.625
4175.0,5419.0625,22736.625
4175.0,5419.0625,22736.625
4174.8125,5419.0,22736.8125
4175.0,5419.0625,22736.625
4174.5625,5419.0625,22736.9375
4175.125,5419.0625,22736.375
4174.9375,5419.0625,22736.5625
4175.125,5419.0625,22736.375
4174.9375,5419.0625,22736.5625
4174.9375,5419.0625,22736.5625
4174.9375,5419.0625,22736.5625
4175.0625,5419.0625,22736.4375
4174.875,5419.0625,22736.625
4174.6875,5419.0625,22736.8125
4175.0625,5419.0625,22736.4375
4227.75,5419.0625,22683.75
4227.8125,5419.0625,22683.6875
4227.6875,5419.0625,22683.8125
4228.25,5419.0625,22683.25
4228.3125,5419.0625,22683.1875
4229.25,5419.0625,22682.25
4229.25,5419.0,22682.25
4229.4375,5419.0625,22682.0625
4230.0,5419.0625,22681.5
4230.0,5419.0625,22681.5
4230.0,5419.0625,22681.5
4230.0,5419.0625,22681.5
4229.4375,5419.0625,22682.0625
4229.4375,5419.0625,22682.0625
4229.4375,5419.0625,22682.0625
4229.4375,5419.0625,22682.0625
4229.4375,5419.0625,22682.0625
4229.4375,5419.0625,22682.0625
4229.4375,5419.0625,22682.0625
4233.625,5419.0625,22677.875
4235.9375,5419.0625,22675.5625
4235.625,5419.0625,22675.875
4235.625,5419.0625,22675.875
4235.625,5419.0625,22675.875
4235.625,5419.0625,22675.875
4235.8125,5419.1875,22675.6875
4235.8125,5419.1875,22675.6875
4235.8125,5419.1875,22675.6875
4235.8125,5419.1875,22675.6875
4235.8125,5419.1875,22675.6875
4235.8125,5419.1875,22675.6875
4235.75,5419.1875,22675.75
4235.75,5419.1875,22675.75
4235.6875,5419.1875,22675.8125
4235.6875,5419.1875,22675.8125
4236.0625,5419.1875,22675.375
4236.3125,5419.1875,22675.125
4236.3125,5419.1875,22675.125
4236.25,5419.1875,22675.1875
4236.25,5419.1875,22675.1875
4236.25,5419.1875,22675.1875
4236.25,5419.1875,22675.1875
4236.25,5419.1875,22675.1875
4236.25,5419.1875,22675.1875
4236.25,5419.1875,22675.1875
4236.25,5419.1875,22675.1875
4236.25,5419.1875,22675.1875
4236.0,5419.1875,22675.4375
4236.0,5419.1875,22675.4375
4236.375,5419.1875,22675.0625
4236.8125,5419.1875,22674.4375
4236.8125,5419.1875,22674.4375
4236.5,5419.1875,22674.75
4236.5,5419.1875,22674.75
4236.5,5419.1875,22674.75
4236.5,5419.1875,22674.75
4236.5,5419.1875,22674.75
4236.5,5419.1875,22674.75
4236.5,5419.1875,22674.75
4236.5,5419.1875,22674.75
4236.5,5419.1875,22674.75
4236.5,5419.125,22674.75
4236.4375,5419.25,22674.75
4236.4375,5419.25,22674.75
4236.25,5419.25,22674.9375
4235.9375,5419.25,22675.25
4235.9375,5419.25,22675.25
4235.9375,5419.25,22675.25
4235.5625,5419.25,22675.625
4234.3125,5419.25,22676.875
4234.3125,5419.25,22676.875
4234.125,5419.25,22677.0625
4234.1875,5419.1875,22677.0625
4234.1875,5419.1875,22677.0625
4234.1875,5419.125,22677.0625
4234.375,5419.1875,22676.875
4234.375,5419.1875,22676.875
4234.375,5419.1875,22676.875
4234.375,5419.1875,22676.875
4234.375,5419.1875,22676.875
4235.6875,5419.1875,22675.5625
4235.6875,5419.1875,22675.5625
4235.6875,5419.1875,22675.5625
4235.6875,5419.1875,22675.5625
4235.6875,5419.1875,22675.5625
4235.6875,5419.1875,22675.5625
4235.6875,5419.1875,22675.5625
4235.6875,5419.1875,22675.5625
4235.6875,5419.1875,22675.5625
4235.6875,5419.1875,22675.5625
4235.5,5419.1875,22675.75
4235.5,5419.1875,22675.75
4235.5,5419.1875,22675.75
4235.5,5419.1875,22675.75
4235.75,5419.1875,22675.5
4235.25,5419.1875,22676.0
4235.25,5419.1875,22676.0
4235.25,5419.1875,22676.0
4235.25,5419.1875,22676.0
4236.1875,5419.1875,22675.0625
4236.75,5419.1875,22674.5
4236.6875,5419.1875,22674.5625
4236.6875,5419.1875,22674.5625
4236.6875,5419.1875,22674.5625
4236.6875,5419.1875,22674.5625
4235.375,5419.1875,22675.875
4235.375,5419.1875,22675.875
4235.375,5419.1875,22675.875
4235.375,5419.1875,22675.875
4234.6875,5419.1875,22676.125
4234.5,5419.1875,22676.3125
4234.5,5419.1875,22676.3125
4234.5,5419.1875,22676.3125
4234.4375,5419.1875,22676.3125
4234.4375,5419.1875,22676.3125
4234.4375,5419.1875,22676.3125
4234.375,5419.1875,22676.375
4234.375,5419.1875,22676.375
4234.375,5419.1875,22676.375
4234.375,5419.1875,22676.375
4234.375,5419.1875,22676.375
4234.375,5419.1875,22676.375
4234.375,5419.1875,22676.375
4234.5,5419.25,22676.25
4235.0625,5419.25,22675.6875
4235.25,5419.25,22675.5
4235.125,5419.25,22675.625
4235.0,5419.25,22675.75
4234.625,5419.25,22676.125
4234.625,5419.25,22676.125
4234.625,5419.25,22676.125
4236.0,5416.5625,22677.4375
4239.5625,5411.75,22678.6875
4239.5625,5411.75,22678.6875
4239.5625,5411.75,22678.6875
4239.5625,5411.75,22678.6875
4239.5625,5411.75,22678.6875
4239.5625,5411.75,22678.6875
4239.5625,5411.75,22678.6875
4239.5,5411.75,22678.75
4239.4375,5411.75,22678.8125
4246.6875,3081.75,24996.4375
4247.8125,2494.4375,25589.4375
4248.375,2494.4375,25588.875
4248.375,2494.4375,25588.875
4248.375,2494.4375,25588.875
4248.375,2494.4375,25588.875
4248.375,2494.4375,25588.875
4248.375,2494.4375,25588.875
4248.375,2494.4375,25588.875
4248.375,2494.4375,25588.875
4248.375,2494.4375,25588.875
4248.375,2494.4375,25588.875
4248.0625,2494.4375,25588.875
4248.5,2494.4375,25588.375
4247.5625,2494.4375,25589.25
4247.5625,2494.4375,25589.25
4248.875,2494.4375,25587.9375
4255.5625,2494.4375,25581.25
4248.4375,2494.4375,25588.375
4248.4375,2494.4375,25588.375
4248.4375,2494.4375,25588.375
4273.5,2364.25,25693.5625
4273.25,2363.375,25694.6875
4273.25,2363.375,25694.6875
4273.25,2363.375,25694.6875
4272.875,2363.375,25695.0625
4272.6875,2363.375,25695.25
4271.9375,2363.375,25696.0
4271.0,2363.375,25696.9375
4268.0,2363.375,25699.9375
4267.4375,2363.375,25700.5
4274.6875,2284.125,25769.4375
4277.3125,2272.125,25781.8125
4276.9375,2272.1875,25782.1875
4276.75,2272.1875,25782.375
4276.75,2272.1875,25782.375
4276.5625,2272.1875,25782.5625
4276.5625,2272.1875,25782.5625
4276.5625,2272.1875,25782.5625
4276.5625,2272.1875,25782.5625
4276.1875,2272.1875,25782.9375
4276.1875,2272.1875,25782.9375
4275.75,2252.4375,25803.125
4273.75,2252.5,25805.0
4266.875,2252.5,25811.875
4266.6875,2252.5,25812.0625
4266.5,2252.5,25812.25
4266.125,2252.5,25812.625
4266.125,2252.5,25812.625
4266.125,2252.5,25812.625
4266.125,2247.1875,25817.9375
4266.0625,2242.25,25822.9375
4268.1875,2202.375,25860.625
4268.0625,2202.0,25861.0625
4268.0625,2202.0625,25861.0625
4267.8125,2202.0625,25861.3125
4267.625,2202.0625,25861.5
4267.625,2202.0625,25861.5
4267.125,2202.0625,25862.0
4265.375,2202.0625,25863.6875
4265.375,2202.0625,25863.6875
4264.4375,2198.9375,25867.75
4264.5,2196.5625,25870.0625
4264.5,2196.375,25870.3125
4264.3125,2196.375,25870.5
4263.9375,2196.375,25870.875
4263.75,2196.375,25871.0625
4263.75,2196.375,25871.0625
4263.75,2196.375,25871.0625
4263.75,2196.375,25871.0625
4263.75,2196.375,25871.0625
4276.9375,4534.375,23520.875
4284.5625,4974.25,23074.25
4283.5625,4974.3125,23075.25
4283.375,4974.3125,23075.4375
4283.25,4974.3125,23075.5625
4282.125,4974.375,23075.75
4281.9375,4974.4375,23075.9375
4282.0625,4974.4375,23075.875
4281.875,4974.4375,23076.0625
4279.8125,4974.4375,23078.0625
4279.8125,4974.5,23078.0625
4279.625,4974.5,23078.25
4278.6875,4974.5,23079.0
4278.875,4974.5625,23078.8125
4278.8125,4974.625,23078.875
4278.8125,4974.625,23078.875
4279.0,4979.4375,23074.0
4278.375,4979.4375,23074.625
4278.1875,4980.3125,23073.875
4278.125,4980.3125,23073.9375
4278.125,4980.3125,23073.9375
4278.125,4980.3125,23073.9375
4278.125,4980.3125,23073.9375
4278.125,4980.3125,23073.9375
4278.125,4980.3125,23073.9375
4278.125,4980.3125,23073.9375
4278.125,4980.3125,23073.9375
4278.125,4980.3125,23073.9375
4278.125,4980.3125,23073.9375
4278.125,4980.3125,23073.9375
4278.125,4980.3125,23073.9375
4278.125,4980.3125,23073.9375
4277.9375,4980.3125,23074.125
4277.5,4980.3125,23074.5625
4277.3125,4980.3125,23074.75
4274.5,4980.3125,23077.5625
4274.3125,4980.3125,23077.75
4274.125,4980.3125,23077.9375
4273.6875,4980.3125,23078.375
4273.6875,4980.3125,23078.375
4273.6875,4980.3125,23078.375
4273.6875,4980.3125,23078.375
4273.6875,4980.3125,23078.375
4273.6875,4980.3125,23078.375
4273.6875,4980.3125,23078.375
4273.6875,4980.3125,23078.375
4273.6875,4980.3125,23078.375
4272.5625,4980.3125,23079.5
4270.6875,4980.3125,23081.0625
4270.0625,4980.3125,23081.6875
4269.875,4980.3125,23081.875
4269.6875,4980.3125,23082.0625
4269.6875,4980.3125,23082.0625
4269.6875,4980.3125,23082.0625
4269.3125,4980.3125,23082.4375
4269.3125,4980.3125,23082.4375
4269.3125,4980.3125,23082.4375
4269.3125,4980.3125,23082.4375
4269.3125,4980.3125,23082.4375
4269.3125,4980.3125,23082.4375
4269.3125,4980.3125,23082.4375
4266.875,4980.375,23084.1875
4266.875,4980.375,23084.1875
4266.5,4980.375,23084.5625
4266.125,4980.375,23084.9375
4265.5625,4980.375,23085.5
4265.375,4980.375,23085.6875
4265.375,4980.5,23085.6875
4319.875,4981.5,23030.75
4320.1875,4981.5,23030.4375
4320.1875,4981.5,23030.4375
4320.1875,4981.5,23030.4375
4320.1875,4981.5,23030.4375
4319.875,4981.5,23030.75
4319.875,4981.5,23030.75
4319.875,4981.5,23030.75
4318.5625,4981.5,23032.0625
4318.375,4981.5,23032.25
4318.1875,4981.5,23032.4375
4318.0,4981.5,23032.625
4317.8125,4981.5,23032.8125
4317.8125,4981.5,23032.8125
4317.625,4981.5,23033.0
4317.625,4981.5,23033.0
4317.625,4981.5,23033.0
4317.625,4981.5,23033.0
4317.625,4981.5,23033.0
4317.625,4981.5,23033.0
4317.625,4981.5,23033.0
4317.625,4981.5,23033.0
4317.625,4981.5,23033.0
4315.0625,4981.5,23035.5625
4315.0625,4981.5,23035.5625
4314.6875,4981.5,23035.9375
4314.3125,4981.5,23036.3125
4314.25,4981.5,23036.375
4314.25,4981.5,23036.375
4314.25,4981.5,23036.375
4314.25,4981.5,23036.375
4314.25,4981.5,23036.375
4313.25,4981.5,23037.375
4313.25,4981.5,23037.375
4313.25,4981.5,23037.375
4313.0625,4981.5,23037.5625
4313.0625,4981.5,23037.5625
4312.75,4981.5,23037.875
4318.0625,4981.5,23032.5625
4317.6875,4981.5,23032.9375
4317.1875,4981.5,23033.4375
4317.1875,4981.5,23033.4375
4317.375,4981.5,23033.25
4316.875,4981.5,23033.75
4316.875,4981.5,23033.75
4316.875,4981.5,23033.75
4316.875,4981.5,23033.75
4316.875,4981.5,23033.75
4311.9375,4981.5625,23038.5625
4311.9375,4981.5625,23038.5625
4312.0,4981.5625,23038.1875
4312.0,4981.5625,23038.1875
4311.625,4981.5625,23038.5625
4310.9375,4981.5625,23039.25
4310.75,4981.5625,23039.4375
4310.375,4981.5625,23039.8125
4310.375,4981.5625,23039.8125
4310.3125,4981.5625,23039.875
4310.3125,4981.5625,23039.875
4310.3125,4981.5625,23039.875
4310.3125,4981.5625,23039.875
4310.0,4981.5625,23040.1875
4310.0,4981.5625,23040.1875
4310.0,4981.5625,23040.1875
4309.8125,4981.5625,23040.375
4309.8125,4981.5625,23040.375
4309.8125,4981.5625,23040.375
4309.625,4981.5625,23040.5625
4310.1875,4981.5625,23039.75
4310.1875,4981.5625,23039.75
4309.375,4981.5625,23040.5625
4309.0,4981.5625,23040.9375
4306.9375,4981.5625,23043.0
4306.9375,4981.5625,23043.0
4306.5625,4981.5625,23043.375
4306.5625,4981.5625,23043.375
4306.5625,4981.5625,23043.375
4306.5625,4981.5625,23043.375
4306.375,4981.5625,23043.5625
4306.1875,4981.5625,23043.75
4306.375,4981.625,23043.5625
4306.0625,4981.625,23043.875
4306.0625,4981.625,23043.875
4306.25,4981.625,23043.6875
4306.125,4981.625,23043.8125
4305.5625,4981.5625,23044.375
4305.5625,4981.625,23044.375
4305.5625,4981.625,23044.375
4305.375,4981.625,23044.5625
4305.375,4981.625,23044.5625
4305.375,4981.625,23044.5625
4305.1875,4981.625,23044.75
4305.1875,4981.625,23044.75
4305.1875,4981.625,23044.75
4305.1875,4981.625,23044.75
4305.1875,4981.625,23044.75
4305.1875,4981.625,23044.75
4304.3125,4981.625,23045.625
4304.9375,4981.625,23044.75
4304.75,4981.625,23044.9375
4304.75,4981.625,23044.9375
4304.3125,4981.625,23045.375
4304.125,4981.625,23045.5625
4303.9375,4981.625,23045.75
4303.75,4981.625,23045.9375
4303.75,4981.625,23045.9375
4303.75,4981.625,23045.9375
4303.75,4981.625,23045.9375
4303.5625,4981.625,23046.125
4303.375,4981.625,23046.3125
4303.375,4981.625,23046.3125
4303.375,4981.625,23046.3125
4303.0,4981.625,23046.6875
4302.375,4981.625,23047.3125
4302.375,4981.625,23047.3125
4302.375,4981.625,23047.3125
4302.25,4981.625,23047.4375
4301.75,4981.625,23047.9375
4301.75,4981.625,23047.9375
4301.75,4981.625,23047.9375
4301.75,4981.625,23047.9375
4302.875,4981.625,23046.8125
4302.875,4981.625,23046.8125
4302.875,4981.625,23046.8125
4302.875,4981.625,23046.8125
4302.875,4981.625,23046.8125
4302.625,4981.625,23047.0625
4300.125,4981.625,23049.5625
4299.125,4981.625,23050.5625
4299.125,4981.625,23050.5625
4298.75,4981.625,23050.9375
4298.75,4981.625,23050.9375
4297.75,4981.625,23051.9375
4297.75,4981.625,23051.9375
4297.75,4981.625,23051.9375
4297.75,4981.625,23051.9375
4297.75,4981.625,23051.9375
4297.75,4981.625,23051.9375
4297.625,4981.625,23052.0625
4297.625,4981.625,23052.0625
4297.625,4981.625,23052.0625
4297.5,4981.625,23052.1875
4297.6875,4981.625,23052.0
4297.0625,4981.625,23052.625
4297.0625,4981.625,23052.625
4297.0625,4981.625,23052.625
4297.0625,4981.5625,23052.625
4297.625,4981.625,23052.0625
4297.625,4981.625,23052.0625
4297.625,4981.625,23052.0625
4297.625,4981.625,23052.0625
4297.625,4981.625,23052.0625
4297.625,4981.625,23052.0625
4298.0625,4981.625,23051.625
4297.8125,4981.625,23051.875
4297.8125,4981.625,23051.875
4297.8125,4981.625,23051.875
4296.875,4981.625,23052.8125
4296.0625,4981.625,23053.625
4296.0625,4981.625,23053.625
4296.0,4981.625,23053.6875
4295.8125,4981.625,23053.875
4295.0625,4981.625,23054.625
4294.8125,4981.625,23054.875
4294.625,4981.625,23055.0625
4294.625,4981.625,23055.0625
4294.4375,4981.625,23055.25
4294.4375,4981.625,23055.25
4294.4375,4981.625,23055.25
4294.4375,4981.625,23055.25
4294.4375,4981.625,23055.25
4294.4375,4981.625,23055.25
4293.75,4981.625,23055.9375
4293.375,4981.625,23056.3125
4293.375,4981.625,23056.3125
4293.3125,4981.625,23056.375
4294.1875,4981.625,23055.5
4300.25,4981.625,23049.4375
4302.875,4981.625,23046.8125
4293.75,4981.625,23055.9375
4293.5625,4981.625,23056.125
4293.5625,4981.625,23056.125
4293.5625,4981.625,23056.125
4293.5625,4981.625,23056.125
4293.5625,4981.625,23056.125
4293.5625,4981.625,23056.125
4293.5625,4981.625,23056.125
4293.875,4981.625,23055.8125
4294.625,4981.625,23055.0625
4294.625,4981.625,23055.0625
4294.625,4981.5625,23055.0625
4294.9375,4981.625,23054.75
4294.9375,4981.625,23054.75
4294.9375,4981.625,23054.75
4294.9375,4981.625,23054.75
4294.9375,4981.625,23054.75
4294.9375,4981.625,23054.75
4294.9375,4981.625,23054.75
4294.625,4981.625,23055.0625
4294.625,4981.625,23055.0625
4294.625,4981.625,23055.0625
4294.625,4981.625,23055.0625
4294.8125,4981.625,23054.875
4293.8125,4981.625,23055.75
4293.8125,4981.625,23055.75
4293.6875,4981.625,23055.875
4293.6875,4981.625,23055.875
4293.875,4981.625,23055.6875
4293.875,4981.625,23055.6875
4293.875,4981.625,23055.6875
4293.875,4981.625,23055.6875
4293.8125,4981.625,23055.75
4293.8125,4981.625,23055.75
4293.8125,4981.625,23055.75
4293.8125,4981.625,23055.75
4293.8125,4981.625,23055.75
4293.8125,4981.625,23055.75
4292.875,4981.625,23056.6875
4291.1875,4981.625,23057.8125
4291.1875,4981.625,23057.8125
4291.1875,4981.625,23057.8125
4291.1875,4981.625,23057.8125
4291.1875,4981.625,23057.8125
4291.0,4981.625,23058.0
4291.0,4981.625,23058.0
4291.0,4981.625,23058.0
4291.0,4981.625,23058.0
4291.0,4981.625,23058.0
4291.0,4981.625,23058.0
4290.875,4981.625,23058.125
4290.6875,4981.625,23058.3125
4290.5,4981.625,23058.5
4290.375,4981.625,23058.625
4291.5,4981.625,23057.5
4291.5,4981.625,23057.5
4291.5,4981.625,23057.5
4291.5,4981.625,23057.5
4291.3125,4981.625,23057.6875
4291.3125,4981.625,23057.6875
4291.1875,4981.625,23057.8125
4291.1875,4981.625,23057.8125
4291.0625,4981.625,23057.9375
4291.0625,4981.625,23057.9375
4291.0625,4981.625,23057.9375
4291.0625,4981.625,23057.9375
4291.0625,4981.625,23057.9375
4291.0,4981.625,23058.0
4290.125,4981.625,23058.875
4291.25,4981.625,23057.6875
4291.25,4981.625,23057.6875
4291.0625,4981.625,23057.875
4291.0625,4981.625,23057.875
4290.6875,4981.625,23058.25
4290.6875,4981.625,23058.25
4290.6875,4981.625,23058.25
4290.6875,4981.625,23058.25
4290.6875,4981.625,23058.25
4290.6875,4981.625,23058.25
4290.6875,4981.625,23058.25
4290.625,4981.625,23058.3125
4290.625,4981.625,23058.3125
4290.625,4981.625,23058.3125
4290.5625,4981.625,23058.375
4291.125,4981.625,23057.8125
4291.125,4981.625,23057.8125
4291.125,4981.625,23057.8125
4290.9375,4981.625,23058.0
4290.9375,4981.625,23058.0
4290.875,4981.625,23058.0625
4290.875,4981.625,23058.0625
4290.8125,4981.625,23058.125
4290.8125,4981.625,23058.125
4290.8125,4981.625,23058.125
4290.8125,4981.625,23058.125
4290.625,4981.625,23058.3125
4290.625,4981.625,23058.3125
4290.625,4981.625,23058.3125
4290.625,4981.625,23058.3125
4290.125,4981.5625,23058.8125
4290.125,4981.5625,23058.8125
4289.9375,4981.5625,23059.0
4337.9375,4981.625,23010.125
4342.5625,4981.625,23005.0625
4342.625,4981.75,23005.0
4342.625,4981.75,23005.0
4342.8125,4981.75,23004.8125
4342.8125,4981.75,23004.8125
4342.75,4981.75,23004.875
4342.75,4981.75,23004.875
4342.5625,4981.75,23005.0625
4342.5625,4981.75,23005.0625
4342.5,4981.75,23005.125
4342.5625,4981.75,23005.0625
4343.125,4981.75,23004.5
4343.125,4981.75,23004.5
4343.125,4981.75,23004.5
4343.125,4981.75,23004.5
4342.8125,4981.75,23004.8125
4342.8125,4981.75,23004.8125
4342.8125,4981.75,23004.8125
4342.8125,4981.75,23004.8125
4342.8125,4981.75,23004.8125
4342.8125,4981.75,23004.8125
4342.8125,4981.75,23004.8125
4342.8125,4981.75,23004.8125
4342.8125,4981.6875,23004.8125
4342.5625,4981.75,23005.0625
4342.6875,4981.75,23004.9375
4342.625,4981.75,23005.0
4342.625,4981.75,23005.0
4342.8125,4981.75,23004.8125
4343.5,4981.75,23004.125
4343.5,4981.75,23004.125
4343.5,4981.6875,23004.125
4343.5,4981.75,23004.125
4343.5,4981.75,23004.125
4343.5,4981.75,23004.125
4343.5,4981.75,23004.125
4343.5,4981.75,23004.125
4343.5,4981.75,23004.125
4343.5,4981.75,23004.125
4343.5,4981.75,23004.125
4343.875,4981.75,23003.75
4343.25,4981.75,23004.1875
4343.25,4981.75,23004.1875
4343.0,4981.75,23004.4375
4343.0,4981.75,23004.4375
4343.1875,4981.75,23004.25
4343.1875,4981.75,23004.25
4342.625,4981.75,23004.8125
4343.0,4981.75,23004.4375
4343.0,4981.75,23004.4375
4343.1875,4981.75,23004.25
4343.0,4981.75,23004.4375
4343.4375,4981.875,23003.9375
4343.0625,4981.875,23004.3125
4343.25,4981.875,23004.125
4343.375,4981.875,23004.0
4349.75,4981.875,22997.6875
4349.75,4981.875,22997.6875
4349.9375,4981.875,22997.5
4349.75,4981.875,22997.6875
4349.9375,4981.875,22997.5
4349.75,4981.875,22997.6875
4349.9375,4981.875,22997.5
4349.75,4981.875,22997.6875
4349.9375,4981.875,22997.5
4349.75,4981.875,22997.6875
4349.75,4981.875,22997.6875
4350.0625,4981.875,22997.375
4363.4375,4981.875,22984.0
4363.125,4981.875,22984.3125
4362.0625,4981.875,22985.3125
4362.625,4981.875,22984.75
4362.625,4981.875,22984.75
4362.625,4981.875,22984.75
4362.8125,4981.875,22984.5625
4362.8125,4981.875,22984.5625
4362.75,4981.875,22984.625
4362.75,4981.875,22984.625
4362.75,4981.875,22984.625
4362.75,4981.875,22984.625
4362.75,4981.875,22984.625
4362.75,4981.875,22984.625
4362.75,4981.875,22984.625
4362.9375,4981.875,22984.4375
4362.9375,4981.875,22984.4375
4362.9375,4981.875,22984.4375
4362.8125,4981.875,22984.5625
4362.75,4981.9375,22984.5625
4362.75,4981.9375,22984.5625
4362.75,4981.9375,22984.5625
4363.0,4981.9375,22984.3125
4363.0,4981.9375,22984.3125
4362.9375,4981.9375,22984.375
4362.9375,4981.9375,22984.375
4362.9375,4981.9375,22984.375
4364.4375,4981.9375,22982.875
4359.3125,4981.9375,22988.0
4359.3125,4981.8125,22988.0
4359.5,4982.0,22987.8125
4359.5,4982.0,22987.8125
4358.875,4982.0,22988.125
4359.3125,4982.0,22987.6875
4359.3125,4982.0,22987.6875
4359.3125,4981.9375,22987.6875
4359.3125,4982.0,22987.6875
4359.3125,4982.0,22987.6875
4359.3125,4982.0,22987.6875
4359.3125,4982.0,22987.6875
4359.3125,4982.0,22987.6875
4359.3125,4982.0,22987.6875
4359.125,4982.0,22987.875
4358.875,4982.0,22988.125
4358.875,4982.0,22988.125
4358.875,4982.0,22988.125
4358.875,4982.0,22988.125
4359.375,4982.0,22987.625
4359.3125,4982.0,22987.6875
4359.3125,4982.0,22987.6875
4359.125,4982.0,22987.875
4359.125,4982.0,22987.875
4359.125,4982.0,22987.875
4359.125,4982.0,22987.875
4359.125,4982.0,22987.875
4359.125,4982.0,22987.875
4359.125,4982.0,22987.875
4359.125,4982.0,22987.875
4359.125,4982.0,22987.875
4359.125,4981.9375,22987.875
4359.125,4982.0,22987.875
4359.125,4982.0,22987.875
4358.6875,4982.0,22988.3125
4358.875,4982.0,22988.125
4358.875,4982.0,22988.125
4358.875,4982.0,22988.125
4358.875,4982.0,22988.125
4369.75,4982.0,22977.25
4372.1875,4982.0,22974.8125
4372.1875,4982.0,22974.8125
4372.1875,4982.0,22974.8125
4372.1875,4982.0,22974.8125
4372.1875,4982.0,22974.8125
4372.5625,4982.0,22974.4375
4373.6875,4982.0,22973.3125
4373.625,4982.0,22973.375
4373.625,4982.0,22973.375
4373.8125,4982.0,22973.1875
4374.3125,4982.0,22972.6875
4373.0,4982.0,22974.0
4373.1875,4982.0,22973.8125
4373.1875,4982.0,22973.8125
4373.1875,4982.0,22973.8125
4373.1875,4982.0,22973.8125
4373.1875,4982.0,22973.8125
4373.1875,4982.0,22973.8125
4373.25,4982.0625,22973.75
4373.25,4982.0625,22973.75
4373.25,4982.0625,22973.75
4373.25,4982.0625,22973.75
4373.25,4982.0625,22973.75
4373.25,4982.0625,22973.75
4373.375,4982.0625,22973.625
4373.25,4982.0625,22973.75
4373.25,4982.0625,22973.75
4373.25,4982.0625,22973.75
4373.25,4982.0625,22973.75
4373.25,4982.0625,22973.75
4373.25,4982.0625,22973.75
4373.1875,4982.0625,22973.8125
4373.1875,4982.0625,22973.8125
4373.1875,4982.0625,22973.8125
4373.375,4982.0625,22973.625
4373.0,4982.0625,22974.0
4372.9375,4982.0625,22974.0625
4372.9375,4982.0625,22974.0625
4372.9375,4982.0625,22974.0625
4373.125,4982.0625,22973.875
4373.625,4982.0625,22973.375
4373.5625,4982.0,22973.4375
4373.125,4982.0625,22973.875
4373.125,4982.0625,22973.875
4372.0,4982.0625,22975.0
4372.0,4982.0625,22975.0
4372.0,4982.0625,22975.0
4372.0,4982.0625,22975.0
4372.0,4982.0625,22975.0
4372.0,4982.0625,22975.0
4372.0,4982.0625,22975.0
4372.0,4982.0625,22975.0
4372.0,4982.0625,22975.0
4372.0,4982.0625,22975.0
4372.375,4982.0625,22974.25
4372.0,4982.0625,22974.625
4372.0,4982.0625,22974.625
4378.0,4982.0625,22968.625
4380.1875,4982.0625,22966.4375
4372.5,4982.0625,22974.125
4374.8125,4982.0625,22971.8125
4374.5625,4982.0625,22972.0625
4374.5625,4982.0625,22972.0625
4374.5625,4982.0625,22972.0625
4374.5625,4982.0625,22972.0625
4374.5625,4982.0625,22972.0625
4374.5625,4982.0625,22972.0625
4374.5625,4982.0625,22972.0625
4374.5625,4982.0625,22972.0625
4376.25,4982.0625,22970.375
4387.5,4982.0625,22959.125
4390.0,4982.0625,22956.625
4390.0,4982.0625,22956.625
4390.0,4982.0625,22956.625
4390.0,4982.0625,22956.625
4390.0,4982.0,22956.625
4389.8125,4982.0625,22956.8125
4389.8125,4982.0625,22956.8125
4389.8125,4982.0625,22956.8125
4389.8125,4982.0625,22956.8125
4389.8125,4982.0625,22956.8125
4389.8125,4982.0625,22956.8125
4389.75,4982.0625,22956.875
4389.75,4982.0625,22956.875
4389.9375,4982.0625,22956.6875
4389.875,4982.0625,22956.75
4389.875,4982.0625,22956.75
4389.875,4982.0625,22956.75
4389.875,4982.0625,22956.75
4389.875,4982.0625,22956.75
4389.875,4982.0,22956.75
4389.875,4982.0625,22956.75
4389.875,4982.0625,22956.75
4389.875,4982.0625,22956.75
4389.875,4982.0625,22956.75
4389.875,4982.0625,22956.75
4389.875,4982.0625,22956.75
4389.875,4982.0625,22956.75
4389.875,4982.0625,22956.75
4389.875,4982.0625,22956.75
4390.1875,4982.0625,22956.4375
4389.5,4982.0625,22957.125
4389.3125,4982.0625,22957.3125
4389.0,4982.0625,22957.625
4388.5625,4982.0625,22958.0625
4388.75,4982.0625,22957.875
4388.5625,4982.0625,22958.0625
4388.5,4982.0625,22958.125
4388.5,4982.0625,22958.125
4388.4375,4982.0625,22958.1875
4388.4375,4982.0625,22958.1875
4388.4375,4982.0625,22958.1875
4388.4375,4982.0625,22958.1875
4388.4375,4982.0625,22958.1875
4388.375,4982.0625,22958.25
4388.4375,4982.0625,22958.0625
4388.4375,4982.0625,22958.0625
4388.4375,4982.0625,22958.0625
4388.8125,4982.0625,22957.6875
4387.875,4982.0625,22958.625
4387.6875,4982.0625,22958.8125
4387.625,4982.0625,22958.875
4387.625,4982.0625,22958.875
4387.625,4982.0625,22958.875
4387.625,4982.0625,22958.875
4387.625,4982.0625,22958.875
4387.625,4982.0625,22958.875
4387.625,4982.0625,22958.875
4387.625,4982.0625,22958.875
4387.4375,4982.0625,22958.875
4387.25,4982.0625,22959.0625
4387.25,4982.0625,22959.0625
4387.25,4982.0625,22959.0625
4387.25,4982.0625,22959.0625
4387.5,4982.1875,22958.6875
4387.5,4982.1875,22958.6875
4387.5,4982.125,22958.6875
4387.5,4982.1875,22958.6875
4387.3125,4982.1875,22958.8125
4387.3125,4982.1875,22958.8125
4386.9375,4982.1875,22959.1875
4386.9375,4982.1875,22959.1875
4386.9375,4982.1875,22959.1875
4386.9375,4982.1875,22959.1875
4397.8125,4982.1875,22948.3125
4401.125,4982.1875,22945.0
4401.125,4982.1875,22945.0
4401.125,4982.1875,22945.0
4401.125,4982.1875,22945.0
4401.125,4982.1875,22945.0
4401.3125,4982.1875,22944.8125
4401.125,4982.125,22945.0
4401.125,4982.1875,22945.0
4401.125,4982.1875,22945.0
4401.125,4982.1875,22945.0
4401.125,4982.1875,22945.0
4401.125,4982.1875,22945.0
4401.125,4982.1875,22945.0
4401.125,4982.1875,22945.0
4401.125,4982.1875,22945.0
4400.1875,4982.1875,22945.9375
4400.1875,4982.1875,22945.9375
4400.1875,4982.1875,22945.9375
4400.5625,4982.1875,22945.5625
4400.5625,4982.1875,22945.5625
4400.5625,4982.1875,22945.5625
4400.5625,4982.1875,22945.5625
4400.5625,4982.1875,22945.5625
4400.5625,4982.1875,22945.5625
4400.5,4982.1875,22945.5625
4400.5,4982.1875,22945.5625
4400.3125,4982.1875,22945.75
4400.3125,4982.1875,22945.75
4400.3125,4982.1875,22945.75
4400.1875,4982.1875,22945.875
4401.75,4982.1875,22944.25
4402.0625,4982.25,22943.875
4402.0625,4982.25,22943.875
4401.875,4982.25,22944.0625
4401.5625,4982.25,22944.375
4401.5625,4982.25,22944.375
4401.5625,4982.25,22944.375
4401.5625,4982.25,22944.375
4401.5625,4982.25,22944.375
4401.5625,4982.25,22944.375
4401.5625,4982.25,22944.375
4401.5625,4982.25,22944.375
4401.5625,4982.25,22944.375
4401.375,4982.25,22944.5625
4401.5,4982.1875,22944.4375
4402.0625,4982.3125,22943.875
4402.0625,4982.3125,22943.875
4402.0625,4982.3125,22943.875
4402.0625,4982.3125,22943.875
4401.875,4982.3125,22944.0625
4402.1875,4982.3125,22943.75
4402.1875,4982.3125,22943.75
4402.1875,4982.3125,22943.75
4402.1875,4982.3125,22943.75
4402.1875,4982.3125,22943.75
4402.125,4982.3125,22943.8125
4402.125,4982.3125,22943.8125
4402.125,4982.3125,22943.8125
4402.125,4982.3125,22943.8125
4403.0625,4982.3125,22942.875
4403.4375,4982.3125,22942.5
4403.4375,4982.3125,22942.5
4403.4375,4982.3125,22942.5
4403.375,4982.3125,22942.5625
4403.375,4982.3125,22942.5625
4402.9375,4982.25,22943.0
4402.9375,4982.3125,22943.0
4402.9375,4982.3125,22943.0
4402.9375,4982.3125,22943.0
4402.9375,4982.3125,22943.0
4416.5,4982.375,22929.4375
4416.5,4982.375,22929.4375
4416.5,4982.375,22929.4375
4416.5,4982.375,22929.4375
4420.625,4982.375,22925.3125
4422.5,4982.375,22923.4375
4422.5,4982.375,22923.4375
4422.4375,4982.375,22923.5
4422.625,4982.375,22923.3125
4422.625,4982.3125,22923.3125
4422.8125,4982.375,22923.125
4422.8125,4982.375,22923.125
4422.8125,4982.375,22923.125
4422.8125,4982.375,22923.125
4422.8125,4982.375,22923.125
4422.75,4982.375,22923.1875
4422.75,4982.375,22923.1875
4422.75,4982.375,22923.1875
4422.75,4982.375,22923.1875
4422.75,4982.375,22923.1875
4423.625,4982.375,22922.3125
4423.625,4982.375,22922.3125
4423.625,4982.375,22922.3125
4423.4375,4982.375,22922.5
4423.4375,4982.375,22922.5
4423.4375,4982.375,22922.5
4423.4375,4982.375,22922.5
4423.4375,4982.375,22922.5
4423.3125,4982.375,22922.625
4423.3125,4982.375,22922.625
4423.3125,4982.375,22922.625
4423.3125,4982.375,22922.625
4423.3125,4982.375,22922.625
4423.3125,4982.375,22922.625
4423.375,4982.375,22922.5625
4424.0,4982.375,22921.875
4424.0,4982.375,22921.875
4424.0,4982.375,22921.875
4423.75,4982.375,22922.125
4423.5,4982.375,22922.375
4423.5,4982.375,22922.375
4423.5,4982.375,22922.375
4423.5,4982.375,22922.375
4423.5,4982.375,22922.375
4423.5,4982.375,22922.375
4423.6875,4982.375,22922.1875
4423.6875,4982.375,22922.1875
4423.8125,4982.4375,22922.0
4423.8125,4982.4375,22922.0
4423.3125,4982.4375,22922.0
4423.75,4982.4375,22921.5625
4423.75,4982.4375,22921.5625
4423.9375,4982.4375,22921.375
4423.9375,4982.4375,22921.375
4423.9375,4982.4375,22921.375
4423.9375,4982.4375,22921.375
4423.9375,4982.4375,22921.375
4423.9375,4982.4375,22921.375
4423.75,4982.4375,22921.5625
4423.6875,4982.5,22921.625
4423.6875,4982.5,22921.625
4423.6875,4982.5,22921.625
4423.5,4982.5,22921.8125
4423.5,4982.5,22921.8125
4423.3125,4982.5,22922.0
4423.9375,4982.5,22921.375
4423.9375,4982.5,22921.375
4423.9375,4982.5,22921.375
4423.9375,4982.5,22921.375
4423.9375,4982.4375,22921.375
4423.9375,4982.5,22921.375
4423.9375,4982.5,22921.375
4434.8125,4982.5,22910.5
4438.125,4982.5,22907.1875
4438.125,4982.5,22907.1875
4438.0,4982.5,22907.3125
4438.0,4982.5,22907.3125
4438.0,4982.5,22907.3125
4438.0,4982.5,22907.3125
4438.125,4982.5,22907.125
4437.9375,4982.5,22907.3125
4437.9375,4982.5,22907.3125
4437.9375,4982.5,22907.3125
4437.9375,4982.5,22907.3125
4437.9375,4982.5,22907.3125
4437.9375,4982.5,22907.3125
4437.875,4982.5,22907.375
4437.875,4982.5,22907.375
4437.875,4982.5,22907.375
4437.875,4982.5,22907.375
4437.875,4982.5,22907.375
4437.875,4982.5,22907.375
4437.875,4982.5,22907.375
4437.875,4982.5,22907.375
4439.25,4982.5,22906.0
4439.25,4982.5,22906.0
4439.375,4982.5,22905.875
4439.3125,4982.5,22905.9375
4439.1875,4982.5,22906.0625
4439.1875,4982.5,22906.0625
4438.0625,4982.5,22907.1875
4438.0625,4982.5,22907.1875
4438.0625,4982.5,22907.1875
4438.0625,4982.5,22907.1875
4438.0625,4982.5,22907.1875
4438.0625,4982.5,22907.1875
4438.0625,4982.5,22907.1875
4438.0625,4982.5,22907.1875
4438.0625,4982.5,22907.1875
4437.25,4982.5,22908.0
4437.125,4982.5,22908.0
4437.125,4982.5,22908.0
4437.125,4982.5,22908.0
4437.125,4982.5,22908.0
4437.125,4982.5,22908.0
4437.125,4982.4375,22908.0
4437.0625,4982.5,22908.0625
4437.0625,4982.5,22908.0625
4437.0625,4982.5,22908.0625
4437.25,4982.5,22907.875
4436.875,4982.5,22908.25
4436.875,4982.5,22908.25
4436.875,4982.5,22908.25
4436.875,4982.5,22908.25
4436.9375,4982.4375,22908.1875
4437.125,4982.5,22908.0
4437.125,4982.5,22908.0
4437.125,4982.5,22908.0
4437.125,4982.5,22908.0
4436.125,4982.4375,22908.5625
4434.4375,4982.625,22910.125
4434.25,4982.625,22910.3125
4434.25,4982.625,22910.3125
4434.25,4982.625,22910.3125
4434.25,4982.5625,22910.3125
4434.25,4982.625,22910.3125
4434.25,4982.625,22910.3125
4434.25,4982.625,22910.3125
4434.25,4982.625,22910.3125
4434.0625,4982.625,22910.5
4434.4375,4982.625,22910.125
4445.3125,4982.625,22899.25
4447.9375,4982.625,22896.625
4453.9375,4982.625,22890.625
4455.625,4982.625,22888.9375
4447.0,4982.5625,22897.5625
4448.875,4982.625,22895.6875
4448.875,4982.625,22895.6875
4448.875,4982.625,22895.6875
4448.875,4982.625,22895.6875
4448.875,4982.625,22895.6875
4448.6875,4982.625,22895.875
4448.3125,4982.625,22896.25
4448.25,4982.625,22896.3125
4447.875,4982.625,22896.6875
4448.5625,4982.625,22896.0
4448.5625,4982.625,22896.0
4448.5625,4982.625,22896.0
4448.5625,4982.625,22896.0
4446.3125,4982.625,22898.25
4446.3125,4982.625,22898.25
4446.125,4982.625,22898.4375
4446.125,4982.625,22898.4375
4446.125,4982.625,22898.4375
4446.125,4982.625,22898.4375
4446.125,4982.625,22898.4375
4446.125,4982.625,22898.4375
4446.125,4982.625,22898.4375
4446.125,4982.625,22898.4375
4445.875,4982.625,22898.6875
4446.125,4982.625,22898.4375
4446.125,4982.625,22898.4375
4446.125,4982.625,22898.4375
4446.125,4982.625,22898.4375
4446.3125,4982.625,22898.25
4446.3125,4982.625,22898.25
4446.125,4982.625,22898.4375
4446.125,4982.625,22898.4375
4446.125,4982.625,22898.4375
4446.125,4982.625,22898.4375
4446.125,4982.625,22898.4375
4446.125,4982.625,22898.4375
4446.125,4982.625,22898.4375
4446.125,4982.625,22898.4375
4446.25,4982.6875,22898.25
4446.3125,4982.6875,22898.125
4446.3125,4982.6875,22898.125
4446.25,4982.6875,22898.1875
4446.0,4982.6875,22898.4375
4446.75,4982.6875,22897.6875
4446.5,4982.625,22897.9375
4446.5,4982.6875,22897.9375
4446.5,4982.6875,22897.9375
4446.5,4982.6875,22897.9375
4446.5,4982.6875,22897.9375
4446.5,4982.6875,22897.9375
4446.5,4982.6875,22897.9375
4446.5,4982.6875,22897.9375
4446.5,4982.6875,22897.9375
4446.375,4982.6875,22898.0625
4446.4375,4982.6875,22898.0
4446.4375,4982.6875,22898.0
4446.25,4982.6875,22898.1875
4446.4375,4982.6875,22898.0
4446.3125,4982.6875,22898.0
4446.3125,4982.6875,22898.0
4446.3125,4982.6875,22898.0
4446.3125,4982.6875,22898.0
4446.3125,4982.6875,22898.0
4446.3125,4982.6875,22898.0
4446.25,4982.6875,22898.0625
4457.125,4982.6875,22887.1875
4459.75,4982.6875,22884.5625
4459.75,4982.6875,22884.5625
4458.75,4982.6875,22885.5625
4458.75,4982.6875,22885.5625
4458.5625,4982.6875,22885.75
4458.5625,4982.6875,22885.75
4458.5625,4982.6875,22885.75
4458.5625,4982.6875,22885.75
4458.5625,4982.6875,22885.75
4458.5625,4982.6875,22885.75
4458.5625,4982.6875,22885.75
4458.5625,4982.6875,22885.75
4458.5625,4982.6875,22885.75
4458.5,4982.6875,22885.8125
4458.5,4982.6875,22885.8125
4458.5,4982.6875,22885.8125
4458.5,4982.6875,22885.8125
4458.0,4982.6875,22886.3125
4458.9375,4982.6875,22885.375
4458.9375,4982.6875,22885.375
4458.5,4982.6875,22885.8125
4458.5,4982.6875,22885.8125
4457.75,4982.6875,22886.5625
4457.75,4982.6875,22886.5625
4457.75,4982.6875,22886.5625
4457.75,4982.6875,22886.5625
4457.75,4982.6875,22886.5625
4457.75,4982.6875,22886.5625
4457.75,4982.6875,22886.5625
4457.9375,4982.6875,22886.375
4457.9375,4982.6875,22886.375
4457.9375,4982.6875,22886.375
4458.25,4982.6875,22885.9375
4458.25,4982.6875,22885.9375
4458.0625,4982.6875,22886.125
4458.0625,4982.6875,22886.125
4458.0625,4982.6875,22886.125
4457.75,4982.6875,22886.4375
4457.9375,4982.6875,22886.25
4457.9375,4982.6875,22886.25
4457.9375,4982.6875,22886.25
4457.875,4982.6875,22886.3125
4457.875,4982.6875,22886.3125
4458.0625,4982.6875,22886.125
4458.0625,4982.6875,22886.125
4458.25,4982.6875,22885.9375
4458.25,4982.6875,22885.9375
4458.1875,4982.6875,22885.9375
4458.1875,4982.6875,22885.9375
4458.1875,4982.6875,22885.9375
4458.1875,4982.6875,22885.9375
4458.375,4982.6875,22885.75
4458.375,4982.6875,22885.75
4458.375,4982.6875,22885.75
4458.375,4982.6875,22885.75
4458.375,4982.6875,22885.75
4458.375,4982.6875,22885.75
4458.375,4982.6875,22885.75
4458.375,4982.6875,22885.75
4458.0625,4982.6875,22886.0625
4458.0625,4982.6875,22886.0625
4458.0625,4982.6875,22886.0625
4458.6875,4982.6875,22885.1875
4458.5,4982.6875,22885.375
4458.6875,4982.6875,22885.1875
4458.6875,4982.6875,22885.1875
4458.625,4982.6875,22885.25
4458.4375,4982.6875,22885.4375
4472.0625,4982.6875,22871.8125
4472.0625,4982.6875,22871.8125
4472.0625,4982.6875,22871.8125
4472.0625,4982.6875,22871.8125
4472.0625,4982.6875,22871.8125
4472.25,4982.6875,22871.625
4472.0625,4982.6875,22871.8125
4471.875,4982.6875,22872.0
4471.875,4982.6875,22872.0
4472.1875,4982.6875,22871.6875
4472.0,4982.6875,22871.875
4472.375,4982.6875,22871.5
4472.375,4982.6875,22871.5
4472.5625,4982.6875,22871.3125
4472.5625,4982.6875,22871.3125
4472.5625,4982.6875,22871.3125
4472.5625,4982.6875,22871.3125
4472.375,4982.6875,22871.5
4472.5625,4982.6875,22871.3125
4472.5625,4982.6875,22871.3125
4472.5625,4982.6875,22871.3125
4472.5625,4982.6875,22871.3125
4472.375,4982.6875,22871.5
4472.5625,4982.6875,22871.3125
4487.3125,4982.6875,22856.625
4479.875,4982.6875,22864.0625
4479.8125,4982.6875,22864.125
4479.8125,4982.6875,22864.125
4479.9375,4982.6875,22864.0
4479.5,4982.6875,22864.4375
4479.5,4982.6875,22864.4375
4479.6875,4982.6875,22864.25
4479.5,4982.6875,22864.4375
4479.4375,4982.6875,22864.5
4479.4375,4982.6875,22864.5
4479.4375,4982.6875,22864.5
4479.4375,4982.6875,22864.5
4479.25,4982.6875,22864.6875
4479.4375,4982.6875,22864.5
4479.6875,4982.6875,22864.0
4479.6875,4982.6875,22864.0
4479.6875,4982.6875,22864.0
4479.5625,4982.6875,22864.125
4479.5625,4982.6875,22864.125
4479.5625,4982.6875,22864.125
4479.5625,4982.6875,22864.125
4479.5625,4982.6875,22864.125
4479.5625,4982.6875,22864.125
4479.5625,4982.6875,22864.125
4479.5625,4982.6875,22864.125
4479.375,4982.6875,22864.3125
4479.5625,4982.6875,22864.125
4479.375,4982.6875,22864.3125
4479.375,4982.6875,22864.3125
4479.375,4982.6875,22864.25
4479.1875,4982.6875,22864.4375
4479.375,4982.6875,22864.25
4479.375,4982.6875,22864.25
4479.375,4982.6875,22864.25
4479.1875,4982.6875,22864.4375
4479.1875,4982.6875,22864.4375
4479.1875,4982.6875,22864.4375
4479.1875,4982.6875,22864.4375
4479.1875,4982.6875,22864.4375
4479.375,4982.6875,22864.25
4479.375,4982.6875,22864.25
4479.375,4982.6875,22864.25
4479.0625,4982.6875,22864.5625
4479.0625,4982.6875,22864.5625
4478.1875,4982.6875,22865.4375
4478.1875,4982.6875,22865.4375
4492.25,4982.6875,22851.375
4492.25,4982.6875,22851.375
4492.1875,4982.6875,22851.4375
4492.1875,4982.6875,22851.4375
4492.1875,4982.6875,22851.4375
4492.125,4982.6875,22851.5
4492.125,4982.6875,22851.5
4492.0625,4982.6875,22851.5625
4492.0625,4982.6875,22851.5625
4492.0625,4982.6875,22851.5625
4492.0625,4982.6875,22851.5625
4492.0625,4982.6875,22851.5625
4491.6875,4982.6875,22851.9375
4491.25,4982.6875,22852.0625
4491.25,4982.6875,22852.0625
4491.0625,4982.6875,22852.25
4491.25,4982.6875,22852.0625
4491.25,4982.6875,22852.0625
4491.25,4982.6875,22852.0625
4491.25,4982.6875,22852.0625
4491.25,4982.6875,22852.0625
4491.25,4982.75,22852.0625
4491.25,4982.75,22852.0625
4491.25,4982.75,22852.0625
4491.125,4982.75,22852.1875
4491.125,4982.75,22852.1875
4491.125,4982.75,22852.1875
4491.125,4982.75,22852.1875
4492.4375,4982.75,22850.875
4492.4375,4982.75,22850.875
4492.4375,4982.75,22850.875
4492.4375,4982.75,22850.875
4492.4375,4982.75,22850.875
4492.4375,4982.75,22850.875
4492.4375,4982.75,22850.875
4492.4375,4982.75,22850.875
4492.4375,4982.75,22850.875
4492.4375,4982.75,22850.875
4492.4375,4982.75,22850.875
4492.4375,4982.75,22850.875
4492.4375,4982.75,22850.875
4492.4375,4982.75,22850.875
4492.625,4982.75,22850.6875
4492.9375,4982.75,22850.25
4492.9375,4982.75,22850.25
4494.625,4982.75,22848.5625
4494.625,4982.75,22848.5625
4494.625,4982.75,22848.5625
4494.625,4982.75,22848.5625
4494.625,4982.75,22848.5625
4493.5,4982.75,22849.6875
4493.5,4982.75,22849.6875
4493.5,4982.75,22849.6875
4493.5,4982.75,22849.6875
4493.4375,4982.75,22849.75
4493.4375,4982.75,22849.75
4493.4375,4982.75,22849.75
4493.1875,4982.75,22850.0
4493.25,4982.75,22849.9375
4493.25,4982.75,22849.9375
4493.25,4982.6875,22849.9375
4493.375,4982.75,22849.8125
4493.375,4982.75,22849.8125
4493.375,4982.75,22849.8125
4493.3125,4982.75,22849.875
4493.3125,4982.75,22849.875
4493.3125,4982.75,22849.875
4493.3125,4982.75,22849.875
4492.875,4982.75,22850.25
4492.875,4982.75,22850.25
4492.875,4982.75,22850.25
4492.6875,4982.75,22850.4375
4492.6875,4982.75,22850.4375
4492.4375,4982.75,22850.625
4492.25,4982.75,22850.8125
4492.25,4982.75,22850.8125
4507.25,4982.75,22835.8125
4506.875,4982.75,22836.1875
4506.875,4982.75,22836.1875
4506.875,4982.75,22836.1875
4506.875,4982.75,22836.1875
4506.875,4982.75,22836.1875
4506.875,4982.75,22836.1875
4506.875,4982.75,22836.1875
4506.875,4982.75,22836.1875
4506.875,4982.75,22836.1875
4503.25,4982.75,22839.8125
4503.125,4982.75,22839.9375
4503.4375,4982.75,22839.625
4503.4375,4982.75,22839.625
4504.375,4982.75,22838.6875
4510.5625,4982.75,22832.5
4515.4375,4982.75,22827.625
4505.8125,4982.75,22837.25
4505.8125,4982.75,22837.25
4505.8125,4982.75,22837.25
4505.625,4982.75,22837.4375
4505.625,4982.75,22837.4375
4505.625,4982.75,22837.4375
4505.5625,4982.75,22837.5
4505.3125,4982.75,22837.75
4505.3125,4982.75,22837.75
4505.0625,4982.75,22838.0
4504.125,4982.75,22838.9375
4504.125,4982.75,22838.9375
4504.125,4982.75,22838.9375
4504.125,4982.75,22838.9375
4503.9375,4982.75,22839.125
4503.75,4982.75,22839.3125
4503.75,4982.75,22839.3125
4503.75,4982.75,22839.3125
4503.75,4982.75,22839.3125
4503.75,4982.75,22839.3125
4503.75,4982.75,22839.3125
4503.5625,4982.75,22839.5
4503.5625,4982.75,22839.5
4503.5625,4982.75,22839.5
4503.875,4982.75,22839.1875
4504.625,4982.75,22838.4375
4504.625,4982.75,22838.4375
4504.4375,4982.75,22838.625
4504.4375,4982.75,22838.625
4504.4375,4982.75,22838.625
4504.4375,4982.75,22838.625
4504.4375,4982.75,22838.625
4504.4375,4982.75,22838.625
4504.4375,4982.75,22838.625
4504.4375,4982.75,22838.625
4504.4375,4982.6875,22838.625
4504.625,4982.75,22838.4375
4504.625,4982.75,22838.4375
4504.625,4982.75,22838.4375
4504.4375,4982.75,22838.625
4503.9375,4982.75,22839.125
4503.9375,4982.75,22839.125
4503.9375,4982.75,22839.125
4503.9375,4982.75,22839.125
4503.75,4982.75,22839.3125
4503.75,4982.75,22839.3125
4503.75,4982.75,22839.3125
4503.75,4982.75,22839.3125
4503.75,4982.75,22839.3125
4503.75,4982.75,22839.3125
4503.75,4982.75,22839.3125
4503.75,4982.75,22839.3125
4503.75,4982.75,22839.3125
4503.75,4982.75,22839.3125
4504.25,4982.75,22838.8125
4504.0,4982.75,22839.0625
4503.9375,4982.75,22839.125
4503.9375,4982.75,22839.125
4503.8125,4982.75,22839.25
4503.6875,4982.75,22839.375
4503.6875,4982.75,22839.375
4504.0625,4982.75,22839.0
4498.8125,4983.9375,22843.0625
4498.8125,4983.9375,22843.0625
4498.8125,4983.9375,22843.0625
4498.8125,4983.9375,22843.0625
4498.625,4983.9375,22843.25
4498.625,4983.9375,22843.25
4498.5625,4983.9375,22843.3125
4498.5,4983.9375,22843.375
4497.8125,4983.9375,22844.0625
4497.8125,4983.9375,22844.0625
4497.75,4983.9375,22844.125
4497.625,4983.9375,22844.25
4497.4375,4983.9375,22844.4375
4497.4375,4983.875,22844.4375
4497.375,4983.9375,22844.5
4497.25,4983.9375,22844.625
4497.25,4983.9375,22844.625
4497.25,4983.9375,22844.625
4497.25,4983.9375,22844.625
4497.25,4983.9375,22844.625
4497.25,4983.9375,22844.625
4497.25,4983.9375,22844.625
4497.4375,4983.9375,22844.4375
4497.9375,4983.9375,22843.5
4497.75,4983.9375,22843.6875
4497.75,4983.9375,22843.6875
4497.6875,4983.9375,22843.75
4497.6875,4983.9375,22843.75
4497.6875,4983.9375,22843.75
4497.6875,4983.9375,22843.75
4497.6875,4983.9375,22843.75
4497.6875,4983.9375,22843.75
4497.6875,4983.9375,22843.75
4497.6875,4983.9375,22843.75
4497.6875,4983.9375,22843.75
4497.6875,4983.9375,22843.75
4497.6875,4983.9375,22843.75
4497.75,4983.9375,22843.6875
4497.9375,4983.9375,22843.5
4497.9375,4983.9375,22843.5
4497.9375,4983.9375,22843.5
4497.9375,4983.9375,22843.5
4497.75,4983.9375,22843.6875
4497.75,4983.9375,22843.6875
4497.75,4983.9375,22843.6875
4497.9375,4983.9375,22843.5
4497.9375,4983.9375,22843.5
4497.9375,4983.9375,22843.5
4497.9375,4983.9375,22843.5
4497.9375,4983.9375,22843.5
4497.9375,4983.9375,22843.5
4497.9375,4983.9375,22843.5
4497.5,4983.9375,22843.9375
4497.8125,4983.9375,22843.625
4497.8125,4983.9375,22843.625
4497.8125,4983.9375,22843.625
4497.8125,4983.9375,22843.625
4497.8125,4983.9375,22843.625
4497.8125,4983.875,22843.625
4497.8125,4983.9375,22843.625
4497.8125,4983.9375,22843.625
4497.8125,4983.9375,22843.625
4497.8125,4983.9375,22843.625
4497.8125,4983.9375,22843.625
4497.8125,4983.9375,22843.625
4518.375,4983.9375,22823.0625
4518.1875,4983.9375,22823.25
4518.0625,4983.9375,22823.375
4518.6875,4983.9375,22822.625
4518.6875,4983.9375,22822.625
4518.6875,4983.9375,22822.625
4518.6875,4983.9375,22822.625
4518.3125,4983.9375,22823.0
4518.0,4983.9375,22823.3125
4517.6875,4983.9375,22823.625
4517.6875,4983.9375,22823.625
4517.6875,4983.9375,22823.625
4517.6875,4983.9375,22823.625
4517.625,4983.9375,22823.6875
4517.625,4983.9375,22823.6875
4517.625,4983.9375,22823.6875
4517.625,4983.9375,22823.6875
4517.375,4983.9375,22823.9375
4517.8125,4983.9375,22823.5
4517.8125,4983.9375,22823.5
4517.8125,4983.9375,22823.5
4517.8125,4983.9375,22823.5
4517.5625,4983.9375,22823.75
4517.5625,4983.9375,22823.75
4517.5625,4983.9375,22823.75
4517.5625,4983.9375,22823.75
4517.5625,4983.9375,22823.75
4517.5625,4983.9375,22823.75
4517.5625,4983.9375,22823.75
4517.5625,4983.9375,22823.75
4517.5625,4983.9375,22823.75
4517.5625,4983.9375,22823.75
4517.3125,4983.9375,22823.9375
4523.3125,4983.9375,22817.875
4523.3125,4983.9375,22817.875
4523.3125,4983.9375,22817.875
4523.125,4983.9375,22818.0625
4523.125,4983.9375,22818.0625
4523.125,4983.9375,22818.0625
4523.0625,4983.9375,22818.125
4523.0625,4983.9375,22818.125
4523.0625,4983.9375,22818.125
4523.0,4983.9375,22818.1875
4523.0,4983.9375,22818.1875
4523.0,4983.9375,22818.1875
4522.875,4983.9375,22818.3125
4523.0,4983.9375,22818.1875
4519.0625,4983.9375,22822.0625
4519.875,4983.9375,22821.25
4519.875,4983.9375,22821.25
4519.875,4983.9375,22821.25
4519.875,4983.9375,22821.25
4519.875,4983.9375,22821.25
4519.875,4983.9375,22821.25
4519.8125,4983.9375,22821.3125
4519.8125,4983.9375,22821.3125
4519.8125,4983.9375,22821.3125
4519.8125,4983.9375,22821.3125
4519.8125,4983.9375,22821.3125
4519.8125,4983.9375,22821.3125
4519.8125,4983.9375,22821.3125
4519.8125,4983.9375,22821.3125
4519.5625,4983.9375,22821.5625
4520.3125,4983.9375,22820.6875
4520.3125,4983.9375,22820.6875
4520.3125,4983.9375,22820.6875
4520.3125,4983.9375,22820.6875
4520.6875,4984.1875,22820.1875
4520.6875,4984.1875,22820.1875
4520.8125,4984.25,22820.0625
4520.8125,4984.25,22820.0625
4520.8125,4984.25,22820.0625
4520.8125,4984.25,22820.0625
4520.8125,4984.25,22820.0625
4520.9375,4984.1875,22819.9375
4520.9375,4984.25,22819.9375
4520.5625,4984.25,22820.3125
4520.5,4984.25,22820.375
4520.6875,4984.25,22820.1875
4520.6875,4984.25,22820.1875
4520.6875,4984.25,22820.1875
4520.6875,4984.25,22820.1875
4520.6875,4984.25,22820.1875
4520.5,4984.3125,22820.375
4520.5,4984.3125,22820.375
4520.5,4984.3125,22820.375
4520.5,4984.3125,22820.375
4520.5,4984.3125,22820.375
4520.5,4984.3125,22820.375
4520.5,4984.3125,22820.375
4520.6875,4984.3125,22820.1875
4520.6875,4984.3125,22820.1875
4520.375,4984.3125,22820.5
4520.375,4984.3125,22820.5
4520.375,4984.3125,22820.5
4520.375,4984.3125,22820.5
4520.375,4984.3125,22820.5
4519.9375,4984.3125,22820.6875
4519.9375,4984.3125,22820.6875
4519.9375,4984.3125,22820.6875
4519.9375,4984.3125,22820.6875
4519.9375,4984.3125,22820.6875
4519.9375,4984.3125,22820.6875
4519.9375,4984.3125,22820.6875
4519.75,4984.3125,22820.875
4519.75,4984.3125,22820.875
4519.75,4984.3125,22820.875
4519.875,4984.3125,22820.75
4520.0,4984.3125,22820.5625
4520.0,4984.3125,22820.5625
4520.0,4984.3125,22820.5625
4520.0,4984.3125,22820.5625
4520.0,4984.3125,22820.5625
4519.875,4984.3125,22820.6875
4519.8125,4984.3125,22820.75
4519.8125,4984.3125,22820.75
4519.8125,4984.3125,22820.75
4519.8125,4984.3125,22820.75
4519.8125,4984.3125,22820.75
4519.8125,4984.3125,22820.75
4519.8125,4984.3125,22820.75
4519.8125,4984.3125,22820.75
4519.5625,4984.3125,22821.0
4519.25,4984.3125,22821.3125
4519.25,4984.3125,22821.3125
4519.25,4984.3125,22821.3125
4519.0625,4984.3125,22821.5
4519.4375,4984.3125,22821.125
4520.9375,4984.3125,22819.625
4520.9375,4984.3125,22819.625
4520.9375,4984.3125,22819.625
4520.9375,4984.3125,22819.625
4520.9375,4984.3125,22819.625
4519.625,4984.3125,22820.9375
4519.625,4984.3125,22820.9375
4519.625,4984.3125,22820.9375
4519.625,4984.3125,22820.9375
4519.25,4984.3125,22821.3125
4519.5625,4984.3125,22820.875
4519.5625,4984.3125,22820.875
4519.5625,4984.3125,22820.875
4519.5625,4984.3125,22820.875
4519.5625,4984.3125,22820.875
4519.5625,4984.3125,22820.875
4519.5625,4984.3125,22820.875
4519.5625,4984.3125,22820.875
4519.5625,4984.3125,22820.875
4519.5625,4984.3125,22820.875
4519.9375,4984.3125,22820.5
4519.75,4984.3125,22820.6875
4519.75,4984.3125,22820.6875
4519.5,4984.3125,22820.9375
4520.0,4984.3125,22820.4375
4520.4375,4984.3125,22820.0
4520.4375,4984.3125,22820.0
4520.4375,4984.3125,22820.0
4520.4375,4984.3125,22820.0
4520.4375,4984.3125,22820.0
4520.4375,4984.3125,22820.0
4520.4375,4984.3125,22820.0
4520.4375,4984.3125,22820.0
4520.4375,4984.3125,22820.0
4520.4375,4984.3125,22820.0
4520.4375,4984.3125,22820.0
4520.4375,4984.3125,22820.0
4520.4375,4984.3125,22820.0
4520.25,4984.3125,22820.1875
4520.25,4984.3125,22820.1875
4519.8125,4984.3125,22820.5
4519.8125,4984.3125,22820.5
4526.375,4984.3125,22813.9375
4527.3125,4984.3125,22813.0
4520.75,4984.3125,22819.5625
4520.9375,4984.3125,22819.375
4520.9375,4984.3125,22819.375
4520.9375,4984.3125,22819.375
4520.9375,4984.3125,22819.375
4520.75,4984.3125,22819.5625
4520.5625,4984.3125,22819.75
4520.5625,4984.3125,22819.75
4520.4375,4984.3125,22819.875
4520.25,4984.3125,22820.0625
4520.625,4984.3125,22819.6875
4520.1875,4984.3125,22820.125
4520.1875,4984.3125,22820.125
4520.125,4984.3125,22820.1875
4520.125,4984.3125,22820.1875
4520.125,4984.3125,22820.1875
4520.125,4984.3125,22820.1875
4520.125,4984.3125,22820.1875
4520.125,4984.3125,22820.1875
4519.9375,4984.3125,22820.375
4519.875,4984.3125,22820.5
4519.875,4984.3125,22820.5
4519.875,4984.3125,22820.5
4519.6875,4984.3125,22820.6875
4519.6875,4984.3125,22820.6875
4519.5625,4984.25,22820.8125
4520.5,4984.3125,22819.875
4520.5,4984.3125,22819.875
4520.5,4984.3125,22819.875
4520.5,4984.3125,22819.875
4520.5,4984.3125,22819.875
4520.5,4984.3125,22819.875
4520.5,4984.3125,22819.875
4520.5,4984.3125,22819.875
4520.4375,4984.3125,22819.9375
4520.4375,4984.3125,22819.9375
4520.4375,4984.3125,22819.9375
4520.4375,4984.3125,22819.9375
4520.4375,4984.3125,22819.9375
4520.4375,4984.3125,22819.9375
4520.5625,4984.3125,22819.8125
4520.6875,4984.3125,22819.6875
4519.1875,4984.3125,22821.1875
4519.1875,4984.3125,22821.1875
4519.1875,4984.3125,22821.1875
4519.125,4984.3125,22821.25
4519.125,4984.25,22821.25
4519.125,4984.3125,22821.25
4519.125,4984.3125,22821.25
4519.125,4984.3125,22821.25
4519.125,4984.3125,22821.25
4519.125,4984.3125,22821.25
4519.125,4984.3125,22821.25
4519.125,4984.3125,22821.25
4519.125,4984.3125,22821.25
4519.0,4984.3125,22821.375
4519.0625,4984.3125,22821.3125
4519.0625,4984.3125,22821.3125
4519.0625,4984.3125,22821.3125
4519.0625,4984.3125,22821.3125
4518.9375,4984.3125,22821.4375
4518.9375,4984.3125,22821.4375
4518.75,4984.3125,22821.625
4518.75,4984.3125,22821.625
4518.75,4984.3125,22821.625
4518.75,4984.3125,22821.625
4518.75,4984.3125,22821.625
4518.75,4984.3125,22821.625
4518.75,4984.3125,22821.625
4518.9375,4984.3125,22821.4375
4518.9375,4984.3125,22821.4375
4519.375,4984.3125,22821.0
4519.375,4984.3125,22821.0
4519.375,4984.3125,22821.0
4519.0625,4984.3125,22821.3125
4519.0625,4984.3125,22821.3125
4519.125,4984.3125,22821.25
4519.125,4984.3125,22821.25
4519.125,4984.3125,22821.25
4519.125,4984.3125,22821.25
4519.125,4984.3125,22821.25
4519.125,4984.3125,22821.25
4519.0625,4984.3125,22821.3125
4518.875,4984.3125,22821.5
4518.875,4984.3125,22821.5
4518.5,4984.3125,22821.875
4518.4375,4984.3125,22821.9375
4518.4375,4984.3125,22821.9375
4518.4375,4984.3125,22821.9375
4518.4375,4984.3125,22821.9375
4518.3125,4984.3125,22822.0625
4518.3125,4984.3125,22822.0625
4518.3125,4984.3125,22822.0625
4518.3125,4984.3125,22822.0625
4518.3125,4984.3125,22822.0625
4518.25,4984.3125,22822.125
4518.25,4984.3125,22822.125
4518.25,4984.3125,22822.125
4518.25,4984.3125,22822.125
4517.875,4984.3125,22822.125
4517.6875,4984.3125,22822.3125
4518.3125,4984.3125,22821.625
4518.1875,4984.3125,22821.75
4518.1875,4984.3125,22821.75
4518.1875,4984.3125,22821.75
4518.1875,4984.3125,22821.75
4518.1875,4984.3125,22821.75
4534.4375,4984.3125,22805.5
4536.25,4984.3125,22803.6875
4536.25,4984.3125,22803.6875
4536.25,4984.3125,22803.6875
4536.25,4984.3125,22803.6875
4536.25,4984.3125,22803.6875
4536.25,4984.25,22803.6875
4536.1875,4984.3125,22803.75
4536.75,4984.3125,22803.1875
4536.5,4984.3125,22803.4375
4536.5,4984.3125,22803.4375
4536.5,4984.3125,22803.4375
4535.375,4984.3125,22804.5625
4535.5,4984.25,22804.4375
4535.5625,4984.3125,22804.375
4535.75,4984.3125,22804.1875
4535.75,4984.3125,22804.1875
4535.75,4984.3125,22804.1875
4535.75,4984.3125,22804.1875
4535.75,4984.3125,22804.1875
4535.75,4984.3125,22804.1875
4535.75,4984.3125,22804.1875
4535.75,4984.3125,22804.1875
4534.5625,4984.3125,22805.375
4534.4375,4984.3125,22805.5
4534.4375,4984.3125,22805.5
4534.4375,4984.3125,22805.5
4534.625,4984.3125,22805.3125
4534.625,4984.3125,22805.3125
4534.625,4984.3125,22805.3125
4534.625,4984.3125,22805.3125
4534.625,4984.3125,22805.3125
4534.625,4984.3125,22805.3125
4534.625,4984.3125,22805.3125
4534.625,4984.3125,22805.3125
4570.75,4994.375,22758.8125
4559.0625,4999.0,22765.1875
4559.0625,4999.0,22765.1875
4559.5,4999.0,22764.625
4559.875,4999.0,22764.25
4559.875,4999.0,22764.25
4560.0625,4998.9375,22764.0625
4560.0625,4999.0,22764.0625
4560.0625,4999.0,22764.0625
4560.0625,4999.0,22764.0625
4556.0625,4999.0625,22768.0625
4550.0625,4999.75,22773.5625
4550.0625,4999.75,22773.5625
4549.875,4999.75,22773.75
4549.875,4999.75,22773.75
4549.875,4999.75,22773.75
4549.6875,4999.6875,22773.9375
4549.3125,4999.75,22774.3125
4549.6875,4999.6875,22773.8125
4556.4375,4999.9375,22767.0
4556.75,4999.875,22766.75
4556.75,4999.875,22766.75
4556.9375,4999.875,22766.5625
4555.875,4999.875,22767.625
4555.875,4999.8125,22767.625
4555.875,4999.875,22767.625
4555.875,4999.875,22767.625
4555.875,4999.875,22767.625
4555.6875,4999.875,22767.8125
4556.0625,4999.875,22767.4375
4555.875,4999.875,22767.625
4555.875,4999.875,22767.625
4555.625,4999.875,22767.8125
4555.625,4999.875,22767.8125
4555.625,4999.875,22767.8125
4555.625,4999.875,22767.8125
4555.625,4999.8125,22767.8125
4555.625,4999.875,22767.8125
4555.625,4999.875,22767.8125
4555.25,4999.875,22768.1875
4555.625,4999.875,22767.8125
4555.8125,4999.875,22767.625
4555.625,4999.875,22767.8125
4555.4375,4999.875,22768.0
4555.25,4999.875,22768.1875
4555.8125,4999.875,22767.625
4555.8125,4999.875,22767.625
4555.8125,4999.9375,22767.625
4555.5625,5000.0,22767.8125
4555.375,5000.0,22768.0
4555.375,5000.0,22768.0
4555.0625,5000.0,22768.3125
4555.0625,5000.0,22768.3125
4555.1875,5000.0,22768.1875
4555.0,5000.0,22768.375
4554.75,5000.0,22768.625
4554.6875,5000.0,22768.6875
4554.6875,5000.0,22768.6875
4554.875,5000.0,22768.5
4554.875,5000.0,22768.5
4555.0625,5000.0625,22768.3125
4555.0,5000.0625,22768.375
4555.0,5000.0625,22768.375
4554.75,5000.0625,22768.625
4553.5,5000.0625,22769.5625
4553.125,5000.0625,22769.9375
4553.125,5000.0625,22769.9375
4553.0,5000.0625,22770.0625
4553.0,5000.0625,22770.0625
4553.0,5000.0625,22770.0625
4553.0,5000.0625,22770.0625
4553.0,5000.0625,22770.0625
4553.0,5000.0625,22770.0625
4552.8125,5000.0625,22770.25
4552.8125,5000.0625,22770.25
4552.8125,5000.0625,22770.25
4552.8125,5000.0625,22770.25
4552.8125,5000.0625,22770.25
4552.8125,5000.0625,22770.25
4553.1875,5000.0625,22769.8125
4553.1875,5000.0625,22769.8125
4552.875,5000.0625,22770.125
4552.875,5000.0625,22770.125
4552.875,5000.0625,22770.125
4552.875,5000.0625,22770.125
4552.875,5000.0625,22770.125
4552.875,5000.0625,22770.125
4552.875,5000.0625,22770.125
4552.875,5000.0625,22770.125
4552.875,5000.0625,22770.125
4552.875,5000.0625,22770.125
4552.875,5000.0625,22770.125
4552.875,5000.0625,22770.125
4552.3125,5000.0625,22770.6875
4552.625,5000.0625,22770.375
4552.625,5000.0625,22770.375
4552.625,5000.0625,22770.375
4552.625,5000.0625,22770.375
4552.9375,5000.0625,22770.0625
4552.9375,5000.0625,22770.0625
4552.9375,5000.0625,22770.0625
4552.9375,5000.0625,22770.0625
4552.9375,5000.0625,22770.0625
4552.75,5000.0625,22770.25
4552.75,5000.0625,22770.25
4552.75,5000.0625,22770.25
4552.75,5000.0625,22770.25
4552.75,5000.0625,22770.25
4552.5,5000.0625,22770.4375
4553.25,5000.0625,22769.6875
4553.25,5000.0625,22769.6875
4553.25,5000.0625,22769.6875
4561.125,5000.125,22761.75
4556.4375,5000.25,22766.375
4556.5625,5000.25,22766.25
4556.5625,5000.25,22766.25
4556.5625,5000.25,22766.25
4558.25,5000.25,22764.5625
4558.25,5000.1875,22764.5625
4558.25,5000.25,22764.5625
4558.25,5000.25,22764.5625
4558.25,5000.25,22764.5625
4558.25,5000.25,22764.5625
4556.9375,5000.25,22765.875
4557.0625,5000.25,22765.75
4557.0625,5000.25,22765.75
4557.0625,5000.25,22765.75
4557.0625,5000.25,22765.75
4556.875,5000.25,22765.9375
4556.875,5000.25,22765.9375
4556.875,5000.25,22765.9375
4556.875,5000.25,22765.9375
4556.875,5000.25,22765.9375
4556.875,5000.25,22765.9375
4556.875,5000.25,22765.9375
4556.875,5000.25,22765.9375
4556.6875,5000.25,22766.125
4556.6875,5000.25,22766.125
4556.375,5000.25,22766.125
4556.5625,5000.25,22765.9375
4556.5625,5000.25,22765.9375
4556.5625,5000.25,22765.9375
4556.375,5000.25,22766.125
4556.375,5000.25,22766.125
4556.375,5000.25,22766.125
4556.375,5000.25,22766.125
4556.375,5000.25,22766.125
4556.375,5000.25,22766.125
4556.25,5000.25,22766.25
4556.25,5000.25,22766.25
4556.25,5000.25,22766.25
4556.25,5000.25,22766.25
4556.25,5000.25,22766.25
4556.0625,5000.25,22766.4375
4555.875,5000.25,22766.625
4555.875,5000.25,22766.625
4561.4375,5000.25,22761.0625
4563.3125,5000.25,22759.1875
4559.5,5000.25,22763.0
4557.4375,5000.25,22765.0625
4557.4375,5000.25,22765.0625
4557.4375,5000.25,22765.0625
4557.4375,5000.25,22765.0625
4557.4375,5000.25,22765.0625
4557.4375,5000.25,22765.0625
4557.4375,5000.25,22765.0625
4557.4375,5000.25,22765.0625
4557.4375,5000.25,22765.0625
4557.625,5000.875,22764.875
4557.1875,5000.875,22765.3125
4557.1875,5000.8125,22765.3125
4557.1875,5000.875,22765.3125
4557.0,5000.875,22765.5
4556.8125,5000.875,22765.6875
4556.8125,5000.875,22765.6875
4556.8125,5000.875,22765.6875
4556.8125,5000.875,22765.6875
4556.8125,5000.875,22765.6875
4546.375,5000.875,22776.125
4543.25,5000.9375,22778.625
4543.25,5000.9375,22778.625
4543.25,5000.9375,22778.625
4543.25,5000.9375,22778.625
4543.1875,5000.9375,22778.6875
4543.0625,5000.9375,22778.8125
4543.0625,5000.9375,22778.8125
4543.0,5000.9375,22778.875
4542.8125,5000.9375,22779.0625
4542.3125,5000.9375,22779.375
4542.3125,5000.9375,22779.375
4542.3125,5000.9375,22779.375
4542.125,5000.9375,22779.5625
4541.9375,5000.9375,22779.75
4541.9375,5000.9375,22779.75
4541.9375,5000.9375,22779.75
4541.875,5000.9375,22779.8125
4541.875,5000.9375,22779.8125
4541.875,5000.9375,22779.8125
4541.9375,5000.9375,22779.75
4542.5,5000.875,22779.1875
4542.5,5000.875,22779.1875
4542.5,5000.875,22779.1875
4542.625,5000.875,22779.0625
4542.625,5000.875,22779.0625
4542.75,5000.625,22779.0625
4542.75,5000.625,22779.0625
4542.75,5000.625,22779.0625
4542.75,5000.625,22779.0625
4542.75,5000.625,22779.0625
4542.75,5000.625,22779.0625
4542.625,5000.625,22779.25
4542.6875,5000.625,22779.25
4542.5,5000.625,22779.4375
4542.625,5000.625,22779.3125
4543.0,5000.625,22778.9375
4543.0,5000.625,22778.9375
4542.8125,5000.625,22779.125
4542.8125,5000.625,22779.125
4542.6875,5000.625,22779.25
4542.6875,5000.625,22779.25
4542.6875,5000.625,22779.25
4542.6875,5000.625,22779.25
4542.6875,5000.625,22779.25
4542.6875,5000.625,22779.25
4542.6875,5000.625,22779.25
4542.6875,5000.625,22779.25
4542.6875,5000.625,22779.25
4542.6875,5000.625,22779.25
4542.5,5000.625,22779.4375
4542.8125,5000.625,22779.125
4542.8125,5000.625,22779.125
4542.8125,5000.625,22779.125
4542.8125,5000.625,22779.125
4542.8125,5000.625,22779.125
4542.8125,5000.5625,22779.125
4542.8125,5000.625,22779.125
4542.8125,5000.625,22779.125
4542.8125,5000.625,22779.125
4542.8125,5000.625,22779.125
4542.8125,5000.625,22779.125
4542.625,5000.625,22779.3125
4542.625,5000.625,22779.3125
4542.625,5000.625,22779.3125
4542.4375,5000.625,22779.5
4542.375,5000.625,22779.5625
4542.375,5000.625,22779.5625
4542.375,5000.625,22779.5625
4532.375,5000.6875,22789.5625
4531.25,5000.75,22790.6875
4531.25,5000.75,22790.6875
4531.25,5000.75,22790.6875
4531.25,5000.75,22790.6875
4531.25,5000.75,22790.6875
4531.25,5000.75,22790.6875
4531.125,5000.75,22790.8125
4531.125,5000.75,22790.8125
4530.9375,5000.75,22791.0
4530.75,5000.75,22791.1875
4530.9375,5000.75,22790.6875
4530.9375,5000.75,22790.6875
4530.75,5000.75,22790.875
4530.5,5000.75,22791.125
4530.5,5000.75,22791.125
4530.5,5000.75,22791.125
4530.5,5000.75,22791.125
4530.5,5000.75,22791.125
4530.6875,5000.8125,22790.9375
4530.6875,5000.8125,22790.9375
4530.4375,5000.8125,22791.1875
4530.4375,5000.8125,22791.1875
4530.4375,5000.8125,22791.1875
4530.4375,5000.8125,22791.1875
4530.4375,5000.8125,22791.1875
4529.875,5000.8125,22791.75
4530.125,5000.8125,22791.5
4530.125,5000.8125,22791.5
4530.125,5000.8125,22791.5
4530.125,5000.8125,22791.5
4530.0625,5000.8125,22791.5625
4530.0625,5000.8125,22791.5625
4530.0625,5000.8125,22791.5625
4530.0625,5000.8125,22791.5625
4530.0625,5000.8125,22791.5625
4530.0625,5000.8125,22791.5625
4530.0625,5000.8125,22791.5625
4530.0625,5000.8125,22791.5625
4530.0625,5000.8125,22791.5625
4529.9375,5000.8125,22791.6875
4529.625,5000.8125,22792.0
4529.625,5000.8125,22792.0
4529.625,5000.8125,22792.0
4529.625,5000.8125,22792.0
4530.0,5000.8125,22791.625
4530.0,5000.8125,22791.625
4530.0,5000.8125,22791.625
4530.0,5000.8125,22791.625
4530.0,5000.8125,22791.625
4530.0,5000.8125,22791.625
4530.0,5000.8125,22791.625
4529.75,5000.8125,22791.875
4529.5,5000.8125,22792.125
4529.5,5000.8125,22792.125
4529.5,5000.8125,22792.125
4528.9375,5000.8125,22792.6875
4528.875,5000.8125,22792.75
4528.625,5000.8125,22793.0
4528.4375,5000.8125,22793.1875
4528.8125,5000.8125,22792.625
4528.8125,5000.8125,22792.625
4528.8125,5000.8125,22792.625
4528.8125,5000.8125,22792.625
4528.8125,5000.8125,22792.625
4528.8125,5000.8125,22792.625
4528.8125,5000.8125,22792.625
4528.8125,5000.8125,22792.625
4523.9375,5000.8125,22797.5
4523.9375,5000.8125,22797.5
4523.9375,5000.8125,22797.5
4538.0625,5000.8125,22783.375
4532.25,5000.8125,22789.1875
4532.25,5000.8125,22789.1875
4532.25,5000.8125,22789.1875
4532.25,5000.8125,22789.1875
4532.25,5000.8125,22789.1875
4532.0625,5000.8125,22789.375
4532.0625,5000.8125,22789.375
4532.0625,5000.8125,22789.375
4532.0625,5000.8125,22789.375
4532.0625,5000.8125,22789.375
4532.0625,5000.8125,22789.375
4532.0625,5000.8125,22789.375
4532.0625,5000.8125,22789.375
4532.0625,5000.8125,22789.375
4532.1875,5000.8125,22789.125
4532.1875,5000.8125,22789.125
4532.1875,5000.8125,22789.125
4532.1875,5000.8125,22789.125
4532.1875,5000.8125,22789.125
4532.1875,5000.8125,22789.125
4532.1875,5000.8125,22789.125
4532.1875,5000.8125,22789.125
4532.1875,5000.8125,22789.125
4532.1875,5000.8125,22789.125
4532.1875,5000.8125,22789.125
4532.1875,5000.8125,22789.125
4532.0,5000.8125,22789.3125
4532.0,5000.8125,22789.3125
4532.0,5000.8125,22789.3125
4532.0625,5000.8125,22789.25
4532.0625,5000.8125,22789.25
4532.0625,5000.8125,22789.25
4532.0625,5000.8125,22789.25
4531.75,5000.8125,22789.5625
4531.75,5000.8125,22789.5625
4531.75,5000.8125,22789.5625
4531.75,5000.8125,22789.5625
4531.75,5000.8125,22789.5625
4531.75,5000.8125,22789.5625
4531.75,5000.8125,22789.5625
4531.75,5000.8125,22789.5625
4531.75,5000.8125,22789.5625
4531.4375,5000.8125,22789.875
4531.4375,5000.8125,22789.875
4531.75,5000.8125,22789.5625
4531.75,5000.8125,22789.5625
4531.75,5000.8125,22789.5625
4531.75,5000.8125,22789.5625
4531.75,5000.8125,22789.5625
4531.6875,5000.8125,22789.625
4531.6875,5000.8125,22789.625
4531.6875,5000.8125,22789.625
4531.6875,5000.8125,22789.625
4531.6875,5000.8125,22789.625
4531.5,5000.8125,22789.8125
4531.5,5000.8125,22789.8125
4531.5,5000.8125,22789.8125
4531.5,5000.8125,22789.8125
4531.5,5000.8125,22789.8125
4532.25,5000.8125,22788.75
4532.25,5000.8125,22788.75
4532.25,5000.8125,22788.75
4531.9375,5000.8125,22789.0625
4531.375,5000.8125,22789.625
4523.6875,5000.8125,22797.3125
4523.5,5000.8125,22797.5
4523.5,5000.875,22797.5
4523.3125,5000.875,22797.6875
4523.3125,5000.875,22797.6875
4523.3125,5000.875,22797.6875
4523.3125,5000.875,22797.6875
4523.3125,5000.875,22797.6875
4523.3125,5000.875,22797.6875
4523.5,5000.875,22797.5
4522.75,5000.875,22798.25
4522.75,5000.875,22798.25
4522.75,5000.875,22798.25
4522.75,5000.875,22798.25
4522.75,5000.875,22798.25
4522.9375,5000.875,22798.0625
4522.9375,5000.875,22798.0625
4522.9375,5000.875,22798.0625
4522.9375,5000.875,22798.0625
4522.9375,5000.875,22798.0625
4522.9375,5000.875,22798.0625
4522.9375,5000.875,22798.0625
4522.875,5000.875,22798.125
4522.875,5000.875,22798.125
4522.875,5000.875,22798.125
4522.875,5000.9375,22797.9375
4522.875,5000.9375,22797.9375
4522.875,5000.9375,22797.9375
4522.875,5000.9375,22797.9375
4522.875,5000.9375,22797.9375
4522.875,5000.9375,22797.9375
4522.8125,5000.9375,22798.0
4522.8125,5000.9375,22798.0
4522.8125,5000.9375,22798.0
4522.8125,5000.9375,22798.0
4520.0,5001.0,22800.8125
4521.0625,5001.0,22799.6875
4521.0625,5001.0,22799.6875
4520.875,5001.0,22799.875
4520.875,5001.0,22799.875
4521.4375,5001.0,22799.3125
4521.4375,5001.0,22799.3125
4520.0625,5001.0,22800.625
4520.0625,5001.0,22800.625
4520.8125,5001.0,22799.875
4520.6875,5001.0,22800.0
4527.1875,5001.0,22793.5
4542.25,5005.6875,22773.0
4532.6875,5032.875,22755.9375
4532.6875,5032.875,22755.9375
4532.5,5032.875,22756.0625
4532.6875,5032.875,22755.875
4532.6875,5032.875,22755.875
4532.5,5032.875,22756.0625
4532.5,5032.875,22756.0625
4531.8125,5032.875,22756.75
4531.8125,5032.875,22756.75
4532.4375,5033.0,22756.0
4520.875,5033.0625,22767.125
4519.125,5033.0625,22768.875
4519.125,5033.0625,22768.875
4519.125,5033.0625,22768.875
4519.125,5033.0625,22768.875
4519.125,5033.0625,22768.875
4519.125,5033.0625,22768.875
4519.125,5033.0625,22768.875
4519.125,5033.0625,22768.875
4518.8125,5033.0625,22769.1875
4521.125,5033.0625,22766.8125
4521.5,5033.0625,22766.4375
4521.1875,5033.125,22766.75
4521.1875,5033.125,22766.75
4521.1875,5033.125,22766.75
4521.5625,5033.125,22766.375
4530.0,5033.125,22757.9375
4531.6875,5033.125,22756.25
4523.125,5033.125,22764.8125
4522.9375,5033.125,22765.0
4522.875,5033.125,22765.0625
4522.875,5033.125,22765.0625
4522.875,5033.0625,22765.0625
4522.875,5033.125,22765.0625
4522.875,5033.125,22765.0625
4522.875,5033.125,22765.0625
4523.0625,5033.125,22764.875
4523.625,5033.125,22764.3125
4523.625,5033.125,22764.3125
4523.625,5033.125,22764.3125
4523.625,5033.125,22764.3125
4523.625,5033.125,22764.3125
4523.4375,5033.125,22764.5
4523.4375,5033.125,22764.5
4523.4375,5033.125,22764.5
4523.4375,5033.125,22764.5
4523.4375,5033.125,22764.5
4523.4375,5033.0625,22764.5
4523.25,5033.125,22764.6875
4523.25,5033.125,22764.6875
4523.25,5033.125,22764.6875
4523.25,5033.125,22764.6875
4523.125,5033.125,22764.8125
4523.125,5033.125,22764.8125
4523.0625,5033.125,22764.875
4522.75,5033.125,22765.1875
4522.625,5033.125,22765.3125
4522.625,5033.125,22765.3125
4522.625,5033.125,22765.3125
4522.625,5033.125,22765.3125
4522.625,5033.125,22765.3125
4522.625,5033.125,22765.3125
4522.625,5033.125,22765.3125
4522.5,5033.125,22765.4375
4522.5,5033.125,22765.4375
4522.5,5033.125,22765.4375
4522.6875,5033.125,22765.25
4522.5625,5033.125,22765.375
4522.5625,5033.0625,22765.375
4522.5625,5033.125,22765.375
4522.5625,5033.125,22765.375
4521.25,5033.125,22766.6875
4521.25,5033.125,22766.6875
4521.25,5033.125,22766.6875
4521.25,5033.125,22766.6875
4521.25,5033.125,22766.6875
4521.25,5033.125,22766.6875
4521.25,5033.125,22766.6875
4521.25,5033.125,22766.6875
4521.25,5033.125,22766.6875
4521.25,5033.125,22766.6875
4521.4375,5033.125,22766.5
4520.8125,5033.125,22767.125
4520.8125,5033.125,22767.125
4520.8125,5033.125,22767.125
4520.75,5033.125,22767.1875
4520.3125,5033.125,22767.625
4520.3125,5033.125,22767.625
4519.8125,5033.125,22768.125
4519.8125,5033.125,22768.125
4519.8125,5033.125,22768.125
4519.8125,5033.125,22768.125
4519.8125,5033.125,22768.125
4519.8125,5033.125,22768.125
4519.8125,5033.125,22768.125
4519.8125,5033.125,22768.125
4519.625,5033.125,22768.3125
4519.375,5033.125,22768.125
4519.375,5033.125,22768.125
4519.1875,5033.125,22768.3125
4519.1875,5033.125,22768.3125
4519.1875,5033.125,22768.3125
4519.0,5033.125,22768.5
4519.0,5033.125,22768.5
4519.0,5033.125,22768.5
4519.0,5033.125,22768.5
4519.0,5033.125,22768.5
4519.0,5033.125,22768.5
4519.0,5033.125,22768.5
4519.0,5033.125,22768.5
4519.0,5033.125,22768.5
4519.25,5033.125,22768.25
4519.5625,5033.125,22767.9375
4519.5625,5033.125,22767.9375
4519.375,5033.125,22768.125
4519.375,5033.125,22768.125
4519.25,5033.125,22768.25
4519.0625,5033.125,22768.4375
4518.875,5033.125,22768.625
4518.875,5033.125,22768.625
4518.875,5033.125,22768.625
4518.875,5033.125,22768.625
4518.875,5033.125,22768.625
4518.875,5033.125,22768.625
4518.875,5033.125,22768.625
4518.875,5033.125,22768.625
4518.875,5033.125,22768.625
4518.8125,5033.125,22768.6875
4518.8125,5033.125,22768.6875
4518.75,5033.125,22768.75
4518.75,5033.125,22768.75
4519.3125,5033.125,22768.1875
4519.3125,5033.125,22768.1875
4519.25,5033.125,22768.25
4519.25,5033.125,22768.25
4519.25,5033.125,22768.25
4519.25,5033.125,22768.25
4519.25,5033.125,22768.25
4519.125,5033.125,22768.375
4519.125,5033.125,22768.375
4519.125,5033.125,22768.375
4518.875,5033.125,22768.625
4518.9375,5033.125,22768.375
4518.9375,5033.125,22768.375
4518.9375,5033.125,22768.375
4518.9375,5033.125,22768.375
4518.9375,5033.125,22768.375
4518.9375,5033.125,22768.375
4518.9375,5033.125,22768.375
4518.9375,5033.125,22768.375
4518.9375,5033.125,22768.375
4518.875,5033.125,22768.4375
4519.0625,5033.125,22768.25
4519.0625,5033.125,22768.25
4519.0625,5033.125,22768.25
4518.875,5033.125,22768.4375
4517.875,5033.125,22769.4375
4516.6875,5033.125,22770.625
4516.5,5033.125,22770.8125
4516.5,5033.125,22770.8125
4516.5,5033.125,22770.8125
4516.0625,5033.125,22771.25
4516.0625,5033.125,22771.25
4515.875,5033.125,22771.4375
4515.875,5033.125,22771.4375
4515.875,5033.125,22771.4375
4516.0625,5033.125,22771.25
4516.0625,5033.125,22771.25
4515.875,5033.125,22771.4375
4515.875,5033.125,22771.4375
4515.875,5033.125,22771.4375
4515.8125,5033.125,22771.5
4515.6875,5033.125,22771.625
4515.6875,5033.125,22771.625
4515.6875,5033.125,22771.625
4515.875,5033.125,22771.4375
4515.875,5033.125,22771.4375
4515.875,5033.125,22771.4375
4515.875,5033.125,22771.4375
4515.875,5033.125,22771.4375
4515.875,5033.125,22771.4375
4515.875,5033.125,22771.4375
4515.875,5033.125,22771.4375
4515.875,5033.125,22771.4375
4515.875,5033.125,22771.4375
4515.875,5033.125,22771.4375
4515.6875,5033.125,22771.625
4531.0,5033.125,22756.375
4523.6875,5033.125,22763.6875
4523.875,5033.125,22763.5
4524.0,5033.1875,22763.3125
4523.75,5033.1875,22763.5625
4523.75,5033.1875,22763.5625
4523.75,5033.1875,22763.5625
4523.75,5033.1875,22763.5625
4523.75,5033.1875,22763.5625
4523.75,5033.1875,22763.5625
4523.75,5033.1875,22763.5625
4523.75,5033.1875,22763.5625
4523.75,5033.1875,22763.5625
4523.75,5033.1875,22763.5625
4524.3125,5033.1875,22763.0
4523.4375,5033.1875,22763.875
4523.4375,5033.125,22763.875
4523.25,5033.1875,22764.0625
4523.25,5033.1875,22764.0625
4523.25,5033.1875,22764.0625
4523.25,5033.1875,22764.0625
4523.25,5033.1875,22764.0625
4523.25,5033.1875,22764.0625
4523.25,5033.1875,22764.0625
4523.25,5033.1875,22764.0625
4523.25,5033.1875,22764.0625
4523.25,5033.1875,22764.0625
4523.25,5033.1875,22764.0625
4524.1875,5064.875,22732.1875
4524.9375,5064.875,22731.4375
4524.75,5064.875,22731.625
4524.75,5064.875,22731.625
4524.75,5064.875,22731.625
4523.8125,5064.875,22732.5625
4523.8125,5064.875,22732.5625
4523.8125,5064.875,22732.5625
4523.8125,5064.875,22732.5625
4522.875,5064.9375,22732.375
4523.0625,5064.9375,22732.1875
4523.0625,5064.9375,22732.1875
4523.0625,5064.9375,22732.1875
4523.0625,5064.875,22732.1875
4523.0,5064.9375,22732.1875
4523.0,5064.9375,22732.1875
4523.0,5064.9375,22732.1875
4523.25,5064.9375,22731.875
4523.0625,5064.9375,22732.0625
4523.25,5064.9375,22731.875
4523.125,5064.9375,22732.0
4523.125,5064.9375,22732.0
4523.125,5064.9375,22732.0
4523.125,5064.9375,22732.0
4523.125,5064.9375,22732.0
4523.125,5064.9375,22732.0
4523.125,5064.9375,22732.0
4523.0625,5064.9375,22732.0625
4523.0625,5064.9375,22732.0625
4523.0625,5064.9375,22732.0625
4523.0625,5064.9375,22732.0625
4522.875,5064.9375,22732.25
4524.0,5064.9375,22731.125
4523.6875,5064.9375,22731.4375
4523.625,5064.9375,22731.5
4523.625,5064.9375,22731.5
4523.625,5064.9375,22731.5
4523.625,5064.9375,22731.5
4523.8125,5064.9375,22731.3125
4523.8125,5064.9375,22731.3125
4523.8125,5064.9375,22731.3125
4523.8125,5064.9375,22731.3125
4523.8125,5064.9375,22731.3125
4523.8125,5064.9375,22731.3125
4523.75,5064.9375,22731.375
4523.75,5064.9375,22731.375
4523.5625,5064.9375,22731.5625
4523.0625,5064.9375,22731.8125
4522.5625,5064.9375,22732.3125
4522.5625,5064.9375,22732.3125
4522.5625,5064.9375,22732.3125
4522.5625,5064.9375,22732.3125
4522.25,5064.9375,22732.625
4522.25,5064.9375,22732.625
4522.25,5064.9375,22732.625
4522.25,5064.9375,22732.625
4522.25,5064.9375,22732.625
4522.25,5064.9375,22732.625
4522.25,5064.9375,22732.625
4522.25,5064.9375,22732.625
4522.25,5064.9375,22732.625
4522.4375,5064.9375,22732.4375
4522.75,5064.9375,22732.0625
4522.75,5064.9375,22732.0625
4522.75,5064.9375,22732.0625
4523.4375,5064.9375,22731.375
4523.4375,5064.9375,22731.375
4523.4375,5064.9375,22731.375
4523.4375,5064.9375,22731.375
4523.4375,5064.9375,22731.375
4523.4375,5064.9375,22731.375
4523.4375,5064.9375,22731.375
4523.4375,5064.9375,22731.375
4523.4375,5064.9375,22731.375
4523.4375,5064.9375,22731.375
4523.4375,5064.9375,22731.375
4520.875,5064.9375,22733.9375
4524.625,5064.9375,22730.1875
4524.625,5064.9375,22730.1875
4524.25,5064.9375,22730.5625
4524.0625,5064.9375,22730.75
4523.75,5064.9375,22731.0625
4522.625,5064.9375,22732.1875
4522.4375,5064.9375,22732.375
4522.625,5064.9375,22732.1875
4522.625,5064.9375,22732.1875
4522.625,5064.9375,22732.1875
4521.875,5064.9375,22732.9375
4521.6875,5064.9375,22733.125
4521.6875,5064.9375,22733.125
4521.6875,5064.9375,22733.125
4522.0625,5064.9375,22732.75
4522.1875,5064.9375,22732.5
4522.0625,5064.9375,22732.625
4522.0625,5064.9375,22732.625
4522.0625,5064.9375,22732.625
4522.0625,5064.9375,22732.625
4522.0625,5064.9375,22732.625
4522.0625,5064.9375,22732.625
4522.0625,5064.9375,22732.625
4522.0625,5064.9375,22732.625
4522.0625,5064.9375,22732.625
4522.0625,5064.9375,22732.625
4522.0625,5064.9375,22732.625
4522.0625,5064.9375,22732.625
4522.0625,5064.9375,22732.625
4522.4375,5064.9375,22732.25
4523.0,5064.9375,22731.6875
4523.0,5064.9375,22731.6875
4522.9375,5064.9375,22731.75
4526.875,5064.9375,22727.8125
4530.8125,5064.9375,22723.875
4528.25,5064.9375,22726.4375
4525.625,5064.9375,22729.0625
4525.625,5064.9375,22729.0625
4525.625,5064.9375,22729.0625
4525.625,5064.9375,22729.0625
4525.625,5064.9375,22729.0625
4525.625,5064.9375,22729.0625
4525.625,5064.9375,22729.0625
4525.625,5064.9375,22729.0625
4525.25,5064.9375,22729.4375
4524.75,5064.9375,22729.9375
4524.75,5064.9375,22729.9375
4524.75,5064.9375,22729.9375
4524.75,5064.9375,22729.9375
4525.3125,5064.9375,22729.375
4525.3125,5064.875,22729.375
4525.3125,5064.9375,22729.375
4525.3125,5064.9375,22729.375
4525.3125,5064.9375,22729.375
4525.3125,5064.9375,22729.375
4525.3125,5064.9375,22729.375
4525.3125,5064.9375,22729.375
4525.25,5064.9375,22729.4375
4525.0625,5064.9375,22729.625
4524.5,5064.9375,22730.1875
4523.0625,5064.9375,22731.625
4522.875,5064.9375,22731.8125
4522.875,5064.875,22731.8125
4523.0625,5064.9375,22731.625
4523.0625,5064.9375,22731.625
4523.0625,5064.9375,22731.625
4523.0,5064.9375,22731.6875
4523.0,5064.9375,22731.6875
4522.8125,5064.9375,22731.875
4522.8125,5064.9375,22731.875
4522.8125,5064.9375,22731.875
4519.0625,5064.9375,22735.625
4518.5,5064.9375,22736.1875
4518.25,5064.875,22736.4375
4517.875,5064.875,22736.625
4518.1875,5064.875,22736.375
4518.1875,5064.875,22736.375
4518.125,5064.875,22736.4375
4518.125,5064.75,22736.5
4517.9375,5064.75,22736.6875
4517.9375,5064.6875,22736.6875
4518.125,5064.75,22736.5
4518.125,5064.75,22736.5
4518.125,5064.75,22736.5
4518.125,5064.75,22736.5
4518.125,5064.75,22736.5
4518.125,5064.75,22736.5
4518.125,5064.75,22736.5
4518.125,5064.75,22736.5
4518.0,5064.75,22736.625
4517.8125,5064.75,22736.8125
4517.8125,5064.75,22736.8125
4517.5,5064.75,22737.125
4517.3125,5064.6875,22737.3125
4517.3125,5064.75,22737.3125
4517.1875,5064.75,22737.4375
4517.1875,5064.75,22737.4375
4517.0625,5064.75,22737.5625
4517.0625,5064.75,22737.5625
4517.0625,5064.75,22737.5625
4517.0625,5064.75,22737.5625
4517.0625,5064.75,22737.625
4517.0625,5064.75,22737.625
4517.0625,5064.75,22737.625
4517.5625,5064.75,22737.125
4518.0,5064.75,22736.6875
4518.0,5064.75,22736.6875
4518.0,5064.75,22736.6875
4518.0,5064.75,22736.6875
4518.0,5064.75,22736.6875
4518.0,5064.75,22736.6875
4518.0,5064.75,22736.6875
4518.0,5064.75,22736.6875
4518.0,5064.75,22736.6875
4518.0,5064.75,22736.6875
4518.0,5064.75,22736.6875
4518.0,5064.75,22736.6875
4518.0,5064.75,22736.6875
4518.0,5064.75,22736.6875
4517.625,5064.75,22736.875
4516.5,5064.75,22738.0
4516.5,5064.75,22738.0
4516.5,5064.75,22738.0
4516.5,5064.75,22738.0
4516.5,5064.75,22738.0
4516.5,5064.6875,22738.0
4516.5,5064.75,22738.0
4516.5,5064.75,22738.0
4516.5,5064.75,22738.0
4516.5,5064.75,22738.0
4516.5,5064.75,22738.0
4516.5,5064.75,22738.0
4516.5,5064.75,22738.0
4516.5,5064.75,22738.0
4516.3125,5064.75,22738.1875
4566.875,5065.3125,22687.625
4571.75,5065.3125,22682.75
4571.625,5065.3125,22682.875
4571.375,5065.3125,22683.125
4571.375,5065.3125,22683.125
4571.375,5065.3125,22683.125
4571.375,5065.3125,22683.125
4571.375,5065.3125,22683.125
4571.375,5065.3125,22683.125
4571.375,5065.3125,22683.125
4571.375,5065.3125,22683.125
4571.375,5065.3125,22683.125
4571.375,5065.3125,22683.125
4571.375,5065.3125,22683.125
4571.5,5065.3125,22683.0
4571.625,5065.3125,22682.875
4571.625,5065.25,22682.875
4571.625,5065.3125,22682.875
4571.5625,5065.3125,22682.9375
4571.5625,5065.3125,22682.9375
4571.5625,5065.3125,22682.9375
4571.5625,5065.3125,22682.9375
4571.5625,5065.3125,22682.9375
4571.5625,5065.3125,22682.9375
4571.5625,5065.3125,22682.9375
4571.5625,5065.3125,22682.9375
4571.5625,5065.3125,22682.9375
4571.5625,5065.3125,22682.9375
4571.5,5065.3125,22683.0
4571.0625,5065.3125,22683.0625
4572.0625,5065.3125,22681.875
4572.0625,5065.3125,22681.875
4572.0625,5065.3125,22681.875
4572.0,5065.3125,22681.9375
4571.6875,5065.3125,22682.125
4571.625,5065.3125,22682.1875
4571.625,5065.3125,22682.1875
4571.625,5065.3125,22682.1875
4571.625,5065.3125,22682.1875
4571.625,5065.3125,22682.1875
4571.625,5065.3125,22682.1875
4571.625,5065.3125,22682.1875
4571.625,5065.3125,22682.1875
4571.625,5065.3125,22682.1875
4572.0,5065.3125,22681.8125
4571.1875,5065.3125,22682.625
4571.1875,5065.3125,22682.625
4571.1875,5065.3125,22682.625
4571.1875,5065.3125,22682.625
4571.1875,5065.3125,22682.625
4571.1875,5065.3125,22682.625
4571.1875,5065.3125,22682.625
4571.1875,5065.3125,22682.625
4571.1875,5065.3125,22682.625
4571.1875,5065.3125,22682.625
4570.75,5065.3125,22683.0625
4570.75,5065.3125,22683.0625
4570.75,5065.3125,22683.0625
4570.75,5065.3125,22683.0625
4570.5,5065.3125,22683.3125
4582.8125,5065.375,22671.0625
4580.125,5065.375,22673.75
4576.0,5065.375,22677.875
4575.9375,5065.375,22677.9375
4575.9375,5065.375,22677.9375
4575.9375,5065.375,22677.9375
4575.9375,5065.375,22677.9375
4575.9375,5065.375,22677.9375
4575.9375,5065.375,22677.9375
4589.25,5065.375,22664.625
4589.25,5065.375,22664.625
4589.0625,5065.375,22664.8125
4589.0625,5065.375,22664.8125
4589.0625,5065.375,22664.8125
4588.75,5065.375,22665.0625
4588.9375,5065.375,22664.875
4588.75,5065.375,22665.0625
4588.75,5065.375,22665.0625
4589.3125,5065.375,22664.5
4589.3125,5065.375,22664.5
4589.3125,5065.375,22664.5
4589.3125,5065.375,22664.5
4589.3125,5065.375,22664.5
4589.3125,5065.375,22664.5
4589.3125,5065.375,22664.5
4589.25,5065.375,22664.5625
4589.25,5065.375,22664.5625
4589.25,5065.375,22664.5625
4589.0,5065.375,22664.8125
4588.8125,5065.375,22665.0
4590.375,5065.375,22663.4375
4590.375,5065.375,22663.4375
4590.1875,5065.375,22663.625
4590.1875,5065.375,22663.625
4590.3125,5065.4375,22663.4375
4590.3125,5065.4375,22663.4375
4590.3125,5065.4375,22663.4375
4590.3125,5065.4375,22663.4375
4590.3125,5065.4375,22663.4375
4590.3125,5065.4375,22663.4375
4589.9375,5065.4375,22663.8125
4589.875,5065.4375,22663.875
4589.875,5065.4375,22663.875
4589.875,5065.4375,22663.875
4589.625,5065.4375,22664.125
4589.4375,5065.4375,22663.9375
4589.4375,5065.4375,22663.9375
4589.5,5065.4375,22663.875
4589.5,5065.4375,22663.875
4589.375,5065.4375,22664.0
4589.375,5065.4375,22664.0
4588.3125,5065.375,22665.125
4584.8125,5065.4375,22668.5625
4584.8125,5065.4375,22668.5625
4584.8125,5065.4375,22668.5625
4584.8125,5065.4375,22668.5625
4584.625,5065.4375,22668.75
4584.5625,5065.4375,22668.8125
4584.3125,5065.4375,22669.0625
4584.0625,5065.4375,22669.25
4582.8125,5065.4375,22670.5
4582.6875,5065.4375,22670.625
4582.6875,5065.4375,22670.625
4582.6875,5065.4375,22670.625
4582.125,5065.4375,22671.1875
4582.125,5065.375,22671.1875
4582.0625,5065.4375,22671.25
4582.0625,5065.4375,22671.25
4582.0625,5065.4375,22671.25
4582.0625,5065.4375,22671.25
4582.0625,5065.4375,22671.25
4582.0625,5065.4375,22671.25
4582.0625,5065.4375,22671.25
4582.0625,5065.4375,22671.25
4582.0625,5065.4375,22671.25
4582.125,5065.4375,22671.1875
4593.0,5065.4375,22660.3125
4595.0625,5065.4375,22658.25
4595.0625,5065.4375,22658.25
4594.8125,5065.4375,22658.5
4594.8125,5065.4375,22658.5
4594.8125,5065.4375,22658.5
4594.8125,5065.4375,22658.5
4594.8125,5065.4375,22658.5
4594.8125,5065.4375,22658.5
4594.625,5065.4375,22658.6875
4594.625,5065.4375,22658.6875
4594.625,5065.4375,22658.6875
4594.625,5065.4375,22658.6875
4594.1875,5065.375,22659.125
4594.375,5065.4375,22658.9375
4594.375,5065.4375,22658.9375
4594.3125,5065.4375,22659.0
4594.3125,5065.4375,22659.0
4594.3125,5065.4375,22659.0
4594.3125,5065.4375,22659.0
4594.3125,5065.4375,22659.0
4594.3125,5065.4375,22659.0
4594.3125,5065.4375,22659.0
4594.3125,5065.4375,22659.0
4594.3125,5065.4375,22659.0
4594.3125,5065.4375,22659.0
4594.3125,5065.4375,22659.0
4594.3125,5065.4375,22659.0
4593.8125,5065.4375,22659.5
4594.5,5065.4375,22658.8125
4594.25,5065.4375,22659.0625
4595.75,5065.4375,22657.5625
4595.75,5065.4375,22657.5625
4595.75,5065.4375,22657.5625
4595.75,5065.4375,22657.5625
4595.75,5065.4375,22657.5625
4595.75,5065.4375,22657.5625
4594.625,5065.4375,22658.6875
4594.625,5065.4375,22658.6875
4595.4375,5065.4375,22657.75
4595.4375,5065.4375,22657.75
4595.4375,5065.4375,22657.75
4595.4375,5065.4375,22657.75
4596.3125,5065.4375,22656.8125
4595.5,5065.4375,22657.5625
4595.4375,5065.4375,22657.625
4595.4375,5065.4375,22657.625
4595.4375,5065.4375,22657.625
4595.75,5065.4375,22657.3125
4595.75,5065.4375,22657.3125
4595.75,5065.4375,22657.3125
4595.75,5065.4375,22657.3125
4595.75,5065.4375,22657.3125
4595.75,5065.4375,22657.3125
4595.75,5065.4375,22657.3125
4595.75,5065.4375,22657.3125
4595.75,5065.4375,22657.3125
4595.75,5065.4375,22657.3125
4595.8125,5065.4375,22657.25
4595.8125,5065.4375,22657.25
4595.8125,5065.4375,22657.25
4603.3125,5065.4375,22649.75
4604.8125,5065.4375,22648.25
4598.625,5065.4375,22654.4375
4597.4375,5065.4375,22655.625
4597.25,5065.4375,22655.8125
4597.25,5065.4375,22655.8125
4597.25,5065.4375,22655.8125
4597.25,5065.4375,22655.8125
4597.25,5065.4375,22655.8125
4597.25,5065.4375,22655.8125
4607.9375,5065.4375,22645.125
4610.75,5065.4375,22642.3125
4610.9375,5065.4375,22642.125
4610.25,5065.4375,22642.75
4610.0625,5065.4375,22642.9375
4610.0625,5065.4375,22642.9375
4609.875,5065.4375,22643.125
4609.6875,5065.375,22643.3125
4609.6875,5065.4375,22643.3125
4609.6875,5065.4375,22643.3125
4609.5625,5065.4375,22643.4375
4609.5625,5065.4375,22643.4375
4609.5625,5065.4375,22643.4375
4609.5625,5065.4375,22643.4375
4609.5625,5065.4375,22643.4375
4609.125,5065.4375,22643.875
4609.125,5065.4375,22643.875
4609.25,5065.4375,22643.75
4609.9375,5065.4375,22643.0625
4609.8125,5065.4375,22643.1875
4609.8125,5065.4375,22643.1875
4609.8125,5065.4375,22643.1875
4610.375,5065.375,22642.625
4610.375,5065.4375,22642.625
4610.375,5065.4375,22642.625
4610.375,5065.4375,22642.625
4610.375,5065.4375,22642.625
4610.375,5065.4375,22642.625
4610.375,5065.4375,22642.625
4610.375,5065.4375,22642.625
4610.375,5065.4375,22642.625
4609.625,5065.4375,22643.375
4609.5,5065.4375,22643.5
4609.5,5065.4375,22643.4375
4609.5,5065.4375,22643.4375
4609.5,5065.4375,22643.4375
4609.3125,5065.4375,22643.625
4609.3125,5065.4375,22643.625
4609.3125,5065.4375,22643.625
4608.9375,5065.4375,22644.0
4608.9375,5065.4375,22644.0
4608.9375,5065.4375,22644.0
4608.9375,5065.4375,22644.0
4608.9375,5065.4375,22644.0
4608.9375,5065.4375,22644.0
4608.9375,5065.4375,22644.0
4608.75,5065.4375,22644.1875
4608.1875,5065.4375,22644.75
4608.0,5065.4375,22644.9375
4608.0,5065.375,22644.9375
4608.0,5065.4375,22644.9375
4608.0,5065.4375,22644.9375
4608.0,5065.4375,22644.9375
4608.0,5065.4375,22644.9375
4608.0,5065.4375,22644.9375
4608.0,5065.4375,22644.9375
4608.0,5065.4375,22644.9375
4608.0,5065.4375,22644.9375
4608.0,5065.4375,22644.9375
4608.0,5065.4375,22644.9375
4608.0,5065.4375,22644.9375
4608.1875,5065.4375,22644.75
4608.1875,5065.4375,22644.75
4608.625,5065.4375,22644.3125
4608.625,5065.4375,22644.3125
4608.625,5065.4375,22644.3125
4608.4375,5065.4375,22644.5
4608.75,5065.375,22644.1875
4608.6875,5065.5,22644.1875
4608.6875,5065.5,22644.1875
4608.6875,5065.5,22644.1875
4608.5,5065.5,22644.375
4608.5,5065.5,22644.375
4608.5,5065.5,22644.375
4619.375,5065.5625,22633.5
4623.0625,5065.5625,22629.8125
4622.9375,5065.5625,22629.9375
4623.4375,5065.5625,22629.4375
4623.6875,5065.5625,22628.875
4623.5625,5065.5625,22629.0
4623.5625,5065.5625,22629.0
4623.5625,5065.5625,22629.0
4623.5625,5065.5625,22629.0
4623.5625,5065.5625,22629.0
4623.5,5065.5625,22629.0625
4623.5,5065.5625,22629.0625
4623.5,5065.5625,22629.0625
4623.5,5065.5625,22629.0625
4623.5,5065.5625,22629.0625
4623.5,5065.5625,22629.0625
4623.375,5065.5625,22629.1875
4623.375,5065.5625,22629.1875
4623.25,5065.5625,22629.3125
4623.5625,5065.5625,22629.0
4623.5625,5065.5,22629.0
4623.375,5065.5625,22629.1875
4623.375,5065.5625,22629.1875
4623.375,5065.5625,22629.1875
4623.375,5065.5625,22629.1875
4623.375,5065.5625,22629.1875
4623.1875,5065.5625,22629.375
4623.375,5065.5625,22629.1875
4623.375,5065.5625,22629.1875
4623.1875,5065.5625,22629.375
4623.1875,5065.5625,22629.375
4623.1875,5065.5625,22629.375
4622.8125,5065.5,22629.75
4623.0,5065.5,22629.5625
4623.5625,5065.5,22629.0
4623.5625,5065.5,22629.0
4623.5625,5065.5,22629.0
4623.5625,5065.5,22629.0
4623.5625,5065.5,22629.0
4623.5625,5065.5,22629.0
4623.5625,5065.5,22629.0
4623.5625,5065.5,22629.0
4623.5625,5065.5,22629.0
4623.5625,5065.5,22629.0
4623.625,5065.5,22629.0
4623.625,5065.5,22629.0
4623.6875,5065.5,22628.9375
4623.6875,5065.5,22628.9375
4623.5625,5065.5,22629.0625
4623.5625,5065.5,22629.0625
4623.5625,5065.5,22629.0625
4623.5625,5065.5,22629.0625
4623.5625,5065.5,22629.0625
4623.5625,5065.5,22629.0625
4623.5625,5065.5,22629.0625
4623.5625,5065.5,22629.0625
4623.5625,5065.5,22629.0625
4623.5625,5065.5,22629.0625
4623.5625,5065.5,22629.0625
4623.5625,5065.5,22629.0625
4623.5625,5065.5,22629.0625
4623.5625,5065.5,22629.0625
4623.5625,5065.5,22629.0625
4623.625,5065.5,22629.0
4623.625,5065.4375,22629.0
4623.25,5065.5,22629.375
4623.25,5065.5,22629.375
4623.1875,5065.5,22629.4375
4623.125,5065.5,22629.5
4623.125,5065.5,22629.5
4637.0,5065.5625,22615.625
4637.0,5065.5625,22615.625
4637.0,5065.5625,22615.625
4637.0,5065.5625,22615.625
4637.0,5065.5625,22615.625
4637.0,5065.5625,22615.625
4637.0,5065.5625,22615.625
4637.0,5065.5625,22615.625
4645.5,5065.5625,22607.1875
4645.5,5065.5625,22607.1875
4645.5,5065.5625,22607.1875
4645.4375,5065.5625,22607.25
4645.1875,5065.5625,22607.5
4645.375,5065.5625,22607.3125
4645.375,5065.5625,22607.3125
4645.375,5065.5625,22607.3125
4645.375,5065.5625,22607.3125
4645.375,5065.5625,22607.3125
4645.375,5065.5625,22607.3125
4645.375,5065.5625,22607.3125
4645.4375,5081.5625,22591.375
4645.4375,5081.5625,22591.375
4645.4375,5081.5625,22591.375
4644.75,5081.5625,22592.0
4644.75,5081.5625,22592.0
4644.75,5081.5625,22592.0
4644.75,5081.5625,22592.0
4644.75,5081.5625,22592.0
4644.75,5081.5625,22592.0
4644.6875,5081.5625,22592.0625
4644.6875,5081.5625,22592.0625
4644.6875,5081.5625,22592.0625
4644.6875,5081.5625,22592.0625
4644.6875,5081.5625,22592.0625
4644.6875,5081.5625,22592.0625
4644.875,5081.5625,22591.875
4644.875,5081.5625,22591.875
4644.8125,5081.5625,22591.9375
4643.875,5081.5625,22592.5
4643.6875,5081.5625,22592.6875
4643.875,5081.5625,22592.5
4643.875,5081.5625,22592.5
4644.25,5081.8125,22592.0
4644.25,5081.8125,22592.0
4644.25,5081.8125,22592.0
4644.25,5081.8125,22592.0
4643.8125,5081.8125,22592.4375
4643.8125,5081.8125,22592.4375
4643.8125,5081.8125,22592.4375
4643.9375,5081.8125,22592.3125
4643.875,5081.8125,22592.375
4643.8125,5081.8125,22592.4375
4643.8125,5081.8125,22592.4375
4644.25,5081.8125,22591.8125
4643.875,5081.8125,22592.1875
4644.0625,5081.8125,22592.0
4644.0625,5081.8125,22592.0
4643.5,5081.8125,22592.5625
4643.5,5081.8125,22592.5625
4643.5,5081.8125,22592.5625
4643.5,5081.8125,22592.5625
4643.5,5081.8125,22592.5625
4643.5,5081.8125,22592.5625
4643.5,5081.8125,22592.5625
4643.5,5081.8125,22592.5625
4643.3125,5081.8125,22592.75
4643.3125,5081.8125,22592.75
4643.3125,5081.8125,22592.75
4643.1875,5081.8125,22592.875
4643.1875,5081.8125,22592.875
4643.1875,5081.8125,22592.875
4643.1875,5081.8125,22592.875
4643.1875,5081.8125,22592.875
4657.125,5081.8125,22578.8125
4657.125,5081.8125,22578.8125
4657.125,5081.8125,22578.8125
4657.125,5081.8125,22578.8125
4657.125,5081.8125,22578.8125
4657.125,5081.8125,22578.8125
4657.125,5081.8125,22578.8125
4657.125,5081.8125,22578.8125
4657.125,5081.8125,22578.8125
4657.125,5081.8125,22578.8125
4657.8125,5081.8125,22578.0625
4657.8125,5081.8125,22578.0625
4657.8125,5081.8125,22578.0625
4657.625,5081.8125,22578.25
4657.625,5081.8125,22578.25
4657.625,5081.8125,22578.25
4658.0,5081.8125,22577.875
4657.9375,5081.8125,22577.9375
4657.9375,5081.8125,22577.9375
4657.9375,5081.8125,22577.9375
4657.9375,5081.8125,22577.9375
4657.9375,5081.8125,22577.9375
4657.9375,5081.8125,22577.9375
4657.9375,5081.8125,22577.9375
4658.25,5081.8125,22577.625
4657.8125,5081.8125,22577.875
4657.8125,5081.8125,22577.875
4657.75,5081.8125,22577.9375
4657.75,5081.8125,22577.9375
4657.75,5081.8125,22577.9375
4657.9375,5081.8125,22577.75
4657.9375,5081.8125,22577.75
4657.9375,5081.8125,22577.75
4657.9375,5081.8125,22577.75
4657.9375,5081.8125,22577.75
4657.9375,5081.8125,22577.75
4657.9375,5081.8125,22577.75
4657.9375,5081.8125,22577.75
4657.9375,5081.8125,22577.75
4657.875,5081.8125,22577.8125
4658.875,5081.8125,22576.8125
4658.875,5081.8125,22576.8125
4658.875,5081.8125,22576.8125
4658.875,5081.8125,22576.8125
4658.875,5081.8125,22576.8125
4659.625,5081.8125,22576.0625
4659.625,5081.8125,22576.0625
4659.8125,5081.8125,22575.875
4659.6875,5081.8125,22576.0
4659.6875,5081.8125,22576.0
4660.25,5081.8125,22575.4375
4659.5,5081.8125,22576.1875
4659.5,5081.8125,22576.1875
4659.5,5081.8125,22576.1875
4659.6875,5081.8125,22576.0
4659.9375,5081.8125,22575.75
4659.4375,5081.8125,22576.25
4659.4375,5081.8125,22576.25
4659.375,5081.8125,22576.3125
4659.3125,5081.8125,22576.375
4659.25,5081.8125,22576.4375
4659.25,5081.8125,22576.4375
4659.25,5081.8125,22576.4375
4659.25,5081.8125,22576.4375
4659.25,5081.8125,22576.4375
4659.25,5081.8125,22576.4375
4659.25,5081.8125,22576.4375
4659.25,5081.8125,22576.4375
4659.25,5081.8125,22576.4375
4673.875,5081.8125,22561.8125
4672.6875,5081.8125,22562.875
4672.6875,5081.8125,22562.875
4673.6875,5081.8125,22561.875
4680.0625,5081.8125,22555.5
4681.75,5081.8125,22553.8125
4675.1875,5081.8125,22560.375
4675.1875,5081.8125,22560.375
4675.1875,5081.8125,22560.375
4675.1875,5081.75,22560.375
4675.0,5081.75,22560.5625
4675.0,5081.75,22560.5625
4675.0,5081.75,22560.5625
4675.0,5081.75,22560.5625
4675.0,5081.75,22560.5625
4675.0,5081.75,22560.5625
4674.8125,5081.75,22560.6875
4674.8125,5081.75,22560.6875
4674.6875,5081.75,22560.8125
4674.5,5081.75,22561.0
4674.5,5081.75,22561.0
4674.6875,5081.75,22560.8125
4674.6875,5081.75,22560.8125
4674.6875,5081.75,22560.8125
4674.6875,5081.75,22560.8125
4674.6875,5081.75,22560.8125
4674.6875,5081.75,22560.8125
4674.5,5081.75,22561.0
4674.5,5081.75,22561.0
4674.5,5081.75,22561.0
4674.5,5081.75,22561.0
4674.9375,5081.75,22560.5625
4674.9375,5081.75,22560.5625
4674.75,5081.75,22560.75
4674.75,5081.75,22560.75
4674.5625,5081.75,22561.0
4674.5625,5081.75,22561.0
4674.5625,5081.75,22561.0
4674.5625,5081.75,22561.0
4672.5,5081.75,22563.0625
4671.3125,5081.75,22564.25
4671.3125,5081.75,22564.25
4671.3125,5081.75,22564.25
4671.3125,5081.75,22564.25
4671.0625,5081.75,22564.5
4670.875,5081.75,22564.6875
4670.1875,5081.75,22565.375
4670.1875,5081.75,22565.375
4670.1875,5081.75,22565.375
4670.1875,5081.75,22565.375
4670.0,5081.75,22565.5625
4670.0,5081.75,22565.5625
4670.1875,5082.0625,22565.25
4670.1875,5082.0625,22565.25
4670.0,5082.0625,22565.4375
4669.6875,5082.0625,22565.75
4669.6875,5082.0625,22565.75
4669.6875,5082.0625,22565.75
4669.6875,5082.0625,22565.75
4669.5,5082.0625,22565.9375
4670.0,5082.0625,22565.4375
4670.5625,5082.0625,22564.875
4670.375,5082.0625,22565.0625
4670.375,5082.0625,22565.0625
4670.3125,5082.0625,22565.125
4670.6875,5082.0625,22564.75
4670.6875,5082.0625,22564.75
4670.6875,5082.0625,22564.75
4670.6875,5082.0625,22564.75
4684.1875,5082.125,22551.25
4684.1875,5082.125,22551.25
4684.1875,5082.125,22551.25
4684.1875,5082.125,22551.25
4684.1875,5082.125,22551.25
4684.125,5082.125,22551.3125
4683.75,5082.125,22551.6875
4684.25,5082.125,22550.9375
4684.25,5082.125,22550.9375
4684.25,5082.125,22550.9375
4684.25,5082.0625,22550.9375
4684.25,5082.125,22550.9375
4684.25,5082.125,22550.9375
4684.25,5082.125,22550.9375
4684.25,5082.125,22550.9375
4684.25,5082.125,22550.9375
4684.25,5082.125,22550.9375
4684.25,5082.125,22550.9375
4684.25,5082.125,22550.9375
4684.25,5082.125,22550.9375
4684.25,5082.125,22550.9375
4683.8125,5082.125,22551.375
4683.375,5082.125,22551.8125
4683.25,5082.125,22551.9375
4683.1875,5082.125,22552.0
4683.1875,5082.125,22552.0
4683.1875,5082.125,22552.0
4683.1875,5082.125,22552.0
4683.3125,5082.1875,22551.875
4683.3125,5082.1875,22551.875
4683.3125,5082.1875,22551.875
4683.1875,5082.1875,22552.0
4683.1875,5082.1875,22552.0
4683.1875,5082.1875,22552.0
4683.1875,5082.1875,22552.0
4682.8125,5082.1875,22552.375
4682.8125,5082.1875,22552.375
4682.0625,5082.1875,22553.125
4682.0625,5082.1875,22553.125
4682.0625,5082.1875,22553.125
4682.0625,5082.1875,22553.125
4682.0625,5082.1875,22553.125
4682.0625,5082.1875,22553.125
4682.0625,5082.1875,22553.125
4681.9375,5082.1875,22553.25
4681.9375,5082.1875,22553.25
4681.75,5082.1875,22553.4375
4681.75,5082.1875,22553.4375
4681.75,5082.1875,22553.4375
4681.75,5082.1875,22553.4375
4681.75,5082.1875,22553.4375
4681.5,5082.1875,22553.6875
4682.625,5082.1875,22552.5625
4682.625,5082.1875,22552.5625
4682.625,5082.1875,22552.5625
4682.625,5082.1875,22552.5625
4681.875,5082.125,22553.3125
4681.875,5082.1875,22553.3125
4681.875,5082.1875,22553.3125
4681.875,5082.1875,22553.3125
4681.875,5082.1875,22553.3125
4681.875,5082.1875,22553.3125
4681.875,5082.1875,22553.3125
4681.875,5082.1875,22553.3125
4681.875,5082.1875,22553.3125
4681.875,5082.1875,22553.3125
4681.0625,5082.1875,22553.9375
4681.0625,5082.1875,22553.9375
4681.0625,5082.1875,22553.9375
4691.9375,5082.1875,22543.0625
4694.5,5082.1875,22540.4375
4694.1875,5082.1875,22540.75
4694.1875,5082.1875,22540.75
4694.375,5082.1875,22540.5625
4694.375,5082.1875,22540.5625
4694.375,5082.1875,22540.5625
4694.375,5082.1875,22540.5625
4694.375,5082.1875,22540.5625
4694.375,5082.1875,22540.5625
4694.375,5082.1875,22540.5625
4694.375,5082.1875,22540.5625
4694.25,5082.1875,22540.625
4694.8125,5082.1875,22540.0625
4694.75,5082.1875,22540.125
4694.75,5082.1875,22540.125
4694.75,5082.1875,22540.125
4694.75,5082.1875,22540.125
4694.75,5082.1875,22540.125
4694.75,5082.1875,22540.125
4694.75,5082.1875,22540.125
4694.75,5082.1875,22540.125
4694.75,5082.1875,22540.125
4694.75,5082.1875,22540.125
4694.75,5082.1875,22540.125
4694.75,5082.1875,22540.125
4694.75,5082.1875,22540.125
4699.875,5082.25,22534.9375
4705.75,5082.3125,22529.125
4705.75,5082.3125,22529.125
4705.75,5082.3125,22529.125
4705.8125,5082.3125,22529.0625
4706.0,5082.3125,22528.875
4705.8125,5082.3125,22529.0625
4705.8125,5082.3125,22529.0625
4705.8125,5082.3125,22529.0625
4705.8125,5082.3125,22529.0625
4705.8125,5082.3125,22529.0625
4705.75,5082.3125,22529.125
4705.75,5082.3125,22529.125
4705.75,5082.3125,22529.125
4705.75,5082.3125,22529.125
4705.625,5082.3125,22529.25
4705.0,5082.3125,22529.8125
4704.9375,5082.3125,22529.875
4704.9375,5082.3125,22529.875
4704.9375,5082.3125,22529.875
4704.375,5082.3125,22530.4375
4704.375,5082.25,22530.4375
4704.375,5082.3125,22530.4375
4704.3125,5082.3125,22530.5
4704.3125,5082.3125,22530.5
4704.3125,5082.3125,22530.5
4704.3125,5082.3125,22530.5
4704.3125,5082.3125,22530.5
4703.8125,5082.3125,22531.0
4703.8125,5082.3125,22531.0
4703.625,5082.3125,22531.1875
4705.1875,5082.3125,22529.625
4705.1875,5082.3125,22529.625
4705.1875,5082.25,22529.625
4705.375,5082.3125,22529.4375
4705.6875,5082.4375,22529.0625
4705.6875,5082.4375,22529.0625
4705.6875,5082.4375,22529.0625
4704.5,5082.5,22530.1875
4701.625,5082.4375,22533.125
4701.625,5082.4375,22533.125
4701.25,5082.4375,22533.125
4701.25,5082.4375,22533.125
4701.0,5082.4375,22533.375
4701.0,5082.4375,22533.375
4714.4375,5082.4375,22519.9375
4715.0625,5082.4375,22519.3125
4714.875,5082.4375,22519.5
4714.875,5082.4375,22519.5
4714.875,5082.4375,22519.5
4715.0625,5082.4375,22519.3125
4715.0625,5082.4375,22519.3125
4715.0625,5082.4375,22519.3125
4715.0625,5082.4375,22519.3125
4715.0625,5082.4375,22519.3125
4715.0625,5082.4375,22519.3125
4715.0625,5082.4375,22519.3125
4715.0625,5082.4375,22519.3125
4715.0625,5082.4375,22519.3125
4715.0625,5082.4375,22519.3125
4714.8125,5082.4375,22519.5625
4714.3125,5082.4375,22520.0625
4714.3125,5082.4375,22520.0625
4714.3125,5082.4375,22520.0625
4714.3125,5082.4375,22520.0625
4714.3125,5082.4375,22520.0625
4714.3125,5082.4375,22519.875
4714.3125,5082.4375,22519.875
4714.3125,5082.4375,22519.875
4714.3125,5082.4375,22519.875
4714.3125,5082.4375,22519.875
4714.3125,5082.4375,22519.875
4714.3125,5082.4375,22519.875
4714.3125,5082.4375,22519.875
4714.3125,5082.4375,22519.875
4713.8125,5082.4375,22520.375
4713.6875,5082.4375,22520.5
4713.5,5082.4375,22520.6875
4713.4375,5082.4375,22520.75
4713.25,5082.4375,22520.9375
4712.875,5082.4375,22521.3125
4712.875,5082.4375,22521.3125
4712.875,5082.4375,22521.3125
4712.875,5082.4375,22521.3125
4712.875,5082.4375,22521.3125
4712.875,5082.4375,22521.3125
4712.875,5082.4375,22521.3125
4712.6875,5082.4375,22521.5
4712.6875,5082.4375,22521.5
4712.6875,5082.4375,22521.5
4712.875,5082.4375,22521.3125
4712.4375,5082.4375,22521.75
4712.4375,5082.4375,22521.75
4712.25,5082.4375,22521.9375
4712.25,5082.4375,22521.9375
4712.4375,5082.4375,22521.75
4712.4375,5082.4375,22521.75
4712.4375,5082.4375,22521.75
4712.4375,5082.4375,22521.75
4712.4375,5082.4375,22521.75
4712.4375,5082.4375,22521.75
4712.4375,5082.4375,22521.75
4712.4375,5082.4375,22521.75
4712.4375,5082.4375,22521.75
4712.4375,5082.4375,22521.75
4712.3125,5082.4375,22521.875
4711.9375,5082.4375,22522.25
4711.9375,5082.4375,22522.25
4711.9375,5082.4375,22522.25
4711.9375,5082.4375,22522.25
4711.9375,5082.4375,22522.25
4711.8125,5082.4375,22522.375
4711.8125,5082.4375,22522.375
4712.375,5082.4375,22521.625
4713.125,5082.4375,22520.875
4713.125,5082.4375,22520.875
4713.125,5082.4375,22520.875
4713.125,5082.4375,22520.875
4712.9375,5082.4375,22521.0625
4711.0625,5082.4375,22522.9375
4710.6875,5082.4375,22523.3125
4726.25,5082.5,22507.75
4726.25,5082.5,22507.75
4726.25,5082.5,22507.75
4726.1875,5082.5,22507.8125
4725.625,5082.5,22508.375
4725.625,5082.5,22508.375
4725.625,5082.5,22508.375
4725.625,5082.5,22508.375
4725.625,5082.5,22508.375
4725.625,5082.5,22508.375
4725.625,5082.5,22508.375
4725.625,5082.5,22508.375
4725.625,5082.5,22508.375
4725.625,5082.5,22508.375
4725.0,5082.5,22509.0
4724.5,5082.5,22509.5
4724.5,5082.5,22509.5
4724.5,5082.5,22509.5
4732.3125,5082.5,22501.6875
4731.75,5082.5,22502.25
4727.8125,5082.5,22506.1875
4725.0,5082.5,22509.0
4725.0,5082.5,22509.0
4725.0,5082.5,22509.0
4725.0,5082.5,22509.0
4724.9375,5082.5,22509.0625
4724.75,5082.5,22509.25
4724.75,5082.5,22509.25
4724.75,5082.5,22509.25
4724.5,5082.5,22509.5
4723.875,5082.5,22510.125
4723.875,5082.5,22510.125
4723.875,5082.5,22510.125
4723.875,5082.5,22510.125
4723.875,5082.5,22510.125
4723.875,5082.5,22510.125
4723.75,5082.5,22510.25
4723.75,5082.5,22510.25
4723.75,5082.5,22510.25
4723.75,5082.5,22510.25
4723.6875,5082.5,22510.3125
4723.5,5082.5,22510.5
4723.5,5082.5,22510.5
4723.5,5082.5,22510.5
4723.4375,5082.4375,22510.5625
4724.4375,5082.5,22509.375
4724.4375,5082.5,22509.375
4724.4375,5082.5,22509.375
4724.25,5082.5,22509.5625
4724.1875,5082.5,22509.625
4724.1875,5082.5,22509.625
4724.125,5082.5,22509.6875
4724.125,5082.5,22509.6875
4724.125,5082.5,22509.6875
4724.125,5082.5,22509.6875
4724.125,5082.5,22509.6875
4724.125,5082.5,22509.6875
4724.125,5082.5,22509.6875
4724.125,5082.5,22509.6875
4724.1875,5082.5,22509.625
4724.25,5082.5,22509.5
4724.25,5082.5,22509.5
4724.25,5082.5,22509.5
4724.25,5082.5,22509.5
4724.6875,5082.5,22509.0625
4724.875,5082.5,22508.875
4724.875,5082.5,22508.875
4724.875,5082.5,22508.875
4724.875,5082.5,22508.875
4724.875,5082.5,22508.875
4724.875,5082.5,22508.875
4724.875,5082.5,22508.875
4724.875,5082.5,22508.875
4724.6875,5082.5,22509.0625
4725.125,5082.5,22508.625
4725.6875,5082.5,22508.0
4725.6875,5082.5,22508.0
4725.6875,5082.5,22508.0
4726.25,5082.5,22507.4375
4726.25,5082.5,22507.4375
4726.25,5082.5,22507.4375
4726.25,5082.5,22507.4375
4726.25,5082.5,22507.4375
4726.25,5082.5,22507.4375
4726.25,5082.5,22507.4375
4726.25,5082.5,22507.4375
4726.25,5082.5,22507.4375
4726.25,5082.5,22507.4375
4726.25,5082.5,22507.4375
4726.625,5082.5,22507.0625
4726.3125,5082.5,22507.375
4726.3125,5082.5,22507.375
4726.3125,5082.5,22507.375
4726.3125,5082.5,22507.375
4726.3125,5082.5,22507.375
4726.3125,5082.5,22507.375
4726.3125,5082.5,22507.375
4726.3125,5082.5,22507.375
4726.3125,5082.5,22507.375
4726.3125,5082.5,22507.375
4726.3125,5082.5,22507.375
4726.3125,5082.5,22507.375
4726.3125,5082.5,22507.375
4726.3125,5082.5,22507.375
4726.4375,5082.5,22507.25
4725.8125,5082.5,22507.875
4725.8125,5082.5,22507.875
4725.8125,5082.5,22507.875
4725.8125,5082.5,22507.875
4725.8125,5082.5,22507.875
4726.0,5082.5,22507.6875
4726.0,5082.5,22507.6875
4725.6875,5082.5,22508.0
4725.6875,5082.5,22508.0
4725.6875,5082.5,22508.0
4725.6875,5082.5,22508.0
4725.6875,5082.5,22508.0
4725.875,5082.5,22507.8125
4725.875,5082.5,22507.8125
4725.875,5082.5,22507.8125
4725.75,5082.5,22507.8125
4725.9375,5082.5,22507.625
4725.9375,5082.5,22507.625
4725.9375,5082.5,22507.625
4725.9375,5082.5,22507.625
4725.9375,5082.5,22507.625
4725.9375,5082.5,22507.625
4725.9375,5082.5,22507.625
4725.875,5082.5,22507.6875
4725.875,5082.5,22507.6875
4725.875,5082.5,22507.6875
4725.875,5082.5,22507.6875
4725.875,5082.5,22507.6875
4725.875,5082.5,22507.6875
4726.0625,5082.5,22507.5
4725.1875,5082.5,22508.375
4725.1875,5082.5,22508.375
4725.1875,5082.5,22508.375
4725.1875,5082.5,22508.375
4725.1875,5082.5,22508.375
4725.1875,5082.4375,22508.375
4725.3125,5082.5625,22508.1875
4725.3125,5082.5625,22508.1875
4725.3125,5082.5625,22508.1875
4741.625,5082.5625,22491.875
4745.9375,5082.5625,22487.5625
4745.9375,5082.5625,22487.5625
4745.9375,5082.5625,22487.5625
4745.9375,5082.5625,22487.5625
4745.875,5082.5625,22487.625
4746.875,5082.5625,22486.625
4746.875,5082.5625,22486.625
4746.875,5082.5625,22486.625
4747.125,5082.5625,22486.375
4747.125,5082.5625,22486.375
4747.125,5082.5,22486.375
4747.0625,5082.5625,22486.4375
4747.0625,5082.5625,22486.4375
4747.0625,5082.5625,22486.4375
4747.0625,5082.5625,22486.4375
4747.0625,5082.5625,22486.4375
4747.0625,5082.5625,22486.4375
4747.0625,5082.5625,22486.4375
4747.0625,5082.5625,22486.4375
4747.1875,5082.5625,22486.3125
4747.1875,5082.5625,22486.3125
4747.1875,5082.5625,22486.3125
4747.1875,5082.5625,22486.3125
4747.375,5082.5625,22486.125
4747.5,5082.5625,22486.0
4747.5,5082.5625,22486.0
4747.25,5082.5625,22486.25
4747.25,5082.5625,22486.25
4747.25,5082.5625,22486.25
4747.25,5082.5625,22486.25
4747.25,5082.5625,22486.25
4747.1875,5082.5625,22486.3125
4747.1875,5082.5625,22486.3125
4747.1875,5082.5625,22486.3125
4750.125,5082.5625,22483.375
4754.125,5082.5625,22479.4375
4754.125,5082.5625,22479.4375
4754.125,5082.5625,22479.4375
4754.125,5082.5625,22479.4375
4754.125,5082.5625,22479.4375
4753.75,5082.5625,22479.8125
4753.75,5082.5625,22479.8125
4753.75,5082.5625,22479.8125
4753.75,5082.5625,22479.8125
4753.75,5082.5625,22479.8125
4753.75,5082.5625,22479.8125
4753.75,5082.5625,22479.8125
4753.75,5082.5625,22479.8125
4753.75,5082.5625,22479.8125
4753.0625,5082.5625,22480.5
4754.0,5082.5625,22479.5625
4753.9375,5082.5,22479.625
4753.9375,5082.5625,22479.625
4753.9375,5082.5625,22479.625
4753.9375,5082.5625,22479.625
4753.9375,5082.5625,22479.625
4753.9375,5082.5625,22479.625
4753.9375,5082.5625,22479.625
4753.9375,5082.5625,22479.625
4753.9375,5082.5625,22479.625
4753.9375,5082.5625,22479.625
4754.125,5082.5625,22479.4375
4754.125,5082.5625,22479.4375
4754.125,5082.5625,22479.4375
4753.8125,5082.5625,22479.75
4753.375,5082.5625,22480.1875
4753.375,5082.5625,22480.1875
4753.125,5082.5625,22480.4375
4753.125,5082.5625,22480.4375
4753.25,5082.5625,22480.3125
4753.25,5082.5625,22480.3125
4753.25,5082.5625,22480.3125
4753.25,5082.5625,22480.3125
4753.25,5082.5625,22480.3125
4753.25,5082.5625,22480.3125
4753.25,5082.5625,22480.3125
4753.25,5082.5,22480.3125
4753.25,5082.5625,22480.3125
4753.25,5082.5625,22480.3125
4753.875,5082.5625,22479.625
4753.625,5082.5625,22479.375
4753.625,5082.5625,22479.375
4753.8125,5082.5625,22479.1875
4753.6875,5082.5625,22479.3125
4753.625,5082.5625,22479.375
4753.625,5082.5625,22479.375
4753.625,5082.5625,22479.375
4753.625,5082.5625,22479.375
4753.625,5082.5625,22479.375
4753.625,5082.5625,22479.375
4753.5,5082.5625,22479.5
4753.5,5082.5625,22479.5
4753.5,5082.5625,22479.5
4753.5,5082.5625,22479.5
4753.4375,5082.5625,22479.5625
4753.9375,5082.5625,22479.0
4754.125,5082.5625,22478.8125
4754.125,5082.5625,22478.8125
4754.125,5082.5625,22478.8125
4754.125,5082.5625,22478.8125
4754.125,5082.5625,22478.8125
4754.125,5082.5625,22478.8125
4754.125,5082.5625,22478.8125
4754.125,5082.5625,22478.8125
4754.125,5082.5625,22478.8125
4754.125,5082.5625,22478.8125
4754.125,5082.5625,22478.8125
4754.125,5082.5625,22478.8125
4754.6875,5082.5625,22478.25
4750.1875,5082.5625,22482.75
4749.625,5082.5625,22483.25
4749.625,5082.5625,22483.25
4748.875,5082.5625,22484.0
4748.625,5082.5625,22484.25
4748.375,5082.5,22484.5
4748.375,5082.5625,22484.5
4748.375,5082.5625,22484.5
4748.375,5082.5625,22484.5
4748.375,5082.5625,22484.5
4748.375,5082.5625,22484.5
4748.375,5082.5625,22484.5
4748.375,5082.5625,22484.5
4748.375,5082.5625,22484.5
4748.1875,5082.5625,22484.6875
4747.25,5082.5625,22485.5
4748.125,5082.5625,22484.625
4748.0,5082.5625,22484.75
4748.1875,5082.5625,22484.5625
4748.1875,5082.5625,22484.5625
4748.1875,5082.5625,22484.5625
4748.1875,5082.5625,22484.5625
4748.1875,5082.5625,22484.5625
4748.1875,5082.5625,22484.5625
4748.1875,5082.5625,22484.5625
4748.1875,5082.5625,22484.5625
4748.0625,5082.5625,22484.6875
4748.0625,5082.5625,22484.6875
4748.25,5082.5625,22484.5
4748.25,5082.5625,22484.5
4748.125,5082.5625,22484.625
4748.5,5082.5625,22484.25
4748.3125,5082.5625,22484.4375
4748.125,5082.5625,22484.625
4748.125,5082.5625,22484.625
4747.5625,5082.5625,22485.1875
4747.5625,5082.5625,22485.1875
4747.75,5082.5625,22485.0
4747.75,5082.5625,22485.0
4747.75,5082.5625,22485.0
4747.75,5082.5625,22485.0
4749.0625,5082.5625,22483.6875
4749.0625,5082.5625,22483.6875
4749.0625,5082.5625,22483.6875
4748.875,5082.5625,22483.875
4748.625,5082.5625,22484.125
4747.9375,5082.5625,22484.8125
4747.9375,5082.5,22484.8125
4746.8125,5082.5625,22485.9375
4746.8125,5082.5625,22485.9375
4746.8125,5082.5625,22485.9375
4746.8125,5082.5625,22485.9375
4746.8125,5082.5625,22485.9375
4746.8125,5082.5625,22485.9375
4747.0,5082.5625,22485.75
4747.0,5082.5625,22485.75
4747.0,5082.5625,22485.75
4747.0,5082.5625,22485.75
4746.875,5082.5625,22485.875
4746.875,5082.5625,22485.875
4746.8125,5082.5625,22485.9375
4746.75,5082.5625,22486.0
4746.75,5082.5625,22486.0
4751.625,5082.5625,22481.125
4755.0625,5082.5625,22477.6875
4751.375,5082.5625,22481.375
4750.0,5082.5625,22482.75
4750.0,5082.5625,22482.75
4749.8125,5082.5625,22482.9375
4749.625,5082.5625,22483.125
4749.8125,5082.5625,22482.9375
4750.0,5082.5625,22482.75
4749.4375,5082.5625,22483.3125
4749.6875,5082.5625,22483.0625
4749.6875,5082.5625,22483.0625
4749.5,5082.5625,22483.25
4749.8125,5082.5625,22482.9375
4750.0,5082.5,22482.75
4750.5625,5082.5625,22482.1875
4750.5625,5082.5625,22482.1875
4750.5625,5082.5625,22482.1875
4750.5625,5082.5625,22482.1875
4750.75,5082.5625,22482.0
4750.5625,5082.5625,22482.1875
4750.75,5082.5625,22482.0
4750.5625,5082.5625,22482.1875
4750.5625,5082.5625,22482.1875
4750.5625,5082.5625,22482.1875
4750.4375,5082.5625,22482.3125
4750.4375,5082.5625,22482.3125
4750.375,5082.5625,22482.375
4749.6875,5082.5625,22483.0625
4749.6875,5082.5625,22483.0625
4749.875,5082.5625,22482.875
4749.5,5082.5625,22483.25
4749.5,5082.5625,22483.25
4749.5,5082.5625,22483.25
4749.1875,5082.5625,22483.5625
4749.1875,5082.5625,22483.5625
4749.1875,5082.5625,22483.5625
4749.1875,5082.5625,22483.5625
4748.8125,5082.5625,22483.9375
4748.8125,5082.5625,22483.9375
4748.8125,5082.5625,22483.9375
4749.0,5082.5625,22483.75
4748.875,5082.625,22483.875
4750.375,5082.625,22482.0625
4750.375,5082.625,22482.0625
4750.375,5082.625,22482.0625
4750.1875,5082.625,22482.25
4748.4375,5082.5625,22484.0
4748.25,5082.625,22484.1875
4748.25,5082.625,22484.1875
4748.0625,5082.625,22484.375
4748.0625,5082.625,22484.375
4748.0625,5082.625,22484.375
4748.0625,5082.625,22484.375
4748.0625,5082.625,22484.375
4748.0625,5082.625,22484.375
4748.0625,5082.625,22484.375
4747.875,5082.625,22484.5625
4748.25,5082.625,22484.125
4748.25,5082.625,22484.125
4748.25,5082.625,22484.125
4748.25,5082.625,22484.125
4748.5625,5082.5625,22483.8125
4748.5625,5082.625,22483.8125
4748.5625,5082.625,22483.8125
4748.5625,5082.625,22483.8125
4748.5625,5082.625,22483.8125
4748.5625,5082.625,22483.8125
4748.5625,5082.625,22483.8125
4748.4375,5082.625,22483.9375
4748.4375,5082.625,22483.9375
4748.3125,5082.625,22484.0625
4748.0625,5082.625,22484.3125
4747.25,5082.625,22485.125
4747.25,5082.625,22485.125
4747.25,5082.625,22485.125
4748.0,5082.625,22484.375
4748.1875,5082.625,22484.1875
4748.1875,5082.625,22484.1875
4748.1875,5082.625,22484.1875
4748.1875,5082.625,22484.1875
4748.1875,5082.625,22484.1875
4748.1875,5082.625,22484.1875
4748.1875,5082.625,22484.1875
4748.1875,5082.625,22484.1875
4748.1875,5082.625,22484.1875
4748.1875,5082.625,22484.1875
4748.375,5082.625,22484.0
4748.25,5082.625,22484.125
4748.0625,5082.625,22484.3125
4748.0625,5082.625,22484.3125
4748.0625,5082.625,22484.3125
4748.0625,5082.5625,22484.3125
4748.0,5082.625,22484.375
4748.0,5082.625,22484.375
4747.8125,5082.625,22484.5625
4747.625,5082.625,22484.75
4747.625,5082.625,22484.75
4747.625,5082.625,22484.75
4747.625,5082.625,22484.75
4747.625,5082.625,22484.75
4747.4375,5082.625,22484.9375
4747.375,5082.625,22485.0
4747.5625,5082.625,22484.8125
4747.4375,5082.625,22484.9375
4747.4375,5082.625,22484.9375
4747.4375,5082.625,22484.9375
4747.0625,5082.5625,22485.3125
4747.0625,5082.625,22485.3125
4763.1875,5082.625,22469.1875
4765.0625,5082.625,22467.3125
4765.0625,5082.625,22467.3125
4765.0625,5082.625,22467.3125
4765.0625,5082.625,22467.3125
4765.0625,5082.625,22467.3125
4764.875,5082.625,22467.5
4764.6875,5082.625,22467.6875
4764.875,5082.625,22467.5
4765.3125,5082.625,22467.0625
4765.3125,5082.625,22467.0625
4764.9375,5082.625,22467.4375
4765.3125,5082.625,22467.0625
4765.3125,5082.625,22467.0625
4765.3125,5082.625,22467.0625
4765.3125,5082.625,22467.0625
4765.3125,5082.625,22467.0625
4765.3125,5082.625,22467.0625
4765.3125,5082.625,22467.0625
4765.125,5082.625,22467.25
4765.125,5082.625,22467.25
4765.3125,5082.625,22467.0625
4765.3125,5082.625,22467.0625
4765.3125,5082.625,22467.0625
4765.625,5082.625,22466.75
4765.4375,5082.625,22466.9375
4765.4375,5082.625,22466.9375
4765.3125,5082.625,22467.0625
4765.3125,5082.625,22467.0625
4765.3125,5082.625,22467.0625
4765.3125,5082.625,22467.0625
4765.3125,5082.625,22467.0625
4765.3125,5082.625,22467.0625
4765.3125,5082.625,22467.0625
4765.0625,5082.625,22467.3125
4765.0625,5082.625,22467.3125
4765.0625,5082.625,22467.3125
4765.0625,5082.625,22467.3125
4765.875,5082.625,22466.5
4765.125,5082.625,22467.25
4765.125,5082.625,22467.25
4765.125,5082.625,22467.25
4764.875,5082.625,22467.5
4764.4375,5082.625,22467.9375
4764.4375,5082.625,22467.9375
4764.4375,5082.625,22467.9375
4764.4375,5082.625,22467.9375
4764.4375,5082.625,22467.9375
4764.4375,5082.625,22467.9375
4764.4375,5082.625,22467.9375
4764.4375,5082.625,22467.9375
4764.4375,5082.625,22467.9375
4764.4375,5082.625,22467.9375
4772.625,5082.625,22459.8125
4772.625,5082.625,22459.8125
4772.625,5082.625,22459.8125
4772.375,5082.625,22460.0625
4772.1875,5082.625,22460.25
4772.1875,5082.5625,22460.25
4772.3125,5082.625,22460.125
4772.3125,5082.625,22460.125
4772.3125,5082.625,22460.125
4772.3125,5082.625,22460.125
4772.3125,5082.625,22460.125
4772.3125,5082.625,22460.125
4771.9375,5082.625,22460.5
4771.9375,5082.625,22460.5
4771.4375,5082.625,22460.5
4772.1875,5082.625,22459.75
4771.3125,5082.625,22460.625
4771.3125,5082.625,22460.625
4771.3125,5082.625,22460.625
4771.5,5082.625,22460.4375
4771.5,5082.625,22460.4375
4771.5,5082.625,22460.4375
4771.5,5082.625,22460.4375
4771.5,5082.625,22460.4375
4771.5,5082.625,22460.4375
4771.5,5082.625,22460.4375
4771.5,5082.625,22460.4375
4771.5,5082.625,22460.4375
4771.4375,5082.625,22460.5
4771.4375,5082.625,22460.5
4771.6875,5082.625,22460.1875
4771.6875,5082.625,22460.1875
4771.5,5082.625,22460.375
4771.5,5082.625,22460.375
4770.9375,5082.625,22460.9375
4770.9375,5082.625,22460.9375
4770.8125,5082.625,22461.0625
4770.8125,5082.625,22461.0625
4770.8125,5082.625,22461.0625
4767.4375,5082.625,22464.375
4767.25,5082.625,22464.5625
4767.25,5082.625,22464.5625
4766.8125,5082.625,22465.0
4766.8125,5082.625,22465.0
4766.8125,5082.625,22465.0
4766.0,5082.625,22465.8125
4766.0,5082.625,22465.8125
4766.0,5082.625,22465.8125
4766.1875,5082.625,22465.625
4766.1875,5082.625,22465.625
4766.1875,5082.625,22465.625
4766.1875,5082.625,22465.625
4766.1875,5082.625,22465.625
4766.1875,5082.625,22465.625
4766.1875,5082.625,22465.625
4766.1875,5082.625,22465.625
4766.1875,5082.625,22465.625
4766.1875,5082.625,22465.625
4766.1875,5082.625,22465.625
4766.1875,5082.625,22465.625
4764.6875,5082.625,22467.125
4764.6875,5082.625,22467.125
4764.6875,5082.625,22467.125
4764.625,5082.625,22467.1875
4764.625,5082.625,22467.1875
4764.5,5082.625,22467.3125
4764.6875,5082.625,22467.125
4764.6875,5082.625,22467.125
4764.6875,5082.625,22467.125
4764.6875,5082.625,22467.125
4764.6875,5082.625,22467.125
4764.6875,5082.625,22467.125
4764.6875,5082.625,22467.125
4764.6875,5082.625,22467.125
4764.6875,5082.625,22467.125
4766.125,5082.625,22465.6875
4766.125,5082.625,22465.6875
4766.125,5082.625,22465.6875
4766.125,5082.625,22465.6875
4765.9375,5082.625,22465.875
4765.9375,5082.625,22465.875
4765.9375,5082.625,22465.875
4765.9375,5082.625,22465.875
4765.5,5082.625,22466.3125
4765.5,5082.625,22466.3125
4765.5,5082.625,22466.3125
4765.5,5082.625,22466.3125
4765.5,5082.625,22466.3125
4765.5,5082.625,22466.3125
4765.5,5082.625,22466.3125
4766.0,5082.625,22465.4375
4765.9375,5082.625,22465.5
4765.75,5082.625,22465.6875
4765.75,5082.625,22465.6875
4765.75,5082.625,22465.6875
4765.9375,5082.625,22465.5
4765.9375,5082.625,22465.5
4765.6875,5082.625,22465.75
4765.6875,5082.625,22465.75
4765.6875,5082.625,22465.75
4765.5,5082.625,22465.9375
4765.5,5082.625,22465.9375
4765.5,5082.625,22465.9375
4765.5,5082.625,22465.9375
4765.5,5082.625,22465.9375
4766.1875,5082.625,22465.25
4766.1875,5082.625,22465.25
4766.0,5082.625,22465.4375
4765.8125,5082.625,22465.625
4765.8125,5082.625,22465.625
4765.625,5082.625,22465.8125
4765.625,5082.625,22465.8125
4765.625,5082.625,22465.8125
4765.625,5082.625,22465.8125
4765.625,5082.625,22465.8125
4766.0625,5082.625,22465.3125
4766.0625,5082.625,22465.3125
4766.0625,5082.625,22465.3125
4765.875,5082.625,22465.5
4767.0,5082.625,22464.375
4767.25,5082.625,22464.125
4767.25,5082.625,22464.125
4767.1875,5082.625,22464.1875
4767.1875,5082.625,22464.1875
4768.0,5082.6875,22463.4375
4766.875,5082.6875,22464.5625
4766.875,5082.6875,22464.5625
4766.875,5082.6875,22464.5625
4766.875,5082.6875,22464.5625
4768.6875,5099.6875,22446.1875
4768.875,5099.875,22446.0
4768.875,5099.875,22446.0
4768.4375,5099.875,22446.4375
4768.4375,5099.875,22446.4375
4768.5,5099.875,22446.375
4768.875,5099.875,22446.0
4768.875,5099.875,22446.0
4768.8125,5099.875,22446.0625
4768.8125,5099.875,22446.0625
4776.0625,5099.875,22438.8125
4776.25,5099.875,22438.625
4769.6875,5099.875,22445.1875
4769.6875,5099.875,22445.1875
4769.6875,5099.875,22445.1875
4769.6875,5099.875,22445.1875
4769.6875,5099.875,22445.1875
4769.6875,5099.875,22445.1875
4769.6875,5099.875,22445.1875
4769.6875,5099.875,22445.1875
4769.6875,5099.875,22445.1875
4768.9375,5099.875,22445.3125
4768.75,5099.875,22445.3125
4768.6875,5099.875,22445.375
4768.6875,5099.875,22445.375
4768.6875,5099.875,22445.375
4768.875,5099.875,22445.1875
4768.6875,5099.875,22445.375
4768.6875,5099.875,22445.375
4768.6875,5099.875,22445.375
4768.6875,5099.875,22445.375
4768.6875,5099.875,22445.375
4768.6875,5099.875,22445.375
4768.6875,5099.875,22445.375
4768.6875,5099.875,22445.375
4768.6875,5099.875,22445.375
4768.1875,5099.875,22445.875
4768.1875,5099.875,22445.875
4768.1875,5099.875,22445.875
4768.1875,5099.875,22445.875
4768.1875,5099.875,22445.875
4768.125,5099.875,22445.9375
4768.125,5099.875,22445.9375
4768.125,5099.875,22445.9375
4768.125,5099.875,22445.9375
4768.125,5099.875,22445.9375
4768.125,5099.875,22445.9375
4768.125,5099.875,22445.9375
4768.125,5099.875,22445.9375
4768.125,5099.875,22445.9375
4770.0625,5099.9375,22445.5625
4769.375,5099.9375,22446.25
4769.375,5099.9375,22446.25
4769.375,5099.9375,22446.25
4769.375,5099.9375,22446.25
4769.9375,5099.9375,22445.6875
4769.875,5099.9375,22445.75
4769.875,5099.9375,22445.75
4769.875,5099.9375,22445.75
4769.875,5099.9375,22445.75
4769.875,5099.9375,22445.75
4769.875,5099.9375,22445.75
4769.875,5099.9375,22445.75
4769.875,5099.9375,22445.75
4769.6875,5099.9375,22445.9375
4769.5,5099.9375,22446.125
4769.375,5099.9375,22446.25
4769.375,5099.9375,22446.25
4769.375,5099.9375,22446.25
4769.375,5099.9375,22446.25
4772.1875,5097.4375,22446.25
4772.6875,5098.625,22445.375
4772.6875,5098.625,22445.375
4772.6875,5098.625,22445.375
4772.6875,5098.625,22445.375
4772.6875,5098.625,22445.375
4772.6875,5098.625,22445.375
4772.6875,5098.625,22445.375
4772.6875,5098.625,22445.375
4772.6875,5098.625,22445.375
4771.75,5098.625,22446.1875
4772.1875,5098.625,22445.75
4772.1875,5098.625,22445.75
4772.1875,5098.625,22445.75
4772.1875,5098.625,22445.75
4772.1875,5098.625,22445.75
4772.1875,5098.625,22445.75
4772.0,5098.625,22445.9375
4772.0,5098.625,22445.9375
4772.0,5098.625,22445.9375
4772.0,5098.625,22445.9375
4772.0,5098.625,22445.9375
4772.0,5098.625,22445.9375
4772.0,5098.625,22445.9375
4772.0,5098.625,22445.9375
4771.75,5098.625,22446.1875
4771.1875,5098.625,22446.75
4771.1875,5098.625,22446.75
4771.1875,5098.625,22446.75
4771.1875,5098.625,22446.75
4760.5,5099.1875,22456.6875
4760.375,5099.125,22456.8125
4760.375,5099.1875,22456.8125
4760.375,5099.1875,22456.8125
4760.375,5099.1875,22456.8125
4760.375,5099.1875,22456.8125
4760.375,5099.1875,22456.8125
4760.1875,5099.1875,22457.0
4760.1875,5099.1875,22457.0
4760.1875,5099.1875,22457.0
4759.75,5099.1875,22457.4375
4760.5625,5099.1875,22456.5625
4760.5625,5099.1875,22456.5625
4760.5625,5099.1875,22456.5625
4760.375,5099.1875,22456.75
4760.375,5099.1875,22456.75
4760.5625,5099.1875,22456.5625
4760.5625,5099.1875,22456.5625
4760.3125,5099.1875,22456.8125
4760.3125,5099.1875,22456.8125
4759.9375,5099.1875,22457.1875
4759.9375,5099.1875,22457.1875
4759.9375,5099.1875,22457.1875
4759.9375,5099.1875,22457.1875
4759.9375,5099.1875,22457.1875
4759.9375,5099.1875,22457.1875
4760.3125,5099.1875,22456.75
4760.25,5099.1875,22456.8125
4760.25,5099.1875,22456.8125
4760.25,5099.1875,22456.8125
4760.25,5099.1875,22456.8125
4760.25,5099.1875,22456.8125
4760.125,5099.1875,22456.9375
4760.0,5099.1875,22457.0625
4760.0,5099.1875,22457.0625
4760.0,5099.1875,22457.0625
4760.0,5099.1875,22457.0625
4761.9375,5098.5625,22456.125
4761.9375,5098.5625,22456.125
4761.9375,5098.5625,22456.125
4761.125,5098.5625,22456.9375
4762.4375,5098.5625,22455.625
4762.4375,5098.5625,22455.625
4762.4375,5098.5625,22455.625
4762.4375,5098.5625,22455.625
4762.25,5098.5625,22455.8125
4762.25,5098.5625,22455.8125
4762.25,5098.5625,22455.8125
4762.25,5098.5625,22455.8125
4762.25,5098.5625,22455.8125
4762.25,5098.5625,22455.8125
4762.25,5098.5625,22455.8125
4762.25,5098.5625,22455.8125
4762.25,5098.5625,22455.8125
4762.25,5098.5625,22455.8125
4762.25,5098.5625,22455.8125
4762.25,5098.5625,22455.8125
4762.25,5098.5625,22455.8125
4762.25,5098.5625,22455.8125
4762.25,5098.5625,22455.8125
4761.8125,5098.5625,22455.4375
4761.8125,5098.5625,22455.4375
4761.8125,5098.5625,22455.4375
4761.8125,5098.5625,22455.4375
4761.8125,5098.5625,22455.4375
4761.8125,5098.5625,22455.4375
4761.8125,5098.5625,22455.4375
4761.8125,5098.5625,22455.4375
4761.6875,5098.875,22455.0625
4757.4375,5099.0625,22459.25
4756.875,5099.0,22459.5625
4761.5,5099.0625,22455.0
4761.125,5099.0625,22455.375
4761.0625,5099.0625,22455.4375
4761.0625,5099.0625,22455.4375
4760.6875,5099.0625,22455.8125
4760.6875,5099.0625,22455.8125
4760.6875,5099.0625,22455.8125
4760.6875,5099.0625,22455.8125
4760.6875,5099.0625,22455.8125
4760.6875,5099.0625,22455.8125
4760.6875,5099.0625,22455.8125
4760.6875,5099.0625,22455.8125
4760.6875,5099.0625,22455.8125
4760.6875,5099.0625,22455.8125
4760.25,5099.0625,22456.25
4759.625,5099.0625,22456.5
4759.625,5099.0625,22456.5
4759.625,5099.0625,22456.5
4759.625,5099.0625,22456.5
4759.4375,5099.0625,22456.6875
4759.25,5099.0625,22456.875
4759.25,5099.0625,22456.875
4759.25,5099.0625,22456.875
4759.25,5099.0625,22456.875
4759.25,5099.0625,22456.875
4759.25,5099.0625,22456.875
4759.25,5099.0625,22456.875
4759.1875,5099.0625,22456.9375
4759.1875,5099.0625,22456.9375
4758.5,5099.0625,22457.625
4758.3125,5099.0625,22457.8125
4758.1875,5099.0,22457.9375
4758.1875,5099.0625,22457.9375
4758.1875,5099.0625,22457.9375
4758.0,5099.0625,22458.125
4758.0,5099.0625,22458.125
4758.0,5099.0625,22458.125
4757.875,5099.0625,22458.25
4757.875,5099.0625,22458.25
4757.875,5099.0625,22458.25
4757.875,5099.0,22458.25
4757.875,5099.0625,22458.25
4757.875,5099.0625,22458.25
4757.8125,5099.0625,22458.3125
4758.25,5099.0625,22457.875
4758.0,5099.0625,22458.125
4757.625,5099.0625,22458.5
4757.5625,5099.0625,22458.5625
4757.375,5099.0625,22458.75
4757.375,5099.0625,22458.75
4757.375,5099.0625,22458.75
4757.375,5099.0625,22458.75
4757.375,5099.0625,22458.75
4757.375,5099.0625,22458.75
4757.375,5099.0625,22458.75
4757.375,5099.0625,22458.75
4757.0625,5099.0625,22459.0625
4757.0625,5099.0625,22459.0625
4757.0625,5099.0625,22459.0625
4757.0625,5099.0625,22459.0625
4757.25,5099.0625,22458.5
4757.25,5099.0625,22458.5
4757.25,5099.0625,22458.5
4757.0625,5099.0625,22458.6875
4756.875,5099.0625,22458.875
4756.875,5099.0625,22458.875
4756.875,5099.0625,22458.875
4747.25,5099.0625,22468.5
4749.4375,5099.0625,22466.3125
4749.4375,5099.0625,22466.3125
4749.4375,5099.0625,22466.3125
4749.4375,5099.0625,22466.3125
4749.4375,5099.0625,22466.3125
4749.4375,5099.0625,22466.3125
4749.5625,5099.0625,22466.1875
4750.0625,5099.0625,22465.625
4749.875,5099.0,22465.8125
4749.875,5099.0,22465.8125
4749.5625,5098.375,22466.6875
4748.8125,5098.375,22467.4375
4748.8125,5098.375,22467.4375
4748.8125,5098.375,22467.4375
4748.8125,5098.375,22467.4375
4748.8125,5098.375,22467.4375
4748.8125,5098.375,22467.4375
4748.75,5098.375,22467.5
4748.9375,5098.375,22467.3125
4748.8125,5098.375,22467.4375
4748.8125,5098.375,22467.4375
4748.75,5098.375,22467.5
4748.625,5098.3125,22467.625
4748.4375,5098.3125,22467.8125
4748.25,5098.25,22468.0
4748.4375,5097.75,22468.25
4748.5,5097.875,22468.25
4748.625,5097.875,22468.25
4748.6875,5097.875,22468.25
4748.625,5097.875,22468.3125
4748.625,5097.875,22468.3125
4748.625,5097.875,22468.3125
4748.625,5097.875,22468.3125
4748.625,5097.875,22468.3125
4748.625,5097.875,22468.3125
4748.6875,5097.875,22468.3125
4748.9375,5097.875,22468.0625
4747.9375,5097.875,22469.0625
4747.9375,5097.875,22469.0625
4747.75,5097.875,22469.25
4747.75,5097.875,22469.25
4747.75,5097.875,22469.25
4747.75,5097.875,22469.25
4747.75,5097.875,22469.25
4747.75,5097.875,22469.25
4747.75,5097.875,22469.25
4747.75,5097.875,22469.25
4747.75,5097.875,22469.25
4747.9375,5097.875,22469.0625
4747.9375,5097.875,22469.0625
4747.6875,5097.875,22469.3125
4747.4375,5097.875,22469.5625
4747.625,5097.875,22469.25
4747.375,5097.875,22469.5
4748.375,5097.875,22468.5
4748.375,5097.875,22468.5
4748.75,5097.875,22468.125
4748.75,5097.875,22468.125
4748.75,5097.875,22468.125
4747.625,5097.875,22469.25
4747.625,5097.8125,22469.25
4747.5625,5097.875,22469.3125
4747.5625,5097.875,22469.3125
4747.5625,5097.875,22469.3125
4747.5,5097.875,22469.375
4747.5,5097.875,22469.375
4747.75,5097.875,22469.125
4748.5,5098.4375,22468.375
4750.25,5098.5,22466.625
4750.25,5098.5,22466.625
4756.5625,5098.5,22460.3125
4756.875,5098.5625,22460.0
4750.5625,5098.5625,22466.3125
4750.625,5098.5625,22466.125
4750.625,5098.5625,22466.125
4750.625,5098.5625,22466.125
4750.625,5098.5625,22466.125
4750.4375,5098.5625,22466.3125
4750.4375,5098.5625,22466.3125
4750.4375,5098.5625,22466.3125
4750.625,5098.5625,22466.125
4750.1875,5098.5625,22466.5625
4750.125,5098.5625,22466.625
4750.3125,5098.5,22466.4375
4750.3125,5098.5625,22466.4375
4750.3125,5098.5625,22466.4375
4751.0,5098.5625,22465.75
4751.1875,5098.5625,22465.5625
4751.0,5098.5625,22465.75
4751.1875,5098.5625,22465.5625
4753.4375,5098.5625,22463.3125
4747.1875,5098.5625,22469.5625
4746.8125,5098.5625,22469.9375
4746.8125,5098.5625,22469.9375
4746.8125,5098.5625,22469.9375
4746.8125,5098.5625,22469.9375
4746.5625,5098.5625,22470.1875
4747.8125,5098.5625,22468.9375
4747.8125,5098.5625,22468.9375
4747.4375,5098.5625,22469.3125
4747.4375,5098.5625,22469.3125
4747.1875,5098.5625,22469.5625
4747.1875,5098.5625,22469.5625
4747.375,5098.5,22469.375
4747.1875,5098.5,22469.5625
4747.1875,5098.5,22469.5625
4747.1875,5098.5,22469.5625
4747.1875,5098.5,22469.5625
4747.3125,5098.4375,22469.4375
4747.5625,5098.6875,22469.25
4747.6875,5098.875,22469.125
4747.6875,5098.875,22469.125
4746.9375,5098.375,22469.625
4746.9375,5098.375,22469.625
4746.9375,5098.375,22469.625
4746.9375,5098.375,22469.625
4746.9375,5098.3125,22469.625
4746.9375,5098.375,22469.625
4746.9375,5098.375,22469.625
4746.9375,5098.375,22469.625
4746.75,5098.375,22469.8125
4746.75,5098.375,22469.8125
4746.75,5098.375,22469.8125
4746.75,5098.375,22469.8125
4746.75,5098.375,22469.8125
4746.75,5098.375,22469.8125
4746.9375,5098.375,22469.625
4746.0,5098.3125,22470.5625
4746.0,5098.3125,22470.5625
4746.0,5098.3125,22470.5625
4746.125,5098.3125,22470.5625
4746.125,5098.3125,22470.5625
4745.75,5098.3125,22470.9375
4745.875,5098.3125,22470.8125
4745.875,5098.3125,22470.8125
4741.5625,5098.6875,22474.1875
4745.6875,5098.6875,22470.0625
4745.625,5098.6875,22470.125
4745.4375,5098.6875,22470.3125
4745.4375,5098.6875,22470.3125
4745.4375,5098.6875,22470.3125
4745.375,5098.6875,22470.3125
4745.75,5098.6875,22469.9375
4745.75,5098.6875,22469.9375
4745.75,5098.6875,22469.9375
4745.75,5098.6875,22469.9375
4745.75,5098.6875,22469.9375
4745.75,5098.625,22469.9375
4745.75,5098.6875,22469.9375
4745.75,5098.6875,22469.9375
4745.75,5098.6875,22469.9375
4745.75,5098.6875,22469.9375
4745.75,5098.6875,22469.9375
4745.75,5098.6875,22469.9375
4745.75,5098.6875,22469.9375
4745.75,5098.6875,22469.9375
4745.375,5098.6875,22470.125
4745.8125,5098.6875,22469.6875
4745.8125,5098.6875,22469.6875
4745.8125,5098.6875,22469.6875
4745.8125,5098.6875,22469.6875
4745.625,5098.6875,22469.875
4745.625,5098.6875,22469.875
4745.625,5098.6875,22469.875
4745.5625,5098.6875,22469.9375
4745.5625,5098.6875,22469.9375
4745.5625,5098.6875,22469.9375
4745.5625,5098.6875,22469.9375
4745.5625,5098.6875,22469.9375
4745.5625,5098.6875,22469.9375
4745.5625,5098.6875,22469.9375
4745.75,5098.6875,22469.75
4744.0625,5098.6875,22471.375
4744.0625,5098.6875,22471.375
4744.0,5098.6875,22471.4375
4743.8125,5098.6875,22471.625
4743.75,5098.6875,22471.6875
4743.75,5098.6875,22471.6875
4743.75,5098.6875,22471.6875
4743.75,5098.6875,22471.6875
4743.75,5098.6875,22471.6875
4743.75,5098.6875,22471.6875
4743.6875,5098.6875,22471.75
4743.6875,5098.6875,22471.75
4743.6875,5098.6875,22471.75
4743.6875,5098.6875,22471.75
4744.125,5098.6875,22471.3125
4744.625,5098.6875,22470.75
4744.625,5098.6875,22470.75
4744.625,5098.6875,22470.75
4743.25,5098.6875,22472.125
4743.3125,5098.6875,22472.0625
4743.3125,5098.6875,22472.0625
4743.3125,5098.6875,22472.0625
4743.3125,5098.6875,22472.0625
4743.3125,5098.6875,22472.0625
4743.3125,5098.6875,22472.0625
4743.3125,5098.6875,22472.0625
4743.3125,5098.6875,22472.0625
4743.3125,5098.6875,22472.0625
4743.3125,5098.6875,22472.0625
4743.1875,5098.6875,22472.1875
4744.125,5098.6875,22471.25
4739.6875,5098.6875,22475.6875
4743.1875,5098.6875,22472.1875
4743.125,5098.6875,22472.25
4743.875,5098.75,22471.4375
4743.875,5098.75,22471.4375
4743.6875,5098.75,22471.625
4743.6875,5098.75,22471.625
4743.6875,5098.75,22471.625
4743.6875,5098.75,22471.625
4743.6875,5098.75,22471.625
4743.6875,5098.75,22471.625
4743.6875,5098.75,22471.625
4743.6875,5098.75,22471.625
4743.6875,5098.75,22471.625
4743.6875,5098.75,22471.625
4743.6875,5098.75,22471.625
4743.6875,5098.75,22471.625
4743.875,5098.75,22471.4375
4743.625,5098.75,22471.6875
4743.5,5098.75,22471.8125
4743.5,5098.75,22471.8125
4743.5,5098.75,22471.8125
4743.5,5098.75,22471.8125
4743.5,5098.75,22471.8125
4743.5,5098.75,22471.8125
4743.5,5098.75,22471.8125
4743.5,5098.75,22471.8125
4743.4375,5098.75,22471.875
4742.5625,5098.75,22472.75
4750.4375,5098.75,22464.9375
4750.4375,5098.75,22464.9375
4750.4375,5098.75,22464.9375
4750.375,5098.75,22465.0
4749.4375,5098.6875,22465.9375
4749.0625,5098.75,22466.125
4749.0625,5098.75,22466.125
4749.0625,5098.75,22466.125
4749.0625,5098.75,22466.125
4749.0625,5098.75,22466.125
4749.0625,5098.75,22466.125
4749.0625,5098.75,22466.125
4749.0625,5098.75,22466.125
4749.0625,5098.75,22466.125
4749.8125,5098.75,22465.375
4749.8125,5098.6875,22465.375
4749.8125,5098.6875,22465.375
4749.8125,5098.6875,22465.375
4749.5625,5098.6875,22465.625
4749.5625,5098.6875,22465.625
4749.5625,5098.625,22465.625
4749.5625,5098.6875,22465.625
4749.5625,5098.6875,22465.625
4749.5625,5098.6875,22465.625
4749.5625,5098.6875,22465.625
4749.5625,5098.6875,22465.625
4749.625,5098.6875,22465.625
4749.625,5098.6875,22465.625
4749.625,5098.6875,22465.625
4748.8125,5098.6875,22466.375
4749.1875,5098.6875,22465.9375
4749.1875,5098.6875,22465.9375
4749.1875,5098.6875,22465.9375
4749.375,5098.6875,22465.75
4749.375,5098.6875,22465.75
4749.0625,5098.6875,22466.0625
4749.0625,5098.6875,22466.0625
4749.0625,5098.6875,22466.0625
4749.0625,5098.6875,22466.0625
4744.9375,5098.8125,22470.1875
4749.625,5098.8125,22465.5
4749.625,5098.75,22465.5
4749.8125,5098.8125,22465.3125
4749.8125,5098.8125,22465.3125
4749.6875,5098.8125,22465.375
4749.5,5098.8125,22465.5625
4749.3125,5098.8125,22465.75
4749.25,5098.8125,22465.8125
4749.25,5098.8125,22465.8125
4749.25,5098.8125,22465.8125
4749.25,5098.8125,22465.8125
4749.25,5098.8125,22465.8125
4749.25,5098.875,22465.8125
4749.25,5098.875,22465.8125
4749.25,5098.875,22465.8125
4749.25,5098.875,22465.8125
4749.25,5098.875,22465.8125
4749.0,5098.875,22466.0625
4748.6875,5098.875,22466.375
4748.8125,5098.875,22466.25
4749.0625,5098.875,22466.0
4749.0625,5098.875,22466.0
4749.0625,5098.875,22466.0
4749.0625,5098.875,22466.0
4749.0625,5098.8125,22466.0
4749.0625,5098.875,22466.0
4749.0625,5098.875,22466.0
4749.0625,5098.875,22466.0
4749.0625,5098.875,22466.0
4749.0625,5098.875,22466.0
4749.0625,5098.875,22466.0
4749.0625,5098.875,22466.0
4749.0625,5098.875,22466.0
4749.0625,5098.875,22466.0
4749.4375,5098.875,22465.625
4749.875,5098.875,22465.125
4749.875,5098.8125,22465.125
4749.5625,5098.875,22465.4375
4749.1875,5098.875,22465.8125
4748.9375,5098.875,22466.0625
4748.9375,5098.875,22466.0625
4748.9375,5098.875,22466.0625
4748.9375,5098.875,22466.0625
4748.9375,5098.875,22466.0625
4748.9375,5098.875,22466.0625
4748.9375,5098.875,22466.0625
4748.9375,5098.875,22466.0625
4748.9375,5098.875,22466.0625
4748.9375,5098.875,22466.0625
4748.6875,5098.875,22466.3125
4748.6875,5098.875,22466.3125
4748.6875,5098.875,22466.3125
4748.6875,5098.875,22466.3125
4748.6875,5098.875,22466.3125
4749.0,5098.875,22466.0
4749.0,5098.875,22466.0
4749.0,5098.875,22466.0
4749.0,5098.875,22466.0
4749.0,5098.875,22466.0
4748.9375,5098.875,22466.0625
4748.9375,5098.875,22466.0625
4748.9375,5098.875,22466.0625
4748.9375,5098.875,22466.0625
4748.9375,5098.875,22466.0625
4748.6875,5098.875,22466.3125
4747.75,5098.875,22466.75
4747.75,5098.875,22466.75
4743.375,5098.875,22471.125
4745.625,5098.875,22468.875
4745.625,5098.875,22468.875
4745.4375,5098.875,22469.0625
4745.4375,5098.875,22469.0625
4745.625,5098.9375,22468.875
4745.625,5098.9375,22468.875
4745.625,5098.9375,22468.875
4746.375,5098.9375,22468.125
4745.9375,5098.9375,22468.5625
4745.9375,5098.875,22468.5625
4745.9375,5098.9375,22468.5625
4745.75,5098.9375,22468.75
4746.125,5098.9375,22468.375
4746.125,5098.9375,22468.375
4746.125,5098.9375,22468.375
4746.125,5098.9375,22468.375
4746.125,5098.9375,22468.375
4747.25,5098.9375,22467.25
4747.25,5098.9375,22467.25
4747.0625,5098.9375,22467.4375
4747.0625,5098.9375,22467.4375
4746.875,5098.9375,22467.625
4746.625,5098.9375,22467.875
4745.4375,5098.9375,22469.0625
4745.25,5098.9375,22469.25
4745.25,5098.9375,22469.25
4745.1875,5098.9375,22469.3125
4745.9375,5098.9375,22468.5625
4745.9375,5098.9375,22468.5625
4745.5,5098.9375,22469.0
4747.5625,5098.9375,22466.9375
4749.0,5098.9375,22465.5
4744.6875,5098.9375,22469.8125
4744.3125,5098.9375,22470.1875
4744.3125,5098.9375,22470.1875
4744.3125,5098.875,22470.1875
4744.3125,5098.9375,22470.1875
4744.3125,5098.9375,22470.1875
4744.3125,5098.9375,22470.1875
4744.3125,5098.9375,22470.1875
4744.3125,5098.9375,22470.1875
4744.25,5098.9375,22470.0625
4743.75,5098.9375,22470.5625
4743.75,5098.9375,22470.5625
4743.75,5098.9375,22470.5625
4743.75,5098.9375,22470.5625
4743.75,5098.9375,22470.5625
4743.75,5098.9375,22470.5625
4743.75,5098.9375,22470.5625
4743.75,5098.9375,22470.5625
4743.75,5098.9375,22470.5625
4743.75,5098.9375,22470.5625
4743.375,5098.9375,22470.9375
4743.3125,5098.9375,22471.0
4743.3125,5098.9375,22471.0
4743.3125,5098.9375,22471.0
4743.6875,5098.9375,22470.625
4743.625,5098.9375,22470.6875
4743.5625,5098.9375,22470.75
4743.375,5098.9375,22470.9375
4743.375,5098.9375,22470.9375
4743.375,5098.9375,22470.9375
4743.3125,5098.9375,22471.0
4743.3125,5098.9375,22471.0
4743.3125,5098.9375,22471.0
4743.3125,5098.9375,22471.0
4743.3125,5098.9375,22471.0
4739.0,5098.9375,22475.3125
4743.5,5098.9375,22470.8125
4743.5,5098.9375,22470.8125
4743.5,5098.9375,22470.8125
4743.3125,5098.9375,22471.0
4744.375,5098.9375,22469.9375
4744.375,5098.9375,22469.9375
4744.375,5098.9375,22469.9375
4744.375,5098.9375,22469.9375
4744.375,5098.9375,22469.9375
4744.375,5098.9375,22469.9375
4744.375,5098.9375,22469.9375
4744.375,5098.9375,22469.9375
4744.375,5098.9375,22469.9375
4744.375,5098.9375,22469.9375
4744.375,5098.9375,22469.9375
4744.375,5098.9375,22469.9375
4744.0,5098.9375,22470.3125
4744.0,5098.9375,22470.3125
4743.6875,5098.9375,22470.625
4744.5625,5098.9375,22469.75
4744.5625,5098.9375,22469.75
4744.5625,5098.9375,22469.75
4744.375,5098.9375,22469.9375
4744.3125,5098.875,22470.0
4744.3125,5098.9375,22470.0
4744.3125,5098.9375,22470.0
4744.3125,5098.9375,22470.0
4744.3125,5098.9375,22470.0
4744.3125,5098.9375,22470.0
4744.125,5098.9375,22470.1875
4744.0625,5098.9375,22470.25
4744.0625,5098.9375,22470.25
4744.0625,5098.9375,22470.25
4744.0625,5098.9375,22470.25
4744.5625,5098.9375,22469.75
4744.5625,5098.9375,22469.75
4744.5625,5098.9375,22469.75
4744.5625,5098.9375,22469.75
4744.5625,5098.9375,22469.75
4744.5625,5098.9375,22469.75
4744.5625,5098.9375,22469.75
4744.5625,5098.9375,22469.75
4744.5625,5098.9375,22469.75
4744.5625,5098.9375,22469.75
4744.5625,5098.9375,22469.75
4744.5625,5098.9375,22469.75
4744.5625,5098.9375,22469.75
4744.5625,5098.9375,22469.75
4744.0625,5098.9375,22470.25
4743.9375,5098.9375,22470.375
4743.9375,5098.9375,22470.375
4743.9375,5098.9375,22470.375
4743.9375,5098.9375,22470.375
4743.9375,5098.9375,22470.375
4743.9375,5098.875,22470.375
4743.9375,5098.9375,22470.375
4743.9375,5098.9375,22470.375
4743.9375,5098.9375,22470.375
4743.9375,5098.9375,22470.375
4743.9375,5098.9375,22470.375
4743.9375,5098.9375,22470.375
4743.9375,5098.9375,22470.375
4743.9375,5098.9375,22470.375
4743.9375,5098.9375,22470.375
4744.9375,5098.9375,22469.375
4744.9375,5098.9375,22469.375
4744.9375,5098.9375,22469.375
4745.3125,5103.25,22465.4375
4747.5,5113.1875,22453.375
4747.0625,5139.0625,22427.5625
4747.3125,5143.0625,22423.5625
4731.1875,5200.4375,22381.9375
