main: n_parallel is set to auto, using n_parallel = 4 and kv_unified = true
build_info: b8818-b572d1ecd
system_info: n_threads = 8 (n_threads_batch = 8) / 48 | CPU : NEON = 1 | ARM_FMA = 1 | FP16_VA = 1 | SVE = 1 | SVE_CNT = 64 | OPENMP = 1 | REPACK = 1 | 
Running without SSL
init: using 47 threads for HTTP server
start: binding port with default address family
main: loading model
srv    load_model: loading model '/projects/F202500010HPCVLABUMINHO/uminhocp057/ADED/ADED_project2/models/meta-llama-3.1-8b-instruct-q4_k_m.gguf'
common_init_result: fitting params to device memory, for bugs during this step try to reproduce them with -fit off, or provide --verbose logs if the bug only occurs with -fit on
llama_params_fit_impl: no devices with dedicated memory found
llama_params_fit: successfully fit params to free device memory
llama_params_fit: fitting params to free memory took 1.15 seconds
llama_model_loader: loaded meta data with 29 key-value pairs and 291 tensors from /projects/F202500010HPCVLABUMINHO/uminhocp057/ADED/ADED_project2/models/meta-llama-3.1-8b-instruct-q4_k_m.gguf (version GGUF V3 (latest))
llama_model_loader: Dumping metadata keys/values. Note: KV overrides do not apply in this output.
llama_model_loader: - kv   0:                       general.architecture str              = llama
llama_model_loader: - kv   1:                               general.type str              = model
llama_model_loader: - kv   2:                               general.name str              = Meta Llama 3.1 8B Instruct
llama_model_loader: - kv   3:                           general.finetune str              = Instruct
llama_model_loader: - kv   4:                           general.basename str              = Meta-Llama-3.1
llama_model_loader: - kv   5:                         general.size_label str              = 8B
llama_model_loader: - kv   6:                            general.license str              = llama3.1
llama_model_loader: - kv   7:                               general.tags arr[str,6]       = ["facebook", "meta", "pytorch", "llam...
llama_model_loader: - kv   8:                          general.languages arr[str,8]       = ["en", "de", "fr", "it", "pt", "hi", ...
llama_model_loader: - kv   9:                          llama.block_count u32              = 32
llama_model_loader: - kv  10:                       llama.context_length u32              = 131072
llama_model_loader: - kv  11:                     llama.embedding_length u32              = 4096
llama_model_loader: - kv  12:                  llama.feed_forward_length u32              = 14336
llama_model_loader: - kv  13:                 llama.attention.head_count u32              = 32
llama_model_loader: - kv  14:              llama.attention.head_count_kv u32              = 8
llama_model_loader: - kv  15:                       llama.rope.freq_base f32              = 500000.000000
llama_model_loader: - kv  16:     llama.attention.layer_norm_rms_epsilon f32              = 0.000010
llama_model_loader: - kv  17:                          general.file_type u32              = 15
llama_model_loader: - kv  18:                           llama.vocab_size u32              = 128256
llama_model_loader: - kv  19:                 llama.rope.dimension_count u32              = 128
llama_model_loader: - kv  20:                       tokenizer.ggml.model str              = gpt2
llama_model_loader: - kv  21:                         tokenizer.ggml.pre str              = llama-bpe
llama_model_loader: - kv  22:                      tokenizer.ggml.tokens arr[str,128256]  = ["!", "\"", "#", "$", "%", "&", "'", ...
llama_model_loader: - kv  23:                  tokenizer.ggml.token_type arr[i32,128256]  = [1, 1, 1, 1, 1, 1, 1, 1, 1, 1, 1, 1, ...
llama_model_loader: - kv  24:                      tokenizer.ggml.merges arr[str,280147]  = ["Ġ Ġ", "Ġ ĠĠĠ", "ĠĠ ĠĠ", "...
llama_model_loader: - kv  25:                tokenizer.ggml.bos_token_id u32              = 128000
llama_model_loader: - kv  26:                tokenizer.ggml.eos_token_id u32              = 128009
llama_model_loader: - kv  27:                    tokenizer.chat_template str              = {% set loop_messages = messages %}{% ...
llama_model_loader: - kv  28:               general.quantization_version u32              = 2
llama_model_loader: - type  f32:   65 tensors
llama_model_loader: - type q4_K:  193 tensors
llama_model_loader: - type q6_K:   33 tensors
print_info: file format = GGUF V3 (latest)
print_info: file type   = Q4_K - Medium
print_info: file size   = 4.58 GiB (4.89 BPW) 
load: 0 unused tokens
load: printing all EOG tokens:
load:   - 128001 ('<|end_of_text|>')
load:   - 128008 ('<|eom_id|>')
load:   - 128009 ('<|eot_id|>')
load: special tokens cache size = 256
load: token to piece cache size = 0.7999 MB
print_info: arch                  = llama
print_info: vocab_only            = 0
print_info: no_alloc              = 0
print_info: n_ctx_train           = 131072
print_info: n_embd                = 4096
print_info: n_embd_inp            = 4096
print_info: n_layer               = 32
print_info: n_head                = 32
print_info: n_head_kv             = 8
print_info: n_rot                 = 128
print_info: n_swa                 = 0
print_info: is_swa_any            = 0
print_info: n_embd_head_k         = 128
print_info: n_embd_head_v         = 128
print_info: n_gqa                 = 4
print_info: n_embd_k_gqa          = 1024
print_info: n_embd_v_gqa          = 1024
print_info: f_norm_eps            = 0.0e+00
print_info: f_norm_rms_eps        = 1.0e-05
print_info: f_clamp_kqv           = 0.0e+00
print_info: f_max_alibi_bias      = 0.0e+00
print_info: f_logit_scale         = 0.0e+00
print_info: f_attn_scale          = 0.0e+00
print_info: n_ff                  = 14336
print_info: n_expert              = 0
print_info: n_expert_used         = 0
print_info: n_expert_groups       = 0
print_info: n_group_used          = 0
print_info: causal attn           = 1
print_info: pooling type          = -1
print_info: rope type             = 0
print_info: rope scaling          = linear
print_info: freq_base_train       = 500000.0
print_info: freq_scale_train      = 1
print_info: n_ctx_orig_yarn       = 131072
print_info: rope_yarn_log_mul     = 0.0000
print_info: rope_finetuned        = unknown
print_info: model type            = 8B
print_info: model params          = 8.03 B
print_info: general.name          = Meta Llama 3.1 8B Instruct
print_info: vocab type            = BPE
print_info: n_vocab               = 128256
print_info: n_merges              = 280147
print_info: BOS token             = 128000 '<|begin_of_text|>'
print_info: EOS token             = 128009 '<|eot_id|>'
print_info: EOT token             = 128009 '<|eot_id|>'
print_info: EOM token             = 128008 '<|eom_id|>'
print_info: LF token              = 198 'Ċ'
print_info: EOG token             = 128001 '<|end_of_text|>'
print_info: EOG token             = 128008 '<|eom_id|>'
print_info: EOG token             = 128009 '<|eot_id|>'
print_info: max token length      = 256
load_tensors: loading model tensors, this can take a while... (mmap = true, direct_io = false)
load_tensors:   CPU_Mapped model buffer size =  4685.30 MiB
........................................................................................
common_init_result: added <|end_of_text|> logit bias = -inf
common_init_result: added <|eom_id|> logit bias = -inf
common_init_result: added <|eot_id|> logit bias = -inf
llama_context: constructing llama_context
llama_context: n_seq_max     = 4
llama_context: n_ctx         = 4096
llama_context: n_ctx_seq     = 4096
llama_context: n_batch       = 2048
llama_context: n_ubatch      = 512
llama_context: causal_attn   = 1
llama_context: flash_attn    = auto
llama_context: kv_unified    = true
llama_context: freq_base     = 500000.0
llama_context: freq_scale    = 1
llama_context: n_ctx_seq (4096) < n_ctx_train (131072) -- the full capacity of the model will not be utilized
llama_context:        CPU  output buffer size =     1.96 MiB
llama_kv_cache:        CPU KV buffer size =   512.00 MiB
llama_kv_cache: size =  512.00 MiB (  4096 cells,  32 layers,  4/1 seqs), K (f16):  256.00 MiB, V (f16):  256.00 MiB
llama_kv_cache: attn_rot_k = 0, n_embd_head_k_all = 128
llama_kv_cache: attn_rot_v = 0, n_embd_head_k_all = 128
sched_reserve: reserving ...
sched_reserve: Flash Attention was auto, set to enabled
sched_reserve: resolving fused Gated Delta Net support:
sched_reserve: fused Gated Delta Net (autoregressive) enabled
sched_reserve: fused Gated Delta Net (chunked) enabled
sched_reserve:        CPU compute buffer size =   266.50 MiB
sched_reserve: graph nodes  = 999
sched_reserve: graph splits = 1
sched_reserve: reserve took 12.01 ms, sched copies = 1
common_init_from_params: warming up the model with an empty run - please wait ... (--no-warmup to disable)
srv    load_model: initializing slots, n_slots = 4
no implementations specified for speculative decoding
slot   load_model: id  0 | task -1 | speculative decoding context not initialized
slot   load_model: id  0 | task -1 | new slot, n_ctx = 4096
no implementations specified for speculative decoding
slot   load_model: id  1 | task -1 | speculative decoding context not initialized
slot   load_model: id  1 | task -1 | new slot, n_ctx = 4096
no implementations specified for speculative decoding
slot   load_model: id  2 | task -1 | speculative decoding context not initialized
slot   load_model: id  2 | task -1 | new slot, n_ctx = 4096
no implementations specified for speculative decoding
slot   load_model: id  3 | task -1 | speculative decoding context not initialized
slot   load_model: id  3 | task -1 | new slot, n_ctx = 4096
srv    load_model: prompt cache is enabled, size limit: 8192 MiB
srv    load_model: use `--cache-ram 0` to disable the prompt cache
srv    load_model: for more info see https://github.com/ggml-org/llama.cpp/pull/16391
srv          init: init: idle slots will be saved to prompt cache and cleared upon starting a new task
init: chat template, example_format: '<|start_header_id|>system<|end_header_id|>

You are a helpful assistant<|eot_id|><|start_header_id|>user<|end_header_id|>

Hello<|eot_id|><|start_header_id|>assistant<|end_header_id|>

Hi there<|eot_id|><|start_header_id|>user<|end_header_id|>

How are you?<|eot_id|><|start_header_id|>assistant<|end_header_id|>

'
srv          init: init: chat template, thinking = 0
main: model loaded
main: server is listening on http://0.0.0.0:8080
main: starting the main loop...
srv  update_slots: all slots are idle
slot get_availabl: id  3 | task -1 | selected slot by LRU, t_last = -1
srv  get_availabl: updating prompt cache
srv          load:  - looking for better prompt, base f_keep = -1.000, sim = 0.000
srv        update:  - cache state: 0 prompts, 0.000 MiB (limits: 8192.000 MiB, 4096 tokens, 8589934592 est)
srv  get_availabl: prompt cache update took 0.02 ms
slot launch_slot_: id  3 | task -1 | sampler chain: logits -> ?penalties -> ?dry -> ?top-n-sigma -> top-k -> ?typical -> top-p -> min-p -> ?xtc -> temp-ext -> dist 
slot launch_slot_: id  3 | task 0 | processing task, is_child = 0
slot update_slots: id  3 | task 0 | new prompt, n_ctx_slot = 4096, n_keep = 0, task.n_tokens = 7
slot update_slots: id  3 | task 0 | n_tokens = 0, memory_seq_rm [0, end)
slot init_sampler: id  3 | task 0 | init sampler, took 0.01 ms, tokens: text = 7, total = 7
slot update_slots: id  3 | task 0 | prompt processing done, n_tokens = 7, batch.n_tokens = 7
srv  log_server_r: done request: POST /completion 127.0.0.1 200
slot print_timing: id  3 | task 0 | 
prompt eval time =    2008.84 ms /     7 tokens (  286.98 ms per token,     3.48 tokens per second)
       eval time =   32538.78 ms /   100 tokens (  325.39 ms per token,     3.07 tokens per second)
      total time =   34547.61 ms /   107 tokens
slot      release: id  3 | task 0 | stop processing: n_tokens = 106, truncated = 0
srv  update_slots: all slots are idle
slot get_availabl: id  3 | task -1 | selected slot by LCP similarity, sim_best = 0.125 (> 0.100 thold), f_keep = 0.009
srv  get_availabl: updating prompt cache
srv   prompt_save:  - saving prompt with length 106, total state size = 13.252 MiB
srv          load:  - looking for better prompt, base f_keep = 0.009, sim = 0.125
srv        update:  - cache state: 1 prompts, 13.252 MiB (limits: 8192.000 MiB, 4096 tokens, 65526 est)
srv        update:    - prompt 0x439af80:     106 tokens, checkpoints:  0,    13.252 MiB
srv  get_availabl: prompt cache update took 3.18 ms
slot launch_slot_: id  3 | task -1 | sampler chain: logits -> ?penalties -> ?dry -> ?top-n-sigma -> top-k -> ?typical -> top-p -> min-p -> ?xtc -> temp-ext -> dist 
slot launch_slot_: id  3 | task 101 | processing task, is_child = 0
slot update_slots: id  3 | task 101 | new prompt, n_ctx_slot = 4096, n_keep = 0, task.n_tokens = 8
slot update_slots: id  3 | task 101 | n_tokens = 0, memory_seq_rm [0, end)
slot init_sampler: id  3 | task 101 | init sampler, took 0.01 ms, tokens: text = 8, total = 8
slot update_slots: id  3 | task 101 | prompt processing done, n_tokens = 8, batch.n_tokens = 8
srv  log_server_r: done request: POST /completion 127.0.0.1 200
slot print_timing: id  3 | task 101 | 
prompt eval time =    2284.14 ms /     8 tokens (  285.52 ms per token,     3.50 tokens per second)
       eval time =   32530.28 ms /   100 tokens (  325.30 ms per token,     3.07 tokens per second)
      total time =   34814.42 ms /   108 tokens
slot      release: id  3 | task 101 | stop processing: n_tokens = 107, truncated = 0
srv  update_slots: all slots are idle
slot get_availabl: id  3 | task -1 | selected slot by LCP similarity, sim_best = 0.143 (> 0.100 thold), f_keep = 0.009
srv  get_availabl: updating prompt cache
srv   prompt_save:  - saving prompt with length 107, total state size = 13.377 MiB
srv          load:  - looking for better prompt, base f_keep = 0.009, sim = 0.143
srv        update:  - cache state: 2 prompts, 26.629 MiB (limits: 8192.000 MiB, 4096 tokens, 65526 est)
srv        update:    - prompt 0x439af80:     106 tokens, checkpoints:  0,    13.252 MiB
srv        update:    - prompt 0xf0ef60:     107 tokens, checkpoints:  0,    13.377 MiB
srv  get_availabl: prompt cache update took 3.15 ms
slot launch_slot_: id  3 | task -1 | sampler chain: logits -> ?penalties -> ?dry -> ?top-n-sigma -> top-k -> ?typical -> top-p -> min-p -> ?xtc -> temp-ext -> dist 
slot launch_slot_: id  3 | task 202 | processing task, is_child = 0
slot update_slots: id  3 | task 202 | new prompt, n_ctx_slot = 4096, n_keep = 0, task.n_tokens = 7
slot update_slots: id  3 | task 202 | n_tokens = 0, memory_seq_rm [0, end)
slot init_sampler: id  3 | task 202 | init sampler, took 0.01 ms, tokens: text = 7, total = 7
slot update_slots: id  3 | task 202 | prompt processing done, n_tokens = 7, batch.n_tokens = 7
srv  log_server_r: done request: POST /completion 127.0.0.1 200
slot print_timing: id  3 | task 202 | 
prompt eval time =    2005.41 ms /     7 tokens (  286.49 ms per token,     3.49 tokens per second)
       eval time =   32530.15 ms /   100 tokens (  325.30 ms per token,     3.07 tokens per second)
      total time =   34535.56 ms /   107 tokens
slot      release: id  3 | task 202 | stop processing: n_tokens = 106, truncated = 0
srv  update_slots: all slots are idle
slot get_availabl: id  3 | task -1 | selected slot by LCP similarity, sim_best = 0.125 (> 0.100 thold), f_keep = 0.009
srv  get_availabl: updating prompt cache
srv   prompt_save:  - saving prompt with length 106, total state size = 13.252 MiB
srv          load:  - looking for better prompt, base f_keep = 0.009, sim = 0.125
srv        update:  - cache state: 3 prompts, 39.881 MiB (limits: 8192.000 MiB, 4096 tokens, 65526 est)
srv        update:    - prompt 0x439af80:     106 tokens, checkpoints:  0,    13.252 MiB
srv        update:    - prompt 0xf0ef60:     107 tokens, checkpoints:  0,    13.377 MiB
srv        update:    - prompt 0x321cf30:     106 tokens, checkpoints:  0,    13.252 MiB
srv  get_availabl: prompt cache update took 3.15 ms
slot launch_slot_: id  3 | task -1 | sampler chain: logits -> ?penalties -> ?dry -> ?top-n-sigma -> top-k -> ?typical -> top-p -> min-p -> ?xtc -> temp-ext -> dist 
slot launch_slot_: id  3 | task 303 | processing task, is_child = 0
slot update_slots: id  3 | task 303 | new prompt, n_ctx_slot = 4096, n_keep = 0, task.n_tokens = 8
slot update_slots: id  3 | task 303 | n_tokens = 0, memory_seq_rm [0, end)
slot init_sampler: id  3 | task 303 | init sampler, took 0.01 ms, tokens: text = 8, total = 8
slot update_slots: id  3 | task 303 | prompt processing done, n_tokens = 8, batch.n_tokens = 8
srv  log_server_r: done request: POST /completion 127.0.0.1 200
slot print_timing: id  3 | task 303 | 
prompt eval time =    2283.68 ms /     8 tokens (  285.46 ms per token,     3.50 tokens per second)
       eval time =   32528.96 ms /   100 tokens (  325.29 ms per token,     3.07 tokens per second)
      total time =   34812.64 ms /   108 tokens
slot      release: id  3 | task 303 | stop processing: n_tokens = 107, truncated = 0
srv  update_slots: all slots are idle
slot get_availabl: id  3 | task -1 | selected slot by LCP similarity, sim_best = 0.167 (> 0.100 thold), f_keep = 0.009
srv  get_availabl: updating prompt cache
srv   prompt_save:  - saving prompt with length 107, total state size = 13.377 MiB
srv          load:  - looking for better prompt, base f_keep = 0.009, sim = 0.167
srv        update:  - cache state: 4 prompts, 53.258 MiB (limits: 8192.000 MiB, 4096 tokens, 65526 est)
srv        update:    - prompt 0x439af80:     106 tokens, checkpoints:  0,    13.252 MiB
srv        update:    - prompt 0xf0ef60:     107 tokens, checkpoints:  0,    13.377 MiB
srv        update:    - prompt 0x321cf30:     106 tokens, checkpoints:  0,    13.252 MiB
srv        update:    - prompt 0x439bbc0:     107 tokens, checkpoints:  0,    13.377 MiB
srv  get_availabl: prompt cache update took 3.17 ms
slot launch_slot_: id  3 | task -1 | sampler chain: logits -> ?penalties -> ?dry -> ?top-n-sigma -> top-k -> ?typical -> top-p -> min-p -> ?xtc -> temp-ext -> dist 
slot launch_slot_: id  3 | task 404 | processing task, is_child = 0
slot update_slots: id  3 | task 404 | new prompt, n_ctx_slot = 4096, n_keep = 0, task.n_tokens = 6
slot update_slots: id  3 | task 404 | n_tokens = 0, memory_seq_rm [0, end)
slot init_sampler: id  3 | task 404 | init sampler, took 0.01 ms, tokens: text = 6, total = 6
slot update_slots: id  3 | task 404 | prompt processing done, n_tokens = 6, batch.n_tokens = 6
srv  log_server_r: done request: POST /completion 127.0.0.1 200
slot print_timing: id  3 | task 404 | 
prompt eval time =    1727.06 ms /     6 tokens (  287.84 ms per token,     3.47 tokens per second)
       eval time =   32518.98 ms /   100 tokens (  325.19 ms per token,     3.08 tokens per second)
      total time =   34246.04 ms /   106 tokens
slot      release: id  3 | task 404 | stop processing: n_tokens = 105, truncated = 0
srv  update_slots: all slots are idle
slot get_availabl: id  2 | task -1 | selected slot by LRU, t_last = -1
srv  get_availabl: updating prompt cache
srv          load:  - looking for better prompt, base f_keep = -1.000, sim = 0.000
srv        update:  - cache state: 4 prompts, 53.258 MiB (limits: 8192.000 MiB, 4096 tokens, 65526 est)
srv        update:    - prompt 0x439af80:     106 tokens, checkpoints:  0,    13.252 MiB
srv        update:    - prompt 0xf0ef60:     107 tokens, checkpoints:  0,    13.377 MiB
srv        update:    - prompt 0x321cf30:     106 tokens, checkpoints:  0,    13.252 MiB
srv        update:    - prompt 0x439bbc0:     107 tokens, checkpoints:  0,    13.377 MiB
srv  get_availabl: prompt cache update took 0.03 ms
slot launch_slot_: id  2 | task -1 | sampler chain: logits -> ?penalties -> ?dry -> ?top-n-sigma -> top-k -> ?typical -> top-p -> min-p -> ?xtc -> temp-ext -> dist 
slot launch_slot_: id  2 | task 505 | processing task, is_child = 0
slot slot_save_an: id  3 | task -1 | saving idle slot to prompt cache
srv   prompt_save:  - saving prompt with length 105, total state size = 13.127 MiB
slot prompt_clear: id  3 | task -1 | clearing prompt with 105 tokens
srv        update:  - cache state: 5 prompts, 66.385 MiB (limits: 8192.000 MiB, 4096 tokens, 65526 est)
srv        update:    - prompt 0x439af80:     106 tokens, checkpoints:  0,    13.252 MiB
srv        update:    - prompt 0xf0ef60:     107 tokens, checkpoints:  0,    13.377 MiB
srv        update:    - prompt 0x321cf30:     106 tokens, checkpoints:  0,    13.252 MiB
srv        update:    - prompt 0x439bbc0:     107 tokens, checkpoints:  0,    13.377 MiB
srv        update:    - prompt 0x321d650:     105 tokens, checkpoints:  0,    13.127 MiB
slot update_slots: id  2 | task 505 | new prompt, n_ctx_slot = 4096, n_keep = 0, task.n_tokens = 11
slot update_slots: id  2 | task 505 | n_tokens = 0, memory_seq_rm [0, end)
slot init_sampler: id  2 | task 505 | init sampler, took 0.01 ms, tokens: text = 11, total = 11
slot update_slots: id  2 | task 505 | prompt processing done, n_tokens = 11, batch.n_tokens = 11
srv  log_server_r: done request: POST /completion 127.0.0.1 200
slot print_timing: id  2 | task 505 | 
prompt eval time =    3125.65 ms /    11 tokens (  284.15 ms per token,     3.52 tokens per second)
       eval time =   32548.29 ms /   100 tokens (  325.48 ms per token,     3.07 tokens per second)
      total time =   35673.94 ms /   111 tokens
slot      release: id  2 | task 505 | stop processing: n_tokens = 110, truncated = 0
srv  update_slots: all slots are idle
slot get_availabl: id  1 | task -1 | selected slot by LRU, t_last = -1
srv  get_availabl: updating prompt cache
srv          load:  - looking for better prompt, base f_keep = -1.000, sim = 0.000
srv        update:  - cache state: 5 prompts, 66.385 MiB (limits: 8192.000 MiB, 4096 tokens, 65526 est)
srv        update:    - prompt 0x439af80:     106 tokens, checkpoints:  0,    13.252 MiB
srv        update:    - prompt 0xf0ef60:     107 tokens, checkpoints:  0,    13.377 MiB
srv        update:    - prompt 0x321cf30:     106 tokens, checkpoints:  0,    13.252 MiB
srv        update:    - prompt 0x439bbc0:     107 tokens, checkpoints:  0,    13.377 MiB
srv        update:    - prompt 0x321d650:     105 tokens, checkpoints:  0,    13.127 MiB
srv  get_availabl: prompt cache update took 0.04 ms
slot launch_slot_: id  1 | task -1 | sampler chain: logits -> ?penalties -> ?dry -> ?top-n-sigma -> top-k -> ?typical -> top-p -> min-p -> ?xtc -> temp-ext -> dist 
slot launch_slot_: id  1 | task 606 | processing task, is_child = 0
slot slot_save_an: id  2 | task -1 | saving idle slot to prompt cache
srv   prompt_save:  - saving prompt with length 110, total state size = 13.752 MiB
slot prompt_clear: id  2 | task -1 | clearing prompt with 110 tokens
srv        update:  - cache state: 6 prompts, 80.137 MiB (limits: 8192.000 MiB, 4096 tokens, 65526 est)
srv        update:    - prompt 0x439af80:     106 tokens, checkpoints:  0,    13.252 MiB
srv        update:    - prompt 0xf0ef60:     107 tokens, checkpoints:  0,    13.377 MiB
srv        update:    - prompt 0x321cf30:     106 tokens, checkpoints:  0,    13.252 MiB
srv        update:    - prompt 0x439bbc0:     107 tokens, checkpoints:  0,    13.377 MiB
srv        update:    - prompt 0x321d650:     105 tokens, checkpoints:  0,    13.127 MiB
srv        update:    - prompt 0x321d8b0:     110 tokens, checkpoints:  0,    13.752 MiB
slot update_slots: id  1 | task 606 | new prompt, n_ctx_slot = 4096, n_keep = 0, task.n_tokens = 17
slot update_slots: id  1 | task 606 | n_tokens = 0, memory_seq_rm [0, end)
slot init_sampler: id  1 | task 606 | init sampler, took 0.01 ms, tokens: text = 17, total = 17
slot update_slots: id  1 | task 606 | prompt processing done, n_tokens = 17, batch.n_tokens = 17
srv  log_server_r: done request: POST /completion 127.0.0.1 200
slot print_timing: id  1 | task 606 | 
prompt eval time =    4815.57 ms /    17 tokens (  283.27 ms per token,     3.53 tokens per second)
       eval time =   32574.34 ms /   100 tokens (  325.74 ms per token,     3.07 tokens per second)
      total time =   37389.91 ms /   117 tokens
slot      release: id  1 | task 606 | stop processing: n_tokens = 116, truncated = 0
srv  update_slots: all slots are idle
slot get_availabl: id  0 | task -1 | selected slot by LRU, t_last = -1
srv  get_availabl: updating prompt cache
srv          load:  - looking for better prompt, base f_keep = -1.000, sim = 0.000
srv        update:  - cache state: 6 prompts, 80.137 MiB (limits: 8192.000 MiB, 4096 tokens, 65526 est)
srv        update:    - prompt 0x439af80:     106 tokens, checkpoints:  0,    13.252 MiB
srv        update:    - prompt 0xf0ef60:     107 tokens, checkpoints:  0,    13.377 MiB
srv        update:    - prompt 0x321cf30:     106 tokens, checkpoints:  0,    13.252 MiB
srv        update:    - prompt 0x439bbc0:     107 tokens, checkpoints:  0,    13.377 MiB
srv        update:    - prompt 0x321d650:     105 tokens, checkpoints:  0,    13.127 MiB
srv        update:    - prompt 0x321d8b0:     110 tokens, checkpoints:  0,    13.752 MiB
srv  get_availabl: prompt cache update took 0.05 ms
slot launch_slot_: id  0 | task -1 | sampler chain: logits -> ?penalties -> ?dry -> ?top-n-sigma -> top-k -> ?typical -> top-p -> min-p -> ?xtc -> temp-ext -> dist 
slot launch_slot_: id  0 | task 707 | processing task, is_child = 0
slot slot_save_an: id  1 | task -1 | saving idle slot to prompt cache
srv   prompt_save:  - saving prompt with length 116, total state size = 14.502 MiB
slot prompt_clear: id  1 | task -1 | clearing prompt with 116 tokens
srv        update:  - cache state: 7 prompts, 94.639 MiB (limits: 8192.000 MiB, 4096 tokens, 65526 est)
srv        update:    - prompt 0x439af80:     106 tokens, checkpoints:  0,    13.252 MiB
srv        update:    - prompt 0xf0ef60:     107 tokens, checkpoints:  0,    13.377 MiB
srv        update:    - prompt 0x321cf30:     106 tokens, checkpoints:  0,    13.252 MiB
srv        update:    - prompt 0x439bbc0:     107 tokens, checkpoints:  0,    13.377 MiB
srv        update:    - prompt 0x321d650:     105 tokens, checkpoints:  0,    13.127 MiB
srv        update:    - prompt 0x321d8b0:     110 tokens, checkpoints:  0,    13.752 MiB
srv        update:    - prompt 0x439fd00:     116 tokens, checkpoints:  0,    14.502 MiB
slot update_slots: id  0 | task 707 | new prompt, n_ctx_slot = 4096, n_keep = 0, task.n_tokens = 10
slot update_slots: id  0 | task 707 | n_tokens = 0, memory_seq_rm [0, end)
slot init_sampler: id  0 | task 707 | init sampler, took 0.01 ms, tokens: text = 10, total = 10
slot update_slots: id  0 | task 707 | prompt processing done, n_tokens = 10, batch.n_tokens = 10
srv  log_server_r: done request: POST /completion 127.0.0.1 200
slot print_timing: id  0 | task 707 | 
prompt eval time =    2846.32 ms /    10 tokens (  284.63 ms per token,     3.51 tokens per second)
       eval time =   32541.20 ms /   100 tokens (  325.41 ms per token,     3.07 tokens per second)
      total time =   35387.51 ms /   110 tokens
slot      release: id  0 | task 707 | stop processing: n_tokens = 109, truncated = 0
srv  update_slots: all slots are idle
slot get_availabl: id  3 | task -1 | selected slot by LRU, t_last = 278485344779
srv  get_availabl: updating prompt cache
srv          load:  - looking for better prompt, base f_keep = -1.000, sim = 0.000
srv        update:  - cache state: 7 prompts, 94.639 MiB (limits: 8192.000 MiB, 4096 tokens, 65526 est)
srv        update:    - prompt 0x439af80:     106 tokens, checkpoints:  0,    13.252 MiB
srv        update:    - prompt 0xf0ef60:     107 tokens, checkpoints:  0,    13.377 MiB
srv        update:    - prompt 0x321cf30:     106 tokens, checkpoints:  0,    13.252 MiB
srv        update:    - prompt 0x439bbc0:     107 tokens, checkpoints:  0,    13.377 MiB
srv        update:    - prompt 0x321d650:     105 tokens, checkpoints:  0,    13.127 MiB
srv        update:    - prompt 0x321d8b0:     110 tokens, checkpoints:  0,    13.752 MiB
srv        update:    - prompt 0x439fd00:     116 tokens, checkpoints:  0,    14.502 MiB
srv  get_availabl: prompt cache update took 0.06 ms
slot launch_slot_: id  3 | task -1 | sampler chain: logits -> ?penalties -> ?dry -> ?top-n-sigma -> top-k -> ?typical -> top-p -> min-p -> ?xtc -> temp-ext -> dist 
slot launch_slot_: id  3 | task 808 | processing task, is_child = 0
slot slot_save_an: id  0 | task -1 | saving idle slot to prompt cache
srv   prompt_save:  - saving prompt with length 109, total state size = 13.627 MiB
slot prompt_clear: id  0 | task -1 | clearing prompt with 109 tokens
srv        update:  - cache state: 8 prompts, 108.266 MiB (limits: 8192.000 MiB, 4096 tokens, 65526 est)
srv        update:    - prompt 0x439af80:     106 tokens, checkpoints:  0,    13.252 MiB
srv        update:    - prompt 0xf0ef60:     107 tokens, checkpoints:  0,    13.377 MiB
srv        update:    - prompt 0x321cf30:     106 tokens, checkpoints:  0,    13.252 MiB
srv        update:    - prompt 0x439bbc0:     107 tokens, checkpoints:  0,    13.377 MiB
srv        update:    - prompt 0x321d650:     105 tokens, checkpoints:  0,    13.127 MiB
srv        update:    - prompt 0x321d8b0:     110 tokens, checkpoints:  0,    13.752 MiB
srv        update:    - prompt 0x439fd00:     116 tokens, checkpoints:  0,    14.502 MiB
srv        update:    - prompt 0x322b480:     109 tokens, checkpoints:  0,    13.627 MiB
slot update_slots: id  3 | task 808 | new prompt, n_ctx_slot = 4096, n_keep = 0, task.n_tokens = 14
slot update_slots: id  3 | task 808 | n_tokens = 0, memory_seq_rm [0, end)
slot init_sampler: id  3 | task 808 | init sampler, took 0.01 ms, tokens: text = 14, total = 14
slot update_slots: id  3 | task 808 | prompt processing done, n_tokens = 14, batch.n_tokens = 14
srv  log_server_r: done request: POST /completion 127.0.0.1 200
slot print_timing: id  3 | task 808 | 
prompt eval time =    3961.32 ms /    14 tokens (  282.95 ms per token,     3.53 tokens per second)
       eval time =   32563.70 ms /   100 tokens (  325.64 ms per token,     3.07 tokens per second)
      total time =   36525.01 ms /   114 tokens
slot      release: id  3 | task 808 | stop processing: n_tokens = 113, truncated = 0
srv  update_slots: all slots are idle
slot get_availabl: id  3 | task -1 | selected slot by LCP similarity, sim_best = 0.111 (> 0.100 thold), f_keep = 0.009
srv  get_availabl: updating prompt cache
srv   prompt_save:  - saving prompt with length 113, total state size = 14.127 MiB
srv          load:  - looking for better prompt, base f_keep = 0.009, sim = 0.111
srv        update:  - cache state: 9 prompts, 122.393 MiB (limits: 8192.000 MiB, 4096 tokens, 65526 est)
srv        update:    - prompt 0x439af80:     106 tokens, checkpoints:  0,    13.252 MiB
srv        update:    - prompt 0xf0ef60:     107 tokens, checkpoints:  0,    13.377 MiB
srv        update:    - prompt 0x321cf30:     106 tokens, checkpoints:  0,    13.252 MiB
srv        update:    - prompt 0x439bbc0:     107 tokens, checkpoints:  0,    13.377 MiB
srv        update:    - prompt 0x321d650:     105 tokens, checkpoints:  0,    13.127 MiB
srv        update:    - prompt 0x321d8b0:     110 tokens, checkpoints:  0,    13.752 MiB
srv        update:    - prompt 0x439fd00:     116 tokens, checkpoints:  0,    14.502 MiB
srv        update:    - prompt 0x322b480:     109 tokens, checkpoints:  0,    13.627 MiB
srv        update:    - prompt 0x4be6150:     113 tokens, checkpoints:  0,    14.127 MiB
srv  get_availabl: prompt cache update took 3.33 ms
slot launch_slot_: id  3 | task -1 | sampler chain: logits -> ?penalties -> ?dry -> ?top-n-sigma -> top-k -> ?typical -> top-p -> min-p -> ?xtc -> temp-ext -> dist 
slot launch_slot_: id  3 | task 909 | processing task, is_child = 0
slot update_slots: id  3 | task 909 | new prompt, n_ctx_slot = 4096, n_keep = 0, task.n_tokens = 9
slot update_slots: id  3 | task 909 | n_tokens = 0, memory_seq_rm [0, end)
slot init_sampler: id  3 | task 909 | init sampler, took 0.01 ms, tokens: text = 9, total = 9
slot update_slots: id  3 | task 909 | prompt processing done, n_tokens = 9, batch.n_tokens = 9
srv  log_server_r: done request: POST /completion 127.0.0.1 200
slot print_timing: id  3 | task 909 | 
prompt eval time =    2567.92 ms /     9 tokens (  285.32 ms per token,     3.50 tokens per second)
       eval time =   32535.74 ms /   100 tokens (  325.36 ms per token,     3.07 tokens per second)
      total time =   35103.66 ms /   109 tokens
slot      release: id  3 | task 909 | stop processing: n_tokens = 108, truncated = 0
srv  update_slots: all slots are idle
slot get_availabl: id  3 | task -1 | selected slot by LCP similarity, sim_best = 0.111 (> 0.100 thold), f_keep = 0.009
srv  get_availabl: updating prompt cache
srv   prompt_save:  - saving prompt with length 108, total state size = 13.502 MiB
srv          load:  - looking for better prompt, base f_keep = 0.009, sim = 0.111
srv        update:  - cache state: 10 prompts, 135.895 MiB (limits: 8192.000 MiB, 4096 tokens, 65526 est)
srv        update:    - prompt 0x439af80:     106 tokens, checkpoints:  0,    13.252 MiB
srv        update:    - prompt 0xf0ef60:     107 tokens, checkpoints:  0,    13.377 MiB
srv        update:    - prompt 0x321cf30:     106 tokens, checkpoints:  0,    13.252 MiB
srv        update:    - prompt 0x439bbc0:     107 tokens, checkpoints:  0,    13.377 MiB
srv        update:    - prompt 0x321d650:     105 tokens, checkpoints:  0,    13.127 MiB
srv        update:    - prompt 0x321d8b0:     110 tokens, checkpoints:  0,    13.752 MiB
srv        update:    - prompt 0x439fd00:     116 tokens, checkpoints:  0,    14.502 MiB
srv        update:    - prompt 0x322b480:     109 tokens, checkpoints:  0,    13.627 MiB
srv        update:    - prompt 0x4be6150:     113 tokens, checkpoints:  0,    14.127 MiB
srv        update:    - prompt 0x323a9a0:     108 tokens, checkpoints:  0,    13.502 MiB
srv  get_availabl: prompt cache update took 3.23 ms
slot launch_slot_: id  3 | task -1 | sampler chain: logits -> ?penalties -> ?dry -> ?top-n-sigma -> top-k -> ?typical -> top-p -> min-p -> ?xtc -> temp-ext -> dist 
slot launch_slot_: id  3 | task 1010 | processing task, is_child = 0
slot update_slots: id  3 | task 1010 | new prompt, n_ctx_slot = 4096, n_keep = 0, task.n_tokens = 9
slot update_slots: id  3 | task 1010 | n_tokens = 0, memory_seq_rm [0, end)
slot init_sampler: id  3 | task 1010 | init sampler, took 0.01 ms, tokens: text = 9, total = 9
slot update_slots: id  3 | task 1010 | prompt processing done, n_tokens = 9, batch.n_tokens = 9
srv  log_server_r: done request: POST /completion 127.0.0.1 200
slot print_timing: id  3 | task 1010 | 
prompt eval time =    2567.77 ms /     9 tokens (  285.31 ms per token,     3.50 tokens per second)
       eval time =   32539.91 ms /   100 tokens (  325.40 ms per token,     3.07 tokens per second)
      total time =   35107.68 ms /   109 tokens
slot      release: id  3 | task 1010 | stop processing: n_tokens = 108, truncated = 0
srv  update_slots: all slots are idle
slot get_availabl: id  3 | task -1 | selected slot by LCP similarity, sim_best = 0.111 (> 0.100 thold), f_keep = 0.009
srv  get_availabl: updating prompt cache
srv   prompt_save:  - saving prompt with length 108, total state size = 13.502 MiB
srv          load:  - looking for better prompt, base f_keep = 0.009, sim = 0.111
srv        update:  - cache state: 11 prompts, 149.397 MiB (limits: 8192.000 MiB, 4096 tokens, 65526 est)
srv        update:    - prompt 0x439af80:     106 tokens, checkpoints:  0,    13.252 MiB
srv        update:    - prompt 0xf0ef60:     107 tokens, checkpoints:  0,    13.377 MiB
srv        update:    - prompt 0x321cf30:     106 tokens, checkpoints:  0,    13.252 MiB
srv        update:    - prompt 0x439bbc0:     107 tokens, checkpoints:  0,    13.377 MiB
srv        update:    - prompt 0x321d650:     105 tokens, checkpoints:  0,    13.127 MiB
srv        update:    - prompt 0x321d8b0:     110 tokens, checkpoints:  0,    13.752 MiB
srv        update:    - prompt 0x439fd00:     116 tokens, checkpoints:  0,    14.502 MiB
srv        update:    - prompt 0x322b480:     109 tokens, checkpoints:  0,    13.627 MiB
srv        update:    - prompt 0x4be6150:     113 tokens, checkpoints:  0,    14.127 MiB
srv        update:    - prompt 0x323a9a0:     108 tokens, checkpoints:  0,    13.502 MiB
srv        update:    - prompt 0x32196f0:     108 tokens, checkpoints:  0,    13.502 MiB
srv  get_availabl: prompt cache update took 3.24 ms
slot launch_slot_: id  3 | task -1 | sampler chain: logits -> ?penalties -> ?dry -> ?top-n-sigma -> top-k -> ?typical -> top-p -> min-p -> ?xtc -> temp-ext -> dist 
slot launch_slot_: id  3 | task 1111 | processing task, is_child = 0
slot update_slots: id  3 | task 1111 | new prompt, n_ctx_slot = 4096, n_keep = 0, task.n_tokens = 9
slot update_slots: id  3 | task 1111 | n_tokens = 0, memory_seq_rm [0, end)
slot init_sampler: id  3 | task 1111 | init sampler, took 0.01 ms, tokens: text = 9, total = 9
slot update_slots: id  3 | task 1111 | prompt processing done, n_tokens = 9, batch.n_tokens = 9
srv  log_server_r: done request: POST /completion 127.0.0.1 200
slot print_timing: id  3 | task 1111 | 
prompt eval time =    2568.07 ms /     9 tokens (  285.34 ms per token,     3.50 tokens per second)
       eval time =   32577.72 ms /   100 tokens (  325.78 ms per token,     3.07 tokens per second)
      total time =   35145.79 ms /   109 tokens
slot      release: id  3 | task 1111 | stop processing: n_tokens = 108, truncated = 0
srv  update_slots: all slots are idle
slot get_availabl: id  2 | task -1 | selected slot by LRU, t_last = 278521621518
srv  get_availabl: updating prompt cache
srv          load:  - looking for better prompt, base f_keep = -1.000, sim = 0.000
srv        update:  - cache state: 11 prompts, 149.397 MiB (limits: 8192.000 MiB, 4096 tokens, 65526 est)
srv        update:    - prompt 0x439af80:     106 tokens, checkpoints:  0,    13.252 MiB
srv        update:    - prompt 0xf0ef60:     107 tokens, checkpoints:  0,    13.377 MiB
srv        update:    - prompt 0x321cf30:     106 tokens, checkpoints:  0,    13.252 MiB
srv        update:    - prompt 0x439bbc0:     107 tokens, checkpoints:  0,    13.377 MiB
srv        update:    - prompt 0x321d650:     105 tokens, checkpoints:  0,    13.127 MiB
srv        update:    - prompt 0x321d8b0:     110 tokens, checkpoints:  0,    13.752 MiB
srv        update:    - prompt 0x439fd00:     116 tokens, checkpoints:  0,    14.502 MiB
srv        update:    - prompt 0x322b480:     109 tokens, checkpoints:  0,    13.627 MiB
srv        update:    - prompt 0x4be6150:     113 tokens, checkpoints:  0,    14.127 MiB
srv        update:    - prompt 0x323a9a0:     108 tokens, checkpoints:  0,    13.502 MiB
srv        update:    - prompt 0x32196f0:     108 tokens, checkpoints:  0,    13.502 MiB
srv  get_availabl: prompt cache update took 0.06 ms
slot launch_slot_: id  2 | task -1 | sampler chain: logits -> ?penalties -> ?dry -> ?top-n-sigma -> top-k -> ?typical -> top-p -> min-p -> ?xtc -> temp-ext -> dist 
slot launch_slot_: id  2 | task 1212 | processing task, is_child = 0
slot slot_save_an: id  3 | task -1 | saving idle slot to prompt cache
srv   prompt_save:  - saving prompt with length 108, total state size = 13.502 MiB
slot prompt_clear: id  3 | task -1 | clearing prompt with 108 tokens
srv        update:  - cache state: 12 prompts, 162.899 MiB (limits: 8192.000 MiB, 4096 tokens, 65526 est)
srv        update:    - prompt 0x439af80:     106 tokens, checkpoints:  0,    13.252 MiB
srv        update:    - prompt 0xf0ef60:     107 tokens, checkpoints:  0,    13.377 MiB
srv        update:    - prompt 0x321cf30:     106 tokens, checkpoints:  0,    13.252 MiB
srv        update:    - prompt 0x439bbc0:     107 tokens, checkpoints:  0,    13.377 MiB
srv        update:    - prompt 0x321d650:     105 tokens, checkpoints:  0,    13.127 MiB
srv        update:    - prompt 0x321d8b0:     110 tokens, checkpoints:  0,    13.752 MiB
srv        update:    - prompt 0x439fd00:     116 tokens, checkpoints:  0,    14.502 MiB
srv        update:    - prompt 0x322b480:     109 tokens, checkpoints:  0,    13.627 MiB
srv        update:    - prompt 0x4be6150:     113 tokens, checkpoints:  0,    14.127 MiB
srv        update:    - prompt 0x323a9a0:     108 tokens, checkpoints:  0,    13.502 MiB
srv        update:    - prompt 0x32196f0:     108 tokens, checkpoints:  0,    13.502 MiB
srv        update:    - prompt 0x322b390:     108 tokens, checkpoints:  0,    13.502 MiB
slot update_slots: id  2 | task 1212 | new prompt, n_ctx_slot = 4096, n_keep = 0, task.n_tokens = 12
slot update_slots: id  2 | task 1212 | n_tokens = 0, memory_seq_rm [0, end)
slot init_sampler: id  2 | task 1212 | init sampler, took 0.01 ms, tokens: text = 12, total = 12
slot update_slots: id  2 | task 1212 | prompt processing done, n_tokens = 12, batch.n_tokens = 12
srv  log_server_r: done request: POST /completion 127.0.0.1 200
slot print_timing: id  2 | task 1212 | 
prompt eval time =    3404.06 ms /    12 tokens (  283.67 ms per token,     3.53 tokens per second)
       eval time =   32593.56 ms /   100 tokens (  325.94 ms per token,     3.07 tokens per second)
      total time =   35997.62 ms /   112 tokens
slot      release: id  2 | task 1212 | stop processing: n_tokens = 111, truncated = 0
srv  update_slots: all slots are idle
slot get_availabl: id  1 | task -1 | selected slot by LRU, t_last = 278559598394
srv  get_availabl: updating prompt cache
srv          load:  - looking for better prompt, base f_keep = -1.000, sim = 0.000
srv        update:  - cache state: 12 prompts, 162.899 MiB (limits: 8192.000 MiB, 4096 tokens, 65526 est)
srv        update:    - prompt 0x439af80:     106 tokens, checkpoints:  0,    13.252 MiB
srv        update:    - prompt 0xf0ef60:     107 tokens, checkpoints:  0,    13.377 MiB
srv        update:    - prompt 0x321cf30:     106 tokens, checkpoints:  0,    13.252 MiB
srv        update:    - prompt 0x439bbc0:     107 tokens, checkpoints:  0,    13.377 MiB
srv        update:    - prompt 0x321d650:     105 tokens, checkpoints:  0,    13.127 MiB
srv        update:    - prompt 0x321d8b0:     110 tokens, checkpoints:  0,    13.752 MiB
srv        update:    - prompt 0x439fd00:     116 tokens, checkpoints:  0,    14.502 MiB
srv        update:    - prompt 0x322b480:     109 tokens, checkpoints:  0,    13.627 MiB
srv        update:    - prompt 0x4be6150:     113 tokens, checkpoints:  0,    14.127 MiB
srv        update:    - prompt 0x323a9a0:     108 tokens, checkpoints:  0,    13.502 MiB
srv        update:    - prompt 0x32196f0:     108 tokens, checkpoints:  0,    13.502 MiB
srv        update:    - prompt 0x322b390:     108 tokens, checkpoints:  0,    13.502 MiB
srv  get_availabl: prompt cache update took 0.09 ms
slot launch_slot_: id  1 | task -1 | sampler chain: logits -> ?penalties -> ?dry -> ?top-n-sigma -> top-k -> ?typical -> top-p -> min-p -> ?xtc -> temp-ext -> dist 
slot launch_slot_: id  1 | task 1313 | processing task, is_child = 0
slot slot_save_an: id  2 | task -1 | saving idle slot to prompt cache
srv   prompt_save:  - saving prompt with length 111, total state size = 13.877 MiB
slot prompt_clear: id  2 | task -1 | clearing prompt with 111 tokens
srv        update:  - cache state: 13 prompts, 176.776 MiB (limits: 8192.000 MiB, 4096 tokens, 65526 est)
srv        update:    - prompt 0x439af80:     106 tokens, checkpoints:  0,    13.252 MiB
srv        update:    - prompt 0xf0ef60:     107 tokens, checkpoints:  0,    13.377 MiB
srv        update:    - prompt 0x321cf30:     106 tokens, checkpoints:  0,    13.252 MiB
srv        update:    - prompt 0x439bbc0:     107 tokens, checkpoints:  0,    13.377 MiB
srv        update:    - prompt 0x321d650:     105 tokens, checkpoints:  0,    13.127 MiB
srv        update:    - prompt 0x321d8b0:     110 tokens, checkpoints:  0,    13.752 MiB
srv        update:    - prompt 0x439fd00:     116 tokens, checkpoints:  0,    14.502 MiB
srv        update:    - prompt 0x322b480:     109 tokens, checkpoints:  0,    13.627 MiB
srv        update:    - prompt 0x4be6150:     113 tokens, checkpoints:  0,    14.127 MiB
srv        update:    - prompt 0x323a9a0:     108 tokens, checkpoints:  0,    13.502 MiB
srv        update:    - prompt 0x32196f0:     108 tokens, checkpoints:  0,    13.502 MiB
srv        update:    - prompt 0x322b390:     108 tokens, checkpoints:  0,    13.502 MiB
srv        update:    - prompt 0x32307d0:     111 tokens, checkpoints:  0,    13.877 MiB
slot update_slots: id  1 | task 1313 | new prompt, n_ctx_slot = 4096, n_keep = 0, task.n_tokens = 20
slot update_slots: id  1 | task 1313 | n_tokens = 0, memory_seq_rm [0, end)
slot init_sampler: id  1 | task 1313 | init sampler, took 0.01 ms, tokens: text = 20, total = 20
slot update_slots: id  1 | task 1313 | prompt processing done, n_tokens = 20, batch.n_tokens = 20
srv  log_server_r: done request: POST /completion 127.0.0.1 200
slot print_timing: id  1 | task 1313 | 
prompt eval time =    5652.43 ms /    20 tokens (  282.62 ms per token,     3.54 tokens per second)
       eval time =   32639.92 ms /   100 tokens (  326.40 ms per token,     3.06 tokens per second)
      total time =   38292.35 ms /   120 tokens
slot      release: id  1 | task 1313 | stop processing: n_tokens = 119, truncated = 0
srv  update_slots: all slots are idle
slot get_availabl: id  0 | task -1 | selected slot by LRU, t_last = 278595571468
srv  get_availabl: updating prompt cache
srv          load:  - looking for better prompt, base f_keep = -1.000, sim = 0.000
srv        update:  - cache state: 13 prompts, 176.776 MiB (limits: 8192.000 MiB, 4096 tokens, 65526 est)
srv        update:    - prompt 0x439af80:     106 tokens, checkpoints:  0,    13.252 MiB
srv        update:    - prompt 0xf0ef60:     107 tokens, checkpoints:  0,    13.377 MiB
srv        update:    - prompt 0x321cf30:     106 tokens, checkpoints:  0,    13.252 MiB
srv        update:    - prompt 0x439bbc0:     107 tokens, checkpoints:  0,    13.377 MiB
srv        update:    - prompt 0x321d650:     105 tokens, checkpoints:  0,    13.127 MiB
srv        update:    - prompt 0x321d8b0:     110 tokens, checkpoints:  0,    13.752 MiB
srv        update:    - prompt 0x439fd00:     116 tokens, checkpoints:  0,    14.502 MiB
srv        update:    - prompt 0x322b480:     109 tokens, checkpoints:  0,    13.627 MiB
srv        update:    - prompt 0x4be6150:     113 tokens, checkpoints:  0,    14.127 MiB
srv        update:    - prompt 0x323a9a0:     108 tokens, checkpoints:  0,    13.502 MiB
srv        update:    - prompt 0x32196f0:     108 tokens, checkpoints:  0,    13.502 MiB
srv        update:    - prompt 0x322b390:     108 tokens, checkpoints:  0,    13.502 MiB
srv        update:    - prompt 0x32307d0:     111 tokens, checkpoints:  0,    13.877 MiB
srv  get_availabl: prompt cache update took 0.07 ms
slot launch_slot_: id  0 | task -1 | sampler chain: logits -> ?penalties -> ?dry -> ?top-n-sigma -> top-k -> ?typical -> top-p -> min-p -> ?xtc -> temp-ext -> dist 
slot launch_slot_: id  0 | task 1414 | processing task, is_child = 0
slot slot_save_an: id  1 | task -1 | saving idle slot to prompt cache
srv   prompt_save:  - saving prompt with length 119, total state size = 14.877 MiB
slot prompt_clear: id  1 | task -1 | clearing prompt with 119 tokens
srv        update:  - cache state: 14 prompts, 191.653 MiB (limits: 8192.000 MiB, 4096 tokens, 65526 est)
srv        update:    - prompt 0x439af80:     106 tokens, checkpoints:  0,    13.252 MiB
srv        update:    - prompt 0xf0ef60:     107 tokens, checkpoints:  0,    13.377 MiB
srv        update:    - prompt 0x321cf30:     106 tokens, checkpoints:  0,    13.252 MiB
srv        update:    - prompt 0x439bbc0:     107 tokens, checkpoints:  0,    13.377 MiB
srv        update:    - prompt 0x321d650:     105 tokens, checkpoints:  0,    13.127 MiB
srv        update:    - prompt 0x321d8b0:     110 tokens, checkpoints:  0,    13.752 MiB
srv        update:    - prompt 0x439fd00:     116 tokens, checkpoints:  0,    14.502 MiB
srv        update:    - prompt 0x322b480:     109 tokens, checkpoints:  0,    13.627 MiB
srv        update:    - prompt 0x4be6150:     113 tokens, checkpoints:  0,    14.127 MiB
srv        update:    - prompt 0x323a9a0:     108 tokens, checkpoints:  0,    13.502 MiB
srv        update:    - prompt 0x32196f0:     108 tokens, checkpoints:  0,    13.502 MiB
srv        update:    - prompt 0x322b390:     108 tokens, checkpoints:  0,    13.502 MiB
srv        update:    - prompt 0x32307d0:     111 tokens, checkpoints:  0,    13.877 MiB
srv        update:    - prompt 0x321d2c0:     119 tokens, checkpoints:  0,    14.877 MiB
slot update_slots: id  0 | task 1414 | new prompt, n_ctx_slot = 4096, n_keep = 0, task.n_tokens = 24
slot update_slots: id  0 | task 1414 | n_tokens = 0, memory_seq_rm [0, end)
slot init_sampler: id  0 | task 1414 | init sampler, took 0.01 ms, tokens: text = 24, total = 24
slot update_slots: id  0 | task 1414 | prompt processing done, n_tokens = 24, batch.n_tokens = 24
srv  log_server_r: done request: POST /completion 127.0.0.1 200
slot print_timing: id  0 | task 1414 | 
prompt eval time =    6769.02 ms /    24 tokens (  282.04 ms per token,     3.55 tokens per second)
       eval time =   32658.81 ms /   100 tokens (  326.59 ms per token,     3.06 tokens per second)
      total time =   39427.82 ms /   124 tokens
slot      release: id  0 | task 1414 | stop processing: n_tokens = 123, truncated = 0
srv  update_slots: all slots are idle
slot get_availabl: id  3 | task -1 | selected slot by LRU, t_last = 278739809489
srv  get_availabl: updating prompt cache
srv          load:  - looking for better prompt, base f_keep = -1.000, sim = 0.000
srv        update:  - cache state: 14 prompts, 191.653 MiB (limits: 8192.000 MiB, 4096 tokens, 65526 est)
srv        update:    - prompt 0x439af80:     106 tokens, checkpoints:  0,    13.252 MiB
srv        update:    - prompt 0xf0ef60:     107 tokens, checkpoints:  0,    13.377 MiB
srv        update:    - prompt 0x321cf30:     106 tokens, checkpoints:  0,    13.252 MiB
srv        update:    - prompt 0x439bbc0:     107 tokens, checkpoints:  0,    13.377 MiB
srv        update:    - prompt 0x321d650:     105 tokens, checkpoints:  0,    13.127 MiB
srv        update:    - prompt 0x321d8b0:     110 tokens, checkpoints:  0,    13.752 MiB
srv        update:    - prompt 0x439fd00:     116 tokens, checkpoints:  0,    14.502 MiB
srv        update:    - prompt 0x322b480:     109 tokens, checkpoints:  0,    13.627 MiB
srv        update:    - prompt 0x4be6150:     113 tokens, checkpoints:  0,    14.127 MiB
srv        update:    - prompt 0x323a9a0:     108 tokens, checkpoints:  0,    13.502 MiB
srv        update:    - prompt 0x32196f0:     108 tokens, checkpoints:  0,    13.502 MiB
srv        update:    - prompt 0x322b390:     108 tokens, checkpoints:  0,    13.502 MiB
srv        update:    - prompt 0x32307d0:     111 tokens, checkpoints:  0,    13.877 MiB
srv        update:    - prompt 0x321d2c0:     119 tokens, checkpoints:  0,    14.877 MiB
srv  get_availabl: prompt cache update took 0.10 ms
slot launch_slot_: id  3 | task -1 | sampler chain: logits -> ?penalties -> ?dry -> ?top-n-sigma -> top-k -> ?typical -> top-p -> min-p -> ?xtc -> temp-ext -> dist 
slot launch_slot_: id  3 | task 1515 | processing task, is_child = 0
slot slot_save_an: id  0 | task -1 | saving idle slot to prompt cache
srv   prompt_save:  - saving prompt with length 123, total state size = 15.377 MiB
slot prompt_clear: id  0 | task -1 | clearing prompt with 123 tokens
srv        update:  - cache state: 15 prompts, 207.030 MiB (limits: 8192.000 MiB, 4096 tokens, 65526 est)
srv        update:    - prompt 0x439af80:     106 tokens, checkpoints:  0,    13.252 MiB
srv        update:    - prompt 0xf0ef60:     107 tokens, checkpoints:  0,    13.377 MiB
srv        update:    - prompt 0x321cf30:     106 tokens, checkpoints:  0,    13.252 MiB
srv        update:    - prompt 0x439bbc0:     107 tokens, checkpoints:  0,    13.377 MiB
srv        update:    - prompt 0x321d650:     105 tokens, checkpoints:  0,    13.127 MiB
srv        update:    - prompt 0x321d8b0:     110 tokens, checkpoints:  0,    13.752 MiB
srv        update:    - prompt 0x439fd00:     116 tokens, checkpoints:  0,    14.502 MiB
srv        update:    - prompt 0x322b480:     109 tokens, checkpoints:  0,    13.627 MiB
srv        update:    - prompt 0x4be6150:     113 tokens, checkpoints:  0,    14.127 MiB
srv        update:    - prompt 0x323a9a0:     108 tokens, checkpoints:  0,    13.502 MiB
srv        update:    - prompt 0x32196f0:     108 tokens, checkpoints:  0,    13.502 MiB
srv        update:    - prompt 0x322b390:     108 tokens, checkpoints:  0,    13.502 MiB
srv        update:    - prompt 0x32307d0:     111 tokens, checkpoints:  0,    13.877 MiB
srv        update:    - prompt 0x321d2c0:     119 tokens, checkpoints:  0,    14.877 MiB
srv        update:    - prompt 0xf09400:     123 tokens, checkpoints:  0,    15.377 MiB
slot update_slots: id  3 | task 1515 | new prompt, n_ctx_slot = 4096, n_keep = 0, task.n_tokens = 66
slot update_slots: id  3 | task 1515 | n_tokens = 0, memory_seq_rm [0, end)
slot init_sampler: id  3 | task 1515 | init sampler, took 0.04 ms, tokens: text = 66, total = 66
slot update_slots: id  3 | task 1515 | prompt processing done, n_tokens = 66, batch.n_tokens = 66
srv  log_server_r: done request: POST /completion 127.0.0.1 200
slot print_timing: id  3 | task 1515 | 
prompt eval time =   20416.70 ms /    66 tokens (  309.34 ms per token,     3.23 tokens per second)
       eval time =   32873.65 ms /   100 tokens (  328.74 ms per token,     3.04 tokens per second)
      total time =   53290.36 ms /   166 tokens
slot      release: id  3 | task 1515 | stop processing: n_tokens = 165, truncated = 0
srv  update_slots: all slots are idle
slot get_availabl: id  2 | task -1 | selected slot by LRU, t_last = 278776393624
srv  get_availabl: updating prompt cache
srv          load:  - looking for better prompt, base f_keep = -1.000, sim = 0.000
srv        update:  - cache state: 15 prompts, 207.030 MiB (limits: 8192.000 MiB, 4096 tokens, 65526 est)
srv        update:    - prompt 0x439af80:     106 tokens, checkpoints:  0,    13.252 MiB
srv        update:    - prompt 0xf0ef60:     107 tokens, checkpoints:  0,    13.377 MiB
srv        update:    - prompt 0x321cf30:     106 tokens, checkpoints:  0,    13.252 MiB
srv        update:    - prompt 0x439bbc0:     107 tokens, checkpoints:  0,    13.377 MiB
srv        update:    - prompt 0x321d650:     105 tokens, checkpoints:  0,    13.127 MiB
srv        update:    - prompt 0x321d8b0:     110 tokens, checkpoints:  0,    13.752 MiB
srv        update:    - prompt 0x439fd00:     116 tokens, checkpoints:  0,    14.502 MiB
srv        update:    - prompt 0x322b480:     109 tokens, checkpoints:  0,    13.627 MiB
srv        update:    - prompt 0x4be6150:     113 tokens, checkpoints:  0,    14.127 MiB
srv        update:    - prompt 0x323a9a0:     108 tokens, checkpoints:  0,    13.502 MiB
srv        update:    - prompt 0x32196f0:     108 tokens, checkpoints:  0,    13.502 MiB
srv        update:    - prompt 0x322b390:     108 tokens, checkpoints:  0,    13.502 MiB
srv        update:    - prompt 0x32307d0:     111 tokens, checkpoints:  0,    13.877 MiB
srv        update:    - prompt 0x321d2c0:     119 tokens, checkpoints:  0,    14.877 MiB
srv        update:    - prompt 0xf09400:     123 tokens, checkpoints:  0,    15.377 MiB
srv  get_availabl: prompt cache update took 0.09 ms
slot launch_slot_: id  2 | task -1 | sampler chain: logits -> ?penalties -> ?dry -> ?top-n-sigma -> top-k -> ?typical -> top-p -> min-p -> ?xtc -> temp-ext -> dist 
slot launch_slot_: id  2 | task 1616 | processing task, is_child = 0
slot slot_save_an: id  3 | task -1 | saving idle slot to prompt cache
srv   prompt_save:  - saving prompt with length 165, total state size = 20.628 MiB
slot prompt_clear: id  3 | task -1 | clearing prompt with 165 tokens
srv        update:  - cache state: 16 prompts, 227.658 MiB (limits: 8192.000 MiB, 4096 tokens, 65526 est)
srv        update:    - prompt 0x439af80:     106 tokens, checkpoints:  0,    13.252 MiB
srv        update:    - prompt 0xf0ef60:     107 tokens, checkpoints:  0,    13.377 MiB
srv        update:    - prompt 0x321cf30:     106 tokens, checkpoints:  0,    13.252 MiB
srv        update:    - prompt 0x439bbc0:     107 tokens, checkpoints:  0,    13.377 MiB
srv        update:    - prompt 0x321d650:     105 tokens, checkpoints:  0,    13.127 MiB
srv        update:    - prompt 0x321d8b0:     110 tokens, checkpoints:  0,    13.752 MiB
srv        update:    - prompt 0x439fd00:     116 tokens, checkpoints:  0,    14.502 MiB
srv        update:    - prompt 0x322b480:     109 tokens, checkpoints:  0,    13.627 MiB
srv        update:    - prompt 0x4be6150:     113 tokens, checkpoints:  0,    14.127 MiB
srv        update:    - prompt 0x323a9a0:     108 tokens, checkpoints:  0,    13.502 MiB
srv        update:    - prompt 0x32196f0:     108 tokens, checkpoints:  0,    13.502 MiB
srv        update:    - prompt 0x322b390:     108 tokens, checkpoints:  0,    13.502 MiB
srv        update:    - prompt 0x32307d0:     111 tokens, checkpoints:  0,    13.877 MiB
srv        update:    - prompt 0x321d2c0:     119 tokens, checkpoints:  0,    14.877 MiB
srv        update:    - prompt 0xf09400:     123 tokens, checkpoints:  0,    15.377 MiB
srv        update:    - prompt 0x3221890:     165 tokens, checkpoints:  0,    20.628 MiB
slot update_slots: id  2 | task 1616 | new prompt, n_ctx_slot = 4096, n_keep = 0, task.n_tokens = 32
slot update_slots: id  2 | task 1616 | n_tokens = 0, memory_seq_rm [0, end)
slot init_sampler: id  2 | task 1616 | init sampler, took 0.02 ms, tokens: text = 32, total = 32
slot update_slots: id  2 | task 1616 | prompt processing done, n_tokens = 32, batch.n_tokens = 32
srv  log_server_r: done request: POST /completion 127.0.0.1 200
slot print_timing: id  2 | task 1616 | 
prompt eval time =    9008.42 ms /    32 tokens (  281.51 ms per token,     3.55 tokens per second)
       eval time =   32700.52 ms /   100 tokens (  327.01 ms per token,     3.06 tokens per second)
      total time =   41708.94 ms /   132 tokens
slot      release: id  2 | task 1616 | stop processing: n_tokens = 131, truncated = 0
srv  update_slots: all slots are idle
slot get_availabl: id  1 | task -1 | selected slot by LRU, t_last = 278815274364
srv  get_availabl: updating prompt cache
srv          load:  - looking for better prompt, base f_keep = -1.000, sim = 0.000
srv        update:  - cache state: 16 prompts, 227.658 MiB (limits: 8192.000 MiB, 4096 tokens, 65526 est)
srv        update:    - prompt 0x439af80:     106 tokens, checkpoints:  0,    13.252 MiB
srv        update:    - prompt 0xf0ef60:     107 tokens, checkpoints:  0,    13.377 MiB
srv        update:    - prompt 0x321cf30:     106 tokens, checkpoints:  0,    13.252 MiB
srv        update:    - prompt 0x439bbc0:     107 tokens, checkpoints:  0,    13.377 MiB
srv        update:    - prompt 0x321d650:     105 tokens, checkpoints:  0,    13.127 MiB
srv        update:    - prompt 0x321d8b0:     110 tokens, checkpoints:  0,    13.752 MiB
srv        update:    - prompt 0x439fd00:     116 tokens, checkpoints:  0,    14.502 MiB
srv        update:    - prompt 0x322b480:     109 tokens, checkpoints:  0,    13.627 MiB
srv        update:    - prompt 0x4be6150:     113 tokens, checkpoints:  0,    14.127 MiB
srv        update:    - prompt 0x323a9a0:     108 tokens, checkpoints:  0,    13.502 MiB
srv        update:    - prompt 0x32196f0:     108 tokens, checkpoints:  0,    13.502 MiB
srv        update:    - prompt 0x322b390:     108 tokens, checkpoints:  0,    13.502 MiB
srv        update:    - prompt 0x32307d0:     111 tokens, checkpoints:  0,    13.877 MiB
srv        update:    - prompt 0x321d2c0:     119 tokens, checkpoints:  0,    14.877 MiB
srv        update:    - prompt 0xf09400:     123 tokens, checkpoints:  0,    15.377 MiB
srv        update:    - prompt 0x3221890:     165 tokens, checkpoints:  0,    20.628 MiB
srv  get_availabl: prompt cache update took 0.09 ms
slot launch_slot_: id  1 | task -1 | sampler chain: logits -> ?penalties -> ?dry -> ?top-n-sigma -> top-k -> ?typical -> top-p -> min-p -> ?xtc -> temp-ext -> dist 
slot launch_slot_: id  1 | task 1717 | processing task, is_child = 0
slot slot_save_an: id  2 | task -1 | saving idle slot to prompt cache
srv   prompt_save:  - saving prompt with length 131, total state size = 16.377 MiB
slot prompt_clear: id  2 | task -1 | clearing prompt with 131 tokens
srv        update:  - cache state: 17 prompts, 244.035 MiB (limits: 8192.000 MiB, 4096 tokens, 65526 est)
srv        update:    - prompt 0x439af80:     106 tokens, checkpoints:  0,    13.252 MiB
srv        update:    - prompt 0xf0ef60:     107 tokens, checkpoints:  0,    13.377 MiB
srv        update:    - prompt 0x321cf30:     106 tokens, checkpoints:  0,    13.252 MiB
srv        update:    - prompt 0x439bbc0:     107 tokens, checkpoints:  0,    13.377 MiB
srv        update:    - prompt 0x321d650:     105 tokens, checkpoints:  0,    13.127 MiB
srv        update:    - prompt 0x321d8b0:     110 tokens, checkpoints:  0,    13.752 MiB
srv        update:    - prompt 0x439fd00:     116 tokens, checkpoints:  0,    14.502 MiB
srv        update:    - prompt 0x322b480:     109 tokens, checkpoints:  0,    13.627 MiB
srv        update:    - prompt 0x4be6150:     113 tokens, checkpoints:  0,    14.127 MiB
srv        update:    - prompt 0x323a9a0:     108 tokens, checkpoints:  0,    13.502 MiB
srv        update:    - prompt 0x32196f0:     108 tokens, checkpoints:  0,    13.502 MiB
srv        update:    - prompt 0x322b390:     108 tokens, checkpoints:  0,    13.502 MiB
srv        update:    - prompt 0x32307d0:     111 tokens, checkpoints:  0,    13.877 MiB
srv        update:    - prompt 0x321d2c0:     119 tokens, checkpoints:  0,    14.877 MiB
srv        update:    - prompt 0xf09400:     123 tokens, checkpoints:  0,    15.377 MiB
srv        update:    - prompt 0x3221890:     165 tokens, checkpoints:  0,    20.628 MiB
srv        update:    - prompt 0x438c810:     131 tokens, checkpoints:  0,    16.377 MiB
slot update_slots: id  1 | task 1717 | new prompt, n_ctx_slot = 4096, n_keep = 0, task.n_tokens = 36
slot update_slots: id  1 | task 1717 | n_tokens = 0, memory_seq_rm [0, end)
slot init_sampler: id  1 | task 1717 | init sampler, took 0.02 ms, tokens: text = 36, total = 36
slot update_slots: id  1 | task 1717 | prompt processing done, n_tokens = 36, batch.n_tokens = 36
srv  log_server_r: done request: POST /completion 127.0.0.1 200
slot print_timing: id  1 | task 1717 | 
prompt eval time =   10142.85 ms /    36 tokens (  281.75 ms per token,     3.55 tokens per second)
       eval time =   32727.07 ms /   100 tokens (  327.27 ms per token,     3.06 tokens per second)
      total time =   42869.92 ms /   136 tokens
slot      release: id  1 | task 1717 | stop processing: n_tokens = 135, truncated = 0
srv  update_slots: all slots are idle
slot get_availabl: id  0 | task -1 | selected slot by LRU, t_last = 278855289322
srv  get_availabl: updating prompt cache
srv          load:  - looking for better prompt, base f_keep = -1.000, sim = 0.000
srv        update:  - cache state: 17 prompts, 244.035 MiB (limits: 8192.000 MiB, 4096 tokens, 65526 est)
srv        update:    - prompt 0x439af80:     106 tokens, checkpoints:  0,    13.252 MiB
srv        update:    - prompt 0xf0ef60:     107 tokens, checkpoints:  0,    13.377 MiB
srv        update:    - prompt 0x321cf30:     106 tokens, checkpoints:  0,    13.252 MiB
srv        update:    - prompt 0x439bbc0:     107 tokens, checkpoints:  0,    13.377 MiB
srv        update:    - prompt 0x321d650:     105 tokens, checkpoints:  0,    13.127 MiB
srv        update:    - prompt 0x321d8b0:     110 tokens, checkpoints:  0,    13.752 MiB
srv        update:    - prompt 0x439fd00:     116 tokens, checkpoints:  0,    14.502 MiB
srv        update:    - prompt 0x322b480:     109 tokens, checkpoints:  0,    13.627 MiB
srv        update:    - prompt 0x4be6150:     113 tokens, checkpoints:  0,    14.127 MiB
srv        update:    - prompt 0x323a9a0:     108 tokens, checkpoints:  0,    13.502 MiB
srv        update:    - prompt 0x32196f0:     108 tokens, checkpoints:  0,    13.502 MiB
srv        update:    - prompt 0x322b390:     108 tokens, checkpoints:  0,    13.502 MiB
srv        update:    - prompt 0x32307d0:     111 tokens, checkpoints:  0,    13.877 MiB
srv        update:    - prompt 0x321d2c0:     119 tokens, checkpoints:  0,    14.877 MiB
srv        update:    - prompt 0xf09400:     123 tokens, checkpoints:  0,    15.377 MiB
srv        update:    - prompt 0x3221890:     165 tokens, checkpoints:  0,    20.628 MiB
srv        update:    - prompt 0x438c810:     131 tokens, checkpoints:  0,    16.377 MiB
srv  get_availabl: prompt cache update took 0.11 ms
slot launch_slot_: id  0 | task -1 | sampler chain: logits -> ?penalties -> ?dry -> ?top-n-sigma -> top-k -> ?typical -> top-p -> min-p -> ?xtc -> temp-ext -> dist 
slot launch_slot_: id  0 | task 1818 | processing task, is_child = 0
slot slot_save_an: id  1 | task -1 | saving idle slot to prompt cache
srv   prompt_save:  - saving prompt with length 135, total state size = 16.877 MiB
slot prompt_clear: id  1 | task -1 | clearing prompt with 135 tokens
srv        update:  - cache state: 18 prompts, 260.912 MiB (limits: 8192.000 MiB, 4096 tokens, 65526 est)
srv        update:    - prompt 0x439af80:     106 tokens, checkpoints:  0,    13.252 MiB
srv        update:    - prompt 0xf0ef60:     107 tokens, checkpoints:  0,    13.377 MiB
srv        update:    - prompt 0x321cf30:     106 tokens, checkpoints:  0,    13.252 MiB
srv        update:    - prompt 0x439bbc0:     107 tokens, checkpoints:  0,    13.377 MiB
srv        update:    - prompt 0x321d650:     105 tokens, checkpoints:  0,    13.127 MiB
srv        update:    - prompt 0x321d8b0:     110 tokens, checkpoints:  0,    13.752 MiB
srv        update:    - prompt 0x439fd00:     116 tokens, checkpoints:  0,    14.502 MiB
srv        update:    - prompt 0x322b480:     109 tokens, checkpoints:  0,    13.627 MiB
srv        update:    - prompt 0x4be6150:     113 tokens, checkpoints:  0,    14.127 MiB
srv        update:    - prompt 0x323a9a0:     108 tokens, checkpoints:  0,    13.502 MiB
srv        update:    - prompt 0x32196f0:     108 tokens, checkpoints:  0,    13.502 MiB
srv        update:    - prompt 0x322b390:     108 tokens, checkpoints:  0,    13.502 MiB
srv        update:    - prompt 0x32307d0:     111 tokens, checkpoints:  0,    13.877 MiB
srv        update:    - prompt 0x321d2c0:     119 tokens, checkpoints:  0,    14.877 MiB
srv        update:    - prompt 0xf09400:     123 tokens, checkpoints:  0,    15.377 MiB
srv        update:    - prompt 0x3221890:     165 tokens, checkpoints:  0,    20.628 MiB
srv        update:    - prompt 0x438c810:     131 tokens, checkpoints:  0,    16.377 MiB
srv        update:    - prompt 0x43967b0:     135 tokens, checkpoints:  0,    16.877 MiB
slot update_slots: id  0 | task 1818 | new prompt, n_ctx_slot = 4096, n_keep = 0, task.n_tokens = 33
slot update_slots: id  0 | task 1818 | n_tokens = 0, memory_seq_rm [0, end)
slot init_sampler: id  0 | task 1818 | init sampler, took 0.02 ms, tokens: text = 33, total = 33
slot update_slots: id  0 | task 1818 | prompt processing done, n_tokens = 33, batch.n_tokens = 33
srv  log_server_r: done request: POST /completion 127.0.0.1 200
slot print_timing: id  0 | task 1818 | 
prompt eval time =    9302.51 ms /    33 tokens (  281.89 ms per token,     3.55 tokens per second)
       eval time =   32700.58 ms /   100 tokens (  327.01 ms per token,     3.06 tokens per second)
      total time =   42003.09 ms /   133 tokens
slot      release: id  0 | task 1818 | stop processing: n_tokens = 132, truncated = 0
srv  update_slots: all slots are idle
slot get_availabl: id  3 | task -1 | selected slot by LRU, t_last = 278909167266
srv  get_availabl: updating prompt cache
srv          load:  - looking for better prompt, base f_keep = -1.000, sim = 0.000
srv        update:  - cache state: 18 prompts, 260.912 MiB (limits: 8192.000 MiB, 4096 tokens, 65526 est)
srv        update:    - prompt 0x439af80:     106 tokens, checkpoints:  0,    13.252 MiB
srv        update:    - prompt 0xf0ef60:     107 tokens, checkpoints:  0,    13.377 MiB
srv        update:    - prompt 0x321cf30:     106 tokens, checkpoints:  0,    13.252 MiB
srv        update:    - prompt 0x439bbc0:     107 tokens, checkpoints:  0,    13.377 MiB
srv        update:    - prompt 0x321d650:     105 tokens, checkpoints:  0,    13.127 MiB
srv        update:    - prompt 0x321d8b0:     110 tokens, checkpoints:  0,    13.752 MiB
srv        update:    - prompt 0x439fd00:     116 tokens, checkpoints:  0,    14.502 MiB
srv        update:    - prompt 0x322b480:     109 tokens, checkpoints:  0,    13.627 MiB
srv        update:    - prompt 0x4be6150:     113 tokens, checkpoints:  0,    14.127 MiB
srv        update:    - prompt 0x323a9a0:     108 tokens, checkpoints:  0,    13.502 MiB
srv        update:    - prompt 0x32196f0:     108 tokens, checkpoints:  0,    13.502 MiB
srv        update:    - prompt 0x322b390:     108 tokens, checkpoints:  0,    13.502 MiB
srv        update:    - prompt 0x32307d0:     111 tokens, checkpoints:  0,    13.877 MiB
srv        update:    - prompt 0x321d2c0:     119 tokens, checkpoints:  0,    14.877 MiB
srv        update:    - prompt 0xf09400:     123 tokens, checkpoints:  0,    15.377 MiB
srv        update:    - prompt 0x3221890:     165 tokens, checkpoints:  0,    20.628 MiB
srv        update:    - prompt 0x438c810:     131 tokens, checkpoints:  0,    16.377 MiB
srv        update:    - prompt 0x43967b0:     135 tokens, checkpoints:  0,    16.877 MiB
srv  get_availabl: prompt cache update took 0.09 ms
slot launch_slot_: id  3 | task -1 | sampler chain: logits -> ?penalties -> ?dry -> ?top-n-sigma -> top-k -> ?typical -> top-p -> min-p -> ?xtc -> temp-ext -> dist 
slot launch_slot_: id  3 | task 1919 | processing task, is_child = 0
slot slot_save_an: id  0 | task -1 | saving idle slot to prompt cache
srv   prompt_save:  - saving prompt with length 132, total state size = 16.502 MiB
slot prompt_clear: id  0 | task -1 | clearing prompt with 132 tokens
srv        update:  - cache state: 19 prompts, 277.415 MiB (limits: 8192.000 MiB, 4096 tokens, 65526 est)
srv        update:    - prompt 0x439af80:     106 tokens, checkpoints:  0,    13.252 MiB
srv        update:    - prompt 0xf0ef60:     107 tokens, checkpoints:  0,    13.377 MiB
srv        update:    - prompt 0x321cf30:     106 tokens, checkpoints:  0,    13.252 MiB
srv        update:    - prompt 0x439bbc0:     107 tokens, checkpoints:  0,    13.377 MiB
srv        update:    - prompt 0x321d650:     105 tokens, checkpoints:  0,    13.127 MiB
srv        update:    - prompt 0x321d8b0:     110 tokens, checkpoints:  0,    13.752 MiB
srv        update:    - prompt 0x439fd00:     116 tokens, checkpoints:  0,    14.502 MiB
srv        update:    - prompt 0x322b480:     109 tokens, checkpoints:  0,    13.627 MiB
srv        update:    - prompt 0x4be6150:     113 tokens, checkpoints:  0,    14.127 MiB
srv        update:    - prompt 0x323a9a0:     108 tokens, checkpoints:  0,    13.502 MiB
srv        update:    - prompt 0x32196f0:     108 tokens, checkpoints:  0,    13.502 MiB
srv        update:    - prompt 0x322b390:     108 tokens, checkpoints:  0,    13.502 MiB
srv        update:    - prompt 0x32307d0:     111 tokens, checkpoints:  0,    13.877 MiB
srv        update:    - prompt 0x321d2c0:     119 tokens, checkpoints:  0,    14.877 MiB
srv        update:    - prompt 0xf09400:     123 tokens, checkpoints:  0,    15.377 MiB
srv        update:    - prompt 0x3221890:     165 tokens, checkpoints:  0,    20.628 MiB
srv        update:    - prompt 0x438c810:     131 tokens, checkpoints:  0,    16.377 MiB
srv        update:    - prompt 0x43967b0:     135 tokens, checkpoints:  0,    16.877 MiB
srv        update:    - prompt 0x3226c10:     132 tokens, checkpoints:  0,    16.502 MiB
slot update_slots: id  3 | task 1919 | new prompt, n_ctx_slot = 4096, n_keep = 0, task.n_tokens = 47
slot update_slots: id  3 | task 1919 | n_tokens = 0, memory_seq_rm [0, end)
slot init_sampler: id  3 | task 1919 | init sampler, took 0.03 ms, tokens: text = 47, total = 47
slot update_slots: id  3 | task 1919 | prompt processing done, n_tokens = 47, batch.n_tokens = 47
srv  log_server_r: done request: POST /completion 127.0.0.1 200
slot print_timing: id  3 | task 1919 | 
prompt eval time =   13223.47 ms /    47 tokens (  281.35 ms per token,     3.55 tokens per second)
       eval time =   32765.76 ms /   100 tokens (  327.66 ms per token,     3.05 tokens per second)
      total time =   45989.23 ms /   147 tokens
slot      release: id  3 | task 1919 | stop processing: n_tokens = 146, truncated = 0
srv  update_slots: all slots are idle
slot get_availabl: id  2 | task -1 | selected slot by LRU, t_last = 278951502070
srv  get_availabl: updating prompt cache
srv          load:  - looking for better prompt, base f_keep = -1.000, sim = 0.000
srv        update:  - cache state: 19 prompts, 277.415 MiB (limits: 8192.000 MiB, 4096 tokens, 65526 est)
srv        update:    - prompt 0x439af80:     106 tokens, checkpoints:  0,    13.252 MiB
srv        update:    - prompt 0xf0ef60:     107 tokens, checkpoints:  0,    13.377 MiB
srv        update:    - prompt 0x321cf30:     106 tokens, checkpoints:  0,    13.252 MiB
srv        update:    - prompt 0x439bbc0:     107 tokens, checkpoints:  0,    13.377 MiB
srv        update:    - prompt 0x321d650:     105 tokens, checkpoints:  0,    13.127 MiB
srv        update:    - prompt 0x321d8b0:     110 tokens, checkpoints:  0,    13.752 MiB
srv        update:    - prompt 0x439fd00:     116 tokens, checkpoints:  0,    14.502 MiB
srv        update:    - prompt 0x322b480:     109 tokens, checkpoints:  0,    13.627 MiB
srv        update:    - prompt 0x4be6150:     113 tokens, checkpoints:  0,    14.127 MiB
srv        update:    - prompt 0x323a9a0:     108 tokens, checkpoints:  0,    13.502 MiB
srv        update:    - prompt 0x32196f0:     108 tokens, checkpoints:  0,    13.502 MiB
srv        update:    - prompt 0x322b390:     108 tokens, checkpoints:  0,    13.502 MiB
srv        update:    - prompt 0x32307d0:     111 tokens, checkpoints:  0,    13.877 MiB
srv        update:    - prompt 0x321d2c0:     119 tokens, checkpoints:  0,    14.877 MiB
srv        update:    - prompt 0xf09400:     123 tokens, checkpoints:  0,    15.377 MiB
srv        update:    - prompt 0x3221890:     165 tokens, checkpoints:  0,    20.628 MiB
srv        update:    - prompt 0x438c810:     131 tokens, checkpoints:  0,    16.377 MiB
srv        update:    - prompt 0x43967b0:     135 tokens, checkpoints:  0,    16.877 MiB
srv        update:    - prompt 0x3226c10:     132 tokens, checkpoints:  0,    16.502 MiB
srv  get_availabl: prompt cache update took 0.09 ms
slot launch_slot_: id  2 | task -1 | sampler chain: logits -> ?penalties -> ?dry -> ?top-n-sigma -> top-k -> ?typical -> top-p -> min-p -> ?xtc -> temp-ext -> dist 
slot launch_slot_: id  2 | task 2020 | processing task, is_child = 0
slot slot_save_an: id  3 | task -1 | saving idle slot to prompt cache
srv   prompt_save:  - saving prompt with length 146, total state size = 18.252 MiB
slot prompt_clear: id  3 | task -1 | clearing prompt with 146 tokens
srv        update:  - cache state: 20 prompts, 295.667 MiB (limits: 8192.000 MiB, 4096 tokens, 65526 est)
srv        update:    - prompt 0x439af80:     106 tokens, checkpoints:  0,    13.252 MiB
srv        update:    - prompt 0xf0ef60:     107 tokens, checkpoints:  0,    13.377 MiB
srv        update:    - prompt 0x321cf30:     106 tokens, checkpoints:  0,    13.252 MiB
srv        update:    - prompt 0x439bbc0:     107 tokens, checkpoints:  0,    13.377 MiB
srv        update:    - prompt 0x321d650:     105 tokens, checkpoints:  0,    13.127 MiB
srv        update:    - prompt 0x321d8b0:     110 tokens, checkpoints:  0,    13.752 MiB
srv        update:    - prompt 0x439fd00:     116 tokens, checkpoints:  0,    14.502 MiB
srv        update:    - prompt 0x322b480:     109 tokens, checkpoints:  0,    13.627 MiB
srv        update:    - prompt 0x4be6150:     113 tokens, checkpoints:  0,    14.127 MiB
srv        update:    - prompt 0x323a9a0:     108 tokens, checkpoints:  0,    13.502 MiB
srv        update:    - prompt 0x32196f0:     108 tokens, checkpoints:  0,    13.502 MiB
srv        update:    - prompt 0x322b390:     108 tokens, checkpoints:  0,    13.502 MiB
srv        update:    - prompt 0x32307d0:     111 tokens, checkpoints:  0,    13.877 MiB
srv        update:    - prompt 0x321d2c0:     119 tokens, checkpoints:  0,    14.877 MiB
srv        update:    - prompt 0xf09400:     123 tokens, checkpoints:  0,    15.377 MiB
srv        update:    - prompt 0x3221890:     165 tokens, checkpoints:  0,    20.628 MiB
srv        update:    - prompt 0x438c810:     131 tokens, checkpoints:  0,    16.377 MiB
srv        update:    - prompt 0x43967b0:     135 tokens, checkpoints:  0,    16.877 MiB
srv        update:    - prompt 0x3226c10:     132 tokens, checkpoints:  0,    16.502 MiB
srv        update:    - prompt 0x3227150:     146 tokens, checkpoints:  0,    18.252 MiB
slot update_slots: id  2 | task 2020 | new prompt, n_ctx_slot = 4096, n_keep = 0, task.n_tokens = 31
slot update_slots: id  2 | task 2020 | n_tokens = 0, memory_seq_rm [0, end)
slot init_sampler: id  2 | task 2020 | init sampler, took 0.02 ms, tokens: text = 31, total = 31
slot update_slots: id  2 | task 2020 | prompt processing done, n_tokens = 31, batch.n_tokens = 31
srv  log_server_r: done request: POST /completion 127.0.0.1 200
slot print_timing: id  2 | task 2020 | 
prompt eval time =    8727.22 ms /    31 tokens (  281.52 ms per token,     3.55 tokens per second)
       eval time =   32687.12 ms /   100 tokens (  326.87 ms per token,     3.06 tokens per second)
      total time =   41414.33 ms /   131 tokens
slot      release: id  2 | task 2020 | stop processing: n_tokens = 130, truncated = 0
srv  update_slots: all slots are idle
slot get_availabl: id  1 | task -1 | selected slot by LRU, t_last = 278995137276
srv  get_availabl: updating prompt cache
srv          load:  - looking for better prompt, base f_keep = -1.000, sim = 0.000
srv        update:  - cache state: 20 prompts, 295.667 MiB (limits: 8192.000 MiB, 4096 tokens, 65526 est)
srv        update:    - prompt 0x439af80:     106 tokens, checkpoints:  0,    13.252 MiB
srv        update:    - prompt 0xf0ef60:     107 tokens, checkpoints:  0,    13.377 MiB
srv        update:    - prompt 0x321cf30:     106 tokens, checkpoints:  0,    13.252 MiB
srv        update:    - prompt 0x439bbc0:     107 tokens, checkpoints:  0,    13.377 MiB
srv        update:    - prompt 0x321d650:     105 tokens, checkpoints:  0,    13.127 MiB
srv        update:    - prompt 0x321d8b0:     110 tokens, checkpoints:  0,    13.752 MiB
srv        update:    - prompt 0x439fd00:     116 tokens, checkpoints:  0,    14.502 MiB
srv        update:    - prompt 0x322b480:     109 tokens, checkpoints:  0,    13.627 MiB
srv        update:    - prompt 0x4be6150:     113 tokens, checkpoints:  0,    14.127 MiB
srv        update:    - prompt 0x323a9a0:     108 tokens, checkpoints:  0,    13.502 MiB
srv        update:    - prompt 0x32196f0:     108 tokens, checkpoints:  0,    13.502 MiB
srv        update:    - prompt 0x322b390:     108 tokens, checkpoints:  0,    13.502 MiB
srv        update:    - prompt 0x32307d0:     111 tokens, checkpoints:  0,    13.877 MiB
srv        update:    - prompt 0x321d2c0:     119 tokens, checkpoints:  0,    14.877 MiB
srv        update:    - prompt 0xf09400:     123 tokens, checkpoints:  0,    15.377 MiB
srv        update:    - prompt 0x3221890:     165 tokens, checkpoints:  0,    20.628 MiB
srv        update:    - prompt 0x438c810:     131 tokens, checkpoints:  0,    16.377 MiB
srv        update:    - prompt 0x43967b0:     135 tokens, checkpoints:  0,    16.877 MiB
srv        update:    - prompt 0x3226c10:     132 tokens, checkpoints:  0,    16.502 MiB
srv        update:    - prompt 0x3227150:     146 tokens, checkpoints:  0,    18.252 MiB
srv  get_availabl: prompt cache update took 0.09 ms
slot launch_slot_: id  1 | task -1 | sampler chain: logits -> ?penalties -> ?dry -> ?top-n-sigma -> top-k -> ?typical -> top-p -> min-p -> ?xtc -> temp-ext -> dist 
slot launch_slot_: id  1 | task 2121 | processing task, is_child = 0
slot slot_save_an: id  2 | task -1 | saving idle slot to prompt cache
srv   prompt_save:  - saving prompt with length 130, total state size = 16.252 MiB
slot prompt_clear: id  2 | task -1 | clearing prompt with 130 tokens
srv        update:  - cache state: 21 prompts, 311.919 MiB (limits: 8192.000 MiB, 4096 tokens, 65526 est)
srv        update:    - prompt 0x439af80:     106 tokens, checkpoints:  0,    13.252 MiB
srv        update:    - prompt 0xf0ef60:     107 tokens, checkpoints:  0,    13.377 MiB
srv        update:    - prompt 0x321cf30:     106 tokens, checkpoints:  0,    13.252 MiB
srv        update:    - prompt 0x439bbc0:     107 tokens, checkpoints:  0,    13.377 MiB
srv        update:    - prompt 0x321d650:     105 tokens, checkpoints:  0,    13.127 MiB
srv        update:    - prompt 0x321d8b0:     110 tokens, checkpoints:  0,    13.752 MiB
srv        update:    - prompt 0x439fd00:     116 tokens, checkpoints:  0,    14.502 MiB
srv        update:    - prompt 0x322b480:     109 tokens, checkpoints:  0,    13.627 MiB
srv        update:    - prompt 0x4be6150:     113 tokens, checkpoints:  0,    14.127 MiB
srv        update:    - prompt 0x323a9a0:     108 tokens, checkpoints:  0,    13.502 MiB
srv        update:    - prompt 0x32196f0:     108 tokens, checkpoints:  0,    13.502 MiB
srv        update:    - prompt 0x322b390:     108 tokens, checkpoints:  0,    13.502 MiB
srv        update:    - prompt 0x32307d0:     111 tokens, checkpoints:  0,    13.877 MiB
srv        update:    - prompt 0x321d2c0:     119 tokens, checkpoints:  0,    14.877 MiB
srv        update:    - prompt 0xf09400:     123 tokens, checkpoints:  0,    15.377 MiB
srv        update:    - prompt 0x3221890:     165 tokens, checkpoints:  0,    20.628 MiB
srv        update:    - prompt 0x438c810:     131 tokens, checkpoints:  0,    16.377 MiB
srv        update:    - prompt 0x43967b0:     135 tokens, checkpoints:  0,    16.877 MiB
srv        update:    - prompt 0x3226c10:     132 tokens, checkpoints:  0,    16.502 MiB
srv        update:    - prompt 0x3227150:     146 tokens, checkpoints:  0,    18.252 MiB
srv        update:    - prompt 0x3acc150:     130 tokens, checkpoints:  0,    16.252 MiB
slot update_slots: id  1 | task 2121 | new prompt, n_ctx_slot = 4096, n_keep = 0, task.n_tokens = 37
slot update_slots: id  1 | task 2121 | n_tokens = 0, memory_seq_rm [0, end)
slot init_sampler: id  1 | task 2121 | init sampler, took 0.02 ms, tokens: text = 37, total = 37
slot update_slots: id  1 | task 2121 | prompt processing done, n_tokens = 37, batch.n_tokens = 37
srv  log_server_r: done request: POST /completion 127.0.0.1 200
slot print_timing: id  1 | task 2121 | 
prompt eval time =   10418.04 ms /    37 tokens (  281.57 ms per token,     3.55 tokens per second)
       eval time =   32708.57 ms /   100 tokens (  327.09 ms per token,     3.06 tokens per second)
      total time =   43126.61 ms /   137 tokens
slot      release: id  1 | task 2121 | stop processing: n_tokens = 136, truncated = 0
srv  update_slots: all slots are idle
slot get_availabl: id  0 | task -1 | selected slot by LRU, t_last = 279037728818
srv  get_availabl: updating prompt cache
srv          load:  - looking for better prompt, base f_keep = -1.000, sim = 0.000
srv        update:  - cache state: 21 prompts, 311.919 MiB (limits: 8192.000 MiB, 4096 tokens, 65526 est)
srv        update:    - prompt 0x439af80:     106 tokens, checkpoints:  0,    13.252 MiB
srv        update:    - prompt 0xf0ef60:     107 tokens, checkpoints:  0,    13.377 MiB
srv        update:    - prompt 0x321cf30:     106 tokens, checkpoints:  0,    13.252 MiB
srv        update:    - prompt 0x439bbc0:     107 tokens, checkpoints:  0,    13.377 MiB
srv        update:    - prompt 0x321d650:     105 tokens, checkpoints:  0,    13.127 MiB
srv        update:    - prompt 0x321d8b0:     110 tokens, checkpoints:  0,    13.752 MiB
srv        update:    - prompt 0x439fd00:     116 tokens, checkpoints:  0,    14.502 MiB
srv        update:    - prompt 0x322b480:     109 tokens, checkpoints:  0,    13.627 MiB
srv        update:    - prompt 0x4be6150:     113 tokens, checkpoints:  0,    14.127 MiB
srv        update:    - prompt 0x323a9a0:     108 tokens, checkpoints:  0,    13.502 MiB
srv        update:    - prompt 0x32196f0:     108 tokens, checkpoints:  0,    13.502 MiB
srv        update:    - prompt 0x322b390:     108 tokens, checkpoints:  0,    13.502 MiB
srv        update:    - prompt 0x32307d0:     111 tokens, checkpoints:  0,    13.877 MiB
srv        update:    - prompt 0x321d2c0:     119 tokens, checkpoints:  0,    14.877 MiB
srv        update:    - prompt 0xf09400:     123 tokens, checkpoints:  0,    15.377 MiB
srv        update:    - prompt 0x3221890:     165 tokens, checkpoints:  0,    20.628 MiB
srv        update:    - prompt 0x438c810:     131 tokens, checkpoints:  0,    16.377 MiB
srv        update:    - prompt 0x43967b0:     135 tokens, checkpoints:  0,    16.877 MiB
srv        update:    - prompt 0x3226c10:     132 tokens, checkpoints:  0,    16.502 MiB
srv        update:    - prompt 0x3227150:     146 tokens, checkpoints:  0,    18.252 MiB
srv        update:    - prompt 0x3acc150:     130 tokens, checkpoints:  0,    16.252 MiB
srv  get_availabl: prompt cache update took 0.10 ms
slot launch_slot_: id  0 | task -1 | sampler chain: logits -> ?penalties -> ?dry -> ?top-n-sigma -> top-k -> ?typical -> top-p -> min-p -> ?xtc -> temp-ext -> dist 
slot launch_slot_: id  0 | task 2222 | processing task, is_child = 0
slot slot_save_an: id  1 | task -1 | saving idle slot to prompt cache
srv   prompt_save:  - saving prompt with length 136, total state size = 17.002 MiB
slot prompt_clear: id  1 | task -1 | clearing prompt with 136 tokens
srv        update:  - cache state: 22 prompts, 328.922 MiB (limits: 8192.000 MiB, 4096 tokens, 65526 est)
srv        update:    - prompt 0x439af80:     106 tokens, checkpoints:  0,    13.252 MiB
srv        update:    - prompt 0xf0ef60:     107 tokens, checkpoints:  0,    13.377 MiB
srv        update:    - prompt 0x321cf30:     106 tokens, checkpoints:  0,    13.252 MiB
srv        update:    - prompt 0x439bbc0:     107 tokens, checkpoints:  0,    13.377 MiB
srv        update:    - prompt 0x321d650:     105 tokens, checkpoints:  0,    13.127 MiB
srv        update:    - prompt 0x321d8b0:     110 tokens, checkpoints:  0,    13.752 MiB
srv        update:    - prompt 0x439fd00:     116 tokens, checkpoints:  0,    14.502 MiB
srv        update:    - prompt 0x322b480:     109 tokens, checkpoints:  0,    13.627 MiB
srv        update:    - prompt 0x4be6150:     113 tokens, checkpoints:  0,    14.127 MiB
srv        update:    - prompt 0x323a9a0:     108 tokens, checkpoints:  0,    13.502 MiB
srv        update:    - prompt 0x32196f0:     108 tokens, checkpoints:  0,    13.502 MiB
srv        update:    - prompt 0x322b390:     108 tokens, checkpoints:  0,    13.502 MiB
srv        update:    - prompt 0x32307d0:     111 tokens, checkpoints:  0,    13.877 MiB
srv        update:    - prompt 0x321d2c0:     119 tokens, checkpoints:  0,    14.877 MiB
srv        update:    - prompt 0xf09400:     123 tokens, checkpoints:  0,    15.377 MiB
srv        update:    - prompt 0x3221890:     165 tokens, checkpoints:  0,    20.628 MiB
srv        update:    - prompt 0x438c810:     131 tokens, checkpoints:  0,    16.377 MiB
srv        update:    - prompt 0x43967b0:     135 tokens, checkpoints:  0,    16.877 MiB
srv        update:    - prompt 0x3226c10:     132 tokens, checkpoints:  0,    16.502 MiB
srv        update:    - prompt 0x3227150:     146 tokens, checkpoints:  0,    18.252 MiB
srv        update:    - prompt 0x3acc150:     130 tokens, checkpoints:  0,    16.252 MiB
srv        update:    - prompt 0xee0440:     136 tokens, checkpoints:  0,    17.002 MiB
slot update_slots: id  0 | task 2222 | new prompt, n_ctx_slot = 4096, n_keep = 0, task.n_tokens = 37
slot update_slots: id  0 | task 2222 | n_tokens = 0, memory_seq_rm [0, end)
slot init_sampler: id  0 | task 2222 | init sampler, took 0.02 ms, tokens: text = 37, total = 37
slot update_slots: id  0 | task 2222 | prompt processing done, n_tokens = 37, batch.n_tokens = 37
srv  log_server_r: done request: POST /completion 127.0.0.1 200
slot print_timing: id  0 | task 2222 | 
prompt eval time =   10418.41 ms /    37 tokens (  281.58 ms per token,     3.55 tokens per second)
       eval time =   32718.47 ms /   100 tokens (  327.18 ms per token,     3.06 tokens per second)
      total time =   43136.88 ms /   137 tokens
slot      release: id  0 | task 2222 | stop processing: n_tokens = 136, truncated = 0
srv  update_slots: all slots are idle
slot get_availabl: id  3 | task -1 | selected slot by LRU, t_last = 279084305742
srv  get_availabl: updating prompt cache
srv          load:  - looking for better prompt, base f_keep = -1.000, sim = 0.000
srv        update:  - cache state: 22 prompts, 328.922 MiB (limits: 8192.000 MiB, 4096 tokens, 65526 est)
srv        update:    - prompt 0x439af80:     106 tokens, checkpoints:  0,    13.252 MiB
srv        update:    - prompt 0xf0ef60:     107 tokens, checkpoints:  0,    13.377 MiB
srv        update:    - prompt 0x321cf30:     106 tokens, checkpoints:  0,    13.252 MiB
srv        update:    - prompt 0x439bbc0:     107 tokens, checkpoints:  0,    13.377 MiB
srv        update:    - prompt 0x321d650:     105 tokens, checkpoints:  0,    13.127 MiB
srv        update:    - prompt 0x321d8b0:     110 tokens, checkpoints:  0,    13.752 MiB
srv        update:    - prompt 0x439fd00:     116 tokens, checkpoints:  0,    14.502 MiB
srv        update:    - prompt 0x322b480:     109 tokens, checkpoints:  0,    13.627 MiB
srv        update:    - prompt 0x4be6150:     113 tokens, checkpoints:  0,    14.127 MiB
srv        update:    - prompt 0x323a9a0:     108 tokens, checkpoints:  0,    13.502 MiB
srv        update:    - prompt 0x32196f0:     108 tokens, checkpoints:  0,    13.502 MiB
srv        update:    - prompt 0x322b390:     108 tokens, checkpoints:  0,    13.502 MiB
srv        update:    - prompt 0x32307d0:     111 tokens, checkpoints:  0,    13.877 MiB
srv        update:    - prompt 0x321d2c0:     119 tokens, checkpoints:  0,    14.877 MiB
srv        update:    - prompt 0xf09400:     123 tokens, checkpoints:  0,    15.377 MiB
srv        update:    - prompt 0x3221890:     165 tokens, checkpoints:  0,    20.628 MiB
srv        update:    - prompt 0x438c810:     131 tokens, checkpoints:  0,    16.377 MiB
srv        update:    - prompt 0x43967b0:     135 tokens, checkpoints:  0,    16.877 MiB
srv        update:    - prompt 0x3226c10:     132 tokens, checkpoints:  0,    16.502 MiB
srv        update:    - prompt 0x3227150:     146 tokens, checkpoints:  0,    18.252 MiB
srv        update:    - prompt 0x3acc150:     130 tokens, checkpoints:  0,    16.252 MiB
srv        update:    - prompt 0xee0440:     136 tokens, checkpoints:  0,    17.002 MiB
srv  get_availabl: prompt cache update took 0.13 ms
slot launch_slot_: id  3 | task -1 | sampler chain: logits -> ?penalties -> ?dry -> ?top-n-sigma -> top-k -> ?typical -> top-p -> min-p -> ?xtc -> temp-ext -> dist 
slot launch_slot_: id  3 | task 2323 | processing task, is_child = 0
slot slot_save_an: id  0 | task -1 | saving idle slot to prompt cache
srv   prompt_save:  - saving prompt with length 136, total state size = 17.002 MiB
slot prompt_clear: id  0 | task -1 | clearing prompt with 136 tokens
srv        update:  - cache state: 23 prompts, 345.924 MiB (limits: 8192.000 MiB, 4096 tokens, 65526 est)
srv        update:    - prompt 0x439af80:     106 tokens, checkpoints:  0,    13.252 MiB
srv        update:    - prompt 0xf0ef60:     107 tokens, checkpoints:  0,    13.377 MiB
srv        update:    - prompt 0x321cf30:     106 tokens, checkpoints:  0,    13.252 MiB
srv        update:    - prompt 0x439bbc0:     107 tokens, checkpoints:  0,    13.377 MiB
srv        update:    - prompt 0x321d650:     105 tokens, checkpoints:  0,    13.127 MiB
srv        update:    - prompt 0x321d8b0:     110 tokens, checkpoints:  0,    13.752 MiB
srv        update:    - prompt 0x439fd00:     116 tokens, checkpoints:  0,    14.502 MiB
srv        update:    - prompt 0x322b480:     109 tokens, checkpoints:  0,    13.627 MiB
srv        update:    - prompt 0x4be6150:     113 tokens, checkpoints:  0,    14.127 MiB
srv        update:    - prompt 0x323a9a0:     108 tokens, checkpoints:  0,    13.502 MiB
srv        update:    - prompt 0x32196f0:     108 tokens, checkpoints:  0,    13.502 MiB
srv        update:    - prompt 0x322b390:     108 tokens, checkpoints:  0,    13.502 MiB
srv        update:    - prompt 0x32307d0:     111 tokens, checkpoints:  0,    13.877 MiB
srv        update:    - prompt 0x321d2c0:     119 tokens, checkpoints:  0,    14.877 MiB
srv        update:    - prompt 0xf09400:     123 tokens, checkpoints:  0,    15.377 MiB
srv        update:    - prompt 0x3221890:     165 tokens, checkpoints:  0,    20.628 MiB
srv        update:    - prompt 0x438c810:     131 tokens, checkpoints:  0,    16.377 MiB
srv        update:    - prompt 0x43967b0:     135 tokens, checkpoints:  0,    16.877 MiB
srv        update:    - prompt 0x3226c10:     132 tokens, checkpoints:  0,    16.502 MiB
srv        update:    - prompt 0x3227150:     146 tokens, checkpoints:  0,    18.252 MiB
srv        update:    - prompt 0x3acc150:     130 tokens, checkpoints:  0,    16.252 MiB
srv        update:    - prompt 0xee0440:     136 tokens, checkpoints:  0,    17.002 MiB
srv        update:    - prompt 0x439dde0:     136 tokens, checkpoints:  0,    17.002 MiB
slot update_slots: id  3 | task 2323 | new prompt, n_ctx_slot = 4096, n_keep = 0, task.n_tokens = 142
slot update_slots: id  3 | task 2323 | n_tokens = 0, memory_seq_rm [0, end)
slot init_sampler: id  3 | task 2323 | init sampler, took 0.07 ms, tokens: text = 142, total = 142
slot update_slots: id  3 | task 2323 | prompt processing done, n_tokens = 142, batch.n_tokens = 142
srv  log_server_r: done request: POST /completion 127.0.0.1 200
slot print_timing: id  3 | task 2323 | 
prompt eval time =   43544.46 ms /   142 tokens (  306.65 ms per token,     3.26 tokens per second)
       eval time =   33263.76 ms /   100 tokens (  332.64 ms per token,     3.01 tokens per second)
      total time =   76808.22 ms /   242 tokens
slot      release: id  3 | task 2323 | stop processing: n_tokens = 241, truncated = 0
srv  update_slots: all slots are idle
slot get_availabl: id  2 | task -1 | selected slot by LRU, t_last = 279126314159
srv  get_availabl: updating prompt cache
srv          load:  - looking for better prompt, base f_keep = -1.000, sim = 0.000
srv        update:  - cache state: 23 prompts, 345.924 MiB (limits: 8192.000 MiB, 4096 tokens, 65526 est)
srv        update:    - prompt 0x439af80:     106 tokens, checkpoints:  0,    13.252 MiB
srv        update:    - prompt 0xf0ef60:     107 tokens, checkpoints:  0,    13.377 MiB
srv        update:    - prompt 0x321cf30:     106 tokens, checkpoints:  0,    13.252 MiB
srv        update:    - prompt 0x439bbc0:     107 tokens, checkpoints:  0,    13.377 MiB
srv        update:    - prompt 0x321d650:     105 tokens, checkpoints:  0,    13.127 MiB
srv        update:    - prompt 0x321d8b0:     110 tokens, checkpoints:  0,    13.752 MiB
srv        update:    - prompt 0x439fd00:     116 tokens, checkpoints:  0,    14.502 MiB
srv        update:    - prompt 0x322b480:     109 tokens, checkpoints:  0,    13.627 MiB
srv        update:    - prompt 0x4be6150:     113 tokens, checkpoints:  0,    14.127 MiB
srv        update:    - prompt 0x323a9a0:     108 tokens, checkpoints:  0,    13.502 MiB
srv        update:    - prompt 0x32196f0:     108 tokens, checkpoints:  0,    13.502 MiB
srv        update:    - prompt 0x322b390:     108 tokens, checkpoints:  0,    13.502 MiB
srv        update:    - prompt 0x32307d0:     111 tokens, checkpoints:  0,    13.877 MiB
srv        update:    - prompt 0x321d2c0:     119 tokens, checkpoints:  0,    14.877 MiB
srv        update:    - prompt 0xf09400:     123 tokens, checkpoints:  0,    15.377 MiB
srv        update:    - prompt 0x3221890:     165 tokens, checkpoints:  0,    20.628 MiB
srv        update:    - prompt 0x438c810:     131 tokens, checkpoints:  0,    16.377 MiB
srv        update:    - prompt 0x43967b0:     135 tokens, checkpoints:  0,    16.877 MiB
srv        update:    - prompt 0x3226c10:     132 tokens, checkpoints:  0,    16.502 MiB
srv        update:    - prompt 0x3227150:     146 tokens, checkpoints:  0,    18.252 MiB
srv        update:    - prompt 0x3acc150:     130 tokens, checkpoints:  0,    16.252 MiB
srv        update:    - prompt 0xee0440:     136 tokens, checkpoints:  0,    17.002 MiB
srv        update:    - prompt 0x439dde0:     136 tokens, checkpoints:  0,    17.002 MiB
srv  get_availabl: prompt cache update took 0.11 ms
slot launch_slot_: id  2 | task -1 | sampler chain: logits -> ?penalties -> ?dry -> ?top-n-sigma -> top-k -> ?typical -> top-p -> min-p -> ?xtc -> temp-ext -> dist 
slot launch_slot_: id  2 | task 2424 | processing task, is_child = 0
slot slot_save_an: id  3 | task -1 | saving idle slot to prompt cache
srv   prompt_save:  - saving prompt with length 241, total state size = 30.129 MiB
slot prompt_clear: id  3 | task -1 | clearing prompt with 241 tokens
srv        update:  - cache state: 24 prompts, 376.052 MiB (limits: 8192.000 MiB, 4096 tokens, 65526 est)
srv        update:    - prompt 0x439af80:     106 tokens, checkpoints:  0,    13.252 MiB
srv        update:    - prompt 0xf0ef60:     107 tokens, checkpoints:  0,    13.377 MiB
srv        update:    - prompt 0x321cf30:     106 tokens, checkpoints:  0,    13.252 MiB
srv        update:    - prompt 0x439bbc0:     107 tokens, checkpoints:  0,    13.377 MiB
srv        update:    - prompt 0x321d650:     105 tokens, checkpoints:  0,    13.127 MiB
srv        update:    - prompt 0x321d8b0:     110 tokens, checkpoints:  0,    13.752 MiB
srv        update:    - prompt 0x439fd00:     116 tokens, checkpoints:  0,    14.502 MiB
srv        update:    - prompt 0x322b480:     109 tokens, checkpoints:  0,    13.627 MiB
srv        update:    - prompt 0x4be6150:     113 tokens, checkpoints:  0,    14.127 MiB
srv        update:    - prompt 0x323a9a0:     108 tokens, checkpoints:  0,    13.502 MiB
srv        update:    - prompt 0x32196f0:     108 tokens, checkpoints:  0,    13.502 MiB
srv        update:    - prompt 0x322b390:     108 tokens, checkpoints:  0,    13.502 MiB
srv        update:    - prompt 0x32307d0:     111 tokens, checkpoints:  0,    13.877 MiB
srv        update:    - prompt 0x321d2c0:     119 tokens, checkpoints:  0,    14.877 MiB
srv        update:    - prompt 0xf09400:     123 tokens, checkpoints:  0,    15.377 MiB
srv        update:    - prompt 0x3221890:     165 tokens, checkpoints:  0,    20.628 MiB
srv        update:    - prompt 0x438c810:     131 tokens, checkpoints:  0,    16.377 MiB
srv        update:    - prompt 0x43967b0:     135 tokens, checkpoints:  0,    16.877 MiB
srv        update:    - prompt 0x3226c10:     132 tokens, checkpoints:  0,    16.502 MiB
srv        update:    - prompt 0x3227150:     146 tokens, checkpoints:  0,    18.252 MiB
srv        update:    - prompt 0x3acc150:     130 tokens, checkpoints:  0,    16.252 MiB
srv        update:    - prompt 0xee0440:     136 tokens, checkpoints:  0,    17.002 MiB
srv        update:    - prompt 0x439dde0:     136 tokens, checkpoints:  0,    17.002 MiB
srv        update:    - prompt 0x439a490:     241 tokens, checkpoints:  0,    30.129 MiB
slot update_slots: id  2 | task 2424 | new prompt, n_ctx_slot = 4096, n_keep = 0, task.n_tokens = 226
slot update_slots: id  2 | task 2424 | n_tokens = 0, memory_seq_rm [0, end)
slot init_sampler: id  2 | task 2424 | init sampler, took 0.11 ms, tokens: text = 226, total = 226
slot update_slots: id  2 | task 2424 | prompt processing done, n_tokens = 226, batch.n_tokens = 226
srv  log_server_r: done request: POST /completion 127.0.0.1 200
slot print_timing: id  2 | task 2424 | 
prompt eval time =   69536.30 ms /   226 tokens (  307.68 ms per token,     3.25 tokens per second)
       eval time =   34367.07 ms /   100 tokens (  343.67 ms per token,     2.91 tokens per second)
      total time =  103903.36 ms /   326 tokens
slot      release: id  2 | task 2424 | stop processing: n_tokens = 325, truncated = 0
srv  update_slots: all slots are idle
slot get_availabl: id  1 | task -1 | selected slot by LRU, t_last = 279170023311
srv  get_availabl: updating prompt cache
srv          load:  - looking for better prompt, base f_keep = -1.000, sim = 0.000
srv        update:  - cache state: 24 prompts, 376.052 MiB (limits: 8192.000 MiB, 4096 tokens, 65526 est)
srv        update:    - prompt 0x439af80:     106 tokens, checkpoints:  0,    13.252 MiB
srv        update:    - prompt 0xf0ef60:     107 tokens, checkpoints:  0,    13.377 MiB
srv        update:    - prompt 0x321cf30:     106 tokens, checkpoints:  0,    13.252 MiB
srv        update:    - prompt 0x439bbc0:     107 tokens, checkpoints:  0,    13.377 MiB
srv        update:    - prompt 0x321d650:     105 tokens, checkpoints:  0,    13.127 MiB
srv        update:    - prompt 0x321d8b0:     110 tokens, checkpoints:  0,    13.752 MiB
srv        update:    - prompt 0x439fd00:     116 tokens, checkpoints:  0,    14.502 MiB
srv        update:    - prompt 0x322b480:     109 tokens, checkpoints:  0,    13.627 MiB
srv        update:    - prompt 0x4be6150:     113 tokens, checkpoints:  0,    14.127 MiB
srv        update:    - prompt 0x323a9a0:     108 tokens, checkpoints:  0,    13.502 MiB
srv        update:    - prompt 0x32196f0:     108 tokens, checkpoints:  0,    13.502 MiB
srv        update:    - prompt 0x322b390:     108 tokens, checkpoints:  0,    13.502 MiB
srv        update:    - prompt 0x32307d0:     111 tokens, checkpoints:  0,    13.877 MiB
srv        update:    - prompt 0x321d2c0:     119 tokens, checkpoints:  0,    14.877 MiB
srv        update:    - prompt 0xf09400:     123 tokens, checkpoints:  0,    15.377 MiB
srv        update:    - prompt 0x3221890:     165 tokens, checkpoints:  0,    20.628 MiB
srv        update:    - prompt 0x438c810:     131 tokens, checkpoints:  0,    16.377 MiB
srv        update:    - prompt 0x43967b0:     135 tokens, checkpoints:  0,    16.877 MiB
srv        update:    - prompt 0x3226c10:     132 tokens, checkpoints:  0,    16.502 MiB
srv        update:    - prompt 0x3227150:     146 tokens, checkpoints:  0,    18.252 MiB
srv        update:    - prompt 0x3acc150:     130 tokens, checkpoints:  0,    16.252 MiB
srv        update:    - prompt 0xee0440:     136 tokens, checkpoints:  0,    17.002 MiB
srv        update:    - prompt 0x439dde0:     136 tokens, checkpoints:  0,    17.002 MiB
srv        update:    - prompt 0x439a490:     241 tokens, checkpoints:  0,    30.129 MiB
srv  get_availabl: prompt cache update took 0.11 ms
slot launch_slot_: id  1 | task -1 | sampler chain: logits -> ?penalties -> ?dry -> ?top-n-sigma -> top-k -> ?typical -> top-p -> min-p -> ?xtc -> temp-ext -> dist 
slot launch_slot_: id  1 | task 2525 | processing task, is_child = 0
slot slot_save_an: id  2 | task -1 | saving idle slot to prompt cache
srv   prompt_save:  - saving prompt with length 325, total state size = 40.629 MiB
slot prompt_clear: id  2 | task -1 | clearing prompt with 325 tokens
srv        update:  - cache state: 25 prompts, 416.682 MiB (limits: 8192.000 MiB, 4096 tokens, 65527 est)
srv        update:    - prompt 0x439af80:     106 tokens, checkpoints:  0,    13.252 MiB
srv        update:    - prompt 0xf0ef60:     107 tokens, checkpoints:  0,    13.377 MiB
srv        update:    - prompt 0x321cf30:     106 tokens, checkpoints:  0,    13.252 MiB
srv        update:    - prompt 0x439bbc0:     107 tokens, checkpoints:  0,    13.377 MiB
srv        update:    - prompt 0x321d650:     105 tokens, checkpoints:  0,    13.127 MiB
srv        update:    - prompt 0x321d8b0:     110 tokens, checkpoints:  0,    13.752 MiB
srv        update:    - prompt 0x439fd00:     116 tokens, checkpoints:  0,    14.502 MiB
srv        update:    - prompt 0x322b480:     109 tokens, checkpoints:  0,    13.627 MiB
srv        update:    - prompt 0x4be6150:     113 tokens, checkpoints:  0,    14.127 MiB
srv        update:    - prompt 0x323a9a0:     108 tokens, checkpoints:  0,    13.502 MiB
srv        update:    - prompt 0x32196f0:     108 tokens, checkpoints:  0,    13.502 MiB
srv        update:    - prompt 0x322b390:     108 tokens, checkpoints:  0,    13.502 MiB
srv        update:    - prompt 0x32307d0:     111 tokens, checkpoints:  0,    13.877 MiB
srv        update:    - prompt 0x321d2c0:     119 tokens, checkpoints:  0,    14.877 MiB
srv        update:    - prompt 0xf09400:     123 tokens, checkpoints:  0,    15.377 MiB
srv        update:    - prompt 0x3221890:     165 tokens, checkpoints:  0,    20.628 MiB
srv        update:    - prompt 0x438c810:     131 tokens, checkpoints:  0,    16.377 MiB
srv        update:    - prompt 0x43967b0:     135 tokens, checkpoints:  0,    16.877 MiB
srv        update:    - prompt 0x3226c10:     132 tokens, checkpoints:  0,    16.502 MiB
srv        update:    - prompt 0x3227150:     146 tokens, checkpoints:  0,    18.252 MiB
srv        update:    - prompt 0x3acc150:     130 tokens, checkpoints:  0,    16.252 MiB
srv        update:    - prompt 0xee0440:     136 tokens, checkpoints:  0,    17.002 MiB
srv        update:    - prompt 0x439dde0:     136 tokens, checkpoints:  0,    17.002 MiB
srv        update:    - prompt 0x439a490:     241 tokens, checkpoints:  0,    30.129 MiB
srv        update:    - prompt 0x118e9b0:     325 tokens, checkpoints:  0,    40.629 MiB
slot update_slots: id  1 | task 2525 | new prompt, n_ctx_slot = 4096, n_keep = 0, task.n_tokens = 264
slot update_slots: id  1 | task 2525 | n_tokens = 0, memory_seq_rm [0, end)
slot init_sampler: id  1 | task 2525 | init sampler, took 0.17 ms, tokens: text = 264, total = 264
slot update_slots: id  1 | task 2525 | prompt processing done, n_tokens = 264, batch.n_tokens = 264
srv  log_server_r: done request: POST /completion 127.0.0.1 200
slot print_timing: id  1 | task 2525 | 
prompt eval time =   83400.12 ms /   264 tokens (  315.91 ms per token,     3.17 tokens per second)
       eval time =   34794.27 ms /   100 tokens (  347.94 ms per token,     2.87 tokens per second)
      total time =  118194.39 ms /   364 tokens
slot      release: id  1 | task 2525 | stop processing: n_tokens = 363, truncated = 0
srv  update_slots: all slots are idle
slot get_availabl: id  0 | task -1 | selected slot by LRU, t_last = 279213745419
srv  get_availabl: updating prompt cache
srv          load:  - looking for better prompt, base f_keep = -1.000, sim = 0.000
srv        update:  - cache state: 25 prompts, 416.682 MiB (limits: 8192.000 MiB, 4096 tokens, 65527 est)
srv        update:    - prompt 0x439af80:     106 tokens, checkpoints:  0,    13.252 MiB
srv        update:    - prompt 0xf0ef60:     107 tokens, checkpoints:  0,    13.377 MiB
srv        update:    - prompt 0x321cf30:     106 tokens, checkpoints:  0,    13.252 MiB
srv        update:    - prompt 0x439bbc0:     107 tokens, checkpoints:  0,    13.377 MiB
srv        update:    - prompt 0x321d650:     105 tokens, checkpoints:  0,    13.127 MiB
srv        update:    - prompt 0x321d8b0:     110 tokens, checkpoints:  0,    13.752 MiB
srv        update:    - prompt 0x439fd00:     116 tokens, checkpoints:  0,    14.502 MiB
srv        update:    - prompt 0x322b480:     109 tokens, checkpoints:  0,    13.627 MiB
srv        update:    - prompt 0x4be6150:     113 tokens, checkpoints:  0,    14.127 MiB
srv        update:    - prompt 0x323a9a0:     108 tokens, checkpoints:  0,    13.502 MiB
srv        update:    - prompt 0x32196f0:     108 tokens, checkpoints:  0,    13.502 MiB
srv        update:    - prompt 0x322b390:     108 tokens, checkpoints:  0,    13.502 MiB
srv        update:    - prompt 0x32307d0:     111 tokens, checkpoints:  0,    13.877 MiB
srv        update:    - prompt 0x321d2c0:     119 tokens, checkpoints:  0,    14.877 MiB
srv        update:    - prompt 0xf09400:     123 tokens, checkpoints:  0,    15.377 MiB
srv        update:    - prompt 0x3221890:     165 tokens, checkpoints:  0,    20.628 MiB
srv        update:    - prompt 0x438c810:     131 tokens, checkpoints:  0,    16.377 MiB
srv        update:    - prompt 0x43967b0:     135 tokens, checkpoints:  0,    16.877 MiB
srv        update:    - prompt 0x3226c10:     132 tokens, checkpoints:  0,    16.502 MiB
srv        update:    - prompt 0x3227150:     146 tokens, checkpoints:  0,    18.252 MiB
srv        update:    - prompt 0x3acc150:     130 tokens, checkpoints:  0,    16.252 MiB
srv        update:    - prompt 0xee0440:     136 tokens, checkpoints:  0,    17.002 MiB
srv        update:    - prompt 0x439dde0:     136 tokens, checkpoints:  0,    17.002 MiB
srv        update:    - prompt 0x439a490:     241 tokens, checkpoints:  0,    30.129 MiB
srv        update:    - prompt 0x118e9b0:     325 tokens, checkpoints:  0,    40.629 MiB
srv  get_availabl: prompt cache update took 0.13 ms
slot launch_slot_: id  0 | task -1 | sampler chain: logits -> ?penalties -> ?dry -> ?top-n-sigma -> top-k -> ?typical -> top-p -> min-p -> ?xtc -> temp-ext -> dist 
slot launch_slot_: id  0 | task 2626 | processing task, is_child = 0
slot slot_save_an: id  1 | task -1 | saving idle slot to prompt cache
srv   prompt_save:  - saving prompt with length 363, total state size = 45.380 MiB
slot prompt_clear: id  1 | task -1 | clearing prompt with 363 tokens
srv        update:  - cache state: 26 prompts, 462.062 MiB (limits: 8192.000 MiB, 4096 tokens, 65527 est)
srv        update:    - prompt 0x439af80:     106 tokens, checkpoints:  0,    13.252 MiB
srv        update:    - prompt 0xf0ef60:     107 tokens, checkpoints:  0,    13.377 MiB
srv        update:    - prompt 0x321cf30:     106 tokens, checkpoints:  0,    13.252 MiB
srv        update:    - prompt 0x439bbc0:     107 tokens, checkpoints:  0,    13.377 MiB
srv        update:    - prompt 0x321d650:     105 tokens, checkpoints:  0,    13.127 MiB
srv        update:    - prompt 0x321d8b0:     110 tokens, checkpoints:  0,    13.752 MiB
srv        update:    - prompt 0x439fd00:     116 tokens, checkpoints:  0,    14.502 MiB
srv        update:    - prompt 0x322b480:     109 tokens, checkpoints:  0,    13.627 MiB
srv        update:    - prompt 0x4be6150:     113 tokens, checkpoints:  0,    14.127 MiB
srv        update:    - prompt 0x323a9a0:     108 tokens, checkpoints:  0,    13.502 MiB
srv        update:    - prompt 0x32196f0:     108 tokens, checkpoints:  0,    13.502 MiB
srv        update:    - prompt 0x322b390:     108 tokens, checkpoints:  0,    13.502 MiB
srv        update:    - prompt 0x32307d0:     111 tokens, checkpoints:  0,    13.877 MiB
srv        update:    - prompt 0x321d2c0:     119 tokens, checkpoints:  0,    14.877 MiB
srv        update:    - prompt 0xf09400:     123 tokens, checkpoints:  0,    15.377 MiB
srv        update:    - prompt 0x3221890:     165 tokens, checkpoints:  0,    20.628 MiB
srv        update:    - prompt 0x438c810:     131 tokens, checkpoints:  0,    16.377 MiB
srv        update:    - prompt 0x43967b0:     135 tokens, checkpoints:  0,    16.877 MiB
srv        update:    - prompt 0x3226c10:     132 tokens, checkpoints:  0,    16.502 MiB
srv        update:    - prompt 0x3227150:     146 tokens, checkpoints:  0,    18.252 MiB
srv        update:    - prompt 0x3acc150:     130 tokens, checkpoints:  0,    16.252 MiB
srv        update:    - prompt 0xee0440:     136 tokens, checkpoints:  0,    17.002 MiB
srv        update:    - prompt 0x439dde0:     136 tokens, checkpoints:  0,    17.002 MiB
srv        update:    - prompt 0x439a490:     241 tokens, checkpoints:  0,    30.129 MiB
srv        update:    - prompt 0x118e9b0:     325 tokens, checkpoints:  0,    40.629 MiB
srv        update:    - prompt 0xfffdcc0062a0:     363 tokens, checkpoints:  0,    45.380 MiB
slot update_slots: id  0 | task 2626 | new prompt, n_ctx_slot = 4096, n_keep = 0, task.n_tokens = 326
slot update_slots: id  0 | task 2626 | n_tokens = 0, memory_seq_rm [0, end)
slot init_sampler: id  0 | task 2626 | init sampler, took 0.17 ms, tokens: text = 326, total = 326
slot update_slots: id  0 | task 2626 | prompt processing done, n_tokens = 326, batch.n_tokens = 326
srv  log_server_r: done request: POST /completion 127.0.0.1 200
slot print_timing: id  0 | task 2626 | 
prompt eval time =  104543.77 ms /   326 tokens (  320.69 ms per token,     3.12 tokens per second)
       eval time =   34741.74 ms /   100 tokens (  347.42 ms per token,     2.88 tokens per second)
      total time =  139285.51 ms /   426 tokens
slot      release: id  0 | task 2626 | stop processing: n_tokens = 425, truncated = 0
srv  update_slots: all slots are idle
slot get_availabl: id  3 | task -1 | selected slot by LRU, t_last = 279291138523
srv  get_availabl: updating prompt cache
srv          load:  - looking for better prompt, base f_keep = -1.000, sim = 0.000
srv        update:  - cache state: 26 prompts, 462.062 MiB (limits: 8192.000 MiB, 4096 tokens, 65527 est)
srv        update:    - prompt 0x439af80:     106 tokens, checkpoints:  0,    13.252 MiB
srv        update:    - prompt 0xf0ef60:     107 tokens, checkpoints:  0,    13.377 MiB
srv        update:    - prompt 0x321cf30:     106 tokens, checkpoints:  0,    13.252 MiB
srv        update:    - prompt 0x439bbc0:     107 tokens, checkpoints:  0,    13.377 MiB
srv        update:    - prompt 0x321d650:     105 tokens, checkpoints:  0,    13.127 MiB
srv        update:    - prompt 0x321d8b0:     110 tokens, checkpoints:  0,    13.752 MiB
srv        update:    - prompt 0x439fd00:     116 tokens, checkpoints:  0,    14.502 MiB
srv        update:    - prompt 0x322b480:     109 tokens, checkpoints:  0,    13.627 MiB
srv        update:    - prompt 0x4be6150:     113 tokens, checkpoints:  0,    14.127 MiB
srv        update:    - prompt 0x323a9a0:     108 tokens, checkpoints:  0,    13.502 MiB
srv        update:    - prompt 0x32196f0:     108 tokens, checkpoints:  0,    13.502 MiB
srv        update:    - prompt 0x322b390:     108 tokens, checkpoints:  0,    13.502 MiB
srv        update:    - prompt 0x32307d0:     111 tokens, checkpoints:  0,    13.877 MiB
srv        update:    - prompt 0x321d2c0:     119 tokens, checkpoints:  0,    14.877 MiB
srv        update:    - prompt 0xf09400:     123 tokens, checkpoints:  0,    15.377 MiB
srv        update:    - prompt 0x3221890:     165 tokens, checkpoints:  0,    20.628 MiB
srv        update:    - prompt 0x438c810:     131 tokens, checkpoints:  0,    16.377 MiB
srv        update:    - prompt 0x43967b0:     135 tokens, checkpoints:  0,    16.877 MiB
srv        update:    - prompt 0x3226c10:     132 tokens, checkpoints:  0,    16.502 MiB
srv        update:    - prompt 0x3227150:     146 tokens, checkpoints:  0,    18.252 MiB
srv        update:    - prompt 0x3acc150:     130 tokens, checkpoints:  0,    16.252 MiB
srv        update:    - prompt 0xee0440:     136 tokens, checkpoints:  0,    17.002 MiB
srv        update:    - prompt 0x439dde0:     136 tokens, checkpoints:  0,    17.002 MiB
srv        update:    - prompt 0x439a490:     241 tokens, checkpoints:  0,    30.129 MiB
srv        update:    - prompt 0x118e9b0:     325 tokens, checkpoints:  0,    40.629 MiB
srv        update:    - prompt 0xfffdcc0062a0:     363 tokens, checkpoints:  0,    45.380 MiB
srv  get_availabl: prompt cache update took 0.12 ms
slot launch_slot_: id  3 | task -1 | sampler chain: logits -> ?penalties -> ?dry -> ?top-n-sigma -> top-k -> ?typical -> top-p -> min-p -> ?xtc -> temp-ext -> dist 
slot launch_slot_: id  3 | task 2727 | processing task, is_child = 0
slot slot_save_an: id  0 | task -1 | saving idle slot to prompt cache
srv   prompt_save:  - saving prompt with length 425, total state size = 53.131 MiB
slot prompt_clear: id  0 | task -1 | clearing prompt with 425 tokens
srv        update:  - cache state: 27 prompts, 515.192 MiB (limits: 8192.000 MiB, 4096 tokens, 65527 est)
srv        update:    - prompt 0x439af80:     106 tokens, checkpoints:  0,    13.252 MiB
srv        update:    - prompt 0xf0ef60:     107 tokens, checkpoints:  0,    13.377 MiB
srv        update:    - prompt 0x321cf30:     106 tokens, checkpoints:  0,    13.252 MiB
srv        update:    - prompt 0x439bbc0:     107 tokens, checkpoints:  0,    13.377 MiB
srv        update:    - prompt 0x321d650:     105 tokens, checkpoints:  0,    13.127 MiB
srv        update:    - prompt 0x321d8b0:     110 tokens, checkpoints:  0,    13.752 MiB
srv        update:    - prompt 0x439fd00:     116 tokens, checkpoints:  0,    14.502 MiB
srv        update:    - prompt 0x322b480:     109 tokens, checkpoints:  0,    13.627 MiB
srv        update:    - prompt 0x4be6150:     113 tokens, checkpoints:  0,    14.127 MiB
srv        update:    - prompt 0x323a9a0:     108 tokens, checkpoints:  0,    13.502 MiB
srv        update:    - prompt 0x32196f0:     108 tokens, checkpoints:  0,    13.502 MiB
srv        update:    - prompt 0x322b390:     108 tokens, checkpoints:  0,    13.502 MiB
srv        update:    - prompt 0x32307d0:     111 tokens, checkpoints:  0,    13.877 MiB
srv        update:    - prompt 0x321d2c0:     119 tokens, checkpoints:  0,    14.877 MiB
srv        update:    - prompt 0xf09400:     123 tokens, checkpoints:  0,    15.377 MiB
srv        update:    - prompt 0x3221890:     165 tokens, checkpoints:  0,    20.628 MiB
srv        update:    - prompt 0x438c810:     131 tokens, checkpoints:  0,    16.377 MiB
srv        update:    - prompt 0x43967b0:     135 tokens, checkpoints:  0,    16.877 MiB
srv        update:    - prompt 0x3226c10:     132 tokens, checkpoints:  0,    16.502 MiB
srv        update:    - prompt 0x3227150:     146 tokens, checkpoints:  0,    18.252 MiB
srv        update:    - prompt 0x3acc150:     130 tokens, checkpoints:  0,    16.252 MiB
srv        update:    - prompt 0xee0440:     136 tokens, checkpoints:  0,    17.002 MiB
srv        update:    - prompt 0x439dde0:     136 tokens, checkpoints:  0,    17.002 MiB
srv        update:    - prompt 0x439a490:     241 tokens, checkpoints:  0,    30.129 MiB
srv        update:    - prompt 0x118e9b0:     325 tokens, checkpoints:  0,    40.629 MiB
srv        update:    - prompt 0xfffdcc0062a0:     363 tokens, checkpoints:  0,    45.380 MiB
srv        update:    - prompt 0xfffdc4004ad0:     425 tokens, checkpoints:  0,    53.131 MiB
slot update_slots: id  3 | task 2727 | new prompt, n_ctx_slot = 4096, n_keep = 0, task.n_tokens = 310
slot update_slots: id  3 | task 2727 | n_tokens = 0, memory_seq_rm [0, end)
slot init_sampler: id  3 | task 2727 | init sampler, took 0.14 ms, tokens: text = 310, total = 310
slot update_slots: id  3 | task 2727 | prompt processing done, n_tokens = 310, batch.n_tokens = 310
srv  log_server_r: done request: POST /completion 127.0.0.1 200
slot print_timing: id  3 | task 2727 | 
prompt eval time =   96254.11 ms /   310 tokens (  310.50 ms per token,     3.22 tokens per second)
       eval time =   34787.56 ms /   100 tokens (  347.88 ms per token,     2.87 tokens per second)
      total time =  131041.67 ms /   410 tokens
slot      release: id  3 | task 2727 | stop processing: n_tokens = 409, truncated = 0
srv  update_slots: all slots are idle
slot get_availabl: id  2 | task -1 | selected slot by LRU, t_last = 279395637879
srv  get_availabl: updating prompt cache
srv          load:  - looking for better prompt, base f_keep = -1.000, sim = 0.000
srv        update:  - cache state: 27 prompts, 515.192 MiB (limits: 8192.000 MiB, 4096 tokens, 65527 est)
srv        update:    - prompt 0x439af80:     106 tokens, checkpoints:  0,    13.252 MiB
srv        update:    - prompt 0xf0ef60:     107 tokens, checkpoints:  0,    13.377 MiB
srv        update:    - prompt 0x321cf30:     106 tokens, checkpoints:  0,    13.252 MiB
srv        update:    - prompt 0x439bbc0:     107 tokens, checkpoints:  0,    13.377 MiB
srv        update:    - prompt 0x321d650:     105 tokens, checkpoints:  0,    13.127 MiB
srv        update:    - prompt 0x321d8b0:     110 tokens, checkpoints:  0,    13.752 MiB
srv        update:    - prompt 0x439fd00:     116 tokens, checkpoints:  0,    14.502 MiB
srv        update:    - prompt 0x322b480:     109 tokens, checkpoints:  0,    13.627 MiB
srv        update:    - prompt 0x4be6150:     113 tokens, checkpoints:  0,    14.127 MiB
srv        update:    - prompt 0x323a9a0:     108 tokens, checkpoints:  0,    13.502 MiB
srv        update:    - prompt 0x32196f0:     108 tokens, checkpoints:  0,    13.502 MiB
srv        update:    - prompt 0x322b390:     108 tokens, checkpoints:  0,    13.502 MiB
srv        update:    - prompt 0x32307d0:     111 tokens, checkpoints:  0,    13.877 MiB
srv        update:    - prompt 0x321d2c0:     119 tokens, checkpoints:  0,    14.877 MiB
srv        update:    - prompt 0xf09400:     123 tokens, checkpoints:  0,    15.377 MiB
srv        update:    - prompt 0x3221890:     165 tokens, checkpoints:  0,    20.628 MiB
srv        update:    - prompt 0x438c810:     131 tokens, checkpoints:  0,    16.377 MiB
srv        update:    - prompt 0x43967b0:     135 tokens, checkpoints:  0,    16.877 MiB
srv        update:    - prompt 0x3226c10:     132 tokens, checkpoints:  0,    16.502 MiB
srv        update:    - prompt 0x3227150:     146 tokens, checkpoints:  0,    18.252 MiB
srv        update:    - prompt 0x3acc150:     130 tokens, checkpoints:  0,    16.252 MiB
srv        update:    - prompt 0xee0440:     136 tokens, checkpoints:  0,    17.002 MiB
srv        update:    - prompt 0x439dde0:     136 tokens, checkpoints:  0,    17.002 MiB
srv        update:    - prompt 0x439a490:     241 tokens, checkpoints:  0,    30.129 MiB
srv        update:    - prompt 0x118e9b0:     325 tokens, checkpoints:  0,    40.629 MiB
srv        update:    - prompt 0xfffdcc0062a0:     363 tokens, checkpoints:  0,    45.380 MiB
srv        update:    - prompt 0xfffdc4004ad0:     425 tokens, checkpoints:  0,    53.131 MiB
srv  get_availabl: prompt cache update took 0.12 ms
slot launch_slot_: id  2 | task -1 | sampler chain: logits -> ?penalties -> ?dry -> ?top-n-sigma -> top-k -> ?typical -> top-p -> min-p -> ?xtc -> temp-ext -> dist 
slot launch_slot_: id  2 | task 2828 | processing task, is_child = 0
slot slot_save_an: id  3 | task -1 | saving idle slot to prompt cache
srv   prompt_save:  - saving prompt with length 409, total state size = 51.130 MiB
slot prompt_clear: id  3 | task -1 | clearing prompt with 409 tokens
srv        update:  - cache state: 28 prompts, 566.323 MiB (limits: 8192.000 MiB, 4096 tokens, 65527 est)
srv        update:    - prompt 0x439af80:     106 tokens, checkpoints:  0,    13.252 MiB
srv        update:    - prompt 0xf0ef60:     107 tokens, checkpoints:  0,    13.377 MiB
srv        update:    - prompt 0x321cf30:     106 tokens, checkpoints:  0,    13.252 MiB
srv        update:    - prompt 0x439bbc0:     107 tokens, checkpoints:  0,    13.377 MiB
srv        update:    - prompt 0x321d650:     105 tokens, checkpoints:  0,    13.127 MiB
srv        update:    - prompt 0x321d8b0:     110 tokens, checkpoints:  0,    13.752 MiB
srv        update:    - prompt 0x439fd00:     116 tokens, checkpoints:  0,    14.502 MiB
srv        update:    - prompt 0x322b480:     109 tokens, checkpoints:  0,    13.627 MiB
srv        update:    - prompt 0x4be6150:     113 tokens, checkpoints:  0,    14.127 MiB
srv        update:    - prompt 0x323a9a0:     108 tokens, checkpoints:  0,    13.502 MiB
srv        update:    - prompt 0x32196f0:     108 tokens, checkpoints:  0,    13.502 MiB
srv        update:    - prompt 0x322b390:     108 tokens, checkpoints:  0,    13.502 MiB
srv        update:    - prompt 0x32307d0:     111 tokens, checkpoints:  0,    13.877 MiB
srv        update:    - prompt 0x321d2c0:     119 tokens, checkpoints:  0,    14.877 MiB
srv        update:    - prompt 0xf09400:     123 tokens, checkpoints:  0,    15.377 MiB
srv        update:    - prompt 0x3221890:     165 tokens, checkpoints:  0,    20.628 MiB
srv        update:    - prompt 0x438c810:     131 tokens, checkpoints:  0,    16.377 MiB
srv        update:    - prompt 0x43967b0:     135 tokens, checkpoints:  0,    16.877 MiB
srv        update:    - prompt 0x3226c10:     132 tokens, checkpoints:  0,    16.502 MiB
srv        update:    - prompt 0x3227150:     146 tokens, checkpoints:  0,    18.252 MiB
srv        update:    - prompt 0x3acc150:     130 tokens, checkpoints:  0,    16.252 MiB
srv        update:    - prompt 0xee0440:     136 tokens, checkpoints:  0,    17.002 MiB
srv        update:    - prompt 0x439dde0:     136 tokens, checkpoints:  0,    17.002 MiB
srv        update:    - prompt 0x439a490:     241 tokens, checkpoints:  0,    30.129 MiB
srv        update:    - prompt 0x118e9b0:     325 tokens, checkpoints:  0,    40.629 MiB
srv        update:    - prompt 0xfffdcc0062a0:     363 tokens, checkpoints:  0,    45.380 MiB
srv        update:    - prompt 0xfffdc4004ad0:     425 tokens, checkpoints:  0,    53.131 MiB
srv        update:    - prompt 0xf09840:     409 tokens, checkpoints:  0,    51.130 MiB
slot update_slots: id  2 | task 2828 | new prompt, n_ctx_slot = 4096, n_keep = 0, task.n_tokens = 313
slot update_slots: id  2 | task 2828 | n_tokens = 0, memory_seq_rm [0, end)
slot init_sampler: id  2 | task 2828 | init sampler, took 0.16 ms, tokens: text = 313, total = 313
slot update_slots: id  2 | task 2828 | prompt processing done, n_tokens = 313, batch.n_tokens = 313
srv  log_server_r: done request: POST /completion 127.0.0.1 200
slot print_timing: id  2 | task 2828 | 
prompt eval time =   97098.33 ms /   313 tokens (  310.22 ms per token,     3.22 tokens per second)
       eval time =   34734.70 ms /   100 tokens (  347.35 ms per token,     2.88 tokens per second)
      total time =  131833.04 ms /   413 tokens
slot      release: id  2 | task 2828 | stop processing: n_tokens = 412, truncated = 0
srv  update_slots: all slots are idle
slot get_availabl: id  1 | task -1 | selected slot by LRU, t_last = 279514424390
srv  get_availabl: updating prompt cache
srv          load:  - looking for better prompt, base f_keep = -1.000, sim = 0.000
srv        update:  - cache state: 28 prompts, 566.323 MiB (limits: 8192.000 MiB, 4096 tokens, 65527 est)
srv        update:    - prompt 0x439af80:     106 tokens, checkpoints:  0,    13.252 MiB
srv        update:    - prompt 0xf0ef60:     107 tokens, checkpoints:  0,    13.377 MiB
srv        update:    - prompt 0x321cf30:     106 tokens, checkpoints:  0,    13.252 MiB
srv        update:    - prompt 0x439bbc0:     107 tokens, checkpoints:  0,    13.377 MiB
srv        update:    - prompt 0x321d650:     105 tokens, checkpoints:  0,    13.127 MiB
srv        update:    - prompt 0x321d8b0:     110 tokens, checkpoints:  0,    13.752 MiB
srv        update:    - prompt 0x439fd00:     116 tokens, checkpoints:  0,    14.502 MiB
srv        update:    - prompt 0x322b480:     109 tokens, checkpoints:  0,    13.627 MiB
srv        update:    - prompt 0x4be6150:     113 tokens, checkpoints:  0,    14.127 MiB
srv        update:    - prompt 0x323a9a0:     108 tokens, checkpoints:  0,    13.502 MiB
srv        update:    - prompt 0x32196f0:     108 tokens, checkpoints:  0,    13.502 MiB
srv        update:    - prompt 0x322b390:     108 tokens, checkpoints:  0,    13.502 MiB
srv        update:    - prompt 0x32307d0:     111 tokens, checkpoints:  0,    13.877 MiB
srv        update:    - prompt 0x321d2c0:     119 tokens, checkpoints:  0,    14.877 MiB
srv        update:    - prompt 0xf09400:     123 tokens, checkpoints:  0,    15.377 MiB
srv        update:    - prompt 0x3221890:     165 tokens, checkpoints:  0,    20.628 MiB
srv        update:    - prompt 0x438c810:     131 tokens, checkpoints:  0,    16.377 MiB
srv        update:    - prompt 0x43967b0:     135 tokens, checkpoints:  0,    16.877 MiB
srv        update:    - prompt 0x3226c10:     132 tokens, checkpoints:  0,    16.502 MiB
srv        update:    - prompt 0x3227150:     146 tokens, checkpoints:  0,    18.252 MiB
srv        update:    - prompt 0x3acc150:     130 tokens, checkpoints:  0,    16.252 MiB
srv        update:    - prompt 0xee0440:     136 tokens, checkpoints:  0,    17.002 MiB
srv        update:    - prompt 0x439dde0:     136 tokens, checkpoints:  0,    17.002 MiB
srv        update:    - prompt 0x439a490:     241 tokens, checkpoints:  0,    30.129 MiB
srv        update:    - prompt 0x118e9b0:     325 tokens, checkpoints:  0,    40.629 MiB
srv        update:    - prompt 0xfffdcc0062a0:     363 tokens, checkpoints:  0,    45.380 MiB
srv        update:    - prompt 0xfffdc4004ad0:     425 tokens, checkpoints:  0,    53.131 MiB
srv        update:    - prompt 0xf09840:     409 tokens, checkpoints:  0,    51.130 MiB
srv  get_availabl: prompt cache update took 0.13 ms
slot launch_slot_: id  1 | task -1 | sampler chain: logits -> ?penalties -> ?dry -> ?top-n-sigma -> top-k -> ?typical -> top-p -> min-p -> ?xtc -> temp-ext -> dist 
slot launch_slot_: id  1 | task 2929 | processing task, is_child = 0
slot slot_save_an: id  2 | task -1 | saving idle slot to prompt cache
srv   prompt_save:  - saving prompt with length 412, total state size = 51.505 MiB
slot prompt_clear: id  2 | task -1 | clearing prompt with 412 tokens
srv        update:  - cache state: 29 prompts, 617.828 MiB (limits: 8192.000 MiB, 4096 tokens, 65527 est)
srv        update:    - prompt 0x439af80:     106 tokens, checkpoints:  0,    13.252 MiB
srv        update:    - prompt 0xf0ef60:     107 tokens, checkpoints:  0,    13.377 MiB
srv        update:    - prompt 0x321cf30:     106 tokens, checkpoints:  0,    13.252 MiB
srv        update:    - prompt 0x439bbc0:     107 tokens, checkpoints:  0,    13.377 MiB
srv        update:    - prompt 0x321d650:     105 tokens, checkpoints:  0,    13.127 MiB
srv        update:    - prompt 0x321d8b0:     110 tokens, checkpoints:  0,    13.752 MiB
srv        update:    - prompt 0x439fd00:     116 tokens, checkpoints:  0,    14.502 MiB
srv        update:    - prompt 0x322b480:     109 tokens, checkpoints:  0,    13.627 MiB
srv        update:    - prompt 0x4be6150:     113 tokens, checkpoints:  0,    14.127 MiB
srv        update:    - prompt 0x323a9a0:     108 tokens, checkpoints:  0,    13.502 MiB
srv        update:    - prompt 0x32196f0:     108 tokens, checkpoints:  0,    13.502 MiB
srv        update:    - prompt 0x322b390:     108 tokens, checkpoints:  0,    13.502 MiB
srv        update:    - prompt 0x32307d0:     111 tokens, checkpoints:  0,    13.877 MiB
srv        update:    - prompt 0x321d2c0:     119 tokens, checkpoints:  0,    14.877 MiB
srv        update:    - prompt 0xf09400:     123 tokens, checkpoints:  0,    15.377 MiB
srv        update:    - prompt 0x3221890:     165 tokens, checkpoints:  0,    20.628 MiB
srv        update:    - prompt 0x438c810:     131 tokens, checkpoints:  0,    16.377 MiB
srv        update:    - prompt 0x43967b0:     135 tokens, checkpoints:  0,    16.877 MiB
srv        update:    - prompt 0x3226c10:     132 tokens, checkpoints:  0,    16.502 MiB
srv        update:    - prompt 0x3227150:     146 tokens, checkpoints:  0,    18.252 MiB
srv        update:    - prompt 0x3acc150:     130 tokens, checkpoints:  0,    16.252 MiB
srv        update:    - prompt 0xee0440:     136 tokens, checkpoints:  0,    17.002 MiB
srv        update:    - prompt 0x439dde0:     136 tokens, checkpoints:  0,    17.002 MiB
srv        update:    - prompt 0x439a490:     241 tokens, checkpoints:  0,    30.129 MiB
srv        update:    - prompt 0x118e9b0:     325 tokens, checkpoints:  0,    40.629 MiB
srv        update:    - prompt 0xfffdcc0062a0:     363 tokens, checkpoints:  0,    45.380 MiB
srv        update:    - prompt 0xfffdc4004ad0:     425 tokens, checkpoints:  0,    53.131 MiB
srv        update:    - prompt 0xf09840:     409 tokens, checkpoints:  0,    51.130 MiB
srv        update:    - prompt 0x439b5f0:     412 tokens, checkpoints:  0,    51.505 MiB
slot update_slots: id  1 | task 2929 | new prompt, n_ctx_slot = 4096, n_keep = 0, task.n_tokens = 319
slot update_slots: id  1 | task 2929 | n_tokens = 0, memory_seq_rm [0, end)
slot init_sampler: id  1 | task 2929 | init sampler, took 0.15 ms, tokens: text = 319, total = 319
slot update_slots: id  1 | task 2929 | prompt processing done, n_tokens = 319, batch.n_tokens = 319
srv  log_server_r: done request: POST /completion 127.0.0.1 200
slot print_timing: id  1 | task 2929 | 
prompt eval time =   98780.05 ms /   319 tokens (  309.66 ms per token,     3.23 tokens per second)
       eval time =   34785.72 ms /   100 tokens (  347.86 ms per token,     2.87 tokens per second)
      total time =  133565.77 ms /   419 tokens
slot      release: id  1 | task 2929 | stop processing: n_tokens = 418, truncated = 0
srv  update_slots: all slots are idle
slot get_availabl: id  0 | task -1 | selected slot by LRU, t_last = 279654335212
srv  get_availabl: updating prompt cache
srv          load:  - looking for better prompt, base f_keep = -1.000, sim = 0.000
srv        update:  - cache state: 29 prompts, 617.828 MiB (limits: 8192.000 MiB, 4096 tokens, 65527 est)
srv        update:    - prompt 0x439af80:     106 tokens, checkpoints:  0,    13.252 MiB
srv        update:    - prompt 0xf0ef60:     107 tokens, checkpoints:  0,    13.377 MiB
srv        update:    - prompt 0x321cf30:     106 tokens, checkpoints:  0,    13.252 MiB
srv        update:    - prompt 0x439bbc0:     107 tokens, checkpoints:  0,    13.377 MiB
srv        update:    - prompt 0x321d650:     105 tokens, checkpoints:  0,    13.127 MiB
srv        update:    - prompt 0x321d8b0:     110 tokens, checkpoints:  0,    13.752 MiB
srv        update:    - prompt 0x439fd00:     116 tokens, checkpoints:  0,    14.502 MiB
srv        update:    - prompt 0x322b480:     109 tokens, checkpoints:  0,    13.627 MiB
srv        update:    - prompt 0x4be6150:     113 tokens, checkpoints:  0,    14.127 MiB
srv        update:    - prompt 0x323a9a0:     108 tokens, checkpoints:  0,    13.502 MiB
srv        update:    - prompt 0x32196f0:     108 tokens, checkpoints:  0,    13.502 MiB
srv        update:    - prompt 0x322b390:     108 tokens, checkpoints:  0,    13.502 MiB
srv        update:    - prompt 0x32307d0:     111 tokens, checkpoints:  0,    13.877 MiB
srv        update:    - prompt 0x321d2c0:     119 tokens, checkpoints:  0,    14.877 MiB
srv        update:    - prompt 0xf09400:     123 tokens, checkpoints:  0,    15.377 MiB
srv        update:    - prompt 0x3221890:     165 tokens, checkpoints:  0,    20.628 MiB
srv        update:    - prompt 0x438c810:     131 tokens, checkpoints:  0,    16.377 MiB
srv        update:    - prompt 0x43967b0:     135 tokens, checkpoints:  0,    16.877 MiB
srv        update:    - prompt 0x3226c10:     132 tokens, checkpoints:  0,    16.502 MiB
srv        update:    - prompt 0x3227150:     146 tokens, checkpoints:  0,    18.252 MiB
srv        update:    - prompt 0x3acc150:     130 tokens, checkpoints:  0,    16.252 MiB
srv        update:    - prompt 0xee0440:     136 tokens, checkpoints:  0,    17.002 MiB
srv        update:    - prompt 0x439dde0:     136 tokens, checkpoints:  0,    17.002 MiB
srv        update:    - prompt 0x439a490:     241 tokens, checkpoints:  0,    30.129 MiB
srv        update:    - prompt 0x118e9b0:     325 tokens, checkpoints:  0,    40.629 MiB
srv        update:    - prompt 0xfffdcc0062a0:     363 tokens, checkpoints:  0,    45.380 MiB
srv        update:    - prompt 0xfffdc4004ad0:     425 tokens, checkpoints:  0,    53.131 MiB
srv        update:    - prompt 0xf09840:     409 tokens, checkpoints:  0,    51.130 MiB
srv        update:    - prompt 0x439b5f0:     412 tokens, checkpoints:  0,    51.505 MiB
srv  get_availabl: prompt cache update took 0.13 ms
slot launch_slot_: id  0 | task -1 | sampler chain: logits -> ?penalties -> ?dry -> ?top-n-sigma -> top-k -> ?typical -> top-p -> min-p -> ?xtc -> temp-ext -> dist 
slot launch_slot_: id  0 | task 3030 | processing task, is_child = 0
slot slot_save_an: id  1 | task -1 | saving idle slot to prompt cache
srv   prompt_save:  - saving prompt with length 418, total state size = 52.256 MiB
slot prompt_clear: id  1 | task -1 | clearing prompt with 418 tokens
srv        update:  - cache state: 30 prompts, 670.084 MiB (limits: 8192.000 MiB, 4096 tokens, 65527 est)
srv        update:    - prompt 0x439af80:     106 tokens, checkpoints:  0,    13.252 MiB
srv        update:    - prompt 0xf0ef60:     107 tokens, checkpoints:  0,    13.377 MiB
srv        update:    - prompt 0x321cf30:     106 tokens, checkpoints:  0,    13.252 MiB
srv        update:    - prompt 0x439bbc0:     107 tokens, checkpoints:  0,    13.377 MiB
srv        update:    - prompt 0x321d650:     105 tokens, checkpoints:  0,    13.127 MiB
srv        update:    - prompt 0x321d8b0:     110 tokens, checkpoints:  0,    13.752 MiB
srv        update:    - prompt 0x439fd00:     116 tokens, checkpoints:  0,    14.502 MiB
srv        update:    - prompt 0x322b480:     109 tokens, checkpoints:  0,    13.627 MiB
srv        update:    - prompt 0x4be6150:     113 tokens, checkpoints:  0,    14.127 MiB
srv        update:    - prompt 0x323a9a0:     108 tokens, checkpoints:  0,    13.502 MiB
srv        update:    - prompt 0x32196f0:     108 tokens, checkpoints:  0,    13.502 MiB
srv        update:    - prompt 0x322b390:     108 tokens, checkpoints:  0,    13.502 MiB
srv        update:    - prompt 0x32307d0:     111 tokens, checkpoints:  0,    13.877 MiB
srv        update:    - prompt 0x321d2c0:     119 tokens, checkpoints:  0,    14.877 MiB
srv        update:    - prompt 0xf09400:     123 tokens, checkpoints:  0,    15.377 MiB
srv        update:    - prompt 0x3221890:     165 tokens, checkpoints:  0,    20.628 MiB
srv        update:    - prompt 0x438c810:     131 tokens, checkpoints:  0,    16.377 MiB
srv        update:    - prompt 0x43967b0:     135 tokens, checkpoints:  0,    16.877 MiB
srv        update:    - prompt 0x3226c10:     132 tokens, checkpoints:  0,    16.502 MiB
srv        update:    - prompt 0x3227150:     146 tokens, checkpoints:  0,    18.252 MiB
srv        update:    - prompt 0x3acc150:     130 tokens, checkpoints:  0,    16.252 MiB
srv        update:    - prompt 0xee0440:     136 tokens, checkpoints:  0,    17.002 MiB
srv        update:    - prompt 0x439dde0:     136 tokens, checkpoints:  0,    17.002 MiB
srv        update:    - prompt 0x439a490:     241 tokens, checkpoints:  0,    30.129 MiB
srv        update:    - prompt 0x118e9b0:     325 tokens, checkpoints:  0,    40.629 MiB
srv        update:    - prompt 0xfffdcc0062a0:     363 tokens, checkpoints:  0,    45.380 MiB
srv        update:    - prompt 0xfffdc4004ad0:     425 tokens, checkpoints:  0,    53.131 MiB
srv        update:    - prompt 0xf09840:     409 tokens, checkpoints:  0,    51.130 MiB
srv        update:    - prompt 0x439b5f0:     412 tokens, checkpoints:  0,    51.505 MiB
srv        update:    - prompt 0x439fb50:     418 tokens, checkpoints:  0,    52.256 MiB
slot update_slots: id  0 | task 3030 | new prompt, n_ctx_slot = 4096, n_keep = 0, task.n_tokens = 316
slot update_slots: id  0 | task 3030 | n_tokens = 0, memory_seq_rm [0, end)
slot init_sampler: id  0 | task 3030 | init sampler, took 0.15 ms, tokens: text = 316, total = 316
slot update_slots: id  0 | task 3030 | prompt processing done, n_tokens = 316, batch.n_tokens = 316
srv  log_server_r: done request: POST /completion 127.0.0.1 200
slot print_timing: id  0 | task 3030 | 
prompt eval time =   97935.37 ms /   316 tokens (  309.92 ms per token,     3.23 tokens per second)
       eval time =   34839.64 ms /   100 tokens (  348.40 ms per token,     2.87 tokens per second)
      total time =  132775.01 ms /   416 tokens
slot      release: id  0 | task 3030 | stop processing: n_tokens = 415, truncated = 0
srv  update_slots: all slots are idle
slot get_availabl: id  3 | task -1 | selected slot by LRU, t_last = 279785979130
srv  get_availabl: updating prompt cache
srv          load:  - looking for better prompt, base f_keep = -1.000, sim = 0.000
srv        update:  - cache state: 30 prompts, 670.084 MiB (limits: 8192.000 MiB, 4096 tokens, 65527 est)
srv        update:    - prompt 0x439af80:     106 tokens, checkpoints:  0,    13.252 MiB
srv        update:    - prompt 0xf0ef60:     107 tokens, checkpoints:  0,    13.377 MiB
srv        update:    - prompt 0x321cf30:     106 tokens, checkpoints:  0,    13.252 MiB
srv        update:    - prompt 0x439bbc0:     107 tokens, checkpoints:  0,    13.377 MiB
srv        update:    - prompt 0x321d650:     105 tokens, checkpoints:  0,    13.127 MiB
srv        update:    - prompt 0x321d8b0:     110 tokens, checkpoints:  0,    13.752 MiB
srv        update:    - prompt 0x439fd00:     116 tokens, checkpoints:  0,    14.502 MiB
srv        update:    - prompt 0x322b480:     109 tokens, checkpoints:  0,    13.627 MiB
srv        update:    - prompt 0x4be6150:     113 tokens, checkpoints:  0,    14.127 MiB
srv        update:    - prompt 0x323a9a0:     108 tokens, checkpoints:  0,    13.502 MiB
srv        update:    - prompt 0x32196f0:     108 tokens, checkpoints:  0,    13.502 MiB
srv        update:    - prompt 0x322b390:     108 tokens, checkpoints:  0,    13.502 MiB
srv        update:    - prompt 0x32307d0:     111 tokens, checkpoints:  0,    13.877 MiB
srv        update:    - prompt 0x321d2c0:     119 tokens, checkpoints:  0,    14.877 MiB
srv        update:    - prompt 0xf09400:     123 tokens, checkpoints:  0,    15.377 MiB
srv        update:    - prompt 0x3221890:     165 tokens, checkpoints:  0,    20.628 MiB
srv        update:    - prompt 0x438c810:     131 tokens, checkpoints:  0,    16.377 MiB
srv        update:    - prompt 0x43967b0:     135 tokens, checkpoints:  0,    16.877 MiB
srv        update:    - prompt 0x3226c10:     132 tokens, checkpoints:  0,    16.502 MiB
srv        update:    - prompt 0x3227150:     146 tokens, checkpoints:  0,    18.252 MiB
srv        update:    - prompt 0x3acc150:     130 tokens, checkpoints:  0,    16.252 MiB
srv        update:    - prompt 0xee0440:     136 tokens, checkpoints:  0,    17.002 MiB
srv        update:    - prompt 0x439dde0:     136 tokens, checkpoints:  0,    17.002 MiB
srv        update:    - prompt 0x439a490:     241 tokens, checkpoints:  0,    30.129 MiB
srv        update:    - prompt 0x118e9b0:     325 tokens, checkpoints:  0,    40.629 MiB
srv        update:    - prompt 0xfffdcc0062a0:     363 tokens, checkpoints:  0,    45.380 MiB
srv        update:    - prompt 0xfffdc4004ad0:     425 tokens, checkpoints:  0,    53.131 MiB
srv        update:    - prompt 0xf09840:     409 tokens, checkpoints:  0,    51.130 MiB
srv        update:    - prompt 0x439b5f0:     412 tokens, checkpoints:  0,    51.505 MiB
srv        update:    - prompt 0x439fb50:     418 tokens, checkpoints:  0,    52.256 MiB
srv  get_availabl: prompt cache update took 0.13 ms
slot launch_slot_: id  3 | task -1 | sampler chain: logits -> ?penalties -> ?dry -> ?top-n-sigma -> top-k -> ?typical -> top-p -> min-p -> ?xtc -> temp-ext -> dist 
slot launch_slot_: id  3 | task 3131 | processing task, is_child = 0
slot slot_save_an: id  0 | task -1 | saving idle slot to prompt cache
srv   prompt_save:  - saving prompt with length 415, total state size = 51.880 MiB
slot prompt_clear: id  0 | task -1 | clearing prompt with 415 tokens
srv        update:  - cache state: 31 prompts, 721.964 MiB (limits: 8192.000 MiB, 4096 tokens, 65527 est)
srv        update:    - prompt 0x439af80:     106 tokens, checkpoints:  0,    13.252 MiB
srv        update:    - prompt 0xf0ef60:     107 tokens, checkpoints:  0,    13.377 MiB
srv        update:    - prompt 0x321cf30:     106 tokens, checkpoints:  0,    13.252 MiB
srv        update:    - prompt 0x439bbc0:     107 tokens, checkpoints:  0,    13.377 MiB
srv        update:    - prompt 0x321d650:     105 tokens, checkpoints:  0,    13.127 MiB
srv        update:    - prompt 0x321d8b0:     110 tokens, checkpoints:  0,    13.752 MiB
srv        update:    - prompt 0x439fd00:     116 tokens, checkpoints:  0,    14.502 MiB
srv        update:    - prompt 0x322b480:     109 tokens, checkpoints:  0,    13.627 MiB
srv        update:    - prompt 0x4be6150:     113 tokens, checkpoints:  0,    14.127 MiB
srv        update:    - prompt 0x323a9a0:     108 tokens, checkpoints:  0,    13.502 MiB
srv        update:    - prompt 0x32196f0:     108 tokens, checkpoints:  0,    13.502 MiB
srv        update:    - prompt 0x322b390:     108 tokens, checkpoints:  0,    13.502 MiB
srv        update:    - prompt 0x32307d0:     111 tokens, checkpoints:  0,    13.877 MiB
srv        update:    - prompt 0x321d2c0:     119 tokens, checkpoints:  0,    14.877 MiB
srv        update:    - prompt 0xf09400:     123 tokens, checkpoints:  0,    15.377 MiB
srv        update:    - prompt 0x3221890:     165 tokens, checkpoints:  0,    20.628 MiB
srv        update:    - prompt 0x438c810:     131 tokens, checkpoints:  0,    16.377 MiB
srv        update:    - prompt 0x43967b0:     135 tokens, checkpoints:  0,    16.877 MiB
srv        update:    - prompt 0x3226c10:     132 tokens, checkpoints:  0,    16.502 MiB
srv        update:    - prompt 0x3227150:     146 tokens, checkpoints:  0,    18.252 MiB
srv        update:    - prompt 0x3acc150:     130 tokens, checkpoints:  0,    16.252 MiB
srv        update:    - prompt 0xee0440:     136 tokens, checkpoints:  0,    17.002 MiB
srv        update:    - prompt 0x439dde0:     136 tokens, checkpoints:  0,    17.002 MiB
srv        update:    - prompt 0x439a490:     241 tokens, checkpoints:  0,    30.129 MiB
srv        update:    - prompt 0x118e9b0:     325 tokens, checkpoints:  0,    40.629 MiB
srv        update:    - prompt 0xfffdcc0062a0:     363 tokens, checkpoints:  0,    45.380 MiB
srv        update:    - prompt 0xfffdc4004ad0:     425 tokens, checkpoints:  0,    53.131 MiB
srv        update:    - prompt 0xf09840:     409 tokens, checkpoints:  0,    51.130 MiB
srv        update:    - prompt 0x439b5f0:     412 tokens, checkpoints:  0,    51.505 MiB
srv        update:    - prompt 0x439fb50:     418 tokens, checkpoints:  0,    52.256 MiB
srv        update:    - prompt 0x32210b0:     415 tokens, checkpoints:  0,    51.880 MiB
slot update_slots: id  3 | task 3131 | new prompt, n_ctx_slot = 4096, n_keep = 0, task.n_tokens = 332
slot update_slots: id  3 | task 3131 | n_tokens = 0, memory_seq_rm [0, end)
slot init_sampler: id  3 | task 3131 | init sampler, took 0.16 ms, tokens: text = 332, total = 332
slot update_slots: id  3 | task 3131 | prompt processing done, n_tokens = 332, batch.n_tokens = 332
srv  log_server_r: done request: POST /completion 127.0.0.1 200
slot print_timing: id  3 | task 3131 | 
prompt eval time =  106226.88 ms /   332 tokens (  319.96 ms per token,     3.13 tokens per second)
       eval time =   34837.07 ms /   100 tokens (  348.37 ms per token,     2.87 tokens per second)
      total time =  141063.94 ms /   432 tokens
slot      release: id  3 | task 3131 | stop processing: n_tokens = 431, truncated = 0
srv  update_slots: all slots are idle
slot get_availabl: id  2 | task -1 | selected slot by LRU, t_last = 279918406568
srv  get_availabl: updating prompt cache
srv          load:  - looking for better prompt, base f_keep = -1.000, sim = 0.000
srv        update:  - cache state: 31 prompts, 721.964 MiB (limits: 8192.000 MiB, 4096 tokens, 65527 est)
srv        update:    - prompt 0x439af80:     106 tokens, checkpoints:  0,    13.252 MiB
srv        update:    - prompt 0xf0ef60:     107 tokens, checkpoints:  0,    13.377 MiB
srv        update:    - prompt 0x321cf30:     106 tokens, checkpoints:  0,    13.252 MiB
srv        update:    - prompt 0x439bbc0:     107 tokens, checkpoints:  0,    13.377 MiB
srv        update:    - prompt 0x321d650:     105 tokens, checkpoints:  0,    13.127 MiB
srv        update:    - prompt 0x321d8b0:     110 tokens, checkpoints:  0,    13.752 MiB
srv        update:    - prompt 0x439fd00:     116 tokens, checkpoints:  0,    14.502 MiB
srv        update:    - prompt 0x322b480:     109 tokens, checkpoints:  0,    13.627 MiB
srv        update:    - prompt 0x4be6150:     113 tokens, checkpoints:  0,    14.127 MiB
srv        update:    - prompt 0x323a9a0:     108 tokens, checkpoints:  0,    13.502 MiB
srv        update:    - prompt 0x32196f0:     108 tokens, checkpoints:  0,    13.502 MiB
srv        update:    - prompt 0x322b390:     108 tokens, checkpoints:  0,    13.502 MiB
srv        update:    - prompt 0x32307d0:     111 tokens, checkpoints:  0,    13.877 MiB
srv        update:    - prompt 0x321d2c0:     119 tokens, checkpoints:  0,    14.877 MiB
srv        update:    - prompt 0xf09400:     123 tokens, checkpoints:  0,    15.377 MiB
srv        update:    - prompt 0x3221890:     165 tokens, checkpoints:  0,    20.628 MiB
srv        update:    - prompt 0x438c810:     131 tokens, checkpoints:  0,    16.377 MiB
srv        update:    - prompt 0x43967b0:     135 tokens, checkpoints:  0,    16.877 MiB
srv        update:    - prompt 0x3226c10:     132 tokens, checkpoints:  0,    16.502 MiB
srv        update:    - prompt 0x3227150:     146 tokens, checkpoints:  0,    18.252 MiB
srv        update:    - prompt 0x3acc150:     130 tokens, checkpoints:  0,    16.252 MiB
srv        update:    - prompt 0xee0440:     136 tokens, checkpoints:  0,    17.002 MiB
srv        update:    - prompt 0x439dde0:     136 tokens, checkpoints:  0,    17.002 MiB
srv        update:    - prompt 0x439a490:     241 tokens, checkpoints:  0,    30.129 MiB
srv        update:    - prompt 0x118e9b0:     325 tokens, checkpoints:  0,    40.629 MiB
srv        update:    - prompt 0xfffdcc0062a0:     363 tokens, checkpoints:  0,    45.380 MiB
srv        update:    - prompt 0xfffdc4004ad0:     425 tokens, checkpoints:  0,    53.131 MiB
srv        update:    - prompt 0xf09840:     409 tokens, checkpoints:  0,    51.130 MiB
srv        update:    - prompt 0x439b5f0:     412 tokens, checkpoints:  0,    51.505 MiB
srv        update:    - prompt 0x439fb50:     418 tokens, checkpoints:  0,    52.256 MiB
srv        update:    - prompt 0x32210b0:     415 tokens, checkpoints:  0,    51.880 MiB
srv  get_availabl: prompt cache update took 0.13 ms
slot launch_slot_: id  2 | task -1 | sampler chain: logits -> ?penalties -> ?dry -> ?top-n-sigma -> top-k -> ?typical -> top-p -> min-p -> ?xtc -> temp-ext -> dist 
slot launch_slot_: id  2 | task 3232 | processing task, is_child = 0
slot slot_save_an: id  3 | task -1 | saving idle slot to prompt cache
srv   prompt_save:  - saving prompt with length 431, total state size = 53.881 MiB
slot prompt_clear: id  3 | task -1 | clearing prompt with 431 tokens
srv        update:  - cache state: 32 prompts, 775.845 MiB (limits: 8192.000 MiB, 4096 tokens, 65527 est)
srv        update:    - prompt 0x439af80:     106 tokens, checkpoints:  0,    13.252 MiB
srv        update:    - prompt 0xf0ef60:     107 tokens, checkpoints:  0,    13.377 MiB
srv        update:    - prompt 0x321cf30:     106 tokens, checkpoints:  0,    13.252 MiB
srv        update:    - prompt 0x439bbc0:     107 tokens, checkpoints:  0,    13.377 MiB
srv        update:    - prompt 0x321d650:     105 tokens, checkpoints:  0,    13.127 MiB
srv        update:    - prompt 0x321d8b0:     110 tokens, checkpoints:  0,    13.752 MiB
srv        update:    - prompt 0x439fd00:     116 tokens, checkpoints:  0,    14.502 MiB
srv        update:    - prompt 0x322b480:     109 tokens, checkpoints:  0,    13.627 MiB
srv        update:    - prompt 0x4be6150:     113 tokens, checkpoints:  0,    14.127 MiB
srv        update:    - prompt 0x323a9a0:     108 tokens, checkpoints:  0,    13.502 MiB
srv        update:    - prompt 0x32196f0:     108 tokens, checkpoints:  0,    13.502 MiB
srv        update:    - prompt 0x322b390:     108 tokens, checkpoints:  0,    13.502 MiB
srv        update:    - prompt 0x32307d0:     111 tokens, checkpoints:  0,    13.877 MiB
srv        update:    - prompt 0x321d2c0:     119 tokens, checkpoints:  0,    14.877 MiB
srv        update:    - prompt 0xf09400:     123 tokens, checkpoints:  0,    15.377 MiB
srv        update:    - prompt 0x3221890:     165 tokens, checkpoints:  0,    20.628 MiB
srv        update:    - prompt 0x438c810:     131 tokens, checkpoints:  0,    16.377 MiB
srv        update:    - prompt 0x43967b0:     135 tokens, checkpoints:  0,    16.877 MiB
srv        update:    - prompt 0x3226c10:     132 tokens, checkpoints:  0,    16.502 MiB
srv        update:    - prompt 0x3227150:     146 tokens, checkpoints:  0,    18.252 MiB
srv        update:    - prompt 0x3acc150:     130 tokens, checkpoints:  0,    16.252 MiB
srv        update:    - prompt 0xee0440:     136 tokens, checkpoints:  0,    17.002 MiB
srv        update:    - prompt 0x439dde0:     136 tokens, checkpoints:  0,    17.002 MiB
srv        update:    - prompt 0x439a490:     241 tokens, checkpoints:  0,    30.129 MiB
srv        update:    - prompt 0x118e9b0:     325 tokens, checkpoints:  0,    40.629 MiB
srv        update:    - prompt 0xfffdcc0062a0:     363 tokens, checkpoints:  0,    45.380 MiB
srv        update:    - prompt 0xfffdc4004ad0:     425 tokens, checkpoints:  0,    53.131 MiB
srv        update:    - prompt 0xf09840:     409 tokens, checkpoints:  0,    51.130 MiB
srv        update:    - prompt 0x439b5f0:     412 tokens, checkpoints:  0,    51.505 MiB
srv        update:    - prompt 0x439fb50:     418 tokens, checkpoints:  0,    52.256 MiB
srv        update:    - prompt 0x32210b0:     415 tokens, checkpoints:  0,    51.880 MiB
srv        update:    - prompt 0xf0c700:     431 tokens, checkpoints:  0,    53.881 MiB
slot update_slots: id  2 | task 3232 | new prompt, n_ctx_slot = 4096, n_keep = 0, task.n_tokens = 332
slot update_slots: id  2 | task 3232 | n_tokens = 0, memory_seq_rm [0, end)
slot init_sampler: id  2 | task 3232 | init sampler, took 0.18 ms, tokens: text = 332, total = 332
slot update_slots: id  2 | task 3232 | prompt processing done, n_tokens = 332, batch.n_tokens = 332
srv  log_server_r: done request: POST /completion 127.0.0.1 200
slot print_timing: id  2 | task 3232 | 
prompt eval time =  106230.48 ms /   332 tokens (  319.97 ms per token,     3.13 tokens per second)
       eval time =   34814.21 ms /   100 tokens (  348.14 ms per token,     2.87 tokens per second)
      total time =  141044.69 ms /   432 tokens
slot      release: id  2 | task 3232 | stop processing: n_tokens = 431, truncated = 0
srv  update_slots: all slots are idle
slot get_availabl: id  2 | task -1 | selected slot by LCP similarity, sim_best = 0.125 (> 0.100 thold), f_keep = 0.002
srv  get_availabl: updating prompt cache
srv   prompt_save:  - saving prompt with length 431, total state size = 53.881 MiB
srv          load:  - looking for better prompt, base f_keep = 0.002, sim = 0.125
srv        update:  - cache state: 33 prompts, 829.726 MiB (limits: 8192.000 MiB, 4096 tokens, 65528 est)
srv        update:    - prompt 0x439af80:     106 tokens, checkpoints:  0,    13.252 MiB
srv        update:    - prompt 0xf0ef60:     107 tokens, checkpoints:  0,    13.377 MiB
srv        update:    - prompt 0x321cf30:     106 tokens, checkpoints:  0,    13.252 MiB
srv        update:    - prompt 0x439bbc0:     107 tokens, checkpoints:  0,    13.377 MiB
srv        update:    - prompt 0x321d650:     105 tokens, checkpoints:  0,    13.127 MiB
srv        update:    - prompt 0x321d8b0:     110 tokens, checkpoints:  0,    13.752 MiB
srv        update:    - prompt 0x439fd00:     116 tokens, checkpoints:  0,    14.502 MiB
srv        update:    - prompt 0x322b480:     109 tokens, checkpoints:  0,    13.627 MiB
srv        update:    - prompt 0x4be6150:     113 tokens, checkpoints:  0,    14.127 MiB
srv        update:    - prompt 0x323a9a0:     108 tokens, checkpoints:  0,    13.502 MiB
srv        update:    - prompt 0x32196f0:     108 tokens, checkpoints:  0,    13.502 MiB
srv        update:    - prompt 0x322b390:     108 tokens, checkpoints:  0,    13.502 MiB
srv        update:    - prompt 0x32307d0:     111 tokens, checkpoints:  0,    13.877 MiB
srv        update:    - prompt 0x321d2c0:     119 tokens, checkpoints:  0,    14.877 MiB
srv        update:    - prompt 0xf09400:     123 tokens, checkpoints:  0,    15.377 MiB
srv        update:    - prompt 0x3221890:     165 tokens, checkpoints:  0,    20.628 MiB
srv        update:    - prompt 0x438c810:     131 tokens, checkpoints:  0,    16.377 MiB
srv        update:    - prompt 0x43967b0:     135 tokens, checkpoints:  0,    16.877 MiB
srv        update:    - prompt 0x3226c10:     132 tokens, checkpoints:  0,    16.502 MiB
srv        update:    - prompt 0x3227150:     146 tokens, checkpoints:  0,    18.252 MiB
srv        update:    - prompt 0x3acc150:     130 tokens, checkpoints:  0,    16.252 MiB
srv        update:    - prompt 0xee0440:     136 tokens, checkpoints:  0,    17.002 MiB
srv        update:    - prompt 0x439dde0:     136 tokens, checkpoints:  0,    17.002 MiB
srv        update:    - prompt 0x439a490:     241 tokens, checkpoints:  0,    30.129 MiB
srv        update:    - prompt 0x118e9b0:     325 tokens, checkpoints:  0,    40.629 MiB
srv        update:    - prompt 0xfffdcc0062a0:     363 tokens, checkpoints:  0,    45.380 MiB
srv        update:    - prompt 0xfffdc4004ad0:     425 tokens, checkpoints:  0,    53.131 MiB
srv        update:    - prompt 0xf09840:     409 tokens, checkpoints:  0,    51.130 MiB
srv        update:    - prompt 0x439b5f0:     412 tokens, checkpoints:  0,    51.505 MiB
srv        update:    - prompt 0x439fb50:     418 tokens, checkpoints:  0,    52.256 MiB
srv        update:    - prompt 0x32210b0:     415 tokens, checkpoints:  0,    51.880 MiB
srv        update:    - prompt 0xf0c700:     431 tokens, checkpoints:  0,    53.881 MiB
srv        update:    - prompt 0x322c4e0:     431 tokens, checkpoints:  0,    53.881 MiB
srv  get_availabl: prompt cache update took 12.62 ms
slot launch_slot_: id  2 | task -1 | sampler chain: logits -> ?penalties -> ?dry -> ?top-n-sigma -> top-k -> ?typical -> top-p -> min-p -> ?xtc -> temp-ext -> dist 
slot launch_slot_: id  2 | task 3333 | processing task, is_child = 0
slot update_slots: id  2 | task 3333 | new prompt, n_ctx_slot = 4096, n_keep = 0, task.n_tokens = 8
slot update_slots: id  2 | task 3333 | n_tokens = 0, memory_seq_rm [0, end)
slot init_sampler: id  2 | task 3333 | init sampler, took 0.01 ms, tokens: text = 8, total = 8
slot update_slots: id  2 | task 3333 | prompt processing done, n_tokens = 8, batch.n_tokens = 8
srv  log_server_r: done request: POST /completion 127.0.0.1 200
slot print_timing: id  2 | task 3333 | 
prompt eval time =    2286.38 ms /     8 tokens (  285.80 ms per token,     3.50 tokens per second)
       eval time =   32598.32 ms /   100 tokens (  325.98 ms per token,     3.07 tokens per second)
      total time =   34884.70 ms /   108 tokens
slot      release: id  2 | task 3333 | stop processing: n_tokens = 107, truncated = 0
srv  update_slots: all slots are idle
slot get_availabl: id  2 | task -1 | selected slot by LCP similarity, sim_best = 0.167 (> 0.100 thold), f_keep = 0.009
srv  get_availabl: updating prompt cache
srv   prompt_save:  - saving prompt with length 107, total state size = 13.377 MiB
srv          load:  - looking for better prompt, base f_keep = 0.009, sim = 0.167
srv        update:  - cache state: 34 prompts, 843.103 MiB (limits: 8192.000 MiB, 4096 tokens, 65528 est)
srv        update:    - prompt 0x439af80:     106 tokens, checkpoints:  0,    13.252 MiB
srv        update:    - prompt 0xf0ef60:     107 tokens, checkpoints:  0,    13.377 MiB
srv        update:    - prompt 0x321cf30:     106 tokens, checkpoints:  0,    13.252 MiB
srv        update:    - prompt 0x439bbc0:     107 tokens, checkpoints:  0,    13.377 MiB
srv        update:    - prompt 0x321d650:     105 tokens, checkpoints:  0,    13.127 MiB
srv        update:    - prompt 0x321d8b0:     110 tokens, checkpoints:  0,    13.752 MiB
srv        update:    - prompt 0x439fd00:     116 tokens, checkpoints:  0,    14.502 MiB
srv        update:    - prompt 0x322b480:     109 tokens, checkpoints:  0,    13.627 MiB
srv        update:    - prompt 0x4be6150:     113 tokens, checkpoints:  0,    14.127 MiB
srv        update:    - prompt 0x323a9a0:     108 tokens, checkpoints:  0,    13.502 MiB
srv        update:    - prompt 0x32196f0:     108 tokens, checkpoints:  0,    13.502 MiB
srv        update:    - prompt 0x322b390:     108 tokens, checkpoints:  0,    13.502 MiB
srv        update:    - prompt 0x32307d0:     111 tokens, checkpoints:  0,    13.877 MiB
srv        update:    - prompt 0x321d2c0:     119 tokens, checkpoints:  0,    14.877 MiB
srv        update:    - prompt 0xf09400:     123 tokens, checkpoints:  0,    15.377 MiB
srv        update:    - prompt 0x3221890:     165 tokens, checkpoints:  0,    20.628 MiB
srv        update:    - prompt 0x438c810:     131 tokens, checkpoints:  0,    16.377 MiB
srv        update:    - prompt 0x43967b0:     135 tokens, checkpoints:  0,    16.877 MiB
srv        update:    - prompt 0x3226c10:     132 tokens, checkpoints:  0,    16.502 MiB
srv        update:    - prompt 0x3227150:     146 tokens, checkpoints:  0,    18.252 MiB
srv        update:    - prompt 0x3acc150:     130 tokens, checkpoints:  0,    16.252 MiB
srv        update:    - prompt 0xee0440:     136 tokens, checkpoints:  0,    17.002 MiB
srv        update:    - prompt 0x439dde0:     136 tokens, checkpoints:  0,    17.002 MiB
srv        update:    - prompt 0x439a490:     241 tokens, checkpoints:  0,    30.129 MiB
srv        update:    - prompt 0x118e9b0:     325 tokens, checkpoints:  0,    40.629 MiB
srv        update:    - prompt 0xfffdcc0062a0:     363 tokens, checkpoints:  0,    45.380 MiB
srv        update:    - prompt 0xfffdc4004ad0:     425 tokens, checkpoints:  0,    53.131 MiB
srv        update:    - prompt 0xf09840:     409 tokens, checkpoints:  0,    51.130 MiB
srv        update:    - prompt 0x439b5f0:     412 tokens, checkpoints:  0,    51.505 MiB
srv        update:    - prompt 0x439fb50:     418 tokens, checkpoints:  0,    52.256 MiB
srv        update:    - prompt 0x32210b0:     415 tokens, checkpoints:  0,    51.880 MiB
srv        update:    - prompt 0xf0c700:     431 tokens, checkpoints:  0,    53.881 MiB
srv        update:    - prompt 0x322c4e0:     431 tokens, checkpoints:  0,    53.881 MiB
srv        update:    - prompt 0x322db30:     107 tokens, checkpoints:  0,    13.377 MiB
srv  get_availabl: prompt cache update took 3.45 ms
slot launch_slot_: id  2 | task -1 | sampler chain: logits -> ?penalties -> ?dry -> ?top-n-sigma -> top-k -> ?typical -> top-p -> min-p -> ?xtc -> temp-ext -> dist 
slot launch_slot_: id  2 | task 3434 | processing task, is_child = 0
slot update_slots: id  2 | task 3434 | new prompt, n_ctx_slot = 4096, n_keep = 0, task.n_tokens = 6
slot update_slots: id  2 | task 3434 | n_tokens = 0, memory_seq_rm [0, end)
slot init_sampler: id  2 | task 3434 | init sampler, took 0.01 ms, tokens: text = 6, total = 6
slot update_slots: id  2 | task 3434 | prompt processing done, n_tokens = 6, batch.n_tokens = 6
srv  log_server_r: done request: POST /completion 127.0.0.1 200
slot print_timing: id  2 | task 3434 | 
prompt eval time =    1728.65 ms /     6 tokens (  288.11 ms per token,     3.47 tokens per second)
       eval time =   32585.30 ms /   100 tokens (  325.85 ms per token,     3.07 tokens per second)
      total time =   34313.96 ms /   106 tokens
slot      release: id  2 | task 3434 | stop processing: n_tokens = 105, truncated = 0
srv  update_slots: all slots are idle
slot get_availabl: id  1 | task -1 | selected slot by LRU, t_last = 280052609657
srv  get_availabl: updating prompt cache
srv          load:  - looking for better prompt, base f_keep = -1.000, sim = 0.000
srv        update:  - cache state: 34 prompts, 843.103 MiB (limits: 8192.000 MiB, 4096 tokens, 65528 est)
srv        update:    - prompt 0x439af80:     106 tokens, checkpoints:  0,    13.252 MiB
srv        update:    - prompt 0xf0ef60:     107 tokens, checkpoints:  0,    13.377 MiB
srv        update:    - prompt 0x321cf30:     106 tokens, checkpoints:  0,    13.252 MiB
srv        update:    - prompt 0x439bbc0:     107 tokens, checkpoints:  0,    13.377 MiB
srv        update:    - prompt 0x321d650:     105 tokens, checkpoints:  0,    13.127 MiB
srv        update:    - prompt 0x321d8b0:     110 tokens, checkpoints:  0,    13.752 MiB
srv        update:    - prompt 0x439fd00:     116 tokens, checkpoints:  0,    14.502 MiB
srv        update:    - prompt 0x322b480:     109 tokens, checkpoints:  0,    13.627 MiB
srv        update:    - prompt 0x4be6150:     113 tokens, checkpoints:  0,    14.127 MiB
srv        update:    - prompt 0x323a9a0:     108 tokens, checkpoints:  0,    13.502 MiB
srv        update:    - prompt 0x32196f0:     108 tokens, checkpoints:  0,    13.502 MiB
srv        update:    - prompt 0x322b390:     108 tokens, checkpoints:  0,    13.502 MiB
srv        update:    - prompt 0x32307d0:     111 tokens, checkpoints:  0,    13.877 MiB
srv        update:    - prompt 0x321d2c0:     119 tokens, checkpoints:  0,    14.877 MiB
srv        update:    - prompt 0xf09400:     123 tokens, checkpoints:  0,    15.377 MiB
srv        update:    - prompt 0x3221890:     165 tokens, checkpoints:  0,    20.628 MiB
srv        update:    - prompt 0x438c810:     131 tokens, checkpoints:  0,    16.377 MiB
srv        update:    - prompt 0x43967b0:     135 tokens, checkpoints:  0,    16.877 MiB
srv        update:    - prompt 0x3226c10:     132 tokens, checkpoints:  0,    16.502 MiB
srv        update:    - prompt 0x3227150:     146 tokens, checkpoints:  0,    18.252 MiB
srv        update:    - prompt 0x3acc150:     130 tokens, checkpoints:  0,    16.252 MiB
srv        update:    - prompt 0xee0440:     136 tokens, checkpoints:  0,    17.002 MiB
srv        update:    - prompt 0x439dde0:     136 tokens, checkpoints:  0,    17.002 MiB
srv        update:    - prompt 0x439a490:     241 tokens, checkpoints:  0,    30.129 MiB
srv        update:    - prompt 0x118e9b0:     325 tokens, checkpoints:  0,    40.629 MiB
srv        update:    - prompt 0xfffdcc0062a0:     363 tokens, checkpoints:  0,    45.380 MiB
srv        update:    - prompt 0xfffdc4004ad0:     425 tokens, checkpoints:  0,    53.131 MiB
srv        update:    - prompt 0xf09840:     409 tokens, checkpoints:  0,    51.130 MiB
srv        update:    - prompt 0x439b5f0:     412 tokens, checkpoints:  0,    51.505 MiB
srv        update:    - prompt 0x439fb50:     418 tokens, checkpoints:  0,    52.256 MiB
srv        update:    - prompt 0x32210b0:     415 tokens, checkpoints:  0,    51.880 MiB
srv        update:    - prompt 0xf0c700:     431 tokens, checkpoints:  0,    53.881 MiB
srv        update:    - prompt 0x322c4e0:     431 tokens, checkpoints:  0,    53.881 MiB
srv        update:    - prompt 0x322db30:     107 tokens, checkpoints:  0,    13.377 MiB
srv  get_availabl: prompt cache update took 0.15 ms
slot launch_slot_: id  1 | task -1 | sampler chain: logits -> ?penalties -> ?dry -> ?top-n-sigma -> top-k -> ?typical -> top-p -> min-p -> ?xtc -> temp-ext -> dist 
slot launch_slot_: id  1 | task 3535 | processing task, is_child = 0
slot slot_save_an: id  2 | task -1 | saving idle slot to prompt cache
srv   prompt_save:  - saving prompt with length 105, total state size = 13.127 MiB
slot prompt_clear: id  2 | task -1 | clearing prompt with 105 tokens
srv        update:  - cache state: 35 prompts, 856.230 MiB (limits: 8192.000 MiB, 4096 tokens, 65528 est)
srv        update:    - prompt 0x439af80:     106 tokens, checkpoints:  0,    13.252 MiB
srv        update:    - prompt 0xf0ef60:     107 tokens, checkpoints:  0,    13.377 MiB
srv        update:    - prompt 0x321cf30:     106 tokens, checkpoints:  0,    13.252 MiB
srv        update:    - prompt 0x439bbc0:     107 tokens, checkpoints:  0,    13.377 MiB
srv        update:    - prompt 0x321d650:     105 tokens, checkpoints:  0,    13.127 MiB
srv        update:    - prompt 0x321d8b0:     110 tokens, checkpoints:  0,    13.752 MiB
srv        update:    - prompt 0x439fd00:     116 tokens, checkpoints:  0,    14.502 MiB
srv        update:    - prompt 0x322b480:     109 tokens, checkpoints:  0,    13.627 MiB
srv        update:    - prompt 0x4be6150:     113 tokens, checkpoints:  0,    14.127 MiB
srv        update:    - prompt 0x323a9a0:     108 tokens, checkpoints:  0,    13.502 MiB
srv        update:    - prompt 0x32196f0:     108 tokens, checkpoints:  0,    13.502 MiB
srv        update:    - prompt 0x322b390:     108 tokens, checkpoints:  0,    13.502 MiB
srv        update:    - prompt 0x32307d0:     111 tokens, checkpoints:  0,    13.877 MiB
srv        update:    - prompt 0x321d2c0:     119 tokens, checkpoints:  0,    14.877 MiB
srv        update:    - prompt 0xf09400:     123 tokens, checkpoints:  0,    15.377 MiB
srv        update:    - prompt 0x3221890:     165 tokens, checkpoints:  0,    20.628 MiB
srv        update:    - prompt 0x438c810:     131 tokens, checkpoints:  0,    16.377 MiB
srv        update:    - prompt 0x43967b0:     135 tokens, checkpoints:  0,    16.877 MiB
srv        update:    - prompt 0x3226c10:     132 tokens, checkpoints:  0,    16.502 MiB
srv        update:    - prompt 0x3227150:     146 tokens, checkpoints:  0,    18.252 MiB
srv        update:    - prompt 0x3acc150:     130 tokens, checkpoints:  0,    16.252 MiB
srv        update:    - prompt 0xee0440:     136 tokens, checkpoints:  0,    17.002 MiB
srv        update:    - prompt 0x439dde0:     136 tokens, checkpoints:  0,    17.002 MiB
srv        update:    - prompt 0x439a490:     241 tokens, checkpoints:  0,    30.129 MiB
srv        update:    - prompt 0x118e9b0:     325 tokens, checkpoints:  0,    40.629 MiB
srv        update:    - prompt 0xfffdcc0062a0:     363 tokens, checkpoints:  0,    45.380 MiB
srv        update:    - prompt 0xfffdc4004ad0:     425 tokens, checkpoints:  0,    53.131 MiB
srv        update:    - prompt 0xf09840:     409 tokens, checkpoints:  0,    51.130 MiB
srv        update:    - prompt 0x439b5f0:     412 tokens, checkpoints:  0,    51.505 MiB
srv        update:    - prompt 0x439fb50:     418 tokens, checkpoints:  0,    52.256 MiB
srv        update:    - prompt 0x32210b0:     415 tokens, checkpoints:  0,    51.880 MiB
srv        update:    - prompt 0xf0c700:     431 tokens, checkpoints:  0,    53.881 MiB
srv        update:    - prompt 0x322c4e0:     431 tokens, checkpoints:  0,    53.881 MiB
srv        update:    - prompt 0x322db30:     107 tokens, checkpoints:  0,    13.377 MiB
srv        update:    - prompt 0x3ad97f0:     105 tokens, checkpoints:  0,    13.127 MiB
slot update_slots: id  1 | task 3535 | new prompt, n_ctx_slot = 4096, n_keep = 0, task.n_tokens = 11
slot update_slots: id  1 | task 3535 | n_tokens = 0, memory_seq_rm [0, end)
slot init_sampler: id  1 | task 3535 | init sampler, took 0.01 ms, tokens: text = 11, total = 11
slot update_slots: id  1 | task 3535 | prompt processing done, n_tokens = 11, batch.n_tokens = 11
srv  log_server_r: done request: POST /completion 127.0.0.1 200
slot print_timing: id  1 | task 3535 | 
prompt eval time =    3127.24 ms /    11 tokens (  284.29 ms per token,     3.52 tokens per second)
       eval time =   32605.39 ms /   100 tokens (  326.05 ms per token,     3.07 tokens per second)
      total time =   35732.64 ms /   111 tokens
slot      release: id  1 | task 3535 | stop processing: n_tokens = 110, truncated = 0
srv  update_slots: all slots are idle
slot get_availabl: id  0 | task -1 | selected slot by LRU, t_last = 280185986294
srv  get_availabl: updating prompt cache
srv          load:  - looking for better prompt, base f_keep = -1.000, sim = 0.000
srv        update:  - cache state: 35 prompts, 856.230 MiB (limits: 8192.000 MiB, 4096 tokens, 65528 est)
srv        update:    - prompt 0x439af80:     106 tokens, checkpoints:  0,    13.252 MiB
srv        update:    - prompt 0xf0ef60:     107 tokens, checkpoints:  0,    13.377 MiB
srv        update:    - prompt 0x321cf30:     106 tokens, checkpoints:  0,    13.252 MiB
srv        update:    - prompt 0x439bbc0:     107 tokens, checkpoints:  0,    13.377 MiB
srv        update:    - prompt 0x321d650:     105 tokens, checkpoints:  0,    13.127 MiB
srv        update:    - prompt 0x321d8b0:     110 tokens, checkpoints:  0,    13.752 MiB
srv        update:    - prompt 0x439fd00:     116 tokens, checkpoints:  0,    14.502 MiB
srv        update:    - prompt 0x322b480:     109 tokens, checkpoints:  0,    13.627 MiB
srv        update:    - prompt 0x4be6150:     113 tokens, checkpoints:  0,    14.127 MiB
srv        update:    - prompt 0x323a9a0:     108 tokens, checkpoints:  0,    13.502 MiB
srv        update:    - prompt 0x32196f0:     108 tokens, checkpoints:  0,    13.502 MiB
srv        update:    - prompt 0x322b390:     108 tokens, checkpoints:  0,    13.502 MiB
srv        update:    - prompt 0x32307d0:     111 tokens, checkpoints:  0,    13.877 MiB
srv        update:    - prompt 0x321d2c0:     119 tokens, checkpoints:  0,    14.877 MiB
srv        update:    - prompt 0xf09400:     123 tokens, checkpoints:  0,    15.377 MiB
srv        update:    - prompt 0x3221890:     165 tokens, checkpoints:  0,    20.628 MiB
srv        update:    - prompt 0x438c810:     131 tokens, checkpoints:  0,    16.377 MiB
srv        update:    - prompt 0x43967b0:     135 tokens, checkpoints:  0,    16.877 MiB
srv        update:    - prompt 0x3226c10:     132 tokens, checkpoints:  0,    16.502 MiB
srv        update:    - prompt 0x3227150:     146 tokens, checkpoints:  0,    18.252 MiB
srv        update:    - prompt 0x3acc150:     130 tokens, checkpoints:  0,    16.252 MiB
srv        update:    - prompt 0xee0440:     136 tokens, checkpoints:  0,    17.002 MiB
srv        update:    - prompt 0x439dde0:     136 tokens, checkpoints:  0,    17.002 MiB
srv        update:    - prompt 0x439a490:     241 tokens, checkpoints:  0,    30.129 MiB
srv        update:    - prompt 0x118e9b0:     325 tokens, checkpoints:  0,    40.629 MiB
srv        update:    - prompt 0xfffdcc0062a0:     363 tokens, checkpoints:  0,    45.380 MiB
srv        update:    - prompt 0xfffdc4004ad0:     425 tokens, checkpoints:  0,    53.131 MiB
srv        update:    - prompt 0xf09840:     409 tokens, checkpoints:  0,    51.130 MiB
srv        update:    - prompt 0x439b5f0:     412 tokens, checkpoints:  0,    51.505 MiB
srv        update:    - prompt 0x439fb50:     418 tokens, checkpoints:  0,    52.256 MiB
srv        update:    - prompt 0x32210b0:     415 tokens, checkpoints:  0,    51.880 MiB
srv        update:    - prompt 0xf0c700:     431 tokens, checkpoints:  0,    53.881 MiB
srv        update:    - prompt 0x322c4e0:     431 tokens, checkpoints:  0,    53.881 MiB
srv        update:    - prompt 0x322db30:     107 tokens, checkpoints:  0,    13.377 MiB
srv        update:    - prompt 0x3ad97f0:     105 tokens, checkpoints:  0,    13.127 MiB
srv  get_availabl: prompt cache update took 0.16 ms
slot launch_slot_: id  0 | task -1 | sampler chain: logits -> ?penalties -> ?dry -> ?top-n-sigma -> top-k -> ?typical -> top-p -> min-p -> ?xtc -> temp-ext -> dist 
slot launch_slot_: id  0 | task 3636 | processing task, is_child = 0
slot slot_save_an: id  1 | task -1 | saving idle slot to prompt cache
srv   prompt_save:  - saving prompt with length 110, total state size = 13.752 MiB
slot prompt_clear: id  1 | task -1 | clearing prompt with 110 tokens
srv        update:  - cache state: 36 prompts, 869.982 MiB (limits: 8192.000 MiB, 4096 tokens, 65527 est)
srv        update:    - prompt 0x439af80:     106 tokens, checkpoints:  0,    13.252 MiB
srv        update:    - prompt 0xf0ef60:     107 tokens, checkpoints:  0,    13.377 MiB
srv        update:    - prompt 0x321cf30:     106 tokens, checkpoints:  0,    13.252 MiB
srv        update:    - prompt 0x439bbc0:     107 tokens, checkpoints:  0,    13.377 MiB
srv        update:    - prompt 0x321d650:     105 tokens, checkpoints:  0,    13.127 MiB
srv        update:    - prompt 0x321d8b0:     110 tokens, checkpoints:  0,    13.752 MiB
srv        update:    - prompt 0x439fd00:     116 tokens, checkpoints:  0,    14.502 MiB
srv        update:    - prompt 0x322b480:     109 tokens, checkpoints:  0,    13.627 MiB
srv        update:    - prompt 0x4be6150:     113 tokens, checkpoints:  0,    14.127 MiB
srv        update:    - prompt 0x323a9a0:     108 tokens, checkpoints:  0,    13.502 MiB
srv        update:    - prompt 0x32196f0:     108 tokens, checkpoints:  0,    13.502 MiB
srv        update:    - prompt 0x322b390:     108 tokens, checkpoints:  0,    13.502 MiB
srv        update:    - prompt 0x32307d0:     111 tokens, checkpoints:  0,    13.877 MiB
srv        update:    - prompt 0x321d2c0:     119 tokens, checkpoints:  0,    14.877 MiB
srv        update:    - prompt 0xf09400:     123 tokens, checkpoints:  0,    15.377 MiB
srv        update:    - prompt 0x3221890:     165 tokens, checkpoints:  0,    20.628 MiB
srv        update:    - prompt 0x438c810:     131 tokens, checkpoints:  0,    16.377 MiB
srv        update:    - prompt 0x43967b0:     135 tokens, checkpoints:  0,    16.877 MiB
srv        update:    - prompt 0x3226c10:     132 tokens, checkpoints:  0,    16.502 MiB
srv        update:    - prompt 0x3227150:     146 tokens, checkpoints:  0,    18.252 MiB
srv        update:    - prompt 0x3acc150:     130 tokens, checkpoints:  0,    16.252 MiB
srv        update:    - prompt 0xee0440:     136 tokens, checkpoints:  0,    17.002 MiB
srv        update:    - prompt 0x439dde0:     136 tokens, checkpoints:  0,    17.002 MiB
srv        update:    - prompt 0x439a490:     241 tokens, checkpoints:  0,    30.129 MiB
srv        update:    - prompt 0x118e9b0:     325 tokens, checkpoints:  0,    40.629 MiB
srv        update:    - prompt 0xfffdcc0062a0:     363 tokens, checkpoints:  0,    45.380 MiB
srv        update:    - prompt 0xfffdc4004ad0:     425 tokens, checkpoints:  0,    53.131 MiB
srv        update:    - prompt 0xf09840:     409 tokens, checkpoints:  0,    51.130 MiB
srv        update:    - prompt 0x439b5f0:     412 tokens, checkpoints:  0,    51.505 MiB
srv        update:    - prompt 0x439fb50:     418 tokens, checkpoints:  0,    52.256 MiB
srv        update:    - prompt 0x32210b0:     415 tokens, checkpoints:  0,    51.880 MiB
srv        update:    - prompt 0xf0c700:     431 tokens, checkpoints:  0,    53.881 MiB
srv        update:    - prompt 0x322c4e0:     431 tokens, checkpoints:  0,    53.881 MiB
srv        update:    - prompt 0x322db30:     107 tokens, checkpoints:  0,    13.377 MiB
srv        update:    - prompt 0x3ad97f0:     105 tokens, checkpoints:  0,    13.127 MiB
srv        update:    - prompt 0x3ae3990:     110 tokens, checkpoints:  0,    13.752 MiB
slot update_slots: id  0 | task 3636 | new prompt, n_ctx_slot = 4096, n_keep = 0, task.n_tokens = 17
slot update_slots: id  0 | task 3636 | n_tokens = 0, memory_seq_rm [0, end)
slot init_sampler: id  0 | task 3636 | init sampler, took 0.01 ms, tokens: text = 17, total = 17
slot update_slots: id  0 | task 3636 | prompt processing done, n_tokens = 17, batch.n_tokens = 17
srv  log_server_r: done request: POST /completion 127.0.0.1 200
slot print_timing: id  0 | task 3636 | 
prompt eval time =    4816.08 ms /    17 tokens (  283.30 ms per token,     3.53 tokens per second)
       eval time =   32643.48 ms /   100 tokens (  326.43 ms per token,     3.06 tokens per second)
      total time =   37459.56 ms /   117 tokens
slot      release: id  0 | task 3636 | stop processing: n_tokens = 116, truncated = 0
srv  update_slots: all slots are idle
slot get_availabl: id  3 | task -1 | selected slot by LRU, t_last = 280327668814
srv  get_availabl: updating prompt cache
srv          load:  - looking for better prompt, base f_keep = -1.000, sim = 0.000
srv        update:  - cache state: 36 prompts, 869.982 MiB (limits: 8192.000 MiB, 4096 tokens, 65527 est)
srv        update:    - prompt 0x439af80:     106 tokens, checkpoints:  0,    13.252 MiB
srv        update:    - prompt 0xf0ef60:     107 tokens, checkpoints:  0,    13.377 MiB
srv        update:    - prompt 0x321cf30:     106 tokens, checkpoints:  0,    13.252 MiB
srv        update:    - prompt 0x439bbc0:     107 tokens, checkpoints:  0,    13.377 MiB
srv        update:    - prompt 0x321d650:     105 tokens, checkpoints:  0,    13.127 MiB
srv        update:    - prompt 0x321d8b0:     110 tokens, checkpoints:  0,    13.752 MiB
srv        update:    - prompt 0x439fd00:     116 tokens, checkpoints:  0,    14.502 MiB
srv        update:    - prompt 0x322b480:     109 tokens, checkpoints:  0,    13.627 MiB
srv        update:    - prompt 0x4be6150:     113 tokens, checkpoints:  0,    14.127 MiB
srv        update:    - prompt 0x323a9a0:     108 tokens, checkpoints:  0,    13.502 MiB
srv        update:    - prompt 0x32196f0:     108 tokens, checkpoints:  0,    13.502 MiB
srv        update:    - prompt 0x322b390:     108 tokens, checkpoints:  0,    13.502 MiB
srv        update:    - prompt 0x32307d0:     111 tokens, checkpoints:  0,    13.877 MiB
srv        update:    - prompt 0x321d2c0:     119 tokens, checkpoints:  0,    14.877 MiB
srv        update:    - prompt 0xf09400:     123 tokens, checkpoints:  0,    15.377 MiB
srv        update:    - prompt 0x3221890:     165 tokens, checkpoints:  0,    20.628 MiB
srv        update:    - prompt 0x438c810:     131 tokens, checkpoints:  0,    16.377 MiB
srv        update:    - prompt 0x43967b0:     135 tokens, checkpoints:  0,    16.877 MiB
srv        update:    - prompt 0x3226c10:     132 tokens, checkpoints:  0,    16.502 MiB
srv        update:    - prompt 0x3227150:     146 tokens, checkpoints:  0,    18.252 MiB
srv        update:    - prompt 0x3acc150:     130 tokens, checkpoints:  0,    16.252 MiB
srv        update:    - prompt 0xee0440:     136 tokens, checkpoints:  0,    17.002 MiB
srv        update:    - prompt 0x439dde0:     136 tokens, checkpoints:  0,    17.002 MiB
srv        update:    - prompt 0x439a490:     241 tokens, checkpoints:  0,    30.129 MiB
srv        update:    - prompt 0x118e9b0:     325 tokens, checkpoints:  0,    40.629 MiB
srv        update:    - prompt 0xfffdcc0062a0:     363 tokens, checkpoints:  0,    45.380 MiB
srv        update:    - prompt 0xfffdc4004ad0:     425 tokens, checkpoints:  0,    53.131 MiB
srv        update:    - prompt 0xf09840:     409 tokens, checkpoints:  0,    51.130 MiB
srv        update:    - prompt 0x439b5f0:     412 tokens, checkpoints:  0,    51.505 MiB
srv        update:    - prompt 0x439fb50:     418 tokens, checkpoints:  0,    52.256 MiB
srv        update:    - prompt 0x32210b0:     415 tokens, checkpoints:  0,    51.880 MiB
srv        update:    - prompt 0xf0c700:     431 tokens, checkpoints:  0,    53.881 MiB
srv        update:    - prompt 0x322c4e0:     431 tokens, checkpoints:  0,    53.881 MiB
srv        update:    - prompt 0x322db30:     107 tokens, checkpoints:  0,    13.377 MiB
srv        update:    - prompt 0x3ad97f0:     105 tokens, checkpoints:  0,    13.127 MiB
srv        update:    - prompt 0x3ae3990:     110 tokens, checkpoints:  0,    13.752 MiB
srv  get_availabl: prompt cache update took 0.16 ms
slot launch_slot_: id  3 | task -1 | sampler chain: logits -> ?penalties -> ?dry -> ?top-n-sigma -> top-k -> ?typical -> top-p -> min-p -> ?xtc -> temp-ext -> dist 
slot launch_slot_: id  3 | task 3737 | processing task, is_child = 0
slot slot_save_an: id  0 | task -1 | saving idle slot to prompt cache
srv   prompt_save:  - saving prompt with length 116, total state size = 14.502 MiB
slot prompt_clear: id  0 | task -1 | clearing prompt with 116 tokens
srv        update:  - cache state: 37 prompts, 884.484 MiB (limits: 8192.000 MiB, 4096 tokens, 65527 est)
srv        update:    - prompt 0x439af80:     106 tokens, checkpoints:  0,    13.252 MiB
srv        update:    - prompt 0xf0ef60:     107 tokens, checkpoints:  0,    13.377 MiB
srv        update:    - prompt 0x321cf30:     106 tokens, checkpoints:  0,    13.252 MiB
srv        update:    - prompt 0x439bbc0:     107 tokens, checkpoints:  0,    13.377 MiB
srv        update:    - prompt 0x321d650:     105 tokens, checkpoints:  0,    13.127 MiB
srv        update:    - prompt 0x321d8b0:     110 tokens, checkpoints:  0,    13.752 MiB
srv        update:    - prompt 0x439fd00:     116 tokens, checkpoints:  0,    14.502 MiB
srv        update:    - prompt 0x322b480:     109 tokens, checkpoints:  0,    13.627 MiB
srv        update:    - prompt 0x4be6150:     113 tokens, checkpoints:  0,    14.127 MiB
srv        update:    - prompt 0x323a9a0:     108 tokens, checkpoints:  0,    13.502 MiB
srv        update:    - prompt 0x32196f0:     108 tokens, checkpoints:  0,    13.502 MiB
srv        update:    - prompt 0x322b390:     108 tokens, checkpoints:  0,    13.502 MiB
srv        update:    - prompt 0x32307d0:     111 tokens, checkpoints:  0,    13.877 MiB
srv        update:    - prompt 0x321d2c0:     119 tokens, checkpoints:  0,    14.877 MiB
srv        update:    - prompt 0xf09400:     123 tokens, checkpoints:  0,    15.377 MiB
srv        update:    - prompt 0x3221890:     165 tokens, checkpoints:  0,    20.628 MiB
srv        update:    - prompt 0x438c810:     131 tokens, checkpoints:  0,    16.377 MiB
srv        update:    - prompt 0x43967b0:     135 tokens, checkpoints:  0,    16.877 MiB
srv        update:    - prompt 0x3226c10:     132 tokens, checkpoints:  0,    16.502 MiB
srv        update:    - prompt 0x3227150:     146 tokens, checkpoints:  0,    18.252 MiB
srv        update:    - prompt 0x3acc150:     130 tokens, checkpoints:  0,    16.252 MiB
srv        update:    - prompt 0xee0440:     136 tokens, checkpoints:  0,    17.002 MiB
srv        update:    - prompt 0x439dde0:     136 tokens, checkpoints:  0,    17.002 MiB
srv        update:    - prompt 0x439a490:     241 tokens, checkpoints:  0,    30.129 MiB
srv        update:    - prompt 0x118e9b0:     325 tokens, checkpoints:  0,    40.629 MiB
srv        update:    - prompt 0xfffdcc0062a0:     363 tokens, checkpoints:  0,    45.380 MiB
srv        update:    - prompt 0xfffdc4004ad0:     425 tokens, checkpoints:  0,    53.131 MiB
srv        update:    - prompt 0xf09840:     409 tokens, checkpoints:  0,    51.130 MiB
srv        update:    - prompt 0x439b5f0:     412 tokens, checkpoints:  0,    51.505 MiB
srv        update:    - prompt 0x439fb50:     418 tokens, checkpoints:  0,    52.256 MiB
srv        update:    - prompt 0x32210b0:     415 tokens, checkpoints:  0,    51.880 MiB
srv        update:    - prompt 0xf0c700:     431 tokens, checkpoints:  0,    53.881 MiB
srv        update:    - prompt 0x322c4e0:     431 tokens, checkpoints:  0,    53.881 MiB
srv        update:    - prompt 0x322db30:     107 tokens, checkpoints:  0,    13.377 MiB
srv        update:    - prompt 0x3ad97f0:     105 tokens, checkpoints:  0,    13.127 MiB
srv        update:    - prompt 0x3ae3990:     110 tokens, checkpoints:  0,    13.752 MiB
srv        update:    - prompt 0xf12110:     116 tokens, checkpoints:  0,    14.502 MiB
slot update_slots: id  3 | task 3737 | new prompt, n_ctx_slot = 4096, n_keep = 0, task.n_tokens = 10
slot update_slots: id  3 | task 3737 | n_tokens = 0, memory_seq_rm [0, end)
slot init_sampler: id  3 | task 3737 | init sampler, took 0.01 ms, tokens: text = 10, total = 10
slot update_slots: id  3 | task 3737 | prompt processing done, n_tokens = 10, batch.n_tokens = 10
srv  log_server_r: done request: POST /completion 127.0.0.1 200
slot print_timing: id  3 | task 3737 | 
prompt eval time =    2848.50 ms /    10 tokens (  284.85 ms per token,     3.51 tokens per second)
       eval time =   32611.42 ms /   100 tokens (  326.11 ms per token,     3.07 tokens per second)
      total time =   35459.92 ms /   110 tokens
slot      release: id  3 | task 3737 | stop processing: n_tokens = 109, truncated = 0
srv  update_slots: all slots are idle
slot get_availabl: id  2 | task -1 | selected slot by LRU, t_last = 280539750613
srv  get_availabl: updating prompt cache
srv          load:  - looking for better prompt, base f_keep = -1.000, sim = 0.000
srv        update:  - cache state: 37 prompts, 884.484 MiB (limits: 8192.000 MiB, 4096 tokens, 65527 est)
srv        update:    - prompt 0x439af80:     106 tokens, checkpoints:  0,    13.252 MiB
srv        update:    - prompt 0xf0ef60:     107 tokens, checkpoints:  0,    13.377 MiB
srv        update:    - prompt 0x321cf30:     106 tokens, checkpoints:  0,    13.252 MiB
srv        update:    - prompt 0x439bbc0:     107 tokens, checkpoints:  0,    13.377 MiB
srv        update:    - prompt 0x321d650:     105 tokens, checkpoints:  0,    13.127 MiB
srv        update:    - prompt 0x321d8b0:     110 tokens, checkpoints:  0,    13.752 MiB
srv        update:    - prompt 0x439fd00:     116 tokens, checkpoints:  0,    14.502 MiB
srv        update:    - prompt 0x322b480:     109 tokens, checkpoints:  0,    13.627 MiB
srv        update:    - prompt 0x4be6150:     113 tokens, checkpoints:  0,    14.127 MiB
srv        update:    - prompt 0x323a9a0:     108 tokens, checkpoints:  0,    13.502 MiB
srv        update:    - prompt 0x32196f0:     108 tokens, checkpoints:  0,    13.502 MiB
srv        update:    - prompt 0x322b390:     108 tokens, checkpoints:  0,    13.502 MiB
srv        update:    - prompt 0x32307d0:     111 tokens, checkpoints:  0,    13.877 MiB
srv        update:    - prompt 0x321d2c0:     119 tokens, checkpoints:  0,    14.877 MiB
srv        update:    - prompt 0xf09400:     123 tokens, checkpoints:  0,    15.377 MiB
srv        update:    - prompt 0x3221890:     165 tokens, checkpoints:  0,    20.628 MiB
srv        update:    - prompt 0x438c810:     131 tokens, checkpoints:  0,    16.377 MiB
srv        update:    - prompt 0x43967b0:     135 tokens, checkpoints:  0,    16.877 MiB
srv        update:    - prompt 0x3226c10:     132 tokens, checkpoints:  0,    16.502 MiB
srv        update:    - prompt 0x3227150:     146 tokens, checkpoints:  0,    18.252 MiB
srv        update:    - prompt 0x3acc150:     130 tokens, checkpoints:  0,    16.252 MiB
srv        update:    - prompt 0xee0440:     136 tokens, checkpoints:  0,    17.002 MiB
srv        update:    - prompt 0x439dde0:     136 tokens, checkpoints:  0,    17.002 MiB
srv        update:    - prompt 0x439a490:     241 tokens, checkpoints:  0,    30.129 MiB
srv        update:    - prompt 0x118e9b0:     325 tokens, checkpoints:  0,    40.629 MiB
srv        update:    - prompt 0xfffdcc0062a0:     363 tokens, checkpoints:  0,    45.380 MiB
srv        update:    - prompt 0xfffdc4004ad0:     425 tokens, checkpoints:  0,    53.131 MiB
srv        update:    - prompt 0xf09840:     409 tokens, checkpoints:  0,    51.130 MiB
srv        update:    - prompt 0x439b5f0:     412 tokens, checkpoints:  0,    51.505 MiB
srv        update:    - prompt 0x439fb50:     418 tokens, checkpoints:  0,    52.256 MiB
srv        update:    - prompt 0x32210b0:     415 tokens, checkpoints:  0,    51.880 MiB
srv        update:    - prompt 0xf0c700:     431 tokens, checkpoints:  0,    53.881 MiB
srv        update:    - prompt 0x322c4e0:     431 tokens, checkpoints:  0,    53.881 MiB
srv        update:    - prompt 0x322db30:     107 tokens, checkpoints:  0,    13.377 MiB
srv        update:    - prompt 0x3ad97f0:     105 tokens, checkpoints:  0,    13.127 MiB
srv        update:    - prompt 0x3ae3990:     110 tokens, checkpoints:  0,    13.752 MiB
srv        update:    - prompt 0xf12110:     116 tokens, checkpoints:  0,    14.502 MiB
srv  get_availabl: prompt cache update took 0.16 ms
slot launch_slot_: id  2 | task -1 | sampler chain: logits -> ?penalties -> ?dry -> ?top-n-sigma -> top-k -> ?typical -> top-p -> min-p -> ?xtc -> temp-ext -> dist 
slot launch_slot_: id  2 | task 3838 | processing task, is_child = 0
slot slot_save_an: id  3 | task -1 | saving idle slot to prompt cache
srv   prompt_save:  - saving prompt with length 109, total state size = 13.627 MiB
slot prompt_clear: id  3 | task -1 | clearing prompt with 109 tokens
srv        update:  - cache state: 38 prompts, 898.111 MiB (limits: 8192.000 MiB, 4096 tokens, 65527 est)
srv        update:    - prompt 0x439af80:     106 tokens, checkpoints:  0,    13.252 MiB
srv        update:    - prompt 0xf0ef60:     107 tokens, checkpoints:  0,    13.377 MiB
srv        update:    - prompt 0x321cf30:     106 tokens, checkpoints:  0,    13.252 MiB
srv        update:    - prompt 0x439bbc0:     107 tokens, checkpoints:  0,    13.377 MiB
srv        update:    - prompt 0x321d650:     105 tokens, checkpoints:  0,    13.127 MiB
srv        update:    - prompt 0x321d8b0:     110 tokens, checkpoints:  0,    13.752 MiB
srv        update:    - prompt 0x439fd00:     116 tokens, checkpoints:  0,    14.502 MiB
srv        update:    - prompt 0x322b480:     109 tokens, checkpoints:  0,    13.627 MiB
srv        update:    - prompt 0x4be6150:     113 tokens, checkpoints:  0,    14.127 MiB
srv        update:    - prompt 0x323a9a0:     108 tokens, checkpoints:  0,    13.502 MiB
srv        update:    - prompt 0x32196f0:     108 tokens, checkpoints:  0,    13.502 MiB
srv        update:    - prompt 0x322b390:     108 tokens, checkpoints:  0,    13.502 MiB
srv        update:    - prompt 0x32307d0:     111 tokens, checkpoints:  0,    13.877 MiB
srv        update:    - prompt 0x321d2c0:     119 tokens, checkpoints:  0,    14.877 MiB
srv        update:    - prompt 0xf09400:     123 tokens, checkpoints:  0,    15.377 MiB
srv        update:    - prompt 0x3221890:     165 tokens, checkpoints:  0,    20.628 MiB
srv        update:    - prompt 0x438c810:     131 tokens, checkpoints:  0,    16.377 MiB
srv        update:    - prompt 0x43967b0:     135 tokens, checkpoints:  0,    16.877 MiB
srv        update:    - prompt 0x3226c10:     132 tokens, checkpoints:  0,    16.502 MiB
srv        update:    - prompt 0x3227150:     146 tokens, checkpoints:  0,    18.252 MiB
srv        update:    - prompt 0x3acc150:     130 tokens, checkpoints:  0,    16.252 MiB
srv        update:    - prompt 0xee0440:     136 tokens, checkpoints:  0,    17.002 MiB
srv        update:    - prompt 0x439dde0:     136 tokens, checkpoints:  0,    17.002 MiB
srv        update:    - prompt 0x439a490:     241 tokens, checkpoints:  0,    30.129 MiB
srv        update:    - prompt 0x118e9b0:     325 tokens, checkpoints:  0,    40.629 MiB
srv        update:    - prompt 0xfffdcc0062a0:     363 tokens, checkpoints:  0,    45.380 MiB
srv        update:    - prompt 0xfffdc4004ad0:     425 tokens, checkpoints:  0,    53.131 MiB
srv        update:    - prompt 0xf09840:     409 tokens, checkpoints:  0,    51.130 MiB
srv        update:    - prompt 0x439b5f0:     412 tokens, checkpoints:  0,    51.505 MiB
srv        update:    - prompt 0x439fb50:     418 tokens, checkpoints:  0,    52.256 MiB
srv        update:    - prompt 0x32210b0:     415 tokens, checkpoints:  0,    51.880 MiB
srv        update:    - prompt 0xf0c700:     431 tokens, checkpoints:  0,    53.881 MiB
srv        update:    - prompt 0x322c4e0:     431 tokens, checkpoints:  0,    53.881 MiB
srv        update:    - prompt 0x322db30:     107 tokens, checkpoints:  0,    13.377 MiB
srv        update:    - prompt 0x3ad97f0:     105 tokens, checkpoints:  0,    13.127 MiB
srv        update:    - prompt 0x3ae3990:     110 tokens, checkpoints:  0,    13.752 MiB
srv        update:    - prompt 0xf12110:     116 tokens, checkpoints:  0,    14.502 MiB
srv        update:    - prompt 0x3227d70:     109 tokens, checkpoints:  0,    13.627 MiB
slot update_slots: id  2 | task 3838 | new prompt, n_ctx_slot = 4096, n_keep = 0, task.n_tokens = 14
slot update_slots: id  2 | task 3838 | n_tokens = 0, memory_seq_rm [0, end)
slot init_sampler: id  2 | task 3838 | init sampler, took 0.01 ms, tokens: text = 14, total = 14
slot update_slots: id  2 | task 3838 | prompt processing done, n_tokens = 14, batch.n_tokens = 14
srv  log_server_r: done request: POST /completion 127.0.0.1 200
slot print_timing: id  2 | task 3838 | 
prompt eval time =    3964.36 ms /    14 tokens (  283.17 ms per token,     3.53 tokens per second)
       eval time =   32643.86 ms /   100 tokens (  326.44 ms per token,     3.06 tokens per second)
      total time =   36608.22 ms /   114 tokens
slot      release: id  2 | task 3838 | stop processing: n_tokens = 113, truncated = 0
srv  update_slots: all slots are idle
slot get_availabl: id  2 | task -1 | selected slot by LCP similarity, sim_best = 0.111 (> 0.100 thold), f_keep = 0.009
srv  get_availabl: updating prompt cache
srv   prompt_save:  - saving prompt with length 113, total state size = 14.127 MiB
srv          load:  - looking for better prompt, base f_keep = 0.009, sim = 0.111
srv        update:  - cache state: 39 prompts, 912.238 MiB (limits: 8192.000 MiB, 4096 tokens, 65527 est)
srv        update:    - prompt 0x439af80:     106 tokens, checkpoints:  0,    13.252 MiB
srv        update:    - prompt 0xf0ef60:     107 tokens, checkpoints:  0,    13.377 MiB
srv        update:    - prompt 0x321cf30:     106 tokens, checkpoints:  0,    13.252 MiB
srv        update:    - prompt 0x439bbc0:     107 tokens, checkpoints:  0,    13.377 MiB
srv        update:    - prompt 0x321d650:     105 tokens, checkpoints:  0,    13.127 MiB
srv        update:    - prompt 0x321d8b0:     110 tokens, checkpoints:  0,    13.752 MiB
srv        update:    - prompt 0x439fd00:     116 tokens, checkpoints:  0,    14.502 MiB
srv        update:    - prompt 0x322b480:     109 tokens, checkpoints:  0,    13.627 MiB
srv        update:    - prompt 0x4be6150:     113 tokens, checkpoints:  0,    14.127 MiB
srv        update:    - prompt 0x323a9a0:     108 tokens, checkpoints:  0,    13.502 MiB
srv        update:    - prompt 0x32196f0:     108 tokens, checkpoints:  0,    13.502 MiB
srv        update:    - prompt 0x322b390:     108 tokens, checkpoints:  0,    13.502 MiB
srv        update:    - prompt 0x32307d0:     111 tokens, checkpoints:  0,    13.877 MiB
srv        update:    - prompt 0x321d2c0:     119 tokens, checkpoints:  0,    14.877 MiB
srv        update:    - prompt 0xf09400:     123 tokens, checkpoints:  0,    15.377 MiB
srv        update:    - prompt 0x3221890:     165 tokens, checkpoints:  0,    20.628 MiB
srv        update:    - prompt 0x438c810:     131 tokens, checkpoints:  0,    16.377 MiB
srv        update:    - prompt 0x43967b0:     135 tokens, checkpoints:  0,    16.877 MiB
srv        update:    - prompt 0x3226c10:     132 tokens, checkpoints:  0,    16.502 MiB
srv        update:    - prompt 0x3227150:     146 tokens, checkpoints:  0,    18.252 MiB
srv        update:    - prompt 0x3acc150:     130 tokens, checkpoints:  0,    16.252 MiB
srv        update:    - prompt 0xee0440:     136 tokens, checkpoints:  0,    17.002 MiB
srv        update:    - prompt 0x439dde0:     136 tokens, checkpoints:  0,    17.002 MiB
srv        update:    - prompt 0x439a490:     241 tokens, checkpoints:  0,    30.129 MiB
srv        update:    - prompt 0x118e9b0:     325 tokens, checkpoints:  0,    40.629 MiB
srv        update:    - prompt 0xfffdcc0062a0:     363 tokens, checkpoints:  0,    45.380 MiB
srv        update:    - prompt 0xfffdc4004ad0:     425 tokens, checkpoints:  0,    53.131 MiB
srv        update:    - prompt 0xf09840:     409 tokens, checkpoints:  0,    51.130 MiB
srv        update:    - prompt 0x439b5f0:     412 tokens, checkpoints:  0,    51.505 MiB
srv        update:    - prompt 0x439fb50:     418 tokens, checkpoints:  0,    52.256 MiB
srv        update:    - prompt 0x32210b0:     415 tokens, checkpoints:  0,    51.880 MiB
srv        update:    - prompt 0xf0c700:     431 tokens, checkpoints:  0,    53.881 MiB
srv        update:    - prompt 0x322c4e0:     431 tokens, checkpoints:  0,    53.881 MiB
srv        update:    - prompt 0x322db30:     107 tokens, checkpoints:  0,    13.377 MiB
srv        update:    - prompt 0x3ad97f0:     105 tokens, checkpoints:  0,    13.127 MiB
srv        update:    - prompt 0x3ae3990:     110 tokens, checkpoints:  0,    13.752 MiB
srv        update:    - prompt 0xf12110:     116 tokens, checkpoints:  0,    14.502 MiB
srv        update:    - prompt 0x3227d70:     109 tokens, checkpoints:  0,    13.627 MiB
srv        update:    - prompt 0x3ad80f0:     113 tokens, checkpoints:  0,    14.127 MiB
srv  get_availabl: prompt cache update took 3.62 ms
slot launch_slot_: id  2 | task -1 | sampler chain: logits -> ?penalties -> ?dry -> ?top-n-sigma -> top-k -> ?typical -> top-p -> min-p -> ?xtc -> temp-ext -> dist 
slot launch_slot_: id  2 | task 3939 | processing task, is_child = 0
slot update_slots: id  2 | task 3939 | new prompt, n_ctx_slot = 4096, n_keep = 0, task.n_tokens = 9
slot update_slots: id  2 | task 3939 | n_tokens = 0, memory_seq_rm [0, end)
slot init_sampler: id  2 | task 3939 | init sampler, took 0.01 ms, tokens: text = 9, total = 9
slot update_slots: id  2 | task 3939 | prompt processing done, n_tokens = 9, batch.n_tokens = 9
srv  log_server_r: done request: POST /completion 127.0.0.1 200
slot print_timing: id  2 | task 3939 | 
prompt eval time =    2570.05 ms /     9 tokens (  285.56 ms per token,     3.50 tokens per second)
       eval time =   32612.38 ms /   100 tokens (  326.12 ms per token,     3.07 tokens per second)
      total time =   35182.43 ms /   109 tokens
slot      release: id  2 | task 3939 | stop processing: n_tokens = 108, truncated = 0
srv  update_slots: all slots are idle
slot get_availabl: id  2 | task -1 | selected slot by LCP similarity, sim_best = 0.111 (> 0.100 thold), f_keep = 0.009
srv  get_availabl: updating prompt cache
srv   prompt_save:  - saving prompt with length 108, total state size = 13.502 MiB
srv          load:  - looking for better prompt, base f_keep = 0.009, sim = 0.111
srv        update:  - cache state: 40 prompts, 925.740 MiB (limits: 8192.000 MiB, 4096 tokens, 65527 est)
srv        update:    - prompt 0x439af80:     106 tokens, checkpoints:  0,    13.252 MiB
srv        update:    - prompt 0xf0ef60:     107 tokens, checkpoints:  0,    13.377 MiB
srv        update:    - prompt 0x321cf30:     106 tokens, checkpoints:  0,    13.252 MiB
srv        update:    - prompt 0x439bbc0:     107 tokens, checkpoints:  0,    13.377 MiB
srv        update:    - prompt 0x321d650:     105 tokens, checkpoints:  0,    13.127 MiB
srv        update:    - prompt 0x321d8b0:     110 tokens, checkpoints:  0,    13.752 MiB
srv        update:    - prompt 0x439fd00:     116 tokens, checkpoints:  0,    14.502 MiB
srv        update:    - prompt 0x322b480:     109 tokens, checkpoints:  0,    13.627 MiB
srv        update:    - prompt 0x4be6150:     113 tokens, checkpoints:  0,    14.127 MiB
srv        update:    - prompt 0x323a9a0:     108 tokens, checkpoints:  0,    13.502 MiB
srv        update:    - prompt 0x32196f0:     108 tokens, checkpoints:  0,    13.502 MiB
srv        update:    - prompt 0x322b390:     108 tokens, checkpoints:  0,    13.502 MiB
srv        update:    - prompt 0x32307d0:     111 tokens, checkpoints:  0,    13.877 MiB
srv        update:    - prompt 0x321d2c0:     119 tokens, checkpoints:  0,    14.877 MiB
srv        update:    - prompt 0xf09400:     123 tokens, checkpoints:  0,    15.377 MiB
srv        update:    - prompt 0x3221890:     165 tokens, checkpoints:  0,    20.628 MiB
srv        update:    - prompt 0x438c810:     131 tokens, checkpoints:  0,    16.377 MiB
srv        update:    - prompt 0x43967b0:     135 tokens, checkpoints:  0,    16.877 MiB
srv        update:    - prompt 0x3226c10:     132 tokens, checkpoints:  0,    16.502 MiB
srv        update:    - prompt 0x3227150:     146 tokens, checkpoints:  0,    18.252 MiB
srv        update:    - prompt 0x3acc150:     130 tokens, checkpoints:  0,    16.252 MiB
srv        update:    - prompt 0xee0440:     136 tokens, checkpoints:  0,    17.002 MiB
srv        update:    - prompt 0x439dde0:     136 tokens, checkpoints:  0,    17.002 MiB
srv        update:    - prompt 0x439a490:     241 tokens, checkpoints:  0,    30.129 MiB
srv        update:    - prompt 0x118e9b0:     325 tokens, checkpoints:  0,    40.629 MiB
srv        update:    - prompt 0xfffdcc0062a0:     363 tokens, checkpoints:  0,    45.380 MiB
srv        update:    - prompt 0xfffdc4004ad0:     425 tokens, checkpoints:  0,    53.131 MiB
srv        update:    - prompt 0xf09840:     409 tokens, checkpoints:  0,    51.130 MiB
srv        update:    - prompt 0x439b5f0:     412 tokens, checkpoints:  0,    51.505 MiB
srv        update:    - prompt 0x439fb50:     418 tokens, checkpoints:  0,    52.256 MiB
srv        update:    - prompt 0x32210b0:     415 tokens, checkpoints:  0,    51.880 MiB
srv        update:    - prompt 0xf0c700:     431 tokens, checkpoints:  0,    53.881 MiB
srv        update:    - prompt 0x322c4e0:     431 tokens, checkpoints:  0,    53.881 MiB
srv        update:    - prompt 0x322db30:     107 tokens, checkpoints:  0,    13.377 MiB
srv        update:    - prompt 0x3ad97f0:     105 tokens, checkpoints:  0,    13.127 MiB
srv        update:    - prompt 0x3ae3990:     110 tokens, checkpoints:  0,    13.752 MiB
srv        update:    - prompt 0xf12110:     116 tokens, checkpoints:  0,    14.502 MiB
srv        update:    - prompt 0x3227d70:     109 tokens, checkpoints:  0,    13.627 MiB
srv        update:    - prompt 0x3ad80f0:     113 tokens, checkpoints:  0,    14.127 MiB
srv        update:    - prompt 0x3adfb10:     108 tokens, checkpoints:  0,    13.502 MiB
srv  get_availabl: prompt cache update took 3.55 ms
slot launch_slot_: id  2 | task -1 | sampler chain: logits -> ?penalties -> ?dry -> ?top-n-sigma -> top-k -> ?typical -> top-p -> min-p -> ?xtc -> temp-ext -> dist 
slot launch_slot_: id  2 | task 4040 | processing task, is_child = 0
slot update_slots: id  2 | task 4040 | new prompt, n_ctx_slot = 4096, n_keep = 0, task.n_tokens = 9
slot update_slots: id  2 | task 4040 | n_tokens = 0, memory_seq_rm [0, end)
slot init_sampler: id  2 | task 4040 | init sampler, took 0.01 ms, tokens: text = 9, total = 9
slot update_slots: id  2 | task 4040 | prompt processing done, n_tokens = 9, batch.n_tokens = 9
srv  log_server_r: done request: POST /completion 127.0.0.1 200
slot print_timing: id  2 | task 4040 | 
prompt eval time =    2571.26 ms /     9 tokens (  285.70 ms per token,     3.50 tokens per second)
       eval time =   32601.26 ms /   100 tokens (  326.01 ms per token,     3.07 tokens per second)
      total time =   35172.51 ms /   109 tokens
slot      release: id  2 | task 4040 | stop processing: n_tokens = 108, truncated = 0
srv  update_slots: all slots are idle
slot get_availabl: id  2 | task -1 | selected slot by LCP similarity, sim_best = 0.111 (> 0.100 thold), f_keep = 0.009
srv  get_availabl: updating prompt cache
srv   prompt_save:  - saving prompt with length 108, total state size = 13.502 MiB
srv          load:  - looking for better prompt, base f_keep = 0.009, sim = 0.111
srv        update:  - cache state: 41 prompts, 939.242 MiB (limits: 8192.000 MiB, 4096 tokens, 65527 est)
srv        update:    - prompt 0x439af80:     106 tokens, checkpoints:  0,    13.252 MiB
srv        update:    - prompt 0xf0ef60:     107 tokens, checkpoints:  0,    13.377 MiB
srv        update:    - prompt 0x321cf30:     106 tokens, checkpoints:  0,    13.252 MiB
srv        update:    - prompt 0x439bbc0:     107 tokens, checkpoints:  0,    13.377 MiB
srv        update:    - prompt 0x321d650:     105 tokens, checkpoints:  0,    13.127 MiB
srv        update:    - prompt 0x321d8b0:     110 tokens, checkpoints:  0,    13.752 MiB
srv        update:    - prompt 0x439fd00:     116 tokens, checkpoints:  0,    14.502 MiB
srv        update:    - prompt 0x322b480:     109 tokens, checkpoints:  0,    13.627 MiB
srv        update:    - prompt 0x4be6150:     113 tokens, checkpoints:  0,    14.127 MiB
srv        update:    - prompt 0x323a9a0:     108 tokens, checkpoints:  0,    13.502 MiB
srv        update:    - prompt 0x32196f0:     108 tokens, checkpoints:  0,    13.502 MiB
srv        update:    - prompt 0x322b390:     108 tokens, checkpoints:  0,    13.502 MiB
srv        update:    - prompt 0x32307d0:     111 tokens, checkpoints:  0,    13.877 MiB
srv        update:    - prompt 0x321d2c0:     119 tokens, checkpoints:  0,    14.877 MiB
srv        update:    - prompt 0xf09400:     123 tokens, checkpoints:  0,    15.377 MiB
srv        update:    - prompt 0x3221890:     165 tokens, checkpoints:  0,    20.628 MiB
srv        update:    - prompt 0x438c810:     131 tokens, checkpoints:  0,    16.377 MiB
srv        update:    - prompt 0x43967b0:     135 tokens, checkpoints:  0,    16.877 MiB
srv        update:    - prompt 0x3226c10:     132 tokens, checkpoints:  0,    16.502 MiB
srv        update:    - prompt 0x3227150:     146 tokens, checkpoints:  0,    18.252 MiB
srv        update:    - prompt 0x3acc150:     130 tokens, checkpoints:  0,    16.252 MiB
srv        update:    - prompt 0xee0440:     136 tokens, checkpoints:  0,    17.002 MiB
srv        update:    - prompt 0x439dde0:     136 tokens, checkpoints:  0,    17.002 MiB
srv        update:    - prompt 0x439a490:     241 tokens, checkpoints:  0,    30.129 MiB
srv        update:    - prompt 0x118e9b0:     325 tokens, checkpoints:  0,    40.629 MiB
srv        update:    - prompt 0xfffdcc0062a0:     363 tokens, checkpoints:  0,    45.380 MiB
srv        update:    - prompt 0xfffdc4004ad0:     425 tokens, checkpoints:  0,    53.131 MiB
srv        update:    - prompt 0xf09840:     409 tokens, checkpoints:  0,    51.130 MiB
srv        update:    - prompt 0x439b5f0:     412 tokens, checkpoints:  0,    51.505 MiB
srv        update:    - prompt 0x439fb50:     418 tokens, checkpoints:  0,    52.256 MiB
srv        update:    - prompt 0x32210b0:     415 tokens, checkpoints:  0,    51.880 MiB
srv        update:    - prompt 0xf0c700:     431 tokens, checkpoints:  0,    53.881 MiB
srv        update:    - prompt 0x322c4e0:     431 tokens, checkpoints:  0,    53.881 MiB
srv        update:    - prompt 0x322db30:     107 tokens, checkpoints:  0,    13.377 MiB
srv        update:    - prompt 0x3ad97f0:     105 tokens, checkpoints:  0,    13.127 MiB
srv        update:    - prompt 0x3ae3990:     110 tokens, checkpoints:  0,    13.752 MiB
srv        update:    - prompt 0xf12110:     116 tokens, checkpoints:  0,    14.502 MiB
srv        update:    - prompt 0x3227d70:     109 tokens, checkpoints:  0,    13.627 MiB
srv        update:    - prompt 0x3ad80f0:     113 tokens, checkpoints:  0,    14.127 MiB
srv        update:    - prompt 0x3adfb10:     108 tokens, checkpoints:  0,    13.502 MiB
srv        update:    - prompt 0x3ae19d0:     108 tokens, checkpoints:  0,    13.502 MiB
srv  get_availabl: prompt cache update took 3.58 ms
slot launch_slot_: id  2 | task -1 | sampler chain: logits -> ?penalties -> ?dry -> ?top-n-sigma -> top-k -> ?typical -> top-p -> min-p -> ?xtc -> temp-ext -> dist 
slot launch_slot_: id  2 | task 4141 | processing task, is_child = 0
slot update_slots: id  2 | task 4141 | new prompt, n_ctx_slot = 4096, n_keep = 0, task.n_tokens = 9
slot update_slots: id  2 | task 4141 | n_tokens = 0, memory_seq_rm [0, end)
slot init_sampler: id  2 | task 4141 | init sampler, took 0.01 ms, tokens: text = 9, total = 9
slot update_slots: id  2 | task 4141 | prompt processing done, n_tokens = 9, batch.n_tokens = 9
srv  log_server_r: done request: POST /completion 127.0.0.1 200
slot print_timing: id  2 | task 4141 | 
prompt eval time =    2569.53 ms /     9 tokens (  285.50 ms per token,     3.50 tokens per second)
       eval time =   32602.65 ms /   100 tokens (  326.03 ms per token,     3.07 tokens per second)
      total time =   35172.17 ms /   109 tokens
slot      release: id  2 | task 4141 | stop processing: n_tokens = 108, truncated = 0
srv  update_slots: all slots are idle
slot get_availabl: id  1 | task -1 | selected slot by LRU, t_last = 280576099720
srv  get_availabl: updating prompt cache
srv          load:  - looking for better prompt, base f_keep = -1.000, sim = 0.000
srv        update:  - cache state: 41 prompts, 939.242 MiB (limits: 8192.000 MiB, 4096 tokens, 65527 est)
srv        update:    - prompt 0x439af80:     106 tokens, checkpoints:  0,    13.252 MiB
srv        update:    - prompt 0xf0ef60:     107 tokens, checkpoints:  0,    13.377 MiB
srv        update:    - prompt 0x321cf30:     106 tokens, checkpoints:  0,    13.252 MiB
srv        update:    - prompt 0x439bbc0:     107 tokens, checkpoints:  0,    13.377 MiB
srv        update:    - prompt 0x321d650:     105 tokens, checkpoints:  0,    13.127 MiB
srv        update:    - prompt 0x321d8b0:     110 tokens, checkpoints:  0,    13.752 MiB
srv        update:    - prompt 0x439fd00:     116 tokens, checkpoints:  0,    14.502 MiB
srv        update:    - prompt 0x322b480:     109 tokens, checkpoints:  0,    13.627 MiB
srv        update:    - prompt 0x4be6150:     113 tokens, checkpoints:  0,    14.127 MiB
srv        update:    - prompt 0x323a9a0:     108 tokens, checkpoints:  0,    13.502 MiB
srv        update:    - prompt 0x32196f0:     108 tokens, checkpoints:  0,    13.502 MiB
srv        update:    - prompt 0x322b390:     108 tokens, checkpoints:  0,    13.502 MiB
srv        update:    - prompt 0x32307d0:     111 tokens, checkpoints:  0,    13.877 MiB
srv        update:    - prompt 0x321d2c0:     119 tokens, checkpoints:  0,    14.877 MiB
srv        update:    - prompt 0xf09400:     123 tokens, checkpoints:  0,    15.377 MiB
srv        update:    - prompt 0x3221890:     165 tokens, checkpoints:  0,    20.628 MiB
srv        update:    - prompt 0x438c810:     131 tokens, checkpoints:  0,    16.377 MiB
srv        update:    - prompt 0x43967b0:     135 tokens, checkpoints:  0,    16.877 MiB
srv        update:    - prompt 0x3226c10:     132 tokens, checkpoints:  0,    16.502 MiB
srv        update:    - prompt 0x3227150:     146 tokens, checkpoints:  0,    18.252 MiB
srv        update:    - prompt 0x3acc150:     130 tokens, checkpoints:  0,    16.252 MiB
srv        update:    - prompt 0xee0440:     136 tokens, checkpoints:  0,    17.002 MiB
srv        update:    - prompt 0x439dde0:     136 tokens, checkpoints:  0,    17.002 MiB
srv        update:    - prompt 0x439a490:     241 tokens, checkpoints:  0,    30.129 MiB
srv        update:    - prompt 0x118e9b0:     325 tokens, checkpoints:  0,    40.629 MiB
srv        update:    - prompt 0xfffdcc0062a0:     363 tokens, checkpoints:  0,    45.380 MiB
srv        update:    - prompt 0xfffdc4004ad0:     425 tokens, checkpoints:  0,    53.131 MiB
srv        update:    - prompt 0xf09840:     409 tokens, checkpoints:  0,    51.130 MiB
srv        update:    - prompt 0x439b5f0:     412 tokens, checkpoints:  0,    51.505 MiB
srv        update:    - prompt 0x439fb50:     418 tokens, checkpoints:  0,    52.256 MiB
srv        update:    - prompt 0x32210b0:     415 tokens, checkpoints:  0,    51.880 MiB
srv        update:    - prompt 0xf0c700:     431 tokens, checkpoints:  0,    53.881 MiB
srv        update:    - prompt 0x322c4e0:     431 tokens, checkpoints:  0,    53.881 MiB
srv        update:    - prompt 0x322db30:     107 tokens, checkpoints:  0,    13.377 MiB
srv        update:    - prompt 0x3ad97f0:     105 tokens, checkpoints:  0,    13.127 MiB
srv        update:    - prompt 0x3ae3990:     110 tokens, checkpoints:  0,    13.752 MiB
srv        update:    - prompt 0xf12110:     116 tokens, checkpoints:  0,    14.502 MiB
srv        update:    - prompt 0x3227d70:     109 tokens, checkpoints:  0,    13.627 MiB
srv        update:    - prompt 0x3ad80f0:     113 tokens, checkpoints:  0,    14.127 MiB
srv        update:    - prompt 0x3adfb10:     108 tokens, checkpoints:  0,    13.502 MiB
srv        update:    - prompt 0x3ae19d0:     108 tokens, checkpoints:  0,    13.502 MiB
srv  get_availabl: prompt cache update took 0.16 ms
slot launch_slot_: id  1 | task -1 | sampler chain: logits -> ?penalties -> ?dry -> ?top-n-sigma -> top-k -> ?typical -> top-p -> min-p -> ?xtc -> temp-ext -> dist 
slot launch_slot_: id  1 | task 4242 | processing task, is_child = 0
slot slot_save_an: id  2 | task -1 | saving idle slot to prompt cache
srv   prompt_save:  - saving prompt with length 108, total state size = 13.502 MiB
slot prompt_clear: id  2 | task -1 | clearing prompt with 108 tokens
srv        update:  - cache state: 42 prompts, 952.744 MiB (limits: 8192.000 MiB, 4096 tokens, 65527 est)
srv        update:    - prompt 0x439af80:     106 tokens, checkpoints:  0,    13.252 MiB
srv        update:    - prompt 0xf0ef60:     107 tokens, checkpoints:  0,    13.377 MiB
srv        update:    - prompt 0x321cf30:     106 tokens, checkpoints:  0,    13.252 MiB
srv        update:    - prompt 0x439bbc0:     107 tokens, checkpoints:  0,    13.377 MiB
srv        update:    - prompt 0x321d650:     105 tokens, checkpoints:  0,    13.127 MiB
srv        update:    - prompt 0x321d8b0:     110 tokens, checkpoints:  0,    13.752 MiB
srv        update:    - prompt 0x439fd00:     116 tokens, checkpoints:  0,    14.502 MiB
srv        update:    - prompt 0x322b480:     109 tokens, checkpoints:  0,    13.627 MiB
srv        update:    - prompt 0x4be6150:     113 tokens, checkpoints:  0,    14.127 MiB
srv        update:    - prompt 0x323a9a0:     108 tokens, checkpoints:  0,    13.502 MiB
srv        update:    - prompt 0x32196f0:     108 tokens, checkpoints:  0,    13.502 MiB
srv        update:    - prompt 0x322b390:     108 tokens, checkpoints:  0,    13.502 MiB
srv        update:    - prompt 0x32307d0:     111 tokens, checkpoints:  0,    13.877 MiB
srv        update:    - prompt 0x321d2c0:     119 tokens, checkpoints:  0,    14.877 MiB
srv        update:    - prompt 0xf09400:     123 tokens, checkpoints:  0,    15.377 MiB
srv        update:    - prompt 0x3221890:     165 tokens, checkpoints:  0,    20.628 MiB
srv        update:    - prompt 0x438c810:     131 tokens, checkpoints:  0,    16.377 MiB
srv        update:    - prompt 0x43967b0:     135 tokens, checkpoints:  0,    16.877 MiB
srv        update:    - prompt 0x3226c10:     132 tokens, checkpoints:  0,    16.502 MiB
srv        update:    - prompt 0x3227150:     146 tokens, checkpoints:  0,    18.252 MiB
srv        update:    - prompt 0x3acc150:     130 tokens, checkpoints:  0,    16.252 MiB
srv        update:    - prompt 0xee0440:     136 tokens, checkpoints:  0,    17.002 MiB
srv        update:    - prompt 0x439dde0:     136 tokens, checkpoints:  0,    17.002 MiB
srv        update:    - prompt 0x439a490:     241 tokens, checkpoints:  0,    30.129 MiB
srv        update:    - prompt 0x118e9b0:     325 tokens, checkpoints:  0,    40.629 MiB
srv        update:    - prompt 0xfffdcc0062a0:     363 tokens, checkpoints:  0,    45.380 MiB
srv        update:    - prompt 0xfffdc4004ad0:     425 tokens, checkpoints:  0,    53.131 MiB
srv        update:    - prompt 0xf09840:     409 tokens, checkpoints:  0,    51.130 MiB
srv        update:    - prompt 0x439b5f0:     412 tokens, checkpoints:  0,    51.505 MiB
srv        update:    - prompt 0x439fb50:     418 tokens, checkpoints:  0,    52.256 MiB
srv        update:    - prompt 0x32210b0:     415 tokens, checkpoints:  0,    51.880 MiB
srv        update:    - prompt 0xf0c700:     431 tokens, checkpoints:  0,    53.881 MiB
srv        update:    - prompt 0x322c4e0:     431 tokens, checkpoints:  0,    53.881 MiB
srv        update:    - prompt 0x322db30:     107 tokens, checkpoints:  0,    13.377 MiB
srv        update:    - prompt 0x3ad97f0:     105 tokens, checkpoints:  0,    13.127 MiB
srv        update:    - prompt 0x3ae3990:     110 tokens, checkpoints:  0,    13.752 MiB
srv        update:    - prompt 0xf12110:     116 tokens, checkpoints:  0,    14.502 MiB
srv        update:    - prompt 0x3227d70:     109 tokens, checkpoints:  0,    13.627 MiB
srv        update:    - prompt 0x3ad80f0:     113 tokens, checkpoints:  0,    14.127 MiB
srv        update:    - prompt 0x3adfb10:     108 tokens, checkpoints:  0,    13.502 MiB
srv        update:    - prompt 0x3ae19d0:     108 tokens, checkpoints:  0,    13.502 MiB
srv        update:    - prompt 0x3ad7650:     108 tokens, checkpoints:  0,    13.502 MiB
slot update_slots: id  1 | task 4242 | new prompt, n_ctx_slot = 4096, n_keep = 0, task.n_tokens = 12
slot update_slots: id  1 | task 4242 | n_tokens = 0, memory_seq_rm [0, end)
slot init_sampler: id  1 | task 4242 | init sampler, took 0.01 ms, tokens: text = 12, total = 12
slot update_slots: id  1 | task 4242 | prompt processing done, n_tokens = 12, batch.n_tokens = 12
srv  log_server_r: done request: POST /completion 127.0.0.1 200
slot print_timing: id  1 | task 4242 | 
prompt eval time =    3406.01 ms /    12 tokens (  283.83 ms per token,     3.52 tokens per second)
       eval time =   32621.46 ms /   100 tokens (  326.21 ms per token,     3.07 tokens per second)
      total time =   36027.47 ms /   112 tokens
slot      release: id  1 | task 4242 | stop processing: n_tokens = 111, truncated = 0
srv  update_slots: all slots are idle
slot get_availabl: id  0 | task -1 | selected slot by LRU, t_last = 280614177074
srv  get_availabl: updating prompt cache
srv          load:  - looking for better prompt, base f_keep = -1.000, sim = 0.000
srv        update:  - cache state: 42 prompts, 952.744 MiB (limits: 8192.000 MiB, 4096 tokens, 65527 est)
srv        update:    - prompt 0x439af80:     106 tokens, checkpoints:  0,    13.252 MiB
srv        update:    - prompt 0xf0ef60:     107 tokens, checkpoints:  0,    13.377 MiB
srv        update:    - prompt 0x321cf30:     106 tokens, checkpoints:  0,    13.252 MiB
srv        update:    - prompt 0x439bbc0:     107 tokens, checkpoints:  0,    13.377 MiB
srv        update:    - prompt 0x321d650:     105 tokens, checkpoints:  0,    13.127 MiB
srv        update:    - prompt 0x321d8b0:     110 tokens, checkpoints:  0,    13.752 MiB
srv        update:    - prompt 0x439fd00:     116 tokens, checkpoints:  0,    14.502 MiB
srv        update:    - prompt 0x322b480:     109 tokens, checkpoints:  0,    13.627 MiB
srv        update:    - prompt 0x4be6150:     113 tokens, checkpoints:  0,    14.127 MiB
srv        update:    - prompt 0x323a9a0:     108 tokens, checkpoints:  0,    13.502 MiB
srv        update:    - prompt 0x32196f0:     108 tokens, checkpoints:  0,    13.502 MiB
srv        update:    - prompt 0x322b390:     108 tokens, checkpoints:  0,    13.502 MiB
srv        update:    - prompt 0x32307d0:     111 tokens, checkpoints:  0,    13.877 MiB
srv        update:    - prompt 0x321d2c0:     119 tokens, checkpoints:  0,    14.877 MiB
srv        update:    - prompt 0xf09400:     123 tokens, checkpoints:  0,    15.377 MiB
srv        update:    - prompt 0x3221890:     165 tokens, checkpoints:  0,    20.628 MiB
srv        update:    - prompt 0x438c810:     131 tokens, checkpoints:  0,    16.377 MiB
srv        update:    - prompt 0x43967b0:     135 tokens, checkpoints:  0,    16.877 MiB
srv        update:    - prompt 0x3226c10:     132 tokens, checkpoints:  0,    16.502 MiB
srv        update:    - prompt 0x3227150:     146 tokens, checkpoints:  0,    18.252 MiB
srv        update:    - prompt 0x3acc150:     130 tokens, checkpoints:  0,    16.252 MiB
srv        update:    - prompt 0xee0440:     136 tokens, checkpoints:  0,    17.002 MiB
srv        update:    - prompt 0x439dde0:     136 tokens, checkpoints:  0,    17.002 MiB
srv        update:    - prompt 0x439a490:     241 tokens, checkpoints:  0,    30.129 MiB
srv        update:    - prompt 0x118e9b0:     325 tokens, checkpoints:  0,    40.629 MiB
srv        update:    - prompt 0xfffdcc0062a0:     363 tokens, checkpoints:  0,    45.380 MiB
srv        update:    - prompt 0xfffdc4004ad0:     425 tokens, checkpoints:  0,    53.131 MiB
srv        update:    - prompt 0xf09840:     409 tokens, checkpoints:  0,    51.130 MiB
srv        update:    - prompt 0x439b5f0:     412 tokens, checkpoints:  0,    51.505 MiB
srv        update:    - prompt 0x439fb50:     418 tokens, checkpoints:  0,    52.256 MiB
srv        update:    - prompt 0x32210b0:     415 tokens, checkpoints:  0,    51.880 MiB
srv        update:    - prompt 0xf0c700:     431 tokens, checkpoints:  0,    53.881 MiB
srv        update:    - prompt 0x322c4e0:     431 tokens, checkpoints:  0,    53.881 MiB
srv        update:    - prompt 0x322db30:     107 tokens, checkpoints:  0,    13.377 MiB
srv        update:    - prompt 0x3ad97f0:     105 tokens, checkpoints:  0,    13.127 MiB
srv        update:    - prompt 0x3ae3990:     110 tokens, checkpoints:  0,    13.752 MiB
srv        update:    - prompt 0xf12110:     116 tokens, checkpoints:  0,    14.502 MiB
srv        update:    - prompt 0x3227d70:     109 tokens, checkpoints:  0,    13.627 MiB
srv        update:    - prompt 0x3ad80f0:     113 tokens, checkpoints:  0,    14.127 MiB
srv        update:    - prompt 0x3adfb10:     108 tokens, checkpoints:  0,    13.502 MiB
srv        update:    - prompt 0x3ae19d0:     108 tokens, checkpoints:  0,    13.502 MiB
srv        update:    - prompt 0x3ad7650:     108 tokens, checkpoints:  0,    13.502 MiB
srv  get_availabl: prompt cache update took 0.20 ms
slot launch_slot_: id  0 | task -1 | sampler chain: logits -> ?penalties -> ?dry -> ?top-n-sigma -> top-k -> ?typical -> top-p -> min-p -> ?xtc -> temp-ext -> dist 
slot launch_slot_: id  0 | task 4343 | processing task, is_child = 0
slot slot_save_an: id  1 | task -1 | saving idle slot to prompt cache
srv   prompt_save:  - saving prompt with length 111, total state size = 13.877 MiB
slot prompt_clear: id  1 | task -1 | clearing prompt with 111 tokens
srv        update:  - cache state: 43 prompts, 966.621 MiB (limits: 8192.000 MiB, 4096 tokens, 65527 est)
srv        update:    - prompt 0x439af80:     106 tokens, checkpoints:  0,    13.252 MiB
srv        update:    - prompt 0xf0ef60:     107 tokens, checkpoints:  0,    13.377 MiB
srv        update:    - prompt 0x321cf30:     106 tokens, checkpoints:  0,    13.252 MiB
srv        update:    - prompt 0x439bbc0:     107 tokens, checkpoints:  0,    13.377 MiB
srv        update:    - prompt 0x321d650:     105 tokens, checkpoints:  0,    13.127 MiB
srv        update:    - prompt 0x321d8b0:     110 tokens, checkpoints:  0,    13.752 MiB
srv        update:    - prompt 0x439fd00:     116 tokens, checkpoints:  0,    14.502 MiB
srv        update:    - prompt 0x322b480:     109 tokens, checkpoints:  0,    13.627 MiB
srv        update:    - prompt 0x4be6150:     113 tokens, checkpoints:  0,    14.127 MiB
srv        update:    - prompt 0x323a9a0:     108 tokens, checkpoints:  0,    13.502 MiB
srv        update:    - prompt 0x32196f0:     108 tokens, checkpoints:  0,    13.502 MiB
srv        update:    - prompt 0x322b390:     108 tokens, checkpoints:  0,    13.502 MiB
srv        update:    - prompt 0x32307d0:     111 tokens, checkpoints:  0,    13.877 MiB
srv        update:    - prompt 0x321d2c0:     119 tokens, checkpoints:  0,    14.877 MiB
srv        update:    - prompt 0xf09400:     123 tokens, checkpoints:  0,    15.377 MiB
srv        update:    - prompt 0x3221890:     165 tokens, checkpoints:  0,    20.628 MiB
srv        update:    - prompt 0x438c810:     131 tokens, checkpoints:  0,    16.377 MiB
srv        update:    - prompt 0x43967b0:     135 tokens, checkpoints:  0,    16.877 MiB
srv        update:    - prompt 0x3226c10:     132 tokens, checkpoints:  0,    16.502 MiB
srv        update:    - prompt 0x3227150:     146 tokens, checkpoints:  0,    18.252 MiB
srv        update:    - prompt 0x3acc150:     130 tokens, checkpoints:  0,    16.252 MiB
srv        update:    - prompt 0xee0440:     136 tokens, checkpoints:  0,    17.002 MiB
srv        update:    - prompt 0x439dde0:     136 tokens, checkpoints:  0,    17.002 MiB
srv        update:    - prompt 0x439a490:     241 tokens, checkpoints:  0,    30.129 MiB
srv        update:    - prompt 0x118e9b0:     325 tokens, checkpoints:  0,    40.629 MiB
srv        update:    - prompt 0xfffdcc0062a0:     363 tokens, checkpoints:  0,    45.380 MiB
srv        update:    - prompt 0xfffdc4004ad0:     425 tokens, checkpoints:  0,    53.131 MiB
srv        update:    - prompt 0xf09840:     409 tokens, checkpoints:  0,    51.130 MiB
srv        update:    - prompt 0x439b5f0:     412 tokens, checkpoints:  0,    51.505 MiB
srv        update:    - prompt 0x439fb50:     418 tokens, checkpoints:  0,    52.256 MiB
srv        update:    - prompt 0x32210b0:     415 tokens, checkpoints:  0,    51.880 MiB
srv        update:    - prompt 0xf0c700:     431 tokens, checkpoints:  0,    53.881 MiB
srv        update:    - prompt 0x322c4e0:     431 tokens, checkpoints:  0,    53.881 MiB
srv        update:    - prompt 0x322db30:     107 tokens, checkpoints:  0,    13.377 MiB
srv        update:    - prompt 0x3ad97f0:     105 tokens, checkpoints:  0,    13.127 MiB
srv        update:    - prompt 0x3ae3990:     110 tokens, checkpoints:  0,    13.752 MiB
srv        update:    - prompt 0xf12110:     116 tokens, checkpoints:  0,    14.502 MiB
srv        update:    - prompt 0x3227d70:     109 tokens, checkpoints:  0,    13.627 MiB
srv        update:    - prompt 0x3ad80f0:     113 tokens, checkpoints:  0,    14.127 MiB
srv        update:    - prompt 0x3adfb10:     108 tokens, checkpoints:  0,    13.502 MiB
srv        update:    - prompt 0x3ae19d0:     108 tokens, checkpoints:  0,    13.502 MiB
srv        update:    - prompt 0x3ad7650:     108 tokens, checkpoints:  0,    13.502 MiB
srv        update:    - prompt 0x3ad5750:     111 tokens, checkpoints:  0,    13.877 MiB
slot update_slots: id  0 | task 4343 | new prompt, n_ctx_slot = 4096, n_keep = 0, task.n_tokens = 20
slot update_slots: id  0 | task 4343 | n_tokens = 0, memory_seq_rm [0, end)
slot init_sampler: id  0 | task 4343 | init sampler, took 0.01 ms, tokens: text = 20, total = 20
slot update_slots: id  0 | task 4343 | prompt processing done, n_tokens = 20, batch.n_tokens = 20
srv  log_server_r: done request: POST /completion 127.0.0.1 200
slot print_timing: id  0 | task 4343 | 
prompt eval time =    5654.17 ms /    20 tokens (  282.71 ms per token,     3.54 tokens per second)
       eval time =   32659.93 ms /   100 tokens (  326.60 ms per token,     3.06 tokens per second)
      total time =   38314.10 ms /   120 tokens
slot      release: id  0 | task 4343 | stop processing: n_tokens = 119, truncated = 0
srv  update_slots: all slots are idle
slot get_availabl: id  3 | task -1 | selected slot by LRU, t_last = 280650246661
srv  get_availabl: updating prompt cache
srv          load:  - looking for better prompt, base f_keep = -1.000, sim = 0.000
srv        update:  - cache state: 43 prompts, 966.621 MiB (limits: 8192.000 MiB, 4096 tokens, 65527 est)
srv        update:    - prompt 0x439af80:     106 tokens, checkpoints:  0,    13.252 MiB
srv        update:    - prompt 0xf0ef60:     107 tokens, checkpoints:  0,    13.377 MiB
srv        update:    - prompt 0x321cf30:     106 tokens, checkpoints:  0,    13.252 MiB
srv        update:    - prompt 0x439bbc0:     107 tokens, checkpoints:  0,    13.377 MiB
srv        update:    - prompt 0x321d650:     105 tokens, checkpoints:  0,    13.127 MiB
srv        update:    - prompt 0x321d8b0:     110 tokens, checkpoints:  0,    13.752 MiB
srv        update:    - prompt 0x439fd00:     116 tokens, checkpoints:  0,    14.502 MiB
srv        update:    - prompt 0x322b480:     109 tokens, checkpoints:  0,    13.627 MiB
srv        update:    - prompt 0x4be6150:     113 tokens, checkpoints:  0,    14.127 MiB
srv        update:    - prompt 0x323a9a0:     108 tokens, checkpoints:  0,    13.502 MiB
srv        update:    - prompt 0x32196f0:     108 tokens, checkpoints:  0,    13.502 MiB
srv        update:    - prompt 0x322b390:     108 tokens, checkpoints:  0,    13.502 MiB
srv        update:    - prompt 0x32307d0:     111 tokens, checkpoints:  0,    13.877 MiB
srv        update:    - prompt 0x321d2c0:     119 tokens, checkpoints:  0,    14.877 MiB
srv        update:    - prompt 0xf09400:     123 tokens, checkpoints:  0,    15.377 MiB
srv        update:    - prompt 0x3221890:     165 tokens, checkpoints:  0,    20.628 MiB
srv        update:    - prompt 0x438c810:     131 tokens, checkpoints:  0,    16.377 MiB
srv        update:    - prompt 0x43967b0:     135 tokens, checkpoints:  0,    16.877 MiB
srv        update:    - prompt 0x3226c10:     132 tokens, checkpoints:  0,    16.502 MiB
srv        update:    - prompt 0x3227150:     146 tokens, checkpoints:  0,    18.252 MiB
srv        update:    - prompt 0x3acc150:     130 tokens, checkpoints:  0,    16.252 MiB
srv        update:    - prompt 0xee0440:     136 tokens, checkpoints:  0,    17.002 MiB
srv        update:    - prompt 0x439dde0:     136 tokens, checkpoints:  0,    17.002 MiB
srv        update:    - prompt 0x439a490:     241 tokens, checkpoints:  0,    30.129 MiB
srv        update:    - prompt 0x118e9b0:     325 tokens, checkpoints:  0,    40.629 MiB
srv        update:    - prompt 0xfffdcc0062a0:     363 tokens, checkpoints:  0,    45.380 MiB
srv        update:    - prompt 0xfffdc4004ad0:     425 tokens, checkpoints:  0,    53.131 MiB
srv        update:    - prompt 0xf09840:     409 tokens, checkpoints:  0,    51.130 MiB
srv        update:    - prompt 0x439b5f0:     412 tokens, checkpoints:  0,    51.505 MiB
srv        update:    - prompt 0x439fb50:     418 tokens, checkpoints:  0,    52.256 MiB
srv        update:    - prompt 0x32210b0:     415 tokens, checkpoints:  0,    51.880 MiB
srv        update:    - prompt 0xf0c700:     431 tokens, checkpoints:  0,    53.881 MiB
srv        update:    - prompt 0x322c4e0:     431 tokens, checkpoints:  0,    53.881 MiB
srv        update:    - prompt 0x322db30:     107 tokens, checkpoints:  0,    13.377 MiB
srv        update:    - prompt 0x3ad97f0:     105 tokens, checkpoints:  0,    13.127 MiB
srv        update:    - prompt 0x3ae3990:     110 tokens, checkpoints:  0,    13.752 MiB
srv        update:    - prompt 0xf12110:     116 tokens, checkpoints:  0,    14.502 MiB
srv        update:    - prompt 0x3227d70:     109 tokens, checkpoints:  0,    13.627 MiB
srv        update:    - prompt 0x3ad80f0:     113 tokens, checkpoints:  0,    14.127 MiB
srv        update:    - prompt 0x3adfb10:     108 tokens, checkpoints:  0,    13.502 MiB
srv        update:    - prompt 0x3ae19d0:     108 tokens, checkpoints:  0,    13.502 MiB
srv        update:    - prompt 0x3ad7650:     108 tokens, checkpoints:  0,    13.502 MiB
srv        update:    - prompt 0x3ad5750:     111 tokens, checkpoints:  0,    13.877 MiB
srv  get_availabl: prompt cache update took 0.20 ms
slot launch_slot_: id  3 | task -1 | sampler chain: logits -> ?penalties -> ?dry -> ?top-n-sigma -> top-k -> ?typical -> top-p -> min-p -> ?xtc -> temp-ext -> dist 
slot launch_slot_: id  3 | task 4444 | processing task, is_child = 0
slot slot_save_an: id  0 | task -1 | saving idle slot to prompt cache
srv   prompt_save:  - saving prompt with length 119, total state size = 14.877 MiB
slot prompt_clear: id  0 | task -1 | clearing prompt with 119 tokens
srv        update:  - cache state: 44 prompts, 981.498 MiB (limits: 8192.000 MiB, 4096 tokens, 65527 est)
srv        update:    - prompt 0x439af80:     106 tokens, checkpoints:  0,    13.252 MiB
srv        update:    - prompt 0xf0ef60:     107 tokens, checkpoints:  0,    13.377 MiB
srv        update:    - prompt 0x321cf30:     106 tokens, checkpoints:  0,    13.252 MiB
srv        update:    - prompt 0x439bbc0:     107 tokens, checkpoints:  0,    13.377 MiB
srv        update:    - prompt 0x321d650:     105 tokens, checkpoints:  0,    13.127 MiB
srv        update:    - prompt 0x321d8b0:     110 tokens, checkpoints:  0,    13.752 MiB
srv        update:    - prompt 0x439fd00:     116 tokens, checkpoints:  0,    14.502 MiB
srv        update:    - prompt 0x322b480:     109 tokens, checkpoints:  0,    13.627 MiB
srv        update:    - prompt 0x4be6150:     113 tokens, checkpoints:  0,    14.127 MiB
srv        update:    - prompt 0x323a9a0:     108 tokens, checkpoints:  0,    13.502 MiB
srv        update:    - prompt 0x32196f0:     108 tokens, checkpoints:  0,    13.502 MiB
srv        update:    - prompt 0x322b390:     108 tokens, checkpoints:  0,    13.502 MiB
srv        update:    - prompt 0x32307d0:     111 tokens, checkpoints:  0,    13.877 MiB
srv        update:    - prompt 0x321d2c0:     119 tokens, checkpoints:  0,    14.877 MiB
srv        update:    - prompt 0xf09400:     123 tokens, checkpoints:  0,    15.377 MiB
srv        update:    - prompt 0x3221890:     165 tokens, checkpoints:  0,    20.628 MiB
srv        update:    - prompt 0x438c810:     131 tokens, checkpoints:  0,    16.377 MiB
srv        update:    - prompt 0x43967b0:     135 tokens, checkpoints:  0,    16.877 MiB
srv        update:    - prompt 0x3226c10:     132 tokens, checkpoints:  0,    16.502 MiB
srv        update:    - prompt 0x3227150:     146 tokens, checkpoints:  0,    18.252 MiB
srv        update:    - prompt 0x3acc150:     130 tokens, checkpoints:  0,    16.252 MiB
srv        update:    - prompt 0xee0440:     136 tokens, checkpoints:  0,    17.002 MiB
srv        update:    - prompt 0x439dde0:     136 tokens, checkpoints:  0,    17.002 MiB
srv        update:    - prompt 0x439a490:     241 tokens, checkpoints:  0,    30.129 MiB
srv        update:    - prompt 0x118e9b0:     325 tokens, checkpoints:  0,    40.629 MiB
srv        update:    - prompt 0xfffdcc0062a0:     363 tokens, checkpoints:  0,    45.380 MiB
srv        update:    - prompt 0xfffdc4004ad0:     425 tokens, checkpoints:  0,    53.131 MiB
srv        update:    - prompt 0xf09840:     409 tokens, checkpoints:  0,    51.130 MiB
srv        update:    - prompt 0x439b5f0:     412 tokens, checkpoints:  0,    51.505 MiB
srv        update:    - prompt 0x439fb50:     418 tokens, checkpoints:  0,    52.256 MiB
srv        update:    - prompt 0x32210b0:     415 tokens, checkpoints:  0,    51.880 MiB
srv        update:    - prompt 0xf0c700:     431 tokens, checkpoints:  0,    53.881 MiB
srv        update:    - prompt 0x322c4e0:     431 tokens, checkpoints:  0,    53.881 MiB
srv        update:    - prompt 0x322db30:     107 tokens, checkpoints:  0,    13.377 MiB
srv        update:    - prompt 0x3ad97f0:     105 tokens, checkpoints:  0,    13.127 MiB
srv        update:    - prompt 0x3ae3990:     110 tokens, checkpoints:  0,    13.752 MiB
srv        update:    - prompt 0xf12110:     116 tokens, checkpoints:  0,    14.502 MiB
srv        update:    - prompt 0x3227d70:     109 tokens, checkpoints:  0,    13.627 MiB
srv        update:    - prompt 0x3ad80f0:     113 tokens, checkpoints:  0,    14.127 MiB
srv        update:    - prompt 0x3adfb10:     108 tokens, checkpoints:  0,    13.502 MiB
srv        update:    - prompt 0x3ae19d0:     108 tokens, checkpoints:  0,    13.502 MiB
srv        update:    - prompt 0x3ad7650:     108 tokens, checkpoints:  0,    13.502 MiB
srv        update:    - prompt 0x3ad5750:     111 tokens, checkpoints:  0,    13.877 MiB
srv        update:    - prompt 0x3af4e20:     119 tokens, checkpoints:  0,    14.877 MiB
slot update_slots: id  3 | task 4444 | new prompt, n_ctx_slot = 4096, n_keep = 0, task.n_tokens = 24
slot update_slots: id  3 | task 4444 | n_tokens = 0, memory_seq_rm [0, end)
slot init_sampler: id  3 | task 4444 | init sampler, took 0.02 ms, tokens: text = 24, total = 24
slot update_slots: id  3 | task 4444 | prompt processing done, n_tokens = 24, batch.n_tokens = 24
srv  log_server_r: done request: POST /completion 127.0.0.1 200
slot print_timing: id  3 | task 4444 | 
prompt eval time =    6771.49 ms /    24 tokens (  282.15 ms per token,     3.54 tokens per second)
       eval time =   32680.61 ms /   100 tokens (  326.81 ms per token,     3.06 tokens per second)
      total time =   39452.11 ms /   124 tokens
slot      release: id  3 | task 4444 | stop processing: n_tokens = 123, truncated = 0
srv  update_slots: all slots are idle
slot get_availabl: id  2 | task -1 | selected slot by LRU, t_last = 280794732537
srv  get_availabl: updating prompt cache
srv          load:  - looking for better prompt, base f_keep = -1.000, sim = 0.000
srv          load:  - found better prompt with f_keep = 0.400, sim = 1.000
srv        update:  - cache state: 43 prompts, 960.870 MiB (limits: 8192.000 MiB, 4096 tokens, 65527 est)
srv        update:    - prompt 0x439af80:     106 tokens, checkpoints:  0,    13.252 MiB
srv        update:    - prompt 0xf0ef60:     107 tokens, checkpoints:  0,    13.377 MiB
srv        update:    - prompt 0x321cf30:     106 tokens, checkpoints:  0,    13.252 MiB
srv        update:    - prompt 0x439bbc0:     107 tokens, checkpoints:  0,    13.377 MiB
srv        update:    - prompt 0x321d650:     105 tokens, checkpoints:  0,    13.127 MiB
srv        update:    - prompt 0x321d8b0:     110 tokens, checkpoints:  0,    13.752 MiB
srv        update:    - prompt 0x439fd00:     116 tokens, checkpoints:  0,    14.502 MiB
srv        update:    - prompt 0x322b480:     109 tokens, checkpoints:  0,    13.627 MiB
srv        update:    - prompt 0x4be6150:     113 tokens, checkpoints:  0,    14.127 MiB
srv        update:    - prompt 0x323a9a0:     108 tokens, checkpoints:  0,    13.502 MiB
srv        update:    - prompt 0x32196f0:     108 tokens, checkpoints:  0,    13.502 MiB
srv        update:    - prompt 0x322b390:     108 tokens, checkpoints:  0,    13.502 MiB
srv        update:    - prompt 0x32307d0:     111 tokens, checkpoints:  0,    13.877 MiB
srv        update:    - prompt 0x321d2c0:     119 tokens, checkpoints:  0,    14.877 MiB
srv        update:    - prompt 0xf09400:     123 tokens, checkpoints:  0,    15.377 MiB
srv        update:    - prompt 0x438c810:     131 tokens, checkpoints:  0,    16.377 MiB
srv        update:    - prompt 0x43967b0:     135 tokens, checkpoints:  0,    16.877 MiB
srv        update:    - prompt 0x3226c10:     132 tokens, checkpoints:  0,    16.502 MiB
srv        update:    - prompt 0x3227150:     146 tokens, checkpoints:  0,    18.252 MiB
srv        update:    - prompt 0x3acc150:     130 tokens, checkpoints:  0,    16.252 MiB
srv        update:    - prompt 0xee0440:     136 tokens, checkpoints:  0,    17.002 MiB
srv        update:    - prompt 0x439dde0:     136 tokens, checkpoints:  0,    17.002 MiB
srv        update:    - prompt 0x439a490:     241 tokens, checkpoints:  0,    30.129 MiB
srv        update:    - prompt 0x118e9b0:     325 tokens, checkpoints:  0,    40.629 MiB
srv        update:    - prompt 0xfffdcc0062a0:     363 tokens, checkpoints:  0,    45.380 MiB
srv        update:    - prompt 0xfffdc4004ad0:     425 tokens, checkpoints:  0,    53.131 MiB
srv        update:    - prompt 0xf09840:     409 tokens, checkpoints:  0,    51.130 MiB
srv        update:    - prompt 0x439b5f0:     412 tokens, checkpoints:  0,    51.505 MiB
srv        update:    - prompt 0x439fb50:     418 tokens, checkpoints:  0,    52.256 MiB
srv        update:    - prompt 0x32210b0:     415 tokens, checkpoints:  0,    51.880 MiB
srv        update:    - prompt 0xf0c700:     431 tokens, checkpoints:  0,    53.881 MiB
srv        update:    - prompt 0x322c4e0:     431 tokens, checkpoints:  0,    53.881 MiB
srv        update:    - prompt 0x322db30:     107 tokens, checkpoints:  0,    13.377 MiB
srv        update:    - prompt 0x3ad97f0:     105 tokens, checkpoints:  0,    13.127 MiB
srv        update:    - prompt 0x3ae3990:     110 tokens, checkpoints:  0,    13.752 MiB
srv        update:    - prompt 0xf12110:     116 tokens, checkpoints:  0,    14.502 MiB
srv        update:    - prompt 0x3227d70:     109 tokens, checkpoints:  0,    13.627 MiB
srv        update:    - prompt 0x3ad80f0:     113 tokens, checkpoints:  0,    14.127 MiB
srv        update:    - prompt 0x3adfb10:     108 tokens, checkpoints:  0,    13.502 MiB
srv        update:    - prompt 0x3ae19d0:     108 tokens, checkpoints:  0,    13.502 MiB
srv        update:    - prompt 0x3ad7650:     108 tokens, checkpoints:  0,    13.502 MiB
srv        update:    - prompt 0x3ad5750:     111 tokens, checkpoints:  0,    13.877 MiB
srv        update:    - prompt 0x3af4e20:     119 tokens, checkpoints:  0,    14.877 MiB
srv  get_availabl: prompt cache update took 6.90 ms
slot launch_slot_: id  2 | task -1 | sampler chain: logits -> ?penalties -> ?dry -> ?top-n-sigma -> top-k -> ?typical -> top-p -> min-p -> ?xtc -> temp-ext -> dist 
slot launch_slot_: id  2 | task 4545 | processing task, is_child = 0
slot slot_save_an: id  3 | task -1 | saving idle slot to prompt cache
srv   prompt_save:  - saving prompt with length 123, total state size = 15.377 MiB
slot prompt_clear: id  3 | task -1 | clearing prompt with 123 tokens
srv        update:  - cache state: 44 prompts, 976.247 MiB (limits: 8192.000 MiB, 4096 tokens, 65527 est)
srv        update:    - prompt 0x439af80:     106 tokens, checkpoints:  0,    13.252 MiB
srv        update:    - prompt 0xf0ef60:     107 tokens, checkpoints:  0,    13.377 MiB
srv        update:    - prompt 0x321cf30:     106 tokens, checkpoints:  0,    13.252 MiB
srv        update:    - prompt 0x439bbc0:     107 tokens, checkpoints:  0,    13.377 MiB
srv        update:    - prompt 0x321d650:     105 tokens, checkpoints:  0,    13.127 MiB
srv        update:    - prompt 0x321d8b0:     110 tokens, checkpoints:  0,    13.752 MiB
srv        update:    - prompt 0x439fd00:     116 tokens, checkpoints:  0,    14.502 MiB
srv        update:    - prompt 0x322b480:     109 tokens, checkpoints:  0,    13.627 MiB
srv        update:    - prompt 0x4be6150:     113 tokens, checkpoints:  0,    14.127 MiB
srv        update:    - prompt 0x323a9a0:     108 tokens, checkpoints:  0,    13.502 MiB
srv        update:    - prompt 0x32196f0:     108 tokens, checkpoints:  0,    13.502 MiB
srv        update:    - prompt 0x322b390:     108 tokens, checkpoints:  0,    13.502 MiB
srv        update:    - prompt 0x32307d0:     111 tokens, checkpoints:  0,    13.877 MiB
srv        update:    - prompt 0x321d2c0:     119 tokens, checkpoints:  0,    14.877 MiB
srv        update:    - prompt 0xf09400:     123 tokens, checkpoints:  0,    15.377 MiB
srv        update:    - prompt 0x438c810:     131 tokens, checkpoints:  0,    16.377 MiB
srv        update:    - prompt 0x43967b0:     135 tokens, checkpoints:  0,    16.877 MiB
srv        update:    - prompt 0x3226c10:     132 tokens, checkpoints:  0,    16.502 MiB
srv        update:    - prompt 0x3227150:     146 tokens, checkpoints:  0,    18.252 MiB
srv        update:    - prompt 0x3acc150:     130 tokens, checkpoints:  0,    16.252 MiB
srv        update:    - prompt 0xee0440:     136 tokens, checkpoints:  0,    17.002 MiB
srv        update:    - prompt 0x439dde0:     136 tokens, checkpoints:  0,    17.002 MiB
srv        update:    - prompt 0x439a490:     241 tokens, checkpoints:  0,    30.129 MiB
srv        update:    - prompt 0x118e9b0:     325 tokens, checkpoints:  0,    40.629 MiB
srv        update:    - prompt 0xfffdcc0062a0:     363 tokens, checkpoints:  0,    45.380 MiB
srv        update:    - prompt 0xfffdc4004ad0:     425 tokens, checkpoints:  0,    53.131 MiB
srv        update:    - prompt 0xf09840:     409 tokens, checkpoints:  0,    51.130 MiB
srv        update:    - prompt 0x439b5f0:     412 tokens, checkpoints:  0,    51.505 MiB
srv        update:    - prompt 0x439fb50:     418 tokens, checkpoints:  0,    52.256 MiB
srv        update:    - prompt 0x32210b0:     415 tokens, checkpoints:  0,    51.880 MiB
srv        update:    - prompt 0xf0c700:     431 tokens, checkpoints:  0,    53.881 MiB
srv        update:    - prompt 0x322c4e0:     431 tokens, checkpoints:  0,    53.881 MiB
srv        update:    - prompt 0x322db30:     107 tokens, checkpoints:  0,    13.377 MiB
srv        update:    - prompt 0x3ad97f0:     105 tokens, checkpoints:  0,    13.127 MiB
srv        update:    - prompt 0x3ae3990:     110 tokens, checkpoints:  0,    13.752 MiB
srv        update:    - prompt 0xf12110:     116 tokens, checkpoints:  0,    14.502 MiB
srv        update:    - prompt 0x3227d70:     109 tokens, checkpoints:  0,    13.627 MiB
srv        update:    - prompt 0x3ad80f0:     113 tokens, checkpoints:  0,    14.127 MiB
srv        update:    - prompt 0x3adfb10:     108 tokens, checkpoints:  0,    13.502 MiB
srv        update:    - prompt 0x3ae19d0:     108 tokens, checkpoints:  0,    13.502 MiB
srv        update:    - prompt 0x3ad7650:     108 tokens, checkpoints:  0,    13.502 MiB
srv        update:    - prompt 0x3ad5750:     111 tokens, checkpoints:  0,    13.877 MiB
srv        update:    - prompt 0x3af4e20:     119 tokens, checkpoints:  0,    14.877 MiB
srv        update:    - prompt 0x3221890:     123 tokens, checkpoints:  0,    15.377 MiB
slot update_slots: id  2 | task 4545 | new prompt, n_ctx_slot = 4096, n_keep = 0, task.n_tokens = 66
slot update_slots: id  2 | task 4545 | n_tokens = 0, memory_seq_rm [0, end)
slot init_sampler: id  2 | task 4545 | init sampler, took 0.04 ms, tokens: text = 66, total = 66
slot update_slots: id  2 | task 4545 | prompt processing done, n_tokens = 66, batch.n_tokens = 66
srv  log_server_r: done request: POST /completion 127.0.0.1 200
slot print_timing: id  2 | task 4545 | 
prompt eval time =   20426.55 ms /    66 tokens (  309.49 ms per token,     3.23 tokens per second)
       eval time =   32897.39 ms /   100 tokens (  328.97 ms per token,     3.04 tokens per second)
      total time =   53323.94 ms /   166 tokens
slot      release: id  2 | task 4545 | stop processing: n_tokens = 165, truncated = 0
srv  update_slots: all slots are idle
slot get_availabl: id  1 | task -1 | selected slot by LRU, t_last = 280831397443
srv  get_availabl: updating prompt cache
srv          load:  - looking for better prompt, base f_keep = -1.000, sim = 0.000
srv        update:  - cache state: 44 prompts, 976.247 MiB (limits: 8192.000 MiB, 4096 tokens, 65527 est)
srv        update:    - prompt 0x439af80:     106 tokens, checkpoints:  0,    13.252 MiB
srv        update:    - prompt 0xf0ef60:     107 tokens, checkpoints:  0,    13.377 MiB
srv        update:    - prompt 0x321cf30:     106 tokens, checkpoints:  0,    13.252 MiB
srv        update:    - prompt 0x439bbc0:     107 tokens, checkpoints:  0,    13.377 MiB
srv        update:    - prompt 0x321d650:     105 tokens, checkpoints:  0,    13.127 MiB
srv        update:    - prompt 0x321d8b0:     110 tokens, checkpoints:  0,    13.752 MiB
srv        update:    - prompt 0x439fd00:     116 tokens, checkpoints:  0,    14.502 MiB
srv        update:    - prompt 0x322b480:     109 tokens, checkpoints:  0,    13.627 MiB
srv        update:    - prompt 0x4be6150:     113 tokens, checkpoints:  0,    14.127 MiB
srv        update:    - prompt 0x323a9a0:     108 tokens, checkpoints:  0,    13.502 MiB
srv        update:    - prompt 0x32196f0:     108 tokens, checkpoints:  0,    13.502 MiB
srv        update:    - prompt 0x322b390:     108 tokens, checkpoints:  0,    13.502 MiB
srv        update:    - prompt 0x32307d0:     111 tokens, checkpoints:  0,    13.877 MiB
srv        update:    - prompt 0x321d2c0:     119 tokens, checkpoints:  0,    14.877 MiB
srv        update:    - prompt 0xf09400:     123 tokens, checkpoints:  0,    15.377 MiB
srv        update:    - prompt 0x438c810:     131 tokens, checkpoints:  0,    16.377 MiB
srv        update:    - prompt 0x43967b0:     135 tokens, checkpoints:  0,    16.877 MiB
srv        update:    - prompt 0x3226c10:     132 tokens, checkpoints:  0,    16.502 MiB
srv        update:    - prompt 0x3227150:     146 tokens, checkpoints:  0,    18.252 MiB
srv        update:    - prompt 0x3acc150:     130 tokens, checkpoints:  0,    16.252 MiB
srv        update:    - prompt 0xee0440:     136 tokens, checkpoints:  0,    17.002 MiB
srv        update:    - prompt 0x439dde0:     136 tokens, checkpoints:  0,    17.002 MiB
srv        update:    - prompt 0x439a490:     241 tokens, checkpoints:  0,    30.129 MiB
srv        update:    - prompt 0x118e9b0:     325 tokens, checkpoints:  0,    40.629 MiB
srv        update:    - prompt 0xfffdcc0062a0:     363 tokens, checkpoints:  0,    45.380 MiB
srv        update:    - prompt 0xfffdc4004ad0:     425 tokens, checkpoints:  0,    53.131 MiB
srv        update:    - prompt 0xf09840:     409 tokens, checkpoints:  0,    51.130 MiB
srv        update:    - prompt 0x439b5f0:     412 tokens, checkpoints:  0,    51.505 MiB
srv        update:    - prompt 0x439fb50:     418 tokens, checkpoints:  0,    52.256 MiB
srv        update:    - prompt 0x32210b0:     415 tokens, checkpoints:  0,    51.880 MiB
srv        update:    - prompt 0xf0c700:     431 tokens, checkpoints:  0,    53.881 MiB
srv        update:    - prompt 0x322c4e0:     431 tokens, checkpoints:  0,    53.881 MiB
srv        update:    - prompt 0x322db30:     107 tokens, checkpoints:  0,    13.377 MiB
srv        update:    - prompt 0x3ad97f0:     105 tokens, checkpoints:  0,    13.127 MiB
srv        update:    - prompt 0x3ae3990:     110 tokens, checkpoints:  0,    13.752 MiB
srv        update:    - prompt 0xf12110:     116 tokens, checkpoints:  0,    14.502 MiB
srv        update:    - prompt 0x3227d70:     109 tokens, checkpoints:  0,    13.627 MiB
srv        update:    - prompt 0x3ad80f0:     113 tokens, checkpoints:  0,    14.127 MiB
srv        update:    - prompt 0x3adfb10:     108 tokens, checkpoints:  0,    13.502 MiB
srv        update:    - prompt 0x3ae19d0:     108 tokens, checkpoints:  0,    13.502 MiB
srv        update:    - prompt 0x3ad7650:     108 tokens, checkpoints:  0,    13.502 MiB
srv        update:    - prompt 0x3ad5750:     111 tokens, checkpoints:  0,    13.877 MiB
srv        update:    - prompt 0x3af4e20:     119 tokens, checkpoints:  0,    14.877 MiB
srv        update:    - prompt 0x3221890:     123 tokens, checkpoints:  0,    15.377 MiB
srv  get_availabl: prompt cache update took 0.20 ms
slot launch_slot_: id  1 | task -1 | sampler chain: logits -> ?penalties -> ?dry -> ?top-n-sigma -> top-k -> ?typical -> top-p -> min-p -> ?xtc -> temp-ext -> dist 
slot launch_slot_: id  1 | task 4646 | processing task, is_child = 0
slot slot_save_an: id  2 | task -1 | saving idle slot to prompt cache
srv   prompt_save:  - saving prompt with length 165, total state size = 20.628 MiB
slot prompt_clear: id  2 | task -1 | clearing prompt with 165 tokens
srv        update:  - cache state: 45 prompts, 996.875 MiB (limits: 8192.000 MiB, 4096 tokens, 65527 est)
srv        update:    - prompt 0x439af80:     106 tokens, checkpoints:  0,    13.252 MiB
srv        update:    - prompt 0xf0ef60:     107 tokens, checkpoints:  0,    13.377 MiB
srv        update:    - prompt 0x321cf30:     106 tokens, checkpoints:  0,    13.252 MiB
srv        update:    - prompt 0x439bbc0:     107 tokens, checkpoints:  0,    13.377 MiB
srv        update:    - prompt 0x321d650:     105 tokens, checkpoints:  0,    13.127 MiB
srv        update:    - prompt 0x321d8b0:     110 tokens, checkpoints:  0,    13.752 MiB
srv        update:    - prompt 0x439fd00:     116 tokens, checkpoints:  0,    14.502 MiB
srv        update:    - prompt 0x322b480:     109 tokens, checkpoints:  0,    13.627 MiB
srv        update:    - prompt 0x4be6150:     113 tokens, checkpoints:  0,    14.127 MiB
srv        update:    - prompt 0x323a9a0:     108 tokens, checkpoints:  0,    13.502 MiB
srv        update:    - prompt 0x32196f0:     108 tokens, checkpoints:  0,    13.502 MiB
srv        update:    - prompt 0x322b390:     108 tokens, checkpoints:  0,    13.502 MiB
srv        update:    - prompt 0x32307d0:     111 tokens, checkpoints:  0,    13.877 MiB
srv        update:    - prompt 0x321d2c0:     119 tokens, checkpoints:  0,    14.877 MiB
srv        update:    - prompt 0xf09400:     123 tokens, checkpoints:  0,    15.377 MiB
srv        update:    - prompt 0x438c810:     131 tokens, checkpoints:  0,    16.377 MiB
srv        update:    - prompt 0x43967b0:     135 tokens, checkpoints:  0,    16.877 MiB
srv        update:    - prompt 0x3226c10:     132 tokens, checkpoints:  0,    16.502 MiB
srv        update:    - prompt 0x3227150:     146 tokens, checkpoints:  0,    18.252 MiB
srv        update:    - prompt 0x3acc150:     130 tokens, checkpoints:  0,    16.252 MiB
srv        update:    - prompt 0xee0440:     136 tokens, checkpoints:  0,    17.002 MiB
srv        update:    - prompt 0x439dde0:     136 tokens, checkpoints:  0,    17.002 MiB
srv        update:    - prompt 0x439a490:     241 tokens, checkpoints:  0,    30.129 MiB
srv        update:    - prompt 0x118e9b0:     325 tokens, checkpoints:  0,    40.629 MiB
srv        update:    - prompt 0xfffdcc0062a0:     363 tokens, checkpoints:  0,    45.380 MiB
srv        update:    - prompt 0xfffdc4004ad0:     425 tokens, checkpoints:  0,    53.131 MiB
srv        update:    - prompt 0xf09840:     409 tokens, checkpoints:  0,    51.130 MiB
srv        update:    - prompt 0x439b5f0:     412 tokens, checkpoints:  0,    51.505 MiB
srv        update:    - prompt 0x439fb50:     418 tokens, checkpoints:  0,    52.256 MiB
srv        update:    - prompt 0x32210b0:     415 tokens, checkpoints:  0,    51.880 MiB
srv        update:    - prompt 0xf0c700:     431 tokens, checkpoints:  0,    53.881 MiB
srv        update:    - prompt 0x322c4e0:     431 tokens, checkpoints:  0,    53.881 MiB
srv        update:    - prompt 0x322db30:     107 tokens, checkpoints:  0,    13.377 MiB
srv        update:    - prompt 0x3ad97f0:     105 tokens, checkpoints:  0,    13.127 MiB
srv        update:    - prompt 0x3ae3990:     110 tokens, checkpoints:  0,    13.752 MiB
srv        update:    - prompt 0xf12110:     116 tokens, checkpoints:  0,    14.502 MiB
srv        update:    - prompt 0x3227d70:     109 tokens, checkpoints:  0,    13.627 MiB
srv        update:    - prompt 0x3ad80f0:     113 tokens, checkpoints:  0,    14.127 MiB
srv        update:    - prompt 0x3adfb10:     108 tokens, checkpoints:  0,    13.502 MiB
srv        update:    - prompt 0x3ae19d0:     108 tokens, checkpoints:  0,    13.502 MiB
srv        update:    - prompt 0x3ad7650:     108 tokens, checkpoints:  0,    13.502 MiB
srv        update:    - prompt 0x3ad5750:     111 tokens, checkpoints:  0,    13.877 MiB
srv        update:    - prompt 0x3af4e20:     119 tokens, checkpoints:  0,    14.877 MiB
srv        update:    - prompt 0x3221890:     123 tokens, checkpoints:  0,    15.377 MiB
srv        update:    - prompt 0x3ad2640:     165 tokens, checkpoints:  0,    20.628 MiB
slot update_slots: id  1 | task 4646 | new prompt, n_ctx_slot = 4096, n_keep = 0, task.n_tokens = 32
slot update_slots: id  1 | task 4646 | n_tokens = 0, memory_seq_rm [0, end)
slot init_sampler: id  1 | task 4646 | init sampler, took 0.02 ms, tokens: text = 32, total = 32
slot update_slots: id  1 | task 4646 | prompt processing done, n_tokens = 32, batch.n_tokens = 32
srv  log_server_r: done request: POST /completion 127.0.0.1 200
slot print_timing: id  1 | task 4646 | 
prompt eval time =    9011.87 ms /    32 tokens (  281.62 ms per token,     3.55 tokens per second)
       eval time =   32728.87 ms /   100 tokens (  327.29 ms per token,     3.06 tokens per second)
      total time =   41740.74 ms /   132 tokens
slot      release: id  1 | task 4646 | stop processing: n_tokens = 131, truncated = 0
srv  update_slots: all slots are idle
slot get_availabl: id  0 | task -1 | selected slot by LRU, t_last = 280870306151
srv  get_availabl: updating prompt cache
srv          load:  - looking for better prompt, base f_keep = -1.000, sim = 0.000
srv          load:  - found better prompt with f_keep = 0.267, sim = 1.000
srv        update:  - cache state: 44 prompts, 979.998 MiB (limits: 8192.000 MiB, 4096 tokens, 65527 est)
srv        update:    - prompt 0x439af80:     106 tokens, checkpoints:  0,    13.252 MiB
srv        update:    - prompt 0xf0ef60:     107 tokens, checkpoints:  0,    13.377 MiB
srv        update:    - prompt 0x321cf30:     106 tokens, checkpoints:  0,    13.252 MiB
srv        update:    - prompt 0x439bbc0:     107 tokens, checkpoints:  0,    13.377 MiB
srv        update:    - prompt 0x321d650:     105 tokens, checkpoints:  0,    13.127 MiB
srv        update:    - prompt 0x321d8b0:     110 tokens, checkpoints:  0,    13.752 MiB
srv        update:    - prompt 0x439fd00:     116 tokens, checkpoints:  0,    14.502 MiB
srv        update:    - prompt 0x322b480:     109 tokens, checkpoints:  0,    13.627 MiB
srv        update:    - prompt 0x4be6150:     113 tokens, checkpoints:  0,    14.127 MiB
srv        update:    - prompt 0x323a9a0:     108 tokens, checkpoints:  0,    13.502 MiB
srv        update:    - prompt 0x32196f0:     108 tokens, checkpoints:  0,    13.502 MiB
srv        update:    - prompt 0x322b390:     108 tokens, checkpoints:  0,    13.502 MiB
srv        update:    - prompt 0x32307d0:     111 tokens, checkpoints:  0,    13.877 MiB
srv        update:    - prompt 0x321d2c0:     119 tokens, checkpoints:  0,    14.877 MiB
srv        update:    - prompt 0xf09400:     123 tokens, checkpoints:  0,    15.377 MiB
srv        update:    - prompt 0x438c810:     131 tokens, checkpoints:  0,    16.377 MiB
srv        update:    - prompt 0x3226c10:     132 tokens, checkpoints:  0,    16.502 MiB
srv        update:    - prompt 0x3227150:     146 tokens, checkpoints:  0,    18.252 MiB
srv        update:    - prompt 0x3acc150:     130 tokens, checkpoints:  0,    16.252 MiB
srv        update:    - prompt 0xee0440:     136 tokens, checkpoints:  0,    17.002 MiB
srv        update:    - prompt 0x439dde0:     136 tokens, checkpoints:  0,    17.002 MiB
srv        update:    - prompt 0x439a490:     241 tokens, checkpoints:  0,    30.129 MiB
srv        update:    - prompt 0x118e9b0:     325 tokens, checkpoints:  0,    40.629 MiB
srv        update:    - prompt 0xfffdcc0062a0:     363 tokens, checkpoints:  0,    45.380 MiB
srv        update:    - prompt 0xfffdc4004ad0:     425 tokens, checkpoints:  0,    53.131 MiB
srv        update:    - prompt 0xf09840:     409 tokens, checkpoints:  0,    51.130 MiB
srv        update:    - prompt 0x439b5f0:     412 tokens, checkpoints:  0,    51.505 MiB
srv        update:    - prompt 0x439fb50:     418 tokens, checkpoints:  0,    52.256 MiB
srv        update:    - prompt 0x32210b0:     415 tokens, checkpoints:  0,    51.880 MiB
srv        update:    - prompt 0xf0c700:     431 tokens, checkpoints:  0,    53.881 MiB
srv        update:    - prompt 0x322c4e0:     431 tokens, checkpoints:  0,    53.881 MiB
srv        update:    - prompt 0x322db30:     107 tokens, checkpoints:  0,    13.377 MiB
srv        update:    - prompt 0x3ad97f0:     105 tokens, checkpoints:  0,    13.127 MiB
srv        update:    - prompt 0x3ae3990:     110 tokens, checkpoints:  0,    13.752 MiB
srv        update:    - prompt 0xf12110:     116 tokens, checkpoints:  0,    14.502 MiB
srv        update:    - prompt 0x3227d70:     109 tokens, checkpoints:  0,    13.627 MiB
srv        update:    - prompt 0x3ad80f0:     113 tokens, checkpoints:  0,    14.127 MiB
srv        update:    - prompt 0x3adfb10:     108 tokens, checkpoints:  0,    13.502 MiB
srv        update:    - prompt 0x3ae19d0:     108 tokens, checkpoints:  0,    13.502 MiB
srv        update:    - prompt 0x3ad7650:     108 tokens, checkpoints:  0,    13.502 MiB
srv        update:    - prompt 0x3ad5750:     111 tokens, checkpoints:  0,    13.877 MiB
srv        update:    - prompt 0x3af4e20:     119 tokens, checkpoints:  0,    14.877 MiB
srv        update:    - prompt 0x3221890:     123 tokens, checkpoints:  0,    15.377 MiB
srv        update:    - prompt 0x3ad2640:     165 tokens, checkpoints:  0,    20.628 MiB
srv  get_availabl: prompt cache update took 5.71 ms
slot launch_slot_: id  0 | task -1 | sampler chain: logits -> ?penalties -> ?dry -> ?top-n-sigma -> top-k -> ?typical -> top-p -> min-p -> ?xtc -> temp-ext -> dist 
slot launch_slot_: id  0 | task 4747 | processing task, is_child = 0
slot slot_save_an: id  1 | task -1 | saving idle slot to prompt cache
srv   prompt_save:  - saving prompt with length 131, total state size = 16.377 MiB
slot prompt_clear: id  1 | task -1 | clearing prompt with 131 tokens
srv        update:  - cache state: 45 prompts, 996.375 MiB (limits: 8192.000 MiB, 4096 tokens, 65527 est)
srv        update:    - prompt 0x439af80:     106 tokens, checkpoints:  0,    13.252 MiB
srv        update:    - prompt 0xf0ef60:     107 tokens, checkpoints:  0,    13.377 MiB
srv        update:    - prompt 0x321cf30:     106 tokens, checkpoints:  0,    13.252 MiB
srv        update:    - prompt 0x439bbc0:     107 tokens, checkpoints:  0,    13.377 MiB
srv        update:    - prompt 0x321d650:     105 tokens, checkpoints:  0,    13.127 MiB
srv        update:    - prompt 0x321d8b0:     110 tokens, checkpoints:  0,    13.752 MiB
srv        update:    - prompt 0x439fd00:     116 tokens, checkpoints:  0,    14.502 MiB
srv        update:    - prompt 0x322b480:     109 tokens, checkpoints:  0,    13.627 MiB
srv        update:    - prompt 0x4be6150:     113 tokens, checkpoints:  0,    14.127 MiB
srv        update:    - prompt 0x323a9a0:     108 tokens, checkpoints:  0,    13.502 MiB
srv        update:    - prompt 0x32196f0:     108 tokens, checkpoints:  0,    13.502 MiB
srv        update:    - prompt 0x322b390:     108 tokens, checkpoints:  0,    13.502 MiB
srv        update:    - prompt 0x32307d0:     111 tokens, checkpoints:  0,    13.877 MiB
srv        update:    - prompt 0x321d2c0:     119 tokens, checkpoints:  0,    14.877 MiB
srv        update:    - prompt 0xf09400:     123 tokens, checkpoints:  0,    15.377 MiB
srv        update:    - prompt 0x438c810:     131 tokens, checkpoints:  0,    16.377 MiB
srv        update:    - prompt 0x3226c10:     132 tokens, checkpoints:  0,    16.502 MiB
srv        update:    - prompt 0x3227150:     146 tokens, checkpoints:  0,    18.252 MiB
srv        update:    - prompt 0x3acc150:     130 tokens, checkpoints:  0,    16.252 MiB
srv        update:    - prompt 0xee0440:     136 tokens, checkpoints:  0,    17.002 MiB
srv        update:    - prompt 0x439dde0:     136 tokens, checkpoints:  0,    17.002 MiB
srv        update:    - prompt 0x439a490:     241 tokens, checkpoints:  0,    30.129 MiB
srv        update:    - prompt 0x118e9b0:     325 tokens, checkpoints:  0,    40.629 MiB
srv        update:    - prompt 0xfffdcc0062a0:     363 tokens, checkpoints:  0,    45.380 MiB
srv        update:    - prompt 0xfffdc4004ad0:     425 tokens, checkpoints:  0,    53.131 MiB
srv        update:    - prompt 0xf09840:     409 tokens, checkpoints:  0,    51.130 MiB
srv        update:    - prompt 0x439b5f0:     412 tokens, checkpoints:  0,    51.505 MiB
srv        update:    - prompt 0x439fb50:     418 tokens, checkpoints:  0,    52.256 MiB
srv        update:    - prompt 0x32210b0:     415 tokens, checkpoints:  0,    51.880 MiB
srv        update:    - prompt 0xf0c700:     431 tokens, checkpoints:  0,    53.881 MiB
srv        update:    - prompt 0x322c4e0:     431 tokens, checkpoints:  0,    53.881 MiB
srv        update:    - prompt 0x322db30:     107 tokens, checkpoints:  0,    13.377 MiB
srv        update:    - prompt 0x3ad97f0:     105 tokens, checkpoints:  0,    13.127 MiB
srv        update:    - prompt 0x3ae3990:     110 tokens, checkpoints:  0,    13.752 MiB
srv        update:    - prompt 0xf12110:     116 tokens, checkpoints:  0,    14.502 MiB
srv        update:    - prompt 0x3227d70:     109 tokens, checkpoints:  0,    13.627 MiB
srv        update:    - prompt 0x3ad80f0:     113 tokens, checkpoints:  0,    14.127 MiB
srv        update:    - prompt 0x3adfb10:     108 tokens, checkpoints:  0,    13.502 MiB
srv        update:    - prompt 0x3ae19d0:     108 tokens, checkpoints:  0,    13.502 MiB
srv        update:    - prompt 0x3ad7650:     108 tokens, checkpoints:  0,    13.502 MiB
srv        update:    - prompt 0x3ad5750:     111 tokens, checkpoints:  0,    13.877 MiB
srv        update:    - prompt 0x3af4e20:     119 tokens, checkpoints:  0,    14.877 MiB
srv        update:    - prompt 0x3221890:     123 tokens, checkpoints:  0,    15.377 MiB
srv        update:    - prompt 0x3ad2640:     165 tokens, checkpoints:  0,    20.628 MiB
srv        update:    - prompt 0x43967b0:     131 tokens, checkpoints:  0,    16.377 MiB
slot update_slots: id  0 | task 4747 | new prompt, n_ctx_slot = 4096, n_keep = 0, task.n_tokens = 36
slot update_slots: id  0 | task 4747 | n_tokens = 0, memory_seq_rm [0, end)
slot init_sampler: id  0 | task 4747 | init sampler, took 0.02 ms, tokens: text = 36, total = 36
slot update_slots: id  0 | task 4747 | prompt processing done, n_tokens = 36, batch.n_tokens = 36
srv  log_server_r: done request: POST /completion 127.0.0.1 200
slot print_timing: id  0 | task 4747 | 
prompt eval time =   10145.11 ms /    36 tokens (  281.81 ms per token,     3.55 tokens per second)
       eval time =   32761.56 ms /   100 tokens (  327.62 ms per token,     3.05 tokens per second)
      total time =   42906.68 ms /   136 tokens
slot      release: id  0 | task 4747 | stop processing: n_tokens = 135, truncated = 0
srv  update_slots: all slots are idle
slot get_availabl: id  3 | task -1 | selected slot by LRU, t_last = 280910352651
srv  get_availabl: updating prompt cache
srv          load:  - looking for better prompt, base f_keep = -1.000, sim = 0.000
srv          load:  - found better prompt with f_keep = 0.250, sim = 1.000
srv        update:  - cache state: 44 prompts, 979.873 MiB (limits: 8192.000 MiB, 4096 tokens, 65527 est)
srv        update:    - prompt 0x439af80:     106 tokens, checkpoints:  0,    13.252 MiB
srv        update:    - prompt 0xf0ef60:     107 tokens, checkpoints:  0,    13.377 MiB
srv        update:    - prompt 0x321cf30:     106 tokens, checkpoints:  0,    13.252 MiB
srv        update:    - prompt 0x439bbc0:     107 tokens, checkpoints:  0,    13.377 MiB
srv        update:    - prompt 0x321d650:     105 tokens, checkpoints:  0,    13.127 MiB
srv        update:    - prompt 0x321d8b0:     110 tokens, checkpoints:  0,    13.752 MiB
srv        update:    - prompt 0x439fd00:     116 tokens, checkpoints:  0,    14.502 MiB
srv        update:    - prompt 0x322b480:     109 tokens, checkpoints:  0,    13.627 MiB
srv        update:    - prompt 0x4be6150:     113 tokens, checkpoints:  0,    14.127 MiB
srv        update:    - prompt 0x323a9a0:     108 tokens, checkpoints:  0,    13.502 MiB
srv        update:    - prompt 0x32196f0:     108 tokens, checkpoints:  0,    13.502 MiB
srv        update:    - prompt 0x322b390:     108 tokens, checkpoints:  0,    13.502 MiB
srv        update:    - prompt 0x32307d0:     111 tokens, checkpoints:  0,    13.877 MiB
srv        update:    - prompt 0x321d2c0:     119 tokens, checkpoints:  0,    14.877 MiB
srv        update:    - prompt 0xf09400:     123 tokens, checkpoints:  0,    15.377 MiB
srv        update:    - prompt 0x438c810:     131 tokens, checkpoints:  0,    16.377 MiB
srv        update:    - prompt 0x3227150:     146 tokens, checkpoints:  0,    18.252 MiB
srv        update:    - prompt 0x3acc150:     130 tokens, checkpoints:  0,    16.252 MiB
srv        update:    - prompt 0xee0440:     136 tokens, checkpoints:  0,    17.002 MiB
srv        update:    - prompt 0x439dde0:     136 tokens, checkpoints:  0,    17.002 MiB
srv        update:    - prompt 0x439a490:     241 tokens, checkpoints:  0,    30.129 MiB
srv        update:    - prompt 0x118e9b0:     325 tokens, checkpoints:  0,    40.629 MiB
srv        update:    - prompt 0xfffdcc0062a0:     363 tokens, checkpoints:  0,    45.380 MiB
srv        update:    - prompt 0xfffdc4004ad0:     425 tokens, checkpoints:  0,    53.131 MiB
srv        update:    - prompt 0xf09840:     409 tokens, checkpoints:  0,    51.130 MiB
srv        update:    - prompt 0x439b5f0:     412 tokens, checkpoints:  0,    51.505 MiB
srv        update:    - prompt 0x439fb50:     418 tokens, checkpoints:  0,    52.256 MiB
srv        update:    - prompt 0x32210b0:     415 tokens, checkpoints:  0,    51.880 MiB
srv        update:    - prompt 0xf0c700:     431 tokens, checkpoints:  0,    53.881 MiB
srv        update:    - prompt 0x322c4e0:     431 tokens, checkpoints:  0,    53.881 MiB
srv        update:    - prompt 0x322db30:     107 tokens, checkpoints:  0,    13.377 MiB
srv        update:    - prompt 0x3ad97f0:     105 tokens, checkpoints:  0,    13.127 MiB
srv        update:    - prompt 0x3ae3990:     110 tokens, checkpoints:  0,    13.752 MiB
srv        update:    - prompt 0xf12110:     116 tokens, checkpoints:  0,    14.502 MiB
srv        update:    - prompt 0x3227d70:     109 tokens, checkpoints:  0,    13.627 MiB
srv        update:    - prompt 0x3ad80f0:     113 tokens, checkpoints:  0,    14.127 MiB
srv        update:    - prompt 0x3adfb10:     108 tokens, checkpoints:  0,    13.502 MiB
srv        update:    - prompt 0x3ae19d0:     108 tokens, checkpoints:  0,    13.502 MiB
srv        update:    - prompt 0x3ad7650:     108 tokens, checkpoints:  0,    13.502 MiB
srv        update:    - prompt 0x3ad5750:     111 tokens, checkpoints:  0,    13.877 MiB
srv        update:    - prompt 0x3af4e20:     119 tokens, checkpoints:  0,    14.877 MiB
srv        update:    - prompt 0x3221890:     123 tokens, checkpoints:  0,    15.377 MiB
srv        update:    - prompt 0x3ad2640:     165 tokens, checkpoints:  0,    20.628 MiB
srv        update:    - prompt 0x43967b0:     131 tokens, checkpoints:  0,    16.377 MiB
srv  get_availabl: prompt cache update took 5.63 ms
slot launch_slot_: id  3 | task -1 | sampler chain: logits -> ?penalties -> ?dry -> ?top-n-sigma -> top-k -> ?typical -> top-p -> min-p -> ?xtc -> temp-ext -> dist 
slot launch_slot_: id  3 | task 4848 | processing task, is_child = 0
slot slot_save_an: id  0 | task -1 | saving idle slot to prompt cache
srv   prompt_save:  - saving prompt with length 135, total state size = 16.877 MiB
slot prompt_clear: id  0 | task -1 | clearing prompt with 135 tokens
srv        update:  - cache state: 45 prompts, 996.750 MiB (limits: 8192.000 MiB, 4096 tokens, 65527 est)
srv        update:    - prompt 0x439af80:     106 tokens, checkpoints:  0,    13.252 MiB
srv        update:    - prompt 0xf0ef60:     107 tokens, checkpoints:  0,    13.377 MiB
srv        update:    - prompt 0x321cf30:     106 tokens, checkpoints:  0,    13.252 MiB
srv        update:    - prompt 0x439bbc0:     107 tokens, checkpoints:  0,    13.377 MiB
srv        update:    - prompt 0x321d650:     105 tokens, checkpoints:  0,    13.127 MiB
srv        update:    - prompt 0x321d8b0:     110 tokens, checkpoints:  0,    13.752 MiB
srv        update:    - prompt 0x439fd00:     116 tokens, checkpoints:  0,    14.502 MiB
srv        update:    - prompt 0x322b480:     109 tokens, checkpoints:  0,    13.627 MiB
srv        update:    - prompt 0x4be6150:     113 tokens, checkpoints:  0,    14.127 MiB
srv        update:    - prompt 0x323a9a0:     108 tokens, checkpoints:  0,    13.502 MiB
srv        update:    - prompt 0x32196f0:     108 tokens, checkpoints:  0,    13.502 MiB
srv        update:    - prompt 0x322b390:     108 tokens, checkpoints:  0,    13.502 MiB
srv        update:    - prompt 0x32307d0:     111 tokens, checkpoints:  0,    13.877 MiB
srv        update:    - prompt 0x321d2c0:     119 tokens, checkpoints:  0,    14.877 MiB
srv        update:    - prompt 0xf09400:     123 tokens, checkpoints:  0,    15.377 MiB
srv        update:    - prompt 0x438c810:     131 tokens, checkpoints:  0,    16.377 MiB
srv        update:    - prompt 0x3227150:     146 tokens, checkpoints:  0,    18.252 MiB
srv        update:    - prompt 0x3acc150:     130 tokens, checkpoints:  0,    16.252 MiB
srv        update:    - prompt 0xee0440:     136 tokens, checkpoints:  0,    17.002 MiB
srv        update:    - prompt 0x439dde0:     136 tokens, checkpoints:  0,    17.002 MiB
srv        update:    - prompt 0x439a490:     241 tokens, checkpoints:  0,    30.129 MiB
srv        update:    - prompt 0x118e9b0:     325 tokens, checkpoints:  0,    40.629 MiB
srv        update:    - prompt 0xfffdcc0062a0:     363 tokens, checkpoints:  0,    45.380 MiB
srv        update:    - prompt 0xfffdc4004ad0:     425 tokens, checkpoints:  0,    53.131 MiB
srv        update:    - prompt 0xf09840:     409 tokens, checkpoints:  0,    51.130 MiB
srv        update:    - prompt 0x439b5f0:     412 tokens, checkpoints:  0,    51.505 MiB
srv        update:    - prompt 0x439fb50:     418 tokens, checkpoints:  0,    52.256 MiB
srv        update:    - prompt 0x32210b0:     415 tokens, checkpoints:  0,    51.880 MiB
srv        update:    - prompt 0xf0c700:     431 tokens, checkpoints:  0,    53.881 MiB
srv        update:    - prompt 0x322c4e0:     431 tokens, checkpoints:  0,    53.881 MiB
srv        update:    - prompt 0x322db30:     107 tokens, checkpoints:  0,    13.377 MiB
srv        update:    - prompt 0x3ad97f0:     105 tokens, checkpoints:  0,    13.127 MiB
srv        update:    - prompt 0x3ae3990:     110 tokens, checkpoints:  0,    13.752 MiB
srv        update:    - prompt 0xf12110:     116 tokens, checkpoints:  0,    14.502 MiB
srv        update:    - prompt 0x3227d70:     109 tokens, checkpoints:  0,    13.627 MiB
srv        update:    - prompt 0x3ad80f0:     113 tokens, checkpoints:  0,    14.127 MiB
srv        update:    - prompt 0x3adfb10:     108 tokens, checkpoints:  0,    13.502 MiB
srv        update:    - prompt 0x3ae19d0:     108 tokens, checkpoints:  0,    13.502 MiB
srv        update:    - prompt 0x3ad7650:     108 tokens, checkpoints:  0,    13.502 MiB
srv        update:    - prompt 0x3ad5750:     111 tokens, checkpoints:  0,    13.877 MiB
srv        update:    - prompt 0x3af4e20:     119 tokens, checkpoints:  0,    14.877 MiB
srv        update:    - prompt 0x3221890:     123 tokens, checkpoints:  0,    15.377 MiB
srv        update:    - prompt 0x3ad2640:     165 tokens, checkpoints:  0,    20.628 MiB
srv        update:    - prompt 0x43967b0:     131 tokens, checkpoints:  0,    16.377 MiB
srv        update:    - prompt 0x3af7790:     135 tokens, checkpoints:  0,    16.877 MiB
slot update_slots: id  3 | task 4848 | new prompt, n_ctx_slot = 4096, n_keep = 0, task.n_tokens = 33
slot update_slots: id  3 | task 4848 | n_tokens = 0, memory_seq_rm [0, end)
slot init_sampler: id  3 | task 4848 | init sampler, took 0.02 ms, tokens: text = 33, total = 33
slot update_slots: id  3 | task 4848 | prompt processing done, n_tokens = 33, batch.n_tokens = 33
srv  log_server_r: done request: POST /completion 127.0.0.1 200
slot print_timing: id  3 | task 4848 | 
prompt eval time =    9306.79 ms /    33 tokens (  282.02 ms per token,     3.55 tokens per second)
       eval time =   32719.12 ms /   100 tokens (  327.19 ms per token,     3.06 tokens per second)
      total time =   42025.91 ms /   133 tokens
slot      release: id  3 | task 4848 | stop processing: n_tokens = 132, truncated = 0
srv  update_slots: all slots are idle
slot get_availabl: id  2 | task -1 | selected slot by LRU, t_last = 280964279618
srv  get_availabl: updating prompt cache
srv          load:  - looking for better prompt, base f_keep = -1.000, sim = 0.000
srv          load:  - found better prompt with f_keep = 0.322, sim = 1.000
srv        update:  - cache state: 44 prompts, 978.497 MiB (limits: 8192.000 MiB, 4096 tokens, 65527 est)
srv        update:    - prompt 0x439af80:     106 tokens, checkpoints:  0,    13.252 MiB
srv        update:    - prompt 0xf0ef60:     107 tokens, checkpoints:  0,    13.377 MiB
srv        update:    - prompt 0x321cf30:     106 tokens, checkpoints:  0,    13.252 MiB
srv        update:    - prompt 0x439bbc0:     107 tokens, checkpoints:  0,    13.377 MiB
srv        update:    - prompt 0x321d650:     105 tokens, checkpoints:  0,    13.127 MiB
srv        update:    - prompt 0x321d8b0:     110 tokens, checkpoints:  0,    13.752 MiB
srv        update:    - prompt 0x439fd00:     116 tokens, checkpoints:  0,    14.502 MiB
srv        update:    - prompt 0x322b480:     109 tokens, checkpoints:  0,    13.627 MiB
srv        update:    - prompt 0x4be6150:     113 tokens, checkpoints:  0,    14.127 MiB
srv        update:    - prompt 0x323a9a0:     108 tokens, checkpoints:  0,    13.502 MiB
srv        update:    - prompt 0x32196f0:     108 tokens, checkpoints:  0,    13.502 MiB
srv        update:    - prompt 0x322b390:     108 tokens, checkpoints:  0,    13.502 MiB
srv        update:    - prompt 0x32307d0:     111 tokens, checkpoints:  0,    13.877 MiB
srv        update:    - prompt 0x321d2c0:     119 tokens, checkpoints:  0,    14.877 MiB
srv        update:    - prompt 0xf09400:     123 tokens, checkpoints:  0,    15.377 MiB
srv        update:    - prompt 0x438c810:     131 tokens, checkpoints:  0,    16.377 MiB
srv        update:    - prompt 0x3acc150:     130 tokens, checkpoints:  0,    16.252 MiB
srv        update:    - prompt 0xee0440:     136 tokens, checkpoints:  0,    17.002 MiB
srv        update:    - prompt 0x439dde0:     136 tokens, checkpoints:  0,    17.002 MiB
srv        update:    - prompt 0x439a490:     241 tokens, checkpoints:  0,    30.129 MiB
srv        update:    - prompt 0x118e9b0:     325 tokens, checkpoints:  0,    40.629 MiB
srv        update:    - prompt 0xfffdcc0062a0:     363 tokens, checkpoints:  0,    45.380 MiB
srv        update:    - prompt 0xfffdc4004ad0:     425 tokens, checkpoints:  0,    53.131 MiB
srv        update:    - prompt 0xf09840:     409 tokens, checkpoints:  0,    51.130 MiB
srv        update:    - prompt 0x439b5f0:     412 tokens, checkpoints:  0,    51.505 MiB
srv        update:    - prompt 0x439fb50:     418 tokens, checkpoints:  0,    52.256 MiB
srv        update:    - prompt 0x32210b0:     415 tokens, checkpoints:  0,    51.880 MiB
srv        update:    - prompt 0xf0c700:     431 tokens, checkpoints:  0,    53.881 MiB
srv        update:    - prompt 0x322c4e0:     431 tokens, checkpoints:  0,    53.881 MiB
srv        update:    - prompt 0x322db30:     107 tokens, checkpoints:  0,    13.377 MiB
srv        update:    - prompt 0x3ad97f0:     105 tokens, checkpoints:  0,    13.127 MiB
srv        update:    - prompt 0x3ae3990:     110 tokens, checkpoints:  0,    13.752 MiB
srv        update:    - prompt 0xf12110:     116 tokens, checkpoints:  0,    14.502 MiB
srv        update:    - prompt 0x3227d70:     109 tokens, checkpoints:  0,    13.627 MiB
srv        update:    - prompt 0x3ad80f0:     113 tokens, checkpoints:  0,    14.127 MiB
srv        update:    - prompt 0x3adfb10:     108 tokens, checkpoints:  0,    13.502 MiB
srv        update:    - prompt 0x3ae19d0:     108 tokens, checkpoints:  0,    13.502 MiB
srv        update:    - prompt 0x3ad7650:     108 tokens, checkpoints:  0,    13.502 MiB
srv        update:    - prompt 0x3ad5750:     111 tokens, checkpoints:  0,    13.877 MiB
srv        update:    - prompt 0x3af4e20:     119 tokens, checkpoints:  0,    14.877 MiB
srv        update:    - prompt 0x3221890:     123 tokens, checkpoints:  0,    15.377 MiB
srv        update:    - prompt 0x3ad2640:     165 tokens, checkpoints:  0,    20.628 MiB
srv        update:    - prompt 0x43967b0:     131 tokens, checkpoints:  0,    16.377 MiB
srv        update:    - prompt 0x3af7790:     135 tokens, checkpoints:  0,    16.877 MiB
srv  get_availabl: prompt cache update took 5.91 ms
slot launch_slot_: id  2 | task -1 | sampler chain: logits -> ?penalties -> ?dry -> ?top-n-sigma -> top-k -> ?typical -> top-p -> min-p -> ?xtc -> temp-ext -> dist 
slot launch_slot_: id  2 | task 4949 | processing task, is_child = 0
slot slot_save_an: id  3 | task -1 | saving idle slot to prompt cache
srv   prompt_save:  - saving prompt with length 132, total state size = 16.502 MiB
slot prompt_clear: id  3 | task -1 | clearing prompt with 132 tokens
srv        update:  - cache state: 45 prompts, 995.000 MiB (limits: 8192.000 MiB, 4096 tokens, 65527 est)
srv        update:    - prompt 0x439af80:     106 tokens, checkpoints:  0,    13.252 MiB
srv        update:    - prompt 0xf0ef60:     107 tokens, checkpoints:  0,    13.377 MiB
srv        update:    - prompt 0x321cf30:     106 tokens, checkpoints:  0,    13.252 MiB
srv        update:    - prompt 0x439bbc0:     107 tokens, checkpoints:  0,    13.377 MiB
srv        update:    - prompt 0x321d650:     105 tokens, checkpoints:  0,    13.127 MiB
srv        update:    - prompt 0x321d8b0:     110 tokens, checkpoints:  0,    13.752 MiB
srv        update:    - prompt 0x439fd00:     116 tokens, checkpoints:  0,    14.502 MiB
srv        update:    - prompt 0x322b480:     109 tokens, checkpoints:  0,    13.627 MiB
srv        update:    - prompt 0x4be6150:     113 tokens, checkpoints:  0,    14.127 MiB
srv        update:    - prompt 0x323a9a0:     108 tokens, checkpoints:  0,    13.502 MiB
srv        update:    - prompt 0x32196f0:     108 tokens, checkpoints:  0,    13.502 MiB
srv        update:    - prompt 0x322b390:     108 tokens, checkpoints:  0,    13.502 MiB
srv        update:    - prompt 0x32307d0:     111 tokens, checkpoints:  0,    13.877 MiB
srv        update:    - prompt 0x321d2c0:     119 tokens, checkpoints:  0,    14.877 MiB
srv        update:    - prompt 0xf09400:     123 tokens, checkpoints:  0,    15.377 MiB
srv        update:    - prompt 0x438c810:     131 tokens, checkpoints:  0,    16.377 MiB
srv        update:    - prompt 0x3acc150:     130 tokens, checkpoints:  0,    16.252 MiB
srv        update:    - prompt 0xee0440:     136 tokens, checkpoints:  0,    17.002 MiB
srv        update:    - prompt 0x439dde0:     136 tokens, checkpoints:  0,    17.002 MiB
srv        update:    - prompt 0x439a490:     241 tokens, checkpoints:  0,    30.129 MiB
srv        update:    - prompt 0x118e9b0:     325 tokens, checkpoints:  0,    40.629 MiB
srv        update:    - prompt 0xfffdcc0062a0:     363 tokens, checkpoints:  0,    45.380 MiB
srv        update:    - prompt 0xfffdc4004ad0:     425 tokens, checkpoints:  0,    53.131 MiB
srv        update:    - prompt 0xf09840:     409 tokens, checkpoints:  0,    51.130 MiB
srv        update:    - prompt 0x439b5f0:     412 tokens, checkpoints:  0,    51.505 MiB
srv        update:    - prompt 0x439fb50:     418 tokens, checkpoints:  0,    52.256 MiB
srv        update:    - prompt 0x32210b0:     415 tokens, checkpoints:  0,    51.880 MiB
srv        update:    - prompt 0xf0c700:     431 tokens, checkpoints:  0,    53.881 MiB
srv        update:    - prompt 0x322c4e0:     431 tokens, checkpoints:  0,    53.881 MiB
srv        update:    - prompt 0x322db30:     107 tokens, checkpoints:  0,    13.377 MiB
srv        update:    - prompt 0x3ad97f0:     105 tokens, checkpoints:  0,    13.127 MiB
srv        update:    - prompt 0x3ae3990:     110 tokens, checkpoints:  0,    13.752 MiB
srv        update:    - prompt 0xf12110:     116 tokens, checkpoints:  0,    14.502 MiB
srv        update:    - prompt 0x3227d70:     109 tokens, checkpoints:  0,    13.627 MiB
srv        update:    - prompt 0x3ad80f0:     113 tokens, checkpoints:  0,    14.127 MiB
srv        update:    - prompt 0x3adfb10:     108 tokens, checkpoints:  0,    13.502 MiB
srv        update:    - prompt 0x3ae19d0:     108 tokens, checkpoints:  0,    13.502 MiB
srv        update:    - prompt 0x3ad7650:     108 tokens, checkpoints:  0,    13.502 MiB
srv        update:    - prompt 0x3ad5750:     111 tokens, checkpoints:  0,    13.877 MiB
srv        update:    - prompt 0x3af4e20:     119 tokens, checkpoints:  0,    14.877 MiB
srv        update:    - prompt 0x3221890:     123 tokens, checkpoints:  0,    15.377 MiB
srv        update:    - prompt 0x3ad2640:     165 tokens, checkpoints:  0,    20.628 MiB
srv        update:    - prompt 0x43967b0:     131 tokens, checkpoints:  0,    16.377 MiB
srv        update:    - prompt 0x3af7790:     135 tokens, checkpoints:  0,    16.877 MiB
srv        update:    - prompt 0x3226c10:     132 tokens, checkpoints:  0,    16.502 MiB
slot update_slots: id  2 | task 4949 | new prompt, n_ctx_slot = 4096, n_keep = 0, task.n_tokens = 47
slot update_slots: id  2 | task 4949 | n_tokens = 0, memory_seq_rm [0, end)
slot init_sampler: id  2 | task 4949 | init sampler, took 0.03 ms, tokens: text = 47, total = 47
slot update_slots: id  2 | task 4949 | prompt processing done, n_tokens = 47, batch.n_tokens = 47
srv  log_server_r: done request: POST /completion 127.0.0.1 200
slot print_timing: id  2 | task 4949 | 
prompt eval time =   13223.67 ms /    47 tokens (  281.35 ms per token,     3.55 tokens per second)
       eval time =   32777.03 ms /   100 tokens (  327.77 ms per token,     3.05 tokens per second)
      total time =   46000.70 ms /   147 tokens
slot      release: id  2 | task 4949 | stop processing: n_tokens = 146, truncated = 0
srv  update_slots: all slots are idle
slot get_availabl: id  1 | task -1 | selected slot by LRU, t_last = 281006607773
srv  get_availabl: updating prompt cache
srv          load:  - looking for better prompt, base f_keep = -1.000, sim = 0.000
srv        update:  - cache state: 45 prompts, 995.000 MiB (limits: 8192.000 MiB, 4096 tokens, 65527 est)
srv        update:    - prompt 0x439af80:     106 tokens, checkpoints:  0,    13.252 MiB
srv        update:    - prompt 0xf0ef60:     107 tokens, checkpoints:  0,    13.377 MiB
srv        update:    - prompt 0x321cf30:     106 tokens, checkpoints:  0,    13.252 MiB
srv        update:    - prompt 0x439bbc0:     107 tokens, checkpoints:  0,    13.377 MiB
srv        update:    - prompt 0x321d650:     105 tokens, checkpoints:  0,    13.127 MiB
srv        update:    - prompt 0x321d8b0:     110 tokens, checkpoints:  0,    13.752 MiB
srv        update:    - prompt 0x439fd00:     116 tokens, checkpoints:  0,    14.502 MiB
srv        update:    - prompt 0x322b480:     109 tokens, checkpoints:  0,    13.627 MiB
srv        update:    - prompt 0x4be6150:     113 tokens, checkpoints:  0,    14.127 MiB
srv        update:    - prompt 0x323a9a0:     108 tokens, checkpoints:  0,    13.502 MiB
srv        update:    - prompt 0x32196f0:     108 tokens, checkpoints:  0,    13.502 MiB
srv        update:    - prompt 0x322b390:     108 tokens, checkpoints:  0,    13.502 MiB
srv        update:    - prompt 0x32307d0:     111 tokens, checkpoints:  0,    13.877 MiB
srv        update:    - prompt 0x321d2c0:     119 tokens, checkpoints:  0,    14.877 MiB
srv        update:    - prompt 0xf09400:     123 tokens, checkpoints:  0,    15.377 MiB
srv        update:    - prompt 0x438c810:     131 tokens, checkpoints:  0,    16.377 MiB
srv        update:    - prompt 0x3acc150:     130 tokens, checkpoints:  0,    16.252 MiB
srv        update:    - prompt 0xee0440:     136 tokens, checkpoints:  0,    17.002 MiB
srv        update:    - prompt 0x439dde0:     136 tokens, checkpoints:  0,    17.002 MiB
srv        update:    - prompt 0x439a490:     241 tokens, checkpoints:  0,    30.129 MiB
srv        update:    - prompt 0x118e9b0:     325 tokens, checkpoints:  0,    40.629 MiB
srv        update:    - prompt 0xfffdcc0062a0:     363 tokens, checkpoints:  0,    45.380 MiB
srv        update:    - prompt 0xfffdc4004ad0:     425 tokens, checkpoints:  0,    53.131 MiB
srv        update:    - prompt 0xf09840:     409 tokens, checkpoints:  0,    51.130 MiB
srv        update:    - prompt 0x439b5f0:     412 tokens, checkpoints:  0,    51.505 MiB
srv        update:    - prompt 0x439fb50:     418 tokens, checkpoints:  0,    52.256 MiB
srv        update:    - prompt 0x32210b0:     415 tokens, checkpoints:  0,    51.880 MiB
srv        update:    - prompt 0xf0c700:     431 tokens, checkpoints:  0,    53.881 MiB
srv        update:    - prompt 0x322c4e0:     431 tokens, checkpoints:  0,    53.881 MiB
srv        update:    - prompt 0x322db30:     107 tokens, checkpoints:  0,    13.377 MiB
srv        update:    - prompt 0x3ad97f0:     105 tokens, checkpoints:  0,    13.127 MiB
srv        update:    - prompt 0x3ae3990:     110 tokens, checkpoints:  0,    13.752 MiB
srv        update:    - prompt 0xf12110:     116 tokens, checkpoints:  0,    14.502 MiB
srv        update:    - prompt 0x3227d70:     109 tokens, checkpoints:  0,    13.627 MiB
srv        update:    - prompt 0x3ad80f0:     113 tokens, checkpoints:  0,    14.127 MiB
srv        update:    - prompt 0x3adfb10:     108 tokens, checkpoints:  0,    13.502 MiB
srv        update:    - prompt 0x3ae19d0:     108 tokens, checkpoints:  0,    13.502 MiB
srv        update:    - prompt 0x3ad7650:     108 tokens, checkpoints:  0,    13.502 MiB
srv        update:    - prompt 0x3ad5750:     111 tokens, checkpoints:  0,    13.877 MiB
srv        update:    - prompt 0x3af4e20:     119 tokens, checkpoints:  0,    14.877 MiB
srv        update:    - prompt 0x3221890:     123 tokens, checkpoints:  0,    15.377 MiB
srv        update:    - prompt 0x3ad2640:     165 tokens, checkpoints:  0,    20.628 MiB
srv        update:    - prompt 0x43967b0:     131 tokens, checkpoints:  0,    16.377 MiB
srv        update:    - prompt 0x3af7790:     135 tokens, checkpoints:  0,    16.877 MiB
srv        update:    - prompt 0x3226c10:     132 tokens, checkpoints:  0,    16.502 MiB
srv  get_availabl: prompt cache update took 0.20 ms
slot launch_slot_: id  1 | task -1 | sampler chain: logits -> ?penalties -> ?dry -> ?top-n-sigma -> top-k -> ?typical -> top-p -> min-p -> ?xtc -> temp-ext -> dist 
slot launch_slot_: id  1 | task 5050 | processing task, is_child = 0
slot slot_save_an: id  2 | task -1 | saving idle slot to prompt cache
srv   prompt_save:  - saving prompt with length 146, total state size = 18.252 MiB
slot prompt_clear: id  2 | task -1 | clearing prompt with 146 tokens
srv        update:  - cache state: 46 prompts, 1013.252 MiB (limits: 8192.000 MiB, 4096 tokens, 65527 est)
srv        update:    - prompt 0x439af80:     106 tokens, checkpoints:  0,    13.252 MiB
srv        update:    - prompt 0xf0ef60:     107 tokens, checkpoints:  0,    13.377 MiB
srv        update:    - prompt 0x321cf30:     106 tokens, checkpoints:  0,    13.252 MiB
srv        update:    - prompt 0x439bbc0:     107 tokens, checkpoints:  0,    13.377 MiB
srv        update:    - prompt 0x321d650:     105 tokens, checkpoints:  0,    13.127 MiB
srv        update:    - prompt 0x321d8b0:     110 tokens, checkpoints:  0,    13.752 MiB
srv        update:    - prompt 0x439fd00:     116 tokens, checkpoints:  0,    14.502 MiB
srv        update:    - prompt 0x322b480:     109 tokens, checkpoints:  0,    13.627 MiB
srv        update:    - prompt 0x4be6150:     113 tokens, checkpoints:  0,    14.127 MiB
srv        update:    - prompt 0x323a9a0:     108 tokens, checkpoints:  0,    13.502 MiB
srv        update:    - prompt 0x32196f0:     108 tokens, checkpoints:  0,    13.502 MiB
srv        update:    - prompt 0x322b390:     108 tokens, checkpoints:  0,    13.502 MiB
srv        update:    - prompt 0x32307d0:     111 tokens, checkpoints:  0,    13.877 MiB
srv        update:    - prompt 0x321d2c0:     119 tokens, checkpoints:  0,    14.877 MiB
srv        update:    - prompt 0xf09400:     123 tokens, checkpoints:  0,    15.377 MiB
srv        update:    - prompt 0x438c810:     131 tokens, checkpoints:  0,    16.377 MiB
srv        update:    - prompt 0x3acc150:     130 tokens, checkpoints:  0,    16.252 MiB
srv        update:    - prompt 0xee0440:     136 tokens, checkpoints:  0,    17.002 MiB
srv        update:    - prompt 0x439dde0:     136 tokens, checkpoints:  0,    17.002 MiB
srv        update:    - prompt 0x439a490:     241 tokens, checkpoints:  0,    30.129 MiB
srv        update:    - prompt 0x118e9b0:     325 tokens, checkpoints:  0,    40.629 MiB
srv        update:    - prompt 0xfffdcc0062a0:     363 tokens, checkpoints:  0,    45.380 MiB
srv        update:    - prompt 0xfffdc4004ad0:     425 tokens, checkpoints:  0,    53.131 MiB
srv        update:    - prompt 0xf09840:     409 tokens, checkpoints:  0,    51.130 MiB
srv        update:    - prompt 0x439b5f0:     412 tokens, checkpoints:  0,    51.505 MiB
srv        update:    - prompt 0x439fb50:     418 tokens, checkpoints:  0,    52.256 MiB
srv        update:    - prompt 0x32210b0:     415 tokens, checkpoints:  0,    51.880 MiB
srv        update:    - prompt 0xf0c700:     431 tokens, checkpoints:  0,    53.881 MiB
srv        update:    - prompt 0x322c4e0:     431 tokens, checkpoints:  0,    53.881 MiB
srv        update:    - prompt 0x322db30:     107 tokens, checkpoints:  0,    13.377 MiB
srv        update:    - prompt 0x3ad97f0:     105 tokens, checkpoints:  0,    13.127 MiB
srv        update:    - prompt 0x3ae3990:     110 tokens, checkpoints:  0,    13.752 MiB
srv        update:    - prompt 0xf12110:     116 tokens, checkpoints:  0,    14.502 MiB
srv        update:    - prompt 0x3227d70:     109 tokens, checkpoints:  0,    13.627 MiB
srv        update:    - prompt 0x3ad80f0:     113 tokens, checkpoints:  0,    14.127 MiB
srv        update:    - prompt 0x3adfb10:     108 tokens, checkpoints:  0,    13.502 MiB
srv        update:    - prompt 0x3ae19d0:     108 tokens, checkpoints:  0,    13.502 MiB
srv        update:    - prompt 0x3ad7650:     108 tokens, checkpoints:  0,    13.502 MiB
srv        update:    - prompt 0x3ad5750:     111 tokens, checkpoints:  0,    13.877 MiB
srv        update:    - prompt 0x3af4e20:     119 tokens, checkpoints:  0,    14.877 MiB
srv        update:    - prompt 0x3221890:     123 tokens, checkpoints:  0,    15.377 MiB
srv        update:    - prompt 0x3ad2640:     165 tokens, checkpoints:  0,    20.628 MiB
srv        update:    - prompt 0x43967b0:     131 tokens, checkpoints:  0,    16.377 MiB
srv        update:    - prompt 0x3af7790:     135 tokens, checkpoints:  0,    16.877 MiB
srv        update:    - prompt 0x3226c10:     132 tokens, checkpoints:  0,    16.502 MiB
srv        update:    - prompt 0x3ae3220:     146 tokens, checkpoints:  0,    18.252 MiB
slot update_slots: id  1 | task 5050 | new prompt, n_ctx_slot = 4096, n_keep = 0, task.n_tokens = 31
slot update_slots: id  1 | task 5050 | n_tokens = 0, memory_seq_rm [0, end)
slot init_sampler: id  1 | task 5050 | init sampler, took 0.02 ms, tokens: text = 31, total = 31
slot update_slots: id  1 | task 5050 | prompt processing done, n_tokens = 31, batch.n_tokens = 31
srv  log_server_r: done request: POST /completion 127.0.0.1 200
slot print_timing: id  1 | task 5050 | 
prompt eval time =    8727.88 ms /    31 tokens (  281.54 ms per token,     3.55 tokens per second)
       eval time =   32700.50 ms /   100 tokens (  327.00 ms per token,     3.06 tokens per second)
      total time =   41428.38 ms /   131 tokens
slot      release: id  1 | task 5050 | stop processing: n_tokens = 130, truncated = 0
srv  update_slots: all slots are idle
slot get_availabl: id  0 | task -1 | selected slot by LRU, t_last = 281050107351
srv  get_availabl: updating prompt cache
srv          load:  - looking for better prompt, base f_keep = -1.000, sim = 0.000
srv          load:  - found better prompt with f_keep = 0.272, sim = 1.000
srv        update:  - cache state: 45 prompts, 996.250 MiB (limits: 8192.000 MiB, 4096 tokens, 65527 est)
srv        update:    - prompt 0x439af80:     106 tokens, checkpoints:  0,    13.252 MiB
srv        update:    - prompt 0xf0ef60:     107 tokens, checkpoints:  0,    13.377 MiB
srv        update:    - prompt 0x321cf30:     106 tokens, checkpoints:  0,    13.252 MiB
srv        update:    - prompt 0x439bbc0:     107 tokens, checkpoints:  0,    13.377 MiB
srv        update:    - prompt 0x321d650:     105 tokens, checkpoints:  0,    13.127 MiB
srv        update:    - prompt 0x321d8b0:     110 tokens, checkpoints:  0,    13.752 MiB
srv        update:    - prompt 0x439fd00:     116 tokens, checkpoints:  0,    14.502 MiB
srv        update:    - prompt 0x322b480:     109 tokens, checkpoints:  0,    13.627 MiB
srv        update:    - prompt 0x4be6150:     113 tokens, checkpoints:  0,    14.127 MiB
srv        update:    - prompt 0x323a9a0:     108 tokens, checkpoints:  0,    13.502 MiB
srv        update:    - prompt 0x32196f0:     108 tokens, checkpoints:  0,    13.502 MiB
srv        update:    - prompt 0x322b390:     108 tokens, checkpoints:  0,    13.502 MiB
srv        update:    - prompt 0x32307d0:     111 tokens, checkpoints:  0,    13.877 MiB
srv        update:    - prompt 0x321d2c0:     119 tokens, checkpoints:  0,    14.877 MiB
srv        update:    - prompt 0xf09400:     123 tokens, checkpoints:  0,    15.377 MiB
srv        update:    - prompt 0x438c810:     131 tokens, checkpoints:  0,    16.377 MiB
srv        update:    - prompt 0x3acc150:     130 tokens, checkpoints:  0,    16.252 MiB
srv        update:    - prompt 0x439dde0:     136 tokens, checkpoints:  0,    17.002 MiB
srv        update:    - prompt 0x439a490:     241 tokens, checkpoints:  0,    30.129 MiB
srv        update:    - prompt 0x118e9b0:     325 tokens, checkpoints:  0,    40.629 MiB
srv        update:    - prompt 0xfffdcc0062a0:     363 tokens, checkpoints:  0,    45.380 MiB
srv        update:    - prompt 0xfffdc4004ad0:     425 tokens, checkpoints:  0,    53.131 MiB
srv        update:    - prompt 0xf09840:     409 tokens, checkpoints:  0,    51.130 MiB
srv        update:    - prompt 0x439b5f0:     412 tokens, checkpoints:  0,    51.505 MiB
srv        update:    - prompt 0x439fb50:     418 tokens, checkpoints:  0,    52.256 MiB
srv        update:    - prompt 0x32210b0:     415 tokens, checkpoints:  0,    51.880 MiB
srv        update:    - prompt 0xf0c700:     431 tokens, checkpoints:  0,    53.881 MiB
srv        update:    - prompt 0x322c4e0:     431 tokens, checkpoints:  0,    53.881 MiB
srv        update:    - prompt 0x322db30:     107 tokens, checkpoints:  0,    13.377 MiB
srv        update:    - prompt 0x3ad97f0:     105 tokens, checkpoints:  0,    13.127 MiB
srv        update:    - prompt 0x3ae3990:     110 tokens, checkpoints:  0,    13.752 MiB
srv        update:    - prompt 0xf12110:     116 tokens, checkpoints:  0,    14.502 MiB
srv        update:    - prompt 0x3227d70:     109 tokens, checkpoints:  0,    13.627 MiB
srv        update:    - prompt 0x3ad80f0:     113 tokens, checkpoints:  0,    14.127 MiB
srv        update:    - prompt 0x3adfb10:     108 tokens, checkpoints:  0,    13.502 MiB
srv        update:    - prompt 0x3ae19d0:     108 tokens, checkpoints:  0,    13.502 MiB
srv        update:    - prompt 0x3ad7650:     108 tokens, checkpoints:  0,    13.502 MiB
srv        update:    - prompt 0x3ad5750:     111 tokens, checkpoints:  0,    13.877 MiB
srv        update:    - prompt 0x3af4e20:     119 tokens, checkpoints:  0,    14.877 MiB
srv        update:    - prompt 0x3221890:     123 tokens, checkpoints:  0,    15.377 MiB
srv        update:    - prompt 0x3ad2640:     165 tokens, checkpoints:  0,    20.628 MiB
srv        update:    - prompt 0x43967b0:     131 tokens, checkpoints:  0,    16.377 MiB
srv        update:    - prompt 0x3af7790:     135 tokens, checkpoints:  0,    16.877 MiB
srv        update:    - prompt 0x3226c10:     132 tokens, checkpoints:  0,    16.502 MiB
srv        update:    - prompt 0x3ae3220:     146 tokens, checkpoints:  0,    18.252 MiB
srv  get_availabl: prompt cache update took 5.58 ms
slot launch_slot_: id  0 | task -1 | sampler chain: logits -> ?penalties -> ?dry -> ?top-n-sigma -> top-k -> ?typical -> top-p -> min-p -> ?xtc -> temp-ext -> dist 
slot launch_slot_: id  0 | task 5151 | processing task, is_child = 0
slot slot_save_an: id  1 | task -1 | saving idle slot to prompt cache
srv   prompt_save:  - saving prompt with length 130, total state size = 16.252 MiB
slot prompt_clear: id  1 | task -1 | clearing prompt with 130 tokens
srv        update:  - cache state: 46 prompts, 1012.502 MiB (limits: 8192.000 MiB, 4096 tokens, 65527 est)
srv        update:    - prompt 0x439af80:     106 tokens, checkpoints:  0,    13.252 MiB
srv        update:    - prompt 0xf0ef60:     107 tokens, checkpoints:  0,    13.377 MiB
srv        update:    - prompt 0x321cf30:     106 tokens, checkpoints:  0,    13.252 MiB
srv        update:    - prompt 0x439bbc0:     107 tokens, checkpoints:  0,    13.377 MiB
srv        update:    - prompt 0x321d650:     105 tokens, checkpoints:  0,    13.127 MiB
srv        update:    - prompt 0x321d8b0:     110 tokens, checkpoints:  0,    13.752 MiB
srv        update:    - prompt 0x439fd00:     116 tokens, checkpoints:  0,    14.502 MiB
srv        update:    - prompt 0x322b480:     109 tokens, checkpoints:  0,    13.627 MiB
srv        update:    - prompt 0x4be6150:     113 tokens, checkpoints:  0,    14.127 MiB
srv        update:    - prompt 0x323a9a0:     108 tokens, checkpoints:  0,    13.502 MiB
srv        update:    - prompt 0x32196f0:     108 tokens, checkpoints:  0,    13.502 MiB
srv        update:    - prompt 0x322b390:     108 tokens, checkpoints:  0,    13.502 MiB
srv        update:    - prompt 0x32307d0:     111 tokens, checkpoints:  0,    13.877 MiB
srv        update:    - prompt 0x321d2c0:     119 tokens, checkpoints:  0,    14.877 MiB
srv        update:    - prompt 0xf09400:     123 tokens, checkpoints:  0,    15.377 MiB
srv        update:    - prompt 0x438c810:     131 tokens, checkpoints:  0,    16.377 MiB
srv        update:    - prompt 0x3acc150:     130 tokens, checkpoints:  0,    16.252 MiB
srv        update:    - prompt 0x439dde0:     136 tokens, checkpoints:  0,    17.002 MiB
srv        update:    - prompt 0x439a490:     241 tokens, checkpoints:  0,    30.129 MiB
srv        update:    - prompt 0x118e9b0:     325 tokens, checkpoints:  0,    40.629 MiB
srv        update:    - prompt 0xfffdcc0062a0:     363 tokens, checkpoints:  0,    45.380 MiB
srv        update:    - prompt 0xfffdc4004ad0:     425 tokens, checkpoints:  0,    53.131 MiB
srv        update:    - prompt 0xf09840:     409 tokens, checkpoints:  0,    51.130 MiB
srv        update:    - prompt 0x439b5f0:     412 tokens, checkpoints:  0,    51.505 MiB
srv        update:    - prompt 0x439fb50:     418 tokens, checkpoints:  0,    52.256 MiB
srv        update:    - prompt 0x32210b0:     415 tokens, checkpoints:  0,    51.880 MiB
srv        update:    - prompt 0xf0c700:     431 tokens, checkpoints:  0,    53.881 MiB
srv        update:    - prompt 0x322c4e0:     431 tokens, checkpoints:  0,    53.881 MiB
srv        update:    - prompt 0x322db30:     107 tokens, checkpoints:  0,    13.377 MiB
srv        update:    - prompt 0x3ad97f0:     105 tokens, checkpoints:  0,    13.127 MiB
srv        update:    - prompt 0x3ae3990:     110 tokens, checkpoints:  0,    13.752 MiB
srv        update:    - prompt 0xf12110:     116 tokens, checkpoints:  0,    14.502 MiB
srv        update:    - prompt 0x3227d70:     109 tokens, checkpoints:  0,    13.627 MiB
srv        update:    - prompt 0x3ad80f0:     113 tokens, checkpoints:  0,    14.127 MiB
srv        update:    - prompt 0x3adfb10:     108 tokens, checkpoints:  0,    13.502 MiB
srv        update:    - prompt 0x3ae19d0:     108 tokens, checkpoints:  0,    13.502 MiB
srv        update:    - prompt 0x3ad7650:     108 tokens, checkpoints:  0,    13.502 MiB
srv        update:    - prompt 0x3ad5750:     111 tokens, checkpoints:  0,    13.877 MiB
srv        update:    - prompt 0x3af4e20:     119 tokens, checkpoints:  0,    14.877 MiB
srv        update:    - prompt 0x3221890:     123 tokens, checkpoints:  0,    15.377 MiB
srv        update:    - prompt 0x3ad2640:     165 tokens, checkpoints:  0,    20.628 MiB
srv        update:    - prompt 0x43967b0:     131 tokens, checkpoints:  0,    16.377 MiB
srv        update:    - prompt 0x3af7790:     135 tokens, checkpoints:  0,    16.877 MiB
srv        update:    - prompt 0x3226c10:     132 tokens, checkpoints:  0,    16.502 MiB
srv        update:    - prompt 0x3ae3220:     146 tokens, checkpoints:  0,    18.252 MiB
srv        update:    - prompt 0xee0440:     130 tokens, checkpoints:  0,    16.252 MiB
slot update_slots: id  0 | task 5151 | new prompt, n_ctx_slot = 4096, n_keep = 0, task.n_tokens = 37
slot update_slots: id  0 | task 5151 | n_tokens = 0, memory_seq_rm [0, end)
slot init_sampler: id  0 | task 5151 | init sampler, took 0.02 ms, tokens: text = 37, total = 37
slot update_slots: id  0 | task 5151 | prompt processing done, n_tokens = 37, batch.n_tokens = 37
srv  log_server_r: done request: POST /completion 127.0.0.1 200
slot print_timing: id  0 | task 5151 | 
prompt eval time =   10421.33 ms /    37 tokens (  281.66 ms per token,     3.55 tokens per second)
       eval time =   32729.46 ms /   100 tokens (  327.29 ms per token,     3.06 tokens per second)
      total time =   43150.79 ms /   137 tokens
slot      release: id  0 | task 5151 | stop processing: n_tokens = 136, truncated = 0
srv  update_slots: all slots are idle
slot get_availabl: id  3 | task -1 | selected slot by LRU, t_last = 281092727236
srv  get_availabl: updating prompt cache
srv          load:  - looking for better prompt, base f_keep = -1.000, sim = 0.000
srv          load:  - found better prompt with f_keep = 0.272, sim = 1.000
srv        update:  - cache state: 45 prompts, 995.500 MiB (limits: 8192.000 MiB, 4096 tokens, 65527 est)
srv        update:    - prompt 0x439af80:     106 tokens, checkpoints:  0,    13.252 MiB
srv        update:    - prompt 0xf0ef60:     107 tokens, checkpoints:  0,    13.377 MiB
srv        update:    - prompt 0x321cf30:     106 tokens, checkpoints:  0,    13.252 MiB
srv        update:    - prompt 0x439bbc0:     107 tokens, checkpoints:  0,    13.377 MiB
srv        update:    - prompt 0x321d650:     105 tokens, checkpoints:  0,    13.127 MiB
srv        update:    - prompt 0x321d8b0:     110 tokens, checkpoints:  0,    13.752 MiB
srv        update:    - prompt 0x439fd00:     116 tokens, checkpoints:  0,    14.502 MiB
srv        update:    - prompt 0x322b480:     109 tokens, checkpoints:  0,    13.627 MiB
srv        update:    - prompt 0x4be6150:     113 tokens, checkpoints:  0,    14.127 MiB
srv        update:    - prompt 0x323a9a0:     108 tokens, checkpoints:  0,    13.502 MiB
srv        update:    - prompt 0x32196f0:     108 tokens, checkpoints:  0,    13.502 MiB
srv        update:    - prompt 0x322b390:     108 tokens, checkpoints:  0,    13.502 MiB
srv        update:    - prompt 0x32307d0:     111 tokens, checkpoints:  0,    13.877 MiB
srv        update:    - prompt 0x321d2c0:     119 tokens, checkpoints:  0,    14.877 MiB
srv        update:    - prompt 0xf09400:     123 tokens, checkpoints:  0,    15.377 MiB
srv        update:    - prompt 0x438c810:     131 tokens, checkpoints:  0,    16.377 MiB
srv        update:    - prompt 0x3acc150:     130 tokens, checkpoints:  0,    16.252 MiB
srv        update:    - prompt 0x439a490:     241 tokens, checkpoints:  0,    30.129 MiB
srv        update:    - prompt 0x118e9b0:     325 tokens, checkpoints:  0,    40.629 MiB
srv        update:    - prompt 0xfffdcc0062a0:     363 tokens, checkpoints:  0,    45.380 MiB
srv        update:    - prompt 0xfffdc4004ad0:     425 tokens, checkpoints:  0,    53.131 MiB
srv        update:    - prompt 0xf09840:     409 tokens, checkpoints:  0,    51.130 MiB
srv        update:    - prompt 0x439b5f0:     412 tokens, checkpoints:  0,    51.505 MiB
srv        update:    - prompt 0x439fb50:     418 tokens, checkpoints:  0,    52.256 MiB
srv        update:    - prompt 0x32210b0:     415 tokens, checkpoints:  0,    51.880 MiB
srv        update:    - prompt 0xf0c700:     431 tokens, checkpoints:  0,    53.881 MiB
srv        update:    - prompt 0x322c4e0:     431 tokens, checkpoints:  0,    53.881 MiB
srv        update:    - prompt 0x322db30:     107 tokens, checkpoints:  0,    13.377 MiB
srv        update:    - prompt 0x3ad97f0:     105 tokens, checkpoints:  0,    13.127 MiB
srv        update:    - prompt 0x3ae3990:     110 tokens, checkpoints:  0,    13.752 MiB
srv        update:    - prompt 0xf12110:     116 tokens, checkpoints:  0,    14.502 MiB
srv        update:    - prompt 0x3227d70:     109 tokens, checkpoints:  0,    13.627 MiB
srv        update:    - prompt 0x3ad80f0:     113 tokens, checkpoints:  0,    14.127 MiB
srv        update:    - prompt 0x3adfb10:     108 tokens, checkpoints:  0,    13.502 MiB
srv        update:    - prompt 0x3ae19d0:     108 tokens, checkpoints:  0,    13.502 MiB
srv        update:    - prompt 0x3ad7650:     108 tokens, checkpoints:  0,    13.502 MiB
srv        update:    - prompt 0x3ad5750:     111 tokens, checkpoints:  0,    13.877 MiB
srv        update:    - prompt 0x3af4e20:     119 tokens, checkpoints:  0,    14.877 MiB
srv        update:    - prompt 0x3221890:     123 tokens, checkpoints:  0,    15.377 MiB
srv        update:    - prompt 0x3ad2640:     165 tokens, checkpoints:  0,    20.628 MiB
srv        update:    - prompt 0x43967b0:     131 tokens, checkpoints:  0,    16.377 MiB
srv        update:    - prompt 0x3af7790:     135 tokens, checkpoints:  0,    16.877 MiB
srv        update:    - prompt 0x3226c10:     132 tokens, checkpoints:  0,    16.502 MiB
srv        update:    - prompt 0x3ae3220:     146 tokens, checkpoints:  0,    18.252 MiB
srv        update:    - prompt 0xee0440:     130 tokens, checkpoints:  0,    16.252 MiB
srv  get_availabl: prompt cache update took 5.58 ms
slot launch_slot_: id  3 | task -1 | sampler chain: logits -> ?penalties -> ?dry -> ?top-n-sigma -> top-k -> ?typical -> top-p -> min-p -> ?xtc -> temp-ext -> dist 
slot launch_slot_: id  3 | task 5252 | processing task, is_child = 0
slot slot_save_an: id  0 | task -1 | saving idle slot to prompt cache
srv   prompt_save:  - saving prompt with length 136, total state size = 17.002 MiB
slot prompt_clear: id  0 | task -1 | clearing prompt with 136 tokens
srv        update:  - cache state: 46 prompts, 1012.502 MiB (limits: 8192.000 MiB, 4096 tokens, 65527 est)
srv        update:    - prompt 0x439af80:     106 tokens, checkpoints:  0,    13.252 MiB
srv        update:    - prompt 0xf0ef60:     107 tokens, checkpoints:  0,    13.377 MiB
srv        update:    - prompt 0x321cf30:     106 tokens, checkpoints:  0,    13.252 MiB
srv        update:    - prompt 0x439bbc0:     107 tokens, checkpoints:  0,    13.377 MiB
srv        update:    - prompt 0x321d650:     105 tokens, checkpoints:  0,    13.127 MiB
srv        update:    - prompt 0x321d8b0:     110 tokens, checkpoints:  0,    13.752 MiB
srv        update:    - prompt 0x439fd00:     116 tokens, checkpoints:  0,    14.502 MiB
srv        update:    - prompt 0x322b480:     109 tokens, checkpoints:  0,    13.627 MiB
srv        update:    - prompt 0x4be6150:     113 tokens, checkpoints:  0,    14.127 MiB
srv        update:    - prompt 0x323a9a0:     108 tokens, checkpoints:  0,    13.502 MiB
srv        update:    - prompt 0x32196f0:     108 tokens, checkpoints:  0,    13.502 MiB
srv        update:    - prompt 0x322b390:     108 tokens, checkpoints:  0,    13.502 MiB
srv        update:    - prompt 0x32307d0:     111 tokens, checkpoints:  0,    13.877 MiB
srv        update:    - prompt 0x321d2c0:     119 tokens, checkpoints:  0,    14.877 MiB
srv        update:    - prompt 0xf09400:     123 tokens, checkpoints:  0,    15.377 MiB
srv        update:    - prompt 0x438c810:     131 tokens, checkpoints:  0,    16.377 MiB
srv        update:    - prompt 0x3acc150:     130 tokens, checkpoints:  0,    16.252 MiB
srv        update:    - prompt 0x439a490:     241 tokens, checkpoints:  0,    30.129 MiB
srv        update:    - prompt 0x118e9b0:     325 tokens, checkpoints:  0,    40.629 MiB
srv        update:    - prompt 0xfffdcc0062a0:     363 tokens, checkpoints:  0,    45.380 MiB
srv        update:    - prompt 0xfffdc4004ad0:     425 tokens, checkpoints:  0,    53.131 MiB
srv        update:    - prompt 0xf09840:     409 tokens, checkpoints:  0,    51.130 MiB
srv        update:    - prompt 0x439b5f0:     412 tokens, checkpoints:  0,    51.505 MiB
srv        update:    - prompt 0x439fb50:     418 tokens, checkpoints:  0,    52.256 MiB
srv        update:    - prompt 0x32210b0:     415 tokens, checkpoints:  0,    51.880 MiB
srv        update:    - prompt 0xf0c700:     431 tokens, checkpoints:  0,    53.881 MiB
srv        update:    - prompt 0x322c4e0:     431 tokens, checkpoints:  0,    53.881 MiB
srv        update:    - prompt 0x322db30:     107 tokens, checkpoints:  0,    13.377 MiB
srv        update:    - prompt 0x3ad97f0:     105 tokens, checkpoints:  0,    13.127 MiB
srv        update:    - prompt 0x3ae3990:     110 tokens, checkpoints:  0,    13.752 MiB
srv        update:    - prompt 0xf12110:     116 tokens, checkpoints:  0,    14.502 MiB
srv        update:    - prompt 0x3227d70:     109 tokens, checkpoints:  0,    13.627 MiB
srv        update:    - prompt 0x3ad80f0:     113 tokens, checkpoints:  0,    14.127 MiB
srv        update:    - prompt 0x3adfb10:     108 tokens, checkpoints:  0,    13.502 MiB
srv        update:    - prompt 0x3ae19d0:     108 tokens, checkpoints:  0,    13.502 MiB
srv        update:    - prompt 0x3ad7650:     108 tokens, checkpoints:  0,    13.502 MiB
srv        update:    - prompt 0x3ad5750:     111 tokens, checkpoints:  0,    13.877 MiB
srv        update:    - prompt 0x3af4e20:     119 tokens, checkpoints:  0,    14.877 MiB
srv        update:    - prompt 0x3221890:     123 tokens, checkpoints:  0,    15.377 MiB
srv        update:    - prompt 0x3ad2640:     165 tokens, checkpoints:  0,    20.628 MiB
srv        update:    - prompt 0x43967b0:     131 tokens, checkpoints:  0,    16.377 MiB
srv        update:    - prompt 0x3af7790:     135 tokens, checkpoints:  0,    16.877 MiB
srv        update:    - prompt 0x3226c10:     132 tokens, checkpoints:  0,    16.502 MiB
srv        update:    - prompt 0x3ae3220:     146 tokens, checkpoints:  0,    18.252 MiB
srv        update:    - prompt 0xee0440:     130 tokens, checkpoints:  0,    16.252 MiB
srv        update:    - prompt 0x321a670:     136 tokens, checkpoints:  0,    17.002 MiB
slot update_slots: id  3 | task 5252 | new prompt, n_ctx_slot = 4096, n_keep = 0, task.n_tokens = 37
slot update_slots: id  3 | task 5252 | n_tokens = 0, memory_seq_rm [0, end)
slot init_sampler: id  3 | task 5252 | init sampler, took 0.02 ms, tokens: text = 37, total = 37
slot update_slots: id  3 | task 5252 | prompt processing done, n_tokens = 37, batch.n_tokens = 37
srv  log_server_r: done request: POST /completion 127.0.0.1 200
slot print_timing: id  3 | task 5252 | 
prompt eval time =   10423.10 ms /    37 tokens (  281.71 ms per token,     3.55 tokens per second)
       eval time =   32707.85 ms /   100 tokens (  327.08 ms per token,     3.06 tokens per second)
      total time =   43130.95 ms /   137 tokens
slot      release: id  3 | task 5252 | stop processing: n_tokens = 136, truncated = 0
srv  update_slots: all slots are idle
slot get_availabl: id  2 | task -1 | selected slot by LRU, t_last = 281139354889
srv  get_availabl: updating prompt cache
srv          load:  - looking for better prompt, base f_keep = -1.000, sim = 0.000
srv          load:  - found better prompt with f_keep = 0.589, sim = 1.000
srv        update:  - cache state: 45 prompts, 982.374 MiB (limits: 8192.000 MiB, 4096 tokens, 65527 est)
srv        update:    - prompt 0x439af80:     106 tokens, checkpoints:  0,    13.252 MiB
srv        update:    - prompt 0xf0ef60:     107 tokens, checkpoints:  0,    13.377 MiB
srv        update:    - prompt 0x321cf30:     106 tokens, checkpoints:  0,    13.252 MiB
srv        update:    - prompt 0x439bbc0:     107 tokens, checkpoints:  0,    13.377 MiB
srv        update:    - prompt 0x321d650:     105 tokens, checkpoints:  0,    13.127 MiB
srv        update:    - prompt 0x321d8b0:     110 tokens, checkpoints:  0,    13.752 MiB
srv        update:    - prompt 0x439fd00:     116 tokens, checkpoints:  0,    14.502 MiB
srv        update:    - prompt 0x322b480:     109 tokens, checkpoints:  0,    13.627 MiB
srv        update:    - prompt 0x4be6150:     113 tokens, checkpoints:  0,    14.127 MiB
srv        update:    - prompt 0x323a9a0:     108 tokens, checkpoints:  0,    13.502 MiB
srv        update:    - prompt 0x32196f0:     108 tokens, checkpoints:  0,    13.502 MiB
srv        update:    - prompt 0x322b390:     108 tokens, checkpoints:  0,    13.502 MiB
srv        update:    - prompt 0x32307d0:     111 tokens, checkpoints:  0,    13.877 MiB
srv        update:    - prompt 0x321d2c0:     119 tokens, checkpoints:  0,    14.877 MiB
srv        update:    - prompt 0xf09400:     123 tokens, checkpoints:  0,    15.377 MiB
srv        update:    - prompt 0x438c810:     131 tokens, checkpoints:  0,    16.377 MiB
srv        update:    - prompt 0x3acc150:     130 tokens, checkpoints:  0,    16.252 MiB
srv        update:    - prompt 0x118e9b0:     325 tokens, checkpoints:  0,    40.629 MiB
srv        update:    - prompt 0xfffdcc0062a0:     363 tokens, checkpoints:  0,    45.380 MiB
srv        update:    - prompt 0xfffdc4004ad0:     425 tokens, checkpoints:  0,    53.131 MiB
srv        update:    - prompt 0xf09840:     409 tokens, checkpoints:  0,    51.130 MiB
srv        update:    - prompt 0x439b5f0:     412 tokens, checkpoints:  0,    51.505 MiB
srv        update:    - prompt 0x439fb50:     418 tokens, checkpoints:  0,    52.256 MiB
srv        update:    - prompt 0x32210b0:     415 tokens, checkpoints:  0,    51.880 MiB
srv        update:    - prompt 0xf0c700:     431 tokens, checkpoints:  0,    53.881 MiB
srv        update:    - prompt 0x322c4e0:     431 tokens, checkpoints:  0,    53.881 MiB
srv        update:    - prompt 0x322db30:     107 tokens, checkpoints:  0,    13.377 MiB
srv        update:    - prompt 0x3ad97f0:     105 tokens, checkpoints:  0,    13.127 MiB
srv        update:    - prompt 0x3ae3990:     110 tokens, checkpoints:  0,    13.752 MiB
srv        update:    - prompt 0xf12110:     116 tokens, checkpoints:  0,    14.502 MiB
srv        update:    - prompt 0x3227d70:     109 tokens, checkpoints:  0,    13.627 MiB
srv        update:    - prompt 0x3ad80f0:     113 tokens, checkpoints:  0,    14.127 MiB
srv        update:    - prompt 0x3adfb10:     108 tokens, checkpoints:  0,    13.502 MiB
srv        update:    - prompt 0x3ae19d0:     108 tokens, checkpoints:  0,    13.502 MiB
srv        update:    - prompt 0x3ad7650:     108 tokens, checkpoints:  0,    13.502 MiB
srv        update:    - prompt 0x3ad5750:     111 tokens, checkpoints:  0,    13.877 MiB
srv        update:    - prompt 0x3af4e20:     119 tokens, checkpoints:  0,    14.877 MiB
srv        update:    - prompt 0x3221890:     123 tokens, checkpoints:  0,    15.377 MiB
srv        update:    - prompt 0x3ad2640:     165 tokens, checkpoints:  0,    20.628 MiB
srv        update:    - prompt 0x43967b0:     131 tokens, checkpoints:  0,    16.377 MiB
srv        update:    - prompt 0x3af7790:     135 tokens, checkpoints:  0,    16.877 MiB
srv        update:    - prompt 0x3226c10:     132 tokens, checkpoints:  0,    16.502 MiB
srv        update:    - prompt 0x3ae3220:     146 tokens, checkpoints:  0,    18.252 MiB
srv        update:    - prompt 0xee0440:     130 tokens, checkpoints:  0,    16.252 MiB
srv        update:    - prompt 0x321a670:     136 tokens, checkpoints:  0,    17.002 MiB
srv  get_availabl: prompt cache update took 9.44 ms
slot launch_slot_: id  2 | task -1 | sampler chain: logits -> ?penalties -> ?dry -> ?top-n-sigma -> top-k -> ?typical -> top-p -> min-p -> ?xtc -> temp-ext -> dist 
slot launch_slot_: id  2 | task 5353 | processing task, is_child = 0
slot slot_save_an: id  3 | task -1 | saving idle slot to prompt cache
srv   prompt_save:  - saving prompt with length 136, total state size = 17.002 MiB
slot prompt_clear: id  3 | task -1 | clearing prompt with 136 tokens
srv        update:  - cache state: 46 prompts, 999.376 MiB (limits: 8192.000 MiB, 4096 tokens, 65527 est)
srv        update:    - prompt 0x439af80:     106 tokens, checkpoints:  0,    13.252 MiB
srv        update:    - prompt 0xf0ef60:     107 tokens, checkpoints:  0,    13.377 MiB
srv        update:    - prompt 0x321cf30:     106 tokens, checkpoints:  0,    13.252 MiB
srv        update:    - prompt 0x439bbc0:     107 tokens, checkpoints:  0,    13.377 MiB
srv        update:    - prompt 0x321d650:     105 tokens, checkpoints:  0,    13.127 MiB
srv        update:    - prompt 0x321d8b0:     110 tokens, checkpoints:  0,    13.752 MiB
srv        update:    - prompt 0x439fd00:     116 tokens, checkpoints:  0,    14.502 MiB
srv        update:    - prompt 0x322b480:     109 tokens, checkpoints:  0,    13.627 MiB
srv        update:    - prompt 0x4be6150:     113 tokens, checkpoints:  0,    14.127 MiB
srv        update:    - prompt 0x323a9a0:     108 tokens, checkpoints:  0,    13.502 MiB
srv        update:    - prompt 0x32196f0:     108 tokens, checkpoints:  0,    13.502 MiB
srv        update:    - prompt 0x322b390:     108 tokens, checkpoints:  0,    13.502 MiB
srv        update:    - prompt 0x32307d0:     111 tokens, checkpoints:  0,    13.877 MiB
srv        update:    - prompt 0x321d2c0:     119 tokens, checkpoints:  0,    14.877 MiB
srv        update:    - prompt 0xf09400:     123 tokens, checkpoints:  0,    15.377 MiB
srv        update:    - prompt 0x438c810:     131 tokens, checkpoints:  0,    16.377 MiB
srv        update:    - prompt 0x3acc150:     130 tokens, checkpoints:  0,    16.252 MiB
srv        update:    - prompt 0x118e9b0:     325 tokens, checkpoints:  0,    40.629 MiB
srv        update:    - prompt 0xfffdcc0062a0:     363 tokens, checkpoints:  0,    45.380 MiB
srv        update:    - prompt 0xfffdc4004ad0:     425 tokens, checkpoints:  0,    53.131 MiB
srv        update:    - prompt 0xf09840:     409 tokens, checkpoints:  0,    51.130 MiB
srv        update:    - prompt 0x439b5f0:     412 tokens, checkpoints:  0,    51.505 MiB
srv        update:    - prompt 0x439fb50:     418 tokens, checkpoints:  0,    52.256 MiB
srv        update:    - prompt 0x32210b0:     415 tokens, checkpoints:  0,    51.880 MiB
srv        update:    - prompt 0xf0c700:     431 tokens, checkpoints:  0,    53.881 MiB
srv        update:    - prompt 0x322c4e0:     431 tokens, checkpoints:  0,    53.881 MiB
srv        update:    - prompt 0x322db30:     107 tokens, checkpoints:  0,    13.377 MiB
srv        update:    - prompt 0x3ad97f0:     105 tokens, checkpoints:  0,    13.127 MiB
srv        update:    - prompt 0x3ae3990:     110 tokens, checkpoints:  0,    13.752 MiB
srv        update:    - prompt 0xf12110:     116 tokens, checkpoints:  0,    14.502 MiB
srv        update:    - prompt 0x3227d70:     109 tokens, checkpoints:  0,    13.627 MiB
srv        update:    - prompt 0x3ad80f0:     113 tokens, checkpoints:  0,    14.127 MiB
srv        update:    - prompt 0x3adfb10:     108 tokens, checkpoints:  0,    13.502 MiB
srv        update:    - prompt 0x3ae19d0:     108 tokens, checkpoints:  0,    13.502 MiB
srv        update:    - prompt 0x3ad7650:     108 tokens, checkpoints:  0,    13.502 MiB
srv        update:    - prompt 0x3ad5750:     111 tokens, checkpoints:  0,    13.877 MiB
srv        update:    - prompt 0x3af4e20:     119 tokens, checkpoints:  0,    14.877 MiB
srv        update:    - prompt 0x3221890:     123 tokens, checkpoints:  0,    15.377 MiB
srv        update:    - prompt 0x3ad2640:     165 tokens, checkpoints:  0,    20.628 MiB
srv        update:    - prompt 0x43967b0:     131 tokens, checkpoints:  0,    16.377 MiB
srv        update:    - prompt 0x3af7790:     135 tokens, checkpoints:  0,    16.877 MiB
srv        update:    - prompt 0x3226c10:     132 tokens, checkpoints:  0,    16.502 MiB
srv        update:    - prompt 0x3ae3220:     146 tokens, checkpoints:  0,    18.252 MiB
srv        update:    - prompt 0xee0440:     130 tokens, checkpoints:  0,    16.252 MiB
srv        update:    - prompt 0x321a670:     136 tokens, checkpoints:  0,    17.002 MiB
srv        update:    - prompt 0xee3bb0:     136 tokens, checkpoints:  0,    17.002 MiB
slot update_slots: id  2 | task 5353 | new prompt, n_ctx_slot = 4096, n_keep = 0, task.n_tokens = 142
slot update_slots: id  2 | task 5353 | n_tokens = 0, memory_seq_rm [0, end)
slot init_sampler: id  2 | task 5353 | init sampler, took 0.07 ms, tokens: text = 142, total = 142
slot update_slots: id  2 | task 5353 | prompt processing done, n_tokens = 142, batch.n_tokens = 142
srv  log_server_r: done request: POST /completion 127.0.0.1 200
slot print_timing: id  2 | task 5353 | 
prompt eval time =   43560.10 ms /   142 tokens (  306.76 ms per token,     3.26 tokens per second)
       eval time =   33279.06 ms /   100 tokens (  332.79 ms per token,     3.00 tokens per second)
      total time =   76839.16 ms /   242 tokens
slot      release: id  2 | task 5353 | stop processing: n_tokens = 241, truncated = 0
srv  update_slots: all slots are idle
slot get_availabl: id  1 | task -1 | selected slot by LRU, t_last = 281181420675
srv  get_availabl: updating prompt cache
srv          load:  - looking for better prompt, base f_keep = -1.000, sim = 0.000
srv          load:  - found better prompt with f_keep = 0.695, sim = 1.000
srv        update:  - cache state: 45 prompts, 958.746 MiB (limits: 8192.000 MiB, 4096 tokens, 65527 est)
srv        update:    - prompt 0x439af80:     106 tokens, checkpoints:  0,    13.252 MiB
srv        update:    - prompt 0xf0ef60:     107 tokens, checkpoints:  0,    13.377 MiB
srv        update:    - prompt 0x321cf30:     106 tokens, checkpoints:  0,    13.252 MiB
srv        update:    - prompt 0x439bbc0:     107 tokens, checkpoints:  0,    13.377 MiB
srv        update:    - prompt 0x321d650:     105 tokens, checkpoints:  0,    13.127 MiB
srv        update:    - prompt 0x321d8b0:     110 tokens, checkpoints:  0,    13.752 MiB
srv        update:    - prompt 0x439fd00:     116 tokens, checkpoints:  0,    14.502 MiB
srv        update:    - prompt 0x322b480:     109 tokens, checkpoints:  0,    13.627 MiB
srv        update:    - prompt 0x4be6150:     113 tokens, checkpoints:  0,    14.127 MiB
srv        update:    - prompt 0x323a9a0:     108 tokens, checkpoints:  0,    13.502 MiB
srv        update:    - prompt 0x32196f0:     108 tokens, checkpoints:  0,    13.502 MiB
srv        update:    - prompt 0x322b390:     108 tokens, checkpoints:  0,    13.502 MiB
srv        update:    - prompt 0x32307d0:     111 tokens, checkpoints:  0,    13.877 MiB
srv        update:    - prompt 0x321d2c0:     119 tokens, checkpoints:  0,    14.877 MiB
srv        update:    - prompt 0xf09400:     123 tokens, checkpoints:  0,    15.377 MiB
srv        update:    - prompt 0x438c810:     131 tokens, checkpoints:  0,    16.377 MiB
srv        update:    - prompt 0x3acc150:     130 tokens, checkpoints:  0,    16.252 MiB
srv        update:    - prompt 0xfffdcc0062a0:     363 tokens, checkpoints:  0,    45.380 MiB
srv        update:    - prompt 0xfffdc4004ad0:     425 tokens, checkpoints:  0,    53.131 MiB
srv        update:    - prompt 0xf09840:     409 tokens, checkpoints:  0,    51.130 MiB
srv        update:    - prompt 0x439b5f0:     412 tokens, checkpoints:  0,    51.505 MiB
srv        update:    - prompt 0x439fb50:     418 tokens, checkpoints:  0,    52.256 MiB
srv        update:    - prompt 0x32210b0:     415 tokens, checkpoints:  0,    51.880 MiB
srv        update:    - prompt 0xf0c700:     431 tokens, checkpoints:  0,    53.881 MiB
srv        update:    - prompt 0x322c4e0:     431 tokens, checkpoints:  0,    53.881 MiB
srv        update:    - prompt 0x322db30:     107 tokens, checkpoints:  0,    13.377 MiB
srv        update:    - prompt 0x3ad97f0:     105 tokens, checkpoints:  0,    13.127 MiB
srv        update:    - prompt 0x3ae3990:     110 tokens, checkpoints:  0,    13.752 MiB
srv        update:    - prompt 0xf12110:     116 tokens, checkpoints:  0,    14.502 MiB
srv        update:    - prompt 0x3227d70:     109 tokens, checkpoints:  0,    13.627 MiB
srv        update:    - prompt 0x3ad80f0:     113 tokens, checkpoints:  0,    14.127 MiB
srv        update:    - prompt 0x3adfb10:     108 tokens, checkpoints:  0,    13.502 MiB
srv        update:    - prompt 0x3ae19d0:     108 tokens, checkpoints:  0,    13.502 MiB
srv        update:    - prompt 0x3ad7650:     108 tokens, checkpoints:  0,    13.502 MiB
srv        update:    - prompt 0x3ad5750:     111 tokens, checkpoints:  0,    13.877 MiB
srv        update:    - prompt 0x3af4e20:     119 tokens, checkpoints:  0,    14.877 MiB
srv        update:    - prompt 0x3221890:     123 tokens, checkpoints:  0,    15.377 MiB
srv        update:    - prompt 0x3ad2640:     165 tokens, checkpoints:  0,    20.628 MiB
srv        update:    - prompt 0x43967b0:     131 tokens, checkpoints:  0,    16.377 MiB
srv        update:    - prompt 0x3af7790:     135 tokens, checkpoints:  0,    16.877 MiB
srv        update:    - prompt 0x3226c10:     132 tokens, checkpoints:  0,    16.502 MiB
srv        update:    - prompt 0x3ae3220:     146 tokens, checkpoints:  0,    18.252 MiB
srv        update:    - prompt 0xee0440:     130 tokens, checkpoints:  0,    16.252 MiB
srv        update:    - prompt 0x321a670:     136 tokens, checkpoints:  0,    17.002 MiB
srv        update:    - prompt 0xee3bb0:     136 tokens, checkpoints:  0,    17.002 MiB
srv  get_availabl: prompt cache update took 12.56 ms
slot launch_slot_: id  1 | task -1 | sampler chain: logits -> ?penalties -> ?dry -> ?top-n-sigma -> top-k -> ?typical -> top-p -> min-p -> ?xtc -> temp-ext -> dist 
slot launch_slot_: id  1 | task 5454 | processing task, is_child = 0
slot slot_save_an: id  2 | task -1 | saving idle slot to prompt cache
srv   prompt_save:  - saving prompt with length 241, total state size = 30.129 MiB
slot prompt_clear: id  2 | task -1 | clearing prompt with 241 tokens
srv        update:  - cache state: 46 prompts, 988.875 MiB (limits: 8192.000 MiB, 4096 tokens, 65527 est)
srv        update:    - prompt 0x439af80:     106 tokens, checkpoints:  0,    13.252 MiB
srv        update:    - prompt 0xf0ef60:     107 tokens, checkpoints:  0,    13.377 MiB
srv        update:    - prompt 0x321cf30:     106 tokens, checkpoints:  0,    13.252 MiB
srv        update:    - prompt 0x439bbc0:     107 tokens, checkpoints:  0,    13.377 MiB
srv        update:    - prompt 0x321d650:     105 tokens, checkpoints:  0,    13.127 MiB
srv        update:    - prompt 0x321d8b0:     110 tokens, checkpoints:  0,    13.752 MiB
srv        update:    - prompt 0x439fd00:     116 tokens, checkpoints:  0,    14.502 MiB
srv        update:    - prompt 0x322b480:     109 tokens, checkpoints:  0,    13.627 MiB
srv        update:    - prompt 0x4be6150:     113 tokens, checkpoints:  0,    14.127 MiB
srv        update:    - prompt 0x323a9a0:     108 tokens, checkpoints:  0,    13.502 MiB
srv        update:    - prompt 0x32196f0:     108 tokens, checkpoints:  0,    13.502 MiB
srv        update:    - prompt 0x322b390:     108 tokens, checkpoints:  0,    13.502 MiB
srv        update:    - prompt 0x32307d0:     111 tokens, checkpoints:  0,    13.877 MiB
srv        update:    - prompt 0x321d2c0:     119 tokens, checkpoints:  0,    14.877 MiB
srv        update:    - prompt 0xf09400:     123 tokens, checkpoints:  0,    15.377 MiB
srv        update:    - prompt 0x438c810:     131 tokens, checkpoints:  0,    16.377 MiB
srv        update:    - prompt 0x3acc150:     130 tokens, checkpoints:  0,    16.252 MiB
srv        update:    - prompt 0xfffdcc0062a0:     363 tokens, checkpoints:  0,    45.380 MiB
srv        update:    - prompt 0xfffdc4004ad0:     425 tokens, checkpoints:  0,    53.131 MiB
srv        update:    - prompt 0xf09840:     409 tokens, checkpoints:  0,    51.130 MiB
srv        update:    - prompt 0x439b5f0:     412 tokens, checkpoints:  0,    51.505 MiB
srv        update:    - prompt 0x439fb50:     418 tokens, checkpoints:  0,    52.256 MiB
srv        update:    - prompt 0x32210b0:     415 tokens, checkpoints:  0,    51.880 MiB
srv        update:    - prompt 0xf0c700:     431 tokens, checkpoints:  0,    53.881 MiB
srv        update:    - prompt 0x322c4e0:     431 tokens, checkpoints:  0,    53.881 MiB
srv        update:    - prompt 0x322db30:     107 tokens, checkpoints:  0,    13.377 MiB
srv        update:    - prompt 0x3ad97f0:     105 tokens, checkpoints:  0,    13.127 MiB
srv        update:    - prompt 0x3ae3990:     110 tokens, checkpoints:  0,    13.752 MiB
srv        update:    - prompt 0xf12110:     116 tokens, checkpoints:  0,    14.502 MiB
srv        update:    - prompt 0x3227d70:     109 tokens, checkpoints:  0,    13.627 MiB
srv        update:    - prompt 0x3ad80f0:     113 tokens, checkpoints:  0,    14.127 MiB
srv        update:    - prompt 0x3adfb10:     108 tokens, checkpoints:  0,    13.502 MiB
srv        update:    - prompt 0x3ae19d0:     108 tokens, checkpoints:  0,    13.502 MiB
srv        update:    - prompt 0x3ad7650:     108 tokens, checkpoints:  0,    13.502 MiB
srv        update:    - prompt 0x3ad5750:     111 tokens, checkpoints:  0,    13.877 MiB
srv        update:    - prompt 0x3af4e20:     119 tokens, checkpoints:  0,    14.877 MiB
srv        update:    - prompt 0x3221890:     123 tokens, checkpoints:  0,    15.377 MiB
srv        update:    - prompt 0x3ad2640:     165 tokens, checkpoints:  0,    20.628 MiB
srv        update:    - prompt 0x43967b0:     131 tokens, checkpoints:  0,    16.377 MiB
srv        update:    - prompt 0x3af7790:     135 tokens, checkpoints:  0,    16.877 MiB
srv        update:    - prompt 0x3226c10:     132 tokens, checkpoints:  0,    16.502 MiB
srv        update:    - prompt 0x3ae3220:     146 tokens, checkpoints:  0,    18.252 MiB
srv        update:    - prompt 0xee0440:     130 tokens, checkpoints:  0,    16.252 MiB
srv        update:    - prompt 0x321a670:     136 tokens, checkpoints:  0,    17.002 MiB
srv        update:    - prompt 0xee3bb0:     136 tokens, checkpoints:  0,    17.002 MiB
srv        update:    - prompt 0x118e9b0:     241 tokens, checkpoints:  0,    30.129 MiB
slot update_slots: id  1 | task 5454 | new prompt, n_ctx_slot = 4096, n_keep = 0, task.n_tokens = 226
slot update_slots: id  1 | task 5454 | n_tokens = 0, memory_seq_rm [0, end)
slot init_sampler: id  1 | task 5454 | init sampler, took 0.12 ms, tokens: text = 226, total = 226
slot update_slots: id  1 | task 5454 | prompt processing done, n_tokens = 226, batch.n_tokens = 226
srv  log_server_r: done request: POST /completion 127.0.0.1 200
slot print_timing: id  1 | task 5454 | 
prompt eval time =   69557.38 ms /   226 tokens (  307.78 ms per token,     3.25 tokens per second)
       eval time =   34338.81 ms /   100 tokens (  343.39 ms per token,     2.91 tokens per second)
      total time =  103896.19 ms /   326 tokens
slot      release: id  1 | task 5454 | stop processing: n_tokens = 325, truncated = 0
srv  update_slots: all slots are idle
slot get_availabl: id  0 | task -1 | selected slot by LRU, t_last = 281225203936
srv  get_availabl: updating prompt cache
srv          load:  - looking for better prompt, base f_keep = -1.000, sim = 0.000
srv          load:  - found better prompt with f_keep = 0.727, sim = 1.000
srv        update:  - cache state: 45 prompts, 943.495 MiB (limits: 8192.000 MiB, 4096 tokens, 65527 est)
srv        update:    - prompt 0x439af80:     106 tokens, checkpoints:  0,    13.252 MiB
srv        update:    - prompt 0xf0ef60:     107 tokens, checkpoints:  0,    13.377 MiB
srv        update:    - prompt 0x321cf30:     106 tokens, checkpoints:  0,    13.252 MiB
srv        update:    - prompt 0x439bbc0:     107 tokens, checkpoints:  0,    13.377 MiB
srv        update:    - prompt 0x321d650:     105 tokens, checkpoints:  0,    13.127 MiB
srv        update:    - prompt 0x321d8b0:     110 tokens, checkpoints:  0,    13.752 MiB
srv        update:    - prompt 0x439fd00:     116 tokens, checkpoints:  0,    14.502 MiB
srv        update:    - prompt 0x322b480:     109 tokens, checkpoints:  0,    13.627 MiB
srv        update:    - prompt 0x4be6150:     113 tokens, checkpoints:  0,    14.127 MiB
srv        update:    - prompt 0x323a9a0:     108 tokens, checkpoints:  0,    13.502 MiB
srv        update:    - prompt 0x32196f0:     108 tokens, checkpoints:  0,    13.502 MiB
srv        update:    - prompt 0x322b390:     108 tokens, checkpoints:  0,    13.502 MiB
srv        update:    - prompt 0x32307d0:     111 tokens, checkpoints:  0,    13.877 MiB
srv        update:    - prompt 0x321d2c0:     119 tokens, checkpoints:  0,    14.877 MiB
srv        update:    - prompt 0xf09400:     123 tokens, checkpoints:  0,    15.377 MiB
srv        update:    - prompt 0x438c810:     131 tokens, checkpoints:  0,    16.377 MiB
srv        update:    - prompt 0x3acc150:     130 tokens, checkpoints:  0,    16.252 MiB
srv        update:    - prompt 0xfffdc4004ad0:     425 tokens, checkpoints:  0,    53.131 MiB
srv        update:    - prompt 0xf09840:     409 tokens, checkpoints:  0,    51.130 MiB
srv        update:    - prompt 0x439b5f0:     412 tokens, checkpoints:  0,    51.505 MiB
srv        update:    - prompt 0x439fb50:     418 tokens, checkpoints:  0,    52.256 MiB
srv        update:    - prompt 0x32210b0:     415 tokens, checkpoints:  0,    51.880 MiB
srv        update:    - prompt 0xf0c700:     431 tokens, checkpoints:  0,    53.881 MiB
srv        update:    - prompt 0x322c4e0:     431 tokens, checkpoints:  0,    53.881 MiB
srv        update:    - prompt 0x322db30:     107 tokens, checkpoints:  0,    13.377 MiB
srv        update:    - prompt 0x3ad97f0:     105 tokens, checkpoints:  0,    13.127 MiB
srv        update:    - prompt 0x3ae3990:     110 tokens, checkpoints:  0,    13.752 MiB
srv        update:    - prompt 0xf12110:     116 tokens, checkpoints:  0,    14.502 MiB
srv        update:    - prompt 0x3227d70:     109 tokens, checkpoints:  0,    13.627 MiB
srv        update:    - prompt 0x3ad80f0:     113 tokens, checkpoints:  0,    14.127 MiB
srv        update:    - prompt 0x3adfb10:     108 tokens, checkpoints:  0,    13.502 MiB
srv        update:    - prompt 0x3ae19d0:     108 tokens, checkpoints:  0,    13.502 MiB
srv        update:    - prompt 0x3ad7650:     108 tokens, checkpoints:  0,    13.502 MiB
srv        update:    - prompt 0x3ad5750:     111 tokens, checkpoints:  0,    13.877 MiB
srv        update:    - prompt 0x3af4e20:     119 tokens, checkpoints:  0,    14.877 MiB
srv        update:    - prompt 0x3221890:     123 tokens, checkpoints:  0,    15.377 MiB
srv        update:    - prompt 0x3ad2640:     165 tokens, checkpoints:  0,    20.628 MiB
srv        update:    - prompt 0x43967b0:     131 tokens, checkpoints:  0,    16.377 MiB
srv        update:    - prompt 0x3af7790:     135 tokens, checkpoints:  0,    16.877 MiB
srv        update:    - prompt 0x3226c10:     132 tokens, checkpoints:  0,    16.502 MiB
srv        update:    - prompt 0x3ae3220:     146 tokens, checkpoints:  0,    18.252 MiB
srv        update:    - prompt 0xee0440:     130 tokens, checkpoints:  0,    16.252 MiB
srv        update:    - prompt 0x321a670:     136 tokens, checkpoints:  0,    17.002 MiB
srv        update:    - prompt 0xee3bb0:     136 tokens, checkpoints:  0,    17.002 MiB
srv        update:    - prompt 0x118e9b0:     241 tokens, checkpoints:  0,    30.129 MiB
srv  get_availabl: prompt cache update took 13.96 ms
slot launch_slot_: id  0 | task -1 | sampler chain: logits -> ?penalties -> ?dry -> ?top-n-sigma -> top-k -> ?typical -> top-p -> min-p -> ?xtc -> temp-ext -> dist 
slot launch_slot_: id  0 | task 5555 | processing task, is_child = 0
slot slot_save_an: id  1 | task -1 | saving idle slot to prompt cache
srv   prompt_save:  - saving prompt with length 325, total state size = 40.629 MiB
slot prompt_clear: id  1 | task -1 | clearing prompt with 325 tokens
srv        update:  - cache state: 46 prompts, 984.124 MiB (limits: 8192.000 MiB, 4096 tokens, 65527 est)
srv        update:    - prompt 0x439af80:     106 tokens, checkpoints:  0,    13.252 MiB
srv        update:    - prompt 0xf0ef60:     107 tokens, checkpoints:  0,    13.377 MiB
srv        update:    - prompt 0x321cf30:     106 tokens, checkpoints:  0,    13.252 MiB
srv        update:    - prompt 0x439bbc0:     107 tokens, checkpoints:  0,    13.377 MiB
srv        update:    - prompt 0x321d650:     105 tokens, checkpoints:  0,    13.127 MiB
srv        update:    - prompt 0x321d8b0:     110 tokens, checkpoints:  0,    13.752 MiB
srv        update:    - prompt 0x439fd00:     116 tokens, checkpoints:  0,    14.502 MiB
srv        update:    - prompt 0x322b480:     109 tokens, checkpoints:  0,    13.627 MiB
srv        update:    - prompt 0x4be6150:     113 tokens, checkpoints:  0,    14.127 MiB
srv        update:    - prompt 0x323a9a0:     108 tokens, checkpoints:  0,    13.502 MiB
srv        update:    - prompt 0x32196f0:     108 tokens, checkpoints:  0,    13.502 MiB
srv        update:    - prompt 0x322b390:     108 tokens, checkpoints:  0,    13.502 MiB
srv        update:    - prompt 0x32307d0:     111 tokens, checkpoints:  0,    13.877 MiB
srv        update:    - prompt 0x321d2c0:     119 tokens, checkpoints:  0,    14.877 MiB
srv        update:    - prompt 0xf09400:     123 tokens, checkpoints:  0,    15.377 MiB
srv        update:    - prompt 0x438c810:     131 tokens, checkpoints:  0,    16.377 MiB
srv        update:    - prompt 0x3acc150:     130 tokens, checkpoints:  0,    16.252 MiB
srv        update:    - prompt 0xfffdc4004ad0:     425 tokens, checkpoints:  0,    53.131 MiB
srv        update:    - prompt 0xf09840:     409 tokens, checkpoints:  0,    51.130 MiB
srv        update:    - prompt 0x439b5f0:     412 tokens, checkpoints:  0,    51.505 MiB
srv        update:    - prompt 0x439fb50:     418 tokens, checkpoints:  0,    52.256 MiB
srv        update:    - prompt 0x32210b0:     415 tokens, checkpoints:  0,    51.880 MiB
srv        update:    - prompt 0xf0c700:     431 tokens, checkpoints:  0,    53.881 MiB
srv        update:    - prompt 0x322c4e0:     431 tokens, checkpoints:  0,    53.881 MiB
srv        update:    - prompt 0x322db30:     107 tokens, checkpoints:  0,    13.377 MiB
srv        update:    - prompt 0x3ad97f0:     105 tokens, checkpoints:  0,    13.127 MiB
srv        update:    - prompt 0x3ae3990:     110 tokens, checkpoints:  0,    13.752 MiB
srv        update:    - prompt 0xf12110:     116 tokens, checkpoints:  0,    14.502 MiB
srv        update:    - prompt 0x3227d70:     109 tokens, checkpoints:  0,    13.627 MiB
srv        update:    - prompt 0x3ad80f0:     113 tokens, checkpoints:  0,    14.127 MiB
srv        update:    - prompt 0x3adfb10:     108 tokens, checkpoints:  0,    13.502 MiB
srv        update:    - prompt 0x3ae19d0:     108 tokens, checkpoints:  0,    13.502 MiB
srv        update:    - prompt 0x3ad7650:     108 tokens, checkpoints:  0,    13.502 MiB
srv        update:    - prompt 0x3ad5750:     111 tokens, checkpoints:  0,    13.877 MiB
srv        update:    - prompt 0x3af4e20:     119 tokens, checkpoints:  0,    14.877 MiB
srv        update:    - prompt 0x3221890:     123 tokens, checkpoints:  0,    15.377 MiB
srv        update:    - prompt 0x3ad2640:     165 tokens, checkpoints:  0,    20.628 MiB
srv        update:    - prompt 0x43967b0:     131 tokens, checkpoints:  0,    16.377 MiB
srv        update:    - prompt 0x3af7790:     135 tokens, checkpoints:  0,    16.877 MiB
srv        update:    - prompt 0x3226c10:     132 tokens, checkpoints:  0,    16.502 MiB
srv        update:    - prompt 0x3ae3220:     146 tokens, checkpoints:  0,    18.252 MiB
srv        update:    - prompt 0xee0440:     130 tokens, checkpoints:  0,    16.252 MiB
srv        update:    - prompt 0x321a670:     136 tokens, checkpoints:  0,    17.002 MiB
srv        update:    - prompt 0xee3bb0:     136 tokens, checkpoints:  0,    17.002 MiB
srv        update:    - prompt 0x118e9b0:     241 tokens, checkpoints:  0,    30.129 MiB
srv        update:    - prompt 0xfffdcc0062a0:     325 tokens, checkpoints:  0,    40.629 MiB
slot update_slots: id  0 | task 5555 | new prompt, n_ctx_slot = 4096, n_keep = 0, task.n_tokens = 264
slot update_slots: id  0 | task 5555 | n_tokens = 0, memory_seq_rm [0, end)
slot init_sampler: id  0 | task 5555 | init sampler, took 0.13 ms, tokens: text = 264, total = 264
slot update_slots: id  0 | task 5555 | prompt processing done, n_tokens = 264, batch.n_tokens = 264
srv  log_server_r: done request: POST /completion 127.0.0.1 200
slot print_timing: id  0 | task 5555 | 
prompt eval time =   83407.42 ms /   264 tokens (  315.94 ms per token,     3.17 tokens per second)
       eval time =   34652.51 ms /   100 tokens (  346.53 ms per token,     2.89 tokens per second)
      total time =  118059.94 ms /   364 tokens
slot      release: id  0 | task 5555 | stop processing: n_tokens = 363, truncated = 0
srv  update_slots: all slots are idle
slot get_availabl: id  3 | task -1 | selected slot by LRU, t_last = 281268959920
srv  get_availabl: updating prompt cache
srv          load:  - looking for better prompt, base f_keep = -1.000, sim = 0.000
srv          load:  - found better prompt with f_keep = 0.767, sim = 1.000
srv        update:  - cache state: 45 prompts, 930.994 MiB (limits: 8192.000 MiB, 4096 tokens, 65527 est)
srv        update:    - prompt 0x439af80:     106 tokens, checkpoints:  0,    13.252 MiB
srv        update:    - prompt 0xf0ef60:     107 tokens, checkpoints:  0,    13.377 MiB
srv        update:    - prompt 0x321cf30:     106 tokens, checkpoints:  0,    13.252 MiB
srv        update:    - prompt 0x439bbc0:     107 tokens, checkpoints:  0,    13.377 MiB
srv        update:    - prompt 0x321d650:     105 tokens, checkpoints:  0,    13.127 MiB
srv        update:    - prompt 0x321d8b0:     110 tokens, checkpoints:  0,    13.752 MiB
srv        update:    - prompt 0x439fd00:     116 tokens, checkpoints:  0,    14.502 MiB
srv        update:    - prompt 0x322b480:     109 tokens, checkpoints:  0,    13.627 MiB
srv        update:    - prompt 0x4be6150:     113 tokens, checkpoints:  0,    14.127 MiB
srv        update:    - prompt 0x323a9a0:     108 tokens, checkpoints:  0,    13.502 MiB
srv        update:    - prompt 0x32196f0:     108 tokens, checkpoints:  0,    13.502 MiB
srv        update:    - prompt 0x322b390:     108 tokens, checkpoints:  0,    13.502 MiB
srv        update:    - prompt 0x32307d0:     111 tokens, checkpoints:  0,    13.877 MiB
srv        update:    - prompt 0x321d2c0:     119 tokens, checkpoints:  0,    14.877 MiB
srv        update:    - prompt 0xf09400:     123 tokens, checkpoints:  0,    15.377 MiB
srv        update:    - prompt 0x438c810:     131 tokens, checkpoints:  0,    16.377 MiB
srv        update:    - prompt 0x3acc150:     130 tokens, checkpoints:  0,    16.252 MiB
srv        update:    - prompt 0xf09840:     409 tokens, checkpoints:  0,    51.130 MiB
srv        update:    - prompt 0x439b5f0:     412 tokens, checkpoints:  0,    51.505 MiB
srv        update:    - prompt 0x439fb50:     418 tokens, checkpoints:  0,    52.256 MiB
srv        update:    - prompt 0x32210b0:     415 tokens, checkpoints:  0,    51.880 MiB
srv        update:    - prompt 0xf0c700:     431 tokens, checkpoints:  0,    53.881 MiB
srv        update:    - prompt 0x322c4e0:     431 tokens, checkpoints:  0,    53.881 MiB
srv        update:    - prompt 0x322db30:     107 tokens, checkpoints:  0,    13.377 MiB
srv        update:    - prompt 0x3ad97f0:     105 tokens, checkpoints:  0,    13.127 MiB
srv        update:    - prompt 0x3ae3990:     110 tokens, checkpoints:  0,    13.752 MiB
srv        update:    - prompt 0xf12110:     116 tokens, checkpoints:  0,    14.502 MiB
srv        update:    - prompt 0x3227d70:     109 tokens, checkpoints:  0,    13.627 MiB
srv        update:    - prompt 0x3ad80f0:     113 tokens, checkpoints:  0,    14.127 MiB
srv        update:    - prompt 0x3adfb10:     108 tokens, checkpoints:  0,    13.502 MiB
srv        update:    - prompt 0x3ae19d0:     108 tokens, checkpoints:  0,    13.502 MiB
srv        update:    - prompt 0x3ad7650:     108 tokens, checkpoints:  0,    13.502 MiB
srv        update:    - prompt 0x3ad5750:     111 tokens, checkpoints:  0,    13.877 MiB
srv        update:    - prompt 0x3af4e20:     119 tokens, checkpoints:  0,    14.877 MiB
srv        update:    - prompt 0x3221890:     123 tokens, checkpoints:  0,    15.377 MiB
srv        update:    - prompt 0x3ad2640:     165 tokens, checkpoints:  0,    20.628 MiB
srv        update:    - prompt 0x43967b0:     131 tokens, checkpoints:  0,    16.377 MiB
srv        update:    - prompt 0x3af7790:     135 tokens, checkpoints:  0,    16.877 MiB
srv        update:    - prompt 0x3226c10:     132 tokens, checkpoints:  0,    16.502 MiB
srv        update:    - prompt 0x3ae3220:     146 tokens, checkpoints:  0,    18.252 MiB
srv        update:    - prompt 0xee0440:     130 tokens, checkpoints:  0,    16.252 MiB
srv        update:    - prompt 0x321a670:     136 tokens, checkpoints:  0,    17.002 MiB
srv        update:    - prompt 0xee3bb0:     136 tokens, checkpoints:  0,    17.002 MiB
srv        update:    - prompt 0x118e9b0:     241 tokens, checkpoints:  0,    30.129 MiB
srv        update:    - prompt 0xfffdcc0062a0:     325 tokens, checkpoints:  0,    40.629 MiB
srv  get_availabl: prompt cache update took 16.20 ms
slot launch_slot_: id  3 | task -1 | sampler chain: logits -> ?penalties -> ?dry -> ?top-n-sigma -> top-k -> ?typical -> top-p -> min-p -> ?xtc -> temp-ext -> dist 
slot launch_slot_: id  3 | task 5656 | processing task, is_child = 0
slot slot_save_an: id  0 | task -1 | saving idle slot to prompt cache
srv   prompt_save:  - saving prompt with length 363, total state size = 45.380 MiB
slot prompt_clear: id  0 | task -1 | clearing prompt with 363 tokens
srv        update:  - cache state: 46 prompts, 976.374 MiB (limits: 8192.000 MiB, 4096 tokens, 65527 est)
srv        update:    - prompt 0x439af80:     106 tokens, checkpoints:  0,    13.252 MiB
srv        update:    - prompt 0xf0ef60:     107 tokens, checkpoints:  0,    13.377 MiB
srv        update:    - prompt 0x321cf30:     106 tokens, checkpoints:  0,    13.252 MiB
srv        update:    - prompt 0x439bbc0:     107 tokens, checkpoints:  0,    13.377 MiB
srv        update:    - prompt 0x321d650:     105 tokens, checkpoints:  0,    13.127 MiB
srv        update:    - prompt 0x321d8b0:     110 tokens, checkpoints:  0,    13.752 MiB
srv        update:    - prompt 0x439fd00:     116 tokens, checkpoints:  0,    14.502 MiB
srv        update:    - prompt 0x322b480:     109 tokens, checkpoints:  0,    13.627 MiB
srv        update:    - prompt 0x4be6150:     113 tokens, checkpoints:  0,    14.127 MiB
srv        update:    - prompt 0x323a9a0:     108 tokens, checkpoints:  0,    13.502 MiB
srv        update:    - prompt 0x32196f0:     108 tokens, checkpoints:  0,    13.502 MiB
srv        update:    - prompt 0x322b390:     108 tokens, checkpoints:  0,    13.502 MiB
srv        update:    - prompt 0x32307d0:     111 tokens, checkpoints:  0,    13.877 MiB
srv        update:    - prompt 0x321d2c0:     119 tokens, checkpoints:  0,    14.877 MiB
srv        update:    - prompt 0xf09400:     123 tokens, checkpoints:  0,    15.377 MiB
srv        update:    - prompt 0x438c810:     131 tokens, checkpoints:  0,    16.377 MiB
srv        update:    - prompt 0x3acc150:     130 tokens, checkpoints:  0,    16.252 MiB
srv        update:    - prompt 0xf09840:     409 tokens, checkpoints:  0,    51.130 MiB
srv        update:    - prompt 0x439b5f0:     412 tokens, checkpoints:  0,    51.505 MiB
srv        update:    - prompt 0x439fb50:     418 tokens, checkpoints:  0,    52.256 MiB
srv        update:    - prompt 0x32210b0:     415 tokens, checkpoints:  0,    51.880 MiB
srv        update:    - prompt 0xf0c700:     431 tokens, checkpoints:  0,    53.881 MiB
srv        update:    - prompt 0x322c4e0:     431 tokens, checkpoints:  0,    53.881 MiB
srv        update:    - prompt 0x322db30:     107 tokens, checkpoints:  0,    13.377 MiB
srv        update:    - prompt 0x3ad97f0:     105 tokens, checkpoints:  0,    13.127 MiB
srv        update:    - prompt 0x3ae3990:     110 tokens, checkpoints:  0,    13.752 MiB
srv        update:    - prompt 0xf12110:     116 tokens, checkpoints:  0,    14.502 MiB
srv        update:    - prompt 0x3227d70:     109 tokens, checkpoints:  0,    13.627 MiB
srv        update:    - prompt 0x3ad80f0:     113 tokens, checkpoints:  0,    14.127 MiB
srv        update:    - prompt 0x3adfb10:     108 tokens, checkpoints:  0,    13.502 MiB
srv        update:    - prompt 0x3ae19d0:     108 tokens, checkpoints:  0,    13.502 MiB
srv        update:    - prompt 0x3ad7650:     108 tokens, checkpoints:  0,    13.502 MiB
srv        update:    - prompt 0x3ad5750:     111 tokens, checkpoints:  0,    13.877 MiB
srv        update:    - prompt 0x3af4e20:     119 tokens, checkpoints:  0,    14.877 MiB
srv        update:    - prompt 0x3221890:     123 tokens, checkpoints:  0,    15.377 MiB
srv        update:    - prompt 0x3ad2640:     165 tokens, checkpoints:  0,    20.628 MiB
srv        update:    - prompt 0x43967b0:     131 tokens, checkpoints:  0,    16.377 MiB
srv        update:    - prompt 0x3af7790:     135 tokens, checkpoints:  0,    16.877 MiB
srv        update:    - prompt 0x3226c10:     132 tokens, checkpoints:  0,    16.502 MiB
srv        update:    - prompt 0x3ae3220:     146 tokens, checkpoints:  0,    18.252 MiB
srv        update:    - prompt 0xee0440:     130 tokens, checkpoints:  0,    16.252 MiB
srv        update:    - prompt 0x321a670:     136 tokens, checkpoints:  0,    17.002 MiB
srv        update:    - prompt 0xee3bb0:     136 tokens, checkpoints:  0,    17.002 MiB
srv        update:    - prompt 0x118e9b0:     241 tokens, checkpoints:  0,    30.129 MiB
srv        update:    - prompt 0xfffdcc0062a0:     325 tokens, checkpoints:  0,    40.629 MiB
srv        update:    - prompt 0xfffe28005460:     363 tokens, checkpoints:  0,    45.380 MiB
slot update_slots: id  3 | task 5656 | new prompt, n_ctx_slot = 4096, n_keep = 0, task.n_tokens = 326
slot update_slots: id  3 | task 5656 | n_tokens = 0, memory_seq_rm [0, end)
slot init_sampler: id  3 | task 5656 | init sampler, took 0.17 ms, tokens: text = 326, total = 326
slot update_slots: id  3 | task 5656 | prompt processing done, n_tokens = 326, batch.n_tokens = 326
srv  log_server_r: done request: POST /completion 127.0.0.1 200
slot print_timing: id  3 | task 5656 | 
prompt eval time =  104554.48 ms /   326 tokens (  320.72 ms per token,     3.12 tokens per second)
       eval time =   34707.60 ms /   100 tokens (  347.08 ms per token,     2.88 tokens per second)
      total time =  139262.08 ms /   426 tokens
slot      release: id  3 | task 5656 | stop processing: n_tokens = 425, truncated = 0
srv  update_slots: all slots are idle
slot get_availabl: id  2 | task -1 | selected slot by LRU, t_last = 281346403223
srv  get_availabl: updating prompt cache
srv          load:  - looking for better prompt, base f_keep = -1.000, sim = 0.000
srv          load:  - found better prompt with f_keep = 0.758, sim = 1.000
srv        update:  - cache state: 45 prompts, 925.243 MiB (limits: 8192.000 MiB, 4096 tokens, 65527 est)
srv        update:    - prompt 0x439af80:     106 tokens, checkpoints:  0,    13.252 MiB
srv        update:    - prompt 0xf0ef60:     107 tokens, checkpoints:  0,    13.377 MiB
srv        update:    - prompt 0x321cf30:     106 tokens, checkpoints:  0,    13.252 MiB
srv        update:    - prompt 0x439bbc0:     107 tokens, checkpoints:  0,    13.377 MiB
srv        update:    - prompt 0x321d650:     105 tokens, checkpoints:  0,    13.127 MiB
srv        update:    - prompt 0x321d8b0:     110 tokens, checkpoints:  0,    13.752 MiB
srv        update:    - prompt 0x439fd00:     116 tokens, checkpoints:  0,    14.502 MiB
srv        update:    - prompt 0x322b480:     109 tokens, checkpoints:  0,    13.627 MiB
srv        update:    - prompt 0x4be6150:     113 tokens, checkpoints:  0,    14.127 MiB
srv        update:    - prompt 0x323a9a0:     108 tokens, checkpoints:  0,    13.502 MiB
srv        update:    - prompt 0x32196f0:     108 tokens, checkpoints:  0,    13.502 MiB
srv        update:    - prompt 0x322b390:     108 tokens, checkpoints:  0,    13.502 MiB
srv        update:    - prompt 0x32307d0:     111 tokens, checkpoints:  0,    13.877 MiB
srv        update:    - prompt 0x321d2c0:     119 tokens, checkpoints:  0,    14.877 MiB
srv        update:    - prompt 0xf09400:     123 tokens, checkpoints:  0,    15.377 MiB
srv        update:    - prompt 0x438c810:     131 tokens, checkpoints:  0,    16.377 MiB
srv        update:    - prompt 0x3acc150:     130 tokens, checkpoints:  0,    16.252 MiB
srv        update:    - prompt 0x439b5f0:     412 tokens, checkpoints:  0,    51.505 MiB
srv        update:    - prompt 0x439fb50:     418 tokens, checkpoints:  0,    52.256 MiB
srv        update:    - prompt 0x32210b0:     415 tokens, checkpoints:  0,    51.880 MiB
srv        update:    - prompt 0xf0c700:     431 tokens, checkpoints:  0,    53.881 MiB
srv        update:    - prompt 0x322c4e0:     431 tokens, checkpoints:  0,    53.881 MiB
srv        update:    - prompt 0x322db30:     107 tokens, checkpoints:  0,    13.377 MiB
srv        update:    - prompt 0x3ad97f0:     105 tokens, checkpoints:  0,    13.127 MiB
srv        update:    - prompt 0x3ae3990:     110 tokens, checkpoints:  0,    13.752 MiB
srv        update:    - prompt 0xf12110:     116 tokens, checkpoints:  0,    14.502 MiB
srv        update:    - prompt 0x3227d70:     109 tokens, checkpoints:  0,    13.627 MiB
srv        update:    - prompt 0x3ad80f0:     113 tokens, checkpoints:  0,    14.127 MiB
srv        update:    - prompt 0x3adfb10:     108 tokens, checkpoints:  0,    13.502 MiB
srv        update:    - prompt 0x3ae19d0:     108 tokens, checkpoints:  0,    13.502 MiB
srv        update:    - prompt 0x3ad7650:     108 tokens, checkpoints:  0,    13.502 MiB
srv        update:    - prompt 0x3ad5750:     111 tokens, checkpoints:  0,    13.877 MiB
srv        update:    - prompt 0x3af4e20:     119 tokens, checkpoints:  0,    14.877 MiB
srv        update:    - prompt 0x3221890:     123 tokens, checkpoints:  0,    15.377 MiB
srv        update:    - prompt 0x3ad2640:     165 tokens, checkpoints:  0,    20.628 MiB
srv        update:    - prompt 0x43967b0:     131 tokens, checkpoints:  0,    16.377 MiB
srv        update:    - prompt 0x3af7790:     135 tokens, checkpoints:  0,    16.877 MiB
srv        update:    - prompt 0x3226c10:     132 tokens, checkpoints:  0,    16.502 MiB
srv        update:    - prompt 0x3ae3220:     146 tokens, checkpoints:  0,    18.252 MiB
srv        update:    - prompt 0xee0440:     130 tokens, checkpoints:  0,    16.252 MiB
srv        update:    - prompt 0x321a670:     136 tokens, checkpoints:  0,    17.002 MiB
srv        update:    - prompt 0xee3bb0:     136 tokens, checkpoints:  0,    17.002 MiB
srv        update:    - prompt 0x118e9b0:     241 tokens, checkpoints:  0,    30.129 MiB
srv        update:    - prompt 0xfffdcc0062a0:     325 tokens, checkpoints:  0,    40.629 MiB
srv        update:    - prompt 0xfffe28005460:     363 tokens, checkpoints:  0,    45.380 MiB
srv  get_availabl: prompt cache update took 15.64 ms
slot launch_slot_: id  2 | task -1 | sampler chain: logits -> ?penalties -> ?dry -> ?top-n-sigma -> top-k -> ?typical -> top-p -> min-p -> ?xtc -> temp-ext -> dist 
slot launch_slot_: id  2 | task 5757 | processing task, is_child = 0
slot slot_save_an: id  3 | task -1 | saving idle slot to prompt cache
srv   prompt_save:  - saving prompt with length 425, total state size = 53.131 MiB
slot prompt_clear: id  3 | task -1 | clearing prompt with 425 tokens
srv        update:  - cache state: 46 prompts, 978.374 MiB (limits: 8192.000 MiB, 4096 tokens, 65527 est)
srv        update:    - prompt 0x439af80:     106 tokens, checkpoints:  0,    13.252 MiB
srv        update:    - prompt 0xf0ef60:     107 tokens, checkpoints:  0,    13.377 MiB
srv        update:    - prompt 0x321cf30:     106 tokens, checkpoints:  0,    13.252 MiB
srv        update:    - prompt 0x439bbc0:     107 tokens, checkpoints:  0,    13.377 MiB
srv        update:    - prompt 0x321d650:     105 tokens, checkpoints:  0,    13.127 MiB
srv        update:    - prompt 0x321d8b0:     110 tokens, checkpoints:  0,    13.752 MiB
srv        update:    - prompt 0x439fd00:     116 tokens, checkpoints:  0,    14.502 MiB
srv        update:    - prompt 0x322b480:     109 tokens, checkpoints:  0,    13.627 MiB
srv        update:    - prompt 0x4be6150:     113 tokens, checkpoints:  0,    14.127 MiB
srv        update:    - prompt 0x323a9a0:     108 tokens, checkpoints:  0,    13.502 MiB
srv        update:    - prompt 0x32196f0:     108 tokens, checkpoints:  0,    13.502 MiB
srv        update:    - prompt 0x322b390:     108 tokens, checkpoints:  0,    13.502 MiB
srv        update:    - prompt 0x32307d0:     111 tokens, checkpoints:  0,    13.877 MiB
srv        update:    - prompt 0x321d2c0:     119 tokens, checkpoints:  0,    14.877 MiB
srv        update:    - prompt 0xf09400:     123 tokens, checkpoints:  0,    15.377 MiB
srv        update:    - prompt 0x438c810:     131 tokens, checkpoints:  0,    16.377 MiB
srv        update:    - prompt 0x3acc150:     130 tokens, checkpoints:  0,    16.252 MiB
srv        update:    - prompt 0x439b5f0:     412 tokens, checkpoints:  0,    51.505 MiB
srv        update:    - prompt 0x439fb50:     418 tokens, checkpoints:  0,    52.256 MiB
srv        update:    - prompt 0x32210b0:     415 tokens, checkpoints:  0,    51.880 MiB
srv        update:    - prompt 0xf0c700:     431 tokens, checkpoints:  0,    53.881 MiB
srv        update:    - prompt 0x322c4e0:     431 tokens, checkpoints:  0,    53.881 MiB
srv        update:    - prompt 0x322db30:     107 tokens, checkpoints:  0,    13.377 MiB
srv        update:    - prompt 0x3ad97f0:     105 tokens, checkpoints:  0,    13.127 MiB
srv        update:    - prompt 0x3ae3990:     110 tokens, checkpoints:  0,    13.752 MiB
srv        update:    - prompt 0xf12110:     116 tokens, checkpoints:  0,    14.502 MiB
srv        update:    - prompt 0x3227d70:     109 tokens, checkpoints:  0,    13.627 MiB
srv        update:    - prompt 0x3ad80f0:     113 tokens, checkpoints:  0,    14.127 MiB
srv        update:    - prompt 0x3adfb10:     108 tokens, checkpoints:  0,    13.502 MiB
srv        update:    - prompt 0x3ae19d0:     108 tokens, checkpoints:  0,    13.502 MiB
srv        update:    - prompt 0x3ad7650:     108 tokens, checkpoints:  0,    13.502 MiB
srv        update:    - prompt 0x3ad5750:     111 tokens, checkpoints:  0,    13.877 MiB
srv        update:    - prompt 0x3af4e20:     119 tokens, checkpoints:  0,    14.877 MiB
srv        update:    - prompt 0x3221890:     123 tokens, checkpoints:  0,    15.377 MiB
srv        update:    - prompt 0x3ad2640:     165 tokens, checkpoints:  0,    20.628 MiB
srv        update:    - prompt 0x43967b0:     131 tokens, checkpoints:  0,    16.377 MiB
srv        update:    - prompt 0x3af7790:     135 tokens, checkpoints:  0,    16.877 MiB
srv        update:    - prompt 0x3226c10:     132 tokens, checkpoints:  0,    16.502 MiB
srv        update:    - prompt 0x3ae3220:     146 tokens, checkpoints:  0,    18.252 MiB
srv        update:    - prompt 0xee0440:     130 tokens, checkpoints:  0,    16.252 MiB
srv        update:    - prompt 0x321a670:     136 tokens, checkpoints:  0,    17.002 MiB
srv        update:    - prompt 0xee3bb0:     136 tokens, checkpoints:  0,    17.002 MiB
srv        update:    - prompt 0x118e9b0:     241 tokens, checkpoints:  0,    30.129 MiB
srv        update:    - prompt 0xfffdcc0062a0:     325 tokens, checkpoints:  0,    40.629 MiB
srv        update:    - prompt 0xfffe28005460:     363 tokens, checkpoints:  0,    45.380 MiB
srv        update:    - prompt 0xfffe1c002440:     425 tokens, checkpoints:  0,    53.131 MiB
slot update_slots: id  2 | task 5757 | new prompt, n_ctx_slot = 4096, n_keep = 0, task.n_tokens = 310
slot update_slots: id  2 | task 5757 | n_tokens = 0, memory_seq_rm [0, end)
slot init_sampler: id  2 | task 5757 | init sampler, took 0.16 ms, tokens: text = 310, total = 310
slot update_slots: id  2 | task 5757 | prompt processing done, n_tokens = 310, batch.n_tokens = 310
srv  log_server_r: done request: POST /completion 127.0.0.1 200
slot print_timing: id  2 | task 5757 | 
prompt eval time =   96250.79 ms /   310 tokens (  310.49 ms per token,     3.22 tokens per second)
       eval time =   34724.24 ms /   100 tokens (  347.24 ms per token,     2.88 tokens per second)
      total time =  130975.04 ms /   410 tokens
slot      release: id  2 | task 5757 | stop processing: n_tokens = 409, truncated = 0
srv  update_slots: all slots are idle
slot get_availabl: id  1 | task -1 | selected slot by LRU, t_last = 281450910544
srv  get_availabl: updating prompt cache
srv          load:  - looking for better prompt, base f_keep = -1.000, sim = 0.000
srv          load:  - found better prompt with f_keep = 0.760, sim = 1.000
srv        update:  - cache state: 45 prompts, 926.868 MiB (limits: 8192.000 MiB, 4096 tokens, 65527 est)
srv        update:    - prompt 0x439af80:     106 tokens, checkpoints:  0,    13.252 MiB
srv        update:    - prompt 0xf0ef60:     107 tokens, checkpoints:  0,    13.377 MiB
srv        update:    - prompt 0x321cf30:     106 tokens, checkpoints:  0,    13.252 MiB
srv        update:    - prompt 0x439bbc0:     107 tokens, checkpoints:  0,    13.377 MiB
srv        update:    - prompt 0x321d650:     105 tokens, checkpoints:  0,    13.127 MiB
srv        update:    - prompt 0x321d8b0:     110 tokens, checkpoints:  0,    13.752 MiB
srv        update:    - prompt 0x439fd00:     116 tokens, checkpoints:  0,    14.502 MiB
srv        update:    - prompt 0x322b480:     109 tokens, checkpoints:  0,    13.627 MiB
srv        update:    - prompt 0x4be6150:     113 tokens, checkpoints:  0,    14.127 MiB
srv        update:    - prompt 0x323a9a0:     108 tokens, checkpoints:  0,    13.502 MiB
srv        update:    - prompt 0x32196f0:     108 tokens, checkpoints:  0,    13.502 MiB
srv        update:    - prompt 0x322b390:     108 tokens, checkpoints:  0,    13.502 MiB
srv        update:    - prompt 0x32307d0:     111 tokens, checkpoints:  0,    13.877 MiB
srv        update:    - prompt 0x321d2c0:     119 tokens, checkpoints:  0,    14.877 MiB
srv        update:    - prompt 0xf09400:     123 tokens, checkpoints:  0,    15.377 MiB
srv        update:    - prompt 0x438c810:     131 tokens, checkpoints:  0,    16.377 MiB
srv        update:    - prompt 0x3acc150:     130 tokens, checkpoints:  0,    16.252 MiB
srv        update:    - prompt 0x439fb50:     418 tokens, checkpoints:  0,    52.256 MiB
srv        update:    - prompt 0x32210b0:     415 tokens, checkpoints:  0,    51.880 MiB
srv        update:    - prompt 0xf0c700:     431 tokens, checkpoints:  0,    53.881 MiB
srv        update:    - prompt 0x322c4e0:     431 tokens, checkpoints:  0,    53.881 MiB
srv        update:    - prompt 0x322db30:     107 tokens, checkpoints:  0,    13.377 MiB
srv        update:    - prompt 0x3ad97f0:     105 tokens, checkpoints:  0,    13.127 MiB
srv        update:    - prompt 0x3ae3990:     110 tokens, checkpoints:  0,    13.752 MiB
srv        update:    - prompt 0xf12110:     116 tokens, checkpoints:  0,    14.502 MiB
srv        update:    - prompt 0x3227d70:     109 tokens, checkpoints:  0,    13.627 MiB
srv        update:    - prompt 0x3ad80f0:     113 tokens, checkpoints:  0,    14.127 MiB
srv        update:    - prompt 0x3adfb10:     108 tokens, checkpoints:  0,    13.502 MiB
srv        update:    - prompt 0x3ae19d0:     108 tokens, checkpoints:  0,    13.502 MiB
srv        update:    - prompt 0x3ad7650:     108 tokens, checkpoints:  0,    13.502 MiB
srv        update:    - prompt 0x3ad5750:     111 tokens, checkpoints:  0,    13.877 MiB
srv        update:    - prompt 0x3af4e20:     119 tokens, checkpoints:  0,    14.877 MiB
srv        update:    - prompt 0x3221890:     123 tokens, checkpoints:  0,    15.377 MiB
srv        update:    - prompt 0x3ad2640:     165 tokens, checkpoints:  0,    20.628 MiB
srv        update:    - prompt 0x43967b0:     131 tokens, checkpoints:  0,    16.377 MiB
srv        update:    - prompt 0x3af7790:     135 tokens, checkpoints:  0,    16.877 MiB
srv        update:    - prompt 0x3226c10:     132 tokens, checkpoints:  0,    16.502 MiB
srv        update:    - prompt 0x3ae3220:     146 tokens, checkpoints:  0,    18.252 MiB
srv        update:    - prompt 0xee0440:     130 tokens, checkpoints:  0,    16.252 MiB
srv        update:    - prompt 0x321a670:     136 tokens, checkpoints:  0,    17.002 MiB
srv        update:    - prompt 0xee3bb0:     136 tokens, checkpoints:  0,    17.002 MiB
srv        update:    - prompt 0x118e9b0:     241 tokens, checkpoints:  0,    30.129 MiB
srv        update:    - prompt 0xfffdcc0062a0:     325 tokens, checkpoints:  0,    40.629 MiB
srv        update:    - prompt 0xfffe28005460:     363 tokens, checkpoints:  0,    45.380 MiB
srv        update:    - prompt 0xfffe1c002440:     425 tokens, checkpoints:  0,    53.131 MiB
srv  get_availabl: prompt cache update took 15.61 ms
slot launch_slot_: id  1 | task -1 | sampler chain: logits -> ?penalties -> ?dry -> ?top-n-sigma -> top-k -> ?typical -> top-p -> min-p -> ?xtc -> temp-ext -> dist 
slot launch_slot_: id  1 | task 5858 | processing task, is_child = 0
slot slot_save_an: id  2 | task -1 | saving idle slot to prompt cache
srv   prompt_save:  - saving prompt with length 409, total state size = 51.130 MiB
slot prompt_clear: id  2 | task -1 | clearing prompt with 409 tokens
srv        update:  - cache state: 46 prompts, 977.999 MiB (limits: 8192.000 MiB, 4096 tokens, 65527 est)
srv        update:    - prompt 0x439af80:     106 tokens, checkpoints:  0,    13.252 MiB
srv        update:    - prompt 0xf0ef60:     107 tokens, checkpoints:  0,    13.377 MiB
srv        update:    - prompt 0x321cf30:     106 tokens, checkpoints:  0,    13.252 MiB
srv        update:    - prompt 0x439bbc0:     107 tokens, checkpoints:  0,    13.377 MiB
srv        update:    - prompt 0x321d650:     105 tokens, checkpoints:  0,    13.127 MiB
srv        update:    - prompt 0x321d8b0:     110 tokens, checkpoints:  0,    13.752 MiB
srv        update:    - prompt 0x439fd00:     116 tokens, checkpoints:  0,    14.502 MiB
srv        update:    - prompt 0x322b480:     109 tokens, checkpoints:  0,    13.627 MiB
srv        update:    - prompt 0x4be6150:     113 tokens, checkpoints:  0,    14.127 MiB
srv        update:    - prompt 0x323a9a0:     108 tokens, checkpoints:  0,    13.502 MiB
srv        update:    - prompt 0x32196f0:     108 tokens, checkpoints:  0,    13.502 MiB
srv        update:    - prompt 0x322b390:     108 tokens, checkpoints:  0,    13.502 MiB
srv        update:    - prompt 0x32307d0:     111 tokens, checkpoints:  0,    13.877 MiB
srv        update:    - prompt 0x321d2c0:     119 tokens, checkpoints:  0,    14.877 MiB
srv        update:    - prompt 0xf09400:     123 tokens, checkpoints:  0,    15.377 MiB
srv        update:    - prompt 0x438c810:     131 tokens, checkpoints:  0,    16.377 MiB
srv        update:    - prompt 0x3acc150:     130 tokens, checkpoints:  0,    16.252 MiB
srv        update:    - prompt 0x439fb50:     418 tokens, checkpoints:  0,    52.256 MiB
srv        update:    - prompt 0x32210b0:     415 tokens, checkpoints:  0,    51.880 MiB
srv        update:    - prompt 0xf0c700:     431 tokens, checkpoints:  0,    53.881 MiB
srv        update:    - prompt 0x322c4e0:     431 tokens, checkpoints:  0,    53.881 MiB
srv        update:    - prompt 0x322db30:     107 tokens, checkpoints:  0,    13.377 MiB
srv        update:    - prompt 0x3ad97f0:     105 tokens, checkpoints:  0,    13.127 MiB
srv        update:    - prompt 0x3ae3990:     110 tokens, checkpoints:  0,    13.752 MiB
srv        update:    - prompt 0xf12110:     116 tokens, checkpoints:  0,    14.502 MiB
srv        update:    - prompt 0x3227d70:     109 tokens, checkpoints:  0,    13.627 MiB
srv        update:    - prompt 0x3ad80f0:     113 tokens, checkpoints:  0,    14.127 MiB
srv        update:    - prompt 0x3adfb10:     108 tokens, checkpoints:  0,    13.502 MiB
srv        update:    - prompt 0x3ae19d0:     108 tokens, checkpoints:  0,    13.502 MiB
srv        update:    - prompt 0x3ad7650:     108 tokens, checkpoints:  0,    13.502 MiB
srv        update:    - prompt 0x3ad5750:     111 tokens, checkpoints:  0,    13.877 MiB
srv        update:    - prompt 0x3af4e20:     119 tokens, checkpoints:  0,    14.877 MiB
srv        update:    - prompt 0x3221890:     123 tokens, checkpoints:  0,    15.377 MiB
srv        update:    - prompt 0x3ad2640:     165 tokens, checkpoints:  0,    20.628 MiB
srv        update:    - prompt 0x43967b0:     131 tokens, checkpoints:  0,    16.377 MiB
srv        update:    - prompt 0x3af7790:     135 tokens, checkpoints:  0,    16.877 MiB
srv        update:    - prompt 0x3226c10:     132 tokens, checkpoints:  0,    16.502 MiB
srv        update:    - prompt 0x3ae3220:     146 tokens, checkpoints:  0,    18.252 MiB
srv        update:    - prompt 0xee0440:     130 tokens, checkpoints:  0,    16.252 MiB
srv        update:    - prompt 0x321a670:     136 tokens, checkpoints:  0,    17.002 MiB
srv        update:    - prompt 0xee3bb0:     136 tokens, checkpoints:  0,    17.002 MiB
srv        update:    - prompt 0x118e9b0:     241 tokens, checkpoints:  0,    30.129 MiB
srv        update:    - prompt 0xfffdcc0062a0:     325 tokens, checkpoints:  0,    40.629 MiB
srv        update:    - prompt 0xfffe28005460:     363 tokens, checkpoints:  0,    45.380 MiB
srv        update:    - prompt 0xfffe1c002440:     425 tokens, checkpoints:  0,    53.131 MiB
srv        update:    - prompt 0x439b5f0:     409 tokens, checkpoints:  0,    51.130 MiB
slot update_slots: id  1 | task 5858 | new prompt, n_ctx_slot = 4096, n_keep = 0, task.n_tokens = 313
slot update_slots: id  1 | task 5858 | n_tokens = 0, memory_seq_rm [0, end)
slot init_sampler: id  1 | task 5858 | init sampler, took 0.16 ms, tokens: text = 313, total = 313
slot update_slots: id  1 | task 5858 | prompt processing done, n_tokens = 313, batch.n_tokens = 313
srv  log_server_r: done request: POST /completion 127.0.0.1 200
slot print_timing: id  1 | task 5858 | 
prompt eval time =   97103.10 ms /   313 tokens (  310.23 ms per token,     3.22 tokens per second)
       eval time =   34738.40 ms /   100 tokens (  347.38 ms per token,     2.88 tokens per second)
      total time =  131841.50 ms /   413 tokens
slot      release: id  1 | task 5858 | stop processing: n_tokens = 412, truncated = 0
srv  update_slots: all slots are idle
slot get_availabl: id  0 | task -1 | selected slot by LRU, t_last = 281569627111
srv  get_availabl: updating prompt cache
srv          load:  - looking for better prompt, base f_keep = -1.000, sim = 0.000
srv          load:  - found better prompt with f_keep = 0.763, sim = 1.000
srv        update:  - cache state: 45 prompts, 925.743 MiB (limits: 8192.000 MiB, 4096 tokens, 65527 est)
srv        update:    - prompt 0x439af80:     106 tokens, checkpoints:  0,    13.252 MiB
srv        update:    - prompt 0xf0ef60:     107 tokens, checkpoints:  0,    13.377 MiB
srv        update:    - prompt 0x321cf30:     106 tokens, checkpoints:  0,    13.252 MiB
srv        update:    - prompt 0x439bbc0:     107 tokens, checkpoints:  0,    13.377 MiB
srv        update:    - prompt 0x321d650:     105 tokens, checkpoints:  0,    13.127 MiB
srv        update:    - prompt 0x321d8b0:     110 tokens, checkpoints:  0,    13.752 MiB
srv        update:    - prompt 0x439fd00:     116 tokens, checkpoints:  0,    14.502 MiB
srv        update:    - prompt 0x322b480:     109 tokens, checkpoints:  0,    13.627 MiB
srv        update:    - prompt 0x4be6150:     113 tokens, checkpoints:  0,    14.127 MiB
srv        update:    - prompt 0x323a9a0:     108 tokens, checkpoints:  0,    13.502 MiB
srv        update:    - prompt 0x32196f0:     108 tokens, checkpoints:  0,    13.502 MiB
srv        update:    - prompt 0x322b390:     108 tokens, checkpoints:  0,    13.502 MiB
srv        update:    - prompt 0x32307d0:     111 tokens, checkpoints:  0,    13.877 MiB
srv        update:    - prompt 0x321d2c0:     119 tokens, checkpoints:  0,    14.877 MiB
srv        update:    - prompt 0xf09400:     123 tokens, checkpoints:  0,    15.377 MiB
srv        update:    - prompt 0x438c810:     131 tokens, checkpoints:  0,    16.377 MiB
srv        update:    - prompt 0x3acc150:     130 tokens, checkpoints:  0,    16.252 MiB
srv        update:    - prompt 0x32210b0:     415 tokens, checkpoints:  0,    51.880 MiB
srv        update:    - prompt 0xf0c700:     431 tokens, checkpoints:  0,    53.881 MiB
srv        update:    - prompt 0x322c4e0:     431 tokens, checkpoints:  0,    53.881 MiB
srv        update:    - prompt 0x322db30:     107 tokens, checkpoints:  0,    13.377 MiB
srv        update:    - prompt 0x3ad97f0:     105 tokens, checkpoints:  0,    13.127 MiB
srv        update:    - prompt 0x3ae3990:     110 tokens, checkpoints:  0,    13.752 MiB
srv        update:    - prompt 0xf12110:     116 tokens, checkpoints:  0,    14.502 MiB
srv        update:    - prompt 0x3227d70:     109 tokens, checkpoints:  0,    13.627 MiB
srv        update:    - prompt 0x3ad80f0:     113 tokens, checkpoints:  0,    14.127 MiB
srv        update:    - prompt 0x3adfb10:     108 tokens, checkpoints:  0,    13.502 MiB
srv        update:    - prompt 0x3ae19d0:     108 tokens, checkpoints:  0,    13.502 MiB
srv        update:    - prompt 0x3ad7650:     108 tokens, checkpoints:  0,    13.502 MiB
srv        update:    - prompt 0x3ad5750:     111 tokens, checkpoints:  0,    13.877 MiB
srv        update:    - prompt 0x3af4e20:     119 tokens, checkpoints:  0,    14.877 MiB
srv        update:    - prompt 0x3221890:     123 tokens, checkpoints:  0,    15.377 MiB
srv        update:    - prompt 0x3ad2640:     165 tokens, checkpoints:  0,    20.628 MiB
srv        update:    - prompt 0x43967b0:     131 tokens, checkpoints:  0,    16.377 MiB
srv        update:    - prompt 0x3af7790:     135 tokens, checkpoints:  0,    16.877 MiB
srv        update:    - prompt 0x3226c10:     132 tokens, checkpoints:  0,    16.502 MiB
srv        update:    - prompt 0x3ae3220:     146 tokens, checkpoints:  0,    18.252 MiB
srv        update:    - prompt 0xee0440:     130 tokens, checkpoints:  0,    16.252 MiB
srv        update:    - prompt 0x321a670:     136 tokens, checkpoints:  0,    17.002 MiB
srv        update:    - prompt 0xee3bb0:     136 tokens, checkpoints:  0,    17.002 MiB
srv        update:    - prompt 0x118e9b0:     241 tokens, checkpoints:  0,    30.129 MiB
srv        update:    - prompt 0xfffdcc0062a0:     325 tokens, checkpoints:  0,    40.629 MiB
srv        update:    - prompt 0xfffe28005460:     363 tokens, checkpoints:  0,    45.380 MiB
srv        update:    - prompt 0xfffe1c002440:     425 tokens, checkpoints:  0,    53.131 MiB
srv        update:    - prompt 0x439b5f0:     409 tokens, checkpoints:  0,    51.130 MiB
srv  get_availabl: prompt cache update took 15.79 ms
slot launch_slot_: id  0 | task -1 | sampler chain: logits -> ?penalties -> ?dry -> ?top-n-sigma -> top-k -> ?typical -> top-p -> min-p -> ?xtc -> temp-ext -> dist 
slot launch_slot_: id  0 | task 5959 | processing task, is_child = 0
slot slot_save_an: id  1 | task -1 | saving idle slot to prompt cache
srv   prompt_save:  - saving prompt with length 412, total state size = 51.505 MiB
slot prompt_clear: id  1 | task -1 | clearing prompt with 412 tokens
srv        update:  - cache state: 46 prompts, 977.249 MiB (limits: 8192.000 MiB, 4096 tokens, 65527 est)
srv        update:    - prompt 0x439af80:     106 tokens, checkpoints:  0,    13.252 MiB
srv        update:    - prompt 0xf0ef60:     107 tokens, checkpoints:  0,    13.377 MiB
srv        update:    - prompt 0x321cf30:     106 tokens, checkpoints:  0,    13.252 MiB
srv        update:    - prompt 0x439bbc0:     107 tokens, checkpoints:  0,    13.377 MiB
srv        update:    - prompt 0x321d650:     105 tokens, checkpoints:  0,    13.127 MiB
srv        update:    - prompt 0x321d8b0:     110 tokens, checkpoints:  0,    13.752 MiB
srv        update:    - prompt 0x439fd00:     116 tokens, checkpoints:  0,    14.502 MiB
srv        update:    - prompt 0x322b480:     109 tokens, checkpoints:  0,    13.627 MiB
srv        update:    - prompt 0x4be6150:     113 tokens, checkpoints:  0,    14.127 MiB
srv        update:    - prompt 0x323a9a0:     108 tokens, checkpoints:  0,    13.502 MiB
srv        update:    - prompt 0x32196f0:     108 tokens, checkpoints:  0,    13.502 MiB
srv        update:    - prompt 0x322b390:     108 tokens, checkpoints:  0,    13.502 MiB
srv        update:    - prompt 0x32307d0:     111 tokens, checkpoints:  0,    13.877 MiB
srv        update:    - prompt 0x321d2c0:     119 tokens, checkpoints:  0,    14.877 MiB
srv        update:    - prompt 0xf09400:     123 tokens, checkpoints:  0,    15.377 MiB
srv        update:    - prompt 0x438c810:     131 tokens, checkpoints:  0,    16.377 MiB
srv        update:    - prompt 0x3acc150:     130 tokens, checkpoints:  0,    16.252 MiB
srv        update:    - prompt 0x32210b0:     415 tokens, checkpoints:  0,    51.880 MiB
srv        update:    - prompt 0xf0c700:     431 tokens, checkpoints:  0,    53.881 MiB
srv        update:    - prompt 0x322c4e0:     431 tokens, checkpoints:  0,    53.881 MiB
srv        update:    - prompt 0x322db30:     107 tokens, checkpoints:  0,    13.377 MiB
srv        update:    - prompt 0x3ad97f0:     105 tokens, checkpoints:  0,    13.127 MiB
srv        update:    - prompt 0x3ae3990:     110 tokens, checkpoints:  0,    13.752 MiB
srv        update:    - prompt 0xf12110:     116 tokens, checkpoints:  0,    14.502 MiB
srv        update:    - prompt 0x3227d70:     109 tokens, checkpoints:  0,    13.627 MiB
srv        update:    - prompt 0x3ad80f0:     113 tokens, checkpoints:  0,    14.127 MiB
srv        update:    - prompt 0x3adfb10:     108 tokens, checkpoints:  0,    13.502 MiB
srv        update:    - prompt 0x3ae19d0:     108 tokens, checkpoints:  0,    13.502 MiB
srv        update:    - prompt 0x3ad7650:     108 tokens, checkpoints:  0,    13.502 MiB
srv        update:    - prompt 0x3ad5750:     111 tokens, checkpoints:  0,    13.877 MiB
srv        update:    - prompt 0x3af4e20:     119 tokens, checkpoints:  0,    14.877 MiB
srv        update:    - prompt 0x3221890:     123 tokens, checkpoints:  0,    15.377 MiB
srv        update:    - prompt 0x3ad2640:     165 tokens, checkpoints:  0,    20.628 MiB
srv        update:    - prompt 0x43967b0:     131 tokens, checkpoints:  0,    16.377 MiB
srv        update:    - prompt 0x3af7790:     135 tokens, checkpoints:  0,    16.877 MiB
srv        update:    - prompt 0x3226c10:     132 tokens, checkpoints:  0,    16.502 MiB
srv        update:    - prompt 0x3ae3220:     146 tokens, checkpoints:  0,    18.252 MiB
srv        update:    - prompt 0xee0440:     130 tokens, checkpoints:  0,    16.252 MiB
srv        update:    - prompt 0x321a670:     136 tokens, checkpoints:  0,    17.002 MiB
srv        update:    - prompt 0xee3bb0:     136 tokens, checkpoints:  0,    17.002 MiB
srv        update:    - prompt 0x118e9b0:     241 tokens, checkpoints:  0,    30.129 MiB
srv        update:    - prompt 0xfffdcc0062a0:     325 tokens, checkpoints:  0,    40.629 MiB
srv        update:    - prompt 0xfffe28005460:     363 tokens, checkpoints:  0,    45.380 MiB
srv        update:    - prompt 0xfffe1c002440:     425 tokens, checkpoints:  0,    53.131 MiB
srv        update:    - prompt 0x439b5f0:     409 tokens, checkpoints:  0,    51.130 MiB
srv        update:    - prompt 0x439fb50:     412 tokens, checkpoints:  0,    51.505 MiB
slot update_slots: id  0 | task 5959 | new prompt, n_ctx_slot = 4096, n_keep = 0, task.n_tokens = 319
slot update_slots: id  0 | task 5959 | n_tokens = 0, memory_seq_rm [0, end)
slot init_sampler: id  0 | task 5959 | init sampler, took 0.17 ms, tokens: text = 319, total = 319
slot update_slots: id  0 | task 5959 | prompt processing done, n_tokens = 319, batch.n_tokens = 319
srv  log_server_r: done request: POST /completion 127.0.0.1 200
slot print_timing: id  0 | task 5959 | 
prompt eval time =   98795.59 ms /   319 tokens (  309.70 ms per token,     3.23 tokens per second)
       eval time =   34751.83 ms /   100 tokens (  347.52 ms per token,     2.88 tokens per second)
      total time =  133547.42 ms /   419 tokens
slot      release: id  0 | task 5959 | stop processing: n_tokens = 418, truncated = 0
srv  update_slots: all slots are idle
slot get_availabl: id  3 | task -1 | selected slot by LRU, t_last = 281709506903
srv  get_availabl: updating prompt cache
srv          load:  - looking for better prompt, base f_keep = -1.000, sim = 0.000
srv          load:  - found better prompt with f_keep = 0.761, sim = 1.000
srv        update:  - cache state: 45 prompts, 925.368 MiB (limits: 8192.000 MiB, 4096 tokens, 65527 est)
srv        update:    - prompt 0x439af80:     106 tokens, checkpoints:  0,    13.252 MiB
srv        update:    - prompt 0xf0ef60:     107 tokens, checkpoints:  0,    13.377 MiB
srv        update:    - prompt 0x321cf30:     106 tokens, checkpoints:  0,    13.252 MiB
srv        update:    - prompt 0x439bbc0:     107 tokens, checkpoints:  0,    13.377 MiB
srv        update:    - prompt 0x321d650:     105 tokens, checkpoints:  0,    13.127 MiB
srv        update:    - prompt 0x321d8b0:     110 tokens, checkpoints:  0,    13.752 MiB
srv        update:    - prompt 0x439fd00:     116 tokens, checkpoints:  0,    14.502 MiB
srv        update:    - prompt 0x322b480:     109 tokens, checkpoints:  0,    13.627 MiB
srv        update:    - prompt 0x4be6150:     113 tokens, checkpoints:  0,    14.127 MiB
srv        update:    - prompt 0x323a9a0:     108 tokens, checkpoints:  0,    13.502 MiB
srv        update:    - prompt 0x32196f0:     108 tokens, checkpoints:  0,    13.502 MiB
srv        update:    - prompt 0x322b390:     108 tokens, checkpoints:  0,    13.502 MiB
srv        update:    - prompt 0x32307d0:     111 tokens, checkpoints:  0,    13.877 MiB
srv        update:    - prompt 0x321d2c0:     119 tokens, checkpoints:  0,    14.877 MiB
srv        update:    - prompt 0xf09400:     123 tokens, checkpoints:  0,    15.377 MiB
srv        update:    - prompt 0x438c810:     131 tokens, checkpoints:  0,    16.377 MiB
srv        update:    - prompt 0x3acc150:     130 tokens, checkpoints:  0,    16.252 MiB
srv        update:    - prompt 0xf0c700:     431 tokens, checkpoints:  0,    53.881 MiB
srv        update:    - prompt 0x322c4e0:     431 tokens, checkpoints:  0,    53.881 MiB
srv        update:    - prompt 0x322db30:     107 tokens, checkpoints:  0,    13.377 MiB
srv        update:    - prompt 0x3ad97f0:     105 tokens, checkpoints:  0,    13.127 MiB
srv        update:    - prompt 0x3ae3990:     110 tokens, checkpoints:  0,    13.752 MiB
srv        update:    - prompt 0xf12110:     116 tokens, checkpoints:  0,    14.502 MiB
srv        update:    - prompt 0x3227d70:     109 tokens, checkpoints:  0,    13.627 MiB
srv        update:    - prompt 0x3ad80f0:     113 tokens, checkpoints:  0,    14.127 MiB
srv        update:    - prompt 0x3adfb10:     108 tokens, checkpoints:  0,    13.502 MiB
srv        update:    - prompt 0x3ae19d0:     108 tokens, checkpoints:  0,    13.502 MiB
srv        update:    - prompt 0x3ad7650:     108 tokens, checkpoints:  0,    13.502 MiB
srv        update:    - prompt 0x3ad5750:     111 tokens, checkpoints:  0,    13.877 MiB
srv        update:    - prompt 0x3af4e20:     119 tokens, checkpoints:  0,    14.877 MiB
srv        update:    - prompt 0x3221890:     123 tokens, checkpoints:  0,    15.377 MiB
srv        update:    - prompt 0x3ad2640:     165 tokens, checkpoints:  0,    20.628 MiB
srv        update:    - prompt 0x43967b0:     131 tokens, checkpoints:  0,    16.377 MiB
srv        update:    - prompt 0x3af7790:     135 tokens, checkpoints:  0,    16.877 MiB
srv        update:    - prompt 0x3226c10:     132 tokens, checkpoints:  0,    16.502 MiB
srv        update:    - prompt 0x3ae3220:     146 tokens, checkpoints:  0,    18.252 MiB
srv        update:    - prompt 0xee0440:     130 tokens, checkpoints:  0,    16.252 MiB
srv        update:    - prompt 0x321a670:     136 tokens, checkpoints:  0,    17.002 MiB
srv        update:    - prompt 0xee3bb0:     136 tokens, checkpoints:  0,    17.002 MiB
srv        update:    - prompt 0x118e9b0:     241 tokens, checkpoints:  0,    30.129 MiB
srv        update:    - prompt 0xfffdcc0062a0:     325 tokens, checkpoints:  0,    40.629 MiB
srv        update:    - prompt 0xfffe28005460:     363 tokens, checkpoints:  0,    45.380 MiB
srv        update:    - prompt 0xfffe1c002440:     425 tokens, checkpoints:  0,    53.131 MiB
srv        update:    - prompt 0x439b5f0:     409 tokens, checkpoints:  0,    51.130 MiB
srv        update:    - prompt 0x439fb50:     412 tokens, checkpoints:  0,    51.505 MiB
srv  get_availabl: prompt cache update took 15.70 ms
slot launch_slot_: id  3 | task -1 | sampler chain: logits -> ?penalties -> ?dry -> ?top-n-sigma -> top-k -> ?typical -> top-p -> min-p -> ?xtc -> temp-ext -> dist 
slot launch_slot_: id  3 | task 6060 | processing task, is_child = 0
slot slot_save_an: id  0 | task -1 | saving idle slot to prompt cache
srv   prompt_save:  - saving prompt with length 418, total state size = 52.256 MiB
slot prompt_clear: id  0 | task -1 | clearing prompt with 418 tokens
srv        update:  - cache state: 46 prompts, 977.624 MiB (limits: 8192.000 MiB, 4096 tokens, 65527 est)
srv        update:    - prompt 0x439af80:     106 tokens, checkpoints:  0,    13.252 MiB
srv        update:    - prompt 0xf0ef60:     107 tokens, checkpoints:  0,    13.377 MiB
srv        update:    - prompt 0x321cf30:     106 tokens, checkpoints:  0,    13.252 MiB
srv        update:    - prompt 0x439bbc0:     107 tokens, checkpoints:  0,    13.377 MiB
srv        update:    - prompt 0x321d650:     105 tokens, checkpoints:  0,    13.127 MiB
srv        update:    - prompt 0x321d8b0:     110 tokens, checkpoints:  0,    13.752 MiB
srv        update:    - prompt 0x439fd00:     116 tokens, checkpoints:  0,    14.502 MiB
srv        update:    - prompt 0x322b480:     109 tokens, checkpoints:  0,    13.627 MiB
srv        update:    - prompt 0x4be6150:     113 tokens, checkpoints:  0,    14.127 MiB
srv        update:    - prompt 0x323a9a0:     108 tokens, checkpoints:  0,    13.502 MiB
srv        update:    - prompt 0x32196f0:     108 tokens, checkpoints:  0,    13.502 MiB
srv        update:    - prompt 0x322b390:     108 tokens, checkpoints:  0,    13.502 MiB
srv        update:    - prompt 0x32307d0:     111 tokens, checkpoints:  0,    13.877 MiB
srv        update:    - prompt 0x321d2c0:     119 tokens, checkpoints:  0,    14.877 MiB
srv        update:    - prompt 0xf09400:     123 tokens, checkpoints:  0,    15.377 MiB
srv        update:    - prompt 0x438c810:     131 tokens, checkpoints:  0,    16.377 MiB
srv        update:    - prompt 0x3acc150:     130 tokens, checkpoints:  0,    16.252 MiB
srv        update:    - prompt 0xf0c700:     431 tokens, checkpoints:  0,    53.881 MiB
srv        update:    - prompt 0x322c4e0:     431 tokens, checkpoints:  0,    53.881 MiB
srv        update:    - prompt 0x322db30:     107 tokens, checkpoints:  0,    13.377 MiB
srv        update:    - prompt 0x3ad97f0:     105 tokens, checkpoints:  0,    13.127 MiB
srv        update:    - prompt 0x3ae3990:     110 tokens, checkpoints:  0,    13.752 MiB
srv        update:    - prompt 0xf12110:     116 tokens, checkpoints:  0,    14.502 MiB
srv        update:    - prompt 0x3227d70:     109 tokens, checkpoints:  0,    13.627 MiB
srv        update:    - prompt 0x3ad80f0:     113 tokens, checkpoints:  0,    14.127 MiB
srv        update:    - prompt 0x3adfb10:     108 tokens, checkpoints:  0,    13.502 MiB
srv        update:    - prompt 0x3ae19d0:     108 tokens, checkpoints:  0,    13.502 MiB
srv        update:    - prompt 0x3ad7650:     108 tokens, checkpoints:  0,    13.502 MiB
srv        update:    - prompt 0x3ad5750:     111 tokens, checkpoints:  0,    13.877 MiB
srv        update:    - prompt 0x3af4e20:     119 tokens, checkpoints:  0,    14.877 MiB
srv        update:    - prompt 0x3221890:     123 tokens, checkpoints:  0,    15.377 MiB
srv        update:    - prompt 0x3ad2640:     165 tokens, checkpoints:  0,    20.628 MiB
srv        update:    - prompt 0x43967b0:     131 tokens, checkpoints:  0,    16.377 MiB
srv        update:    - prompt 0x3af7790:     135 tokens, checkpoints:  0,    16.877 MiB
srv        update:    - prompt 0x3226c10:     132 tokens, checkpoints:  0,    16.502 MiB
srv        update:    - prompt 0x3ae3220:     146 tokens, checkpoints:  0,    18.252 MiB
srv        update:    - prompt 0xee0440:     130 tokens, checkpoints:  0,    16.252 MiB
srv        update:    - prompt 0x321a670:     136 tokens, checkpoints:  0,    17.002 MiB
srv        update:    - prompt 0xee3bb0:     136 tokens, checkpoints:  0,    17.002 MiB
srv        update:    - prompt 0x118e9b0:     241 tokens, checkpoints:  0,    30.129 MiB
srv        update:    - prompt 0xfffdcc0062a0:     325 tokens, checkpoints:  0,    40.629 MiB
srv        update:    - prompt 0xfffe28005460:     363 tokens, checkpoints:  0,    45.380 MiB
srv        update:    - prompt 0xfffe1c002440:     425 tokens, checkpoints:  0,    53.131 MiB
srv        update:    - prompt 0x439b5f0:     409 tokens, checkpoints:  0,    51.130 MiB
srv        update:    - prompt 0x439fb50:     412 tokens, checkpoints:  0,    51.505 MiB
srv        update:    - prompt 0x32210b0:     418 tokens, checkpoints:  0,    52.256 MiB
slot update_slots: id  3 | task 6060 | new prompt, n_ctx_slot = 4096, n_keep = 0, task.n_tokens = 316
slot update_slots: id  3 | task 6060 | n_tokens = 0, memory_seq_rm [0, end)
slot init_sampler: id  3 | task 6060 | init sampler, took 0.16 ms, tokens: text = 316, total = 316
slot update_slots: id  3 | task 6060 | prompt processing done, n_tokens = 316, batch.n_tokens = 316
srv  log_server_r: done request: POST /completion 127.0.0.1 200
slot print_timing: id  3 | task 6060 | 
prompt eval time =   98259.33 ms /   316 tokens (  310.95 ms per token,     3.22 tokens per second)
       eval time =   35638.54 ms /   100 tokens (  356.39 ms per token,     2.81 tokens per second)
      total time =  133897.88 ms /   416 tokens
slot      release: id  3 | task 6060 | stop processing: n_tokens = 415, truncated = 0
srv  update_slots: all slots are idle
slot get_availabl: id  2 | task -1 | selected slot by LRU, t_last = 281841140208
srv  get_availabl: updating prompt cache
srv          load:  - looking for better prompt, base f_keep = -1.000, sim = 0.000
srv          load:  - found better prompt with f_keep = 0.770, sim = 1.000
srv        update:  - cache state: 45 prompts, 923.743 MiB (limits: 8192.000 MiB, 4096 tokens, 65527 est)
srv        update:    - prompt 0x439af80:     106 tokens, checkpoints:  0,    13.252 MiB
srv        update:    - prompt 0xf0ef60:     107 tokens, checkpoints:  0,    13.377 MiB
srv        update:    - prompt 0x321cf30:     106 tokens, checkpoints:  0,    13.252 MiB
srv        update:    - prompt 0x439bbc0:     107 tokens, checkpoints:  0,    13.377 MiB
srv        update:    - prompt 0x321d650:     105 tokens, checkpoints:  0,    13.127 MiB
srv        update:    - prompt 0x321d8b0:     110 tokens, checkpoints:  0,    13.752 MiB
srv        update:    - prompt 0x439fd00:     116 tokens, checkpoints:  0,    14.502 MiB
srv        update:    - prompt 0x322b480:     109 tokens, checkpoints:  0,    13.627 MiB
srv        update:    - prompt 0x4be6150:     113 tokens, checkpoints:  0,    14.127 MiB
srv        update:    - prompt 0x323a9a0:     108 tokens, checkpoints:  0,    13.502 MiB
srv        update:    - prompt 0x32196f0:     108 tokens, checkpoints:  0,    13.502 MiB
srv        update:    - prompt 0x322b390:     108 tokens, checkpoints:  0,    13.502 MiB
srv        update:    - prompt 0x32307d0:     111 tokens, checkpoints:  0,    13.877 MiB
srv        update:    - prompt 0x321d2c0:     119 tokens, checkpoints:  0,    14.877 MiB
srv        update:    - prompt 0xf09400:     123 tokens, checkpoints:  0,    15.377 MiB
srv        update:    - prompt 0x438c810:     131 tokens, checkpoints:  0,    16.377 MiB
srv        update:    - prompt 0x3acc150:     130 tokens, checkpoints:  0,    16.252 MiB
srv        update:    - prompt 0x322c4e0:     431 tokens, checkpoints:  0,    53.881 MiB
srv        update:    - prompt 0x322db30:     107 tokens, checkpoints:  0,    13.377 MiB
srv        update:    - prompt 0x3ad97f0:     105 tokens, checkpoints:  0,    13.127 MiB
srv        update:    - prompt 0x3ae3990:     110 tokens, checkpoints:  0,    13.752 MiB
srv        update:    - prompt 0xf12110:     116 tokens, checkpoints:  0,    14.502 MiB
srv        update:    - prompt 0x3227d70:     109 tokens, checkpoints:  0,    13.627 MiB
srv        update:    - prompt 0x3ad80f0:     113 tokens, checkpoints:  0,    14.127 MiB
srv        update:    - prompt 0x3adfb10:     108 tokens, checkpoints:  0,    13.502 MiB
srv        update:    - prompt 0x3ae19d0:     108 tokens, checkpoints:  0,    13.502 MiB
srv        update:    - prompt 0x3ad7650:     108 tokens, checkpoints:  0,    13.502 MiB
srv        update:    - prompt 0x3ad5750:     111 tokens, checkpoints:  0,    13.877 MiB
srv        update:    - prompt 0x3af4e20:     119 tokens, checkpoints:  0,    14.877 MiB
srv        update:    - prompt 0x3221890:     123 tokens, checkpoints:  0,    15.377 MiB
srv        update:    - prompt 0x3ad2640:     165 tokens, checkpoints:  0,    20.628 MiB
srv        update:    - prompt 0x43967b0:     131 tokens, checkpoints:  0,    16.377 MiB
srv        update:    - prompt 0x3af7790:     135 tokens, checkpoints:  0,    16.877 MiB
srv        update:    - prompt 0x3226c10:     132 tokens, checkpoints:  0,    16.502 MiB
srv        update:    - prompt 0x3ae3220:     146 tokens, checkpoints:  0,    18.252 MiB
srv        update:    - prompt 0xee0440:     130 tokens, checkpoints:  0,    16.252 MiB
srv        update:    - prompt 0x321a670:     136 tokens, checkpoints:  0,    17.002 MiB
srv        update:    - prompt 0xee3bb0:     136 tokens, checkpoints:  0,    17.002 MiB
srv        update:    - prompt 0x118e9b0:     241 tokens, checkpoints:  0,    30.129 MiB
srv        update:    - prompt 0xfffdcc0062a0:     325 tokens, checkpoints:  0,    40.629 MiB
srv        update:    - prompt 0xfffe28005460:     363 tokens, checkpoints:  0,    45.380 MiB
srv        update:    - prompt 0xfffe1c002440:     425 tokens, checkpoints:  0,    53.131 MiB
srv        update:    - prompt 0x439b5f0:     409 tokens, checkpoints:  0,    51.130 MiB
srv        update:    - prompt 0x439fb50:     412 tokens, checkpoints:  0,    51.505 MiB
srv        update:    - prompt 0x32210b0:     418 tokens, checkpoints:  0,    52.256 MiB
srv  get_availabl: prompt cache update took 16.30 ms
slot launch_slot_: id  2 | task -1 | sampler chain: logits -> ?penalties -> ?dry -> ?top-n-sigma -> top-k -> ?typical -> top-p -> min-p -> ?xtc -> temp-ext -> dist 
slot launch_slot_: id  2 | task 6161 | processing task, is_child = 0
slot slot_save_an: id  3 | task -1 | saving idle slot to prompt cache
srv   prompt_save:  - saving prompt with length 415, total state size = 51.880 MiB
slot prompt_clear: id  3 | task -1 | clearing prompt with 415 tokens
srv        update:  - cache state: 46 prompts, 975.624 MiB (limits: 8192.000 MiB, 4096 tokens, 65527 est)
srv        update:    - prompt 0x439af80:     106 tokens, checkpoints:  0,    13.252 MiB
srv        update:    - prompt 0xf0ef60:     107 tokens, checkpoints:  0,    13.377 MiB
srv        update:    - prompt 0x321cf30:     106 tokens, checkpoints:  0,    13.252 MiB
srv        update:    - prompt 0x439bbc0:     107 tokens, checkpoints:  0,    13.377 MiB
srv        update:    - prompt 0x321d650:     105 tokens, checkpoints:  0,    13.127 MiB
srv        update:    - prompt 0x321d8b0:     110 tokens, checkpoints:  0,    13.752 MiB
srv        update:    - prompt 0x439fd00:     116 tokens, checkpoints:  0,    14.502 MiB
srv        update:    - prompt 0x322b480:     109 tokens, checkpoints:  0,    13.627 MiB
srv        update:    - prompt 0x4be6150:     113 tokens, checkpoints:  0,    14.127 MiB
srv        update:    - prompt 0x323a9a0:     108 tokens, checkpoints:  0,    13.502 MiB
srv        update:    - prompt 0x32196f0:     108 tokens, checkpoints:  0,    13.502 MiB
srv        update:    - prompt 0x322b390:     108 tokens, checkpoints:  0,    13.502 MiB
srv        update:    - prompt 0x32307d0:     111 tokens, checkpoints:  0,    13.877 MiB
srv        update:    - prompt 0x321d2c0:     119 tokens, checkpoints:  0,    14.877 MiB
srv        update:    - prompt 0xf09400:     123 tokens, checkpoints:  0,    15.377 MiB
srv        update:    - prompt 0x438c810:     131 tokens, checkpoints:  0,    16.377 MiB
srv        update:    - prompt 0x3acc150:     130 tokens, checkpoints:  0,    16.252 MiB
srv        update:    - prompt 0x322c4e0:     431 tokens, checkpoints:  0,    53.881 MiB
srv        update:    - prompt 0x322db30:     107 tokens, checkpoints:  0,    13.377 MiB
srv        update:    - prompt 0x3ad97f0:     105 tokens, checkpoints:  0,    13.127 MiB
srv        update:    - prompt 0x3ae3990:     110 tokens, checkpoints:  0,    13.752 MiB
srv        update:    - prompt 0xf12110:     116 tokens, checkpoints:  0,    14.502 MiB
srv        update:    - prompt 0x3227d70:     109 tokens, checkpoints:  0,    13.627 MiB
srv        update:    - prompt 0x3ad80f0:     113 tokens, checkpoints:  0,    14.127 MiB
srv        update:    - prompt 0x3adfb10:     108 tokens, checkpoints:  0,    13.502 MiB
srv        update:    - prompt 0x3ae19d0:     108 tokens, checkpoints:  0,    13.502 MiB
srv        update:    - prompt 0x3ad7650:     108 tokens, checkpoints:  0,    13.502 MiB
srv        update:    - prompt 0x3ad5750:     111 tokens, checkpoints:  0,    13.877 MiB
srv        update:    - prompt 0x3af4e20:     119 tokens, checkpoints:  0,    14.877 MiB
srv        update:    - prompt 0x3221890:     123 tokens, checkpoints:  0,    15.377 MiB
srv        update:    - prompt 0x3ad2640:     165 tokens, checkpoints:  0,    20.628 MiB
srv        update:    - prompt 0x43967b0:     131 tokens, checkpoints:  0,    16.377 MiB
srv        update:    - prompt 0x3af7790:     135 tokens, checkpoints:  0,    16.877 MiB
srv        update:    - prompt 0x3226c10:     132 tokens, checkpoints:  0,    16.502 MiB
srv        update:    - prompt 0x3ae3220:     146 tokens, checkpoints:  0,    18.252 MiB
srv        update:    - prompt 0xee0440:     130 tokens, checkpoints:  0,    16.252 MiB
srv        update:    - prompt 0x321a670:     136 tokens, checkpoints:  0,    17.002 MiB
srv        update:    - prompt 0xee3bb0:     136 tokens, checkpoints:  0,    17.002 MiB
srv        update:    - prompt 0x118e9b0:     241 tokens, checkpoints:  0,    30.129 MiB
srv        update:    - prompt 0xfffdcc0062a0:     325 tokens, checkpoints:  0,    40.629 MiB
srv        update:    - prompt 0xfffe28005460:     363 tokens, checkpoints:  0,    45.380 MiB
srv        update:    - prompt 0xfffe1c002440:     425 tokens, checkpoints:  0,    53.131 MiB
srv        update:    - prompt 0x439b5f0:     409 tokens, checkpoints:  0,    51.130 MiB
srv        update:    - prompt 0x439fb50:     412 tokens, checkpoints:  0,    51.505 MiB
srv        update:    - prompt 0x32210b0:     418 tokens, checkpoints:  0,    52.256 MiB
srv        update:    - prompt 0xf0c700:     415 tokens, checkpoints:  0,    51.880 MiB
slot update_slots: id  2 | task 6161 | new prompt, n_ctx_slot = 4096, n_keep = 0, task.n_tokens = 332
slot update_slots: id  2 | task 6161 | n_tokens = 0, memory_seq_rm [0, end)
slot init_sampler: id  2 | task 6161 | init sampler, took 0.17 ms, tokens: text = 332, total = 332
slot update_slots: id  2 | task 6161 | prompt processing done, n_tokens = 332, batch.n_tokens = 332
srv  log_server_r: done request: POST /completion 127.0.0.1 200
slot print_timing: id  2 | task 6161 | 
prompt eval time =  106263.57 ms /   332 tokens (  320.07 ms per token,     3.12 tokens per second)
       eval time =   34826.75 ms /   100 tokens (  348.27 ms per token,     2.87 tokens per second)
      total time =  141090.31 ms /   432 tokens
slot      release: id  2 | task 6161 | stop processing: n_tokens = 431, truncated = 0
srv  update_slots: all slots are idle
slot get_availabl: id  1 | task -1 | selected slot by LRU, t_last = 281973620477
srv  get_availabl: updating prompt cache
srv          load:  - looking for better prompt, base f_keep = -1.000, sim = 0.000
srv          load:  - found better prompt with f_keep = 0.770, sim = 1.000
srv        update:  - cache state: 45 prompts, 921.743 MiB (limits: 8192.000 MiB, 4096 tokens, 65527 est)
srv        update:    - prompt 0x439af80:     106 tokens, checkpoints:  0,    13.252 MiB
srv        update:    - prompt 0xf0ef60:     107 tokens, checkpoints:  0,    13.377 MiB
srv        update:    - prompt 0x321cf30:     106 tokens, checkpoints:  0,    13.252 MiB
srv        update:    - prompt 0x439bbc0:     107 tokens, checkpoints:  0,    13.377 MiB
srv        update:    - prompt 0x321d650:     105 tokens, checkpoints:  0,    13.127 MiB
srv        update:    - prompt 0x321d8b0:     110 tokens, checkpoints:  0,    13.752 MiB
srv        update:    - prompt 0x439fd00:     116 tokens, checkpoints:  0,    14.502 MiB
srv        update:    - prompt 0x322b480:     109 tokens, checkpoints:  0,    13.627 MiB
srv        update:    - prompt 0x4be6150:     113 tokens, checkpoints:  0,    14.127 MiB
srv        update:    - prompt 0x323a9a0:     108 tokens, checkpoints:  0,    13.502 MiB
srv        update:    - prompt 0x32196f0:     108 tokens, checkpoints:  0,    13.502 MiB
srv        update:    - prompt 0x322b390:     108 tokens, checkpoints:  0,    13.502 MiB
srv        update:    - prompt 0x32307d0:     111 tokens, checkpoints:  0,    13.877 MiB
srv        update:    - prompt 0x321d2c0:     119 tokens, checkpoints:  0,    14.877 MiB
srv        update:    - prompt 0xf09400:     123 tokens, checkpoints:  0,    15.377 MiB
srv        update:    - prompt 0x438c810:     131 tokens, checkpoints:  0,    16.377 MiB
srv        update:    - prompt 0x3acc150:     130 tokens, checkpoints:  0,    16.252 MiB
srv        update:    - prompt 0x322db30:     107 tokens, checkpoints:  0,    13.377 MiB
srv        update:    - prompt 0x3ad97f0:     105 tokens, checkpoints:  0,    13.127 MiB
srv        update:    - prompt 0x3ae3990:     110 tokens, checkpoints:  0,    13.752 MiB
srv        update:    - prompt 0xf12110:     116 tokens, checkpoints:  0,    14.502 MiB
srv        update:    - prompt 0x3227d70:     109 tokens, checkpoints:  0,    13.627 MiB
srv        update:    - prompt 0x3ad80f0:     113 tokens, checkpoints:  0,    14.127 MiB
srv        update:    - prompt 0x3adfb10:     108 tokens, checkpoints:  0,    13.502 MiB
srv        update:    - prompt 0x3ae19d0:     108 tokens, checkpoints:  0,    13.502 MiB
srv        update:    - prompt 0x3ad7650:     108 tokens, checkpoints:  0,    13.502 MiB
srv        update:    - prompt 0x3ad5750:     111 tokens, checkpoints:  0,    13.877 MiB
srv        update:    - prompt 0x3af4e20:     119 tokens, checkpoints:  0,    14.877 MiB
srv        update:    - prompt 0x3221890:     123 tokens, checkpoints:  0,    15.377 MiB
srv        update:    - prompt 0x3ad2640:     165 tokens, checkpoints:  0,    20.628 MiB
srv        update:    - prompt 0x43967b0:     131 tokens, checkpoints:  0,    16.377 MiB
srv        update:    - prompt 0x3af7790:     135 tokens, checkpoints:  0,    16.877 MiB
srv        update:    - prompt 0x3226c10:     132 tokens, checkpoints:  0,    16.502 MiB
srv        update:    - prompt 0x3ae3220:     146 tokens, checkpoints:  0,    18.252 MiB
srv        update:    - prompt 0xee0440:     130 tokens, checkpoints:  0,    16.252 MiB
srv        update:    - prompt 0x321a670:     136 tokens, checkpoints:  0,    17.002 MiB
srv        update:    - prompt 0xee3bb0:     136 tokens, checkpoints:  0,    17.002 MiB
srv        update:    - prompt 0x118e9b0:     241 tokens, checkpoints:  0,    30.129 MiB
srv        update:    - prompt 0xfffdcc0062a0:     325 tokens, checkpoints:  0,    40.629 MiB
srv        update:    - prompt 0xfffe28005460:     363 tokens, checkpoints:  0,    45.380 MiB
srv        update:    - prompt 0xfffe1c002440:     425 tokens, checkpoints:  0,    53.131 MiB
srv        update:    - prompt 0x439b5f0:     409 tokens, checkpoints:  0,    51.130 MiB
srv        update:    - prompt 0x439fb50:     412 tokens, checkpoints:  0,    51.505 MiB
srv        update:    - prompt 0x32210b0:     418 tokens, checkpoints:  0,    52.256 MiB
srv        update:    - prompt 0xf0c700:     415 tokens, checkpoints:  0,    51.880 MiB
srv  get_availabl: prompt cache update took 16.30 ms
slot launch_slot_: id  1 | task -1 | sampler chain: logits -> ?penalties -> ?dry -> ?top-n-sigma -> top-k -> ?typical -> top-p -> min-p -> ?xtc -> temp-ext -> dist 
slot launch_slot_: id  1 | task 6262 | processing task, is_child = 0
slot slot_save_an: id  2 | task -1 | saving idle slot to prompt cache
srv   prompt_save:  - saving prompt with length 431, total state size = 53.881 MiB
slot prompt_clear: id  2 | task -1 | clearing prompt with 431 tokens
srv        update:  - cache state: 46 prompts, 975.624 MiB (limits: 8192.000 MiB, 4096 tokens, 65527 est)
srv        update:    - prompt 0x439af80:     106 tokens, checkpoints:  0,    13.252 MiB
srv        update:    - prompt 0xf0ef60:     107 tokens, checkpoints:  0,    13.377 MiB
srv        update:    - prompt 0x321cf30:     106 tokens, checkpoints:  0,    13.252 MiB
srv        update:    - prompt 0x439bbc0:     107 tokens, checkpoints:  0,    13.377 MiB
srv        update:    - prompt 0x321d650:     105 tokens, checkpoints:  0,    13.127 MiB
srv        update:    - prompt 0x321d8b0:     110 tokens, checkpoints:  0,    13.752 MiB
srv        update:    - prompt 0x439fd00:     116 tokens, checkpoints:  0,    14.502 MiB
srv        update:    - prompt 0x322b480:     109 tokens, checkpoints:  0,    13.627 MiB
srv        update:    - prompt 0x4be6150:     113 tokens, checkpoints:  0,    14.127 MiB
srv        update:    - prompt 0x323a9a0:     108 tokens, checkpoints:  0,    13.502 MiB
srv        update:    - prompt 0x32196f0:     108 tokens, checkpoints:  0,    13.502 MiB
srv        update:    - prompt 0x322b390:     108 tokens, checkpoints:  0,    13.502 MiB
srv        update:    - prompt 0x32307d0:     111 tokens, checkpoints:  0,    13.877 MiB
srv        update:    - prompt 0x321d2c0:     119 tokens, checkpoints:  0,    14.877 MiB
srv        update:    - prompt 0xf09400:     123 tokens, checkpoints:  0,    15.377 MiB
srv        update:    - prompt 0x438c810:     131 tokens, checkpoints:  0,    16.377 MiB
srv        update:    - prompt 0x3acc150:     130 tokens, checkpoints:  0,    16.252 MiB
srv        update:    - prompt 0x322db30:     107 tokens, checkpoints:  0,    13.377 MiB
srv        update:    - prompt 0x3ad97f0:     105 tokens, checkpoints:  0,    13.127 MiB
srv        update:    - prompt 0x3ae3990:     110 tokens, checkpoints:  0,    13.752 MiB
srv        update:    - prompt 0xf12110:     116 tokens, checkpoints:  0,    14.502 MiB
srv        update:    - prompt 0x3227d70:     109 tokens, checkpoints:  0,    13.627 MiB
srv        update:    - prompt 0x3ad80f0:     113 tokens, checkpoints:  0,    14.127 MiB
srv        update:    - prompt 0x3adfb10:     108 tokens, checkpoints:  0,    13.502 MiB
srv        update:    - prompt 0x3ae19d0:     108 tokens, checkpoints:  0,    13.502 MiB
srv        update:    - prompt 0x3ad7650:     108 tokens, checkpoints:  0,    13.502 MiB
srv        update:    - prompt 0x3ad5750:     111 tokens, checkpoints:  0,    13.877 MiB
srv        update:    - prompt 0x3af4e20:     119 tokens, checkpoints:  0,    14.877 MiB
srv        update:    - prompt 0x3221890:     123 tokens, checkpoints:  0,    15.377 MiB
srv        update:    - prompt 0x3ad2640:     165 tokens, checkpoints:  0,    20.628 MiB
srv        update:    - prompt 0x43967b0:     131 tokens, checkpoints:  0,    16.377 MiB
srv        update:    - prompt 0x3af7790:     135 tokens, checkpoints:  0,    16.877 MiB
srv        update:    - prompt 0x3226c10:     132 tokens, checkpoints:  0,    16.502 MiB
srv        update:    - prompt 0x3ae3220:     146 tokens, checkpoints:  0,    18.252 MiB
srv        update:    - prompt 0xee0440:     130 tokens, checkpoints:  0,    16.252 MiB
srv        update:    - prompt 0x321a670:     136 tokens, checkpoints:  0,    17.002 MiB
srv        update:    - prompt 0xee3bb0:     136 tokens, checkpoints:  0,    17.002 MiB
srv        update:    - prompt 0x118e9b0:     241 tokens, checkpoints:  0,    30.129 MiB
srv        update:    - prompt 0xfffdcc0062a0:     325 tokens, checkpoints:  0,    40.629 MiB
srv        update:    - prompt 0xfffe28005460:     363 tokens, checkpoints:  0,    45.380 MiB
srv        update:    - prompt 0xfffe1c002440:     425 tokens, checkpoints:  0,    53.131 MiB
srv        update:    - prompt 0x439b5f0:     409 tokens, checkpoints:  0,    51.130 MiB
srv        update:    - prompt 0x439fb50:     412 tokens, checkpoints:  0,    51.505 MiB
srv        update:    - prompt 0x32210b0:     418 tokens, checkpoints:  0,    52.256 MiB
srv        update:    - prompt 0xf0c700:     415 tokens, checkpoints:  0,    51.880 MiB
srv        update:    - prompt 0x322c4e0:     431 tokens, checkpoints:  0,    53.881 MiB
slot update_slots: id  1 | task 6262 | new prompt, n_ctx_slot = 4096, n_keep = 0, task.n_tokens = 332
slot update_slots: id  1 | task 6262 | n_tokens = 0, memory_seq_rm [0, end)
slot init_sampler: id  1 | task 6262 | init sampler, took 0.17 ms, tokens: text = 332, total = 332
slot update_slots: id  1 | task 6262 | prompt processing done, n_tokens = 332, batch.n_tokens = 332
srv  log_server_r: done request: POST /completion 127.0.0.1 200
slot print_timing: id  1 | task 6262 | 
prompt eval time =  106270.99 ms /   332 tokens (  320.09 ms per token,     3.12 tokens per second)
       eval time =   34762.96 ms /   100 tokens (  347.63 ms per token,     2.88 tokens per second)
      total time =  141033.96 ms /   432 tokens
slot      release: id  1 | task 6262 | stop processing: n_tokens = 431, truncated = 0
srv  update_slots: all slots are idle
slot get_availabl: id  1 | task -1 | selected slot by LCP similarity, sim_best = 0.125 (> 0.100 thold), f_keep = 0.002
srv  get_availabl: updating prompt cache
srv   prompt_save:  - saving prompt with length 431, total state size = 53.881 MiB
srv          load:  - looking for better prompt, base f_keep = 0.002, sim = 0.125
srv        update:  - cache state: 47 prompts, 1029.504 MiB (limits: 8192.000 MiB, 4096 tokens, 65527 est)
srv        update:    - prompt 0x439af80:     106 tokens, checkpoints:  0,    13.252 MiB
srv        update:    - prompt 0xf0ef60:     107 tokens, checkpoints:  0,    13.377 MiB
srv        update:    - prompt 0x321cf30:     106 tokens, checkpoints:  0,    13.252 MiB
srv        update:    - prompt 0x439bbc0:     107 tokens, checkpoints:  0,    13.377 MiB
srv        update:    - prompt 0x321d650:     105 tokens, checkpoints:  0,    13.127 MiB
srv        update:    - prompt 0x321d8b0:     110 tokens, checkpoints:  0,    13.752 MiB
srv        update:    - prompt 0x439fd00:     116 tokens, checkpoints:  0,    14.502 MiB
srv        update:    - prompt 0x322b480:     109 tokens, checkpoints:  0,    13.627 MiB
srv        update:    - prompt 0x4be6150:     113 tokens, checkpoints:  0,    14.127 MiB
srv        update:    - prompt 0x323a9a0:     108 tokens, checkpoints:  0,    13.502 MiB
srv        update:    - prompt 0x32196f0:     108 tokens, checkpoints:  0,    13.502 MiB
srv        update:    - prompt 0x322b390:     108 tokens, checkpoints:  0,    13.502 MiB
srv        update:    - prompt 0x32307d0:     111 tokens, checkpoints:  0,    13.877 MiB
srv        update:    - prompt 0x321d2c0:     119 tokens, checkpoints:  0,    14.877 MiB
srv        update:    - prompt 0xf09400:     123 tokens, checkpoints:  0,    15.377 MiB
srv        update:    - prompt 0x438c810:     131 tokens, checkpoints:  0,    16.377 MiB
srv        update:    - prompt 0x3acc150:     130 tokens, checkpoints:  0,    16.252 MiB
srv        update:    - prompt 0x322db30:     107 tokens, checkpoints:  0,    13.377 MiB
srv        update:    - prompt 0x3ad97f0:     105 tokens, checkpoints:  0,    13.127 MiB
srv        update:    - prompt 0x3ae3990:     110 tokens, checkpoints:  0,    13.752 MiB
srv        update:    - prompt 0xf12110:     116 tokens, checkpoints:  0,    14.502 MiB
srv        update:    - prompt 0x3227d70:     109 tokens, checkpoints:  0,    13.627 MiB
srv        update:    - prompt 0x3ad80f0:     113 tokens, checkpoints:  0,    14.127 MiB
srv        update:    - prompt 0x3adfb10:     108 tokens, checkpoints:  0,    13.502 MiB
srv        update:    - prompt 0x3ae19d0:     108 tokens, checkpoints:  0,    13.502 MiB
srv        update:    - prompt 0x3ad7650:     108 tokens, checkpoints:  0,    13.502 MiB
srv        update:    - prompt 0x3ad5750:     111 tokens, checkpoints:  0,    13.877 MiB
srv        update:    - prompt 0x3af4e20:     119 tokens, checkpoints:  0,    14.877 MiB
srv        update:    - prompt 0x3221890:     123 tokens, checkpoints:  0,    15.377 MiB
srv        update:    - prompt 0x3ad2640:     165 tokens, checkpoints:  0,    20.628 MiB
srv        update:    - prompt 0x43967b0:     131 tokens, checkpoints:  0,    16.377 MiB
srv        update:    - prompt 0x3af7790:     135 tokens, checkpoints:  0,    16.877 MiB
srv        update:    - prompt 0x3226c10:     132 tokens, checkpoints:  0,    16.502 MiB
srv        update:    - prompt 0x3ae3220:     146 tokens, checkpoints:  0,    18.252 MiB
srv        update:    - prompt 0xee0440:     130 tokens, checkpoints:  0,    16.252 MiB
srv        update:    - prompt 0x321a670:     136 tokens, checkpoints:  0,    17.002 MiB
srv        update:    - prompt 0xee3bb0:     136 tokens, checkpoints:  0,    17.002 MiB
srv        update:    - prompt 0x118e9b0:     241 tokens, checkpoints:  0,    30.129 MiB
srv        update:    - prompt 0xfffdcc0062a0:     325 tokens, checkpoints:  0,    40.629 MiB
srv        update:    - prompt 0xfffe28005460:     363 tokens, checkpoints:  0,    45.380 MiB
srv        update:    - prompt 0xfffe1c002440:     425 tokens, checkpoints:  0,    53.131 MiB
srv        update:    - prompt 0x439b5f0:     409 tokens, checkpoints:  0,    51.130 MiB
srv        update:    - prompt 0x439fb50:     412 tokens, checkpoints:  0,    51.505 MiB
srv        update:    - prompt 0x32210b0:     418 tokens, checkpoints:  0,    52.256 MiB
srv        update:    - prompt 0xf0c700:     415 tokens, checkpoints:  0,    51.880 MiB
srv        update:    - prompt 0x322c4e0:     431 tokens, checkpoints:  0,    53.881 MiB
srv        update:    - prompt 0xf0e5d0:     431 tokens, checkpoints:  0,    53.881 MiB
srv  get_availabl: prompt cache update took 12.68 ms
slot launch_slot_: id  1 | task -1 | sampler chain: logits -> ?penalties -> ?dry -> ?top-n-sigma -> top-k -> ?typical -> top-p -> min-p -> ?xtc -> temp-ext -> dist 
slot launch_slot_: id  1 | task 6363 | processing task, is_child = 0
slot update_slots: id  1 | task 6363 | new prompt, n_ctx_slot = 4096, n_keep = 0, task.n_tokens = 8
slot update_slots: id  1 | task 6363 | n_tokens = 0, memory_seq_rm [0, end)
slot init_sampler: id  1 | task 6363 | init sampler, took 0.01 ms, tokens: text = 8, total = 8
slot update_slots: id  1 | task 6363 | prompt processing done, n_tokens = 8, batch.n_tokens = 8
srv  log_server_r: done request: POST /completion 127.0.0.1 200
slot print_timing: id  1 | task 6363 | 
prompt eval time =    2285.39 ms /     8 tokens (  285.67 ms per token,     3.50 tokens per second)
       eval time =   32574.59 ms /   100 tokens (  325.75 ms per token,     3.07 tokens per second)
      total time =   34859.98 ms /   108 tokens
slot      release: id  1 | task 6363 | stop processing: n_tokens = 107, truncated = 0
srv  update_slots: all slots are idle
slot get_availabl: id  1 | task -1 | selected slot by LCP similarity, sim_best = 0.167 (> 0.100 thold), f_keep = 0.009
srv  get_availabl: updating prompt cache
srv   prompt_save:  - saving prompt with length 107, total state size = 13.377 MiB
srv          load:  - looking for better prompt, base f_keep = 0.009, sim = 0.167
srv        update:  - cache state: 48 prompts, 1042.881 MiB (limits: 8192.000 MiB, 4096 tokens, 65527 est)
srv        update:    - prompt 0x439af80:     106 tokens, checkpoints:  0,    13.252 MiB
srv        update:    - prompt 0xf0ef60:     107 tokens, checkpoints:  0,    13.377 MiB
srv        update:    - prompt 0x321cf30:     106 tokens, checkpoints:  0,    13.252 MiB
srv        update:    - prompt 0x439bbc0:     107 tokens, checkpoints:  0,    13.377 MiB
srv        update:    - prompt 0x321d650:     105 tokens, checkpoints:  0,    13.127 MiB
srv        update:    - prompt 0x321d8b0:     110 tokens, checkpoints:  0,    13.752 MiB
srv        update:    - prompt 0x439fd00:     116 tokens, checkpoints:  0,    14.502 MiB
srv        update:    - prompt 0x322b480:     109 tokens, checkpoints:  0,    13.627 MiB
srv        update:    - prompt 0x4be6150:     113 tokens, checkpoints:  0,    14.127 MiB
srv        update:    - prompt 0x323a9a0:     108 tokens, checkpoints:  0,    13.502 MiB
srv        update:    - prompt 0x32196f0:     108 tokens, checkpoints:  0,    13.502 MiB
srv        update:    - prompt 0x322b390:     108 tokens, checkpoints:  0,    13.502 MiB
srv        update:    - prompt 0x32307d0:     111 tokens, checkpoints:  0,    13.877 MiB
srv        update:    - prompt 0x321d2c0:     119 tokens, checkpoints:  0,    14.877 MiB
srv        update:    - prompt 0xf09400:     123 tokens, checkpoints:  0,    15.377 MiB
srv        update:    - prompt 0x438c810:     131 tokens, checkpoints:  0,    16.377 MiB
srv        update:    - prompt 0x3acc150:     130 tokens, checkpoints:  0,    16.252 MiB
srv        update:    - prompt 0x322db30:     107 tokens, checkpoints:  0,    13.377 MiB
srv        update:    - prompt 0x3ad97f0:     105 tokens, checkpoints:  0,    13.127 MiB
srv        update:    - prompt 0x3ae3990:     110 tokens, checkpoints:  0,    13.752 MiB
srv        update:    - prompt 0xf12110:     116 tokens, checkpoints:  0,    14.502 MiB
srv        update:    - prompt 0x3227d70:     109 tokens, checkpoints:  0,    13.627 MiB
srv        update:    - prompt 0x3ad80f0:     113 tokens, checkpoints:  0,    14.127 MiB
srv        update:    - prompt 0x3adfb10:     108 tokens, checkpoints:  0,    13.502 MiB
srv        update:    - prompt 0x3ae19d0:     108 tokens, checkpoints:  0,    13.502 MiB
srv        update:    - prompt 0x3ad7650:     108 tokens, checkpoints:  0,    13.502 MiB
srv        update:    - prompt 0x3ad5750:     111 tokens, checkpoints:  0,    13.877 MiB
srv        update:    - prompt 0x3af4e20:     119 tokens, checkpoints:  0,    14.877 MiB
srv        update:    - prompt 0x3221890:     123 tokens, checkpoints:  0,    15.377 MiB
srv        update:    - prompt 0x3ad2640:     165 tokens, checkpoints:  0,    20.628 MiB
srv        update:    - prompt 0x43967b0:     131 tokens, checkpoints:  0,    16.377 MiB
srv        update:    - prompt 0x3af7790:     135 tokens, checkpoints:  0,    16.877 MiB
srv        update:    - prompt 0x3226c10:     132 tokens, checkpoints:  0,    16.502 MiB
srv        update:    - prompt 0x3ae3220:     146 tokens, checkpoints:  0,    18.252 MiB
srv        update:    - prompt 0xee0440:     130 tokens, checkpoints:  0,    16.252 MiB
srv        update:    - prompt 0x321a670:     136 tokens, checkpoints:  0,    17.002 MiB
srv        update:    - prompt 0xee3bb0:     136 tokens, checkpoints:  0,    17.002 MiB
srv        update:    - prompt 0x118e9b0:     241 tokens, checkpoints:  0,    30.129 MiB
srv        update:    - prompt 0xfffdcc0062a0:     325 tokens, checkpoints:  0,    40.629 MiB
srv        update:    - prompt 0xfffe28005460:     363 tokens, checkpoints:  0,    45.380 MiB
srv        update:    - prompt 0xfffe1c002440:     425 tokens, checkpoints:  0,    53.131 MiB
srv        update:    - prompt 0x439b5f0:     409 tokens, checkpoints:  0,    51.130 MiB
srv        update:    - prompt 0x439fb50:     412 tokens, checkpoints:  0,    51.505 MiB
srv        update:    - prompt 0x32210b0:     418 tokens, checkpoints:  0,    52.256 MiB
srv        update:    - prompt 0xf0c700:     415 tokens, checkpoints:  0,    51.880 MiB
srv        update:    - prompt 0x322c4e0:     431 tokens, checkpoints:  0,    53.881 MiB
srv        update:    - prompt 0xf0e5d0:     431 tokens, checkpoints:  0,    53.881 MiB
srv        update:    - prompt 0xf0c4e0:     107 tokens, checkpoints:  0,    13.377 MiB
srv  get_availabl: prompt cache update took 3.69 ms
slot launch_slot_: id  1 | task -1 | sampler chain: logits -> ?penalties -> ?dry -> ?top-n-sigma -> top-k -> ?typical -> top-p -> min-p -> ?xtc -> temp-ext -> dist 
slot launch_slot_: id  1 | task 6464 | processing task, is_child = 0
slot update_slots: id  1 | task 6464 | new prompt, n_ctx_slot = 4096, n_keep = 0, task.n_tokens = 6
slot update_slots: id  1 | task 6464 | n_tokens = 0, memory_seq_rm [0, end)
slot init_sampler: id  1 | task 6464 | init sampler, took 0.01 ms, tokens: text = 6, total = 6
slot update_slots: id  1 | task 6464 | prompt processing done, n_tokens = 6, batch.n_tokens = 6
srv  log_server_r: done request: POST /completion 127.0.0.1 200
slot print_timing: id  1 | task 6464 | 
prompt eval time =    1728.61 ms /     6 tokens (  288.10 ms per token,     3.47 tokens per second)
       eval time =   32561.05 ms /   100 tokens (  325.61 ms per token,     3.07 tokens per second)
      total time =   34289.66 ms /   106 tokens
slot      release: id  1 | task 6464 | stop processing: n_tokens = 105, truncated = 0
srv  update_slots: all slots are idle
slot get_availabl: id  0 | task -1 | selected slot by LRU, t_last = 282107784233
srv  get_availabl: updating prompt cache
srv          load:  - looking for better prompt, base f_keep = -1.000, sim = 0.000
srv        update:  - cache state: 48 prompts, 1042.881 MiB (limits: 8192.000 MiB, 4096 tokens, 65527 est)
srv        update:    - prompt 0x439af80:     106 tokens, checkpoints:  0,    13.252 MiB
srv        update:    - prompt 0xf0ef60:     107 tokens, checkpoints:  0,    13.377 MiB
srv        update:    - prompt 0x321cf30:     106 tokens, checkpoints:  0,    13.252 MiB
srv        update:    - prompt 0x439bbc0:     107 tokens, checkpoints:  0,    13.377 MiB
srv        update:    - prompt 0x321d650:     105 tokens, checkpoints:  0,    13.127 MiB
srv        update:    - prompt 0x321d8b0:     110 tokens, checkpoints:  0,    13.752 MiB
srv        update:    - prompt 0x439fd00:     116 tokens, checkpoints:  0,    14.502 MiB
srv        update:    - prompt 0x322b480:     109 tokens, checkpoints:  0,    13.627 MiB
srv        update:    - prompt 0x4be6150:     113 tokens, checkpoints:  0,    14.127 MiB
srv        update:    - prompt 0x323a9a0:     108 tokens, checkpoints:  0,    13.502 MiB
srv        update:    - prompt 0x32196f0:     108 tokens, checkpoints:  0,    13.502 MiB
srv        update:    - prompt 0x322b390:     108 tokens, checkpoints:  0,    13.502 MiB
srv        update:    - prompt 0x32307d0:     111 tokens, checkpoints:  0,    13.877 MiB
srv        update:    - prompt 0x321d2c0:     119 tokens, checkpoints:  0,    14.877 MiB
srv        update:    - prompt 0xf09400:     123 tokens, checkpoints:  0,    15.377 MiB
srv        update:    - prompt 0x438c810:     131 tokens, checkpoints:  0,    16.377 MiB
srv        update:    - prompt 0x3acc150:     130 tokens, checkpoints:  0,    16.252 MiB
srv        update:    - prompt 0x322db30:     107 tokens, checkpoints:  0,    13.377 MiB
srv        update:    - prompt 0x3ad97f0:     105 tokens, checkpoints:  0,    13.127 MiB
srv        update:    - prompt 0x3ae3990:     110 tokens, checkpoints:  0,    13.752 MiB
srv        update:    - prompt 0xf12110:     116 tokens, checkpoints:  0,    14.502 MiB
srv        update:    - prompt 0x3227d70:     109 tokens, checkpoints:  0,    13.627 MiB
srv        update:    - prompt 0x3ad80f0:     113 tokens, checkpoints:  0,    14.127 MiB
srv        update:    - prompt 0x3adfb10:     108 tokens, checkpoints:  0,    13.502 MiB
srv        update:    - prompt 0x3ae19d0:     108 tokens, checkpoints:  0,    13.502 MiB
srv        update:    - prompt 0x3ad7650:     108 tokens, checkpoints:  0,    13.502 MiB
srv        update:    - prompt 0x3ad5750:     111 tokens, checkpoints:  0,    13.877 MiB
srv        update:    - prompt 0x3af4e20:     119 tokens, checkpoints:  0,    14.877 MiB
srv        update:    - prompt 0x3221890:     123 tokens, checkpoints:  0,    15.377 MiB
srv        update:    - prompt 0x3ad2640:     165 tokens, checkpoints:  0,    20.628 MiB
srv        update:    - prompt 0x43967b0:     131 tokens, checkpoints:  0,    16.377 MiB
srv        update:    - prompt 0x3af7790:     135 tokens, checkpoints:  0,    16.877 MiB
srv        update:    - prompt 0x3226c10:     132 tokens, checkpoints:  0,    16.502 MiB
srv        update:    - prompt 0x3ae3220:     146 tokens, checkpoints:  0,    18.252 MiB
srv        update:    - prompt 0xee0440:     130 tokens, checkpoints:  0,    16.252 MiB
srv        update:    - prompt 0x321a670:     136 tokens, checkpoints:  0,    17.002 MiB
srv        update:    - prompt 0xee3bb0:     136 tokens, checkpoints:  0,    17.002 MiB
srv        update:    - prompt 0x118e9b0:     241 tokens, checkpoints:  0,    30.129 MiB
srv        update:    - prompt 0xfffdcc0062a0:     325 tokens, checkpoints:  0,    40.629 MiB
srv        update:    - prompt 0xfffe28005460:     363 tokens, checkpoints:  0,    45.380 MiB
srv        update:    - prompt 0xfffe1c002440:     425 tokens, checkpoints:  0,    53.131 MiB
srv        update:    - prompt 0x439b5f0:     409 tokens, checkpoints:  0,    51.130 MiB
srv        update:    - prompt 0x439fb50:     412 tokens, checkpoints:  0,    51.505 MiB
srv        update:    - prompt 0x32210b0:     418 tokens, checkpoints:  0,    52.256 MiB
srv        update:    - prompt 0xf0c700:     415 tokens, checkpoints:  0,    51.880 MiB
srv        update:    - prompt 0x322c4e0:     431 tokens, checkpoints:  0,    53.881 MiB
srv        update:    - prompt 0xf0e5d0:     431 tokens, checkpoints:  0,    53.881 MiB
srv        update:    - prompt 0xf0c4e0:     107 tokens, checkpoints:  0,    13.377 MiB
srv  get_availabl: prompt cache update took 0.21 ms
slot launch_slot_: id  0 | task -1 | sampler chain: logits -> ?penalties -> ?dry -> ?top-n-sigma -> top-k -> ?typical -> top-p -> min-p -> ?xtc -> temp-ext -> dist 
slot launch_slot_: id  0 | task 6565 | processing task, is_child = 0
slot slot_save_an: id  1 | task -1 | saving idle slot to prompt cache
srv   prompt_save:  - saving prompt with length 105, total state size = 13.127 MiB
slot prompt_clear: id  1 | task -1 | clearing prompt with 105 tokens
srv        update:  - cache state: 49 prompts, 1056.008 MiB (limits: 8192.000 MiB, 4096 tokens, 65527 est)
srv        update:    - prompt 0x439af80:     106 tokens, checkpoints:  0,    13.252 MiB
srv        update:    - prompt 0xf0ef60:     107 tokens, checkpoints:  0,    13.377 MiB
srv        update:    - prompt 0x321cf30:     106 tokens, checkpoints:  0,    13.252 MiB
srv        update:    - prompt 0x439bbc0:     107 tokens, checkpoints:  0,    13.377 MiB
srv        update:    - prompt 0x321d650:     105 tokens, checkpoints:  0,    13.127 MiB
srv        update:    - prompt 0x321d8b0:     110 tokens, checkpoints:  0,    13.752 MiB
srv        update:    - prompt 0x439fd00:     116 tokens, checkpoints:  0,    14.502 MiB
srv        update:    - prompt 0x322b480:     109 tokens, checkpoints:  0,    13.627 MiB
srv        update:    - prompt 0x4be6150:     113 tokens, checkpoints:  0,    14.127 MiB
srv        update:    - prompt 0x323a9a0:     108 tokens, checkpoints:  0,    13.502 MiB
srv        update:    - prompt 0x32196f0:     108 tokens, checkpoints:  0,    13.502 MiB
srv        update:    - prompt 0x322b390:     108 tokens, checkpoints:  0,    13.502 MiB
srv        update:    - prompt 0x32307d0:     111 tokens, checkpoints:  0,    13.877 MiB
srv        update:    - prompt 0x321d2c0:     119 tokens, checkpoints:  0,    14.877 MiB
srv        update:    - prompt 0xf09400:     123 tokens, checkpoints:  0,    15.377 MiB
srv        update:    - prompt 0x438c810:     131 tokens, checkpoints:  0,    16.377 MiB
srv        update:    - prompt 0x3acc150:     130 tokens, checkpoints:  0,    16.252 MiB
srv        update:    - prompt 0x322db30:     107 tokens, checkpoints:  0,    13.377 MiB
srv        update:    - prompt 0x3ad97f0:     105 tokens, checkpoints:  0,    13.127 MiB
srv        update:    - prompt 0x3ae3990:     110 tokens, checkpoints:  0,    13.752 MiB
srv        update:    - prompt 0xf12110:     116 tokens, checkpoints:  0,    14.502 MiB
srv        update:    - prompt 0x3227d70:     109 tokens, checkpoints:  0,    13.627 MiB
srv        update:    - prompt 0x3ad80f0:     113 tokens, checkpoints:  0,    14.127 MiB
srv        update:    - prompt 0x3adfb10:     108 tokens, checkpoints:  0,    13.502 MiB
srv        update:    - prompt 0x3ae19d0:     108 tokens, checkpoints:  0,    13.502 MiB
srv        update:    - prompt 0x3ad7650:     108 tokens, checkpoints:  0,    13.502 MiB
srv        update:    - prompt 0x3ad5750:     111 tokens, checkpoints:  0,    13.877 MiB
srv        update:    - prompt 0x3af4e20:     119 tokens, checkpoints:  0,    14.877 MiB
srv        update:    - prompt 0x3221890:     123 tokens, checkpoints:  0,    15.377 MiB
srv        update:    - prompt 0x3ad2640:     165 tokens, checkpoints:  0,    20.628 MiB
srv        update:    - prompt 0x43967b0:     131 tokens, checkpoints:  0,    16.377 MiB
srv        update:    - prompt 0x3af7790:     135 tokens, checkpoints:  0,    16.877 MiB
srv        update:    - prompt 0x3226c10:     132 tokens, checkpoints:  0,    16.502 MiB
srv        update:    - prompt 0x3ae3220:     146 tokens, checkpoints:  0,    18.252 MiB
srv        update:    - prompt 0xee0440:     130 tokens, checkpoints:  0,    16.252 MiB
srv        update:    - prompt 0x321a670:     136 tokens, checkpoints:  0,    17.002 MiB
srv        update:    - prompt 0xee3bb0:     136 tokens, checkpoints:  0,    17.002 MiB
srv        update:    - prompt 0x118e9b0:     241 tokens, checkpoints:  0,    30.129 MiB
srv        update:    - prompt 0xfffdcc0062a0:     325 tokens, checkpoints:  0,    40.629 MiB
srv        update:    - prompt 0xfffe28005460:     363 tokens, checkpoints:  0,    45.380 MiB
srv        update:    - prompt 0xfffe1c002440:     425 tokens, checkpoints:  0,    53.131 MiB
srv        update:    - prompt 0x439b5f0:     409 tokens, checkpoints:  0,    51.130 MiB
srv        update:    - prompt 0x439fb50:     412 tokens, checkpoints:  0,    51.505 MiB
srv        update:    - prompt 0x32210b0:     418 tokens, checkpoints:  0,    52.256 MiB
srv        update:    - prompt 0xf0c700:     415 tokens, checkpoints:  0,    51.880 MiB
srv        update:    - prompt 0x322c4e0:     431 tokens, checkpoints:  0,    53.881 MiB
srv        update:    - prompt 0xf0e5d0:     431 tokens, checkpoints:  0,    53.881 MiB
srv        update:    - prompt 0xf0c4e0:     107 tokens, checkpoints:  0,    13.377 MiB
srv        update:    - prompt 0xeef310:     105 tokens, checkpoints:  0,    13.127 MiB
slot update_slots: id  0 | task 6565 | new prompt, n_ctx_slot = 4096, n_keep = 0, task.n_tokens = 11
slot update_slots: id  0 | task 6565 | n_tokens = 0, memory_seq_rm [0, end)
slot init_sampler: id  0 | task 6565 | init sampler, took 0.01 ms, tokens: text = 11, total = 11
slot update_slots: id  0 | task 6565 | prompt processing done, n_tokens = 11, batch.n_tokens = 11
srv  log_server_r: done request: POST /completion 127.0.0.1 200
slot print_timing: id  0 | task 6565 | 
prompt eval time =    3126.94 ms /    11 tokens (  284.27 ms per token,     3.52 tokens per second)
       eval time =   32584.87 ms /   100 tokens (  325.85 ms per token,     3.07 tokens per second)
      total time =   35711.81 ms /   111 tokens
slot      release: id  0 | task 6565 | stop processing: n_tokens = 110, truncated = 0
srv  update_slots: all slots are idle
slot get_availabl: id  3 | task -1 | selected slot by LRU, t_last = 282242325113
srv  get_availabl: updating prompt cache
srv          load:  - looking for better prompt, base f_keep = -1.000, sim = 0.000
srv        update:  - cache state: 49 prompts, 1056.008 MiB (limits: 8192.000 MiB, 4096 tokens, 65527 est)
srv        update:    - prompt 0x439af80:     106 tokens, checkpoints:  0,    13.252 MiB
srv        update:    - prompt 0xf0ef60:     107 tokens, checkpoints:  0,    13.377 MiB
srv        update:    - prompt 0x321cf30:     106 tokens, checkpoints:  0,    13.252 MiB
srv        update:    - prompt 0x439bbc0:     107 tokens, checkpoints:  0,    13.377 MiB
srv        update:    - prompt 0x321d650:     105 tokens, checkpoints:  0,    13.127 MiB
srv        update:    - prompt 0x321d8b0:     110 tokens, checkpoints:  0,    13.752 MiB
srv        update:    - prompt 0x439fd00:     116 tokens, checkpoints:  0,    14.502 MiB
srv        update:    - prompt 0x322b480:     109 tokens, checkpoints:  0,    13.627 MiB
srv        update:    - prompt 0x4be6150:     113 tokens, checkpoints:  0,    14.127 MiB
srv        update:    - prompt 0x323a9a0:     108 tokens, checkpoints:  0,    13.502 MiB
srv        update:    - prompt 0x32196f0:     108 tokens, checkpoints:  0,    13.502 MiB
srv        update:    - prompt 0x322b390:     108 tokens, checkpoints:  0,    13.502 MiB
srv        update:    - prompt 0x32307d0:     111 tokens, checkpoints:  0,    13.877 MiB
srv        update:    - prompt 0x321d2c0:     119 tokens, checkpoints:  0,    14.877 MiB
srv        update:    - prompt 0xf09400:     123 tokens, checkpoints:  0,    15.377 MiB
srv        update:    - prompt 0x438c810:     131 tokens, checkpoints:  0,    16.377 MiB
srv        update:    - prompt 0x3acc150:     130 tokens, checkpoints:  0,    16.252 MiB
srv        update:    - prompt 0x322db30:     107 tokens, checkpoints:  0,    13.377 MiB
srv        update:    - prompt 0x3ad97f0:     105 tokens, checkpoints:  0,    13.127 MiB
srv        update:    - prompt 0x3ae3990:     110 tokens, checkpoints:  0,    13.752 MiB
srv        update:    - prompt 0xf12110:     116 tokens, checkpoints:  0,    14.502 MiB
srv        update:    - prompt 0x3227d70:     109 tokens, checkpoints:  0,    13.627 MiB
srv        update:    - prompt 0x3ad80f0:     113 tokens, checkpoints:  0,    14.127 MiB
srv        update:    - prompt 0x3adfb10:     108 tokens, checkpoints:  0,    13.502 MiB
srv        update:    - prompt 0x3ae19d0:     108 tokens, checkpoints:  0,    13.502 MiB
srv        update:    - prompt 0x3ad7650:     108 tokens, checkpoints:  0,    13.502 MiB
srv        update:    - prompt 0x3ad5750:     111 tokens, checkpoints:  0,    13.877 MiB
srv        update:    - prompt 0x3af4e20:     119 tokens, checkpoints:  0,    14.877 MiB
srv        update:    - prompt 0x3221890:     123 tokens, checkpoints:  0,    15.377 MiB
srv        update:    - prompt 0x3ad2640:     165 tokens, checkpoints:  0,    20.628 MiB
srv        update:    - prompt 0x43967b0:     131 tokens, checkpoints:  0,    16.377 MiB
srv        update:    - prompt 0x3af7790:     135 tokens, checkpoints:  0,    16.877 MiB
srv        update:    - prompt 0x3226c10:     132 tokens, checkpoints:  0,    16.502 MiB
srv        update:    - prompt 0x3ae3220:     146 tokens, checkpoints:  0,    18.252 MiB
srv        update:    - prompt 0xee0440:     130 tokens, checkpoints:  0,    16.252 MiB
srv        update:    - prompt 0x321a670:     136 tokens, checkpoints:  0,    17.002 MiB
srv        update:    - prompt 0xee3bb0:     136 tokens, checkpoints:  0,    17.002 MiB
srv        update:    - prompt 0x118e9b0:     241 tokens, checkpoints:  0,    30.129 MiB
srv        update:    - prompt 0xfffdcc0062a0:     325 tokens, checkpoints:  0,    40.629 MiB
srv        update:    - prompt 0xfffe28005460:     363 tokens, checkpoints:  0,    45.380 MiB
srv        update:    - prompt 0xfffe1c002440:     425 tokens, checkpoints:  0,    53.131 MiB
srv        update:    - prompt 0x439b5f0:     409 tokens, checkpoints:  0,    51.130 MiB
srv        update:    - prompt 0x439fb50:     412 tokens, checkpoints:  0,    51.505 MiB
srv        update:    - prompt 0x32210b0:     418 tokens, checkpoints:  0,    52.256 MiB
srv        update:    - prompt 0xf0c700:     415 tokens, checkpoints:  0,    51.880 MiB
srv        update:    - prompt 0x322c4e0:     431 tokens, checkpoints:  0,    53.881 MiB
srv        update:    - prompt 0xf0e5d0:     431 tokens, checkpoints:  0,    53.881 MiB
srv        update:    - prompt 0xf0c4e0:     107 tokens, checkpoints:  0,    13.377 MiB
srv        update:    - prompt 0xeef310:     105 tokens, checkpoints:  0,    13.127 MiB
srv  get_availabl: prompt cache update took 0.21 ms
slot launch_slot_: id  3 | task -1 | sampler chain: logits -> ?penalties -> ?dry -> ?top-n-sigma -> top-k -> ?typical -> top-p -> min-p -> ?xtc -> temp-ext -> dist 
slot launch_slot_: id  3 | task 6666 | processing task, is_child = 0
slot slot_save_an: id  0 | task -1 | saving idle slot to prompt cache
srv   prompt_save:  - saving prompt with length 110, total state size = 13.752 MiB
slot prompt_clear: id  0 | task -1 | clearing prompt with 110 tokens
srv        update:  - cache state: 50 prompts, 1069.760 MiB (limits: 8192.000 MiB, 4096 tokens, 65527 est)
srv        update:    - prompt 0x439af80:     106 tokens, checkpoints:  0,    13.252 MiB
srv        update:    - prompt 0xf0ef60:     107 tokens, checkpoints:  0,    13.377 MiB
srv        update:    - prompt 0x321cf30:     106 tokens, checkpoints:  0,    13.252 MiB
srv        update:    - prompt 0x439bbc0:     107 tokens, checkpoints:  0,    13.377 MiB
srv        update:    - prompt 0x321d650:     105 tokens, checkpoints:  0,    13.127 MiB
srv        update:    - prompt 0x321d8b0:     110 tokens, checkpoints:  0,    13.752 MiB
srv        update:    - prompt 0x439fd00:     116 tokens, checkpoints:  0,    14.502 MiB
srv        update:    - prompt 0x322b480:     109 tokens, checkpoints:  0,    13.627 MiB
srv        update:    - prompt 0x4be6150:     113 tokens, checkpoints:  0,    14.127 MiB
srv        update:    - prompt 0x323a9a0:     108 tokens, checkpoints:  0,    13.502 MiB
srv        update:    - prompt 0x32196f0:     108 tokens, checkpoints:  0,    13.502 MiB
srv        update:    - prompt 0x322b390:     108 tokens, checkpoints:  0,    13.502 MiB
srv        update:    - prompt 0x32307d0:     111 tokens, checkpoints:  0,    13.877 MiB
srv        update:    - prompt 0x321d2c0:     119 tokens, checkpoints:  0,    14.877 MiB
srv        update:    - prompt 0xf09400:     123 tokens, checkpoints:  0,    15.377 MiB
srv        update:    - prompt 0x438c810:     131 tokens, checkpoints:  0,    16.377 MiB
srv        update:    - prompt 0x3acc150:     130 tokens, checkpoints:  0,    16.252 MiB
srv        update:    - prompt 0x322db30:     107 tokens, checkpoints:  0,    13.377 MiB
srv        update:    - prompt 0x3ad97f0:     105 tokens, checkpoints:  0,    13.127 MiB
srv        update:    - prompt 0x3ae3990:     110 tokens, checkpoints:  0,    13.752 MiB
srv        update:    - prompt 0xf12110:     116 tokens, checkpoints:  0,    14.502 MiB
srv        update:    - prompt 0x3227d70:     109 tokens, checkpoints:  0,    13.627 MiB
srv        update:    - prompt 0x3ad80f0:     113 tokens, checkpoints:  0,    14.127 MiB
srv        update:    - prompt 0x3adfb10:     108 tokens, checkpoints:  0,    13.502 MiB
srv        update:    - prompt 0x3ae19d0:     108 tokens, checkpoints:  0,    13.502 MiB
srv        update:    - prompt 0x3ad7650:     108 tokens, checkpoints:  0,    13.502 MiB
srv        update:    - prompt 0x3ad5750:     111 tokens, checkpoints:  0,    13.877 MiB
srv        update:    - prompt 0x3af4e20:     119 tokens, checkpoints:  0,    14.877 MiB
srv        update:    - prompt 0x3221890:     123 tokens, checkpoints:  0,    15.377 MiB
srv        update:    - prompt 0x3ad2640:     165 tokens, checkpoints:  0,    20.628 MiB
srv        update:    - prompt 0x43967b0:     131 tokens, checkpoints:  0,    16.377 MiB
srv        update:    - prompt 0x3af7790:     135 tokens, checkpoints:  0,    16.877 MiB
srv        update:    - prompt 0x3226c10:     132 tokens, checkpoints:  0,    16.502 MiB
srv        update:    - prompt 0x3ae3220:     146 tokens, checkpoints:  0,    18.252 MiB
srv        update:    - prompt 0xee0440:     130 tokens, checkpoints:  0,    16.252 MiB
srv        update:    - prompt 0x321a670:     136 tokens, checkpoints:  0,    17.002 MiB
srv        update:    - prompt 0xee3bb0:     136 tokens, checkpoints:  0,    17.002 MiB
srv        update:    - prompt 0x118e9b0:     241 tokens, checkpoints:  0,    30.129 MiB
srv        update:    - prompt 0xfffdcc0062a0:     325 tokens, checkpoints:  0,    40.629 MiB
srv        update:    - prompt 0xfffe28005460:     363 tokens, checkpoints:  0,    45.380 MiB
srv        update:    - prompt 0xfffe1c002440:     425 tokens, checkpoints:  0,    53.131 MiB
srv        update:    - prompt 0x439b5f0:     409 tokens, checkpoints:  0,    51.130 MiB
srv        update:    - prompt 0x439fb50:     412 tokens, checkpoints:  0,    51.505 MiB
srv        update:    - prompt 0x32210b0:     418 tokens, checkpoints:  0,    52.256 MiB
srv        update:    - prompt 0xf0c700:     415 tokens, checkpoints:  0,    51.880 MiB
srv        update:    - prompt 0x322c4e0:     431 tokens, checkpoints:  0,    53.881 MiB
srv        update:    - prompt 0xf0e5d0:     431 tokens, checkpoints:  0,    53.881 MiB
srv        update:    - prompt 0xf0c4e0:     107 tokens, checkpoints:  0,    13.377 MiB
srv        update:    - prompt 0xeef310:     105 tokens, checkpoints:  0,    13.127 MiB
srv        update:    - prompt 0xf0ad80:     110 tokens, checkpoints:  0,    13.752 MiB
slot update_slots: id  3 | task 6666 | new prompt, n_ctx_slot = 4096, n_keep = 0, task.n_tokens = 17
slot update_slots: id  3 | task 6666 | n_tokens = 0, memory_seq_rm [0, end)
slot init_sampler: id  3 | task 6666 | init sampler, took 0.01 ms, tokens: text = 17, total = 17
slot update_slots: id  3 | task 6666 | prompt processing done, n_tokens = 17, batch.n_tokens = 17
srv  log_server_r: done request: POST /completion 127.0.0.1 200
slot print_timing: id  3 | task 6666 | 
prompt eval time =    4817.65 ms /    17 tokens (  283.39 ms per token,     3.53 tokens per second)
       eval time =   32616.38 ms /   100 tokens (  326.16 ms per token,     3.07 tokens per second)
      total time =   37434.03 ms /   117 tokens
slot      release: id  3 | task 6666 | stop processing: n_tokens = 116, truncated = 0
srv  update_slots: all slots are idle
slot get_availabl: id  2 | task -1 | selected slot by LRU, t_last = 282384030295
srv  get_availabl: updating prompt cache
srv          load:  - looking for better prompt, base f_keep = -1.000, sim = 0.000
srv        update:  - cache state: 50 prompts, 1069.760 MiB (limits: 8192.000 MiB, 4096 tokens, 65527 est)
srv        update:    - prompt 0x439af80:     106 tokens, checkpoints:  0,    13.252 MiB
srv        update:    - prompt 0xf0ef60:     107 tokens, checkpoints:  0,    13.377 MiB
srv        update:    - prompt 0x321cf30:     106 tokens, checkpoints:  0,    13.252 MiB
srv        update:    - prompt 0x439bbc0:     107 tokens, checkpoints:  0,    13.377 MiB
srv        update:    - prompt 0x321d650:     105 tokens, checkpoints:  0,    13.127 MiB
srv        update:    - prompt 0x321d8b0:     110 tokens, checkpoints:  0,    13.752 MiB
srv        update:    - prompt 0x439fd00:     116 tokens, checkpoints:  0,    14.502 MiB
srv        update:    - prompt 0x322b480:     109 tokens, checkpoints:  0,    13.627 MiB
srv        update:    - prompt 0x4be6150:     113 tokens, checkpoints:  0,    14.127 MiB
srv        update:    - prompt 0x323a9a0:     108 tokens, checkpoints:  0,    13.502 MiB
srv        update:    - prompt 0x32196f0:     108 tokens, checkpoints:  0,    13.502 MiB
srv        update:    - prompt 0x322b390:     108 tokens, checkpoints:  0,    13.502 MiB
srv        update:    - prompt 0x32307d0:     111 tokens, checkpoints:  0,    13.877 MiB
srv        update:    - prompt 0x321d2c0:     119 tokens, checkpoints:  0,    14.877 MiB
srv        update:    - prompt 0xf09400:     123 tokens, checkpoints:  0,    15.377 MiB
srv        update:    - prompt 0x438c810:     131 tokens, checkpoints:  0,    16.377 MiB
srv        update:    - prompt 0x3acc150:     130 tokens, checkpoints:  0,    16.252 MiB
srv        update:    - prompt 0x322db30:     107 tokens, checkpoints:  0,    13.377 MiB
srv        update:    - prompt 0x3ad97f0:     105 tokens, checkpoints:  0,    13.127 MiB
srv        update:    - prompt 0x3ae3990:     110 tokens, checkpoints:  0,    13.752 MiB
srv        update:    - prompt 0xf12110:     116 tokens, checkpoints:  0,    14.502 MiB
srv        update:    - prompt 0x3227d70:     109 tokens, checkpoints:  0,    13.627 MiB
srv        update:    - prompt 0x3ad80f0:     113 tokens, checkpoints:  0,    14.127 MiB
srv        update:    - prompt 0x3adfb10:     108 tokens, checkpoints:  0,    13.502 MiB
srv        update:    - prompt 0x3ae19d0:     108 tokens, checkpoints:  0,    13.502 MiB
srv        update:    - prompt 0x3ad7650:     108 tokens, checkpoints:  0,    13.502 MiB
srv        update:    - prompt 0x3ad5750:     111 tokens, checkpoints:  0,    13.877 MiB
srv        update:    - prompt 0x3af4e20:     119 tokens, checkpoints:  0,    14.877 MiB
srv        update:    - prompt 0x3221890:     123 tokens, checkpoints:  0,    15.377 MiB
srv        update:    - prompt 0x3ad2640:     165 tokens, checkpoints:  0,    20.628 MiB
srv        update:    - prompt 0x43967b0:     131 tokens, checkpoints:  0,    16.377 MiB
srv        update:    - prompt 0x3af7790:     135 tokens, checkpoints:  0,    16.877 MiB
srv        update:    - prompt 0x3226c10:     132 tokens, checkpoints:  0,    16.502 MiB
srv        update:    - prompt 0x3ae3220:     146 tokens, checkpoints:  0,    18.252 MiB
srv        update:    - prompt 0xee0440:     130 tokens, checkpoints:  0,    16.252 MiB
srv        update:    - prompt 0x321a670:     136 tokens, checkpoints:  0,    17.002 MiB
srv        update:    - prompt 0xee3bb0:     136 tokens, checkpoints:  0,    17.002 MiB
srv        update:    - prompt 0x118e9b0:     241 tokens, checkpoints:  0,    30.129 MiB
srv        update:    - prompt 0xfffdcc0062a0:     325 tokens, checkpoints:  0,    40.629 MiB
srv        update:    - prompt 0xfffe28005460:     363 tokens, checkpoints:  0,    45.380 MiB
srv        update:    - prompt 0xfffe1c002440:     425 tokens, checkpoints:  0,    53.131 MiB
srv        update:    - prompt 0x439b5f0:     409 tokens, checkpoints:  0,    51.130 MiB
srv        update:    - prompt 0x439fb50:     412 tokens, checkpoints:  0,    51.505 MiB
srv        update:    - prompt 0x32210b0:     418 tokens, checkpoints:  0,    52.256 MiB
srv        update:    - prompt 0xf0c700:     415 tokens, checkpoints:  0,    51.880 MiB
srv        update:    - prompt 0x322c4e0:     431 tokens, checkpoints:  0,    53.881 MiB
srv        update:    - prompt 0xf0e5d0:     431 tokens, checkpoints:  0,    53.881 MiB
srv        update:    - prompt 0xf0c4e0:     107 tokens, checkpoints:  0,    13.377 MiB
srv        update:    - prompt 0xeef310:     105 tokens, checkpoints:  0,    13.127 MiB
srv        update:    - prompt 0xf0ad80:     110 tokens, checkpoints:  0,    13.752 MiB
srv  get_availabl: prompt cache update took 0.22 ms
slot launch_slot_: id  2 | task -1 | sampler chain: logits -> ?penalties -> ?dry -> ?top-n-sigma -> top-k -> ?typical -> top-p -> min-p -> ?xtc -> temp-ext -> dist 
slot launch_slot_: id  2 | task 6767 | processing task, is_child = 0
slot slot_save_an: id  3 | task -1 | saving idle slot to prompt cache
srv   prompt_save:  - saving prompt with length 116, total state size = 14.502 MiB
slot prompt_clear: id  3 | task -1 | clearing prompt with 116 tokens
srv        update:  - cache state: 51 prompts, 1084.262 MiB (limits: 8192.000 MiB, 4096 tokens, 65527 est)
srv        update:    - prompt 0x439af80:     106 tokens, checkpoints:  0,    13.252 MiB
srv        update:    - prompt 0xf0ef60:     107 tokens, checkpoints:  0,    13.377 MiB
srv        update:    - prompt 0x321cf30:     106 tokens, checkpoints:  0,    13.252 MiB
srv        update:    - prompt 0x439bbc0:     107 tokens, checkpoints:  0,    13.377 MiB
srv        update:    - prompt 0x321d650:     105 tokens, checkpoints:  0,    13.127 MiB
srv        update:    - prompt 0x321d8b0:     110 tokens, checkpoints:  0,    13.752 MiB
srv        update:    - prompt 0x439fd00:     116 tokens, checkpoints:  0,    14.502 MiB
srv        update:    - prompt 0x322b480:     109 tokens, checkpoints:  0,    13.627 MiB
srv        update:    - prompt 0x4be6150:     113 tokens, checkpoints:  0,    14.127 MiB
srv        update:    - prompt 0x323a9a0:     108 tokens, checkpoints:  0,    13.502 MiB
srv        update:    - prompt 0x32196f0:     108 tokens, checkpoints:  0,    13.502 MiB
srv        update:    - prompt 0x322b390:     108 tokens, checkpoints:  0,    13.502 MiB
srv        update:    - prompt 0x32307d0:     111 tokens, checkpoints:  0,    13.877 MiB
srv        update:    - prompt 0x321d2c0:     119 tokens, checkpoints:  0,    14.877 MiB
srv        update:    - prompt 0xf09400:     123 tokens, checkpoints:  0,    15.377 MiB
srv        update:    - prompt 0x438c810:     131 tokens, checkpoints:  0,    16.377 MiB
srv        update:    - prompt 0x3acc150:     130 tokens, checkpoints:  0,    16.252 MiB
srv        update:    - prompt 0x322db30:     107 tokens, checkpoints:  0,    13.377 MiB
srv        update:    - prompt 0x3ad97f0:     105 tokens, checkpoints:  0,    13.127 MiB
srv        update:    - prompt 0x3ae3990:     110 tokens, checkpoints:  0,    13.752 MiB
srv        update:    - prompt 0xf12110:     116 tokens, checkpoints:  0,    14.502 MiB
srv        update:    - prompt 0x3227d70:     109 tokens, checkpoints:  0,    13.627 MiB
srv        update:    - prompt 0x3ad80f0:     113 tokens, checkpoints:  0,    14.127 MiB
srv        update:    - prompt 0x3adfb10:     108 tokens, checkpoints:  0,    13.502 MiB
srv        update:    - prompt 0x3ae19d0:     108 tokens, checkpoints:  0,    13.502 MiB
srv        update:    - prompt 0x3ad7650:     108 tokens, checkpoints:  0,    13.502 MiB
srv        update:    - prompt 0x3ad5750:     111 tokens, checkpoints:  0,    13.877 MiB
srv        update:    - prompt 0x3af4e20:     119 tokens, checkpoints:  0,    14.877 MiB
srv        update:    - prompt 0x3221890:     123 tokens, checkpoints:  0,    15.377 MiB
srv        update:    - prompt 0x3ad2640:     165 tokens, checkpoints:  0,    20.628 MiB
srv        update:    - prompt 0x43967b0:     131 tokens, checkpoints:  0,    16.377 MiB
srv        update:    - prompt 0x3af7790:     135 tokens, checkpoints:  0,    16.877 MiB
srv        update:    - prompt 0x3226c10:     132 tokens, checkpoints:  0,    16.502 MiB
srv        update:    - prompt 0x3ae3220:     146 tokens, checkpoints:  0,    18.252 MiB
srv        update:    - prompt 0xee0440:     130 tokens, checkpoints:  0,    16.252 MiB
srv        update:    - prompt 0x321a670:     136 tokens, checkpoints:  0,    17.002 MiB
srv        update:    - prompt 0xee3bb0:     136 tokens, checkpoints:  0,    17.002 MiB
srv        update:    - prompt 0x118e9b0:     241 tokens, checkpoints:  0,    30.129 MiB
srv        update:    - prompt 0xfffdcc0062a0:     325 tokens, checkpoints:  0,    40.629 MiB
srv        update:    - prompt 0xfffe28005460:     363 tokens, checkpoints:  0,    45.380 MiB
srv        update:    - prompt 0xfffe1c002440:     425 tokens, checkpoints:  0,    53.131 MiB
srv        update:    - prompt 0x439b5f0:     409 tokens, checkpoints:  0,    51.130 MiB
srv        update:    - prompt 0x439fb50:     412 tokens, checkpoints:  0,    51.505 MiB
srv        update:    - prompt 0x32210b0:     418 tokens, checkpoints:  0,    52.256 MiB
srv        update:    - prompt 0xf0c700:     415 tokens, checkpoints:  0,    51.880 MiB
srv        update:    - prompt 0x322c4e0:     431 tokens, checkpoints:  0,    53.881 MiB
srv        update:    - prompt 0xf0e5d0:     431 tokens, checkpoints:  0,    53.881 MiB
srv        update:    - prompt 0xf0c4e0:     107 tokens, checkpoints:  0,    13.377 MiB
srv        update:    - prompt 0xeef310:     105 tokens, checkpoints:  0,    13.127 MiB
srv        update:    - prompt 0xf0ad80:     110 tokens, checkpoints:  0,    13.752 MiB
srv        update:    - prompt 0x3ae8250:     116 tokens, checkpoints:  0,    14.502 MiB
slot update_slots: id  2 | task 6767 | new prompt, n_ctx_slot = 4096, n_keep = 0, task.n_tokens = 10
slot update_slots: id  2 | task 6767 | n_tokens = 0, memory_seq_rm [0, end)
slot init_sampler: id  2 | task 6767 | init sampler, took 0.01 ms, tokens: text = 10, total = 10
slot update_slots: id  2 | task 6767 | prompt processing done, n_tokens = 10, batch.n_tokens = 10
srv  log_server_r: done request: POST /completion 127.0.0.1 200
slot print_timing: id  2 | task 6767 | 
prompt eval time =    2848.12 ms /    10 tokens (  284.81 ms per token,     3.51 tokens per second)
       eval time =   32577.21 ms /   100 tokens (  325.77 ms per token,     3.07 tokens per second)
      total time =   35425.33 ms /   110 tokens
slot      release: id  2 | task 6767 | stop processing: n_tokens = 109, truncated = 0
srv  update_slots: all slots are idle
slot get_availabl: id  1 | task -1 | selected slot by LRU, t_last = 282596063460
srv  get_availabl: updating prompt cache
srv          load:  - looking for better prompt, base f_keep = -1.000, sim = 0.000
srv        update:  - cache state: 51 prompts, 1084.262 MiB (limits: 8192.000 MiB, 4096 tokens, 65527 est)
srv        update:    - prompt 0x439af80:     106 tokens, checkpoints:  0,    13.252 MiB
srv        update:    - prompt 0xf0ef60:     107 tokens, checkpoints:  0,    13.377 MiB
srv        update:    - prompt 0x321cf30:     106 tokens, checkpoints:  0,    13.252 MiB
srv        update:    - prompt 0x439bbc0:     107 tokens, checkpoints:  0,    13.377 MiB
srv        update:    - prompt 0x321d650:     105 tokens, checkpoints:  0,    13.127 MiB
srv        update:    - prompt 0x321d8b0:     110 tokens, checkpoints:  0,    13.752 MiB
srv        update:    - prompt 0x439fd00:     116 tokens, checkpoints:  0,    14.502 MiB
srv        update:    - prompt 0x322b480:     109 tokens, checkpoints:  0,    13.627 MiB
srv        update:    - prompt 0x4be6150:     113 tokens, checkpoints:  0,    14.127 MiB
srv        update:    - prompt 0x323a9a0:     108 tokens, checkpoints:  0,    13.502 MiB
srv        update:    - prompt 0x32196f0:     108 tokens, checkpoints:  0,    13.502 MiB
srv        update:    - prompt 0x322b390:     108 tokens, checkpoints:  0,    13.502 MiB
srv        update:    - prompt 0x32307d0:     111 tokens, checkpoints:  0,    13.877 MiB
srv        update:    - prompt 0x321d2c0:     119 tokens, checkpoints:  0,    14.877 MiB
srv        update:    - prompt 0xf09400:     123 tokens, checkpoints:  0,    15.377 MiB
srv        update:    - prompt 0x438c810:     131 tokens, checkpoints:  0,    16.377 MiB
srv        update:    - prompt 0x3acc150:     130 tokens, checkpoints:  0,    16.252 MiB
srv        update:    - prompt 0x322db30:     107 tokens, checkpoints:  0,    13.377 MiB
srv        update:    - prompt 0x3ad97f0:     105 tokens, checkpoints:  0,    13.127 MiB
srv        update:    - prompt 0x3ae3990:     110 tokens, checkpoints:  0,    13.752 MiB
srv        update:    - prompt 0xf12110:     116 tokens, checkpoints:  0,    14.502 MiB
srv        update:    - prompt 0x3227d70:     109 tokens, checkpoints:  0,    13.627 MiB
srv        update:    - prompt 0x3ad80f0:     113 tokens, checkpoints:  0,    14.127 MiB
srv        update:    - prompt 0x3adfb10:     108 tokens, checkpoints:  0,    13.502 MiB
srv        update:    - prompt 0x3ae19d0:     108 tokens, checkpoints:  0,    13.502 MiB
srv        update:    - prompt 0x3ad7650:     108 tokens, checkpoints:  0,    13.502 MiB
srv        update:    - prompt 0x3ad5750:     111 tokens, checkpoints:  0,    13.877 MiB
srv        update:    - prompt 0x3af4e20:     119 tokens, checkpoints:  0,    14.877 MiB
srv        update:    - prompt 0x3221890:     123 tokens, checkpoints:  0,    15.377 MiB
srv        update:    - prompt 0x3ad2640:     165 tokens, checkpoints:  0,    20.628 MiB
srv        update:    - prompt 0x43967b0:     131 tokens, checkpoints:  0,    16.377 MiB
srv        update:    - prompt 0x3af7790:     135 tokens, checkpoints:  0,    16.877 MiB
srv        update:    - prompt 0x3226c10:     132 tokens, checkpoints:  0,    16.502 MiB
srv        update:    - prompt 0x3ae3220:     146 tokens, checkpoints:  0,    18.252 MiB
srv        update:    - prompt 0xee0440:     130 tokens, checkpoints:  0,    16.252 MiB
srv        update:    - prompt 0x321a670:     136 tokens, checkpoints:  0,    17.002 MiB
srv        update:    - prompt 0xee3bb0:     136 tokens, checkpoints:  0,    17.002 MiB
srv        update:    - prompt 0x118e9b0:     241 tokens, checkpoints:  0,    30.129 MiB
srv        update:    - prompt 0xfffdcc0062a0:     325 tokens, checkpoints:  0,    40.629 MiB
srv        update:    - prompt 0xfffe28005460:     363 tokens, checkpoints:  0,    45.380 MiB
srv        update:    - prompt 0xfffe1c002440:     425 tokens, checkpoints:  0,    53.131 MiB
srv        update:    - prompt 0x439b5f0:     409 tokens, checkpoints:  0,    51.130 MiB
srv        update:    - prompt 0x439fb50:     412 tokens, checkpoints:  0,    51.505 MiB
srv        update:    - prompt 0x32210b0:     418 tokens, checkpoints:  0,    52.256 MiB
srv        update:    - prompt 0xf0c700:     415 tokens, checkpoints:  0,    51.880 MiB
srv        update:    - prompt 0x322c4e0:     431 tokens, checkpoints:  0,    53.881 MiB
srv        update:    - prompt 0xf0e5d0:     431 tokens, checkpoints:  0,    53.881 MiB
srv        update:    - prompt 0xf0c4e0:     107 tokens, checkpoints:  0,    13.377 MiB
srv        update:    - prompt 0xeef310:     105 tokens, checkpoints:  0,    13.127 MiB
srv        update:    - prompt 0xf0ad80:     110 tokens, checkpoints:  0,    13.752 MiB
srv        update:    - prompt 0x3ae8250:     116 tokens, checkpoints:  0,    14.502 MiB
srv  get_availabl: prompt cache update took 0.23 ms
slot launch_slot_: id  1 | task -1 | sampler chain: logits -> ?penalties -> ?dry -> ?top-n-sigma -> top-k -> ?typical -> top-p -> min-p -> ?xtc -> temp-ext -> dist 
slot launch_slot_: id  1 | task 6868 | processing task, is_child = 0
slot slot_save_an: id  2 | task -1 | saving idle slot to prompt cache
srv   prompt_save:  - saving prompt with length 109, total state size = 13.627 MiB
slot prompt_clear: id  2 | task -1 | clearing prompt with 109 tokens
srv        update:  - cache state: 52 prompts, 1097.889 MiB (limits: 8192.000 MiB, 4096 tokens, 65527 est)
srv        update:    - prompt 0x439af80:     106 tokens, checkpoints:  0,    13.252 MiB
srv        update:    - prompt 0xf0ef60:     107 tokens, checkpoints:  0,    13.377 MiB
srv        update:    - prompt 0x321cf30:     106 tokens, checkpoints:  0,    13.252 MiB
srv        update:    - prompt 0x439bbc0:     107 tokens, checkpoints:  0,    13.377 MiB
srv        update:    - prompt 0x321d650:     105 tokens, checkpoints:  0,    13.127 MiB
srv        update:    - prompt 0x321d8b0:     110 tokens, checkpoints:  0,    13.752 MiB
srv        update:    - prompt 0x439fd00:     116 tokens, checkpoints:  0,    14.502 MiB
srv        update:    - prompt 0x322b480:     109 tokens, checkpoints:  0,    13.627 MiB
srv        update:    - prompt 0x4be6150:     113 tokens, checkpoints:  0,    14.127 MiB
srv        update:    - prompt 0x323a9a0:     108 tokens, checkpoints:  0,    13.502 MiB
srv        update:    - prompt 0x32196f0:     108 tokens, checkpoints:  0,    13.502 MiB
srv        update:    - prompt 0x322b390:     108 tokens, checkpoints:  0,    13.502 MiB
srv        update:    - prompt 0x32307d0:     111 tokens, checkpoints:  0,    13.877 MiB
srv        update:    - prompt 0x321d2c0:     119 tokens, checkpoints:  0,    14.877 MiB
srv        update:    - prompt 0xf09400:     123 tokens, checkpoints:  0,    15.377 MiB
srv        update:    - prompt 0x438c810:     131 tokens, checkpoints:  0,    16.377 MiB
srv        update:    - prompt 0x3acc150:     130 tokens, checkpoints:  0,    16.252 MiB
srv        update:    - prompt 0x322db30:     107 tokens, checkpoints:  0,    13.377 MiB
srv        update:    - prompt 0x3ad97f0:     105 tokens, checkpoints:  0,    13.127 MiB
srv        update:    - prompt 0x3ae3990:     110 tokens, checkpoints:  0,    13.752 MiB
srv        update:    - prompt 0xf12110:     116 tokens, checkpoints:  0,    14.502 MiB
srv        update:    - prompt 0x3227d70:     109 tokens, checkpoints:  0,    13.627 MiB
srv        update:    - prompt 0x3ad80f0:     113 tokens, checkpoints:  0,    14.127 MiB
srv        update:    - prompt 0x3adfb10:     108 tokens, checkpoints:  0,    13.502 MiB
srv        update:    - prompt 0x3ae19d0:     108 tokens, checkpoints:  0,    13.502 MiB
srv        update:    - prompt 0x3ad7650:     108 tokens, checkpoints:  0,    13.502 MiB
srv        update:    - prompt 0x3ad5750:     111 tokens, checkpoints:  0,    13.877 MiB
srv        update:    - prompt 0x3af4e20:     119 tokens, checkpoints:  0,    14.877 MiB
srv        update:    - prompt 0x3221890:     123 tokens, checkpoints:  0,    15.377 MiB
srv        update:    - prompt 0x3ad2640:     165 tokens, checkpoints:  0,    20.628 MiB
srv        update:    - prompt 0x43967b0:     131 tokens, checkpoints:  0,    16.377 MiB
srv        update:    - prompt 0x3af7790:     135 tokens, checkpoints:  0,    16.877 MiB
srv        update:    - prompt 0x3226c10:     132 tokens, checkpoints:  0,    16.502 MiB
srv        update:    - prompt 0x3ae3220:     146 tokens, checkpoints:  0,    18.252 MiB
srv        update:    - prompt 0xee0440:     130 tokens, checkpoints:  0,    16.252 MiB
srv        update:    - prompt 0x321a670:     136 tokens, checkpoints:  0,    17.002 MiB
srv        update:    - prompt 0xee3bb0:     136 tokens, checkpoints:  0,    17.002 MiB
srv        update:    - prompt 0x118e9b0:     241 tokens, checkpoints:  0,    30.129 MiB
srv        update:    - prompt 0xfffdcc0062a0:     325 tokens, checkpoints:  0,    40.629 MiB
srv        update:    - prompt 0xfffe28005460:     363 tokens, checkpoints:  0,    45.380 MiB
srv        update:    - prompt 0xfffe1c002440:     425 tokens, checkpoints:  0,    53.131 MiB
srv        update:    - prompt 0x439b5f0:     409 tokens, checkpoints:  0,    51.130 MiB
srv        update:    - prompt 0x439fb50:     412 tokens, checkpoints:  0,    51.505 MiB
srv        update:    - prompt 0x32210b0:     418 tokens, checkpoints:  0,    52.256 MiB
srv        update:    - prompt 0xf0c700:     415 tokens, checkpoints:  0,    51.880 MiB
srv        update:    - prompt 0x322c4e0:     431 tokens, checkpoints:  0,    53.881 MiB
srv        update:    - prompt 0xf0e5d0:     431 tokens, checkpoints:  0,    53.881 MiB
srv        update:    - prompt 0xf0c4e0:     107 tokens, checkpoints:  0,    13.377 MiB
srv        update:    - prompt 0xeef310:     105 tokens, checkpoints:  0,    13.127 MiB
srv        update:    - prompt 0xf0ad80:     110 tokens, checkpoints:  0,    13.752 MiB
srv        update:    - prompt 0x3ae8250:     116 tokens, checkpoints:  0,    14.502 MiB
srv        update:    - prompt 0xee4be0:     109 tokens, checkpoints:  0,    13.627 MiB
slot update_slots: id  1 | task 6868 | new prompt, n_ctx_slot = 4096, n_keep = 0, task.n_tokens = 14
slot update_slots: id  1 | task 6868 | n_tokens = 0, memory_seq_rm [0, end)
slot init_sampler: id  1 | task 6868 | init sampler, took 0.01 ms, tokens: text = 14, total = 14
slot update_slots: id  1 | task 6868 | prompt processing done, n_tokens = 14, batch.n_tokens = 14
srv  log_server_r: done request: POST /completion 127.0.0.1 200
slot print_timing: id  1 | task 6868 | 
prompt eval time =    3963.30 ms /    14 tokens (  283.09 ms per token,     3.53 tokens per second)
       eval time =   32605.22 ms /   100 tokens (  326.05 ms per token,     3.07 tokens per second)
      total time =   36568.53 ms /   114 tokens
slot      release: id  1 | task 6868 | stop processing: n_tokens = 113, truncated = 0
srv  update_slots: all slots are idle
slot get_availabl: id  1 | task -1 | selected slot by LCP similarity, sim_best = 0.111 (> 0.100 thold), f_keep = 0.009
srv  get_availabl: updating prompt cache
srv   prompt_save:  - saving prompt with length 113, total state size = 14.127 MiB
srv          load:  - looking for better prompt, base f_keep = 0.009, sim = 0.111
srv        update:  - cache state: 53 prompts, 1112.016 MiB (limits: 8192.000 MiB, 4096 tokens, 65527 est)
srv        update:    - prompt 0x439af80:     106 tokens, checkpoints:  0,    13.252 MiB
srv        update:    - prompt 0xf0ef60:     107 tokens, checkpoints:  0,    13.377 MiB
srv        update:    - prompt 0x321cf30:     106 tokens, checkpoints:  0,    13.252 MiB
srv        update:    - prompt 0x439bbc0:     107 tokens, checkpoints:  0,    13.377 MiB
srv        update:    - prompt 0x321d650:     105 tokens, checkpoints:  0,    13.127 MiB
srv        update:    - prompt 0x321d8b0:     110 tokens, checkpoints:  0,    13.752 MiB
srv        update:    - prompt 0x439fd00:     116 tokens, checkpoints:  0,    14.502 MiB
srv        update:    - prompt 0x322b480:     109 tokens, checkpoints:  0,    13.627 MiB
srv        update:    - prompt 0x4be6150:     113 tokens, checkpoints:  0,    14.127 MiB
srv        update:    - prompt 0x323a9a0:     108 tokens, checkpoints:  0,    13.502 MiB
srv        update:    - prompt 0x32196f0:     108 tokens, checkpoints:  0,    13.502 MiB
srv        update:    - prompt 0x322b390:     108 tokens, checkpoints:  0,    13.502 MiB
srv        update:    - prompt 0x32307d0:     111 tokens, checkpoints:  0,    13.877 MiB
srv        update:    - prompt 0x321d2c0:     119 tokens, checkpoints:  0,    14.877 MiB
srv        update:    - prompt 0xf09400:     123 tokens, checkpoints:  0,    15.377 MiB
srv        update:    - prompt 0x438c810:     131 tokens, checkpoints:  0,    16.377 MiB
srv        update:    - prompt 0x3acc150:     130 tokens, checkpoints:  0,    16.252 MiB
srv        update:    - prompt 0x322db30:     107 tokens, checkpoints:  0,    13.377 MiB
srv        update:    - prompt 0x3ad97f0:     105 tokens, checkpoints:  0,    13.127 MiB
srv        update:    - prompt 0x3ae3990:     110 tokens, checkpoints:  0,    13.752 MiB
srv        update:    - prompt 0xf12110:     116 tokens, checkpoints:  0,    14.502 MiB
srv        update:    - prompt 0x3227d70:     109 tokens, checkpoints:  0,    13.627 MiB
srv        update:    - prompt 0x3ad80f0:     113 tokens, checkpoints:  0,    14.127 MiB
srv        update:    - prompt 0x3adfb10:     108 tokens, checkpoints:  0,    13.502 MiB
srv        update:    - prompt 0x3ae19d0:     108 tokens, checkpoints:  0,    13.502 MiB
srv        update:    - prompt 0x3ad7650:     108 tokens, checkpoints:  0,    13.502 MiB
srv        update:    - prompt 0x3ad5750:     111 tokens, checkpoints:  0,    13.877 MiB
srv        update:    - prompt 0x3af4e20:     119 tokens, checkpoints:  0,    14.877 MiB
srv        update:    - prompt 0x3221890:     123 tokens, checkpoints:  0,    15.377 MiB
srv        update:    - prompt 0x3ad2640:     165 tokens, checkpoints:  0,    20.628 MiB
srv        update:    - prompt 0x43967b0:     131 tokens, checkpoints:  0,    16.377 MiB
srv        update:    - prompt 0x3af7790:     135 tokens, checkpoints:  0,    16.877 MiB
srv        update:    - prompt 0x3226c10:     132 tokens, checkpoints:  0,    16.502 MiB
srv        update:    - prompt 0x3ae3220:     146 tokens, checkpoints:  0,    18.252 MiB
srv        update:    - prompt 0xee0440:     130 tokens, checkpoints:  0,    16.252 MiB
srv        update:    - prompt 0x321a670:     136 tokens, checkpoints:  0,    17.002 MiB
srv        update:    - prompt 0xee3bb0:     136 tokens, checkpoints:  0,    17.002 MiB
srv        update:    - prompt 0x118e9b0:     241 tokens, checkpoints:  0,    30.129 MiB
srv        update:    - prompt 0xfffdcc0062a0:     325 tokens, checkpoints:  0,    40.629 MiB
srv        update:    - prompt 0xfffe28005460:     363 tokens, checkpoints:  0,    45.380 MiB
srv        update:    - prompt 0xfffe1c002440:     425 tokens, checkpoints:  0,    53.131 MiB
srv        update:    - prompt 0x439b5f0:     409 tokens, checkpoints:  0,    51.130 MiB
srv        update:    - prompt 0x439fb50:     412 tokens, checkpoints:  0,    51.505 MiB
srv        update:    - prompt 0x32210b0:     418 tokens, checkpoints:  0,    52.256 MiB
srv        update:    - prompt 0xf0c700:     415 tokens, checkpoints:  0,    51.880 MiB
srv        update:    - prompt 0x322c4e0:     431 tokens, checkpoints:  0,    53.881 MiB
srv        update:    - prompt 0xf0e5d0:     431 tokens, checkpoints:  0,    53.881 MiB
srv        update:    - prompt 0xf0c4e0:     107 tokens, checkpoints:  0,    13.377 MiB
srv        update:    - prompt 0xeef310:     105 tokens, checkpoints:  0,    13.127 MiB
srv        update:    - prompt 0xf0ad80:     110 tokens, checkpoints:  0,    13.752 MiB
srv        update:    - prompt 0x3ae8250:     116 tokens, checkpoints:  0,    14.502 MiB
srv        update:    - prompt 0xee4be0:     109 tokens, checkpoints:  0,    13.627 MiB
srv        update:    - prompt 0x3af74f0:     113 tokens, checkpoints:  0,    14.127 MiB
srv  get_availabl: prompt cache update took 3.72 ms
slot launch_slot_: id  1 | task -1 | sampler chain: logits -> ?penalties -> ?dry -> ?top-n-sigma -> top-k -> ?typical -> top-p -> min-p -> ?xtc -> temp-ext -> dist 
slot launch_slot_: id  1 | task 6969 | processing task, is_child = 0
slot update_slots: id  1 | task 6969 | new prompt, n_ctx_slot = 4096, n_keep = 0, task.n_tokens = 9
slot update_slots: id  1 | task 6969 | n_tokens = 0, memory_seq_rm [0, end)
slot init_sampler: id  1 | task 6969 | init sampler, took 0.01 ms, tokens: text = 9, total = 9
slot update_slots: id  1 | task 6969 | prompt processing done, n_tokens = 9, batch.n_tokens = 9
srv  log_server_r: done request: POST /completion 127.0.0.1 200
slot print_timing: id  1 | task 6969 | 
prompt eval time =    2570.05 ms /     9 tokens (  285.56 ms per token,     3.50 tokens per second)
       eval time =   32577.01 ms /   100 tokens (  325.77 ms per token,     3.07 tokens per second)
      total time =   35147.06 ms /   109 tokens
slot      release: id  1 | task 6969 | stop processing: n_tokens = 108, truncated = 0
srv  update_slots: all slots are idle
slot get_availabl: id  1 | task -1 | selected slot by LCP similarity, sim_best = 0.111 (> 0.100 thold), f_keep = 0.009
srv  get_availabl: updating prompt cache
srv   prompt_save:  - saving prompt with length 108, total state size = 13.502 MiB
srv          load:  - looking for better prompt, base f_keep = 0.009, sim = 0.111
srv        update:  - cache state: 54 prompts, 1125.518 MiB (limits: 8192.000 MiB, 4096 tokens, 65527 est)
srv        update:    - prompt 0x439af80:     106 tokens, checkpoints:  0,    13.252 MiB
srv        update:    - prompt 0xf0ef60:     107 tokens, checkpoints:  0,    13.377 MiB
srv        update:    - prompt 0x321cf30:     106 tokens, checkpoints:  0,    13.252 MiB
srv        update:    - prompt 0x439bbc0:     107 tokens, checkpoints:  0,    13.377 MiB
srv        update:    - prompt 0x321d650:     105 tokens, checkpoints:  0,    13.127 MiB
srv        update:    - prompt 0x321d8b0:     110 tokens, checkpoints:  0,    13.752 MiB
srv        update:    - prompt 0x439fd00:     116 tokens, checkpoints:  0,    14.502 MiB
srv        update:    - prompt 0x322b480:     109 tokens, checkpoints:  0,    13.627 MiB
srv        update:    - prompt 0x4be6150:     113 tokens, checkpoints:  0,    14.127 MiB
srv        update:    - prompt 0x323a9a0:     108 tokens, checkpoints:  0,    13.502 MiB
srv        update:    - prompt 0x32196f0:     108 tokens, checkpoints:  0,    13.502 MiB
srv        update:    - prompt 0x322b390:     108 tokens, checkpoints:  0,    13.502 MiB
srv        update:    - prompt 0x32307d0:     111 tokens, checkpoints:  0,    13.877 MiB
srv        update:    - prompt 0x321d2c0:     119 tokens, checkpoints:  0,    14.877 MiB
srv        update:    - prompt 0xf09400:     123 tokens, checkpoints:  0,    15.377 MiB
srv        update:    - prompt 0x438c810:     131 tokens, checkpoints:  0,    16.377 MiB
srv        update:    - prompt 0x3acc150:     130 tokens, checkpoints:  0,    16.252 MiB
srv        update:    - prompt 0x322db30:     107 tokens, checkpoints:  0,    13.377 MiB
srv        update:    - prompt 0x3ad97f0:     105 tokens, checkpoints:  0,    13.127 MiB
srv        update:    - prompt 0x3ae3990:     110 tokens, checkpoints:  0,    13.752 MiB
srv        update:    - prompt 0xf12110:     116 tokens, checkpoints:  0,    14.502 MiB
srv        update:    - prompt 0x3227d70:     109 tokens, checkpoints:  0,    13.627 MiB
srv        update:    - prompt 0x3ad80f0:     113 tokens, checkpoints:  0,    14.127 MiB
srv        update:    - prompt 0x3adfb10:     108 tokens, checkpoints:  0,    13.502 MiB
srv        update:    - prompt 0x3ae19d0:     108 tokens, checkpoints:  0,    13.502 MiB
srv        update:    - prompt 0x3ad7650:     108 tokens, checkpoints:  0,    13.502 MiB
srv        update:    - prompt 0x3ad5750:     111 tokens, checkpoints:  0,    13.877 MiB
srv        update:    - prompt 0x3af4e20:     119 tokens, checkpoints:  0,    14.877 MiB
srv        update:    - prompt 0x3221890:     123 tokens, checkpoints:  0,    15.377 MiB
srv        update:    - prompt 0x3ad2640:     165 tokens, checkpoints:  0,    20.628 MiB
srv        update:    - prompt 0x43967b0:     131 tokens, checkpoints:  0,    16.377 MiB
srv        update:    - prompt 0x3af7790:     135 tokens, checkpoints:  0,    16.877 MiB
srv        update:    - prompt 0x3226c10:     132 tokens, checkpoints:  0,    16.502 MiB
srv        update:    - prompt 0x3ae3220:     146 tokens, checkpoints:  0,    18.252 MiB
srv        update:    - prompt 0xee0440:     130 tokens, checkpoints:  0,    16.252 MiB
srv        update:    - prompt 0x321a670:     136 tokens, checkpoints:  0,    17.002 MiB
srv        update:    - prompt 0xee3bb0:     136 tokens, checkpoints:  0,    17.002 MiB
srv        update:    - prompt 0x118e9b0:     241 tokens, checkpoints:  0,    30.129 MiB
srv        update:    - prompt 0xfffdcc0062a0:     325 tokens, checkpoints:  0,    40.629 MiB
srv        update:    - prompt 0xfffe28005460:     363 tokens, checkpoints:  0,    45.380 MiB
srv        update:    - prompt 0xfffe1c002440:     425 tokens, checkpoints:  0,    53.131 MiB
srv        update:    - prompt 0x439b5f0:     409 tokens, checkpoints:  0,    51.130 MiB
srv        update:    - prompt 0x439fb50:     412 tokens, checkpoints:  0,    51.505 MiB
srv        update:    - prompt 0x32210b0:     418 tokens, checkpoints:  0,    52.256 MiB
srv        update:    - prompt 0xf0c700:     415 tokens, checkpoints:  0,    51.880 MiB
srv        update:    - prompt 0x322c4e0:     431 tokens, checkpoints:  0,    53.881 MiB
srv        update:    - prompt 0xf0e5d0:     431 tokens, checkpoints:  0,    53.881 MiB
srv        update:    - prompt 0xf0c4e0:     107 tokens, checkpoints:  0,    13.377 MiB
srv        update:    - prompt 0xeef310:     105 tokens, checkpoints:  0,    13.127 MiB
srv        update:    - prompt 0xf0ad80:     110 tokens, checkpoints:  0,    13.752 MiB
srv        update:    - prompt 0x3ae8250:     116 tokens, checkpoints:  0,    14.502 MiB
srv        update:    - prompt 0xee4be0:     109 tokens, checkpoints:  0,    13.627 MiB
srv        update:    - prompt 0x3af74f0:     113 tokens, checkpoints:  0,    14.127 MiB
srv        update:    - prompt 0x439a490:     108 tokens, checkpoints:  0,    13.502 MiB
srv  get_availabl: prompt cache update took 3.73 ms
slot launch_slot_: id  1 | task -1 | sampler chain: logits -> ?penalties -> ?dry -> ?top-n-sigma -> top-k -> ?typical -> top-p -> min-p -> ?xtc -> temp-ext -> dist 
slot launch_slot_: id  1 | task 7070 | processing task, is_child = 0
slot update_slots: id  1 | task 7070 | new prompt, n_ctx_slot = 4096, n_keep = 0, task.n_tokens = 9
slot update_slots: id  1 | task 7070 | n_tokens = 0, memory_seq_rm [0, end)
slot init_sampler: id  1 | task 7070 | init sampler, took 0.01 ms, tokens: text = 9, total = 9
slot update_slots: id  1 | task 7070 | prompt processing done, n_tokens = 9, batch.n_tokens = 9
srv  log_server_r: done request: POST /completion 127.0.0.1 200
slot print_timing: id  1 | task 7070 | 
prompt eval time =    2569.40 ms /     9 tokens (  285.49 ms per token,     3.50 tokens per second)
       eval time =   32582.74 ms /   100 tokens (  325.83 ms per token,     3.07 tokens per second)
      total time =   35152.13 ms /   109 tokens
slot      release: id  1 | task 7070 | stop processing: n_tokens = 108, truncated = 0
srv  update_slots: all slots are idle
slot get_availabl: id  1 | task -1 | selected slot by LCP similarity, sim_best = 0.111 (> 0.100 thold), f_keep = 0.009
srv  get_availabl: updating prompt cache
srv   prompt_save:  - saving prompt with length 108, total state size = 13.502 MiB
srv          load:  - looking for better prompt, base f_keep = 0.009, sim = 0.111
srv        update:  - cache state: 55 prompts, 1139.020 MiB (limits: 8192.000 MiB, 4096 tokens, 65527 est)
srv        update:    - prompt 0x439af80:     106 tokens, checkpoints:  0,    13.252 MiB
srv        update:    - prompt 0xf0ef60:     107 tokens, checkpoints:  0,    13.377 MiB
srv        update:    - prompt 0x321cf30:     106 tokens, checkpoints:  0,    13.252 MiB
srv        update:    - prompt 0x439bbc0:     107 tokens, checkpoints:  0,    13.377 MiB
srv        update:    - prompt 0x321d650:     105 tokens, checkpoints:  0,    13.127 MiB
srv        update:    - prompt 0x321d8b0:     110 tokens, checkpoints:  0,    13.752 MiB
srv        update:    - prompt 0x439fd00:     116 tokens, checkpoints:  0,    14.502 MiB
srv        update:    - prompt 0x322b480:     109 tokens, checkpoints:  0,    13.627 MiB
srv        update:    - prompt 0x4be6150:     113 tokens, checkpoints:  0,    14.127 MiB
srv        update:    - prompt 0x323a9a0:     108 tokens, checkpoints:  0,    13.502 MiB
srv        update:    - prompt 0x32196f0:     108 tokens, checkpoints:  0,    13.502 MiB
srv        update:    - prompt 0x322b390:     108 tokens, checkpoints:  0,    13.502 MiB
srv        update:    - prompt 0x32307d0:     111 tokens, checkpoints:  0,    13.877 MiB
srv        update:    - prompt 0x321d2c0:     119 tokens, checkpoints:  0,    14.877 MiB
srv        update:    - prompt 0xf09400:     123 tokens, checkpoints:  0,    15.377 MiB
srv        update:    - prompt 0x438c810:     131 tokens, checkpoints:  0,    16.377 MiB
srv        update:    - prompt 0x3acc150:     130 tokens, checkpoints:  0,    16.252 MiB
srv        update:    - prompt 0x322db30:     107 tokens, checkpoints:  0,    13.377 MiB
srv        update:    - prompt 0x3ad97f0:     105 tokens, checkpoints:  0,    13.127 MiB
srv        update:    - prompt 0x3ae3990:     110 tokens, checkpoints:  0,    13.752 MiB
srv        update:    - prompt 0xf12110:     116 tokens, checkpoints:  0,    14.502 MiB
srv        update:    - prompt 0x3227d70:     109 tokens, checkpoints:  0,    13.627 MiB
srv        update:    - prompt 0x3ad80f0:     113 tokens, checkpoints:  0,    14.127 MiB
srv        update:    - prompt 0x3adfb10:     108 tokens, checkpoints:  0,    13.502 MiB
srv        update:    - prompt 0x3ae19d0:     108 tokens, checkpoints:  0,    13.502 MiB
srv        update:    - prompt 0x3ad7650:     108 tokens, checkpoints:  0,    13.502 MiB
srv        update:    - prompt 0x3ad5750:     111 tokens, checkpoints:  0,    13.877 MiB
srv        update:    - prompt 0x3af4e20:     119 tokens, checkpoints:  0,    14.877 MiB
srv        update:    - prompt 0x3221890:     123 tokens, checkpoints:  0,    15.377 MiB
srv        update:    - prompt 0x3ad2640:     165 tokens, checkpoints:  0,    20.628 MiB
srv        update:    - prompt 0x43967b0:     131 tokens, checkpoints:  0,    16.377 MiB
srv        update:    - prompt 0x3af7790:     135 tokens, checkpoints:  0,    16.877 MiB
srv        update:    - prompt 0x3226c10:     132 tokens, checkpoints:  0,    16.502 MiB
srv        update:    - prompt 0x3ae3220:     146 tokens, checkpoints:  0,    18.252 MiB
srv        update:    - prompt 0xee0440:     130 tokens, checkpoints:  0,    16.252 MiB
srv        update:    - prompt 0x321a670:     136 tokens, checkpoints:  0,    17.002 MiB
srv        update:    - prompt 0xee3bb0:     136 tokens, checkpoints:  0,    17.002 MiB
srv        update:    - prompt 0x118e9b0:     241 tokens, checkpoints:  0,    30.129 MiB
srv        update:    - prompt 0xfffdcc0062a0:     325 tokens, checkpoints:  0,    40.629 MiB
srv        update:    - prompt 0xfffe28005460:     363 tokens, checkpoints:  0,    45.380 MiB
srv        update:    - prompt 0xfffe1c002440:     425 tokens, checkpoints:  0,    53.131 MiB
srv        update:    - prompt 0x439b5f0:     409 tokens, checkpoints:  0,    51.130 MiB
srv        update:    - prompt 0x439fb50:     412 tokens, checkpoints:  0,    51.505 MiB
srv        update:    - prompt 0x32210b0:     418 tokens, checkpoints:  0,    52.256 MiB
srv        update:    - prompt 0xf0c700:     415 tokens, checkpoints:  0,    51.880 MiB
srv        update:    - prompt 0x322c4e0:     431 tokens, checkpoints:  0,    53.881 MiB
srv        update:    - prompt 0xf0e5d0:     431 tokens, checkpoints:  0,    53.881 MiB
srv        update:    - prompt 0xf0c4e0:     107 tokens, checkpoints:  0,    13.377 MiB
srv        update:    - prompt 0xeef310:     105 tokens, checkpoints:  0,    13.127 MiB
srv        update:    - prompt 0xf0ad80:     110 tokens, checkpoints:  0,    13.752 MiB
srv        update:    - prompt 0x3ae8250:     116 tokens, checkpoints:  0,    14.502 MiB
srv        update:    - prompt 0xee4be0:     109 tokens, checkpoints:  0,    13.627 MiB
srv        update:    - prompt 0x3af74f0:     113 tokens, checkpoints:  0,    14.127 MiB
srv        update:    - prompt 0x439a490:     108 tokens, checkpoints:  0,    13.502 MiB
srv        update:    - prompt 0x3ae0590:     108 tokens, checkpoints:  0,    13.502 MiB
srv  get_availabl: prompt cache update took 3.69 ms
slot launch_slot_: id  1 | task -1 | sampler chain: logits -> ?penalties -> ?dry -> ?top-n-sigma -> top-k -> ?typical -> top-p -> min-p -> ?xtc -> temp-ext -> dist 
slot launch_slot_: id  1 | task 7171 | processing task, is_child = 0
slot update_slots: id  1 | task 7171 | new prompt, n_ctx_slot = 4096, n_keep = 0, task.n_tokens = 9
slot update_slots: id  1 | task 7171 | n_tokens = 0, memory_seq_rm [0, end)
slot init_sampler: id  1 | task 7171 | init sampler, took 0.01 ms, tokens: text = 9, total = 9
slot update_slots: id  1 | task 7171 | prompt processing done, n_tokens = 9, batch.n_tokens = 9
srv  log_server_r: done request: POST /completion 127.0.0.1 200
slot print_timing: id  1 | task 7171 | 
prompt eval time =    2569.94 ms /     9 tokens (  285.55 ms per token,     3.50 tokens per second)
       eval time =   32575.65 ms /   100 tokens (  325.76 ms per token,     3.07 tokens per second)
      total time =   35145.58 ms /   109 tokens
slot      release: id  1 | task 7171 | stop processing: n_tokens = 108, truncated = 0
srv  update_slots: all slots are idle
slot get_availabl: id  0 | task -1 | selected slot by LRU, t_last = 282632356814
srv  get_availabl: updating prompt cache
srv          load:  - looking for better prompt, base f_keep = -1.000, sim = 0.000
srv        update:  - cache state: 55 prompts, 1139.020 MiB (limits: 8192.000 MiB, 4096 tokens, 65527 est)
srv        update:    - prompt 0x439af80:     106 tokens, checkpoints:  0,    13.252 MiB
srv        update:    - prompt 0xf0ef60:     107 tokens, checkpoints:  0,    13.377 MiB
srv        update:    - prompt 0x321cf30:     106 tokens, checkpoints:  0,    13.252 MiB
srv        update:    - prompt 0x439bbc0:     107 tokens, checkpoints:  0,    13.377 MiB
srv        update:    - prompt 0x321d650:     105 tokens, checkpoints:  0,    13.127 MiB
srv        update:    - prompt 0x321d8b0:     110 tokens, checkpoints:  0,    13.752 MiB
srv        update:    - prompt 0x439fd00:     116 tokens, checkpoints:  0,    14.502 MiB
srv        update:    - prompt 0x322b480:     109 tokens, checkpoints:  0,    13.627 MiB
srv        update:    - prompt 0x4be6150:     113 tokens, checkpoints:  0,    14.127 MiB
srv        update:    - prompt 0x323a9a0:     108 tokens, checkpoints:  0,    13.502 MiB
srv        update:    - prompt 0x32196f0:     108 tokens, checkpoints:  0,    13.502 MiB
srv        update:    - prompt 0x322b390:     108 tokens, checkpoints:  0,    13.502 MiB
srv        update:    - prompt 0x32307d0:     111 tokens, checkpoints:  0,    13.877 MiB
srv        update:    - prompt 0x321d2c0:     119 tokens, checkpoints:  0,    14.877 MiB
srv        update:    - prompt 0xf09400:     123 tokens, checkpoints:  0,    15.377 MiB
srv        update:    - prompt 0x438c810:     131 tokens, checkpoints:  0,    16.377 MiB
srv        update:    - prompt 0x3acc150:     130 tokens, checkpoints:  0,    16.252 MiB
srv        update:    - prompt 0x322db30:     107 tokens, checkpoints:  0,    13.377 MiB
srv        update:    - prompt 0x3ad97f0:     105 tokens, checkpoints:  0,    13.127 MiB
srv        update:    - prompt 0x3ae3990:     110 tokens, checkpoints:  0,    13.752 MiB
srv        update:    - prompt 0xf12110:     116 tokens, checkpoints:  0,    14.502 MiB
srv        update:    - prompt 0x3227d70:     109 tokens, checkpoints:  0,    13.627 MiB
srv        update:    - prompt 0x3ad80f0:     113 tokens, checkpoints:  0,    14.127 MiB
srv        update:    - prompt 0x3adfb10:     108 tokens, checkpoints:  0,    13.502 MiB
srv        update:    - prompt 0x3ae19d0:     108 tokens, checkpoints:  0,    13.502 MiB
srv        update:    - prompt 0x3ad7650:     108 tokens, checkpoints:  0,    13.502 MiB
srv        update:    - prompt 0x3ad5750:     111 tokens, checkpoints:  0,    13.877 MiB
srv        update:    - prompt 0x3af4e20:     119 tokens, checkpoints:  0,    14.877 MiB
srv        update:    - prompt 0x3221890:     123 tokens, checkpoints:  0,    15.377 MiB
srv        update:    - prompt 0x3ad2640:     165 tokens, checkpoints:  0,    20.628 MiB
srv        update:    - prompt 0x43967b0:     131 tokens, checkpoints:  0,    16.377 MiB
srv        update:    - prompt 0x3af7790:     135 tokens, checkpoints:  0,    16.877 MiB
srv        update:    - prompt 0x3226c10:     132 tokens, checkpoints:  0,    16.502 MiB
srv        update:    - prompt 0x3ae3220:     146 tokens, checkpoints:  0,    18.252 MiB
srv        update:    - prompt 0xee0440:     130 tokens, checkpoints:  0,    16.252 MiB
srv        update:    - prompt 0x321a670:     136 tokens, checkpoints:  0,    17.002 MiB
srv        update:    - prompt 0xee3bb0:     136 tokens, checkpoints:  0,    17.002 MiB
srv        update:    - prompt 0x118e9b0:     241 tokens, checkpoints:  0,    30.129 MiB
srv        update:    - prompt 0xfffdcc0062a0:     325 tokens, checkpoints:  0,    40.629 MiB
srv        update:    - prompt 0xfffe28005460:     363 tokens, checkpoints:  0,    45.380 MiB
srv        update:    - prompt 0xfffe1c002440:     425 tokens, checkpoints:  0,    53.131 MiB
srv        update:    - prompt 0x439b5f0:     409 tokens, checkpoints:  0,    51.130 MiB
srv        update:    - prompt 0x439fb50:     412 tokens, checkpoints:  0,    51.505 MiB
srv        update:    - prompt 0x32210b0:     418 tokens, checkpoints:  0,    52.256 MiB
srv        update:    - prompt 0xf0c700:     415 tokens, checkpoints:  0,    51.880 MiB
srv        update:    - prompt 0x322c4e0:     431 tokens, checkpoints:  0,    53.881 MiB
srv        update:    - prompt 0xf0e5d0:     431 tokens, checkpoints:  0,    53.881 MiB
srv        update:    - prompt 0xf0c4e0:     107 tokens, checkpoints:  0,    13.377 MiB
srv        update:    - prompt 0xeef310:     105 tokens, checkpoints:  0,    13.127 MiB
srv        update:    - prompt 0xf0ad80:     110 tokens, checkpoints:  0,    13.752 MiB
srv        update:    - prompt 0x3ae8250:     116 tokens, checkpoints:  0,    14.502 MiB
srv        update:    - prompt 0xee4be0:     109 tokens, checkpoints:  0,    13.627 MiB
srv        update:    - prompt 0x3af74f0:     113 tokens, checkpoints:  0,    14.127 MiB
srv        update:    - prompt 0x439a490:     108 tokens, checkpoints:  0,    13.502 MiB
srv        update:    - prompt 0x3ae0590:     108 tokens, checkpoints:  0,    13.502 MiB
srv  get_availabl: prompt cache update took 0.24 ms
slot launch_slot_: id  0 | task -1 | sampler chain: logits -> ?penalties -> ?dry -> ?top-n-sigma -> top-k -> ?typical -> top-p -> min-p -> ?xtc -> temp-ext -> dist 
slot launch_slot_: id  0 | task 7272 | processing task, is_child = 0
slot slot_save_an: id  1 | task -1 | saving idle slot to prompt cache
srv   prompt_save:  - saving prompt with length 108, total state size = 13.502 MiB
slot prompt_clear: id  1 | task -1 | clearing prompt with 108 tokens
srv        update:  - cache state: 56 prompts, 1152.522 MiB (limits: 8192.000 MiB, 4096 tokens, 65527 est)
srv        update:    - prompt 0x439af80:     106 tokens, checkpoints:  0,    13.252 MiB
srv        update:    - prompt 0xf0ef60:     107 tokens, checkpoints:  0,    13.377 MiB
srv        update:    - prompt 0x321cf30:     106 tokens, checkpoints:  0,    13.252 MiB
srv        update:    - prompt 0x439bbc0:     107 tokens, checkpoints:  0,    13.377 MiB
srv        update:    - prompt 0x321d650:     105 tokens, checkpoints:  0,    13.127 MiB
srv        update:    - prompt 0x321d8b0:     110 tokens, checkpoints:  0,    13.752 MiB
srv        update:    - prompt 0x439fd00:     116 tokens, checkpoints:  0,    14.502 MiB
srv        update:    - prompt 0x322b480:     109 tokens, checkpoints:  0,    13.627 MiB
srv        update:    - prompt 0x4be6150:     113 tokens, checkpoints:  0,    14.127 MiB
srv        update:    - prompt 0x323a9a0:     108 tokens, checkpoints:  0,    13.502 MiB
srv        update:    - prompt 0x32196f0:     108 tokens, checkpoints:  0,    13.502 MiB
srv        update:    - prompt 0x322b390:     108 tokens, checkpoints:  0,    13.502 MiB
srv        update:    - prompt 0x32307d0:     111 tokens, checkpoints:  0,    13.877 MiB
srv        update:    - prompt 0x321d2c0:     119 tokens, checkpoints:  0,    14.877 MiB
srv        update:    - prompt 0xf09400:     123 tokens, checkpoints:  0,    15.377 MiB
srv        update:    - prompt 0x438c810:     131 tokens, checkpoints:  0,    16.377 MiB
srv        update:    - prompt 0x3acc150:     130 tokens, checkpoints:  0,    16.252 MiB
srv        update:    - prompt 0x322db30:     107 tokens, checkpoints:  0,    13.377 MiB
srv        update:    - prompt 0x3ad97f0:     105 tokens, checkpoints:  0,    13.127 MiB
srv        update:    - prompt 0x3ae3990:     110 tokens, checkpoints:  0,    13.752 MiB
srv        update:    - prompt 0xf12110:     116 tokens, checkpoints:  0,    14.502 MiB
srv        update:    - prompt 0x3227d70:     109 tokens, checkpoints:  0,    13.627 MiB
srv        update:    - prompt 0x3ad80f0:     113 tokens, checkpoints:  0,    14.127 MiB
srv        update:    - prompt 0x3adfb10:     108 tokens, checkpoints:  0,    13.502 MiB
srv        update:    - prompt 0x3ae19d0:     108 tokens, checkpoints:  0,    13.502 MiB
srv        update:    - prompt 0x3ad7650:     108 tokens, checkpoints:  0,    13.502 MiB
srv        update:    - prompt 0x3ad5750:     111 tokens, checkpoints:  0,    13.877 MiB
srv        update:    - prompt 0x3af4e20:     119 tokens, checkpoints:  0,    14.877 MiB
srv        update:    - prompt 0x3221890:     123 tokens, checkpoints:  0,    15.377 MiB
srv        update:    - prompt 0x3ad2640:     165 tokens, checkpoints:  0,    20.628 MiB
srv        update:    - prompt 0x43967b0:     131 tokens, checkpoints:  0,    16.377 MiB
srv        update:    - prompt 0x3af7790:     135 tokens, checkpoints:  0,    16.877 MiB
srv        update:    - prompt 0x3226c10:     132 tokens, checkpoints:  0,    16.502 MiB
srv        update:    - prompt 0x3ae3220:     146 tokens, checkpoints:  0,    18.252 MiB
srv        update:    - prompt 0xee0440:     130 tokens, checkpoints:  0,    16.252 MiB
srv        update:    - prompt 0x321a670:     136 tokens, checkpoints:  0,    17.002 MiB
srv        update:    - prompt 0xee3bb0:     136 tokens, checkpoints:  0,    17.002 MiB
srv        update:    - prompt 0x118e9b0:     241 tokens, checkpoints:  0,    30.129 MiB
srv        update:    - prompt 0xfffdcc0062a0:     325 tokens, checkpoints:  0,    40.629 MiB
srv        update:    - prompt 0xfffe28005460:     363 tokens, checkpoints:  0,    45.380 MiB
srv        update:    - prompt 0xfffe1c002440:     425 tokens, checkpoints:  0,    53.131 MiB
srv        update:    - prompt 0x439b5f0:     409 tokens, checkpoints:  0,    51.130 MiB
srv        update:    - prompt 0x439fb50:     412 tokens, checkpoints:  0,    51.505 MiB
srv        update:    - prompt 0x32210b0:     418 tokens, checkpoints:  0,    52.256 MiB
srv        update:    - prompt 0xf0c700:     415 tokens, checkpoints:  0,    51.880 MiB
srv        update:    - prompt 0x322c4e0:     431 tokens, checkpoints:  0,    53.881 MiB
srv        update:    - prompt 0xf0e5d0:     431 tokens, checkpoints:  0,    53.881 MiB
srv        update:    - prompt 0xf0c4e0:     107 tokens, checkpoints:  0,    13.377 MiB
srv        update:    - prompt 0xeef310:     105 tokens, checkpoints:  0,    13.127 MiB
srv        update:    - prompt 0xf0ad80:     110 tokens, checkpoints:  0,    13.752 MiB
srv        update:    - prompt 0x3ae8250:     116 tokens, checkpoints:  0,    14.502 MiB
srv        update:    - prompt 0xee4be0:     109 tokens, checkpoints:  0,    13.627 MiB
srv        update:    - prompt 0x3af74f0:     113 tokens, checkpoints:  0,    14.127 MiB
srv        update:    - prompt 0x439a490:     108 tokens, checkpoints:  0,    13.502 MiB
srv        update:    - prompt 0x3ae0590:     108 tokens, checkpoints:  0,    13.502 MiB
srv        update:    - prompt 0x3ac7fa0:     108 tokens, checkpoints:  0,    13.502 MiB
slot update_slots: id  0 | task 7272 | new prompt, n_ctx_slot = 4096, n_keep = 0, task.n_tokens = 12
slot update_slots: id  0 | task 7272 | n_tokens = 0, memory_seq_rm [0, end)
slot init_sampler: id  0 | task 7272 | init sampler, took 0.01 ms, tokens: text = 12, total = 12
slot update_slots: id  0 | task 7272 | prompt processing done, n_tokens = 12, batch.n_tokens = 12
srv  log_server_r: done request: POST /completion 127.0.0.1 200
slot print_timing: id  0 | task 7272 | 
prompt eval time =    3405.98 ms /    12 tokens (  283.83 ms per token,     3.52 tokens per second)
       eval time =   32597.53 ms /   100 tokens (  325.98 ms per token,     3.07 tokens per second)
      total time =   36003.50 ms /   112 tokens
slot      release: id  0 | task 7272 | stop processing: n_tokens = 111, truncated = 0
srv  update_slots: all slots are idle
slot get_availabl: id  3 | task -1 | selected slot by LRU, t_last = 282670372336
srv  get_availabl: updating prompt cache
srv          load:  - looking for better prompt, base f_keep = -1.000, sim = 0.000
srv        update:  - cache state: 56 prompts, 1152.522 MiB (limits: 8192.000 MiB, 4096 tokens, 65527 est)
srv        update:    - prompt 0x439af80:     106 tokens, checkpoints:  0,    13.252 MiB
srv        update:    - prompt 0xf0ef60:     107 tokens, checkpoints:  0,    13.377 MiB
srv        update:    - prompt 0x321cf30:     106 tokens, checkpoints:  0,    13.252 MiB
srv        update:    - prompt 0x439bbc0:     107 tokens, checkpoints:  0,    13.377 MiB
srv        update:    - prompt 0x321d650:     105 tokens, checkpoints:  0,    13.127 MiB
srv        update:    - prompt 0x321d8b0:     110 tokens, checkpoints:  0,    13.752 MiB
srv        update:    - prompt 0x439fd00:     116 tokens, checkpoints:  0,    14.502 MiB
srv        update:    - prompt 0x322b480:     109 tokens, checkpoints:  0,    13.627 MiB
srv        update:    - prompt 0x4be6150:     113 tokens, checkpoints:  0,    14.127 MiB
srv        update:    - prompt 0x323a9a0:     108 tokens, checkpoints:  0,    13.502 MiB
srv        update:    - prompt 0x32196f0:     108 tokens, checkpoints:  0,    13.502 MiB
srv        update:    - prompt 0x322b390:     108 tokens, checkpoints:  0,    13.502 MiB
srv        update:    - prompt 0x32307d0:     111 tokens, checkpoints:  0,    13.877 MiB
srv        update:    - prompt 0x321d2c0:     119 tokens, checkpoints:  0,    14.877 MiB
srv        update:    - prompt 0xf09400:     123 tokens, checkpoints:  0,    15.377 MiB
srv        update:    - prompt 0x438c810:     131 tokens, checkpoints:  0,    16.377 MiB
srv        update:    - prompt 0x3acc150:     130 tokens, checkpoints:  0,    16.252 MiB
srv        update:    - prompt 0x322db30:     107 tokens, checkpoints:  0,    13.377 MiB
srv        update:    - prompt 0x3ad97f0:     105 tokens, checkpoints:  0,    13.127 MiB
srv        update:    - prompt 0x3ae3990:     110 tokens, checkpoints:  0,    13.752 MiB
srv        update:    - prompt 0xf12110:     116 tokens, checkpoints:  0,    14.502 MiB
srv        update:    - prompt 0x3227d70:     109 tokens, checkpoints:  0,    13.627 MiB
srv        update:    - prompt 0x3ad80f0:     113 tokens, checkpoints:  0,    14.127 MiB
srv        update:    - prompt 0x3adfb10:     108 tokens, checkpoints:  0,    13.502 MiB
srv        update:    - prompt 0x3ae19d0:     108 tokens, checkpoints:  0,    13.502 MiB
srv        update:    - prompt 0x3ad7650:     108 tokens, checkpoints:  0,    13.502 MiB
srv        update:    - prompt 0x3ad5750:     111 tokens, checkpoints:  0,    13.877 MiB
srv        update:    - prompt 0x3af4e20:     119 tokens, checkpoints:  0,    14.877 MiB
srv        update:    - prompt 0x3221890:     123 tokens, checkpoints:  0,    15.377 MiB
srv        update:    - prompt 0x3ad2640:     165 tokens, checkpoints:  0,    20.628 MiB
srv        update:    - prompt 0x43967b0:     131 tokens, checkpoints:  0,    16.377 MiB
srv        update:    - prompt 0x3af7790:     135 tokens, checkpoints:  0,    16.877 MiB
srv        update:    - prompt 0x3226c10:     132 tokens, checkpoints:  0,    16.502 MiB
srv        update:    - prompt 0x3ae3220:     146 tokens, checkpoints:  0,    18.252 MiB
srv        update:    - prompt 0xee0440:     130 tokens, checkpoints:  0,    16.252 MiB
srv        update:    - prompt 0x321a670:     136 tokens, checkpoints:  0,    17.002 MiB
srv        update:    - prompt 0xee3bb0:     136 tokens, checkpoints:  0,    17.002 MiB
srv        update:    - prompt 0x118e9b0:     241 tokens, checkpoints:  0,    30.129 MiB
srv        update:    - prompt 0xfffdcc0062a0:     325 tokens, checkpoints:  0,    40.629 MiB
srv        update:    - prompt 0xfffe28005460:     363 tokens, checkpoints:  0,    45.380 MiB
srv        update:    - prompt 0xfffe1c002440:     425 tokens, checkpoints:  0,    53.131 MiB
srv        update:    - prompt 0x439b5f0:     409 tokens, checkpoints:  0,    51.130 MiB
srv        update:    - prompt 0x439fb50:     412 tokens, checkpoints:  0,    51.505 MiB
srv        update:    - prompt 0x32210b0:     418 tokens, checkpoints:  0,    52.256 MiB
srv        update:    - prompt 0xf0c700:     415 tokens, checkpoints:  0,    51.880 MiB
srv        update:    - prompt 0x322c4e0:     431 tokens, checkpoints:  0,    53.881 MiB
srv        update:    - prompt 0xf0e5d0:     431 tokens, checkpoints:  0,    53.881 MiB
srv        update:    - prompt 0xf0c4e0:     107 tokens, checkpoints:  0,    13.377 MiB
srv        update:    - prompt 0xeef310:     105 tokens, checkpoints:  0,    13.127 MiB
srv        update:    - prompt 0xf0ad80:     110 tokens, checkpoints:  0,    13.752 MiB
srv        update:    - prompt 0x3ae8250:     116 tokens, checkpoints:  0,    14.502 MiB
srv        update:    - prompt 0xee4be0:     109 tokens, checkpoints:  0,    13.627 MiB
srv        update:    - prompt 0x3af74f0:     113 tokens, checkpoints:  0,    14.127 MiB
srv        update:    - prompt 0x439a490:     108 tokens, checkpoints:  0,    13.502 MiB
srv        update:    - prompt 0x3ae0590:     108 tokens, checkpoints:  0,    13.502 MiB
srv        update:    - prompt 0x3ac7fa0:     108 tokens, checkpoints:  0,    13.502 MiB
srv  get_availabl: prompt cache update took 0.26 ms
slot launch_slot_: id  3 | task -1 | sampler chain: logits -> ?penalties -> ?dry -> ?top-n-sigma -> top-k -> ?typical -> top-p -> min-p -> ?xtc -> temp-ext -> dist 
slot launch_slot_: id  3 | task 7373 | processing task, is_child = 0
slot slot_save_an: id  0 | task -1 | saving idle slot to prompt cache
srv   prompt_save:  - saving prompt with length 111, total state size = 13.877 MiB
slot prompt_clear: id  0 | task -1 | clearing prompt with 111 tokens
srv        update:  - cache state: 57 prompts, 1166.399 MiB (limits: 8192.000 MiB, 4096 tokens, 65527 est)
srv        update:    - prompt 0x439af80:     106 tokens, checkpoints:  0,    13.252 MiB
srv        update:    - prompt 0xf0ef60:     107 tokens, checkpoints:  0,    13.377 MiB
srv        update:    - prompt 0x321cf30:     106 tokens, checkpoints:  0,    13.252 MiB
srv        update:    - prompt 0x439bbc0:     107 tokens, checkpoints:  0,    13.377 MiB
srv        update:    - prompt 0x321d650:     105 tokens, checkpoints:  0,    13.127 MiB
srv        update:    - prompt 0x321d8b0:     110 tokens, checkpoints:  0,    13.752 MiB
srv        update:    - prompt 0x439fd00:     116 tokens, checkpoints:  0,    14.502 MiB
srv        update:    - prompt 0x322b480:     109 tokens, checkpoints:  0,    13.627 MiB
srv        update:    - prompt 0x4be6150:     113 tokens, checkpoints:  0,    14.127 MiB
srv        update:    - prompt 0x323a9a0:     108 tokens, checkpoints:  0,    13.502 MiB
srv        update:    - prompt 0x32196f0:     108 tokens, checkpoints:  0,    13.502 MiB
srv        update:    - prompt 0x322b390:     108 tokens, checkpoints:  0,    13.502 MiB
srv        update:    - prompt 0x32307d0:     111 tokens, checkpoints:  0,    13.877 MiB
srv        update:    - prompt 0x321d2c0:     119 tokens, checkpoints:  0,    14.877 MiB
srv        update:    - prompt 0xf09400:     123 tokens, checkpoints:  0,    15.377 MiB
srv        update:    - prompt 0x438c810:     131 tokens, checkpoints:  0,    16.377 MiB
srv        update:    - prompt 0x3acc150:     130 tokens, checkpoints:  0,    16.252 MiB
srv        update:    - prompt 0x322db30:     107 tokens, checkpoints:  0,    13.377 MiB
srv        update:    - prompt 0x3ad97f0:     105 tokens, checkpoints:  0,    13.127 MiB
srv        update:    - prompt 0x3ae3990:     110 tokens, checkpoints:  0,    13.752 MiB
srv        update:    - prompt 0xf12110:     116 tokens, checkpoints:  0,    14.502 MiB
srv        update:    - prompt 0x3227d70:     109 tokens, checkpoints:  0,    13.627 MiB
srv        update:    - prompt 0x3ad80f0:     113 tokens, checkpoints:  0,    14.127 MiB
srv        update:    - prompt 0x3adfb10:     108 tokens, checkpoints:  0,    13.502 MiB
srv        update:    - prompt 0x3ae19d0:     108 tokens, checkpoints:  0,    13.502 MiB
srv        update:    - prompt 0x3ad7650:     108 tokens, checkpoints:  0,    13.502 MiB
srv        update:    - prompt 0x3ad5750:     111 tokens, checkpoints:  0,    13.877 MiB
srv        update:    - prompt 0x3af4e20:     119 tokens, checkpoints:  0,    14.877 MiB
srv        update:    - prompt 0x3221890:     123 tokens, checkpoints:  0,    15.377 MiB
srv        update:    - prompt 0x3ad2640:     165 tokens, checkpoints:  0,    20.628 MiB
srv        update:    - prompt 0x43967b0:     131 tokens, checkpoints:  0,    16.377 MiB
srv        update:    - prompt 0x3af7790:     135 tokens, checkpoints:  0,    16.877 MiB
srv        update:    - prompt 0x3226c10:     132 tokens, checkpoints:  0,    16.502 MiB
srv        update:    - prompt 0x3ae3220:     146 tokens, checkpoints:  0,    18.252 MiB
srv        update:    - prompt 0xee0440:     130 tokens, checkpoints:  0,    16.252 MiB
srv        update:    - prompt 0x321a670:     136 tokens, checkpoints:  0,    17.002 MiB
srv        update:    - prompt 0xee3bb0:     136 tokens, checkpoints:  0,    17.002 MiB
srv        update:    - prompt 0x118e9b0:     241 tokens, checkpoints:  0,    30.129 MiB
srv        update:    - prompt 0xfffdcc0062a0:     325 tokens, checkpoints:  0,    40.629 MiB
srv        update:    - prompt 0xfffe28005460:     363 tokens, checkpoints:  0,    45.380 MiB
srv        update:    - prompt 0xfffe1c002440:     425 tokens, checkpoints:  0,    53.131 MiB
srv        update:    - prompt 0x439b5f0:     409 tokens, checkpoints:  0,    51.130 MiB
srv        update:    - prompt 0x439fb50:     412 tokens, checkpoints:  0,    51.505 MiB
srv        update:    - prompt 0x32210b0:     418 tokens, checkpoints:  0,    52.256 MiB
srv        update:    - prompt 0xf0c700:     415 tokens, checkpoints:  0,    51.880 MiB
srv        update:    - prompt 0x322c4e0:     431 tokens, checkpoints:  0,    53.881 MiB
srv        update:    - prompt 0xf0e5d0:     431 tokens, checkpoints:  0,    53.881 MiB
srv        update:    - prompt 0xf0c4e0:     107 tokens, checkpoints:  0,    13.377 MiB
srv        update:    - prompt 0xeef310:     105 tokens, checkpoints:  0,    13.127 MiB
srv        update:    - prompt 0xf0ad80:     110 tokens, checkpoints:  0,    13.752 MiB
srv        update:    - prompt 0x3ae8250:     116 tokens, checkpoints:  0,    14.502 MiB
srv        update:    - prompt 0xee4be0:     109 tokens, checkpoints:  0,    13.627 MiB
srv        update:    - prompt 0x3af74f0:     113 tokens, checkpoints:  0,    14.127 MiB
srv        update:    - prompt 0x439a490:     108 tokens, checkpoints:  0,    13.502 MiB
srv        update:    - prompt 0x3ae0590:     108 tokens, checkpoints:  0,    13.502 MiB
srv        update:    - prompt 0x3ac7fa0:     108 tokens, checkpoints:  0,    13.502 MiB
srv        update:    - prompt 0x439e100:     111 tokens, checkpoints:  0,    13.877 MiB
slot update_slots: id  3 | task 7373 | new prompt, n_ctx_slot = 4096, n_keep = 0, task.n_tokens = 20
slot update_slots: id  3 | task 7373 | n_tokens = 0, memory_seq_rm [0, end)
slot init_sampler: id  3 | task 7373 | init sampler, took 0.01 ms, tokens: text = 20, total = 20
slot update_slots: id  3 | task 7373 | prompt processing done, n_tokens = 20, batch.n_tokens = 20
srv  log_server_r: done request: POST /completion 127.0.0.1 200
slot print_timing: id  3 | task 7373 | 
prompt eval time =    5654.45 ms /    20 tokens (  282.72 ms per token,     3.54 tokens per second)
       eval time =   32636.96 ms /   100 tokens (  326.37 ms per token,     3.06 tokens per second)
      total time =   38291.41 ms /   120 tokens
slot      release: id  3 | task 7373 | stop processing: n_tokens = 119, truncated = 0
srv  update_slots: all slots are idle
slot get_availabl: id  2 | task -1 | selected slot by LRU, t_last = 282706378102
srv  get_availabl: updating prompt cache
srv          load:  - looking for better prompt, base f_keep = -1.000, sim = 0.000
srv        update:  - cache state: 57 prompts, 1166.399 MiB (limits: 8192.000 MiB, 4096 tokens, 65527 est)
srv        update:    - prompt 0x439af80:     106 tokens, checkpoints:  0,    13.252 MiB
srv        update:    - prompt 0xf0ef60:     107 tokens, checkpoints:  0,    13.377 MiB
srv        update:    - prompt 0x321cf30:     106 tokens, checkpoints:  0,    13.252 MiB
srv        update:    - prompt 0x439bbc0:     107 tokens, checkpoints:  0,    13.377 MiB
srv        update:    - prompt 0x321d650:     105 tokens, checkpoints:  0,    13.127 MiB
srv        update:    - prompt 0x321d8b0:     110 tokens, checkpoints:  0,    13.752 MiB
srv        update:    - prompt 0x439fd00:     116 tokens, checkpoints:  0,    14.502 MiB
srv        update:    - prompt 0x322b480:     109 tokens, checkpoints:  0,    13.627 MiB
srv        update:    - prompt 0x4be6150:     113 tokens, checkpoints:  0,    14.127 MiB
srv        update:    - prompt 0x323a9a0:     108 tokens, checkpoints:  0,    13.502 MiB
srv        update:    - prompt 0x32196f0:     108 tokens, checkpoints:  0,    13.502 MiB
srv        update:    - prompt 0x322b390:     108 tokens, checkpoints:  0,    13.502 MiB
srv        update:    - prompt 0x32307d0:     111 tokens, checkpoints:  0,    13.877 MiB
srv        update:    - prompt 0x321d2c0:     119 tokens, checkpoints:  0,    14.877 MiB
srv        update:    - prompt 0xf09400:     123 tokens, checkpoints:  0,    15.377 MiB
srv        update:    - prompt 0x438c810:     131 tokens, checkpoints:  0,    16.377 MiB
srv        update:    - prompt 0x3acc150:     130 tokens, checkpoints:  0,    16.252 MiB
srv        update:    - prompt 0x322db30:     107 tokens, checkpoints:  0,    13.377 MiB
srv        update:    - prompt 0x3ad97f0:     105 tokens, checkpoints:  0,    13.127 MiB
srv        update:    - prompt 0x3ae3990:     110 tokens, checkpoints:  0,    13.752 MiB
srv        update:    - prompt 0xf12110:     116 tokens, checkpoints:  0,    14.502 MiB
srv        update:    - prompt 0x3227d70:     109 tokens, checkpoints:  0,    13.627 MiB
srv        update:    - prompt 0x3ad80f0:     113 tokens, checkpoints:  0,    14.127 MiB
srv        update:    - prompt 0x3adfb10:     108 tokens, checkpoints:  0,    13.502 MiB
srv        update:    - prompt 0x3ae19d0:     108 tokens, checkpoints:  0,    13.502 MiB
srv        update:    - prompt 0x3ad7650:     108 tokens, checkpoints:  0,    13.502 MiB
srv        update:    - prompt 0x3ad5750:     111 tokens, checkpoints:  0,    13.877 MiB
srv        update:    - prompt 0x3af4e20:     119 tokens, checkpoints:  0,    14.877 MiB
srv        update:    - prompt 0x3221890:     123 tokens, checkpoints:  0,    15.377 MiB
srv        update:    - prompt 0x3ad2640:     165 tokens, checkpoints:  0,    20.628 MiB
srv        update:    - prompt 0x43967b0:     131 tokens, checkpoints:  0,    16.377 MiB
srv        update:    - prompt 0x3af7790:     135 tokens, checkpoints:  0,    16.877 MiB
srv        update:    - prompt 0x3226c10:     132 tokens, checkpoints:  0,    16.502 MiB
srv        update:    - prompt 0x3ae3220:     146 tokens, checkpoints:  0,    18.252 MiB
srv        update:    - prompt 0xee0440:     130 tokens, checkpoints:  0,    16.252 MiB
srv        update:    - prompt 0x321a670:     136 tokens, checkpoints:  0,    17.002 MiB
srv        update:    - prompt 0xee3bb0:     136 tokens, checkpoints:  0,    17.002 MiB
srv        update:    - prompt 0x118e9b0:     241 tokens, checkpoints:  0,    30.129 MiB
srv        update:    - prompt 0xfffdcc0062a0:     325 tokens, checkpoints:  0,    40.629 MiB
srv        update:    - prompt 0xfffe28005460:     363 tokens, checkpoints:  0,    45.380 MiB
srv        update:    - prompt 0xfffe1c002440:     425 tokens, checkpoints:  0,    53.131 MiB
srv        update:    - prompt 0x439b5f0:     409 tokens, checkpoints:  0,    51.130 MiB
srv        update:    - prompt 0x439fb50:     412 tokens, checkpoints:  0,    51.505 MiB
srv        update:    - prompt 0x32210b0:     418 tokens, checkpoints:  0,    52.256 MiB
srv        update:    - prompt 0xf0c700:     415 tokens, checkpoints:  0,    51.880 MiB
srv        update:    - prompt 0x322c4e0:     431 tokens, checkpoints:  0,    53.881 MiB
srv        update:    - prompt 0xf0e5d0:     431 tokens, checkpoints:  0,    53.881 MiB
srv        update:    - prompt 0xf0c4e0:     107 tokens, checkpoints:  0,    13.377 MiB
srv        update:    - prompt 0xeef310:     105 tokens, checkpoints:  0,    13.127 MiB
srv        update:    - prompt 0xf0ad80:     110 tokens, checkpoints:  0,    13.752 MiB
srv        update:    - prompt 0x3ae8250:     116 tokens, checkpoints:  0,    14.502 MiB
srv        update:    - prompt 0xee4be0:     109 tokens, checkpoints:  0,    13.627 MiB
srv        update:    - prompt 0x3af74f0:     113 tokens, checkpoints:  0,    14.127 MiB
srv        update:    - prompt 0x439a490:     108 tokens, checkpoints:  0,    13.502 MiB
srv        update:    - prompt 0x3ae0590:     108 tokens, checkpoints:  0,    13.502 MiB
srv        update:    - prompt 0x3ac7fa0:     108 tokens, checkpoints:  0,    13.502 MiB
srv        update:    - prompt 0x439e100:     111 tokens, checkpoints:  0,    13.877 MiB
srv  get_availabl: prompt cache update took 0.26 ms
slot launch_slot_: id  2 | task -1 | sampler chain: logits -> ?penalties -> ?dry -> ?top-n-sigma -> top-k -> ?typical -> top-p -> min-p -> ?xtc -> temp-ext -> dist 
slot launch_slot_: id  2 | task 7474 | processing task, is_child = 0
slot slot_save_an: id  3 | task -1 | saving idle slot to prompt cache
srv   prompt_save:  - saving prompt with length 119, total state size = 14.877 MiB
slot prompt_clear: id  3 | task -1 | clearing prompt with 119 tokens
srv        update:  - cache state: 58 prompts, 1181.277 MiB (limits: 8192.000 MiB, 4096 tokens, 65527 est)
srv        update:    - prompt 0x439af80:     106 tokens, checkpoints:  0,    13.252 MiB
srv        update:    - prompt 0xf0ef60:     107 tokens, checkpoints:  0,    13.377 MiB
srv        update:    - prompt 0x321cf30:     106 tokens, checkpoints:  0,    13.252 MiB
srv        update:    - prompt 0x439bbc0:     107 tokens, checkpoints:  0,    13.377 MiB
srv        update:    - prompt 0x321d650:     105 tokens, checkpoints:  0,    13.127 MiB
srv        update:    - prompt 0x321d8b0:     110 tokens, checkpoints:  0,    13.752 MiB
srv        update:    - prompt 0x439fd00:     116 tokens, checkpoints:  0,    14.502 MiB
srv        update:    - prompt 0x322b480:     109 tokens, checkpoints:  0,    13.627 MiB
srv        update:    - prompt 0x4be6150:     113 tokens, checkpoints:  0,    14.127 MiB
srv        update:    - prompt 0x323a9a0:     108 tokens, checkpoints:  0,    13.502 MiB
srv        update:    - prompt 0x32196f0:     108 tokens, checkpoints:  0,    13.502 MiB
srv        update:    - prompt 0x322b390:     108 tokens, checkpoints:  0,    13.502 MiB
srv        update:    - prompt 0x32307d0:     111 tokens, checkpoints:  0,    13.877 MiB
srv        update:    - prompt 0x321d2c0:     119 tokens, checkpoints:  0,    14.877 MiB
srv        update:    - prompt 0xf09400:     123 tokens, checkpoints:  0,    15.377 MiB
srv        update:    - prompt 0x438c810:     131 tokens, checkpoints:  0,    16.377 MiB
srv        update:    - prompt 0x3acc150:     130 tokens, checkpoints:  0,    16.252 MiB
srv        update:    - prompt 0x322db30:     107 tokens, checkpoints:  0,    13.377 MiB
srv        update:    - prompt 0x3ad97f0:     105 tokens, checkpoints:  0,    13.127 MiB
srv        update:    - prompt 0x3ae3990:     110 tokens, checkpoints:  0,    13.752 MiB
srv        update:    - prompt 0xf12110:     116 tokens, checkpoints:  0,    14.502 MiB
srv        update:    - prompt 0x3227d70:     109 tokens, checkpoints:  0,    13.627 MiB
srv        update:    - prompt 0x3ad80f0:     113 tokens, checkpoints:  0,    14.127 MiB
srv        update:    - prompt 0x3adfb10:     108 tokens, checkpoints:  0,    13.502 MiB
srv        update:    - prompt 0x3ae19d0:     108 tokens, checkpoints:  0,    13.502 MiB
srv        update:    - prompt 0x3ad7650:     108 tokens, checkpoints:  0,    13.502 MiB
srv        update:    - prompt 0x3ad5750:     111 tokens, checkpoints:  0,    13.877 MiB
srv        update:    - prompt 0x3af4e20:     119 tokens, checkpoints:  0,    14.877 MiB
srv        update:    - prompt 0x3221890:     123 tokens, checkpoints:  0,    15.377 MiB
srv        update:    - prompt 0x3ad2640:     165 tokens, checkpoints:  0,    20.628 MiB
srv        update:    - prompt 0x43967b0:     131 tokens, checkpoints:  0,    16.377 MiB
srv        update:    - prompt 0x3af7790:     135 tokens, checkpoints:  0,    16.877 MiB
srv        update:    - prompt 0x3226c10:     132 tokens, checkpoints:  0,    16.502 MiB
srv        update:    - prompt 0x3ae3220:     146 tokens, checkpoints:  0,    18.252 MiB
srv        update:    - prompt 0xee0440:     130 tokens, checkpoints:  0,    16.252 MiB
srv        update:    - prompt 0x321a670:     136 tokens, checkpoints:  0,    17.002 MiB
srv        update:    - prompt 0xee3bb0:     136 tokens, checkpoints:  0,    17.002 MiB
srv        update:    - prompt 0x118e9b0:     241 tokens, checkpoints:  0,    30.129 MiB
srv        update:    - prompt 0xfffdcc0062a0:     325 tokens, checkpoints:  0,    40.629 MiB
srv        update:    - prompt 0xfffe28005460:     363 tokens, checkpoints:  0,    45.380 MiB
srv        update:    - prompt 0xfffe1c002440:     425 tokens, checkpoints:  0,    53.131 MiB
srv        update:    - prompt 0x439b5f0:     409 tokens, checkpoints:  0,    51.130 MiB
srv        update:    - prompt 0x439fb50:     412 tokens, checkpoints:  0,    51.505 MiB
srv        update:    - prompt 0x32210b0:     418 tokens, checkpoints:  0,    52.256 MiB
srv        update:    - prompt 0xf0c700:     415 tokens, checkpoints:  0,    51.880 MiB
srv        update:    - prompt 0x322c4e0:     431 tokens, checkpoints:  0,    53.881 MiB
srv        update:    - prompt 0xf0e5d0:     431 tokens, checkpoints:  0,    53.881 MiB
srv        update:    - prompt 0xf0c4e0:     107 tokens, checkpoints:  0,    13.377 MiB
srv        update:    - prompt 0xeef310:     105 tokens, checkpoints:  0,    13.127 MiB
srv        update:    - prompt 0xf0ad80:     110 tokens, checkpoints:  0,    13.752 MiB
srv        update:    - prompt 0x3ae8250:     116 tokens, checkpoints:  0,    14.502 MiB
srv        update:    - prompt 0xee4be0:     109 tokens, checkpoints:  0,    13.627 MiB
srv        update:    - prompt 0x3af74f0:     113 tokens, checkpoints:  0,    14.127 MiB
srv        update:    - prompt 0x439a490:     108 tokens, checkpoints:  0,    13.502 MiB
srv        update:    - prompt 0x3ae0590:     108 tokens, checkpoints:  0,    13.502 MiB
srv        update:    - prompt 0x3ac7fa0:     108 tokens, checkpoints:  0,    13.502 MiB
srv        update:    - prompt 0x439e100:     111 tokens, checkpoints:  0,    13.877 MiB
srv        update:    - prompt 0x3acb060:     119 tokens, checkpoints:  0,    14.877 MiB
slot update_slots: id  2 | task 7474 | new prompt, n_ctx_slot = 4096, n_keep = 0, task.n_tokens = 24
slot update_slots: id  2 | task 7474 | n_tokens = 0, memory_seq_rm [0, end)
slot init_sampler: id  2 | task 7474 | init sampler, took 0.02 ms, tokens: text = 24, total = 24
slot update_slots: id  2 | task 7474 | prompt processing done, n_tokens = 24, batch.n_tokens = 24
srv  log_server_r: done request: POST /completion 127.0.0.1 200
slot print_timing: id  2 | task 7474 | 
prompt eval time =    6771.01 ms /    24 tokens (  282.13 ms per token,     3.54 tokens per second)
       eval time =   32656.44 ms /   100 tokens (  326.56 ms per token,     3.06 tokens per second)
      total time =   39427.45 ms /   124 tokens
slot      release: id  2 | task 7474 | stop processing: n_tokens = 123, truncated = 0
srv  update_slots: all slots are idle
slot get_availabl: id  1 | task -1 | selected slot by LRU, t_last = 282850740835
srv  get_availabl: updating prompt cache
srv          load:  - looking for better prompt, base f_keep = -1.000, sim = 0.000
srv          load:  - found better prompt with f_keep = 0.400, sim = 1.000
srv        update:  - cache state: 57 prompts, 1160.649 MiB (limits: 8192.000 MiB, 4096 tokens, 65527 est)
srv        update:    - prompt 0x439af80:     106 tokens, checkpoints:  0,    13.252 MiB
srv        update:    - prompt 0xf0ef60:     107 tokens, checkpoints:  0,    13.377 MiB
srv        update:    - prompt 0x321cf30:     106 tokens, checkpoints:  0,    13.252 MiB
srv        update:    - prompt 0x439bbc0:     107 tokens, checkpoints:  0,    13.377 MiB
srv        update:    - prompt 0x321d650:     105 tokens, checkpoints:  0,    13.127 MiB
srv        update:    - prompt 0x321d8b0:     110 tokens, checkpoints:  0,    13.752 MiB
srv        update:    - prompt 0x439fd00:     116 tokens, checkpoints:  0,    14.502 MiB
srv        update:    - prompt 0x322b480:     109 tokens, checkpoints:  0,    13.627 MiB
srv        update:    - prompt 0x4be6150:     113 tokens, checkpoints:  0,    14.127 MiB
srv        update:    - prompt 0x323a9a0:     108 tokens, checkpoints:  0,    13.502 MiB
srv        update:    - prompt 0x32196f0:     108 tokens, checkpoints:  0,    13.502 MiB
srv        update:    - prompt 0x322b390:     108 tokens, checkpoints:  0,    13.502 MiB
srv        update:    - prompt 0x32307d0:     111 tokens, checkpoints:  0,    13.877 MiB
srv        update:    - prompt 0x321d2c0:     119 tokens, checkpoints:  0,    14.877 MiB
srv        update:    - prompt 0xf09400:     123 tokens, checkpoints:  0,    15.377 MiB
srv        update:    - prompt 0x438c810:     131 tokens, checkpoints:  0,    16.377 MiB
srv        update:    - prompt 0x3acc150:     130 tokens, checkpoints:  0,    16.252 MiB
srv        update:    - prompt 0x322db30:     107 tokens, checkpoints:  0,    13.377 MiB
srv        update:    - prompt 0x3ad97f0:     105 tokens, checkpoints:  0,    13.127 MiB
srv        update:    - prompt 0x3ae3990:     110 tokens, checkpoints:  0,    13.752 MiB
srv        update:    - prompt 0xf12110:     116 tokens, checkpoints:  0,    14.502 MiB
srv        update:    - prompt 0x3227d70:     109 tokens, checkpoints:  0,    13.627 MiB
srv        update:    - prompt 0x3ad80f0:     113 tokens, checkpoints:  0,    14.127 MiB
srv        update:    - prompt 0x3adfb10:     108 tokens, checkpoints:  0,    13.502 MiB
srv        update:    - prompt 0x3ae19d0:     108 tokens, checkpoints:  0,    13.502 MiB
srv        update:    - prompt 0x3ad7650:     108 tokens, checkpoints:  0,    13.502 MiB
srv        update:    - prompt 0x3ad5750:     111 tokens, checkpoints:  0,    13.877 MiB
srv        update:    - prompt 0x3af4e20:     119 tokens, checkpoints:  0,    14.877 MiB
srv        update:    - prompt 0x3221890:     123 tokens, checkpoints:  0,    15.377 MiB
srv        update:    - prompt 0x43967b0:     131 tokens, checkpoints:  0,    16.377 MiB
srv        update:    - prompt 0x3af7790:     135 tokens, checkpoints:  0,    16.877 MiB
srv        update:    - prompt 0x3226c10:     132 tokens, checkpoints:  0,    16.502 MiB
srv        update:    - prompt 0x3ae3220:     146 tokens, checkpoints:  0,    18.252 MiB
srv        update:    - prompt 0xee0440:     130 tokens, checkpoints:  0,    16.252 MiB
srv        update:    - prompt 0x321a670:     136 tokens, checkpoints:  0,    17.002 MiB
srv        update:    - prompt 0xee3bb0:     136 tokens, checkpoints:  0,    17.002 MiB
srv        update:    - prompt 0x118e9b0:     241 tokens, checkpoints:  0,    30.129 MiB
srv        update:    - prompt 0xfffdcc0062a0:     325 tokens, checkpoints:  0,    40.629 MiB
srv        update:    - prompt 0xfffe28005460:     363 tokens, checkpoints:  0,    45.380 MiB
srv        update:    - prompt 0xfffe1c002440:     425 tokens, checkpoints:  0,    53.131 MiB
srv        update:    - prompt 0x439b5f0:     409 tokens, checkpoints:  0,    51.130 MiB
srv        update:    - prompt 0x439fb50:     412 tokens, checkpoints:  0,    51.505 MiB
srv        update:    - prompt 0x32210b0:     418 tokens, checkpoints:  0,    52.256 MiB
srv        update:    - prompt 0xf0c700:     415 tokens, checkpoints:  0,    51.880 MiB
srv        update:    - prompt 0x322c4e0:     431 tokens, checkpoints:  0,    53.881 MiB
srv        update:    - prompt 0xf0e5d0:     431 tokens, checkpoints:  0,    53.881 MiB
srv        update:    - prompt 0xf0c4e0:     107 tokens, checkpoints:  0,    13.377 MiB
srv        update:    - prompt 0xeef310:     105 tokens, checkpoints:  0,    13.127 MiB
srv        update:    - prompt 0xf0ad80:     110 tokens, checkpoints:  0,    13.752 MiB
srv        update:    - prompt 0x3ae8250:     116 tokens, checkpoints:  0,    14.502 MiB
srv        update:    - prompt 0xee4be0:     109 tokens, checkpoints:  0,    13.627 MiB
srv        update:    - prompt 0x3af74f0:     113 tokens, checkpoints:  0,    14.127 MiB
srv        update:    - prompt 0x439a490:     108 tokens, checkpoints:  0,    13.502 MiB
srv        update:    - prompt 0x3ae0590:     108 tokens, checkpoints:  0,    13.502 MiB
srv        update:    - prompt 0x3ac7fa0:     108 tokens, checkpoints:  0,    13.502 MiB
srv        update:    - prompt 0x439e100:     111 tokens, checkpoints:  0,    13.877 MiB
srv        update:    - prompt 0x3acb060:     119 tokens, checkpoints:  0,    14.877 MiB
srv  get_availabl: prompt cache update took 3.72 ms
slot launch_slot_: id  1 | task -1 | sampler chain: logits -> ?penalties -> ?dry -> ?top-n-sigma -> top-k -> ?typical -> top-p -> min-p -> ?xtc -> temp-ext -> dist 
slot launch_slot_: id  1 | task 7575 | processing task, is_child = 0
slot slot_save_an: id  2 | task -1 | saving idle slot to prompt cache
srv   prompt_save:  - saving prompt with length 123, total state size = 15.377 MiB
slot prompt_clear: id  2 | task -1 | clearing prompt with 123 tokens
srv        update:  - cache state: 58 prompts, 1176.026 MiB (limits: 8192.000 MiB, 4096 tokens, 65527 est)
srv        update:    - prompt 0x439af80:     106 tokens, checkpoints:  0,    13.252 MiB
srv        update:    - prompt 0xf0ef60:     107 tokens, checkpoints:  0,    13.377 MiB
srv        update:    - prompt 0x321cf30:     106 tokens, checkpoints:  0,    13.252 MiB
srv        update:    - prompt 0x439bbc0:     107 tokens, checkpoints:  0,    13.377 MiB
srv        update:    - prompt 0x321d650:     105 tokens, checkpoints:  0,    13.127 MiB
srv        update:    - prompt 0x321d8b0:     110 tokens, checkpoints:  0,    13.752 MiB
srv        update:    - prompt 0x439fd00:     116 tokens, checkpoints:  0,    14.502 MiB
srv        update:    - prompt 0x322b480:     109 tokens, checkpoints:  0,    13.627 MiB
srv        update:    - prompt 0x4be6150:     113 tokens, checkpoints:  0,    14.127 MiB
srv        update:    - prompt 0x323a9a0:     108 tokens, checkpoints:  0,    13.502 MiB
srv        update:    - prompt 0x32196f0:     108 tokens, checkpoints:  0,    13.502 MiB
srv        update:    - prompt 0x322b390:     108 tokens, checkpoints:  0,    13.502 MiB
srv        update:    - prompt 0x32307d0:     111 tokens, checkpoints:  0,    13.877 MiB
srv        update:    - prompt 0x321d2c0:     119 tokens, checkpoints:  0,    14.877 MiB
srv        update:    - prompt 0xf09400:     123 tokens, checkpoints:  0,    15.377 MiB
srv        update:    - prompt 0x438c810:     131 tokens, checkpoints:  0,    16.377 MiB
srv        update:    - prompt 0x3acc150:     130 tokens, checkpoints:  0,    16.252 MiB
srv        update:    - prompt 0x322db30:     107 tokens, checkpoints:  0,    13.377 MiB
srv        update:    - prompt 0x3ad97f0:     105 tokens, checkpoints:  0,    13.127 MiB
srv        update:    - prompt 0x3ae3990:     110 tokens, checkpoints:  0,    13.752 MiB
srv        update:    - prompt 0xf12110:     116 tokens, checkpoints:  0,    14.502 MiB
srv        update:    - prompt 0x3227d70:     109 tokens, checkpoints:  0,    13.627 MiB
srv        update:    - prompt 0x3ad80f0:     113 tokens, checkpoints:  0,    14.127 MiB
srv        update:    - prompt 0x3adfb10:     108 tokens, checkpoints:  0,    13.502 MiB
srv        update:    - prompt 0x3ae19d0:     108 tokens, checkpoints:  0,    13.502 MiB
srv        update:    - prompt 0x3ad7650:     108 tokens, checkpoints:  0,    13.502 MiB
srv        update:    - prompt 0x3ad5750:     111 tokens, checkpoints:  0,    13.877 MiB
srv        update:    - prompt 0x3af4e20:     119 tokens, checkpoints:  0,    14.877 MiB
srv        update:    - prompt 0x3221890:     123 tokens, checkpoints:  0,    15.377 MiB
srv        update:    - prompt 0x43967b0:     131 tokens, checkpoints:  0,    16.377 MiB
srv        update:    - prompt 0x3af7790:     135 tokens, checkpoints:  0,    16.877 MiB
srv        update:    - prompt 0x3226c10:     132 tokens, checkpoints:  0,    16.502 MiB
srv        update:    - prompt 0x3ae3220:     146 tokens, checkpoints:  0,    18.252 MiB
srv        update:    - prompt 0xee0440:     130 tokens, checkpoints:  0,    16.252 MiB
srv        update:    - prompt 0x321a670:     136 tokens, checkpoints:  0,    17.002 MiB
srv        update:    - prompt 0xee3bb0:     136 tokens, checkpoints:  0,    17.002 MiB
srv        update:    - prompt 0x118e9b0:     241 tokens, checkpoints:  0,    30.129 MiB
srv        update:    - prompt 0xfffdcc0062a0:     325 tokens, checkpoints:  0,    40.629 MiB
srv        update:    - prompt 0xfffe28005460:     363 tokens, checkpoints:  0,    45.380 MiB
srv        update:    - prompt 0xfffe1c002440:     425 tokens, checkpoints:  0,    53.131 MiB
srv        update:    - prompt 0x439b5f0:     409 tokens, checkpoints:  0,    51.130 MiB
srv        update:    - prompt 0x439fb50:     412 tokens, checkpoints:  0,    51.505 MiB
srv        update:    - prompt 0x32210b0:     418 tokens, checkpoints:  0,    52.256 MiB
srv        update:    - prompt 0xf0c700:     415 tokens, checkpoints:  0,    51.880 MiB
srv        update:    - prompt 0x322c4e0:     431 tokens, checkpoints:  0,    53.881 MiB
srv        update:    - prompt 0xf0e5d0:     431 tokens, checkpoints:  0,    53.881 MiB
srv        update:    - prompt 0xf0c4e0:     107 tokens, checkpoints:  0,    13.377 MiB
srv        update:    - prompt 0xeef310:     105 tokens, checkpoints:  0,    13.127 MiB
srv        update:    - prompt 0xf0ad80:     110 tokens, checkpoints:  0,    13.752 MiB
srv        update:    - prompt 0x3ae8250:     116 tokens, checkpoints:  0,    14.502 MiB
srv        update:    - prompt 0xee4be0:     109 tokens, checkpoints:  0,    13.627 MiB
srv        update:    - prompt 0x3af74f0:     113 tokens, checkpoints:  0,    14.127 MiB
srv        update:    - prompt 0x439a490:     108 tokens, checkpoints:  0,    13.502 MiB
srv        update:    - prompt 0x3ae0590:     108 tokens, checkpoints:  0,    13.502 MiB
srv        update:    - prompt 0x3ac7fa0:     108 tokens, checkpoints:  0,    13.502 MiB
srv        update:    - prompt 0x439e100:     111 tokens, checkpoints:  0,    13.877 MiB
srv        update:    - prompt 0x3acb060:     119 tokens, checkpoints:  0,    14.877 MiB
srv        update:    - prompt 0x3ad2640:     123 tokens, checkpoints:  0,    15.377 MiB
slot update_slots: id  1 | task 7575 | new prompt, n_ctx_slot = 4096, n_keep = 0, task.n_tokens = 66
slot update_slots: id  1 | task 7575 | n_tokens = 0, memory_seq_rm [0, end)
slot init_sampler: id  1 | task 7575 | init sampler, took 0.03 ms, tokens: text = 66, total = 66
slot update_slots: id  1 | task 7575 | prompt processing done, n_tokens = 66, batch.n_tokens = 66
srv  log_server_r: done request: POST /completion 127.0.0.1 200
slot print_timing: id  1 | task 7575 | 
prompt eval time =   20425.40 ms /    66 tokens (  309.48 ms per token,     3.23 tokens per second)
       eval time =   32873.46 ms /   100 tokens (  328.73 ms per token,     3.04 tokens per second)
      total time =   53298.86 ms /   166 tokens
slot      release: id  1 | task 7575 | stop processing: n_tokens = 165, truncated = 0
srv  update_slots: all slots are idle
slot get_availabl: id  0 | task -1 | selected slot by LRU, t_last = 282887333523
srv  get_availabl: updating prompt cache
srv          load:  - looking for better prompt, base f_keep = -1.000, sim = 0.000
srv        update:  - cache state: 58 prompts, 1176.026 MiB (limits: 8192.000 MiB, 4096 tokens, 65527 est)
srv        update:    - prompt 0x439af80:     106 tokens, checkpoints:  0,    13.252 MiB
srv        update:    - prompt 0xf0ef60:     107 tokens, checkpoints:  0,    13.377 MiB
srv        update:    - prompt 0x321cf30:     106 tokens, checkpoints:  0,    13.252 MiB
srv        update:    - prompt 0x439bbc0:     107 tokens, checkpoints:  0,    13.377 MiB
srv        update:    - prompt 0x321d650:     105 tokens, checkpoints:  0,    13.127 MiB
srv        update:    - prompt 0x321d8b0:     110 tokens, checkpoints:  0,    13.752 MiB
srv        update:    - prompt 0x439fd00:     116 tokens, checkpoints:  0,    14.502 MiB
srv        update:    - prompt 0x322b480:     109 tokens, checkpoints:  0,    13.627 MiB
srv        update:    - prompt 0x4be6150:     113 tokens, checkpoints:  0,    14.127 MiB
srv        update:    - prompt 0x323a9a0:     108 tokens, checkpoints:  0,    13.502 MiB
srv        update:    - prompt 0x32196f0:     108 tokens, checkpoints:  0,    13.502 MiB
srv        update:    - prompt 0x322b390:     108 tokens, checkpoints:  0,    13.502 MiB
srv        update:    - prompt 0x32307d0:     111 tokens, checkpoints:  0,    13.877 MiB
srv        update:    - prompt 0x321d2c0:     119 tokens, checkpoints:  0,    14.877 MiB
srv        update:    - prompt 0xf09400:     123 tokens, checkpoints:  0,    15.377 MiB
srv        update:    - prompt 0x438c810:     131 tokens, checkpoints:  0,    16.377 MiB
srv        update:    - prompt 0x3acc150:     130 tokens, checkpoints:  0,    16.252 MiB
srv        update:    - prompt 0x322db30:     107 tokens, checkpoints:  0,    13.377 MiB
srv        update:    - prompt 0x3ad97f0:     105 tokens, checkpoints:  0,    13.127 MiB
srv        update:    - prompt 0x3ae3990:     110 tokens, checkpoints:  0,    13.752 MiB
srv        update:    - prompt 0xf12110:     116 tokens, checkpoints:  0,    14.502 MiB
srv        update:    - prompt 0x3227d70:     109 tokens, checkpoints:  0,    13.627 MiB
srv        update:    - prompt 0x3ad80f0:     113 tokens, checkpoints:  0,    14.127 MiB
srv        update:    - prompt 0x3adfb10:     108 tokens, checkpoints:  0,    13.502 MiB
srv        update:    - prompt 0x3ae19d0:     108 tokens, checkpoints:  0,    13.502 MiB
srv        update:    - prompt 0x3ad7650:     108 tokens, checkpoints:  0,    13.502 MiB
srv        update:    - prompt 0x3ad5750:     111 tokens, checkpoints:  0,    13.877 MiB
srv        update:    - prompt 0x3af4e20:     119 tokens, checkpoints:  0,    14.877 MiB
srv        update:    - prompt 0x3221890:     123 tokens, checkpoints:  0,    15.377 MiB
srv        update:    - prompt 0x43967b0:     131 tokens, checkpoints:  0,    16.377 MiB
srv        update:    - prompt 0x3af7790:     135 tokens, checkpoints:  0,    16.877 MiB
srv        update:    - prompt 0x3226c10:     132 tokens, checkpoints:  0,    16.502 MiB
srv        update:    - prompt 0x3ae3220:     146 tokens, checkpoints:  0,    18.252 MiB
srv        update:    - prompt 0xee0440:     130 tokens, checkpoints:  0,    16.252 MiB
srv        update:    - prompt 0x321a670:     136 tokens, checkpoints:  0,    17.002 MiB
srv        update:    - prompt 0xee3bb0:     136 tokens, checkpoints:  0,    17.002 MiB
srv        update:    - prompt 0x118e9b0:     241 tokens, checkpoints:  0,    30.129 MiB
srv        update:    - prompt 0xfffdcc0062a0:     325 tokens, checkpoints:  0,    40.629 MiB
srv        update:    - prompt 0xfffe28005460:     363 tokens, checkpoints:  0,    45.380 MiB
srv        update:    - prompt 0xfffe1c002440:     425 tokens, checkpoints:  0,    53.131 MiB
srv        update:    - prompt 0x439b5f0:     409 tokens, checkpoints:  0,    51.130 MiB
srv        update:    - prompt 0x439fb50:     412 tokens, checkpoints:  0,    51.505 MiB
srv        update:    - prompt 0x32210b0:     418 tokens, checkpoints:  0,    52.256 MiB
srv        update:    - prompt 0xf0c700:     415 tokens, checkpoints:  0,    51.880 MiB
srv        update:    - prompt 0x322c4e0:     431 tokens, checkpoints:  0,    53.881 MiB
srv        update:    - prompt 0xf0e5d0:     431 tokens, checkpoints:  0,    53.881 MiB
srv        update:    - prompt 0xf0c4e0:     107 tokens, checkpoints:  0,    13.377 MiB
srv        update:    - prompt 0xeef310:     105 tokens, checkpoints:  0,    13.127 MiB
srv        update:    - prompt 0xf0ad80:     110 tokens, checkpoints:  0,    13.752 MiB
srv        update:    - prompt 0x3ae8250:     116 tokens, checkpoints:  0,    14.502 MiB
srv        update:    - prompt 0xee4be0:     109 tokens, checkpoints:  0,    13.627 MiB
srv        update:    - prompt 0x3af74f0:     113 tokens, checkpoints:  0,    14.127 MiB
srv        update:    - prompt 0x439a490:     108 tokens, checkpoints:  0,    13.502 MiB
srv        update:    - prompt 0x3ae0590:     108 tokens, checkpoints:  0,    13.502 MiB
srv        update:    - prompt 0x3ac7fa0:     108 tokens, checkpoints:  0,    13.502 MiB
srv        update:    - prompt 0x439e100:     111 tokens, checkpoints:  0,    13.877 MiB
srv        update:    - prompt 0x3acb060:     119 tokens, checkpoints:  0,    14.877 MiB
srv        update:    - prompt 0x3ad2640:     123 tokens, checkpoints:  0,    15.377 MiB
srv  get_availabl: prompt cache update took 0.26 ms
slot launch_slot_: id  0 | task -1 | sampler chain: logits -> ?penalties -> ?dry -> ?top-n-sigma -> top-k -> ?typical -> top-p -> min-p -> ?xtc -> temp-ext -> dist 
slot launch_slot_: id  0 | task 7676 | processing task, is_child = 0
slot slot_save_an: id  1 | task -1 | saving idle slot to prompt cache
srv   prompt_save:  - saving prompt with length 165, total state size = 20.628 MiB
slot prompt_clear: id  1 | task -1 | clearing prompt with 165 tokens
srv        update:  - cache state: 59 prompts, 1196.654 MiB (limits: 8192.000 MiB, 4096 tokens, 65527 est)
srv        update:    - prompt 0x439af80:     106 tokens, checkpoints:  0,    13.252 MiB
srv        update:    - prompt 0xf0ef60:     107 tokens, checkpoints:  0,    13.377 MiB
srv        update:    - prompt 0x321cf30:     106 tokens, checkpoints:  0,    13.252 MiB
srv        update:    - prompt 0x439bbc0:     107 tokens, checkpoints:  0,    13.377 MiB
srv        update:    - prompt 0x321d650:     105 tokens, checkpoints:  0,    13.127 MiB
srv        update:    - prompt 0x321d8b0:     110 tokens, checkpoints:  0,    13.752 MiB
srv        update:    - prompt 0x439fd00:     116 tokens, checkpoints:  0,    14.502 MiB
srv        update:    - prompt 0x322b480:     109 tokens, checkpoints:  0,    13.627 MiB
srv        update:    - prompt 0x4be6150:     113 tokens, checkpoints:  0,    14.127 MiB
srv        update:    - prompt 0x323a9a0:     108 tokens, checkpoints:  0,    13.502 MiB
srv        update:    - prompt 0x32196f0:     108 tokens, checkpoints:  0,    13.502 MiB
srv        update:    - prompt 0x322b390:     108 tokens, checkpoints:  0,    13.502 MiB
srv        update:    - prompt 0x32307d0:     111 tokens, checkpoints:  0,    13.877 MiB
srv        update:    - prompt 0x321d2c0:     119 tokens, checkpoints:  0,    14.877 MiB
srv        update:    - prompt 0xf09400:     123 tokens, checkpoints:  0,    15.377 MiB
srv        update:    - prompt 0x438c810:     131 tokens, checkpoints:  0,    16.377 MiB
srv        update:    - prompt 0x3acc150:     130 tokens, checkpoints:  0,    16.252 MiB
srv        update:    - prompt 0x322db30:     107 tokens, checkpoints:  0,    13.377 MiB
srv        update:    - prompt 0x3ad97f0:     105 tokens, checkpoints:  0,    13.127 MiB
srv        update:    - prompt 0x3ae3990:     110 tokens, checkpoints:  0,    13.752 MiB
srv        update:    - prompt 0xf12110:     116 tokens, checkpoints:  0,    14.502 MiB
srv        update:    - prompt 0x3227d70:     109 tokens, checkpoints:  0,    13.627 MiB
srv        update:    - prompt 0x3ad80f0:     113 tokens, checkpoints:  0,    14.127 MiB
srv        update:    - prompt 0x3adfb10:     108 tokens, checkpoints:  0,    13.502 MiB
srv        update:    - prompt 0x3ae19d0:     108 tokens, checkpoints:  0,    13.502 MiB
srv        update:    - prompt 0x3ad7650:     108 tokens, checkpoints:  0,    13.502 MiB
srv        update:    - prompt 0x3ad5750:     111 tokens, checkpoints:  0,    13.877 MiB
srv        update:    - prompt 0x3af4e20:     119 tokens, checkpoints:  0,    14.877 MiB
srv        update:    - prompt 0x3221890:     123 tokens, checkpoints:  0,    15.377 MiB
srv        update:    - prompt 0x43967b0:     131 tokens, checkpoints:  0,    16.377 MiB
srv        update:    - prompt 0x3af7790:     135 tokens, checkpoints:  0,    16.877 MiB
srv        update:    - prompt 0x3226c10:     132 tokens, checkpoints:  0,    16.502 MiB
srv        update:    - prompt 0x3ae3220:     146 tokens, checkpoints:  0,    18.252 MiB
srv        update:    - prompt 0xee0440:     130 tokens, checkpoints:  0,    16.252 MiB
srv        update:    - prompt 0x321a670:     136 tokens, checkpoints:  0,    17.002 MiB
srv        update:    - prompt 0xee3bb0:     136 tokens, checkpoints:  0,    17.002 MiB
srv        update:    - prompt 0x118e9b0:     241 tokens, checkpoints:  0,    30.129 MiB
srv        update:    - prompt 0xfffdcc0062a0:     325 tokens, checkpoints:  0,    40.629 MiB
srv        update:    - prompt 0xfffe28005460:     363 tokens, checkpoints:  0,    45.380 MiB
srv        update:    - prompt 0xfffe1c002440:     425 tokens, checkpoints:  0,    53.131 MiB
srv        update:    - prompt 0x439b5f0:     409 tokens, checkpoints:  0,    51.130 MiB
srv        update:    - prompt 0x439fb50:     412 tokens, checkpoints:  0,    51.505 MiB
srv        update:    - prompt 0x32210b0:     418 tokens, checkpoints:  0,    52.256 MiB
srv        update:    - prompt 0xf0c700:     415 tokens, checkpoints:  0,    51.880 MiB
srv        update:    - prompt 0x322c4e0:     431 tokens, checkpoints:  0,    53.881 MiB
srv        update:    - prompt 0xf0e5d0:     431 tokens, checkpoints:  0,    53.881 MiB
srv        update:    - prompt 0xf0c4e0:     107 tokens, checkpoints:  0,    13.377 MiB
srv        update:    - prompt 0xeef310:     105 tokens, checkpoints:  0,    13.127 MiB
srv        update:    - prompt 0xf0ad80:     110 tokens, checkpoints:  0,    13.752 MiB
srv        update:    - prompt 0x3ae8250:     116 tokens, checkpoints:  0,    14.502 MiB
srv        update:    - prompt 0xee4be0:     109 tokens, checkpoints:  0,    13.627 MiB
srv        update:    - prompt 0x3af74f0:     113 tokens, checkpoints:  0,    14.127 MiB
srv        update:    - prompt 0x439a490:     108 tokens, checkpoints:  0,    13.502 MiB
srv        update:    - prompt 0x3ae0590:     108 tokens, checkpoints:  0,    13.502 MiB
srv        update:    - prompt 0x3ac7fa0:     108 tokens, checkpoints:  0,    13.502 MiB
srv        update:    - prompt 0x439e100:     111 tokens, checkpoints:  0,    13.877 MiB
srv        update:    - prompt 0x3acb060:     119 tokens, checkpoints:  0,    14.877 MiB
srv        update:    - prompt 0x3ad2640:     123 tokens, checkpoints:  0,    15.377 MiB
srv        update:    - prompt 0x3ad74b0:     165 tokens, checkpoints:  0,    20.628 MiB
slot update_slots: id  0 | task 7676 | new prompt, n_ctx_slot = 4096, n_keep = 0, task.n_tokens = 32
slot update_slots: id  0 | task 7676 | n_tokens = 0, memory_seq_rm [0, end)
slot init_sampler: id  0 | task 7676 | init sampler, took 0.02 ms, tokens: text = 32, total = 32
slot update_slots: id  0 | task 7676 | prompt processing done, n_tokens = 32, batch.n_tokens = 32
srv  log_server_r: done request: POST /completion 127.0.0.1 200
slot print_timing: id  0 | task 7676 | 
prompt eval time =    9011.21 ms /    32 tokens (  281.60 ms per token,     3.55 tokens per second)
       eval time =   32698.90 ms /   100 tokens (  326.99 ms per token,     3.06 tokens per second)
      total time =   41710.11 ms /   132 tokens
slot      release: id  0 | task 7676 | stop processing: n_tokens = 131, truncated = 0
srv  update_slots: all slots are idle
slot get_availabl: id  3 | task -1 | selected slot by LRU, t_last = 282926208014
srv  get_availabl: updating prompt cache
srv          load:  - looking for better prompt, base f_keep = -1.000, sim = 0.000
srv          load:  - found better prompt with f_keep = 0.267, sim = 1.000
srv        update:  - cache state: 58 prompts, 1179.776 MiB (limits: 8192.000 MiB, 4096 tokens, 65527 est)
srv        update:    - prompt 0x439af80:     106 tokens, checkpoints:  0,    13.252 MiB
srv        update:    - prompt 0xf0ef60:     107 tokens, checkpoints:  0,    13.377 MiB
srv        update:    - prompt 0x321cf30:     106 tokens, checkpoints:  0,    13.252 MiB
srv        update:    - prompt 0x439bbc0:     107 tokens, checkpoints:  0,    13.377 MiB
srv        update:    - prompt 0x321d650:     105 tokens, checkpoints:  0,    13.127 MiB
srv        update:    - prompt 0x321d8b0:     110 tokens, checkpoints:  0,    13.752 MiB
srv        update:    - prompt 0x439fd00:     116 tokens, checkpoints:  0,    14.502 MiB
srv        update:    - prompt 0x322b480:     109 tokens, checkpoints:  0,    13.627 MiB
srv        update:    - prompt 0x4be6150:     113 tokens, checkpoints:  0,    14.127 MiB
srv        update:    - prompt 0x323a9a0:     108 tokens, checkpoints:  0,    13.502 MiB
srv        update:    - prompt 0x32196f0:     108 tokens, checkpoints:  0,    13.502 MiB
srv        update:    - prompt 0x322b390:     108 tokens, checkpoints:  0,    13.502 MiB
srv        update:    - prompt 0x32307d0:     111 tokens, checkpoints:  0,    13.877 MiB
srv        update:    - prompt 0x321d2c0:     119 tokens, checkpoints:  0,    14.877 MiB
srv        update:    - prompt 0xf09400:     123 tokens, checkpoints:  0,    15.377 MiB
srv        update:    - prompt 0x438c810:     131 tokens, checkpoints:  0,    16.377 MiB
srv        update:    - prompt 0x3acc150:     130 tokens, checkpoints:  0,    16.252 MiB
srv        update:    - prompt 0x322db30:     107 tokens, checkpoints:  0,    13.377 MiB
srv        update:    - prompt 0x3ad97f0:     105 tokens, checkpoints:  0,    13.127 MiB
srv        update:    - prompt 0x3ae3990:     110 tokens, checkpoints:  0,    13.752 MiB
srv        update:    - prompt 0xf12110:     116 tokens, checkpoints:  0,    14.502 MiB
srv        update:    - prompt 0x3227d70:     109 tokens, checkpoints:  0,    13.627 MiB
srv        update:    - prompt 0x3ad80f0:     113 tokens, checkpoints:  0,    14.127 MiB
srv        update:    - prompt 0x3adfb10:     108 tokens, checkpoints:  0,    13.502 MiB
srv        update:    - prompt 0x3ae19d0:     108 tokens, checkpoints:  0,    13.502 MiB
srv        update:    - prompt 0x3ad7650:     108 tokens, checkpoints:  0,    13.502 MiB
srv        update:    - prompt 0x3ad5750:     111 tokens, checkpoints:  0,    13.877 MiB
srv        update:    - prompt 0x3af4e20:     119 tokens, checkpoints:  0,    14.877 MiB
srv        update:    - prompt 0x3221890:     123 tokens, checkpoints:  0,    15.377 MiB
srv        update:    - prompt 0x43967b0:     131 tokens, checkpoints:  0,    16.377 MiB
srv        update:    - prompt 0x3226c10:     132 tokens, checkpoints:  0,    16.502 MiB
srv        update:    - prompt 0x3ae3220:     146 tokens, checkpoints:  0,    18.252 MiB
srv        update:    - prompt 0xee0440:     130 tokens, checkpoints:  0,    16.252 MiB
srv        update:    - prompt 0x321a670:     136 tokens, checkpoints:  0,    17.002 MiB
srv        update:    - prompt 0xee3bb0:     136 tokens, checkpoints:  0,    17.002 MiB
srv        update:    - prompt 0x118e9b0:     241 tokens, checkpoints:  0,    30.129 MiB
srv        update:    - prompt 0xfffdcc0062a0:     325 tokens, checkpoints:  0,    40.629 MiB
srv        update:    - prompt 0xfffe28005460:     363 tokens, checkpoints:  0,    45.380 MiB
srv        update:    - prompt 0xfffe1c002440:     425 tokens, checkpoints:  0,    53.131 MiB
srv        update:    - prompt 0x439b5f0:     409 tokens, checkpoints:  0,    51.130 MiB
srv        update:    - prompt 0x439fb50:     412 tokens, checkpoints:  0,    51.505 MiB
srv        update:    - prompt 0x32210b0:     418 tokens, checkpoints:  0,    52.256 MiB
srv        update:    - prompt 0xf0c700:     415 tokens, checkpoints:  0,    51.880 MiB
srv        update:    - prompt 0x322c4e0:     431 tokens, checkpoints:  0,    53.881 MiB
srv        update:    - prompt 0xf0e5d0:     431 tokens, checkpoints:  0,    53.881 MiB
srv        update:    - prompt 0xf0c4e0:     107 tokens, checkpoints:  0,    13.377 MiB
srv        update:    - prompt 0xeef310:     105 tokens, checkpoints:  0,    13.127 MiB
srv        update:    - prompt 0xf0ad80:     110 tokens, checkpoints:  0,    13.752 MiB
srv        update:    - prompt 0x3ae8250:     116 tokens, checkpoints:  0,    14.502 MiB
srv        update:    - prompt 0xee4be0:     109 tokens, checkpoints:  0,    13.627 MiB
srv        update:    - prompt 0x3af74f0:     113 tokens, checkpoints:  0,    14.127 MiB
srv        update:    - prompt 0x439a490:     108 tokens, checkpoints:  0,    13.502 MiB
srv        update:    - prompt 0x3ae0590:     108 tokens, checkpoints:  0,    13.502 MiB
srv        update:    - prompt 0x3ac7fa0:     108 tokens, checkpoints:  0,    13.502 MiB
srv        update:    - prompt 0x439e100:     111 tokens, checkpoints:  0,    13.877 MiB
srv        update:    - prompt 0x3acb060:     119 tokens, checkpoints:  0,    14.877 MiB
srv        update:    - prompt 0x3ad2640:     123 tokens, checkpoints:  0,    15.377 MiB
srv        update:    - prompt 0x3ad74b0:     165 tokens, checkpoints:  0,    20.628 MiB
srv  get_availabl: prompt cache update took 2.87 ms
slot launch_slot_: id  3 | task -1 | sampler chain: logits -> ?penalties -> ?dry -> ?top-n-sigma -> top-k -> ?typical -> top-p -> min-p -> ?xtc -> temp-ext -> dist 
slot launch_slot_: id  3 | task 7777 | processing task, is_child = 0
slot slot_save_an: id  0 | task -1 | saving idle slot to prompt cache
srv   prompt_save:  - saving prompt with length 131, total state size = 16.377 MiB
slot prompt_clear: id  0 | task -1 | clearing prompt with 131 tokens
srv        update:  - cache state: 59 prompts, 1196.154 MiB (limits: 8192.000 MiB, 4096 tokens, 65527 est)
srv        update:    - prompt 0x439af80:     106 tokens, checkpoints:  0,    13.252 MiB
srv        update:    - prompt 0xf0ef60:     107 tokens, checkpoints:  0,    13.377 MiB
srv        update:    - prompt 0x321cf30:     106 tokens, checkpoints:  0,    13.252 MiB
srv        update:    - prompt 0x439bbc0:     107 tokens, checkpoints:  0,    13.377 MiB
srv        update:    - prompt 0x321d650:     105 tokens, checkpoints:  0,    13.127 MiB
srv        update:    - prompt 0x321d8b0:     110 tokens, checkpoints:  0,    13.752 MiB
srv        update:    - prompt 0x439fd00:     116 tokens, checkpoints:  0,    14.502 MiB
srv        update:    - prompt 0x322b480:     109 tokens, checkpoints:  0,    13.627 MiB
srv        update:    - prompt 0x4be6150:     113 tokens, checkpoints:  0,    14.127 MiB
srv        update:    - prompt 0x323a9a0:     108 tokens, checkpoints:  0,    13.502 MiB
srv        update:    - prompt 0x32196f0:     108 tokens, checkpoints:  0,    13.502 MiB
srv        update:    - prompt 0x322b390:     108 tokens, checkpoints:  0,    13.502 MiB
srv        update:    - prompt 0x32307d0:     111 tokens, checkpoints:  0,    13.877 MiB
srv        update:    - prompt 0x321d2c0:     119 tokens, checkpoints:  0,    14.877 MiB
srv        update:    - prompt 0xf09400:     123 tokens, checkpoints:  0,    15.377 MiB
srv        update:    - prompt 0x438c810:     131 tokens, checkpoints:  0,    16.377 MiB
srv        update:    - prompt 0x3acc150:     130 tokens, checkpoints:  0,    16.252 MiB
srv        update:    - prompt 0x322db30:     107 tokens, checkpoints:  0,    13.377 MiB
srv        update:    - prompt 0x3ad97f0:     105 tokens, checkpoints:  0,    13.127 MiB
srv        update:    - prompt 0x3ae3990:     110 tokens, checkpoints:  0,    13.752 MiB
srv        update:    - prompt 0xf12110:     116 tokens, checkpoints:  0,    14.502 MiB
srv        update:    - prompt 0x3227d70:     109 tokens, checkpoints:  0,    13.627 MiB
srv        update:    - prompt 0x3ad80f0:     113 tokens, checkpoints:  0,    14.127 MiB
srv        update:    - prompt 0x3adfb10:     108 tokens, checkpoints:  0,    13.502 MiB
srv        update:    - prompt 0x3ae19d0:     108 tokens, checkpoints:  0,    13.502 MiB
srv        update:    - prompt 0x3ad7650:     108 tokens, checkpoints:  0,    13.502 MiB
srv        update:    - prompt 0x3ad5750:     111 tokens, checkpoints:  0,    13.877 MiB
srv        update:    - prompt 0x3af4e20:     119 tokens, checkpoints:  0,    14.877 MiB
srv        update:    - prompt 0x3221890:     123 tokens, checkpoints:  0,    15.377 MiB
srv        update:    - prompt 0x43967b0:     131 tokens, checkpoints:  0,    16.377 MiB
srv        update:    - prompt 0x3226c10:     132 tokens, checkpoints:  0,    16.502 MiB
srv        update:    - prompt 0x3ae3220:     146 tokens, checkpoints:  0,    18.252 MiB
srv        update:    - prompt 0xee0440:     130 tokens, checkpoints:  0,    16.252 MiB
srv        update:    - prompt 0x321a670:     136 tokens, checkpoints:  0,    17.002 MiB
srv        update:    - prompt 0xee3bb0:     136 tokens, checkpoints:  0,    17.002 MiB
srv        update:    - prompt 0x118e9b0:     241 tokens, checkpoints:  0,    30.129 MiB
srv        update:    - prompt 0xfffdcc0062a0:     325 tokens, checkpoints:  0,    40.629 MiB
srv        update:    - prompt 0xfffe28005460:     363 tokens, checkpoints:  0,    45.380 MiB
srv        update:    - prompt 0xfffe1c002440:     425 tokens, checkpoints:  0,    53.131 MiB
srv        update:    - prompt 0x439b5f0:     409 tokens, checkpoints:  0,    51.130 MiB
srv        update:    - prompt 0x439fb50:     412 tokens, checkpoints:  0,    51.505 MiB
srv        update:    - prompt 0x32210b0:     418 tokens, checkpoints:  0,    52.256 MiB
srv        update:    - prompt 0xf0c700:     415 tokens, checkpoints:  0,    51.880 MiB
srv        update:    - prompt 0x322c4e0:     431 tokens, checkpoints:  0,    53.881 MiB
srv        update:    - prompt 0xf0e5d0:     431 tokens, checkpoints:  0,    53.881 MiB
srv        update:    - prompt 0xf0c4e0:     107 tokens, checkpoints:  0,    13.377 MiB
srv        update:    - prompt 0xeef310:     105 tokens, checkpoints:  0,    13.127 MiB
srv        update:    - prompt 0xf0ad80:     110 tokens, checkpoints:  0,    13.752 MiB
srv        update:    - prompt 0x3ae8250:     116 tokens, checkpoints:  0,    14.502 MiB
srv        update:    - prompt 0xee4be0:     109 tokens, checkpoints:  0,    13.627 MiB
srv        update:    - prompt 0x3af74f0:     113 tokens, checkpoints:  0,    14.127 MiB
srv        update:    - prompt 0x439a490:     108 tokens, checkpoints:  0,    13.502 MiB
srv        update:    - prompt 0x3ae0590:     108 tokens, checkpoints:  0,    13.502 MiB
srv        update:    - prompt 0x3ac7fa0:     108 tokens, checkpoints:  0,    13.502 MiB
srv        update:    - prompt 0x439e100:     111 tokens, checkpoints:  0,    13.877 MiB
srv        update:    - prompt 0x3acb060:     119 tokens, checkpoints:  0,    14.877 MiB
srv        update:    - prompt 0x3ad2640:     123 tokens, checkpoints:  0,    15.377 MiB
srv        update:    - prompt 0x3ad74b0:     165 tokens, checkpoints:  0,    20.628 MiB
srv        update:    - prompt 0x3af7790:     131 tokens, checkpoints:  0,    16.377 MiB
slot update_slots: id  3 | task 7777 | new prompt, n_ctx_slot = 4096, n_keep = 0, task.n_tokens = 36
slot update_slots: id  3 | task 7777 | n_tokens = 0, memory_seq_rm [0, end)
slot init_sampler: id  3 | task 7777 | init sampler, took 0.02 ms, tokens: text = 36, total = 36
slot update_slots: id  3 | task 7777 | prompt processing done, n_tokens = 36, batch.n_tokens = 36
srv  log_server_r: done request: POST /completion 127.0.0.1 200
slot print_timing: id  3 | task 7777 | 
prompt eval time =   10145.86 ms /    36 tokens (  281.83 ms per token,     3.55 tokens per second)
       eval time =   32727.16 ms /   100 tokens (  327.27 ms per token,     3.06 tokens per second)
      total time =   42873.02 ms /   136 tokens
slot      release: id  3 | task 7777 | stop processing: n_tokens = 135, truncated = 0
srv  update_slots: all slots are idle
slot get_availabl: id  2 | task -1 | selected slot by LRU, t_last = 282966255904
srv  get_availabl: updating prompt cache
srv          load:  - looking for better prompt, base f_keep = -1.000, sim = 0.000
srv          load:  - found better prompt with f_keep = 0.250, sim = 1.000
srv        update:  - cache state: 58 prompts, 1179.651 MiB (limits: 8192.000 MiB, 4096 tokens, 65527 est)
srv        update:    - prompt 0x439af80:     106 tokens, checkpoints:  0,    13.252 MiB
srv        update:    - prompt 0xf0ef60:     107 tokens, checkpoints:  0,    13.377 MiB
srv        update:    - prompt 0x321cf30:     106 tokens, checkpoints:  0,    13.252 MiB
srv        update:    - prompt 0x439bbc0:     107 tokens, checkpoints:  0,    13.377 MiB
srv        update:    - prompt 0x321d650:     105 tokens, checkpoints:  0,    13.127 MiB
srv        update:    - prompt 0x321d8b0:     110 tokens, checkpoints:  0,    13.752 MiB
srv        update:    - prompt 0x439fd00:     116 tokens, checkpoints:  0,    14.502 MiB
srv        update:    - prompt 0x322b480:     109 tokens, checkpoints:  0,    13.627 MiB
srv        update:    - prompt 0x4be6150:     113 tokens, checkpoints:  0,    14.127 MiB
srv        update:    - prompt 0x323a9a0:     108 tokens, checkpoints:  0,    13.502 MiB
srv        update:    - prompt 0x32196f0:     108 tokens, checkpoints:  0,    13.502 MiB
srv        update:    - prompt 0x322b390:     108 tokens, checkpoints:  0,    13.502 MiB
srv        update:    - prompt 0x32307d0:     111 tokens, checkpoints:  0,    13.877 MiB
srv        update:    - prompt 0x321d2c0:     119 tokens, checkpoints:  0,    14.877 MiB
srv        update:    - prompt 0xf09400:     123 tokens, checkpoints:  0,    15.377 MiB
srv        update:    - prompt 0x438c810:     131 tokens, checkpoints:  0,    16.377 MiB
srv        update:    - prompt 0x3acc150:     130 tokens, checkpoints:  0,    16.252 MiB
srv        update:    - prompt 0x322db30:     107 tokens, checkpoints:  0,    13.377 MiB
srv        update:    - prompt 0x3ad97f0:     105 tokens, checkpoints:  0,    13.127 MiB
srv        update:    - prompt 0x3ae3990:     110 tokens, checkpoints:  0,    13.752 MiB
srv        update:    - prompt 0xf12110:     116 tokens, checkpoints:  0,    14.502 MiB
srv        update:    - prompt 0x3227d70:     109 tokens, checkpoints:  0,    13.627 MiB
srv        update:    - prompt 0x3ad80f0:     113 tokens, checkpoints:  0,    14.127 MiB
srv        update:    - prompt 0x3adfb10:     108 tokens, checkpoints:  0,    13.502 MiB
srv        update:    - prompt 0x3ae19d0:     108 tokens, checkpoints:  0,    13.502 MiB
srv        update:    - prompt 0x3ad7650:     108 tokens, checkpoints:  0,    13.502 MiB
srv        update:    - prompt 0x3ad5750:     111 tokens, checkpoints:  0,    13.877 MiB
srv        update:    - prompt 0x3af4e20:     119 tokens, checkpoints:  0,    14.877 MiB
srv        update:    - prompt 0x3221890:     123 tokens, checkpoints:  0,    15.377 MiB
srv        update:    - prompt 0x43967b0:     131 tokens, checkpoints:  0,    16.377 MiB
srv        update:    - prompt 0x3ae3220:     146 tokens, checkpoints:  0,    18.252 MiB
srv        update:    - prompt 0xee0440:     130 tokens, checkpoints:  0,    16.252 MiB
srv        update:    - prompt 0x321a670:     136 tokens, checkpoints:  0,    17.002 MiB
srv        update:    - prompt 0xee3bb0:     136 tokens, checkpoints:  0,    17.002 MiB
srv        update:    - prompt 0x118e9b0:     241 tokens, checkpoints:  0,    30.129 MiB
srv        update:    - prompt 0xfffdcc0062a0:     325 tokens, checkpoints:  0,    40.629 MiB
srv        update:    - prompt 0xfffe28005460:     363 tokens, checkpoints:  0,    45.380 MiB
srv        update:    - prompt 0xfffe1c002440:     425 tokens, checkpoints:  0,    53.131 MiB
srv        update:    - prompt 0x439b5f0:     409 tokens, checkpoints:  0,    51.130 MiB
srv        update:    - prompt 0x439fb50:     412 tokens, checkpoints:  0,    51.505 MiB
srv        update:    - prompt 0x32210b0:     418 tokens, checkpoints:  0,    52.256 MiB
srv        update:    - prompt 0xf0c700:     415 tokens, checkpoints:  0,    51.880 MiB
srv        update:    - prompt 0x322c4e0:     431 tokens, checkpoints:  0,    53.881 MiB
srv        update:    - prompt 0xf0e5d0:     431 tokens, checkpoints:  0,    53.881 MiB
srv        update:    - prompt 0xf0c4e0:     107 tokens, checkpoints:  0,    13.377 MiB
srv        update:    - prompt 0xeef310:     105 tokens, checkpoints:  0,    13.127 MiB
srv        update:    - prompt 0xf0ad80:     110 tokens, checkpoints:  0,    13.752 MiB
srv        update:    - prompt 0x3ae8250:     116 tokens, checkpoints:  0,    14.502 MiB
srv        update:    - prompt 0xee4be0:     109 tokens, checkpoints:  0,    13.627 MiB
srv        update:    - prompt 0x3af74f0:     113 tokens, checkpoints:  0,    14.127 MiB
srv        update:    - prompt 0x439a490:     108 tokens, checkpoints:  0,    13.502 MiB
srv        update:    - prompt 0x3ae0590:     108 tokens, checkpoints:  0,    13.502 MiB
srv        update:    - prompt 0x3ac7fa0:     108 tokens, checkpoints:  0,    13.502 MiB
srv        update:    - prompt 0x439e100:     111 tokens, checkpoints:  0,    13.877 MiB
srv        update:    - prompt 0x3acb060:     119 tokens, checkpoints:  0,    14.877 MiB
srv        update:    - prompt 0x3ad2640:     123 tokens, checkpoints:  0,    15.377 MiB
srv        update:    - prompt 0x3ad74b0:     165 tokens, checkpoints:  0,    20.628 MiB
srv        update:    - prompt 0x3af7790:     131 tokens, checkpoints:  0,    16.377 MiB
srv  get_availabl: prompt cache update took 2.83 ms
slot launch_slot_: id  2 | task -1 | sampler chain: logits -> ?penalties -> ?dry -> ?top-n-sigma -> top-k -> ?typical -> top-p -> min-p -> ?xtc -> temp-ext -> dist 
slot launch_slot_: id  2 | task 7878 | processing task, is_child = 0
slot slot_save_an: id  3 | task -1 | saving idle slot to prompt cache
srv   prompt_save:  - saving prompt with length 135, total state size = 16.877 MiB
slot prompt_clear: id  3 | task -1 | clearing prompt with 135 tokens
srv        update:  - cache state: 59 prompts, 1196.529 MiB (limits: 8192.000 MiB, 4096 tokens, 65527 est)
srv        update:    - prompt 0x439af80:     106 tokens, checkpoints:  0,    13.252 MiB
srv        update:    - prompt 0xf0ef60:     107 tokens, checkpoints:  0,    13.377 MiB
srv        update:    - prompt 0x321cf30:     106 tokens, checkpoints:  0,    13.252 MiB
srv        update:    - prompt 0x439bbc0:     107 tokens, checkpoints:  0,    13.377 MiB
srv        update:    - prompt 0x321d650:     105 tokens, checkpoints:  0,    13.127 MiB
srv        update:    - prompt 0x321d8b0:     110 tokens, checkpoints:  0,    13.752 MiB
srv        update:    - prompt 0x439fd00:     116 tokens, checkpoints:  0,    14.502 MiB
srv        update:    - prompt 0x322b480:     109 tokens, checkpoints:  0,    13.627 MiB
srv        update:    - prompt 0x4be6150:     113 tokens, checkpoints:  0,    14.127 MiB
srv        update:    - prompt 0x323a9a0:     108 tokens, checkpoints:  0,    13.502 MiB
srv        update:    - prompt 0x32196f0:     108 tokens, checkpoints:  0,    13.502 MiB
srv        update:    - prompt 0x322b390:     108 tokens, checkpoints:  0,    13.502 MiB
srv        update:    - prompt 0x32307d0:     111 tokens, checkpoints:  0,    13.877 MiB
srv        update:    - prompt 0x321d2c0:     119 tokens, checkpoints:  0,    14.877 MiB
srv        update:    - prompt 0xf09400:     123 tokens, checkpoints:  0,    15.377 MiB
srv        update:    - prompt 0x438c810:     131 tokens, checkpoints:  0,    16.377 MiB
srv        update:    - prompt 0x3acc150:     130 tokens, checkpoints:  0,    16.252 MiB
srv        update:    - prompt 0x322db30:     107 tokens, checkpoints:  0,    13.377 MiB
srv        update:    - prompt 0x3ad97f0:     105 tokens, checkpoints:  0,    13.127 MiB
srv        update:    - prompt 0x3ae3990:     110 tokens, checkpoints:  0,    13.752 MiB
srv        update:    - prompt 0xf12110:     116 tokens, checkpoints:  0,    14.502 MiB
srv        update:    - prompt 0x3227d70:     109 tokens, checkpoints:  0,    13.627 MiB
srv        update:    - prompt 0x3ad80f0:     113 tokens, checkpoints:  0,    14.127 MiB
srv        update:    - prompt 0x3adfb10:     108 tokens, checkpoints:  0,    13.502 MiB
srv        update:    - prompt 0x3ae19d0:     108 tokens, checkpoints:  0,    13.502 MiB
srv        update:    - prompt 0x3ad7650:     108 tokens, checkpoints:  0,    13.502 MiB
srv        update:    - prompt 0x3ad5750:     111 tokens, checkpoints:  0,    13.877 MiB
srv        update:    - prompt 0x3af4e20:     119 tokens, checkpoints:  0,    14.877 MiB
srv        update:    - prompt 0x3221890:     123 tokens, checkpoints:  0,    15.377 MiB
srv        update:    - prompt 0x43967b0:     131 tokens, checkpoints:  0,    16.377 MiB
srv        update:    - prompt 0x3ae3220:     146 tokens, checkpoints:  0,    18.252 MiB
srv        update:    - prompt 0xee0440:     130 tokens, checkpoints:  0,    16.252 MiB
srv        update:    - prompt 0x321a670:     136 tokens, checkpoints:  0,    17.002 MiB
srv        update:    - prompt 0xee3bb0:     136 tokens, checkpoints:  0,    17.002 MiB
srv        update:    - prompt 0x118e9b0:     241 tokens, checkpoints:  0,    30.129 MiB
srv        update:    - prompt 0xfffdcc0062a0:     325 tokens, checkpoints:  0,    40.629 MiB
srv        update:    - prompt 0xfffe28005460:     363 tokens, checkpoints:  0,    45.380 MiB
srv        update:    - prompt 0xfffe1c002440:     425 tokens, checkpoints:  0,    53.131 MiB
srv        update:    - prompt 0x439b5f0:     409 tokens, checkpoints:  0,    51.130 MiB
srv        update:    - prompt 0x439fb50:     412 tokens, checkpoints:  0,    51.505 MiB
srv        update:    - prompt 0x32210b0:     418 tokens, checkpoints:  0,    52.256 MiB
srv        update:    - prompt 0xf0c700:     415 tokens, checkpoints:  0,    51.880 MiB
srv        update:    - prompt 0x322c4e0:     431 tokens, checkpoints:  0,    53.881 MiB
srv        update:    - prompt 0xf0e5d0:     431 tokens, checkpoints:  0,    53.881 MiB
srv        update:    - prompt 0xf0c4e0:     107 tokens, checkpoints:  0,    13.377 MiB
srv        update:    - prompt 0xeef310:     105 tokens, checkpoints:  0,    13.127 MiB
srv        update:    - prompt 0xf0ad80:     110 tokens, checkpoints:  0,    13.752 MiB
srv        update:    - prompt 0x3ae8250:     116 tokens, checkpoints:  0,    14.502 MiB
srv        update:    - prompt 0xee4be0:     109 tokens, checkpoints:  0,    13.627 MiB
srv        update:    - prompt 0x3af74f0:     113 tokens, checkpoints:  0,    14.127 MiB
srv        update:    - prompt 0x439a490:     108 tokens, checkpoints:  0,    13.502 MiB
srv        update:    - prompt 0x3ae0590:     108 tokens, checkpoints:  0,    13.502 MiB
srv        update:    - prompt 0x3ac7fa0:     108 tokens, checkpoints:  0,    13.502 MiB
srv        update:    - prompt 0x439e100:     111 tokens, checkpoints:  0,    13.877 MiB
srv        update:    - prompt 0x3acb060:     119 tokens, checkpoints:  0,    14.877 MiB
srv        update:    - prompt 0x3ad2640:     123 tokens, checkpoints:  0,    15.377 MiB
srv        update:    - prompt 0x3ad74b0:     165 tokens, checkpoints:  0,    20.628 MiB
srv        update:    - prompt 0x3af7790:     131 tokens, checkpoints:  0,    16.377 MiB
srv        update:    - prompt 0x3af0dc0:     135 tokens, checkpoints:  0,    16.877 MiB
slot update_slots: id  2 | task 7878 | new prompt, n_ctx_slot = 4096, n_keep = 0, task.n_tokens = 33
slot update_slots: id  2 | task 7878 | n_tokens = 0, memory_seq_rm [0, end)
slot init_sampler: id  2 | task 7878 | init sampler, took 0.02 ms, tokens: text = 33, total = 33
slot update_slots: id  2 | task 7878 | prompt processing done, n_tokens = 33, batch.n_tokens = 33
srv  log_server_r: done request: POST /completion 127.0.0.1 200
slot print_timing: id  2 | task 7878 | 
prompt eval time =    9307.56 ms /    33 tokens (  282.05 ms per token,     3.55 tokens per second)
       eval time =   32703.91 ms /   100 tokens (  327.04 ms per token,     3.06 tokens per second)
      total time =   42011.47 ms /   133 tokens
slot      release: id  2 | task 7878 | stop processing: n_tokens = 132, truncated = 0
srv  update_slots: all slots are idle
slot get_availabl: id  1 | task -1 | selected slot by LRU, t_last = 283020177671
srv  get_availabl: updating prompt cache
srv          load:  - looking for better prompt, base f_keep = -1.000, sim = 0.000
srv          load:  - found better prompt with f_keep = 0.322, sim = 1.000
srv        update:  - cache state: 58 prompts, 1178.276 MiB (limits: 8192.000 MiB, 4096 tokens, 65527 est)
srv        update:    - prompt 0x439af80:     106 tokens, checkpoints:  0,    13.252 MiB
srv        update:    - prompt 0xf0ef60:     107 tokens, checkpoints:  0,    13.377 MiB
srv        update:    - prompt 0x321cf30:     106 tokens, checkpoints:  0,    13.252 MiB
srv        update:    - prompt 0x439bbc0:     107 tokens, checkpoints:  0,    13.377 MiB
srv        update:    - prompt 0x321d650:     105 tokens, checkpoints:  0,    13.127 MiB
srv        update:    - prompt 0x321d8b0:     110 tokens, checkpoints:  0,    13.752 MiB
srv        update:    - prompt 0x439fd00:     116 tokens, checkpoints:  0,    14.502 MiB
srv        update:    - prompt 0x322b480:     109 tokens, checkpoints:  0,    13.627 MiB
srv        update:    - prompt 0x4be6150:     113 tokens, checkpoints:  0,    14.127 MiB
srv        update:    - prompt 0x323a9a0:     108 tokens, checkpoints:  0,    13.502 MiB
srv        update:    - prompt 0x32196f0:     108 tokens, checkpoints:  0,    13.502 MiB
srv        update:    - prompt 0x322b390:     108 tokens, checkpoints:  0,    13.502 MiB
srv        update:    - prompt 0x32307d0:     111 tokens, checkpoints:  0,    13.877 MiB
srv        update:    - prompt 0x321d2c0:     119 tokens, checkpoints:  0,    14.877 MiB
srv        update:    - prompt 0xf09400:     123 tokens, checkpoints:  0,    15.377 MiB
srv        update:    - prompt 0x438c810:     131 tokens, checkpoints:  0,    16.377 MiB
srv        update:    - prompt 0x3acc150:     130 tokens, checkpoints:  0,    16.252 MiB
srv        update:    - prompt 0x322db30:     107 tokens, checkpoints:  0,    13.377 MiB
srv        update:    - prompt 0x3ad97f0:     105 tokens, checkpoints:  0,    13.127 MiB
srv        update:    - prompt 0x3ae3990:     110 tokens, checkpoints:  0,    13.752 MiB
srv        update:    - prompt 0xf12110:     116 tokens, checkpoints:  0,    14.502 MiB
srv        update:    - prompt 0x3227d70:     109 tokens, checkpoints:  0,    13.627 MiB
srv        update:    - prompt 0x3ad80f0:     113 tokens, checkpoints:  0,    14.127 MiB
srv        update:    - prompt 0x3adfb10:     108 tokens, checkpoints:  0,    13.502 MiB
srv        update:    - prompt 0x3ae19d0:     108 tokens, checkpoints:  0,    13.502 MiB
srv        update:    - prompt 0x3ad7650:     108 tokens, checkpoints:  0,    13.502 MiB
srv        update:    - prompt 0x3ad5750:     111 tokens, checkpoints:  0,    13.877 MiB
srv        update:    - prompt 0x3af4e20:     119 tokens, checkpoints:  0,    14.877 MiB
srv        update:    - prompt 0x3221890:     123 tokens, checkpoints:  0,    15.377 MiB
srv        update:    - prompt 0x43967b0:     131 tokens, checkpoints:  0,    16.377 MiB
srv        update:    - prompt 0xee0440:     130 tokens, checkpoints:  0,    16.252 MiB
srv        update:    - prompt 0x321a670:     136 tokens, checkpoints:  0,    17.002 MiB
srv        update:    - prompt 0xee3bb0:     136 tokens, checkpoints:  0,    17.002 MiB
srv        update:    - prompt 0x118e9b0:     241 tokens, checkpoints:  0,    30.129 MiB
srv        update:    - prompt 0xfffdcc0062a0:     325 tokens, checkpoints:  0,    40.629 MiB
srv        update:    - prompt 0xfffe28005460:     363 tokens, checkpoints:  0,    45.380 MiB
srv        update:    - prompt 0xfffe1c002440:     425 tokens, checkpoints:  0,    53.131 MiB
srv        update:    - prompt 0x439b5f0:     409 tokens, checkpoints:  0,    51.130 MiB
srv        update:    - prompt 0x439fb50:     412 tokens, checkpoints:  0,    51.505 MiB
srv        update:    - prompt 0x32210b0:     418 tokens, checkpoints:  0,    52.256 MiB
srv        update:    - prompt 0xf0c700:     415 tokens, checkpoints:  0,    51.880 MiB
srv        update:    - prompt 0x322c4e0:     431 tokens, checkpoints:  0,    53.881 MiB
srv        update:    - prompt 0xf0e5d0:     431 tokens, checkpoints:  0,    53.881 MiB
srv        update:    - prompt 0xf0c4e0:     107 tokens, checkpoints:  0,    13.377 MiB
srv        update:    - prompt 0xeef310:     105 tokens, checkpoints:  0,    13.127 MiB
srv        update:    - prompt 0xf0ad80:     110 tokens, checkpoints:  0,    13.752 MiB
srv        update:    - prompt 0x3ae8250:     116 tokens, checkpoints:  0,    14.502 MiB
srv        update:    - prompt 0xee4be0:     109 tokens, checkpoints:  0,    13.627 MiB
srv        update:    - prompt 0x3af74f0:     113 tokens, checkpoints:  0,    14.127 MiB
srv        update:    - prompt 0x439a490:     108 tokens, checkpoints:  0,    13.502 MiB
srv        update:    - prompt 0x3ae0590:     108 tokens, checkpoints:  0,    13.502 MiB
srv        update:    - prompt 0x3ac7fa0:     108 tokens, checkpoints:  0,    13.502 MiB
srv        update:    - prompt 0x439e100:     111 tokens, checkpoints:  0,    13.877 MiB
srv        update:    - prompt 0x3acb060:     119 tokens, checkpoints:  0,    14.877 MiB
srv        update:    - prompt 0x3ad2640:     123 tokens, checkpoints:  0,    15.377 MiB
srv        update:    - prompt 0x3ad74b0:     165 tokens, checkpoints:  0,    20.628 MiB
srv        update:    - prompt 0x3af7790:     131 tokens, checkpoints:  0,    16.377 MiB
srv        update:    - prompt 0x3af0dc0:     135 tokens, checkpoints:  0,    16.877 MiB
srv  get_availabl: prompt cache update took 2.99 ms
slot launch_slot_: id  1 | task -1 | sampler chain: logits -> ?penalties -> ?dry -> ?top-n-sigma -> top-k -> ?typical -> top-p -> min-p -> ?xtc -> temp-ext -> dist 
slot launch_slot_: id  1 | task 7979 | processing task, is_child = 0
slot slot_save_an: id  2 | task -1 | saving idle slot to prompt cache
srv   prompt_save:  - saving prompt with length 132, total state size = 16.502 MiB
slot prompt_clear: id  2 | task -1 | clearing prompt with 132 tokens
srv        update:  - cache state: 59 prompts, 1194.778 MiB (limits: 8192.000 MiB, 4096 tokens, 65527 est)
srv        update:    - prompt 0x439af80:     106 tokens, checkpoints:  0,    13.252 MiB
srv        update:    - prompt 0xf0ef60:     107 tokens, checkpoints:  0,    13.377 MiB
srv        update:    - prompt 0x321cf30:     106 tokens, checkpoints:  0,    13.252 MiB
srv        update:    - prompt 0x439bbc0:     107 tokens, checkpoints:  0,    13.377 MiB
srv        update:    - prompt 0x321d650:     105 tokens, checkpoints:  0,    13.127 MiB
srv        update:    - prompt 0x321d8b0:     110 tokens, checkpoints:  0,    13.752 MiB
srv        update:    - prompt 0x439fd00:     116 tokens, checkpoints:  0,    14.502 MiB
srv        update:    - prompt 0x322b480:     109 tokens, checkpoints:  0,    13.627 MiB
srv        update:    - prompt 0x4be6150:     113 tokens, checkpoints:  0,    14.127 MiB
srv        update:    - prompt 0x323a9a0:     108 tokens, checkpoints:  0,    13.502 MiB
srv        update:    - prompt 0x32196f0:     108 tokens, checkpoints:  0,    13.502 MiB
srv        update:    - prompt 0x322b390:     108 tokens, checkpoints:  0,    13.502 MiB
srv        update:    - prompt 0x32307d0:     111 tokens, checkpoints:  0,    13.877 MiB
srv        update:    - prompt 0x321d2c0:     119 tokens, checkpoints:  0,    14.877 MiB
srv        update:    - prompt 0xf09400:     123 tokens, checkpoints:  0,    15.377 MiB
srv        update:    - prompt 0x438c810:     131 tokens, checkpoints:  0,    16.377 MiB
srv        update:    - prompt 0x3acc150:     130 tokens, checkpoints:  0,    16.252 MiB
srv        update:    - prompt 0x322db30:     107 tokens, checkpoints:  0,    13.377 MiB
srv        update:    - prompt 0x3ad97f0:     105 tokens, checkpoints:  0,    13.127 MiB
srv        update:    - prompt 0x3ae3990:     110 tokens, checkpoints:  0,    13.752 MiB
srv        update:    - prompt 0xf12110:     116 tokens, checkpoints:  0,    14.502 MiB
srv        update:    - prompt 0x3227d70:     109 tokens, checkpoints:  0,    13.627 MiB
srv        update:    - prompt 0x3ad80f0:     113 tokens, checkpoints:  0,    14.127 MiB
srv        update:    - prompt 0x3adfb10:     108 tokens, checkpoints:  0,    13.502 MiB
srv        update:    - prompt 0x3ae19d0:     108 tokens, checkpoints:  0,    13.502 MiB
srv        update:    - prompt 0x3ad7650:     108 tokens, checkpoints:  0,    13.502 MiB
srv        update:    - prompt 0x3ad5750:     111 tokens, checkpoints:  0,    13.877 MiB
srv        update:    - prompt 0x3af4e20:     119 tokens, checkpoints:  0,    14.877 MiB
srv        update:    - prompt 0x3221890:     123 tokens, checkpoints:  0,    15.377 MiB
srv        update:    - prompt 0x43967b0:     131 tokens, checkpoints:  0,    16.377 MiB
srv        update:    - prompt 0xee0440:     130 tokens, checkpoints:  0,    16.252 MiB
srv        update:    - prompt 0x321a670:     136 tokens, checkpoints:  0,    17.002 MiB
srv        update:    - prompt 0xee3bb0:     136 tokens, checkpoints:  0,    17.002 MiB
srv        update:    - prompt 0x118e9b0:     241 tokens, checkpoints:  0,    30.129 MiB
srv        update:    - prompt 0xfffdcc0062a0:     325 tokens, checkpoints:  0,    40.629 MiB
srv        update:    - prompt 0xfffe28005460:     363 tokens, checkpoints:  0,    45.380 MiB
srv        update:    - prompt 0xfffe1c002440:     425 tokens, checkpoints:  0,    53.131 MiB
srv        update:    - prompt 0x439b5f0:     409 tokens, checkpoints:  0,    51.130 MiB
srv        update:    - prompt 0x439fb50:     412 tokens, checkpoints:  0,    51.505 MiB
srv        update:    - prompt 0x32210b0:     418 tokens, checkpoints:  0,    52.256 MiB
srv        update:    - prompt 0xf0c700:     415 tokens, checkpoints:  0,    51.880 MiB
srv        update:    - prompt 0x322c4e0:     431 tokens, checkpoints:  0,    53.881 MiB
srv        update:    - prompt 0xf0e5d0:     431 tokens, checkpoints:  0,    53.881 MiB
srv        update:    - prompt 0xf0c4e0:     107 tokens, checkpoints:  0,    13.377 MiB
srv        update:    - prompt 0xeef310:     105 tokens, checkpoints:  0,    13.127 MiB
srv        update:    - prompt 0xf0ad80:     110 tokens, checkpoints:  0,    13.752 MiB
srv        update:    - prompt 0x3ae8250:     116 tokens, checkpoints:  0,    14.502 MiB
srv        update:    - prompt 0xee4be0:     109 tokens, checkpoints:  0,    13.627 MiB
srv        update:    - prompt 0x3af74f0:     113 tokens, checkpoints:  0,    14.127 MiB
srv        update:    - prompt 0x439a490:     108 tokens, checkpoints:  0,    13.502 MiB
srv        update:    - prompt 0x3ae0590:     108 tokens, checkpoints:  0,    13.502 MiB
srv        update:    - prompt 0x3ac7fa0:     108 tokens, checkpoints:  0,    13.502 MiB
srv        update:    - prompt 0x439e100:     111 tokens, checkpoints:  0,    13.877 MiB
srv        update:    - prompt 0x3acb060:     119 tokens, checkpoints:  0,    14.877 MiB
srv        update:    - prompt 0x3ad2640:     123 tokens, checkpoints:  0,    15.377 MiB
srv        update:    - prompt 0x3ad74b0:     165 tokens, checkpoints:  0,    20.628 MiB
srv        update:    - prompt 0x3af7790:     131 tokens, checkpoints:  0,    16.377 MiB
srv        update:    - prompt 0x3af0dc0:     135 tokens, checkpoints:  0,    16.877 MiB
srv        update:    - prompt 0x3ae3220:     132 tokens, checkpoints:  0,    16.502 MiB
slot update_slots: id  1 | task 7979 | new prompt, n_ctx_slot = 4096, n_keep = 0, task.n_tokens = 47
slot update_slots: id  1 | task 7979 | n_tokens = 0, memory_seq_rm [0, end)
slot init_sampler: id  1 | task 7979 | init sampler, took 0.03 ms, tokens: text = 47, total = 47
slot update_slots: id  1 | task 7979 | prompt processing done, n_tokens = 47, batch.n_tokens = 47
srv  log_server_r: done request: POST /completion 127.0.0.1 200
slot print_timing: id  1 | task 7979 | 
prompt eval time =   13230.32 ms /    47 tokens (  281.50 ms per token,     3.55 tokens per second)
       eval time =   32776.12 ms /   100 tokens (  327.76 ms per token,     3.05 tokens per second)
      total time =   46006.44 ms /   147 tokens
slot      release: id  1 | task 7979 | stop processing: n_tokens = 146, truncated = 0
srv  update_slots: all slots are idle
slot get_availabl: id  0 | task -1 | selected slot by LRU, t_last = 283062496225
srv  get_availabl: updating prompt cache
srv          load:  - looking for better prompt, base f_keep = -1.000, sim = 0.000
srv        update:  - cache state: 59 prompts, 1194.778 MiB (limits: 8192.000 MiB, 4096 tokens, 65527 est)
srv        update:    - prompt 0x439af80:     106 tokens, checkpoints:  0,    13.252 MiB
srv        update:    - prompt 0xf0ef60:     107 tokens, checkpoints:  0,    13.377 MiB
srv        update:    - prompt 0x321cf30:     106 tokens, checkpoints:  0,    13.252 MiB
srv        update:    - prompt 0x439bbc0:     107 tokens, checkpoints:  0,    13.377 MiB
srv        update:    - prompt 0x321d650:     105 tokens, checkpoints:  0,    13.127 MiB
srv        update:    - prompt 0x321d8b0:     110 tokens, checkpoints:  0,    13.752 MiB
srv        update:    - prompt 0x439fd00:     116 tokens, checkpoints:  0,    14.502 MiB
srv        update:    - prompt 0x322b480:     109 tokens, checkpoints:  0,    13.627 MiB
srv        update:    - prompt 0x4be6150:     113 tokens, checkpoints:  0,    14.127 MiB
srv        update:    - prompt 0x323a9a0:     108 tokens, checkpoints:  0,    13.502 MiB
srv        update:    - prompt 0x32196f0:     108 tokens, checkpoints:  0,    13.502 MiB
srv        update:    - prompt 0x322b390:     108 tokens, checkpoints:  0,    13.502 MiB
srv        update:    - prompt 0x32307d0:     111 tokens, checkpoints:  0,    13.877 MiB
srv        update:    - prompt 0x321d2c0:     119 tokens, checkpoints:  0,    14.877 MiB
srv        update:    - prompt 0xf09400:     123 tokens, checkpoints:  0,    15.377 MiB
srv        update:    - prompt 0x438c810:     131 tokens, checkpoints:  0,    16.377 MiB
srv        update:    - prompt 0x3acc150:     130 tokens, checkpoints:  0,    16.252 MiB
srv        update:    - prompt 0x322db30:     107 tokens, checkpoints:  0,    13.377 MiB
srv        update:    - prompt 0x3ad97f0:     105 tokens, checkpoints:  0,    13.127 MiB
srv        update:    - prompt 0x3ae3990:     110 tokens, checkpoints:  0,    13.752 MiB
srv        update:    - prompt 0xf12110:     116 tokens, checkpoints:  0,    14.502 MiB
srv        update:    - prompt 0x3227d70:     109 tokens, checkpoints:  0,    13.627 MiB
srv        update:    - prompt 0x3ad80f0:     113 tokens, checkpoints:  0,    14.127 MiB
srv        update:    - prompt 0x3adfb10:     108 tokens, checkpoints:  0,    13.502 MiB
srv        update:    - prompt 0x3ae19d0:     108 tokens, checkpoints:  0,    13.502 MiB
srv        update:    - prompt 0x3ad7650:     108 tokens, checkpoints:  0,    13.502 MiB
srv        update:    - prompt 0x3ad5750:     111 tokens, checkpoints:  0,    13.877 MiB
srv        update:    - prompt 0x3af4e20:     119 tokens, checkpoints:  0,    14.877 MiB
srv        update:    - prompt 0x3221890:     123 tokens, checkpoints:  0,    15.377 MiB
srv        update:    - prompt 0x43967b0:     131 tokens, checkpoints:  0,    16.377 MiB
srv        update:    - prompt 0xee0440:     130 tokens, checkpoints:  0,    16.252 MiB
srv        update:    - prompt 0x321a670:     136 tokens, checkpoints:  0,    17.002 MiB
srv        update:    - prompt 0xee3bb0:     136 tokens, checkpoints:  0,    17.002 MiB
srv        update:    - prompt 0x118e9b0:     241 tokens, checkpoints:  0,    30.129 MiB
srv        update:    - prompt 0xfffdcc0062a0:     325 tokens, checkpoints:  0,    40.629 MiB
srv        update:    - prompt 0xfffe28005460:     363 tokens, checkpoints:  0,    45.380 MiB
srv        update:    - prompt 0xfffe1c002440:     425 tokens, checkpoints:  0,    53.131 MiB
srv        update:    - prompt 0x439b5f0:     409 tokens, checkpoints:  0,    51.130 MiB
srv        update:    - prompt 0x439fb50:     412 tokens, checkpoints:  0,    51.505 MiB
srv        update:    - prompt 0x32210b0:     418 tokens, checkpoints:  0,    52.256 MiB
srv        update:    - prompt 0xf0c700:     415 tokens, checkpoints:  0,    51.880 MiB
srv        update:    - prompt 0x322c4e0:     431 tokens, checkpoints:  0,    53.881 MiB
srv        update:    - prompt 0xf0e5d0:     431 tokens, checkpoints:  0,    53.881 MiB
srv        update:    - prompt 0xf0c4e0:     107 tokens, checkpoints:  0,    13.377 MiB
srv        update:    - prompt 0xeef310:     105 tokens, checkpoints:  0,    13.127 MiB
srv        update:    - prompt 0xf0ad80:     110 tokens, checkpoints:  0,    13.752 MiB
srv        update:    - prompt 0x3ae8250:     116 tokens, checkpoints:  0,    14.502 MiB
srv        update:    - prompt 0xee4be0:     109 tokens, checkpoints:  0,    13.627 MiB
srv        update:    - prompt 0x3af74f0:     113 tokens, checkpoints:  0,    14.127 MiB
srv        update:    - prompt 0x439a490:     108 tokens, checkpoints:  0,    13.502 MiB
srv        update:    - prompt 0x3ae0590:     108 tokens, checkpoints:  0,    13.502 MiB
srv        update:    - prompt 0x3ac7fa0:     108 tokens, checkpoints:  0,    13.502 MiB
srv        update:    - prompt 0x439e100:     111 tokens, checkpoints:  0,    13.877 MiB
srv        update:    - prompt 0x3acb060:     119 tokens, checkpoints:  0,    14.877 MiB
srv        update:    - prompt 0x3ad2640:     123 tokens, checkpoints:  0,    15.377 MiB
srv        update:    - prompt 0x3ad74b0:     165 tokens, checkpoints:  0,    20.628 MiB
srv        update:    - prompt 0x3af7790:     131 tokens, checkpoints:  0,    16.377 MiB
srv        update:    - prompt 0x3af0dc0:     135 tokens, checkpoints:  0,    16.877 MiB
srv        update:    - prompt 0x3ae3220:     132 tokens, checkpoints:  0,    16.502 MiB
srv  get_availabl: prompt cache update took 0.26 ms
slot launch_slot_: id  0 | task -1 | sampler chain: logits -> ?penalties -> ?dry -> ?top-n-sigma -> top-k -> ?typical -> top-p -> min-p -> ?xtc -> temp-ext -> dist 
slot launch_slot_: id  0 | task 8080 | processing task, is_child = 0
slot slot_save_an: id  1 | task -1 | saving idle slot to prompt cache
srv   prompt_save:  - saving prompt with length 146, total state size = 18.252 MiB
slot prompt_clear: id  1 | task -1 | clearing prompt with 146 tokens
srv        update:  - cache state: 60 prompts, 1213.031 MiB (limits: 8192.000 MiB, 4096 tokens, 65527 est)
srv        update:    - prompt 0x439af80:     106 tokens, checkpoints:  0,    13.252 MiB
srv        update:    - prompt 0xf0ef60:     107 tokens, checkpoints:  0,    13.377 MiB
srv        update:    - prompt 0x321cf30:     106 tokens, checkpoints:  0,    13.252 MiB
srv        update:    - prompt 0x439bbc0:     107 tokens, checkpoints:  0,    13.377 MiB
srv        update:    - prompt 0x321d650:     105 tokens, checkpoints:  0,    13.127 MiB
srv        update:    - prompt 0x321d8b0:     110 tokens, checkpoints:  0,    13.752 MiB
srv        update:    - prompt 0x439fd00:     116 tokens, checkpoints:  0,    14.502 MiB
srv        update:    - prompt 0x322b480:     109 tokens, checkpoints:  0,    13.627 MiB
srv        update:    - prompt 0x4be6150:     113 tokens, checkpoints:  0,    14.127 MiB
srv        update:    - prompt 0x323a9a0:     108 tokens, checkpoints:  0,    13.502 MiB
srv        update:    - prompt 0x32196f0:     108 tokens, checkpoints:  0,    13.502 MiB
srv        update:    - prompt 0x322b390:     108 tokens, checkpoints:  0,    13.502 MiB
srv        update:    - prompt 0x32307d0:     111 tokens, checkpoints:  0,    13.877 MiB
srv        update:    - prompt 0x321d2c0:     119 tokens, checkpoints:  0,    14.877 MiB
srv        update:    - prompt 0xf09400:     123 tokens, checkpoints:  0,    15.377 MiB
srv        update:    - prompt 0x438c810:     131 tokens, checkpoints:  0,    16.377 MiB
srv        update:    - prompt 0x3acc150:     130 tokens, checkpoints:  0,    16.252 MiB
srv        update:    - prompt 0x322db30:     107 tokens, checkpoints:  0,    13.377 MiB
srv        update:    - prompt 0x3ad97f0:     105 tokens, checkpoints:  0,    13.127 MiB
srv        update:    - prompt 0x3ae3990:     110 tokens, checkpoints:  0,    13.752 MiB
srv        update:    - prompt 0xf12110:     116 tokens, checkpoints:  0,    14.502 MiB
srv        update:    - prompt 0x3227d70:     109 tokens, checkpoints:  0,    13.627 MiB
srv        update:    - prompt 0x3ad80f0:     113 tokens, checkpoints:  0,    14.127 MiB
srv        update:    - prompt 0x3adfb10:     108 tokens, checkpoints:  0,    13.502 MiB
srv        update:    - prompt 0x3ae19d0:     108 tokens, checkpoints:  0,    13.502 MiB
srv        update:    - prompt 0x3ad7650:     108 tokens, checkpoints:  0,    13.502 MiB
srv        update:    - prompt 0x3ad5750:     111 tokens, checkpoints:  0,    13.877 MiB
srv        update:    - prompt 0x3af4e20:     119 tokens, checkpoints:  0,    14.877 MiB
srv        update:    - prompt 0x3221890:     123 tokens, checkpoints:  0,    15.377 MiB
srv        update:    - prompt 0x43967b0:     131 tokens, checkpoints:  0,    16.377 MiB
srv        update:    - prompt 0xee0440:     130 tokens, checkpoints:  0,    16.252 MiB
srv        update:    - prompt 0x321a670:     136 tokens, checkpoints:  0,    17.002 MiB
srv        update:    - prompt 0xee3bb0:     136 tokens, checkpoints:  0,    17.002 MiB
srv        update:    - prompt 0x118e9b0:     241 tokens, checkpoints:  0,    30.129 MiB
srv        update:    - prompt 0xfffdcc0062a0:     325 tokens, checkpoints:  0,    40.629 MiB
srv        update:    - prompt 0xfffe28005460:     363 tokens, checkpoints:  0,    45.380 MiB
srv        update:    - prompt 0xfffe1c002440:     425 tokens, checkpoints:  0,    53.131 MiB
srv        update:    - prompt 0x439b5f0:     409 tokens, checkpoints:  0,    51.130 MiB
srv        update:    - prompt 0x439fb50:     412 tokens, checkpoints:  0,    51.505 MiB
srv        update:    - prompt 0x32210b0:     418 tokens, checkpoints:  0,    52.256 MiB
srv        update:    - prompt 0xf0c700:     415 tokens, checkpoints:  0,    51.880 MiB
srv        update:    - prompt 0x322c4e0:     431 tokens, checkpoints:  0,    53.881 MiB
srv        update:    - prompt 0xf0e5d0:     431 tokens, checkpoints:  0,    53.881 MiB
srv        update:    - prompt 0xf0c4e0:     107 tokens, checkpoints:  0,    13.377 MiB
srv        update:    - prompt 0xeef310:     105 tokens, checkpoints:  0,    13.127 MiB
srv        update:    - prompt 0xf0ad80:     110 tokens, checkpoints:  0,    13.752 MiB
srv        update:    - prompt 0x3ae8250:     116 tokens, checkpoints:  0,    14.502 MiB
srv        update:    - prompt 0xee4be0:     109 tokens, checkpoints:  0,    13.627 MiB
srv        update:    - prompt 0x3af74f0:     113 tokens, checkpoints:  0,    14.127 MiB
srv        update:    - prompt 0x439a490:     108 tokens, checkpoints:  0,    13.502 MiB
srv        update:    - prompt 0x3ae0590:     108 tokens, checkpoints:  0,    13.502 MiB
srv        update:    - prompt 0x3ac7fa0:     108 tokens, checkpoints:  0,    13.502 MiB
srv        update:    - prompt 0x439e100:     111 tokens, checkpoints:  0,    13.877 MiB
srv        update:    - prompt 0x3acb060:     119 tokens, checkpoints:  0,    14.877 MiB
srv        update:    - prompt 0x3ad2640:     123 tokens, checkpoints:  0,    15.377 MiB
srv        update:    - prompt 0x3ad74b0:     165 tokens, checkpoints:  0,    20.628 MiB
srv        update:    - prompt 0x3af7790:     131 tokens, checkpoints:  0,    16.377 MiB
srv        update:    - prompt 0x3af0dc0:     135 tokens, checkpoints:  0,    16.877 MiB
srv        update:    - prompt 0x3ae3220:     132 tokens, checkpoints:  0,    16.502 MiB
srv        update:    - prompt 0x3ad7550:     146 tokens, checkpoints:  0,    18.252 MiB
slot update_slots: id  0 | task 8080 | new prompt, n_ctx_slot = 4096, n_keep = 0, task.n_tokens = 31
slot update_slots: id  0 | task 8080 | n_tokens = 0, memory_seq_rm [0, end)
slot init_sampler: id  0 | task 8080 | init sampler, took 0.02 ms, tokens: text = 31, total = 31
slot update_slots: id  0 | task 8080 | prompt processing done, n_tokens = 31, batch.n_tokens = 31
srv  log_server_r: done request: POST /completion 127.0.0.1 200
slot print_timing: id  0 | task 8080 | 
prompt eval time =    8731.56 ms /    31 tokens (  281.66 ms per token,     3.55 tokens per second)
       eval time =   32702.30 ms /   100 tokens (  327.02 ms per token,     3.06 tokens per second)
      total time =   41433.86 ms /   131 tokens
slot      release: id  0 | task 8080 | stop processing: n_tokens = 130, truncated = 0
srv  update_slots: all slots are idle
slot get_availabl: id  3 | task -1 | selected slot by LRU, t_last = 283105961025
srv  get_availabl: updating prompt cache
srv          load:  - looking for better prompt, base f_keep = -1.000, sim = 0.000
srv          load:  - found better prompt with f_keep = 0.272, sim = 1.000
srv        update:  - cache state: 59 prompts, 1196.029 MiB (limits: 8192.000 MiB, 4096 tokens, 65527 est)
srv        update:    - prompt 0x439af80:     106 tokens, checkpoints:  0,    13.252 MiB
srv        update:    - prompt 0xf0ef60:     107 tokens, checkpoints:  0,    13.377 MiB
srv        update:    - prompt 0x321cf30:     106 tokens, checkpoints:  0,    13.252 MiB
srv        update:    - prompt 0x439bbc0:     107 tokens, checkpoints:  0,    13.377 MiB
srv        update:    - prompt 0x321d650:     105 tokens, checkpoints:  0,    13.127 MiB
srv        update:    - prompt 0x321d8b0:     110 tokens, checkpoints:  0,    13.752 MiB
srv        update:    - prompt 0x439fd00:     116 tokens, checkpoints:  0,    14.502 MiB
srv        update:    - prompt 0x322b480:     109 tokens, checkpoints:  0,    13.627 MiB
srv        update:    - prompt 0x4be6150:     113 tokens, checkpoints:  0,    14.127 MiB
srv        update:    - prompt 0x323a9a0:     108 tokens, checkpoints:  0,    13.502 MiB
srv        update:    - prompt 0x32196f0:     108 tokens, checkpoints:  0,    13.502 MiB
srv        update:    - prompt 0x322b390:     108 tokens, checkpoints:  0,    13.502 MiB
srv        update:    - prompt 0x32307d0:     111 tokens, checkpoints:  0,    13.877 MiB
srv        update:    - prompt 0x321d2c0:     119 tokens, checkpoints:  0,    14.877 MiB
srv        update:    - prompt 0xf09400:     123 tokens, checkpoints:  0,    15.377 MiB
srv        update:    - prompt 0x438c810:     131 tokens, checkpoints:  0,    16.377 MiB
srv        update:    - prompt 0x3acc150:     130 tokens, checkpoints:  0,    16.252 MiB
srv        update:    - prompt 0x322db30:     107 tokens, checkpoints:  0,    13.377 MiB
srv        update:    - prompt 0x3ad97f0:     105 tokens, checkpoints:  0,    13.127 MiB
srv        update:    - prompt 0x3ae3990:     110 tokens, checkpoints:  0,    13.752 MiB
srv        update:    - prompt 0xf12110:     116 tokens, checkpoints:  0,    14.502 MiB
srv        update:    - prompt 0x3227d70:     109 tokens, checkpoints:  0,    13.627 MiB
srv        update:    - prompt 0x3ad80f0:     113 tokens, checkpoints:  0,    14.127 MiB
srv        update:    - prompt 0x3adfb10:     108 tokens, checkpoints:  0,    13.502 MiB
srv        update:    - prompt 0x3ae19d0:     108 tokens, checkpoints:  0,    13.502 MiB
srv        update:    - prompt 0x3ad7650:     108 tokens, checkpoints:  0,    13.502 MiB
srv        update:    - prompt 0x3ad5750:     111 tokens, checkpoints:  0,    13.877 MiB
srv        update:    - prompt 0x3af4e20:     119 tokens, checkpoints:  0,    14.877 MiB
srv        update:    - prompt 0x3221890:     123 tokens, checkpoints:  0,    15.377 MiB
srv        update:    - prompt 0x43967b0:     131 tokens, checkpoints:  0,    16.377 MiB
srv        update:    - prompt 0xee0440:     130 tokens, checkpoints:  0,    16.252 MiB
srv        update:    - prompt 0xee3bb0:     136 tokens, checkpoints:  0,    17.002 MiB
srv        update:    - prompt 0x118e9b0:     241 tokens, checkpoints:  0,    30.129 MiB
srv        update:    - prompt 0xfffdcc0062a0:     325 tokens, checkpoints:  0,    40.629 MiB
srv        update:    - prompt 0xfffe28005460:     363 tokens, checkpoints:  0,    45.380 MiB
srv        update:    - prompt 0xfffe1c002440:     425 tokens, checkpoints:  0,    53.131 MiB
srv        update:    - prompt 0x439b5f0:     409 tokens, checkpoints:  0,    51.130 MiB
srv        update:    - prompt 0x439fb50:     412 tokens, checkpoints:  0,    51.505 MiB
srv        update:    - prompt 0x32210b0:     418 tokens, checkpoints:  0,    52.256 MiB
srv        update:    - prompt 0xf0c700:     415 tokens, checkpoints:  0,    51.880 MiB
srv        update:    - prompt 0x322c4e0:     431 tokens, checkpoints:  0,    53.881 MiB
srv        update:    - prompt 0xf0e5d0:     431 tokens, checkpoints:  0,    53.881 MiB
srv        update:    - prompt 0xf0c4e0:     107 tokens, checkpoints:  0,    13.377 MiB
srv        update:    - prompt 0xeef310:     105 tokens, checkpoints:  0,    13.127 MiB
srv        update:    - prompt 0xf0ad80:     110 tokens, checkpoints:  0,    13.752 MiB
srv        update:    - prompt 0x3ae8250:     116 tokens, checkpoints:  0,    14.502 MiB
srv        update:    - prompt 0xee4be0:     109 tokens, checkpoints:  0,    13.627 MiB
srv        update:    - prompt 0x3af74f0:     113 tokens, checkpoints:  0,    14.127 MiB
srv        update:    - prompt 0x439a490:     108 tokens, checkpoints:  0,    13.502 MiB
srv        update:    - prompt 0x3ae0590:     108 tokens, checkpoints:  0,    13.502 MiB
srv        update:    - prompt 0x3ac7fa0:     108 tokens, checkpoints:  0,    13.502 MiB
srv        update:    - prompt 0x439e100:     111 tokens, checkpoints:  0,    13.877 MiB
srv        update:    - prompt 0x3acb060:     119 tokens, checkpoints:  0,    14.877 MiB
srv        update:    - prompt 0x3ad2640:     123 tokens, checkpoints:  0,    15.377 MiB
srv        update:    - prompt 0x3ad74b0:     165 tokens, checkpoints:  0,    20.628 MiB
srv        update:    - prompt 0x3af7790:     131 tokens, checkpoints:  0,    16.377 MiB
srv        update:    - prompt 0x3af0dc0:     135 tokens, checkpoints:  0,    16.877 MiB
srv        update:    - prompt 0x3ae3220:     132 tokens, checkpoints:  0,    16.502 MiB
srv        update:    - prompt 0x3ad7550:     146 tokens, checkpoints:  0,    18.252 MiB
srv  get_availabl: prompt cache update took 2.94 ms
slot launch_slot_: id  3 | task -1 | sampler chain: logits -> ?penalties -> ?dry -> ?top-n-sigma -> top-k -> ?typical -> top-p -> min-p -> ?xtc -> temp-ext -> dist 
slot launch_slot_: id  3 | task 8181 | processing task, is_child = 0
slot slot_save_an: id  0 | task -1 | saving idle slot to prompt cache
srv   prompt_save:  - saving prompt with length 130, total state size = 16.252 MiB
slot prompt_clear: id  0 | task -1 | clearing prompt with 130 tokens
srv        update:  - cache state: 60 prompts, 1212.281 MiB (limits: 8192.000 MiB, 4096 tokens, 65527 est)
srv        update:    - prompt 0x439af80:     106 tokens, checkpoints:  0,    13.252 MiB
srv        update:    - prompt 0xf0ef60:     107 tokens, checkpoints:  0,    13.377 MiB
srv        update:    - prompt 0x321cf30:     106 tokens, checkpoints:  0,    13.252 MiB
srv        update:    - prompt 0x439bbc0:     107 tokens, checkpoints:  0,    13.377 MiB
srv        update:    - prompt 0x321d650:     105 tokens, checkpoints:  0,    13.127 MiB
srv        update:    - prompt 0x321d8b0:     110 tokens, checkpoints:  0,    13.752 MiB
srv        update:    - prompt 0x439fd00:     116 tokens, checkpoints:  0,    14.502 MiB
srv        update:    - prompt 0x322b480:     109 tokens, checkpoints:  0,    13.627 MiB
srv        update:    - prompt 0x4be6150:     113 tokens, checkpoints:  0,    14.127 MiB
srv        update:    - prompt 0x323a9a0:     108 tokens, checkpoints:  0,    13.502 MiB
srv        update:    - prompt 0x32196f0:     108 tokens, checkpoints:  0,    13.502 MiB
srv        update:    - prompt 0x322b390:     108 tokens, checkpoints:  0,    13.502 MiB
srv        update:    - prompt 0x32307d0:     111 tokens, checkpoints:  0,    13.877 MiB
srv        update:    - prompt 0x321d2c0:     119 tokens, checkpoints:  0,    14.877 MiB
srv        update:    - prompt 0xf09400:     123 tokens, checkpoints:  0,    15.377 MiB
srv        update:    - prompt 0x438c810:     131 tokens, checkpoints:  0,    16.377 MiB
srv        update:    - prompt 0x3acc150:     130 tokens, checkpoints:  0,    16.252 MiB
srv        update:    - prompt 0x322db30:     107 tokens, checkpoints:  0,    13.377 MiB
srv        update:    - prompt 0x3ad97f0:     105 tokens, checkpoints:  0,    13.127 MiB
srv        update:    - prompt 0x3ae3990:     110 tokens, checkpoints:  0,    13.752 MiB
srv        update:    - prompt 0xf12110:     116 tokens, checkpoints:  0,    14.502 MiB
srv        update:    - prompt 0x3227d70:     109 tokens, checkpoints:  0,    13.627 MiB
srv        update:    - prompt 0x3ad80f0:     113 tokens, checkpoints:  0,    14.127 MiB
srv        update:    - prompt 0x3adfb10:     108 tokens, checkpoints:  0,    13.502 MiB
srv        update:    - prompt 0x3ae19d0:     108 tokens, checkpoints:  0,    13.502 MiB
srv        update:    - prompt 0x3ad7650:     108 tokens, checkpoints:  0,    13.502 MiB
srv        update:    - prompt 0x3ad5750:     111 tokens, checkpoints:  0,    13.877 MiB
srv        update:    - prompt 0x3af4e20:     119 tokens, checkpoints:  0,    14.877 MiB
srv        update:    - prompt 0x3221890:     123 tokens, checkpoints:  0,    15.377 MiB
srv        update:    - prompt 0x43967b0:     131 tokens, checkpoints:  0,    16.377 MiB
srv        update:    - prompt 0xee0440:     130 tokens, checkpoints:  0,    16.252 MiB
srv        update:    - prompt 0xee3bb0:     136 tokens, checkpoints:  0,    17.002 MiB
srv        update:    - prompt 0x118e9b0:     241 tokens, checkpoints:  0,    30.129 MiB
srv        update:    - prompt 0xfffdcc0062a0:     325 tokens, checkpoints:  0,    40.629 MiB
srv        update:    - prompt 0xfffe28005460:     363 tokens, checkpoints:  0,    45.380 MiB
srv        update:    - prompt 0xfffe1c002440:     425 tokens, checkpoints:  0,    53.131 MiB
srv        update:    - prompt 0x439b5f0:     409 tokens, checkpoints:  0,    51.130 MiB
srv        update:    - prompt 0x439fb50:     412 tokens, checkpoints:  0,    51.505 MiB
srv        update:    - prompt 0x32210b0:     418 tokens, checkpoints:  0,    52.256 MiB
srv        update:    - prompt 0xf0c700:     415 tokens, checkpoints:  0,    51.880 MiB
srv        update:    - prompt 0x322c4e0:     431 tokens, checkpoints:  0,    53.881 MiB
srv        update:    - prompt 0xf0e5d0:     431 tokens, checkpoints:  0,    53.881 MiB
srv        update:    - prompt 0xf0c4e0:     107 tokens, checkpoints:  0,    13.377 MiB
srv        update:    - prompt 0xeef310:     105 tokens, checkpoints:  0,    13.127 MiB
srv        update:    - prompt 0xf0ad80:     110 tokens, checkpoints:  0,    13.752 MiB
srv        update:    - prompt 0x3ae8250:     116 tokens, checkpoints:  0,    14.502 MiB
srv        update:    - prompt 0xee4be0:     109 tokens, checkpoints:  0,    13.627 MiB
srv        update:    - prompt 0x3af74f0:     113 tokens, checkpoints:  0,    14.127 MiB
srv        update:    - prompt 0x439a490:     108 tokens, checkpoints:  0,    13.502 MiB
srv        update:    - prompt 0x3ae0590:     108 tokens, checkpoints:  0,    13.502 MiB
srv        update:    - prompt 0x3ac7fa0:     108 tokens, checkpoints:  0,    13.502 MiB
srv        update:    - prompt 0x439e100:     111 tokens, checkpoints:  0,    13.877 MiB
srv        update:    - prompt 0x3acb060:     119 tokens, checkpoints:  0,    14.877 MiB
srv        update:    - prompt 0x3ad2640:     123 tokens, checkpoints:  0,    15.377 MiB
srv        update:    - prompt 0x3ad74b0:     165 tokens, checkpoints:  0,    20.628 MiB
srv        update:    - prompt 0x3af7790:     131 tokens, checkpoints:  0,    16.377 MiB
srv        update:    - prompt 0x3af0dc0:     135 tokens, checkpoints:  0,    16.877 MiB
srv        update:    - prompt 0x3ae3220:     132 tokens, checkpoints:  0,    16.502 MiB
srv        update:    - prompt 0x3ad7550:     146 tokens, checkpoints:  0,    18.252 MiB
srv        update:    - prompt 0x321a670:     130 tokens, checkpoints:  0,    16.252 MiB
slot update_slots: id  3 | task 8181 | new prompt, n_ctx_slot = 4096, n_keep = 0, task.n_tokens = 37
slot update_slots: id  3 | task 8181 | n_tokens = 0, memory_seq_rm [0, end)
slot init_sampler: id  3 | task 8181 | init sampler, took 0.02 ms, tokens: text = 37, total = 37
slot update_slots: id  3 | task 8181 | prompt processing done, n_tokens = 37, batch.n_tokens = 37
srv  log_server_r: done request: POST /completion 127.0.0.1 200
slot print_timing: id  3 | task 8181 | 
prompt eval time =   10424.57 ms /    37 tokens (  281.75 ms per token,     3.55 tokens per second)
       eval time =   32729.38 ms /   100 tokens (  327.29 ms per token,     3.06 tokens per second)
      total time =   43153.95 ms /   137 tokens
slot      release: id  3 | task 8181 | stop processing: n_tokens = 136, truncated = 0
srv  update_slots: all slots are idle
slot get_availabl: id  2 | task -1 | selected slot by LRU, t_last = 283148564860
srv  get_availabl: updating prompt cache
srv          load:  - looking for better prompt, base f_keep = -1.000, sim = 0.000
srv          load:  - found better prompt with f_keep = 0.272, sim = 1.000
srv        update:  - cache state: 59 prompts, 1195.279 MiB (limits: 8192.000 MiB, 4096 tokens, 65527 est)
srv        update:    - prompt 0x439af80:     106 tokens, checkpoints:  0,    13.252 MiB
srv        update:    - prompt 0xf0ef60:     107 tokens, checkpoints:  0,    13.377 MiB
srv        update:    - prompt 0x321cf30:     106 tokens, checkpoints:  0,    13.252 MiB
srv        update:    - prompt 0x439bbc0:     107 tokens, checkpoints:  0,    13.377 MiB
srv        update:    - prompt 0x321d650:     105 tokens, checkpoints:  0,    13.127 MiB
srv        update:    - prompt 0x321d8b0:     110 tokens, checkpoints:  0,    13.752 MiB
srv        update:    - prompt 0x439fd00:     116 tokens, checkpoints:  0,    14.502 MiB
srv        update:    - prompt 0x322b480:     109 tokens, checkpoints:  0,    13.627 MiB
srv        update:    - prompt 0x4be6150:     113 tokens, checkpoints:  0,    14.127 MiB
srv        update:    - prompt 0x323a9a0:     108 tokens, checkpoints:  0,    13.502 MiB
srv        update:    - prompt 0x32196f0:     108 tokens, checkpoints:  0,    13.502 MiB
srv        update:    - prompt 0x322b390:     108 tokens, checkpoints:  0,    13.502 MiB
srv        update:    - prompt 0x32307d0:     111 tokens, checkpoints:  0,    13.877 MiB
srv        update:    - prompt 0x321d2c0:     119 tokens, checkpoints:  0,    14.877 MiB
srv        update:    - prompt 0xf09400:     123 tokens, checkpoints:  0,    15.377 MiB
srv        update:    - prompt 0x438c810:     131 tokens, checkpoints:  0,    16.377 MiB
srv        update:    - prompt 0x3acc150:     130 tokens, checkpoints:  0,    16.252 MiB
srv        update:    - prompt 0x322db30:     107 tokens, checkpoints:  0,    13.377 MiB
srv        update:    - prompt 0x3ad97f0:     105 tokens, checkpoints:  0,    13.127 MiB
srv        update:    - prompt 0x3ae3990:     110 tokens, checkpoints:  0,    13.752 MiB
srv        update:    - prompt 0xf12110:     116 tokens, checkpoints:  0,    14.502 MiB
srv        update:    - prompt 0x3227d70:     109 tokens, checkpoints:  0,    13.627 MiB
srv        update:    - prompt 0x3ad80f0:     113 tokens, checkpoints:  0,    14.127 MiB
srv        update:    - prompt 0x3adfb10:     108 tokens, checkpoints:  0,    13.502 MiB
srv        update:    - prompt 0x3ae19d0:     108 tokens, checkpoints:  0,    13.502 MiB
srv        update:    - prompt 0x3ad7650:     108 tokens, checkpoints:  0,    13.502 MiB
srv        update:    - prompt 0x3ad5750:     111 tokens, checkpoints:  0,    13.877 MiB
srv        update:    - prompt 0x3af4e20:     119 tokens, checkpoints:  0,    14.877 MiB
srv        update:    - prompt 0x3221890:     123 tokens, checkpoints:  0,    15.377 MiB
srv        update:    - prompt 0x43967b0:     131 tokens, checkpoints:  0,    16.377 MiB
srv        update:    - prompt 0xee0440:     130 tokens, checkpoints:  0,    16.252 MiB
srv        update:    - prompt 0x118e9b0:     241 tokens, checkpoints:  0,    30.129 MiB
srv        update:    - prompt 0xfffdcc0062a0:     325 tokens, checkpoints:  0,    40.629 MiB
srv        update:    - prompt 0xfffe28005460:     363 tokens, checkpoints:  0,    45.380 MiB
srv        update:    - prompt 0xfffe1c002440:     425 tokens, checkpoints:  0,    53.131 MiB
srv        update:    - prompt 0x439b5f0:     409 tokens, checkpoints:  0,    51.130 MiB
srv        update:    - prompt 0x439fb50:     412 tokens, checkpoints:  0,    51.505 MiB
srv        update:    - prompt 0x32210b0:     418 tokens, checkpoints:  0,    52.256 MiB
srv        update:    - prompt 0xf0c700:     415 tokens, checkpoints:  0,    51.880 MiB
srv        update:    - prompt 0x322c4e0:     431 tokens, checkpoints:  0,    53.881 MiB
srv        update:    - prompt 0xf0e5d0:     431 tokens, checkpoints:  0,    53.881 MiB
srv        update:    - prompt 0xf0c4e0:     107 tokens, checkpoints:  0,    13.377 MiB
srv        update:    - prompt 0xeef310:     105 tokens, checkpoints:  0,    13.127 MiB
srv        update:    - prompt 0xf0ad80:     110 tokens, checkpoints:  0,    13.752 MiB
srv        update:    - prompt 0x3ae8250:     116 tokens, checkpoints:  0,    14.502 MiB
srv        update:    - prompt 0xee4be0:     109 tokens, checkpoints:  0,    13.627 MiB
srv        update:    - prompt 0x3af74f0:     113 tokens, checkpoints:  0,    14.127 MiB
srv        update:    - prompt 0x439a490:     108 tokens, checkpoints:  0,    13.502 MiB
srv        update:    - prompt 0x3ae0590:     108 tokens, checkpoints:  0,    13.502 MiB
srv        update:    - prompt 0x3ac7fa0:     108 tokens, checkpoints:  0,    13.502 MiB
srv        update:    - prompt 0x439e100:     111 tokens, checkpoints:  0,    13.877 MiB
srv        update:    - prompt 0x3acb060:     119 tokens, checkpoints:  0,    14.877 MiB
srv        update:    - prompt 0x3ad2640:     123 tokens, checkpoints:  0,    15.377 MiB
srv        update:    - prompt 0x3ad74b0:     165 tokens, checkpoints:  0,    20.628 MiB
srv        update:    - prompt 0x3af7790:     131 tokens, checkpoints:  0,    16.377 MiB
srv        update:    - prompt 0x3af0dc0:     135 tokens, checkpoints:  0,    16.877 MiB
srv        update:    - prompt 0x3ae3220:     132 tokens, checkpoints:  0,    16.502 MiB
srv        update:    - prompt 0x3ad7550:     146 tokens, checkpoints:  0,    18.252 MiB
srv        update:    - prompt 0x321a670:     130 tokens, checkpoints:  0,    16.252 MiB
srv  get_availabl: prompt cache update took 2.83 ms
slot launch_slot_: id  2 | task -1 | sampler chain: logits -> ?penalties -> ?dry -> ?top-n-sigma -> top-k -> ?typical -> top-p -> min-p -> ?xtc -> temp-ext -> dist 
slot launch_slot_: id  2 | task 8282 | processing task, is_child = 0
slot slot_save_an: id  3 | task -1 | saving idle slot to prompt cache
srv   prompt_save:  - saving prompt with length 136, total state size = 17.002 MiB
slot prompt_clear: id  3 | task -1 | clearing prompt with 136 tokens
srv        update:  - cache state: 60 prompts, 1212.281 MiB (limits: 8192.000 MiB, 4096 tokens, 65527 est)
srv        update:    - prompt 0x439af80:     106 tokens, checkpoints:  0,    13.252 MiB
srv        update:    - prompt 0xf0ef60:     107 tokens, checkpoints:  0,    13.377 MiB
srv        update:    - prompt 0x321cf30:     106 tokens, checkpoints:  0,    13.252 MiB
srv        update:    - prompt 0x439bbc0:     107 tokens, checkpoints:  0,    13.377 MiB
srv        update:    - prompt 0x321d650:     105 tokens, checkpoints:  0,    13.127 MiB
srv        update:    - prompt 0x321d8b0:     110 tokens, checkpoints:  0,    13.752 MiB
srv        update:    - prompt 0x439fd00:     116 tokens, checkpoints:  0,    14.502 MiB
srv        update:    - prompt 0x322b480:     109 tokens, checkpoints:  0,    13.627 MiB
srv        update:    - prompt 0x4be6150:     113 tokens, checkpoints:  0,    14.127 MiB
srv        update:    - prompt 0x323a9a0:     108 tokens, checkpoints:  0,    13.502 MiB
srv        update:    - prompt 0x32196f0:     108 tokens, checkpoints:  0,    13.502 MiB
srv        update:    - prompt 0x322b390:     108 tokens, checkpoints:  0,    13.502 MiB
srv        update:    - prompt 0x32307d0:     111 tokens, checkpoints:  0,    13.877 MiB
srv        update:    - prompt 0x321d2c0:     119 tokens, checkpoints:  0,    14.877 MiB
srv        update:    - prompt 0xf09400:     123 tokens, checkpoints:  0,    15.377 MiB
srv        update:    - prompt 0x438c810:     131 tokens, checkpoints:  0,    16.377 MiB
srv        update:    - prompt 0x3acc150:     130 tokens, checkpoints:  0,    16.252 MiB
srv        update:    - prompt 0x322db30:     107 tokens, checkpoints:  0,    13.377 MiB
srv        update:    - prompt 0x3ad97f0:     105 tokens, checkpoints:  0,    13.127 MiB
srv        update:    - prompt 0x3ae3990:     110 tokens, checkpoints:  0,    13.752 MiB
srv        update:    - prompt 0xf12110:     116 tokens, checkpoints:  0,    14.502 MiB
srv        update:    - prompt 0x3227d70:     109 tokens, checkpoints:  0,    13.627 MiB
srv        update:    - prompt 0x3ad80f0:     113 tokens, checkpoints:  0,    14.127 MiB
srv        update:    - prompt 0x3adfb10:     108 tokens, checkpoints:  0,    13.502 MiB
srv        update:    - prompt 0x3ae19d0:     108 tokens, checkpoints:  0,    13.502 MiB
srv        update:    - prompt 0x3ad7650:     108 tokens, checkpoints:  0,    13.502 MiB
srv        update:    - prompt 0x3ad5750:     111 tokens, checkpoints:  0,    13.877 MiB
srv        update:    - prompt 0x3af4e20:     119 tokens, checkpoints:  0,    14.877 MiB
srv        update:    - prompt 0x3221890:     123 tokens, checkpoints:  0,    15.377 MiB
srv        update:    - prompt 0x43967b0:     131 tokens, checkpoints:  0,    16.377 MiB
srv        update:    - prompt 0xee0440:     130 tokens, checkpoints:  0,    16.252 MiB
srv        update:    - prompt 0x118e9b0:     241 tokens, checkpoints:  0,    30.129 MiB
srv        update:    - prompt 0xfffdcc0062a0:     325 tokens, checkpoints:  0,    40.629 MiB
srv        update:    - prompt 0xfffe28005460:     363 tokens, checkpoints:  0,    45.380 MiB
srv        update:    - prompt 0xfffe1c002440:     425 tokens, checkpoints:  0,    53.131 MiB
srv        update:    - prompt 0x439b5f0:     409 tokens, checkpoints:  0,    51.130 MiB
srv        update:    - prompt 0x439fb50:     412 tokens, checkpoints:  0,    51.505 MiB
srv        update:    - prompt 0x32210b0:     418 tokens, checkpoints:  0,    52.256 MiB
srv        update:    - prompt 0xf0c700:     415 tokens, checkpoints:  0,    51.880 MiB
srv        update:    - prompt 0x322c4e0:     431 tokens, checkpoints:  0,    53.881 MiB
srv        update:    - prompt 0xf0e5d0:     431 tokens, checkpoints:  0,    53.881 MiB
srv        update:    - prompt 0xf0c4e0:     107 tokens, checkpoints:  0,    13.377 MiB
srv        update:    - prompt 0xeef310:     105 tokens, checkpoints:  0,    13.127 MiB
srv        update:    - prompt 0xf0ad80:     110 tokens, checkpoints:  0,    13.752 MiB
srv        update:    - prompt 0x3ae8250:     116 tokens, checkpoints:  0,    14.502 MiB
srv        update:    - prompt 0xee4be0:     109 tokens, checkpoints:  0,    13.627 MiB
srv        update:    - prompt 0x3af74f0:     113 tokens, checkpoints:  0,    14.127 MiB
srv        update:    - prompt 0x439a490:     108 tokens, checkpoints:  0,    13.502 MiB
srv        update:    - prompt 0x3ae0590:     108 tokens, checkpoints:  0,    13.502 MiB
srv        update:    - prompt 0x3ac7fa0:     108 tokens, checkpoints:  0,    13.502 MiB
srv        update:    - prompt 0x439e100:     111 tokens, checkpoints:  0,    13.877 MiB
srv        update:    - prompt 0x3acb060:     119 tokens, checkpoints:  0,    14.877 MiB
srv        update:    - prompt 0x3ad2640:     123 tokens, checkpoints:  0,    15.377 MiB
srv        update:    - prompt 0x3ad74b0:     165 tokens, checkpoints:  0,    20.628 MiB
srv        update:    - prompt 0x3af7790:     131 tokens, checkpoints:  0,    16.377 MiB
srv        update:    - prompt 0x3af0dc0:     135 tokens, checkpoints:  0,    16.877 MiB
srv        update:    - prompt 0x3ae3220:     132 tokens, checkpoints:  0,    16.502 MiB
srv        update:    - prompt 0x3ad7550:     146 tokens, checkpoints:  0,    18.252 MiB
srv        update:    - prompt 0x321a670:     130 tokens, checkpoints:  0,    16.252 MiB
srv        update:    - prompt 0xee8940:     136 tokens, checkpoints:  0,    17.002 MiB
slot update_slots: id  2 | task 8282 | new prompt, n_ctx_slot = 4096, n_keep = 0, task.n_tokens = 37
slot update_slots: id  2 | task 8282 | n_tokens = 0, memory_seq_rm [0, end)
slot init_sampler: id  2 | task 8282 | init sampler, took 0.02 ms, tokens: text = 37, total = 37
slot update_slots: id  2 | task 8282 | prompt processing done, n_tokens = 37, batch.n_tokens = 37
srv  log_server_r: done request: POST /completion 127.0.0.1 200
slot print_timing: id  2 | task 8282 | 
prompt eval time =   10424.09 ms /    37 tokens (  281.73 ms per token,     3.55 tokens per second)
       eval time =   32729.91 ms /   100 tokens (  327.30 ms per token,     3.06 tokens per second)
      total time =   43154.00 ms /   137 tokens
slot      release: id  2 | task 8282 | stop processing: n_tokens = 136, truncated = 0
srv  update_slots: all slots are idle
slot get_availabl: id  1 | task -1 | selected slot by LRU, t_last = 283195163863
srv  get_availabl: updating prompt cache
srv          load:  - looking for better prompt, base f_keep = -1.000, sim = 0.000
srv          load:  - found better prompt with f_keep = 0.589, sim = 1.000
srv        update:  - cache state: 59 prompts, 1182.152 MiB (limits: 8192.000 MiB, 4096 tokens, 65527 est)
srv        update:    - prompt 0x439af80:     106 tokens, checkpoints:  0,    13.252 MiB
srv        update:    - prompt 0xf0ef60:     107 tokens, checkpoints:  0,    13.377 MiB
srv        update:    - prompt 0x321cf30:     106 tokens, checkpoints:  0,    13.252 MiB
srv        update:    - prompt 0x439bbc0:     107 tokens, checkpoints:  0,    13.377 MiB
srv        update:    - prompt 0x321d650:     105 tokens, checkpoints:  0,    13.127 MiB
srv        update:    - prompt 0x321d8b0:     110 tokens, checkpoints:  0,    13.752 MiB
srv        update:    - prompt 0x439fd00:     116 tokens, checkpoints:  0,    14.502 MiB
srv        update:    - prompt 0x322b480:     109 tokens, checkpoints:  0,    13.627 MiB
srv        update:    - prompt 0x4be6150:     113 tokens, checkpoints:  0,    14.127 MiB
srv        update:    - prompt 0x323a9a0:     108 tokens, checkpoints:  0,    13.502 MiB
srv        update:    - prompt 0x32196f0:     108 tokens, checkpoints:  0,    13.502 MiB
srv        update:    - prompt 0x322b390:     108 tokens, checkpoints:  0,    13.502 MiB
srv        update:    - prompt 0x32307d0:     111 tokens, checkpoints:  0,    13.877 MiB
srv        update:    - prompt 0x321d2c0:     119 tokens, checkpoints:  0,    14.877 MiB
srv        update:    - prompt 0xf09400:     123 tokens, checkpoints:  0,    15.377 MiB
srv        update:    - prompt 0x438c810:     131 tokens, checkpoints:  0,    16.377 MiB
srv        update:    - prompt 0x3acc150:     130 tokens, checkpoints:  0,    16.252 MiB
srv        update:    - prompt 0x322db30:     107 tokens, checkpoints:  0,    13.377 MiB
srv        update:    - prompt 0x3ad97f0:     105 tokens, checkpoints:  0,    13.127 MiB
srv        update:    - prompt 0x3ae3990:     110 tokens, checkpoints:  0,    13.752 MiB
srv        update:    - prompt 0xf12110:     116 tokens, checkpoints:  0,    14.502 MiB
srv        update:    - prompt 0x3227d70:     109 tokens, checkpoints:  0,    13.627 MiB
srv        update:    - prompt 0x3ad80f0:     113 tokens, checkpoints:  0,    14.127 MiB
srv        update:    - prompt 0x3adfb10:     108 tokens, checkpoints:  0,    13.502 MiB
srv        update:    - prompt 0x3ae19d0:     108 tokens, checkpoints:  0,    13.502 MiB
srv        update:    - prompt 0x3ad7650:     108 tokens, checkpoints:  0,    13.502 MiB
srv        update:    - prompt 0x3ad5750:     111 tokens, checkpoints:  0,    13.877 MiB
srv        update:    - prompt 0x3af4e20:     119 tokens, checkpoints:  0,    14.877 MiB
srv        update:    - prompt 0x3221890:     123 tokens, checkpoints:  0,    15.377 MiB
srv        update:    - prompt 0x43967b0:     131 tokens, checkpoints:  0,    16.377 MiB
srv        update:    - prompt 0xee0440:     130 tokens, checkpoints:  0,    16.252 MiB
srv        update:    - prompt 0xfffdcc0062a0:     325 tokens, checkpoints:  0,    40.629 MiB
srv        update:    - prompt 0xfffe28005460:     363 tokens, checkpoints:  0,    45.380 MiB
srv        update:    - prompt 0xfffe1c002440:     425 tokens, checkpoints:  0,    53.131 MiB
srv        update:    - prompt 0x439b5f0:     409 tokens, checkpoints:  0,    51.130 MiB
srv        update:    - prompt 0x439fb50:     412 tokens, checkpoints:  0,    51.505 MiB
srv        update:    - prompt 0x32210b0:     418 tokens, checkpoints:  0,    52.256 MiB
srv        update:    - prompt 0xf0c700:     415 tokens, checkpoints:  0,    51.880 MiB
srv        update:    - prompt 0x322c4e0:     431 tokens, checkpoints:  0,    53.881 MiB
srv        update:    - prompt 0xf0e5d0:     431 tokens, checkpoints:  0,    53.881 MiB
srv        update:    - prompt 0xf0c4e0:     107 tokens, checkpoints:  0,    13.377 MiB
srv        update:    - prompt 0xeef310:     105 tokens, checkpoints:  0,    13.127 MiB
srv        update:    - prompt 0xf0ad80:     110 tokens, checkpoints:  0,    13.752 MiB
srv        update:    - prompt 0x3ae8250:     116 tokens, checkpoints:  0,    14.502 MiB
srv        update:    - prompt 0xee4be0:     109 tokens, checkpoints:  0,    13.627 MiB
srv        update:    - prompt 0x3af74f0:     113 tokens, checkpoints:  0,    14.127 MiB
srv        update:    - prompt 0x439a490:     108 tokens, checkpoints:  0,    13.502 MiB
srv        update:    - prompt 0x3ae0590:     108 tokens, checkpoints:  0,    13.502 MiB
srv        update:    - prompt 0x3ac7fa0:     108 tokens, checkpoints:  0,    13.502 MiB
srv        update:    - prompt 0x439e100:     111 tokens, checkpoints:  0,    13.877 MiB
srv        update:    - prompt 0x3acb060:     119 tokens, checkpoints:  0,    14.877 MiB
srv        update:    - prompt 0x3ad2640:     123 tokens, checkpoints:  0,    15.377 MiB
srv        update:    - prompt 0x3ad74b0:     165 tokens, checkpoints:  0,    20.628 MiB
srv        update:    - prompt 0x3af7790:     131 tokens, checkpoints:  0,    16.377 MiB
srv        update:    - prompt 0x3af0dc0:     135 tokens, checkpoints:  0,    16.877 MiB
srv        update:    - prompt 0x3ae3220:     132 tokens, checkpoints:  0,    16.502 MiB
srv        update:    - prompt 0x3ad7550:     146 tokens, checkpoints:  0,    18.252 MiB
srv        update:    - prompt 0x321a670:     130 tokens, checkpoints:  0,    16.252 MiB
srv        update:    - prompt 0xee8940:     136 tokens, checkpoints:  0,    17.002 MiB
srv  get_availabl: prompt cache update took 4.64 ms
slot launch_slot_: id  1 | task -1 | sampler chain: logits -> ?penalties -> ?dry -> ?top-n-sigma -> top-k -> ?typical -> top-p -> min-p -> ?xtc -> temp-ext -> dist 
slot launch_slot_: id  1 | task 8383 | processing task, is_child = 0
slot slot_save_an: id  2 | task -1 | saving idle slot to prompt cache
srv   prompt_save:  - saving prompt with length 136, total state size = 17.002 MiB
slot prompt_clear: id  2 | task -1 | clearing prompt with 136 tokens
srv        update:  - cache state: 60 prompts, 1199.155 MiB (limits: 8192.000 MiB, 4096 tokens, 65527 est)
srv        update:    - prompt 0x439af80:     106 tokens, checkpoints:  0,    13.252 MiB
srv        update:    - prompt 0xf0ef60:     107 tokens, checkpoints:  0,    13.377 MiB
srv        update:    - prompt 0x321cf30:     106 tokens, checkpoints:  0,    13.252 MiB
srv        update:    - prompt 0x439bbc0:     107 tokens, checkpoints:  0,    13.377 MiB
srv        update:    - prompt 0x321d650:     105 tokens, checkpoints:  0,    13.127 MiB
srv        update:    - prompt 0x321d8b0:     110 tokens, checkpoints:  0,    13.752 MiB
srv        update:    - prompt 0x439fd00:     116 tokens, checkpoints:  0,    14.502 MiB
srv        update:    - prompt 0x322b480:     109 tokens, checkpoints:  0,    13.627 MiB
srv        update:    - prompt 0x4be6150:     113 tokens, checkpoints:  0,    14.127 MiB
srv        update:    - prompt 0x323a9a0:     108 tokens, checkpoints:  0,    13.502 MiB
srv        update:    - prompt 0x32196f0:     108 tokens, checkpoints:  0,    13.502 MiB
srv        update:    - prompt 0x322b390:     108 tokens, checkpoints:  0,    13.502 MiB
srv        update:    - prompt 0x32307d0:     111 tokens, checkpoints:  0,    13.877 MiB
srv        update:    - prompt 0x321d2c0:     119 tokens, checkpoints:  0,    14.877 MiB
srv        update:    - prompt 0xf09400:     123 tokens, checkpoints:  0,    15.377 MiB
srv        update:    - prompt 0x438c810:     131 tokens, checkpoints:  0,    16.377 MiB
srv        update:    - prompt 0x3acc150:     130 tokens, checkpoints:  0,    16.252 MiB
srv        update:    - prompt 0x322db30:     107 tokens, checkpoints:  0,    13.377 MiB
srv        update:    - prompt 0x3ad97f0:     105 tokens, checkpoints:  0,    13.127 MiB
srv        update:    - prompt 0x3ae3990:     110 tokens, checkpoints:  0,    13.752 MiB
srv        update:    - prompt 0xf12110:     116 tokens, checkpoints:  0,    14.502 MiB
srv        update:    - prompt 0x3227d70:     109 tokens, checkpoints:  0,    13.627 MiB
srv        update:    - prompt 0x3ad80f0:     113 tokens, checkpoints:  0,    14.127 MiB
srv        update:    - prompt 0x3adfb10:     108 tokens, checkpoints:  0,    13.502 MiB
srv        update:    - prompt 0x3ae19d0:     108 tokens, checkpoints:  0,    13.502 MiB
srv        update:    - prompt 0x3ad7650:     108 tokens, checkpoints:  0,    13.502 MiB
srv        update:    - prompt 0x3ad5750:     111 tokens, checkpoints:  0,    13.877 MiB
srv        update:    - prompt 0x3af4e20:     119 tokens, checkpoints:  0,    14.877 MiB
srv        update:    - prompt 0x3221890:     123 tokens, checkpoints:  0,    15.377 MiB
srv        update:    - prompt 0x43967b0:     131 tokens, checkpoints:  0,    16.377 MiB
srv        update:    - prompt 0xee0440:     130 tokens, checkpoints:  0,    16.252 MiB
srv        update:    - prompt 0xfffdcc0062a0:     325 tokens, checkpoints:  0,    40.629 MiB
srv        update:    - prompt 0xfffe28005460:     363 tokens, checkpoints:  0,    45.380 MiB
srv        update:    - prompt 0xfffe1c002440:     425 tokens, checkpoints:  0,    53.131 MiB
srv        update:    - prompt 0x439b5f0:     409 tokens, checkpoints:  0,    51.130 MiB
srv        update:    - prompt 0x439fb50:     412 tokens, checkpoints:  0,    51.505 MiB
srv        update:    - prompt 0x32210b0:     418 tokens, checkpoints:  0,    52.256 MiB
srv        update:    - prompt 0xf0c700:     415 tokens, checkpoints:  0,    51.880 MiB
srv        update:    - prompt 0x322c4e0:     431 tokens, checkpoints:  0,    53.881 MiB
srv        update:    - prompt 0xf0e5d0:     431 tokens, checkpoints:  0,    53.881 MiB
srv        update:    - prompt 0xf0c4e0:     107 tokens, checkpoints:  0,    13.377 MiB
srv        update:    - prompt 0xeef310:     105 tokens, checkpoints:  0,    13.127 MiB
srv        update:    - prompt 0xf0ad80:     110 tokens, checkpoints:  0,    13.752 MiB
srv        update:    - prompt 0x3ae8250:     116 tokens, checkpoints:  0,    14.502 MiB
srv        update:    - prompt 0xee4be0:     109 tokens, checkpoints:  0,    13.627 MiB
srv        update:    - prompt 0x3af74f0:     113 tokens, checkpoints:  0,    14.127 MiB
srv        update:    - prompt 0x439a490:     108 tokens, checkpoints:  0,    13.502 MiB
srv        update:    - prompt 0x3ae0590:     108 tokens, checkpoints:  0,    13.502 MiB
srv        update:    - prompt 0x3ac7fa0:     108 tokens, checkpoints:  0,    13.502 MiB
srv        update:    - prompt 0x439e100:     111 tokens, checkpoints:  0,    13.877 MiB
srv        update:    - prompt 0x3acb060:     119 tokens, checkpoints:  0,    14.877 MiB
srv        update:    - prompt 0x3ad2640:     123 tokens, checkpoints:  0,    15.377 MiB
srv        update:    - prompt 0x3ad74b0:     165 tokens, checkpoints:  0,    20.628 MiB
srv        update:    - prompt 0x3af7790:     131 tokens, checkpoints:  0,    16.377 MiB
srv        update:    - prompt 0x3af0dc0:     135 tokens, checkpoints:  0,    16.877 MiB
srv        update:    - prompt 0x3ae3220:     132 tokens, checkpoints:  0,    16.502 MiB
srv        update:    - prompt 0x3ad7550:     146 tokens, checkpoints:  0,    18.252 MiB
srv        update:    - prompt 0x321a670:     130 tokens, checkpoints:  0,    16.252 MiB
srv        update:    - prompt 0xee8940:     136 tokens, checkpoints:  0,    17.002 MiB
srv        update:    - prompt 0x3af24d0:     136 tokens, checkpoints:  0,    17.002 MiB
slot update_slots: id  1 | task 8383 | new prompt, n_ctx_slot = 4096, n_keep = 0, task.n_tokens = 142
slot update_slots: id  1 | task 8383 | n_tokens = 0, memory_seq_rm [0, end)
slot init_sampler: id  1 | task 8383 | init sampler, took 0.07 ms, tokens: text = 142, total = 142
slot update_slots: id  1 | task 8383 | prompt processing done, n_tokens = 142, batch.n_tokens = 142
srv  log_server_r: done request: POST /completion 127.0.0.1 200
slot print_timing: id  1 | task 8383 | 
prompt eval time =   43570.21 ms /   142 tokens (  306.83 ms per token,     3.26 tokens per second)
       eval time =   33294.49 ms /   100 tokens (  332.94 ms per token,     3.00 tokens per second)
      total time =   76864.70 ms /   242 tokens
slot      release: id  1 | task 8383 | stop processing: n_tokens = 241, truncated = 0
srv  update_slots: all slots are idle
slot get_availabl: id  0 | task -1 | selected slot by LRU, t_last = 283237198240
srv  get_availabl: updating prompt cache
srv          load:  - looking for better prompt, base f_keep = -1.000, sim = 0.000
srv          load:  - found better prompt with f_keep = 0.695, sim = 1.000
srv        update:  - cache state: 59 prompts, 1158.525 MiB (limits: 8192.000 MiB, 4096 tokens, 65527 est)
srv        update:    - prompt 0x439af80:     106 tokens, checkpoints:  0,    13.252 MiB
srv        update:    - prompt 0xf0ef60:     107 tokens, checkpoints:  0,    13.377 MiB
srv        update:    - prompt 0x321cf30:     106 tokens, checkpoints:  0,    13.252 MiB
srv        update:    - prompt 0x439bbc0:     107 tokens, checkpoints:  0,    13.377 MiB
srv        update:    - prompt 0x321d650:     105 tokens, checkpoints:  0,    13.127 MiB
srv        update:    - prompt 0x321d8b0:     110 tokens, checkpoints:  0,    13.752 MiB
srv        update:    - prompt 0x439fd00:     116 tokens, checkpoints:  0,    14.502 MiB
srv        update:    - prompt 0x322b480:     109 tokens, checkpoints:  0,    13.627 MiB
srv        update:    - prompt 0x4be6150:     113 tokens, checkpoints:  0,    14.127 MiB
srv        update:    - prompt 0x323a9a0:     108 tokens, checkpoints:  0,    13.502 MiB
srv        update:    - prompt 0x32196f0:     108 tokens, checkpoints:  0,    13.502 MiB
srv        update:    - prompt 0x322b390:     108 tokens, checkpoints:  0,    13.502 MiB
srv        update:    - prompt 0x32307d0:     111 tokens, checkpoints:  0,    13.877 MiB
srv        update:    - prompt 0x321d2c0:     119 tokens, checkpoints:  0,    14.877 MiB
srv        update:    - prompt 0xf09400:     123 tokens, checkpoints:  0,    15.377 MiB
srv        update:    - prompt 0x438c810:     131 tokens, checkpoints:  0,    16.377 MiB
srv        update:    - prompt 0x3acc150:     130 tokens, checkpoints:  0,    16.252 MiB
srv        update:    - prompt 0x322db30:     107 tokens, checkpoints:  0,    13.377 MiB
srv        update:    - prompt 0x3ad97f0:     105 tokens, checkpoints:  0,    13.127 MiB
srv        update:    - prompt 0x3ae3990:     110 tokens, checkpoints:  0,    13.752 MiB
srv        update:    - prompt 0xf12110:     116 tokens, checkpoints:  0,    14.502 MiB
srv        update:    - prompt 0x3227d70:     109 tokens, checkpoints:  0,    13.627 MiB
srv        update:    - prompt 0x3ad80f0:     113 tokens, checkpoints:  0,    14.127 MiB
srv        update:    - prompt 0x3adfb10:     108 tokens, checkpoints:  0,    13.502 MiB
srv        update:    - prompt 0x3ae19d0:     108 tokens, checkpoints:  0,    13.502 MiB
srv        update:    - prompt 0x3ad7650:     108 tokens, checkpoints:  0,    13.502 MiB
srv        update:    - prompt 0x3ad5750:     111 tokens, checkpoints:  0,    13.877 MiB
srv        update:    - prompt 0x3af4e20:     119 tokens, checkpoints:  0,    14.877 MiB
srv        update:    - prompt 0x3221890:     123 tokens, checkpoints:  0,    15.377 MiB
srv        update:    - prompt 0x43967b0:     131 tokens, checkpoints:  0,    16.377 MiB
srv        update:    - prompt 0xee0440:     130 tokens, checkpoints:  0,    16.252 MiB
srv        update:    - prompt 0xfffe28005460:     363 tokens, checkpoints:  0,    45.380 MiB
srv        update:    - prompt 0xfffe1c002440:     425 tokens, checkpoints:  0,    53.131 MiB
srv        update:    - prompt 0x439b5f0:     409 tokens, checkpoints:  0,    51.130 MiB
srv        update:    - prompt 0x439fb50:     412 tokens, checkpoints:  0,    51.505 MiB
srv        update:    - prompt 0x32210b0:     418 tokens, checkpoints:  0,    52.256 MiB
srv        update:    - prompt 0xf0c700:     415 tokens, checkpoints:  0,    51.880 MiB
srv        update:    - prompt 0x322c4e0:     431 tokens, checkpoints:  0,    53.881 MiB
srv        update:    - prompt 0xf0e5d0:     431 tokens, checkpoints:  0,    53.881 MiB
srv        update:    - prompt 0xf0c4e0:     107 tokens, checkpoints:  0,    13.377 MiB
srv        update:    - prompt 0xeef310:     105 tokens, checkpoints:  0,    13.127 MiB
srv        update:    - prompt 0xf0ad80:     110 tokens, checkpoints:  0,    13.752 MiB
srv        update:    - prompt 0x3ae8250:     116 tokens, checkpoints:  0,    14.502 MiB
srv        update:    - prompt 0xee4be0:     109 tokens, checkpoints:  0,    13.627 MiB
srv        update:    - prompt 0x3af74f0:     113 tokens, checkpoints:  0,    14.127 MiB
srv        update:    - prompt 0x439a490:     108 tokens, checkpoints:  0,    13.502 MiB
srv        update:    - prompt 0x3ae0590:     108 tokens, checkpoints:  0,    13.502 MiB
srv        update:    - prompt 0x3ac7fa0:     108 tokens, checkpoints:  0,    13.502 MiB
srv        update:    - prompt 0x439e100:     111 tokens, checkpoints:  0,    13.877 MiB
srv        update:    - prompt 0x3acb060:     119 tokens, checkpoints:  0,    14.877 MiB
srv        update:    - prompt 0x3ad2640:     123 tokens, checkpoints:  0,    15.377 MiB
srv        update:    - prompt 0x3ad74b0:     165 tokens, checkpoints:  0,    20.628 MiB
srv        update:    - prompt 0x3af7790:     131 tokens, checkpoints:  0,    16.377 MiB
srv        update:    - prompt 0x3af0dc0:     135 tokens, checkpoints:  0,    16.877 MiB
srv        update:    - prompt 0x3ae3220:     132 tokens, checkpoints:  0,    16.502 MiB
srv        update:    - prompt 0x3ad7550:     146 tokens, checkpoints:  0,    18.252 MiB
srv        update:    - prompt 0x321a670:     130 tokens, checkpoints:  0,    16.252 MiB
srv        update:    - prompt 0xee8940:     136 tokens, checkpoints:  0,    17.002 MiB
srv        update:    - prompt 0x3af24d0:     136 tokens, checkpoints:  0,    17.002 MiB
srv  get_availabl: prompt cache update took 12.66 ms
slot launch_slot_: id  0 | task -1 | sampler chain: logits -> ?penalties -> ?dry -> ?top-n-sigma -> top-k -> ?typical -> top-p -> min-p -> ?xtc -> temp-ext -> dist 
slot launch_slot_: id  0 | task 8484 | processing task, is_child = 0
slot slot_save_an: id  1 | task -1 | saving idle slot to prompt cache
srv   prompt_save:  - saving prompt with length 241, total state size = 30.129 MiB
slot prompt_clear: id  1 | task -1 | clearing prompt with 241 tokens
srv        update:  - cache state: 60 prompts, 1188.654 MiB (limits: 8192.000 MiB, 4096 tokens, 65527 est)
srv        update:    - prompt 0x439af80:     106 tokens, checkpoints:  0,    13.252 MiB
srv        update:    - prompt 0xf0ef60:     107 tokens, checkpoints:  0,    13.377 MiB
srv        update:    - prompt 0x321cf30:     106 tokens, checkpoints:  0,    13.252 MiB
srv        update:    - prompt 0x439bbc0:     107 tokens, checkpoints:  0,    13.377 MiB
srv        update:    - prompt 0x321d650:     105 tokens, checkpoints:  0,    13.127 MiB
srv        update:    - prompt 0x321d8b0:     110 tokens, checkpoints:  0,    13.752 MiB
srv        update:    - prompt 0x439fd00:     116 tokens, checkpoints:  0,    14.502 MiB
srv        update:    - prompt 0x322b480:     109 tokens, checkpoints:  0,    13.627 MiB
srv        update:    - prompt 0x4be6150:     113 tokens, checkpoints:  0,    14.127 MiB
srv        update:    - prompt 0x323a9a0:     108 tokens, checkpoints:  0,    13.502 MiB
srv        update:    - prompt 0x32196f0:     108 tokens, checkpoints:  0,    13.502 MiB
srv        update:    - prompt 0x322b390:     108 tokens, checkpoints:  0,    13.502 MiB
srv        update:    - prompt 0x32307d0:     111 tokens, checkpoints:  0,    13.877 MiB
srv        update:    - prompt 0x321d2c0:     119 tokens, checkpoints:  0,    14.877 MiB
srv        update:    - prompt 0xf09400:     123 tokens, checkpoints:  0,    15.377 MiB
srv        update:    - prompt 0x438c810:     131 tokens, checkpoints:  0,    16.377 MiB
srv        update:    - prompt 0x3acc150:     130 tokens, checkpoints:  0,    16.252 MiB
srv        update:    - prompt 0x322db30:     107 tokens, checkpoints:  0,    13.377 MiB
srv        update:    - prompt 0x3ad97f0:     105 tokens, checkpoints:  0,    13.127 MiB
srv        update:    - prompt 0x3ae3990:     110 tokens, checkpoints:  0,    13.752 MiB
srv        update:    - prompt 0xf12110:     116 tokens, checkpoints:  0,    14.502 MiB
srv        update:    - prompt 0x3227d70:     109 tokens, checkpoints:  0,    13.627 MiB
srv        update:    - prompt 0x3ad80f0:     113 tokens, checkpoints:  0,    14.127 MiB
srv        update:    - prompt 0x3adfb10:     108 tokens, checkpoints:  0,    13.502 MiB
srv        update:    - prompt 0x3ae19d0:     108 tokens, checkpoints:  0,    13.502 MiB
srv        update:    - prompt 0x3ad7650:     108 tokens, checkpoints:  0,    13.502 MiB
srv        update:    - prompt 0x3ad5750:     111 tokens, checkpoints:  0,    13.877 MiB
srv        update:    - prompt 0x3af4e20:     119 tokens, checkpoints:  0,    14.877 MiB
srv        update:    - prompt 0x3221890:     123 tokens, checkpoints:  0,    15.377 MiB
srv        update:    - prompt 0x43967b0:     131 tokens, checkpoints:  0,    16.377 MiB
srv        update:    - prompt 0xee0440:     130 tokens, checkpoints:  0,    16.252 MiB
srv        update:    - prompt 0xfffe28005460:     363 tokens, checkpoints:  0,    45.380 MiB
srv        update:    - prompt 0xfffe1c002440:     425 tokens, checkpoints:  0,    53.131 MiB
srv        update:    - prompt 0x439b5f0:     409 tokens, checkpoints:  0,    51.130 MiB
srv        update:    - prompt 0x439fb50:     412 tokens, checkpoints:  0,    51.505 MiB
srv        update:    - prompt 0x32210b0:     418 tokens, checkpoints:  0,    52.256 MiB
srv        update:    - prompt 0xf0c700:     415 tokens, checkpoints:  0,    51.880 MiB
srv        update:    - prompt 0x322c4e0:     431 tokens, checkpoints:  0,    53.881 MiB
srv        update:    - prompt 0xf0e5d0:     431 tokens, checkpoints:  0,    53.881 MiB
srv        update:    - prompt 0xf0c4e0:     107 tokens, checkpoints:  0,    13.377 MiB
srv        update:    - prompt 0xeef310:     105 tokens, checkpoints:  0,    13.127 MiB
srv        update:    - prompt 0xf0ad80:     110 tokens, checkpoints:  0,    13.752 MiB
srv        update:    - prompt 0x3ae8250:     116 tokens, checkpoints:  0,    14.502 MiB
srv        update:    - prompt 0xee4be0:     109 tokens, checkpoints:  0,    13.627 MiB
srv        update:    - prompt 0x3af74f0:     113 tokens, checkpoints:  0,    14.127 MiB
srv        update:    - prompt 0x439a490:     108 tokens, checkpoints:  0,    13.502 MiB
srv        update:    - prompt 0x3ae0590:     108 tokens, checkpoints:  0,    13.502 MiB
srv        update:    - prompt 0x3ac7fa0:     108 tokens, checkpoints:  0,    13.502 MiB
srv        update:    - prompt 0x439e100:     111 tokens, checkpoints:  0,    13.877 MiB
srv        update:    - prompt 0x3acb060:     119 tokens, checkpoints:  0,    14.877 MiB
srv        update:    - prompt 0x3ad2640:     123 tokens, checkpoints:  0,    15.377 MiB
srv        update:    - prompt 0x3ad74b0:     165 tokens, checkpoints:  0,    20.628 MiB
srv        update:    - prompt 0x3af7790:     131 tokens, checkpoints:  0,    16.377 MiB
srv        update:    - prompt 0x3af0dc0:     135 tokens, checkpoints:  0,    16.877 MiB
srv        update:    - prompt 0x3ae3220:     132 tokens, checkpoints:  0,    16.502 MiB
srv        update:    - prompt 0x3ad7550:     146 tokens, checkpoints:  0,    18.252 MiB
srv        update:    - prompt 0x321a670:     130 tokens, checkpoints:  0,    16.252 MiB
srv        update:    - prompt 0xee8940:     136 tokens, checkpoints:  0,    17.002 MiB
srv        update:    - prompt 0x3af24d0:     136 tokens, checkpoints:  0,    17.002 MiB
srv        update:    - prompt 0xfffdcc0062a0:     241 tokens, checkpoints:  0,    30.129 MiB
slot update_slots: id  0 | task 8484 | new prompt, n_ctx_slot = 4096, n_keep = 0, task.n_tokens = 226
slot update_slots: id  0 | task 8484 | n_tokens = 0, memory_seq_rm [0, end)
slot init_sampler: id  0 | task 8484 | init sampler, took 0.12 ms, tokens: text = 226, total = 226
slot update_slots: id  0 | task 8484 | prompt processing done, n_tokens = 226, batch.n_tokens = 226
srv  log_server_r: done request: POST /completion 127.0.0.1 200
slot print_timing: id  0 | task 8484 | 
prompt eval time =   69569.18 ms /   226 tokens (  307.83 ms per token,     3.25 tokens per second)
       eval time =   34382.15 ms /   100 tokens (  343.82 ms per token,     2.91 tokens per second)
      total time =  103951.34 ms /   326 tokens
slot      release: id  0 | task 8484 | stop processing: n_tokens = 325, truncated = 0
srv  update_slots: all slots are idle
slot get_availabl: id  3 | task -1 | selected slot by LRU, t_last = 283280944862
srv  get_availabl: updating prompt cache
srv          load:  - looking for better prompt, base f_keep = -1.000, sim = 0.000
srv          load:  - found better prompt with f_keep = 0.727, sim = 1.000
srv        update:  - cache state: 59 prompts, 1143.274 MiB (limits: 8192.000 MiB, 4096 tokens, 65527 est)
srv        update:    - prompt 0x439af80:     106 tokens, checkpoints:  0,    13.252 MiB
srv        update:    - prompt 0xf0ef60:     107 tokens, checkpoints:  0,    13.377 MiB
srv        update:    - prompt 0x321cf30:     106 tokens, checkpoints:  0,    13.252 MiB
srv        update:    - prompt 0x439bbc0:     107 tokens, checkpoints:  0,    13.377 MiB
srv        update:    - prompt 0x321d650:     105 tokens, checkpoints:  0,    13.127 MiB
srv        update:    - prompt 0x321d8b0:     110 tokens, checkpoints:  0,    13.752 MiB
srv        update:    - prompt 0x439fd00:     116 tokens, checkpoints:  0,    14.502 MiB
srv        update:    - prompt 0x322b480:     109 tokens, checkpoints:  0,    13.627 MiB
srv        update:    - prompt 0x4be6150:     113 tokens, checkpoints:  0,    14.127 MiB
srv        update:    - prompt 0x323a9a0:     108 tokens, checkpoints:  0,    13.502 MiB
srv        update:    - prompt 0x32196f0:     108 tokens, checkpoints:  0,    13.502 MiB
srv        update:    - prompt 0x322b390:     108 tokens, checkpoints:  0,    13.502 MiB
srv        update:    - prompt 0x32307d0:     111 tokens, checkpoints:  0,    13.877 MiB
srv        update:    - prompt 0x321d2c0:     119 tokens, checkpoints:  0,    14.877 MiB
srv        update:    - prompt 0xf09400:     123 tokens, checkpoints:  0,    15.377 MiB
srv        update:    - prompt 0x438c810:     131 tokens, checkpoints:  0,    16.377 MiB
srv        update:    - prompt 0x3acc150:     130 tokens, checkpoints:  0,    16.252 MiB
srv        update:    - prompt 0x322db30:     107 tokens, checkpoints:  0,    13.377 MiB
srv        update:    - prompt 0x3ad97f0:     105 tokens, checkpoints:  0,    13.127 MiB
srv        update:    - prompt 0x3ae3990:     110 tokens, checkpoints:  0,    13.752 MiB
srv        update:    - prompt 0xf12110:     116 tokens, checkpoints:  0,    14.502 MiB
srv        update:    - prompt 0x3227d70:     109 tokens, checkpoints:  0,    13.627 MiB
srv        update:    - prompt 0x3ad80f0:     113 tokens, checkpoints:  0,    14.127 MiB
srv        update:    - prompt 0x3adfb10:     108 tokens, checkpoints:  0,    13.502 MiB
srv        update:    - prompt 0x3ae19d0:     108 tokens, checkpoints:  0,    13.502 MiB
srv        update:    - prompt 0x3ad7650:     108 tokens, checkpoints:  0,    13.502 MiB
srv        update:    - prompt 0x3ad5750:     111 tokens, checkpoints:  0,    13.877 MiB
srv        update:    - prompt 0x3af4e20:     119 tokens, checkpoints:  0,    14.877 MiB
srv        update:    - prompt 0x3221890:     123 tokens, checkpoints:  0,    15.377 MiB
srv        update:    - prompt 0x43967b0:     131 tokens, checkpoints:  0,    16.377 MiB
srv        update:    - prompt 0xee0440:     130 tokens, checkpoints:  0,    16.252 MiB
srv        update:    - prompt 0xfffe1c002440:     425 tokens, checkpoints:  0,    53.131 MiB
srv        update:    - prompt 0x439b5f0:     409 tokens, checkpoints:  0,    51.130 MiB
srv        update:    - prompt 0x439fb50:     412 tokens, checkpoints:  0,    51.505 MiB
srv        update:    - prompt 0x32210b0:     418 tokens, checkpoints:  0,    52.256 MiB
srv        update:    - prompt 0xf0c700:     415 tokens, checkpoints:  0,    51.880 MiB
srv        update:    - prompt 0x322c4e0:     431 tokens, checkpoints:  0,    53.881 MiB
srv        update:    - prompt 0xf0e5d0:     431 tokens, checkpoints:  0,    53.881 MiB
srv        update:    - prompt 0xf0c4e0:     107 tokens, checkpoints:  0,    13.377 MiB
srv        update:    - prompt 0xeef310:     105 tokens, checkpoints:  0,    13.127 MiB
srv        update:    - prompt 0xf0ad80:     110 tokens, checkpoints:  0,    13.752 MiB
srv        update:    - prompt 0x3ae8250:     116 tokens, checkpoints:  0,    14.502 MiB
srv        update:    - prompt 0xee4be0:     109 tokens, checkpoints:  0,    13.627 MiB
srv        update:    - prompt 0x3af74f0:     113 tokens, checkpoints:  0,    14.127 MiB
srv        update:    - prompt 0x439a490:     108 tokens, checkpoints:  0,    13.502 MiB
srv        update:    - prompt 0x3ae0590:     108 tokens, checkpoints:  0,    13.502 MiB
srv        update:    - prompt 0x3ac7fa0:     108 tokens, checkpoints:  0,    13.502 MiB
srv        update:    - prompt 0x439e100:     111 tokens, checkpoints:  0,    13.877 MiB
srv        update:    - prompt 0x3acb060:     119 tokens, checkpoints:  0,    14.877 MiB
srv        update:    - prompt 0x3ad2640:     123 tokens, checkpoints:  0,    15.377 MiB
srv        update:    - prompt 0x3ad74b0:     165 tokens, checkpoints:  0,    20.628 MiB
srv        update:    - prompt 0x3af7790:     131 tokens, checkpoints:  0,    16.377 MiB
srv        update:    - prompt 0x3af0dc0:     135 tokens, checkpoints:  0,    16.877 MiB
srv        update:    - prompt 0x3ae3220:     132 tokens, checkpoints:  0,    16.502 MiB
srv        update:    - prompt 0x3ad7550:     146 tokens, checkpoints:  0,    18.252 MiB
srv        update:    - prompt 0x321a670:     130 tokens, checkpoints:  0,    16.252 MiB
srv        update:    - prompt 0xee8940:     136 tokens, checkpoints:  0,    17.002 MiB
srv        update:    - prompt 0x3af24d0:     136 tokens, checkpoints:  0,    17.002 MiB
srv        update:    - prompt 0xfffdcc0062a0:     241 tokens, checkpoints:  0,    30.129 MiB
srv  get_availabl: prompt cache update took 14.01 ms
slot launch_slot_: id  3 | task -1 | sampler chain: logits -> ?penalties -> ?dry -> ?top-n-sigma -> top-k -> ?typical -> top-p -> min-p -> ?xtc -> temp-ext -> dist 
slot launch_slot_: id  3 | task 8585 | processing task, is_child = 0
slot slot_save_an: id  0 | task -1 | saving idle slot to prompt cache
srv   prompt_save:  - saving prompt with length 325, total state size = 40.629 MiB
slot prompt_clear: id  0 | task -1 | clearing prompt with 325 tokens
srv        update:  - cache state: 60 prompts, 1183.903 MiB (limits: 8192.000 MiB, 4096 tokens, 65527 est)
srv        update:    - prompt 0x439af80:     106 tokens, checkpoints:  0,    13.252 MiB
srv        update:    - prompt 0xf0ef60:     107 tokens, checkpoints:  0,    13.377 MiB
srv        update:    - prompt 0x321cf30:     106 tokens, checkpoints:  0,    13.252 MiB
srv        update:    - prompt 0x439bbc0:     107 tokens, checkpoints:  0,    13.377 MiB
srv        update:    - prompt 0x321d650:     105 tokens, checkpoints:  0,    13.127 MiB
srv        update:    - prompt 0x321d8b0:     110 tokens, checkpoints:  0,    13.752 MiB
srv        update:    - prompt 0x439fd00:     116 tokens, checkpoints:  0,    14.502 MiB
srv        update:    - prompt 0x322b480:     109 tokens, checkpoints:  0,    13.627 MiB
srv        update:    - prompt 0x4be6150:     113 tokens, checkpoints:  0,    14.127 MiB
srv        update:    - prompt 0x323a9a0:     108 tokens, checkpoints:  0,    13.502 MiB
srv        update:    - prompt 0x32196f0:     108 tokens, checkpoints:  0,    13.502 MiB
srv        update:    - prompt 0x322b390:     108 tokens, checkpoints:  0,    13.502 MiB
srv        update:    - prompt 0x32307d0:     111 tokens, checkpoints:  0,    13.877 MiB
srv        update:    - prompt 0x321d2c0:     119 tokens, checkpoints:  0,    14.877 MiB
srv        update:    - prompt 0xf09400:     123 tokens, checkpoints:  0,    15.377 MiB
srv        update:    - prompt 0x438c810:     131 tokens, checkpoints:  0,    16.377 MiB
srv        update:    - prompt 0x3acc150:     130 tokens, checkpoints:  0,    16.252 MiB
srv        update:    - prompt 0x322db30:     107 tokens, checkpoints:  0,    13.377 MiB
srv        update:    - prompt 0x3ad97f0:     105 tokens, checkpoints:  0,    13.127 MiB
srv        update:    - prompt 0x3ae3990:     110 tokens, checkpoints:  0,    13.752 MiB
srv        update:    - prompt 0xf12110:     116 tokens, checkpoints:  0,    14.502 MiB
srv        update:    - prompt 0x3227d70:     109 tokens, checkpoints:  0,    13.627 MiB
srv        update:    - prompt 0x3ad80f0:     113 tokens, checkpoints:  0,    14.127 MiB
srv        update:    - prompt 0x3adfb10:     108 tokens, checkpoints:  0,    13.502 MiB
srv        update:    - prompt 0x3ae19d0:     108 tokens, checkpoints:  0,    13.502 MiB
srv        update:    - prompt 0x3ad7650:     108 tokens, checkpoints:  0,    13.502 MiB
srv        update:    - prompt 0x3ad5750:     111 tokens, checkpoints:  0,    13.877 MiB
srv        update:    - prompt 0x3af4e20:     119 tokens, checkpoints:  0,    14.877 MiB
srv        update:    - prompt 0x3221890:     123 tokens, checkpoints:  0,    15.377 MiB
srv        update:    - prompt 0x43967b0:     131 tokens, checkpoints:  0,    16.377 MiB
srv        update:    - prompt 0xee0440:     130 tokens, checkpoints:  0,    16.252 MiB
srv        update:    - prompt 0xfffe1c002440:     425 tokens, checkpoints:  0,    53.131 MiB
srv        update:    - prompt 0x439b5f0:     409 tokens, checkpoints:  0,    51.130 MiB
srv        update:    - prompt 0x439fb50:     412 tokens, checkpoints:  0,    51.505 MiB
srv        update:    - prompt 0x32210b0:     418 tokens, checkpoints:  0,    52.256 MiB
srv        update:    - prompt 0xf0c700:     415 tokens, checkpoints:  0,    51.880 MiB
srv        update:    - prompt 0x322c4e0:     431 tokens, checkpoints:  0,    53.881 MiB
srv        update:    - prompt 0xf0e5d0:     431 tokens, checkpoints:  0,    53.881 MiB
srv        update:    - prompt 0xf0c4e0:     107 tokens, checkpoints:  0,    13.377 MiB
srv        update:    - prompt 0xeef310:     105 tokens, checkpoints:  0,    13.127 MiB
srv        update:    - prompt 0xf0ad80:     110 tokens, checkpoints:  0,    13.752 MiB
srv        update:    - prompt 0x3ae8250:     116 tokens, checkpoints:  0,    14.502 MiB
srv        update:    - prompt 0xee4be0:     109 tokens, checkpoints:  0,    13.627 MiB
srv        update:    - prompt 0x3af74f0:     113 tokens, checkpoints:  0,    14.127 MiB
srv        update:    - prompt 0x439a490:     108 tokens, checkpoints:  0,    13.502 MiB
srv        update:    - prompt 0x3ae0590:     108 tokens, checkpoints:  0,    13.502 MiB
srv        update:    - prompt 0x3ac7fa0:     108 tokens, checkpoints:  0,    13.502 MiB
srv        update:    - prompt 0x439e100:     111 tokens, checkpoints:  0,    13.877 MiB
srv        update:    - prompt 0x3acb060:     119 tokens, checkpoints:  0,    14.877 MiB
srv        update:    - prompt 0x3ad2640:     123 tokens, checkpoints:  0,    15.377 MiB
srv        update:    - prompt 0x3ad74b0:     165 tokens, checkpoints:  0,    20.628 MiB
srv        update:    - prompt 0x3af7790:     131 tokens, checkpoints:  0,    16.377 MiB
srv        update:    - prompt 0x3af0dc0:     135 tokens, checkpoints:  0,    16.877 MiB
srv        update:    - prompt 0x3ae3220:     132 tokens, checkpoints:  0,    16.502 MiB
srv        update:    - prompt 0x3ad7550:     146 tokens, checkpoints:  0,    18.252 MiB
srv        update:    - prompt 0x321a670:     130 tokens, checkpoints:  0,    16.252 MiB
srv        update:    - prompt 0xee8940:     136 tokens, checkpoints:  0,    17.002 MiB
srv        update:    - prompt 0x3af24d0:     136 tokens, checkpoints:  0,    17.002 MiB
srv        update:    - prompt 0xfffdcc0062a0:     241 tokens, checkpoints:  0,    30.129 MiB
srv        update:    - prompt 0xfffe28005460:     325 tokens, checkpoints:  0,    40.629 MiB
slot update_slots: id  3 | task 8585 | new prompt, n_ctx_slot = 4096, n_keep = 0, task.n_tokens = 264
slot update_slots: id  3 | task 8585 | n_tokens = 0, memory_seq_rm [0, end)
slot init_sampler: id  3 | task 8585 | init sampler, took 0.12 ms, tokens: text = 264, total = 264
slot update_slots: id  3 | task 8585 | prompt processing done, n_tokens = 264, batch.n_tokens = 264
srv  log_server_r: done request: POST /completion 127.0.0.1 200
slot print_timing: id  3 | task 8585 | 
prompt eval time =   83418.20 ms /   264 tokens (  315.98 ms per token,     3.16 tokens per second)
       eval time =   34808.18 ms /   100 tokens (  348.08 ms per token,     2.87 tokens per second)
      total time =  118226.38 ms /   364 tokens
slot      release: id  3 | task 8585 | stop processing: n_tokens = 363, truncated = 0
srv  update_slots: all slots are idle
slot get_availabl: id  2 | task -1 | selected slot by LRU, t_last = 283324692562
srv  get_availabl: updating prompt cache
srv          load:  - looking for better prompt, base f_keep = -1.000, sim = 0.000
srv          load:  - found better prompt with f_keep = 0.767, sim = 1.000
srv        update:  - cache state: 59 prompts, 1130.773 MiB (limits: 8192.000 MiB, 4096 tokens, 65527 est)
srv        update:    - prompt 0x439af80:     106 tokens, checkpoints:  0,    13.252 MiB
srv        update:    - prompt 0xf0ef60:     107 tokens, checkpoints:  0,    13.377 MiB
srv        update:    - prompt 0x321cf30:     106 tokens, checkpoints:  0,    13.252 MiB
srv        update:    - prompt 0x439bbc0:     107 tokens, checkpoints:  0,    13.377 MiB
srv        update:    - prompt 0x321d650:     105 tokens, checkpoints:  0,    13.127 MiB
srv        update:    - prompt 0x321d8b0:     110 tokens, checkpoints:  0,    13.752 MiB
srv        update:    - prompt 0x439fd00:     116 tokens, checkpoints:  0,    14.502 MiB
srv        update:    - prompt 0x322b480:     109 tokens, checkpoints:  0,    13.627 MiB
srv        update:    - prompt 0x4be6150:     113 tokens, checkpoints:  0,    14.127 MiB
srv        update:    - prompt 0x323a9a0:     108 tokens, checkpoints:  0,    13.502 MiB
srv        update:    - prompt 0x32196f0:     108 tokens, checkpoints:  0,    13.502 MiB
srv        update:    - prompt 0x322b390:     108 tokens, checkpoints:  0,    13.502 MiB
srv        update:    - prompt 0x32307d0:     111 tokens, checkpoints:  0,    13.877 MiB
srv        update:    - prompt 0x321d2c0:     119 tokens, checkpoints:  0,    14.877 MiB
srv        update:    - prompt 0xf09400:     123 tokens, checkpoints:  0,    15.377 MiB
srv        update:    - prompt 0x438c810:     131 tokens, checkpoints:  0,    16.377 MiB
srv        update:    - prompt 0x3acc150:     130 tokens, checkpoints:  0,    16.252 MiB
srv        update:    - prompt 0x322db30:     107 tokens, checkpoints:  0,    13.377 MiB
srv        update:    - prompt 0x3ad97f0:     105 tokens, checkpoints:  0,    13.127 MiB
srv        update:    - prompt 0x3ae3990:     110 tokens, checkpoints:  0,    13.752 MiB
srv        update:    - prompt 0xf12110:     116 tokens, checkpoints:  0,    14.502 MiB
srv        update:    - prompt 0x3227d70:     109 tokens, checkpoints:  0,    13.627 MiB
srv        update:    - prompt 0x3ad80f0:     113 tokens, checkpoints:  0,    14.127 MiB
srv        update:    - prompt 0x3adfb10:     108 tokens, checkpoints:  0,    13.502 MiB
srv        update:    - prompt 0x3ae19d0:     108 tokens, checkpoints:  0,    13.502 MiB
srv        update:    - prompt 0x3ad7650:     108 tokens, checkpoints:  0,    13.502 MiB
srv        update:    - prompt 0x3ad5750:     111 tokens, checkpoints:  0,    13.877 MiB
srv        update:    - prompt 0x3af4e20:     119 tokens, checkpoints:  0,    14.877 MiB
srv        update:    - prompt 0x3221890:     123 tokens, checkpoints:  0,    15.377 MiB
srv        update:    - prompt 0x43967b0:     131 tokens, checkpoints:  0,    16.377 MiB
srv        update:    - prompt 0xee0440:     130 tokens, checkpoints:  0,    16.252 MiB
srv        update:    - prompt 0x439b5f0:     409 tokens, checkpoints:  0,    51.130 MiB
srv        update:    - prompt 0x439fb50:     412 tokens, checkpoints:  0,    51.505 MiB
srv        update:    - prompt 0x32210b0:     418 tokens, checkpoints:  0,    52.256 MiB
srv        update:    - prompt 0xf0c700:     415 tokens, checkpoints:  0,    51.880 MiB
srv        update:    - prompt 0x322c4e0:     431 tokens, checkpoints:  0,    53.881 MiB
srv        update:    - prompt 0xf0e5d0:     431 tokens, checkpoints:  0,    53.881 MiB
srv        update:    - prompt 0xf0c4e0:     107 tokens, checkpoints:  0,    13.377 MiB
srv        update:    - prompt 0xeef310:     105 tokens, checkpoints:  0,    13.127 MiB
srv        update:    - prompt 0xf0ad80:     110 tokens, checkpoints:  0,    13.752 MiB
srv        update:    - prompt 0x3ae8250:     116 tokens, checkpoints:  0,    14.502 MiB
srv        update:    - prompt 0xee4be0:     109 tokens, checkpoints:  0,    13.627 MiB
srv        update:    - prompt 0x3af74f0:     113 tokens, checkpoints:  0,    14.127 MiB
srv        update:    - prompt 0x439a490:     108 tokens, checkpoints:  0,    13.502 MiB
srv        update:    - prompt 0x3ae0590:     108 tokens, checkpoints:  0,    13.502 MiB
srv        update:    - prompt 0x3ac7fa0:     108 tokens, checkpoints:  0,    13.502 MiB
srv        update:    - prompt 0x439e100:     111 tokens, checkpoints:  0,    13.877 MiB
srv        update:    - prompt 0x3acb060:     119 tokens, checkpoints:  0,    14.877 MiB
srv        update:    - prompt 0x3ad2640:     123 tokens, checkpoints:  0,    15.377 MiB
srv        update:    - prompt 0x3ad74b0:     165 tokens, checkpoints:  0,    20.628 MiB
srv        update:    - prompt 0x3af7790:     131 tokens, checkpoints:  0,    16.377 MiB
srv        update:    - prompt 0x3af0dc0:     135 tokens, checkpoints:  0,    16.877 MiB
srv        update:    - prompt 0x3ae3220:     132 tokens, checkpoints:  0,    16.502 MiB
srv        update:    - prompt 0x3ad7550:     146 tokens, checkpoints:  0,    18.252 MiB
srv        update:    - prompt 0x321a670:     130 tokens, checkpoints:  0,    16.252 MiB
srv        update:    - prompt 0xee8940:     136 tokens, checkpoints:  0,    17.002 MiB
srv        update:    - prompt 0x3af24d0:     136 tokens, checkpoints:  0,    17.002 MiB
srv        update:    - prompt 0xfffdcc0062a0:     241 tokens, checkpoints:  0,    30.129 MiB
srv        update:    - prompt 0xfffe28005460:     325 tokens, checkpoints:  0,    40.629 MiB
srv  get_availabl: prompt cache update took 16.27 ms
slot launch_slot_: id  2 | task -1 | sampler chain: logits -> ?penalties -> ?dry -> ?top-n-sigma -> top-k -> ?typical -> top-p -> min-p -> ?xtc -> temp-ext -> dist 
slot launch_slot_: id  2 | task 8686 | processing task, is_child = 0
slot slot_save_an: id  3 | task -1 | saving idle slot to prompt cache
srv   prompt_save:  - saving prompt with length 363, total state size = 45.380 MiB
slot prompt_clear: id  3 | task -1 | clearing prompt with 363 tokens
srv        update:  - cache state: 60 prompts, 1176.153 MiB (limits: 8192.000 MiB, 4096 tokens, 65527 est)
srv        update:    - prompt 0x439af80:     106 tokens, checkpoints:  0,    13.252 MiB
srv        update:    - prompt 0xf0ef60:     107 tokens, checkpoints:  0,    13.377 MiB
srv        update:    - prompt 0x321cf30:     106 tokens, checkpoints:  0,    13.252 MiB
srv        update:    - prompt 0x439bbc0:     107 tokens, checkpoints:  0,    13.377 MiB
srv        update:    - prompt 0x321d650:     105 tokens, checkpoints:  0,    13.127 MiB
srv        update:    - prompt 0x321d8b0:     110 tokens, checkpoints:  0,    13.752 MiB
srv        update:    - prompt 0x439fd00:     116 tokens, checkpoints:  0,    14.502 MiB
srv        update:    - prompt 0x322b480:     109 tokens, checkpoints:  0,    13.627 MiB
srv        update:    - prompt 0x4be6150:     113 tokens, checkpoints:  0,    14.127 MiB
srv        update:    - prompt 0x323a9a0:     108 tokens, checkpoints:  0,    13.502 MiB
srv        update:    - prompt 0x32196f0:     108 tokens, checkpoints:  0,    13.502 MiB
srv        update:    - prompt 0x322b390:     108 tokens, checkpoints:  0,    13.502 MiB
srv        update:    - prompt 0x32307d0:     111 tokens, checkpoints:  0,    13.877 MiB
srv        update:    - prompt 0x321d2c0:     119 tokens, checkpoints:  0,    14.877 MiB
srv        update:    - prompt 0xf09400:     123 tokens, checkpoints:  0,    15.377 MiB
srv        update:    - prompt 0x438c810:     131 tokens, checkpoints:  0,    16.377 MiB
srv        update:    - prompt 0x3acc150:     130 tokens, checkpoints:  0,    16.252 MiB
srv        update:    - prompt 0x322db30:     107 tokens, checkpoints:  0,    13.377 MiB
srv        update:    - prompt 0x3ad97f0:     105 tokens, checkpoints:  0,    13.127 MiB
srv        update:    - prompt 0x3ae3990:     110 tokens, checkpoints:  0,    13.752 MiB
srv        update:    - prompt 0xf12110:     116 tokens, checkpoints:  0,    14.502 MiB
srv        update:    - prompt 0x3227d70:     109 tokens, checkpoints:  0,    13.627 MiB
srv        update:    - prompt 0x3ad80f0:     113 tokens, checkpoints:  0,    14.127 MiB
srv        update:    - prompt 0x3adfb10:     108 tokens, checkpoints:  0,    13.502 MiB
srv        update:    - prompt 0x3ae19d0:     108 tokens, checkpoints:  0,    13.502 MiB
srv        update:    - prompt 0x3ad7650:     108 tokens, checkpoints:  0,    13.502 MiB
srv        update:    - prompt 0x3ad5750:     111 tokens, checkpoints:  0,    13.877 MiB
srv        update:    - prompt 0x3af4e20:     119 tokens, checkpoints:  0,    14.877 MiB
srv        update:    - prompt 0x3221890:     123 tokens, checkpoints:  0,    15.377 MiB
srv        update:    - prompt 0x43967b0:     131 tokens, checkpoints:  0,    16.377 MiB
srv        update:    - prompt 0xee0440:     130 tokens, checkpoints:  0,    16.252 MiB
srv        update:    - prompt 0x439b5f0:     409 tokens, checkpoints:  0,    51.130 MiB
srv        update:    - prompt 0x439fb50:     412 tokens, checkpoints:  0,    51.505 MiB
srv        update:    - prompt 0x32210b0:     418 tokens, checkpoints:  0,    52.256 MiB
srv        update:    - prompt 0xf0c700:     415 tokens, checkpoints:  0,    51.880 MiB
srv        update:    - prompt 0x322c4e0:     431 tokens, checkpoints:  0,    53.881 MiB
srv        update:    - prompt 0xf0e5d0:     431 tokens, checkpoints:  0,    53.881 MiB
srv        update:    - prompt 0xf0c4e0:     107 tokens, checkpoints:  0,    13.377 MiB
srv        update:    - prompt 0xeef310:     105 tokens, checkpoints:  0,    13.127 MiB
srv        update:    - prompt 0xf0ad80:     110 tokens, checkpoints:  0,    13.752 MiB
srv        update:    - prompt 0x3ae8250:     116 tokens, checkpoints:  0,    14.502 MiB
srv        update:    - prompt 0xee4be0:     109 tokens, checkpoints:  0,    13.627 MiB
srv        update:    - prompt 0x3af74f0:     113 tokens, checkpoints:  0,    14.127 MiB
srv        update:    - prompt 0x439a490:     108 tokens, checkpoints:  0,    13.502 MiB
srv        update:    - prompt 0x3ae0590:     108 tokens, checkpoints:  0,    13.502 MiB
srv        update:    - prompt 0x3ac7fa0:     108 tokens, checkpoints:  0,    13.502 MiB
srv        update:    - prompt 0x439e100:     111 tokens, checkpoints:  0,    13.877 MiB
srv        update:    - prompt 0x3acb060:     119 tokens, checkpoints:  0,    14.877 MiB
srv        update:    - prompt 0x3ad2640:     123 tokens, checkpoints:  0,    15.377 MiB
srv        update:    - prompt 0x3ad74b0:     165 tokens, checkpoints:  0,    20.628 MiB
srv        update:    - prompt 0x3af7790:     131 tokens, checkpoints:  0,    16.377 MiB
srv        update:    - prompt 0x3af0dc0:     135 tokens, checkpoints:  0,    16.877 MiB
srv        update:    - prompt 0x3ae3220:     132 tokens, checkpoints:  0,    16.502 MiB
srv        update:    - prompt 0x3ad7550:     146 tokens, checkpoints:  0,    18.252 MiB
srv        update:    - prompt 0x321a670:     130 tokens, checkpoints:  0,    16.252 MiB
srv        update:    - prompt 0xee8940:     136 tokens, checkpoints:  0,    17.002 MiB
srv        update:    - prompt 0x3af24d0:     136 tokens, checkpoints:  0,    17.002 MiB
srv        update:    - prompt 0xfffdcc0062a0:     241 tokens, checkpoints:  0,    30.129 MiB
srv        update:    - prompt 0xfffe28005460:     325 tokens, checkpoints:  0,    40.629 MiB
srv        update:    - prompt 0xfffd700053f0:     363 tokens, checkpoints:  0,    45.380 MiB
slot update_slots: id  2 | task 8686 | new prompt, n_ctx_slot = 4096, n_keep = 0, task.n_tokens = 326
slot update_slots: id  2 | task 8686 | n_tokens = 0, memory_seq_rm [0, end)
slot init_sampler: id  2 | task 8686 | init sampler, took 0.16 ms, tokens: text = 326, total = 326
slot update_slots: id  2 | task 8686 | prompt processing done, n_tokens = 326, batch.n_tokens = 326
srv  log_server_r: done request: POST /completion 127.0.0.1 200
slot print_timing: id  2 | task 8686 | 
prompt eval time =  104578.79 ms /   326 tokens (  320.79 ms per token,     3.12 tokens per second)
       eval time =   34775.38 ms /   100 tokens (  347.75 ms per token,     2.88 tokens per second)
      total time =  139354.18 ms /   426 tokens
slot      release: id  2 | task 8686 | stop processing: n_tokens = 425, truncated = 0
srv  update_slots: all slots are idle
slot get_availabl: id  1 | task -1 | selected slot by LRU, t_last = 283402152221
srv  get_availabl: updating prompt cache
srv          load:  - looking for better prompt, base f_keep = -1.000, sim = 0.000
srv          load:  - found better prompt with f_keep = 0.758, sim = 1.000
srv        update:  - cache state: 59 prompts, 1125.022 MiB (limits: 8192.000 MiB, 4096 tokens, 65527 est)
srv        update:    - prompt 0x439af80:     106 tokens, checkpoints:  0,    13.252 MiB
srv        update:    - prompt 0xf0ef60:     107 tokens, checkpoints:  0,    13.377 MiB
srv        update:    - prompt 0x321cf30:     106 tokens, checkpoints:  0,    13.252 MiB
srv        update:    - prompt 0x439bbc0:     107 tokens, checkpoints:  0,    13.377 MiB
srv        update:    - prompt 0x321d650:     105 tokens, checkpoints:  0,    13.127 MiB
srv        update:    - prompt 0x321d8b0:     110 tokens, checkpoints:  0,    13.752 MiB
srv        update:    - prompt 0x439fd00:     116 tokens, checkpoints:  0,    14.502 MiB
srv        update:    - prompt 0x322b480:     109 tokens, checkpoints:  0,    13.627 MiB
srv        update:    - prompt 0x4be6150:     113 tokens, checkpoints:  0,    14.127 MiB
srv        update:    - prompt 0x323a9a0:     108 tokens, checkpoints:  0,    13.502 MiB
srv        update:    - prompt 0x32196f0:     108 tokens, checkpoints:  0,    13.502 MiB
srv        update:    - prompt 0x322b390:     108 tokens, checkpoints:  0,    13.502 MiB
srv        update:    - prompt 0x32307d0:     111 tokens, checkpoints:  0,    13.877 MiB
srv        update:    - prompt 0x321d2c0:     119 tokens, checkpoints:  0,    14.877 MiB
srv        update:    - prompt 0xf09400:     123 tokens, checkpoints:  0,    15.377 MiB
srv        update:    - prompt 0x438c810:     131 tokens, checkpoints:  0,    16.377 MiB
srv        update:    - prompt 0x3acc150:     130 tokens, checkpoints:  0,    16.252 MiB
srv        update:    - prompt 0x322db30:     107 tokens, checkpoints:  0,    13.377 MiB
srv        update:    - prompt 0x3ad97f0:     105 tokens, checkpoints:  0,    13.127 MiB
srv        update:    - prompt 0x3ae3990:     110 tokens, checkpoints:  0,    13.752 MiB
srv        update:    - prompt 0xf12110:     116 tokens, checkpoints:  0,    14.502 MiB
srv        update:    - prompt 0x3227d70:     109 tokens, checkpoints:  0,    13.627 MiB
srv        update:    - prompt 0x3ad80f0:     113 tokens, checkpoints:  0,    14.127 MiB
srv        update:    - prompt 0x3adfb10:     108 tokens, checkpoints:  0,    13.502 MiB
srv        update:    - prompt 0x3ae19d0:     108 tokens, checkpoints:  0,    13.502 MiB
srv        update:    - prompt 0x3ad7650:     108 tokens, checkpoints:  0,    13.502 MiB
srv        update:    - prompt 0x3ad5750:     111 tokens, checkpoints:  0,    13.877 MiB
srv        update:    - prompt 0x3af4e20:     119 tokens, checkpoints:  0,    14.877 MiB
srv        update:    - prompt 0x3221890:     123 tokens, checkpoints:  0,    15.377 MiB
srv        update:    - prompt 0x43967b0:     131 tokens, checkpoints:  0,    16.377 MiB
srv        update:    - prompt 0xee0440:     130 tokens, checkpoints:  0,    16.252 MiB
srv        update:    - prompt 0x439fb50:     412 tokens, checkpoints:  0,    51.505 MiB
srv        update:    - prompt 0x32210b0:     418 tokens, checkpoints:  0,    52.256 MiB
srv        update:    - prompt 0xf0c700:     415 tokens, checkpoints:  0,    51.880 MiB
srv        update:    - prompt 0x322c4e0:     431 tokens, checkpoints:  0,    53.881 MiB
srv        update:    - prompt 0xf0e5d0:     431 tokens, checkpoints:  0,    53.881 MiB
srv        update:    - prompt 0xf0c4e0:     107 tokens, checkpoints:  0,    13.377 MiB
srv        update:    - prompt 0xeef310:     105 tokens, checkpoints:  0,    13.127 MiB
srv        update:    - prompt 0xf0ad80:     110 tokens, checkpoints:  0,    13.752 MiB
srv        update:    - prompt 0x3ae8250:     116 tokens, checkpoints:  0,    14.502 MiB
srv        update:    - prompt 0xee4be0:     109 tokens, checkpoints:  0,    13.627 MiB
srv        update:    - prompt 0x3af74f0:     113 tokens, checkpoints:  0,    14.127 MiB
srv        update:    - prompt 0x439a490:     108 tokens, checkpoints:  0,    13.502 MiB
srv        update:    - prompt 0x3ae0590:     108 tokens, checkpoints:  0,    13.502 MiB
srv        update:    - prompt 0x3ac7fa0:     108 tokens, checkpoints:  0,    13.502 MiB
srv        update:    - prompt 0x439e100:     111 tokens, checkpoints:  0,    13.877 MiB
srv        update:    - prompt 0x3acb060:     119 tokens, checkpoints:  0,    14.877 MiB
srv        update:    - prompt 0x3ad2640:     123 tokens, checkpoints:  0,    15.377 MiB
srv        update:    - prompt 0x3ad74b0:     165 tokens, checkpoints:  0,    20.628 MiB
srv        update:    - prompt 0x3af7790:     131 tokens, checkpoints:  0,    16.377 MiB
srv        update:    - prompt 0x3af0dc0:     135 tokens, checkpoints:  0,    16.877 MiB
srv        update:    - prompt 0x3ae3220:     132 tokens, checkpoints:  0,    16.502 MiB
srv        update:    - prompt 0x3ad7550:     146 tokens, checkpoints:  0,    18.252 MiB
srv        update:    - prompt 0x321a670:     130 tokens, checkpoints:  0,    16.252 MiB
srv        update:    - prompt 0xee8940:     136 tokens, checkpoints:  0,    17.002 MiB
srv        update:    - prompt 0x3af24d0:     136 tokens, checkpoints:  0,    17.002 MiB
srv        update:    - prompt 0xfffdcc0062a0:     241 tokens, checkpoints:  0,    30.129 MiB
srv        update:    - prompt 0xfffe28005460:     325 tokens, checkpoints:  0,    40.629 MiB
srv        update:    - prompt 0xfffd700053f0:     363 tokens, checkpoints:  0,    45.380 MiB
srv  get_availabl: prompt cache update took 15.63 ms
slot launch_slot_: id  1 | task -1 | sampler chain: logits -> ?penalties -> ?dry -> ?top-n-sigma -> top-k -> ?typical -> top-p -> min-p -> ?xtc -> temp-ext -> dist 
slot launch_slot_: id  1 | task 8787 | processing task, is_child = 0
slot slot_save_an: id  2 | task -1 | saving idle slot to prompt cache
srv   prompt_save:  - saving prompt with length 425, total state size = 53.131 MiB
slot prompt_clear: id  2 | task -1 | clearing prompt with 425 tokens
srv        update:  - cache state: 60 prompts, 1178.153 MiB (limits: 8192.000 MiB, 4096 tokens, 65527 est)
srv        update:    - prompt 0x439af80:     106 tokens, checkpoints:  0,    13.252 MiB
srv        update:    - prompt 0xf0ef60:     107 tokens, checkpoints:  0,    13.377 MiB
srv        update:    - prompt 0x321cf30:     106 tokens, checkpoints:  0,    13.252 MiB
srv        update:    - prompt 0x439bbc0:     107 tokens, checkpoints:  0,    13.377 MiB
srv        update:    - prompt 0x321d650:     105 tokens, checkpoints:  0,    13.127 MiB
srv        update:    - prompt 0x321d8b0:     110 tokens, checkpoints:  0,    13.752 MiB
srv        update:    - prompt 0x439fd00:     116 tokens, checkpoints:  0,    14.502 MiB
srv        update:    - prompt 0x322b480:     109 tokens, checkpoints:  0,    13.627 MiB
srv        update:    - prompt 0x4be6150:     113 tokens, checkpoints:  0,    14.127 MiB
srv        update:    - prompt 0x323a9a0:     108 tokens, checkpoints:  0,    13.502 MiB
srv        update:    - prompt 0x32196f0:     108 tokens, checkpoints:  0,    13.502 MiB
srv        update:    - prompt 0x322b390:     108 tokens, checkpoints:  0,    13.502 MiB
srv        update:    - prompt 0x32307d0:     111 tokens, checkpoints:  0,    13.877 MiB
srv        update:    - prompt 0x321d2c0:     119 tokens, checkpoints:  0,    14.877 MiB
srv        update:    - prompt 0xf09400:     123 tokens, checkpoints:  0,    15.377 MiB
srv        update:    - prompt 0x438c810:     131 tokens, checkpoints:  0,    16.377 MiB
srv        update:    - prompt 0x3acc150:     130 tokens, checkpoints:  0,    16.252 MiB
srv        update:    - prompt 0x322db30:     107 tokens, checkpoints:  0,    13.377 MiB
srv        update:    - prompt 0x3ad97f0:     105 tokens, checkpoints:  0,    13.127 MiB
srv        update:    - prompt 0x3ae3990:     110 tokens, checkpoints:  0,    13.752 MiB
srv        update:    - prompt 0xf12110:     116 tokens, checkpoints:  0,    14.502 MiB
srv        update:    - prompt 0x3227d70:     109 tokens, checkpoints:  0,    13.627 MiB
srv        update:    - prompt 0x3ad80f0:     113 tokens, checkpoints:  0,    14.127 MiB
srv        update:    - prompt 0x3adfb10:     108 tokens, checkpoints:  0,    13.502 MiB
srv        update:    - prompt 0x3ae19d0:     108 tokens, checkpoints:  0,    13.502 MiB
srv        update:    - prompt 0x3ad7650:     108 tokens, checkpoints:  0,    13.502 MiB
srv        update:    - prompt 0x3ad5750:     111 tokens, checkpoints:  0,    13.877 MiB
srv        update:    - prompt 0x3af4e20:     119 tokens, checkpoints:  0,    14.877 MiB
srv        update:    - prompt 0x3221890:     123 tokens, checkpoints:  0,    15.377 MiB
srv        update:    - prompt 0x43967b0:     131 tokens, checkpoints:  0,    16.377 MiB
srv        update:    - prompt 0xee0440:     130 tokens, checkpoints:  0,    16.252 MiB
srv        update:    - prompt 0x439fb50:     412 tokens, checkpoints:  0,    51.505 MiB
srv        update:    - prompt 0x32210b0:     418 tokens, checkpoints:  0,    52.256 MiB
srv        update:    - prompt 0xf0c700:     415 tokens, checkpoints:  0,    51.880 MiB
srv        update:    - prompt 0x322c4e0:     431 tokens, checkpoints:  0,    53.881 MiB
srv        update:    - prompt 0xf0e5d0:     431 tokens, checkpoints:  0,    53.881 MiB
srv        update:    - prompt 0xf0c4e0:     107 tokens, checkpoints:  0,    13.377 MiB
srv        update:    - prompt 0xeef310:     105 tokens, checkpoints:  0,    13.127 MiB
srv        update:    - prompt 0xf0ad80:     110 tokens, checkpoints:  0,    13.752 MiB
srv        update:    - prompt 0x3ae8250:     116 tokens, checkpoints:  0,    14.502 MiB
srv        update:    - prompt 0xee4be0:     109 tokens, checkpoints:  0,    13.627 MiB
srv        update:    - prompt 0x3af74f0:     113 tokens, checkpoints:  0,    14.127 MiB
srv        update:    - prompt 0x439a490:     108 tokens, checkpoints:  0,    13.502 MiB
srv        update:    - prompt 0x3ae0590:     108 tokens, checkpoints:  0,    13.502 MiB
srv        update:    - prompt 0x3ac7fa0:     108 tokens, checkpoints:  0,    13.502 MiB
srv        update:    - prompt 0x439e100:     111 tokens, checkpoints:  0,    13.877 MiB
srv        update:    - prompt 0x3acb060:     119 tokens, checkpoints:  0,    14.877 MiB
srv        update:    - prompt 0x3ad2640:     123 tokens, checkpoints:  0,    15.377 MiB
srv        update:    - prompt 0x3ad74b0:     165 tokens, checkpoints:  0,    20.628 MiB
srv        update:    - prompt 0x3af7790:     131 tokens, checkpoints:  0,    16.377 MiB
srv        update:    - prompt 0x3af0dc0:     135 tokens, checkpoints:  0,    16.877 MiB
srv        update:    - prompt 0x3ae3220:     132 tokens, checkpoints:  0,    16.502 MiB
srv        update:    - prompt 0x3ad7550:     146 tokens, checkpoints:  0,    18.252 MiB
srv        update:    - prompt 0x321a670:     130 tokens, checkpoints:  0,    16.252 MiB
srv        update:    - prompt 0xee8940:     136 tokens, checkpoints:  0,    17.002 MiB
srv        update:    - prompt 0x3af24d0:     136 tokens, checkpoints:  0,    17.002 MiB
srv        update:    - prompt 0xfffdcc0062a0:     241 tokens, checkpoints:  0,    30.129 MiB
srv        update:    - prompt 0xfffe28005460:     325 tokens, checkpoints:  0,    40.629 MiB
srv        update:    - prompt 0xfffd700053f0:     363 tokens, checkpoints:  0,    45.380 MiB
srv        update:    - prompt 0xfffd68002440:     425 tokens, checkpoints:  0,    53.131 MiB
slot update_slots: id  1 | task 8787 | new prompt, n_ctx_slot = 4096, n_keep = 0, task.n_tokens = 310
slot update_slots: id  1 | task 8787 | n_tokens = 0, memory_seq_rm [0, end)
slot init_sampler: id  1 | task 8787 | init sampler, took 0.17 ms, tokens: text = 310, total = 310
slot update_slots: id  1 | task 8787 | prompt processing done, n_tokens = 310, batch.n_tokens = 310
srv  log_server_r: done request: POST /completion 127.0.0.1 200
slot print_timing: id  1 | task 8787 | 
prompt eval time =   96280.02 ms /   310 tokens (  310.58 ms per token,     3.22 tokens per second)
       eval time =   34774.31 ms /   100 tokens (  347.74 ms per token,     2.88 tokens per second)
      total time =  131054.33 ms /   410 tokens
slot      release: id  1 | task 8787 | stop processing: n_tokens = 409, truncated = 0
srv  update_slots: all slots are idle
slot get_availabl: id  0 | task -1 | selected slot by LRU, t_last = 283506744699
srv  get_availabl: updating prompt cache
srv          load:  - looking for better prompt, base f_keep = -1.000, sim = 0.000
srv          load:  - found better prompt with f_keep = 0.760, sim = 1.000
srv        update:  - cache state: 59 prompts, 1126.647 MiB (limits: 8192.000 MiB, 4096 tokens, 65527 est)
srv        update:    - prompt 0x439af80:     106 tokens, checkpoints:  0,    13.252 MiB
srv        update:    - prompt 0xf0ef60:     107 tokens, checkpoints:  0,    13.377 MiB
srv        update:    - prompt 0x321cf30:     106 tokens, checkpoints:  0,    13.252 MiB
srv        update:    - prompt 0x439bbc0:     107 tokens, checkpoints:  0,    13.377 MiB
srv        update:    - prompt 0x321d650:     105 tokens, checkpoints:  0,    13.127 MiB
srv        update:    - prompt 0x321d8b0:     110 tokens, checkpoints:  0,    13.752 MiB
srv        update:    - prompt 0x439fd00:     116 tokens, checkpoints:  0,    14.502 MiB
srv        update:    - prompt 0x322b480:     109 tokens, checkpoints:  0,    13.627 MiB
srv        update:    - prompt 0x4be6150:     113 tokens, checkpoints:  0,    14.127 MiB
srv        update:    - prompt 0x323a9a0:     108 tokens, checkpoints:  0,    13.502 MiB
srv        update:    - prompt 0x32196f0:     108 tokens, checkpoints:  0,    13.502 MiB
srv        update:    - prompt 0x322b390:     108 tokens, checkpoints:  0,    13.502 MiB
srv        update:    - prompt 0x32307d0:     111 tokens, checkpoints:  0,    13.877 MiB
srv        update:    - prompt 0x321d2c0:     119 tokens, checkpoints:  0,    14.877 MiB
srv        update:    - prompt 0xf09400:     123 tokens, checkpoints:  0,    15.377 MiB
srv        update:    - prompt 0x438c810:     131 tokens, checkpoints:  0,    16.377 MiB
srv        update:    - prompt 0x3acc150:     130 tokens, checkpoints:  0,    16.252 MiB
srv        update:    - prompt 0x322db30:     107 tokens, checkpoints:  0,    13.377 MiB
srv        update:    - prompt 0x3ad97f0:     105 tokens, checkpoints:  0,    13.127 MiB
srv        update:    - prompt 0x3ae3990:     110 tokens, checkpoints:  0,    13.752 MiB
srv        update:    - prompt 0xf12110:     116 tokens, checkpoints:  0,    14.502 MiB
srv        update:    - prompt 0x3227d70:     109 tokens, checkpoints:  0,    13.627 MiB
srv        update:    - prompt 0x3ad80f0:     113 tokens, checkpoints:  0,    14.127 MiB
srv        update:    - prompt 0x3adfb10:     108 tokens, checkpoints:  0,    13.502 MiB
srv        update:    - prompt 0x3ae19d0:     108 tokens, checkpoints:  0,    13.502 MiB
srv        update:    - prompt 0x3ad7650:     108 tokens, checkpoints:  0,    13.502 MiB
srv        update:    - prompt 0x3ad5750:     111 tokens, checkpoints:  0,    13.877 MiB
srv        update:    - prompt 0x3af4e20:     119 tokens, checkpoints:  0,    14.877 MiB
srv        update:    - prompt 0x3221890:     123 tokens, checkpoints:  0,    15.377 MiB
srv        update:    - prompt 0x43967b0:     131 tokens, checkpoints:  0,    16.377 MiB
srv        update:    - prompt 0xee0440:     130 tokens, checkpoints:  0,    16.252 MiB
srv        update:    - prompt 0x32210b0:     418 tokens, checkpoints:  0,    52.256 MiB
srv        update:    - prompt 0xf0c700:     415 tokens, checkpoints:  0,    51.880 MiB
srv        update:    - prompt 0x322c4e0:     431 tokens, checkpoints:  0,    53.881 MiB
srv        update:    - prompt 0xf0e5d0:     431 tokens, checkpoints:  0,    53.881 MiB
srv        update:    - prompt 0xf0c4e0:     107 tokens, checkpoints:  0,    13.377 MiB
srv        update:    - prompt 0xeef310:     105 tokens, checkpoints:  0,    13.127 MiB
srv        update:    - prompt 0xf0ad80:     110 tokens, checkpoints:  0,    13.752 MiB
srv        update:    - prompt 0x3ae8250:     116 tokens, checkpoints:  0,    14.502 MiB
srv        update:    - prompt 0xee4be0:     109 tokens, checkpoints:  0,    13.627 MiB
srv        update:    - prompt 0x3af74f0:     113 tokens, checkpoints:  0,    14.127 MiB
srv        update:    - prompt 0x439a490:     108 tokens, checkpoints:  0,    13.502 MiB
srv        update:    - prompt 0x3ae0590:     108 tokens, checkpoints:  0,    13.502 MiB
srv        update:    - prompt 0x3ac7fa0:     108 tokens, checkpoints:  0,    13.502 MiB
srv        update:    - prompt 0x439e100:     111 tokens, checkpoints:  0,    13.877 MiB
srv        update:    - prompt 0x3acb060:     119 tokens, checkpoints:  0,    14.877 MiB
srv        update:    - prompt 0x3ad2640:     123 tokens, checkpoints:  0,    15.377 MiB
srv        update:    - prompt 0x3ad74b0:     165 tokens, checkpoints:  0,    20.628 MiB
srv        update:    - prompt 0x3af7790:     131 tokens, checkpoints:  0,    16.377 MiB
srv        update:    - prompt 0x3af0dc0:     135 tokens, checkpoints:  0,    16.877 MiB
srv        update:    - prompt 0x3ae3220:     132 tokens, checkpoints:  0,    16.502 MiB
srv        update:    - prompt 0x3ad7550:     146 tokens, checkpoints:  0,    18.252 MiB
srv        update:    - prompt 0x321a670:     130 tokens, checkpoints:  0,    16.252 MiB
srv        update:    - prompt 0xee8940:     136 tokens, checkpoints:  0,    17.002 MiB
srv        update:    - prompt 0x3af24d0:     136 tokens, checkpoints:  0,    17.002 MiB
srv        update:    - prompt 0xfffdcc0062a0:     241 tokens, checkpoints:  0,    30.129 MiB
srv        update:    - prompt 0xfffe28005460:     325 tokens, checkpoints:  0,    40.629 MiB
srv        update:    - prompt 0xfffd700053f0:     363 tokens, checkpoints:  0,    45.380 MiB
srv        update:    - prompt 0xfffd68002440:     425 tokens, checkpoints:  0,    53.131 MiB
srv  get_availabl: prompt cache update took 15.77 ms
slot launch_slot_: id  0 | task -1 | sampler chain: logits -> ?penalties -> ?dry -> ?top-n-sigma -> top-k -> ?typical -> top-p -> min-p -> ?xtc -> temp-ext -> dist 
slot launch_slot_: id  0 | task 8888 | processing task, is_child = 0
slot slot_save_an: id  1 | task -1 | saving idle slot to prompt cache
srv   prompt_save:  - saving prompt with length 409, total state size = 51.130 MiB
slot prompt_clear: id  1 | task -1 | clearing prompt with 409 tokens
srv        update:  - cache state: 60 prompts, 1177.778 MiB (limits: 8192.000 MiB, 4096 tokens, 65527 est)
srv        update:    - prompt 0x439af80:     106 tokens, checkpoints:  0,    13.252 MiB
srv        update:    - prompt 0xf0ef60:     107 tokens, checkpoints:  0,    13.377 MiB
srv        update:    - prompt 0x321cf30:     106 tokens, checkpoints:  0,    13.252 MiB
srv        update:    - prompt 0x439bbc0:     107 tokens, checkpoints:  0,    13.377 MiB
srv        update:    - prompt 0x321d650:     105 tokens, checkpoints:  0,    13.127 MiB
srv        update:    - prompt 0x321d8b0:     110 tokens, checkpoints:  0,    13.752 MiB
srv        update:    - prompt 0x439fd00:     116 tokens, checkpoints:  0,    14.502 MiB
srv        update:    - prompt 0x322b480:     109 tokens, checkpoints:  0,    13.627 MiB
srv        update:    - prompt 0x4be6150:     113 tokens, checkpoints:  0,    14.127 MiB
srv        update:    - prompt 0x323a9a0:     108 tokens, checkpoints:  0,    13.502 MiB
srv        update:    - prompt 0x32196f0:     108 tokens, checkpoints:  0,    13.502 MiB
srv        update:    - prompt 0x322b390:     108 tokens, checkpoints:  0,    13.502 MiB
srv        update:    - prompt 0x32307d0:     111 tokens, checkpoints:  0,    13.877 MiB
srv        update:    - prompt 0x321d2c0:     119 tokens, checkpoints:  0,    14.877 MiB
srv        update:    - prompt 0xf09400:     123 tokens, checkpoints:  0,    15.377 MiB
srv        update:    - prompt 0x438c810:     131 tokens, checkpoints:  0,    16.377 MiB
srv        update:    - prompt 0x3acc150:     130 tokens, checkpoints:  0,    16.252 MiB
srv        update:    - prompt 0x322db30:     107 tokens, checkpoints:  0,    13.377 MiB
srv        update:    - prompt 0x3ad97f0:     105 tokens, checkpoints:  0,    13.127 MiB
srv        update:    - prompt 0x3ae3990:     110 tokens, checkpoints:  0,    13.752 MiB
srv        update:    - prompt 0xf12110:     116 tokens, checkpoints:  0,    14.502 MiB
srv        update:    - prompt 0x3227d70:     109 tokens, checkpoints:  0,    13.627 MiB
srv        update:    - prompt 0x3ad80f0:     113 tokens, checkpoints:  0,    14.127 MiB
srv        update:    - prompt 0x3adfb10:     108 tokens, checkpoints:  0,    13.502 MiB
srv        update:    - prompt 0x3ae19d0:     108 tokens, checkpoints:  0,    13.502 MiB
srv        update:    - prompt 0x3ad7650:     108 tokens, checkpoints:  0,    13.502 MiB
srv        update:    - prompt 0x3ad5750:     111 tokens, checkpoints:  0,    13.877 MiB
srv        update:    - prompt 0x3af4e20:     119 tokens, checkpoints:  0,    14.877 MiB
srv        update:    - prompt 0x3221890:     123 tokens, checkpoints:  0,    15.377 MiB
srv        update:    - prompt 0x43967b0:     131 tokens, checkpoints:  0,    16.377 MiB
srv        update:    - prompt 0xee0440:     130 tokens, checkpoints:  0,    16.252 MiB
srv        update:    - prompt 0x32210b0:     418 tokens, checkpoints:  0,    52.256 MiB
srv        update:    - prompt 0xf0c700:     415 tokens, checkpoints:  0,    51.880 MiB
srv        update:    - prompt 0x322c4e0:     431 tokens, checkpoints:  0,    53.881 MiB
srv        update:    - prompt 0xf0e5d0:     431 tokens, checkpoints:  0,    53.881 MiB
srv        update:    - prompt 0xf0c4e0:     107 tokens, checkpoints:  0,    13.377 MiB
srv        update:    - prompt 0xeef310:     105 tokens, checkpoints:  0,    13.127 MiB
srv        update:    - prompt 0xf0ad80:     110 tokens, checkpoints:  0,    13.752 MiB
srv        update:    - prompt 0x3ae8250:     116 tokens, checkpoints:  0,    14.502 MiB
srv        update:    - prompt 0xee4be0:     109 tokens, checkpoints:  0,    13.627 MiB
srv        update:    - prompt 0x3af74f0:     113 tokens, checkpoints:  0,    14.127 MiB
srv        update:    - prompt 0x439a490:     108 tokens, checkpoints:  0,    13.502 MiB
srv        update:    - prompt 0x3ae0590:     108 tokens, checkpoints:  0,    13.502 MiB
srv        update:    - prompt 0x3ac7fa0:     108 tokens, checkpoints:  0,    13.502 MiB
srv        update:    - prompt 0x439e100:     111 tokens, checkpoints:  0,    13.877 MiB
srv        update:    - prompt 0x3acb060:     119 tokens, checkpoints:  0,    14.877 MiB
srv        update:    - prompt 0x3ad2640:     123 tokens, checkpoints:  0,    15.377 MiB
srv        update:    - prompt 0x3ad74b0:     165 tokens, checkpoints:  0,    20.628 MiB
srv        update:    - prompt 0x3af7790:     131 tokens, checkpoints:  0,    16.377 MiB
srv        update:    - prompt 0x3af0dc0:     135 tokens, checkpoints:  0,    16.877 MiB
srv        update:    - prompt 0x3ae3220:     132 tokens, checkpoints:  0,    16.502 MiB
srv        update:    - prompt 0x3ad7550:     146 tokens, checkpoints:  0,    18.252 MiB
srv        update:    - prompt 0x321a670:     130 tokens, checkpoints:  0,    16.252 MiB
srv        update:    - prompt 0xee8940:     136 tokens, checkpoints:  0,    17.002 MiB
srv        update:    - prompt 0x3af24d0:     136 tokens, checkpoints:  0,    17.002 MiB
srv        update:    - prompt 0xfffdcc0062a0:     241 tokens, checkpoints:  0,    30.129 MiB
srv        update:    - prompt 0xfffe28005460:     325 tokens, checkpoints:  0,    40.629 MiB
srv        update:    - prompt 0xfffd700053f0:     363 tokens, checkpoints:  0,    45.380 MiB
srv        update:    - prompt 0xfffd68002440:     425 tokens, checkpoints:  0,    53.131 MiB
srv        update:    - prompt 0x439fb50:     409 tokens, checkpoints:  0,    51.130 MiB
slot update_slots: id  0 | task 8888 | new prompt, n_ctx_slot = 4096, n_keep = 0, task.n_tokens = 313
slot update_slots: id  0 | task 8888 | n_tokens = 0, memory_seq_rm [0, end)
slot init_sampler: id  0 | task 8888 | init sampler, took 0.16 ms, tokens: text = 313, total = 313
slot update_slots: id  0 | task 8888 | prompt processing done, n_tokens = 313, batch.n_tokens = 313
srv  log_server_r: done request: POST /completion 127.0.0.1 200
slot print_timing: id  0 | task 8888 | 
prompt eval time =   97123.87 ms /   313 tokens (  310.30 ms per token,     3.22 tokens per second)
       eval time =   34743.74 ms /   100 tokens (  347.44 ms per token,     2.88 tokens per second)
      total time =  131867.61 ms /   413 tokens
slot      release: id  0 | task 8888 | stop processing: n_tokens = 412, truncated = 0
srv  update_slots: all slots are idle
slot get_availabl: id  3 | task -1 | selected slot by LRU, t_last = 283625629940
srv  get_availabl: updating prompt cache
srv          load:  - looking for better prompt, base f_keep = -1.000, sim = 0.000
srv          load:  - found better prompt with f_keep = 0.763, sim = 1.000
srv        update:  - cache state: 59 prompts, 1125.522 MiB (limits: 8192.000 MiB, 4096 tokens, 65527 est)
srv        update:    - prompt 0x439af80:     106 tokens, checkpoints:  0,    13.252 MiB
srv        update:    - prompt 0xf0ef60:     107 tokens, checkpoints:  0,    13.377 MiB
srv        update:    - prompt 0x321cf30:     106 tokens, checkpoints:  0,    13.252 MiB
srv        update:    - prompt 0x439bbc0:     107 tokens, checkpoints:  0,    13.377 MiB
srv        update:    - prompt 0x321d650:     105 tokens, checkpoints:  0,    13.127 MiB
srv        update:    - prompt 0x321d8b0:     110 tokens, checkpoints:  0,    13.752 MiB
srv        update:    - prompt 0x439fd00:     116 tokens, checkpoints:  0,    14.502 MiB
srv        update:    - prompt 0x322b480:     109 tokens, checkpoints:  0,    13.627 MiB
srv        update:    - prompt 0x4be6150:     113 tokens, checkpoints:  0,    14.127 MiB
srv        update:    - prompt 0x323a9a0:     108 tokens, checkpoints:  0,    13.502 MiB
srv        update:    - prompt 0x32196f0:     108 tokens, checkpoints:  0,    13.502 MiB
srv        update:    - prompt 0x322b390:     108 tokens, checkpoints:  0,    13.502 MiB
srv        update:    - prompt 0x32307d0:     111 tokens, checkpoints:  0,    13.877 MiB
srv        update:    - prompt 0x321d2c0:     119 tokens, checkpoints:  0,    14.877 MiB
srv        update:    - prompt 0xf09400:     123 tokens, checkpoints:  0,    15.377 MiB
srv        update:    - prompt 0x438c810:     131 tokens, checkpoints:  0,    16.377 MiB
srv        update:    - prompt 0x3acc150:     130 tokens, checkpoints:  0,    16.252 MiB
srv        update:    - prompt 0x322db30:     107 tokens, checkpoints:  0,    13.377 MiB
srv        update:    - prompt 0x3ad97f0:     105 tokens, checkpoints:  0,    13.127 MiB
srv        update:    - prompt 0x3ae3990:     110 tokens, checkpoints:  0,    13.752 MiB
srv        update:    - prompt 0xf12110:     116 tokens, checkpoints:  0,    14.502 MiB
srv        update:    - prompt 0x3227d70:     109 tokens, checkpoints:  0,    13.627 MiB
srv        update:    - prompt 0x3ad80f0:     113 tokens, checkpoints:  0,    14.127 MiB
srv        update:    - prompt 0x3adfb10:     108 tokens, checkpoints:  0,    13.502 MiB
srv        update:    - prompt 0x3ae19d0:     108 tokens, checkpoints:  0,    13.502 MiB
srv        update:    - prompt 0x3ad7650:     108 tokens, checkpoints:  0,    13.502 MiB
srv        update:    - prompt 0x3ad5750:     111 tokens, checkpoints:  0,    13.877 MiB
srv        update:    - prompt 0x3af4e20:     119 tokens, checkpoints:  0,    14.877 MiB
srv        update:    - prompt 0x3221890:     123 tokens, checkpoints:  0,    15.377 MiB
srv        update:    - prompt 0x43967b0:     131 tokens, checkpoints:  0,    16.377 MiB
srv        update:    - prompt 0xee0440:     130 tokens, checkpoints:  0,    16.252 MiB
srv        update:    - prompt 0xf0c700:     415 tokens, checkpoints:  0,    51.880 MiB
srv        update:    - prompt 0x322c4e0:     431 tokens, checkpoints:  0,    53.881 MiB
srv        update:    - prompt 0xf0e5d0:     431 tokens, checkpoints:  0,    53.881 MiB
srv        update:    - prompt 0xf0c4e0:     107 tokens, checkpoints:  0,    13.377 MiB
srv        update:    - prompt 0xeef310:     105 tokens, checkpoints:  0,    13.127 MiB
srv        update:    - prompt 0xf0ad80:     110 tokens, checkpoints:  0,    13.752 MiB
srv        update:    - prompt 0x3ae8250:     116 tokens, checkpoints:  0,    14.502 MiB
srv        update:    - prompt 0xee4be0:     109 tokens, checkpoints:  0,    13.627 MiB
srv        update:    - prompt 0x3af74f0:     113 tokens, checkpoints:  0,    14.127 MiB
srv        update:    - prompt 0x439a490:     108 tokens, checkpoints:  0,    13.502 MiB
srv        update:    - prompt 0x3ae0590:     108 tokens, checkpoints:  0,    13.502 MiB
srv        update:    - prompt 0x3ac7fa0:     108 tokens, checkpoints:  0,    13.502 MiB
srv        update:    - prompt 0x439e100:     111 tokens, checkpoints:  0,    13.877 MiB
srv        update:    - prompt 0x3acb060:     119 tokens, checkpoints:  0,    14.877 MiB
srv        update:    - prompt 0x3ad2640:     123 tokens, checkpoints:  0,    15.377 MiB
srv        update:    - prompt 0x3ad74b0:     165 tokens, checkpoints:  0,    20.628 MiB
srv        update:    - prompt 0x3af7790:     131 tokens, checkpoints:  0,    16.377 MiB
srv        update:    - prompt 0x3af0dc0:     135 tokens, checkpoints:  0,    16.877 MiB
srv        update:    - prompt 0x3ae3220:     132 tokens, checkpoints:  0,    16.502 MiB
srv        update:    - prompt 0x3ad7550:     146 tokens, checkpoints:  0,    18.252 MiB
srv        update:    - prompt 0x321a670:     130 tokens, checkpoints:  0,    16.252 MiB
srv        update:    - prompt 0xee8940:     136 tokens, checkpoints:  0,    17.002 MiB
srv        update:    - prompt 0x3af24d0:     136 tokens, checkpoints:  0,    17.002 MiB
srv        update:    - prompt 0xfffdcc0062a0:     241 tokens, checkpoints:  0,    30.129 MiB
srv        update:    - prompt 0xfffe28005460:     325 tokens, checkpoints:  0,    40.629 MiB
srv        update:    - prompt 0xfffd700053f0:     363 tokens, checkpoints:  0,    45.380 MiB
srv        update:    - prompt 0xfffd68002440:     425 tokens, checkpoints:  0,    53.131 MiB
srv        update:    - prompt 0x439fb50:     409 tokens, checkpoints:  0,    51.130 MiB
srv  get_availabl: prompt cache update took 15.88 ms
slot launch_slot_: id  3 | task -1 | sampler chain: logits -> ?penalties -> ?dry -> ?top-n-sigma -> top-k -> ?typical -> top-p -> min-p -> ?xtc -> temp-ext -> dist 
slot launch_slot_: id  3 | task 8989 | processing task, is_child = 0
slot slot_save_an: id  0 | task -1 | saving idle slot to prompt cache
srv   prompt_save:  - saving prompt with length 412, total state size = 51.505 MiB
slot prompt_clear: id  0 | task -1 | clearing prompt with 412 tokens
srv        update:  - cache state: 60 prompts, 1177.028 MiB (limits: 8192.000 MiB, 4096 tokens, 65527 est)
srv        update:    - prompt 0x439af80:     106 tokens, checkpoints:  0,    13.252 MiB
srv        update:    - prompt 0xf0ef60:     107 tokens, checkpoints:  0,    13.377 MiB
srv        update:    - prompt 0x321cf30:     106 tokens, checkpoints:  0,    13.252 MiB
srv        update:    - prompt 0x439bbc0:     107 tokens, checkpoints:  0,    13.377 MiB
srv        update:    - prompt 0x321d650:     105 tokens, checkpoints:  0,    13.127 MiB
srv        update:    - prompt 0x321d8b0:     110 tokens, checkpoints:  0,    13.752 MiB
srv        update:    - prompt 0x439fd00:     116 tokens, checkpoints:  0,    14.502 MiB
srv        update:    - prompt 0x322b480:     109 tokens, checkpoints:  0,    13.627 MiB
srv        update:    - prompt 0x4be6150:     113 tokens, checkpoints:  0,    14.127 MiB
srv        update:    - prompt 0x323a9a0:     108 tokens, checkpoints:  0,    13.502 MiB
srv        update:    - prompt 0x32196f0:     108 tokens, checkpoints:  0,    13.502 MiB
srv        update:    - prompt 0x322b390:     108 tokens, checkpoints:  0,    13.502 MiB
srv        update:    - prompt 0x32307d0:     111 tokens, checkpoints:  0,    13.877 MiB
srv        update:    - prompt 0x321d2c0:     119 tokens, checkpoints:  0,    14.877 MiB
srv        update:    - prompt 0xf09400:     123 tokens, checkpoints:  0,    15.377 MiB
srv        update:    - prompt 0x438c810:     131 tokens, checkpoints:  0,    16.377 MiB
srv        update:    - prompt 0x3acc150:     130 tokens, checkpoints:  0,    16.252 MiB
srv        update:    - prompt 0x322db30:     107 tokens, checkpoints:  0,    13.377 MiB
srv        update:    - prompt 0x3ad97f0:     105 tokens, checkpoints:  0,    13.127 MiB
srv        update:    - prompt 0x3ae3990:     110 tokens, checkpoints:  0,    13.752 MiB
srv        update:    - prompt 0xf12110:     116 tokens, checkpoints:  0,    14.502 MiB
srv        update:    - prompt 0x3227d70:     109 tokens, checkpoints:  0,    13.627 MiB
srv        update:    - prompt 0x3ad80f0:     113 tokens, checkpoints:  0,    14.127 MiB
srv        update:    - prompt 0x3adfb10:     108 tokens, checkpoints:  0,    13.502 MiB
srv        update:    - prompt 0x3ae19d0:     108 tokens, checkpoints:  0,    13.502 MiB
srv        update:    - prompt 0x3ad7650:     108 tokens, checkpoints:  0,    13.502 MiB
srv        update:    - prompt 0x3ad5750:     111 tokens, checkpoints:  0,    13.877 MiB
srv        update:    - prompt 0x3af4e20:     119 tokens, checkpoints:  0,    14.877 MiB
srv        update:    - prompt 0x3221890:     123 tokens, checkpoints:  0,    15.377 MiB
srv        update:    - prompt 0x43967b0:     131 tokens, checkpoints:  0,    16.377 MiB
srv        update:    - prompt 0xee0440:     130 tokens, checkpoints:  0,    16.252 MiB
srv        update:    - prompt 0xf0c700:     415 tokens, checkpoints:  0,    51.880 MiB
srv        update:    - prompt 0x322c4e0:     431 tokens, checkpoints:  0,    53.881 MiB
srv        update:    - prompt 0xf0e5d0:     431 tokens, checkpoints:  0,    53.881 MiB
srv        update:    - prompt 0xf0c4e0:     107 tokens, checkpoints:  0,    13.377 MiB
srv        update:    - prompt 0xeef310:     105 tokens, checkpoints:  0,    13.127 MiB
srv        update:    - prompt 0xf0ad80:     110 tokens, checkpoints:  0,    13.752 MiB
srv        update:    - prompt 0x3ae8250:     116 tokens, checkpoints:  0,    14.502 MiB
srv        update:    - prompt 0xee4be0:     109 tokens, checkpoints:  0,    13.627 MiB
srv        update:    - prompt 0x3af74f0:     113 tokens, checkpoints:  0,    14.127 MiB
srv        update:    - prompt 0x439a490:     108 tokens, checkpoints:  0,    13.502 MiB
srv        update:    - prompt 0x3ae0590:     108 tokens, checkpoints:  0,    13.502 MiB
srv        update:    - prompt 0x3ac7fa0:     108 tokens, checkpoints:  0,    13.502 MiB
srv        update:    - prompt 0x439e100:     111 tokens, checkpoints:  0,    13.877 MiB
srv        update:    - prompt 0x3acb060:     119 tokens, checkpoints:  0,    14.877 MiB
srv        update:    - prompt 0x3ad2640:     123 tokens, checkpoints:  0,    15.377 MiB
srv        update:    - prompt 0x3ad74b0:     165 tokens, checkpoints:  0,    20.628 MiB
srv        update:    - prompt 0x3af7790:     131 tokens, checkpoints:  0,    16.377 MiB
srv        update:    - prompt 0x3af0dc0:     135 tokens, checkpoints:  0,    16.877 MiB
srv        update:    - prompt 0x3ae3220:     132 tokens, checkpoints:  0,    16.502 MiB
srv        update:    - prompt 0x3ad7550:     146 tokens, checkpoints:  0,    18.252 MiB
srv        update:    - prompt 0x321a670:     130 tokens, checkpoints:  0,    16.252 MiB
srv        update:    - prompt 0xee8940:     136 tokens, checkpoints:  0,    17.002 MiB
srv        update:    - prompt 0x3af24d0:     136 tokens, checkpoints:  0,    17.002 MiB
srv        update:    - prompt 0xfffdcc0062a0:     241 tokens, checkpoints:  0,    30.129 MiB
srv        update:    - prompt 0xfffe28005460:     325 tokens, checkpoints:  0,    40.629 MiB
srv        update:    - prompt 0xfffd700053f0:     363 tokens, checkpoints:  0,    45.380 MiB
srv        update:    - prompt 0xfffd68002440:     425 tokens, checkpoints:  0,    53.131 MiB
srv        update:    - prompt 0x439fb50:     409 tokens, checkpoints:  0,    51.130 MiB
srv        update:    - prompt 0x32210b0:     412 tokens, checkpoints:  0,    51.505 MiB
slot update_slots: id  3 | task 8989 | new prompt, n_ctx_slot = 4096, n_keep = 0, task.n_tokens = 319
slot update_slots: id  3 | task 8989 | n_tokens = 0, memory_seq_rm [0, end)
slot init_sampler: id  3 | task 8989 | init sampler, took 0.17 ms, tokens: text = 319, total = 319
slot update_slots: id  3 | task 8989 | prompt processing done, n_tokens = 319, batch.n_tokens = 319
srv  log_server_r: done request: POST /completion 127.0.0.1 200
slot print_timing: id  3 | task 8989 | 
prompt eval time =   98801.22 ms /   319 tokens (  309.72 ms per token,     3.23 tokens per second)
       eval time =   34801.47 ms /   100 tokens (  348.01 ms per token,     2.87 tokens per second)
      total time =  133602.69 ms /   419 tokens
slot      release: id  3 | task 8989 | stop processing: n_tokens = 418, truncated = 0
srv  update_slots: all slots are idle
slot get_availabl: id  2 | task -1 | selected slot by LRU, t_last = 283765627392
srv  get_availabl: updating prompt cache
srv          load:  - looking for better prompt, base f_keep = -1.000, sim = 0.000
srv          load:  - found better prompt with f_keep = 0.761, sim = 1.000
srv        update:  - cache state: 59 prompts, 1125.147 MiB (limits: 8192.000 MiB, 4096 tokens, 65527 est)
srv        update:    - prompt 0x439af80:     106 tokens, checkpoints:  0,    13.252 MiB
srv        update:    - prompt 0xf0ef60:     107 tokens, checkpoints:  0,    13.377 MiB
srv        update:    - prompt 0x321cf30:     106 tokens, checkpoints:  0,    13.252 MiB
srv        update:    - prompt 0x439bbc0:     107 tokens, checkpoints:  0,    13.377 MiB
srv        update:    - prompt 0x321d650:     105 tokens, checkpoints:  0,    13.127 MiB
srv        update:    - prompt 0x321d8b0:     110 tokens, checkpoints:  0,    13.752 MiB
srv        update:    - prompt 0x439fd00:     116 tokens, checkpoints:  0,    14.502 MiB
srv        update:    - prompt 0x322b480:     109 tokens, checkpoints:  0,    13.627 MiB
srv        update:    - prompt 0x4be6150:     113 tokens, checkpoints:  0,    14.127 MiB
srv        update:    - prompt 0x323a9a0:     108 tokens, checkpoints:  0,    13.502 MiB
srv        update:    - prompt 0x32196f0:     108 tokens, checkpoints:  0,    13.502 MiB
srv        update:    - prompt 0x322b390:     108 tokens, checkpoints:  0,    13.502 MiB
srv        update:    - prompt 0x32307d0:     111 tokens, checkpoints:  0,    13.877 MiB
srv        update:    - prompt 0x321d2c0:     119 tokens, checkpoints:  0,    14.877 MiB
srv        update:    - prompt 0xf09400:     123 tokens, checkpoints:  0,    15.377 MiB
srv        update:    - prompt 0x438c810:     131 tokens, checkpoints:  0,    16.377 MiB
srv        update:    - prompt 0x3acc150:     130 tokens, checkpoints:  0,    16.252 MiB
srv        update:    - prompt 0x322db30:     107 tokens, checkpoints:  0,    13.377 MiB
srv        update:    - prompt 0x3ad97f0:     105 tokens, checkpoints:  0,    13.127 MiB
srv        update:    - prompt 0x3ae3990:     110 tokens, checkpoints:  0,    13.752 MiB
srv        update:    - prompt 0xf12110:     116 tokens, checkpoints:  0,    14.502 MiB
srv        update:    - prompt 0x3227d70:     109 tokens, checkpoints:  0,    13.627 MiB
srv        update:    - prompt 0x3ad80f0:     113 tokens, checkpoints:  0,    14.127 MiB
srv        update:    - prompt 0x3adfb10:     108 tokens, checkpoints:  0,    13.502 MiB
srv        update:    - prompt 0x3ae19d0:     108 tokens, checkpoints:  0,    13.502 MiB
srv        update:    - prompt 0x3ad7650:     108 tokens, checkpoints:  0,    13.502 MiB
srv        update:    - prompt 0x3ad5750:     111 tokens, checkpoints:  0,    13.877 MiB
srv        update:    - prompt 0x3af4e20:     119 tokens, checkpoints:  0,    14.877 MiB
srv        update:    - prompt 0x3221890:     123 tokens, checkpoints:  0,    15.377 MiB
srv        update:    - prompt 0x43967b0:     131 tokens, checkpoints:  0,    16.377 MiB
srv        update:    - prompt 0xee0440:     130 tokens, checkpoints:  0,    16.252 MiB
srv        update:    - prompt 0x322c4e0:     431 tokens, checkpoints:  0,    53.881 MiB
srv        update:    - prompt 0xf0e5d0:     431 tokens, checkpoints:  0,    53.881 MiB
srv        update:    - prompt 0xf0c4e0:     107 tokens, checkpoints:  0,    13.377 MiB
srv        update:    - prompt 0xeef310:     105 tokens, checkpoints:  0,    13.127 MiB
srv        update:    - prompt 0xf0ad80:     110 tokens, checkpoints:  0,    13.752 MiB
srv        update:    - prompt 0x3ae8250:     116 tokens, checkpoints:  0,    14.502 MiB
srv        update:    - prompt 0xee4be0:     109 tokens, checkpoints:  0,    13.627 MiB
srv        update:    - prompt 0x3af74f0:     113 tokens, checkpoints:  0,    14.127 MiB
srv        update:    - prompt 0x439a490:     108 tokens, checkpoints:  0,    13.502 MiB
srv        update:    - prompt 0x3ae0590:     108 tokens, checkpoints:  0,    13.502 MiB
srv        update:    - prompt 0x3ac7fa0:     108 tokens, checkpoints:  0,    13.502 MiB
srv        update:    - prompt 0x439e100:     111 tokens, checkpoints:  0,    13.877 MiB
srv        update:    - prompt 0x3acb060:     119 tokens, checkpoints:  0,    14.877 MiB
srv        update:    - prompt 0x3ad2640:     123 tokens, checkpoints:  0,    15.377 MiB
srv        update:    - prompt 0x3ad74b0:     165 tokens, checkpoints:  0,    20.628 MiB
srv        update:    - prompt 0x3af7790:     131 tokens, checkpoints:  0,    16.377 MiB
srv        update:    - prompt 0x3af0dc0:     135 tokens, checkpoints:  0,    16.877 MiB
srv        update:    - prompt 0x3ae3220:     132 tokens, checkpoints:  0,    16.502 MiB
srv        update:    - prompt 0x3ad7550:     146 tokens, checkpoints:  0,    18.252 MiB
srv        update:    - prompt 0x321a670:     130 tokens, checkpoints:  0,    16.252 MiB
srv        update:    - prompt 0xee8940:     136 tokens, checkpoints:  0,    17.002 MiB
srv        update:    - prompt 0x3af24d0:     136 tokens, checkpoints:  0,    17.002 MiB
srv        update:    - prompt 0xfffdcc0062a0:     241 tokens, checkpoints:  0,    30.129 MiB
srv        update:    - prompt 0xfffe28005460:     325 tokens, checkpoints:  0,    40.629 MiB
srv        update:    - prompt 0xfffd700053f0:     363 tokens, checkpoints:  0,    45.380 MiB
srv        update:    - prompt 0xfffd68002440:     425 tokens, checkpoints:  0,    53.131 MiB
srv        update:    - prompt 0x439fb50:     409 tokens, checkpoints:  0,    51.130 MiB
srv        update:    - prompt 0x32210b0:     412 tokens, checkpoints:  0,    51.505 MiB
srv  get_availabl: prompt cache update took 15.86 ms
slot launch_slot_: id  2 | task -1 | sampler chain: logits -> ?penalties -> ?dry -> ?top-n-sigma -> top-k -> ?typical -> top-p -> min-p -> ?xtc -> temp-ext -> dist 
slot launch_slot_: id  2 | task 9090 | processing task, is_child = 0
slot slot_save_an: id  3 | task -1 | saving idle slot to prompt cache
srv   prompt_save:  - saving prompt with length 418, total state size = 52.256 MiB
slot prompt_clear: id  3 | task -1 | clearing prompt with 418 tokens
srv        update:  - cache state: 60 prompts, 1177.403 MiB (limits: 8192.000 MiB, 4096 tokens, 65527 est)
srv        update:    - prompt 0x439af80:     106 tokens, checkpoints:  0,    13.252 MiB
srv        update:    - prompt 0xf0ef60:     107 tokens, checkpoints:  0,    13.377 MiB
srv        update:    - prompt 0x321cf30:     106 tokens, checkpoints:  0,    13.252 MiB
srv        update:    - prompt 0x439bbc0:     107 tokens, checkpoints:  0,    13.377 MiB
srv        update:    - prompt 0x321d650:     105 tokens, checkpoints:  0,    13.127 MiB
srv        update:    - prompt 0x321d8b0:     110 tokens, checkpoints:  0,    13.752 MiB
srv        update:    - prompt 0x439fd00:     116 tokens, checkpoints:  0,    14.502 MiB
srv        update:    - prompt 0x322b480:     109 tokens, checkpoints:  0,    13.627 MiB
srv        update:    - prompt 0x4be6150:     113 tokens, checkpoints:  0,    14.127 MiB
srv        update:    - prompt 0x323a9a0:     108 tokens, checkpoints:  0,    13.502 MiB
srv        update:    - prompt 0x32196f0:     108 tokens, checkpoints:  0,    13.502 MiB
srv        update:    - prompt 0x322b390:     108 tokens, checkpoints:  0,    13.502 MiB
srv        update:    - prompt 0x32307d0:     111 tokens, checkpoints:  0,    13.877 MiB
srv        update:    - prompt 0x321d2c0:     119 tokens, checkpoints:  0,    14.877 MiB
srv        update:    - prompt 0xf09400:     123 tokens, checkpoints:  0,    15.377 MiB
srv        update:    - prompt 0x438c810:     131 tokens, checkpoints:  0,    16.377 MiB
srv        update:    - prompt 0x3acc150:     130 tokens, checkpoints:  0,    16.252 MiB
srv        update:    - prompt 0x322db30:     107 tokens, checkpoints:  0,    13.377 MiB
srv        update:    - prompt 0x3ad97f0:     105 tokens, checkpoints:  0,    13.127 MiB
srv        update:    - prompt 0x3ae3990:     110 tokens, checkpoints:  0,    13.752 MiB
srv        update:    - prompt 0xf12110:     116 tokens, checkpoints:  0,    14.502 MiB
srv        update:    - prompt 0x3227d70:     109 tokens, checkpoints:  0,    13.627 MiB
srv        update:    - prompt 0x3ad80f0:     113 tokens, checkpoints:  0,    14.127 MiB
srv        update:    - prompt 0x3adfb10:     108 tokens, checkpoints:  0,    13.502 MiB
srv        update:    - prompt 0x3ae19d0:     108 tokens, checkpoints:  0,    13.502 MiB
srv        update:    - prompt 0x3ad7650:     108 tokens, checkpoints:  0,    13.502 MiB
srv        update:    - prompt 0x3ad5750:     111 tokens, checkpoints:  0,    13.877 MiB
srv        update:    - prompt 0x3af4e20:     119 tokens, checkpoints:  0,    14.877 MiB
srv        update:    - prompt 0x3221890:     123 tokens, checkpoints:  0,    15.377 MiB
srv        update:    - prompt 0x43967b0:     131 tokens, checkpoints:  0,    16.377 MiB
srv        update:    - prompt 0xee0440:     130 tokens, checkpoints:  0,    16.252 MiB
srv        update:    - prompt 0x322c4e0:     431 tokens, checkpoints:  0,    53.881 MiB
srv        update:    - prompt 0xf0e5d0:     431 tokens, checkpoints:  0,    53.881 MiB
srv        update:    - prompt 0xf0c4e0:     107 tokens, checkpoints:  0,    13.377 MiB
srv        update:    - prompt 0xeef310:     105 tokens, checkpoints:  0,    13.127 MiB
srv        update:    - prompt 0xf0ad80:     110 tokens, checkpoints:  0,    13.752 MiB
srv        update:    - prompt 0x3ae8250:     116 tokens, checkpoints:  0,    14.502 MiB
srv        update:    - prompt 0xee4be0:     109 tokens, checkpoints:  0,    13.627 MiB
srv        update:    - prompt 0x3af74f0:     113 tokens, checkpoints:  0,    14.127 MiB
srv        update:    - prompt 0x439a490:     108 tokens, checkpoints:  0,    13.502 MiB
srv        update:    - prompt 0x3ae0590:     108 tokens, checkpoints:  0,    13.502 MiB
srv        update:    - prompt 0x3ac7fa0:     108 tokens, checkpoints:  0,    13.502 MiB
srv        update:    - prompt 0x439e100:     111 tokens, checkpoints:  0,    13.877 MiB
srv        update:    - prompt 0x3acb060:     119 tokens, checkpoints:  0,    14.877 MiB
srv        update:    - prompt 0x3ad2640:     123 tokens, checkpoints:  0,    15.377 MiB
srv        update:    - prompt 0x3ad74b0:     165 tokens, checkpoints:  0,    20.628 MiB
srv        update:    - prompt 0x3af7790:     131 tokens, checkpoints:  0,    16.377 MiB
srv        update:    - prompt 0x3af0dc0:     135 tokens, checkpoints:  0,    16.877 MiB
srv        update:    - prompt 0x3ae3220:     132 tokens, checkpoints:  0,    16.502 MiB
srv        update:    - prompt 0x3ad7550:     146 tokens, checkpoints:  0,    18.252 MiB
srv        update:    - prompt 0x321a670:     130 tokens, checkpoints:  0,    16.252 MiB
srv        update:    - prompt 0xee8940:     136 tokens, checkpoints:  0,    17.002 MiB
srv        update:    - prompt 0x3af24d0:     136 tokens, checkpoints:  0,    17.002 MiB
srv        update:    - prompt 0xfffdcc0062a0:     241 tokens, checkpoints:  0,    30.129 MiB
srv        update:    - prompt 0xfffe28005460:     325 tokens, checkpoints:  0,    40.629 MiB
srv        update:    - prompt 0xfffd700053f0:     363 tokens, checkpoints:  0,    45.380 MiB
srv        update:    - prompt 0xfffd68002440:     425 tokens, checkpoints:  0,    53.131 MiB
srv        update:    - prompt 0x439fb50:     409 tokens, checkpoints:  0,    51.130 MiB
srv        update:    - prompt 0x32210b0:     412 tokens, checkpoints:  0,    51.505 MiB
srv        update:    - prompt 0xf0c700:     418 tokens, checkpoints:  0,    52.256 MiB
slot update_slots: id  2 | task 9090 | new prompt, n_ctx_slot = 4096, n_keep = 0, task.n_tokens = 316
slot update_slots: id  2 | task 9090 | n_tokens = 0, memory_seq_rm [0, end)
slot init_sampler: id  2 | task 9090 | init sampler, took 0.15 ms, tokens: text = 316, total = 316
slot update_slots: id  2 | task 9090 | prompt processing done, n_tokens = 316, batch.n_tokens = 316
srv  log_server_r: done request: POST /completion 127.0.0.1 200
slot print_timing: id  2 | task 9090 | 
prompt eval time =   97963.41 ms /   316 tokens (  310.01 ms per token,     3.23 tokens per second)
       eval time =   34827.85 ms /   100 tokens (  348.28 ms per token,     2.87 tokens per second)
      total time =  132791.26 ms /   416 tokens
slot      release: id  2 | task 9090 | stop processing: n_tokens = 415, truncated = 0
srv  update_slots: all slots are idle
slot get_availabl: id  1 | task -1 | selected slot by LRU, t_last = 283897296343
srv  get_availabl: updating prompt cache
srv          load:  - looking for better prompt, base f_keep = -1.000, sim = 0.000
srv          load:  - found better prompt with f_keep = 0.770, sim = 1.000
srv        update:  - cache state: 59 prompts, 1123.522 MiB (limits: 8192.000 MiB, 4096 tokens, 65527 est)
srv        update:    - prompt 0x439af80:     106 tokens, checkpoints:  0,    13.252 MiB
srv        update:    - prompt 0xf0ef60:     107 tokens, checkpoints:  0,    13.377 MiB
srv        update:    - prompt 0x321cf30:     106 tokens, checkpoints:  0,    13.252 MiB
srv        update:    - prompt 0x439bbc0:     107 tokens, checkpoints:  0,    13.377 MiB
srv        update:    - prompt 0x321d650:     105 tokens, checkpoints:  0,    13.127 MiB
srv        update:    - prompt 0x321d8b0:     110 tokens, checkpoints:  0,    13.752 MiB
srv        update:    - prompt 0x439fd00:     116 tokens, checkpoints:  0,    14.502 MiB
srv        update:    - prompt 0x322b480:     109 tokens, checkpoints:  0,    13.627 MiB
srv        update:    - prompt 0x4be6150:     113 tokens, checkpoints:  0,    14.127 MiB
srv        update:    - prompt 0x323a9a0:     108 tokens, checkpoints:  0,    13.502 MiB
srv        update:    - prompt 0x32196f0:     108 tokens, checkpoints:  0,    13.502 MiB
srv        update:    - prompt 0x322b390:     108 tokens, checkpoints:  0,    13.502 MiB
srv        update:    - prompt 0x32307d0:     111 tokens, checkpoints:  0,    13.877 MiB
srv        update:    - prompt 0x321d2c0:     119 tokens, checkpoints:  0,    14.877 MiB
srv        update:    - prompt 0xf09400:     123 tokens, checkpoints:  0,    15.377 MiB
srv        update:    - prompt 0x438c810:     131 tokens, checkpoints:  0,    16.377 MiB
srv        update:    - prompt 0x3acc150:     130 tokens, checkpoints:  0,    16.252 MiB
srv        update:    - prompt 0x322db30:     107 tokens, checkpoints:  0,    13.377 MiB
srv        update:    - prompt 0x3ad97f0:     105 tokens, checkpoints:  0,    13.127 MiB
srv        update:    - prompt 0x3ae3990:     110 tokens, checkpoints:  0,    13.752 MiB
srv        update:    - prompt 0xf12110:     116 tokens, checkpoints:  0,    14.502 MiB
srv        update:    - prompt 0x3227d70:     109 tokens, checkpoints:  0,    13.627 MiB
srv        update:    - prompt 0x3ad80f0:     113 tokens, checkpoints:  0,    14.127 MiB
srv        update:    - prompt 0x3adfb10:     108 tokens, checkpoints:  0,    13.502 MiB
srv        update:    - prompt 0x3ae19d0:     108 tokens, checkpoints:  0,    13.502 MiB
srv        update:    - prompt 0x3ad7650:     108 tokens, checkpoints:  0,    13.502 MiB
srv        update:    - prompt 0x3ad5750:     111 tokens, checkpoints:  0,    13.877 MiB
srv        update:    - prompt 0x3af4e20:     119 tokens, checkpoints:  0,    14.877 MiB
srv        update:    - prompt 0x3221890:     123 tokens, checkpoints:  0,    15.377 MiB
srv        update:    - prompt 0x43967b0:     131 tokens, checkpoints:  0,    16.377 MiB
srv        update:    - prompt 0xee0440:     130 tokens, checkpoints:  0,    16.252 MiB
srv        update:    - prompt 0xf0e5d0:     431 tokens, checkpoints:  0,    53.881 MiB
srv        update:    - prompt 0xf0c4e0:     107 tokens, checkpoints:  0,    13.377 MiB
srv        update:    - prompt 0xeef310:     105 tokens, checkpoints:  0,    13.127 MiB
srv        update:    - prompt 0xf0ad80:     110 tokens, checkpoints:  0,    13.752 MiB
srv        update:    - prompt 0x3ae8250:     116 tokens, checkpoints:  0,    14.502 MiB
srv        update:    - prompt 0xee4be0:     109 tokens, checkpoints:  0,    13.627 MiB
srv        update:    - prompt 0x3af74f0:     113 tokens, checkpoints:  0,    14.127 MiB
srv        update:    - prompt 0x439a490:     108 tokens, checkpoints:  0,    13.502 MiB
srv        update:    - prompt 0x3ae0590:     108 tokens, checkpoints:  0,    13.502 MiB
srv        update:    - prompt 0x3ac7fa0:     108 tokens, checkpoints:  0,    13.502 MiB
srv        update:    - prompt 0x439e100:     111 tokens, checkpoints:  0,    13.877 MiB
srv        update:    - prompt 0x3acb060:     119 tokens, checkpoints:  0,    14.877 MiB
srv        update:    - prompt 0x3ad2640:     123 tokens, checkpoints:  0,    15.377 MiB
srv        update:    - prompt 0x3ad74b0:     165 tokens, checkpoints:  0,    20.628 MiB
srv        update:    - prompt 0x3af7790:     131 tokens, checkpoints:  0,    16.377 MiB
srv        update:    - prompt 0x3af0dc0:     135 tokens, checkpoints:  0,    16.877 MiB
srv        update:    - prompt 0x3ae3220:     132 tokens, checkpoints:  0,    16.502 MiB
srv        update:    - prompt 0x3ad7550:     146 tokens, checkpoints:  0,    18.252 MiB
srv        update:    - prompt 0x321a670:     130 tokens, checkpoints:  0,    16.252 MiB
srv        update:    - prompt 0xee8940:     136 tokens, checkpoints:  0,    17.002 MiB
srv        update:    - prompt 0x3af24d0:     136 tokens, checkpoints:  0,    17.002 MiB
srv        update:    - prompt 0xfffdcc0062a0:     241 tokens, checkpoints:  0,    30.129 MiB
srv        update:    - prompt 0xfffe28005460:     325 tokens, checkpoints:  0,    40.629 MiB
srv        update:    - prompt 0xfffd700053f0:     363 tokens, checkpoints:  0,    45.380 MiB
srv        update:    - prompt 0xfffd68002440:     425 tokens, checkpoints:  0,    53.131 MiB
srv        update:    - prompt 0x439fb50:     409 tokens, checkpoints:  0,    51.130 MiB
srv        update:    - prompt 0x32210b0:     412 tokens, checkpoints:  0,    51.505 MiB
srv        update:    - prompt 0xf0c700:     418 tokens, checkpoints:  0,    52.256 MiB
srv  get_availabl: prompt cache update took 16.44 ms
slot launch_slot_: id  1 | task -1 | sampler chain: logits -> ?penalties -> ?dry -> ?top-n-sigma -> top-k -> ?typical -> top-p -> min-p -> ?xtc -> temp-ext -> dist 
slot launch_slot_: id  1 | task 9191 | processing task, is_child = 0
slot slot_save_an: id  2 | task -1 | saving idle slot to prompt cache
srv   prompt_save:  - saving prompt with length 415, total state size = 51.880 MiB
slot prompt_clear: id  2 | task -1 | clearing prompt with 415 tokens
srv        update:  - cache state: 60 prompts, 1175.402 MiB (limits: 8192.000 MiB, 4096 tokens, 65527 est)
srv        update:    - prompt 0x439af80:     106 tokens, checkpoints:  0,    13.252 MiB
srv        update:    - prompt 0xf0ef60:     107 tokens, checkpoints:  0,    13.377 MiB
srv        update:    - prompt 0x321cf30:     106 tokens, checkpoints:  0,    13.252 MiB
srv        update:    - prompt 0x439bbc0:     107 tokens, checkpoints:  0,    13.377 MiB
srv        update:    - prompt 0x321d650:     105 tokens, checkpoints:  0,    13.127 MiB
srv        update:    - prompt 0x321d8b0:     110 tokens, checkpoints:  0,    13.752 MiB
srv        update:    - prompt 0x439fd00:     116 tokens, checkpoints:  0,    14.502 MiB
srv        update:    - prompt 0x322b480:     109 tokens, checkpoints:  0,    13.627 MiB
srv        update:    - prompt 0x4be6150:     113 tokens, checkpoints:  0,    14.127 MiB
srv        update:    - prompt 0x323a9a0:     108 tokens, checkpoints:  0,    13.502 MiB
srv        update:    - prompt 0x32196f0:     108 tokens, checkpoints:  0,    13.502 MiB
srv        update:    - prompt 0x322b390:     108 tokens, checkpoints:  0,    13.502 MiB
srv        update:    - prompt 0x32307d0:     111 tokens, checkpoints:  0,    13.877 MiB
srv        update:    - prompt 0x321d2c0:     119 tokens, checkpoints:  0,    14.877 MiB
srv        update:    - prompt 0xf09400:     123 tokens, checkpoints:  0,    15.377 MiB
srv        update:    - prompt 0x438c810:     131 tokens, checkpoints:  0,    16.377 MiB
srv        update:    - prompt 0x3acc150:     130 tokens, checkpoints:  0,    16.252 MiB
srv        update:    - prompt 0x322db30:     107 tokens, checkpoints:  0,    13.377 MiB
srv        update:    - prompt 0x3ad97f0:     105 tokens, checkpoints:  0,    13.127 MiB
srv        update:    - prompt 0x3ae3990:     110 tokens, checkpoints:  0,    13.752 MiB
srv        update:    - prompt 0xf12110:     116 tokens, checkpoints:  0,    14.502 MiB
srv        update:    - prompt 0x3227d70:     109 tokens, checkpoints:  0,    13.627 MiB
srv        update:    - prompt 0x3ad80f0:     113 tokens, checkpoints:  0,    14.127 MiB
srv        update:    - prompt 0x3adfb10:     108 tokens, checkpoints:  0,    13.502 MiB
srv        update:    - prompt 0x3ae19d0:     108 tokens, checkpoints:  0,    13.502 MiB
srv        update:    - prompt 0x3ad7650:     108 tokens, checkpoints:  0,    13.502 MiB
srv        update:    - prompt 0x3ad5750:     111 tokens, checkpoints:  0,    13.877 MiB
srv        update:    - prompt 0x3af4e20:     119 tokens, checkpoints:  0,    14.877 MiB
srv        update:    - prompt 0x3221890:     123 tokens, checkpoints:  0,    15.377 MiB
srv        update:    - prompt 0x43967b0:     131 tokens, checkpoints:  0,    16.377 MiB
srv        update:    - prompt 0xee0440:     130 tokens, checkpoints:  0,    16.252 MiB
srv        update:    - prompt 0xf0e5d0:     431 tokens, checkpoints:  0,    53.881 MiB
srv        update:    - prompt 0xf0c4e0:     107 tokens, checkpoints:  0,    13.377 MiB
srv        update:    - prompt 0xeef310:     105 tokens, checkpoints:  0,    13.127 MiB
srv        update:    - prompt 0xf0ad80:     110 tokens, checkpoints:  0,    13.752 MiB
srv        update:    - prompt 0x3ae8250:     116 tokens, checkpoints:  0,    14.502 MiB
srv        update:    - prompt 0xee4be0:     109 tokens, checkpoints:  0,    13.627 MiB
srv        update:    - prompt 0x3af74f0:     113 tokens, checkpoints:  0,    14.127 MiB
srv        update:    - prompt 0x439a490:     108 tokens, checkpoints:  0,    13.502 MiB
srv        update:    - prompt 0x3ae0590:     108 tokens, checkpoints:  0,    13.502 MiB
srv        update:    - prompt 0x3ac7fa0:     108 tokens, checkpoints:  0,    13.502 MiB
srv        update:    - prompt 0x439e100:     111 tokens, checkpoints:  0,    13.877 MiB
srv        update:    - prompt 0x3acb060:     119 tokens, checkpoints:  0,    14.877 MiB
srv        update:    - prompt 0x3ad2640:     123 tokens, checkpoints:  0,    15.377 MiB
srv        update:    - prompt 0x3ad74b0:     165 tokens, checkpoints:  0,    20.628 MiB
srv        update:    - prompt 0x3af7790:     131 tokens, checkpoints:  0,    16.377 MiB
srv        update:    - prompt 0x3af0dc0:     135 tokens, checkpoints:  0,    16.877 MiB
srv        update:    - prompt 0x3ae3220:     132 tokens, checkpoints:  0,    16.502 MiB
srv        update:    - prompt 0x3ad7550:     146 tokens, checkpoints:  0,    18.252 MiB
srv        update:    - prompt 0x321a670:     130 tokens, checkpoints:  0,    16.252 MiB
srv        update:    - prompt 0xee8940:     136 tokens, checkpoints:  0,    17.002 MiB
srv        update:    - prompt 0x3af24d0:     136 tokens, checkpoints:  0,    17.002 MiB
srv        update:    - prompt 0xfffdcc0062a0:     241 tokens, checkpoints:  0,    30.129 MiB
srv        update:    - prompt 0xfffe28005460:     325 tokens, checkpoints:  0,    40.629 MiB
srv        update:    - prompt 0xfffd700053f0:     363 tokens, checkpoints:  0,    45.380 MiB
srv        update:    - prompt 0xfffd68002440:     425 tokens, checkpoints:  0,    53.131 MiB
srv        update:    - prompt 0x439fb50:     409 tokens, checkpoints:  0,    51.130 MiB
srv        update:    - prompt 0x32210b0:     412 tokens, checkpoints:  0,    51.505 MiB
srv        update:    - prompt 0xf0c700:     418 tokens, checkpoints:  0,    52.256 MiB
srv        update:    - prompt 0x322c4e0:     415 tokens, checkpoints:  0,    51.880 MiB
slot update_slots: id  1 | task 9191 | new prompt, n_ctx_slot = 4096, n_keep = 0, task.n_tokens = 332
slot update_slots: id  1 | task 9191 | n_tokens = 0, memory_seq_rm [0, end)
slot init_sampler: id  1 | task 9191 | init sampler, took 0.15 ms, tokens: text = 332, total = 332
slot update_slots: id  1 | task 9191 | prompt processing done, n_tokens = 332, batch.n_tokens = 332
srv  log_server_r: done request: POST /completion 127.0.0.1 200
slot print_timing: id  1 | task 9191 | 
prompt eval time =  106253.51 ms /   332 tokens (  320.04 ms per token,     3.12 tokens per second)
       eval time =   34823.02 ms /   100 tokens (  348.23 ms per token,     2.87 tokens per second)
      total time =  141076.53 ms /   432 tokens
slot      release: id  1 | task 9191 | stop processing: n_tokens = 431, truncated = 0
srv  update_slots: all slots are idle
slot get_availabl: id  0 | task -1 | selected slot by LRU, t_last = 284029773086
srv  get_availabl: updating prompt cache
srv          load:  - looking for better prompt, base f_keep = -1.000, sim = 0.000
srv          load:  - found better prompt with f_keep = 0.770, sim = 1.000
srv        update:  - cache state: 59 prompts, 1121.522 MiB (limits: 8192.000 MiB, 4096 tokens, 65527 est)
srv        update:    - prompt 0x439af80:     106 tokens, checkpoints:  0,    13.252 MiB
srv        update:    - prompt 0xf0ef60:     107 tokens, checkpoints:  0,    13.377 MiB
srv        update:    - prompt 0x321cf30:     106 tokens, checkpoints:  0,    13.252 MiB
srv        update:    - prompt 0x439bbc0:     107 tokens, checkpoints:  0,    13.377 MiB
srv        update:    - prompt 0x321d650:     105 tokens, checkpoints:  0,    13.127 MiB
srv        update:    - prompt 0x321d8b0:     110 tokens, checkpoints:  0,    13.752 MiB
srv        update:    - prompt 0x439fd00:     116 tokens, checkpoints:  0,    14.502 MiB
srv        update:    - prompt 0x322b480:     109 tokens, checkpoints:  0,    13.627 MiB
srv        update:    - prompt 0x4be6150:     113 tokens, checkpoints:  0,    14.127 MiB
srv        update:    - prompt 0x323a9a0:     108 tokens, checkpoints:  0,    13.502 MiB
srv        update:    - prompt 0x32196f0:     108 tokens, checkpoints:  0,    13.502 MiB
srv        update:    - prompt 0x322b390:     108 tokens, checkpoints:  0,    13.502 MiB
srv        update:    - prompt 0x32307d0:     111 tokens, checkpoints:  0,    13.877 MiB
srv        update:    - prompt 0x321d2c0:     119 tokens, checkpoints:  0,    14.877 MiB
srv        update:    - prompt 0xf09400:     123 tokens, checkpoints:  0,    15.377 MiB
srv        update:    - prompt 0x438c810:     131 tokens, checkpoints:  0,    16.377 MiB
srv        update:    - prompt 0x3acc150:     130 tokens, checkpoints:  0,    16.252 MiB
srv        update:    - prompt 0x322db30:     107 tokens, checkpoints:  0,    13.377 MiB
srv        update:    - prompt 0x3ad97f0:     105 tokens, checkpoints:  0,    13.127 MiB
srv        update:    - prompt 0x3ae3990:     110 tokens, checkpoints:  0,    13.752 MiB
srv        update:    - prompt 0xf12110:     116 tokens, checkpoints:  0,    14.502 MiB
srv        update:    - prompt 0x3227d70:     109 tokens, checkpoints:  0,    13.627 MiB
srv        update:    - prompt 0x3ad80f0:     113 tokens, checkpoints:  0,    14.127 MiB
srv        update:    - prompt 0x3adfb10:     108 tokens, checkpoints:  0,    13.502 MiB
srv        update:    - prompt 0x3ae19d0:     108 tokens, checkpoints:  0,    13.502 MiB
srv        update:    - prompt 0x3ad7650:     108 tokens, checkpoints:  0,    13.502 MiB
srv        update:    - prompt 0x3ad5750:     111 tokens, checkpoints:  0,    13.877 MiB
srv        update:    - prompt 0x3af4e20:     119 tokens, checkpoints:  0,    14.877 MiB
srv        update:    - prompt 0x3221890:     123 tokens, checkpoints:  0,    15.377 MiB
srv        update:    - prompt 0x43967b0:     131 tokens, checkpoints:  0,    16.377 MiB
srv        update:    - prompt 0xee0440:     130 tokens, checkpoints:  0,    16.252 MiB
srv        update:    - prompt 0xf0c4e0:     107 tokens, checkpoints:  0,    13.377 MiB
srv        update:    - prompt 0xeef310:     105 tokens, checkpoints:  0,    13.127 MiB
srv        update:    - prompt 0xf0ad80:     110 tokens, checkpoints:  0,    13.752 MiB
srv        update:    - prompt 0x3ae8250:     116 tokens, checkpoints:  0,    14.502 MiB
srv        update:    - prompt 0xee4be0:     109 tokens, checkpoints:  0,    13.627 MiB
srv        update:    - prompt 0x3af74f0:     113 tokens, checkpoints:  0,    14.127 MiB
srv        update:    - prompt 0x439a490:     108 tokens, checkpoints:  0,    13.502 MiB
srv        update:    - prompt 0x3ae0590:     108 tokens, checkpoints:  0,    13.502 MiB
srv        update:    - prompt 0x3ac7fa0:     108 tokens, checkpoints:  0,    13.502 MiB
srv        update:    - prompt 0x439e100:     111 tokens, checkpoints:  0,    13.877 MiB
srv        update:    - prompt 0x3acb060:     119 tokens, checkpoints:  0,    14.877 MiB
srv        update:    - prompt 0x3ad2640:     123 tokens, checkpoints:  0,    15.377 MiB
srv        update:    - prompt 0x3ad74b0:     165 tokens, checkpoints:  0,    20.628 MiB
srv        update:    - prompt 0x3af7790:     131 tokens, checkpoints:  0,    16.377 MiB
srv        update:    - prompt 0x3af0dc0:     135 tokens, checkpoints:  0,    16.877 MiB
srv        update:    - prompt 0x3ae3220:     132 tokens, checkpoints:  0,    16.502 MiB
srv        update:    - prompt 0x3ad7550:     146 tokens, checkpoints:  0,    18.252 MiB
srv        update:    - prompt 0x321a670:     130 tokens, checkpoints:  0,    16.252 MiB
srv        update:    - prompt 0xee8940:     136 tokens, checkpoints:  0,    17.002 MiB
srv        update:    - prompt 0x3af24d0:     136 tokens, checkpoints:  0,    17.002 MiB
srv        update:    - prompt 0xfffdcc0062a0:     241 tokens, checkpoints:  0,    30.129 MiB
srv        update:    - prompt 0xfffe28005460:     325 tokens, checkpoints:  0,    40.629 MiB
srv        update:    - prompt 0xfffd700053f0:     363 tokens, checkpoints:  0,    45.380 MiB
srv        update:    - prompt 0xfffd68002440:     425 tokens, checkpoints:  0,    53.131 MiB
srv        update:    - prompt 0x439fb50:     409 tokens, checkpoints:  0,    51.130 MiB
srv        update:    - prompt 0x32210b0:     412 tokens, checkpoints:  0,    51.505 MiB
srv        update:    - prompt 0xf0c700:     418 tokens, checkpoints:  0,    52.256 MiB
srv        update:    - prompt 0x322c4e0:     415 tokens, checkpoints:  0,    51.880 MiB
srv  get_availabl: prompt cache update took 16.37 ms
slot launch_slot_: id  0 | task -1 | sampler chain: logits -> ?penalties -> ?dry -> ?top-n-sigma -> top-k -> ?typical -> top-p -> min-p -> ?xtc -> temp-ext -> dist 
slot launch_slot_: id  0 | task 9292 | processing task, is_child = 0
slot slot_save_an: id  1 | task -1 | saving idle slot to prompt cache
srv   prompt_save:  - saving prompt with length 431, total state size = 53.881 MiB
slot prompt_clear: id  1 | task -1 | clearing prompt with 431 tokens
srv        update:  - cache state: 60 prompts, 1175.402 MiB (limits: 8192.000 MiB, 4096 tokens, 65527 est)
srv        update:    - prompt 0x439af80:     106 tokens, checkpoints:  0,    13.252 MiB
srv        update:    - prompt 0xf0ef60:     107 tokens, checkpoints:  0,    13.377 MiB
srv        update:    - prompt 0x321cf30:     106 tokens, checkpoints:  0,    13.252 MiB
srv        update:    - prompt 0x439bbc0:     107 tokens, checkpoints:  0,    13.377 MiB
srv        update:    - prompt 0x321d650:     105 tokens, checkpoints:  0,    13.127 MiB
srv        update:    - prompt 0x321d8b0:     110 tokens, checkpoints:  0,    13.752 MiB
srv        update:    - prompt 0x439fd00:     116 tokens, checkpoints:  0,    14.502 MiB
srv        update:    - prompt 0x322b480:     109 tokens, checkpoints:  0,    13.627 MiB
srv        update:    - prompt 0x4be6150:     113 tokens, checkpoints:  0,    14.127 MiB
srv        update:    - prompt 0x323a9a0:     108 tokens, checkpoints:  0,    13.502 MiB
srv        update:    - prompt 0x32196f0:     108 tokens, checkpoints:  0,    13.502 MiB
srv        update:    - prompt 0x322b390:     108 tokens, checkpoints:  0,    13.502 MiB
srv        update:    - prompt 0x32307d0:     111 tokens, checkpoints:  0,    13.877 MiB
srv        update:    - prompt 0x321d2c0:     119 tokens, checkpoints:  0,    14.877 MiB
srv        update:    - prompt 0xf09400:     123 tokens, checkpoints:  0,    15.377 MiB
srv        update:    - prompt 0x438c810:     131 tokens, checkpoints:  0,    16.377 MiB
srv        update:    - prompt 0x3acc150:     130 tokens, checkpoints:  0,    16.252 MiB
srv        update:    - prompt 0x322db30:     107 tokens, checkpoints:  0,    13.377 MiB
srv        update:    - prompt 0x3ad97f0:     105 tokens, checkpoints:  0,    13.127 MiB
srv        update:    - prompt 0x3ae3990:     110 tokens, checkpoints:  0,    13.752 MiB
srv        update:    - prompt 0xf12110:     116 tokens, checkpoints:  0,    14.502 MiB
srv        update:    - prompt 0x3227d70:     109 tokens, checkpoints:  0,    13.627 MiB
srv        update:    - prompt 0x3ad80f0:     113 tokens, checkpoints:  0,    14.127 MiB
srv        update:    - prompt 0x3adfb10:     108 tokens, checkpoints:  0,    13.502 MiB
srv        update:    - prompt 0x3ae19d0:     108 tokens, checkpoints:  0,    13.502 MiB
srv        update:    - prompt 0x3ad7650:     108 tokens, checkpoints:  0,    13.502 MiB
srv        update:    - prompt 0x3ad5750:     111 tokens, checkpoints:  0,    13.877 MiB
srv        update:    - prompt 0x3af4e20:     119 tokens, checkpoints:  0,    14.877 MiB
srv        update:    - prompt 0x3221890:     123 tokens, checkpoints:  0,    15.377 MiB
srv        update:    - prompt 0x43967b0:     131 tokens, checkpoints:  0,    16.377 MiB
srv        update:    - prompt 0xee0440:     130 tokens, checkpoints:  0,    16.252 MiB
srv        update:    - prompt 0xf0c4e0:     107 tokens, checkpoints:  0,    13.377 MiB
srv        update:    - prompt 0xeef310:     105 tokens, checkpoints:  0,    13.127 MiB
srv        update:    - prompt 0xf0ad80:     110 tokens, checkpoints:  0,    13.752 MiB
srv        update:    - prompt 0x3ae8250:     116 tokens, checkpoints:  0,    14.502 MiB
srv        update:    - prompt 0xee4be0:     109 tokens, checkpoints:  0,    13.627 MiB
srv        update:    - prompt 0x3af74f0:     113 tokens, checkpoints:  0,    14.127 MiB
srv        update:    - prompt 0x439a490:     108 tokens, checkpoints:  0,    13.502 MiB
srv        update:    - prompt 0x3ae0590:     108 tokens, checkpoints:  0,    13.502 MiB
srv        update:    - prompt 0x3ac7fa0:     108 tokens, checkpoints:  0,    13.502 MiB
srv        update:    - prompt 0x439e100:     111 tokens, checkpoints:  0,    13.877 MiB
srv        update:    - prompt 0x3acb060:     119 tokens, checkpoints:  0,    14.877 MiB
srv        update:    - prompt 0x3ad2640:     123 tokens, checkpoints:  0,    15.377 MiB
srv        update:    - prompt 0x3ad74b0:     165 tokens, checkpoints:  0,    20.628 MiB
srv        update:    - prompt 0x3af7790:     131 tokens, checkpoints:  0,    16.377 MiB
srv        update:    - prompt 0x3af0dc0:     135 tokens, checkpoints:  0,    16.877 MiB
srv        update:    - prompt 0x3ae3220:     132 tokens, checkpoints:  0,    16.502 MiB
srv        update:    - prompt 0x3ad7550:     146 tokens, checkpoints:  0,    18.252 MiB
srv        update:    - prompt 0x321a670:     130 tokens, checkpoints:  0,    16.252 MiB
srv        update:    - prompt 0xee8940:     136 tokens, checkpoints:  0,    17.002 MiB
srv        update:    - prompt 0x3af24d0:     136 tokens, checkpoints:  0,    17.002 MiB
srv        update:    - prompt 0xfffdcc0062a0:     241 tokens, checkpoints:  0,    30.129 MiB
srv        update:    - prompt 0xfffe28005460:     325 tokens, checkpoints:  0,    40.629 MiB
srv        update:    - prompt 0xfffd700053f0:     363 tokens, checkpoints:  0,    45.380 MiB
srv        update:    - prompt 0xfffd68002440:     425 tokens, checkpoints:  0,    53.131 MiB
srv        update:    - prompt 0x439fb50:     409 tokens, checkpoints:  0,    51.130 MiB
srv        update:    - prompt 0x32210b0:     412 tokens, checkpoints:  0,    51.505 MiB
srv        update:    - prompt 0xf0c700:     418 tokens, checkpoints:  0,    52.256 MiB
srv        update:    - prompt 0x322c4e0:     415 tokens, checkpoints:  0,    51.880 MiB
srv        update:    - prompt 0xf0e5d0:     431 tokens, checkpoints:  0,    53.881 MiB
slot update_slots: id  0 | task 9292 | new prompt, n_ctx_slot = 4096, n_keep = 0, task.n_tokens = 332
slot update_slots: id  0 | task 9292 | n_tokens = 0, memory_seq_rm [0, end)
slot init_sampler: id  0 | task 9292 | init sampler, took 0.17 ms, tokens: text = 332, total = 332
slot update_slots: id  0 | task 9292 | prompt processing done, n_tokens = 332, batch.n_tokens = 332
srv  log_server_r: done request: POST /completion 127.0.0.1 200
slot print_timing: id  0 | task 9292 | 
prompt eval time =  106261.09 ms /   332 tokens (  320.06 ms per token,     3.12 tokens per second)
       eval time =   34725.33 ms /   100 tokens (  347.25 ms per token,     2.88 tokens per second)
      total time =  140986.43 ms /   432 tokens
slot      release: id  0 | task 9292 | stop processing: n_tokens = 431, truncated = 0
srv  update_slots: all slots are idle
srv    operator(): operator(): cleaning up before exit...
llama_memory_breakdown_print: | memory breakdown [MiB] | total   free    self   model   context   compute    unaccounted |
llama_memory_breakdown_print: |   - Host               |                 5463 =  4685 +     512 +     266                |
