main: n_parallel is set to auto, using n_parallel = 4 and kv_unified = true
build_info: b8818-b572d1ecd
system_info: n_threads = 32 (n_threads_batch = 32) / 48 | CPU : NEON = 1 | ARM_FMA = 1 | FP16_VA = 1 | SVE = 1 | SVE_CNT = 64 | OPENMP = 1 | REPACK = 1 | 
Running without SSL
init: using 47 threads for HTTP server
start: binding port with default address family
main: loading model
srv    load_model: loading model '/projects/F202500010HPCVLABUMINHO/uminhocp057/ADED/ADED_project2/models/meta-llama-3.1-8b-instruct-q4_k_m.gguf'
common_init_result: fitting params to device memory, for bugs during this step try to reproduce them with -fit off, or provide --verbose logs if the bug only occurs with -fit on
llama_params_fit_impl: no devices with dedicated memory found
llama_params_fit: successfully fit params to free device memory
llama_params_fit: fitting params to free memory took 1.13 seconds
llama_model_loader: loaded meta data with 29 key-value pairs and 291 tensors from /projects/F202500010HPCVLABUMINHO/uminhocp057/ADED/ADED_project2/models/meta-llama-3.1-8b-instruct-q4_k_m.gguf (version GGUF V3 (latest))
llama_model_loader: Dumping metadata keys/values. Note: KV overrides do not apply in this output.
llama_model_loader: - kv   0:                       general.architecture str              = llama
llama_model_loader: - kv   1:                               general.type str              = model
llama_model_loader: - kv   2:                               general.name str              = Meta Llama 3.1 8B Instruct
llama_model_loader: - kv   3:                           general.finetune str              = Instruct
llama_model_loader: - kv   4:                           general.basename str              = Meta-Llama-3.1
llama_model_loader: - kv   5:                         general.size_label str              = 8B
llama_model_loader: - kv   6:                            general.license str              = llama3.1
llama_model_loader: - kv   7:                               general.tags arr[str,6]       = ["facebook", "meta", "pytorch", "llam...
llama_model_loader: - kv   8:                          general.languages arr[str,8]       = ["en", "de", "fr", "it", "pt", "hi", ...
llama_model_loader: - kv   9:                          llama.block_count u32              = 32
llama_model_loader: - kv  10:                       llama.context_length u32              = 131072
llama_model_loader: - kv  11:                     llama.embedding_length u32              = 4096
llama_model_loader: - kv  12:                  llama.feed_forward_length u32              = 14336
llama_model_loader: - kv  13:                 llama.attention.head_count u32              = 32
llama_model_loader: - kv  14:              llama.attention.head_count_kv u32              = 8
llama_model_loader: - kv  15:                       llama.rope.freq_base f32              = 500000.000000
llama_model_loader: - kv  16:     llama.attention.layer_norm_rms_epsilon f32              = 0.000010
llama_model_loader: - kv  17:                          general.file_type u32              = 15
llama_model_loader: - kv  18:                           llama.vocab_size u32              = 128256
llama_model_loader: - kv  19:                 llama.rope.dimension_count u32              = 128
llama_model_loader: - kv  20:                       tokenizer.ggml.model str              = gpt2
llama_model_loader: - kv  21:                         tokenizer.ggml.pre str              = llama-bpe
llama_model_loader: - kv  22:                      tokenizer.ggml.tokens arr[str,128256]  = ["!", "\"", "#", "$", "%", "&", "'", ...
llama_model_loader: - kv  23:                  tokenizer.ggml.token_type arr[i32,128256]  = [1, 1, 1, 1, 1, 1, 1, 1, 1, 1, 1, 1, ...
llama_model_loader: - kv  24:                      tokenizer.ggml.merges arr[str,280147]  = ["Ġ Ġ", "Ġ ĠĠĠ", "ĠĠ ĠĠ", "...
llama_model_loader: - kv  25:                tokenizer.ggml.bos_token_id u32              = 128000
llama_model_loader: - kv  26:                tokenizer.ggml.eos_token_id u32              = 128009
llama_model_loader: - kv  27:                    tokenizer.chat_template str              = {% set loop_messages = messages %}{% ...
llama_model_loader: - kv  28:               general.quantization_version u32              = 2
llama_model_loader: - type  f32:   65 tensors
llama_model_loader: - type q4_K:  193 tensors
llama_model_loader: - type q6_K:   33 tensors
print_info: file format = GGUF V3 (latest)
print_info: file type   = Q4_K - Medium
print_info: file size   = 4.58 GiB (4.89 BPW) 
load: 0 unused tokens
load: printing all EOG tokens:
load:   - 128001 ('<|end_of_text|>')
load:   - 128008 ('<|eom_id|>')
load:   - 128009 ('<|eot_id|>')
load: special tokens cache size = 256
load: token to piece cache size = 0.7999 MB
print_info: arch                  = llama
print_info: vocab_only            = 0
print_info: no_alloc              = 0
print_info: n_ctx_train           = 131072
print_info: n_embd                = 4096
print_info: n_embd_inp            = 4096
print_info: n_layer               = 32
print_info: n_head                = 32
print_info: n_head_kv             = 8
print_info: n_rot                 = 128
print_info: n_swa                 = 0
print_info: is_swa_any            = 0
print_info: n_embd_head_k         = 128
print_info: n_embd_head_v         = 128
print_info: n_gqa                 = 4
print_info: n_embd_k_gqa          = 1024
print_info: n_embd_v_gqa          = 1024
print_info: f_norm_eps            = 0.0e+00
print_info: f_norm_rms_eps        = 1.0e-05
print_info: f_clamp_kqv           = 0.0e+00
print_info: f_max_alibi_bias      = 0.0e+00
print_info: f_logit_scale         = 0.0e+00
print_info: f_attn_scale          = 0.0e+00
print_info: n_ff                  = 14336
print_info: n_expert              = 0
print_info: n_expert_used         = 0
print_info: n_expert_groups       = 0
print_info: n_group_used          = 0
print_info: causal attn           = 1
print_info: pooling type          = -1
print_info: rope type             = 0
print_info: rope scaling          = linear
print_info: freq_base_train       = 500000.0
print_info: freq_scale_train      = 1
print_info: n_ctx_orig_yarn       = 131072
print_info: rope_yarn_log_mul     = 0.0000
print_info: rope_finetuned        = unknown
print_info: model type            = 8B
print_info: model params          = 8.03 B
print_info: general.name          = Meta Llama 3.1 8B Instruct
print_info: vocab type            = BPE
print_info: n_vocab               = 128256
print_info: n_merges              = 280147
print_info: BOS token             = 128000 '<|begin_of_text|>'
print_info: EOS token             = 128009 '<|eot_id|>'
print_info: EOT token             = 128009 '<|eot_id|>'
print_info: EOM token             = 128008 '<|eom_id|>'
print_info: LF token              = 198 'Ċ'
print_info: EOG token             = 128001 '<|end_of_text|>'
print_info: EOG token             = 128008 '<|eom_id|>'
print_info: EOG token             = 128009 '<|eot_id|>'
print_info: max token length      = 256
load_tensors: loading model tensors, this can take a while... (mmap = true, direct_io = false)
load_tensors:   CPU_Mapped model buffer size =  4685.30 MiB
........................................................................................
common_init_result: added <|end_of_text|> logit bias = -inf
common_init_result: added <|eom_id|> logit bias = -inf
common_init_result: added <|eot_id|> logit bias = -inf
llama_context: constructing llama_context
llama_context: n_seq_max     = 4
llama_context: n_ctx         = 4096
llama_context: n_ctx_seq     = 4096
llama_context: n_batch       = 2048
llama_context: n_ubatch      = 512
llama_context: causal_attn   = 1
llama_context: flash_attn    = auto
llama_context: kv_unified    = true
llama_context: freq_base     = 500000.0
llama_context: freq_scale    = 1
llama_context: n_ctx_seq (4096) < n_ctx_train (131072) -- the full capacity of the model will not be utilized
llama_context:        CPU  output buffer size =     1.96 MiB
llama_kv_cache:        CPU KV buffer size =   512.00 MiB
llama_kv_cache: size =  512.00 MiB (  4096 cells,  32 layers,  4/1 seqs), K (f16):  256.00 MiB, V (f16):  256.00 MiB
llama_kv_cache: attn_rot_k = 0, n_embd_head_k_all = 128
llama_kv_cache: attn_rot_v = 0, n_embd_head_k_all = 128
sched_reserve: reserving ...
sched_reserve: Flash Attention was auto, set to enabled
sched_reserve: resolving fused Gated Delta Net support:
sched_reserve: fused Gated Delta Net (autoregressive) enabled
sched_reserve: fused Gated Delta Net (chunked) enabled
sched_reserve:        CPU compute buffer size =   266.50 MiB
sched_reserve: graph nodes  = 999
sched_reserve: graph splits = 1
sched_reserve: reserve took 12.18 ms, sched copies = 1
common_init_from_params: warming up the model with an empty run - please wait ... (--no-warmup to disable)
srv    load_model: initializing slots, n_slots = 4
no implementations specified for speculative decoding
slot   load_model: id  0 | task -1 | speculative decoding context not initialized
slot   load_model: id  0 | task -1 | new slot, n_ctx = 4096
no implementations specified for speculative decoding
slot   load_model: id  1 | task -1 | speculative decoding context not initialized
slot   load_model: id  1 | task -1 | new slot, n_ctx = 4096
no implementations specified for speculative decoding
slot   load_model: id  2 | task -1 | speculative decoding context not initialized
slot   load_model: id  2 | task -1 | new slot, n_ctx = 4096
no implementations specified for speculative decoding
slot   load_model: id  3 | task -1 | speculative decoding context not initialized
slot   load_model: id  3 | task -1 | new slot, n_ctx = 4096
srv    load_model: prompt cache is enabled, size limit: 8192 MiB
srv    load_model: use `--cache-ram 0` to disable the prompt cache
srv    load_model: for more info see https://github.com/ggml-org/llama.cpp/pull/16391
srv          init: init: idle slots will be saved to prompt cache and cleared upon starting a new task
init: chat template, example_format: '<|start_header_id|>system<|end_header_id|>

You are a helpful assistant<|eot_id|><|start_header_id|>user<|end_header_id|>

Hello<|eot_id|><|start_header_id|>assistant<|end_header_id|>

Hi there<|eot_id|><|start_header_id|>user<|end_header_id|>

How are you?<|eot_id|><|start_header_id|>assistant<|end_header_id|>

'
srv          init: init: chat template, thinking = 0
main: model loaded
main: server is listening on http://0.0.0.0:8080
main: starting the main loop...
srv  update_slots: all slots are idle
slot get_availabl: id  3 | task -1 | selected slot by LRU, t_last = -1
srv  get_availabl: updating prompt cache
srv          load:  - looking for better prompt, base f_keep = -1.000, sim = 0.000
srv        update:  - cache state: 0 prompts, 0.000 MiB (limits: 8192.000 MiB, 4096 tokens, 8589934592 est)
srv  get_availabl: prompt cache update took 0.01 ms
slot launch_slot_: id  3 | task -1 | sampler chain: logits -> ?penalties -> ?dry -> ?top-n-sigma -> top-k -> ?typical -> top-p -> min-p -> ?xtc -> temp-ext -> dist 
slot launch_slot_: id  3 | task 0 | processing task, is_child = 0
slot update_slots: id  3 | task 0 | new prompt, n_ctx_slot = 4096, n_keep = 0, task.n_tokens = 7
slot update_slots: id  3 | task 0 | n_tokens = 0, memory_seq_rm [0, end)
slot init_sampler: id  3 | task 0 | init sampler, took 0.01 ms, tokens: text = 7, total = 7
slot update_slots: id  3 | task 0 | prompt processing done, n_tokens = 7, batch.n_tokens = 7
srv  log_server_r: done request: POST /completion 127.0.0.1 200
slot print_timing: id  3 | task 0 | 
prompt eval time =     517.35 ms /     7 tokens (   73.91 ms per token,    13.53 tokens per second)
       eval time =    8959.94 ms /   100 tokens (   89.60 ms per token,    11.16 tokens per second)
      total time =    9477.29 ms /   107 tokens
slot      release: id  3 | task 0 | stop processing: n_tokens = 106, truncated = 0
srv  update_slots: all slots are idle
slot get_availabl: id  3 | task -1 | selected slot by LCP similarity, sim_best = 0.125 (> 0.100 thold), f_keep = 0.009
srv  get_availabl: updating prompt cache
srv   prompt_save:  - saving prompt with length 106, total state size = 13.252 MiB
srv          load:  - looking for better prompt, base f_keep = 0.009, sim = 0.125
srv        update:  - cache state: 1 prompts, 13.252 MiB (limits: 8192.000 MiB, 4096 tokens, 65526 est)
srv        update:    - prompt 0x3219180:     106 tokens, checkpoints:  0,    13.252 MiB
srv  get_availabl: prompt cache update took 3.41 ms
slot launch_slot_: id  3 | task -1 | sampler chain: logits -> ?penalties -> ?dry -> ?top-n-sigma -> top-k -> ?typical -> top-p -> min-p -> ?xtc -> temp-ext -> dist 
slot launch_slot_: id  3 | task 101 | processing task, is_child = 0
slot update_slots: id  3 | task 101 | new prompt, n_ctx_slot = 4096, n_keep = 0, task.n_tokens = 8
slot update_slots: id  3 | task 101 | n_tokens = 1, memory_seq_rm [1, end)
slot init_sampler: id  3 | task 101 | init sampler, took 0.01 ms, tokens: text = 8, total = 8
slot update_slots: id  3 | task 101 | prompt processing done, n_tokens = 8, batch.n_tokens = 7
srv  log_server_r: done request: POST /completion 127.0.0.1 200
slot print_timing: id  3 | task 101 | 
prompt eval time =     520.52 ms /     7 tokens (   74.36 ms per token,    13.45 tokens per second)
       eval time =    8982.43 ms /   100 tokens (   89.82 ms per token,    11.13 tokens per second)
      total time =    9502.95 ms /   107 tokens
slot      release: id  3 | task 101 | stop processing: n_tokens = 107, truncated = 0
srv  update_slots: all slots are idle
slot get_availabl: id  3 | task -1 | selected slot by LCP similarity, sim_best = 0.143 (> 0.100 thold), f_keep = 0.009
srv  get_availabl: updating prompt cache
srv   prompt_save:  - saving prompt with length 107, total state size = 13.377 MiB
srv          load:  - looking for better prompt, base f_keep = 0.009, sim = 0.143
srv        update:  - cache state: 2 prompts, 26.629 MiB (limits: 8192.000 MiB, 4096 tokens, 65526 est)
srv        update:    - prompt 0x3219180:     106 tokens, checkpoints:  0,    13.252 MiB
srv        update:    - prompt 0x3218d60:     107 tokens, checkpoints:  0,    13.377 MiB
srv  get_availabl: prompt cache update took 3.36 ms
slot launch_slot_: id  3 | task -1 | sampler chain: logits -> ?penalties -> ?dry -> ?top-n-sigma -> top-k -> ?typical -> top-p -> min-p -> ?xtc -> temp-ext -> dist 
slot launch_slot_: id  3 | task 202 | processing task, is_child = 0
slot update_slots: id  3 | task 202 | new prompt, n_ctx_slot = 4096, n_keep = 0, task.n_tokens = 7
slot update_slots: id  3 | task 202 | n_tokens = 1, memory_seq_rm [1, end)
slot init_sampler: id  3 | task 202 | init sampler, took 0.01 ms, tokens: text = 7, total = 7
slot update_slots: id  3 | task 202 | prompt processing done, n_tokens = 7, batch.n_tokens = 6
srv  log_server_r: done request: POST /completion 127.0.0.1 200
slot print_timing: id  3 | task 202 | 
prompt eval time =     444.98 ms /     6 tokens (   74.16 ms per token,    13.48 tokens per second)
       eval time =    8962.55 ms /   100 tokens (   89.63 ms per token,    11.16 tokens per second)
      total time =    9407.53 ms /   106 tokens
slot      release: id  3 | task 202 | stop processing: n_tokens = 106, truncated = 0
srv  update_slots: all slots are idle
slot get_availabl: id  3 | task -1 | selected slot by LCP similarity, sim_best = 0.125 (> 0.100 thold), f_keep = 0.009
srv  get_availabl: updating prompt cache
srv   prompt_save:  - saving prompt with length 106, total state size = 13.252 MiB
srv          load:  - looking for better prompt, base f_keep = 0.009, sim = 0.125
srv        update:  - cache state: 3 prompts, 39.881 MiB (limits: 8192.000 MiB, 4096 tokens, 65526 est)
srv        update:    - prompt 0x3219180:     106 tokens, checkpoints:  0,    13.252 MiB
srv        update:    - prompt 0x3218d60:     107 tokens, checkpoints:  0,    13.377 MiB
srv        update:    - prompt 0x321a980:     106 tokens, checkpoints:  0,    13.252 MiB
srv  get_availabl: prompt cache update took 3.32 ms
slot launch_slot_: id  3 | task -1 | sampler chain: logits -> ?penalties -> ?dry -> ?top-n-sigma -> top-k -> ?typical -> top-p -> min-p -> ?xtc -> temp-ext -> dist 
slot launch_slot_: id  3 | task 303 | processing task, is_child = 0
slot update_slots: id  3 | task 303 | new prompt, n_ctx_slot = 4096, n_keep = 0, task.n_tokens = 8
slot update_slots: id  3 | task 303 | n_tokens = 1, memory_seq_rm [1, end)
slot init_sampler: id  3 | task 303 | init sampler, took 0.01 ms, tokens: text = 8, total = 8
slot update_slots: id  3 | task 303 | prompt processing done, n_tokens = 8, batch.n_tokens = 7
srv  log_server_r: done request: POST /completion 127.0.0.1 200
slot print_timing: id  3 | task 303 | 
prompt eval time =     515.27 ms /     7 tokens (   73.61 ms per token,    13.59 tokens per second)
       eval time =    8967.44 ms /   100 tokens (   89.67 ms per token,    11.15 tokens per second)
      total time =    9482.71 ms /   107 tokens
slot      release: id  3 | task 303 | stop processing: n_tokens = 107, truncated = 0
srv  update_slots: all slots are idle
slot get_availabl: id  3 | task -1 | selected slot by LCP similarity, sim_best = 0.167 (> 0.100 thold), f_keep = 0.009
srv  get_availabl: updating prompt cache
srv   prompt_save:  - saving prompt with length 107, total state size = 13.377 MiB
srv          load:  - looking for better prompt, base f_keep = 0.009, sim = 0.167
srv        update:  - cache state: 4 prompts, 53.258 MiB (limits: 8192.000 MiB, 4096 tokens, 65526 est)
srv        update:    - prompt 0x3219180:     106 tokens, checkpoints:  0,    13.252 MiB
srv        update:    - prompt 0x3218d60:     107 tokens, checkpoints:  0,    13.377 MiB
srv        update:    - prompt 0x321a980:     106 tokens, checkpoints:  0,    13.252 MiB
srv        update:    - prompt 0x321dbb0:     107 tokens, checkpoints:  0,    13.377 MiB
srv  get_availabl: prompt cache update took 3.37 ms
slot launch_slot_: id  3 | task -1 | sampler chain: logits -> ?penalties -> ?dry -> ?top-n-sigma -> top-k -> ?typical -> top-p -> min-p -> ?xtc -> temp-ext -> dist 
slot launch_slot_: id  3 | task 404 | processing task, is_child = 0
slot update_slots: id  3 | task 404 | new prompt, n_ctx_slot = 4096, n_keep = 0, task.n_tokens = 6
slot update_slots: id  3 | task 404 | n_tokens = 1, memory_seq_rm [1, end)
slot init_sampler: id  3 | task 404 | init sampler, took 0.01 ms, tokens: text = 6, total = 6
slot update_slots: id  3 | task 404 | prompt processing done, n_tokens = 6, batch.n_tokens = 5
srv  log_server_r: done request: POST /completion 127.0.0.1 200
slot print_timing: id  3 | task 404 | 
prompt eval time =     374.53 ms /     5 tokens (   74.91 ms per token,    13.35 tokens per second)
       eval time =    8961.38 ms /   100 tokens (   89.61 ms per token,    11.16 tokens per second)
      total time =    9335.91 ms /   105 tokens
slot      release: id  3 | task 404 | stop processing: n_tokens = 105, truncated = 0
srv  update_slots: all slots are idle
slot get_availabl: id  2 | task -1 | selected slot by LRU, t_last = -1
srv  get_availabl: updating prompt cache
srv          load:  - looking for better prompt, base f_keep = -1.000, sim = 0.000
srv        update:  - cache state: 4 prompts, 53.258 MiB (limits: 8192.000 MiB, 4096 tokens, 65526 est)
srv        update:    - prompt 0x3219180:     106 tokens, checkpoints:  0,    13.252 MiB
srv        update:    - prompt 0x3218d60:     107 tokens, checkpoints:  0,    13.377 MiB
srv        update:    - prompt 0x321a980:     106 tokens, checkpoints:  0,    13.252 MiB
srv        update:    - prompt 0x321dbb0:     107 tokens, checkpoints:  0,    13.377 MiB
srv  get_availabl: prompt cache update took 0.05 ms
slot launch_slot_: id  2 | task -1 | sampler chain: logits -> ?penalties -> ?dry -> ?top-n-sigma -> top-k -> ?typical -> top-p -> min-p -> ?xtc -> temp-ext -> dist 
slot launch_slot_: id  2 | task 505 | processing task, is_child = 0
slot slot_save_an: id  3 | task -1 | saving idle slot to prompt cache
srv   prompt_save:  - saving prompt with length 105, total state size = 13.127 MiB
slot prompt_clear: id  3 | task -1 | clearing prompt with 105 tokens
srv        update:  - cache state: 5 prompts, 66.385 MiB (limits: 8192.000 MiB, 4096 tokens, 65526 est)
srv        update:    - prompt 0x3219180:     106 tokens, checkpoints:  0,    13.252 MiB
srv        update:    - prompt 0x3218d60:     107 tokens, checkpoints:  0,    13.377 MiB
srv        update:    - prompt 0x321a980:     106 tokens, checkpoints:  0,    13.252 MiB
srv        update:    - prompt 0x321dbb0:     107 tokens, checkpoints:  0,    13.377 MiB
srv        update:    - prompt 0xf0ef60:     105 tokens, checkpoints:  0,    13.127 MiB
slot update_slots: id  2 | task 505 | new prompt, n_ctx_slot = 4096, n_keep = 0, task.n_tokens = 11
slot update_slots: id  2 | task 505 | n_tokens = 0, memory_seq_rm [0, end)
slot init_sampler: id  2 | task 505 | init sampler, took 0.01 ms, tokens: text = 11, total = 11
slot update_slots: id  2 | task 505 | prompt processing done, n_tokens = 11, batch.n_tokens = 11
srv  log_server_r: done request: POST /completion 127.0.0.1 200
slot print_timing: id  2 | task 505 | 
prompt eval time =     795.40 ms /    11 tokens (   72.31 ms per token,    13.83 tokens per second)
       eval time =    8940.91 ms /   100 tokens (   89.41 ms per token,    11.18 tokens per second)
      total time =    9736.31 ms /   111 tokens
slot      release: id  2 | task 505 | stop processing: n_tokens = 110, truncated = 0
srv  update_slots: all slots are idle
slot get_availabl: id  1 | task -1 | selected slot by LRU, t_last = -1
srv  get_availabl: updating prompt cache
srv          load:  - looking for better prompt, base f_keep = -1.000, sim = 0.000
srv        update:  - cache state: 5 prompts, 66.385 MiB (limits: 8192.000 MiB, 4096 tokens, 65526 est)
srv        update:    - prompt 0x3219180:     106 tokens, checkpoints:  0,    13.252 MiB
srv        update:    - prompt 0x3218d60:     107 tokens, checkpoints:  0,    13.377 MiB
srv        update:    - prompt 0x321a980:     106 tokens, checkpoints:  0,    13.252 MiB
srv        update:    - prompt 0x321dbb0:     107 tokens, checkpoints:  0,    13.377 MiB
srv        update:    - prompt 0xf0ef60:     105 tokens, checkpoints:  0,    13.127 MiB
srv  get_availabl: prompt cache update took 0.04 ms
slot launch_slot_: id  1 | task -1 | sampler chain: logits -> ?penalties -> ?dry -> ?top-n-sigma -> top-k -> ?typical -> top-p -> min-p -> ?xtc -> temp-ext -> dist 
slot launch_slot_: id  1 | task 606 | processing task, is_child = 0
slot slot_save_an: id  2 | task -1 | saving idle slot to prompt cache
srv   prompt_save:  - saving prompt with length 110, total state size = 13.752 MiB
slot prompt_clear: id  2 | task -1 | clearing prompt with 110 tokens
srv        update:  - cache state: 6 prompts, 80.137 MiB (limits: 8192.000 MiB, 4096 tokens, 65526 est)
srv        update:    - prompt 0x3219180:     106 tokens, checkpoints:  0,    13.252 MiB
srv        update:    - prompt 0x3218d60:     107 tokens, checkpoints:  0,    13.377 MiB
srv        update:    - prompt 0x321a980:     106 tokens, checkpoints:  0,    13.252 MiB
srv        update:    - prompt 0x321dbb0:     107 tokens, checkpoints:  0,    13.377 MiB
srv        update:    - prompt 0xf0ef60:     105 tokens, checkpoints:  0,    13.127 MiB
srv        update:    - prompt 0xfd2770:     110 tokens, checkpoints:  0,    13.752 MiB
slot update_slots: id  1 | task 606 | new prompt, n_ctx_slot = 4096, n_keep = 0, task.n_tokens = 17
slot update_slots: id  1 | task 606 | n_tokens = 0, memory_seq_rm [0, end)
slot init_sampler: id  1 | task 606 | init sampler, took 0.01 ms, tokens: text = 17, total = 17
slot update_slots: id  1 | task 606 | prompt processing done, n_tokens = 17, batch.n_tokens = 17
srv  log_server_r: done request: POST /completion 127.0.0.1 200
slot print_timing: id  1 | task 606 | 
prompt eval time =    1221.51 ms /    17 tokens (   71.85 ms per token,    13.92 tokens per second)
       eval time =    8947.20 ms /   100 tokens (   89.47 ms per token,    11.18 tokens per second)
      total time =   10168.71 ms /   117 tokens
slot      release: id  1 | task 606 | stop processing: n_tokens = 116, truncated = 0
srv  update_slots: all slots are idle
slot get_availabl: id  0 | task -1 | selected slot by LRU, t_last = -1
srv  get_availabl: updating prompt cache
srv          load:  - looking for better prompt, base f_keep = -1.000, sim = 0.000
srv        update:  - cache state: 6 prompts, 80.137 MiB (limits: 8192.000 MiB, 4096 tokens, 65526 est)
srv        update:    - prompt 0x3219180:     106 tokens, checkpoints:  0,    13.252 MiB
srv        update:    - prompt 0x3218d60:     107 tokens, checkpoints:  0,    13.377 MiB
srv        update:    - prompt 0x321a980:     106 tokens, checkpoints:  0,    13.252 MiB
srv        update:    - prompt 0x321dbb0:     107 tokens, checkpoints:  0,    13.377 MiB
srv        update:    - prompt 0xf0ef60:     105 tokens, checkpoints:  0,    13.127 MiB
srv        update:    - prompt 0xfd2770:     110 tokens, checkpoints:  0,    13.752 MiB
srv  get_availabl: prompt cache update took 0.06 ms
slot launch_slot_: id  0 | task -1 | sampler chain: logits -> ?penalties -> ?dry -> ?top-n-sigma -> top-k -> ?typical -> top-p -> min-p -> ?xtc -> temp-ext -> dist 
slot launch_slot_: id  0 | task 707 | processing task, is_child = 0
slot slot_save_an: id  1 | task -1 | saving idle slot to prompt cache
srv   prompt_save:  - saving prompt with length 116, total state size = 14.502 MiB
slot prompt_clear: id  1 | task -1 | clearing prompt with 116 tokens
srv        update:  - cache state: 7 prompts, 94.639 MiB (limits: 8192.000 MiB, 4096 tokens, 65526 est)
srv        update:    - prompt 0x3219180:     106 tokens, checkpoints:  0,    13.252 MiB
srv        update:    - prompt 0x3218d60:     107 tokens, checkpoints:  0,    13.377 MiB
srv        update:    - prompt 0x321a980:     106 tokens, checkpoints:  0,    13.252 MiB
srv        update:    - prompt 0x321dbb0:     107 tokens, checkpoints:  0,    13.377 MiB
srv        update:    - prompt 0xf0ef60:     105 tokens, checkpoints:  0,    13.127 MiB
srv        update:    - prompt 0xfd2770:     110 tokens, checkpoints:  0,    13.752 MiB
srv        update:    - prompt 0x321e630:     116 tokens, checkpoints:  0,    14.502 MiB
slot update_slots: id  0 | task 707 | new prompt, n_ctx_slot = 4096, n_keep = 0, task.n_tokens = 10
slot update_slots: id  0 | task 707 | n_tokens = 0, memory_seq_rm [0, end)
slot init_sampler: id  0 | task 707 | init sampler, took 0.01 ms, tokens: text = 10, total = 10
slot update_slots: id  0 | task 707 | prompt processing done, n_tokens = 10, batch.n_tokens = 10
srv  log_server_r: done request: POST /completion 127.0.0.1 200
slot print_timing: id  0 | task 707 | 
prompt eval time =     724.33 ms /    10 tokens (   72.43 ms per token,    13.81 tokens per second)
       eval time =    8937.93 ms /   100 tokens (   89.38 ms per token,    11.19 tokens per second)
      total time =    9662.26 ms /   110 tokens
slot      release: id  0 | task 707 | stop processing: n_tokens = 109, truncated = 0
srv  update_slots: all slots are idle
slot get_availabl: id  3 | task -1 | selected slot by LRU, t_last = 33758403702
srv  get_availabl: updating prompt cache
srv          load:  - looking for better prompt, base f_keep = -1.000, sim = 0.000
srv        update:  - cache state: 7 prompts, 94.639 MiB (limits: 8192.000 MiB, 4096 tokens, 65526 est)
srv        update:    - prompt 0x3219180:     106 tokens, checkpoints:  0,    13.252 MiB
srv        update:    - prompt 0x3218d60:     107 tokens, checkpoints:  0,    13.377 MiB
srv        update:    - prompt 0x321a980:     106 tokens, checkpoints:  0,    13.252 MiB
srv        update:    - prompt 0x321dbb0:     107 tokens, checkpoints:  0,    13.377 MiB
srv        update:    - prompt 0xf0ef60:     105 tokens, checkpoints:  0,    13.127 MiB
srv        update:    - prompt 0xfd2770:     110 tokens, checkpoints:  0,    13.752 MiB
srv        update:    - prompt 0x321e630:     116 tokens, checkpoints:  0,    14.502 MiB
srv  get_availabl: prompt cache update took 0.05 ms
slot launch_slot_: id  3 | task -1 | sampler chain: logits -> ?penalties -> ?dry -> ?top-n-sigma -> top-k -> ?typical -> top-p -> min-p -> ?xtc -> temp-ext -> dist 
slot launch_slot_: id  3 | task 808 | processing task, is_child = 0
slot slot_save_an: id  0 | task -1 | saving idle slot to prompt cache
srv   prompt_save:  - saving prompt with length 109, total state size = 13.627 MiB
slot prompt_clear: id  0 | task -1 | clearing prompt with 109 tokens
srv        update:  - cache state: 8 prompts, 108.266 MiB (limits: 8192.000 MiB, 4096 tokens, 65526 est)
srv        update:    - prompt 0x3219180:     106 tokens, checkpoints:  0,    13.252 MiB
srv        update:    - prompt 0x3218d60:     107 tokens, checkpoints:  0,    13.377 MiB
srv        update:    - prompt 0x321a980:     106 tokens, checkpoints:  0,    13.252 MiB
srv        update:    - prompt 0x321dbb0:     107 tokens, checkpoints:  0,    13.377 MiB
srv        update:    - prompt 0xf0ef60:     105 tokens, checkpoints:  0,    13.127 MiB
srv        update:    - prompt 0xfd2770:     110 tokens, checkpoints:  0,    13.752 MiB
srv        update:    - prompt 0x321e630:     116 tokens, checkpoints:  0,    14.502 MiB
srv        update:    - prompt 0x4be6150:     109 tokens, checkpoints:  0,    13.627 MiB
slot update_slots: id  3 | task 808 | new prompt, n_ctx_slot = 4096, n_keep = 0, task.n_tokens = 14
slot update_slots: id  3 | task 808 | n_tokens = 0, memory_seq_rm [0, end)
slot init_sampler: id  3 | task 808 | init sampler, took 0.01 ms, tokens: text = 14, total = 14
slot update_slots: id  3 | task 808 | prompt processing done, n_tokens = 14, batch.n_tokens = 14
srv  log_server_r: done request: POST /completion 127.0.0.1 200
slot print_timing: id  3 | task 808 | 
prompt eval time =    1004.82 ms /    14 tokens (   71.77 ms per token,    13.93 tokens per second)
       eval time =    8944.24 ms /   100 tokens (   89.44 ms per token,    11.18 tokens per second)
      total time =    9949.06 ms /   114 tokens
slot      release: id  3 | task 808 | stop processing: n_tokens = 113, truncated = 0
srv  update_slots: all slots are idle
slot get_availabl: id  3 | task -1 | selected slot by LCP similarity, sim_best = 0.111 (> 0.100 thold), f_keep = 0.009
srv  get_availabl: updating prompt cache
srv   prompt_save:  - saving prompt with length 113, total state size = 14.127 MiB
srv          load:  - looking for better prompt, base f_keep = 0.009, sim = 0.111
srv        update:  - cache state: 9 prompts, 122.393 MiB (limits: 8192.000 MiB, 4096 tokens, 65526 est)
srv        update:    - prompt 0x3219180:     106 tokens, checkpoints:  0,    13.252 MiB
srv        update:    - prompt 0x3218d60:     107 tokens, checkpoints:  0,    13.377 MiB
srv        update:    - prompt 0x321a980:     106 tokens, checkpoints:  0,    13.252 MiB
srv        update:    - prompt 0x321dbb0:     107 tokens, checkpoints:  0,    13.377 MiB
srv        update:    - prompt 0xf0ef60:     105 tokens, checkpoints:  0,    13.127 MiB
srv        update:    - prompt 0xfd2770:     110 tokens, checkpoints:  0,    13.752 MiB
srv        update:    - prompt 0x321e630:     116 tokens, checkpoints:  0,    14.502 MiB
srv        update:    - prompt 0x4be6150:     109 tokens, checkpoints:  0,    13.627 MiB
srv        update:    - prompt 0x439f290:     113 tokens, checkpoints:  0,    14.127 MiB
srv  get_availabl: prompt cache update took 3.48 ms
slot launch_slot_: id  3 | task -1 | sampler chain: logits -> ?penalties -> ?dry -> ?top-n-sigma -> top-k -> ?typical -> top-p -> min-p -> ?xtc -> temp-ext -> dist 
slot launch_slot_: id  3 | task 909 | processing task, is_child = 0
slot update_slots: id  3 | task 909 | new prompt, n_ctx_slot = 4096, n_keep = 0, task.n_tokens = 9
slot update_slots: id  3 | task 909 | n_tokens = 1, memory_seq_rm [1, end)
slot init_sampler: id  3 | task 909 | init sampler, took 0.01 ms, tokens: text = 9, total = 9
slot update_slots: id  3 | task 909 | prompt processing done, n_tokens = 9, batch.n_tokens = 8
srv  log_server_r: done request: POST /completion 127.0.0.1 200
slot print_timing: id  3 | task 909 | 
prompt eval time =     584.39 ms /     8 tokens (   73.05 ms per token,    13.69 tokens per second)
       eval time =    8937.28 ms /   100 tokens (   89.37 ms per token,    11.19 tokens per second)
      total time =    9521.68 ms /   108 tokens
slot      release: id  3 | task 909 | stop processing: n_tokens = 108, truncated = 0
srv  update_slots: all slots are idle
slot get_availabl: id  3 | task -1 | selected slot by LCP similarity, sim_best = 0.111 (> 0.100 thold), f_keep = 0.009
srv  get_availabl: updating prompt cache
srv   prompt_save:  - saving prompt with length 108, total state size = 13.502 MiB
srv          load:  - looking for better prompt, base f_keep = 0.009, sim = 0.111
srv        update:  - cache state: 10 prompts, 135.895 MiB (limits: 8192.000 MiB, 4096 tokens, 65526 est)
srv        update:    - prompt 0x3219180:     106 tokens, checkpoints:  0,    13.252 MiB
srv        update:    - prompt 0x3218d60:     107 tokens, checkpoints:  0,    13.377 MiB
srv        update:    - prompt 0x321a980:     106 tokens, checkpoints:  0,    13.252 MiB
srv        update:    - prompt 0x321dbb0:     107 tokens, checkpoints:  0,    13.377 MiB
srv        update:    - prompt 0xf0ef60:     105 tokens, checkpoints:  0,    13.127 MiB
srv        update:    - prompt 0xfd2770:     110 tokens, checkpoints:  0,    13.752 MiB
srv        update:    - prompt 0x321e630:     116 tokens, checkpoints:  0,    14.502 MiB
srv        update:    - prompt 0x4be6150:     109 tokens, checkpoints:  0,    13.627 MiB
srv        update:    - prompt 0x439f290:     113 tokens, checkpoints:  0,    14.127 MiB
srv        update:    - prompt 0x439c190:     108 tokens, checkpoints:  0,    13.502 MiB
srv  get_availabl: prompt cache update took 3.40 ms
slot launch_slot_: id  3 | task -1 | sampler chain: logits -> ?penalties -> ?dry -> ?top-n-sigma -> top-k -> ?typical -> top-p -> min-p -> ?xtc -> temp-ext -> dist 
slot launch_slot_: id  3 | task 1010 | processing task, is_child = 0
slot update_slots: id  3 | task 1010 | new prompt, n_ctx_slot = 4096, n_keep = 0, task.n_tokens = 9
slot update_slots: id  3 | task 1010 | n_tokens = 1, memory_seq_rm [1, end)
slot init_sampler: id  3 | task 1010 | init sampler, took 0.01 ms, tokens: text = 9, total = 9
slot update_slots: id  3 | task 1010 | prompt processing done, n_tokens = 9, batch.n_tokens = 8
srv  log_server_r: done request: POST /completion 127.0.0.1 200
slot print_timing: id  3 | task 1010 | 
prompt eval time =     584.27 ms /     8 tokens (   73.03 ms per token,    13.69 tokens per second)
       eval time =    8943.93 ms /   100 tokens (   89.44 ms per token,    11.18 tokens per second)
      total time =    9528.19 ms /   108 tokens
slot      release: id  3 | task 1010 | stop processing: n_tokens = 108, truncated = 0
srv  update_slots: all slots are idle
slot get_availabl: id  3 | task -1 | selected slot by LCP similarity, sim_best = 0.111 (> 0.100 thold), f_keep = 0.009
srv  get_availabl: updating prompt cache
srv   prompt_save:  - saving prompt with length 108, total state size = 13.502 MiB
srv          load:  - looking for better prompt, base f_keep = 0.009, sim = 0.111
srv        update:  - cache state: 11 prompts, 149.397 MiB (limits: 8192.000 MiB, 4096 tokens, 65526 est)
srv        update:    - prompt 0x3219180:     106 tokens, checkpoints:  0,    13.252 MiB
srv        update:    - prompt 0x3218d60:     107 tokens, checkpoints:  0,    13.377 MiB
srv        update:    - prompt 0x321a980:     106 tokens, checkpoints:  0,    13.252 MiB
srv        update:    - prompt 0x321dbb0:     107 tokens, checkpoints:  0,    13.377 MiB
srv        update:    - prompt 0xf0ef60:     105 tokens, checkpoints:  0,    13.127 MiB
srv        update:    - prompt 0xfd2770:     110 tokens, checkpoints:  0,    13.752 MiB
srv        update:    - prompt 0x321e630:     116 tokens, checkpoints:  0,    14.502 MiB
srv        update:    - prompt 0x4be6150:     109 tokens, checkpoints:  0,    13.627 MiB
srv        update:    - prompt 0x439f290:     113 tokens, checkpoints:  0,    14.127 MiB
srv        update:    - prompt 0x439c190:     108 tokens, checkpoints:  0,    13.502 MiB
srv        update:    - prompt 0x3ad05f0:     108 tokens, checkpoints:  0,    13.502 MiB
srv  get_availabl: prompt cache update took 3.42 ms
slot launch_slot_: id  3 | task -1 | sampler chain: logits -> ?penalties -> ?dry -> ?top-n-sigma -> top-k -> ?typical -> top-p -> min-p -> ?xtc -> temp-ext -> dist 
slot launch_slot_: id  3 | task 1111 | processing task, is_child = 0
slot update_slots: id  3 | task 1111 | new prompt, n_ctx_slot = 4096, n_keep = 0, task.n_tokens = 9
slot update_slots: id  3 | task 1111 | n_tokens = 1, memory_seq_rm [1, end)
slot init_sampler: id  3 | task 1111 | init sampler, took 0.01 ms, tokens: text = 9, total = 9
slot update_slots: id  3 | task 1111 | prompt processing done, n_tokens = 9, batch.n_tokens = 8
srv  log_server_r: done request: POST /completion 127.0.0.1 200
slot print_timing: id  3 | task 1111 | 
prompt eval time =     584.32 ms /     8 tokens (   73.04 ms per token,    13.69 tokens per second)
       eval time =    8940.80 ms /   100 tokens (   89.41 ms per token,    11.18 tokens per second)
      total time =    9525.12 ms /   108 tokens
slot      release: id  3 | task 1111 | stop processing: n_tokens = 108, truncated = 0
srv  update_slots: all slots are idle
slot get_availabl: id  2 | task -1 | selected slot by LRU, t_last = 33768725972
srv  get_availabl: updating prompt cache
srv          load:  - looking for better prompt, base f_keep = -1.000, sim = 0.000
srv        update:  - cache state: 11 prompts, 149.397 MiB (limits: 8192.000 MiB, 4096 tokens, 65526 est)
srv        update:    - prompt 0x3219180:     106 tokens, checkpoints:  0,    13.252 MiB
srv        update:    - prompt 0x3218d60:     107 tokens, checkpoints:  0,    13.377 MiB
srv        update:    - prompt 0x321a980:     106 tokens, checkpoints:  0,    13.252 MiB
srv        update:    - prompt 0x321dbb0:     107 tokens, checkpoints:  0,    13.377 MiB
srv        update:    - prompt 0xf0ef60:     105 tokens, checkpoints:  0,    13.127 MiB
srv        update:    - prompt 0xfd2770:     110 tokens, checkpoints:  0,    13.752 MiB
srv        update:    - prompt 0x321e630:     116 tokens, checkpoints:  0,    14.502 MiB
srv        update:    - prompt 0x4be6150:     109 tokens, checkpoints:  0,    13.627 MiB
srv        update:    - prompt 0x439f290:     113 tokens, checkpoints:  0,    14.127 MiB
srv        update:    - prompt 0x439c190:     108 tokens, checkpoints:  0,    13.502 MiB
srv        update:    - prompt 0x3ad05f0:     108 tokens, checkpoints:  0,    13.502 MiB
srv  get_availabl: prompt cache update took 0.08 ms
slot launch_slot_: id  2 | task -1 | sampler chain: logits -> ?penalties -> ?dry -> ?top-n-sigma -> top-k -> ?typical -> top-p -> min-p -> ?xtc -> temp-ext -> dist 
slot launch_slot_: id  2 | task 1212 | processing task, is_child = 0
slot slot_save_an: id  3 | task -1 | saving idle slot to prompt cache
srv   prompt_save:  - saving prompt with length 108, total state size = 13.502 MiB
slot prompt_clear: id  3 | task -1 | clearing prompt with 108 tokens
srv        update:  - cache state: 12 prompts, 162.899 MiB (limits: 8192.000 MiB, 4096 tokens, 65526 est)
srv        update:    - prompt 0x3219180:     106 tokens, checkpoints:  0,    13.252 MiB
srv        update:    - prompt 0x3218d60:     107 tokens, checkpoints:  0,    13.377 MiB
srv        update:    - prompt 0x321a980:     106 tokens, checkpoints:  0,    13.252 MiB
srv        update:    - prompt 0x321dbb0:     107 tokens, checkpoints:  0,    13.377 MiB
srv        update:    - prompt 0xf0ef60:     105 tokens, checkpoints:  0,    13.127 MiB
srv        update:    - prompt 0xfd2770:     110 tokens, checkpoints:  0,    13.752 MiB
srv        update:    - prompt 0x321e630:     116 tokens, checkpoints:  0,    14.502 MiB
srv        update:    - prompt 0x4be6150:     109 tokens, checkpoints:  0,    13.627 MiB
srv        update:    - prompt 0x439f290:     113 tokens, checkpoints:  0,    14.127 MiB
srv        update:    - prompt 0x439c190:     108 tokens, checkpoints:  0,    13.502 MiB
srv        update:    - prompt 0x3ad05f0:     108 tokens, checkpoints:  0,    13.502 MiB
srv        update:    - prompt 0x323a460:     108 tokens, checkpoints:  0,    13.502 MiB
slot update_slots: id  2 | task 1212 | new prompt, n_ctx_slot = 4096, n_keep = 0, task.n_tokens = 12
slot update_slots: id  2 | task 1212 | n_tokens = 0, memory_seq_rm [0, end)
slot init_sampler: id  2 | task 1212 | init sampler, took 0.01 ms, tokens: text = 12, total = 12
slot update_slots: id  2 | task 1212 | prompt processing done, n_tokens = 12, batch.n_tokens = 12
srv  log_server_r: done request: POST /completion 127.0.0.1 200
slot print_timing: id  2 | task 1212 | 
prompt eval time =     864.62 ms /    12 tokens (   72.05 ms per token,    13.88 tokens per second)
       eval time =    8948.28 ms /   100 tokens (   89.48 ms per token,    11.18 tokens per second)
      total time =    9812.90 ms /   112 tokens
slot      release: id  2 | task 1212 | stop processing: n_tokens = 111, truncated = 0
srv  update_slots: all slots are idle
slot get_availabl: id  1 | task -1 | selected slot by LRU, t_last = 33779480676
srv  get_availabl: updating prompt cache
srv          load:  - looking for better prompt, base f_keep = -1.000, sim = 0.000
srv        update:  - cache state: 12 prompts, 162.899 MiB (limits: 8192.000 MiB, 4096 tokens, 65526 est)
srv        update:    - prompt 0x3219180:     106 tokens, checkpoints:  0,    13.252 MiB
srv        update:    - prompt 0x3218d60:     107 tokens, checkpoints:  0,    13.377 MiB
srv        update:    - prompt 0x321a980:     106 tokens, checkpoints:  0,    13.252 MiB
srv        update:    - prompt 0x321dbb0:     107 tokens, checkpoints:  0,    13.377 MiB
srv        update:    - prompt 0xf0ef60:     105 tokens, checkpoints:  0,    13.127 MiB
srv        update:    - prompt 0xfd2770:     110 tokens, checkpoints:  0,    13.752 MiB
srv        update:    - prompt 0x321e630:     116 tokens, checkpoints:  0,    14.502 MiB
srv        update:    - prompt 0x4be6150:     109 tokens, checkpoints:  0,    13.627 MiB
srv        update:    - prompt 0x439f290:     113 tokens, checkpoints:  0,    14.127 MiB
srv        update:    - prompt 0x439c190:     108 tokens, checkpoints:  0,    13.502 MiB
srv        update:    - prompt 0x3ad05f0:     108 tokens, checkpoints:  0,    13.502 MiB
srv        update:    - prompt 0x323a460:     108 tokens, checkpoints:  0,    13.502 MiB
srv  get_availabl: prompt cache update took 0.07 ms
slot launch_slot_: id  1 | task -1 | sampler chain: logits -> ?penalties -> ?dry -> ?top-n-sigma -> top-k -> ?typical -> top-p -> min-p -> ?xtc -> temp-ext -> dist 
slot launch_slot_: id  1 | task 1313 | processing task, is_child = 0
slot slot_save_an: id  2 | task -1 | saving idle slot to prompt cache
srv   prompt_save:  - saving prompt with length 111, total state size = 13.877 MiB
slot prompt_clear: id  2 | task -1 | clearing prompt with 111 tokens
srv        update:  - cache state: 13 prompts, 176.776 MiB (limits: 8192.000 MiB, 4096 tokens, 65526 est)
srv        update:    - prompt 0x3219180:     106 tokens, checkpoints:  0,    13.252 MiB
srv        update:    - prompt 0x3218d60:     107 tokens, checkpoints:  0,    13.377 MiB
srv        update:    - prompt 0x321a980:     106 tokens, checkpoints:  0,    13.252 MiB
srv        update:    - prompt 0x321dbb0:     107 tokens, checkpoints:  0,    13.377 MiB
srv        update:    - prompt 0xf0ef60:     105 tokens, checkpoints:  0,    13.127 MiB
srv        update:    - prompt 0xfd2770:     110 tokens, checkpoints:  0,    13.752 MiB
srv        update:    - prompt 0x321e630:     116 tokens, checkpoints:  0,    14.502 MiB
srv        update:    - prompt 0x4be6150:     109 tokens, checkpoints:  0,    13.627 MiB
srv        update:    - prompt 0x439f290:     113 tokens, checkpoints:  0,    14.127 MiB
srv        update:    - prompt 0x439c190:     108 tokens, checkpoints:  0,    13.502 MiB
srv        update:    - prompt 0x3ad05f0:     108 tokens, checkpoints:  0,    13.502 MiB
srv        update:    - prompt 0x323a460:     108 tokens, checkpoints:  0,    13.502 MiB
srv        update:    - prompt 0xee4860:     111 tokens, checkpoints:  0,    13.877 MiB
slot update_slots: id  1 | task 1313 | new prompt, n_ctx_slot = 4096, n_keep = 0, task.n_tokens = 20
slot update_slots: id  1 | task 1313 | n_tokens = 0, memory_seq_rm [0, end)
slot init_sampler: id  1 | task 1313 | init sampler, took 0.01 ms, tokens: text = 20, total = 20
slot update_slots: id  1 | task 1313 | prompt processing done, n_tokens = 20, batch.n_tokens = 20
srv  log_server_r: done request: POST /completion 127.0.0.1 200
slot print_timing: id  1 | task 1313 | 
prompt eval time =    1431.28 ms /    20 tokens (   71.56 ms per token,    13.97 tokens per second)
       eval time =    8959.31 ms /   100 tokens (   89.59 ms per token,    11.16 tokens per second)
      total time =   10390.59 ms /   120 tokens
slot      release: id  1 | task 1313 | stop processing: n_tokens = 119, truncated = 0
srv  update_slots: all slots are idle
slot get_availabl: id  0 | task -1 | selected slot by LRU, t_last = 33789731139
srv  get_availabl: updating prompt cache
srv          load:  - looking for better prompt, base f_keep = -1.000, sim = 0.000
srv        update:  - cache state: 13 prompts, 176.776 MiB (limits: 8192.000 MiB, 4096 tokens, 65526 est)
srv        update:    - prompt 0x3219180:     106 tokens, checkpoints:  0,    13.252 MiB
srv        update:    - prompt 0x3218d60:     107 tokens, checkpoints:  0,    13.377 MiB
srv        update:    - prompt 0x321a980:     106 tokens, checkpoints:  0,    13.252 MiB
srv        update:    - prompt 0x321dbb0:     107 tokens, checkpoints:  0,    13.377 MiB
srv        update:    - prompt 0xf0ef60:     105 tokens, checkpoints:  0,    13.127 MiB
srv        update:    - prompt 0xfd2770:     110 tokens, checkpoints:  0,    13.752 MiB
srv        update:    - prompt 0x321e630:     116 tokens, checkpoints:  0,    14.502 MiB
srv        update:    - prompt 0x4be6150:     109 tokens, checkpoints:  0,    13.627 MiB
srv        update:    - prompt 0x439f290:     113 tokens, checkpoints:  0,    14.127 MiB
srv        update:    - prompt 0x439c190:     108 tokens, checkpoints:  0,    13.502 MiB
srv        update:    - prompt 0x3ad05f0:     108 tokens, checkpoints:  0,    13.502 MiB
srv        update:    - prompt 0x323a460:     108 tokens, checkpoints:  0,    13.502 MiB
srv        update:    - prompt 0xee4860:     111 tokens, checkpoints:  0,    13.877 MiB
srv  get_availabl: prompt cache update took 0.09 ms
slot launch_slot_: id  0 | task -1 | sampler chain: logits -> ?penalties -> ?dry -> ?top-n-sigma -> top-k -> ?typical -> top-p -> min-p -> ?xtc -> temp-ext -> dist 
slot launch_slot_: id  0 | task 1414 | processing task, is_child = 0
slot slot_save_an: id  1 | task -1 | saving idle slot to prompt cache
srv   prompt_save:  - saving prompt with length 119, total state size = 14.877 MiB
slot prompt_clear: id  1 | task -1 | clearing prompt with 119 tokens
srv        update:  - cache state: 14 prompts, 191.653 MiB (limits: 8192.000 MiB, 4096 tokens, 65526 est)
srv        update:    - prompt 0x3219180:     106 tokens, checkpoints:  0,    13.252 MiB
srv        update:    - prompt 0x3218d60:     107 tokens, checkpoints:  0,    13.377 MiB
srv        update:    - prompt 0x321a980:     106 tokens, checkpoints:  0,    13.252 MiB
srv        update:    - prompt 0x321dbb0:     107 tokens, checkpoints:  0,    13.377 MiB
srv        update:    - prompt 0xf0ef60:     105 tokens, checkpoints:  0,    13.127 MiB
srv        update:    - prompt 0xfd2770:     110 tokens, checkpoints:  0,    13.752 MiB
srv        update:    - prompt 0x321e630:     116 tokens, checkpoints:  0,    14.502 MiB
srv        update:    - prompt 0x4be6150:     109 tokens, checkpoints:  0,    13.627 MiB
srv        update:    - prompt 0x439f290:     113 tokens, checkpoints:  0,    14.127 MiB
srv        update:    - prompt 0x439c190:     108 tokens, checkpoints:  0,    13.502 MiB
srv        update:    - prompt 0x3ad05f0:     108 tokens, checkpoints:  0,    13.502 MiB
srv        update:    - prompt 0x323a460:     108 tokens, checkpoints:  0,    13.502 MiB
srv        update:    - prompt 0xee4860:     111 tokens, checkpoints:  0,    13.877 MiB
srv        update:    - prompt 0x3238470:     119 tokens, checkpoints:  0,    14.877 MiB
slot update_slots: id  0 | task 1414 | new prompt, n_ctx_slot = 4096, n_keep = 0, task.n_tokens = 24
slot update_slots: id  0 | task 1414 | n_tokens = 0, memory_seq_rm [0, end)
slot init_sampler: id  0 | task 1414 | init sampler, took 0.01 ms, tokens: text = 24, total = 24
slot update_slots: id  0 | task 1414 | prompt processing done, n_tokens = 24, batch.n_tokens = 24
srv  log_server_r: done request: POST /completion 127.0.0.1 200
slot print_timing: id  0 | task 1414 | 
prompt eval time =    1712.98 ms /    24 tokens (   71.37 ms per token,    14.01 tokens per second)
       eval time =    8965.27 ms /   100 tokens (   89.65 ms per token,    11.15 tokens per second)
      total time =   10678.24 ms /   124 tokens
slot      release: id  0 | task 1414 | stop processing: n_tokens = 123, truncated = 0
srv  update_slots: all slots are idle
slot get_availabl: id  3 | task -1 | selected slot by LRU, t_last = 33830599555
srv  get_availabl: updating prompt cache
srv          load:  - looking for better prompt, base f_keep = -1.000, sim = 0.000
srv        update:  - cache state: 14 prompts, 191.653 MiB (limits: 8192.000 MiB, 4096 tokens, 65526 est)
srv        update:    - prompt 0x3219180:     106 tokens, checkpoints:  0,    13.252 MiB
srv        update:    - prompt 0x3218d60:     107 tokens, checkpoints:  0,    13.377 MiB
srv        update:    - prompt 0x321a980:     106 tokens, checkpoints:  0,    13.252 MiB
srv        update:    - prompt 0x321dbb0:     107 tokens, checkpoints:  0,    13.377 MiB
srv        update:    - prompt 0xf0ef60:     105 tokens, checkpoints:  0,    13.127 MiB
srv        update:    - prompt 0xfd2770:     110 tokens, checkpoints:  0,    13.752 MiB
srv        update:    - prompt 0x321e630:     116 tokens, checkpoints:  0,    14.502 MiB
srv        update:    - prompt 0x4be6150:     109 tokens, checkpoints:  0,    13.627 MiB
srv        update:    - prompt 0x439f290:     113 tokens, checkpoints:  0,    14.127 MiB
srv        update:    - prompt 0x439c190:     108 tokens, checkpoints:  0,    13.502 MiB
srv        update:    - prompt 0x3ad05f0:     108 tokens, checkpoints:  0,    13.502 MiB
srv        update:    - prompt 0x323a460:     108 tokens, checkpoints:  0,    13.502 MiB
srv        update:    - prompt 0xee4860:     111 tokens, checkpoints:  0,    13.877 MiB
srv        update:    - prompt 0x3238470:     119 tokens, checkpoints:  0,    14.877 MiB
srv  get_availabl: prompt cache update took 0.09 ms
slot launch_slot_: id  3 | task -1 | sampler chain: logits -> ?penalties -> ?dry -> ?top-n-sigma -> top-k -> ?typical -> top-p -> min-p -> ?xtc -> temp-ext -> dist 
slot launch_slot_: id  3 | task 1515 | processing task, is_child = 0
slot slot_save_an: id  0 | task -1 | saving idle slot to prompt cache
srv   prompt_save:  - saving prompt with length 123, total state size = 15.377 MiB
slot prompt_clear: id  0 | task -1 | clearing prompt with 123 tokens
srv        update:  - cache state: 15 prompts, 207.030 MiB (limits: 8192.000 MiB, 4096 tokens, 65526 est)
srv        update:    - prompt 0x3219180:     106 tokens, checkpoints:  0,    13.252 MiB
srv        update:    - prompt 0x3218d60:     107 tokens, checkpoints:  0,    13.377 MiB
srv        update:    - prompt 0x321a980:     106 tokens, checkpoints:  0,    13.252 MiB
srv        update:    - prompt 0x321dbb0:     107 tokens, checkpoints:  0,    13.377 MiB
srv        update:    - prompt 0xf0ef60:     105 tokens, checkpoints:  0,    13.127 MiB
srv        update:    - prompt 0xfd2770:     110 tokens, checkpoints:  0,    13.752 MiB
srv        update:    - prompt 0x321e630:     116 tokens, checkpoints:  0,    14.502 MiB
srv        update:    - prompt 0x4be6150:     109 tokens, checkpoints:  0,    13.627 MiB
srv        update:    - prompt 0x439f290:     113 tokens, checkpoints:  0,    14.127 MiB
srv        update:    - prompt 0x439c190:     108 tokens, checkpoints:  0,    13.502 MiB
srv        update:    - prompt 0x3ad05f0:     108 tokens, checkpoints:  0,    13.502 MiB
srv        update:    - prompt 0x323a460:     108 tokens, checkpoints:  0,    13.502 MiB
srv        update:    - prompt 0xee4860:     111 tokens, checkpoints:  0,    13.877 MiB
srv        update:    - prompt 0x3238470:     119 tokens, checkpoints:  0,    14.877 MiB
srv        update:    - prompt 0xf09400:     123 tokens, checkpoints:  0,    15.377 MiB
slot update_slots: id  3 | task 1515 | new prompt, n_ctx_slot = 4096, n_keep = 0, task.n_tokens = 66
slot update_slots: id  3 | task 1515 | n_tokens = 0, memory_seq_rm [0, end)
slot init_sampler: id  3 | task 1515 | init sampler, took 0.04 ms, tokens: text = 66, total = 66
slot update_slots: id  3 | task 1515 | prompt processing done, n_tokens = 66, batch.n_tokens = 66
srv  log_server_r: done request: POST /completion 127.0.0.1 200
slot print_timing: id  3 | task 1515 | 
prompt eval time =    5955.93 ms /    66 tokens (   90.24 ms per token,    11.08 tokens per second)
       eval time =    9043.22 ms /   100 tokens (   90.43 ms per token,    11.06 tokens per second)
      total time =   14999.16 ms /   166 tokens
slot      release: id  3 | task 1515 | stop processing: n_tokens = 165, truncated = 0
srv  update_slots: all slots are idle
slot get_availabl: id  2 | task -1 | selected slot by LRU, t_last = 33840990892
srv  get_availabl: updating prompt cache
srv          load:  - looking for better prompt, base f_keep = -1.000, sim = 0.000
srv        update:  - cache state: 15 prompts, 207.030 MiB (limits: 8192.000 MiB, 4096 tokens, 65526 est)
srv        update:    - prompt 0x3219180:     106 tokens, checkpoints:  0,    13.252 MiB
srv        update:    - prompt 0x3218d60:     107 tokens, checkpoints:  0,    13.377 MiB
srv        update:    - prompt 0x321a980:     106 tokens, checkpoints:  0,    13.252 MiB
srv        update:    - prompt 0x321dbb0:     107 tokens, checkpoints:  0,    13.377 MiB
srv        update:    - prompt 0xf0ef60:     105 tokens, checkpoints:  0,    13.127 MiB
srv        update:    - prompt 0xfd2770:     110 tokens, checkpoints:  0,    13.752 MiB
srv        update:    - prompt 0x321e630:     116 tokens, checkpoints:  0,    14.502 MiB
srv        update:    - prompt 0x4be6150:     109 tokens, checkpoints:  0,    13.627 MiB
srv        update:    - prompt 0x439f290:     113 tokens, checkpoints:  0,    14.127 MiB
srv        update:    - prompt 0x439c190:     108 tokens, checkpoints:  0,    13.502 MiB
srv        update:    - prompt 0x3ad05f0:     108 tokens, checkpoints:  0,    13.502 MiB
srv        update:    - prompt 0x323a460:     108 tokens, checkpoints:  0,    13.502 MiB
srv        update:    - prompt 0xee4860:     111 tokens, checkpoints:  0,    13.877 MiB
srv        update:    - prompt 0x3238470:     119 tokens, checkpoints:  0,    14.877 MiB
srv        update:    - prompt 0xf09400:     123 tokens, checkpoints:  0,    15.377 MiB
srv  get_availabl: prompt cache update took 0.08 ms
slot launch_slot_: id  2 | task -1 | sampler chain: logits -> ?penalties -> ?dry -> ?top-n-sigma -> top-k -> ?typical -> top-p -> min-p -> ?xtc -> temp-ext -> dist 
slot launch_slot_: id  2 | task 1616 | processing task, is_child = 0
slot slot_save_an: id  3 | task -1 | saving idle slot to prompt cache
srv   prompt_save:  - saving prompt with length 165, total state size = 20.628 MiB
slot prompt_clear: id  3 | task -1 | clearing prompt with 165 tokens
srv        update:  - cache state: 16 prompts, 227.658 MiB (limits: 8192.000 MiB, 4096 tokens, 65526 est)
srv        update:    - prompt 0x3219180:     106 tokens, checkpoints:  0,    13.252 MiB
srv        update:    - prompt 0x3218d60:     107 tokens, checkpoints:  0,    13.377 MiB
srv        update:    - prompt 0x321a980:     106 tokens, checkpoints:  0,    13.252 MiB
srv        update:    - prompt 0x321dbb0:     107 tokens, checkpoints:  0,    13.377 MiB
srv        update:    - prompt 0xf0ef60:     105 tokens, checkpoints:  0,    13.127 MiB
srv        update:    - prompt 0xfd2770:     110 tokens, checkpoints:  0,    13.752 MiB
srv        update:    - prompt 0x321e630:     116 tokens, checkpoints:  0,    14.502 MiB
srv        update:    - prompt 0x4be6150:     109 tokens, checkpoints:  0,    13.627 MiB
srv        update:    - prompt 0x439f290:     113 tokens, checkpoints:  0,    14.127 MiB
srv        update:    - prompt 0x439c190:     108 tokens, checkpoints:  0,    13.502 MiB
srv        update:    - prompt 0x3ad05f0:     108 tokens, checkpoints:  0,    13.502 MiB
srv        update:    - prompt 0x323a460:     108 tokens, checkpoints:  0,    13.502 MiB
srv        update:    - prompt 0xee4860:     111 tokens, checkpoints:  0,    13.877 MiB
srv        update:    - prompt 0x3238470:     119 tokens, checkpoints:  0,    14.877 MiB
srv        update:    - prompt 0xf09400:     123 tokens, checkpoints:  0,    15.377 MiB
srv        update:    - prompt 0x322d890:     165 tokens, checkpoints:  0,    20.628 MiB
slot update_slots: id  2 | task 1616 | new prompt, n_ctx_slot = 4096, n_keep = 0, task.n_tokens = 32
slot update_slots: id  2 | task 1616 | n_tokens = 0, memory_seq_rm [0, end)
slot init_sampler: id  2 | task 1616 | init sampler, took 0.02 ms, tokens: text = 32, total = 32
slot update_slots: id  2 | task 1616 | prompt processing done, n_tokens = 32, batch.n_tokens = 32
srv  log_server_r: done request: POST /completion 127.0.0.1 200
slot print_timing: id  2 | task 1616 | 
prompt eval time =    2274.58 ms /    32 tokens (   71.08 ms per token,    14.07 tokens per second)
       eval time =    8973.80 ms /   100 tokens (   89.74 ms per token,    11.14 tokens per second)
      total time =   11248.37 ms /   132 tokens
slot      release: id  2 | task 1616 | stop processing: n_tokens = 131, truncated = 0
srv  update_slots: all slots are idle
slot get_availabl: id  1 | task -1 | selected slot by LRU, t_last = 33851966530
srv  get_availabl: updating prompt cache
srv          load:  - looking for better prompt, base f_keep = -1.000, sim = 0.000
srv        update:  - cache state: 16 prompts, 227.658 MiB (limits: 8192.000 MiB, 4096 tokens, 65526 est)
srv        update:    - prompt 0x3219180:     106 tokens, checkpoints:  0,    13.252 MiB
srv        update:    - prompt 0x3218d60:     107 tokens, checkpoints:  0,    13.377 MiB
srv        update:    - prompt 0x321a980:     106 tokens, checkpoints:  0,    13.252 MiB
srv        update:    - prompt 0x321dbb0:     107 tokens, checkpoints:  0,    13.377 MiB
srv        update:    - prompt 0xf0ef60:     105 tokens, checkpoints:  0,    13.127 MiB
srv        update:    - prompt 0xfd2770:     110 tokens, checkpoints:  0,    13.752 MiB
srv        update:    - prompt 0x321e630:     116 tokens, checkpoints:  0,    14.502 MiB
srv        update:    - prompt 0x4be6150:     109 tokens, checkpoints:  0,    13.627 MiB
srv        update:    - prompt 0x439f290:     113 tokens, checkpoints:  0,    14.127 MiB
srv        update:    - prompt 0x439c190:     108 tokens, checkpoints:  0,    13.502 MiB
srv        update:    - prompt 0x3ad05f0:     108 tokens, checkpoints:  0,    13.502 MiB
srv        update:    - prompt 0x323a460:     108 tokens, checkpoints:  0,    13.502 MiB
srv        update:    - prompt 0xee4860:     111 tokens, checkpoints:  0,    13.877 MiB
srv        update:    - prompt 0x3238470:     119 tokens, checkpoints:  0,    14.877 MiB
srv        update:    - prompt 0xf09400:     123 tokens, checkpoints:  0,    15.377 MiB
srv        update:    - prompt 0x322d890:     165 tokens, checkpoints:  0,    20.628 MiB
srv  get_availabl: prompt cache update took 0.09 ms
slot launch_slot_: id  1 | task -1 | sampler chain: logits -> ?penalties -> ?dry -> ?top-n-sigma -> top-k -> ?typical -> top-p -> min-p -> ?xtc -> temp-ext -> dist 
slot launch_slot_: id  1 | task 1717 | processing task, is_child = 0
slot slot_save_an: id  2 | task -1 | saving idle slot to prompt cache
srv   prompt_save:  - saving prompt with length 131, total state size = 16.377 MiB
slot prompt_clear: id  2 | task -1 | clearing prompt with 131 tokens
srv        update:  - cache state: 17 prompts, 244.035 MiB (limits: 8192.000 MiB, 4096 tokens, 65526 est)
srv        update:    - prompt 0x3219180:     106 tokens, checkpoints:  0,    13.252 MiB
srv        update:    - prompt 0x3218d60:     107 tokens, checkpoints:  0,    13.377 MiB
srv        update:    - prompt 0x321a980:     106 tokens, checkpoints:  0,    13.252 MiB
srv        update:    - prompt 0x321dbb0:     107 tokens, checkpoints:  0,    13.377 MiB
srv        update:    - prompt 0xf0ef60:     105 tokens, checkpoints:  0,    13.127 MiB
srv        update:    - prompt 0xfd2770:     110 tokens, checkpoints:  0,    13.752 MiB
srv        update:    - prompt 0x321e630:     116 tokens, checkpoints:  0,    14.502 MiB
srv        update:    - prompt 0x4be6150:     109 tokens, checkpoints:  0,    13.627 MiB
srv        update:    - prompt 0x439f290:     113 tokens, checkpoints:  0,    14.127 MiB
srv        update:    - prompt 0x439c190:     108 tokens, checkpoints:  0,    13.502 MiB
srv        update:    - prompt 0x3ad05f0:     108 tokens, checkpoints:  0,    13.502 MiB
srv        update:    - prompt 0x323a460:     108 tokens, checkpoints:  0,    13.502 MiB
srv        update:    - prompt 0xee4860:     111 tokens, checkpoints:  0,    13.877 MiB
srv        update:    - prompt 0x3238470:     119 tokens, checkpoints:  0,    14.877 MiB
srv        update:    - prompt 0xf09400:     123 tokens, checkpoints:  0,    15.377 MiB
srv        update:    - prompt 0x322d890:     165 tokens, checkpoints:  0,    20.628 MiB
srv        update:    - prompt 0x3237530:     131 tokens, checkpoints:  0,    16.377 MiB
slot update_slots: id  1 | task 1717 | new prompt, n_ctx_slot = 4096, n_keep = 0, task.n_tokens = 36
slot update_slots: id  1 | task 1717 | n_tokens = 0, memory_seq_rm [0, end)
slot init_sampler: id  1 | task 1717 | init sampler, took 0.02 ms, tokens: text = 36, total = 36
slot update_slots: id  1 | task 1717 | prompt processing done, n_tokens = 36, batch.n_tokens = 36
srv  log_server_r: done request: POST /completion 127.0.0.1 200
slot print_timing: id  1 | task 1717 | 
prompt eval time =    2565.42 ms /    36 tokens (   71.26 ms per token,    14.03 tokens per second)
       eval time =    9024.39 ms /   100 tokens (   90.24 ms per token,    11.08 tokens per second)
      total time =   11589.81 ms /   136 tokens
slot      release: id  1 | task 1717 | stop processing: n_tokens = 135, truncated = 0
srv  update_slots: all slots are idle
slot get_availabl: id  0 | task -1 | selected slot by LRU, t_last = 33863224111
srv  get_availabl: updating prompt cache
srv          load:  - looking for better prompt, base f_keep = -1.000, sim = 0.000
srv        update:  - cache state: 17 prompts, 244.035 MiB (limits: 8192.000 MiB, 4096 tokens, 65526 est)
srv        update:    - prompt 0x3219180:     106 tokens, checkpoints:  0,    13.252 MiB
srv        update:    - prompt 0x3218d60:     107 tokens, checkpoints:  0,    13.377 MiB
srv        update:    - prompt 0x321a980:     106 tokens, checkpoints:  0,    13.252 MiB
srv        update:    - prompt 0x321dbb0:     107 tokens, checkpoints:  0,    13.377 MiB
srv        update:    - prompt 0xf0ef60:     105 tokens, checkpoints:  0,    13.127 MiB
srv        update:    - prompt 0xfd2770:     110 tokens, checkpoints:  0,    13.752 MiB
srv        update:    - prompt 0x321e630:     116 tokens, checkpoints:  0,    14.502 MiB
srv        update:    - prompt 0x4be6150:     109 tokens, checkpoints:  0,    13.627 MiB
srv        update:    - prompt 0x439f290:     113 tokens, checkpoints:  0,    14.127 MiB
srv        update:    - prompt 0x439c190:     108 tokens, checkpoints:  0,    13.502 MiB
srv        update:    - prompt 0x3ad05f0:     108 tokens, checkpoints:  0,    13.502 MiB
srv        update:    - prompt 0x323a460:     108 tokens, checkpoints:  0,    13.502 MiB
srv        update:    - prompt 0xee4860:     111 tokens, checkpoints:  0,    13.877 MiB
srv        update:    - prompt 0x3238470:     119 tokens, checkpoints:  0,    14.877 MiB
srv        update:    - prompt 0xf09400:     123 tokens, checkpoints:  0,    15.377 MiB
srv        update:    - prompt 0x322d890:     165 tokens, checkpoints:  0,    20.628 MiB
srv        update:    - prompt 0x3237530:     131 tokens, checkpoints:  0,    16.377 MiB
srv  get_availabl: prompt cache update took 0.10 ms
slot launch_slot_: id  0 | task -1 | sampler chain: logits -> ?penalties -> ?dry -> ?top-n-sigma -> top-k -> ?typical -> top-p -> min-p -> ?xtc -> temp-ext -> dist 
slot launch_slot_: id  0 | task 1818 | processing task, is_child = 0
slot slot_save_an: id  1 | task -1 | saving idle slot to prompt cache
srv   prompt_save:  - saving prompt with length 135, total state size = 16.877 MiB
slot prompt_clear: id  1 | task -1 | clearing prompt with 135 tokens
srv        update:  - cache state: 18 prompts, 260.912 MiB (limits: 8192.000 MiB, 4096 tokens, 65526 est)
srv        update:    - prompt 0x3219180:     106 tokens, checkpoints:  0,    13.252 MiB
srv        update:    - prompt 0x3218d60:     107 tokens, checkpoints:  0,    13.377 MiB
srv        update:    - prompt 0x321a980:     106 tokens, checkpoints:  0,    13.252 MiB
srv        update:    - prompt 0x321dbb0:     107 tokens, checkpoints:  0,    13.377 MiB
srv        update:    - prompt 0xf0ef60:     105 tokens, checkpoints:  0,    13.127 MiB
srv        update:    - prompt 0xfd2770:     110 tokens, checkpoints:  0,    13.752 MiB
srv        update:    - prompt 0x321e630:     116 tokens, checkpoints:  0,    14.502 MiB
srv        update:    - prompt 0x4be6150:     109 tokens, checkpoints:  0,    13.627 MiB
srv        update:    - prompt 0x439f290:     113 tokens, checkpoints:  0,    14.127 MiB
srv        update:    - prompt 0x439c190:     108 tokens, checkpoints:  0,    13.502 MiB
srv        update:    - prompt 0x3ad05f0:     108 tokens, checkpoints:  0,    13.502 MiB
srv        update:    - prompt 0x323a460:     108 tokens, checkpoints:  0,    13.502 MiB
srv        update:    - prompt 0xee4860:     111 tokens, checkpoints:  0,    13.877 MiB
srv        update:    - prompt 0x3238470:     119 tokens, checkpoints:  0,    14.877 MiB
srv        update:    - prompt 0xf09400:     123 tokens, checkpoints:  0,    15.377 MiB
srv        update:    - prompt 0x322d890:     165 tokens, checkpoints:  0,    20.628 MiB
srv        update:    - prompt 0x3237530:     131 tokens, checkpoints:  0,    16.377 MiB
srv        update:    - prompt 0x3237430:     135 tokens, checkpoints:  0,    16.877 MiB
slot update_slots: id  0 | task 1818 | new prompt, n_ctx_slot = 4096, n_keep = 0, task.n_tokens = 33
slot update_slots: id  0 | task 1818 | n_tokens = 0, memory_seq_rm [0, end)
slot init_sampler: id  0 | task 1818 | init sampler, took 0.02 ms, tokens: text = 33, total = 33
slot update_slots: id  0 | task 1818 | prompt processing done, n_tokens = 33, batch.n_tokens = 33
srv  log_server_r: done request: POST /completion 127.0.0.1 200
slot print_timing: id  0 | task 1818 | 
prompt eval time =    2362.86 ms /    33 tokens (   71.60 ms per token,    13.97 tokens per second)
       eval time =    8989.78 ms /   100 tokens (   89.90 ms per token,    11.12 tokens per second)
      total time =   11352.63 ms /   133 tokens
slot      release: id  0 | task 1818 | stop processing: n_tokens = 132, truncated = 0
srv  update_slots: all slots are idle
slot get_availabl: id  3 | task -1 | selected slot by LRU, t_last = 33878811223
srv  get_availabl: updating prompt cache
srv          load:  - looking for better prompt, base f_keep = -1.000, sim = 0.000
srv        update:  - cache state: 18 prompts, 260.912 MiB (limits: 8192.000 MiB, 4096 tokens, 65526 est)
srv        update:    - prompt 0x3219180:     106 tokens, checkpoints:  0,    13.252 MiB
srv        update:    - prompt 0x3218d60:     107 tokens, checkpoints:  0,    13.377 MiB
srv        update:    - prompt 0x321a980:     106 tokens, checkpoints:  0,    13.252 MiB
srv        update:    - prompt 0x321dbb0:     107 tokens, checkpoints:  0,    13.377 MiB
srv        update:    - prompt 0xf0ef60:     105 tokens, checkpoints:  0,    13.127 MiB
srv        update:    - prompt 0xfd2770:     110 tokens, checkpoints:  0,    13.752 MiB
srv        update:    - prompt 0x321e630:     116 tokens, checkpoints:  0,    14.502 MiB
srv        update:    - prompt 0x4be6150:     109 tokens, checkpoints:  0,    13.627 MiB
srv        update:    - prompt 0x439f290:     113 tokens, checkpoints:  0,    14.127 MiB
srv        update:    - prompt 0x439c190:     108 tokens, checkpoints:  0,    13.502 MiB
srv        update:    - prompt 0x3ad05f0:     108 tokens, checkpoints:  0,    13.502 MiB
srv        update:    - prompt 0x323a460:     108 tokens, checkpoints:  0,    13.502 MiB
srv        update:    - prompt 0xee4860:     111 tokens, checkpoints:  0,    13.877 MiB
srv        update:    - prompt 0x3238470:     119 tokens, checkpoints:  0,    14.877 MiB
srv        update:    - prompt 0xf09400:     123 tokens, checkpoints:  0,    15.377 MiB
srv        update:    - prompt 0x322d890:     165 tokens, checkpoints:  0,    20.628 MiB
srv        update:    - prompt 0x3237530:     131 tokens, checkpoints:  0,    16.377 MiB
srv        update:    - prompt 0x3237430:     135 tokens, checkpoints:  0,    16.877 MiB
srv  get_availabl: prompt cache update took 0.11 ms
slot launch_slot_: id  3 | task -1 | sampler chain: logits -> ?penalties -> ?dry -> ?top-n-sigma -> top-k -> ?typical -> top-p -> min-p -> ?xtc -> temp-ext -> dist 
slot launch_slot_: id  3 | task 1919 | processing task, is_child = 0
slot slot_save_an: id  0 | task -1 | saving idle slot to prompt cache
srv   prompt_save:  - saving prompt with length 132, total state size = 16.502 MiB
slot prompt_clear: id  0 | task -1 | clearing prompt with 132 tokens
srv        update:  - cache state: 19 prompts, 277.415 MiB (limits: 8192.000 MiB, 4096 tokens, 65526 est)
srv        update:    - prompt 0x3219180:     106 tokens, checkpoints:  0,    13.252 MiB
srv        update:    - prompt 0x3218d60:     107 tokens, checkpoints:  0,    13.377 MiB
srv        update:    - prompt 0x321a980:     106 tokens, checkpoints:  0,    13.252 MiB
srv        update:    - prompt 0x321dbb0:     107 tokens, checkpoints:  0,    13.377 MiB
srv        update:    - prompt 0xf0ef60:     105 tokens, checkpoints:  0,    13.127 MiB
srv        update:    - prompt 0xfd2770:     110 tokens, checkpoints:  0,    13.752 MiB
srv        update:    - prompt 0x321e630:     116 tokens, checkpoints:  0,    14.502 MiB
srv        update:    - prompt 0x4be6150:     109 tokens, checkpoints:  0,    13.627 MiB
srv        update:    - prompt 0x439f290:     113 tokens, checkpoints:  0,    14.127 MiB
srv        update:    - prompt 0x439c190:     108 tokens, checkpoints:  0,    13.502 MiB
srv        update:    - prompt 0x3ad05f0:     108 tokens, checkpoints:  0,    13.502 MiB
srv        update:    - prompt 0x323a460:     108 tokens, checkpoints:  0,    13.502 MiB
srv        update:    - prompt 0xee4860:     111 tokens, checkpoints:  0,    13.877 MiB
srv        update:    - prompt 0x3238470:     119 tokens, checkpoints:  0,    14.877 MiB
srv        update:    - prompt 0xf09400:     123 tokens, checkpoints:  0,    15.377 MiB
srv        update:    - prompt 0x322d890:     165 tokens, checkpoints:  0,    20.628 MiB
srv        update:    - prompt 0x3237530:     131 tokens, checkpoints:  0,    16.377 MiB
srv        update:    - prompt 0x3237430:     135 tokens, checkpoints:  0,    16.877 MiB
srv        update:    - prompt 0xf0c750:     132 tokens, checkpoints:  0,    16.502 MiB
slot update_slots: id  3 | task 1919 | new prompt, n_ctx_slot = 4096, n_keep = 0, task.n_tokens = 47
slot update_slots: id  3 | task 1919 | n_tokens = 0, memory_seq_rm [0, end)
slot init_sampler: id  3 | task 1919 | init sampler, took 0.03 ms, tokens: text = 47, total = 47
slot update_slots: id  3 | task 1919 | prompt processing done, n_tokens = 47, batch.n_tokens = 47
srv  log_server_r: done request: POST /completion 127.0.0.1 200
slot print_timing: id  3 | task 1919 | 
prompt eval time =    3339.37 ms /    47 tokens (   71.05 ms per token,    14.07 tokens per second)
       eval time =    9033.82 ms /   100 tokens (   90.34 ms per token,    11.07 tokens per second)
      total time =   12373.19 ms /   147 tokens
slot      release: id  3 | task 1919 | stop processing: n_tokens = 146, truncated = 0
srv  update_slots: all slots are idle
slot get_availabl: id  2 | task -1 | selected slot by LRU, t_last = 33890642923
srv  get_availabl: updating prompt cache
srv          load:  - looking for better prompt, base f_keep = -1.000, sim = 0.000
srv        update:  - cache state: 19 prompts, 277.415 MiB (limits: 8192.000 MiB, 4096 tokens, 65526 est)
srv        update:    - prompt 0x3219180:     106 tokens, checkpoints:  0,    13.252 MiB
srv        update:    - prompt 0x3218d60:     107 tokens, checkpoints:  0,    13.377 MiB
srv        update:    - prompt 0x321a980:     106 tokens, checkpoints:  0,    13.252 MiB
srv        update:    - prompt 0x321dbb0:     107 tokens, checkpoints:  0,    13.377 MiB
srv        update:    - prompt 0xf0ef60:     105 tokens, checkpoints:  0,    13.127 MiB
srv        update:    - prompt 0xfd2770:     110 tokens, checkpoints:  0,    13.752 MiB
srv        update:    - prompt 0x321e630:     116 tokens, checkpoints:  0,    14.502 MiB
srv        update:    - prompt 0x4be6150:     109 tokens, checkpoints:  0,    13.627 MiB
srv        update:    - prompt 0x439f290:     113 tokens, checkpoints:  0,    14.127 MiB
srv        update:    - prompt 0x439c190:     108 tokens, checkpoints:  0,    13.502 MiB
srv        update:    - prompt 0x3ad05f0:     108 tokens, checkpoints:  0,    13.502 MiB
srv        update:    - prompt 0x323a460:     108 tokens, checkpoints:  0,    13.502 MiB
srv        update:    - prompt 0xee4860:     111 tokens, checkpoints:  0,    13.877 MiB
srv        update:    - prompt 0x3238470:     119 tokens, checkpoints:  0,    14.877 MiB
srv        update:    - prompt 0xf09400:     123 tokens, checkpoints:  0,    15.377 MiB
srv        update:    - prompt 0x322d890:     165 tokens, checkpoints:  0,    20.628 MiB
srv        update:    - prompt 0x3237530:     131 tokens, checkpoints:  0,    16.377 MiB
srv        update:    - prompt 0x3237430:     135 tokens, checkpoints:  0,    16.877 MiB
srv        update:    - prompt 0xf0c750:     132 tokens, checkpoints:  0,    16.502 MiB
srv  get_availabl: prompt cache update took 0.09 ms
slot launch_slot_: id  2 | task -1 | sampler chain: logits -> ?penalties -> ?dry -> ?top-n-sigma -> top-k -> ?typical -> top-p -> min-p -> ?xtc -> temp-ext -> dist 
slot launch_slot_: id  2 | task 2020 | processing task, is_child = 0
slot slot_save_an: id  3 | task -1 | saving idle slot to prompt cache
srv   prompt_save:  - saving prompt with length 146, total state size = 18.252 MiB
slot prompt_clear: id  3 | task -1 | clearing prompt with 146 tokens
srv        update:  - cache state: 20 prompts, 295.667 MiB (limits: 8192.000 MiB, 4096 tokens, 65526 est)
srv        update:    - prompt 0x3219180:     106 tokens, checkpoints:  0,    13.252 MiB
srv        update:    - prompt 0x3218d60:     107 tokens, checkpoints:  0,    13.377 MiB
srv        update:    - prompt 0x321a980:     106 tokens, checkpoints:  0,    13.252 MiB
srv        update:    - prompt 0x321dbb0:     107 tokens, checkpoints:  0,    13.377 MiB
srv        update:    - prompt 0xf0ef60:     105 tokens, checkpoints:  0,    13.127 MiB
srv        update:    - prompt 0xfd2770:     110 tokens, checkpoints:  0,    13.752 MiB
srv        update:    - prompt 0x321e630:     116 tokens, checkpoints:  0,    14.502 MiB
srv        update:    - prompt 0x4be6150:     109 tokens, checkpoints:  0,    13.627 MiB
srv        update:    - prompt 0x439f290:     113 tokens, checkpoints:  0,    14.127 MiB
srv        update:    - prompt 0x439c190:     108 tokens, checkpoints:  0,    13.502 MiB
srv        update:    - prompt 0x3ad05f0:     108 tokens, checkpoints:  0,    13.502 MiB
srv        update:    - prompt 0x323a460:     108 tokens, checkpoints:  0,    13.502 MiB
srv        update:    - prompt 0xee4860:     111 tokens, checkpoints:  0,    13.877 MiB
srv        update:    - prompt 0x3238470:     119 tokens, checkpoints:  0,    14.877 MiB
srv        update:    - prompt 0xf09400:     123 tokens, checkpoints:  0,    15.377 MiB
srv        update:    - prompt 0x322d890:     165 tokens, checkpoints:  0,    20.628 MiB
srv        update:    - prompt 0x3237530:     131 tokens, checkpoints:  0,    16.377 MiB
srv        update:    - prompt 0x3237430:     135 tokens, checkpoints:  0,    16.877 MiB
srv        update:    - prompt 0xf0c750:     132 tokens, checkpoints:  0,    16.502 MiB
srv        update:    - prompt 0x439ff90:     146 tokens, checkpoints:  0,    18.252 MiB
slot update_slots: id  2 | task 2020 | new prompt, n_ctx_slot = 4096, n_keep = 0, task.n_tokens = 31
slot update_slots: id  2 | task 2020 | n_tokens = 0, memory_seq_rm [0, end)
slot init_sampler: id  2 | task 2020 | init sampler, took 0.02 ms, tokens: text = 31, total = 31
slot update_slots: id  2 | task 2020 | prompt processing done, n_tokens = 31, batch.n_tokens = 31
srv  log_server_r: done request: POST /completion 127.0.0.1 200
slot print_timing: id  2 | task 2020 | 
prompt eval time =    2213.05 ms /    31 tokens (   71.39 ms per token,    14.01 tokens per second)
       eval time =    9041.00 ms /   100 tokens (   90.41 ms per token,    11.06 tokens per second)
      total time =   11254.05 ms /   131 tokens
slot      release: id  2 | task 2020 | stop processing: n_tokens = 130, truncated = 0
srv  update_slots: all slots are idle
slot get_availabl: id  1 | task -1 | selected slot by LRU, t_last = 33902811957
srv  get_availabl: updating prompt cache
srv          load:  - looking for better prompt, base f_keep = -1.000, sim = 0.000
srv        update:  - cache state: 20 prompts, 295.667 MiB (limits: 8192.000 MiB, 4096 tokens, 65526 est)
srv        update:    - prompt 0x3219180:     106 tokens, checkpoints:  0,    13.252 MiB
srv        update:    - prompt 0x3218d60:     107 tokens, checkpoints:  0,    13.377 MiB
srv        update:    - prompt 0x321a980:     106 tokens, checkpoints:  0,    13.252 MiB
srv        update:    - prompt 0x321dbb0:     107 tokens, checkpoints:  0,    13.377 MiB
srv        update:    - prompt 0xf0ef60:     105 tokens, checkpoints:  0,    13.127 MiB
srv        update:    - prompt 0xfd2770:     110 tokens, checkpoints:  0,    13.752 MiB
srv        update:    - prompt 0x321e630:     116 tokens, checkpoints:  0,    14.502 MiB
srv        update:    - prompt 0x4be6150:     109 tokens, checkpoints:  0,    13.627 MiB
srv        update:    - prompt 0x439f290:     113 tokens, checkpoints:  0,    14.127 MiB
srv        update:    - prompt 0x439c190:     108 tokens, checkpoints:  0,    13.502 MiB
srv        update:    - prompt 0x3ad05f0:     108 tokens, checkpoints:  0,    13.502 MiB
srv        update:    - prompt 0x323a460:     108 tokens, checkpoints:  0,    13.502 MiB
srv        update:    - prompt 0xee4860:     111 tokens, checkpoints:  0,    13.877 MiB
srv        update:    - prompt 0x3238470:     119 tokens, checkpoints:  0,    14.877 MiB
srv        update:    - prompt 0xf09400:     123 tokens, checkpoints:  0,    15.377 MiB
srv        update:    - prompt 0x322d890:     165 tokens, checkpoints:  0,    20.628 MiB
srv        update:    - prompt 0x3237530:     131 tokens, checkpoints:  0,    16.377 MiB
srv        update:    - prompt 0x3237430:     135 tokens, checkpoints:  0,    16.877 MiB
srv        update:    - prompt 0xf0c750:     132 tokens, checkpoints:  0,    16.502 MiB
srv        update:    - prompt 0x439ff90:     146 tokens, checkpoints:  0,    18.252 MiB
srv  get_availabl: prompt cache update took 0.10 ms
slot launch_slot_: id  1 | task -1 | sampler chain: logits -> ?penalties -> ?dry -> ?top-n-sigma -> top-k -> ?typical -> top-p -> min-p -> ?xtc -> temp-ext -> dist 
slot launch_slot_: id  1 | task 2121 | processing task, is_child = 0
slot slot_save_an: id  2 | task -1 | saving idle slot to prompt cache
srv   prompt_save:  - saving prompt with length 130, total state size = 16.252 MiB
slot prompt_clear: id  2 | task -1 | clearing prompt with 130 tokens
srv        update:  - cache state: 21 prompts, 311.919 MiB (limits: 8192.000 MiB, 4096 tokens, 65526 est)
srv        update:    - prompt 0x3219180:     106 tokens, checkpoints:  0,    13.252 MiB
srv        update:    - prompt 0x3218d60:     107 tokens, checkpoints:  0,    13.377 MiB
srv        update:    - prompt 0x321a980:     106 tokens, checkpoints:  0,    13.252 MiB
srv        update:    - prompt 0x321dbb0:     107 tokens, checkpoints:  0,    13.377 MiB
srv        update:    - prompt 0xf0ef60:     105 tokens, checkpoints:  0,    13.127 MiB
srv        update:    - prompt 0xfd2770:     110 tokens, checkpoints:  0,    13.752 MiB
srv        update:    - prompt 0x321e630:     116 tokens, checkpoints:  0,    14.502 MiB
srv        update:    - prompt 0x4be6150:     109 tokens, checkpoints:  0,    13.627 MiB
srv        update:    - prompt 0x439f290:     113 tokens, checkpoints:  0,    14.127 MiB
srv        update:    - prompt 0x439c190:     108 tokens, checkpoints:  0,    13.502 MiB
srv        update:    - prompt 0x3ad05f0:     108 tokens, checkpoints:  0,    13.502 MiB
srv        update:    - prompt 0x323a460:     108 tokens, checkpoints:  0,    13.502 MiB
srv        update:    - prompt 0xee4860:     111 tokens, checkpoints:  0,    13.877 MiB
srv        update:    - prompt 0x3238470:     119 tokens, checkpoints:  0,    14.877 MiB
srv        update:    - prompt 0xf09400:     123 tokens, checkpoints:  0,    15.377 MiB
srv        update:    - prompt 0x322d890:     165 tokens, checkpoints:  0,    20.628 MiB
srv        update:    - prompt 0x3237530:     131 tokens, checkpoints:  0,    16.377 MiB
srv        update:    - prompt 0x3237430:     135 tokens, checkpoints:  0,    16.877 MiB
srv        update:    - prompt 0xf0c750:     132 tokens, checkpoints:  0,    16.502 MiB
srv        update:    - prompt 0x439ff90:     146 tokens, checkpoints:  0,    18.252 MiB
srv        update:    - prompt 0x3229e60:     130 tokens, checkpoints:  0,    16.252 MiB
slot update_slots: id  1 | task 2121 | new prompt, n_ctx_slot = 4096, n_keep = 0, task.n_tokens = 37
slot update_slots: id  1 | task 2121 | n_tokens = 0, memory_seq_rm [0, end)
slot init_sampler: id  1 | task 2121 | init sampler, took 0.02 ms, tokens: text = 37, total = 37
slot update_slots: id  1 | task 2121 | prompt processing done, n_tokens = 37, batch.n_tokens = 37
srv  log_server_r: done request: POST /completion 127.0.0.1 200
slot print_timing: id  1 | task 2121 | 
prompt eval time =    2634.93 ms /    37 tokens (   71.21 ms per token,    14.04 tokens per second)
       eval time =    8981.62 ms /   100 tokens (   89.82 ms per token,    11.13 tokens per second)
      total time =   11616.55 ms /   137 tokens
slot      release: id  1 | task 2121 | stop processing: n_tokens = 136, truncated = 0
srv  update_slots: all slots are idle
slot get_availabl: id  0 | task -1 | selected slot by LRU, t_last = 33914743778
srv  get_availabl: updating prompt cache
srv          load:  - looking for better prompt, base f_keep = -1.000, sim = 0.000
srv        update:  - cache state: 21 prompts, 311.919 MiB (limits: 8192.000 MiB, 4096 tokens, 65526 est)
srv        update:    - prompt 0x3219180:     106 tokens, checkpoints:  0,    13.252 MiB
srv        update:    - prompt 0x3218d60:     107 tokens, checkpoints:  0,    13.377 MiB
srv        update:    - prompt 0x321a980:     106 tokens, checkpoints:  0,    13.252 MiB
srv        update:    - prompt 0x321dbb0:     107 tokens, checkpoints:  0,    13.377 MiB
srv        update:    - prompt 0xf0ef60:     105 tokens, checkpoints:  0,    13.127 MiB
srv        update:    - prompt 0xfd2770:     110 tokens, checkpoints:  0,    13.752 MiB
srv        update:    - prompt 0x321e630:     116 tokens, checkpoints:  0,    14.502 MiB
srv        update:    - prompt 0x4be6150:     109 tokens, checkpoints:  0,    13.627 MiB
srv        update:    - prompt 0x439f290:     113 tokens, checkpoints:  0,    14.127 MiB
srv        update:    - prompt 0x439c190:     108 tokens, checkpoints:  0,    13.502 MiB
srv        update:    - prompt 0x3ad05f0:     108 tokens, checkpoints:  0,    13.502 MiB
srv        update:    - prompt 0x323a460:     108 tokens, checkpoints:  0,    13.502 MiB
srv        update:    - prompt 0xee4860:     111 tokens, checkpoints:  0,    13.877 MiB
srv        update:    - prompt 0x3238470:     119 tokens, checkpoints:  0,    14.877 MiB
srv        update:    - prompt 0xf09400:     123 tokens, checkpoints:  0,    15.377 MiB
srv        update:    - prompt 0x322d890:     165 tokens, checkpoints:  0,    20.628 MiB
srv        update:    - prompt 0x3237530:     131 tokens, checkpoints:  0,    16.377 MiB
srv        update:    - prompt 0x3237430:     135 tokens, checkpoints:  0,    16.877 MiB
srv        update:    - prompt 0xf0c750:     132 tokens, checkpoints:  0,    16.502 MiB
srv        update:    - prompt 0x439ff90:     146 tokens, checkpoints:  0,    18.252 MiB
srv        update:    - prompt 0x3229e60:     130 tokens, checkpoints:  0,    16.252 MiB
srv  get_availabl: prompt cache update took 0.10 ms
slot launch_slot_: id  0 | task -1 | sampler chain: logits -> ?penalties -> ?dry -> ?top-n-sigma -> top-k -> ?typical -> top-p -> min-p -> ?xtc -> temp-ext -> dist 
slot launch_slot_: id  0 | task 2222 | processing task, is_child = 0
slot slot_save_an: id  1 | task -1 | saving idle slot to prompt cache
srv   prompt_save:  - saving prompt with length 136, total state size = 17.002 MiB
slot prompt_clear: id  1 | task -1 | clearing prompt with 136 tokens
srv        update:  - cache state: 22 prompts, 328.922 MiB (limits: 8192.000 MiB, 4096 tokens, 65526 est)
srv        update:    - prompt 0x3219180:     106 tokens, checkpoints:  0,    13.252 MiB
srv        update:    - prompt 0x3218d60:     107 tokens, checkpoints:  0,    13.377 MiB
srv        update:    - prompt 0x321a980:     106 tokens, checkpoints:  0,    13.252 MiB
srv        update:    - prompt 0x321dbb0:     107 tokens, checkpoints:  0,    13.377 MiB
srv        update:    - prompt 0xf0ef60:     105 tokens, checkpoints:  0,    13.127 MiB
srv        update:    - prompt 0xfd2770:     110 tokens, checkpoints:  0,    13.752 MiB
srv        update:    - prompt 0x321e630:     116 tokens, checkpoints:  0,    14.502 MiB
srv        update:    - prompt 0x4be6150:     109 tokens, checkpoints:  0,    13.627 MiB
srv        update:    - prompt 0x439f290:     113 tokens, checkpoints:  0,    14.127 MiB
srv        update:    - prompt 0x439c190:     108 tokens, checkpoints:  0,    13.502 MiB
srv        update:    - prompt 0x3ad05f0:     108 tokens, checkpoints:  0,    13.502 MiB
srv        update:    - prompt 0x323a460:     108 tokens, checkpoints:  0,    13.502 MiB
srv        update:    - prompt 0xee4860:     111 tokens, checkpoints:  0,    13.877 MiB
srv        update:    - prompt 0x3238470:     119 tokens, checkpoints:  0,    14.877 MiB
srv        update:    - prompt 0xf09400:     123 tokens, checkpoints:  0,    15.377 MiB
srv        update:    - prompt 0x322d890:     165 tokens, checkpoints:  0,    20.628 MiB
srv        update:    - prompt 0x3237530:     131 tokens, checkpoints:  0,    16.377 MiB
srv        update:    - prompt 0x3237430:     135 tokens, checkpoints:  0,    16.877 MiB
srv        update:    - prompt 0xf0c750:     132 tokens, checkpoints:  0,    16.502 MiB
srv        update:    - prompt 0x439ff90:     146 tokens, checkpoints:  0,    18.252 MiB
srv        update:    - prompt 0x3229e60:     130 tokens, checkpoints:  0,    16.252 MiB
srv        update:    - prompt 0x32228d0:     136 tokens, checkpoints:  0,    17.002 MiB
slot update_slots: id  0 | task 2222 | new prompt, n_ctx_slot = 4096, n_keep = 0, task.n_tokens = 37
slot update_slots: id  0 | task 2222 | n_tokens = 0, memory_seq_rm [0, end)
slot init_sampler: id  0 | task 2222 | init sampler, took 0.02 ms, tokens: text = 37, total = 37
slot update_slots: id  0 | task 2222 | prompt processing done, n_tokens = 37, batch.n_tokens = 37
srv  log_server_r: done request: POST /completion 127.0.0.1 200
slot print_timing: id  0 | task 2222 | 
prompt eval time =    2634.85 ms /    37 tokens (   71.21 ms per token,    14.04 tokens per second)
       eval time =    8980.47 ms /   100 tokens (   89.80 ms per token,    11.14 tokens per second)
      total time =   11615.32 ms /   137 tokens
slot      release: id  0 | task 2222 | stop processing: n_tokens = 136, truncated = 0
srv  update_slots: all slots are idle
slot get_availabl: id  3 | task -1 | selected slot by LRU, t_last = 33927697049
srv  get_availabl: updating prompt cache
srv          load:  - looking for better prompt, base f_keep = -1.000, sim = 0.000
srv        update:  - cache state: 22 prompts, 328.922 MiB (limits: 8192.000 MiB, 4096 tokens, 65526 est)
srv        update:    - prompt 0x3219180:     106 tokens, checkpoints:  0,    13.252 MiB
srv        update:    - prompt 0x3218d60:     107 tokens, checkpoints:  0,    13.377 MiB
srv        update:    - prompt 0x321a980:     106 tokens, checkpoints:  0,    13.252 MiB
srv        update:    - prompt 0x321dbb0:     107 tokens, checkpoints:  0,    13.377 MiB
srv        update:    - prompt 0xf0ef60:     105 tokens, checkpoints:  0,    13.127 MiB
srv        update:    - prompt 0xfd2770:     110 tokens, checkpoints:  0,    13.752 MiB
srv        update:    - prompt 0x321e630:     116 tokens, checkpoints:  0,    14.502 MiB
srv        update:    - prompt 0x4be6150:     109 tokens, checkpoints:  0,    13.627 MiB
srv        update:    - prompt 0x439f290:     113 tokens, checkpoints:  0,    14.127 MiB
srv        update:    - prompt 0x439c190:     108 tokens, checkpoints:  0,    13.502 MiB
srv        update:    - prompt 0x3ad05f0:     108 tokens, checkpoints:  0,    13.502 MiB
srv        update:    - prompt 0x323a460:     108 tokens, checkpoints:  0,    13.502 MiB
srv        update:    - prompt 0xee4860:     111 tokens, checkpoints:  0,    13.877 MiB
srv        update:    - prompt 0x3238470:     119 tokens, checkpoints:  0,    14.877 MiB
srv        update:    - prompt 0xf09400:     123 tokens, checkpoints:  0,    15.377 MiB
srv        update:    - prompt 0x322d890:     165 tokens, checkpoints:  0,    20.628 MiB
srv        update:    - prompt 0x3237530:     131 tokens, checkpoints:  0,    16.377 MiB
srv        update:    - prompt 0x3237430:     135 tokens, checkpoints:  0,    16.877 MiB
srv        update:    - prompt 0xf0c750:     132 tokens, checkpoints:  0,    16.502 MiB
srv        update:    - prompt 0x439ff90:     146 tokens, checkpoints:  0,    18.252 MiB
srv        update:    - prompt 0x3229e60:     130 tokens, checkpoints:  0,    16.252 MiB
srv        update:    - prompt 0x32228d0:     136 tokens, checkpoints:  0,    17.002 MiB
srv  get_availabl: prompt cache update took 0.10 ms
slot launch_slot_: id  3 | task -1 | sampler chain: logits -> ?penalties -> ?dry -> ?top-n-sigma -> top-k -> ?typical -> top-p -> min-p -> ?xtc -> temp-ext -> dist 
slot launch_slot_: id  3 | task 2323 | processing task, is_child = 0
slot slot_save_an: id  0 | task -1 | saving idle slot to prompt cache
srv   prompt_save:  - saving prompt with length 136, total state size = 17.002 MiB
slot prompt_clear: id  0 | task -1 | clearing prompt with 136 tokens
srv        update:  - cache state: 23 prompts, 345.924 MiB (limits: 8192.000 MiB, 4096 tokens, 65526 est)
srv        update:    - prompt 0x3219180:     106 tokens, checkpoints:  0,    13.252 MiB
srv        update:    - prompt 0x3218d60:     107 tokens, checkpoints:  0,    13.377 MiB
srv        update:    - prompt 0x321a980:     106 tokens, checkpoints:  0,    13.252 MiB
srv        update:    - prompt 0x321dbb0:     107 tokens, checkpoints:  0,    13.377 MiB
srv        update:    - prompt 0xf0ef60:     105 tokens, checkpoints:  0,    13.127 MiB
srv        update:    - prompt 0xfd2770:     110 tokens, checkpoints:  0,    13.752 MiB
srv        update:    - prompt 0x321e630:     116 tokens, checkpoints:  0,    14.502 MiB
srv        update:    - prompt 0x4be6150:     109 tokens, checkpoints:  0,    13.627 MiB
srv        update:    - prompt 0x439f290:     113 tokens, checkpoints:  0,    14.127 MiB
srv        update:    - prompt 0x439c190:     108 tokens, checkpoints:  0,    13.502 MiB
srv        update:    - prompt 0x3ad05f0:     108 tokens, checkpoints:  0,    13.502 MiB
srv        update:    - prompt 0x323a460:     108 tokens, checkpoints:  0,    13.502 MiB
srv        update:    - prompt 0xee4860:     111 tokens, checkpoints:  0,    13.877 MiB
srv        update:    - prompt 0x3238470:     119 tokens, checkpoints:  0,    14.877 MiB
srv        update:    - prompt 0xf09400:     123 tokens, checkpoints:  0,    15.377 MiB
srv        update:    - prompt 0x322d890:     165 tokens, checkpoints:  0,    20.628 MiB
srv        update:    - prompt 0x3237530:     131 tokens, checkpoints:  0,    16.377 MiB
srv        update:    - prompt 0x3237430:     135 tokens, checkpoints:  0,    16.877 MiB
srv        update:    - prompt 0xf0c750:     132 tokens, checkpoints:  0,    16.502 MiB
srv        update:    - prompt 0x439ff90:     146 tokens, checkpoints:  0,    18.252 MiB
srv        update:    - prompt 0x3229e60:     130 tokens, checkpoints:  0,    16.252 MiB
srv        update:    - prompt 0x32228d0:     136 tokens, checkpoints:  0,    17.002 MiB
srv        update:    - prompt 0x322e950:     136 tokens, checkpoints:  0,    17.002 MiB
slot update_slots: id  3 | task 2323 | new prompt, n_ctx_slot = 4096, n_keep = 0, task.n_tokens = 142
slot update_slots: id  3 | task 2323 | n_tokens = 0, memory_seq_rm [0, end)
slot init_sampler: id  3 | task 2323 | init sampler, took 0.07 ms, tokens: text = 142, total = 142
slot update_slots: id  3 | task 2323 | prompt processing done, n_tokens = 142, batch.n_tokens = 142
srv  log_server_r: done request: POST /completion 127.0.0.1 200
slot print_timing: id  3 | task 2323 | 
prompt eval time =   11771.73 ms /   142 tokens (   82.90 ms per token,    12.06 tokens per second)
       eval time =    9130.96 ms /   100 tokens (   91.31 ms per token,    10.95 tokens per second)
      total time =   20902.69 ms /   242 tokens
slot      release: id  3 | task 2323 | stop processing: n_tokens = 241, truncated = 0
srv  update_slots: all slots are idle
slot get_availabl: id  2 | task -1 | selected slot by LRU, t_last = 33939532287
srv  get_availabl: updating prompt cache
srv          load:  - looking for better prompt, base f_keep = -1.000, sim = 0.000
srv        update:  - cache state: 23 prompts, 345.924 MiB (limits: 8192.000 MiB, 4096 tokens, 65526 est)
srv        update:    - prompt 0x3219180:     106 tokens, checkpoints:  0,    13.252 MiB
srv        update:    - prompt 0x3218d60:     107 tokens, checkpoints:  0,    13.377 MiB
srv        update:    - prompt 0x321a980:     106 tokens, checkpoints:  0,    13.252 MiB
srv        update:    - prompt 0x321dbb0:     107 tokens, checkpoints:  0,    13.377 MiB
srv        update:    - prompt 0xf0ef60:     105 tokens, checkpoints:  0,    13.127 MiB
srv        update:    - prompt 0xfd2770:     110 tokens, checkpoints:  0,    13.752 MiB
srv        update:    - prompt 0x321e630:     116 tokens, checkpoints:  0,    14.502 MiB
srv        update:    - prompt 0x4be6150:     109 tokens, checkpoints:  0,    13.627 MiB
srv        update:    - prompt 0x439f290:     113 tokens, checkpoints:  0,    14.127 MiB
srv        update:    - prompt 0x439c190:     108 tokens, checkpoints:  0,    13.502 MiB
srv        update:    - prompt 0x3ad05f0:     108 tokens, checkpoints:  0,    13.502 MiB
srv        update:    - prompt 0x323a460:     108 tokens, checkpoints:  0,    13.502 MiB
srv        update:    - prompt 0xee4860:     111 tokens, checkpoints:  0,    13.877 MiB
srv        update:    - prompt 0x3238470:     119 tokens, checkpoints:  0,    14.877 MiB
srv        update:    - prompt 0xf09400:     123 tokens, checkpoints:  0,    15.377 MiB
srv        update:    - prompt 0x322d890:     165 tokens, checkpoints:  0,    20.628 MiB
srv        update:    - prompt 0x3237530:     131 tokens, checkpoints:  0,    16.377 MiB
srv        update:    - prompt 0x3237430:     135 tokens, checkpoints:  0,    16.877 MiB
srv        update:    - prompt 0xf0c750:     132 tokens, checkpoints:  0,    16.502 MiB
srv        update:    - prompt 0x439ff90:     146 tokens, checkpoints:  0,    18.252 MiB
srv        update:    - prompt 0x3229e60:     130 tokens, checkpoints:  0,    16.252 MiB
srv        update:    - prompt 0x32228d0:     136 tokens, checkpoints:  0,    17.002 MiB
srv        update:    - prompt 0x322e950:     136 tokens, checkpoints:  0,    17.002 MiB
srv  get_availabl: prompt cache update took 0.12 ms
slot launch_slot_: id  2 | task -1 | sampler chain: logits -> ?penalties -> ?dry -> ?top-n-sigma -> top-k -> ?typical -> top-p -> min-p -> ?xtc -> temp-ext -> dist 
slot launch_slot_: id  2 | task 2424 | processing task, is_child = 0
slot slot_save_an: id  3 | task -1 | saving idle slot to prompt cache
srv   prompt_save:  - saving prompt with length 241, total state size = 30.129 MiB
slot prompt_clear: id  3 | task -1 | clearing prompt with 241 tokens
srv        update:  - cache state: 24 prompts, 376.052 MiB (limits: 8192.000 MiB, 4096 tokens, 65526 est)
srv        update:    - prompt 0x3219180:     106 tokens, checkpoints:  0,    13.252 MiB
srv        update:    - prompt 0x3218d60:     107 tokens, checkpoints:  0,    13.377 MiB
srv        update:    - prompt 0x321a980:     106 tokens, checkpoints:  0,    13.252 MiB
srv        update:    - prompt 0x321dbb0:     107 tokens, checkpoints:  0,    13.377 MiB
srv        update:    - prompt 0xf0ef60:     105 tokens, checkpoints:  0,    13.127 MiB
srv        update:    - prompt 0xfd2770:     110 tokens, checkpoints:  0,    13.752 MiB
srv        update:    - prompt 0x321e630:     116 tokens, checkpoints:  0,    14.502 MiB
srv        update:    - prompt 0x4be6150:     109 tokens, checkpoints:  0,    13.627 MiB
srv        update:    - prompt 0x439f290:     113 tokens, checkpoints:  0,    14.127 MiB
srv        update:    - prompt 0x439c190:     108 tokens, checkpoints:  0,    13.502 MiB
srv        update:    - prompt 0x3ad05f0:     108 tokens, checkpoints:  0,    13.502 MiB
srv        update:    - prompt 0x323a460:     108 tokens, checkpoints:  0,    13.502 MiB
srv        update:    - prompt 0xee4860:     111 tokens, checkpoints:  0,    13.877 MiB
srv        update:    - prompt 0x3238470:     119 tokens, checkpoints:  0,    14.877 MiB
srv        update:    - prompt 0xf09400:     123 tokens, checkpoints:  0,    15.377 MiB
srv        update:    - prompt 0x322d890:     165 tokens, checkpoints:  0,    20.628 MiB
srv        update:    - prompt 0x3237530:     131 tokens, checkpoints:  0,    16.377 MiB
srv        update:    - prompt 0x3237430:     135 tokens, checkpoints:  0,    16.877 MiB
srv        update:    - prompt 0xf0c750:     132 tokens, checkpoints:  0,    16.502 MiB
srv        update:    - prompt 0x439ff90:     146 tokens, checkpoints:  0,    18.252 MiB
srv        update:    - prompt 0x3229e60:     130 tokens, checkpoints:  0,    16.252 MiB
srv        update:    - prompt 0x32228d0:     136 tokens, checkpoints:  0,    17.002 MiB
srv        update:    - prompt 0x322e950:     136 tokens, checkpoints:  0,    17.002 MiB
srv        update:    - prompt 0x3adad40:     241 tokens, checkpoints:  0,    30.129 MiB
slot update_slots: id  2 | task 2424 | new prompt, n_ctx_slot = 4096, n_keep = 0, task.n_tokens = 226
slot update_slots: id  2 | task 2424 | n_tokens = 0, memory_seq_rm [0, end)
slot init_sampler: id  2 | task 2424 | init sampler, took 0.10 ms, tokens: text = 226, total = 226
slot update_slots: id  2 | task 2424 | prompt processing done, n_tokens = 226, batch.n_tokens = 226
srv  log_server_r: done request: POST /completion 127.0.0.1 200
slot print_timing: id  2 | task 2424 | 
prompt eval time =   18445.97 ms /   226 tokens (   81.62 ms per token,    12.25 tokens per second)
       eval time =    9423.95 ms /   100 tokens (   94.24 ms per token,    10.61 tokens per second)
      total time =   27869.92 ms /   326 tokens
slot      release: id  2 | task 2424 | stop processing: n_tokens = 325, truncated = 0
srv  update_slots: all slots are idle
slot get_availabl: id  1 | task -1 | selected slot by LRU, t_last = 33951729339
srv  get_availabl: updating prompt cache
srv          load:  - looking for better prompt, base f_keep = -1.000, sim = 0.000
srv        update:  - cache state: 24 prompts, 376.052 MiB (limits: 8192.000 MiB, 4096 tokens, 65526 est)
srv        update:    - prompt 0x3219180:     106 tokens, checkpoints:  0,    13.252 MiB
srv        update:    - prompt 0x3218d60:     107 tokens, checkpoints:  0,    13.377 MiB
srv        update:    - prompt 0x321a980:     106 tokens, checkpoints:  0,    13.252 MiB
srv        update:    - prompt 0x321dbb0:     107 tokens, checkpoints:  0,    13.377 MiB
srv        update:    - prompt 0xf0ef60:     105 tokens, checkpoints:  0,    13.127 MiB
srv        update:    - prompt 0xfd2770:     110 tokens, checkpoints:  0,    13.752 MiB
srv        update:    - prompt 0x321e630:     116 tokens, checkpoints:  0,    14.502 MiB
srv        update:    - prompt 0x4be6150:     109 tokens, checkpoints:  0,    13.627 MiB
srv        update:    - prompt 0x439f290:     113 tokens, checkpoints:  0,    14.127 MiB
srv        update:    - prompt 0x439c190:     108 tokens, checkpoints:  0,    13.502 MiB
srv        update:    - prompt 0x3ad05f0:     108 tokens, checkpoints:  0,    13.502 MiB
srv        update:    - prompt 0x323a460:     108 tokens, checkpoints:  0,    13.502 MiB
srv        update:    - prompt 0xee4860:     111 tokens, checkpoints:  0,    13.877 MiB
srv        update:    - prompt 0x3238470:     119 tokens, checkpoints:  0,    14.877 MiB
srv        update:    - prompt 0xf09400:     123 tokens, checkpoints:  0,    15.377 MiB
srv        update:    - prompt 0x322d890:     165 tokens, checkpoints:  0,    20.628 MiB
srv        update:    - prompt 0x3237530:     131 tokens, checkpoints:  0,    16.377 MiB
srv        update:    - prompt 0x3237430:     135 tokens, checkpoints:  0,    16.877 MiB
srv        update:    - prompt 0xf0c750:     132 tokens, checkpoints:  0,    16.502 MiB
srv        update:    - prompt 0x439ff90:     146 tokens, checkpoints:  0,    18.252 MiB
srv        update:    - prompt 0x3229e60:     130 tokens, checkpoints:  0,    16.252 MiB
srv        update:    - prompt 0x32228d0:     136 tokens, checkpoints:  0,    17.002 MiB
srv        update:    - prompt 0x322e950:     136 tokens, checkpoints:  0,    17.002 MiB
srv        update:    - prompt 0x3adad40:     241 tokens, checkpoints:  0,    30.129 MiB
srv  get_availabl: prompt cache update took 0.13 ms
slot launch_slot_: id  1 | task -1 | sampler chain: logits -> ?penalties -> ?dry -> ?top-n-sigma -> top-k -> ?typical -> top-p -> min-p -> ?xtc -> temp-ext -> dist 
slot launch_slot_: id  1 | task 2525 | processing task, is_child = 0
slot slot_save_an: id  2 | task -1 | saving idle slot to prompt cache
srv   prompt_save:  - saving prompt with length 325, total state size = 40.629 MiB
slot prompt_clear: id  2 | task -1 | clearing prompt with 325 tokens
srv        update:  - cache state: 25 prompts, 416.682 MiB (limits: 8192.000 MiB, 4096 tokens, 65527 est)
srv        update:    - prompt 0x3219180:     106 tokens, checkpoints:  0,    13.252 MiB
srv        update:    - prompt 0x3218d60:     107 tokens, checkpoints:  0,    13.377 MiB
srv        update:    - prompt 0x321a980:     106 tokens, checkpoints:  0,    13.252 MiB
srv        update:    - prompt 0x321dbb0:     107 tokens, checkpoints:  0,    13.377 MiB
srv        update:    - prompt 0xf0ef60:     105 tokens, checkpoints:  0,    13.127 MiB
srv        update:    - prompt 0xfd2770:     110 tokens, checkpoints:  0,    13.752 MiB
srv        update:    - prompt 0x321e630:     116 tokens, checkpoints:  0,    14.502 MiB
srv        update:    - prompt 0x4be6150:     109 tokens, checkpoints:  0,    13.627 MiB
srv        update:    - prompt 0x439f290:     113 tokens, checkpoints:  0,    14.127 MiB
srv        update:    - prompt 0x439c190:     108 tokens, checkpoints:  0,    13.502 MiB
srv        update:    - prompt 0x3ad05f0:     108 tokens, checkpoints:  0,    13.502 MiB
srv        update:    - prompt 0x323a460:     108 tokens, checkpoints:  0,    13.502 MiB
srv        update:    - prompt 0xee4860:     111 tokens, checkpoints:  0,    13.877 MiB
srv        update:    - prompt 0x3238470:     119 tokens, checkpoints:  0,    14.877 MiB
srv        update:    - prompt 0xf09400:     123 tokens, checkpoints:  0,    15.377 MiB
srv        update:    - prompt 0x322d890:     165 tokens, checkpoints:  0,    20.628 MiB
srv        update:    - prompt 0x3237530:     131 tokens, checkpoints:  0,    16.377 MiB
srv        update:    - prompt 0x3237430:     135 tokens, checkpoints:  0,    16.877 MiB
srv        update:    - prompt 0xf0c750:     132 tokens, checkpoints:  0,    16.502 MiB
srv        update:    - prompt 0x439ff90:     146 tokens, checkpoints:  0,    18.252 MiB
srv        update:    - prompt 0x3229e60:     130 tokens, checkpoints:  0,    16.252 MiB
srv        update:    - prompt 0x32228d0:     136 tokens, checkpoints:  0,    17.002 MiB
srv        update:    - prompt 0x322e950:     136 tokens, checkpoints:  0,    17.002 MiB
srv        update:    - prompt 0x3adad40:     241 tokens, checkpoints:  0,    30.129 MiB
srv        update:    - prompt 0x3226180:     325 tokens, checkpoints:  0,    40.629 MiB
slot update_slots: id  1 | task 2525 | new prompt, n_ctx_slot = 4096, n_keep = 0, task.n_tokens = 264
slot update_slots: id  1 | task 2525 | n_tokens = 0, memory_seq_rm [0, end)
slot init_sampler: id  1 | task 2525 | init sampler, took 0.14 ms, tokens: text = 264, total = 264
slot update_slots: id  1 | task 2525 | prompt processing done, n_tokens = 264, batch.n_tokens = 264
srv  log_server_r: done request: POST /completion 127.0.0.1 200
slot print_timing: id  1 | task 2525 | 
prompt eval time =   23849.13 ms /   264 tokens (   90.34 ms per token,    11.07 tokens per second)
       eval time =    9511.93 ms /   100 tokens (   95.12 ms per token,    10.51 tokens per second)
      total time =   33361.06 ms /   364 tokens
slot      release: id  1 | task 2525 | stop processing: n_tokens = 363, truncated = 0
srv  update_slots: all slots are idle
slot get_availabl: id  0 | task -1 | selected slot by LRU, t_last = 33963931729
srv  get_availabl: updating prompt cache
srv          load:  - looking for better prompt, base f_keep = -1.000, sim = 0.000
srv        update:  - cache state: 25 prompts, 416.682 MiB (limits: 8192.000 MiB, 4096 tokens, 65527 est)
srv        update:    - prompt 0x3219180:     106 tokens, checkpoints:  0,    13.252 MiB
srv        update:    - prompt 0x3218d60:     107 tokens, checkpoints:  0,    13.377 MiB
srv        update:    - prompt 0x321a980:     106 tokens, checkpoints:  0,    13.252 MiB
srv        update:    - prompt 0x321dbb0:     107 tokens, checkpoints:  0,    13.377 MiB
srv        update:    - prompt 0xf0ef60:     105 tokens, checkpoints:  0,    13.127 MiB
srv        update:    - prompt 0xfd2770:     110 tokens, checkpoints:  0,    13.752 MiB
srv        update:    - prompt 0x321e630:     116 tokens, checkpoints:  0,    14.502 MiB
srv        update:    - prompt 0x4be6150:     109 tokens, checkpoints:  0,    13.627 MiB
srv        update:    - prompt 0x439f290:     113 tokens, checkpoints:  0,    14.127 MiB
srv        update:    - prompt 0x439c190:     108 tokens, checkpoints:  0,    13.502 MiB
srv        update:    - prompt 0x3ad05f0:     108 tokens, checkpoints:  0,    13.502 MiB
srv        update:    - prompt 0x323a460:     108 tokens, checkpoints:  0,    13.502 MiB
srv        update:    - prompt 0xee4860:     111 tokens, checkpoints:  0,    13.877 MiB
srv        update:    - prompt 0x3238470:     119 tokens, checkpoints:  0,    14.877 MiB
srv        update:    - prompt 0xf09400:     123 tokens, checkpoints:  0,    15.377 MiB
srv        update:    - prompt 0x322d890:     165 tokens, checkpoints:  0,    20.628 MiB
srv        update:    - prompt 0x3237530:     131 tokens, checkpoints:  0,    16.377 MiB
srv        update:    - prompt 0x3237430:     135 tokens, checkpoints:  0,    16.877 MiB
srv        update:    - prompt 0xf0c750:     132 tokens, checkpoints:  0,    16.502 MiB
srv        update:    - prompt 0x439ff90:     146 tokens, checkpoints:  0,    18.252 MiB
srv        update:    - prompt 0x3229e60:     130 tokens, checkpoints:  0,    16.252 MiB
srv        update:    - prompt 0x32228d0:     136 tokens, checkpoints:  0,    17.002 MiB
srv        update:    - prompt 0x322e950:     136 tokens, checkpoints:  0,    17.002 MiB
srv        update:    - prompt 0x3adad40:     241 tokens, checkpoints:  0,    30.129 MiB
srv        update:    - prompt 0x3226180:     325 tokens, checkpoints:  0,    40.629 MiB
srv  get_availabl: prompt cache update took 0.11 ms
slot launch_slot_: id  0 | task -1 | sampler chain: logits -> ?penalties -> ?dry -> ?top-n-sigma -> top-k -> ?typical -> top-p -> min-p -> ?xtc -> temp-ext -> dist 
slot launch_slot_: id  0 | task 2626 | processing task, is_child = 0
slot slot_save_an: id  1 | task -1 | saving idle slot to prompt cache
srv   prompt_save:  - saving prompt with length 363, total state size = 45.380 MiB
slot prompt_clear: id  1 | task -1 | clearing prompt with 363 tokens
srv        update:  - cache state: 26 prompts, 462.062 MiB (limits: 8192.000 MiB, 4096 tokens, 65527 est)
srv        update:    - prompt 0x3219180:     106 tokens, checkpoints:  0,    13.252 MiB
srv        update:    - prompt 0x3218d60:     107 tokens, checkpoints:  0,    13.377 MiB
srv        update:    - prompt 0x321a980:     106 tokens, checkpoints:  0,    13.252 MiB
srv        update:    - prompt 0x321dbb0:     107 tokens, checkpoints:  0,    13.377 MiB
srv        update:    - prompt 0xf0ef60:     105 tokens, checkpoints:  0,    13.127 MiB
srv        update:    - prompt 0xfd2770:     110 tokens, checkpoints:  0,    13.752 MiB
srv        update:    - prompt 0x321e630:     116 tokens, checkpoints:  0,    14.502 MiB
srv        update:    - prompt 0x4be6150:     109 tokens, checkpoints:  0,    13.627 MiB
srv        update:    - prompt 0x439f290:     113 tokens, checkpoints:  0,    14.127 MiB
srv        update:    - prompt 0x439c190:     108 tokens, checkpoints:  0,    13.502 MiB
srv        update:    - prompt 0x3ad05f0:     108 tokens, checkpoints:  0,    13.502 MiB
srv        update:    - prompt 0x323a460:     108 tokens, checkpoints:  0,    13.502 MiB
srv        update:    - prompt 0xee4860:     111 tokens, checkpoints:  0,    13.877 MiB
srv        update:    - prompt 0x3238470:     119 tokens, checkpoints:  0,    14.877 MiB
srv        update:    - prompt 0xf09400:     123 tokens, checkpoints:  0,    15.377 MiB
srv        update:    - prompt 0x322d890:     165 tokens, checkpoints:  0,    20.628 MiB
srv        update:    - prompt 0x3237530:     131 tokens, checkpoints:  0,    16.377 MiB
srv        update:    - prompt 0x3237430:     135 tokens, checkpoints:  0,    16.877 MiB
srv        update:    - prompt 0xf0c750:     132 tokens, checkpoints:  0,    16.502 MiB
srv        update:    - prompt 0x439ff90:     146 tokens, checkpoints:  0,    18.252 MiB
srv        update:    - prompt 0x3229e60:     130 tokens, checkpoints:  0,    16.252 MiB
srv        update:    - prompt 0x32228d0:     136 tokens, checkpoints:  0,    17.002 MiB
srv        update:    - prompt 0x322e950:     136 tokens, checkpoints:  0,    17.002 MiB
srv        update:    - prompt 0x3adad40:     241 tokens, checkpoints:  0,    30.129 MiB
srv        update:    - prompt 0x3226180:     325 tokens, checkpoints:  0,    40.629 MiB
srv        update:    - prompt 0xfffdc00062a0:     363 tokens, checkpoints:  0,    45.380 MiB
slot update_slots: id  0 | task 2626 | new prompt, n_ctx_slot = 4096, n_keep = 0, task.n_tokens = 326
slot update_slots: id  0 | task 2626 | n_tokens = 0, memory_seq_rm [0, end)
slot init_sampler: id  0 | task 2626 | init sampler, took 0.17 ms, tokens: text = 326, total = 326
slot update_slots: id  0 | task 2626 | prompt processing done, n_tokens = 326, batch.n_tokens = 326
srv  log_server_r: done request: POST /completion 127.0.0.1 200
slot print_timing: id  0 | task 2626 | 
prompt eval time =   28369.23 ms /   326 tokens (   87.02 ms per token,    11.49 tokens per second)
       eval time =    9509.23 ms /   100 tokens (   95.09 ms per token,    10.52 tokens per second)
      total time =   37878.45 ms /   426 tokens
slot      release: id  0 | task 2626 | stop processing: n_tokens = 425, truncated = 0
srv  update_slots: all slots are idle
slot get_availabl: id  3 | task -1 | selected slot by LRU, t_last = 33985420655
srv  get_availabl: updating prompt cache
srv          load:  - looking for better prompt, base f_keep = -1.000, sim = 0.000
srv        update:  - cache state: 26 prompts, 462.062 MiB (limits: 8192.000 MiB, 4096 tokens, 65527 est)
srv        update:    - prompt 0x3219180:     106 tokens, checkpoints:  0,    13.252 MiB
srv        update:    - prompt 0x3218d60:     107 tokens, checkpoints:  0,    13.377 MiB
srv        update:    - prompt 0x321a980:     106 tokens, checkpoints:  0,    13.252 MiB
srv        update:    - prompt 0x321dbb0:     107 tokens, checkpoints:  0,    13.377 MiB
srv        update:    - prompt 0xf0ef60:     105 tokens, checkpoints:  0,    13.127 MiB
srv        update:    - prompt 0xfd2770:     110 tokens, checkpoints:  0,    13.752 MiB
srv        update:    - prompt 0x321e630:     116 tokens, checkpoints:  0,    14.502 MiB
srv        update:    - prompt 0x4be6150:     109 tokens, checkpoints:  0,    13.627 MiB
srv        update:    - prompt 0x439f290:     113 tokens, checkpoints:  0,    14.127 MiB
srv        update:    - prompt 0x439c190:     108 tokens, checkpoints:  0,    13.502 MiB
srv        update:    - prompt 0x3ad05f0:     108 tokens, checkpoints:  0,    13.502 MiB
srv        update:    - prompt 0x323a460:     108 tokens, checkpoints:  0,    13.502 MiB
srv        update:    - prompt 0xee4860:     111 tokens, checkpoints:  0,    13.877 MiB
srv        update:    - prompt 0x3238470:     119 tokens, checkpoints:  0,    14.877 MiB
srv        update:    - prompt 0xf09400:     123 tokens, checkpoints:  0,    15.377 MiB
srv        update:    - prompt 0x322d890:     165 tokens, checkpoints:  0,    20.628 MiB
srv        update:    - prompt 0x3237530:     131 tokens, checkpoints:  0,    16.377 MiB
srv        update:    - prompt 0x3237430:     135 tokens, checkpoints:  0,    16.877 MiB
srv        update:    - prompt 0xf0c750:     132 tokens, checkpoints:  0,    16.502 MiB
srv        update:    - prompt 0x439ff90:     146 tokens, checkpoints:  0,    18.252 MiB
srv        update:    - prompt 0x3229e60:     130 tokens, checkpoints:  0,    16.252 MiB
srv        update:    - prompt 0x32228d0:     136 tokens, checkpoints:  0,    17.002 MiB
srv        update:    - prompt 0x322e950:     136 tokens, checkpoints:  0,    17.002 MiB
srv        update:    - prompt 0x3adad40:     241 tokens, checkpoints:  0,    30.129 MiB
srv        update:    - prompt 0x3226180:     325 tokens, checkpoints:  0,    40.629 MiB
srv        update:    - prompt 0xfffdc00062a0:     363 tokens, checkpoints:  0,    45.380 MiB
srv  get_availabl: prompt cache update took 0.12 ms
slot launch_slot_: id  3 | task -1 | sampler chain: logits -> ?penalties -> ?dry -> ?top-n-sigma -> top-k -> ?typical -> top-p -> min-p -> ?xtc -> temp-ext -> dist 
slot launch_slot_: id  3 | task 2727 | processing task, is_child = 0
slot slot_save_an: id  0 | task -1 | saving idle slot to prompt cache
srv   prompt_save:  - saving prompt with length 425, total state size = 53.131 MiB
slot prompt_clear: id  0 | task -1 | clearing prompt with 425 tokens
srv        update:  - cache state: 27 prompts, 515.192 MiB (limits: 8192.000 MiB, 4096 tokens, 65527 est)
srv        update:    - prompt 0x3219180:     106 tokens, checkpoints:  0,    13.252 MiB
srv        update:    - prompt 0x3218d60:     107 tokens, checkpoints:  0,    13.377 MiB
srv        update:    - prompt 0x321a980:     106 tokens, checkpoints:  0,    13.252 MiB
srv        update:    - prompt 0x321dbb0:     107 tokens, checkpoints:  0,    13.377 MiB
srv        update:    - prompt 0xf0ef60:     105 tokens, checkpoints:  0,    13.127 MiB
srv        update:    - prompt 0xfd2770:     110 tokens, checkpoints:  0,    13.752 MiB
srv        update:    - prompt 0x321e630:     116 tokens, checkpoints:  0,    14.502 MiB
srv        update:    - prompt 0x4be6150:     109 tokens, checkpoints:  0,    13.627 MiB
srv        update:    - prompt 0x439f290:     113 tokens, checkpoints:  0,    14.127 MiB
srv        update:    - prompt 0x439c190:     108 tokens, checkpoints:  0,    13.502 MiB
srv        update:    - prompt 0x3ad05f0:     108 tokens, checkpoints:  0,    13.502 MiB
srv        update:    - prompt 0x323a460:     108 tokens, checkpoints:  0,    13.502 MiB
srv        update:    - prompt 0xee4860:     111 tokens, checkpoints:  0,    13.877 MiB
srv        update:    - prompt 0x3238470:     119 tokens, checkpoints:  0,    14.877 MiB
srv        update:    - prompt 0xf09400:     123 tokens, checkpoints:  0,    15.377 MiB
srv        update:    - prompt 0x322d890:     165 tokens, checkpoints:  0,    20.628 MiB
srv        update:    - prompt 0x3237530:     131 tokens, checkpoints:  0,    16.377 MiB
srv        update:    - prompt 0x3237430:     135 tokens, checkpoints:  0,    16.877 MiB
srv        update:    - prompt 0xf0c750:     132 tokens, checkpoints:  0,    16.502 MiB
srv        update:    - prompt 0x439ff90:     146 tokens, checkpoints:  0,    18.252 MiB
srv        update:    - prompt 0x3229e60:     130 tokens, checkpoints:  0,    16.252 MiB
srv        update:    - prompt 0x32228d0:     136 tokens, checkpoints:  0,    17.002 MiB
srv        update:    - prompt 0x322e950:     136 tokens, checkpoints:  0,    17.002 MiB
srv        update:    - prompt 0x3adad40:     241 tokens, checkpoints:  0,    30.129 MiB
srv        update:    - prompt 0x3226180:     325 tokens, checkpoints:  0,    40.629 MiB
srv        update:    - prompt 0xfffdc00062a0:     363 tokens, checkpoints:  0,    45.380 MiB
srv        update:    - prompt 0xfffdb8004ad0:     425 tokens, checkpoints:  0,    53.131 MiB
slot update_slots: id  3 | task 2727 | new prompt, n_ctx_slot = 4096, n_keep = 0, task.n_tokens = 310
slot update_slots: id  3 | task 2727 | n_tokens = 0, memory_seq_rm [0, end)
slot init_sampler: id  3 | task 2727 | init sampler, took 0.16 ms, tokens: text = 310, total = 310
slot update_slots: id  3 | task 2727 | prompt processing done, n_tokens = 310, batch.n_tokens = 310
srv  log_server_r: done request: POST /completion 127.0.0.1 200
slot print_timing: id  3 | task 2727 | 
prompt eval time =   27065.53 ms /   310 tokens (   87.31 ms per token,    11.45 tokens per second)
       eval time =    9524.05 ms /   100 tokens (   95.24 ms per token,    10.50 tokens per second)
      total time =   36589.57 ms /   410 tokens
slot      release: id  3 | task 2727 | stop processing: n_tokens = 409, truncated = 0
srv  update_slots: all slots are idle
slot get_availabl: id  2 | task -1 | selected slot by LRU, t_last = 34013882426
srv  get_availabl: updating prompt cache
srv          load:  - looking for better prompt, base f_keep = -1.000, sim = 0.000
srv        update:  - cache state: 27 prompts, 515.192 MiB (limits: 8192.000 MiB, 4096 tokens, 65527 est)
srv        update:    - prompt 0x3219180:     106 tokens, checkpoints:  0,    13.252 MiB
srv        update:    - prompt 0x3218d60:     107 tokens, checkpoints:  0,    13.377 MiB
srv        update:    - prompt 0x321a980:     106 tokens, checkpoints:  0,    13.252 MiB
srv        update:    - prompt 0x321dbb0:     107 tokens, checkpoints:  0,    13.377 MiB
srv        update:    - prompt 0xf0ef60:     105 tokens, checkpoints:  0,    13.127 MiB
srv        update:    - prompt 0xfd2770:     110 tokens, checkpoints:  0,    13.752 MiB
srv        update:    - prompt 0x321e630:     116 tokens, checkpoints:  0,    14.502 MiB
srv        update:    - prompt 0x4be6150:     109 tokens, checkpoints:  0,    13.627 MiB
srv        update:    - prompt 0x439f290:     113 tokens, checkpoints:  0,    14.127 MiB
srv        update:    - prompt 0x439c190:     108 tokens, checkpoints:  0,    13.502 MiB
srv        update:    - prompt 0x3ad05f0:     108 tokens, checkpoints:  0,    13.502 MiB
srv        update:    - prompt 0x323a460:     108 tokens, checkpoints:  0,    13.502 MiB
srv        update:    - prompt 0xee4860:     111 tokens, checkpoints:  0,    13.877 MiB
srv        update:    - prompt 0x3238470:     119 tokens, checkpoints:  0,    14.877 MiB
srv        update:    - prompt 0xf09400:     123 tokens, checkpoints:  0,    15.377 MiB
srv        update:    - prompt 0x322d890:     165 tokens, checkpoints:  0,    20.628 MiB
srv        update:    - prompt 0x3237530:     131 tokens, checkpoints:  0,    16.377 MiB
srv        update:    - prompt 0x3237430:     135 tokens, checkpoints:  0,    16.877 MiB
srv        update:    - prompt 0xf0c750:     132 tokens, checkpoints:  0,    16.502 MiB
srv        update:    - prompt 0x439ff90:     146 tokens, checkpoints:  0,    18.252 MiB
srv        update:    - prompt 0x3229e60:     130 tokens, checkpoints:  0,    16.252 MiB
srv        update:    - prompt 0x32228d0:     136 tokens, checkpoints:  0,    17.002 MiB
srv        update:    - prompt 0x322e950:     136 tokens, checkpoints:  0,    17.002 MiB
srv        update:    - prompt 0x3adad40:     241 tokens, checkpoints:  0,    30.129 MiB
srv        update:    - prompt 0x3226180:     325 tokens, checkpoints:  0,    40.629 MiB
srv        update:    - prompt 0xfffdc00062a0:     363 tokens, checkpoints:  0,    45.380 MiB
srv        update:    - prompt 0xfffdb8004ad0:     425 tokens, checkpoints:  0,    53.131 MiB
srv  get_availabl: prompt cache update took 0.12 ms
slot launch_slot_: id  2 | task -1 | sampler chain: logits -> ?penalties -> ?dry -> ?top-n-sigma -> top-k -> ?typical -> top-p -> min-p -> ?xtc -> temp-ext -> dist 
slot launch_slot_: id  2 | task 2828 | processing task, is_child = 0
slot slot_save_an: id  3 | task -1 | saving idle slot to prompt cache
srv   prompt_save:  - saving prompt with length 409, total state size = 51.130 MiB
slot prompt_clear: id  3 | task -1 | clearing prompt with 409 tokens
srv        update:  - cache state: 28 prompts, 566.323 MiB (limits: 8192.000 MiB, 4096 tokens, 65527 est)
srv        update:    - prompt 0x3219180:     106 tokens, checkpoints:  0,    13.252 MiB
srv        update:    - prompt 0x3218d60:     107 tokens, checkpoints:  0,    13.377 MiB
srv        update:    - prompt 0x321a980:     106 tokens, checkpoints:  0,    13.252 MiB
srv        update:    - prompt 0x321dbb0:     107 tokens, checkpoints:  0,    13.377 MiB
srv        update:    - prompt 0xf0ef60:     105 tokens, checkpoints:  0,    13.127 MiB
srv        update:    - prompt 0xfd2770:     110 tokens, checkpoints:  0,    13.752 MiB
srv        update:    - prompt 0x321e630:     116 tokens, checkpoints:  0,    14.502 MiB
srv        update:    - prompt 0x4be6150:     109 tokens, checkpoints:  0,    13.627 MiB
srv        update:    - prompt 0x439f290:     113 tokens, checkpoints:  0,    14.127 MiB
srv        update:    - prompt 0x439c190:     108 tokens, checkpoints:  0,    13.502 MiB
srv        update:    - prompt 0x3ad05f0:     108 tokens, checkpoints:  0,    13.502 MiB
srv        update:    - prompt 0x323a460:     108 tokens, checkpoints:  0,    13.502 MiB
srv        update:    - prompt 0xee4860:     111 tokens, checkpoints:  0,    13.877 MiB
srv        update:    - prompt 0x3238470:     119 tokens, checkpoints:  0,    14.877 MiB
srv        update:    - prompt 0xf09400:     123 tokens, checkpoints:  0,    15.377 MiB
srv        update:    - prompt 0x322d890:     165 tokens, checkpoints:  0,    20.628 MiB
srv        update:    - prompt 0x3237530:     131 tokens, checkpoints:  0,    16.377 MiB
srv        update:    - prompt 0x3237430:     135 tokens, checkpoints:  0,    16.877 MiB
srv        update:    - prompt 0xf0c750:     132 tokens, checkpoints:  0,    16.502 MiB
srv        update:    - prompt 0x439ff90:     146 tokens, checkpoints:  0,    18.252 MiB
srv        update:    - prompt 0x3229e60:     130 tokens, checkpoints:  0,    16.252 MiB
srv        update:    - prompt 0x32228d0:     136 tokens, checkpoints:  0,    17.002 MiB
srv        update:    - prompt 0x322e950:     136 tokens, checkpoints:  0,    17.002 MiB
srv        update:    - prompt 0x3adad40:     241 tokens, checkpoints:  0,    30.129 MiB
srv        update:    - prompt 0x3226180:     325 tokens, checkpoints:  0,    40.629 MiB
srv        update:    - prompt 0xfffdc00062a0:     363 tokens, checkpoints:  0,    45.380 MiB
srv        update:    - prompt 0xfffdb8004ad0:     425 tokens, checkpoints:  0,    53.131 MiB
srv        update:    - prompt 0x439f4c0:     409 tokens, checkpoints:  0,    51.130 MiB
slot update_slots: id  2 | task 2828 | new prompt, n_ctx_slot = 4096, n_keep = 0, task.n_tokens = 313
slot update_slots: id  2 | task 2828 | n_tokens = 0, memory_seq_rm [0, end)
slot init_sampler: id  2 | task 2828 | init sampler, took 0.16 ms, tokens: text = 313, total = 313
slot update_slots: id  2 | task 2828 | prompt processing done, n_tokens = 313, batch.n_tokens = 313
srv  log_server_r: done request: POST /completion 127.0.0.1 200
slot print_timing: id  2 | task 2828 | 
prompt eval time =   27444.10 ms /   313 tokens (   87.68 ms per token,    11.41 tokens per second)
       eval time =    9522.70 ms /   100 tokens (   95.23 ms per token,    10.50 tokens per second)
      total time =   36966.80 ms /   413 tokens
slot      release: id  2 | task 2828 | stop processing: n_tokens = 412, truncated = 0
srv  update_slots: all slots are idle
slot get_availabl: id  1 | task -1 | selected slot by LRU, t_last = 34047837530
srv  get_availabl: updating prompt cache
srv          load:  - looking for better prompt, base f_keep = -1.000, sim = 0.000
srv        update:  - cache state: 28 prompts, 566.323 MiB (limits: 8192.000 MiB, 4096 tokens, 65527 est)
srv        update:    - prompt 0x3219180:     106 tokens, checkpoints:  0,    13.252 MiB
srv        update:    - prompt 0x3218d60:     107 tokens, checkpoints:  0,    13.377 MiB
srv        update:    - prompt 0x321a980:     106 tokens, checkpoints:  0,    13.252 MiB
srv        update:    - prompt 0x321dbb0:     107 tokens, checkpoints:  0,    13.377 MiB
srv        update:    - prompt 0xf0ef60:     105 tokens, checkpoints:  0,    13.127 MiB
srv        update:    - prompt 0xfd2770:     110 tokens, checkpoints:  0,    13.752 MiB
srv        update:    - prompt 0x321e630:     116 tokens, checkpoints:  0,    14.502 MiB
srv        update:    - prompt 0x4be6150:     109 tokens, checkpoints:  0,    13.627 MiB
srv        update:    - prompt 0x439f290:     113 tokens, checkpoints:  0,    14.127 MiB
srv        update:    - prompt 0x439c190:     108 tokens, checkpoints:  0,    13.502 MiB
srv        update:    - prompt 0x3ad05f0:     108 tokens, checkpoints:  0,    13.502 MiB
srv        update:    - prompt 0x323a460:     108 tokens, checkpoints:  0,    13.502 MiB
srv        update:    - prompt 0xee4860:     111 tokens, checkpoints:  0,    13.877 MiB
srv        update:    - prompt 0x3238470:     119 tokens, checkpoints:  0,    14.877 MiB
srv        update:    - prompt 0xf09400:     123 tokens, checkpoints:  0,    15.377 MiB
srv        update:    - prompt 0x322d890:     165 tokens, checkpoints:  0,    20.628 MiB
srv        update:    - prompt 0x3237530:     131 tokens, checkpoints:  0,    16.377 MiB
srv        update:    - prompt 0x3237430:     135 tokens, checkpoints:  0,    16.877 MiB
srv        update:    - prompt 0xf0c750:     132 tokens, checkpoints:  0,    16.502 MiB
srv        update:    - prompt 0x439ff90:     146 tokens, checkpoints:  0,    18.252 MiB
srv        update:    - prompt 0x3229e60:     130 tokens, checkpoints:  0,    16.252 MiB
srv        update:    - prompt 0x32228d0:     136 tokens, checkpoints:  0,    17.002 MiB
srv        update:    - prompt 0x322e950:     136 tokens, checkpoints:  0,    17.002 MiB
srv        update:    - prompt 0x3adad40:     241 tokens, checkpoints:  0,    30.129 MiB
srv        update:    - prompt 0x3226180:     325 tokens, checkpoints:  0,    40.629 MiB
srv        update:    - prompt 0xfffdc00062a0:     363 tokens, checkpoints:  0,    45.380 MiB
srv        update:    - prompt 0xfffdb8004ad0:     425 tokens, checkpoints:  0,    53.131 MiB
srv        update:    - prompt 0x439f4c0:     409 tokens, checkpoints:  0,    51.130 MiB
srv  get_availabl: prompt cache update took 0.13 ms
slot launch_slot_: id  1 | task -1 | sampler chain: logits -> ?penalties -> ?dry -> ?top-n-sigma -> top-k -> ?typical -> top-p -> min-p -> ?xtc -> temp-ext -> dist 
slot launch_slot_: id  1 | task 2929 | processing task, is_child = 0
slot slot_save_an: id  2 | task -1 | saving idle slot to prompt cache
srv   prompt_save:  - saving prompt with length 412, total state size = 51.505 MiB
slot prompt_clear: id  2 | task -1 | clearing prompt with 412 tokens
srv        update:  - cache state: 29 prompts, 617.828 MiB (limits: 8192.000 MiB, 4096 tokens, 65527 est)
srv        update:    - prompt 0x3219180:     106 tokens, checkpoints:  0,    13.252 MiB
srv        update:    - prompt 0x3218d60:     107 tokens, checkpoints:  0,    13.377 MiB
srv        update:    - prompt 0x321a980:     106 tokens, checkpoints:  0,    13.252 MiB
srv        update:    - prompt 0x321dbb0:     107 tokens, checkpoints:  0,    13.377 MiB
srv        update:    - prompt 0xf0ef60:     105 tokens, checkpoints:  0,    13.127 MiB
srv        update:    - prompt 0xfd2770:     110 tokens, checkpoints:  0,    13.752 MiB
srv        update:    - prompt 0x321e630:     116 tokens, checkpoints:  0,    14.502 MiB
srv        update:    - prompt 0x4be6150:     109 tokens, checkpoints:  0,    13.627 MiB
srv        update:    - prompt 0x439f290:     113 tokens, checkpoints:  0,    14.127 MiB
srv        update:    - prompt 0x439c190:     108 tokens, checkpoints:  0,    13.502 MiB
srv        update:    - prompt 0x3ad05f0:     108 tokens, checkpoints:  0,    13.502 MiB
srv        update:    - prompt 0x323a460:     108 tokens, checkpoints:  0,    13.502 MiB
srv        update:    - prompt 0xee4860:     111 tokens, checkpoints:  0,    13.877 MiB
srv        update:    - prompt 0x3238470:     119 tokens, checkpoints:  0,    14.877 MiB
srv        update:    - prompt 0xf09400:     123 tokens, checkpoints:  0,    15.377 MiB
srv        update:    - prompt 0x322d890:     165 tokens, checkpoints:  0,    20.628 MiB
srv        update:    - prompt 0x3237530:     131 tokens, checkpoints:  0,    16.377 MiB
srv        update:    - prompt 0x3237430:     135 tokens, checkpoints:  0,    16.877 MiB
srv        update:    - prompt 0xf0c750:     132 tokens, checkpoints:  0,    16.502 MiB
srv        update:    - prompt 0x439ff90:     146 tokens, checkpoints:  0,    18.252 MiB
srv        update:    - prompt 0x3229e60:     130 tokens, checkpoints:  0,    16.252 MiB
srv        update:    - prompt 0x32228d0:     136 tokens, checkpoints:  0,    17.002 MiB
srv        update:    - prompt 0x322e950:     136 tokens, checkpoints:  0,    17.002 MiB
srv        update:    - prompt 0x3adad40:     241 tokens, checkpoints:  0,    30.129 MiB
srv        update:    - prompt 0x3226180:     325 tokens, checkpoints:  0,    40.629 MiB
srv        update:    - prompt 0xfffdc00062a0:     363 tokens, checkpoints:  0,    45.380 MiB
srv        update:    - prompt 0xfffdb8004ad0:     425 tokens, checkpoints:  0,    53.131 MiB
srv        update:    - prompt 0x439f4c0:     409 tokens, checkpoints:  0,    51.130 MiB
srv        update:    - prompt 0x438d640:     412 tokens, checkpoints:  0,    51.505 MiB
slot update_slots: id  1 | task 2929 | new prompt, n_ctx_slot = 4096, n_keep = 0, task.n_tokens = 319
slot update_slots: id  1 | task 2929 | n_tokens = 0, memory_seq_rm [0, end)
slot init_sampler: id  1 | task 2929 | init sampler, took 0.17 ms, tokens: text = 319, total = 319
slot update_slots: id  1 | task 2929 | prompt processing done, n_tokens = 319, batch.n_tokens = 319
srv  log_server_r: done request: POST /completion 127.0.0.1 200
slot print_timing: id  1 | task 2929 | 
prompt eval time =   27560.84 ms /   319 tokens (   86.40 ms per token,    11.57 tokens per second)
       eval time =    9521.16 ms /   100 tokens (   95.21 ms per token,    10.50 tokens per second)
      total time =   37082.01 ms /   419 tokens
slot      release: id  1 | task 2929 | stop processing: n_tokens = 418, truncated = 0
srv  update_slots: all slots are idle
slot get_availabl: id  0 | task -1 | selected slot by LRU, t_last = 34086310406
srv  get_availabl: updating prompt cache
srv          load:  - looking for better prompt, base f_keep = -1.000, sim = 0.000
srv        update:  - cache state: 29 prompts, 617.828 MiB (limits: 8192.000 MiB, 4096 tokens, 65527 est)
srv        update:    - prompt 0x3219180:     106 tokens, checkpoints:  0,    13.252 MiB
srv        update:    - prompt 0x3218d60:     107 tokens, checkpoints:  0,    13.377 MiB
srv        update:    - prompt 0x321a980:     106 tokens, checkpoints:  0,    13.252 MiB
srv        update:    - prompt 0x321dbb0:     107 tokens, checkpoints:  0,    13.377 MiB
srv        update:    - prompt 0xf0ef60:     105 tokens, checkpoints:  0,    13.127 MiB
srv        update:    - prompt 0xfd2770:     110 tokens, checkpoints:  0,    13.752 MiB
srv        update:    - prompt 0x321e630:     116 tokens, checkpoints:  0,    14.502 MiB
srv        update:    - prompt 0x4be6150:     109 tokens, checkpoints:  0,    13.627 MiB
srv        update:    - prompt 0x439f290:     113 tokens, checkpoints:  0,    14.127 MiB
srv        update:    - prompt 0x439c190:     108 tokens, checkpoints:  0,    13.502 MiB
srv        update:    - prompt 0x3ad05f0:     108 tokens, checkpoints:  0,    13.502 MiB
srv        update:    - prompt 0x323a460:     108 tokens, checkpoints:  0,    13.502 MiB
srv        update:    - prompt 0xee4860:     111 tokens, checkpoints:  0,    13.877 MiB
srv        update:    - prompt 0x3238470:     119 tokens, checkpoints:  0,    14.877 MiB
srv        update:    - prompt 0xf09400:     123 tokens, checkpoints:  0,    15.377 MiB
srv        update:    - prompt 0x322d890:     165 tokens, checkpoints:  0,    20.628 MiB
srv        update:    - prompt 0x3237530:     131 tokens, checkpoints:  0,    16.377 MiB
srv        update:    - prompt 0x3237430:     135 tokens, checkpoints:  0,    16.877 MiB
srv        update:    - prompt 0xf0c750:     132 tokens, checkpoints:  0,    16.502 MiB
srv        update:    - prompt 0x439ff90:     146 tokens, checkpoints:  0,    18.252 MiB
srv        update:    - prompt 0x3229e60:     130 tokens, checkpoints:  0,    16.252 MiB
srv        update:    - prompt 0x32228d0:     136 tokens, checkpoints:  0,    17.002 MiB
srv        update:    - prompt 0x322e950:     136 tokens, checkpoints:  0,    17.002 MiB
srv        update:    - prompt 0x3adad40:     241 tokens, checkpoints:  0,    30.129 MiB
srv        update:    - prompt 0x3226180:     325 tokens, checkpoints:  0,    40.629 MiB
srv        update:    - prompt 0xfffdc00062a0:     363 tokens, checkpoints:  0,    45.380 MiB
srv        update:    - prompt 0xfffdb8004ad0:     425 tokens, checkpoints:  0,    53.131 MiB
srv        update:    - prompt 0x439f4c0:     409 tokens, checkpoints:  0,    51.130 MiB
srv        update:    - prompt 0x438d640:     412 tokens, checkpoints:  0,    51.505 MiB
srv  get_availabl: prompt cache update took 0.13 ms
slot launch_slot_: id  0 | task -1 | sampler chain: logits -> ?penalties -> ?dry -> ?top-n-sigma -> top-k -> ?typical -> top-p -> min-p -> ?xtc -> temp-ext -> dist 
slot launch_slot_: id  0 | task 3030 | processing task, is_child = 0
slot slot_save_an: id  1 | task -1 | saving idle slot to prompt cache
srv   prompt_save:  - saving prompt with length 418, total state size = 52.256 MiB
slot prompt_clear: id  1 | task -1 | clearing prompt with 418 tokens
srv        update:  - cache state: 30 prompts, 670.084 MiB (limits: 8192.000 MiB, 4096 tokens, 65527 est)
srv        update:    - prompt 0x3219180:     106 tokens, checkpoints:  0,    13.252 MiB
srv        update:    - prompt 0x3218d60:     107 tokens, checkpoints:  0,    13.377 MiB
srv        update:    - prompt 0x321a980:     106 tokens, checkpoints:  0,    13.252 MiB
srv        update:    - prompt 0x321dbb0:     107 tokens, checkpoints:  0,    13.377 MiB
srv        update:    - prompt 0xf0ef60:     105 tokens, checkpoints:  0,    13.127 MiB
srv        update:    - prompt 0xfd2770:     110 tokens, checkpoints:  0,    13.752 MiB
srv        update:    - prompt 0x321e630:     116 tokens, checkpoints:  0,    14.502 MiB
srv        update:    - prompt 0x4be6150:     109 tokens, checkpoints:  0,    13.627 MiB
srv        update:    - prompt 0x439f290:     113 tokens, checkpoints:  0,    14.127 MiB
srv        update:    - prompt 0x439c190:     108 tokens, checkpoints:  0,    13.502 MiB
srv        update:    - prompt 0x3ad05f0:     108 tokens, checkpoints:  0,    13.502 MiB
srv        update:    - prompt 0x323a460:     108 tokens, checkpoints:  0,    13.502 MiB
srv        update:    - prompt 0xee4860:     111 tokens, checkpoints:  0,    13.877 MiB
srv        update:    - prompt 0x3238470:     119 tokens, checkpoints:  0,    14.877 MiB
srv        update:    - prompt 0xf09400:     123 tokens, checkpoints:  0,    15.377 MiB
srv        update:    - prompt 0x322d890:     165 tokens, checkpoints:  0,    20.628 MiB
srv        update:    - prompt 0x3237530:     131 tokens, checkpoints:  0,    16.377 MiB
srv        update:    - prompt 0x3237430:     135 tokens, checkpoints:  0,    16.877 MiB
srv        update:    - prompt 0xf0c750:     132 tokens, checkpoints:  0,    16.502 MiB
srv        update:    - prompt 0x439ff90:     146 tokens, checkpoints:  0,    18.252 MiB
srv        update:    - prompt 0x3229e60:     130 tokens, checkpoints:  0,    16.252 MiB
srv        update:    - prompt 0x32228d0:     136 tokens, checkpoints:  0,    17.002 MiB
srv        update:    - prompt 0x322e950:     136 tokens, checkpoints:  0,    17.002 MiB
srv        update:    - prompt 0x3adad40:     241 tokens, checkpoints:  0,    30.129 MiB
srv        update:    - prompt 0x3226180:     325 tokens, checkpoints:  0,    40.629 MiB
srv        update:    - prompt 0xfffdc00062a0:     363 tokens, checkpoints:  0,    45.380 MiB
srv        update:    - prompt 0xfffdb8004ad0:     425 tokens, checkpoints:  0,    53.131 MiB
srv        update:    - prompt 0x439f4c0:     409 tokens, checkpoints:  0,    51.130 MiB
srv        update:    - prompt 0x438d640:     412 tokens, checkpoints:  0,    51.505 MiB
srv        update:    - prompt 0xf09890:     418 tokens, checkpoints:  0,    52.256 MiB
slot update_slots: id  0 | task 3030 | new prompt, n_ctx_slot = 4096, n_keep = 0, task.n_tokens = 316
slot update_slots: id  0 | task 3030 | n_tokens = 0, memory_seq_rm [0, end)
slot init_sampler: id  0 | task 3030 | init sampler, took 0.15 ms, tokens: text = 316, total = 316
slot update_slots: id  0 | task 3030 | prompt processing done, n_tokens = 316, batch.n_tokens = 316
srv  log_server_r: done request: POST /completion 127.0.0.1 200
slot print_timing: id  0 | task 3030 | 
prompt eval time =   27504.30 ms /   316 tokens (   87.04 ms per token,    11.49 tokens per second)
       eval time =    9535.32 ms /   100 tokens (   95.35 ms per token,    10.49 tokens per second)
      total time =   37039.61 ms /   416 tokens
slot      release: id  0 | task 3030 | stop processing: n_tokens = 415, truncated = 0
srv  update_slots: all slots are idle
slot get_availabl: id  3 | task -1 | selected slot by LRU, t_last = 34123529944
srv  get_availabl: updating prompt cache
srv          load:  - looking for better prompt, base f_keep = -1.000, sim = 0.000
srv        update:  - cache state: 30 prompts, 670.084 MiB (limits: 8192.000 MiB, 4096 tokens, 65527 est)
srv        update:    - prompt 0x3219180:     106 tokens, checkpoints:  0,    13.252 MiB
srv        update:    - prompt 0x3218d60:     107 tokens, checkpoints:  0,    13.377 MiB
srv        update:    - prompt 0x321a980:     106 tokens, checkpoints:  0,    13.252 MiB
srv        update:    - prompt 0x321dbb0:     107 tokens, checkpoints:  0,    13.377 MiB
srv        update:    - prompt 0xf0ef60:     105 tokens, checkpoints:  0,    13.127 MiB
srv        update:    - prompt 0xfd2770:     110 tokens, checkpoints:  0,    13.752 MiB
srv        update:    - prompt 0x321e630:     116 tokens, checkpoints:  0,    14.502 MiB
srv        update:    - prompt 0x4be6150:     109 tokens, checkpoints:  0,    13.627 MiB
srv        update:    - prompt 0x439f290:     113 tokens, checkpoints:  0,    14.127 MiB
srv        update:    - prompt 0x439c190:     108 tokens, checkpoints:  0,    13.502 MiB
srv        update:    - prompt 0x3ad05f0:     108 tokens, checkpoints:  0,    13.502 MiB
srv        update:    - prompt 0x323a460:     108 tokens, checkpoints:  0,    13.502 MiB
srv        update:    - prompt 0xee4860:     111 tokens, checkpoints:  0,    13.877 MiB
srv        update:    - prompt 0x3238470:     119 tokens, checkpoints:  0,    14.877 MiB
srv        update:    - prompt 0xf09400:     123 tokens, checkpoints:  0,    15.377 MiB
srv        update:    - prompt 0x322d890:     165 tokens, checkpoints:  0,    20.628 MiB
srv        update:    - prompt 0x3237530:     131 tokens, checkpoints:  0,    16.377 MiB
srv        update:    - prompt 0x3237430:     135 tokens, checkpoints:  0,    16.877 MiB
srv        update:    - prompt 0xf0c750:     132 tokens, checkpoints:  0,    16.502 MiB
srv        update:    - prompt 0x439ff90:     146 tokens, checkpoints:  0,    18.252 MiB
srv        update:    - prompt 0x3229e60:     130 tokens, checkpoints:  0,    16.252 MiB
srv        update:    - prompt 0x32228d0:     136 tokens, checkpoints:  0,    17.002 MiB
srv        update:    - prompt 0x322e950:     136 tokens, checkpoints:  0,    17.002 MiB
srv        update:    - prompt 0x3adad40:     241 tokens, checkpoints:  0,    30.129 MiB
srv        update:    - prompt 0x3226180:     325 tokens, checkpoints:  0,    40.629 MiB
srv        update:    - prompt 0xfffdc00062a0:     363 tokens, checkpoints:  0,    45.380 MiB
srv        update:    - prompt 0xfffdb8004ad0:     425 tokens, checkpoints:  0,    53.131 MiB
srv        update:    - prompt 0x439f4c0:     409 tokens, checkpoints:  0,    51.130 MiB
srv        update:    - prompt 0x438d640:     412 tokens, checkpoints:  0,    51.505 MiB
srv        update:    - prompt 0xf09890:     418 tokens, checkpoints:  0,    52.256 MiB
srv  get_availabl: prompt cache update took 0.13 ms
slot launch_slot_: id  3 | task -1 | sampler chain: logits -> ?penalties -> ?dry -> ?top-n-sigma -> top-k -> ?typical -> top-p -> min-p -> ?xtc -> temp-ext -> dist 
slot launch_slot_: id  3 | task 3131 | processing task, is_child = 0
slot slot_save_an: id  0 | task -1 | saving idle slot to prompt cache
srv   prompt_save:  - saving prompt with length 415, total state size = 51.880 MiB
slot prompt_clear: id  0 | task -1 | clearing prompt with 415 tokens
srv        update:  - cache state: 31 prompts, 721.964 MiB (limits: 8192.000 MiB, 4096 tokens, 65527 est)
srv        update:    - prompt 0x3219180:     106 tokens, checkpoints:  0,    13.252 MiB
srv        update:    - prompt 0x3218d60:     107 tokens, checkpoints:  0,    13.377 MiB
srv        update:    - prompt 0x321a980:     106 tokens, checkpoints:  0,    13.252 MiB
srv        update:    - prompt 0x321dbb0:     107 tokens, checkpoints:  0,    13.377 MiB
srv        update:    - prompt 0xf0ef60:     105 tokens, checkpoints:  0,    13.127 MiB
srv        update:    - prompt 0xfd2770:     110 tokens, checkpoints:  0,    13.752 MiB
srv        update:    - prompt 0x321e630:     116 tokens, checkpoints:  0,    14.502 MiB
srv        update:    - prompt 0x4be6150:     109 tokens, checkpoints:  0,    13.627 MiB
srv        update:    - prompt 0x439f290:     113 tokens, checkpoints:  0,    14.127 MiB
srv        update:    - prompt 0x439c190:     108 tokens, checkpoints:  0,    13.502 MiB
srv        update:    - prompt 0x3ad05f0:     108 tokens, checkpoints:  0,    13.502 MiB
srv        update:    - prompt 0x323a460:     108 tokens, checkpoints:  0,    13.502 MiB
srv        update:    - prompt 0xee4860:     111 tokens, checkpoints:  0,    13.877 MiB
srv        update:    - prompt 0x3238470:     119 tokens, checkpoints:  0,    14.877 MiB
srv        update:    - prompt 0xf09400:     123 tokens, checkpoints:  0,    15.377 MiB
srv        update:    - prompt 0x322d890:     165 tokens, checkpoints:  0,    20.628 MiB
srv        update:    - prompt 0x3237530:     131 tokens, checkpoints:  0,    16.377 MiB
srv        update:    - prompt 0x3237430:     135 tokens, checkpoints:  0,    16.877 MiB
srv        update:    - prompt 0xf0c750:     132 tokens, checkpoints:  0,    16.502 MiB
srv        update:    - prompt 0x439ff90:     146 tokens, checkpoints:  0,    18.252 MiB
srv        update:    - prompt 0x3229e60:     130 tokens, checkpoints:  0,    16.252 MiB
srv        update:    - prompt 0x32228d0:     136 tokens, checkpoints:  0,    17.002 MiB
srv        update:    - prompt 0x322e950:     136 tokens, checkpoints:  0,    17.002 MiB
srv        update:    - prompt 0x3adad40:     241 tokens, checkpoints:  0,    30.129 MiB
srv        update:    - prompt 0x3226180:     325 tokens, checkpoints:  0,    40.629 MiB
srv        update:    - prompt 0xfffdc00062a0:     363 tokens, checkpoints:  0,    45.380 MiB
srv        update:    - prompt 0xfffdb8004ad0:     425 tokens, checkpoints:  0,    53.131 MiB
srv        update:    - prompt 0x439f4c0:     409 tokens, checkpoints:  0,    51.130 MiB
srv        update:    - prompt 0x438d640:     412 tokens, checkpoints:  0,    51.505 MiB
srv        update:    - prompt 0xf09890:     418 tokens, checkpoints:  0,    52.256 MiB
srv        update:    - prompt 0x3229da0:     415 tokens, checkpoints:  0,    51.880 MiB
slot update_slots: id  3 | task 3131 | new prompt, n_ctx_slot = 4096, n_keep = 0, task.n_tokens = 332
slot update_slots: id  3 | task 3131 | n_tokens = 0, memory_seq_rm [0, end)
slot init_sampler: id  3 | task 3131 | init sampler, took 0.16 ms, tokens: text = 332, total = 332
slot update_slots: id  3 | task 3131 | prompt processing done, n_tokens = 332, batch.n_tokens = 332
srv  log_server_r: done request: POST /completion 127.0.0.1 200
slot print_timing: id  3 | task 3131 | 
prompt eval time =   28942.68 ms /   332 tokens (   87.18 ms per token,    11.47 tokens per second)
       eval time =    9503.44 ms /   100 tokens (   95.03 ms per token,    10.52 tokens per second)
      total time =   38446.12 ms /   432 tokens
slot      release: id  3 | task 3131 | stop processing: n_tokens = 431, truncated = 0
srv  update_slots: all slots are idle
slot get_availabl: id  2 | task -1 | selected slot by LRU, t_last = 34161092270
srv  get_availabl: updating prompt cache
srv          load:  - looking for better prompt, base f_keep = -1.000, sim = 0.000
srv        update:  - cache state: 31 prompts, 721.964 MiB (limits: 8192.000 MiB, 4096 tokens, 65527 est)
srv        update:    - prompt 0x3219180:     106 tokens, checkpoints:  0,    13.252 MiB
srv        update:    - prompt 0x3218d60:     107 tokens, checkpoints:  0,    13.377 MiB
srv        update:    - prompt 0x321a980:     106 tokens, checkpoints:  0,    13.252 MiB
srv        update:    - prompt 0x321dbb0:     107 tokens, checkpoints:  0,    13.377 MiB
srv        update:    - prompt 0xf0ef60:     105 tokens, checkpoints:  0,    13.127 MiB
srv        update:    - prompt 0xfd2770:     110 tokens, checkpoints:  0,    13.752 MiB
srv        update:    - prompt 0x321e630:     116 tokens, checkpoints:  0,    14.502 MiB
srv        update:    - prompt 0x4be6150:     109 tokens, checkpoints:  0,    13.627 MiB
srv        update:    - prompt 0x439f290:     113 tokens, checkpoints:  0,    14.127 MiB
srv        update:    - prompt 0x439c190:     108 tokens, checkpoints:  0,    13.502 MiB
srv        update:    - prompt 0x3ad05f0:     108 tokens, checkpoints:  0,    13.502 MiB
srv        update:    - prompt 0x323a460:     108 tokens, checkpoints:  0,    13.502 MiB
srv        update:    - prompt 0xee4860:     111 tokens, checkpoints:  0,    13.877 MiB
srv        update:    - prompt 0x3238470:     119 tokens, checkpoints:  0,    14.877 MiB
srv        update:    - prompt 0xf09400:     123 tokens, checkpoints:  0,    15.377 MiB
srv        update:    - prompt 0x322d890:     165 tokens, checkpoints:  0,    20.628 MiB
srv        update:    - prompt 0x3237530:     131 tokens, checkpoints:  0,    16.377 MiB
srv        update:    - prompt 0x3237430:     135 tokens, checkpoints:  0,    16.877 MiB
srv        update:    - prompt 0xf0c750:     132 tokens, checkpoints:  0,    16.502 MiB
srv        update:    - prompt 0x439ff90:     146 tokens, checkpoints:  0,    18.252 MiB
srv        update:    - prompt 0x3229e60:     130 tokens, checkpoints:  0,    16.252 MiB
srv        update:    - prompt 0x32228d0:     136 tokens, checkpoints:  0,    17.002 MiB
srv        update:    - prompt 0x322e950:     136 tokens, checkpoints:  0,    17.002 MiB
srv        update:    - prompt 0x3adad40:     241 tokens, checkpoints:  0,    30.129 MiB
srv        update:    - prompt 0x3226180:     325 tokens, checkpoints:  0,    40.629 MiB
srv        update:    - prompt 0xfffdc00062a0:     363 tokens, checkpoints:  0,    45.380 MiB
srv        update:    - prompt 0xfffdb8004ad0:     425 tokens, checkpoints:  0,    53.131 MiB
srv        update:    - prompt 0x439f4c0:     409 tokens, checkpoints:  0,    51.130 MiB
srv        update:    - prompt 0x438d640:     412 tokens, checkpoints:  0,    51.505 MiB
srv        update:    - prompt 0xf09890:     418 tokens, checkpoints:  0,    52.256 MiB
srv        update:    - prompt 0x3229da0:     415 tokens, checkpoints:  0,    51.880 MiB
srv  get_availabl: prompt cache update took 0.13 ms
slot launch_slot_: id  2 | task -1 | sampler chain: logits -> ?penalties -> ?dry -> ?top-n-sigma -> top-k -> ?typical -> top-p -> min-p -> ?xtc -> temp-ext -> dist 
slot launch_slot_: id  2 | task 3232 | processing task, is_child = 0
slot slot_save_an: id  3 | task -1 | saving idle slot to prompt cache
srv   prompt_save:  - saving prompt with length 431, total state size = 53.881 MiB
slot prompt_clear: id  3 | task -1 | clearing prompt with 431 tokens
srv        update:  - cache state: 32 prompts, 775.845 MiB (limits: 8192.000 MiB, 4096 tokens, 65527 est)
srv        update:    - prompt 0x3219180:     106 tokens, checkpoints:  0,    13.252 MiB
srv        update:    - prompt 0x3218d60:     107 tokens, checkpoints:  0,    13.377 MiB
srv        update:    - prompt 0x321a980:     106 tokens, checkpoints:  0,    13.252 MiB
srv        update:    - prompt 0x321dbb0:     107 tokens, checkpoints:  0,    13.377 MiB
srv        update:    - prompt 0xf0ef60:     105 tokens, checkpoints:  0,    13.127 MiB
srv        update:    - prompt 0xfd2770:     110 tokens, checkpoints:  0,    13.752 MiB
srv        update:    - prompt 0x321e630:     116 tokens, checkpoints:  0,    14.502 MiB
srv        update:    - prompt 0x4be6150:     109 tokens, checkpoints:  0,    13.627 MiB
srv        update:    - prompt 0x439f290:     113 tokens, checkpoints:  0,    14.127 MiB
srv        update:    - prompt 0x439c190:     108 tokens, checkpoints:  0,    13.502 MiB
srv        update:    - prompt 0x3ad05f0:     108 tokens, checkpoints:  0,    13.502 MiB
srv        update:    - prompt 0x323a460:     108 tokens, checkpoints:  0,    13.502 MiB
srv        update:    - prompt 0xee4860:     111 tokens, checkpoints:  0,    13.877 MiB
srv        update:    - prompt 0x3238470:     119 tokens, checkpoints:  0,    14.877 MiB
srv        update:    - prompt 0xf09400:     123 tokens, checkpoints:  0,    15.377 MiB
srv        update:    - prompt 0x322d890:     165 tokens, checkpoints:  0,    20.628 MiB
srv        update:    - prompt 0x3237530:     131 tokens, checkpoints:  0,    16.377 MiB
srv        update:    - prompt 0x3237430:     135 tokens, checkpoints:  0,    16.877 MiB
srv        update:    - prompt 0xf0c750:     132 tokens, checkpoints:  0,    16.502 MiB
srv        update:    - prompt 0x439ff90:     146 tokens, checkpoints:  0,    18.252 MiB
srv        update:    - prompt 0x3229e60:     130 tokens, checkpoints:  0,    16.252 MiB
srv        update:    - prompt 0x32228d0:     136 tokens, checkpoints:  0,    17.002 MiB
srv        update:    - prompt 0x322e950:     136 tokens, checkpoints:  0,    17.002 MiB
srv        update:    - prompt 0x3adad40:     241 tokens, checkpoints:  0,    30.129 MiB
srv        update:    - prompt 0x3226180:     325 tokens, checkpoints:  0,    40.629 MiB
srv        update:    - prompt 0xfffdc00062a0:     363 tokens, checkpoints:  0,    45.380 MiB
srv        update:    - prompt 0xfffdb8004ad0:     425 tokens, checkpoints:  0,    53.131 MiB
srv        update:    - prompt 0x439f4c0:     409 tokens, checkpoints:  0,    51.130 MiB
srv        update:    - prompt 0x438d640:     412 tokens, checkpoints:  0,    51.505 MiB
srv        update:    - prompt 0xf09890:     418 tokens, checkpoints:  0,    52.256 MiB
srv        update:    - prompt 0x3229da0:     415 tokens, checkpoints:  0,    51.880 MiB
srv        update:    - prompt 0x3ad7fe0:     431 tokens, checkpoints:  0,    53.881 MiB
slot update_slots: id  2 | task 3232 | new prompt, n_ctx_slot = 4096, n_keep = 0, task.n_tokens = 332
slot update_slots: id  2 | task 3232 | n_tokens = 0, memory_seq_rm [0, end)
slot init_sampler: id  2 | task 3232 | init sampler, took 0.16 ms, tokens: text = 332, total = 332
slot update_slots: id  2 | task 3232 | prompt processing done, n_tokens = 332, batch.n_tokens = 332
srv  log_server_r: done request: POST /completion 127.0.0.1 200
slot print_timing: id  2 | task 3232 | 
prompt eval time =   28942.78 ms /   332 tokens (   87.18 ms per token,    11.47 tokens per second)
       eval time =    9555.70 ms /   100 tokens (   95.56 ms per token,    10.46 tokens per second)
      total time =   38498.48 ms /   432 tokens
slot      release: id  2 | task 3232 | stop processing: n_tokens = 431, truncated = 0
srv  update_slots: all slots are idle
slot get_availabl: id  2 | task -1 | selected slot by LCP similarity, sim_best = 0.125 (> 0.100 thold), f_keep = 0.002
srv  get_availabl: updating prompt cache
srv   prompt_save:  - saving prompt with length 431, total state size = 53.881 MiB
srv          load:  - looking for better prompt, base f_keep = 0.002, sim = 0.125
srv        update:  - cache state: 33 prompts, 829.726 MiB (limits: 8192.000 MiB, 4096 tokens, 65528 est)
srv        update:    - prompt 0x3219180:     106 tokens, checkpoints:  0,    13.252 MiB
srv        update:    - prompt 0x3218d60:     107 tokens, checkpoints:  0,    13.377 MiB
srv        update:    - prompt 0x321a980:     106 tokens, checkpoints:  0,    13.252 MiB
srv        update:    - prompt 0x321dbb0:     107 tokens, checkpoints:  0,    13.377 MiB
srv        update:    - prompt 0xf0ef60:     105 tokens, checkpoints:  0,    13.127 MiB
srv        update:    - prompt 0xfd2770:     110 tokens, checkpoints:  0,    13.752 MiB
srv        update:    - prompt 0x321e630:     116 tokens, checkpoints:  0,    14.502 MiB
srv        update:    - prompt 0x4be6150:     109 tokens, checkpoints:  0,    13.627 MiB
srv        update:    - prompt 0x439f290:     113 tokens, checkpoints:  0,    14.127 MiB
srv        update:    - prompt 0x439c190:     108 tokens, checkpoints:  0,    13.502 MiB
srv        update:    - prompt 0x3ad05f0:     108 tokens, checkpoints:  0,    13.502 MiB
srv        update:    - prompt 0x323a460:     108 tokens, checkpoints:  0,    13.502 MiB
srv        update:    - prompt 0xee4860:     111 tokens, checkpoints:  0,    13.877 MiB
srv        update:    - prompt 0x3238470:     119 tokens, checkpoints:  0,    14.877 MiB
srv        update:    - prompt 0xf09400:     123 tokens, checkpoints:  0,    15.377 MiB
srv        update:    - prompt 0x322d890:     165 tokens, checkpoints:  0,    20.628 MiB
srv        update:    - prompt 0x3237530:     131 tokens, checkpoints:  0,    16.377 MiB
srv        update:    - prompt 0x3237430:     135 tokens, checkpoints:  0,    16.877 MiB
srv        update:    - prompt 0xf0c750:     132 tokens, checkpoints:  0,    16.502 MiB
srv        update:    - prompt 0x439ff90:     146 tokens, checkpoints:  0,    18.252 MiB
srv        update:    - prompt 0x3229e60:     130 tokens, checkpoints:  0,    16.252 MiB
srv        update:    - prompt 0x32228d0:     136 tokens, checkpoints:  0,    17.002 MiB
srv        update:    - prompt 0x322e950:     136 tokens, checkpoints:  0,    17.002 MiB
srv        update:    - prompt 0x3adad40:     241 tokens, checkpoints:  0,    30.129 MiB
srv        update:    - prompt 0x3226180:     325 tokens, checkpoints:  0,    40.629 MiB
srv        update:    - prompt 0xfffdc00062a0:     363 tokens, checkpoints:  0,    45.380 MiB
srv        update:    - prompt 0xfffdb8004ad0:     425 tokens, checkpoints:  0,    53.131 MiB
srv        update:    - prompt 0x439f4c0:     409 tokens, checkpoints:  0,    51.130 MiB
srv        update:    - prompt 0x438d640:     412 tokens, checkpoints:  0,    51.505 MiB
srv        update:    - prompt 0xf09890:     418 tokens, checkpoints:  0,    52.256 MiB
srv        update:    - prompt 0x3229da0:     415 tokens, checkpoints:  0,    51.880 MiB
srv        update:    - prompt 0x3ad7fe0:     431 tokens, checkpoints:  0,    53.881 MiB
srv        update:    - prompt 0x32349c0:     431 tokens, checkpoints:  0,    53.881 MiB
srv  get_availabl: prompt cache update took 12.45 ms
slot launch_slot_: id  2 | task -1 | sampler chain: logits -> ?penalties -> ?dry -> ?top-n-sigma -> top-k -> ?typical -> top-p -> min-p -> ?xtc -> temp-ext -> dist 
slot launch_slot_: id  2 | task 3333 | processing task, is_child = 0
slot update_slots: id  2 | task 3333 | new prompt, n_ctx_slot = 4096, n_keep = 0, task.n_tokens = 8
slot update_slots: id  2 | task 3333 | n_tokens = 1, memory_seq_rm [1, end)
slot init_sampler: id  2 | task 3333 | init sampler, took 0.01 ms, tokens: text = 8, total = 8
slot update_slots: id  2 | task 3333 | prompt processing done, n_tokens = 8, batch.n_tokens = 7
srv  log_server_r: done request: POST /completion 127.0.0.1 200
slot print_timing: id  2 | task 3333 | 
prompt eval time =     514.33 ms /     7 tokens (   73.48 ms per token,    13.61 tokens per second)
       eval time =    8944.74 ms /   100 tokens (   89.45 ms per token,    11.18 tokens per second)
      total time =    9459.06 ms /   107 tokens
slot      release: id  2 | task 3333 | stop processing: n_tokens = 107, truncated = 0
srv  update_slots: all slots are idle
slot get_availabl: id  2 | task -1 | selected slot by LCP similarity, sim_best = 0.167 (> 0.100 thold), f_keep = 0.009
srv  get_availabl: updating prompt cache
srv   prompt_save:  - saving prompt with length 107, total state size = 13.377 MiB
srv          load:  - looking for better prompt, base f_keep = 0.009, sim = 0.167
srv        update:  - cache state: 34 prompts, 843.103 MiB (limits: 8192.000 MiB, 4096 tokens, 65528 est)
srv        update:    - prompt 0x3219180:     106 tokens, checkpoints:  0,    13.252 MiB
srv        update:    - prompt 0x3218d60:     107 tokens, checkpoints:  0,    13.377 MiB
srv        update:    - prompt 0x321a980:     106 tokens, checkpoints:  0,    13.252 MiB
srv        update:    - prompt 0x321dbb0:     107 tokens, checkpoints:  0,    13.377 MiB
srv        update:    - prompt 0xf0ef60:     105 tokens, checkpoints:  0,    13.127 MiB
srv        update:    - prompt 0xfd2770:     110 tokens, checkpoints:  0,    13.752 MiB
srv        update:    - prompt 0x321e630:     116 tokens, checkpoints:  0,    14.502 MiB
srv        update:    - prompt 0x4be6150:     109 tokens, checkpoints:  0,    13.627 MiB
srv        update:    - prompt 0x439f290:     113 tokens, checkpoints:  0,    14.127 MiB
srv        update:    - prompt 0x439c190:     108 tokens, checkpoints:  0,    13.502 MiB
srv        update:    - prompt 0x3ad05f0:     108 tokens, checkpoints:  0,    13.502 MiB
srv        update:    - prompt 0x323a460:     108 tokens, checkpoints:  0,    13.502 MiB
srv        update:    - prompt 0xee4860:     111 tokens, checkpoints:  0,    13.877 MiB
srv        update:    - prompt 0x3238470:     119 tokens, checkpoints:  0,    14.877 MiB
srv        update:    - prompt 0xf09400:     123 tokens, checkpoints:  0,    15.377 MiB
srv        update:    - prompt 0x322d890:     165 tokens, checkpoints:  0,    20.628 MiB
srv        update:    - prompt 0x3237530:     131 tokens, checkpoints:  0,    16.377 MiB
srv        update:    - prompt 0x3237430:     135 tokens, checkpoints:  0,    16.877 MiB
srv        update:    - prompt 0xf0c750:     132 tokens, checkpoints:  0,    16.502 MiB
srv        update:    - prompt 0x439ff90:     146 tokens, checkpoints:  0,    18.252 MiB
srv        update:    - prompt 0x3229e60:     130 tokens, checkpoints:  0,    16.252 MiB
srv        update:    - prompt 0x32228d0:     136 tokens, checkpoints:  0,    17.002 MiB
srv        update:    - prompt 0x322e950:     136 tokens, checkpoints:  0,    17.002 MiB
srv        update:    - prompt 0x3adad40:     241 tokens, checkpoints:  0,    30.129 MiB
srv        update:    - prompt 0x3226180:     325 tokens, checkpoints:  0,    40.629 MiB
srv        update:    - prompt 0xfffdc00062a0:     363 tokens, checkpoints:  0,    45.380 MiB
srv        update:    - prompt 0xfffdb8004ad0:     425 tokens, checkpoints:  0,    53.131 MiB
srv        update:    - prompt 0x439f4c0:     409 tokens, checkpoints:  0,    51.130 MiB
srv        update:    - prompt 0x438d640:     412 tokens, checkpoints:  0,    51.505 MiB
srv        update:    - prompt 0xf09890:     418 tokens, checkpoints:  0,    52.256 MiB
srv        update:    - prompt 0x3229da0:     415 tokens, checkpoints:  0,    51.880 MiB
srv        update:    - prompt 0x3ad7fe0:     431 tokens, checkpoints:  0,    53.881 MiB
srv        update:    - prompt 0x32349c0:     431 tokens, checkpoints:  0,    53.881 MiB
srv        update:    - prompt 0x3ad30f0:     107 tokens, checkpoints:  0,    13.377 MiB
srv  get_availabl: prompt cache update took 3.42 ms
slot launch_slot_: id  2 | task -1 | sampler chain: logits -> ?penalties -> ?dry -> ?top-n-sigma -> top-k -> ?typical -> top-p -> min-p -> ?xtc -> temp-ext -> dist 
slot launch_slot_: id  2 | task 3434 | processing task, is_child = 0
slot update_slots: id  2 | task 3434 | new prompt, n_ctx_slot = 4096, n_keep = 0, task.n_tokens = 6
slot update_slots: id  2 | task 3434 | n_tokens = 1, memory_seq_rm [1, end)
slot init_sampler: id  2 | task 3434 | init sampler, took 0.01 ms, tokens: text = 6, total = 6
slot update_slots: id  2 | task 3434 | prompt processing done, n_tokens = 6, batch.n_tokens = 5
srv  log_server_r: done request: POST /completion 127.0.0.1 200
slot print_timing: id  2 | task 3434 | 
prompt eval time =     374.14 ms /     5 tokens (   74.83 ms per token,    13.36 tokens per second)
       eval time =    8940.64 ms /   100 tokens (   89.41 ms per token,    11.18 tokens per second)
      total time =    9314.78 ms /   105 tokens
slot      release: id  2 | task 3434 | stop processing: n_tokens = 105, truncated = 0
srv  update_slots: all slots are idle
slot get_availabl: id  1 | task -1 | selected slot by LRU, t_last = 34198771347
srv  get_availabl: updating prompt cache
srv          load:  - looking for better prompt, base f_keep = -1.000, sim = 0.000
srv        update:  - cache state: 34 prompts, 843.103 MiB (limits: 8192.000 MiB, 4096 tokens, 65528 est)
srv        update:    - prompt 0x3219180:     106 tokens, checkpoints:  0,    13.252 MiB
srv        update:    - prompt 0x3218d60:     107 tokens, checkpoints:  0,    13.377 MiB
srv        update:    - prompt 0x321a980:     106 tokens, checkpoints:  0,    13.252 MiB
srv        update:    - prompt 0x321dbb0:     107 tokens, checkpoints:  0,    13.377 MiB
srv        update:    - prompt 0xf0ef60:     105 tokens, checkpoints:  0,    13.127 MiB
srv        update:    - prompt 0xfd2770:     110 tokens, checkpoints:  0,    13.752 MiB
srv        update:    - prompt 0x321e630:     116 tokens, checkpoints:  0,    14.502 MiB
srv        update:    - prompt 0x4be6150:     109 tokens, checkpoints:  0,    13.627 MiB
srv        update:    - prompt 0x439f290:     113 tokens, checkpoints:  0,    14.127 MiB
srv        update:    - prompt 0x439c190:     108 tokens, checkpoints:  0,    13.502 MiB
srv        update:    - prompt 0x3ad05f0:     108 tokens, checkpoints:  0,    13.502 MiB
srv        update:    - prompt 0x323a460:     108 tokens, checkpoints:  0,    13.502 MiB
srv        update:    - prompt 0xee4860:     111 tokens, checkpoints:  0,    13.877 MiB
srv        update:    - prompt 0x3238470:     119 tokens, checkpoints:  0,    14.877 MiB
srv        update:    - prompt 0xf09400:     123 tokens, checkpoints:  0,    15.377 MiB
srv        update:    - prompt 0x322d890:     165 tokens, checkpoints:  0,    20.628 MiB
srv        update:    - prompt 0x3237530:     131 tokens, checkpoints:  0,    16.377 MiB
srv        update:    - prompt 0x3237430:     135 tokens, checkpoints:  0,    16.877 MiB
srv        update:    - prompt 0xf0c750:     132 tokens, checkpoints:  0,    16.502 MiB
srv        update:    - prompt 0x439ff90:     146 tokens, checkpoints:  0,    18.252 MiB
srv        update:    - prompt 0x3229e60:     130 tokens, checkpoints:  0,    16.252 MiB
srv        update:    - prompt 0x32228d0:     136 tokens, checkpoints:  0,    17.002 MiB
srv        update:    - prompt 0x322e950:     136 tokens, checkpoints:  0,    17.002 MiB
srv        update:    - prompt 0x3adad40:     241 tokens, checkpoints:  0,    30.129 MiB
srv        update:    - prompt 0x3226180:     325 tokens, checkpoints:  0,    40.629 MiB
srv        update:    - prompt 0xfffdc00062a0:     363 tokens, checkpoints:  0,    45.380 MiB
srv        update:    - prompt 0xfffdb8004ad0:     425 tokens, checkpoints:  0,    53.131 MiB
srv        update:    - prompt 0x439f4c0:     409 tokens, checkpoints:  0,    51.130 MiB
srv        update:    - prompt 0x438d640:     412 tokens, checkpoints:  0,    51.505 MiB
srv        update:    - prompt 0xf09890:     418 tokens, checkpoints:  0,    52.256 MiB
srv        update:    - prompt 0x3229da0:     415 tokens, checkpoints:  0,    51.880 MiB
srv        update:    - prompt 0x3ad7fe0:     431 tokens, checkpoints:  0,    53.881 MiB
srv        update:    - prompt 0x32349c0:     431 tokens, checkpoints:  0,    53.881 MiB
srv        update:    - prompt 0x3ad30f0:     107 tokens, checkpoints:  0,    13.377 MiB
srv  get_availabl: prompt cache update took 0.14 ms
slot launch_slot_: id  1 | task -1 | sampler chain: logits -> ?penalties -> ?dry -> ?top-n-sigma -> top-k -> ?typical -> top-p -> min-p -> ?xtc -> temp-ext -> dist 
slot launch_slot_: id  1 | task 3535 | processing task, is_child = 0
slot slot_save_an: id  2 | task -1 | saving idle slot to prompt cache
srv   prompt_save:  - saving prompt with length 105, total state size = 13.127 MiB
slot prompt_clear: id  2 | task -1 | clearing prompt with 105 tokens
srv        update:  - cache state: 35 prompts, 856.230 MiB (limits: 8192.000 MiB, 4096 tokens, 65528 est)
srv        update:    - prompt 0x3219180:     106 tokens, checkpoints:  0,    13.252 MiB
srv        update:    - prompt 0x3218d60:     107 tokens, checkpoints:  0,    13.377 MiB
srv        update:    - prompt 0x321a980:     106 tokens, checkpoints:  0,    13.252 MiB
srv        update:    - prompt 0x321dbb0:     107 tokens, checkpoints:  0,    13.377 MiB
srv        update:    - prompt 0xf0ef60:     105 tokens, checkpoints:  0,    13.127 MiB
srv        update:    - prompt 0xfd2770:     110 tokens, checkpoints:  0,    13.752 MiB
srv        update:    - prompt 0x321e630:     116 tokens, checkpoints:  0,    14.502 MiB
srv        update:    - prompt 0x4be6150:     109 tokens, checkpoints:  0,    13.627 MiB
srv        update:    - prompt 0x439f290:     113 tokens, checkpoints:  0,    14.127 MiB
srv        update:    - prompt 0x439c190:     108 tokens, checkpoints:  0,    13.502 MiB
srv        update:    - prompt 0x3ad05f0:     108 tokens, checkpoints:  0,    13.502 MiB
srv        update:    - prompt 0x323a460:     108 tokens, checkpoints:  0,    13.502 MiB
srv        update:    - prompt 0xee4860:     111 tokens, checkpoints:  0,    13.877 MiB
srv        update:    - prompt 0x3238470:     119 tokens, checkpoints:  0,    14.877 MiB
srv        update:    - prompt 0xf09400:     123 tokens, checkpoints:  0,    15.377 MiB
srv        update:    - prompt 0x322d890:     165 tokens, checkpoints:  0,    20.628 MiB
srv        update:    - prompt 0x3237530:     131 tokens, checkpoints:  0,    16.377 MiB
srv        update:    - prompt 0x3237430:     135 tokens, checkpoints:  0,    16.877 MiB
srv        update:    - prompt 0xf0c750:     132 tokens, checkpoints:  0,    16.502 MiB
srv        update:    - prompt 0x439ff90:     146 tokens, checkpoints:  0,    18.252 MiB
srv        update:    - prompt 0x3229e60:     130 tokens, checkpoints:  0,    16.252 MiB
srv        update:    - prompt 0x32228d0:     136 tokens, checkpoints:  0,    17.002 MiB
srv        update:    - prompt 0x322e950:     136 tokens, checkpoints:  0,    17.002 MiB
srv        update:    - prompt 0x3adad40:     241 tokens, checkpoints:  0,    30.129 MiB
srv        update:    - prompt 0x3226180:     325 tokens, checkpoints:  0,    40.629 MiB
srv        update:    - prompt 0xfffdc00062a0:     363 tokens, checkpoints:  0,    45.380 MiB
srv        update:    - prompt 0xfffdb8004ad0:     425 tokens, checkpoints:  0,    53.131 MiB
srv        update:    - prompt 0x439f4c0:     409 tokens, checkpoints:  0,    51.130 MiB
srv        update:    - prompt 0x438d640:     412 tokens, checkpoints:  0,    51.505 MiB
srv        update:    - prompt 0xf09890:     418 tokens, checkpoints:  0,    52.256 MiB
srv        update:    - prompt 0x3229da0:     415 tokens, checkpoints:  0,    51.880 MiB
srv        update:    - prompt 0x3ad7fe0:     431 tokens, checkpoints:  0,    53.881 MiB
srv        update:    - prompt 0x32349c0:     431 tokens, checkpoints:  0,    53.881 MiB
srv        update:    - prompt 0x3ad30f0:     107 tokens, checkpoints:  0,    13.377 MiB
srv        update:    - prompt 0x321fd80:     105 tokens, checkpoints:  0,    13.127 MiB
slot update_slots: id  1 | task 3535 | new prompt, n_ctx_slot = 4096, n_keep = 0, task.n_tokens = 11
slot update_slots: id  1 | task 3535 | n_tokens = 0, memory_seq_rm [0, end)
slot init_sampler: id  1 | task 3535 | init sampler, took 0.01 ms, tokens: text = 11, total = 11
slot update_slots: id  1 | task 3535 | prompt processing done, n_tokens = 11, batch.n_tokens = 11
srv  log_server_r: done request: POST /completion 127.0.0.1 200
slot print_timing: id  1 | task 3535 | 
prompt eval time =     794.59 ms /    11 tokens (   72.24 ms per token,    13.84 tokens per second)
       eval time =    8946.87 ms /   100 tokens (   89.47 ms per token,    11.18 tokens per second)
      total time =    9741.46 ms /   111 tokens
slot      release: id  1 | task 3535 | stop processing: n_tokens = 110, truncated = 0
srv  update_slots: all slots are idle
slot get_availabl: id  0 | task -1 | selected slot by LRU, t_last = 34236416146
srv  get_availabl: updating prompt cache
srv          load:  - looking for better prompt, base f_keep = -1.000, sim = 0.000
srv        update:  - cache state: 35 prompts, 856.230 MiB (limits: 8192.000 MiB, 4096 tokens, 65528 est)
srv        update:    - prompt 0x3219180:     106 tokens, checkpoints:  0,    13.252 MiB
srv        update:    - prompt 0x3218d60:     107 tokens, checkpoints:  0,    13.377 MiB
srv        update:    - prompt 0x321a980:     106 tokens, checkpoints:  0,    13.252 MiB
srv        update:    - prompt 0x321dbb0:     107 tokens, checkpoints:  0,    13.377 MiB
srv        update:    - prompt 0xf0ef60:     105 tokens, checkpoints:  0,    13.127 MiB
srv        update:    - prompt 0xfd2770:     110 tokens, checkpoints:  0,    13.752 MiB
srv        update:    - prompt 0x321e630:     116 tokens, checkpoints:  0,    14.502 MiB
srv        update:    - prompt 0x4be6150:     109 tokens, checkpoints:  0,    13.627 MiB
srv        update:    - prompt 0x439f290:     113 tokens, checkpoints:  0,    14.127 MiB
srv        update:    - prompt 0x439c190:     108 tokens, checkpoints:  0,    13.502 MiB
srv        update:    - prompt 0x3ad05f0:     108 tokens, checkpoints:  0,    13.502 MiB
srv        update:    - prompt 0x323a460:     108 tokens, checkpoints:  0,    13.502 MiB
srv        update:    - prompt 0xee4860:     111 tokens, checkpoints:  0,    13.877 MiB
srv        update:    - prompt 0x3238470:     119 tokens, checkpoints:  0,    14.877 MiB
srv        update:    - prompt 0xf09400:     123 tokens, checkpoints:  0,    15.377 MiB
srv        update:    - prompt 0x322d890:     165 tokens, checkpoints:  0,    20.628 MiB
srv        update:    - prompt 0x3237530:     131 tokens, checkpoints:  0,    16.377 MiB
srv        update:    - prompt 0x3237430:     135 tokens, checkpoints:  0,    16.877 MiB
srv        update:    - prompt 0xf0c750:     132 tokens, checkpoints:  0,    16.502 MiB
srv        update:    - prompt 0x439ff90:     146 tokens, checkpoints:  0,    18.252 MiB
srv        update:    - prompt 0x3229e60:     130 tokens, checkpoints:  0,    16.252 MiB
srv        update:    - prompt 0x32228d0:     136 tokens, checkpoints:  0,    17.002 MiB
srv        update:    - prompt 0x322e950:     136 tokens, checkpoints:  0,    17.002 MiB
srv        update:    - prompt 0x3adad40:     241 tokens, checkpoints:  0,    30.129 MiB
srv        update:    - prompt 0x3226180:     325 tokens, checkpoints:  0,    40.629 MiB
srv        update:    - prompt 0xfffdc00062a0:     363 tokens, checkpoints:  0,    45.380 MiB
srv        update:    - prompt 0xfffdb8004ad0:     425 tokens, checkpoints:  0,    53.131 MiB
srv        update:    - prompt 0x439f4c0:     409 tokens, checkpoints:  0,    51.130 MiB
srv        update:    - prompt 0x438d640:     412 tokens, checkpoints:  0,    51.505 MiB
srv        update:    - prompt 0xf09890:     418 tokens, checkpoints:  0,    52.256 MiB
srv        update:    - prompt 0x3229da0:     415 tokens, checkpoints:  0,    51.880 MiB
srv        update:    - prompt 0x3ad7fe0:     431 tokens, checkpoints:  0,    53.881 MiB
srv        update:    - prompt 0x32349c0:     431 tokens, checkpoints:  0,    53.881 MiB
srv        update:    - prompt 0x3ad30f0:     107 tokens, checkpoints:  0,    13.377 MiB
srv        update:    - prompt 0x321fd80:     105 tokens, checkpoints:  0,    13.127 MiB
srv  get_availabl: prompt cache update took 0.15 ms
slot launch_slot_: id  0 | task -1 | sampler chain: logits -> ?penalties -> ?dry -> ?top-n-sigma -> top-k -> ?typical -> top-p -> min-p -> ?xtc -> temp-ext -> dist 
slot launch_slot_: id  0 | task 3636 | processing task, is_child = 0
slot slot_save_an: id  1 | task -1 | saving idle slot to prompt cache
srv   prompt_save:  - saving prompt with length 110, total state size = 13.752 MiB
slot prompt_clear: id  1 | task -1 | clearing prompt with 110 tokens
srv        update:  - cache state: 36 prompts, 869.982 MiB (limits: 8192.000 MiB, 4096 tokens, 65527 est)
srv        update:    - prompt 0x3219180:     106 tokens, checkpoints:  0,    13.252 MiB
srv        update:    - prompt 0x3218d60:     107 tokens, checkpoints:  0,    13.377 MiB
srv        update:    - prompt 0x321a980:     106 tokens, checkpoints:  0,    13.252 MiB
srv        update:    - prompt 0x321dbb0:     107 tokens, checkpoints:  0,    13.377 MiB
srv        update:    - prompt 0xf0ef60:     105 tokens, checkpoints:  0,    13.127 MiB
srv        update:    - prompt 0xfd2770:     110 tokens, checkpoints:  0,    13.752 MiB
srv        update:    - prompt 0x321e630:     116 tokens, checkpoints:  0,    14.502 MiB
srv        update:    - prompt 0x4be6150:     109 tokens, checkpoints:  0,    13.627 MiB
srv        update:    - prompt 0x439f290:     113 tokens, checkpoints:  0,    14.127 MiB
srv        update:    - prompt 0x439c190:     108 tokens, checkpoints:  0,    13.502 MiB
srv        update:    - prompt 0x3ad05f0:     108 tokens, checkpoints:  0,    13.502 MiB
srv        update:    - prompt 0x323a460:     108 tokens, checkpoints:  0,    13.502 MiB
srv        update:    - prompt 0xee4860:     111 tokens, checkpoints:  0,    13.877 MiB
srv        update:    - prompt 0x3238470:     119 tokens, checkpoints:  0,    14.877 MiB
srv        update:    - prompt 0xf09400:     123 tokens, checkpoints:  0,    15.377 MiB
srv        update:    - prompt 0x322d890:     165 tokens, checkpoints:  0,    20.628 MiB
srv        update:    - prompt 0x3237530:     131 tokens, checkpoints:  0,    16.377 MiB
srv        update:    - prompt 0x3237430:     135 tokens, checkpoints:  0,    16.877 MiB
srv        update:    - prompt 0xf0c750:     132 tokens, checkpoints:  0,    16.502 MiB
srv        update:    - prompt 0x439ff90:     146 tokens, checkpoints:  0,    18.252 MiB
srv        update:    - prompt 0x3229e60:     130 tokens, checkpoints:  0,    16.252 MiB
srv        update:    - prompt 0x32228d0:     136 tokens, checkpoints:  0,    17.002 MiB
srv        update:    - prompt 0x322e950:     136 tokens, checkpoints:  0,    17.002 MiB
srv        update:    - prompt 0x3adad40:     241 tokens, checkpoints:  0,    30.129 MiB
srv        update:    - prompt 0x3226180:     325 tokens, checkpoints:  0,    40.629 MiB
srv        update:    - prompt 0xfffdc00062a0:     363 tokens, checkpoints:  0,    45.380 MiB
srv        update:    - prompt 0xfffdb8004ad0:     425 tokens, checkpoints:  0,    53.131 MiB
srv        update:    - prompt 0x439f4c0:     409 tokens, checkpoints:  0,    51.130 MiB
srv        update:    - prompt 0x438d640:     412 tokens, checkpoints:  0,    51.505 MiB
srv        update:    - prompt 0xf09890:     418 tokens, checkpoints:  0,    52.256 MiB
srv        update:    - prompt 0x3229da0:     415 tokens, checkpoints:  0,    51.880 MiB
srv        update:    - prompt 0x3ad7fe0:     431 tokens, checkpoints:  0,    53.881 MiB
srv        update:    - prompt 0x32349c0:     431 tokens, checkpoints:  0,    53.881 MiB
srv        update:    - prompt 0x3ad30f0:     107 tokens, checkpoints:  0,    13.377 MiB
srv        update:    - prompt 0x321fd80:     105 tokens, checkpoints:  0,    13.127 MiB
srv        update:    - prompt 0x3af3c80:     110 tokens, checkpoints:  0,    13.752 MiB
slot update_slots: id  0 | task 3636 | new prompt, n_ctx_slot = 4096, n_keep = 0, task.n_tokens = 17
slot update_slots: id  0 | task 3636 | n_tokens = 0, memory_seq_rm [0, end)
slot init_sampler: id  0 | task 3636 | init sampler, took 0.01 ms, tokens: text = 17, total = 17
slot update_slots: id  0 | task 3636 | prompt processing done, n_tokens = 17, batch.n_tokens = 17
srv  log_server_r: done request: POST /completion 127.0.0.1 200
slot print_timing: id  0 | task 3636 | 
prompt eval time =    1219.60 ms /    17 tokens (   71.74 ms per token,    13.94 tokens per second)
       eval time =    8956.68 ms /   100 tokens (   89.57 ms per token,    11.16 tokens per second)
      total time =   10176.28 ms /   117 tokens
slot      release: id  0 | task 3636 | stop processing: n_tokens = 116, truncated = 0
srv  update_slots: all slots are idle
slot get_availabl: id  3 | task -1 | selected slot by LRU, t_last = 34275460466
srv  get_availabl: updating prompt cache
srv          load:  - looking for better prompt, base f_keep = -1.000, sim = 0.000
srv        update:  - cache state: 36 prompts, 869.982 MiB (limits: 8192.000 MiB, 4096 tokens, 65527 est)
srv        update:    - prompt 0x3219180:     106 tokens, checkpoints:  0,    13.252 MiB
srv        update:    - prompt 0x3218d60:     107 tokens, checkpoints:  0,    13.377 MiB
srv        update:    - prompt 0x321a980:     106 tokens, checkpoints:  0,    13.252 MiB
srv        update:    - prompt 0x321dbb0:     107 tokens, checkpoints:  0,    13.377 MiB
srv        update:    - prompt 0xf0ef60:     105 tokens, checkpoints:  0,    13.127 MiB
srv        update:    - prompt 0xfd2770:     110 tokens, checkpoints:  0,    13.752 MiB
srv        update:    - prompt 0x321e630:     116 tokens, checkpoints:  0,    14.502 MiB
srv        update:    - prompt 0x4be6150:     109 tokens, checkpoints:  0,    13.627 MiB
srv        update:    - prompt 0x439f290:     113 tokens, checkpoints:  0,    14.127 MiB
srv        update:    - prompt 0x439c190:     108 tokens, checkpoints:  0,    13.502 MiB
srv        update:    - prompt 0x3ad05f0:     108 tokens, checkpoints:  0,    13.502 MiB
srv        update:    - prompt 0x323a460:     108 tokens, checkpoints:  0,    13.502 MiB
srv        update:    - prompt 0xee4860:     111 tokens, checkpoints:  0,    13.877 MiB
srv        update:    - prompt 0x3238470:     119 tokens, checkpoints:  0,    14.877 MiB
srv        update:    - prompt 0xf09400:     123 tokens, checkpoints:  0,    15.377 MiB
srv        update:    - prompt 0x322d890:     165 tokens, checkpoints:  0,    20.628 MiB
srv        update:    - prompt 0x3237530:     131 tokens, checkpoints:  0,    16.377 MiB
srv        update:    - prompt 0x3237430:     135 tokens, checkpoints:  0,    16.877 MiB
srv        update:    - prompt 0xf0c750:     132 tokens, checkpoints:  0,    16.502 MiB
srv        update:    - prompt 0x439ff90:     146 tokens, checkpoints:  0,    18.252 MiB
srv        update:    - prompt 0x3229e60:     130 tokens, checkpoints:  0,    16.252 MiB
srv        update:    - prompt 0x32228d0:     136 tokens, checkpoints:  0,    17.002 MiB
srv        update:    - prompt 0x322e950:     136 tokens, checkpoints:  0,    17.002 MiB
srv        update:    - prompt 0x3adad40:     241 tokens, checkpoints:  0,    30.129 MiB
srv        update:    - prompt 0x3226180:     325 tokens, checkpoints:  0,    40.629 MiB
srv        update:    - prompt 0xfffdc00062a0:     363 tokens, checkpoints:  0,    45.380 MiB
srv        update:    - prompt 0xfffdb8004ad0:     425 tokens, checkpoints:  0,    53.131 MiB
srv        update:    - prompt 0x439f4c0:     409 tokens, checkpoints:  0,    51.130 MiB
srv        update:    - prompt 0x438d640:     412 tokens, checkpoints:  0,    51.505 MiB
srv        update:    - prompt 0xf09890:     418 tokens, checkpoints:  0,    52.256 MiB
srv        update:    - prompt 0x3229da0:     415 tokens, checkpoints:  0,    51.880 MiB
srv        update:    - prompt 0x3ad7fe0:     431 tokens, checkpoints:  0,    53.881 MiB
srv        update:    - prompt 0x32349c0:     431 tokens, checkpoints:  0,    53.881 MiB
srv        update:    - prompt 0x3ad30f0:     107 tokens, checkpoints:  0,    13.377 MiB
srv        update:    - prompt 0x321fd80:     105 tokens, checkpoints:  0,    13.127 MiB
srv        update:    - prompt 0x3af3c80:     110 tokens, checkpoints:  0,    13.752 MiB
srv  get_availabl: prompt cache update took 0.15 ms
slot launch_slot_: id  3 | task -1 | sampler chain: logits -> ?penalties -> ?dry -> ?top-n-sigma -> top-k -> ?typical -> top-p -> min-p -> ?xtc -> temp-ext -> dist 
slot launch_slot_: id  3 | task 3737 | processing task, is_child = 0
slot slot_save_an: id  0 | task -1 | saving idle slot to prompt cache
srv   prompt_save:  - saving prompt with length 116, total state size = 14.502 MiB
slot prompt_clear: id  0 | task -1 | clearing prompt with 116 tokens
srv        update:  - cache state: 37 prompts, 884.484 MiB (limits: 8192.000 MiB, 4096 tokens, 65527 est)
srv        update:    - prompt 0x3219180:     106 tokens, checkpoints:  0,    13.252 MiB
srv        update:    - prompt 0x3218d60:     107 tokens, checkpoints:  0,    13.377 MiB
srv        update:    - prompt 0x321a980:     106 tokens, checkpoints:  0,    13.252 MiB
srv        update:    - prompt 0x321dbb0:     107 tokens, checkpoints:  0,    13.377 MiB
srv        update:    - prompt 0xf0ef60:     105 tokens, checkpoints:  0,    13.127 MiB
srv        update:    - prompt 0xfd2770:     110 tokens, checkpoints:  0,    13.752 MiB
srv        update:    - prompt 0x321e630:     116 tokens, checkpoints:  0,    14.502 MiB
srv        update:    - prompt 0x4be6150:     109 tokens, checkpoints:  0,    13.627 MiB
srv        update:    - prompt 0x439f290:     113 tokens, checkpoints:  0,    14.127 MiB
srv        update:    - prompt 0x439c190:     108 tokens, checkpoints:  0,    13.502 MiB
srv        update:    - prompt 0x3ad05f0:     108 tokens, checkpoints:  0,    13.502 MiB
srv        update:    - prompt 0x323a460:     108 tokens, checkpoints:  0,    13.502 MiB
srv        update:    - prompt 0xee4860:     111 tokens, checkpoints:  0,    13.877 MiB
srv        update:    - prompt 0x3238470:     119 tokens, checkpoints:  0,    14.877 MiB
srv        update:    - prompt 0xf09400:     123 tokens, checkpoints:  0,    15.377 MiB
srv        update:    - prompt 0x322d890:     165 tokens, checkpoints:  0,    20.628 MiB
srv        update:    - prompt 0x3237530:     131 tokens, checkpoints:  0,    16.377 MiB
srv        update:    - prompt 0x3237430:     135 tokens, checkpoints:  0,    16.877 MiB
srv        update:    - prompt 0xf0c750:     132 tokens, checkpoints:  0,    16.502 MiB
srv        update:    - prompt 0x439ff90:     146 tokens, checkpoints:  0,    18.252 MiB
srv        update:    - prompt 0x3229e60:     130 tokens, checkpoints:  0,    16.252 MiB
srv        update:    - prompt 0x32228d0:     136 tokens, checkpoints:  0,    17.002 MiB
srv        update:    - prompt 0x322e950:     136 tokens, checkpoints:  0,    17.002 MiB
srv        update:    - prompt 0x3adad40:     241 tokens, checkpoints:  0,    30.129 MiB
srv        update:    - prompt 0x3226180:     325 tokens, checkpoints:  0,    40.629 MiB
srv        update:    - prompt 0xfffdc00062a0:     363 tokens, checkpoints:  0,    45.380 MiB
srv        update:    - prompt 0xfffdb8004ad0:     425 tokens, checkpoints:  0,    53.131 MiB
srv        update:    - prompt 0x439f4c0:     409 tokens, checkpoints:  0,    51.130 MiB
srv        update:    - prompt 0x438d640:     412 tokens, checkpoints:  0,    51.505 MiB
srv        update:    - prompt 0xf09890:     418 tokens, checkpoints:  0,    52.256 MiB
srv        update:    - prompt 0x3229da0:     415 tokens, checkpoints:  0,    51.880 MiB
srv        update:    - prompt 0x3ad7fe0:     431 tokens, checkpoints:  0,    53.881 MiB
srv        update:    - prompt 0x32349c0:     431 tokens, checkpoints:  0,    53.881 MiB
srv        update:    - prompt 0x3ad30f0:     107 tokens, checkpoints:  0,    13.377 MiB
srv        update:    - prompt 0x321fd80:     105 tokens, checkpoints:  0,    13.127 MiB
srv        update:    - prompt 0x3af3c80:     110 tokens, checkpoints:  0,    13.752 MiB
srv        update:    - prompt 0x3aeb450:     116 tokens, checkpoints:  0,    14.502 MiB
slot update_slots: id  3 | task 3737 | new prompt, n_ctx_slot = 4096, n_keep = 0, task.n_tokens = 10
slot update_slots: id  3 | task 3737 | n_tokens = 0, memory_seq_rm [0, end)
slot init_sampler: id  3 | task 3737 | init sampler, took 0.01 ms, tokens: text = 10, total = 10
slot update_slots: id  3 | task 3737 | prompt processing done, n_tokens = 10, batch.n_tokens = 10
srv  log_server_r: done request: POST /completion 127.0.0.1 200
slot print_timing: id  3 | task 3737 | 
prompt eval time =     724.26 ms /    10 tokens (   72.43 ms per token,    13.81 tokens per second)
       eval time =    8946.31 ms /   100 tokens (   89.46 ms per token,    11.18 tokens per second)
      total time =    9670.57 ms /   110 tokens
slot      release: id  3 | task 3737 | stop processing: n_tokens = 109, truncated = 0
srv  update_slots: all slots are idle
slot get_availabl: id  2 | task -1 | selected slot by LRU, t_last = 34334572153
srv  get_availabl: updating prompt cache
srv          load:  - looking for better prompt, base f_keep = -1.000, sim = 0.000
srv        update:  - cache state: 37 prompts, 884.484 MiB (limits: 8192.000 MiB, 4096 tokens, 65527 est)
srv        update:    - prompt 0x3219180:     106 tokens, checkpoints:  0,    13.252 MiB
srv        update:    - prompt 0x3218d60:     107 tokens, checkpoints:  0,    13.377 MiB
srv        update:    - prompt 0x321a980:     106 tokens, checkpoints:  0,    13.252 MiB
srv        update:    - prompt 0x321dbb0:     107 tokens, checkpoints:  0,    13.377 MiB
srv        update:    - prompt 0xf0ef60:     105 tokens, checkpoints:  0,    13.127 MiB
srv        update:    - prompt 0xfd2770:     110 tokens, checkpoints:  0,    13.752 MiB
srv        update:    - prompt 0x321e630:     116 tokens, checkpoints:  0,    14.502 MiB
srv        update:    - prompt 0x4be6150:     109 tokens, checkpoints:  0,    13.627 MiB
srv        update:    - prompt 0x439f290:     113 tokens, checkpoints:  0,    14.127 MiB
srv        update:    - prompt 0x439c190:     108 tokens, checkpoints:  0,    13.502 MiB
srv        update:    - prompt 0x3ad05f0:     108 tokens, checkpoints:  0,    13.502 MiB
srv        update:    - prompt 0x323a460:     108 tokens, checkpoints:  0,    13.502 MiB
srv        update:    - prompt 0xee4860:     111 tokens, checkpoints:  0,    13.877 MiB
srv        update:    - prompt 0x3238470:     119 tokens, checkpoints:  0,    14.877 MiB
srv        update:    - prompt 0xf09400:     123 tokens, checkpoints:  0,    15.377 MiB
srv        update:    - prompt 0x322d890:     165 tokens, checkpoints:  0,    20.628 MiB
srv        update:    - prompt 0x3237530:     131 tokens, checkpoints:  0,    16.377 MiB
srv        update:    - prompt 0x3237430:     135 tokens, checkpoints:  0,    16.877 MiB
srv        update:    - prompt 0xf0c750:     132 tokens, checkpoints:  0,    16.502 MiB
srv        update:    - prompt 0x439ff90:     146 tokens, checkpoints:  0,    18.252 MiB
srv        update:    - prompt 0x3229e60:     130 tokens, checkpoints:  0,    16.252 MiB
srv        update:    - prompt 0x32228d0:     136 tokens, checkpoints:  0,    17.002 MiB
srv        update:    - prompt 0x322e950:     136 tokens, checkpoints:  0,    17.002 MiB
srv        update:    - prompt 0x3adad40:     241 tokens, checkpoints:  0,    30.129 MiB
srv        update:    - prompt 0x3226180:     325 tokens, checkpoints:  0,    40.629 MiB
srv        update:    - prompt 0xfffdc00062a0:     363 tokens, checkpoints:  0,    45.380 MiB
srv        update:    - prompt 0xfffdb8004ad0:     425 tokens, checkpoints:  0,    53.131 MiB
srv        update:    - prompt 0x439f4c0:     409 tokens, checkpoints:  0,    51.130 MiB
srv        update:    - prompt 0x438d640:     412 tokens, checkpoints:  0,    51.505 MiB
srv        update:    - prompt 0xf09890:     418 tokens, checkpoints:  0,    52.256 MiB
srv        update:    - prompt 0x3229da0:     415 tokens, checkpoints:  0,    51.880 MiB
srv        update:    - prompt 0x3ad7fe0:     431 tokens, checkpoints:  0,    53.881 MiB
srv        update:    - prompt 0x32349c0:     431 tokens, checkpoints:  0,    53.881 MiB
srv        update:    - prompt 0x3ad30f0:     107 tokens, checkpoints:  0,    13.377 MiB
srv        update:    - prompt 0x321fd80:     105 tokens, checkpoints:  0,    13.127 MiB
srv        update:    - prompt 0x3af3c80:     110 tokens, checkpoints:  0,    13.752 MiB
srv        update:    - prompt 0x3aeb450:     116 tokens, checkpoints:  0,    14.502 MiB
srv  get_availabl: prompt cache update took 0.17 ms
slot launch_slot_: id  2 | task -1 | sampler chain: logits -> ?penalties -> ?dry -> ?top-n-sigma -> top-k -> ?typical -> top-p -> min-p -> ?xtc -> temp-ext -> dist 
slot launch_slot_: id  2 | task 3838 | processing task, is_child = 0
slot slot_save_an: id  3 | task -1 | saving idle slot to prompt cache
srv   prompt_save:  - saving prompt with length 109, total state size = 13.627 MiB
slot prompt_clear: id  3 | task -1 | clearing prompt with 109 tokens
srv        update:  - cache state: 38 prompts, 898.111 MiB (limits: 8192.000 MiB, 4096 tokens, 65527 est)
srv        update:    - prompt 0x3219180:     106 tokens, checkpoints:  0,    13.252 MiB
srv        update:    - prompt 0x3218d60:     107 tokens, checkpoints:  0,    13.377 MiB
srv        update:    - prompt 0x321a980:     106 tokens, checkpoints:  0,    13.252 MiB
srv        update:    - prompt 0x321dbb0:     107 tokens, checkpoints:  0,    13.377 MiB
srv        update:    - prompt 0xf0ef60:     105 tokens, checkpoints:  0,    13.127 MiB
srv        update:    - prompt 0xfd2770:     110 tokens, checkpoints:  0,    13.752 MiB
srv        update:    - prompt 0x321e630:     116 tokens, checkpoints:  0,    14.502 MiB
srv        update:    - prompt 0x4be6150:     109 tokens, checkpoints:  0,    13.627 MiB
srv        update:    - prompt 0x439f290:     113 tokens, checkpoints:  0,    14.127 MiB
srv        update:    - prompt 0x439c190:     108 tokens, checkpoints:  0,    13.502 MiB
srv        update:    - prompt 0x3ad05f0:     108 tokens, checkpoints:  0,    13.502 MiB
srv        update:    - prompt 0x323a460:     108 tokens, checkpoints:  0,    13.502 MiB
srv        update:    - prompt 0xee4860:     111 tokens, checkpoints:  0,    13.877 MiB
srv        update:    - prompt 0x3238470:     119 tokens, checkpoints:  0,    14.877 MiB
srv        update:    - prompt 0xf09400:     123 tokens, checkpoints:  0,    15.377 MiB
srv        update:    - prompt 0x322d890:     165 tokens, checkpoints:  0,    20.628 MiB
srv        update:    - prompt 0x3237530:     131 tokens, checkpoints:  0,    16.377 MiB
srv        update:    - prompt 0x3237430:     135 tokens, checkpoints:  0,    16.877 MiB
srv        update:    - prompt 0xf0c750:     132 tokens, checkpoints:  0,    16.502 MiB
srv        update:    - prompt 0x439ff90:     146 tokens, checkpoints:  0,    18.252 MiB
srv        update:    - prompt 0x3229e60:     130 tokens, checkpoints:  0,    16.252 MiB
srv        update:    - prompt 0x32228d0:     136 tokens, checkpoints:  0,    17.002 MiB
srv        update:    - prompt 0x322e950:     136 tokens, checkpoints:  0,    17.002 MiB
srv        update:    - prompt 0x3adad40:     241 tokens, checkpoints:  0,    30.129 MiB
srv        update:    - prompt 0x3226180:     325 tokens, checkpoints:  0,    40.629 MiB
srv        update:    - prompt 0xfffdc00062a0:     363 tokens, checkpoints:  0,    45.380 MiB
srv        update:    - prompt 0xfffdb8004ad0:     425 tokens, checkpoints:  0,    53.131 MiB
srv        update:    - prompt 0x439f4c0:     409 tokens, checkpoints:  0,    51.130 MiB
srv        update:    - prompt 0x438d640:     412 tokens, checkpoints:  0,    51.505 MiB
srv        update:    - prompt 0xf09890:     418 tokens, checkpoints:  0,    52.256 MiB
srv        update:    - prompt 0x3229da0:     415 tokens, checkpoints:  0,    51.880 MiB
srv        update:    - prompt 0x3ad7fe0:     431 tokens, checkpoints:  0,    53.881 MiB
srv        update:    - prompt 0x32349c0:     431 tokens, checkpoints:  0,    53.881 MiB
srv        update:    - prompt 0x3ad30f0:     107 tokens, checkpoints:  0,    13.377 MiB
srv        update:    - prompt 0x321fd80:     105 tokens, checkpoints:  0,    13.127 MiB
srv        update:    - prompt 0x3af3c80:     110 tokens, checkpoints:  0,    13.752 MiB
srv        update:    - prompt 0x3aeb450:     116 tokens, checkpoints:  0,    14.502 MiB
srv        update:    - prompt 0x11f0c00:     109 tokens, checkpoints:  0,    13.627 MiB
slot update_slots: id  2 | task 3838 | new prompt, n_ctx_slot = 4096, n_keep = 0, task.n_tokens = 14
slot update_slots: id  2 | task 3838 | n_tokens = 0, memory_seq_rm [0, end)
slot init_sampler: id  2 | task 3838 | init sampler, took 0.01 ms, tokens: text = 14, total = 14
slot update_slots: id  2 | task 3838 | prompt processing done, n_tokens = 14, batch.n_tokens = 14
srv  log_server_r: done request: POST /completion 127.0.0.1 200
slot print_timing: id  2 | task 3838 | 
prompt eval time =    1005.08 ms /    14 tokens (   71.79 ms per token,    13.93 tokens per second)
       eval time =    8953.17 ms /   100 tokens (   89.53 ms per token,    11.17 tokens per second)
      total time =    9958.25 ms /   114 tokens
slot      release: id  2 | task 3838 | stop processing: n_tokens = 113, truncated = 0
srv  update_slots: all slots are idle
slot get_availabl: id  2 | task -1 | selected slot by LCP similarity, sim_best = 0.111 (> 0.100 thold), f_keep = 0.009
srv  get_availabl: updating prompt cache
srv   prompt_save:  - saving prompt with length 113, total state size = 14.127 MiB
srv          load:  - looking for better prompt, base f_keep = 0.009, sim = 0.111
srv        update:  - cache state: 39 prompts, 912.238 MiB (limits: 8192.000 MiB, 4096 tokens, 65527 est)
srv        update:    - prompt 0x3219180:     106 tokens, checkpoints:  0,    13.252 MiB
srv        update:    - prompt 0x3218d60:     107 tokens, checkpoints:  0,    13.377 MiB
srv        update:    - prompt 0x321a980:     106 tokens, checkpoints:  0,    13.252 MiB
srv        update:    - prompt 0x321dbb0:     107 tokens, checkpoints:  0,    13.377 MiB
srv        update:    - prompt 0xf0ef60:     105 tokens, checkpoints:  0,    13.127 MiB
srv        update:    - prompt 0xfd2770:     110 tokens, checkpoints:  0,    13.752 MiB
srv        update:    - prompt 0x321e630:     116 tokens, checkpoints:  0,    14.502 MiB
srv        update:    - prompt 0x4be6150:     109 tokens, checkpoints:  0,    13.627 MiB
srv        update:    - prompt 0x439f290:     113 tokens, checkpoints:  0,    14.127 MiB
srv        update:    - prompt 0x439c190:     108 tokens, checkpoints:  0,    13.502 MiB
srv        update:    - prompt 0x3ad05f0:     108 tokens, checkpoints:  0,    13.502 MiB
srv        update:    - prompt 0x323a460:     108 tokens, checkpoints:  0,    13.502 MiB
srv        update:    - prompt 0xee4860:     111 tokens, checkpoints:  0,    13.877 MiB
srv        update:    - prompt 0x3238470:     119 tokens, checkpoints:  0,    14.877 MiB
srv        update:    - prompt 0xf09400:     123 tokens, checkpoints:  0,    15.377 MiB
srv        update:    - prompt 0x322d890:     165 tokens, checkpoints:  0,    20.628 MiB
srv        update:    - prompt 0x3237530:     131 tokens, checkpoints:  0,    16.377 MiB
srv        update:    - prompt 0x3237430:     135 tokens, checkpoints:  0,    16.877 MiB
srv        update:    - prompt 0xf0c750:     132 tokens, checkpoints:  0,    16.502 MiB
srv        update:    - prompt 0x439ff90:     146 tokens, checkpoints:  0,    18.252 MiB
srv        update:    - prompt 0x3229e60:     130 tokens, checkpoints:  0,    16.252 MiB
srv        update:    - prompt 0x32228d0:     136 tokens, checkpoints:  0,    17.002 MiB
srv        update:    - prompt 0x322e950:     136 tokens, checkpoints:  0,    17.002 MiB
srv        update:    - prompt 0x3adad40:     241 tokens, checkpoints:  0,    30.129 MiB
srv        update:    - prompt 0x3226180:     325 tokens, checkpoints:  0,    40.629 MiB
srv        update:    - prompt 0xfffdc00062a0:     363 tokens, checkpoints:  0,    45.380 MiB
srv        update:    - prompt 0xfffdb8004ad0:     425 tokens, checkpoints:  0,    53.131 MiB
srv        update:    - prompt 0x439f4c0:     409 tokens, checkpoints:  0,    51.130 MiB
srv        update:    - prompt 0x438d640:     412 tokens, checkpoints:  0,    51.505 MiB
srv        update:    - prompt 0xf09890:     418 tokens, checkpoints:  0,    52.256 MiB
srv        update:    - prompt 0x3229da0:     415 tokens, checkpoints:  0,    51.880 MiB
srv        update:    - prompt 0x3ad7fe0:     431 tokens, checkpoints:  0,    53.881 MiB
srv        update:    - prompt 0x32349c0:     431 tokens, checkpoints:  0,    53.881 MiB
srv        update:    - prompt 0x3ad30f0:     107 tokens, checkpoints:  0,    13.377 MiB
srv        update:    - prompt 0x321fd80:     105 tokens, checkpoints:  0,    13.127 MiB
srv        update:    - prompt 0x3af3c80:     110 tokens, checkpoints:  0,    13.752 MiB
srv        update:    - prompt 0x3aeb450:     116 tokens, checkpoints:  0,    14.502 MiB
srv        update:    - prompt 0x11f0c00:     109 tokens, checkpoints:  0,    13.627 MiB
srv        update:    - prompt 0x43993b0:     113 tokens, checkpoints:  0,    14.127 MiB
srv  get_availabl: prompt cache update took 3.58 ms
slot launch_slot_: id  2 | task -1 | sampler chain: logits -> ?penalties -> ?dry -> ?top-n-sigma -> top-k -> ?typical -> top-p -> min-p -> ?xtc -> temp-ext -> dist 
slot launch_slot_: id  2 | task 3939 | processing task, is_child = 0
slot update_slots: id  2 | task 3939 | new prompt, n_ctx_slot = 4096, n_keep = 0, task.n_tokens = 9
slot update_slots: id  2 | task 3939 | n_tokens = 1, memory_seq_rm [1, end)
slot init_sampler: id  2 | task 3939 | init sampler, took 0.01 ms, tokens: text = 9, total = 9
slot update_slots: id  2 | task 3939 | prompt processing done, n_tokens = 9, batch.n_tokens = 8
srv  log_server_r: done request: POST /completion 127.0.0.1 200
slot print_timing: id  2 | task 3939 | 
prompt eval time =     584.36 ms /     8 tokens (   73.04 ms per token,    13.69 tokens per second)
       eval time =    8951.77 ms /   100 tokens (   89.52 ms per token,    11.17 tokens per second)
      total time =    9536.13 ms /   108 tokens
slot      release: id  2 | task 3939 | stop processing: n_tokens = 108, truncated = 0
srv  update_slots: all slots are idle
slot get_availabl: id  2 | task -1 | selected slot by LCP similarity, sim_best = 0.111 (> 0.100 thold), f_keep = 0.009
srv  get_availabl: updating prompt cache
srv   prompt_save:  - saving prompt with length 108, total state size = 13.502 MiB
srv          load:  - looking for better prompt, base f_keep = 0.009, sim = 0.111
srv        update:  - cache state: 40 prompts, 925.740 MiB (limits: 8192.000 MiB, 4096 tokens, 65527 est)
srv        update:    - prompt 0x3219180:     106 tokens, checkpoints:  0,    13.252 MiB
srv        update:    - prompt 0x3218d60:     107 tokens, checkpoints:  0,    13.377 MiB
srv        update:    - prompt 0x321a980:     106 tokens, checkpoints:  0,    13.252 MiB
srv        update:    - prompt 0x321dbb0:     107 tokens, checkpoints:  0,    13.377 MiB
srv        update:    - prompt 0xf0ef60:     105 tokens, checkpoints:  0,    13.127 MiB
srv        update:    - prompt 0xfd2770:     110 tokens, checkpoints:  0,    13.752 MiB
srv        update:    - prompt 0x321e630:     116 tokens, checkpoints:  0,    14.502 MiB
srv        update:    - prompt 0x4be6150:     109 tokens, checkpoints:  0,    13.627 MiB
srv        update:    - prompt 0x439f290:     113 tokens, checkpoints:  0,    14.127 MiB
srv        update:    - prompt 0x439c190:     108 tokens, checkpoints:  0,    13.502 MiB
srv        update:    - prompt 0x3ad05f0:     108 tokens, checkpoints:  0,    13.502 MiB
srv        update:    - prompt 0x323a460:     108 tokens, checkpoints:  0,    13.502 MiB
srv        update:    - prompt 0xee4860:     111 tokens, checkpoints:  0,    13.877 MiB
srv        update:    - prompt 0x3238470:     119 tokens, checkpoints:  0,    14.877 MiB
srv        update:    - prompt 0xf09400:     123 tokens, checkpoints:  0,    15.377 MiB
srv        update:    - prompt 0x322d890:     165 tokens, checkpoints:  0,    20.628 MiB
srv        update:    - prompt 0x3237530:     131 tokens, checkpoints:  0,    16.377 MiB
srv        update:    - prompt 0x3237430:     135 tokens, checkpoints:  0,    16.877 MiB
srv        update:    - prompt 0xf0c750:     132 tokens, checkpoints:  0,    16.502 MiB
srv        update:    - prompt 0x439ff90:     146 tokens, checkpoints:  0,    18.252 MiB
srv        update:    - prompt 0x3229e60:     130 tokens, checkpoints:  0,    16.252 MiB
srv        update:    - prompt 0x32228d0:     136 tokens, checkpoints:  0,    17.002 MiB
srv        update:    - prompt 0x322e950:     136 tokens, checkpoints:  0,    17.002 MiB
srv        update:    - prompt 0x3adad40:     241 tokens, checkpoints:  0,    30.129 MiB
srv        update:    - prompt 0x3226180:     325 tokens, checkpoints:  0,    40.629 MiB
srv        update:    - prompt 0xfffdc00062a0:     363 tokens, checkpoints:  0,    45.380 MiB
srv        update:    - prompt 0xfffdb8004ad0:     425 tokens, checkpoints:  0,    53.131 MiB
srv        update:    - prompt 0x439f4c0:     409 tokens, checkpoints:  0,    51.130 MiB
srv        update:    - prompt 0x438d640:     412 tokens, checkpoints:  0,    51.505 MiB
srv        update:    - prompt 0xf09890:     418 tokens, checkpoints:  0,    52.256 MiB
srv        update:    - prompt 0x3229da0:     415 tokens, checkpoints:  0,    51.880 MiB
srv        update:    - prompt 0x3ad7fe0:     431 tokens, checkpoints:  0,    53.881 MiB
srv        update:    - prompt 0x32349c0:     431 tokens, checkpoints:  0,    53.881 MiB
srv        update:    - prompt 0x3ad30f0:     107 tokens, checkpoints:  0,    13.377 MiB
srv        update:    - prompt 0x321fd80:     105 tokens, checkpoints:  0,    13.127 MiB
srv        update:    - prompt 0x3af3c80:     110 tokens, checkpoints:  0,    13.752 MiB
srv        update:    - prompt 0x3aeb450:     116 tokens, checkpoints:  0,    14.502 MiB
srv        update:    - prompt 0x11f0c00:     109 tokens, checkpoints:  0,    13.627 MiB
srv        update:    - prompt 0x43993b0:     113 tokens, checkpoints:  0,    14.127 MiB
srv        update:    - prompt 0xf0c4e0:     108 tokens, checkpoints:  0,    13.502 MiB
srv  get_availabl: prompt cache update took 3.53 ms
slot launch_slot_: id  2 | task -1 | sampler chain: logits -> ?penalties -> ?dry -> ?top-n-sigma -> top-k -> ?typical -> top-p -> min-p -> ?xtc -> temp-ext -> dist 
slot launch_slot_: id  2 | task 4040 | processing task, is_child = 0
slot update_slots: id  2 | task 4040 | new prompt, n_ctx_slot = 4096, n_keep = 0, task.n_tokens = 9
slot update_slots: id  2 | task 4040 | n_tokens = 1, memory_seq_rm [1, end)
slot init_sampler: id  2 | task 4040 | init sampler, took 0.01 ms, tokens: text = 9, total = 9
slot update_slots: id  2 | task 4040 | prompt processing done, n_tokens = 9, batch.n_tokens = 8
srv  log_server_r: done request: POST /completion 127.0.0.1 200
slot print_timing: id  2 | task 4040 | 
prompt eval time =     588.53 ms /     8 tokens (   73.57 ms per token,    13.59 tokens per second)
       eval time =    9019.60 ms /   100 tokens (   90.20 ms per token,    11.09 tokens per second)
      total time =    9608.13 ms /   108 tokens
slot      release: id  2 | task 4040 | stop processing: n_tokens = 108, truncated = 0
srv  update_slots: all slots are idle
slot get_availabl: id  2 | task -1 | selected slot by LCP similarity, sim_best = 0.111 (> 0.100 thold), f_keep = 0.009
srv  get_availabl: updating prompt cache
srv   prompt_save:  - saving prompt with length 108, total state size = 13.502 MiB
srv          load:  - looking for better prompt, base f_keep = 0.009, sim = 0.111
srv        update:  - cache state: 41 prompts, 939.242 MiB (limits: 8192.000 MiB, 4096 tokens, 65527 est)
srv        update:    - prompt 0x3219180:     106 tokens, checkpoints:  0,    13.252 MiB
srv        update:    - prompt 0x3218d60:     107 tokens, checkpoints:  0,    13.377 MiB
srv        update:    - prompt 0x321a980:     106 tokens, checkpoints:  0,    13.252 MiB
srv        update:    - prompt 0x321dbb0:     107 tokens, checkpoints:  0,    13.377 MiB
srv        update:    - prompt 0xf0ef60:     105 tokens, checkpoints:  0,    13.127 MiB
srv        update:    - prompt 0xfd2770:     110 tokens, checkpoints:  0,    13.752 MiB
srv        update:    - prompt 0x321e630:     116 tokens, checkpoints:  0,    14.502 MiB
srv        update:    - prompt 0x4be6150:     109 tokens, checkpoints:  0,    13.627 MiB
srv        update:    - prompt 0x439f290:     113 tokens, checkpoints:  0,    14.127 MiB
srv        update:    - prompt 0x439c190:     108 tokens, checkpoints:  0,    13.502 MiB
srv        update:    - prompt 0x3ad05f0:     108 tokens, checkpoints:  0,    13.502 MiB
srv        update:    - prompt 0x323a460:     108 tokens, checkpoints:  0,    13.502 MiB
srv        update:    - prompt 0xee4860:     111 tokens, checkpoints:  0,    13.877 MiB
srv        update:    - prompt 0x3238470:     119 tokens, checkpoints:  0,    14.877 MiB
srv        update:    - prompt 0xf09400:     123 tokens, checkpoints:  0,    15.377 MiB
srv        update:    - prompt 0x322d890:     165 tokens, checkpoints:  0,    20.628 MiB
srv        update:    - prompt 0x3237530:     131 tokens, checkpoints:  0,    16.377 MiB
srv        update:    - prompt 0x3237430:     135 tokens, checkpoints:  0,    16.877 MiB
srv        update:    - prompt 0xf0c750:     132 tokens, checkpoints:  0,    16.502 MiB
srv        update:    - prompt 0x439ff90:     146 tokens, checkpoints:  0,    18.252 MiB
srv        update:    - prompt 0x3229e60:     130 tokens, checkpoints:  0,    16.252 MiB
srv        update:    - prompt 0x32228d0:     136 tokens, checkpoints:  0,    17.002 MiB
srv        update:    - prompt 0x322e950:     136 tokens, checkpoints:  0,    17.002 MiB
srv        update:    - prompt 0x3adad40:     241 tokens, checkpoints:  0,    30.129 MiB
srv        update:    - prompt 0x3226180:     325 tokens, checkpoints:  0,    40.629 MiB
srv        update:    - prompt 0xfffdc00062a0:     363 tokens, checkpoints:  0,    45.380 MiB
srv        update:    - prompt 0xfffdb8004ad0:     425 tokens, checkpoints:  0,    53.131 MiB
srv        update:    - prompt 0x439f4c0:     409 tokens, checkpoints:  0,    51.130 MiB
srv        update:    - prompt 0x438d640:     412 tokens, checkpoints:  0,    51.505 MiB
srv        update:    - prompt 0xf09890:     418 tokens, checkpoints:  0,    52.256 MiB
srv        update:    - prompt 0x3229da0:     415 tokens, checkpoints:  0,    51.880 MiB
srv        update:    - prompt 0x3ad7fe0:     431 tokens, checkpoints:  0,    53.881 MiB
srv        update:    - prompt 0x32349c0:     431 tokens, checkpoints:  0,    53.881 MiB
srv        update:    - prompt 0x3ad30f0:     107 tokens, checkpoints:  0,    13.377 MiB
srv        update:    - prompt 0x321fd80:     105 tokens, checkpoints:  0,    13.127 MiB
srv        update:    - prompt 0x3af3c80:     110 tokens, checkpoints:  0,    13.752 MiB
srv        update:    - prompt 0x3aeb450:     116 tokens, checkpoints:  0,    14.502 MiB
srv        update:    - prompt 0x11f0c00:     109 tokens, checkpoints:  0,    13.627 MiB
srv        update:    - prompt 0x43993b0:     113 tokens, checkpoints:  0,    14.127 MiB
srv        update:    - prompt 0xf0c4e0:     108 tokens, checkpoints:  0,    13.502 MiB
srv        update:    - prompt 0x32372b0:     108 tokens, checkpoints:  0,    13.502 MiB
srv  get_availabl: prompt cache update took 3.48 ms
slot launch_slot_: id  2 | task -1 | sampler chain: logits -> ?penalties -> ?dry -> ?top-n-sigma -> top-k -> ?typical -> top-p -> min-p -> ?xtc -> temp-ext -> dist 
slot launch_slot_: id  2 | task 4141 | processing task, is_child = 0
slot update_slots: id  2 | task 4141 | new prompt, n_ctx_slot = 4096, n_keep = 0, task.n_tokens = 9
slot update_slots: id  2 | task 4141 | n_tokens = 1, memory_seq_rm [1, end)
slot init_sampler: id  2 | task 4141 | init sampler, took 0.01 ms, tokens: text = 9, total = 9
slot update_slots: id  2 | task 4141 | prompt processing done, n_tokens = 9, batch.n_tokens = 8
srv  log_server_r: done request: POST /completion 127.0.0.1 200
slot print_timing: id  2 | task 4141 | 
prompt eval time =     587.81 ms /     8 tokens (   73.48 ms per token,    13.61 tokens per second)
       eval time =    9015.76 ms /   100 tokens (   90.16 ms per token,    11.09 tokens per second)
      total time =    9603.57 ms /   108 tokens
slot      release: id  2 | task 4141 | stop processing: n_tokens = 108, truncated = 0
srv  update_slots: all slots are idle
slot get_availabl: id  1 | task -1 | selected slot by LRU, t_last = 34344902099
srv  get_availabl: updating prompt cache
srv          load:  - looking for better prompt, base f_keep = -1.000, sim = 0.000
srv        update:  - cache state: 41 prompts, 939.242 MiB (limits: 8192.000 MiB, 4096 tokens, 65527 est)
srv        update:    - prompt 0x3219180:     106 tokens, checkpoints:  0,    13.252 MiB
srv        update:    - prompt 0x3218d60:     107 tokens, checkpoints:  0,    13.377 MiB
srv        update:    - prompt 0x321a980:     106 tokens, checkpoints:  0,    13.252 MiB
srv        update:    - prompt 0x321dbb0:     107 tokens, checkpoints:  0,    13.377 MiB
srv        update:    - prompt 0xf0ef60:     105 tokens, checkpoints:  0,    13.127 MiB
srv        update:    - prompt 0xfd2770:     110 tokens, checkpoints:  0,    13.752 MiB
srv        update:    - prompt 0x321e630:     116 tokens, checkpoints:  0,    14.502 MiB
srv        update:    - prompt 0x4be6150:     109 tokens, checkpoints:  0,    13.627 MiB
srv        update:    - prompt 0x439f290:     113 tokens, checkpoints:  0,    14.127 MiB
srv        update:    - prompt 0x439c190:     108 tokens, checkpoints:  0,    13.502 MiB
srv        update:    - prompt 0x3ad05f0:     108 tokens, checkpoints:  0,    13.502 MiB
srv        update:    - prompt 0x323a460:     108 tokens, checkpoints:  0,    13.502 MiB
srv        update:    - prompt 0xee4860:     111 tokens, checkpoints:  0,    13.877 MiB
srv        update:    - prompt 0x3238470:     119 tokens, checkpoints:  0,    14.877 MiB
srv        update:    - prompt 0xf09400:     123 tokens, checkpoints:  0,    15.377 MiB
srv        update:    - prompt 0x322d890:     165 tokens, checkpoints:  0,    20.628 MiB
srv        update:    - prompt 0x3237530:     131 tokens, checkpoints:  0,    16.377 MiB
srv        update:    - prompt 0x3237430:     135 tokens, checkpoints:  0,    16.877 MiB
srv        update:    - prompt 0xf0c750:     132 tokens, checkpoints:  0,    16.502 MiB
srv        update:    - prompt 0x439ff90:     146 tokens, checkpoints:  0,    18.252 MiB
srv        update:    - prompt 0x3229e60:     130 tokens, checkpoints:  0,    16.252 MiB
srv        update:    - prompt 0x32228d0:     136 tokens, checkpoints:  0,    17.002 MiB
srv        update:    - prompt 0x322e950:     136 tokens, checkpoints:  0,    17.002 MiB
srv        update:    - prompt 0x3adad40:     241 tokens, checkpoints:  0,    30.129 MiB
srv        update:    - prompt 0x3226180:     325 tokens, checkpoints:  0,    40.629 MiB
srv        update:    - prompt 0xfffdc00062a0:     363 tokens, checkpoints:  0,    45.380 MiB
srv        update:    - prompt 0xfffdb8004ad0:     425 tokens, checkpoints:  0,    53.131 MiB
srv        update:    - prompt 0x439f4c0:     409 tokens, checkpoints:  0,    51.130 MiB
srv        update:    - prompt 0x438d640:     412 tokens, checkpoints:  0,    51.505 MiB
srv        update:    - prompt 0xf09890:     418 tokens, checkpoints:  0,    52.256 MiB
srv        update:    - prompt 0x3229da0:     415 tokens, checkpoints:  0,    51.880 MiB
srv        update:    - prompt 0x3ad7fe0:     431 tokens, checkpoints:  0,    53.881 MiB
srv        update:    - prompt 0x32349c0:     431 tokens, checkpoints:  0,    53.881 MiB
srv        update:    - prompt 0x3ad30f0:     107 tokens, checkpoints:  0,    13.377 MiB
srv        update:    - prompt 0x321fd80:     105 tokens, checkpoints:  0,    13.127 MiB
srv        update:    - prompt 0x3af3c80:     110 tokens, checkpoints:  0,    13.752 MiB
srv        update:    - prompt 0x3aeb450:     116 tokens, checkpoints:  0,    14.502 MiB
srv        update:    - prompt 0x11f0c00:     109 tokens, checkpoints:  0,    13.627 MiB
srv        update:    - prompt 0x43993b0:     113 tokens, checkpoints:  0,    14.127 MiB
srv        update:    - prompt 0xf0c4e0:     108 tokens, checkpoints:  0,    13.502 MiB
srv        update:    - prompt 0x32372b0:     108 tokens, checkpoints:  0,    13.502 MiB
srv  get_availabl: prompt cache update took 0.16 ms
slot launch_slot_: id  1 | task -1 | sampler chain: logits -> ?penalties -> ?dry -> ?top-n-sigma -> top-k -> ?typical -> top-p -> min-p -> ?xtc -> temp-ext -> dist 
slot launch_slot_: id  1 | task 4242 | processing task, is_child = 0
slot slot_save_an: id  2 | task -1 | saving idle slot to prompt cache
srv   prompt_save:  - saving prompt with length 108, total state size = 13.502 MiB
slot prompt_clear: id  2 | task -1 | clearing prompt with 108 tokens
srv        update:  - cache state: 42 prompts, 952.744 MiB (limits: 8192.000 MiB, 4096 tokens, 65527 est)
srv        update:    - prompt 0x3219180:     106 tokens, checkpoints:  0,    13.252 MiB
srv        update:    - prompt 0x3218d60:     107 tokens, checkpoints:  0,    13.377 MiB
srv        update:    - prompt 0x321a980:     106 tokens, checkpoints:  0,    13.252 MiB
srv        update:    - prompt 0x321dbb0:     107 tokens, checkpoints:  0,    13.377 MiB
srv        update:    - prompt 0xf0ef60:     105 tokens, checkpoints:  0,    13.127 MiB
srv        update:    - prompt 0xfd2770:     110 tokens, checkpoints:  0,    13.752 MiB
srv        update:    - prompt 0x321e630:     116 tokens, checkpoints:  0,    14.502 MiB
srv        update:    - prompt 0x4be6150:     109 tokens, checkpoints:  0,    13.627 MiB
srv        update:    - prompt 0x439f290:     113 tokens, checkpoints:  0,    14.127 MiB
srv        update:    - prompt 0x439c190:     108 tokens, checkpoints:  0,    13.502 MiB
srv        update:    - prompt 0x3ad05f0:     108 tokens, checkpoints:  0,    13.502 MiB
srv        update:    - prompt 0x323a460:     108 tokens, checkpoints:  0,    13.502 MiB
srv        update:    - prompt 0xee4860:     111 tokens, checkpoints:  0,    13.877 MiB
srv        update:    - prompt 0x3238470:     119 tokens, checkpoints:  0,    14.877 MiB
srv        update:    - prompt 0xf09400:     123 tokens, checkpoints:  0,    15.377 MiB
srv        update:    - prompt 0x322d890:     165 tokens, checkpoints:  0,    20.628 MiB
srv        update:    - prompt 0x3237530:     131 tokens, checkpoints:  0,    16.377 MiB
srv        update:    - prompt 0x3237430:     135 tokens, checkpoints:  0,    16.877 MiB
srv        update:    - prompt 0xf0c750:     132 tokens, checkpoints:  0,    16.502 MiB
srv        update:    - prompt 0x439ff90:     146 tokens, checkpoints:  0,    18.252 MiB
srv        update:    - prompt 0x3229e60:     130 tokens, checkpoints:  0,    16.252 MiB
srv        update:    - prompt 0x32228d0:     136 tokens, checkpoints:  0,    17.002 MiB
srv        update:    - prompt 0x322e950:     136 tokens, checkpoints:  0,    17.002 MiB
srv        update:    - prompt 0x3adad40:     241 tokens, checkpoints:  0,    30.129 MiB
srv        update:    - prompt 0x3226180:     325 tokens, checkpoints:  0,    40.629 MiB
srv        update:    - prompt 0xfffdc00062a0:     363 tokens, checkpoints:  0,    45.380 MiB
srv        update:    - prompt 0xfffdb8004ad0:     425 tokens, checkpoints:  0,    53.131 MiB
srv        update:    - prompt 0x439f4c0:     409 tokens, checkpoints:  0,    51.130 MiB
srv        update:    - prompt 0x438d640:     412 tokens, checkpoints:  0,    51.505 MiB
srv        update:    - prompt 0xf09890:     418 tokens, checkpoints:  0,    52.256 MiB
srv        update:    - prompt 0x3229da0:     415 tokens, checkpoints:  0,    51.880 MiB
srv        update:    - prompt 0x3ad7fe0:     431 tokens, checkpoints:  0,    53.881 MiB
srv        update:    - prompt 0x32349c0:     431 tokens, checkpoints:  0,    53.881 MiB
srv        update:    - prompt 0x3ad30f0:     107 tokens, checkpoints:  0,    13.377 MiB
srv        update:    - prompt 0x321fd80:     105 tokens, checkpoints:  0,    13.127 MiB
srv        update:    - prompt 0x3af3c80:     110 tokens, checkpoints:  0,    13.752 MiB
srv        update:    - prompt 0x3aeb450:     116 tokens, checkpoints:  0,    14.502 MiB
srv        update:    - prompt 0x11f0c00:     109 tokens, checkpoints:  0,    13.627 MiB
srv        update:    - prompt 0x43993b0:     113 tokens, checkpoints:  0,    14.127 MiB
srv        update:    - prompt 0xf0c4e0:     108 tokens, checkpoints:  0,    13.502 MiB
srv        update:    - prompt 0x32372b0:     108 tokens, checkpoints:  0,    13.502 MiB
srv        update:    - prompt 0xee1a40:     108 tokens, checkpoints:  0,    13.502 MiB
slot update_slots: id  1 | task 4242 | new prompt, n_ctx_slot = 4096, n_keep = 0, task.n_tokens = 12
slot update_slots: id  1 | task 4242 | n_tokens = 0, memory_seq_rm [0, end)
slot init_sampler: id  1 | task 4242 | init sampler, took 0.01 ms, tokens: text = 12, total = 12
slot update_slots: id  1 | task 4242 | prompt processing done, n_tokens = 12, batch.n_tokens = 12
srv  log_server_r: done request: POST /completion 127.0.0.1 200
slot print_timing: id  1 | task 4242 | 
prompt eval time =     869.23 ms /    12 tokens (   72.44 ms per token,    13.81 tokens per second)
       eval time =    9027.61 ms /   100 tokens (   90.28 ms per token,    11.08 tokens per second)
      total time =    9896.83 ms /   112 tokens
slot      release: id  1 | task 4242 | stop processing: n_tokens = 111, truncated = 0
srv  update_slots: all slots are idle
slot get_availabl: id  0 | task -1 | selected slot by LRU, t_last = 34355666877
srv  get_availabl: updating prompt cache
srv          load:  - looking for better prompt, base f_keep = -1.000, sim = 0.000
srv        update:  - cache state: 42 prompts, 952.744 MiB (limits: 8192.000 MiB, 4096 tokens, 65527 est)
srv        update:    - prompt 0x3219180:     106 tokens, checkpoints:  0,    13.252 MiB
srv        update:    - prompt 0x3218d60:     107 tokens, checkpoints:  0,    13.377 MiB
srv        update:    - prompt 0x321a980:     106 tokens, checkpoints:  0,    13.252 MiB
srv        update:    - prompt 0x321dbb0:     107 tokens, checkpoints:  0,    13.377 MiB
srv        update:    - prompt 0xf0ef60:     105 tokens, checkpoints:  0,    13.127 MiB
srv        update:    - prompt 0xfd2770:     110 tokens, checkpoints:  0,    13.752 MiB
srv        update:    - prompt 0x321e630:     116 tokens, checkpoints:  0,    14.502 MiB
srv        update:    - prompt 0x4be6150:     109 tokens, checkpoints:  0,    13.627 MiB
srv        update:    - prompt 0x439f290:     113 tokens, checkpoints:  0,    14.127 MiB
srv        update:    - prompt 0x439c190:     108 tokens, checkpoints:  0,    13.502 MiB
srv        update:    - prompt 0x3ad05f0:     108 tokens, checkpoints:  0,    13.502 MiB
srv        update:    - prompt 0x323a460:     108 tokens, checkpoints:  0,    13.502 MiB
srv        update:    - prompt 0xee4860:     111 tokens, checkpoints:  0,    13.877 MiB
srv        update:    - prompt 0x3238470:     119 tokens, checkpoints:  0,    14.877 MiB
srv        update:    - prompt 0xf09400:     123 tokens, checkpoints:  0,    15.377 MiB
srv        update:    - prompt 0x322d890:     165 tokens, checkpoints:  0,    20.628 MiB
srv        update:    - prompt 0x3237530:     131 tokens, checkpoints:  0,    16.377 MiB
srv        update:    - prompt 0x3237430:     135 tokens, checkpoints:  0,    16.877 MiB
srv        update:    - prompt 0xf0c750:     132 tokens, checkpoints:  0,    16.502 MiB
srv        update:    - prompt 0x439ff90:     146 tokens, checkpoints:  0,    18.252 MiB
srv        update:    - prompt 0x3229e60:     130 tokens, checkpoints:  0,    16.252 MiB
srv        update:    - prompt 0x32228d0:     136 tokens, checkpoints:  0,    17.002 MiB
srv        update:    - prompt 0x322e950:     136 tokens, checkpoints:  0,    17.002 MiB
srv        update:    - prompt 0x3adad40:     241 tokens, checkpoints:  0,    30.129 MiB
srv        update:    - prompt 0x3226180:     325 tokens, checkpoints:  0,    40.629 MiB
srv        update:    - prompt 0xfffdc00062a0:     363 tokens, checkpoints:  0,    45.380 MiB
srv        update:    - prompt 0xfffdb8004ad0:     425 tokens, checkpoints:  0,    53.131 MiB
srv        update:    - prompt 0x439f4c0:     409 tokens, checkpoints:  0,    51.130 MiB
srv        update:    - prompt 0x438d640:     412 tokens, checkpoints:  0,    51.505 MiB
srv        update:    - prompt 0xf09890:     418 tokens, checkpoints:  0,    52.256 MiB
srv        update:    - prompt 0x3229da0:     415 tokens, checkpoints:  0,    51.880 MiB
srv        update:    - prompt 0x3ad7fe0:     431 tokens, checkpoints:  0,    53.881 MiB
srv        update:    - prompt 0x32349c0:     431 tokens, checkpoints:  0,    53.881 MiB
srv        update:    - prompt 0x3ad30f0:     107 tokens, checkpoints:  0,    13.377 MiB
srv        update:    - prompt 0x321fd80:     105 tokens, checkpoints:  0,    13.127 MiB
srv        update:    - prompt 0x3af3c80:     110 tokens, checkpoints:  0,    13.752 MiB
srv        update:    - prompt 0x3aeb450:     116 tokens, checkpoints:  0,    14.502 MiB
srv        update:    - prompt 0x11f0c00:     109 tokens, checkpoints:  0,    13.627 MiB
srv        update:    - prompt 0x43993b0:     113 tokens, checkpoints:  0,    14.127 MiB
srv        update:    - prompt 0xf0c4e0:     108 tokens, checkpoints:  0,    13.502 MiB
srv        update:    - prompt 0x32372b0:     108 tokens, checkpoints:  0,    13.502 MiB
srv        update:    - prompt 0xee1a40:     108 tokens, checkpoints:  0,    13.502 MiB
srv  get_availabl: prompt cache update took 0.21 ms
slot launch_slot_: id  0 | task -1 | sampler chain: logits -> ?penalties -> ?dry -> ?top-n-sigma -> top-k -> ?typical -> top-p -> min-p -> ?xtc -> temp-ext -> dist 
slot launch_slot_: id  0 | task 4343 | processing task, is_child = 0
slot slot_save_an: id  1 | task -1 | saving idle slot to prompt cache
srv   prompt_save:  - saving prompt with length 111, total state size = 13.877 MiB
slot prompt_clear: id  1 | task -1 | clearing prompt with 111 tokens
srv        update:  - cache state: 43 prompts, 966.621 MiB (limits: 8192.000 MiB, 4096 tokens, 65527 est)
srv        update:    - prompt 0x3219180:     106 tokens, checkpoints:  0,    13.252 MiB
srv        update:    - prompt 0x3218d60:     107 tokens, checkpoints:  0,    13.377 MiB
srv        update:    - prompt 0x321a980:     106 tokens, checkpoints:  0,    13.252 MiB
srv        update:    - prompt 0x321dbb0:     107 tokens, checkpoints:  0,    13.377 MiB
srv        update:    - prompt 0xf0ef60:     105 tokens, checkpoints:  0,    13.127 MiB
srv        update:    - prompt 0xfd2770:     110 tokens, checkpoints:  0,    13.752 MiB
srv        update:    - prompt 0x321e630:     116 tokens, checkpoints:  0,    14.502 MiB
srv        update:    - prompt 0x4be6150:     109 tokens, checkpoints:  0,    13.627 MiB
srv        update:    - prompt 0x439f290:     113 tokens, checkpoints:  0,    14.127 MiB
srv        update:    - prompt 0x439c190:     108 tokens, checkpoints:  0,    13.502 MiB
srv        update:    - prompt 0x3ad05f0:     108 tokens, checkpoints:  0,    13.502 MiB
srv        update:    - prompt 0x323a460:     108 tokens, checkpoints:  0,    13.502 MiB
srv        update:    - prompt 0xee4860:     111 tokens, checkpoints:  0,    13.877 MiB
srv        update:    - prompt 0x3238470:     119 tokens, checkpoints:  0,    14.877 MiB
srv        update:    - prompt 0xf09400:     123 tokens, checkpoints:  0,    15.377 MiB
srv        update:    - prompt 0x322d890:     165 tokens, checkpoints:  0,    20.628 MiB
srv        update:    - prompt 0x3237530:     131 tokens, checkpoints:  0,    16.377 MiB
srv        update:    - prompt 0x3237430:     135 tokens, checkpoints:  0,    16.877 MiB
srv        update:    - prompt 0xf0c750:     132 tokens, checkpoints:  0,    16.502 MiB
srv        update:    - prompt 0x439ff90:     146 tokens, checkpoints:  0,    18.252 MiB
srv        update:    - prompt 0x3229e60:     130 tokens, checkpoints:  0,    16.252 MiB
srv        update:    - prompt 0x32228d0:     136 tokens, checkpoints:  0,    17.002 MiB
srv        update:    - prompt 0x322e950:     136 tokens, checkpoints:  0,    17.002 MiB
srv        update:    - prompt 0x3adad40:     241 tokens, checkpoints:  0,    30.129 MiB
srv        update:    - prompt 0x3226180:     325 tokens, checkpoints:  0,    40.629 MiB
srv        update:    - prompt 0xfffdc00062a0:     363 tokens, checkpoints:  0,    45.380 MiB
srv        update:    - prompt 0xfffdb8004ad0:     425 tokens, checkpoints:  0,    53.131 MiB
srv        update:    - prompt 0x439f4c0:     409 tokens, checkpoints:  0,    51.130 MiB
srv        update:    - prompt 0x438d640:     412 tokens, checkpoints:  0,    51.505 MiB
srv        update:    - prompt 0xf09890:     418 tokens, checkpoints:  0,    52.256 MiB
srv        update:    - prompt 0x3229da0:     415 tokens, checkpoints:  0,    51.880 MiB
srv        update:    - prompt 0x3ad7fe0:     431 tokens, checkpoints:  0,    53.881 MiB
srv        update:    - prompt 0x32349c0:     431 tokens, checkpoints:  0,    53.881 MiB
srv        update:    - prompt 0x3ad30f0:     107 tokens, checkpoints:  0,    13.377 MiB
srv        update:    - prompt 0x321fd80:     105 tokens, checkpoints:  0,    13.127 MiB
srv        update:    - prompt 0x3af3c80:     110 tokens, checkpoints:  0,    13.752 MiB
srv        update:    - prompt 0x3aeb450:     116 tokens, checkpoints:  0,    14.502 MiB
srv        update:    - prompt 0x11f0c00:     109 tokens, checkpoints:  0,    13.627 MiB
srv        update:    - prompt 0x43993b0:     113 tokens, checkpoints:  0,    14.127 MiB
srv        update:    - prompt 0xf0c4e0:     108 tokens, checkpoints:  0,    13.502 MiB
srv        update:    - prompt 0x32372b0:     108 tokens, checkpoints:  0,    13.502 MiB
srv        update:    - prompt 0xee1a40:     108 tokens, checkpoints:  0,    13.502 MiB
srv        update:    - prompt 0xee8940:     111 tokens, checkpoints:  0,    13.877 MiB
slot update_slots: id  0 | task 4343 | new prompt, n_ctx_slot = 4096, n_keep = 0, task.n_tokens = 20
slot update_slots: id  0 | task 4343 | n_tokens = 0, memory_seq_rm [0, end)
slot init_sampler: id  0 | task 4343 | init sampler, took 0.01 ms, tokens: text = 20, total = 20
slot update_slots: id  0 | task 4343 | prompt processing done, n_tokens = 20, batch.n_tokens = 20
srv  log_server_r: done request: POST /completion 127.0.0.1 200
slot print_timing: id  0 | task 4343 | 
prompt eval time =    1438.57 ms /    20 tokens (   71.93 ms per token,    13.90 tokens per second)
       eval time =    9036.76 ms /   100 tokens (   90.37 ms per token,    11.07 tokens per second)
      total time =   10475.33 ms /   120 tokens
slot      release: id  0 | task 4343 | stop processing: n_tokens = 119, truncated = 0
srv  update_slots: all slots are idle
slot get_availabl: id  3 | task -1 | selected slot by LRU, t_last = 34365933666
srv  get_availabl: updating prompt cache
srv          load:  - looking for better prompt, base f_keep = -1.000, sim = 0.000
srv        update:  - cache state: 43 prompts, 966.621 MiB (limits: 8192.000 MiB, 4096 tokens, 65527 est)
srv        update:    - prompt 0x3219180:     106 tokens, checkpoints:  0,    13.252 MiB
srv        update:    - prompt 0x3218d60:     107 tokens, checkpoints:  0,    13.377 MiB
srv        update:    - prompt 0x321a980:     106 tokens, checkpoints:  0,    13.252 MiB
srv        update:    - prompt 0x321dbb0:     107 tokens, checkpoints:  0,    13.377 MiB
srv        update:    - prompt 0xf0ef60:     105 tokens, checkpoints:  0,    13.127 MiB
srv        update:    - prompt 0xfd2770:     110 tokens, checkpoints:  0,    13.752 MiB
srv        update:    - prompt 0x321e630:     116 tokens, checkpoints:  0,    14.502 MiB
srv        update:    - prompt 0x4be6150:     109 tokens, checkpoints:  0,    13.627 MiB
srv        update:    - prompt 0x439f290:     113 tokens, checkpoints:  0,    14.127 MiB
srv        update:    - prompt 0x439c190:     108 tokens, checkpoints:  0,    13.502 MiB
srv        update:    - prompt 0x3ad05f0:     108 tokens, checkpoints:  0,    13.502 MiB
srv        update:    - prompt 0x323a460:     108 tokens, checkpoints:  0,    13.502 MiB
srv        update:    - prompt 0xee4860:     111 tokens, checkpoints:  0,    13.877 MiB
srv        update:    - prompt 0x3238470:     119 tokens, checkpoints:  0,    14.877 MiB
srv        update:    - prompt 0xf09400:     123 tokens, checkpoints:  0,    15.377 MiB
srv        update:    - prompt 0x322d890:     165 tokens, checkpoints:  0,    20.628 MiB
srv        update:    - prompt 0x3237530:     131 tokens, checkpoints:  0,    16.377 MiB
srv        update:    - prompt 0x3237430:     135 tokens, checkpoints:  0,    16.877 MiB
srv        update:    - prompt 0xf0c750:     132 tokens, checkpoints:  0,    16.502 MiB
srv        update:    - prompt 0x439ff90:     146 tokens, checkpoints:  0,    18.252 MiB
srv        update:    - prompt 0x3229e60:     130 tokens, checkpoints:  0,    16.252 MiB
srv        update:    - prompt 0x32228d0:     136 tokens, checkpoints:  0,    17.002 MiB
srv        update:    - prompt 0x322e950:     136 tokens, checkpoints:  0,    17.002 MiB
srv        update:    - prompt 0x3adad40:     241 tokens, checkpoints:  0,    30.129 MiB
srv        update:    - prompt 0x3226180:     325 tokens, checkpoints:  0,    40.629 MiB
srv        update:    - prompt 0xfffdc00062a0:     363 tokens, checkpoints:  0,    45.380 MiB
srv        update:    - prompt 0xfffdb8004ad0:     425 tokens, checkpoints:  0,    53.131 MiB
srv        update:    - prompt 0x439f4c0:     409 tokens, checkpoints:  0,    51.130 MiB
srv        update:    - prompt 0x438d640:     412 tokens, checkpoints:  0,    51.505 MiB
srv        update:    - prompt 0xf09890:     418 tokens, checkpoints:  0,    52.256 MiB
srv        update:    - prompt 0x3229da0:     415 tokens, checkpoints:  0,    51.880 MiB
srv        update:    - prompt 0x3ad7fe0:     431 tokens, checkpoints:  0,    53.881 MiB
srv        update:    - prompt 0x32349c0:     431 tokens, checkpoints:  0,    53.881 MiB
srv        update:    - prompt 0x3ad30f0:     107 tokens, checkpoints:  0,    13.377 MiB
srv        update:    - prompt 0x321fd80:     105 tokens, checkpoints:  0,    13.127 MiB
srv        update:    - prompt 0x3af3c80:     110 tokens, checkpoints:  0,    13.752 MiB
srv        update:    - prompt 0x3aeb450:     116 tokens, checkpoints:  0,    14.502 MiB
srv        update:    - prompt 0x11f0c00:     109 tokens, checkpoints:  0,    13.627 MiB
srv        update:    - prompt 0x43993b0:     113 tokens, checkpoints:  0,    14.127 MiB
srv        update:    - prompt 0xf0c4e0:     108 tokens, checkpoints:  0,    13.502 MiB
srv        update:    - prompt 0x32372b0:     108 tokens, checkpoints:  0,    13.502 MiB
srv        update:    - prompt 0xee1a40:     108 tokens, checkpoints:  0,    13.502 MiB
srv        update:    - prompt 0xee8940:     111 tokens, checkpoints:  0,    13.877 MiB
srv  get_availabl: prompt cache update took 0.18 ms
slot launch_slot_: id  3 | task -1 | sampler chain: logits -> ?penalties -> ?dry -> ?top-n-sigma -> top-k -> ?typical -> top-p -> min-p -> ?xtc -> temp-ext -> dist 
slot launch_slot_: id  3 | task 4444 | processing task, is_child = 0
slot slot_save_an: id  0 | task -1 | saving idle slot to prompt cache
srv   prompt_save:  - saving prompt with length 119, total state size = 14.877 MiB
slot prompt_clear: id  0 | task -1 | clearing prompt with 119 tokens
srv        update:  - cache state: 44 prompts, 981.498 MiB (limits: 8192.000 MiB, 4096 tokens, 65527 est)
srv        update:    - prompt 0x3219180:     106 tokens, checkpoints:  0,    13.252 MiB
srv        update:    - prompt 0x3218d60:     107 tokens, checkpoints:  0,    13.377 MiB
srv        update:    - prompt 0x321a980:     106 tokens, checkpoints:  0,    13.252 MiB
srv        update:    - prompt 0x321dbb0:     107 tokens, checkpoints:  0,    13.377 MiB
srv        update:    - prompt 0xf0ef60:     105 tokens, checkpoints:  0,    13.127 MiB
srv        update:    - prompt 0xfd2770:     110 tokens, checkpoints:  0,    13.752 MiB
srv        update:    - prompt 0x321e630:     116 tokens, checkpoints:  0,    14.502 MiB
srv        update:    - prompt 0x4be6150:     109 tokens, checkpoints:  0,    13.627 MiB
srv        update:    - prompt 0x439f290:     113 tokens, checkpoints:  0,    14.127 MiB
srv        update:    - prompt 0x439c190:     108 tokens, checkpoints:  0,    13.502 MiB
srv        update:    - prompt 0x3ad05f0:     108 tokens, checkpoints:  0,    13.502 MiB
srv        update:    - prompt 0x323a460:     108 tokens, checkpoints:  0,    13.502 MiB
srv        update:    - prompt 0xee4860:     111 tokens, checkpoints:  0,    13.877 MiB
srv        update:    - prompt 0x3238470:     119 tokens, checkpoints:  0,    14.877 MiB
srv        update:    - prompt 0xf09400:     123 tokens, checkpoints:  0,    15.377 MiB
srv        update:    - prompt 0x322d890:     165 tokens, checkpoints:  0,    20.628 MiB
srv        update:    - prompt 0x3237530:     131 tokens, checkpoints:  0,    16.377 MiB
srv        update:    - prompt 0x3237430:     135 tokens, checkpoints:  0,    16.877 MiB
srv        update:    - prompt 0xf0c750:     132 tokens, checkpoints:  0,    16.502 MiB
srv        update:    - prompt 0x439ff90:     146 tokens, checkpoints:  0,    18.252 MiB
srv        update:    - prompt 0x3229e60:     130 tokens, checkpoints:  0,    16.252 MiB
srv        update:    - prompt 0x32228d0:     136 tokens, checkpoints:  0,    17.002 MiB
srv        update:    - prompt 0x322e950:     136 tokens, checkpoints:  0,    17.002 MiB
srv        update:    - prompt 0x3adad40:     241 tokens, checkpoints:  0,    30.129 MiB
srv        update:    - prompt 0x3226180:     325 tokens, checkpoints:  0,    40.629 MiB
srv        update:    - prompt 0xfffdc00062a0:     363 tokens, checkpoints:  0,    45.380 MiB
srv        update:    - prompt 0xfffdb8004ad0:     425 tokens, checkpoints:  0,    53.131 MiB
srv        update:    - prompt 0x439f4c0:     409 tokens, checkpoints:  0,    51.130 MiB
srv        update:    - prompt 0x438d640:     412 tokens, checkpoints:  0,    51.505 MiB
srv        update:    - prompt 0xf09890:     418 tokens, checkpoints:  0,    52.256 MiB
srv        update:    - prompt 0x3229da0:     415 tokens, checkpoints:  0,    51.880 MiB
srv        update:    - prompt 0x3ad7fe0:     431 tokens, checkpoints:  0,    53.881 MiB
srv        update:    - prompt 0x32349c0:     431 tokens, checkpoints:  0,    53.881 MiB
srv        update:    - prompt 0x3ad30f0:     107 tokens, checkpoints:  0,    13.377 MiB
srv        update:    - prompt 0x321fd80:     105 tokens, checkpoints:  0,    13.127 MiB
srv        update:    - prompt 0x3af3c80:     110 tokens, checkpoints:  0,    13.752 MiB
srv        update:    - prompt 0x3aeb450:     116 tokens, checkpoints:  0,    14.502 MiB
srv        update:    - prompt 0x11f0c00:     109 tokens, checkpoints:  0,    13.627 MiB
srv        update:    - prompt 0x43993b0:     113 tokens, checkpoints:  0,    14.127 MiB
srv        update:    - prompt 0xf0c4e0:     108 tokens, checkpoints:  0,    13.502 MiB
srv        update:    - prompt 0x32372b0:     108 tokens, checkpoints:  0,    13.502 MiB
srv        update:    - prompt 0xee1a40:     108 tokens, checkpoints:  0,    13.502 MiB
srv        update:    - prompt 0xee8940:     111 tokens, checkpoints:  0,    13.877 MiB
srv        update:    - prompt 0x3ae40d0:     119 tokens, checkpoints:  0,    14.877 MiB
slot update_slots: id  3 | task 4444 | new prompt, n_ctx_slot = 4096, n_keep = 0, task.n_tokens = 24
slot update_slots: id  3 | task 4444 | n_tokens = 0, memory_seq_rm [0, end)
slot init_sampler: id  3 | task 4444 | init sampler, took 0.01 ms, tokens: text = 24, total = 24
slot update_slots: id  3 | task 4444 | prompt processing done, n_tokens = 24, batch.n_tokens = 24
srv  log_server_r: done request: POST /completion 127.0.0.1 200
slot print_timing: id  3 | task 4444 | 
prompt eval time =    1720.17 ms /    24 tokens (   71.67 ms per token,    13.95 tokens per second)
       eval time =    9042.59 ms /   100 tokens (   90.43 ms per token,    11.06 tokens per second)
      total time =   10762.76 ms /   124 tokens
slot      release: id  3 | task 4444 | stop processing: n_tokens = 123, truncated = 0
srv  update_slots: all slots are idle
slot get_availabl: id  2 | task -1 | selected slot by LRU, t_last = 34406991215
srv  get_availabl: updating prompt cache
srv          load:  - looking for better prompt, base f_keep = -1.000, sim = 0.000
srv          load:  - found better prompt with f_keep = 0.400, sim = 1.000
srv        update:  - cache state: 43 prompts, 960.870 MiB (limits: 8192.000 MiB, 4096 tokens, 65527 est)
srv        update:    - prompt 0x3219180:     106 tokens, checkpoints:  0,    13.252 MiB
srv        update:    - prompt 0x3218d60:     107 tokens, checkpoints:  0,    13.377 MiB
srv        update:    - prompt 0x321a980:     106 tokens, checkpoints:  0,    13.252 MiB
srv        update:    - prompt 0x321dbb0:     107 tokens, checkpoints:  0,    13.377 MiB
srv        update:    - prompt 0xf0ef60:     105 tokens, checkpoints:  0,    13.127 MiB
srv        update:    - prompt 0xfd2770:     110 tokens, checkpoints:  0,    13.752 MiB
srv        update:    - prompt 0x321e630:     116 tokens, checkpoints:  0,    14.502 MiB
srv        update:    - prompt 0x4be6150:     109 tokens, checkpoints:  0,    13.627 MiB
srv        update:    - prompt 0x439f290:     113 tokens, checkpoints:  0,    14.127 MiB
srv        update:    - prompt 0x439c190:     108 tokens, checkpoints:  0,    13.502 MiB
srv        update:    - prompt 0x3ad05f0:     108 tokens, checkpoints:  0,    13.502 MiB
srv        update:    - prompt 0x323a460:     108 tokens, checkpoints:  0,    13.502 MiB
srv        update:    - prompt 0xee4860:     111 tokens, checkpoints:  0,    13.877 MiB
srv        update:    - prompt 0x3238470:     119 tokens, checkpoints:  0,    14.877 MiB
srv        update:    - prompt 0xf09400:     123 tokens, checkpoints:  0,    15.377 MiB
srv        update:    - prompt 0x3237530:     131 tokens, checkpoints:  0,    16.377 MiB
srv        update:    - prompt 0x3237430:     135 tokens, checkpoints:  0,    16.877 MiB
srv        update:    - prompt 0xf0c750:     132 tokens, checkpoints:  0,    16.502 MiB
srv        update:    - prompt 0x439ff90:     146 tokens, checkpoints:  0,    18.252 MiB
srv        update:    - prompt 0x3229e60:     130 tokens, checkpoints:  0,    16.252 MiB
srv        update:    - prompt 0x32228d0:     136 tokens, checkpoints:  0,    17.002 MiB
srv        update:    - prompt 0x322e950:     136 tokens, checkpoints:  0,    17.002 MiB
srv        update:    - prompt 0x3adad40:     241 tokens, checkpoints:  0,    30.129 MiB
srv        update:    - prompt 0x3226180:     325 tokens, checkpoints:  0,    40.629 MiB
srv        update:    - prompt 0xfffdc00062a0:     363 tokens, checkpoints:  0,    45.380 MiB
srv        update:    - prompt 0xfffdb8004ad0:     425 tokens, checkpoints:  0,    53.131 MiB
srv        update:    - prompt 0x439f4c0:     409 tokens, checkpoints:  0,    51.130 MiB
srv        update:    - prompt 0x438d640:     412 tokens, checkpoints:  0,    51.505 MiB
srv        update:    - prompt 0xf09890:     418 tokens, checkpoints:  0,    52.256 MiB
srv        update:    - prompt 0x3229da0:     415 tokens, checkpoints:  0,    51.880 MiB
srv        update:    - prompt 0x3ad7fe0:     431 tokens, checkpoints:  0,    53.881 MiB
srv        update:    - prompt 0x32349c0:     431 tokens, checkpoints:  0,    53.881 MiB
srv        update:    - prompt 0x3ad30f0:     107 tokens, checkpoints:  0,    13.377 MiB
srv        update:    - prompt 0x321fd80:     105 tokens, checkpoints:  0,    13.127 MiB
srv        update:    - prompt 0x3af3c80:     110 tokens, checkpoints:  0,    13.752 MiB
srv        update:    - prompt 0x3aeb450:     116 tokens, checkpoints:  0,    14.502 MiB
srv        update:    - prompt 0x11f0c00:     109 tokens, checkpoints:  0,    13.627 MiB
srv        update:    - prompt 0x43993b0:     113 tokens, checkpoints:  0,    14.127 MiB
srv        update:    - prompt 0xf0c4e0:     108 tokens, checkpoints:  0,    13.502 MiB
srv        update:    - prompt 0x32372b0:     108 tokens, checkpoints:  0,    13.502 MiB
srv        update:    - prompt 0xee1a40:     108 tokens, checkpoints:  0,    13.502 MiB
srv        update:    - prompt 0xee8940:     111 tokens, checkpoints:  0,    13.877 MiB
srv        update:    - prompt 0x3ae40d0:     119 tokens, checkpoints:  0,    14.877 MiB
srv  get_availabl: prompt cache update took 6.84 ms
slot launch_slot_: id  2 | task -1 | sampler chain: logits -> ?penalties -> ?dry -> ?top-n-sigma -> top-k -> ?typical -> top-p -> min-p -> ?xtc -> temp-ext -> dist 
slot launch_slot_: id  2 | task 4545 | processing task, is_child = 0
slot slot_save_an: id  3 | task -1 | saving idle slot to prompt cache
srv   prompt_save:  - saving prompt with length 123, total state size = 15.377 MiB
slot prompt_clear: id  3 | task -1 | clearing prompt with 123 tokens
srv        update:  - cache state: 44 prompts, 976.247 MiB (limits: 8192.000 MiB, 4096 tokens, 65527 est)
srv        update:    - prompt 0x3219180:     106 tokens, checkpoints:  0,    13.252 MiB
srv        update:    - prompt 0x3218d60:     107 tokens, checkpoints:  0,    13.377 MiB
srv        update:    - prompt 0x321a980:     106 tokens, checkpoints:  0,    13.252 MiB
srv        update:    - prompt 0x321dbb0:     107 tokens, checkpoints:  0,    13.377 MiB
srv        update:    - prompt 0xf0ef60:     105 tokens, checkpoints:  0,    13.127 MiB
srv        update:    - prompt 0xfd2770:     110 tokens, checkpoints:  0,    13.752 MiB
srv        update:    - prompt 0x321e630:     116 tokens, checkpoints:  0,    14.502 MiB
srv        update:    - prompt 0x4be6150:     109 tokens, checkpoints:  0,    13.627 MiB
srv        update:    - prompt 0x439f290:     113 tokens, checkpoints:  0,    14.127 MiB
srv        update:    - prompt 0x439c190:     108 tokens, checkpoints:  0,    13.502 MiB
srv        update:    - prompt 0x3ad05f0:     108 tokens, checkpoints:  0,    13.502 MiB
srv        update:    - prompt 0x323a460:     108 tokens, checkpoints:  0,    13.502 MiB
srv        update:    - prompt 0xee4860:     111 tokens, checkpoints:  0,    13.877 MiB
srv        update:    - prompt 0x3238470:     119 tokens, checkpoints:  0,    14.877 MiB
srv        update:    - prompt 0xf09400:     123 tokens, checkpoints:  0,    15.377 MiB
srv        update:    - prompt 0x3237530:     131 tokens, checkpoints:  0,    16.377 MiB
srv        update:    - prompt 0x3237430:     135 tokens, checkpoints:  0,    16.877 MiB
srv        update:    - prompt 0xf0c750:     132 tokens, checkpoints:  0,    16.502 MiB
srv        update:    - prompt 0x439ff90:     146 tokens, checkpoints:  0,    18.252 MiB
srv        update:    - prompt 0x3229e60:     130 tokens, checkpoints:  0,    16.252 MiB
srv        update:    - prompt 0x32228d0:     136 tokens, checkpoints:  0,    17.002 MiB
srv        update:    - prompt 0x322e950:     136 tokens, checkpoints:  0,    17.002 MiB
srv        update:    - prompt 0x3adad40:     241 tokens, checkpoints:  0,    30.129 MiB
srv        update:    - prompt 0x3226180:     325 tokens, checkpoints:  0,    40.629 MiB
srv        update:    - prompt 0xfffdc00062a0:     363 tokens, checkpoints:  0,    45.380 MiB
srv        update:    - prompt 0xfffdb8004ad0:     425 tokens, checkpoints:  0,    53.131 MiB
srv        update:    - prompt 0x439f4c0:     409 tokens, checkpoints:  0,    51.130 MiB
srv        update:    - prompt 0x438d640:     412 tokens, checkpoints:  0,    51.505 MiB
srv        update:    - prompt 0xf09890:     418 tokens, checkpoints:  0,    52.256 MiB
srv        update:    - prompt 0x3229da0:     415 tokens, checkpoints:  0,    51.880 MiB
srv        update:    - prompt 0x3ad7fe0:     431 tokens, checkpoints:  0,    53.881 MiB
srv        update:    - prompt 0x32349c0:     431 tokens, checkpoints:  0,    53.881 MiB
srv        update:    - prompt 0x3ad30f0:     107 tokens, checkpoints:  0,    13.377 MiB
srv        update:    - prompt 0x321fd80:     105 tokens, checkpoints:  0,    13.127 MiB
srv        update:    - prompt 0x3af3c80:     110 tokens, checkpoints:  0,    13.752 MiB
srv        update:    - prompt 0x3aeb450:     116 tokens, checkpoints:  0,    14.502 MiB
srv        update:    - prompt 0x11f0c00:     109 tokens, checkpoints:  0,    13.627 MiB
srv        update:    - prompt 0x43993b0:     113 tokens, checkpoints:  0,    14.127 MiB
srv        update:    - prompt 0xf0c4e0:     108 tokens, checkpoints:  0,    13.502 MiB
srv        update:    - prompt 0x32372b0:     108 tokens, checkpoints:  0,    13.502 MiB
srv        update:    - prompt 0xee1a40:     108 tokens, checkpoints:  0,    13.502 MiB
srv        update:    - prompt 0xee8940:     111 tokens, checkpoints:  0,    13.877 MiB
srv        update:    - prompt 0x3ae40d0:     119 tokens, checkpoints:  0,    14.877 MiB
srv        update:    - prompt 0x322d890:     123 tokens, checkpoints:  0,    15.377 MiB
slot update_slots: id  2 | task 4545 | new prompt, n_ctx_slot = 4096, n_keep = 0, task.n_tokens = 66
slot update_slots: id  2 | task 4545 | need to evaluate at least 1 token for each active slot (n_past = 66, task.n_tokens() = 66)
slot update_slots: id  2 | task 4545 | n_past was set to 65
slot update_slots: id  2 | task 4545 | n_tokens = 65, memory_seq_rm [65, end)
slot init_sampler: id  2 | task 4545 | init sampler, took 0.04 ms, tokens: text = 66, total = 66
slot update_slots: id  2 | task 4545 | prompt processing done, n_tokens = 66, batch.n_tokens = 1
srv  log_server_r: done request: POST /completion 127.0.0.1 200
slot print_timing: id  2 | task 4545 | 
prompt eval time =      91.61 ms /     1 tokens (   91.61 ms per token,    10.92 tokens per second)
       eval time =    9095.15 ms /   100 tokens (   90.95 ms per token,    10.99 tokens per second)
      total time =    9186.76 ms /   101 tokens
slot      release: id  2 | task 4545 | stop processing: n_tokens = 165, truncated = 0
srv  update_slots: all slots are idle
slot get_availabl: id  1 | task -1 | selected slot by LRU, t_last = 34417474226
srv  get_availabl: updating prompt cache
srv          load:  - looking for better prompt, base f_keep = -1.000, sim = 0.000
srv        update:  - cache state: 44 prompts, 976.247 MiB (limits: 8192.000 MiB, 4096 tokens, 65527 est)
srv        update:    - prompt 0x3219180:     106 tokens, checkpoints:  0,    13.252 MiB
srv        update:    - prompt 0x3218d60:     107 tokens, checkpoints:  0,    13.377 MiB
srv        update:    - prompt 0x321a980:     106 tokens, checkpoints:  0,    13.252 MiB
srv        update:    - prompt 0x321dbb0:     107 tokens, checkpoints:  0,    13.377 MiB
srv        update:    - prompt 0xf0ef60:     105 tokens, checkpoints:  0,    13.127 MiB
srv        update:    - prompt 0xfd2770:     110 tokens, checkpoints:  0,    13.752 MiB
srv        update:    - prompt 0x321e630:     116 tokens, checkpoints:  0,    14.502 MiB
srv        update:    - prompt 0x4be6150:     109 tokens, checkpoints:  0,    13.627 MiB
srv        update:    - prompt 0x439f290:     113 tokens, checkpoints:  0,    14.127 MiB
srv        update:    - prompt 0x439c190:     108 tokens, checkpoints:  0,    13.502 MiB
srv        update:    - prompt 0x3ad05f0:     108 tokens, checkpoints:  0,    13.502 MiB
srv        update:    - prompt 0x323a460:     108 tokens, checkpoints:  0,    13.502 MiB
srv        update:    - prompt 0xee4860:     111 tokens, checkpoints:  0,    13.877 MiB
srv        update:    - prompt 0x3238470:     119 tokens, checkpoints:  0,    14.877 MiB
srv        update:    - prompt 0xf09400:     123 tokens, checkpoints:  0,    15.377 MiB
srv        update:    - prompt 0x3237530:     131 tokens, checkpoints:  0,    16.377 MiB
srv        update:    - prompt 0x3237430:     135 tokens, checkpoints:  0,    16.877 MiB
srv        update:    - prompt 0xf0c750:     132 tokens, checkpoints:  0,    16.502 MiB
srv        update:    - prompt 0x439ff90:     146 tokens, checkpoints:  0,    18.252 MiB
srv        update:    - prompt 0x3229e60:     130 tokens, checkpoints:  0,    16.252 MiB
srv        update:    - prompt 0x32228d0:     136 tokens, checkpoints:  0,    17.002 MiB
srv        update:    - prompt 0x322e950:     136 tokens, checkpoints:  0,    17.002 MiB
srv        update:    - prompt 0x3adad40:     241 tokens, checkpoints:  0,    30.129 MiB
srv        update:    - prompt 0x3226180:     325 tokens, checkpoints:  0,    40.629 MiB
srv        update:    - prompt 0xfffdc00062a0:     363 tokens, checkpoints:  0,    45.380 MiB
srv        update:    - prompt 0xfffdb8004ad0:     425 tokens, checkpoints:  0,    53.131 MiB
srv        update:    - prompt 0x439f4c0:     409 tokens, checkpoints:  0,    51.130 MiB
srv        update:    - prompt 0x438d640:     412 tokens, checkpoints:  0,    51.505 MiB
srv        update:    - prompt 0xf09890:     418 tokens, checkpoints:  0,    52.256 MiB
srv        update:    - prompt 0x3229da0:     415 tokens, checkpoints:  0,    51.880 MiB
srv        update:    - prompt 0x3ad7fe0:     431 tokens, checkpoints:  0,    53.881 MiB
srv        update:    - prompt 0x32349c0:     431 tokens, checkpoints:  0,    53.881 MiB
srv        update:    - prompt 0x3ad30f0:     107 tokens, checkpoints:  0,    13.377 MiB
srv        update:    - prompt 0x321fd80:     105 tokens, checkpoints:  0,    13.127 MiB
srv        update:    - prompt 0x3af3c80:     110 tokens, checkpoints:  0,    13.752 MiB
srv        update:    - prompt 0x3aeb450:     116 tokens, checkpoints:  0,    14.502 MiB
srv        update:    - prompt 0x11f0c00:     109 tokens, checkpoints:  0,    13.627 MiB
srv        update:    - prompt 0x43993b0:     113 tokens, checkpoints:  0,    14.127 MiB
srv        update:    - prompt 0xf0c4e0:     108 tokens, checkpoints:  0,    13.502 MiB
srv        update:    - prompt 0x32372b0:     108 tokens, checkpoints:  0,    13.502 MiB
srv        update:    - prompt 0xee1a40:     108 tokens, checkpoints:  0,    13.502 MiB
srv        update:    - prompt 0xee8940:     111 tokens, checkpoints:  0,    13.877 MiB
srv        update:    - prompt 0x3ae40d0:     119 tokens, checkpoints:  0,    14.877 MiB
srv        update:    - prompt 0x322d890:     123 tokens, checkpoints:  0,    15.377 MiB
srv  get_availabl: prompt cache update took 0.18 ms
slot launch_slot_: id  1 | task -1 | sampler chain: logits -> ?penalties -> ?dry -> ?top-n-sigma -> top-k -> ?typical -> top-p -> min-p -> ?xtc -> temp-ext -> dist 
slot launch_slot_: id  1 | task 4646 | processing task, is_child = 0
slot slot_save_an: id  2 | task -1 | saving idle slot to prompt cache
srv   prompt_save:  - saving prompt with length 165, total state size = 20.628 MiB
slot prompt_clear: id  2 | task -1 | clearing prompt with 165 tokens
srv        update:  - cache state: 45 prompts, 996.875 MiB (limits: 8192.000 MiB, 4096 tokens, 65527 est)
srv        update:    - prompt 0x3219180:     106 tokens, checkpoints:  0,    13.252 MiB
srv        update:    - prompt 0x3218d60:     107 tokens, checkpoints:  0,    13.377 MiB
srv        update:    - prompt 0x321a980:     106 tokens, checkpoints:  0,    13.252 MiB
srv        update:    - prompt 0x321dbb0:     107 tokens, checkpoints:  0,    13.377 MiB
srv        update:    - prompt 0xf0ef60:     105 tokens, checkpoints:  0,    13.127 MiB
srv        update:    - prompt 0xfd2770:     110 tokens, checkpoints:  0,    13.752 MiB
srv        update:    - prompt 0x321e630:     116 tokens, checkpoints:  0,    14.502 MiB
srv        update:    - prompt 0x4be6150:     109 tokens, checkpoints:  0,    13.627 MiB
srv        update:    - prompt 0x439f290:     113 tokens, checkpoints:  0,    14.127 MiB
srv        update:    - prompt 0x439c190:     108 tokens, checkpoints:  0,    13.502 MiB
srv        update:    - prompt 0x3ad05f0:     108 tokens, checkpoints:  0,    13.502 MiB
srv        update:    - prompt 0x323a460:     108 tokens, checkpoints:  0,    13.502 MiB
srv        update:    - prompt 0xee4860:     111 tokens, checkpoints:  0,    13.877 MiB
srv        update:    - prompt 0x3238470:     119 tokens, checkpoints:  0,    14.877 MiB
srv        update:    - prompt 0xf09400:     123 tokens, checkpoints:  0,    15.377 MiB
srv        update:    - prompt 0x3237530:     131 tokens, checkpoints:  0,    16.377 MiB
srv        update:    - prompt 0x3237430:     135 tokens, checkpoints:  0,    16.877 MiB
srv        update:    - prompt 0xf0c750:     132 tokens, checkpoints:  0,    16.502 MiB
srv        update:    - prompt 0x439ff90:     146 tokens, checkpoints:  0,    18.252 MiB
srv        update:    - prompt 0x3229e60:     130 tokens, checkpoints:  0,    16.252 MiB
srv        update:    - prompt 0x32228d0:     136 tokens, checkpoints:  0,    17.002 MiB
srv        update:    - prompt 0x322e950:     136 tokens, checkpoints:  0,    17.002 MiB
srv        update:    - prompt 0x3adad40:     241 tokens, checkpoints:  0,    30.129 MiB
srv        update:    - prompt 0x3226180:     325 tokens, checkpoints:  0,    40.629 MiB
srv        update:    - prompt 0xfffdc00062a0:     363 tokens, checkpoints:  0,    45.380 MiB
srv        update:    - prompt 0xfffdb8004ad0:     425 tokens, checkpoints:  0,    53.131 MiB
srv        update:    - prompt 0x439f4c0:     409 tokens, checkpoints:  0,    51.130 MiB
srv        update:    - prompt 0x438d640:     412 tokens, checkpoints:  0,    51.505 MiB
srv        update:    - prompt 0xf09890:     418 tokens, checkpoints:  0,    52.256 MiB
srv        update:    - prompt 0x3229da0:     415 tokens, checkpoints:  0,    51.880 MiB
srv        update:    - prompt 0x3ad7fe0:     431 tokens, checkpoints:  0,    53.881 MiB
srv        update:    - prompt 0x32349c0:     431 tokens, checkpoints:  0,    53.881 MiB
srv        update:    - prompt 0x3ad30f0:     107 tokens, checkpoints:  0,    13.377 MiB
srv        update:    - prompt 0x321fd80:     105 tokens, checkpoints:  0,    13.127 MiB
srv        update:    - prompt 0x3af3c80:     110 tokens, checkpoints:  0,    13.752 MiB
srv        update:    - prompt 0x3aeb450:     116 tokens, checkpoints:  0,    14.502 MiB
srv        update:    - prompt 0x11f0c00:     109 tokens, checkpoints:  0,    13.627 MiB
srv        update:    - prompt 0x43993b0:     113 tokens, checkpoints:  0,    14.127 MiB
srv        update:    - prompt 0xf0c4e0:     108 tokens, checkpoints:  0,    13.502 MiB
srv        update:    - prompt 0x32372b0:     108 tokens, checkpoints:  0,    13.502 MiB
srv        update:    - prompt 0xee1a40:     108 tokens, checkpoints:  0,    13.502 MiB
srv        update:    - prompt 0xee8940:     111 tokens, checkpoints:  0,    13.877 MiB
srv        update:    - prompt 0x3ae40d0:     119 tokens, checkpoints:  0,    14.877 MiB
srv        update:    - prompt 0x322d890:     123 tokens, checkpoints:  0,    15.377 MiB
srv        update:    - prompt 0x439f330:     165 tokens, checkpoints:  0,    20.628 MiB
slot update_slots: id  1 | task 4646 | new prompt, n_ctx_slot = 4096, n_keep = 0, task.n_tokens = 32
slot update_slots: id  1 | task 4646 | n_tokens = 0, memory_seq_rm [0, end)
slot init_sampler: id  1 | task 4646 | init sampler, took 0.02 ms, tokens: text = 32, total = 32
slot update_slots: id  1 | task 4646 | prompt processing done, n_tokens = 32, batch.n_tokens = 32
srv  log_server_r: done request: POST /completion 127.0.0.1 200
slot print_timing: id  1 | task 4646 | 
prompt eval time =    2283.27 ms /    32 tokens (   71.35 ms per token,    14.01 tokens per second)
       eval time =    9046.44 ms /   100 tokens (   90.46 ms per token,    11.05 tokens per second)
      total time =   11329.71 ms /   132 tokens
slot      release: id  1 | task 4646 | stop processing: n_tokens = 131, truncated = 0
srv  update_slots: all slots are idle
slot get_availabl: id  0 | task -1 | selected slot by LRU, t_last = 34428537177
srv  get_availabl: updating prompt cache
srv          load:  - looking for better prompt, base f_keep = -1.000, sim = 0.000
srv          load:  - found better prompt with f_keep = 0.267, sim = 1.000
srv        update:  - cache state: 44 prompts, 979.998 MiB (limits: 8192.000 MiB, 4096 tokens, 65527 est)
srv        update:    - prompt 0x3219180:     106 tokens, checkpoints:  0,    13.252 MiB
srv        update:    - prompt 0x3218d60:     107 tokens, checkpoints:  0,    13.377 MiB
srv        update:    - prompt 0x321a980:     106 tokens, checkpoints:  0,    13.252 MiB
srv        update:    - prompt 0x321dbb0:     107 tokens, checkpoints:  0,    13.377 MiB
srv        update:    - prompt 0xf0ef60:     105 tokens, checkpoints:  0,    13.127 MiB
srv        update:    - prompt 0xfd2770:     110 tokens, checkpoints:  0,    13.752 MiB
srv        update:    - prompt 0x321e630:     116 tokens, checkpoints:  0,    14.502 MiB
srv        update:    - prompt 0x4be6150:     109 tokens, checkpoints:  0,    13.627 MiB
srv        update:    - prompt 0x439f290:     113 tokens, checkpoints:  0,    14.127 MiB
srv        update:    - prompt 0x439c190:     108 tokens, checkpoints:  0,    13.502 MiB
srv        update:    - prompt 0x3ad05f0:     108 tokens, checkpoints:  0,    13.502 MiB
srv        update:    - prompt 0x323a460:     108 tokens, checkpoints:  0,    13.502 MiB
srv        update:    - prompt 0xee4860:     111 tokens, checkpoints:  0,    13.877 MiB
srv        update:    - prompt 0x3238470:     119 tokens, checkpoints:  0,    14.877 MiB
srv        update:    - prompt 0xf09400:     123 tokens, checkpoints:  0,    15.377 MiB
srv        update:    - prompt 0x3237530:     131 tokens, checkpoints:  0,    16.377 MiB
srv        update:    - prompt 0xf0c750:     132 tokens, checkpoints:  0,    16.502 MiB
srv        update:    - prompt 0x439ff90:     146 tokens, checkpoints:  0,    18.252 MiB
srv        update:    - prompt 0x3229e60:     130 tokens, checkpoints:  0,    16.252 MiB
srv        update:    - prompt 0x32228d0:     136 tokens, checkpoints:  0,    17.002 MiB
srv        update:    - prompt 0x322e950:     136 tokens, checkpoints:  0,    17.002 MiB
srv        update:    - prompt 0x3adad40:     241 tokens, checkpoints:  0,    30.129 MiB
srv        update:    - prompt 0x3226180:     325 tokens, checkpoints:  0,    40.629 MiB
srv        update:    - prompt 0xfffdc00062a0:     363 tokens, checkpoints:  0,    45.380 MiB
srv        update:    - prompt 0xfffdb8004ad0:     425 tokens, checkpoints:  0,    53.131 MiB
srv        update:    - prompt 0x439f4c0:     409 tokens, checkpoints:  0,    51.130 MiB
srv        update:    - prompt 0x438d640:     412 tokens, checkpoints:  0,    51.505 MiB
srv        update:    - prompt 0xf09890:     418 tokens, checkpoints:  0,    52.256 MiB
srv        update:    - prompt 0x3229da0:     415 tokens, checkpoints:  0,    51.880 MiB
srv        update:    - prompt 0x3ad7fe0:     431 tokens, checkpoints:  0,    53.881 MiB
srv        update:    - prompt 0x32349c0:     431 tokens, checkpoints:  0,    53.881 MiB
srv        update:    - prompt 0x3ad30f0:     107 tokens, checkpoints:  0,    13.377 MiB
srv        update:    - prompt 0x321fd80:     105 tokens, checkpoints:  0,    13.127 MiB
srv        update:    - prompt 0x3af3c80:     110 tokens, checkpoints:  0,    13.752 MiB
srv        update:    - prompt 0x3aeb450:     116 tokens, checkpoints:  0,    14.502 MiB
srv        update:    - prompt 0x11f0c00:     109 tokens, checkpoints:  0,    13.627 MiB
srv        update:    - prompt 0x43993b0:     113 tokens, checkpoints:  0,    14.127 MiB
srv        update:    - prompt 0xf0c4e0:     108 tokens, checkpoints:  0,    13.502 MiB
srv        update:    - prompt 0x32372b0:     108 tokens, checkpoints:  0,    13.502 MiB
srv        update:    - prompt 0xee1a40:     108 tokens, checkpoints:  0,    13.502 MiB
srv        update:    - prompt 0xee8940:     111 tokens, checkpoints:  0,    13.877 MiB
srv        update:    - prompt 0x3ae40d0:     119 tokens, checkpoints:  0,    14.877 MiB
srv        update:    - prompt 0x322d890:     123 tokens, checkpoints:  0,    15.377 MiB
srv        update:    - prompt 0x439f330:     165 tokens, checkpoints:  0,    20.628 MiB
srv  get_availabl: prompt cache update took 5.64 ms
slot launch_slot_: id  0 | task -1 | sampler chain: logits -> ?penalties -> ?dry -> ?top-n-sigma -> top-k -> ?typical -> top-p -> min-p -> ?xtc -> temp-ext -> dist 
slot launch_slot_: id  0 | task 4747 | processing task, is_child = 0
slot slot_save_an: id  1 | task -1 | saving idle slot to prompt cache
srv   prompt_save:  - saving prompt with length 131, total state size = 16.377 MiB
slot prompt_clear: id  1 | task -1 | clearing prompt with 131 tokens
srv        update:  - cache state: 45 prompts, 996.375 MiB (limits: 8192.000 MiB, 4096 tokens, 65527 est)
srv        update:    - prompt 0x3219180:     106 tokens, checkpoints:  0,    13.252 MiB
srv        update:    - prompt 0x3218d60:     107 tokens, checkpoints:  0,    13.377 MiB
srv        update:    - prompt 0x321a980:     106 tokens, checkpoints:  0,    13.252 MiB
srv        update:    - prompt 0x321dbb0:     107 tokens, checkpoints:  0,    13.377 MiB
srv        update:    - prompt 0xf0ef60:     105 tokens, checkpoints:  0,    13.127 MiB
srv        update:    - prompt 0xfd2770:     110 tokens, checkpoints:  0,    13.752 MiB
srv        update:    - prompt 0x321e630:     116 tokens, checkpoints:  0,    14.502 MiB
srv        update:    - prompt 0x4be6150:     109 tokens, checkpoints:  0,    13.627 MiB
srv        update:    - prompt 0x439f290:     113 tokens, checkpoints:  0,    14.127 MiB
srv        update:    - prompt 0x439c190:     108 tokens, checkpoints:  0,    13.502 MiB
srv        update:    - prompt 0x3ad05f0:     108 tokens, checkpoints:  0,    13.502 MiB
srv        update:    - prompt 0x323a460:     108 tokens, checkpoints:  0,    13.502 MiB
srv        update:    - prompt 0xee4860:     111 tokens, checkpoints:  0,    13.877 MiB
srv        update:    - prompt 0x3238470:     119 tokens, checkpoints:  0,    14.877 MiB
srv        update:    - prompt 0xf09400:     123 tokens, checkpoints:  0,    15.377 MiB
srv        update:    - prompt 0x3237530:     131 tokens, checkpoints:  0,    16.377 MiB
srv        update:    - prompt 0xf0c750:     132 tokens, checkpoints:  0,    16.502 MiB
srv        update:    - prompt 0x439ff90:     146 tokens, checkpoints:  0,    18.252 MiB
srv        update:    - prompt 0x3229e60:     130 tokens, checkpoints:  0,    16.252 MiB
srv        update:    - prompt 0x32228d0:     136 tokens, checkpoints:  0,    17.002 MiB
srv        update:    - prompt 0x322e950:     136 tokens, checkpoints:  0,    17.002 MiB
srv        update:    - prompt 0x3adad40:     241 tokens, checkpoints:  0,    30.129 MiB
srv        update:    - prompt 0x3226180:     325 tokens, checkpoints:  0,    40.629 MiB
srv        update:    - prompt 0xfffdc00062a0:     363 tokens, checkpoints:  0,    45.380 MiB
srv        update:    - prompt 0xfffdb8004ad0:     425 tokens, checkpoints:  0,    53.131 MiB
srv        update:    - prompt 0x439f4c0:     409 tokens, checkpoints:  0,    51.130 MiB
srv        update:    - prompt 0x438d640:     412 tokens, checkpoints:  0,    51.505 MiB
srv        update:    - prompt 0xf09890:     418 tokens, checkpoints:  0,    52.256 MiB
srv        update:    - prompt 0x3229da0:     415 tokens, checkpoints:  0,    51.880 MiB
srv        update:    - prompt 0x3ad7fe0:     431 tokens, checkpoints:  0,    53.881 MiB
srv        update:    - prompt 0x32349c0:     431 tokens, checkpoints:  0,    53.881 MiB
srv        update:    - prompt 0x3ad30f0:     107 tokens, checkpoints:  0,    13.377 MiB
srv        update:    - prompt 0x321fd80:     105 tokens, checkpoints:  0,    13.127 MiB
srv        update:    - prompt 0x3af3c80:     110 tokens, checkpoints:  0,    13.752 MiB
srv        update:    - prompt 0x3aeb450:     116 tokens, checkpoints:  0,    14.502 MiB
srv        update:    - prompt 0x11f0c00:     109 tokens, checkpoints:  0,    13.627 MiB
srv        update:    - prompt 0x43993b0:     113 tokens, checkpoints:  0,    14.127 MiB
srv        update:    - prompt 0xf0c4e0:     108 tokens, checkpoints:  0,    13.502 MiB
srv        update:    - prompt 0x32372b0:     108 tokens, checkpoints:  0,    13.502 MiB
srv        update:    - prompt 0xee1a40:     108 tokens, checkpoints:  0,    13.502 MiB
srv        update:    - prompt 0xee8940:     111 tokens, checkpoints:  0,    13.877 MiB
srv        update:    - prompt 0x3ae40d0:     119 tokens, checkpoints:  0,    14.877 MiB
srv        update:    - prompt 0x322d890:     123 tokens, checkpoints:  0,    15.377 MiB
srv        update:    - prompt 0x439f330:     165 tokens, checkpoints:  0,    20.628 MiB
srv        update:    - prompt 0x3237430:     131 tokens, checkpoints:  0,    16.377 MiB
slot update_slots: id  0 | task 4747 | new prompt, n_ctx_slot = 4096, n_keep = 0, task.n_tokens = 36
slot update_slots: id  0 | task 4747 | need to evaluate at least 1 token for each active slot (n_past = 36, task.n_tokens() = 36)
slot update_slots: id  0 | task 4747 | n_past was set to 35
slot update_slots: id  0 | task 4747 | n_tokens = 35, memory_seq_rm [35, end)
slot init_sampler: id  0 | task 4747 | init sampler, took 0.02 ms, tokens: text = 36, total = 36
slot update_slots: id  0 | task 4747 | prompt processing done, n_tokens = 36, batch.n_tokens = 1
srv  log_server_r: done request: POST /completion 127.0.0.1 200
slot print_timing: id  0 | task 4747 | 
prompt eval time =      91.71 ms /     1 tokens (   91.71 ms per token,    10.90 tokens per second)
       eval time =    9034.50 ms /   100 tokens (   90.34 ms per token,    11.07 tokens per second)
      total time =    9126.21 ms /   101 tokens
slot      release: id  0 | task 4747 | stop processing: n_tokens = 135, truncated = 0
srv  update_slots: all slots are idle
slot get_availabl: id  3 | task -1 | selected slot by LRU, t_last = 34439889343
srv  get_availabl: updating prompt cache
srv          load:  - looking for better prompt, base f_keep = -1.000, sim = 0.000
srv          load:  - found better prompt with f_keep = 0.250, sim = 1.000
srv        update:  - cache state: 44 prompts, 979.873 MiB (limits: 8192.000 MiB, 4096 tokens, 65527 est)
srv        update:    - prompt 0x3219180:     106 tokens, checkpoints:  0,    13.252 MiB
srv        update:    - prompt 0x3218d60:     107 tokens, checkpoints:  0,    13.377 MiB
srv        update:    - prompt 0x321a980:     106 tokens, checkpoints:  0,    13.252 MiB
srv        update:    - prompt 0x321dbb0:     107 tokens, checkpoints:  0,    13.377 MiB
srv        update:    - prompt 0xf0ef60:     105 tokens, checkpoints:  0,    13.127 MiB
srv        update:    - prompt 0xfd2770:     110 tokens, checkpoints:  0,    13.752 MiB
srv        update:    - prompt 0x321e630:     116 tokens, checkpoints:  0,    14.502 MiB
srv        update:    - prompt 0x4be6150:     109 tokens, checkpoints:  0,    13.627 MiB
srv        update:    - prompt 0x439f290:     113 tokens, checkpoints:  0,    14.127 MiB
srv        update:    - prompt 0x439c190:     108 tokens, checkpoints:  0,    13.502 MiB
srv        update:    - prompt 0x3ad05f0:     108 tokens, checkpoints:  0,    13.502 MiB
srv        update:    - prompt 0x323a460:     108 tokens, checkpoints:  0,    13.502 MiB
srv        update:    - prompt 0xee4860:     111 tokens, checkpoints:  0,    13.877 MiB
srv        update:    - prompt 0x3238470:     119 tokens, checkpoints:  0,    14.877 MiB
srv        update:    - prompt 0xf09400:     123 tokens, checkpoints:  0,    15.377 MiB
srv        update:    - prompt 0x3237530:     131 tokens, checkpoints:  0,    16.377 MiB
srv        update:    - prompt 0x439ff90:     146 tokens, checkpoints:  0,    18.252 MiB
srv        update:    - prompt 0x3229e60:     130 tokens, checkpoints:  0,    16.252 MiB
srv        update:    - prompt 0x32228d0:     136 tokens, checkpoints:  0,    17.002 MiB
srv        update:    - prompt 0x322e950:     136 tokens, checkpoints:  0,    17.002 MiB
srv        update:    - prompt 0x3adad40:     241 tokens, checkpoints:  0,    30.129 MiB
srv        update:    - prompt 0x3226180:     325 tokens, checkpoints:  0,    40.629 MiB
srv        update:    - prompt 0xfffdc00062a0:     363 tokens, checkpoints:  0,    45.380 MiB
srv        update:    - prompt 0xfffdb8004ad0:     425 tokens, checkpoints:  0,    53.131 MiB
srv        update:    - prompt 0x439f4c0:     409 tokens, checkpoints:  0,    51.130 MiB
srv        update:    - prompt 0x438d640:     412 tokens, checkpoints:  0,    51.505 MiB
srv        update:    - prompt 0xf09890:     418 tokens, checkpoints:  0,    52.256 MiB
srv        update:    - prompt 0x3229da0:     415 tokens, checkpoints:  0,    51.880 MiB
srv        update:    - prompt 0x3ad7fe0:     431 tokens, checkpoints:  0,    53.881 MiB
srv        update:    - prompt 0x32349c0:     431 tokens, checkpoints:  0,    53.881 MiB
srv        update:    - prompt 0x3ad30f0:     107 tokens, checkpoints:  0,    13.377 MiB
srv        update:    - prompt 0x321fd80:     105 tokens, checkpoints:  0,    13.127 MiB
srv        update:    - prompt 0x3af3c80:     110 tokens, checkpoints:  0,    13.752 MiB
srv        update:    - prompt 0x3aeb450:     116 tokens, checkpoints:  0,    14.502 MiB
srv        update:    - prompt 0x11f0c00:     109 tokens, checkpoints:  0,    13.627 MiB
srv        update:    - prompt 0x43993b0:     113 tokens, checkpoints:  0,    14.127 MiB
srv        update:    - prompt 0xf0c4e0:     108 tokens, checkpoints:  0,    13.502 MiB
srv        update:    - prompt 0x32372b0:     108 tokens, checkpoints:  0,    13.502 MiB
srv        update:    - prompt 0xee1a40:     108 tokens, checkpoints:  0,    13.502 MiB
srv        update:    - prompt 0xee8940:     111 tokens, checkpoints:  0,    13.877 MiB
srv        update:    - prompt 0x3ae40d0:     119 tokens, checkpoints:  0,    14.877 MiB
srv        update:    - prompt 0x322d890:     123 tokens, checkpoints:  0,    15.377 MiB
srv        update:    - prompt 0x439f330:     165 tokens, checkpoints:  0,    20.628 MiB
srv        update:    - prompt 0x3237430:     131 tokens, checkpoints:  0,    16.377 MiB
srv  get_availabl: prompt cache update took 5.80 ms
slot launch_slot_: id  3 | task -1 | sampler chain: logits -> ?penalties -> ?dry -> ?top-n-sigma -> top-k -> ?typical -> top-p -> min-p -> ?xtc -> temp-ext -> dist 
slot launch_slot_: id  3 | task 4848 | processing task, is_child = 0
slot slot_save_an: id  0 | task -1 | saving idle slot to prompt cache
srv   prompt_save:  - saving prompt with length 135, total state size = 16.877 MiB
slot prompt_clear: id  0 | task -1 | clearing prompt with 135 tokens
srv        update:  - cache state: 45 prompts, 996.750 MiB (limits: 8192.000 MiB, 4096 tokens, 65527 est)
srv        update:    - prompt 0x3219180:     106 tokens, checkpoints:  0,    13.252 MiB
srv        update:    - prompt 0x3218d60:     107 tokens, checkpoints:  0,    13.377 MiB
srv        update:    - prompt 0x321a980:     106 tokens, checkpoints:  0,    13.252 MiB
srv        update:    - prompt 0x321dbb0:     107 tokens, checkpoints:  0,    13.377 MiB
srv        update:    - prompt 0xf0ef60:     105 tokens, checkpoints:  0,    13.127 MiB
srv        update:    - prompt 0xfd2770:     110 tokens, checkpoints:  0,    13.752 MiB
srv        update:    - prompt 0x321e630:     116 tokens, checkpoints:  0,    14.502 MiB
srv        update:    - prompt 0x4be6150:     109 tokens, checkpoints:  0,    13.627 MiB
srv        update:    - prompt 0x439f290:     113 tokens, checkpoints:  0,    14.127 MiB
srv        update:    - prompt 0x439c190:     108 tokens, checkpoints:  0,    13.502 MiB
srv        update:    - prompt 0x3ad05f0:     108 tokens, checkpoints:  0,    13.502 MiB
srv        update:    - prompt 0x323a460:     108 tokens, checkpoints:  0,    13.502 MiB
srv        update:    - prompt 0xee4860:     111 tokens, checkpoints:  0,    13.877 MiB
srv        update:    - prompt 0x3238470:     119 tokens, checkpoints:  0,    14.877 MiB
srv        update:    - prompt 0xf09400:     123 tokens, checkpoints:  0,    15.377 MiB
srv        update:    - prompt 0x3237530:     131 tokens, checkpoints:  0,    16.377 MiB
srv        update:    - prompt 0x439ff90:     146 tokens, checkpoints:  0,    18.252 MiB
srv        update:    - prompt 0x3229e60:     130 tokens, checkpoints:  0,    16.252 MiB
srv        update:    - prompt 0x32228d0:     136 tokens, checkpoints:  0,    17.002 MiB
srv        update:    - prompt 0x322e950:     136 tokens, checkpoints:  0,    17.002 MiB
srv        update:    - prompt 0x3adad40:     241 tokens, checkpoints:  0,    30.129 MiB
srv        update:    - prompt 0x3226180:     325 tokens, checkpoints:  0,    40.629 MiB
srv        update:    - prompt 0xfffdc00062a0:     363 tokens, checkpoints:  0,    45.380 MiB
srv        update:    - prompt 0xfffdb8004ad0:     425 tokens, checkpoints:  0,    53.131 MiB
srv        update:    - prompt 0x439f4c0:     409 tokens, checkpoints:  0,    51.130 MiB
srv        update:    - prompt 0x438d640:     412 tokens, checkpoints:  0,    51.505 MiB
srv        update:    - prompt 0xf09890:     418 tokens, checkpoints:  0,    52.256 MiB
srv        update:    - prompt 0x3229da0:     415 tokens, checkpoints:  0,    51.880 MiB
srv        update:    - prompt 0x3ad7fe0:     431 tokens, checkpoints:  0,    53.881 MiB
srv        update:    - prompt 0x32349c0:     431 tokens, checkpoints:  0,    53.881 MiB
srv        update:    - prompt 0x3ad30f0:     107 tokens, checkpoints:  0,    13.377 MiB
srv        update:    - prompt 0x321fd80:     105 tokens, checkpoints:  0,    13.127 MiB
srv        update:    - prompt 0x3af3c80:     110 tokens, checkpoints:  0,    13.752 MiB
srv        update:    - prompt 0x3aeb450:     116 tokens, checkpoints:  0,    14.502 MiB
srv        update:    - prompt 0x11f0c00:     109 tokens, checkpoints:  0,    13.627 MiB
srv        update:    - prompt 0x43993b0:     113 tokens, checkpoints:  0,    14.127 MiB
srv        update:    - prompt 0xf0c4e0:     108 tokens, checkpoints:  0,    13.502 MiB
srv        update:    - prompt 0x32372b0:     108 tokens, checkpoints:  0,    13.502 MiB
srv        update:    - prompt 0xee1a40:     108 tokens, checkpoints:  0,    13.502 MiB
srv        update:    - prompt 0xee8940:     111 tokens, checkpoints:  0,    13.877 MiB
srv        update:    - prompt 0x3ae40d0:     119 tokens, checkpoints:  0,    14.877 MiB
srv        update:    - prompt 0x322d890:     123 tokens, checkpoints:  0,    15.377 MiB
srv        update:    - prompt 0x439f330:     165 tokens, checkpoints:  0,    20.628 MiB
srv        update:    - prompt 0x3237430:     131 tokens, checkpoints:  0,    16.377 MiB
srv        update:    - prompt 0xf0c750:     135 tokens, checkpoints:  0,    16.877 MiB
slot update_slots: id  3 | task 4848 | new prompt, n_ctx_slot = 4096, n_keep = 0, task.n_tokens = 33
slot update_slots: id  3 | task 4848 | need to evaluate at least 1 token for each active slot (n_past = 33, task.n_tokens() = 33)
slot update_slots: id  3 | task 4848 | n_past was set to 32
slot update_slots: id  3 | task 4848 | n_tokens = 32, memory_seq_rm [32, end)
slot init_sampler: id  3 | task 4848 | init sampler, took 0.02 ms, tokens: text = 33, total = 33
slot update_slots: id  3 | task 4848 | prompt processing done, n_tokens = 33, batch.n_tokens = 1
srv  log_server_r: done request: POST /completion 127.0.0.1 200
slot print_timing: id  3 | task 4848 | 
prompt eval time =      90.31 ms /     1 tokens (   90.31 ms per token,    11.07 tokens per second)
       eval time =    8978.94 ms /   100 tokens (   89.79 ms per token,    11.14 tokens per second)
      total time =    9069.26 ms /   101 tokens
slot      release: id  3 | task 4848 | stop processing: n_tokens = 132, truncated = 0
srv  update_slots: all slots are idle
slot get_availabl: id  2 | task -1 | selected slot by LRU, t_last = 34449671463
srv  get_availabl: updating prompt cache
srv          load:  - looking for better prompt, base f_keep = -1.000, sim = 0.000
srv          load:  - found better prompt with f_keep = 0.322, sim = 1.000
srv        update:  - cache state: 44 prompts, 978.497 MiB (limits: 8192.000 MiB, 4096 tokens, 65527 est)
srv        update:    - prompt 0x3219180:     106 tokens, checkpoints:  0,    13.252 MiB
srv        update:    - prompt 0x3218d60:     107 tokens, checkpoints:  0,    13.377 MiB
srv        update:    - prompt 0x321a980:     106 tokens, checkpoints:  0,    13.252 MiB
srv        update:    - prompt 0x321dbb0:     107 tokens, checkpoints:  0,    13.377 MiB
srv        update:    - prompt 0xf0ef60:     105 tokens, checkpoints:  0,    13.127 MiB
srv        update:    - prompt 0xfd2770:     110 tokens, checkpoints:  0,    13.752 MiB
srv        update:    - prompt 0x321e630:     116 tokens, checkpoints:  0,    14.502 MiB
srv        update:    - prompt 0x4be6150:     109 tokens, checkpoints:  0,    13.627 MiB
srv        update:    - prompt 0x439f290:     113 tokens, checkpoints:  0,    14.127 MiB
srv        update:    - prompt 0x439c190:     108 tokens, checkpoints:  0,    13.502 MiB
srv        update:    - prompt 0x3ad05f0:     108 tokens, checkpoints:  0,    13.502 MiB
srv        update:    - prompt 0x323a460:     108 tokens, checkpoints:  0,    13.502 MiB
srv        update:    - prompt 0xee4860:     111 tokens, checkpoints:  0,    13.877 MiB
srv        update:    - prompt 0x3238470:     119 tokens, checkpoints:  0,    14.877 MiB
srv        update:    - prompt 0xf09400:     123 tokens, checkpoints:  0,    15.377 MiB
srv        update:    - prompt 0x3237530:     131 tokens, checkpoints:  0,    16.377 MiB
srv        update:    - prompt 0x3229e60:     130 tokens, checkpoints:  0,    16.252 MiB
srv        update:    - prompt 0x32228d0:     136 tokens, checkpoints:  0,    17.002 MiB
srv        update:    - prompt 0x322e950:     136 tokens, checkpoints:  0,    17.002 MiB
srv        update:    - prompt 0x3adad40:     241 tokens, checkpoints:  0,    30.129 MiB
srv        update:    - prompt 0x3226180:     325 tokens, checkpoints:  0,    40.629 MiB
srv        update:    - prompt 0xfffdc00062a0:     363 tokens, checkpoints:  0,    45.380 MiB
srv        update:    - prompt 0xfffdb8004ad0:     425 tokens, checkpoints:  0,    53.131 MiB
srv        update:    - prompt 0x439f4c0:     409 tokens, checkpoints:  0,    51.130 MiB
srv        update:    - prompt 0x438d640:     412 tokens, checkpoints:  0,    51.505 MiB
srv        update:    - prompt 0xf09890:     418 tokens, checkpoints:  0,    52.256 MiB
srv        update:    - prompt 0x3229da0:     415 tokens, checkpoints:  0,    51.880 MiB
srv        update:    - prompt 0x3ad7fe0:     431 tokens, checkpoints:  0,    53.881 MiB
srv        update:    - prompt 0x32349c0:     431 tokens, checkpoints:  0,    53.881 MiB
srv        update:    - prompt 0x3ad30f0:     107 tokens, checkpoints:  0,    13.377 MiB
srv        update:    - prompt 0x321fd80:     105 tokens, checkpoints:  0,    13.127 MiB
srv        update:    - prompt 0x3af3c80:     110 tokens, checkpoints:  0,    13.752 MiB
srv        update:    - prompt 0x3aeb450:     116 tokens, checkpoints:  0,    14.502 MiB
srv        update:    - prompt 0x11f0c00:     109 tokens, checkpoints:  0,    13.627 MiB
srv        update:    - prompt 0x43993b0:     113 tokens, checkpoints:  0,    14.127 MiB
srv        update:    - prompt 0xf0c4e0:     108 tokens, checkpoints:  0,    13.502 MiB
srv        update:    - prompt 0x32372b0:     108 tokens, checkpoints:  0,    13.502 MiB
srv        update:    - prompt 0xee1a40:     108 tokens, checkpoints:  0,    13.502 MiB
srv        update:    - prompt 0xee8940:     111 tokens, checkpoints:  0,    13.877 MiB
srv        update:    - prompt 0x3ae40d0:     119 tokens, checkpoints:  0,    14.877 MiB
srv        update:    - prompt 0x322d890:     123 tokens, checkpoints:  0,    15.377 MiB
srv        update:    - prompt 0x439f330:     165 tokens, checkpoints:  0,    20.628 MiB
srv        update:    - prompt 0x3237430:     131 tokens, checkpoints:  0,    16.377 MiB
srv        update:    - prompt 0xf0c750:     135 tokens, checkpoints:  0,    16.877 MiB
srv  get_availabl: prompt cache update took 6.33 ms
slot launch_slot_: id  2 | task -1 | sampler chain: logits -> ?penalties -> ?dry -> ?top-n-sigma -> top-k -> ?typical -> top-p -> min-p -> ?xtc -> temp-ext -> dist 
slot launch_slot_: id  2 | task 4949 | processing task, is_child = 0
slot slot_save_an: id  3 | task -1 | saving idle slot to prompt cache
srv   prompt_save:  - saving prompt with length 132, total state size = 16.502 MiB
slot prompt_clear: id  3 | task -1 | clearing prompt with 132 tokens
srv        update:  - cache state: 45 prompts, 995.000 MiB (limits: 8192.000 MiB, 4096 tokens, 65527 est)
srv        update:    - prompt 0x3219180:     106 tokens, checkpoints:  0,    13.252 MiB
srv        update:    - prompt 0x3218d60:     107 tokens, checkpoints:  0,    13.377 MiB
srv        update:    - prompt 0x321a980:     106 tokens, checkpoints:  0,    13.252 MiB
srv        update:    - prompt 0x321dbb0:     107 tokens, checkpoints:  0,    13.377 MiB
srv        update:    - prompt 0xf0ef60:     105 tokens, checkpoints:  0,    13.127 MiB
srv        update:    - prompt 0xfd2770:     110 tokens, checkpoints:  0,    13.752 MiB
srv        update:    - prompt 0x321e630:     116 tokens, checkpoints:  0,    14.502 MiB
srv        update:    - prompt 0x4be6150:     109 tokens, checkpoints:  0,    13.627 MiB
srv        update:    - prompt 0x439f290:     113 tokens, checkpoints:  0,    14.127 MiB
srv        update:    - prompt 0x439c190:     108 tokens, checkpoints:  0,    13.502 MiB
srv        update:    - prompt 0x3ad05f0:     108 tokens, checkpoints:  0,    13.502 MiB
srv        update:    - prompt 0x323a460:     108 tokens, checkpoints:  0,    13.502 MiB
srv        update:    - prompt 0xee4860:     111 tokens, checkpoints:  0,    13.877 MiB
srv        update:    - prompt 0x3238470:     119 tokens, checkpoints:  0,    14.877 MiB
srv        update:    - prompt 0xf09400:     123 tokens, checkpoints:  0,    15.377 MiB
srv        update:    - prompt 0x3237530:     131 tokens, checkpoints:  0,    16.377 MiB
srv        update:    - prompt 0x3229e60:     130 tokens, checkpoints:  0,    16.252 MiB
srv        update:    - prompt 0x32228d0:     136 tokens, checkpoints:  0,    17.002 MiB
srv        update:    - prompt 0x322e950:     136 tokens, checkpoints:  0,    17.002 MiB
srv        update:    - prompt 0x3adad40:     241 tokens, checkpoints:  0,    30.129 MiB
srv        update:    - prompt 0x3226180:     325 tokens, checkpoints:  0,    40.629 MiB
srv        update:    - prompt 0xfffdc00062a0:     363 tokens, checkpoints:  0,    45.380 MiB
srv        update:    - prompt 0xfffdb8004ad0:     425 tokens, checkpoints:  0,    53.131 MiB
srv        update:    - prompt 0x439f4c0:     409 tokens, checkpoints:  0,    51.130 MiB
srv        update:    - prompt 0x438d640:     412 tokens, checkpoints:  0,    51.505 MiB
srv        update:    - prompt 0xf09890:     418 tokens, checkpoints:  0,    52.256 MiB
srv        update:    - prompt 0x3229da0:     415 tokens, checkpoints:  0,    51.880 MiB
srv        update:    - prompt 0x3ad7fe0:     431 tokens, checkpoints:  0,    53.881 MiB
srv        update:    - prompt 0x32349c0:     431 tokens, checkpoints:  0,    53.881 MiB
srv        update:    - prompt 0x3ad30f0:     107 tokens, checkpoints:  0,    13.377 MiB
srv        update:    - prompt 0x321fd80:     105 tokens, checkpoints:  0,    13.127 MiB
srv        update:    - prompt 0x3af3c80:     110 tokens, checkpoints:  0,    13.752 MiB
srv        update:    - prompt 0x3aeb450:     116 tokens, checkpoints:  0,    14.502 MiB
srv        update:    - prompt 0x11f0c00:     109 tokens, checkpoints:  0,    13.627 MiB
srv        update:    - prompt 0x43993b0:     113 tokens, checkpoints:  0,    14.127 MiB
srv        update:    - prompt 0xf0c4e0:     108 tokens, checkpoints:  0,    13.502 MiB
srv        update:    - prompt 0x32372b0:     108 tokens, checkpoints:  0,    13.502 MiB
srv        update:    - prompt 0xee1a40:     108 tokens, checkpoints:  0,    13.502 MiB
srv        update:    - prompt 0xee8940:     111 tokens, checkpoints:  0,    13.877 MiB
srv        update:    - prompt 0x3ae40d0:     119 tokens, checkpoints:  0,    14.877 MiB
srv        update:    - prompt 0x322d890:     123 tokens, checkpoints:  0,    15.377 MiB
srv        update:    - prompt 0x439f330:     165 tokens, checkpoints:  0,    20.628 MiB
srv        update:    - prompt 0x3237430:     131 tokens, checkpoints:  0,    16.377 MiB
srv        update:    - prompt 0xf0c750:     135 tokens, checkpoints:  0,    16.877 MiB
srv        update:    - prompt 0x439ff90:     132 tokens, checkpoints:  0,    16.502 MiB
slot update_slots: id  2 | task 4949 | new prompt, n_ctx_slot = 4096, n_keep = 0, task.n_tokens = 47
slot update_slots: id  2 | task 4949 | need to evaluate at least 1 token for each active slot (n_past = 47, task.n_tokens() = 47)
slot update_slots: id  2 | task 4949 | n_past was set to 46
slot update_slots: id  2 | task 4949 | n_tokens = 46, memory_seq_rm [46, end)
slot init_sampler: id  2 | task 4949 | init sampler, took 0.03 ms, tokens: text = 47, total = 47
slot update_slots: id  2 | task 4949 | prompt processing done, n_tokens = 47, batch.n_tokens = 1
srv  log_server_r: done request: POST /completion 127.0.0.1 200
slot print_timing: id  2 | task 4949 | 
prompt eval time =      90.56 ms /     1 tokens (   90.56 ms per token,    11.04 tokens per second)
       eval time =    8996.25 ms /   100 tokens (   89.96 ms per token,    11.12 tokens per second)
      total time =    9086.81 ms /   101 tokens
slot      release: id  2 | task 4949 | stop processing: n_tokens = 146, truncated = 0
srv  update_slots: all slots are idle
slot get_availabl: id  1 | task -1 | selected slot by LRU, t_last = 34461590747
srv  get_availabl: updating prompt cache
srv          load:  - looking for better prompt, base f_keep = -1.000, sim = 0.000
srv        update:  - cache state: 45 prompts, 995.000 MiB (limits: 8192.000 MiB, 4096 tokens, 65527 est)
srv        update:    - prompt 0x3219180:     106 tokens, checkpoints:  0,    13.252 MiB
srv        update:    - prompt 0x3218d60:     107 tokens, checkpoints:  0,    13.377 MiB
srv        update:    - prompt 0x321a980:     106 tokens, checkpoints:  0,    13.252 MiB
srv        update:    - prompt 0x321dbb0:     107 tokens, checkpoints:  0,    13.377 MiB
srv        update:    - prompt 0xf0ef60:     105 tokens, checkpoints:  0,    13.127 MiB
srv        update:    - prompt 0xfd2770:     110 tokens, checkpoints:  0,    13.752 MiB
srv        update:    - prompt 0x321e630:     116 tokens, checkpoints:  0,    14.502 MiB
srv        update:    - prompt 0x4be6150:     109 tokens, checkpoints:  0,    13.627 MiB
srv        update:    - prompt 0x439f290:     113 tokens, checkpoints:  0,    14.127 MiB
srv        update:    - prompt 0x439c190:     108 tokens, checkpoints:  0,    13.502 MiB
srv        update:    - prompt 0x3ad05f0:     108 tokens, checkpoints:  0,    13.502 MiB
srv        update:    - prompt 0x323a460:     108 tokens, checkpoints:  0,    13.502 MiB
srv        update:    - prompt 0xee4860:     111 tokens, checkpoints:  0,    13.877 MiB
srv        update:    - prompt 0x3238470:     119 tokens, checkpoints:  0,    14.877 MiB
srv        update:    - prompt 0xf09400:     123 tokens, checkpoints:  0,    15.377 MiB
srv        update:    - prompt 0x3237530:     131 tokens, checkpoints:  0,    16.377 MiB
srv        update:    - prompt 0x3229e60:     130 tokens, checkpoints:  0,    16.252 MiB
srv        update:    - prompt 0x32228d0:     136 tokens, checkpoints:  0,    17.002 MiB
srv        update:    - prompt 0x322e950:     136 tokens, checkpoints:  0,    17.002 MiB
srv        update:    - prompt 0x3adad40:     241 tokens, checkpoints:  0,    30.129 MiB
srv        update:    - prompt 0x3226180:     325 tokens, checkpoints:  0,    40.629 MiB
srv        update:    - prompt 0xfffdc00062a0:     363 tokens, checkpoints:  0,    45.380 MiB
srv        update:    - prompt 0xfffdb8004ad0:     425 tokens, checkpoints:  0,    53.131 MiB
srv        update:    - prompt 0x439f4c0:     409 tokens, checkpoints:  0,    51.130 MiB
srv        update:    - prompt 0x438d640:     412 tokens, checkpoints:  0,    51.505 MiB
srv        update:    - prompt 0xf09890:     418 tokens, checkpoints:  0,    52.256 MiB
srv        update:    - prompt 0x3229da0:     415 tokens, checkpoints:  0,    51.880 MiB
srv        update:    - prompt 0x3ad7fe0:     431 tokens, checkpoints:  0,    53.881 MiB
srv        update:    - prompt 0x32349c0:     431 tokens, checkpoints:  0,    53.881 MiB
srv        update:    - prompt 0x3ad30f0:     107 tokens, checkpoints:  0,    13.377 MiB
srv        update:    - prompt 0x321fd80:     105 tokens, checkpoints:  0,    13.127 MiB
srv        update:    - prompt 0x3af3c80:     110 tokens, checkpoints:  0,    13.752 MiB
srv        update:    - prompt 0x3aeb450:     116 tokens, checkpoints:  0,    14.502 MiB
srv        update:    - prompt 0x11f0c00:     109 tokens, checkpoints:  0,    13.627 MiB
srv        update:    - prompt 0x43993b0:     113 tokens, checkpoints:  0,    14.127 MiB
srv        update:    - prompt 0xf0c4e0:     108 tokens, checkpoints:  0,    13.502 MiB
srv        update:    - prompt 0x32372b0:     108 tokens, checkpoints:  0,    13.502 MiB
srv        update:    - prompt 0xee1a40:     108 tokens, checkpoints:  0,    13.502 MiB
srv        update:    - prompt 0xee8940:     111 tokens, checkpoints:  0,    13.877 MiB
srv        update:    - prompt 0x3ae40d0:     119 tokens, checkpoints:  0,    14.877 MiB
srv        update:    - prompt 0x322d890:     123 tokens, checkpoints:  0,    15.377 MiB
srv        update:    - prompt 0x439f330:     165 tokens, checkpoints:  0,    20.628 MiB
srv        update:    - prompt 0x3237430:     131 tokens, checkpoints:  0,    16.377 MiB
srv        update:    - prompt 0xf0c750:     135 tokens, checkpoints:  0,    16.877 MiB
srv        update:    - prompt 0x439ff90:     132 tokens, checkpoints:  0,    16.502 MiB
srv  get_availabl: prompt cache update took 0.21 ms
slot launch_slot_: id  1 | task -1 | sampler chain: logits -> ?penalties -> ?dry -> ?top-n-sigma -> top-k -> ?typical -> top-p -> min-p -> ?xtc -> temp-ext -> dist 
slot launch_slot_: id  1 | task 5050 | processing task, is_child = 0
slot slot_save_an: id  2 | task -1 | saving idle slot to prompt cache
srv   prompt_save:  - saving prompt with length 146, total state size = 18.252 MiB
slot prompt_clear: id  2 | task -1 | clearing prompt with 146 tokens
srv        update:  - cache state: 46 prompts, 1013.252 MiB (limits: 8192.000 MiB, 4096 tokens, 65527 est)
srv        update:    - prompt 0x3219180:     106 tokens, checkpoints:  0,    13.252 MiB
srv        update:    - prompt 0x3218d60:     107 tokens, checkpoints:  0,    13.377 MiB
srv        update:    - prompt 0x321a980:     106 tokens, checkpoints:  0,    13.252 MiB
srv        update:    - prompt 0x321dbb0:     107 tokens, checkpoints:  0,    13.377 MiB
srv        update:    - prompt 0xf0ef60:     105 tokens, checkpoints:  0,    13.127 MiB
srv        update:    - prompt 0xfd2770:     110 tokens, checkpoints:  0,    13.752 MiB
srv        update:    - prompt 0x321e630:     116 tokens, checkpoints:  0,    14.502 MiB
srv        update:    - prompt 0x4be6150:     109 tokens, checkpoints:  0,    13.627 MiB
srv        update:    - prompt 0x439f290:     113 tokens, checkpoints:  0,    14.127 MiB
srv        update:    - prompt 0x439c190:     108 tokens, checkpoints:  0,    13.502 MiB
srv        update:    - prompt 0x3ad05f0:     108 tokens, checkpoints:  0,    13.502 MiB
srv        update:    - prompt 0x323a460:     108 tokens, checkpoints:  0,    13.502 MiB
srv        update:    - prompt 0xee4860:     111 tokens, checkpoints:  0,    13.877 MiB
srv        update:    - prompt 0x3238470:     119 tokens, checkpoints:  0,    14.877 MiB
srv        update:    - prompt 0xf09400:     123 tokens, checkpoints:  0,    15.377 MiB
srv        update:    - prompt 0x3237530:     131 tokens, checkpoints:  0,    16.377 MiB
srv        update:    - prompt 0x3229e60:     130 tokens, checkpoints:  0,    16.252 MiB
srv        update:    - prompt 0x32228d0:     136 tokens, checkpoints:  0,    17.002 MiB
srv        update:    - prompt 0x322e950:     136 tokens, checkpoints:  0,    17.002 MiB
srv        update:    - prompt 0x3adad40:     241 tokens, checkpoints:  0,    30.129 MiB
srv        update:    - prompt 0x3226180:     325 tokens, checkpoints:  0,    40.629 MiB
srv        update:    - prompt 0xfffdc00062a0:     363 tokens, checkpoints:  0,    45.380 MiB
srv        update:    - prompt 0xfffdb8004ad0:     425 tokens, checkpoints:  0,    53.131 MiB
srv        update:    - prompt 0x439f4c0:     409 tokens, checkpoints:  0,    51.130 MiB
srv        update:    - prompt 0x438d640:     412 tokens, checkpoints:  0,    51.505 MiB
srv        update:    - prompt 0xf09890:     418 tokens, checkpoints:  0,    52.256 MiB
srv        update:    - prompt 0x3229da0:     415 tokens, checkpoints:  0,    51.880 MiB
srv        update:    - prompt 0x3ad7fe0:     431 tokens, checkpoints:  0,    53.881 MiB
srv        update:    - prompt 0x32349c0:     431 tokens, checkpoints:  0,    53.881 MiB
srv        update:    - prompt 0x3ad30f0:     107 tokens, checkpoints:  0,    13.377 MiB
srv        update:    - prompt 0x321fd80:     105 tokens, checkpoints:  0,    13.127 MiB
srv        update:    - prompt 0x3af3c80:     110 tokens, checkpoints:  0,    13.752 MiB
srv        update:    - prompt 0x3aeb450:     116 tokens, checkpoints:  0,    14.502 MiB
srv        update:    - prompt 0x11f0c00:     109 tokens, checkpoints:  0,    13.627 MiB
srv        update:    - prompt 0x43993b0:     113 tokens, checkpoints:  0,    14.127 MiB
srv        update:    - prompt 0xf0c4e0:     108 tokens, checkpoints:  0,    13.502 MiB
srv        update:    - prompt 0x32372b0:     108 tokens, checkpoints:  0,    13.502 MiB
srv        update:    - prompt 0xee1a40:     108 tokens, checkpoints:  0,    13.502 MiB
srv        update:    - prompt 0xee8940:     111 tokens, checkpoints:  0,    13.877 MiB
srv        update:    - prompt 0x3ae40d0:     119 tokens, checkpoints:  0,    14.877 MiB
srv        update:    - prompt 0x322d890:     123 tokens, checkpoints:  0,    15.377 MiB
srv        update:    - prompt 0x439f330:     165 tokens, checkpoints:  0,    20.628 MiB
srv        update:    - prompt 0x3237430:     131 tokens, checkpoints:  0,    16.377 MiB
srv        update:    - prompt 0xf0c750:     135 tokens, checkpoints:  0,    16.877 MiB
srv        update:    - prompt 0x439ff90:     132 tokens, checkpoints:  0,    16.502 MiB
srv        update:    - prompt 0x3ad1ce0:     146 tokens, checkpoints:  0,    18.252 MiB
slot update_slots: id  1 | task 5050 | new prompt, n_ctx_slot = 4096, n_keep = 0, task.n_tokens = 31
slot update_slots: id  1 | task 5050 | n_tokens = 0, memory_seq_rm [0, end)
slot init_sampler: id  1 | task 5050 | init sampler, took 0.02 ms, tokens: text = 31, total = 31
slot update_slots: id  1 | task 5050 | prompt processing done, n_tokens = 31, batch.n_tokens = 31
srv  log_server_r: done request: POST /completion 127.0.0.1 200
slot print_timing: id  1 | task 5050 | 
prompt eval time =    2203.37 ms /    31 tokens (   71.08 ms per token,    14.07 tokens per second)
       eval time =    8980.52 ms /   100 tokens (   89.81 ms per token,    11.14 tokens per second)
      total time =   11183.89 ms /   131 tokens
slot      release: id  1 | task 5050 | stop processing: n_tokens = 130, truncated = 0
srv  update_slots: all slots are idle
slot get_availabl: id  0 | task -1 | selected slot by LRU, t_last = 34471298252
srv  get_availabl: updating prompt cache
srv          load:  - looking for better prompt, base f_keep = -1.000, sim = 0.000
srv          load:  - found better prompt with f_keep = 0.272, sim = 1.000
srv        update:  - cache state: 45 prompts, 996.250 MiB (limits: 8192.000 MiB, 4096 tokens, 65527 est)
srv        update:    - prompt 0x3219180:     106 tokens, checkpoints:  0,    13.252 MiB
srv        update:    - prompt 0x3218d60:     107 tokens, checkpoints:  0,    13.377 MiB
srv        update:    - prompt 0x321a980:     106 tokens, checkpoints:  0,    13.252 MiB
srv        update:    - prompt 0x321dbb0:     107 tokens, checkpoints:  0,    13.377 MiB
srv        update:    - prompt 0xf0ef60:     105 tokens, checkpoints:  0,    13.127 MiB
srv        update:    - prompt 0xfd2770:     110 tokens, checkpoints:  0,    13.752 MiB
srv        update:    - prompt 0x321e630:     116 tokens, checkpoints:  0,    14.502 MiB
srv        update:    - prompt 0x4be6150:     109 tokens, checkpoints:  0,    13.627 MiB
srv        update:    - prompt 0x439f290:     113 tokens, checkpoints:  0,    14.127 MiB
srv        update:    - prompt 0x439c190:     108 tokens, checkpoints:  0,    13.502 MiB
srv        update:    - prompt 0x3ad05f0:     108 tokens, checkpoints:  0,    13.502 MiB
srv        update:    - prompt 0x323a460:     108 tokens, checkpoints:  0,    13.502 MiB
srv        update:    - prompt 0xee4860:     111 tokens, checkpoints:  0,    13.877 MiB
srv        update:    - prompt 0x3238470:     119 tokens, checkpoints:  0,    14.877 MiB
srv        update:    - prompt 0xf09400:     123 tokens, checkpoints:  0,    15.377 MiB
srv        update:    - prompt 0x3237530:     131 tokens, checkpoints:  0,    16.377 MiB
srv        update:    - prompt 0x3229e60:     130 tokens, checkpoints:  0,    16.252 MiB
srv        update:    - prompt 0x322e950:     136 tokens, checkpoints:  0,    17.002 MiB
srv        update:    - prompt 0x3adad40:     241 tokens, checkpoints:  0,    30.129 MiB
srv        update:    - prompt 0x3226180:     325 tokens, checkpoints:  0,    40.629 MiB
srv        update:    - prompt 0xfffdc00062a0:     363 tokens, checkpoints:  0,    45.380 MiB
srv        update:    - prompt 0xfffdb8004ad0:     425 tokens, checkpoints:  0,    53.131 MiB
srv        update:    - prompt 0x439f4c0:     409 tokens, checkpoints:  0,    51.130 MiB
srv        update:    - prompt 0x438d640:     412 tokens, checkpoints:  0,    51.505 MiB
srv        update:    - prompt 0xf09890:     418 tokens, checkpoints:  0,    52.256 MiB
srv        update:    - prompt 0x3229da0:     415 tokens, checkpoints:  0,    51.880 MiB
srv        update:    - prompt 0x3ad7fe0:     431 tokens, checkpoints:  0,    53.881 MiB
srv        update:    - prompt 0x32349c0:     431 tokens, checkpoints:  0,    53.881 MiB
srv        update:    - prompt 0x3ad30f0:     107 tokens, checkpoints:  0,    13.377 MiB
srv        update:    - prompt 0x321fd80:     105 tokens, checkpoints:  0,    13.127 MiB
srv        update:    - prompt 0x3af3c80:     110 tokens, checkpoints:  0,    13.752 MiB
srv        update:    - prompt 0x3aeb450:     116 tokens, checkpoints:  0,    14.502 MiB
srv        update:    - prompt 0x11f0c00:     109 tokens, checkpoints:  0,    13.627 MiB
srv        update:    - prompt 0x43993b0:     113 tokens, checkpoints:  0,    14.127 MiB
srv        update:    - prompt 0xf0c4e0:     108 tokens, checkpoints:  0,    13.502 MiB
srv        update:    - prompt 0x32372b0:     108 tokens, checkpoints:  0,    13.502 MiB
srv        update:    - prompt 0xee1a40:     108 tokens, checkpoints:  0,    13.502 MiB
srv        update:    - prompt 0xee8940:     111 tokens, checkpoints:  0,    13.877 MiB
srv        update:    - prompt 0x3ae40d0:     119 tokens, checkpoints:  0,    14.877 MiB
srv        update:    - prompt 0x322d890:     123 tokens, checkpoints:  0,    15.377 MiB
srv        update:    - prompt 0x439f330:     165 tokens, checkpoints:  0,    20.628 MiB
srv        update:    - prompt 0x3237430:     131 tokens, checkpoints:  0,    16.377 MiB
srv        update:    - prompt 0xf0c750:     135 tokens, checkpoints:  0,    16.877 MiB
srv        update:    - prompt 0x439ff90:     132 tokens, checkpoints:  0,    16.502 MiB
srv        update:    - prompt 0x3ad1ce0:     146 tokens, checkpoints:  0,    18.252 MiB
srv  get_availabl: prompt cache update took 5.57 ms
slot launch_slot_: id  0 | task -1 | sampler chain: logits -> ?penalties -> ?dry -> ?top-n-sigma -> top-k -> ?typical -> top-p -> min-p -> ?xtc -> temp-ext -> dist 
slot launch_slot_: id  0 | task 5151 | processing task, is_child = 0
slot slot_save_an: id  1 | task -1 | saving idle slot to prompt cache
srv   prompt_save:  - saving prompt with length 130, total state size = 16.252 MiB
slot prompt_clear: id  1 | task -1 | clearing prompt with 130 tokens
srv        update:  - cache state: 46 prompts, 1012.502 MiB (limits: 8192.000 MiB, 4096 tokens, 65527 est)
srv        update:    - prompt 0x3219180:     106 tokens, checkpoints:  0,    13.252 MiB
srv        update:    - prompt 0x3218d60:     107 tokens, checkpoints:  0,    13.377 MiB
srv        update:    - prompt 0x321a980:     106 tokens, checkpoints:  0,    13.252 MiB
srv        update:    - prompt 0x321dbb0:     107 tokens, checkpoints:  0,    13.377 MiB
srv        update:    - prompt 0xf0ef60:     105 tokens, checkpoints:  0,    13.127 MiB
srv        update:    - prompt 0xfd2770:     110 tokens, checkpoints:  0,    13.752 MiB
srv        update:    - prompt 0x321e630:     116 tokens, checkpoints:  0,    14.502 MiB
srv        update:    - prompt 0x4be6150:     109 tokens, checkpoints:  0,    13.627 MiB
srv        update:    - prompt 0x439f290:     113 tokens, checkpoints:  0,    14.127 MiB
srv        update:    - prompt 0x439c190:     108 tokens, checkpoints:  0,    13.502 MiB
srv        update:    - prompt 0x3ad05f0:     108 tokens, checkpoints:  0,    13.502 MiB
srv        update:    - prompt 0x323a460:     108 tokens, checkpoints:  0,    13.502 MiB
srv        update:    - prompt 0xee4860:     111 tokens, checkpoints:  0,    13.877 MiB
srv        update:    - prompt 0x3238470:     119 tokens, checkpoints:  0,    14.877 MiB
srv        update:    - prompt 0xf09400:     123 tokens, checkpoints:  0,    15.377 MiB
srv        update:    - prompt 0x3237530:     131 tokens, checkpoints:  0,    16.377 MiB
srv        update:    - prompt 0x3229e60:     130 tokens, checkpoints:  0,    16.252 MiB
srv        update:    - prompt 0x322e950:     136 tokens, checkpoints:  0,    17.002 MiB
srv        update:    - prompt 0x3adad40:     241 tokens, checkpoints:  0,    30.129 MiB
srv        update:    - prompt 0x3226180:     325 tokens, checkpoints:  0,    40.629 MiB
srv        update:    - prompt 0xfffdc00062a0:     363 tokens, checkpoints:  0,    45.380 MiB
srv        update:    - prompt 0xfffdb8004ad0:     425 tokens, checkpoints:  0,    53.131 MiB
srv        update:    - prompt 0x439f4c0:     409 tokens, checkpoints:  0,    51.130 MiB
srv        update:    - prompt 0x438d640:     412 tokens, checkpoints:  0,    51.505 MiB
srv        update:    - prompt 0xf09890:     418 tokens, checkpoints:  0,    52.256 MiB
srv        update:    - prompt 0x3229da0:     415 tokens, checkpoints:  0,    51.880 MiB
srv        update:    - prompt 0x3ad7fe0:     431 tokens, checkpoints:  0,    53.881 MiB
srv        update:    - prompt 0x32349c0:     431 tokens, checkpoints:  0,    53.881 MiB
srv        update:    - prompt 0x3ad30f0:     107 tokens, checkpoints:  0,    13.377 MiB
srv        update:    - prompt 0x321fd80:     105 tokens, checkpoints:  0,    13.127 MiB
srv        update:    - prompt 0x3af3c80:     110 tokens, checkpoints:  0,    13.752 MiB
srv        update:    - prompt 0x3aeb450:     116 tokens, checkpoints:  0,    14.502 MiB
srv        update:    - prompt 0x11f0c00:     109 tokens, checkpoints:  0,    13.627 MiB
srv        update:    - prompt 0x43993b0:     113 tokens, checkpoints:  0,    14.127 MiB
srv        update:    - prompt 0xf0c4e0:     108 tokens, checkpoints:  0,    13.502 MiB
srv        update:    - prompt 0x32372b0:     108 tokens, checkpoints:  0,    13.502 MiB
srv        update:    - prompt 0xee1a40:     108 tokens, checkpoints:  0,    13.502 MiB
srv        update:    - prompt 0xee8940:     111 tokens, checkpoints:  0,    13.877 MiB
srv        update:    - prompt 0x3ae40d0:     119 tokens, checkpoints:  0,    14.877 MiB
srv        update:    - prompt 0x322d890:     123 tokens, checkpoints:  0,    15.377 MiB
srv        update:    - prompt 0x439f330:     165 tokens, checkpoints:  0,    20.628 MiB
srv        update:    - prompt 0x3237430:     131 tokens, checkpoints:  0,    16.377 MiB
srv        update:    - prompt 0xf0c750:     135 tokens, checkpoints:  0,    16.877 MiB
srv        update:    - prompt 0x439ff90:     132 tokens, checkpoints:  0,    16.502 MiB
srv        update:    - prompt 0x3ad1ce0:     146 tokens, checkpoints:  0,    18.252 MiB
srv        update:    - prompt 0x32228d0:     130 tokens, checkpoints:  0,    16.252 MiB
slot update_slots: id  0 | task 5151 | new prompt, n_ctx_slot = 4096, n_keep = 0, task.n_tokens = 37
slot update_slots: id  0 | task 5151 | need to evaluate at least 1 token for each active slot (n_past = 37, task.n_tokens() = 37)
slot update_slots: id  0 | task 5151 | n_past was set to 36
slot update_slots: id  0 | task 5151 | n_tokens = 36, memory_seq_rm [36, end)
slot init_sampler: id  0 | task 5151 | init sampler, took 0.02 ms, tokens: text = 37, total = 37
slot update_slots: id  0 | task 5151 | prompt processing done, n_tokens = 37, batch.n_tokens = 1
srv  log_server_r: done request: POST /completion 127.0.0.1 200
slot print_timing: id  0 | task 5151 | 
prompt eval time =      90.45 ms /     1 tokens (   90.45 ms per token,    11.06 tokens per second)
       eval time =    8983.76 ms /   100 tokens (   89.84 ms per token,    11.13 tokens per second)
      total time =    9074.21 ms /   101 tokens
slot      release: id  0 | task 5151 | stop processing: n_tokens = 136, truncated = 0
srv  update_slots: all slots are idle
slot get_availabl: id  3 | task -1 | selected slot by LRU, t_last = 34480950880
srv  get_availabl: updating prompt cache
srv          load:  - looking for better prompt, base f_keep = -1.000, sim = 0.000
srv          load:  - found better prompt with f_keep = 0.272, sim = 1.000
srv        update:  - cache state: 45 prompts, 995.500 MiB (limits: 8192.000 MiB, 4096 tokens, 65527 est)
srv        update:    - prompt 0x3219180:     106 tokens, checkpoints:  0,    13.252 MiB
srv        update:    - prompt 0x3218d60:     107 tokens, checkpoints:  0,    13.377 MiB
srv        update:    - prompt 0x321a980:     106 tokens, checkpoints:  0,    13.252 MiB
srv        update:    - prompt 0x321dbb0:     107 tokens, checkpoints:  0,    13.377 MiB
srv        update:    - prompt 0xf0ef60:     105 tokens, checkpoints:  0,    13.127 MiB
srv        update:    - prompt 0xfd2770:     110 tokens, checkpoints:  0,    13.752 MiB
srv        update:    - prompt 0x321e630:     116 tokens, checkpoints:  0,    14.502 MiB
srv        update:    - prompt 0x4be6150:     109 tokens, checkpoints:  0,    13.627 MiB
srv        update:    - prompt 0x439f290:     113 tokens, checkpoints:  0,    14.127 MiB
srv        update:    - prompt 0x439c190:     108 tokens, checkpoints:  0,    13.502 MiB
srv        update:    - prompt 0x3ad05f0:     108 tokens, checkpoints:  0,    13.502 MiB
srv        update:    - prompt 0x323a460:     108 tokens, checkpoints:  0,    13.502 MiB
srv        update:    - prompt 0xee4860:     111 tokens, checkpoints:  0,    13.877 MiB
srv        update:    - prompt 0x3238470:     119 tokens, checkpoints:  0,    14.877 MiB
srv        update:    - prompt 0xf09400:     123 tokens, checkpoints:  0,    15.377 MiB
srv        update:    - prompt 0x3237530:     131 tokens, checkpoints:  0,    16.377 MiB
srv        update:    - prompt 0x3229e60:     130 tokens, checkpoints:  0,    16.252 MiB
srv        update:    - prompt 0x3adad40:     241 tokens, checkpoints:  0,    30.129 MiB
srv        update:    - prompt 0x3226180:     325 tokens, checkpoints:  0,    40.629 MiB
srv        update:    - prompt 0xfffdc00062a0:     363 tokens, checkpoints:  0,    45.380 MiB
srv        update:    - prompt 0xfffdb8004ad0:     425 tokens, checkpoints:  0,    53.131 MiB
srv        update:    - prompt 0x439f4c0:     409 tokens, checkpoints:  0,    51.130 MiB
srv        update:    - prompt 0x438d640:     412 tokens, checkpoints:  0,    51.505 MiB
srv        update:    - prompt 0xf09890:     418 tokens, checkpoints:  0,    52.256 MiB
srv        update:    - prompt 0x3229da0:     415 tokens, checkpoints:  0,    51.880 MiB
srv        update:    - prompt 0x3ad7fe0:     431 tokens, checkpoints:  0,    53.881 MiB
srv        update:    - prompt 0x32349c0:     431 tokens, checkpoints:  0,    53.881 MiB
srv        update:    - prompt 0x3ad30f0:     107 tokens, checkpoints:  0,    13.377 MiB
srv        update:    - prompt 0x321fd80:     105 tokens, checkpoints:  0,    13.127 MiB
srv        update:    - prompt 0x3af3c80:     110 tokens, checkpoints:  0,    13.752 MiB
srv        update:    - prompt 0x3aeb450:     116 tokens, checkpoints:  0,    14.502 MiB
srv        update:    - prompt 0x11f0c00:     109 tokens, checkpoints:  0,    13.627 MiB
srv        update:    - prompt 0x43993b0:     113 tokens, checkpoints:  0,    14.127 MiB
srv        update:    - prompt 0xf0c4e0:     108 tokens, checkpoints:  0,    13.502 MiB
srv        update:    - prompt 0x32372b0:     108 tokens, checkpoints:  0,    13.502 MiB
srv        update:    - prompt 0xee1a40:     108 tokens, checkpoints:  0,    13.502 MiB
srv        update:    - prompt 0xee8940:     111 tokens, checkpoints:  0,    13.877 MiB
srv        update:    - prompt 0x3ae40d0:     119 tokens, checkpoints:  0,    14.877 MiB
srv        update:    - prompt 0x322d890:     123 tokens, checkpoints:  0,    15.377 MiB
srv        update:    - prompt 0x439f330:     165 tokens, checkpoints:  0,    20.628 MiB
srv        update:    - prompt 0x3237430:     131 tokens, checkpoints:  0,    16.377 MiB
srv        update:    - prompt 0xf0c750:     135 tokens, checkpoints:  0,    16.877 MiB
srv        update:    - prompt 0x439ff90:     132 tokens, checkpoints:  0,    16.502 MiB
srv        update:    - prompt 0x3ad1ce0:     146 tokens, checkpoints:  0,    18.252 MiB
srv        update:    - prompt 0x32228d0:     130 tokens, checkpoints:  0,    16.252 MiB
srv  get_availabl: prompt cache update took 5.89 ms
slot launch_slot_: id  3 | task -1 | sampler chain: logits -> ?penalties -> ?dry -> ?top-n-sigma -> top-k -> ?typical -> top-p -> min-p -> ?xtc -> temp-ext -> dist 
slot launch_slot_: id  3 | task 5252 | processing task, is_child = 0
slot slot_save_an: id  0 | task -1 | saving idle slot to prompt cache
srv   prompt_save:  - saving prompt with length 136, total state size = 17.002 MiB
slot prompt_clear: id  0 | task -1 | clearing prompt with 136 tokens
srv        update:  - cache state: 46 prompts, 1012.502 MiB (limits: 8192.000 MiB, 4096 tokens, 65527 est)
srv        update:    - prompt 0x3219180:     106 tokens, checkpoints:  0,    13.252 MiB
srv        update:    - prompt 0x3218d60:     107 tokens, checkpoints:  0,    13.377 MiB
srv        update:    - prompt 0x321a980:     106 tokens, checkpoints:  0,    13.252 MiB
srv        update:    - prompt 0x321dbb0:     107 tokens, checkpoints:  0,    13.377 MiB
srv        update:    - prompt 0xf0ef60:     105 tokens, checkpoints:  0,    13.127 MiB
srv        update:    - prompt 0xfd2770:     110 tokens, checkpoints:  0,    13.752 MiB
srv        update:    - prompt 0x321e630:     116 tokens, checkpoints:  0,    14.502 MiB
srv        update:    - prompt 0x4be6150:     109 tokens, checkpoints:  0,    13.627 MiB
srv        update:    - prompt 0x439f290:     113 tokens, checkpoints:  0,    14.127 MiB
srv        update:    - prompt 0x439c190:     108 tokens, checkpoints:  0,    13.502 MiB
srv        update:    - prompt 0x3ad05f0:     108 tokens, checkpoints:  0,    13.502 MiB
srv        update:    - prompt 0x323a460:     108 tokens, checkpoints:  0,    13.502 MiB
srv        update:    - prompt 0xee4860:     111 tokens, checkpoints:  0,    13.877 MiB
srv        update:    - prompt 0x3238470:     119 tokens, checkpoints:  0,    14.877 MiB
srv        update:    - prompt 0xf09400:     123 tokens, checkpoints:  0,    15.377 MiB
srv        update:    - prompt 0x3237530:     131 tokens, checkpoints:  0,    16.377 MiB
srv        update:    - prompt 0x3229e60:     130 tokens, checkpoints:  0,    16.252 MiB
srv        update:    - prompt 0x3adad40:     241 tokens, checkpoints:  0,    30.129 MiB
srv        update:    - prompt 0x3226180:     325 tokens, checkpoints:  0,    40.629 MiB
srv        update:    - prompt 0xfffdc00062a0:     363 tokens, checkpoints:  0,    45.380 MiB
srv        update:    - prompt 0xfffdb8004ad0:     425 tokens, checkpoints:  0,    53.131 MiB
srv        update:    - prompt 0x439f4c0:     409 tokens, checkpoints:  0,    51.130 MiB
srv        update:    - prompt 0x438d640:     412 tokens, checkpoints:  0,    51.505 MiB
srv        update:    - prompt 0xf09890:     418 tokens, checkpoints:  0,    52.256 MiB
srv        update:    - prompt 0x3229da0:     415 tokens, checkpoints:  0,    51.880 MiB
srv        update:    - prompt 0x3ad7fe0:     431 tokens, checkpoints:  0,    53.881 MiB
srv        update:    - prompt 0x32349c0:     431 tokens, checkpoints:  0,    53.881 MiB
srv        update:    - prompt 0x3ad30f0:     107 tokens, checkpoints:  0,    13.377 MiB
srv        update:    - prompt 0x321fd80:     105 tokens, checkpoints:  0,    13.127 MiB
srv        update:    - prompt 0x3af3c80:     110 tokens, checkpoints:  0,    13.752 MiB
srv        update:    - prompt 0x3aeb450:     116 tokens, checkpoints:  0,    14.502 MiB
srv        update:    - prompt 0x11f0c00:     109 tokens, checkpoints:  0,    13.627 MiB
srv        update:    - prompt 0x43993b0:     113 tokens, checkpoints:  0,    14.127 MiB
srv        update:    - prompt 0xf0c4e0:     108 tokens, checkpoints:  0,    13.502 MiB
srv        update:    - prompt 0x32372b0:     108 tokens, checkpoints:  0,    13.502 MiB
srv        update:    - prompt 0xee1a40:     108 tokens, checkpoints:  0,    13.502 MiB
srv        update:    - prompt 0xee8940:     111 tokens, checkpoints:  0,    13.877 MiB
srv        update:    - prompt 0x3ae40d0:     119 tokens, checkpoints:  0,    14.877 MiB
srv        update:    - prompt 0x322d890:     123 tokens, checkpoints:  0,    15.377 MiB
srv        update:    - prompt 0x439f330:     165 tokens, checkpoints:  0,    20.628 MiB
srv        update:    - prompt 0x3237430:     131 tokens, checkpoints:  0,    16.377 MiB
srv        update:    - prompt 0xf0c750:     135 tokens, checkpoints:  0,    16.877 MiB
srv        update:    - prompt 0x439ff90:     132 tokens, checkpoints:  0,    16.502 MiB
srv        update:    - prompt 0x3ad1ce0:     146 tokens, checkpoints:  0,    18.252 MiB
srv        update:    - prompt 0x32228d0:     130 tokens, checkpoints:  0,    16.252 MiB
srv        update:    - prompt 0x322e950:     136 tokens, checkpoints:  0,    17.002 MiB
slot update_slots: id  3 | task 5252 | new prompt, n_ctx_slot = 4096, n_keep = 0, task.n_tokens = 37
slot update_slots: id  3 | task 5252 | need to evaluate at least 1 token for each active slot (n_past = 37, task.n_tokens() = 37)
slot update_slots: id  3 | task 5252 | n_past was set to 36
slot update_slots: id  3 | task 5252 | n_tokens = 36, memory_seq_rm [36, end)
slot init_sampler: id  3 | task 5252 | init sampler, took 0.02 ms, tokens: text = 37, total = 37
slot update_slots: id  3 | task 5252 | prompt processing done, n_tokens = 37, batch.n_tokens = 1
srv  log_server_r: done request: POST /completion 127.0.0.1 200
slot print_timing: id  3 | task 5252 | 
prompt eval time =      90.46 ms /     1 tokens (   90.46 ms per token,    11.05 tokens per second)
       eval time =    8980.95 ms /   100 tokens (   89.81 ms per token,    11.13 tokens per second)
      total time =    9071.41 ms /   101 tokens
slot      release: id  3 | task 5252 | stop processing: n_tokens = 136, truncated = 0
srv  update_slots: all slots are idle
slot get_availabl: id  2 | task -1 | selected slot by LRU, t_last = 34490630637
srv  get_availabl: updating prompt cache
srv          load:  - looking for better prompt, base f_keep = -1.000, sim = 0.000
srv          load:  - found better prompt with f_keep = 0.589, sim = 1.000
srv        update:  - cache state: 45 prompts, 982.374 MiB (limits: 8192.000 MiB, 4096 tokens, 65527 est)
srv        update:    - prompt 0x3219180:     106 tokens, checkpoints:  0,    13.252 MiB
srv        update:    - prompt 0x3218d60:     107 tokens, checkpoints:  0,    13.377 MiB
srv        update:    - prompt 0x321a980:     106 tokens, checkpoints:  0,    13.252 MiB
srv        update:    - prompt 0x321dbb0:     107 tokens, checkpoints:  0,    13.377 MiB
srv        update:    - prompt 0xf0ef60:     105 tokens, checkpoints:  0,    13.127 MiB
srv        update:    - prompt 0xfd2770:     110 tokens, checkpoints:  0,    13.752 MiB
srv        update:    - prompt 0x321e630:     116 tokens, checkpoints:  0,    14.502 MiB
srv        update:    - prompt 0x4be6150:     109 tokens, checkpoints:  0,    13.627 MiB
srv        update:    - prompt 0x439f290:     113 tokens, checkpoints:  0,    14.127 MiB
srv        update:    - prompt 0x439c190:     108 tokens, checkpoints:  0,    13.502 MiB
srv        update:    - prompt 0x3ad05f0:     108 tokens, checkpoints:  0,    13.502 MiB
srv        update:    - prompt 0x323a460:     108 tokens, checkpoints:  0,    13.502 MiB
srv        update:    - prompt 0xee4860:     111 tokens, checkpoints:  0,    13.877 MiB
srv        update:    - prompt 0x3238470:     119 tokens, checkpoints:  0,    14.877 MiB
srv        update:    - prompt 0xf09400:     123 tokens, checkpoints:  0,    15.377 MiB
srv        update:    - prompt 0x3237530:     131 tokens, checkpoints:  0,    16.377 MiB
srv        update:    - prompt 0x3229e60:     130 tokens, checkpoints:  0,    16.252 MiB
srv        update:    - prompt 0x3226180:     325 tokens, checkpoints:  0,    40.629 MiB
srv        update:    - prompt 0xfffdc00062a0:     363 tokens, checkpoints:  0,    45.380 MiB
srv        update:    - prompt 0xfffdb8004ad0:     425 tokens, checkpoints:  0,    53.131 MiB
srv        update:    - prompt 0x439f4c0:     409 tokens, checkpoints:  0,    51.130 MiB
srv        update:    - prompt 0x438d640:     412 tokens, checkpoints:  0,    51.505 MiB
srv        update:    - prompt 0xf09890:     418 tokens, checkpoints:  0,    52.256 MiB
srv        update:    - prompt 0x3229da0:     415 tokens, checkpoints:  0,    51.880 MiB
srv        update:    - prompt 0x3ad7fe0:     431 tokens, checkpoints:  0,    53.881 MiB
srv        update:    - prompt 0x32349c0:     431 tokens, checkpoints:  0,    53.881 MiB
srv        update:    - prompt 0x3ad30f0:     107 tokens, checkpoints:  0,    13.377 MiB
srv        update:    - prompt 0x321fd80:     105 tokens, checkpoints:  0,    13.127 MiB
srv        update:    - prompt 0x3af3c80:     110 tokens, checkpoints:  0,    13.752 MiB
srv        update:    - prompt 0x3aeb450:     116 tokens, checkpoints:  0,    14.502 MiB
srv        update:    - prompt 0x11f0c00:     109 tokens, checkpoints:  0,    13.627 MiB
srv        update:    - prompt 0x43993b0:     113 tokens, checkpoints:  0,    14.127 MiB
srv        update:    - prompt 0xf0c4e0:     108 tokens, checkpoints:  0,    13.502 MiB
srv        update:    - prompt 0x32372b0:     108 tokens, checkpoints:  0,    13.502 MiB
srv        update:    - prompt 0xee1a40:     108 tokens, checkpoints:  0,    13.502 MiB
srv        update:    - prompt 0xee8940:     111 tokens, checkpoints:  0,    13.877 MiB
srv        update:    - prompt 0x3ae40d0:     119 tokens, checkpoints:  0,    14.877 MiB
srv        update:    - prompt 0x322d890:     123 tokens, checkpoints:  0,    15.377 MiB
srv        update:    - prompt 0x439f330:     165 tokens, checkpoints:  0,    20.628 MiB
srv        update:    - prompt 0x3237430:     131 tokens, checkpoints:  0,    16.377 MiB
srv        update:    - prompt 0xf0c750:     135 tokens, checkpoints:  0,    16.877 MiB
srv        update:    - prompt 0x439ff90:     132 tokens, checkpoints:  0,    16.502 MiB
srv        update:    - prompt 0x3ad1ce0:     146 tokens, checkpoints:  0,    18.252 MiB
srv        update:    - prompt 0x32228d0:     130 tokens, checkpoints:  0,    16.252 MiB
srv        update:    - prompt 0x322e950:     136 tokens, checkpoints:  0,    17.002 MiB
srv  get_availabl: prompt cache update took 9.91 ms
slot launch_slot_: id  2 | task -1 | sampler chain: logits -> ?penalties -> ?dry -> ?top-n-sigma -> top-k -> ?typical -> top-p -> min-p -> ?xtc -> temp-ext -> dist 
slot launch_slot_: id  2 | task 5353 | processing task, is_child = 0
slot slot_save_an: id  3 | task -1 | saving idle slot to prompt cache
srv   prompt_save:  - saving prompt with length 136, total state size = 17.002 MiB
slot prompt_clear: id  3 | task -1 | clearing prompt with 136 tokens
srv        update:  - cache state: 46 prompts, 999.376 MiB (limits: 8192.000 MiB, 4096 tokens, 65527 est)
srv        update:    - prompt 0x3219180:     106 tokens, checkpoints:  0,    13.252 MiB
srv        update:    - prompt 0x3218d60:     107 tokens, checkpoints:  0,    13.377 MiB
srv        update:    - prompt 0x321a980:     106 tokens, checkpoints:  0,    13.252 MiB
srv        update:    - prompt 0x321dbb0:     107 tokens, checkpoints:  0,    13.377 MiB
srv        update:    - prompt 0xf0ef60:     105 tokens, checkpoints:  0,    13.127 MiB
srv        update:    - prompt 0xfd2770:     110 tokens, checkpoints:  0,    13.752 MiB
srv        update:    - prompt 0x321e630:     116 tokens, checkpoints:  0,    14.502 MiB
srv        update:    - prompt 0x4be6150:     109 tokens, checkpoints:  0,    13.627 MiB
srv        update:    - prompt 0x439f290:     113 tokens, checkpoints:  0,    14.127 MiB
srv        update:    - prompt 0x439c190:     108 tokens, checkpoints:  0,    13.502 MiB
srv        update:    - prompt 0x3ad05f0:     108 tokens, checkpoints:  0,    13.502 MiB
srv        update:    - prompt 0x323a460:     108 tokens, checkpoints:  0,    13.502 MiB
srv        update:    - prompt 0xee4860:     111 tokens, checkpoints:  0,    13.877 MiB
srv        update:    - prompt 0x3238470:     119 tokens, checkpoints:  0,    14.877 MiB
srv        update:    - prompt 0xf09400:     123 tokens, checkpoints:  0,    15.377 MiB
srv        update:    - prompt 0x3237530:     131 tokens, checkpoints:  0,    16.377 MiB
srv        update:    - prompt 0x3229e60:     130 tokens, checkpoints:  0,    16.252 MiB
srv        update:    - prompt 0x3226180:     325 tokens, checkpoints:  0,    40.629 MiB
srv        update:    - prompt 0xfffdc00062a0:     363 tokens, checkpoints:  0,    45.380 MiB
srv        update:    - prompt 0xfffdb8004ad0:     425 tokens, checkpoints:  0,    53.131 MiB
srv        update:    - prompt 0x439f4c0:     409 tokens, checkpoints:  0,    51.130 MiB
srv        update:    - prompt 0x438d640:     412 tokens, checkpoints:  0,    51.505 MiB
srv        update:    - prompt 0xf09890:     418 tokens, checkpoints:  0,    52.256 MiB
srv        update:    - prompt 0x3229da0:     415 tokens, checkpoints:  0,    51.880 MiB
srv        update:    - prompt 0x3ad7fe0:     431 tokens, checkpoints:  0,    53.881 MiB
srv        update:    - prompt 0x32349c0:     431 tokens, checkpoints:  0,    53.881 MiB
srv        update:    - prompt 0x3ad30f0:     107 tokens, checkpoints:  0,    13.377 MiB
srv        update:    - prompt 0x321fd80:     105 tokens, checkpoints:  0,    13.127 MiB
srv        update:    - prompt 0x3af3c80:     110 tokens, checkpoints:  0,    13.752 MiB
srv        update:    - prompt 0x3aeb450:     116 tokens, checkpoints:  0,    14.502 MiB
srv        update:    - prompt 0x11f0c00:     109 tokens, checkpoints:  0,    13.627 MiB
srv        update:    - prompt 0x43993b0:     113 tokens, checkpoints:  0,    14.127 MiB
srv        update:    - prompt 0xf0c4e0:     108 tokens, checkpoints:  0,    13.502 MiB
srv        update:    - prompt 0x32372b0:     108 tokens, checkpoints:  0,    13.502 MiB
srv        update:    - prompt 0xee1a40:     108 tokens, checkpoints:  0,    13.502 MiB
srv        update:    - prompt 0xee8940:     111 tokens, checkpoints:  0,    13.877 MiB
srv        update:    - prompt 0x3ae40d0:     119 tokens, checkpoints:  0,    14.877 MiB
srv        update:    - prompt 0x322d890:     123 tokens, checkpoints:  0,    15.377 MiB
srv        update:    - prompt 0x439f330:     165 tokens, checkpoints:  0,    20.628 MiB
srv        update:    - prompt 0x3237430:     131 tokens, checkpoints:  0,    16.377 MiB
srv        update:    - prompt 0xf0c750:     135 tokens, checkpoints:  0,    16.877 MiB
srv        update:    - prompt 0x439ff90:     132 tokens, checkpoints:  0,    16.502 MiB
srv        update:    - prompt 0x3ad1ce0:     146 tokens, checkpoints:  0,    18.252 MiB
srv        update:    - prompt 0x32228d0:     130 tokens, checkpoints:  0,    16.252 MiB
srv        update:    - prompt 0x322e950:     136 tokens, checkpoints:  0,    17.002 MiB
srv        update:    - prompt 0x3adad40:     136 tokens, checkpoints:  0,    17.002 MiB
slot update_slots: id  2 | task 5353 | new prompt, n_ctx_slot = 4096, n_keep = 0, task.n_tokens = 142
slot update_slots: id  2 | task 5353 | need to evaluate at least 1 token for each active slot (n_past = 142, task.n_tokens() = 142)
slot update_slots: id  2 | task 5353 | n_past was set to 141
slot update_slots: id  2 | task 5353 | n_tokens = 141, memory_seq_rm [141, end)
slot init_sampler: id  2 | task 5353 | init sampler, took 0.07 ms, tokens: text = 142, total = 142
slot update_slots: id  2 | task 5353 | prompt processing done, n_tokens = 142, batch.n_tokens = 1
srv  log_server_r: done request: POST /completion 127.0.0.1 200
slot print_timing: id  2 | task 5353 | 
prompt eval time =      97.04 ms /     1 tokens (   97.04 ms per token,    10.30 tokens per second)
       eval time =    9430.70 ms /   100 tokens (   94.31 ms per token,    10.60 tokens per second)
      total time =    9527.74 ms /   101 tokens
slot      release: id  2 | task 5353 | stop processing: n_tokens = 241, truncated = 0
srv  update_slots: all slots are idle
slot get_availabl: id  1 | task -1 | selected slot by LRU, t_last = 34502400453
srv  get_availabl: updating prompt cache
srv          load:  - looking for better prompt, base f_keep = -1.000, sim = 0.000
srv          load:  - found better prompt with f_keep = 0.695, sim = 1.000
srv        update:  - cache state: 45 prompts, 958.746 MiB (limits: 8192.000 MiB, 4096 tokens, 65527 est)
srv        update:    - prompt 0x3219180:     106 tokens, checkpoints:  0,    13.252 MiB
srv        update:    - prompt 0x3218d60:     107 tokens, checkpoints:  0,    13.377 MiB
srv        update:    - prompt 0x321a980:     106 tokens, checkpoints:  0,    13.252 MiB
srv        update:    - prompt 0x321dbb0:     107 tokens, checkpoints:  0,    13.377 MiB
srv        update:    - prompt 0xf0ef60:     105 tokens, checkpoints:  0,    13.127 MiB
srv        update:    - prompt 0xfd2770:     110 tokens, checkpoints:  0,    13.752 MiB
srv        update:    - prompt 0x321e630:     116 tokens, checkpoints:  0,    14.502 MiB
srv        update:    - prompt 0x4be6150:     109 tokens, checkpoints:  0,    13.627 MiB
srv        update:    - prompt 0x439f290:     113 tokens, checkpoints:  0,    14.127 MiB
srv        update:    - prompt 0x439c190:     108 tokens, checkpoints:  0,    13.502 MiB
srv        update:    - prompt 0x3ad05f0:     108 tokens, checkpoints:  0,    13.502 MiB
srv        update:    - prompt 0x323a460:     108 tokens, checkpoints:  0,    13.502 MiB
srv        update:    - prompt 0xee4860:     111 tokens, checkpoints:  0,    13.877 MiB
srv        update:    - prompt 0x3238470:     119 tokens, checkpoints:  0,    14.877 MiB
srv        update:    - prompt 0xf09400:     123 tokens, checkpoints:  0,    15.377 MiB
srv        update:    - prompt 0x3237530:     131 tokens, checkpoints:  0,    16.377 MiB
srv        update:    - prompt 0x3229e60:     130 tokens, checkpoints:  0,    16.252 MiB
srv        update:    - prompt 0xfffdc00062a0:     363 tokens, checkpoints:  0,    45.380 MiB
srv        update:    - prompt 0xfffdb8004ad0:     425 tokens, checkpoints:  0,    53.131 MiB
srv        update:    - prompt 0x439f4c0:     409 tokens, checkpoints:  0,    51.130 MiB
srv        update:    - prompt 0x438d640:     412 tokens, checkpoints:  0,    51.505 MiB
srv        update:    - prompt 0xf09890:     418 tokens, checkpoints:  0,    52.256 MiB
srv        update:    - prompt 0x3229da0:     415 tokens, checkpoints:  0,    51.880 MiB
srv        update:    - prompt 0x3ad7fe0:     431 tokens, checkpoints:  0,    53.881 MiB
srv        update:    - prompt 0x32349c0:     431 tokens, checkpoints:  0,    53.881 MiB
srv        update:    - prompt 0x3ad30f0:     107 tokens, checkpoints:  0,    13.377 MiB
srv        update:    - prompt 0x321fd80:     105 tokens, checkpoints:  0,    13.127 MiB
srv        update:    - prompt 0x3af3c80:     110 tokens, checkpoints:  0,    13.752 MiB
srv        update:    - prompt 0x3aeb450:     116 tokens, checkpoints:  0,    14.502 MiB
srv        update:    - prompt 0x11f0c00:     109 tokens, checkpoints:  0,    13.627 MiB
srv        update:    - prompt 0x43993b0:     113 tokens, checkpoints:  0,    14.127 MiB
srv        update:    - prompt 0xf0c4e0:     108 tokens, checkpoints:  0,    13.502 MiB
srv        update:    - prompt 0x32372b0:     108 tokens, checkpoints:  0,    13.502 MiB
srv        update:    - prompt 0xee1a40:     108 tokens, checkpoints:  0,    13.502 MiB
srv        update:    - prompt 0xee8940:     111 tokens, checkpoints:  0,    13.877 MiB
srv        update:    - prompt 0x3ae40d0:     119 tokens, checkpoints:  0,    14.877 MiB
srv        update:    - prompt 0x322d890:     123 tokens, checkpoints:  0,    15.377 MiB
srv        update:    - prompt 0x439f330:     165 tokens, checkpoints:  0,    20.628 MiB
srv        update:    - prompt 0x3237430:     131 tokens, checkpoints:  0,    16.377 MiB
srv        update:    - prompt 0xf0c750:     135 tokens, checkpoints:  0,    16.877 MiB
srv        update:    - prompt 0x439ff90:     132 tokens, checkpoints:  0,    16.502 MiB
srv        update:    - prompt 0x3ad1ce0:     146 tokens, checkpoints:  0,    18.252 MiB
srv        update:    - prompt 0x32228d0:     130 tokens, checkpoints:  0,    16.252 MiB
srv        update:    - prompt 0x322e950:     136 tokens, checkpoints:  0,    17.002 MiB
srv        update:    - prompt 0x3adad40:     136 tokens, checkpoints:  0,    17.002 MiB
srv  get_availabl: prompt cache update took 13.33 ms
slot launch_slot_: id  1 | task -1 | sampler chain: logits -> ?penalties -> ?dry -> ?top-n-sigma -> top-k -> ?typical -> top-p -> min-p -> ?xtc -> temp-ext -> dist 
slot launch_slot_: id  1 | task 5454 | processing task, is_child = 0
slot slot_save_an: id  2 | task -1 | saving idle slot to prompt cache
srv   prompt_save:  - saving prompt with length 241, total state size = 30.129 MiB
slot prompt_clear: id  2 | task -1 | clearing prompt with 241 tokens
srv        update:  - cache state: 46 prompts, 988.875 MiB (limits: 8192.000 MiB, 4096 tokens, 65527 est)
srv        update:    - prompt 0x3219180:     106 tokens, checkpoints:  0,    13.252 MiB
srv        update:    - prompt 0x3218d60:     107 tokens, checkpoints:  0,    13.377 MiB
srv        update:    - prompt 0x321a980:     106 tokens, checkpoints:  0,    13.252 MiB
srv        update:    - prompt 0x321dbb0:     107 tokens, checkpoints:  0,    13.377 MiB
srv        update:    - prompt 0xf0ef60:     105 tokens, checkpoints:  0,    13.127 MiB
srv        update:    - prompt 0xfd2770:     110 tokens, checkpoints:  0,    13.752 MiB
srv        update:    - prompt 0x321e630:     116 tokens, checkpoints:  0,    14.502 MiB
srv        update:    - prompt 0x4be6150:     109 tokens, checkpoints:  0,    13.627 MiB
srv        update:    - prompt 0x439f290:     113 tokens, checkpoints:  0,    14.127 MiB
srv        update:    - prompt 0x439c190:     108 tokens, checkpoints:  0,    13.502 MiB
srv        update:    - prompt 0x3ad05f0:     108 tokens, checkpoints:  0,    13.502 MiB
srv        update:    - prompt 0x323a460:     108 tokens, checkpoints:  0,    13.502 MiB
srv        update:    - prompt 0xee4860:     111 tokens, checkpoints:  0,    13.877 MiB
srv        update:    - prompt 0x3238470:     119 tokens, checkpoints:  0,    14.877 MiB
srv        update:    - prompt 0xf09400:     123 tokens, checkpoints:  0,    15.377 MiB
srv        update:    - prompt 0x3237530:     131 tokens, checkpoints:  0,    16.377 MiB
srv        update:    - prompt 0x3229e60:     130 tokens, checkpoints:  0,    16.252 MiB
srv        update:    - prompt 0xfffdc00062a0:     363 tokens, checkpoints:  0,    45.380 MiB
srv        update:    - prompt 0xfffdb8004ad0:     425 tokens, checkpoints:  0,    53.131 MiB
srv        update:    - prompt 0x439f4c0:     409 tokens, checkpoints:  0,    51.130 MiB
srv        update:    - prompt 0x438d640:     412 tokens, checkpoints:  0,    51.505 MiB
srv        update:    - prompt 0xf09890:     418 tokens, checkpoints:  0,    52.256 MiB
srv        update:    - prompt 0x3229da0:     415 tokens, checkpoints:  0,    51.880 MiB
srv        update:    - prompt 0x3ad7fe0:     431 tokens, checkpoints:  0,    53.881 MiB
srv        update:    - prompt 0x32349c0:     431 tokens, checkpoints:  0,    53.881 MiB
srv        update:    - prompt 0x3ad30f0:     107 tokens, checkpoints:  0,    13.377 MiB
srv        update:    - prompt 0x321fd80:     105 tokens, checkpoints:  0,    13.127 MiB
srv        update:    - prompt 0x3af3c80:     110 tokens, checkpoints:  0,    13.752 MiB
srv        update:    - prompt 0x3aeb450:     116 tokens, checkpoints:  0,    14.502 MiB
srv        update:    - prompt 0x11f0c00:     109 tokens, checkpoints:  0,    13.627 MiB
srv        update:    - prompt 0x43993b0:     113 tokens, checkpoints:  0,    14.127 MiB
srv        update:    - prompt 0xf0c4e0:     108 tokens, checkpoints:  0,    13.502 MiB
srv        update:    - prompt 0x32372b0:     108 tokens, checkpoints:  0,    13.502 MiB
srv        update:    - prompt 0xee1a40:     108 tokens, checkpoints:  0,    13.502 MiB
srv        update:    - prompt 0xee8940:     111 tokens, checkpoints:  0,    13.877 MiB
srv        update:    - prompt 0x3ae40d0:     119 tokens, checkpoints:  0,    14.877 MiB
srv        update:    - prompt 0x322d890:     123 tokens, checkpoints:  0,    15.377 MiB
srv        update:    - prompt 0x439f330:     165 tokens, checkpoints:  0,    20.628 MiB
srv        update:    - prompt 0x3237430:     131 tokens, checkpoints:  0,    16.377 MiB
srv        update:    - prompt 0xf0c750:     135 tokens, checkpoints:  0,    16.877 MiB
srv        update:    - prompt 0x439ff90:     132 tokens, checkpoints:  0,    16.502 MiB
srv        update:    - prompt 0x3ad1ce0:     146 tokens, checkpoints:  0,    18.252 MiB
srv        update:    - prompt 0x32228d0:     130 tokens, checkpoints:  0,    16.252 MiB
srv        update:    - prompt 0x322e950:     136 tokens, checkpoints:  0,    17.002 MiB
srv        update:    - prompt 0x3adad40:     136 tokens, checkpoints:  0,    17.002 MiB
srv        update:    - prompt 0x3226180:     241 tokens, checkpoints:  0,    30.129 MiB
slot update_slots: id  1 | task 5454 | new prompt, n_ctx_slot = 4096, n_keep = 0, task.n_tokens = 226
slot update_slots: id  1 | task 5454 | need to evaluate at least 1 token for each active slot (n_past = 226, task.n_tokens() = 226)
slot update_slots: id  1 | task 5454 | n_past was set to 225
slot update_slots: id  1 | task 5454 | n_tokens = 225, memory_seq_rm [225, end)
slot init_sampler: id  1 | task 5454 | init sampler, took 0.12 ms, tokens: text = 226, total = 226
slot update_slots: id  1 | task 5454 | prompt processing done, n_tokens = 226, batch.n_tokens = 1
srv  log_server_r: done request: POST /completion 127.0.0.1 200
slot print_timing: id  1 | task 5454 | 
prompt eval time =      95.03 ms /     1 tokens (   95.03 ms per token,    10.52 tokens per second)
       eval time =    9378.68 ms /   100 tokens (   93.79 ms per token,    10.66 tokens per second)
      total time =    9473.70 ms /   101 tokens
slot      release: id  1 | task 5454 | stop processing: n_tokens = 325, truncated = 0
srv  update_slots: all slots are idle
slot get_availabl: id  0 | task -1 | selected slot by LRU, t_last = 34512065515
srv  get_availabl: updating prompt cache
srv          load:  - looking for better prompt, base f_keep = -1.000, sim = 0.000
srv          load:  - found better prompt with f_keep = 0.727, sim = 1.000
srv        update:  - cache state: 45 prompts, 943.495 MiB (limits: 8192.000 MiB, 4096 tokens, 65527 est)
srv        update:    - prompt 0x3219180:     106 tokens, checkpoints:  0,    13.252 MiB
srv        update:    - prompt 0x3218d60:     107 tokens, checkpoints:  0,    13.377 MiB
srv        update:    - prompt 0x321a980:     106 tokens, checkpoints:  0,    13.252 MiB
srv        update:    - prompt 0x321dbb0:     107 tokens, checkpoints:  0,    13.377 MiB
srv        update:    - prompt 0xf0ef60:     105 tokens, checkpoints:  0,    13.127 MiB
srv        update:    - prompt 0xfd2770:     110 tokens, checkpoints:  0,    13.752 MiB
srv        update:    - prompt 0x321e630:     116 tokens, checkpoints:  0,    14.502 MiB
srv        update:    - prompt 0x4be6150:     109 tokens, checkpoints:  0,    13.627 MiB
srv        update:    - prompt 0x439f290:     113 tokens, checkpoints:  0,    14.127 MiB
srv        update:    - prompt 0x439c190:     108 tokens, checkpoints:  0,    13.502 MiB
srv        update:    - prompt 0x3ad05f0:     108 tokens, checkpoints:  0,    13.502 MiB
srv        update:    - prompt 0x323a460:     108 tokens, checkpoints:  0,    13.502 MiB
srv        update:    - prompt 0xee4860:     111 tokens, checkpoints:  0,    13.877 MiB
srv        update:    - prompt 0x3238470:     119 tokens, checkpoints:  0,    14.877 MiB
srv        update:    - prompt 0xf09400:     123 tokens, checkpoints:  0,    15.377 MiB
srv        update:    - prompt 0x3237530:     131 tokens, checkpoints:  0,    16.377 MiB
srv        update:    - prompt 0x3229e60:     130 tokens, checkpoints:  0,    16.252 MiB
srv        update:    - prompt 0xfffdb8004ad0:     425 tokens, checkpoints:  0,    53.131 MiB
srv        update:    - prompt 0x439f4c0:     409 tokens, checkpoints:  0,    51.130 MiB
srv        update:    - prompt 0x438d640:     412 tokens, checkpoints:  0,    51.505 MiB
srv        update:    - prompt 0xf09890:     418 tokens, checkpoints:  0,    52.256 MiB
srv        update:    - prompt 0x3229da0:     415 tokens, checkpoints:  0,    51.880 MiB
srv        update:    - prompt 0x3ad7fe0:     431 tokens, checkpoints:  0,    53.881 MiB
srv        update:    - prompt 0x32349c0:     431 tokens, checkpoints:  0,    53.881 MiB
srv        update:    - prompt 0x3ad30f0:     107 tokens, checkpoints:  0,    13.377 MiB
srv        update:    - prompt 0x321fd80:     105 tokens, checkpoints:  0,    13.127 MiB
srv        update:    - prompt 0x3af3c80:     110 tokens, checkpoints:  0,    13.752 MiB
srv        update:    - prompt 0x3aeb450:     116 tokens, checkpoints:  0,    14.502 MiB
srv        update:    - prompt 0x11f0c00:     109 tokens, checkpoints:  0,    13.627 MiB
srv        update:    - prompt 0x43993b0:     113 tokens, checkpoints:  0,    14.127 MiB
srv        update:    - prompt 0xf0c4e0:     108 tokens, checkpoints:  0,    13.502 MiB
srv        update:    - prompt 0x32372b0:     108 tokens, checkpoints:  0,    13.502 MiB
srv        update:    - prompt 0xee1a40:     108 tokens, checkpoints:  0,    13.502 MiB
srv        update:    - prompt 0xee8940:     111 tokens, checkpoints:  0,    13.877 MiB
srv        update:    - prompt 0x3ae40d0:     119 tokens, checkpoints:  0,    14.877 MiB
srv        update:    - prompt 0x322d890:     123 tokens, checkpoints:  0,    15.377 MiB
srv        update:    - prompt 0x439f330:     165 tokens, checkpoints:  0,    20.628 MiB
srv        update:    - prompt 0x3237430:     131 tokens, checkpoints:  0,    16.377 MiB
srv        update:    - prompt 0xf0c750:     135 tokens, checkpoints:  0,    16.877 MiB
srv        update:    - prompt 0x439ff90:     132 tokens, checkpoints:  0,    16.502 MiB
srv        update:    - prompt 0x3ad1ce0:     146 tokens, checkpoints:  0,    18.252 MiB
srv        update:    - prompt 0x32228d0:     130 tokens, checkpoints:  0,    16.252 MiB
srv        update:    - prompt 0x322e950:     136 tokens, checkpoints:  0,    17.002 MiB
srv        update:    - prompt 0x3adad40:     136 tokens, checkpoints:  0,    17.002 MiB
srv        update:    - prompt 0x3226180:     241 tokens, checkpoints:  0,    30.129 MiB
srv  get_availabl: prompt cache update took 14.66 ms
slot launch_slot_: id  0 | task -1 | sampler chain: logits -> ?penalties -> ?dry -> ?top-n-sigma -> top-k -> ?typical -> top-p -> min-p -> ?xtc -> temp-ext -> dist 
slot launch_slot_: id  0 | task 5555 | processing task, is_child = 0
slot slot_save_an: id  1 | task -1 | saving idle slot to prompt cache
srv   prompt_save:  - saving prompt with length 325, total state size = 40.629 MiB
slot prompt_clear: id  1 | task -1 | clearing prompt with 325 tokens
srv        update:  - cache state: 46 prompts, 984.124 MiB (limits: 8192.000 MiB, 4096 tokens, 65527 est)
srv        update:    - prompt 0x3219180:     106 tokens, checkpoints:  0,    13.252 MiB
srv        update:    - prompt 0x3218d60:     107 tokens, checkpoints:  0,    13.377 MiB
srv        update:    - prompt 0x321a980:     106 tokens, checkpoints:  0,    13.252 MiB
srv        update:    - prompt 0x321dbb0:     107 tokens, checkpoints:  0,    13.377 MiB
srv        update:    - prompt 0xf0ef60:     105 tokens, checkpoints:  0,    13.127 MiB
srv        update:    - prompt 0xfd2770:     110 tokens, checkpoints:  0,    13.752 MiB
srv        update:    - prompt 0x321e630:     116 tokens, checkpoints:  0,    14.502 MiB
srv        update:    - prompt 0x4be6150:     109 tokens, checkpoints:  0,    13.627 MiB
srv        update:    - prompt 0x439f290:     113 tokens, checkpoints:  0,    14.127 MiB
srv        update:    - prompt 0x439c190:     108 tokens, checkpoints:  0,    13.502 MiB
srv        update:    - prompt 0x3ad05f0:     108 tokens, checkpoints:  0,    13.502 MiB
srv        update:    - prompt 0x323a460:     108 tokens, checkpoints:  0,    13.502 MiB
srv        update:    - prompt 0xee4860:     111 tokens, checkpoints:  0,    13.877 MiB
srv        update:    - prompt 0x3238470:     119 tokens, checkpoints:  0,    14.877 MiB
srv        update:    - prompt 0xf09400:     123 tokens, checkpoints:  0,    15.377 MiB
srv        update:    - prompt 0x3237530:     131 tokens, checkpoints:  0,    16.377 MiB
srv        update:    - prompt 0x3229e60:     130 tokens, checkpoints:  0,    16.252 MiB
srv        update:    - prompt 0xfffdb8004ad0:     425 tokens, checkpoints:  0,    53.131 MiB
srv        update:    - prompt 0x439f4c0:     409 tokens, checkpoints:  0,    51.130 MiB
srv        update:    - prompt 0x438d640:     412 tokens, checkpoints:  0,    51.505 MiB
srv        update:    - prompt 0xf09890:     418 tokens, checkpoints:  0,    52.256 MiB
srv        update:    - prompt 0x3229da0:     415 tokens, checkpoints:  0,    51.880 MiB
srv        update:    - prompt 0x3ad7fe0:     431 tokens, checkpoints:  0,    53.881 MiB
srv        update:    - prompt 0x32349c0:     431 tokens, checkpoints:  0,    53.881 MiB
srv        update:    - prompt 0x3ad30f0:     107 tokens, checkpoints:  0,    13.377 MiB
srv        update:    - prompt 0x321fd80:     105 tokens, checkpoints:  0,    13.127 MiB
srv        update:    - prompt 0x3af3c80:     110 tokens, checkpoints:  0,    13.752 MiB
srv        update:    - prompt 0x3aeb450:     116 tokens, checkpoints:  0,    14.502 MiB
srv        update:    - prompt 0x11f0c00:     109 tokens, checkpoints:  0,    13.627 MiB
srv        update:    - prompt 0x43993b0:     113 tokens, checkpoints:  0,    14.127 MiB
srv        update:    - prompt 0xf0c4e0:     108 tokens, checkpoints:  0,    13.502 MiB
srv        update:    - prompt 0x32372b0:     108 tokens, checkpoints:  0,    13.502 MiB
srv        update:    - prompt 0xee1a40:     108 tokens, checkpoints:  0,    13.502 MiB
srv        update:    - prompt 0xee8940:     111 tokens, checkpoints:  0,    13.877 MiB
srv        update:    - prompt 0x3ae40d0:     119 tokens, checkpoints:  0,    14.877 MiB
srv        update:    - prompt 0x322d890:     123 tokens, checkpoints:  0,    15.377 MiB
srv        update:    - prompt 0x439f330:     165 tokens, checkpoints:  0,    20.628 MiB
srv        update:    - prompt 0x3237430:     131 tokens, checkpoints:  0,    16.377 MiB
srv        update:    - prompt 0xf0c750:     135 tokens, checkpoints:  0,    16.877 MiB
srv        update:    - prompt 0x439ff90:     132 tokens, checkpoints:  0,    16.502 MiB
srv        update:    - prompt 0x3ad1ce0:     146 tokens, checkpoints:  0,    18.252 MiB
srv        update:    - prompt 0x32228d0:     130 tokens, checkpoints:  0,    16.252 MiB
srv        update:    - prompt 0x322e950:     136 tokens, checkpoints:  0,    17.002 MiB
srv        update:    - prompt 0x3adad40:     136 tokens, checkpoints:  0,    17.002 MiB
srv        update:    - prompt 0x3226180:     241 tokens, checkpoints:  0,    30.129 MiB
srv        update:    - prompt 0xfffdc00062a0:     325 tokens, checkpoints:  0,    40.629 MiB
slot update_slots: id  0 | task 5555 | new prompt, n_ctx_slot = 4096, n_keep = 0, task.n_tokens = 264
slot update_slots: id  0 | task 5555 | need to evaluate at least 1 token for each active slot (n_past = 264, task.n_tokens() = 264)
slot update_slots: id  0 | task 5555 | n_past was set to 263
slot update_slots: id  0 | task 5555 | n_tokens = 263, memory_seq_rm [263, end)
slot init_sampler: id  0 | task 5555 | init sampler, took 0.14 ms, tokens: text = 264, total = 264
slot update_slots: id  0 | task 5555 | prompt processing done, n_tokens = 264, batch.n_tokens = 1
srv  log_server_r: done request: POST /completion 127.0.0.1 200
slot print_timing: id  0 | task 5555 | 
prompt eval time =      98.44 ms /     1 tokens (   98.44 ms per token,    10.16 tokens per second)
       eval time =    9532.97 ms /   100 tokens (   95.33 ms per token,    10.49 tokens per second)
      total time =    9631.41 ms /   101 tokens
slot      release: id  0 | task 5555 | stop processing: n_tokens = 363, truncated = 0
srv  update_slots: all slots are idle
slot get_availabl: id  3 | task -1 | selected slot by LRU, t_last = 34521728805
srv  get_availabl: updating prompt cache
srv          load:  - looking for better prompt, base f_keep = -1.000, sim = 0.000
srv          load:  - found better prompt with f_keep = 0.767, sim = 1.000
srv        update:  - cache state: 45 prompts, 930.994 MiB (limits: 8192.000 MiB, 4096 tokens, 65527 est)
srv        update:    - prompt 0x3219180:     106 tokens, checkpoints:  0,    13.252 MiB
srv        update:    - prompt 0x3218d60:     107 tokens, checkpoints:  0,    13.377 MiB
srv        update:    - prompt 0x321a980:     106 tokens, checkpoints:  0,    13.252 MiB
srv        update:    - prompt 0x321dbb0:     107 tokens, checkpoints:  0,    13.377 MiB
srv        update:    - prompt 0xf0ef60:     105 tokens, checkpoints:  0,    13.127 MiB
srv        update:    - prompt 0xfd2770:     110 tokens, checkpoints:  0,    13.752 MiB
srv        update:    - prompt 0x321e630:     116 tokens, checkpoints:  0,    14.502 MiB
srv        update:    - prompt 0x4be6150:     109 tokens, checkpoints:  0,    13.627 MiB
srv        update:    - prompt 0x439f290:     113 tokens, checkpoints:  0,    14.127 MiB
srv        update:    - prompt 0x439c190:     108 tokens, checkpoints:  0,    13.502 MiB
srv        update:    - prompt 0x3ad05f0:     108 tokens, checkpoints:  0,    13.502 MiB
srv        update:    - prompt 0x323a460:     108 tokens, checkpoints:  0,    13.502 MiB
srv        update:    - prompt 0xee4860:     111 tokens, checkpoints:  0,    13.877 MiB
srv        update:    - prompt 0x3238470:     119 tokens, checkpoints:  0,    14.877 MiB
srv        update:    - prompt 0xf09400:     123 tokens, checkpoints:  0,    15.377 MiB
srv        update:    - prompt 0x3237530:     131 tokens, checkpoints:  0,    16.377 MiB
srv        update:    - prompt 0x3229e60:     130 tokens, checkpoints:  0,    16.252 MiB
srv        update:    - prompt 0x439f4c0:     409 tokens, checkpoints:  0,    51.130 MiB
srv        update:    - prompt 0x438d640:     412 tokens, checkpoints:  0,    51.505 MiB
srv        update:    - prompt 0xf09890:     418 tokens, checkpoints:  0,    52.256 MiB
srv        update:    - prompt 0x3229da0:     415 tokens, checkpoints:  0,    51.880 MiB
srv        update:    - prompt 0x3ad7fe0:     431 tokens, checkpoints:  0,    53.881 MiB
srv        update:    - prompt 0x32349c0:     431 tokens, checkpoints:  0,    53.881 MiB
srv        update:    - prompt 0x3ad30f0:     107 tokens, checkpoints:  0,    13.377 MiB
srv        update:    - prompt 0x321fd80:     105 tokens, checkpoints:  0,    13.127 MiB
srv        update:    - prompt 0x3af3c80:     110 tokens, checkpoints:  0,    13.752 MiB
srv        update:    - prompt 0x3aeb450:     116 tokens, checkpoints:  0,    14.502 MiB
srv        update:    - prompt 0x11f0c00:     109 tokens, checkpoints:  0,    13.627 MiB
srv        update:    - prompt 0x43993b0:     113 tokens, checkpoints:  0,    14.127 MiB
srv        update:    - prompt 0xf0c4e0:     108 tokens, checkpoints:  0,    13.502 MiB
srv        update:    - prompt 0x32372b0:     108 tokens, checkpoints:  0,    13.502 MiB
srv        update:    - prompt 0xee1a40:     108 tokens, checkpoints:  0,    13.502 MiB
srv        update:    - prompt 0xee8940:     111 tokens, checkpoints:  0,    13.877 MiB
srv        update:    - prompt 0x3ae40d0:     119 tokens, checkpoints:  0,    14.877 MiB
srv        update:    - prompt 0x322d890:     123 tokens, checkpoints:  0,    15.377 MiB
srv        update:    - prompt 0x439f330:     165 tokens, checkpoints:  0,    20.628 MiB
srv        update:    - prompt 0x3237430:     131 tokens, checkpoints:  0,    16.377 MiB
srv        update:    - prompt 0xf0c750:     135 tokens, checkpoints:  0,    16.877 MiB
srv        update:    - prompt 0x439ff90:     132 tokens, checkpoints:  0,    16.502 MiB
srv        update:    - prompt 0x3ad1ce0:     146 tokens, checkpoints:  0,    18.252 MiB
srv        update:    - prompt 0x32228d0:     130 tokens, checkpoints:  0,    16.252 MiB
srv        update:    - prompt 0x322e950:     136 tokens, checkpoints:  0,    17.002 MiB
srv        update:    - prompt 0x3adad40:     136 tokens, checkpoints:  0,    17.002 MiB
srv        update:    - prompt 0x3226180:     241 tokens, checkpoints:  0,    30.129 MiB
srv        update:    - prompt 0xfffdc00062a0:     325 tokens, checkpoints:  0,    40.629 MiB
srv  get_availabl: prompt cache update took 17.18 ms
slot launch_slot_: id  3 | task -1 | sampler chain: logits -> ?penalties -> ?dry -> ?top-n-sigma -> top-k -> ?typical -> top-p -> min-p -> ?xtc -> temp-ext -> dist 
slot launch_slot_: id  3 | task 5656 | processing task, is_child = 0
slot slot_save_an: id  0 | task -1 | saving idle slot to prompt cache
srv   prompt_save:  - saving prompt with length 363, total state size = 45.380 MiB
slot prompt_clear: id  0 | task -1 | clearing prompt with 363 tokens
srv        update:  - cache state: 46 prompts, 976.374 MiB (limits: 8192.000 MiB, 4096 tokens, 65527 est)
srv        update:    - prompt 0x3219180:     106 tokens, checkpoints:  0,    13.252 MiB
srv        update:    - prompt 0x3218d60:     107 tokens, checkpoints:  0,    13.377 MiB
srv        update:    - prompt 0x321a980:     106 tokens, checkpoints:  0,    13.252 MiB
srv        update:    - prompt 0x321dbb0:     107 tokens, checkpoints:  0,    13.377 MiB
srv        update:    - prompt 0xf0ef60:     105 tokens, checkpoints:  0,    13.127 MiB
srv        update:    - prompt 0xfd2770:     110 tokens, checkpoints:  0,    13.752 MiB
srv        update:    - prompt 0x321e630:     116 tokens, checkpoints:  0,    14.502 MiB
srv        update:    - prompt 0x4be6150:     109 tokens, checkpoints:  0,    13.627 MiB
srv        update:    - prompt 0x439f290:     113 tokens, checkpoints:  0,    14.127 MiB
srv        update:    - prompt 0x439c190:     108 tokens, checkpoints:  0,    13.502 MiB
srv        update:    - prompt 0x3ad05f0:     108 tokens, checkpoints:  0,    13.502 MiB
srv        update:    - prompt 0x323a460:     108 tokens, checkpoints:  0,    13.502 MiB
srv        update:    - prompt 0xee4860:     111 tokens, checkpoints:  0,    13.877 MiB
srv        update:    - prompt 0x3238470:     119 tokens, checkpoints:  0,    14.877 MiB
srv        update:    - prompt 0xf09400:     123 tokens, checkpoints:  0,    15.377 MiB
srv        update:    - prompt 0x3237530:     131 tokens, checkpoints:  0,    16.377 MiB
srv        update:    - prompt 0x3229e60:     130 tokens, checkpoints:  0,    16.252 MiB
srv        update:    - prompt 0x439f4c0:     409 tokens, checkpoints:  0,    51.130 MiB
srv        update:    - prompt 0x438d640:     412 tokens, checkpoints:  0,    51.505 MiB
srv        update:    - prompt 0xf09890:     418 tokens, checkpoints:  0,    52.256 MiB
srv        update:    - prompt 0x3229da0:     415 tokens, checkpoints:  0,    51.880 MiB
srv        update:    - prompt 0x3ad7fe0:     431 tokens, checkpoints:  0,    53.881 MiB
srv        update:    - prompt 0x32349c0:     431 tokens, checkpoints:  0,    53.881 MiB
srv        update:    - prompt 0x3ad30f0:     107 tokens, checkpoints:  0,    13.377 MiB
srv        update:    - prompt 0x321fd80:     105 tokens, checkpoints:  0,    13.127 MiB
srv        update:    - prompt 0x3af3c80:     110 tokens, checkpoints:  0,    13.752 MiB
srv        update:    - prompt 0x3aeb450:     116 tokens, checkpoints:  0,    14.502 MiB
srv        update:    - prompt 0x11f0c00:     109 tokens, checkpoints:  0,    13.627 MiB
srv        update:    - prompt 0x43993b0:     113 tokens, checkpoints:  0,    14.127 MiB
srv        update:    - prompt 0xf0c4e0:     108 tokens, checkpoints:  0,    13.502 MiB
srv        update:    - prompt 0x32372b0:     108 tokens, checkpoints:  0,    13.502 MiB
srv        update:    - prompt 0xee1a40:     108 tokens, checkpoints:  0,    13.502 MiB
srv        update:    - prompt 0xee8940:     111 tokens, checkpoints:  0,    13.877 MiB
srv        update:    - prompt 0x3ae40d0:     119 tokens, checkpoints:  0,    14.877 MiB
srv        update:    - prompt 0x322d890:     123 tokens, checkpoints:  0,    15.377 MiB
srv        update:    - prompt 0x439f330:     165 tokens, checkpoints:  0,    20.628 MiB
srv        update:    - prompt 0x3237430:     131 tokens, checkpoints:  0,    16.377 MiB
srv        update:    - prompt 0xf0c750:     135 tokens, checkpoints:  0,    16.877 MiB
srv        update:    - prompt 0x439ff90:     132 tokens, checkpoints:  0,    16.502 MiB
srv        update:    - prompt 0x3ad1ce0:     146 tokens, checkpoints:  0,    18.252 MiB
srv        update:    - prompt 0x32228d0:     130 tokens, checkpoints:  0,    16.252 MiB
srv        update:    - prompt 0x322e950:     136 tokens, checkpoints:  0,    17.002 MiB
srv        update:    - prompt 0x3adad40:     136 tokens, checkpoints:  0,    17.002 MiB
srv        update:    - prompt 0x3226180:     241 tokens, checkpoints:  0,    30.129 MiB
srv        update:    - prompt 0xfffdc00062a0:     325 tokens, checkpoints:  0,    40.629 MiB
srv        update:    - prompt 0xfffdb8004ad0:     363 tokens, checkpoints:  0,    45.380 MiB
slot update_slots: id  3 | task 5656 | new prompt, n_ctx_slot = 4096, n_keep = 0, task.n_tokens = 326
slot update_slots: id  3 | task 5656 | need to evaluate at least 1 token for each active slot (n_past = 326, task.n_tokens() = 326)
slot update_slots: id  3 | task 5656 | n_past was set to 325
slot update_slots: id  3 | task 5656 | n_tokens = 325, memory_seq_rm [325, end)
slot init_sampler: id  3 | task 5656 | init sampler, took 0.17 ms, tokens: text = 326, total = 326
slot update_slots: id  3 | task 5656 | prompt processing done, n_tokens = 326, batch.n_tokens = 1
srv  log_server_r: done request: POST /completion 127.0.0.1 200
slot print_timing: id  3 | task 5656 | 
prompt eval time =      97.62 ms /     1 tokens (   97.62 ms per token,    10.24 tokens per second)
       eval time =    9662.91 ms /   100 tokens (   96.63 ms per token,    10.35 tokens per second)
      total time =    9760.53 ms /   101 tokens
slot      release: id  3 | task 5656 | stop processing: n_tokens = 425, truncated = 0
srv  update_slots: all slots are idle
slot get_availabl: id  2 | task -1 | selected slot by LRU, t_last = 34531851093
srv  get_availabl: updating prompt cache
srv          load:  - looking for better prompt, base f_keep = -1.000, sim = 0.000
srv          load:  - found better prompt with f_keep = 0.758, sim = 1.000
srv        update:  - cache state: 45 prompts, 925.243 MiB (limits: 8192.000 MiB, 4096 tokens, 65527 est)
srv        update:    - prompt 0x3219180:     106 tokens, checkpoints:  0,    13.252 MiB
srv        update:    - prompt 0x3218d60:     107 tokens, checkpoints:  0,    13.377 MiB
srv        update:    - prompt 0x321a980:     106 tokens, checkpoints:  0,    13.252 MiB
srv        update:    - prompt 0x321dbb0:     107 tokens, checkpoints:  0,    13.377 MiB
srv        update:    - prompt 0xf0ef60:     105 tokens, checkpoints:  0,    13.127 MiB
srv        update:    - prompt 0xfd2770:     110 tokens, checkpoints:  0,    13.752 MiB
srv        update:    - prompt 0x321e630:     116 tokens, checkpoints:  0,    14.502 MiB
srv        update:    - prompt 0x4be6150:     109 tokens, checkpoints:  0,    13.627 MiB
srv        update:    - prompt 0x439f290:     113 tokens, checkpoints:  0,    14.127 MiB
srv        update:    - prompt 0x439c190:     108 tokens, checkpoints:  0,    13.502 MiB
srv        update:    - prompt 0x3ad05f0:     108 tokens, checkpoints:  0,    13.502 MiB
srv        update:    - prompt 0x323a460:     108 tokens, checkpoints:  0,    13.502 MiB
srv        update:    - prompt 0xee4860:     111 tokens, checkpoints:  0,    13.877 MiB
srv        update:    - prompt 0x3238470:     119 tokens, checkpoints:  0,    14.877 MiB
srv        update:    - prompt 0xf09400:     123 tokens, checkpoints:  0,    15.377 MiB
srv        update:    - prompt 0x3237530:     131 tokens, checkpoints:  0,    16.377 MiB
srv        update:    - prompt 0x3229e60:     130 tokens, checkpoints:  0,    16.252 MiB
srv        update:    - prompt 0x438d640:     412 tokens, checkpoints:  0,    51.505 MiB
srv        update:    - prompt 0xf09890:     418 tokens, checkpoints:  0,    52.256 MiB
srv        update:    - prompt 0x3229da0:     415 tokens, checkpoints:  0,    51.880 MiB
srv        update:    - prompt 0x3ad7fe0:     431 tokens, checkpoints:  0,    53.881 MiB
srv        update:    - prompt 0x32349c0:     431 tokens, checkpoints:  0,    53.881 MiB
srv        update:    - prompt 0x3ad30f0:     107 tokens, checkpoints:  0,    13.377 MiB
srv        update:    - prompt 0x321fd80:     105 tokens, checkpoints:  0,    13.127 MiB
srv        update:    - prompt 0x3af3c80:     110 tokens, checkpoints:  0,    13.752 MiB
srv        update:    - prompt 0x3aeb450:     116 tokens, checkpoints:  0,    14.502 MiB
srv        update:    - prompt 0x11f0c00:     109 tokens, checkpoints:  0,    13.627 MiB
srv        update:    - prompt 0x43993b0:     113 tokens, checkpoints:  0,    14.127 MiB
srv        update:    - prompt 0xf0c4e0:     108 tokens, checkpoints:  0,    13.502 MiB
srv        update:    - prompt 0x32372b0:     108 tokens, checkpoints:  0,    13.502 MiB
srv        update:    - prompt 0xee1a40:     108 tokens, checkpoints:  0,    13.502 MiB
srv        update:    - prompt 0xee8940:     111 tokens, checkpoints:  0,    13.877 MiB
srv        update:    - prompt 0x3ae40d0:     119 tokens, checkpoints:  0,    14.877 MiB
srv        update:    - prompt 0x322d890:     123 tokens, checkpoints:  0,    15.377 MiB
srv        update:    - prompt 0x439f330:     165 tokens, checkpoints:  0,    20.628 MiB
srv        update:    - prompt 0x3237430:     131 tokens, checkpoints:  0,    16.377 MiB
srv        update:    - prompt 0xf0c750:     135 tokens, checkpoints:  0,    16.877 MiB
srv        update:    - prompt 0x439ff90:     132 tokens, checkpoints:  0,    16.502 MiB
srv        update:    - prompt 0x3ad1ce0:     146 tokens, checkpoints:  0,    18.252 MiB
srv        update:    - prompt 0x32228d0:     130 tokens, checkpoints:  0,    16.252 MiB
srv        update:    - prompt 0x322e950:     136 tokens, checkpoints:  0,    17.002 MiB
srv        update:    - prompt 0x3adad40:     136 tokens, checkpoints:  0,    17.002 MiB
srv        update:    - prompt 0x3226180:     241 tokens, checkpoints:  0,    30.129 MiB
srv        update:    - prompt 0xfffdc00062a0:     325 tokens, checkpoints:  0,    40.629 MiB
srv        update:    - prompt 0xfffdb8004ad0:     363 tokens, checkpoints:  0,    45.380 MiB
srv  get_availabl: prompt cache update took 16.45 ms
slot launch_slot_: id  2 | task -1 | sampler chain: logits -> ?penalties -> ?dry -> ?top-n-sigma -> top-k -> ?typical -> top-p -> min-p -> ?xtc -> temp-ext -> dist 
slot launch_slot_: id  2 | task 5757 | processing task, is_child = 0
slot slot_save_an: id  3 | task -1 | saving idle slot to prompt cache
srv   prompt_save:  - saving prompt with length 425, total state size = 53.131 MiB
slot prompt_clear: id  3 | task -1 | clearing prompt with 425 tokens
srv        update:  - cache state: 46 prompts, 978.374 MiB (limits: 8192.000 MiB, 4096 tokens, 65527 est)
srv        update:    - prompt 0x3219180:     106 tokens, checkpoints:  0,    13.252 MiB
srv        update:    - prompt 0x3218d60:     107 tokens, checkpoints:  0,    13.377 MiB
srv        update:    - prompt 0x321a980:     106 tokens, checkpoints:  0,    13.252 MiB
srv        update:    - prompt 0x321dbb0:     107 tokens, checkpoints:  0,    13.377 MiB
srv        update:    - prompt 0xf0ef60:     105 tokens, checkpoints:  0,    13.127 MiB
srv        update:    - prompt 0xfd2770:     110 tokens, checkpoints:  0,    13.752 MiB
srv        update:    - prompt 0x321e630:     116 tokens, checkpoints:  0,    14.502 MiB
srv        update:    - prompt 0x4be6150:     109 tokens, checkpoints:  0,    13.627 MiB
srv        update:    - prompt 0x439f290:     113 tokens, checkpoints:  0,    14.127 MiB
srv        update:    - prompt 0x439c190:     108 tokens, checkpoints:  0,    13.502 MiB
srv        update:    - prompt 0x3ad05f0:     108 tokens, checkpoints:  0,    13.502 MiB
srv        update:    - prompt 0x323a460:     108 tokens, checkpoints:  0,    13.502 MiB
srv        update:    - prompt 0xee4860:     111 tokens, checkpoints:  0,    13.877 MiB
srv        update:    - prompt 0x3238470:     119 tokens, checkpoints:  0,    14.877 MiB
srv        update:    - prompt 0xf09400:     123 tokens, checkpoints:  0,    15.377 MiB
srv        update:    - prompt 0x3237530:     131 tokens, checkpoints:  0,    16.377 MiB
srv        update:    - prompt 0x3229e60:     130 tokens, checkpoints:  0,    16.252 MiB
srv        update:    - prompt 0x438d640:     412 tokens, checkpoints:  0,    51.505 MiB
srv        update:    - prompt 0xf09890:     418 tokens, checkpoints:  0,    52.256 MiB
srv        update:    - prompt 0x3229da0:     415 tokens, checkpoints:  0,    51.880 MiB
srv        update:    - prompt 0x3ad7fe0:     431 tokens, checkpoints:  0,    53.881 MiB
srv        update:    - prompt 0x32349c0:     431 tokens, checkpoints:  0,    53.881 MiB
srv        update:    - prompt 0x3ad30f0:     107 tokens, checkpoints:  0,    13.377 MiB
srv        update:    - prompt 0x321fd80:     105 tokens, checkpoints:  0,    13.127 MiB
srv        update:    - prompt 0x3af3c80:     110 tokens, checkpoints:  0,    13.752 MiB
srv        update:    - prompt 0x3aeb450:     116 tokens, checkpoints:  0,    14.502 MiB
srv        update:    - prompt 0x11f0c00:     109 tokens, checkpoints:  0,    13.627 MiB
srv        update:    - prompt 0x43993b0:     113 tokens, checkpoints:  0,    14.127 MiB
srv        update:    - prompt 0xf0c4e0:     108 tokens, checkpoints:  0,    13.502 MiB
srv        update:    - prompt 0x32372b0:     108 tokens, checkpoints:  0,    13.502 MiB
srv        update:    - prompt 0xee1a40:     108 tokens, checkpoints:  0,    13.502 MiB
srv        update:    - prompt 0xee8940:     111 tokens, checkpoints:  0,    13.877 MiB
srv        update:    - prompt 0x3ae40d0:     119 tokens, checkpoints:  0,    14.877 MiB
srv        update:    - prompt 0x322d890:     123 tokens, checkpoints:  0,    15.377 MiB
srv        update:    - prompt 0x439f330:     165 tokens, checkpoints:  0,    20.628 MiB
srv        update:    - prompt 0x3237430:     131 tokens, checkpoints:  0,    16.377 MiB
srv        update:    - prompt 0xf0c750:     135 tokens, checkpoints:  0,    16.877 MiB
srv        update:    - prompt 0x439ff90:     132 tokens, checkpoints:  0,    16.502 MiB
srv        update:    - prompt 0x3ad1ce0:     146 tokens, checkpoints:  0,    18.252 MiB
srv        update:    - prompt 0x32228d0:     130 tokens, checkpoints:  0,    16.252 MiB
srv        update:    - prompt 0x322e950:     136 tokens, checkpoints:  0,    17.002 MiB
srv        update:    - prompt 0x3adad40:     136 tokens, checkpoints:  0,    17.002 MiB
srv        update:    - prompt 0x3226180:     241 tokens, checkpoints:  0,    30.129 MiB
srv        update:    - prompt 0xfffdc00062a0:     325 tokens, checkpoints:  0,    40.629 MiB
srv        update:    - prompt 0xfffdb8004ad0:     363 tokens, checkpoints:  0,    45.380 MiB
srv        update:    - prompt 0x439f4c0:     425 tokens, checkpoints:  0,    53.131 MiB
slot update_slots: id  2 | task 5757 | new prompt, n_ctx_slot = 4096, n_keep = 0, task.n_tokens = 310
slot update_slots: id  2 | task 5757 | need to evaluate at least 1 token for each active slot (n_past = 310, task.n_tokens() = 310)
slot update_slots: id  2 | task 5757 | n_past was set to 309
slot update_slots: id  2 | task 5757 | n_tokens = 309, memory_seq_rm [309, end)
slot init_sampler: id  2 | task 5757 | init sampler, took 0.16 ms, tokens: text = 310, total = 310
slot update_slots: id  2 | task 5757 | prompt processing done, n_tokens = 310, batch.n_tokens = 1
srv  log_server_r: done request: POST /completion 127.0.0.1 200
slot print_timing: id  2 | task 5757 | 
prompt eval time =      96.81 ms /     1 tokens (   96.81 ms per token,    10.33 tokens per second)
       eval time =    9599.59 ms /   100 tokens (   96.00 ms per token,    10.42 tokens per second)
      total time =    9696.40 ms /   101 tokens
slot      release: id  2 | task 5757 | stop processing: n_tokens = 409, truncated = 0
srv  update_slots: all slots are idle
slot get_availabl: id  1 | task -1 | selected slot by LRU, t_last = 34541926738
srv  get_availabl: updating prompt cache
srv          load:  - looking for better prompt, base f_keep = -1.000, sim = 0.000
srv          load:  - found better prompt with f_keep = 0.760, sim = 1.000
srv        update:  - cache state: 45 prompts, 926.868 MiB (limits: 8192.000 MiB, 4096 tokens, 65527 est)
srv        update:    - prompt 0x3219180:     106 tokens, checkpoints:  0,    13.252 MiB
srv        update:    - prompt 0x3218d60:     107 tokens, checkpoints:  0,    13.377 MiB
srv        update:    - prompt 0x321a980:     106 tokens, checkpoints:  0,    13.252 MiB
srv        update:    - prompt 0x321dbb0:     107 tokens, checkpoints:  0,    13.377 MiB
srv        update:    - prompt 0xf0ef60:     105 tokens, checkpoints:  0,    13.127 MiB
srv        update:    - prompt 0xfd2770:     110 tokens, checkpoints:  0,    13.752 MiB
srv        update:    - prompt 0x321e630:     116 tokens, checkpoints:  0,    14.502 MiB
srv        update:    - prompt 0x4be6150:     109 tokens, checkpoints:  0,    13.627 MiB
srv        update:    - prompt 0x439f290:     113 tokens, checkpoints:  0,    14.127 MiB
srv        update:    - prompt 0x439c190:     108 tokens, checkpoints:  0,    13.502 MiB
srv        update:    - prompt 0x3ad05f0:     108 tokens, checkpoints:  0,    13.502 MiB
srv        update:    - prompt 0x323a460:     108 tokens, checkpoints:  0,    13.502 MiB
srv        update:    - prompt 0xee4860:     111 tokens, checkpoints:  0,    13.877 MiB
srv        update:    - prompt 0x3238470:     119 tokens, checkpoints:  0,    14.877 MiB
srv        update:    - prompt 0xf09400:     123 tokens, checkpoints:  0,    15.377 MiB
srv        update:    - prompt 0x3237530:     131 tokens, checkpoints:  0,    16.377 MiB
srv        update:    - prompt 0x3229e60:     130 tokens, checkpoints:  0,    16.252 MiB
srv        update:    - prompt 0xf09890:     418 tokens, checkpoints:  0,    52.256 MiB
srv        update:    - prompt 0x3229da0:     415 tokens, checkpoints:  0,    51.880 MiB
srv        update:    - prompt 0x3ad7fe0:     431 tokens, checkpoints:  0,    53.881 MiB
srv        update:    - prompt 0x32349c0:     431 tokens, checkpoints:  0,    53.881 MiB
srv        update:    - prompt 0x3ad30f0:     107 tokens, checkpoints:  0,    13.377 MiB
srv        update:    - prompt 0x321fd80:     105 tokens, checkpoints:  0,    13.127 MiB
srv        update:    - prompt 0x3af3c80:     110 tokens, checkpoints:  0,    13.752 MiB
srv        update:    - prompt 0x3aeb450:     116 tokens, checkpoints:  0,    14.502 MiB
srv        update:    - prompt 0x11f0c00:     109 tokens, checkpoints:  0,    13.627 MiB
srv        update:    - prompt 0x43993b0:     113 tokens, checkpoints:  0,    14.127 MiB
srv        update:    - prompt 0xf0c4e0:     108 tokens, checkpoints:  0,    13.502 MiB
srv        update:    - prompt 0x32372b0:     108 tokens, checkpoints:  0,    13.502 MiB
srv        update:    - prompt 0xee1a40:     108 tokens, checkpoints:  0,    13.502 MiB
srv        update:    - prompt 0xee8940:     111 tokens, checkpoints:  0,    13.877 MiB
srv        update:    - prompt 0x3ae40d0:     119 tokens, checkpoints:  0,    14.877 MiB
srv        update:    - prompt 0x322d890:     123 tokens, checkpoints:  0,    15.377 MiB
srv        update:    - prompt 0x439f330:     165 tokens, checkpoints:  0,    20.628 MiB
srv        update:    - prompt 0x3237430:     131 tokens, checkpoints:  0,    16.377 MiB
srv        update:    - prompt 0xf0c750:     135 tokens, checkpoints:  0,    16.877 MiB
srv        update:    - prompt 0x439ff90:     132 tokens, checkpoints:  0,    16.502 MiB
srv        update:    - prompt 0x3ad1ce0:     146 tokens, checkpoints:  0,    18.252 MiB
srv        update:    - prompt 0x32228d0:     130 tokens, checkpoints:  0,    16.252 MiB
srv        update:    - prompt 0x322e950:     136 tokens, checkpoints:  0,    17.002 MiB
srv        update:    - prompt 0x3adad40:     136 tokens, checkpoints:  0,    17.002 MiB
srv        update:    - prompt 0x3226180:     241 tokens, checkpoints:  0,    30.129 MiB
srv        update:    - prompt 0xfffdc00062a0:     325 tokens, checkpoints:  0,    40.629 MiB
srv        update:    - prompt 0xfffdb8004ad0:     363 tokens, checkpoints:  0,    45.380 MiB
srv        update:    - prompt 0x439f4c0:     425 tokens, checkpoints:  0,    53.131 MiB
srv  get_availabl: prompt cache update took 16.71 ms
slot launch_slot_: id  1 | task -1 | sampler chain: logits -> ?penalties -> ?dry -> ?top-n-sigma -> top-k -> ?typical -> top-p -> min-p -> ?xtc -> temp-ext -> dist 
slot launch_slot_: id  1 | task 5858 | processing task, is_child = 0
slot slot_save_an: id  2 | task -1 | saving idle slot to prompt cache
srv   prompt_save:  - saving prompt with length 409, total state size = 51.130 MiB
slot prompt_clear: id  2 | task -1 | clearing prompt with 409 tokens
srv        update:  - cache state: 46 prompts, 977.999 MiB (limits: 8192.000 MiB, 4096 tokens, 65527 est)
srv        update:    - prompt 0x3219180:     106 tokens, checkpoints:  0,    13.252 MiB
srv        update:    - prompt 0x3218d60:     107 tokens, checkpoints:  0,    13.377 MiB
srv        update:    - prompt 0x321a980:     106 tokens, checkpoints:  0,    13.252 MiB
srv        update:    - prompt 0x321dbb0:     107 tokens, checkpoints:  0,    13.377 MiB
srv        update:    - prompt 0xf0ef60:     105 tokens, checkpoints:  0,    13.127 MiB
srv        update:    - prompt 0xfd2770:     110 tokens, checkpoints:  0,    13.752 MiB
srv        update:    - prompt 0x321e630:     116 tokens, checkpoints:  0,    14.502 MiB
srv        update:    - prompt 0x4be6150:     109 tokens, checkpoints:  0,    13.627 MiB
srv        update:    - prompt 0x439f290:     113 tokens, checkpoints:  0,    14.127 MiB
srv        update:    - prompt 0x439c190:     108 tokens, checkpoints:  0,    13.502 MiB
srv        update:    - prompt 0x3ad05f0:     108 tokens, checkpoints:  0,    13.502 MiB
srv        update:    - prompt 0x323a460:     108 tokens, checkpoints:  0,    13.502 MiB
srv        update:    - prompt 0xee4860:     111 tokens, checkpoints:  0,    13.877 MiB
srv        update:    - prompt 0x3238470:     119 tokens, checkpoints:  0,    14.877 MiB
srv        update:    - prompt 0xf09400:     123 tokens, checkpoints:  0,    15.377 MiB
srv        update:    - prompt 0x3237530:     131 tokens, checkpoints:  0,    16.377 MiB
srv        update:    - prompt 0x3229e60:     130 tokens, checkpoints:  0,    16.252 MiB
srv        update:    - prompt 0xf09890:     418 tokens, checkpoints:  0,    52.256 MiB
srv        update:    - prompt 0x3229da0:     415 tokens, checkpoints:  0,    51.880 MiB
srv        update:    - prompt 0x3ad7fe0:     431 tokens, checkpoints:  0,    53.881 MiB
srv        update:    - prompt 0x32349c0:     431 tokens, checkpoints:  0,    53.881 MiB
srv        update:    - prompt 0x3ad30f0:     107 tokens, checkpoints:  0,    13.377 MiB
srv        update:    - prompt 0x321fd80:     105 tokens, checkpoints:  0,    13.127 MiB
srv        update:    - prompt 0x3af3c80:     110 tokens, checkpoints:  0,    13.752 MiB
srv        update:    - prompt 0x3aeb450:     116 tokens, checkpoints:  0,    14.502 MiB
srv        update:    - prompt 0x11f0c00:     109 tokens, checkpoints:  0,    13.627 MiB
srv        update:    - prompt 0x43993b0:     113 tokens, checkpoints:  0,    14.127 MiB
srv        update:    - prompt 0xf0c4e0:     108 tokens, checkpoints:  0,    13.502 MiB
srv        update:    - prompt 0x32372b0:     108 tokens, checkpoints:  0,    13.502 MiB
srv        update:    - prompt 0xee1a40:     108 tokens, checkpoints:  0,    13.502 MiB
srv        update:    - prompt 0xee8940:     111 tokens, checkpoints:  0,    13.877 MiB
srv        update:    - prompt 0x3ae40d0:     119 tokens, checkpoints:  0,    14.877 MiB
srv        update:    - prompt 0x322d890:     123 tokens, checkpoints:  0,    15.377 MiB
srv        update:    - prompt 0x439f330:     165 tokens, checkpoints:  0,    20.628 MiB
srv        update:    - prompt 0x3237430:     131 tokens, checkpoints:  0,    16.377 MiB
srv        update:    - prompt 0xf0c750:     135 tokens, checkpoints:  0,    16.877 MiB
srv        update:    - prompt 0x439ff90:     132 tokens, checkpoints:  0,    16.502 MiB
srv        update:    - prompt 0x3ad1ce0:     146 tokens, checkpoints:  0,    18.252 MiB
srv        update:    - prompt 0x32228d0:     130 tokens, checkpoints:  0,    16.252 MiB
srv        update:    - prompt 0x322e950:     136 tokens, checkpoints:  0,    17.002 MiB
srv        update:    - prompt 0x3adad40:     136 tokens, checkpoints:  0,    17.002 MiB
srv        update:    - prompt 0x3226180:     241 tokens, checkpoints:  0,    30.129 MiB
srv        update:    - prompt 0xfffdc00062a0:     325 tokens, checkpoints:  0,    40.629 MiB
srv        update:    - prompt 0xfffdb8004ad0:     363 tokens, checkpoints:  0,    45.380 MiB
srv        update:    - prompt 0x439f4c0:     425 tokens, checkpoints:  0,    53.131 MiB
srv        update:    - prompt 0x438d640:     409 tokens, checkpoints:  0,    51.130 MiB
slot update_slots: id  1 | task 5858 | new prompt, n_ctx_slot = 4096, n_keep = 0, task.n_tokens = 313
slot update_slots: id  1 | task 5858 | need to evaluate at least 1 token for each active slot (n_past = 313, task.n_tokens() = 313)
slot update_slots: id  1 | task 5858 | n_past was set to 312
slot update_slots: id  1 | task 5858 | n_tokens = 312, memory_seq_rm [312, end)
slot init_sampler: id  1 | task 5858 | init sampler, took 0.16 ms, tokens: text = 313, total = 313
slot update_slots: id  1 | task 5858 | prompt processing done, n_tokens = 313, batch.n_tokens = 1
srv  log_server_r: done request: POST /completion 127.0.0.1 200
slot print_timing: id  1 | task 5858 | 
prompt eval time =      98.18 ms /     1 tokens (   98.18 ms per token,    10.19 tokens per second)
       eval time =    9727.67 ms /   100 tokens (   97.28 ms per token,    10.28 tokens per second)
      total time =    9825.84 ms /   101 tokens
slot      release: id  1 | task 5858 | stop processing: n_tokens = 412, truncated = 0
srv  update_slots: all slots are idle
slot get_availabl: id  0 | task -1 | selected slot by LRU, t_last = 34552165899
srv  get_availabl: updating prompt cache
srv          load:  - looking for better prompt, base f_keep = -1.000, sim = 0.000
srv          load:  - found better prompt with f_keep = 0.763, sim = 1.000
srv        update:  - cache state: 45 prompts, 925.743 MiB (limits: 8192.000 MiB, 4096 tokens, 65527 est)
srv        update:    - prompt 0x3219180:     106 tokens, checkpoints:  0,    13.252 MiB
srv        update:    - prompt 0x3218d60:     107 tokens, checkpoints:  0,    13.377 MiB
srv        update:    - prompt 0x321a980:     106 tokens, checkpoints:  0,    13.252 MiB
srv        update:    - prompt 0x321dbb0:     107 tokens, checkpoints:  0,    13.377 MiB
srv        update:    - prompt 0xf0ef60:     105 tokens, checkpoints:  0,    13.127 MiB
srv        update:    - prompt 0xfd2770:     110 tokens, checkpoints:  0,    13.752 MiB
srv        update:    - prompt 0x321e630:     116 tokens, checkpoints:  0,    14.502 MiB
srv        update:    - prompt 0x4be6150:     109 tokens, checkpoints:  0,    13.627 MiB
srv        update:    - prompt 0x439f290:     113 tokens, checkpoints:  0,    14.127 MiB
srv        update:    - prompt 0x439c190:     108 tokens, checkpoints:  0,    13.502 MiB
srv        update:    - prompt 0x3ad05f0:     108 tokens, checkpoints:  0,    13.502 MiB
srv        update:    - prompt 0x323a460:     108 tokens, checkpoints:  0,    13.502 MiB
srv        update:    - prompt 0xee4860:     111 tokens, checkpoints:  0,    13.877 MiB
srv        update:    - prompt 0x3238470:     119 tokens, checkpoints:  0,    14.877 MiB
srv        update:    - prompt 0xf09400:     123 tokens, checkpoints:  0,    15.377 MiB
srv        update:    - prompt 0x3237530:     131 tokens, checkpoints:  0,    16.377 MiB
srv        update:    - prompt 0x3229e60:     130 tokens, checkpoints:  0,    16.252 MiB
srv        update:    - prompt 0x3229da0:     415 tokens, checkpoints:  0,    51.880 MiB
srv        update:    - prompt 0x3ad7fe0:     431 tokens, checkpoints:  0,    53.881 MiB
srv        update:    - prompt 0x32349c0:     431 tokens, checkpoints:  0,    53.881 MiB
srv        update:    - prompt 0x3ad30f0:     107 tokens, checkpoints:  0,    13.377 MiB
srv        update:    - prompt 0x321fd80:     105 tokens, checkpoints:  0,    13.127 MiB
srv        update:    - prompt 0x3af3c80:     110 tokens, checkpoints:  0,    13.752 MiB
srv        update:    - prompt 0x3aeb450:     116 tokens, checkpoints:  0,    14.502 MiB
srv        update:    - prompt 0x11f0c00:     109 tokens, checkpoints:  0,    13.627 MiB
srv        update:    - prompt 0x43993b0:     113 tokens, checkpoints:  0,    14.127 MiB
srv        update:    - prompt 0xf0c4e0:     108 tokens, checkpoints:  0,    13.502 MiB
srv        update:    - prompt 0x32372b0:     108 tokens, checkpoints:  0,    13.502 MiB
srv        update:    - prompt 0xee1a40:     108 tokens, checkpoints:  0,    13.502 MiB
srv        update:    - prompt 0xee8940:     111 tokens, checkpoints:  0,    13.877 MiB
srv        update:    - prompt 0x3ae40d0:     119 tokens, checkpoints:  0,    14.877 MiB
srv        update:    - prompt 0x322d890:     123 tokens, checkpoints:  0,    15.377 MiB
srv        update:    - prompt 0x439f330:     165 tokens, checkpoints:  0,    20.628 MiB
srv        update:    - prompt 0x3237430:     131 tokens, checkpoints:  0,    16.377 MiB
srv        update:    - prompt 0xf0c750:     135 tokens, checkpoints:  0,    16.877 MiB
srv        update:    - prompt 0x439ff90:     132 tokens, checkpoints:  0,    16.502 MiB
srv        update:    - prompt 0x3ad1ce0:     146 tokens, checkpoints:  0,    18.252 MiB
srv        update:    - prompt 0x32228d0:     130 tokens, checkpoints:  0,    16.252 MiB
srv        update:    - prompt 0x322e950:     136 tokens, checkpoints:  0,    17.002 MiB
srv        update:    - prompt 0x3adad40:     136 tokens, checkpoints:  0,    17.002 MiB
srv        update:    - prompt 0x3226180:     241 tokens, checkpoints:  0,    30.129 MiB
srv        update:    - prompt 0xfffdc00062a0:     325 tokens, checkpoints:  0,    40.629 MiB
srv        update:    - prompt 0xfffdb8004ad0:     363 tokens, checkpoints:  0,    45.380 MiB
srv        update:    - prompt 0x439f4c0:     425 tokens, checkpoints:  0,    53.131 MiB
srv        update:    - prompt 0x438d640:     409 tokens, checkpoints:  0,    51.130 MiB
srv  get_availabl: prompt cache update took 16.87 ms
slot launch_slot_: id  0 | task -1 | sampler chain: logits -> ?penalties -> ?dry -> ?top-n-sigma -> top-k -> ?typical -> top-p -> min-p -> ?xtc -> temp-ext -> dist 
slot launch_slot_: id  0 | task 5959 | processing task, is_child = 0
slot slot_save_an: id  1 | task -1 | saving idle slot to prompt cache
srv   prompt_save:  - saving prompt with length 412, total state size = 51.505 MiB
slot prompt_clear: id  1 | task -1 | clearing prompt with 412 tokens
srv        update:  - cache state: 46 prompts, 977.249 MiB (limits: 8192.000 MiB, 4096 tokens, 65527 est)
srv        update:    - prompt 0x3219180:     106 tokens, checkpoints:  0,    13.252 MiB
srv        update:    - prompt 0x3218d60:     107 tokens, checkpoints:  0,    13.377 MiB
srv        update:    - prompt 0x321a980:     106 tokens, checkpoints:  0,    13.252 MiB
srv        update:    - prompt 0x321dbb0:     107 tokens, checkpoints:  0,    13.377 MiB
srv        update:    - prompt 0xf0ef60:     105 tokens, checkpoints:  0,    13.127 MiB
srv        update:    - prompt 0xfd2770:     110 tokens, checkpoints:  0,    13.752 MiB
srv        update:    - prompt 0x321e630:     116 tokens, checkpoints:  0,    14.502 MiB
srv        update:    - prompt 0x4be6150:     109 tokens, checkpoints:  0,    13.627 MiB
srv        update:    - prompt 0x439f290:     113 tokens, checkpoints:  0,    14.127 MiB
srv        update:    - prompt 0x439c190:     108 tokens, checkpoints:  0,    13.502 MiB
srv        update:    - prompt 0x3ad05f0:     108 tokens, checkpoints:  0,    13.502 MiB
srv        update:    - prompt 0x323a460:     108 tokens, checkpoints:  0,    13.502 MiB
srv        update:    - prompt 0xee4860:     111 tokens, checkpoints:  0,    13.877 MiB
srv        update:    - prompt 0x3238470:     119 tokens, checkpoints:  0,    14.877 MiB
srv        update:    - prompt 0xf09400:     123 tokens, checkpoints:  0,    15.377 MiB
srv        update:    - prompt 0x3237530:     131 tokens, checkpoints:  0,    16.377 MiB
srv        update:    - prompt 0x3229e60:     130 tokens, checkpoints:  0,    16.252 MiB
srv        update:    - prompt 0x3229da0:     415 tokens, checkpoints:  0,    51.880 MiB
srv        update:    - prompt 0x3ad7fe0:     431 tokens, checkpoints:  0,    53.881 MiB
srv        update:    - prompt 0x32349c0:     431 tokens, checkpoints:  0,    53.881 MiB
srv        update:    - prompt 0x3ad30f0:     107 tokens, checkpoints:  0,    13.377 MiB
srv        update:    - prompt 0x321fd80:     105 tokens, checkpoints:  0,    13.127 MiB
srv        update:    - prompt 0x3af3c80:     110 tokens, checkpoints:  0,    13.752 MiB
srv        update:    - prompt 0x3aeb450:     116 tokens, checkpoints:  0,    14.502 MiB
srv        update:    - prompt 0x11f0c00:     109 tokens, checkpoints:  0,    13.627 MiB
srv        update:    - prompt 0x43993b0:     113 tokens, checkpoints:  0,    14.127 MiB
srv        update:    - prompt 0xf0c4e0:     108 tokens, checkpoints:  0,    13.502 MiB
srv        update:    - prompt 0x32372b0:     108 tokens, checkpoints:  0,    13.502 MiB
srv        update:    - prompt 0xee1a40:     108 tokens, checkpoints:  0,    13.502 MiB
srv        update:    - prompt 0xee8940:     111 tokens, checkpoints:  0,    13.877 MiB
srv        update:    - prompt 0x3ae40d0:     119 tokens, checkpoints:  0,    14.877 MiB
srv        update:    - prompt 0x322d890:     123 tokens, checkpoints:  0,    15.377 MiB
srv        update:    - prompt 0x439f330:     165 tokens, checkpoints:  0,    20.628 MiB
srv        update:    - prompt 0x3237430:     131 tokens, checkpoints:  0,    16.377 MiB
srv        update:    - prompt 0xf0c750:     135 tokens, checkpoints:  0,    16.877 MiB
srv        update:    - prompt 0x439ff90:     132 tokens, checkpoints:  0,    16.502 MiB
srv        update:    - prompt 0x3ad1ce0:     146 tokens, checkpoints:  0,    18.252 MiB
srv        update:    - prompt 0x32228d0:     130 tokens, checkpoints:  0,    16.252 MiB
srv        update:    - prompt 0x322e950:     136 tokens, checkpoints:  0,    17.002 MiB
srv        update:    - prompt 0x3adad40:     136 tokens, checkpoints:  0,    17.002 MiB
srv        update:    - prompt 0x3226180:     241 tokens, checkpoints:  0,    30.129 MiB
srv        update:    - prompt 0xfffdc00062a0:     325 tokens, checkpoints:  0,    40.629 MiB
srv        update:    - prompt 0xfffdb8004ad0:     363 tokens, checkpoints:  0,    45.380 MiB
srv        update:    - prompt 0x439f4c0:     425 tokens, checkpoints:  0,    53.131 MiB
srv        update:    - prompt 0x438d640:     409 tokens, checkpoints:  0,    51.130 MiB
srv        update:    - prompt 0xf09890:     412 tokens, checkpoints:  0,    51.505 MiB
slot update_slots: id  0 | task 5959 | new prompt, n_ctx_slot = 4096, n_keep = 0, task.n_tokens = 319
slot update_slots: id  0 | task 5959 | need to evaluate at least 1 token for each active slot (n_past = 319, task.n_tokens() = 319)
slot update_slots: id  0 | task 5959 | n_past was set to 318
slot update_slots: id  0 | task 5959 | n_tokens = 318, memory_seq_rm [318, end)
slot init_sampler: id  0 | task 5959 | init sampler, took 0.15 ms, tokens: text = 319, total = 319
slot update_slots: id  0 | task 5959 | prompt processing done, n_tokens = 319, batch.n_tokens = 1
srv  log_server_r: done request: POST /completion 127.0.0.1 200
slot print_timing: id  0 | task 5959 | 
prompt eval time =      97.41 ms /     1 tokens (   97.41 ms per token,    10.27 tokens per second)
       eval time =    9601.98 ms /   100 tokens (   96.02 ms per token,    10.41 tokens per second)
      total time =    9699.39 ms /   101 tokens
slot      release: id  0 | task 5959 | stop processing: n_tokens = 418, truncated = 0
srv  update_slots: all slots are idle
slot get_availabl: id  3 | task -1 | selected slot by LRU, t_last = 34562538193
srv  get_availabl: updating prompt cache
srv          load:  - looking for better prompt, base f_keep = -1.000, sim = 0.000
srv          load:  - found better prompt with f_keep = 0.761, sim = 1.000
srv        update:  - cache state: 45 prompts, 925.368 MiB (limits: 8192.000 MiB, 4096 tokens, 65527 est)
srv        update:    - prompt 0x3219180:     106 tokens, checkpoints:  0,    13.252 MiB
srv        update:    - prompt 0x3218d60:     107 tokens, checkpoints:  0,    13.377 MiB
srv        update:    - prompt 0x321a980:     106 tokens, checkpoints:  0,    13.252 MiB
srv        update:    - prompt 0x321dbb0:     107 tokens, checkpoints:  0,    13.377 MiB
srv        update:    - prompt 0xf0ef60:     105 tokens, checkpoints:  0,    13.127 MiB
srv        update:    - prompt 0xfd2770:     110 tokens, checkpoints:  0,    13.752 MiB
srv        update:    - prompt 0x321e630:     116 tokens, checkpoints:  0,    14.502 MiB
srv        update:    - prompt 0x4be6150:     109 tokens, checkpoints:  0,    13.627 MiB
srv        update:    - prompt 0x439f290:     113 tokens, checkpoints:  0,    14.127 MiB
srv        update:    - prompt 0x439c190:     108 tokens, checkpoints:  0,    13.502 MiB
srv        update:    - prompt 0x3ad05f0:     108 tokens, checkpoints:  0,    13.502 MiB
srv        update:    - prompt 0x323a460:     108 tokens, checkpoints:  0,    13.502 MiB
srv        update:    - prompt 0xee4860:     111 tokens, checkpoints:  0,    13.877 MiB
srv        update:    - prompt 0x3238470:     119 tokens, checkpoints:  0,    14.877 MiB
srv        update:    - prompt 0xf09400:     123 tokens, checkpoints:  0,    15.377 MiB
srv        update:    - prompt 0x3237530:     131 tokens, checkpoints:  0,    16.377 MiB
srv        update:    - prompt 0x3229e60:     130 tokens, checkpoints:  0,    16.252 MiB
srv        update:    - prompt 0x3ad7fe0:     431 tokens, checkpoints:  0,    53.881 MiB
srv        update:    - prompt 0x32349c0:     431 tokens, checkpoints:  0,    53.881 MiB
srv        update:    - prompt 0x3ad30f0:     107 tokens, checkpoints:  0,    13.377 MiB
srv        update:    - prompt 0x321fd80:     105 tokens, checkpoints:  0,    13.127 MiB
srv        update:    - prompt 0x3af3c80:     110 tokens, checkpoints:  0,    13.752 MiB
srv        update:    - prompt 0x3aeb450:     116 tokens, checkpoints:  0,    14.502 MiB
srv        update:    - prompt 0x11f0c00:     109 tokens, checkpoints:  0,    13.627 MiB
srv        update:    - prompt 0x43993b0:     113 tokens, checkpoints:  0,    14.127 MiB
srv        update:    - prompt 0xf0c4e0:     108 tokens, checkpoints:  0,    13.502 MiB
srv        update:    - prompt 0x32372b0:     108 tokens, checkpoints:  0,    13.502 MiB
srv        update:    - prompt 0xee1a40:     108 tokens, checkpoints:  0,    13.502 MiB
srv        update:    - prompt 0xee8940:     111 tokens, checkpoints:  0,    13.877 MiB
srv        update:    - prompt 0x3ae40d0:     119 tokens, checkpoints:  0,    14.877 MiB
srv        update:    - prompt 0x322d890:     123 tokens, checkpoints:  0,    15.377 MiB
srv        update:    - prompt 0x439f330:     165 tokens, checkpoints:  0,    20.628 MiB
srv        update:    - prompt 0x3237430:     131 tokens, checkpoints:  0,    16.377 MiB
srv        update:    - prompt 0xf0c750:     135 tokens, checkpoints:  0,    16.877 MiB
srv        update:    - prompt 0x439ff90:     132 tokens, checkpoints:  0,    16.502 MiB
srv        update:    - prompt 0x3ad1ce0:     146 tokens, checkpoints:  0,    18.252 MiB
srv        update:    - prompt 0x32228d0:     130 tokens, checkpoints:  0,    16.252 MiB
srv        update:    - prompt 0x322e950:     136 tokens, checkpoints:  0,    17.002 MiB
srv        update:    - prompt 0x3adad40:     136 tokens, checkpoints:  0,    17.002 MiB
srv        update:    - prompt 0x3226180:     241 tokens, checkpoints:  0,    30.129 MiB
srv        update:    - prompt 0xfffdc00062a0:     325 tokens, checkpoints:  0,    40.629 MiB
srv        update:    - prompt 0xfffdb8004ad0:     363 tokens, checkpoints:  0,    45.380 MiB
srv        update:    - prompt 0x439f4c0:     425 tokens, checkpoints:  0,    53.131 MiB
srv        update:    - prompt 0x438d640:     409 tokens, checkpoints:  0,    51.130 MiB
srv        update:    - prompt 0xf09890:     412 tokens, checkpoints:  0,    51.505 MiB
srv  get_availabl: prompt cache update took 16.88 ms
slot launch_slot_: id  3 | task -1 | sampler chain: logits -> ?penalties -> ?dry -> ?top-n-sigma -> top-k -> ?typical -> top-p -> min-p -> ?xtc -> temp-ext -> dist 
slot launch_slot_: id  3 | task 6060 | processing task, is_child = 0
slot slot_save_an: id  0 | task -1 | saving idle slot to prompt cache
srv   prompt_save:  - saving prompt with length 418, total state size = 52.256 MiB
slot prompt_clear: id  0 | task -1 | clearing prompt with 418 tokens
srv        update:  - cache state: 46 prompts, 977.624 MiB (limits: 8192.000 MiB, 4096 tokens, 65527 est)
srv        update:    - prompt 0x3219180:     106 tokens, checkpoints:  0,    13.252 MiB
srv        update:    - prompt 0x3218d60:     107 tokens, checkpoints:  0,    13.377 MiB
srv        update:    - prompt 0x321a980:     106 tokens, checkpoints:  0,    13.252 MiB
srv        update:    - prompt 0x321dbb0:     107 tokens, checkpoints:  0,    13.377 MiB
srv        update:    - prompt 0xf0ef60:     105 tokens, checkpoints:  0,    13.127 MiB
srv        update:    - prompt 0xfd2770:     110 tokens, checkpoints:  0,    13.752 MiB
srv        update:    - prompt 0x321e630:     116 tokens, checkpoints:  0,    14.502 MiB
srv        update:    - prompt 0x4be6150:     109 tokens, checkpoints:  0,    13.627 MiB
srv        update:    - prompt 0x439f290:     113 tokens, checkpoints:  0,    14.127 MiB
srv        update:    - prompt 0x439c190:     108 tokens, checkpoints:  0,    13.502 MiB
srv        update:    - prompt 0x3ad05f0:     108 tokens, checkpoints:  0,    13.502 MiB
srv        update:    - prompt 0x323a460:     108 tokens, checkpoints:  0,    13.502 MiB
srv        update:    - prompt 0xee4860:     111 tokens, checkpoints:  0,    13.877 MiB
srv        update:    - prompt 0x3238470:     119 tokens, checkpoints:  0,    14.877 MiB
srv        update:    - prompt 0xf09400:     123 tokens, checkpoints:  0,    15.377 MiB
srv        update:    - prompt 0x3237530:     131 tokens, checkpoints:  0,    16.377 MiB
srv        update:    - prompt 0x3229e60:     130 tokens, checkpoints:  0,    16.252 MiB
srv        update:    - prompt 0x3ad7fe0:     431 tokens, checkpoints:  0,    53.881 MiB
srv        update:    - prompt 0x32349c0:     431 tokens, checkpoints:  0,    53.881 MiB
srv        update:    - prompt 0x3ad30f0:     107 tokens, checkpoints:  0,    13.377 MiB
srv        update:    - prompt 0x321fd80:     105 tokens, checkpoints:  0,    13.127 MiB
srv        update:    - prompt 0x3af3c80:     110 tokens, checkpoints:  0,    13.752 MiB
srv        update:    - prompt 0x3aeb450:     116 tokens, checkpoints:  0,    14.502 MiB
srv        update:    - prompt 0x11f0c00:     109 tokens, checkpoints:  0,    13.627 MiB
srv        update:    - prompt 0x43993b0:     113 tokens, checkpoints:  0,    14.127 MiB
srv        update:    - prompt 0xf0c4e0:     108 tokens, checkpoints:  0,    13.502 MiB
srv        update:    - prompt 0x32372b0:     108 tokens, checkpoints:  0,    13.502 MiB
srv        update:    - prompt 0xee1a40:     108 tokens, checkpoints:  0,    13.502 MiB
srv        update:    - prompt 0xee8940:     111 tokens, checkpoints:  0,    13.877 MiB
srv        update:    - prompt 0x3ae40d0:     119 tokens, checkpoints:  0,    14.877 MiB
srv        update:    - prompt 0x322d890:     123 tokens, checkpoints:  0,    15.377 MiB
srv        update:    - prompt 0x439f330:     165 tokens, checkpoints:  0,    20.628 MiB
srv        update:    - prompt 0x3237430:     131 tokens, checkpoints:  0,    16.377 MiB
srv        update:    - prompt 0xf0c750:     135 tokens, checkpoints:  0,    16.877 MiB
srv        update:    - prompt 0x439ff90:     132 tokens, checkpoints:  0,    16.502 MiB
srv        update:    - prompt 0x3ad1ce0:     146 tokens, checkpoints:  0,    18.252 MiB
srv        update:    - prompt 0x32228d0:     130 tokens, checkpoints:  0,    16.252 MiB
srv        update:    - prompt 0x322e950:     136 tokens, checkpoints:  0,    17.002 MiB
srv        update:    - prompt 0x3adad40:     136 tokens, checkpoints:  0,    17.002 MiB
srv        update:    - prompt 0x3226180:     241 tokens, checkpoints:  0,    30.129 MiB
srv        update:    - prompt 0xfffdc00062a0:     325 tokens, checkpoints:  0,    40.629 MiB
srv        update:    - prompt 0xfffdb8004ad0:     363 tokens, checkpoints:  0,    45.380 MiB
srv        update:    - prompt 0x439f4c0:     425 tokens, checkpoints:  0,    53.131 MiB
srv        update:    - prompt 0x438d640:     409 tokens, checkpoints:  0,    51.130 MiB
srv        update:    - prompt 0xf09890:     412 tokens, checkpoints:  0,    51.505 MiB
srv        update:    - prompt 0x3229da0:     418 tokens, checkpoints:  0,    52.256 MiB
slot update_slots: id  3 | task 6060 | new prompt, n_ctx_slot = 4096, n_keep = 0, task.n_tokens = 316
slot update_slots: id  3 | task 6060 | need to evaluate at least 1 token for each active slot (n_past = 316, task.n_tokens() = 316)
slot update_slots: id  3 | task 6060 | n_past was set to 315
slot update_slots: id  3 | task 6060 | n_tokens = 315, memory_seq_rm [315, end)
slot init_sampler: id  3 | task 6060 | init sampler, took 0.17 ms, tokens: text = 316, total = 316
slot update_slots: id  3 | task 6060 | prompt processing done, n_tokens = 316, batch.n_tokens = 1
srv  log_server_r: done request: POST /completion 127.0.0.1 200
slot print_timing: id  3 | task 6060 | 
prompt eval time =      97.96 ms /     1 tokens (   97.96 ms per token,    10.21 tokens per second)
       eval time =    9762.36 ms /   100 tokens (   97.62 ms per token,    10.24 tokens per second)
      total time =    9860.33 ms /   101 tokens
slot      release: id  3 | task 6060 | stop processing: n_tokens = 415, truncated = 0
srv  update_slots: all slots are idle
slot get_availabl: id  2 | task -1 | selected slot by LRU, t_last = 34572846598
srv  get_availabl: updating prompt cache
srv          load:  - looking for better prompt, base f_keep = -1.000, sim = 0.000
srv          load:  - found better prompt with f_keep = 0.770, sim = 1.000
srv        update:  - cache state: 45 prompts, 923.743 MiB (limits: 8192.000 MiB, 4096 tokens, 65527 est)
srv        update:    - prompt 0x3219180:     106 tokens, checkpoints:  0,    13.252 MiB
srv        update:    - prompt 0x3218d60:     107 tokens, checkpoints:  0,    13.377 MiB
srv        update:    - prompt 0x321a980:     106 tokens, checkpoints:  0,    13.252 MiB
srv        update:    - prompt 0x321dbb0:     107 tokens, checkpoints:  0,    13.377 MiB
srv        update:    - prompt 0xf0ef60:     105 tokens, checkpoints:  0,    13.127 MiB
srv        update:    - prompt 0xfd2770:     110 tokens, checkpoints:  0,    13.752 MiB
srv        update:    - prompt 0x321e630:     116 tokens, checkpoints:  0,    14.502 MiB
srv        update:    - prompt 0x4be6150:     109 tokens, checkpoints:  0,    13.627 MiB
srv        update:    - prompt 0x439f290:     113 tokens, checkpoints:  0,    14.127 MiB
srv        update:    - prompt 0x439c190:     108 tokens, checkpoints:  0,    13.502 MiB
srv        update:    - prompt 0x3ad05f0:     108 tokens, checkpoints:  0,    13.502 MiB
srv        update:    - prompt 0x323a460:     108 tokens, checkpoints:  0,    13.502 MiB
srv        update:    - prompt 0xee4860:     111 tokens, checkpoints:  0,    13.877 MiB
srv        update:    - prompt 0x3238470:     119 tokens, checkpoints:  0,    14.877 MiB
srv        update:    - prompt 0xf09400:     123 tokens, checkpoints:  0,    15.377 MiB
srv        update:    - prompt 0x3237530:     131 tokens, checkpoints:  0,    16.377 MiB
srv        update:    - prompt 0x3229e60:     130 tokens, checkpoints:  0,    16.252 MiB
srv        update:    - prompt 0x32349c0:     431 tokens, checkpoints:  0,    53.881 MiB
srv        update:    - prompt 0x3ad30f0:     107 tokens, checkpoints:  0,    13.377 MiB
srv        update:    - prompt 0x321fd80:     105 tokens, checkpoints:  0,    13.127 MiB
srv        update:    - prompt 0x3af3c80:     110 tokens, checkpoints:  0,    13.752 MiB
srv        update:    - prompt 0x3aeb450:     116 tokens, checkpoints:  0,    14.502 MiB
srv        update:    - prompt 0x11f0c00:     109 tokens, checkpoints:  0,    13.627 MiB
srv        update:    - prompt 0x43993b0:     113 tokens, checkpoints:  0,    14.127 MiB
srv        update:    - prompt 0xf0c4e0:     108 tokens, checkpoints:  0,    13.502 MiB
srv        update:    - prompt 0x32372b0:     108 tokens, checkpoints:  0,    13.502 MiB
srv        update:    - prompt 0xee1a40:     108 tokens, checkpoints:  0,    13.502 MiB
srv        update:    - prompt 0xee8940:     111 tokens, checkpoints:  0,    13.877 MiB
srv        update:    - prompt 0x3ae40d0:     119 tokens, checkpoints:  0,    14.877 MiB
srv        update:    - prompt 0x322d890:     123 tokens, checkpoints:  0,    15.377 MiB
srv        update:    - prompt 0x439f330:     165 tokens, checkpoints:  0,    20.628 MiB
srv        update:    - prompt 0x3237430:     131 tokens, checkpoints:  0,    16.377 MiB
srv        update:    - prompt 0xf0c750:     135 tokens, checkpoints:  0,    16.877 MiB
srv        update:    - prompt 0x439ff90:     132 tokens, checkpoints:  0,    16.502 MiB
srv        update:    - prompt 0x3ad1ce0:     146 tokens, checkpoints:  0,    18.252 MiB
srv        update:    - prompt 0x32228d0:     130 tokens, checkpoints:  0,    16.252 MiB
srv        update:    - prompt 0x322e950:     136 tokens, checkpoints:  0,    17.002 MiB
srv        update:    - prompt 0x3adad40:     136 tokens, checkpoints:  0,    17.002 MiB
srv        update:    - prompt 0x3226180:     241 tokens, checkpoints:  0,    30.129 MiB
srv        update:    - prompt 0xfffdc00062a0:     325 tokens, checkpoints:  0,    40.629 MiB
srv        update:    - prompt 0xfffdb8004ad0:     363 tokens, checkpoints:  0,    45.380 MiB
srv        update:    - prompt 0x439f4c0:     425 tokens, checkpoints:  0,    53.131 MiB
srv        update:    - prompt 0x438d640:     409 tokens, checkpoints:  0,    51.130 MiB
srv        update:    - prompt 0xf09890:     412 tokens, checkpoints:  0,    51.505 MiB
srv        update:    - prompt 0x3229da0:     418 tokens, checkpoints:  0,    52.256 MiB
srv  get_availabl: prompt cache update took 17.47 ms
slot launch_slot_: id  2 | task -1 | sampler chain: logits -> ?penalties -> ?dry -> ?top-n-sigma -> top-k -> ?typical -> top-p -> min-p -> ?xtc -> temp-ext -> dist 
slot launch_slot_: id  2 | task 6161 | processing task, is_child = 0
slot slot_save_an: id  3 | task -1 | saving idle slot to prompt cache
srv   prompt_save:  - saving prompt with length 415, total state size = 51.880 MiB
slot prompt_clear: id  3 | task -1 | clearing prompt with 415 tokens
srv        update:  - cache state: 46 prompts, 975.624 MiB (limits: 8192.000 MiB, 4096 tokens, 65527 est)
srv        update:    - prompt 0x3219180:     106 tokens, checkpoints:  0,    13.252 MiB
srv        update:    - prompt 0x3218d60:     107 tokens, checkpoints:  0,    13.377 MiB
srv        update:    - prompt 0x321a980:     106 tokens, checkpoints:  0,    13.252 MiB
srv        update:    - prompt 0x321dbb0:     107 tokens, checkpoints:  0,    13.377 MiB
srv        update:    - prompt 0xf0ef60:     105 tokens, checkpoints:  0,    13.127 MiB
srv        update:    - prompt 0xfd2770:     110 tokens, checkpoints:  0,    13.752 MiB
srv        update:    - prompt 0x321e630:     116 tokens, checkpoints:  0,    14.502 MiB
srv        update:    - prompt 0x4be6150:     109 tokens, checkpoints:  0,    13.627 MiB
srv        update:    - prompt 0x439f290:     113 tokens, checkpoints:  0,    14.127 MiB
srv        update:    - prompt 0x439c190:     108 tokens, checkpoints:  0,    13.502 MiB
srv        update:    - prompt 0x3ad05f0:     108 tokens, checkpoints:  0,    13.502 MiB
srv        update:    - prompt 0x323a460:     108 tokens, checkpoints:  0,    13.502 MiB
srv        update:    - prompt 0xee4860:     111 tokens, checkpoints:  0,    13.877 MiB
srv        update:    - prompt 0x3238470:     119 tokens, checkpoints:  0,    14.877 MiB
srv        update:    - prompt 0xf09400:     123 tokens, checkpoints:  0,    15.377 MiB
srv        update:    - prompt 0x3237530:     131 tokens, checkpoints:  0,    16.377 MiB
srv        update:    - prompt 0x3229e60:     130 tokens, checkpoints:  0,    16.252 MiB
srv        update:    - prompt 0x32349c0:     431 tokens, checkpoints:  0,    53.881 MiB
srv        update:    - prompt 0x3ad30f0:     107 tokens, checkpoints:  0,    13.377 MiB
srv        update:    - prompt 0x321fd80:     105 tokens, checkpoints:  0,    13.127 MiB
srv        update:    - prompt 0x3af3c80:     110 tokens, checkpoints:  0,    13.752 MiB
srv        update:    - prompt 0x3aeb450:     116 tokens, checkpoints:  0,    14.502 MiB
srv        update:    - prompt 0x11f0c00:     109 tokens, checkpoints:  0,    13.627 MiB
srv        update:    - prompt 0x43993b0:     113 tokens, checkpoints:  0,    14.127 MiB
srv        update:    - prompt 0xf0c4e0:     108 tokens, checkpoints:  0,    13.502 MiB
srv        update:    - prompt 0x32372b0:     108 tokens, checkpoints:  0,    13.502 MiB
srv        update:    - prompt 0xee1a40:     108 tokens, checkpoints:  0,    13.502 MiB
srv        update:    - prompt 0xee8940:     111 tokens, checkpoints:  0,    13.877 MiB
srv        update:    - prompt 0x3ae40d0:     119 tokens, checkpoints:  0,    14.877 MiB
srv        update:    - prompt 0x322d890:     123 tokens, checkpoints:  0,    15.377 MiB
srv        update:    - prompt 0x439f330:     165 tokens, checkpoints:  0,    20.628 MiB
srv        update:    - prompt 0x3237430:     131 tokens, checkpoints:  0,    16.377 MiB
srv        update:    - prompt 0xf0c750:     135 tokens, checkpoints:  0,    16.877 MiB
srv        update:    - prompt 0x439ff90:     132 tokens, checkpoints:  0,    16.502 MiB
srv        update:    - prompt 0x3ad1ce0:     146 tokens, checkpoints:  0,    18.252 MiB
srv        update:    - prompt 0x32228d0:     130 tokens, checkpoints:  0,    16.252 MiB
srv        update:    - prompt 0x322e950:     136 tokens, checkpoints:  0,    17.002 MiB
srv        update:    - prompt 0x3adad40:     136 tokens, checkpoints:  0,    17.002 MiB
srv        update:    - prompt 0x3226180:     241 tokens, checkpoints:  0,    30.129 MiB
srv        update:    - prompt 0xfffdc00062a0:     325 tokens, checkpoints:  0,    40.629 MiB
srv        update:    - prompt 0xfffdb8004ad0:     363 tokens, checkpoints:  0,    45.380 MiB
srv        update:    - prompt 0x439f4c0:     425 tokens, checkpoints:  0,    53.131 MiB
srv        update:    - prompt 0x438d640:     409 tokens, checkpoints:  0,    51.130 MiB
srv        update:    - prompt 0xf09890:     412 tokens, checkpoints:  0,    51.505 MiB
srv        update:    - prompt 0x3229da0:     418 tokens, checkpoints:  0,    52.256 MiB
srv        update:    - prompt 0x3ad7fe0:     415 tokens, checkpoints:  0,    51.880 MiB
slot update_slots: id  2 | task 6161 | new prompt, n_ctx_slot = 4096, n_keep = 0, task.n_tokens = 332
slot update_slots: id  2 | task 6161 | need to evaluate at least 1 token for each active slot (n_past = 332, task.n_tokens() = 332)
slot update_slots: id  2 | task 6161 | n_past was set to 331
slot update_slots: id  2 | task 6161 | n_tokens = 331, memory_seq_rm [331, end)
slot init_sampler: id  2 | task 6161 | init sampler, took 0.17 ms, tokens: text = 332, total = 332
slot update_slots: id  2 | task 6161 | prompt processing done, n_tokens = 332, batch.n_tokens = 1
srv  log_server_r: done request: POST /completion 127.0.0.1 200
slot print_timing: id  2 | task 6161 | 
prompt eval time =      97.45 ms /     1 tokens (   97.45 ms per token,    10.26 tokens per second)
       eval time =    9601.76 ms /   100 tokens (   96.02 ms per token,    10.41 tokens per second)
      total time =    9699.22 ms /   101 tokens
slot      release: id  2 | task 6161 | stop processing: n_tokens = 431, truncated = 0
srv  update_slots: all slots are idle
slot get_availabl: id  1 | task -1 | selected slot by LRU, t_last = 34583278389
srv  get_availabl: updating prompt cache
srv          load:  - looking for better prompt, base f_keep = -1.000, sim = 0.000
srv          load:  - found better prompt with f_keep = 0.770, sim = 1.000
srv        update:  - cache state: 45 prompts, 921.743 MiB (limits: 8192.000 MiB, 4096 tokens, 65527 est)
srv        update:    - prompt 0x3219180:     106 tokens, checkpoints:  0,    13.252 MiB
srv        update:    - prompt 0x3218d60:     107 tokens, checkpoints:  0,    13.377 MiB
srv        update:    - prompt 0x321a980:     106 tokens, checkpoints:  0,    13.252 MiB
srv        update:    - prompt 0x321dbb0:     107 tokens, checkpoints:  0,    13.377 MiB
srv        update:    - prompt 0xf0ef60:     105 tokens, checkpoints:  0,    13.127 MiB
srv        update:    - prompt 0xfd2770:     110 tokens, checkpoints:  0,    13.752 MiB
srv        update:    - prompt 0x321e630:     116 tokens, checkpoints:  0,    14.502 MiB
srv        update:    - prompt 0x4be6150:     109 tokens, checkpoints:  0,    13.627 MiB
srv        update:    - prompt 0x439f290:     113 tokens, checkpoints:  0,    14.127 MiB
srv        update:    - prompt 0x439c190:     108 tokens, checkpoints:  0,    13.502 MiB
srv        update:    - prompt 0x3ad05f0:     108 tokens, checkpoints:  0,    13.502 MiB
srv        update:    - prompt 0x323a460:     108 tokens, checkpoints:  0,    13.502 MiB
srv        update:    - prompt 0xee4860:     111 tokens, checkpoints:  0,    13.877 MiB
srv        update:    - prompt 0x3238470:     119 tokens, checkpoints:  0,    14.877 MiB
srv        update:    - prompt 0xf09400:     123 tokens, checkpoints:  0,    15.377 MiB
srv        update:    - prompt 0x3237530:     131 tokens, checkpoints:  0,    16.377 MiB
srv        update:    - prompt 0x3229e60:     130 tokens, checkpoints:  0,    16.252 MiB
srv        update:    - prompt 0x3ad30f0:     107 tokens, checkpoints:  0,    13.377 MiB
srv        update:    - prompt 0x321fd80:     105 tokens, checkpoints:  0,    13.127 MiB
srv        update:    - prompt 0x3af3c80:     110 tokens, checkpoints:  0,    13.752 MiB
srv        update:    - prompt 0x3aeb450:     116 tokens, checkpoints:  0,    14.502 MiB
srv        update:    - prompt 0x11f0c00:     109 tokens, checkpoints:  0,    13.627 MiB
srv        update:    - prompt 0x43993b0:     113 tokens, checkpoints:  0,    14.127 MiB
srv        update:    - prompt 0xf0c4e0:     108 tokens, checkpoints:  0,    13.502 MiB
srv        update:    - prompt 0x32372b0:     108 tokens, checkpoints:  0,    13.502 MiB
srv        update:    - prompt 0xee1a40:     108 tokens, checkpoints:  0,    13.502 MiB
srv        update:    - prompt 0xee8940:     111 tokens, checkpoints:  0,    13.877 MiB
srv        update:    - prompt 0x3ae40d0:     119 tokens, checkpoints:  0,    14.877 MiB
srv        update:    - prompt 0x322d890:     123 tokens, checkpoints:  0,    15.377 MiB
srv        update:    - prompt 0x439f330:     165 tokens, checkpoints:  0,    20.628 MiB
srv        update:    - prompt 0x3237430:     131 tokens, checkpoints:  0,    16.377 MiB
srv        update:    - prompt 0xf0c750:     135 tokens, checkpoints:  0,    16.877 MiB
srv        update:    - prompt 0x439ff90:     132 tokens, checkpoints:  0,    16.502 MiB
srv        update:    - prompt 0x3ad1ce0:     146 tokens, checkpoints:  0,    18.252 MiB
srv        update:    - prompt 0x32228d0:     130 tokens, checkpoints:  0,    16.252 MiB
srv        update:    - prompt 0x322e950:     136 tokens, checkpoints:  0,    17.002 MiB
srv        update:    - prompt 0x3adad40:     136 tokens, checkpoints:  0,    17.002 MiB
srv        update:    - prompt 0x3226180:     241 tokens, checkpoints:  0,    30.129 MiB
srv        update:    - prompt 0xfffdc00062a0:     325 tokens, checkpoints:  0,    40.629 MiB
srv        update:    - prompt 0xfffdb8004ad0:     363 tokens, checkpoints:  0,    45.380 MiB
srv        update:    - prompt 0x439f4c0:     425 tokens, checkpoints:  0,    53.131 MiB
srv        update:    - prompt 0x438d640:     409 tokens, checkpoints:  0,    51.130 MiB
srv        update:    - prompt 0xf09890:     412 tokens, checkpoints:  0,    51.505 MiB
srv        update:    - prompt 0x3229da0:     418 tokens, checkpoints:  0,    52.256 MiB
srv        update:    - prompt 0x3ad7fe0:     415 tokens, checkpoints:  0,    51.880 MiB
srv  get_availabl: prompt cache update took 17.47 ms
slot launch_slot_: id  1 | task -1 | sampler chain: logits -> ?penalties -> ?dry -> ?top-n-sigma -> top-k -> ?typical -> top-p -> min-p -> ?xtc -> temp-ext -> dist 
slot launch_slot_: id  1 | task 6262 | processing task, is_child = 0
slot slot_save_an: id  2 | task -1 | saving idle slot to prompt cache
srv   prompt_save:  - saving prompt with length 431, total state size = 53.881 MiB
slot prompt_clear: id  2 | task -1 | clearing prompt with 431 tokens
srv        update:  - cache state: 46 prompts, 975.624 MiB (limits: 8192.000 MiB, 4096 tokens, 65527 est)
srv        update:    - prompt 0x3219180:     106 tokens, checkpoints:  0,    13.252 MiB
srv        update:    - prompt 0x3218d60:     107 tokens, checkpoints:  0,    13.377 MiB
srv        update:    - prompt 0x321a980:     106 tokens, checkpoints:  0,    13.252 MiB
srv        update:    - prompt 0x321dbb0:     107 tokens, checkpoints:  0,    13.377 MiB
srv        update:    - prompt 0xf0ef60:     105 tokens, checkpoints:  0,    13.127 MiB
srv        update:    - prompt 0xfd2770:     110 tokens, checkpoints:  0,    13.752 MiB
srv        update:    - prompt 0x321e630:     116 tokens, checkpoints:  0,    14.502 MiB
srv        update:    - prompt 0x4be6150:     109 tokens, checkpoints:  0,    13.627 MiB
srv        update:    - prompt 0x439f290:     113 tokens, checkpoints:  0,    14.127 MiB
srv        update:    - prompt 0x439c190:     108 tokens, checkpoints:  0,    13.502 MiB
srv        update:    - prompt 0x3ad05f0:     108 tokens, checkpoints:  0,    13.502 MiB
srv        update:    - prompt 0x323a460:     108 tokens, checkpoints:  0,    13.502 MiB
srv        update:    - prompt 0xee4860:     111 tokens, checkpoints:  0,    13.877 MiB
srv        update:    - prompt 0x3238470:     119 tokens, checkpoints:  0,    14.877 MiB
srv        update:    - prompt 0xf09400:     123 tokens, checkpoints:  0,    15.377 MiB
srv        update:    - prompt 0x3237530:     131 tokens, checkpoints:  0,    16.377 MiB
srv        update:    - prompt 0x3229e60:     130 tokens, checkpoints:  0,    16.252 MiB
srv        update:    - prompt 0x3ad30f0:     107 tokens, checkpoints:  0,    13.377 MiB
srv        update:    - prompt 0x321fd80:     105 tokens, checkpoints:  0,    13.127 MiB
srv        update:    - prompt 0x3af3c80:     110 tokens, checkpoints:  0,    13.752 MiB
srv        update:    - prompt 0x3aeb450:     116 tokens, checkpoints:  0,    14.502 MiB
srv        update:    - prompt 0x11f0c00:     109 tokens, checkpoints:  0,    13.627 MiB
srv        update:    - prompt 0x43993b0:     113 tokens, checkpoints:  0,    14.127 MiB
srv        update:    - prompt 0xf0c4e0:     108 tokens, checkpoints:  0,    13.502 MiB
srv        update:    - prompt 0x32372b0:     108 tokens, checkpoints:  0,    13.502 MiB
srv        update:    - prompt 0xee1a40:     108 tokens, checkpoints:  0,    13.502 MiB
srv        update:    - prompt 0xee8940:     111 tokens, checkpoints:  0,    13.877 MiB
srv        update:    - prompt 0x3ae40d0:     119 tokens, checkpoints:  0,    14.877 MiB
srv        update:    - prompt 0x322d890:     123 tokens, checkpoints:  0,    15.377 MiB
srv        update:    - prompt 0x439f330:     165 tokens, checkpoints:  0,    20.628 MiB
srv        update:    - prompt 0x3237430:     131 tokens, checkpoints:  0,    16.377 MiB
srv        update:    - prompt 0xf0c750:     135 tokens, checkpoints:  0,    16.877 MiB
srv        update:    - prompt 0x439ff90:     132 tokens, checkpoints:  0,    16.502 MiB
srv        update:    - prompt 0x3ad1ce0:     146 tokens, checkpoints:  0,    18.252 MiB
srv        update:    - prompt 0x32228d0:     130 tokens, checkpoints:  0,    16.252 MiB
srv        update:    - prompt 0x322e950:     136 tokens, checkpoints:  0,    17.002 MiB
srv        update:    - prompt 0x3adad40:     136 tokens, checkpoints:  0,    17.002 MiB
srv        update:    - prompt 0x3226180:     241 tokens, checkpoints:  0,    30.129 MiB
srv        update:    - prompt 0xfffdc00062a0:     325 tokens, checkpoints:  0,    40.629 MiB
srv        update:    - prompt 0xfffdb8004ad0:     363 tokens, checkpoints:  0,    45.380 MiB
srv        update:    - prompt 0x439f4c0:     425 tokens, checkpoints:  0,    53.131 MiB
srv        update:    - prompt 0x438d640:     409 tokens, checkpoints:  0,    51.130 MiB
srv        update:    - prompt 0xf09890:     412 tokens, checkpoints:  0,    51.505 MiB
srv        update:    - prompt 0x3229da0:     418 tokens, checkpoints:  0,    52.256 MiB
srv        update:    - prompt 0x3ad7fe0:     415 tokens, checkpoints:  0,    51.880 MiB
srv        update:    - prompt 0x32349c0:     431 tokens, checkpoints:  0,    53.881 MiB
slot update_slots: id  1 | task 6262 | new prompt, n_ctx_slot = 4096, n_keep = 0, task.n_tokens = 332
slot update_slots: id  1 | task 6262 | need to evaluate at least 1 token for each active slot (n_past = 332, task.n_tokens() = 332)
slot update_slots: id  1 | task 6262 | n_past was set to 331
slot update_slots: id  1 | task 6262 | n_tokens = 331, memory_seq_rm [331, end)
slot init_sampler: id  1 | task 6262 | init sampler, took 0.16 ms, tokens: text = 332, total = 332
slot update_slots: id  1 | task 6262 | prompt processing done, n_tokens = 332, batch.n_tokens = 1
srv  log_server_r: done request: POST /completion 127.0.0.1 200
slot print_timing: id  1 | task 6262 | 
prompt eval time =      98.45 ms /     1 tokens (   98.45 ms per token,    10.16 tokens per second)
       eval time =    9722.32 ms /   100 tokens (   97.22 ms per token,    10.29 tokens per second)
      total time =    9820.77 ms /   101 tokens
slot      release: id  1 | task 6262 | stop processing: n_tokens = 431, truncated = 0
srv  update_slots: all slots are idle
slot get_availabl: id  1 | task -1 | selected slot by LCP similarity, sim_best = 0.125 (> 0.100 thold), f_keep = 0.002
srv  get_availabl: updating prompt cache
srv   prompt_save:  - saving prompt with length 431, total state size = 53.881 MiB
srv          load:  - looking for better prompt, base f_keep = 0.002, sim = 0.125
srv        update:  - cache state: 47 prompts, 1029.504 MiB (limits: 8192.000 MiB, 4096 tokens, 65527 est)
srv        update:    - prompt 0x3219180:     106 tokens, checkpoints:  0,    13.252 MiB
srv        update:    - prompt 0x3218d60:     107 tokens, checkpoints:  0,    13.377 MiB
srv        update:    - prompt 0x321a980:     106 tokens, checkpoints:  0,    13.252 MiB
srv        update:    - prompt 0x321dbb0:     107 tokens, checkpoints:  0,    13.377 MiB
srv        update:    - prompt 0xf0ef60:     105 tokens, checkpoints:  0,    13.127 MiB
srv        update:    - prompt 0xfd2770:     110 tokens, checkpoints:  0,    13.752 MiB
srv        update:    - prompt 0x321e630:     116 tokens, checkpoints:  0,    14.502 MiB
srv        update:    - prompt 0x4be6150:     109 tokens, checkpoints:  0,    13.627 MiB
srv        update:    - prompt 0x439f290:     113 tokens, checkpoints:  0,    14.127 MiB
srv        update:    - prompt 0x439c190:     108 tokens, checkpoints:  0,    13.502 MiB
srv        update:    - prompt 0x3ad05f0:     108 tokens, checkpoints:  0,    13.502 MiB
srv        update:    - prompt 0x323a460:     108 tokens, checkpoints:  0,    13.502 MiB
srv        update:    - prompt 0xee4860:     111 tokens, checkpoints:  0,    13.877 MiB
srv        update:    - prompt 0x3238470:     119 tokens, checkpoints:  0,    14.877 MiB
srv        update:    - prompt 0xf09400:     123 tokens, checkpoints:  0,    15.377 MiB
srv        update:    - prompt 0x3237530:     131 tokens, checkpoints:  0,    16.377 MiB
srv        update:    - prompt 0x3229e60:     130 tokens, checkpoints:  0,    16.252 MiB
srv        update:    - prompt 0x3ad30f0:     107 tokens, checkpoints:  0,    13.377 MiB
srv        update:    - prompt 0x321fd80:     105 tokens, checkpoints:  0,    13.127 MiB
srv        update:    - prompt 0x3af3c80:     110 tokens, checkpoints:  0,    13.752 MiB
srv        update:    - prompt 0x3aeb450:     116 tokens, checkpoints:  0,    14.502 MiB
srv        update:    - prompt 0x11f0c00:     109 tokens, checkpoints:  0,    13.627 MiB
srv        update:    - prompt 0x43993b0:     113 tokens, checkpoints:  0,    14.127 MiB
srv        update:    - prompt 0xf0c4e0:     108 tokens, checkpoints:  0,    13.502 MiB
srv        update:    - prompt 0x32372b0:     108 tokens, checkpoints:  0,    13.502 MiB
srv        update:    - prompt 0xee1a40:     108 tokens, checkpoints:  0,    13.502 MiB
srv        update:    - prompt 0xee8940:     111 tokens, checkpoints:  0,    13.877 MiB
srv        update:    - prompt 0x3ae40d0:     119 tokens, checkpoints:  0,    14.877 MiB
srv        update:    - prompt 0x322d890:     123 tokens, checkpoints:  0,    15.377 MiB
srv        update:    - prompt 0x439f330:     165 tokens, checkpoints:  0,    20.628 MiB
srv        update:    - prompt 0x3237430:     131 tokens, checkpoints:  0,    16.377 MiB
srv        update:    - prompt 0xf0c750:     135 tokens, checkpoints:  0,    16.877 MiB
srv        update:    - prompt 0x439ff90:     132 tokens, checkpoints:  0,    16.502 MiB
srv        update:    - prompt 0x3ad1ce0:     146 tokens, checkpoints:  0,    18.252 MiB
srv        update:    - prompt 0x32228d0:     130 tokens, checkpoints:  0,    16.252 MiB
srv        update:    - prompt 0x322e950:     136 tokens, checkpoints:  0,    17.002 MiB
srv        update:    - prompt 0x3adad40:     136 tokens, checkpoints:  0,    17.002 MiB
srv        update:    - prompt 0x3226180:     241 tokens, checkpoints:  0,    30.129 MiB
srv        update:    - prompt 0xfffdc00062a0:     325 tokens, checkpoints:  0,    40.629 MiB
srv        update:    - prompt 0xfffdb8004ad0:     363 tokens, checkpoints:  0,    45.380 MiB
srv        update:    - prompt 0x439f4c0:     425 tokens, checkpoints:  0,    53.131 MiB
srv        update:    - prompt 0x438d640:     409 tokens, checkpoints:  0,    51.130 MiB
srv        update:    - prompt 0xf09890:     412 tokens, checkpoints:  0,    51.505 MiB
srv        update:    - prompt 0x3229da0:     418 tokens, checkpoints:  0,    52.256 MiB
srv        update:    - prompt 0x3ad7fe0:     415 tokens, checkpoints:  0,    51.880 MiB
srv        update:    - prompt 0x32349c0:     431 tokens, checkpoints:  0,    53.881 MiB
srv        update:    - prompt 0xfffe10002440:     431 tokens, checkpoints:  0,    53.881 MiB
srv  get_availabl: prompt cache update took 12.92 ms
slot launch_slot_: id  1 | task -1 | sampler chain: logits -> ?penalties -> ?dry -> ?top-n-sigma -> top-k -> ?typical -> top-p -> min-p -> ?xtc -> temp-ext -> dist 
slot launch_slot_: id  1 | task 6363 | processing task, is_child = 0
slot update_slots: id  1 | task 6363 | new prompt, n_ctx_slot = 4096, n_keep = 0, task.n_tokens = 8
slot update_slots: id  1 | task 6363 | n_tokens = 1, memory_seq_rm [1, end)
slot init_sampler: id  1 | task 6363 | init sampler, took 0.01 ms, tokens: text = 8, total = 8
slot update_slots: id  1 | task 6363 | prompt processing done, n_tokens = 8, batch.n_tokens = 7
srv  log_server_r: done request: POST /completion 127.0.0.1 200
slot print_timing: id  1 | task 6363 | 
prompt eval time =     514.45 ms /     7 tokens (   73.49 ms per token,    13.61 tokens per second)
       eval time =    8936.76 ms /   100 tokens (   89.37 ms per token,    11.19 tokens per second)
      total time =    9451.22 ms /   107 tokens
slot      release: id  1 | task 6363 | stop processing: n_tokens = 107, truncated = 0
srv  update_slots: all slots are idle
slot get_availabl: id  1 | task -1 | selected slot by LCP similarity, sim_best = 0.167 (> 0.100 thold), f_keep = 0.009
srv  get_availabl: updating prompt cache
srv   prompt_save:  - saving prompt with length 107, total state size = 13.377 MiB
srv          load:  - looking for better prompt, base f_keep = 0.009, sim = 0.167
srv        update:  - cache state: 48 prompts, 1042.881 MiB (limits: 8192.000 MiB, 4096 tokens, 65527 est)
srv        update:    - prompt 0x3219180:     106 tokens, checkpoints:  0,    13.252 MiB
srv        update:    - prompt 0x3218d60:     107 tokens, checkpoints:  0,    13.377 MiB
srv        update:    - prompt 0x321a980:     106 tokens, checkpoints:  0,    13.252 MiB
srv        update:    - prompt 0x321dbb0:     107 tokens, checkpoints:  0,    13.377 MiB
srv        update:    - prompt 0xf0ef60:     105 tokens, checkpoints:  0,    13.127 MiB
srv        update:    - prompt 0xfd2770:     110 tokens, checkpoints:  0,    13.752 MiB
srv        update:    - prompt 0x321e630:     116 tokens, checkpoints:  0,    14.502 MiB
srv        update:    - prompt 0x4be6150:     109 tokens, checkpoints:  0,    13.627 MiB
srv        update:    - prompt 0x439f290:     113 tokens, checkpoints:  0,    14.127 MiB
srv        update:    - prompt 0x439c190:     108 tokens, checkpoints:  0,    13.502 MiB
srv        update:    - prompt 0x3ad05f0:     108 tokens, checkpoints:  0,    13.502 MiB
srv        update:    - prompt 0x323a460:     108 tokens, checkpoints:  0,    13.502 MiB
srv        update:    - prompt 0xee4860:     111 tokens, checkpoints:  0,    13.877 MiB
srv        update:    - prompt 0x3238470:     119 tokens, checkpoints:  0,    14.877 MiB
srv        update:    - prompt 0xf09400:     123 tokens, checkpoints:  0,    15.377 MiB
srv        update:    - prompt 0x3237530:     131 tokens, checkpoints:  0,    16.377 MiB
srv        update:    - prompt 0x3229e60:     130 tokens, checkpoints:  0,    16.252 MiB
srv        update:    - prompt 0x3ad30f0:     107 tokens, checkpoints:  0,    13.377 MiB
srv        update:    - prompt 0x321fd80:     105 tokens, checkpoints:  0,    13.127 MiB
srv        update:    - prompt 0x3af3c80:     110 tokens, checkpoints:  0,    13.752 MiB
srv        update:    - prompt 0x3aeb450:     116 tokens, checkpoints:  0,    14.502 MiB
srv        update:    - prompt 0x11f0c00:     109 tokens, checkpoints:  0,    13.627 MiB
srv        update:    - prompt 0x43993b0:     113 tokens, checkpoints:  0,    14.127 MiB
srv        update:    - prompt 0xf0c4e0:     108 tokens, checkpoints:  0,    13.502 MiB
srv        update:    - prompt 0x32372b0:     108 tokens, checkpoints:  0,    13.502 MiB
srv        update:    - prompt 0xee1a40:     108 tokens, checkpoints:  0,    13.502 MiB
srv        update:    - prompt 0xee8940:     111 tokens, checkpoints:  0,    13.877 MiB
srv        update:    - prompt 0x3ae40d0:     119 tokens, checkpoints:  0,    14.877 MiB
srv        update:    - prompt 0x322d890:     123 tokens, checkpoints:  0,    15.377 MiB
srv        update:    - prompt 0x439f330:     165 tokens, checkpoints:  0,    20.628 MiB
srv        update:    - prompt 0x3237430:     131 tokens, checkpoints:  0,    16.377 MiB
srv        update:    - prompt 0xf0c750:     135 tokens, checkpoints:  0,    16.877 MiB
srv        update:    - prompt 0x439ff90:     132 tokens, checkpoints:  0,    16.502 MiB
srv        update:    - prompt 0x3ad1ce0:     146 tokens, checkpoints:  0,    18.252 MiB
srv        update:    - prompt 0x32228d0:     130 tokens, checkpoints:  0,    16.252 MiB
srv        update:    - prompt 0x322e950:     136 tokens, checkpoints:  0,    17.002 MiB
srv        update:    - prompt 0x3adad40:     136 tokens, checkpoints:  0,    17.002 MiB
srv        update:    - prompt 0x3226180:     241 tokens, checkpoints:  0,    30.129 MiB
srv        update:    - prompt 0xfffdc00062a0:     325 tokens, checkpoints:  0,    40.629 MiB
srv        update:    - prompt 0xfffdb8004ad0:     363 tokens, checkpoints:  0,    45.380 MiB
srv        update:    - prompt 0x439f4c0:     425 tokens, checkpoints:  0,    53.131 MiB
srv        update:    - prompt 0x438d640:     409 tokens, checkpoints:  0,    51.130 MiB
srv        update:    - prompt 0xf09890:     412 tokens, checkpoints:  0,    51.505 MiB
srv        update:    - prompt 0x3229da0:     418 tokens, checkpoints:  0,    52.256 MiB
srv        update:    - prompt 0x3ad7fe0:     415 tokens, checkpoints:  0,    51.880 MiB
srv        update:    - prompt 0x32349c0:     431 tokens, checkpoints:  0,    53.881 MiB
srv        update:    - prompt 0xfffe10002440:     431 tokens, checkpoints:  0,    53.881 MiB
srv        update:    - prompt 0xfffe1c005350:     107 tokens, checkpoints:  0,    13.377 MiB
srv  get_availabl: prompt cache update took 3.54 ms
slot launch_slot_: id  1 | task -1 | sampler chain: logits -> ?penalties -> ?dry -> ?top-n-sigma -> top-k -> ?typical -> top-p -> min-p -> ?xtc -> temp-ext -> dist 
slot launch_slot_: id  1 | task 6464 | processing task, is_child = 0
slot update_slots: id  1 | task 6464 | new prompt, n_ctx_slot = 4096, n_keep = 0, task.n_tokens = 6
slot update_slots: id  1 | task 6464 | n_tokens = 1, memory_seq_rm [1, end)
slot init_sampler: id  1 | task 6464 | init sampler, took 0.01 ms, tokens: text = 6, total = 6
slot update_slots: id  1 | task 6464 | prompt processing done, n_tokens = 6, batch.n_tokens = 5
srv  log_server_r: done request: POST /completion 127.0.0.1 200
slot print_timing: id  1 | task 6464 | 
prompt eval time =     374.05 ms /     5 tokens (   74.81 ms per token,    13.37 tokens per second)
       eval time =    8937.54 ms /   100 tokens (   89.38 ms per token,    11.19 tokens per second)
      total time =    9311.58 ms /   105 tokens
slot      release: id  1 | task 6464 | stop processing: n_tokens = 105, truncated = 0
srv  update_slots: all slots are idle
slot get_availabl: id  0 | task -1 | selected slot by LRU, t_last = 34593592240
srv  get_availabl: updating prompt cache
srv          load:  - looking for better prompt, base f_keep = -1.000, sim = 0.000
srv        update:  - cache state: 48 prompts, 1042.881 MiB (limits: 8192.000 MiB, 4096 tokens, 65527 est)
srv        update:    - prompt 0x3219180:     106 tokens, checkpoints:  0,    13.252 MiB
srv        update:    - prompt 0x3218d60:     107 tokens, checkpoints:  0,    13.377 MiB
srv        update:    - prompt 0x321a980:     106 tokens, checkpoints:  0,    13.252 MiB
srv        update:    - prompt 0x321dbb0:     107 tokens, checkpoints:  0,    13.377 MiB
srv        update:    - prompt 0xf0ef60:     105 tokens, checkpoints:  0,    13.127 MiB
srv        update:    - prompt 0xfd2770:     110 tokens, checkpoints:  0,    13.752 MiB
srv        update:    - prompt 0x321e630:     116 tokens, checkpoints:  0,    14.502 MiB
srv        update:    - prompt 0x4be6150:     109 tokens, checkpoints:  0,    13.627 MiB
srv        update:    - prompt 0x439f290:     113 tokens, checkpoints:  0,    14.127 MiB
srv        update:    - prompt 0x439c190:     108 tokens, checkpoints:  0,    13.502 MiB
srv        update:    - prompt 0x3ad05f0:     108 tokens, checkpoints:  0,    13.502 MiB
srv        update:    - prompt 0x323a460:     108 tokens, checkpoints:  0,    13.502 MiB
srv        update:    - prompt 0xee4860:     111 tokens, checkpoints:  0,    13.877 MiB
srv        update:    - prompt 0x3238470:     119 tokens, checkpoints:  0,    14.877 MiB
srv        update:    - prompt 0xf09400:     123 tokens, checkpoints:  0,    15.377 MiB
srv        update:    - prompt 0x3237530:     131 tokens, checkpoints:  0,    16.377 MiB
srv        update:    - prompt 0x3229e60:     130 tokens, checkpoints:  0,    16.252 MiB
srv        update:    - prompt 0x3ad30f0:     107 tokens, checkpoints:  0,    13.377 MiB
srv        update:    - prompt 0x321fd80:     105 tokens, checkpoints:  0,    13.127 MiB
srv        update:    - prompt 0x3af3c80:     110 tokens, checkpoints:  0,    13.752 MiB
srv        update:    - prompt 0x3aeb450:     116 tokens, checkpoints:  0,    14.502 MiB
srv        update:    - prompt 0x11f0c00:     109 tokens, checkpoints:  0,    13.627 MiB
srv        update:    - prompt 0x43993b0:     113 tokens, checkpoints:  0,    14.127 MiB
srv        update:    - prompt 0xf0c4e0:     108 tokens, checkpoints:  0,    13.502 MiB
srv        update:    - prompt 0x32372b0:     108 tokens, checkpoints:  0,    13.502 MiB
srv        update:    - prompt 0xee1a40:     108 tokens, checkpoints:  0,    13.502 MiB
srv        update:    - prompt 0xee8940:     111 tokens, checkpoints:  0,    13.877 MiB
srv        update:    - prompt 0x3ae40d0:     119 tokens, checkpoints:  0,    14.877 MiB
srv        update:    - prompt 0x322d890:     123 tokens, checkpoints:  0,    15.377 MiB
srv        update:    - prompt 0x439f330:     165 tokens, checkpoints:  0,    20.628 MiB
srv        update:    - prompt 0x3237430:     131 tokens, checkpoints:  0,    16.377 MiB
srv        update:    - prompt 0xf0c750:     135 tokens, checkpoints:  0,    16.877 MiB
srv        update:    - prompt 0x439ff90:     132 tokens, checkpoints:  0,    16.502 MiB
srv        update:    - prompt 0x3ad1ce0:     146 tokens, checkpoints:  0,    18.252 MiB
srv        update:    - prompt 0x32228d0:     130 tokens, checkpoints:  0,    16.252 MiB
srv        update:    - prompt 0x322e950:     136 tokens, checkpoints:  0,    17.002 MiB
srv        update:    - prompt 0x3adad40:     136 tokens, checkpoints:  0,    17.002 MiB
srv        update:    - prompt 0x3226180:     241 tokens, checkpoints:  0,    30.129 MiB
srv        update:    - prompt 0xfffdc00062a0:     325 tokens, checkpoints:  0,    40.629 MiB
srv        update:    - prompt 0xfffdb8004ad0:     363 tokens, checkpoints:  0,    45.380 MiB
srv        update:    - prompt 0x439f4c0:     425 tokens, checkpoints:  0,    53.131 MiB
srv        update:    - prompt 0x438d640:     409 tokens, checkpoints:  0,    51.130 MiB
srv        update:    - prompt 0xf09890:     412 tokens, checkpoints:  0,    51.505 MiB
srv        update:    - prompt 0x3229da0:     418 tokens, checkpoints:  0,    52.256 MiB
srv        update:    - prompt 0x3ad7fe0:     415 tokens, checkpoints:  0,    51.880 MiB
srv        update:    - prompt 0x32349c0:     431 tokens, checkpoints:  0,    53.881 MiB
srv        update:    - prompt 0xfffe10002440:     431 tokens, checkpoints:  0,    53.881 MiB
srv        update:    - prompt 0xfffe1c005350:     107 tokens, checkpoints:  0,    13.377 MiB
srv  get_availabl: prompt cache update took 0.21 ms
slot launch_slot_: id  0 | task -1 | sampler chain: logits -> ?penalties -> ?dry -> ?top-n-sigma -> top-k -> ?typical -> top-p -> min-p -> ?xtc -> temp-ext -> dist 
slot launch_slot_: id  0 | task 6565 | processing task, is_child = 0
slot slot_save_an: id  1 | task -1 | saving idle slot to prompt cache
srv   prompt_save:  - saving prompt with length 105, total state size = 13.127 MiB
slot prompt_clear: id  1 | task -1 | clearing prompt with 105 tokens
srv        update:  - cache state: 49 prompts, 1056.008 MiB (limits: 8192.000 MiB, 4096 tokens, 65527 est)
srv        update:    - prompt 0x3219180:     106 tokens, checkpoints:  0,    13.252 MiB
srv        update:    - prompt 0x3218d60:     107 tokens, checkpoints:  0,    13.377 MiB
srv        update:    - prompt 0x321a980:     106 tokens, checkpoints:  0,    13.252 MiB
srv        update:    - prompt 0x321dbb0:     107 tokens, checkpoints:  0,    13.377 MiB
srv        update:    - prompt 0xf0ef60:     105 tokens, checkpoints:  0,    13.127 MiB
srv        update:    - prompt 0xfd2770:     110 tokens, checkpoints:  0,    13.752 MiB
srv        update:    - prompt 0x321e630:     116 tokens, checkpoints:  0,    14.502 MiB
srv        update:    - prompt 0x4be6150:     109 tokens, checkpoints:  0,    13.627 MiB
srv        update:    - prompt 0x439f290:     113 tokens, checkpoints:  0,    14.127 MiB
srv        update:    - prompt 0x439c190:     108 tokens, checkpoints:  0,    13.502 MiB
srv        update:    - prompt 0x3ad05f0:     108 tokens, checkpoints:  0,    13.502 MiB
srv        update:    - prompt 0x323a460:     108 tokens, checkpoints:  0,    13.502 MiB
srv        update:    - prompt 0xee4860:     111 tokens, checkpoints:  0,    13.877 MiB
srv        update:    - prompt 0x3238470:     119 tokens, checkpoints:  0,    14.877 MiB
srv        update:    - prompt 0xf09400:     123 tokens, checkpoints:  0,    15.377 MiB
srv        update:    - prompt 0x3237530:     131 tokens, checkpoints:  0,    16.377 MiB
srv        update:    - prompt 0x3229e60:     130 tokens, checkpoints:  0,    16.252 MiB
srv        update:    - prompt 0x3ad30f0:     107 tokens, checkpoints:  0,    13.377 MiB
srv        update:    - prompt 0x321fd80:     105 tokens, checkpoints:  0,    13.127 MiB
srv        update:    - prompt 0x3af3c80:     110 tokens, checkpoints:  0,    13.752 MiB
srv        update:    - prompt 0x3aeb450:     116 tokens, checkpoints:  0,    14.502 MiB
srv        update:    - prompt 0x11f0c00:     109 tokens, checkpoints:  0,    13.627 MiB
srv        update:    - prompt 0x43993b0:     113 tokens, checkpoints:  0,    14.127 MiB
srv        update:    - prompt 0xf0c4e0:     108 tokens, checkpoints:  0,    13.502 MiB
srv        update:    - prompt 0x32372b0:     108 tokens, checkpoints:  0,    13.502 MiB
srv        update:    - prompt 0xee1a40:     108 tokens, checkpoints:  0,    13.502 MiB
srv        update:    - prompt 0xee8940:     111 tokens, checkpoints:  0,    13.877 MiB
srv        update:    - prompt 0x3ae40d0:     119 tokens, checkpoints:  0,    14.877 MiB
srv        update:    - prompt 0x322d890:     123 tokens, checkpoints:  0,    15.377 MiB
srv        update:    - prompt 0x439f330:     165 tokens, checkpoints:  0,    20.628 MiB
srv        update:    - prompt 0x3237430:     131 tokens, checkpoints:  0,    16.377 MiB
srv        update:    - prompt 0xf0c750:     135 tokens, checkpoints:  0,    16.877 MiB
srv        update:    - prompt 0x439ff90:     132 tokens, checkpoints:  0,    16.502 MiB
srv        update:    - prompt 0x3ad1ce0:     146 tokens, checkpoints:  0,    18.252 MiB
srv        update:    - prompt 0x32228d0:     130 tokens, checkpoints:  0,    16.252 MiB
srv        update:    - prompt 0x322e950:     136 tokens, checkpoints:  0,    17.002 MiB
srv        update:    - prompt 0x3adad40:     136 tokens, checkpoints:  0,    17.002 MiB
srv        update:    - prompt 0x3226180:     241 tokens, checkpoints:  0,    30.129 MiB
srv        update:    - prompt 0xfffdc00062a0:     325 tokens, checkpoints:  0,    40.629 MiB
srv        update:    - prompt 0xfffdb8004ad0:     363 tokens, checkpoints:  0,    45.380 MiB
srv        update:    - prompt 0x439f4c0:     425 tokens, checkpoints:  0,    53.131 MiB
srv        update:    - prompt 0x438d640:     409 tokens, checkpoints:  0,    51.130 MiB
srv        update:    - prompt 0xf09890:     412 tokens, checkpoints:  0,    51.505 MiB
srv        update:    - prompt 0x3229da0:     418 tokens, checkpoints:  0,    52.256 MiB
srv        update:    - prompt 0x3ad7fe0:     415 tokens, checkpoints:  0,    51.880 MiB
srv        update:    - prompt 0x32349c0:     431 tokens, checkpoints:  0,    53.881 MiB
srv        update:    - prompt 0xfffe10002440:     431 tokens, checkpoints:  0,    53.881 MiB
srv        update:    - prompt 0xfffe1c005350:     107 tokens, checkpoints:  0,    13.377 MiB
srv        update:    - prompt 0xfffe300036d0:     105 tokens, checkpoints:  0,    13.127 MiB
slot update_slots: id  0 | task 6565 | new prompt, n_ctx_slot = 4096, n_keep = 0, task.n_tokens = 11
slot update_slots: id  0 | task 6565 | n_tokens = 0, memory_seq_rm [0, end)
slot init_sampler: id  0 | task 6565 | init sampler, took 0.01 ms, tokens: text = 11, total = 11
slot update_slots: id  0 | task 6565 | prompt processing done, n_tokens = 11, batch.n_tokens = 11
srv  log_server_r: done request: POST /completion 127.0.0.1 200
slot print_timing: id  0 | task 6565 | 
prompt eval time =     794.36 ms /    11 tokens (   72.21 ms per token,    13.85 tokens per second)
       eval time =    8948.37 ms /   100 tokens (   89.48 ms per token,    11.18 tokens per second)
      total time =    9742.73 ms /   111 tokens
slot      release: id  0 | task 6565 | stop processing: n_tokens = 110, truncated = 0
srv  update_slots: all slots are idle
slot get_availabl: id  3 | task -1 | selected slot by LRU, t_last = 34604060043
srv  get_availabl: updating prompt cache
srv          load:  - looking for better prompt, base f_keep = -1.000, sim = 0.000
srv        update:  - cache state: 49 prompts, 1056.008 MiB (limits: 8192.000 MiB, 4096 tokens, 65527 est)
srv        update:    - prompt 0x3219180:     106 tokens, checkpoints:  0,    13.252 MiB
srv        update:    - prompt 0x3218d60:     107 tokens, checkpoints:  0,    13.377 MiB
srv        update:    - prompt 0x321a980:     106 tokens, checkpoints:  0,    13.252 MiB
srv        update:    - prompt 0x321dbb0:     107 tokens, checkpoints:  0,    13.377 MiB
srv        update:    - prompt 0xf0ef60:     105 tokens, checkpoints:  0,    13.127 MiB
srv        update:    - prompt 0xfd2770:     110 tokens, checkpoints:  0,    13.752 MiB
srv        update:    - prompt 0x321e630:     116 tokens, checkpoints:  0,    14.502 MiB
srv        update:    - prompt 0x4be6150:     109 tokens, checkpoints:  0,    13.627 MiB
srv        update:    - prompt 0x439f290:     113 tokens, checkpoints:  0,    14.127 MiB
srv        update:    - prompt 0x439c190:     108 tokens, checkpoints:  0,    13.502 MiB
srv        update:    - prompt 0x3ad05f0:     108 tokens, checkpoints:  0,    13.502 MiB
srv        update:    - prompt 0x323a460:     108 tokens, checkpoints:  0,    13.502 MiB
srv        update:    - prompt 0xee4860:     111 tokens, checkpoints:  0,    13.877 MiB
srv        update:    - prompt 0x3238470:     119 tokens, checkpoints:  0,    14.877 MiB
srv        update:    - prompt 0xf09400:     123 tokens, checkpoints:  0,    15.377 MiB
srv        update:    - prompt 0x3237530:     131 tokens, checkpoints:  0,    16.377 MiB
srv        update:    - prompt 0x3229e60:     130 tokens, checkpoints:  0,    16.252 MiB
srv        update:    - prompt 0x3ad30f0:     107 tokens, checkpoints:  0,    13.377 MiB
srv        update:    - prompt 0x321fd80:     105 tokens, checkpoints:  0,    13.127 MiB
srv        update:    - prompt 0x3af3c80:     110 tokens, checkpoints:  0,    13.752 MiB
srv        update:    - prompt 0x3aeb450:     116 tokens, checkpoints:  0,    14.502 MiB
srv        update:    - prompt 0x11f0c00:     109 tokens, checkpoints:  0,    13.627 MiB
srv        update:    - prompt 0x43993b0:     113 tokens, checkpoints:  0,    14.127 MiB
srv        update:    - prompt 0xf0c4e0:     108 tokens, checkpoints:  0,    13.502 MiB
srv        update:    - prompt 0x32372b0:     108 tokens, checkpoints:  0,    13.502 MiB
srv        update:    - prompt 0xee1a40:     108 tokens, checkpoints:  0,    13.502 MiB
srv        update:    - prompt 0xee8940:     111 tokens, checkpoints:  0,    13.877 MiB
srv        update:    - prompt 0x3ae40d0:     119 tokens, checkpoints:  0,    14.877 MiB
srv        update:    - prompt 0x322d890:     123 tokens, checkpoints:  0,    15.377 MiB
srv        update:    - prompt 0x439f330:     165 tokens, checkpoints:  0,    20.628 MiB
srv        update:    - prompt 0x3237430:     131 tokens, checkpoints:  0,    16.377 MiB
srv        update:    - prompt 0xf0c750:     135 tokens, checkpoints:  0,    16.877 MiB
srv        update:    - prompt 0x439ff90:     132 tokens, checkpoints:  0,    16.502 MiB
srv        update:    - prompt 0x3ad1ce0:     146 tokens, checkpoints:  0,    18.252 MiB
srv        update:    - prompt 0x32228d0:     130 tokens, checkpoints:  0,    16.252 MiB
srv        update:    - prompt 0x322e950:     136 tokens, checkpoints:  0,    17.002 MiB
srv        update:    - prompt 0x3adad40:     136 tokens, checkpoints:  0,    17.002 MiB
srv        update:    - prompt 0x3226180:     241 tokens, checkpoints:  0,    30.129 MiB
srv        update:    - prompt 0xfffdc00062a0:     325 tokens, checkpoints:  0,    40.629 MiB
srv        update:    - prompt 0xfffdb8004ad0:     363 tokens, checkpoints:  0,    45.380 MiB
srv        update:    - prompt 0x439f4c0:     425 tokens, checkpoints:  0,    53.131 MiB
srv        update:    - prompt 0x438d640:     409 tokens, checkpoints:  0,    51.130 MiB
srv        update:    - prompt 0xf09890:     412 tokens, checkpoints:  0,    51.505 MiB
srv        update:    - prompt 0x3229da0:     418 tokens, checkpoints:  0,    52.256 MiB
srv        update:    - prompt 0x3ad7fe0:     415 tokens, checkpoints:  0,    51.880 MiB
srv        update:    - prompt 0x32349c0:     431 tokens, checkpoints:  0,    53.881 MiB
srv        update:    - prompt 0xfffe10002440:     431 tokens, checkpoints:  0,    53.881 MiB
srv        update:    - prompt 0xfffe1c005350:     107 tokens, checkpoints:  0,    13.377 MiB
srv        update:    - prompt 0xfffe300036d0:     105 tokens, checkpoints:  0,    13.127 MiB
srv  get_availabl: prompt cache update took 0.25 ms
slot launch_slot_: id  3 | task -1 | sampler chain: logits -> ?penalties -> ?dry -> ?top-n-sigma -> top-k -> ?typical -> top-p -> min-p -> ?xtc -> temp-ext -> dist 
slot launch_slot_: id  3 | task 6666 | processing task, is_child = 0
slot slot_save_an: id  0 | task -1 | saving idle slot to prompt cache
srv   prompt_save:  - saving prompt with length 110, total state size = 13.752 MiB
slot prompt_clear: id  0 | task -1 | clearing prompt with 110 tokens
srv        update:  - cache state: 50 prompts, 1069.760 MiB (limits: 8192.000 MiB, 4096 tokens, 65527 est)
srv        update:    - prompt 0x3219180:     106 tokens, checkpoints:  0,    13.252 MiB
srv        update:    - prompt 0x3218d60:     107 tokens, checkpoints:  0,    13.377 MiB
srv        update:    - prompt 0x321a980:     106 tokens, checkpoints:  0,    13.252 MiB
srv        update:    - prompt 0x321dbb0:     107 tokens, checkpoints:  0,    13.377 MiB
srv        update:    - prompt 0xf0ef60:     105 tokens, checkpoints:  0,    13.127 MiB
srv        update:    - prompt 0xfd2770:     110 tokens, checkpoints:  0,    13.752 MiB
srv        update:    - prompt 0x321e630:     116 tokens, checkpoints:  0,    14.502 MiB
srv        update:    - prompt 0x4be6150:     109 tokens, checkpoints:  0,    13.627 MiB
srv        update:    - prompt 0x439f290:     113 tokens, checkpoints:  0,    14.127 MiB
srv        update:    - prompt 0x439c190:     108 tokens, checkpoints:  0,    13.502 MiB
srv        update:    - prompt 0x3ad05f0:     108 tokens, checkpoints:  0,    13.502 MiB
srv        update:    - prompt 0x323a460:     108 tokens, checkpoints:  0,    13.502 MiB
srv        update:    - prompt 0xee4860:     111 tokens, checkpoints:  0,    13.877 MiB
srv        update:    - prompt 0x3238470:     119 tokens, checkpoints:  0,    14.877 MiB
srv        update:    - prompt 0xf09400:     123 tokens, checkpoints:  0,    15.377 MiB
srv        update:    - prompt 0x3237530:     131 tokens, checkpoints:  0,    16.377 MiB
srv        update:    - prompt 0x3229e60:     130 tokens, checkpoints:  0,    16.252 MiB
srv        update:    - prompt 0x3ad30f0:     107 tokens, checkpoints:  0,    13.377 MiB
srv        update:    - prompt 0x321fd80:     105 tokens, checkpoints:  0,    13.127 MiB
srv        update:    - prompt 0x3af3c80:     110 tokens, checkpoints:  0,    13.752 MiB
srv        update:    - prompt 0x3aeb450:     116 tokens, checkpoints:  0,    14.502 MiB
srv        update:    - prompt 0x11f0c00:     109 tokens, checkpoints:  0,    13.627 MiB
srv        update:    - prompt 0x43993b0:     113 tokens, checkpoints:  0,    14.127 MiB
srv        update:    - prompt 0xf0c4e0:     108 tokens, checkpoints:  0,    13.502 MiB
srv        update:    - prompt 0x32372b0:     108 tokens, checkpoints:  0,    13.502 MiB
srv        update:    - prompt 0xee1a40:     108 tokens, checkpoints:  0,    13.502 MiB
srv        update:    - prompt 0xee8940:     111 tokens, checkpoints:  0,    13.877 MiB
srv        update:    - prompt 0x3ae40d0:     119 tokens, checkpoints:  0,    14.877 MiB
srv        update:    - prompt 0x322d890:     123 tokens, checkpoints:  0,    15.377 MiB
srv        update:    - prompt 0x439f330:     165 tokens, checkpoints:  0,    20.628 MiB
srv        update:    - prompt 0x3237430:     131 tokens, checkpoints:  0,    16.377 MiB
srv        update:    - prompt 0xf0c750:     135 tokens, checkpoints:  0,    16.877 MiB
srv        update:    - prompt 0x439ff90:     132 tokens, checkpoints:  0,    16.502 MiB
srv        update:    - prompt 0x3ad1ce0:     146 tokens, checkpoints:  0,    18.252 MiB
srv        update:    - prompt 0x32228d0:     130 tokens, checkpoints:  0,    16.252 MiB
srv        update:    - prompt 0x322e950:     136 tokens, checkpoints:  0,    17.002 MiB
srv        update:    - prompt 0x3adad40:     136 tokens, checkpoints:  0,    17.002 MiB
srv        update:    - prompt 0x3226180:     241 tokens, checkpoints:  0,    30.129 MiB
srv        update:    - prompt 0xfffdc00062a0:     325 tokens, checkpoints:  0,    40.629 MiB
srv        update:    - prompt 0xfffdb8004ad0:     363 tokens, checkpoints:  0,    45.380 MiB
srv        update:    - prompt 0x439f4c0:     425 tokens, checkpoints:  0,    53.131 MiB
srv        update:    - prompt 0x438d640:     409 tokens, checkpoints:  0,    51.130 MiB
srv        update:    - prompt 0xf09890:     412 tokens, checkpoints:  0,    51.505 MiB
srv        update:    - prompt 0x3229da0:     418 tokens, checkpoints:  0,    52.256 MiB
srv        update:    - prompt 0x3ad7fe0:     415 tokens, checkpoints:  0,    51.880 MiB
srv        update:    - prompt 0x32349c0:     431 tokens, checkpoints:  0,    53.881 MiB
srv        update:    - prompt 0xfffe10002440:     431 tokens, checkpoints:  0,    53.881 MiB
srv        update:    - prompt 0xfffe1c005350:     107 tokens, checkpoints:  0,    13.377 MiB
srv        update:    - prompt 0xfffe300036d0:     105 tokens, checkpoints:  0,    13.127 MiB
srv        update:    - prompt 0x322d7f0:     110 tokens, checkpoints:  0,    13.752 MiB
slot update_slots: id  3 | task 6666 | new prompt, n_ctx_slot = 4096, n_keep = 0, task.n_tokens = 17
slot update_slots: id  3 | task 6666 | n_tokens = 0, memory_seq_rm [0, end)
slot init_sampler: id  3 | task 6666 | init sampler, took 0.01 ms, tokens: text = 17, total = 17
slot update_slots: id  3 | task 6666 | prompt processing done, n_tokens = 17, batch.n_tokens = 17
srv  log_server_r: done request: POST /completion 127.0.0.1 200
slot print_timing: id  3 | task 6666 | 
prompt eval time =    1219.43 ms /    17 tokens (   71.73 ms per token,    13.94 tokens per second)
       eval time =    8957.68 ms /   100 tokens (   89.58 ms per token,    11.16 tokens per second)
      total time =   10177.11 ms /   117 tokens
slot      release: id  3 | task 6666 | stop processing: n_tokens = 116, truncated = 0
srv  update_slots: all slots are idle
slot get_availabl: id  2 | task -1 | selected slot by LRU, t_last = 34614364794
srv  get_availabl: updating prompt cache
srv          load:  - looking for better prompt, base f_keep = -1.000, sim = 0.000
srv        update:  - cache state: 50 prompts, 1069.760 MiB (limits: 8192.000 MiB, 4096 tokens, 65527 est)
srv        update:    - prompt 0x3219180:     106 tokens, checkpoints:  0,    13.252 MiB
srv        update:    - prompt 0x3218d60:     107 tokens, checkpoints:  0,    13.377 MiB
srv        update:    - prompt 0x321a980:     106 tokens, checkpoints:  0,    13.252 MiB
srv        update:    - prompt 0x321dbb0:     107 tokens, checkpoints:  0,    13.377 MiB
srv        update:    - prompt 0xf0ef60:     105 tokens, checkpoints:  0,    13.127 MiB
srv        update:    - prompt 0xfd2770:     110 tokens, checkpoints:  0,    13.752 MiB
srv        update:    - prompt 0x321e630:     116 tokens, checkpoints:  0,    14.502 MiB
srv        update:    - prompt 0x4be6150:     109 tokens, checkpoints:  0,    13.627 MiB
srv        update:    - prompt 0x439f290:     113 tokens, checkpoints:  0,    14.127 MiB
srv        update:    - prompt 0x439c190:     108 tokens, checkpoints:  0,    13.502 MiB
srv        update:    - prompt 0x3ad05f0:     108 tokens, checkpoints:  0,    13.502 MiB
srv        update:    - prompt 0x323a460:     108 tokens, checkpoints:  0,    13.502 MiB
srv        update:    - prompt 0xee4860:     111 tokens, checkpoints:  0,    13.877 MiB
srv        update:    - prompt 0x3238470:     119 tokens, checkpoints:  0,    14.877 MiB
srv        update:    - prompt 0xf09400:     123 tokens, checkpoints:  0,    15.377 MiB
srv        update:    - prompt 0x3237530:     131 tokens, checkpoints:  0,    16.377 MiB
srv        update:    - prompt 0x3229e60:     130 tokens, checkpoints:  0,    16.252 MiB
srv        update:    - prompt 0x3ad30f0:     107 tokens, checkpoints:  0,    13.377 MiB
srv        update:    - prompt 0x321fd80:     105 tokens, checkpoints:  0,    13.127 MiB
srv        update:    - prompt 0x3af3c80:     110 tokens, checkpoints:  0,    13.752 MiB
srv        update:    - prompt 0x3aeb450:     116 tokens, checkpoints:  0,    14.502 MiB
srv        update:    - prompt 0x11f0c00:     109 tokens, checkpoints:  0,    13.627 MiB
srv        update:    - prompt 0x43993b0:     113 tokens, checkpoints:  0,    14.127 MiB
srv        update:    - prompt 0xf0c4e0:     108 tokens, checkpoints:  0,    13.502 MiB
srv        update:    - prompt 0x32372b0:     108 tokens, checkpoints:  0,    13.502 MiB
srv        update:    - prompt 0xee1a40:     108 tokens, checkpoints:  0,    13.502 MiB
srv        update:    - prompt 0xee8940:     111 tokens, checkpoints:  0,    13.877 MiB
srv        update:    - prompt 0x3ae40d0:     119 tokens, checkpoints:  0,    14.877 MiB
srv        update:    - prompt 0x322d890:     123 tokens, checkpoints:  0,    15.377 MiB
srv        update:    - prompt 0x439f330:     165 tokens, checkpoints:  0,    20.628 MiB
srv        update:    - prompt 0x3237430:     131 tokens, checkpoints:  0,    16.377 MiB
srv        update:    - prompt 0xf0c750:     135 tokens, checkpoints:  0,    16.877 MiB
srv        update:    - prompt 0x439ff90:     132 tokens, checkpoints:  0,    16.502 MiB
srv        update:    - prompt 0x3ad1ce0:     146 tokens, checkpoints:  0,    18.252 MiB
srv        update:    - prompt 0x32228d0:     130 tokens, checkpoints:  0,    16.252 MiB
srv        update:    - prompt 0x322e950:     136 tokens, checkpoints:  0,    17.002 MiB
srv        update:    - prompt 0x3adad40:     136 tokens, checkpoints:  0,    17.002 MiB
srv        update:    - prompt 0x3226180:     241 tokens, checkpoints:  0,    30.129 MiB
srv        update:    - prompt 0xfffdc00062a0:     325 tokens, checkpoints:  0,    40.629 MiB
srv        update:    - prompt 0xfffdb8004ad0:     363 tokens, checkpoints:  0,    45.380 MiB
srv        update:    - prompt 0x439f4c0:     425 tokens, checkpoints:  0,    53.131 MiB
srv        update:    - prompt 0x438d640:     409 tokens, checkpoints:  0,    51.130 MiB
srv        update:    - prompt 0xf09890:     412 tokens, checkpoints:  0,    51.505 MiB
srv        update:    - prompt 0x3229da0:     418 tokens, checkpoints:  0,    52.256 MiB
srv        update:    - prompt 0x3ad7fe0:     415 tokens, checkpoints:  0,    51.880 MiB
srv        update:    - prompt 0x32349c0:     431 tokens, checkpoints:  0,    53.881 MiB
srv        update:    - prompt 0xfffe10002440:     431 tokens, checkpoints:  0,    53.881 MiB
srv        update:    - prompt 0xfffe1c005350:     107 tokens, checkpoints:  0,    13.377 MiB
srv        update:    - prompt 0xfffe300036d0:     105 tokens, checkpoints:  0,    13.127 MiB
srv        update:    - prompt 0x322d7f0:     110 tokens, checkpoints:  0,    13.752 MiB
srv  get_availabl: prompt cache update took 0.21 ms
slot launch_slot_: id  2 | task -1 | sampler chain: logits -> ?penalties -> ?dry -> ?top-n-sigma -> top-k -> ?typical -> top-p -> min-p -> ?xtc -> temp-ext -> dist 
slot launch_slot_: id  2 | task 6767 | processing task, is_child = 0
slot slot_save_an: id  3 | task -1 | saving idle slot to prompt cache
srv   prompt_save:  - saving prompt with length 116, total state size = 14.502 MiB
slot prompt_clear: id  3 | task -1 | clearing prompt with 116 tokens
srv        update:  - cache state: 51 prompts, 1084.262 MiB (limits: 8192.000 MiB, 4096 tokens, 65527 est)
srv        update:    - prompt 0x3219180:     106 tokens, checkpoints:  0,    13.252 MiB
srv        update:    - prompt 0x3218d60:     107 tokens, checkpoints:  0,    13.377 MiB
srv        update:    - prompt 0x321a980:     106 tokens, checkpoints:  0,    13.252 MiB
srv        update:    - prompt 0x321dbb0:     107 tokens, checkpoints:  0,    13.377 MiB
srv        update:    - prompt 0xf0ef60:     105 tokens, checkpoints:  0,    13.127 MiB
srv        update:    - prompt 0xfd2770:     110 tokens, checkpoints:  0,    13.752 MiB
srv        update:    - prompt 0x321e630:     116 tokens, checkpoints:  0,    14.502 MiB
srv        update:    - prompt 0x4be6150:     109 tokens, checkpoints:  0,    13.627 MiB
srv        update:    - prompt 0x439f290:     113 tokens, checkpoints:  0,    14.127 MiB
srv        update:    - prompt 0x439c190:     108 tokens, checkpoints:  0,    13.502 MiB
srv        update:    - prompt 0x3ad05f0:     108 tokens, checkpoints:  0,    13.502 MiB
srv        update:    - prompt 0x323a460:     108 tokens, checkpoints:  0,    13.502 MiB
srv        update:    - prompt 0xee4860:     111 tokens, checkpoints:  0,    13.877 MiB
srv        update:    - prompt 0x3238470:     119 tokens, checkpoints:  0,    14.877 MiB
srv        update:    - prompt 0xf09400:     123 tokens, checkpoints:  0,    15.377 MiB
srv        update:    - prompt 0x3237530:     131 tokens, checkpoints:  0,    16.377 MiB
srv        update:    - prompt 0x3229e60:     130 tokens, checkpoints:  0,    16.252 MiB
srv        update:    - prompt 0x3ad30f0:     107 tokens, checkpoints:  0,    13.377 MiB
srv        update:    - prompt 0x321fd80:     105 tokens, checkpoints:  0,    13.127 MiB
srv        update:    - prompt 0x3af3c80:     110 tokens, checkpoints:  0,    13.752 MiB
srv        update:    - prompt 0x3aeb450:     116 tokens, checkpoints:  0,    14.502 MiB
srv        update:    - prompt 0x11f0c00:     109 tokens, checkpoints:  0,    13.627 MiB
srv        update:    - prompt 0x43993b0:     113 tokens, checkpoints:  0,    14.127 MiB
srv        update:    - prompt 0xf0c4e0:     108 tokens, checkpoints:  0,    13.502 MiB
srv        update:    - prompt 0x32372b0:     108 tokens, checkpoints:  0,    13.502 MiB
srv        update:    - prompt 0xee1a40:     108 tokens, checkpoints:  0,    13.502 MiB
srv        update:    - prompt 0xee8940:     111 tokens, checkpoints:  0,    13.877 MiB
srv        update:    - prompt 0x3ae40d0:     119 tokens, checkpoints:  0,    14.877 MiB
srv        update:    - prompt 0x322d890:     123 tokens, checkpoints:  0,    15.377 MiB
srv        update:    - prompt 0x439f330:     165 tokens, checkpoints:  0,    20.628 MiB
srv        update:    - prompt 0x3237430:     131 tokens, checkpoints:  0,    16.377 MiB
srv        update:    - prompt 0xf0c750:     135 tokens, checkpoints:  0,    16.877 MiB
srv        update:    - prompt 0x439ff90:     132 tokens, checkpoints:  0,    16.502 MiB
srv        update:    - prompt 0x3ad1ce0:     146 tokens, checkpoints:  0,    18.252 MiB
srv        update:    - prompt 0x32228d0:     130 tokens, checkpoints:  0,    16.252 MiB
srv        update:    - prompt 0x322e950:     136 tokens, checkpoints:  0,    17.002 MiB
srv        update:    - prompt 0x3adad40:     136 tokens, checkpoints:  0,    17.002 MiB
srv        update:    - prompt 0x3226180:     241 tokens, checkpoints:  0,    30.129 MiB
srv        update:    - prompt 0xfffdc00062a0:     325 tokens, checkpoints:  0,    40.629 MiB
srv        update:    - prompt 0xfffdb8004ad0:     363 tokens, checkpoints:  0,    45.380 MiB
srv        update:    - prompt 0x439f4c0:     425 tokens, checkpoints:  0,    53.131 MiB
srv        update:    - prompt 0x438d640:     409 tokens, checkpoints:  0,    51.130 MiB
srv        update:    - prompt 0xf09890:     412 tokens, checkpoints:  0,    51.505 MiB
srv        update:    - prompt 0x3229da0:     418 tokens, checkpoints:  0,    52.256 MiB
srv        update:    - prompt 0x3ad7fe0:     415 tokens, checkpoints:  0,    51.880 MiB
srv        update:    - prompt 0x32349c0:     431 tokens, checkpoints:  0,    53.881 MiB
srv        update:    - prompt 0xfffe10002440:     431 tokens, checkpoints:  0,    53.881 MiB
srv        update:    - prompt 0xfffe1c005350:     107 tokens, checkpoints:  0,    13.377 MiB
srv        update:    - prompt 0xfffe300036d0:     105 tokens, checkpoints:  0,    13.127 MiB
srv        update:    - prompt 0x322d7f0:     110 tokens, checkpoints:  0,    13.752 MiB
srv        update:    - prompt 0x438da50:     116 tokens, checkpoints:  0,    14.502 MiB
slot update_slots: id  2 | task 6767 | new prompt, n_ctx_slot = 4096, n_keep = 0, task.n_tokens = 10
slot update_slots: id  2 | task 6767 | n_tokens = 0, memory_seq_rm [0, end)
slot init_sampler: id  2 | task 6767 | init sampler, took 0.01 ms, tokens: text = 10, total = 10
slot update_slots: id  2 | task 6767 | prompt processing done, n_tokens = 10, batch.n_tokens = 10
srv  log_server_r: done request: POST /completion 127.0.0.1 200
slot print_timing: id  2 | task 6767 | 
prompt eval time =     724.26 ms /    10 tokens (   72.43 ms per token,    13.81 tokens per second)
       eval time =    8946.21 ms /   100 tokens (   89.46 ms per token,    11.18 tokens per second)
      total time =    9670.48 ms /   110 tokens
slot      release: id  2 | task 6767 | stop processing: n_tokens = 109, truncated = 0
srv  update_slots: all slots are idle
slot get_availabl: id  1 | task -1 | selected slot by LRU, t_last = 34644744005
srv  get_availabl: updating prompt cache
srv          load:  - looking for better prompt, base f_keep = -1.000, sim = 0.000
srv        update:  - cache state: 51 prompts, 1084.262 MiB (limits: 8192.000 MiB, 4096 tokens, 65527 est)
srv        update:    - prompt 0x3219180:     106 tokens, checkpoints:  0,    13.252 MiB
srv        update:    - prompt 0x3218d60:     107 tokens, checkpoints:  0,    13.377 MiB
srv        update:    - prompt 0x321a980:     106 tokens, checkpoints:  0,    13.252 MiB
srv        update:    - prompt 0x321dbb0:     107 tokens, checkpoints:  0,    13.377 MiB
srv        update:    - prompt 0xf0ef60:     105 tokens, checkpoints:  0,    13.127 MiB
srv        update:    - prompt 0xfd2770:     110 tokens, checkpoints:  0,    13.752 MiB
srv        update:    - prompt 0x321e630:     116 tokens, checkpoints:  0,    14.502 MiB
srv        update:    - prompt 0x4be6150:     109 tokens, checkpoints:  0,    13.627 MiB
srv        update:    - prompt 0x439f290:     113 tokens, checkpoints:  0,    14.127 MiB
srv        update:    - prompt 0x439c190:     108 tokens, checkpoints:  0,    13.502 MiB
srv        update:    - prompt 0x3ad05f0:     108 tokens, checkpoints:  0,    13.502 MiB
srv        update:    - prompt 0x323a460:     108 tokens, checkpoints:  0,    13.502 MiB
srv        update:    - prompt 0xee4860:     111 tokens, checkpoints:  0,    13.877 MiB
srv        update:    - prompt 0x3238470:     119 tokens, checkpoints:  0,    14.877 MiB
srv        update:    - prompt 0xf09400:     123 tokens, checkpoints:  0,    15.377 MiB
srv        update:    - prompt 0x3237530:     131 tokens, checkpoints:  0,    16.377 MiB
srv        update:    - prompt 0x3229e60:     130 tokens, checkpoints:  0,    16.252 MiB
srv        update:    - prompt 0x3ad30f0:     107 tokens, checkpoints:  0,    13.377 MiB
srv        update:    - prompt 0x321fd80:     105 tokens, checkpoints:  0,    13.127 MiB
srv        update:    - prompt 0x3af3c80:     110 tokens, checkpoints:  0,    13.752 MiB
srv        update:    - prompt 0x3aeb450:     116 tokens, checkpoints:  0,    14.502 MiB
srv        update:    - prompt 0x11f0c00:     109 tokens, checkpoints:  0,    13.627 MiB
srv        update:    - prompt 0x43993b0:     113 tokens, checkpoints:  0,    14.127 MiB
srv        update:    - prompt 0xf0c4e0:     108 tokens, checkpoints:  0,    13.502 MiB
srv        update:    - prompt 0x32372b0:     108 tokens, checkpoints:  0,    13.502 MiB
srv        update:    - prompt 0xee1a40:     108 tokens, checkpoints:  0,    13.502 MiB
srv        update:    - prompt 0xee8940:     111 tokens, checkpoints:  0,    13.877 MiB
srv        update:    - prompt 0x3ae40d0:     119 tokens, checkpoints:  0,    14.877 MiB
srv        update:    - prompt 0x322d890:     123 tokens, checkpoints:  0,    15.377 MiB
srv        update:    - prompt 0x439f330:     165 tokens, checkpoints:  0,    20.628 MiB
srv        update:    - prompt 0x3237430:     131 tokens, checkpoints:  0,    16.377 MiB
srv        update:    - prompt 0xf0c750:     135 tokens, checkpoints:  0,    16.877 MiB
srv        update:    - prompt 0x439ff90:     132 tokens, checkpoints:  0,    16.502 MiB
srv        update:    - prompt 0x3ad1ce0:     146 tokens, checkpoints:  0,    18.252 MiB
srv        update:    - prompt 0x32228d0:     130 tokens, checkpoints:  0,    16.252 MiB
srv        update:    - prompt 0x322e950:     136 tokens, checkpoints:  0,    17.002 MiB
srv        update:    - prompt 0x3adad40:     136 tokens, checkpoints:  0,    17.002 MiB
srv        update:    - prompt 0x3226180:     241 tokens, checkpoints:  0,    30.129 MiB
srv        update:    - prompt 0xfffdc00062a0:     325 tokens, checkpoints:  0,    40.629 MiB
srv        update:    - prompt 0xfffdb8004ad0:     363 tokens, checkpoints:  0,    45.380 MiB
srv        update:    - prompt 0x439f4c0:     425 tokens, checkpoints:  0,    53.131 MiB
srv        update:    - prompt 0x438d640:     409 tokens, checkpoints:  0,    51.130 MiB
srv        update:    - prompt 0xf09890:     412 tokens, checkpoints:  0,    51.505 MiB
srv        update:    - prompt 0x3229da0:     418 tokens, checkpoints:  0,    52.256 MiB
srv        update:    - prompt 0x3ad7fe0:     415 tokens, checkpoints:  0,    51.880 MiB
srv        update:    - prompt 0x32349c0:     431 tokens, checkpoints:  0,    53.881 MiB
srv        update:    - prompt 0xfffe10002440:     431 tokens, checkpoints:  0,    53.881 MiB
srv        update:    - prompt 0xfffe1c005350:     107 tokens, checkpoints:  0,    13.377 MiB
srv        update:    - prompt 0xfffe300036d0:     105 tokens, checkpoints:  0,    13.127 MiB
srv        update:    - prompt 0x322d7f0:     110 tokens, checkpoints:  0,    13.752 MiB
srv        update:    - prompt 0x438da50:     116 tokens, checkpoints:  0,    14.502 MiB
srv  get_availabl: prompt cache update took 0.21 ms
slot launch_slot_: id  1 | task -1 | sampler chain: logits -> ?penalties -> ?dry -> ?top-n-sigma -> top-k -> ?typical -> top-p -> min-p -> ?xtc -> temp-ext -> dist 
slot launch_slot_: id  1 | task 6868 | processing task, is_child = 0
slot slot_save_an: id  2 | task -1 | saving idle slot to prompt cache
srv   prompt_save:  - saving prompt with length 109, total state size = 13.627 MiB
slot prompt_clear: id  2 | task -1 | clearing prompt with 109 tokens
srv        update:  - cache state: 52 prompts, 1097.889 MiB (limits: 8192.000 MiB, 4096 tokens, 65527 est)
srv        update:    - prompt 0x3219180:     106 tokens, checkpoints:  0,    13.252 MiB
srv        update:    - prompt 0x3218d60:     107 tokens, checkpoints:  0,    13.377 MiB
srv        update:    - prompt 0x321a980:     106 tokens, checkpoints:  0,    13.252 MiB
srv        update:    - prompt 0x321dbb0:     107 tokens, checkpoints:  0,    13.377 MiB
srv        update:    - prompt 0xf0ef60:     105 tokens, checkpoints:  0,    13.127 MiB
srv        update:    - prompt 0xfd2770:     110 tokens, checkpoints:  0,    13.752 MiB
srv        update:    - prompt 0x321e630:     116 tokens, checkpoints:  0,    14.502 MiB
srv        update:    - prompt 0x4be6150:     109 tokens, checkpoints:  0,    13.627 MiB
srv        update:    - prompt 0x439f290:     113 tokens, checkpoints:  0,    14.127 MiB
srv        update:    - prompt 0x439c190:     108 tokens, checkpoints:  0,    13.502 MiB
srv        update:    - prompt 0x3ad05f0:     108 tokens, checkpoints:  0,    13.502 MiB
srv        update:    - prompt 0x323a460:     108 tokens, checkpoints:  0,    13.502 MiB
srv        update:    - prompt 0xee4860:     111 tokens, checkpoints:  0,    13.877 MiB
srv        update:    - prompt 0x3238470:     119 tokens, checkpoints:  0,    14.877 MiB
srv        update:    - prompt 0xf09400:     123 tokens, checkpoints:  0,    15.377 MiB
srv        update:    - prompt 0x3237530:     131 tokens, checkpoints:  0,    16.377 MiB
srv        update:    - prompt 0x3229e60:     130 tokens, checkpoints:  0,    16.252 MiB
srv        update:    - prompt 0x3ad30f0:     107 tokens, checkpoints:  0,    13.377 MiB
srv        update:    - prompt 0x321fd80:     105 tokens, checkpoints:  0,    13.127 MiB
srv        update:    - prompt 0x3af3c80:     110 tokens, checkpoints:  0,    13.752 MiB
srv        update:    - prompt 0x3aeb450:     116 tokens, checkpoints:  0,    14.502 MiB
srv        update:    - prompt 0x11f0c00:     109 tokens, checkpoints:  0,    13.627 MiB
srv        update:    - prompt 0x43993b0:     113 tokens, checkpoints:  0,    14.127 MiB
srv        update:    - prompt 0xf0c4e0:     108 tokens, checkpoints:  0,    13.502 MiB
srv        update:    - prompt 0x32372b0:     108 tokens, checkpoints:  0,    13.502 MiB
srv        update:    - prompt 0xee1a40:     108 tokens, checkpoints:  0,    13.502 MiB
srv        update:    - prompt 0xee8940:     111 tokens, checkpoints:  0,    13.877 MiB
srv        update:    - prompt 0x3ae40d0:     119 tokens, checkpoints:  0,    14.877 MiB
srv        update:    - prompt 0x322d890:     123 tokens, checkpoints:  0,    15.377 MiB
srv        update:    - prompt 0x439f330:     165 tokens, checkpoints:  0,    20.628 MiB
srv        update:    - prompt 0x3237430:     131 tokens, checkpoints:  0,    16.377 MiB
srv        update:    - prompt 0xf0c750:     135 tokens, checkpoints:  0,    16.877 MiB
srv        update:    - prompt 0x439ff90:     132 tokens, checkpoints:  0,    16.502 MiB
srv        update:    - prompt 0x3ad1ce0:     146 tokens, checkpoints:  0,    18.252 MiB
srv        update:    - prompt 0x32228d0:     130 tokens, checkpoints:  0,    16.252 MiB
srv        update:    - prompt 0x322e950:     136 tokens, checkpoints:  0,    17.002 MiB
srv        update:    - prompt 0x3adad40:     136 tokens, checkpoints:  0,    17.002 MiB
srv        update:    - prompt 0x3226180:     241 tokens, checkpoints:  0,    30.129 MiB
srv        update:    - prompt 0xfffdc00062a0:     325 tokens, checkpoints:  0,    40.629 MiB
srv        update:    - prompt 0xfffdb8004ad0:     363 tokens, checkpoints:  0,    45.380 MiB
srv        update:    - prompt 0x439f4c0:     425 tokens, checkpoints:  0,    53.131 MiB
srv        update:    - prompt 0x438d640:     409 tokens, checkpoints:  0,    51.130 MiB
srv        update:    - prompt 0xf09890:     412 tokens, checkpoints:  0,    51.505 MiB
srv        update:    - prompt 0x3229da0:     418 tokens, checkpoints:  0,    52.256 MiB
srv        update:    - prompt 0x3ad7fe0:     415 tokens, checkpoints:  0,    51.880 MiB
srv        update:    - prompt 0x32349c0:     431 tokens, checkpoints:  0,    53.881 MiB
srv        update:    - prompt 0xfffe10002440:     431 tokens, checkpoints:  0,    53.881 MiB
srv        update:    - prompt 0xfffe1c005350:     107 tokens, checkpoints:  0,    13.377 MiB
srv        update:    - prompt 0xfffe300036d0:     105 tokens, checkpoints:  0,    13.127 MiB
srv        update:    - prompt 0x322d7f0:     110 tokens, checkpoints:  0,    13.752 MiB
srv        update:    - prompt 0x438da50:     116 tokens, checkpoints:  0,    14.502 MiB
srv        update:    - prompt 0x3237370:     109 tokens, checkpoints:  0,    13.627 MiB
slot update_slots: id  1 | task 6868 | new prompt, n_ctx_slot = 4096, n_keep = 0, task.n_tokens = 14
slot update_slots: id  1 | task 6868 | n_tokens = 0, memory_seq_rm [0, end)
slot init_sampler: id  1 | task 6868 | init sampler, took 0.01 ms, tokens: text = 14, total = 14
slot update_slots: id  1 | task 6868 | prompt processing done, n_tokens = 14, batch.n_tokens = 14
srv  log_server_r: done request: POST /completion 127.0.0.1 200
slot print_timing: id  1 | task 6868 | 
prompt eval time =    1004.99 ms /    14 tokens (   71.79 ms per token,    13.93 tokens per second)
       eval time =    8951.31 ms /   100 tokens (   89.51 ms per token,    11.17 tokens per second)
      total time =    9956.30 ms /   114 tokens
slot      release: id  1 | task 6868 | stop processing: n_tokens = 113, truncated = 0
srv  update_slots: all slots are idle
slot get_availabl: id  1 | task -1 | selected slot by LCP similarity, sim_best = 0.111 (> 0.100 thold), f_keep = 0.009
srv  get_availabl: updating prompt cache
srv   prompt_save:  - saving prompt with length 113, total state size = 14.127 MiB
srv          load:  - looking for better prompt, base f_keep = 0.009, sim = 0.111
srv        update:  - cache state: 53 prompts, 1112.016 MiB (limits: 8192.000 MiB, 4096 tokens, 65527 est)
srv        update:    - prompt 0x3219180:     106 tokens, checkpoints:  0,    13.252 MiB
srv        update:    - prompt 0x3218d60:     107 tokens, checkpoints:  0,    13.377 MiB
srv        update:    - prompt 0x321a980:     106 tokens, checkpoints:  0,    13.252 MiB
srv        update:    - prompt 0x321dbb0:     107 tokens, checkpoints:  0,    13.377 MiB
srv        update:    - prompt 0xf0ef60:     105 tokens, checkpoints:  0,    13.127 MiB
srv        update:    - prompt 0xfd2770:     110 tokens, checkpoints:  0,    13.752 MiB
srv        update:    - prompt 0x321e630:     116 tokens, checkpoints:  0,    14.502 MiB
srv        update:    - prompt 0x4be6150:     109 tokens, checkpoints:  0,    13.627 MiB
srv        update:    - prompt 0x439f290:     113 tokens, checkpoints:  0,    14.127 MiB
srv        update:    - prompt 0x439c190:     108 tokens, checkpoints:  0,    13.502 MiB
srv        update:    - prompt 0x3ad05f0:     108 tokens, checkpoints:  0,    13.502 MiB
srv        update:    - prompt 0x323a460:     108 tokens, checkpoints:  0,    13.502 MiB
srv        update:    - prompt 0xee4860:     111 tokens, checkpoints:  0,    13.877 MiB
srv        update:    - prompt 0x3238470:     119 tokens, checkpoints:  0,    14.877 MiB
srv        update:    - prompt 0xf09400:     123 tokens, checkpoints:  0,    15.377 MiB
srv        update:    - prompt 0x3237530:     131 tokens, checkpoints:  0,    16.377 MiB
srv        update:    - prompt 0x3229e60:     130 tokens, checkpoints:  0,    16.252 MiB
srv        update:    - prompt 0x3ad30f0:     107 tokens, checkpoints:  0,    13.377 MiB
srv        update:    - prompt 0x321fd80:     105 tokens, checkpoints:  0,    13.127 MiB
srv        update:    - prompt 0x3af3c80:     110 tokens, checkpoints:  0,    13.752 MiB
srv        update:    - prompt 0x3aeb450:     116 tokens, checkpoints:  0,    14.502 MiB
srv        update:    - prompt 0x11f0c00:     109 tokens, checkpoints:  0,    13.627 MiB
srv        update:    - prompt 0x43993b0:     113 tokens, checkpoints:  0,    14.127 MiB
srv        update:    - prompt 0xf0c4e0:     108 tokens, checkpoints:  0,    13.502 MiB
srv        update:    - prompt 0x32372b0:     108 tokens, checkpoints:  0,    13.502 MiB
srv        update:    - prompt 0xee1a40:     108 tokens, checkpoints:  0,    13.502 MiB
srv        update:    - prompt 0xee8940:     111 tokens, checkpoints:  0,    13.877 MiB
srv        update:    - prompt 0x3ae40d0:     119 tokens, checkpoints:  0,    14.877 MiB
srv        update:    - prompt 0x322d890:     123 tokens, checkpoints:  0,    15.377 MiB
srv        update:    - prompt 0x439f330:     165 tokens, checkpoints:  0,    20.628 MiB
srv        update:    - prompt 0x3237430:     131 tokens, checkpoints:  0,    16.377 MiB
srv        update:    - prompt 0xf0c750:     135 tokens, checkpoints:  0,    16.877 MiB
srv        update:    - prompt 0x439ff90:     132 tokens, checkpoints:  0,    16.502 MiB
srv        update:    - prompt 0x3ad1ce0:     146 tokens, checkpoints:  0,    18.252 MiB
srv        update:    - prompt 0x32228d0:     130 tokens, checkpoints:  0,    16.252 MiB
srv        update:    - prompt 0x322e950:     136 tokens, checkpoints:  0,    17.002 MiB
srv        update:    - prompt 0x3adad40:     136 tokens, checkpoints:  0,    17.002 MiB
srv        update:    - prompt 0x3226180:     241 tokens, checkpoints:  0,    30.129 MiB
srv        update:    - prompt 0xfffdc00062a0:     325 tokens, checkpoints:  0,    40.629 MiB
srv        update:    - prompt 0xfffdb8004ad0:     363 tokens, checkpoints:  0,    45.380 MiB
srv        update:    - prompt 0x439f4c0:     425 tokens, checkpoints:  0,    53.131 MiB
srv        update:    - prompt 0x438d640:     409 tokens, checkpoints:  0,    51.130 MiB
srv        update:    - prompt 0xf09890:     412 tokens, checkpoints:  0,    51.505 MiB
srv        update:    - prompt 0x3229da0:     418 tokens, checkpoints:  0,    52.256 MiB
srv        update:    - prompt 0x3ad7fe0:     415 tokens, checkpoints:  0,    51.880 MiB
srv        update:    - prompt 0x32349c0:     431 tokens, checkpoints:  0,    53.881 MiB
srv        update:    - prompt 0xfffe10002440:     431 tokens, checkpoints:  0,    53.881 MiB
srv        update:    - prompt 0xfffe1c005350:     107 tokens, checkpoints:  0,    13.377 MiB
srv        update:    - prompt 0xfffe300036d0:     105 tokens, checkpoints:  0,    13.127 MiB
srv        update:    - prompt 0x322d7f0:     110 tokens, checkpoints:  0,    13.752 MiB
srv        update:    - prompt 0x438da50:     116 tokens, checkpoints:  0,    14.502 MiB
srv        update:    - prompt 0x3237370:     109 tokens, checkpoints:  0,    13.627 MiB
srv        update:    - prompt 0x3218e50:     113 tokens, checkpoints:  0,    14.127 MiB
srv  get_availabl: prompt cache update took 3.66 ms
slot launch_slot_: id  1 | task -1 | sampler chain: logits -> ?penalties -> ?dry -> ?top-n-sigma -> top-k -> ?typical -> top-p -> min-p -> ?xtc -> temp-ext -> dist 
slot launch_slot_: id  1 | task 6969 | processing task, is_child = 0
slot update_slots: id  1 | task 6969 | new prompt, n_ctx_slot = 4096, n_keep = 0, task.n_tokens = 9
slot update_slots: id  1 | task 6969 | n_tokens = 1, memory_seq_rm [1, end)
slot init_sampler: id  1 | task 6969 | init sampler, took 0.01 ms, tokens: text = 9, total = 9
slot update_slots: id  1 | task 6969 | prompt processing done, n_tokens = 9, batch.n_tokens = 8
srv  log_server_r: done request: POST /completion 127.0.0.1 200
slot print_timing: id  1 | task 6969 | 
prompt eval time =     585.13 ms /     8 tokens (   73.14 ms per token,    13.67 tokens per second)
       eval time =    8944.82 ms /   100 tokens (   89.45 ms per token,    11.18 tokens per second)
      total time =    9529.94 ms /   108 tokens
slot      release: id  1 | task 6969 | stop processing: n_tokens = 108, truncated = 0
srv  update_slots: all slots are idle
slot get_availabl: id  1 | task -1 | selected slot by LCP similarity, sim_best = 0.111 (> 0.100 thold), f_keep = 0.009
srv  get_availabl: updating prompt cache
srv   prompt_save:  - saving prompt with length 108, total state size = 13.502 MiB
srv          load:  - looking for better prompt, base f_keep = 0.009, sim = 0.111
srv        update:  - cache state: 54 prompts, 1125.518 MiB (limits: 8192.000 MiB, 4096 tokens, 65527 est)
srv        update:    - prompt 0x3219180:     106 tokens, checkpoints:  0,    13.252 MiB
srv        update:    - prompt 0x3218d60:     107 tokens, checkpoints:  0,    13.377 MiB
srv        update:    - prompt 0x321a980:     106 tokens, checkpoints:  0,    13.252 MiB
srv        update:    - prompt 0x321dbb0:     107 tokens, checkpoints:  0,    13.377 MiB
srv        update:    - prompt 0xf0ef60:     105 tokens, checkpoints:  0,    13.127 MiB
srv        update:    - prompt 0xfd2770:     110 tokens, checkpoints:  0,    13.752 MiB
srv        update:    - prompt 0x321e630:     116 tokens, checkpoints:  0,    14.502 MiB
srv        update:    - prompt 0x4be6150:     109 tokens, checkpoints:  0,    13.627 MiB
srv        update:    - prompt 0x439f290:     113 tokens, checkpoints:  0,    14.127 MiB
srv        update:    - prompt 0x439c190:     108 tokens, checkpoints:  0,    13.502 MiB
srv        update:    - prompt 0x3ad05f0:     108 tokens, checkpoints:  0,    13.502 MiB
srv        update:    - prompt 0x323a460:     108 tokens, checkpoints:  0,    13.502 MiB
srv        update:    - prompt 0xee4860:     111 tokens, checkpoints:  0,    13.877 MiB
srv        update:    - prompt 0x3238470:     119 tokens, checkpoints:  0,    14.877 MiB
srv        update:    - prompt 0xf09400:     123 tokens, checkpoints:  0,    15.377 MiB
srv        update:    - prompt 0x3237530:     131 tokens, checkpoints:  0,    16.377 MiB
srv        update:    - prompt 0x3229e60:     130 tokens, checkpoints:  0,    16.252 MiB
srv        update:    - prompt 0x3ad30f0:     107 tokens, checkpoints:  0,    13.377 MiB
srv        update:    - prompt 0x321fd80:     105 tokens, checkpoints:  0,    13.127 MiB
srv        update:    - prompt 0x3af3c80:     110 tokens, checkpoints:  0,    13.752 MiB
srv        update:    - prompt 0x3aeb450:     116 tokens, checkpoints:  0,    14.502 MiB
srv        update:    - prompt 0x11f0c00:     109 tokens, checkpoints:  0,    13.627 MiB
srv        update:    - prompt 0x43993b0:     113 tokens, checkpoints:  0,    14.127 MiB
srv        update:    - prompt 0xf0c4e0:     108 tokens, checkpoints:  0,    13.502 MiB
srv        update:    - prompt 0x32372b0:     108 tokens, checkpoints:  0,    13.502 MiB
srv        update:    - prompt 0xee1a40:     108 tokens, checkpoints:  0,    13.502 MiB
srv        update:    - prompt 0xee8940:     111 tokens, checkpoints:  0,    13.877 MiB
srv        update:    - prompt 0x3ae40d0:     119 tokens, checkpoints:  0,    14.877 MiB
srv        update:    - prompt 0x322d890:     123 tokens, checkpoints:  0,    15.377 MiB
srv        update:    - prompt 0x439f330:     165 tokens, checkpoints:  0,    20.628 MiB
srv        update:    - prompt 0x3237430:     131 tokens, checkpoints:  0,    16.377 MiB
srv        update:    - prompt 0xf0c750:     135 tokens, checkpoints:  0,    16.877 MiB
srv        update:    - prompt 0x439ff90:     132 tokens, checkpoints:  0,    16.502 MiB
srv        update:    - prompt 0x3ad1ce0:     146 tokens, checkpoints:  0,    18.252 MiB
srv        update:    - prompt 0x32228d0:     130 tokens, checkpoints:  0,    16.252 MiB
srv        update:    - prompt 0x322e950:     136 tokens, checkpoints:  0,    17.002 MiB
srv        update:    - prompt 0x3adad40:     136 tokens, checkpoints:  0,    17.002 MiB
srv        update:    - prompt 0x3226180:     241 tokens, checkpoints:  0,    30.129 MiB
srv        update:    - prompt 0xfffdc00062a0:     325 tokens, checkpoints:  0,    40.629 MiB
srv        update:    - prompt 0xfffdb8004ad0:     363 tokens, checkpoints:  0,    45.380 MiB
srv        update:    - prompt 0x439f4c0:     425 tokens, checkpoints:  0,    53.131 MiB
srv        update:    - prompt 0x438d640:     409 tokens, checkpoints:  0,    51.130 MiB
srv        update:    - prompt 0xf09890:     412 tokens, checkpoints:  0,    51.505 MiB
srv        update:    - prompt 0x3229da0:     418 tokens, checkpoints:  0,    52.256 MiB
srv        update:    - prompt 0x3ad7fe0:     415 tokens, checkpoints:  0,    51.880 MiB
srv        update:    - prompt 0x32349c0:     431 tokens, checkpoints:  0,    53.881 MiB
srv        update:    - prompt 0xfffe10002440:     431 tokens, checkpoints:  0,    53.881 MiB
srv        update:    - prompt 0xfffe1c005350:     107 tokens, checkpoints:  0,    13.377 MiB
srv        update:    - prompt 0xfffe300036d0:     105 tokens, checkpoints:  0,    13.127 MiB
srv        update:    - prompt 0x322d7f0:     110 tokens, checkpoints:  0,    13.752 MiB
srv        update:    - prompt 0x438da50:     116 tokens, checkpoints:  0,    14.502 MiB
srv        update:    - prompt 0x3237370:     109 tokens, checkpoints:  0,    13.627 MiB
srv        update:    - prompt 0x3218e50:     113 tokens, checkpoints:  0,    14.127 MiB
srv        update:    - prompt 0x3227330:     108 tokens, checkpoints:  0,    13.502 MiB
srv  get_availabl: prompt cache update took 3.49 ms
slot launch_slot_: id  1 | task -1 | sampler chain: logits -> ?penalties -> ?dry -> ?top-n-sigma -> top-k -> ?typical -> top-p -> min-p -> ?xtc -> temp-ext -> dist 
slot launch_slot_: id  1 | task 7070 | processing task, is_child = 0
slot update_slots: id  1 | task 7070 | new prompt, n_ctx_slot = 4096, n_keep = 0, task.n_tokens = 9
slot update_slots: id  1 | task 7070 | n_tokens = 1, memory_seq_rm [1, end)
slot init_sampler: id  1 | task 7070 | init sampler, took 0.01 ms, tokens: text = 9, total = 9
slot update_slots: id  1 | task 7070 | prompt processing done, n_tokens = 9, batch.n_tokens = 8
srv  log_server_r: done request: POST /completion 127.0.0.1 200
slot print_timing: id  1 | task 7070 | 
prompt eval time =     584.32 ms /     8 tokens (   73.04 ms per token,    13.69 tokens per second)
       eval time =    8984.14 ms /   100 tokens (   89.84 ms per token,    11.13 tokens per second)
      total time =    9568.46 ms /   108 tokens
slot      release: id  1 | task 7070 | stop processing: n_tokens = 108, truncated = 0
srv  update_slots: all slots are idle
slot get_availabl: id  1 | task -1 | selected slot by LCP similarity, sim_best = 0.111 (> 0.100 thold), f_keep = 0.009
srv  get_availabl: updating prompt cache
srv   prompt_save:  - saving prompt with length 108, total state size = 13.502 MiB
srv          load:  - looking for better prompt, base f_keep = 0.009, sim = 0.111
srv        update:  - cache state: 55 prompts, 1139.020 MiB (limits: 8192.000 MiB, 4096 tokens, 65527 est)
srv        update:    - prompt 0x3219180:     106 tokens, checkpoints:  0,    13.252 MiB
srv        update:    - prompt 0x3218d60:     107 tokens, checkpoints:  0,    13.377 MiB
srv        update:    - prompt 0x321a980:     106 tokens, checkpoints:  0,    13.252 MiB
srv        update:    - prompt 0x321dbb0:     107 tokens, checkpoints:  0,    13.377 MiB
srv        update:    - prompt 0xf0ef60:     105 tokens, checkpoints:  0,    13.127 MiB
srv        update:    - prompt 0xfd2770:     110 tokens, checkpoints:  0,    13.752 MiB
srv        update:    - prompt 0x321e630:     116 tokens, checkpoints:  0,    14.502 MiB
srv        update:    - prompt 0x4be6150:     109 tokens, checkpoints:  0,    13.627 MiB
srv        update:    - prompt 0x439f290:     113 tokens, checkpoints:  0,    14.127 MiB
srv        update:    - prompt 0x439c190:     108 tokens, checkpoints:  0,    13.502 MiB
srv        update:    - prompt 0x3ad05f0:     108 tokens, checkpoints:  0,    13.502 MiB
srv        update:    - prompt 0x323a460:     108 tokens, checkpoints:  0,    13.502 MiB
srv        update:    - prompt 0xee4860:     111 tokens, checkpoints:  0,    13.877 MiB
srv        update:    - prompt 0x3238470:     119 tokens, checkpoints:  0,    14.877 MiB
srv        update:    - prompt 0xf09400:     123 tokens, checkpoints:  0,    15.377 MiB
srv        update:    - prompt 0x3237530:     131 tokens, checkpoints:  0,    16.377 MiB
srv        update:    - prompt 0x3229e60:     130 tokens, checkpoints:  0,    16.252 MiB
srv        update:    - prompt 0x3ad30f0:     107 tokens, checkpoints:  0,    13.377 MiB
srv        update:    - prompt 0x321fd80:     105 tokens, checkpoints:  0,    13.127 MiB
srv        update:    - prompt 0x3af3c80:     110 tokens, checkpoints:  0,    13.752 MiB
srv        update:    - prompt 0x3aeb450:     116 tokens, checkpoints:  0,    14.502 MiB
srv        update:    - prompt 0x11f0c00:     109 tokens, checkpoints:  0,    13.627 MiB
srv        update:    - prompt 0x43993b0:     113 tokens, checkpoints:  0,    14.127 MiB
srv        update:    - prompt 0xf0c4e0:     108 tokens, checkpoints:  0,    13.502 MiB
srv        update:    - prompt 0x32372b0:     108 tokens, checkpoints:  0,    13.502 MiB
srv        update:    - prompt 0xee1a40:     108 tokens, checkpoints:  0,    13.502 MiB
srv        update:    - prompt 0xee8940:     111 tokens, checkpoints:  0,    13.877 MiB
srv        update:    - prompt 0x3ae40d0:     119 tokens, checkpoints:  0,    14.877 MiB
srv        update:    - prompt 0x322d890:     123 tokens, checkpoints:  0,    15.377 MiB
srv        update:    - prompt 0x439f330:     165 tokens, checkpoints:  0,    20.628 MiB
srv        update:    - prompt 0x3237430:     131 tokens, checkpoints:  0,    16.377 MiB
srv        update:    - prompt 0xf0c750:     135 tokens, checkpoints:  0,    16.877 MiB
srv        update:    - prompt 0x439ff90:     132 tokens, checkpoints:  0,    16.502 MiB
srv        update:    - prompt 0x3ad1ce0:     146 tokens, checkpoints:  0,    18.252 MiB
srv        update:    - prompt 0x32228d0:     130 tokens, checkpoints:  0,    16.252 MiB
srv        update:    - prompt 0x322e950:     136 tokens, checkpoints:  0,    17.002 MiB
srv        update:    - prompt 0x3adad40:     136 tokens, checkpoints:  0,    17.002 MiB
srv        update:    - prompt 0x3226180:     241 tokens, checkpoints:  0,    30.129 MiB
srv        update:    - prompt 0xfffdc00062a0:     325 tokens, checkpoints:  0,    40.629 MiB
srv        update:    - prompt 0xfffdb8004ad0:     363 tokens, checkpoints:  0,    45.380 MiB
srv        update:    - prompt 0x439f4c0:     425 tokens, checkpoints:  0,    53.131 MiB
srv        update:    - prompt 0x438d640:     409 tokens, checkpoints:  0,    51.130 MiB
srv        update:    - prompt 0xf09890:     412 tokens, checkpoints:  0,    51.505 MiB
srv        update:    - prompt 0x3229da0:     418 tokens, checkpoints:  0,    52.256 MiB
srv        update:    - prompt 0x3ad7fe0:     415 tokens, checkpoints:  0,    51.880 MiB
srv        update:    - prompt 0x32349c0:     431 tokens, checkpoints:  0,    53.881 MiB
srv        update:    - prompt 0xfffe10002440:     431 tokens, checkpoints:  0,    53.881 MiB
srv        update:    - prompt 0xfffe1c005350:     107 tokens, checkpoints:  0,    13.377 MiB
srv        update:    - prompt 0xfffe300036d0:     105 tokens, checkpoints:  0,    13.127 MiB
srv        update:    - prompt 0x322d7f0:     110 tokens, checkpoints:  0,    13.752 MiB
srv        update:    - prompt 0x438da50:     116 tokens, checkpoints:  0,    14.502 MiB
srv        update:    - prompt 0x3237370:     109 tokens, checkpoints:  0,    13.627 MiB
srv        update:    - prompt 0x3218e50:     113 tokens, checkpoints:  0,    14.127 MiB
srv        update:    - prompt 0x3227330:     108 tokens, checkpoints:  0,    13.502 MiB
srv        update:    - prompt 0xee0250:     108 tokens, checkpoints:  0,    13.502 MiB
srv  get_availabl: prompt cache update took 3.50 ms
slot launch_slot_: id  1 | task -1 | sampler chain: logits -> ?penalties -> ?dry -> ?top-n-sigma -> top-k -> ?typical -> top-p -> min-p -> ?xtc -> temp-ext -> dist 
slot launch_slot_: id  1 | task 7171 | processing task, is_child = 0
slot update_slots: id  1 | task 7171 | new prompt, n_ctx_slot = 4096, n_keep = 0, task.n_tokens = 9
slot update_slots: id  1 | task 7171 | n_tokens = 1, memory_seq_rm [1, end)
slot init_sampler: id  1 | task 7171 | init sampler, took 0.01 ms, tokens: text = 9, total = 9
slot update_slots: id  1 | task 7171 | prompt processing done, n_tokens = 9, batch.n_tokens = 8
srv  log_server_r: done request: POST /completion 127.0.0.1 200
slot print_timing: id  1 | task 7171 | 
prompt eval time =     588.25 ms /     8 tokens (   73.53 ms per token,    13.60 tokens per second)
       eval time =    9013.53 ms /   100 tokens (   90.14 ms per token,    11.09 tokens per second)
      total time =    9601.78 ms /   108 tokens
slot      release: id  1 | task 7171 | stop processing: n_tokens = 108, truncated = 0
srv  update_slots: all slots are idle
slot get_availabl: id  0 | task -1 | selected slot by LRU, t_last = 34655063450
srv  get_availabl: updating prompt cache
srv          load:  - looking for better prompt, base f_keep = -1.000, sim = 0.000
srv        update:  - cache state: 55 prompts, 1139.020 MiB (limits: 8192.000 MiB, 4096 tokens, 65527 est)
srv        update:    - prompt 0x3219180:     106 tokens, checkpoints:  0,    13.252 MiB
srv        update:    - prompt 0x3218d60:     107 tokens, checkpoints:  0,    13.377 MiB
srv        update:    - prompt 0x321a980:     106 tokens, checkpoints:  0,    13.252 MiB
srv        update:    - prompt 0x321dbb0:     107 tokens, checkpoints:  0,    13.377 MiB
srv        update:    - prompt 0xf0ef60:     105 tokens, checkpoints:  0,    13.127 MiB
srv        update:    - prompt 0xfd2770:     110 tokens, checkpoints:  0,    13.752 MiB
srv        update:    - prompt 0x321e630:     116 tokens, checkpoints:  0,    14.502 MiB
srv        update:    - prompt 0x4be6150:     109 tokens, checkpoints:  0,    13.627 MiB
srv        update:    - prompt 0x439f290:     113 tokens, checkpoints:  0,    14.127 MiB
srv        update:    - prompt 0x439c190:     108 tokens, checkpoints:  0,    13.502 MiB
srv        update:    - prompt 0x3ad05f0:     108 tokens, checkpoints:  0,    13.502 MiB
srv        update:    - prompt 0x323a460:     108 tokens, checkpoints:  0,    13.502 MiB
srv        update:    - prompt 0xee4860:     111 tokens, checkpoints:  0,    13.877 MiB
srv        update:    - prompt 0x3238470:     119 tokens, checkpoints:  0,    14.877 MiB
srv        update:    - prompt 0xf09400:     123 tokens, checkpoints:  0,    15.377 MiB
srv        update:    - prompt 0x3237530:     131 tokens, checkpoints:  0,    16.377 MiB
srv        update:    - prompt 0x3229e60:     130 tokens, checkpoints:  0,    16.252 MiB
srv        update:    - prompt 0x3ad30f0:     107 tokens, checkpoints:  0,    13.377 MiB
srv        update:    - prompt 0x321fd80:     105 tokens, checkpoints:  0,    13.127 MiB
srv        update:    - prompt 0x3af3c80:     110 tokens, checkpoints:  0,    13.752 MiB
srv        update:    - prompt 0x3aeb450:     116 tokens, checkpoints:  0,    14.502 MiB
srv        update:    - prompt 0x11f0c00:     109 tokens, checkpoints:  0,    13.627 MiB
srv        update:    - prompt 0x43993b0:     113 tokens, checkpoints:  0,    14.127 MiB
srv        update:    - prompt 0xf0c4e0:     108 tokens, checkpoints:  0,    13.502 MiB
srv        update:    - prompt 0x32372b0:     108 tokens, checkpoints:  0,    13.502 MiB
srv        update:    - prompt 0xee1a40:     108 tokens, checkpoints:  0,    13.502 MiB
srv        update:    - prompt 0xee8940:     111 tokens, checkpoints:  0,    13.877 MiB
srv        update:    - prompt 0x3ae40d0:     119 tokens, checkpoints:  0,    14.877 MiB
srv        update:    - prompt 0x322d890:     123 tokens, checkpoints:  0,    15.377 MiB
srv        update:    - prompt 0x439f330:     165 tokens, checkpoints:  0,    20.628 MiB
srv        update:    - prompt 0x3237430:     131 tokens, checkpoints:  0,    16.377 MiB
srv        update:    - prompt 0xf0c750:     135 tokens, checkpoints:  0,    16.877 MiB
srv        update:    - prompt 0x439ff90:     132 tokens, checkpoints:  0,    16.502 MiB
srv        update:    - prompt 0x3ad1ce0:     146 tokens, checkpoints:  0,    18.252 MiB
srv        update:    - prompt 0x32228d0:     130 tokens, checkpoints:  0,    16.252 MiB
srv        update:    - prompt 0x322e950:     136 tokens, checkpoints:  0,    17.002 MiB
srv        update:    - prompt 0x3adad40:     136 tokens, checkpoints:  0,    17.002 MiB
srv        update:    - prompt 0x3226180:     241 tokens, checkpoints:  0,    30.129 MiB
srv        update:    - prompt 0xfffdc00062a0:     325 tokens, checkpoints:  0,    40.629 MiB
srv        update:    - prompt 0xfffdb8004ad0:     363 tokens, checkpoints:  0,    45.380 MiB
srv        update:    - prompt 0x439f4c0:     425 tokens, checkpoints:  0,    53.131 MiB
srv        update:    - prompt 0x438d640:     409 tokens, checkpoints:  0,    51.130 MiB
srv        update:    - prompt 0xf09890:     412 tokens, checkpoints:  0,    51.505 MiB
srv        update:    - prompt 0x3229da0:     418 tokens, checkpoints:  0,    52.256 MiB
srv        update:    - prompt 0x3ad7fe0:     415 tokens, checkpoints:  0,    51.880 MiB
srv        update:    - prompt 0x32349c0:     431 tokens, checkpoints:  0,    53.881 MiB
srv        update:    - prompt 0xfffe10002440:     431 tokens, checkpoints:  0,    53.881 MiB
srv        update:    - prompt 0xfffe1c005350:     107 tokens, checkpoints:  0,    13.377 MiB
srv        update:    - prompt 0xfffe300036d0:     105 tokens, checkpoints:  0,    13.127 MiB
srv        update:    - prompt 0x322d7f0:     110 tokens, checkpoints:  0,    13.752 MiB
srv        update:    - prompt 0x438da50:     116 tokens, checkpoints:  0,    14.502 MiB
srv        update:    - prompt 0x3237370:     109 tokens, checkpoints:  0,    13.627 MiB
srv        update:    - prompt 0x3218e50:     113 tokens, checkpoints:  0,    14.127 MiB
srv        update:    - prompt 0x3227330:     108 tokens, checkpoints:  0,    13.502 MiB
srv        update:    - prompt 0xee0250:     108 tokens, checkpoints:  0,    13.502 MiB
srv  get_availabl: prompt cache update took 0.22 ms
slot launch_slot_: id  0 | task -1 | sampler chain: logits -> ?penalties -> ?dry -> ?top-n-sigma -> top-k -> ?typical -> top-p -> min-p -> ?xtc -> temp-ext -> dist 
slot launch_slot_: id  0 | task 7272 | processing task, is_child = 0
slot slot_save_an: id  1 | task -1 | saving idle slot to prompt cache
srv   prompt_save:  - saving prompt with length 108, total state size = 13.502 MiB
slot prompt_clear: id  1 | task -1 | clearing prompt with 108 tokens
srv        update:  - cache state: 56 prompts, 1152.522 MiB (limits: 8192.000 MiB, 4096 tokens, 65527 est)
srv        update:    - prompt 0x3219180:     106 tokens, checkpoints:  0,    13.252 MiB
srv        update:    - prompt 0x3218d60:     107 tokens, checkpoints:  0,    13.377 MiB
srv        update:    - prompt 0x321a980:     106 tokens, checkpoints:  0,    13.252 MiB
srv        update:    - prompt 0x321dbb0:     107 tokens, checkpoints:  0,    13.377 MiB
srv        update:    - prompt 0xf0ef60:     105 tokens, checkpoints:  0,    13.127 MiB
srv        update:    - prompt 0xfd2770:     110 tokens, checkpoints:  0,    13.752 MiB
srv        update:    - prompt 0x321e630:     116 tokens, checkpoints:  0,    14.502 MiB
srv        update:    - prompt 0x4be6150:     109 tokens, checkpoints:  0,    13.627 MiB
srv        update:    - prompt 0x439f290:     113 tokens, checkpoints:  0,    14.127 MiB
srv        update:    - prompt 0x439c190:     108 tokens, checkpoints:  0,    13.502 MiB
srv        update:    - prompt 0x3ad05f0:     108 tokens, checkpoints:  0,    13.502 MiB
srv        update:    - prompt 0x323a460:     108 tokens, checkpoints:  0,    13.502 MiB
srv        update:    - prompt 0xee4860:     111 tokens, checkpoints:  0,    13.877 MiB
srv        update:    - prompt 0x3238470:     119 tokens, checkpoints:  0,    14.877 MiB
srv        update:    - prompt 0xf09400:     123 tokens, checkpoints:  0,    15.377 MiB
srv        update:    - prompt 0x3237530:     131 tokens, checkpoints:  0,    16.377 MiB
srv        update:    - prompt 0x3229e60:     130 tokens, checkpoints:  0,    16.252 MiB
srv        update:    - prompt 0x3ad30f0:     107 tokens, checkpoints:  0,    13.377 MiB
srv        update:    - prompt 0x321fd80:     105 tokens, checkpoints:  0,    13.127 MiB
srv        update:    - prompt 0x3af3c80:     110 tokens, checkpoints:  0,    13.752 MiB
srv        update:    - prompt 0x3aeb450:     116 tokens, checkpoints:  0,    14.502 MiB
srv        update:    - prompt 0x11f0c00:     109 tokens, checkpoints:  0,    13.627 MiB
srv        update:    - prompt 0x43993b0:     113 tokens, checkpoints:  0,    14.127 MiB
srv        update:    - prompt 0xf0c4e0:     108 tokens, checkpoints:  0,    13.502 MiB
srv        update:    - prompt 0x32372b0:     108 tokens, checkpoints:  0,    13.502 MiB
srv        update:    - prompt 0xee1a40:     108 tokens, checkpoints:  0,    13.502 MiB
srv        update:    - prompt 0xee8940:     111 tokens, checkpoints:  0,    13.877 MiB
srv        update:    - prompt 0x3ae40d0:     119 tokens, checkpoints:  0,    14.877 MiB
srv        update:    - prompt 0x322d890:     123 tokens, checkpoints:  0,    15.377 MiB
srv        update:    - prompt 0x439f330:     165 tokens, checkpoints:  0,    20.628 MiB
srv        update:    - prompt 0x3237430:     131 tokens, checkpoints:  0,    16.377 MiB
srv        update:    - prompt 0xf0c750:     135 tokens, checkpoints:  0,    16.877 MiB
srv        update:    - prompt 0x439ff90:     132 tokens, checkpoints:  0,    16.502 MiB
srv        update:    - prompt 0x3ad1ce0:     146 tokens, checkpoints:  0,    18.252 MiB
srv        update:    - prompt 0x32228d0:     130 tokens, checkpoints:  0,    16.252 MiB
srv        update:    - prompt 0x322e950:     136 tokens, checkpoints:  0,    17.002 MiB
srv        update:    - prompt 0x3adad40:     136 tokens, checkpoints:  0,    17.002 MiB
srv        update:    - prompt 0x3226180:     241 tokens, checkpoints:  0,    30.129 MiB
srv        update:    - prompt 0xfffdc00062a0:     325 tokens, checkpoints:  0,    40.629 MiB
srv        update:    - prompt 0xfffdb8004ad0:     363 tokens, checkpoints:  0,    45.380 MiB
srv        update:    - prompt 0x439f4c0:     425 tokens, checkpoints:  0,    53.131 MiB
srv        update:    - prompt 0x438d640:     409 tokens, checkpoints:  0,    51.130 MiB
srv        update:    - prompt 0xf09890:     412 tokens, checkpoints:  0,    51.505 MiB
srv        update:    - prompt 0x3229da0:     418 tokens, checkpoints:  0,    52.256 MiB
srv        update:    - prompt 0x3ad7fe0:     415 tokens, checkpoints:  0,    51.880 MiB
srv        update:    - prompt 0x32349c0:     431 tokens, checkpoints:  0,    53.881 MiB
srv        update:    - prompt 0xfffe10002440:     431 tokens, checkpoints:  0,    53.881 MiB
srv        update:    - prompt 0xfffe1c005350:     107 tokens, checkpoints:  0,    13.377 MiB
srv        update:    - prompt 0xfffe300036d0:     105 tokens, checkpoints:  0,    13.127 MiB
srv        update:    - prompt 0x322d7f0:     110 tokens, checkpoints:  0,    13.752 MiB
srv        update:    - prompt 0x438da50:     116 tokens, checkpoints:  0,    14.502 MiB
srv        update:    - prompt 0x3237370:     109 tokens, checkpoints:  0,    13.627 MiB
srv        update:    - prompt 0x3218e50:     113 tokens, checkpoints:  0,    14.127 MiB
srv        update:    - prompt 0x3227330:     108 tokens, checkpoints:  0,    13.502 MiB
srv        update:    - prompt 0xee0250:     108 tokens, checkpoints:  0,    13.502 MiB
srv        update:    - prompt 0x321a8d0:     108 tokens, checkpoints:  0,    13.502 MiB
slot update_slots: id  0 | task 7272 | new prompt, n_ctx_slot = 4096, n_keep = 0, task.n_tokens = 12
slot update_slots: id  0 | task 7272 | n_tokens = 0, memory_seq_rm [0, end)
slot init_sampler: id  0 | task 7272 | init sampler, took 0.01 ms, tokens: text = 12, total = 12
slot update_slots: id  0 | task 7272 | prompt processing done, n_tokens = 12, batch.n_tokens = 12
srv  log_server_r: done request: POST /completion 127.0.0.1 200
slot print_timing: id  0 | task 7272 | 
prompt eval time =     870.30 ms /    12 tokens (   72.52 ms per token,    13.79 tokens per second)
       eval time =    8962.47 ms /   100 tokens (   89.62 ms per token,    11.16 tokens per second)
      total time =    9832.77 ms /   112 tokens
slot      release: id  0 | task 7272 | stop processing: n_tokens = 111, truncated = 0
srv  update_slots: all slots are idle
slot get_availabl: id  3 | task -1 | selected slot by LRU, t_last = 34665815903
srv  get_availabl: updating prompt cache
srv          load:  - looking for better prompt, base f_keep = -1.000, sim = 0.000
srv        update:  - cache state: 56 prompts, 1152.522 MiB (limits: 8192.000 MiB, 4096 tokens, 65527 est)
srv        update:    - prompt 0x3219180:     106 tokens, checkpoints:  0,    13.252 MiB
srv        update:    - prompt 0x3218d60:     107 tokens, checkpoints:  0,    13.377 MiB
srv        update:    - prompt 0x321a980:     106 tokens, checkpoints:  0,    13.252 MiB
srv        update:    - prompt 0x321dbb0:     107 tokens, checkpoints:  0,    13.377 MiB
srv        update:    - prompt 0xf0ef60:     105 tokens, checkpoints:  0,    13.127 MiB
srv        update:    - prompt 0xfd2770:     110 tokens, checkpoints:  0,    13.752 MiB
srv        update:    - prompt 0x321e630:     116 tokens, checkpoints:  0,    14.502 MiB
srv        update:    - prompt 0x4be6150:     109 tokens, checkpoints:  0,    13.627 MiB
srv        update:    - prompt 0x439f290:     113 tokens, checkpoints:  0,    14.127 MiB
srv        update:    - prompt 0x439c190:     108 tokens, checkpoints:  0,    13.502 MiB
srv        update:    - prompt 0x3ad05f0:     108 tokens, checkpoints:  0,    13.502 MiB
srv        update:    - prompt 0x323a460:     108 tokens, checkpoints:  0,    13.502 MiB
srv        update:    - prompt 0xee4860:     111 tokens, checkpoints:  0,    13.877 MiB
srv        update:    - prompt 0x3238470:     119 tokens, checkpoints:  0,    14.877 MiB
srv        update:    - prompt 0xf09400:     123 tokens, checkpoints:  0,    15.377 MiB
srv        update:    - prompt 0x3237530:     131 tokens, checkpoints:  0,    16.377 MiB
srv        update:    - prompt 0x3229e60:     130 tokens, checkpoints:  0,    16.252 MiB
srv        update:    - prompt 0x3ad30f0:     107 tokens, checkpoints:  0,    13.377 MiB
srv        update:    - prompt 0x321fd80:     105 tokens, checkpoints:  0,    13.127 MiB
srv        update:    - prompt 0x3af3c80:     110 tokens, checkpoints:  0,    13.752 MiB
srv        update:    - prompt 0x3aeb450:     116 tokens, checkpoints:  0,    14.502 MiB
srv        update:    - prompt 0x11f0c00:     109 tokens, checkpoints:  0,    13.627 MiB
srv        update:    - prompt 0x43993b0:     113 tokens, checkpoints:  0,    14.127 MiB
srv        update:    - prompt 0xf0c4e0:     108 tokens, checkpoints:  0,    13.502 MiB
srv        update:    - prompt 0x32372b0:     108 tokens, checkpoints:  0,    13.502 MiB
srv        update:    - prompt 0xee1a40:     108 tokens, checkpoints:  0,    13.502 MiB
srv        update:    - prompt 0xee8940:     111 tokens, checkpoints:  0,    13.877 MiB
srv        update:    - prompt 0x3ae40d0:     119 tokens, checkpoints:  0,    14.877 MiB
srv        update:    - prompt 0x322d890:     123 tokens, checkpoints:  0,    15.377 MiB
srv        update:    - prompt 0x439f330:     165 tokens, checkpoints:  0,    20.628 MiB
srv        update:    - prompt 0x3237430:     131 tokens, checkpoints:  0,    16.377 MiB
srv        update:    - prompt 0xf0c750:     135 tokens, checkpoints:  0,    16.877 MiB
srv        update:    - prompt 0x439ff90:     132 tokens, checkpoints:  0,    16.502 MiB
srv        update:    - prompt 0x3ad1ce0:     146 tokens, checkpoints:  0,    18.252 MiB
srv        update:    - prompt 0x32228d0:     130 tokens, checkpoints:  0,    16.252 MiB
srv        update:    - prompt 0x322e950:     136 tokens, checkpoints:  0,    17.002 MiB
srv        update:    - prompt 0x3adad40:     136 tokens, checkpoints:  0,    17.002 MiB
srv        update:    - prompt 0x3226180:     241 tokens, checkpoints:  0,    30.129 MiB
srv        update:    - prompt 0xfffdc00062a0:     325 tokens, checkpoints:  0,    40.629 MiB
srv        update:    - prompt 0xfffdb8004ad0:     363 tokens, checkpoints:  0,    45.380 MiB
srv        update:    - prompt 0x439f4c0:     425 tokens, checkpoints:  0,    53.131 MiB
srv        update:    - prompt 0x438d640:     409 tokens, checkpoints:  0,    51.130 MiB
srv        update:    - prompt 0xf09890:     412 tokens, checkpoints:  0,    51.505 MiB
srv        update:    - prompt 0x3229da0:     418 tokens, checkpoints:  0,    52.256 MiB
srv        update:    - prompt 0x3ad7fe0:     415 tokens, checkpoints:  0,    51.880 MiB
srv        update:    - prompt 0x32349c0:     431 tokens, checkpoints:  0,    53.881 MiB
srv        update:    - prompt 0xfffe10002440:     431 tokens, checkpoints:  0,    53.881 MiB
srv        update:    - prompt 0xfffe1c005350:     107 tokens, checkpoints:  0,    13.377 MiB
srv        update:    - prompt 0xfffe300036d0:     105 tokens, checkpoints:  0,    13.127 MiB
srv        update:    - prompt 0x322d7f0:     110 tokens, checkpoints:  0,    13.752 MiB
srv        update:    - prompt 0x438da50:     116 tokens, checkpoints:  0,    14.502 MiB
srv        update:    - prompt 0x3237370:     109 tokens, checkpoints:  0,    13.627 MiB
srv        update:    - prompt 0x3218e50:     113 tokens, checkpoints:  0,    14.127 MiB
srv        update:    - prompt 0x3227330:     108 tokens, checkpoints:  0,    13.502 MiB
srv        update:    - prompt 0xee0250:     108 tokens, checkpoints:  0,    13.502 MiB
srv        update:    - prompt 0x321a8d0:     108 tokens, checkpoints:  0,    13.502 MiB
srv  get_availabl: prompt cache update took 0.24 ms
slot launch_slot_: id  3 | task -1 | sampler chain: logits -> ?penalties -> ?dry -> ?top-n-sigma -> top-k -> ?typical -> top-p -> min-p -> ?xtc -> temp-ext -> dist 
slot launch_slot_: id  3 | task 7373 | processing task, is_child = 0
slot slot_save_an: id  0 | task -1 | saving idle slot to prompt cache
srv   prompt_save:  - saving prompt with length 111, total state size = 13.877 MiB
slot prompt_clear: id  0 | task -1 | clearing prompt with 111 tokens
srv        update:  - cache state: 57 prompts, 1166.399 MiB (limits: 8192.000 MiB, 4096 tokens, 65527 est)
srv        update:    - prompt 0x3219180:     106 tokens, checkpoints:  0,    13.252 MiB
srv        update:    - prompt 0x3218d60:     107 tokens, checkpoints:  0,    13.377 MiB
srv        update:    - prompt 0x321a980:     106 tokens, checkpoints:  0,    13.252 MiB
srv        update:    - prompt 0x321dbb0:     107 tokens, checkpoints:  0,    13.377 MiB
srv        update:    - prompt 0xf0ef60:     105 tokens, checkpoints:  0,    13.127 MiB
srv        update:    - prompt 0xfd2770:     110 tokens, checkpoints:  0,    13.752 MiB
srv        update:    - prompt 0x321e630:     116 tokens, checkpoints:  0,    14.502 MiB
srv        update:    - prompt 0x4be6150:     109 tokens, checkpoints:  0,    13.627 MiB
srv        update:    - prompt 0x439f290:     113 tokens, checkpoints:  0,    14.127 MiB
srv        update:    - prompt 0x439c190:     108 tokens, checkpoints:  0,    13.502 MiB
srv        update:    - prompt 0x3ad05f0:     108 tokens, checkpoints:  0,    13.502 MiB
srv        update:    - prompt 0x323a460:     108 tokens, checkpoints:  0,    13.502 MiB
srv        update:    - prompt 0xee4860:     111 tokens, checkpoints:  0,    13.877 MiB
srv        update:    - prompt 0x3238470:     119 tokens, checkpoints:  0,    14.877 MiB
srv        update:    - prompt 0xf09400:     123 tokens, checkpoints:  0,    15.377 MiB
srv        update:    - prompt 0x3237530:     131 tokens, checkpoints:  0,    16.377 MiB
srv        update:    - prompt 0x3229e60:     130 tokens, checkpoints:  0,    16.252 MiB
srv        update:    - prompt 0x3ad30f0:     107 tokens, checkpoints:  0,    13.377 MiB
srv        update:    - prompt 0x321fd80:     105 tokens, checkpoints:  0,    13.127 MiB
srv        update:    - prompt 0x3af3c80:     110 tokens, checkpoints:  0,    13.752 MiB
srv        update:    - prompt 0x3aeb450:     116 tokens, checkpoints:  0,    14.502 MiB
srv        update:    - prompt 0x11f0c00:     109 tokens, checkpoints:  0,    13.627 MiB
srv        update:    - prompt 0x43993b0:     113 tokens, checkpoints:  0,    14.127 MiB
srv        update:    - prompt 0xf0c4e0:     108 tokens, checkpoints:  0,    13.502 MiB
srv        update:    - prompt 0x32372b0:     108 tokens, checkpoints:  0,    13.502 MiB
srv        update:    - prompt 0xee1a40:     108 tokens, checkpoints:  0,    13.502 MiB
srv        update:    - prompt 0xee8940:     111 tokens, checkpoints:  0,    13.877 MiB
srv        update:    - prompt 0x3ae40d0:     119 tokens, checkpoints:  0,    14.877 MiB
srv        update:    - prompt 0x322d890:     123 tokens, checkpoints:  0,    15.377 MiB
srv        update:    - prompt 0x439f330:     165 tokens, checkpoints:  0,    20.628 MiB
srv        update:    - prompt 0x3237430:     131 tokens, checkpoints:  0,    16.377 MiB
srv        update:    - prompt 0xf0c750:     135 tokens, checkpoints:  0,    16.877 MiB
srv        update:    - prompt 0x439ff90:     132 tokens, checkpoints:  0,    16.502 MiB
srv        update:    - prompt 0x3ad1ce0:     146 tokens, checkpoints:  0,    18.252 MiB
srv        update:    - prompt 0x32228d0:     130 tokens, checkpoints:  0,    16.252 MiB
srv        update:    - prompt 0x322e950:     136 tokens, checkpoints:  0,    17.002 MiB
srv        update:    - prompt 0x3adad40:     136 tokens, checkpoints:  0,    17.002 MiB
srv        update:    - prompt 0x3226180:     241 tokens, checkpoints:  0,    30.129 MiB
srv        update:    - prompt 0xfffdc00062a0:     325 tokens, checkpoints:  0,    40.629 MiB
srv        update:    - prompt 0xfffdb8004ad0:     363 tokens, checkpoints:  0,    45.380 MiB
srv        update:    - prompt 0x439f4c0:     425 tokens, checkpoints:  0,    53.131 MiB
srv        update:    - prompt 0x438d640:     409 tokens, checkpoints:  0,    51.130 MiB
srv        update:    - prompt 0xf09890:     412 tokens, checkpoints:  0,    51.505 MiB
srv        update:    - prompt 0x3229da0:     418 tokens, checkpoints:  0,    52.256 MiB
srv        update:    - prompt 0x3ad7fe0:     415 tokens, checkpoints:  0,    51.880 MiB
srv        update:    - prompt 0x32349c0:     431 tokens, checkpoints:  0,    53.881 MiB
srv        update:    - prompt 0xfffe10002440:     431 tokens, checkpoints:  0,    53.881 MiB
srv        update:    - prompt 0xfffe1c005350:     107 tokens, checkpoints:  0,    13.377 MiB
srv        update:    - prompt 0xfffe300036d0:     105 tokens, checkpoints:  0,    13.127 MiB
srv        update:    - prompt 0x322d7f0:     110 tokens, checkpoints:  0,    13.752 MiB
srv        update:    - prompt 0x438da50:     116 tokens, checkpoints:  0,    14.502 MiB
srv        update:    - prompt 0x3237370:     109 tokens, checkpoints:  0,    13.627 MiB
srv        update:    - prompt 0x3218e50:     113 tokens, checkpoints:  0,    14.127 MiB
srv        update:    - prompt 0x3227330:     108 tokens, checkpoints:  0,    13.502 MiB
srv        update:    - prompt 0xee0250:     108 tokens, checkpoints:  0,    13.502 MiB
srv        update:    - prompt 0x321a8d0:     108 tokens, checkpoints:  0,    13.502 MiB
srv        update:    - prompt 0x439f590:     111 tokens, checkpoints:  0,    13.877 MiB
slot update_slots: id  3 | task 7373 | new prompt, n_ctx_slot = 4096, n_keep = 0, task.n_tokens = 20
slot update_slots: id  3 | task 7373 | n_tokens = 0, memory_seq_rm [0, end)
slot init_sampler: id  3 | task 7373 | init sampler, took 0.01 ms, tokens: text = 20, total = 20
slot update_slots: id  3 | task 7373 | prompt processing done, n_tokens = 20, batch.n_tokens = 20
srv  log_server_r: done request: POST /completion 127.0.0.1 200
slot print_timing: id  3 | task 7373 | 
prompt eval time =    1430.93 ms /    20 tokens (   71.55 ms per token,    13.98 tokens per second)
       eval time =    8980.66 ms /   100 tokens (   89.81 ms per token,    11.14 tokens per second)
      total time =   10411.60 ms /   120 tokens
slot      release: id  3 | task 7373 | stop processing: n_tokens = 119, truncated = 0
srv  update_slots: all slots are idle
slot get_availabl: id  2 | task -1 | selected slot by LRU, t_last = 34676070336
srv  get_availabl: updating prompt cache
srv          load:  - looking for better prompt, base f_keep = -1.000, sim = 0.000
srv        update:  - cache state: 57 prompts, 1166.399 MiB (limits: 8192.000 MiB, 4096 tokens, 65527 est)
srv        update:    - prompt 0x3219180:     106 tokens, checkpoints:  0,    13.252 MiB
srv        update:    - prompt 0x3218d60:     107 tokens, checkpoints:  0,    13.377 MiB
srv        update:    - prompt 0x321a980:     106 tokens, checkpoints:  0,    13.252 MiB
srv        update:    - prompt 0x321dbb0:     107 tokens, checkpoints:  0,    13.377 MiB
srv        update:    - prompt 0xf0ef60:     105 tokens, checkpoints:  0,    13.127 MiB
srv        update:    - prompt 0xfd2770:     110 tokens, checkpoints:  0,    13.752 MiB
srv        update:    - prompt 0x321e630:     116 tokens, checkpoints:  0,    14.502 MiB
srv        update:    - prompt 0x4be6150:     109 tokens, checkpoints:  0,    13.627 MiB
srv        update:    - prompt 0x439f290:     113 tokens, checkpoints:  0,    14.127 MiB
srv        update:    - prompt 0x439c190:     108 tokens, checkpoints:  0,    13.502 MiB
srv        update:    - prompt 0x3ad05f0:     108 tokens, checkpoints:  0,    13.502 MiB
srv        update:    - prompt 0x323a460:     108 tokens, checkpoints:  0,    13.502 MiB
srv        update:    - prompt 0xee4860:     111 tokens, checkpoints:  0,    13.877 MiB
srv        update:    - prompt 0x3238470:     119 tokens, checkpoints:  0,    14.877 MiB
srv        update:    - prompt 0xf09400:     123 tokens, checkpoints:  0,    15.377 MiB
srv        update:    - prompt 0x3237530:     131 tokens, checkpoints:  0,    16.377 MiB
srv        update:    - prompt 0x3229e60:     130 tokens, checkpoints:  0,    16.252 MiB
srv        update:    - prompt 0x3ad30f0:     107 tokens, checkpoints:  0,    13.377 MiB
srv        update:    - prompt 0x321fd80:     105 tokens, checkpoints:  0,    13.127 MiB
srv        update:    - prompt 0x3af3c80:     110 tokens, checkpoints:  0,    13.752 MiB
srv        update:    - prompt 0x3aeb450:     116 tokens, checkpoints:  0,    14.502 MiB
srv        update:    - prompt 0x11f0c00:     109 tokens, checkpoints:  0,    13.627 MiB
srv        update:    - prompt 0x43993b0:     113 tokens, checkpoints:  0,    14.127 MiB
srv        update:    - prompt 0xf0c4e0:     108 tokens, checkpoints:  0,    13.502 MiB
srv        update:    - prompt 0x32372b0:     108 tokens, checkpoints:  0,    13.502 MiB
srv        update:    - prompt 0xee1a40:     108 tokens, checkpoints:  0,    13.502 MiB
srv        update:    - prompt 0xee8940:     111 tokens, checkpoints:  0,    13.877 MiB
srv        update:    - prompt 0x3ae40d0:     119 tokens, checkpoints:  0,    14.877 MiB
srv        update:    - prompt 0x322d890:     123 tokens, checkpoints:  0,    15.377 MiB
srv        update:    - prompt 0x439f330:     165 tokens, checkpoints:  0,    20.628 MiB
srv        update:    - prompt 0x3237430:     131 tokens, checkpoints:  0,    16.377 MiB
srv        update:    - prompt 0xf0c750:     135 tokens, checkpoints:  0,    16.877 MiB
srv        update:    - prompt 0x439ff90:     132 tokens, checkpoints:  0,    16.502 MiB
srv        update:    - prompt 0x3ad1ce0:     146 tokens, checkpoints:  0,    18.252 MiB
srv        update:    - prompt 0x32228d0:     130 tokens, checkpoints:  0,    16.252 MiB
srv        update:    - prompt 0x322e950:     136 tokens, checkpoints:  0,    17.002 MiB
srv        update:    - prompt 0x3adad40:     136 tokens, checkpoints:  0,    17.002 MiB
srv        update:    - prompt 0x3226180:     241 tokens, checkpoints:  0,    30.129 MiB
srv        update:    - prompt 0xfffdc00062a0:     325 tokens, checkpoints:  0,    40.629 MiB
srv        update:    - prompt 0xfffdb8004ad0:     363 tokens, checkpoints:  0,    45.380 MiB
srv        update:    - prompt 0x439f4c0:     425 tokens, checkpoints:  0,    53.131 MiB
srv        update:    - prompt 0x438d640:     409 tokens, checkpoints:  0,    51.130 MiB
srv        update:    - prompt 0xf09890:     412 tokens, checkpoints:  0,    51.505 MiB
srv        update:    - prompt 0x3229da0:     418 tokens, checkpoints:  0,    52.256 MiB
srv        update:    - prompt 0x3ad7fe0:     415 tokens, checkpoints:  0,    51.880 MiB
srv        update:    - prompt 0x32349c0:     431 tokens, checkpoints:  0,    53.881 MiB
srv        update:    - prompt 0xfffe10002440:     431 tokens, checkpoints:  0,    53.881 MiB
srv        update:    - prompt 0xfffe1c005350:     107 tokens, checkpoints:  0,    13.377 MiB
srv        update:    - prompt 0xfffe300036d0:     105 tokens, checkpoints:  0,    13.127 MiB
srv        update:    - prompt 0x322d7f0:     110 tokens, checkpoints:  0,    13.752 MiB
srv        update:    - prompt 0x438da50:     116 tokens, checkpoints:  0,    14.502 MiB
srv        update:    - prompt 0x3237370:     109 tokens, checkpoints:  0,    13.627 MiB
srv        update:    - prompt 0x3218e50:     113 tokens, checkpoints:  0,    14.127 MiB
srv        update:    - prompt 0x3227330:     108 tokens, checkpoints:  0,    13.502 MiB
srv        update:    - prompt 0xee0250:     108 tokens, checkpoints:  0,    13.502 MiB
srv        update:    - prompt 0x321a8d0:     108 tokens, checkpoints:  0,    13.502 MiB
srv        update:    - prompt 0x439f590:     111 tokens, checkpoints:  0,    13.877 MiB
srv  get_availabl: prompt cache update took 0.29 ms
slot launch_slot_: id  2 | task -1 | sampler chain: logits -> ?penalties -> ?dry -> ?top-n-sigma -> top-k -> ?typical -> top-p -> min-p -> ?xtc -> temp-ext -> dist 
slot launch_slot_: id  2 | task 7474 | processing task, is_child = 0
slot slot_save_an: id  3 | task -1 | saving idle slot to prompt cache
srv   prompt_save:  - saving prompt with length 119, total state size = 14.877 MiB
slot prompt_clear: id  3 | task -1 | clearing prompt with 119 tokens
srv        update:  - cache state: 58 prompts, 1181.277 MiB (limits: 8192.000 MiB, 4096 tokens, 65527 est)
srv        update:    - prompt 0x3219180:     106 tokens, checkpoints:  0,    13.252 MiB
srv        update:    - prompt 0x3218d60:     107 tokens, checkpoints:  0,    13.377 MiB
srv        update:    - prompt 0x321a980:     106 tokens, checkpoints:  0,    13.252 MiB
srv        update:    - prompt 0x321dbb0:     107 tokens, checkpoints:  0,    13.377 MiB
srv        update:    - prompt 0xf0ef60:     105 tokens, checkpoints:  0,    13.127 MiB
srv        update:    - prompt 0xfd2770:     110 tokens, checkpoints:  0,    13.752 MiB
srv        update:    - prompt 0x321e630:     116 tokens, checkpoints:  0,    14.502 MiB
srv        update:    - prompt 0x4be6150:     109 tokens, checkpoints:  0,    13.627 MiB
srv        update:    - prompt 0x439f290:     113 tokens, checkpoints:  0,    14.127 MiB
srv        update:    - prompt 0x439c190:     108 tokens, checkpoints:  0,    13.502 MiB
srv        update:    - prompt 0x3ad05f0:     108 tokens, checkpoints:  0,    13.502 MiB
srv        update:    - prompt 0x323a460:     108 tokens, checkpoints:  0,    13.502 MiB
srv        update:    - prompt 0xee4860:     111 tokens, checkpoints:  0,    13.877 MiB
srv        update:    - prompt 0x3238470:     119 tokens, checkpoints:  0,    14.877 MiB
srv        update:    - prompt 0xf09400:     123 tokens, checkpoints:  0,    15.377 MiB
srv        update:    - prompt 0x3237530:     131 tokens, checkpoints:  0,    16.377 MiB
srv        update:    - prompt 0x3229e60:     130 tokens, checkpoints:  0,    16.252 MiB
srv        update:    - prompt 0x3ad30f0:     107 tokens, checkpoints:  0,    13.377 MiB
srv        update:    - prompt 0x321fd80:     105 tokens, checkpoints:  0,    13.127 MiB
srv        update:    - prompt 0x3af3c80:     110 tokens, checkpoints:  0,    13.752 MiB
srv        update:    - prompt 0x3aeb450:     116 tokens, checkpoints:  0,    14.502 MiB
srv        update:    - prompt 0x11f0c00:     109 tokens, checkpoints:  0,    13.627 MiB
srv        update:    - prompt 0x43993b0:     113 tokens, checkpoints:  0,    14.127 MiB
srv        update:    - prompt 0xf0c4e0:     108 tokens, checkpoints:  0,    13.502 MiB
srv        update:    - prompt 0x32372b0:     108 tokens, checkpoints:  0,    13.502 MiB
srv        update:    - prompt 0xee1a40:     108 tokens, checkpoints:  0,    13.502 MiB
srv        update:    - prompt 0xee8940:     111 tokens, checkpoints:  0,    13.877 MiB
srv        update:    - prompt 0x3ae40d0:     119 tokens, checkpoints:  0,    14.877 MiB
srv        update:    - prompt 0x322d890:     123 tokens, checkpoints:  0,    15.377 MiB
srv        update:    - prompt 0x439f330:     165 tokens, checkpoints:  0,    20.628 MiB
srv        update:    - prompt 0x3237430:     131 tokens, checkpoints:  0,    16.377 MiB
srv        update:    - prompt 0xf0c750:     135 tokens, checkpoints:  0,    16.877 MiB
srv        update:    - prompt 0x439ff90:     132 tokens, checkpoints:  0,    16.502 MiB
srv        update:    - prompt 0x3ad1ce0:     146 tokens, checkpoints:  0,    18.252 MiB
srv        update:    - prompt 0x32228d0:     130 tokens, checkpoints:  0,    16.252 MiB
srv        update:    - prompt 0x322e950:     136 tokens, checkpoints:  0,    17.002 MiB
srv        update:    - prompt 0x3adad40:     136 tokens, checkpoints:  0,    17.002 MiB
srv        update:    - prompt 0x3226180:     241 tokens, checkpoints:  0,    30.129 MiB
srv        update:    - prompt 0xfffdc00062a0:     325 tokens, checkpoints:  0,    40.629 MiB
srv        update:    - prompt 0xfffdb8004ad0:     363 tokens, checkpoints:  0,    45.380 MiB
srv        update:    - prompt 0x439f4c0:     425 tokens, checkpoints:  0,    53.131 MiB
srv        update:    - prompt 0x438d640:     409 tokens, checkpoints:  0,    51.130 MiB
srv        update:    - prompt 0xf09890:     412 tokens, checkpoints:  0,    51.505 MiB
srv        update:    - prompt 0x3229da0:     418 tokens, checkpoints:  0,    52.256 MiB
srv        update:    - prompt 0x3ad7fe0:     415 tokens, checkpoints:  0,    51.880 MiB
srv        update:    - prompt 0x32349c0:     431 tokens, checkpoints:  0,    53.881 MiB
srv        update:    - prompt 0xfffe10002440:     431 tokens, checkpoints:  0,    53.881 MiB
srv        update:    - prompt 0xfffe1c005350:     107 tokens, checkpoints:  0,    13.377 MiB
srv        update:    - prompt 0xfffe300036d0:     105 tokens, checkpoints:  0,    13.127 MiB
srv        update:    - prompt 0x322d7f0:     110 tokens, checkpoints:  0,    13.752 MiB
srv        update:    - prompt 0x438da50:     116 tokens, checkpoints:  0,    14.502 MiB
srv        update:    - prompt 0x3237370:     109 tokens, checkpoints:  0,    13.627 MiB
srv        update:    - prompt 0x3218e50:     113 tokens, checkpoints:  0,    14.127 MiB
srv        update:    - prompt 0x3227330:     108 tokens, checkpoints:  0,    13.502 MiB
srv        update:    - prompt 0xee0250:     108 tokens, checkpoints:  0,    13.502 MiB
srv        update:    - prompt 0x321a8d0:     108 tokens, checkpoints:  0,    13.502 MiB
srv        update:    - prompt 0x439f590:     111 tokens, checkpoints:  0,    13.877 MiB
srv        update:    - prompt 0xef15d0:     119 tokens, checkpoints:  0,    14.877 MiB
slot update_slots: id  2 | task 7474 | new prompt, n_ctx_slot = 4096, n_keep = 0, task.n_tokens = 24
slot update_slots: id  2 | task 7474 | n_tokens = 0, memory_seq_rm [0, end)
slot init_sampler: id  2 | task 7474 | init sampler, took 0.01 ms, tokens: text = 24, total = 24
slot update_slots: id  2 | task 7474 | prompt processing done, n_tokens = 24, batch.n_tokens = 24
srv  log_server_r: done request: POST /completion 127.0.0.1 200
slot print_timing: id  2 | task 7474 | 
prompt eval time =    1712.18 ms /    24 tokens (   71.34 ms per token,    14.02 tokens per second)
       eval time =    8982.92 ms /   100 tokens (   89.83 ms per token,    11.13 tokens per second)
      total time =   10695.10 ms /   124 tokens
slot      release: id  2 | task 7474 | stop processing: n_tokens = 123, truncated = 0
srv  update_slots: all slots are idle
slot get_availabl: id  1 | task -1 | selected slot by LRU, t_last = 34717100237
srv  get_availabl: updating prompt cache
srv          load:  - looking for better prompt, base f_keep = -1.000, sim = 0.000
srv          load:  - found better prompt with f_keep = 0.400, sim = 1.000
srv        update:  - cache state: 57 prompts, 1160.649 MiB (limits: 8192.000 MiB, 4096 tokens, 65527 est)
srv        update:    - prompt 0x3219180:     106 tokens, checkpoints:  0,    13.252 MiB
srv        update:    - prompt 0x3218d60:     107 tokens, checkpoints:  0,    13.377 MiB
srv        update:    - prompt 0x321a980:     106 tokens, checkpoints:  0,    13.252 MiB
srv        update:    - prompt 0x321dbb0:     107 tokens, checkpoints:  0,    13.377 MiB
srv        update:    - prompt 0xf0ef60:     105 tokens, checkpoints:  0,    13.127 MiB
srv        update:    - prompt 0xfd2770:     110 tokens, checkpoints:  0,    13.752 MiB
srv        update:    - prompt 0x321e630:     116 tokens, checkpoints:  0,    14.502 MiB
srv        update:    - prompt 0x4be6150:     109 tokens, checkpoints:  0,    13.627 MiB
srv        update:    - prompt 0x439f290:     113 tokens, checkpoints:  0,    14.127 MiB
srv        update:    - prompt 0x439c190:     108 tokens, checkpoints:  0,    13.502 MiB
srv        update:    - prompt 0x3ad05f0:     108 tokens, checkpoints:  0,    13.502 MiB
srv        update:    - prompt 0x323a460:     108 tokens, checkpoints:  0,    13.502 MiB
srv        update:    - prompt 0xee4860:     111 tokens, checkpoints:  0,    13.877 MiB
srv        update:    - prompt 0x3238470:     119 tokens, checkpoints:  0,    14.877 MiB
srv        update:    - prompt 0xf09400:     123 tokens, checkpoints:  0,    15.377 MiB
srv        update:    - prompt 0x3237530:     131 tokens, checkpoints:  0,    16.377 MiB
srv        update:    - prompt 0x3229e60:     130 tokens, checkpoints:  0,    16.252 MiB
srv        update:    - prompt 0x3ad30f0:     107 tokens, checkpoints:  0,    13.377 MiB
srv        update:    - prompt 0x321fd80:     105 tokens, checkpoints:  0,    13.127 MiB
srv        update:    - prompt 0x3af3c80:     110 tokens, checkpoints:  0,    13.752 MiB
srv        update:    - prompt 0x3aeb450:     116 tokens, checkpoints:  0,    14.502 MiB
srv        update:    - prompt 0x11f0c00:     109 tokens, checkpoints:  0,    13.627 MiB
srv        update:    - prompt 0x43993b0:     113 tokens, checkpoints:  0,    14.127 MiB
srv        update:    - prompt 0xf0c4e0:     108 tokens, checkpoints:  0,    13.502 MiB
srv        update:    - prompt 0x32372b0:     108 tokens, checkpoints:  0,    13.502 MiB
srv        update:    - prompt 0xee1a40:     108 tokens, checkpoints:  0,    13.502 MiB
srv        update:    - prompt 0xee8940:     111 tokens, checkpoints:  0,    13.877 MiB
srv        update:    - prompt 0x3ae40d0:     119 tokens, checkpoints:  0,    14.877 MiB
srv        update:    - prompt 0x322d890:     123 tokens, checkpoints:  0,    15.377 MiB
srv        update:    - prompt 0x3237430:     131 tokens, checkpoints:  0,    16.377 MiB
srv        update:    - prompt 0xf0c750:     135 tokens, checkpoints:  0,    16.877 MiB
srv        update:    - prompt 0x439ff90:     132 tokens, checkpoints:  0,    16.502 MiB
srv        update:    - prompt 0x3ad1ce0:     146 tokens, checkpoints:  0,    18.252 MiB
srv        update:    - prompt 0x32228d0:     130 tokens, checkpoints:  0,    16.252 MiB
srv        update:    - prompt 0x322e950:     136 tokens, checkpoints:  0,    17.002 MiB
srv        update:    - prompt 0x3adad40:     136 tokens, checkpoints:  0,    17.002 MiB
srv        update:    - prompt 0x3226180:     241 tokens, checkpoints:  0,    30.129 MiB
srv        update:    - prompt 0xfffdc00062a0:     325 tokens, checkpoints:  0,    40.629 MiB
srv        update:    - prompt 0xfffdb8004ad0:     363 tokens, checkpoints:  0,    45.380 MiB
srv        update:    - prompt 0x439f4c0:     425 tokens, checkpoints:  0,    53.131 MiB
srv        update:    - prompt 0x438d640:     409 tokens, checkpoints:  0,    51.130 MiB
srv        update:    - prompt 0xf09890:     412 tokens, checkpoints:  0,    51.505 MiB
srv        update:    - prompt 0x3229da0:     418 tokens, checkpoints:  0,    52.256 MiB
srv        update:    - prompt 0x3ad7fe0:     415 tokens, checkpoints:  0,    51.880 MiB
srv        update:    - prompt 0x32349c0:     431 tokens, checkpoints:  0,    53.881 MiB
srv        update:    - prompt 0xfffe10002440:     431 tokens, checkpoints:  0,    53.881 MiB
srv        update:    - prompt 0xfffe1c005350:     107 tokens, checkpoints:  0,    13.377 MiB
srv        update:    - prompt 0xfffe300036d0:     105 tokens, checkpoints:  0,    13.127 MiB
srv        update:    - prompt 0x322d7f0:     110 tokens, checkpoints:  0,    13.752 MiB
srv        update:    - prompt 0x438da50:     116 tokens, checkpoints:  0,    14.502 MiB
srv        update:    - prompt 0x3237370:     109 tokens, checkpoints:  0,    13.627 MiB
srv        update:    - prompt 0x3218e50:     113 tokens, checkpoints:  0,    14.127 MiB
srv        update:    - prompt 0x3227330:     108 tokens, checkpoints:  0,    13.502 MiB
srv        update:    - prompt 0xee0250:     108 tokens, checkpoints:  0,    13.502 MiB
srv        update:    - prompt 0x321a8d0:     108 tokens, checkpoints:  0,    13.502 MiB
srv        update:    - prompt 0x439f590:     111 tokens, checkpoints:  0,    13.877 MiB
srv        update:    - prompt 0xef15d0:     119 tokens, checkpoints:  0,    14.877 MiB
srv  get_availabl: prompt cache update took 3.38 ms
slot launch_slot_: id  1 | task -1 | sampler chain: logits -> ?penalties -> ?dry -> ?top-n-sigma -> top-k -> ?typical -> top-p -> min-p -> ?xtc -> temp-ext -> dist 
slot launch_slot_: id  1 | task 7575 | processing task, is_child = 0
slot slot_save_an: id  2 | task -1 | saving idle slot to prompt cache
srv   prompt_save:  - saving prompt with length 123, total state size = 15.377 MiB
slot prompt_clear: id  2 | task -1 | clearing prompt with 123 tokens
srv        update:  - cache state: 58 prompts, 1176.026 MiB (limits: 8192.000 MiB, 4096 tokens, 65527 est)
srv        update:    - prompt 0x3219180:     106 tokens, checkpoints:  0,    13.252 MiB
srv        update:    - prompt 0x3218d60:     107 tokens, checkpoints:  0,    13.377 MiB
srv        update:    - prompt 0x321a980:     106 tokens, checkpoints:  0,    13.252 MiB
srv        update:    - prompt 0x321dbb0:     107 tokens, checkpoints:  0,    13.377 MiB
srv        update:    - prompt 0xf0ef60:     105 tokens, checkpoints:  0,    13.127 MiB
srv        update:    - prompt 0xfd2770:     110 tokens, checkpoints:  0,    13.752 MiB
srv        update:    - prompt 0x321e630:     116 tokens, checkpoints:  0,    14.502 MiB
srv        update:    - prompt 0x4be6150:     109 tokens, checkpoints:  0,    13.627 MiB
srv        update:    - prompt 0x439f290:     113 tokens, checkpoints:  0,    14.127 MiB
srv        update:    - prompt 0x439c190:     108 tokens, checkpoints:  0,    13.502 MiB
srv        update:    - prompt 0x3ad05f0:     108 tokens, checkpoints:  0,    13.502 MiB
srv        update:    - prompt 0x323a460:     108 tokens, checkpoints:  0,    13.502 MiB
srv        update:    - prompt 0xee4860:     111 tokens, checkpoints:  0,    13.877 MiB
srv        update:    - prompt 0x3238470:     119 tokens, checkpoints:  0,    14.877 MiB
srv        update:    - prompt 0xf09400:     123 tokens, checkpoints:  0,    15.377 MiB
srv        update:    - prompt 0x3237530:     131 tokens, checkpoints:  0,    16.377 MiB
srv        update:    - prompt 0x3229e60:     130 tokens, checkpoints:  0,    16.252 MiB
srv        update:    - prompt 0x3ad30f0:     107 tokens, checkpoints:  0,    13.377 MiB
srv        update:    - prompt 0x321fd80:     105 tokens, checkpoints:  0,    13.127 MiB
srv        update:    - prompt 0x3af3c80:     110 tokens, checkpoints:  0,    13.752 MiB
srv        update:    - prompt 0x3aeb450:     116 tokens, checkpoints:  0,    14.502 MiB
srv        update:    - prompt 0x11f0c00:     109 tokens, checkpoints:  0,    13.627 MiB
srv        update:    - prompt 0x43993b0:     113 tokens, checkpoints:  0,    14.127 MiB
srv        update:    - prompt 0xf0c4e0:     108 tokens, checkpoints:  0,    13.502 MiB
srv        update:    - prompt 0x32372b0:     108 tokens, checkpoints:  0,    13.502 MiB
srv        update:    - prompt 0xee1a40:     108 tokens, checkpoints:  0,    13.502 MiB
srv        update:    - prompt 0xee8940:     111 tokens, checkpoints:  0,    13.877 MiB
srv        update:    - prompt 0x3ae40d0:     119 tokens, checkpoints:  0,    14.877 MiB
srv        update:    - prompt 0x322d890:     123 tokens, checkpoints:  0,    15.377 MiB
srv        update:    - prompt 0x3237430:     131 tokens, checkpoints:  0,    16.377 MiB
srv        update:    - prompt 0xf0c750:     135 tokens, checkpoints:  0,    16.877 MiB
srv        update:    - prompt 0x439ff90:     132 tokens, checkpoints:  0,    16.502 MiB
srv        update:    - prompt 0x3ad1ce0:     146 tokens, checkpoints:  0,    18.252 MiB
srv        update:    - prompt 0x32228d0:     130 tokens, checkpoints:  0,    16.252 MiB
srv        update:    - prompt 0x322e950:     136 tokens, checkpoints:  0,    17.002 MiB
srv        update:    - prompt 0x3adad40:     136 tokens, checkpoints:  0,    17.002 MiB
srv        update:    - prompt 0x3226180:     241 tokens, checkpoints:  0,    30.129 MiB
srv        update:    - prompt 0xfffdc00062a0:     325 tokens, checkpoints:  0,    40.629 MiB
srv        update:    - prompt 0xfffdb8004ad0:     363 tokens, checkpoints:  0,    45.380 MiB
srv        update:    - prompt 0x439f4c0:     425 tokens, checkpoints:  0,    53.131 MiB
srv        update:    - prompt 0x438d640:     409 tokens, checkpoints:  0,    51.130 MiB
srv        update:    - prompt 0xf09890:     412 tokens, checkpoints:  0,    51.505 MiB
srv        update:    - prompt 0x3229da0:     418 tokens, checkpoints:  0,    52.256 MiB
srv        update:    - prompt 0x3ad7fe0:     415 tokens, checkpoints:  0,    51.880 MiB
srv        update:    - prompt 0x32349c0:     431 tokens, checkpoints:  0,    53.881 MiB
srv        update:    - prompt 0xfffe10002440:     431 tokens, checkpoints:  0,    53.881 MiB
srv        update:    - prompt 0xfffe1c005350:     107 tokens, checkpoints:  0,    13.377 MiB
srv        update:    - prompt 0xfffe300036d0:     105 tokens, checkpoints:  0,    13.127 MiB
srv        update:    - prompt 0x322d7f0:     110 tokens, checkpoints:  0,    13.752 MiB
srv        update:    - prompt 0x438da50:     116 tokens, checkpoints:  0,    14.502 MiB
srv        update:    - prompt 0x3237370:     109 tokens, checkpoints:  0,    13.627 MiB
srv        update:    - prompt 0x3218e50:     113 tokens, checkpoints:  0,    14.127 MiB
srv        update:    - prompt 0x3227330:     108 tokens, checkpoints:  0,    13.502 MiB
srv        update:    - prompt 0xee0250:     108 tokens, checkpoints:  0,    13.502 MiB
srv        update:    - prompt 0x321a8d0:     108 tokens, checkpoints:  0,    13.502 MiB
srv        update:    - prompt 0x439f590:     111 tokens, checkpoints:  0,    13.877 MiB
srv        update:    - prompt 0xef15d0:     119 tokens, checkpoints:  0,    14.877 MiB
srv        update:    - prompt 0x439f330:     123 tokens, checkpoints:  0,    15.377 MiB
slot update_slots: id  1 | task 7575 | new prompt, n_ctx_slot = 4096, n_keep = 0, task.n_tokens = 66
slot update_slots: id  1 | task 7575 | need to evaluate at least 1 token for each active slot (n_past = 66, task.n_tokens() = 66)
slot update_slots: id  1 | task 7575 | n_past was set to 65
slot update_slots: id  1 | task 7575 | n_tokens = 65, memory_seq_rm [65, end)
slot init_sampler: id  1 | task 7575 | init sampler, took 0.04 ms, tokens: text = 66, total = 66
slot update_slots: id  1 | task 7575 | prompt processing done, n_tokens = 66, batch.n_tokens = 1
srv  log_server_r: done request: POST /completion 127.0.0.1 200
slot print_timing: id  1 | task 7575 | 
prompt eval time =      96.41 ms /     1 tokens (   96.41 ms per token,    10.37 tokens per second)
       eval time =    9337.99 ms /   100 tokens (   93.38 ms per token,    10.71 tokens per second)
      total time =    9434.40 ms /   101 tokens
slot      release: id  1 | task 7575 | stop processing: n_tokens = 165, truncated = 0
srv  update_slots: all slots are idle
slot get_availabl: id  0 | task -1 | selected slot by LRU, t_last = 34727518005
srv  get_availabl: updating prompt cache
srv          load:  - looking for better prompt, base f_keep = -1.000, sim = 0.000
srv        update:  - cache state: 58 prompts, 1176.026 MiB (limits: 8192.000 MiB, 4096 tokens, 65527 est)
srv        update:    - prompt 0x3219180:     106 tokens, checkpoints:  0,    13.252 MiB
srv        update:    - prompt 0x3218d60:     107 tokens, checkpoints:  0,    13.377 MiB
srv        update:    - prompt 0x321a980:     106 tokens, checkpoints:  0,    13.252 MiB
srv        update:    - prompt 0x321dbb0:     107 tokens, checkpoints:  0,    13.377 MiB
srv        update:    - prompt 0xf0ef60:     105 tokens, checkpoints:  0,    13.127 MiB
srv        update:    - prompt 0xfd2770:     110 tokens, checkpoints:  0,    13.752 MiB
srv        update:    - prompt 0x321e630:     116 tokens, checkpoints:  0,    14.502 MiB
srv        update:    - prompt 0x4be6150:     109 tokens, checkpoints:  0,    13.627 MiB
srv        update:    - prompt 0x439f290:     113 tokens, checkpoints:  0,    14.127 MiB
srv        update:    - prompt 0x439c190:     108 tokens, checkpoints:  0,    13.502 MiB
srv        update:    - prompt 0x3ad05f0:     108 tokens, checkpoints:  0,    13.502 MiB
srv        update:    - prompt 0x323a460:     108 tokens, checkpoints:  0,    13.502 MiB
srv        update:    - prompt 0xee4860:     111 tokens, checkpoints:  0,    13.877 MiB
srv        update:    - prompt 0x3238470:     119 tokens, checkpoints:  0,    14.877 MiB
srv        update:    - prompt 0xf09400:     123 tokens, checkpoints:  0,    15.377 MiB
srv        update:    - prompt 0x3237530:     131 tokens, checkpoints:  0,    16.377 MiB
srv        update:    - prompt 0x3229e60:     130 tokens, checkpoints:  0,    16.252 MiB
srv        update:    - prompt 0x3ad30f0:     107 tokens, checkpoints:  0,    13.377 MiB
srv        update:    - prompt 0x321fd80:     105 tokens, checkpoints:  0,    13.127 MiB
srv        update:    - prompt 0x3af3c80:     110 tokens, checkpoints:  0,    13.752 MiB
srv        update:    - prompt 0x3aeb450:     116 tokens, checkpoints:  0,    14.502 MiB
srv        update:    - prompt 0x11f0c00:     109 tokens, checkpoints:  0,    13.627 MiB
srv        update:    - prompt 0x43993b0:     113 tokens, checkpoints:  0,    14.127 MiB
srv        update:    - prompt 0xf0c4e0:     108 tokens, checkpoints:  0,    13.502 MiB
srv        update:    - prompt 0x32372b0:     108 tokens, checkpoints:  0,    13.502 MiB
srv        update:    - prompt 0xee1a40:     108 tokens, checkpoints:  0,    13.502 MiB
srv        update:    - prompt 0xee8940:     111 tokens, checkpoints:  0,    13.877 MiB
srv        update:    - prompt 0x3ae40d0:     119 tokens, checkpoints:  0,    14.877 MiB
srv        update:    - prompt 0x322d890:     123 tokens, checkpoints:  0,    15.377 MiB
srv        update:    - prompt 0x3237430:     131 tokens, checkpoints:  0,    16.377 MiB
srv        update:    - prompt 0xf0c750:     135 tokens, checkpoints:  0,    16.877 MiB
srv        update:    - prompt 0x439ff90:     132 tokens, checkpoints:  0,    16.502 MiB
srv        update:    - prompt 0x3ad1ce0:     146 tokens, checkpoints:  0,    18.252 MiB
srv        update:    - prompt 0x32228d0:     130 tokens, checkpoints:  0,    16.252 MiB
srv        update:    - prompt 0x322e950:     136 tokens, checkpoints:  0,    17.002 MiB
srv        update:    - prompt 0x3adad40:     136 tokens, checkpoints:  0,    17.002 MiB
srv        update:    - prompt 0x3226180:     241 tokens, checkpoints:  0,    30.129 MiB
srv        update:    - prompt 0xfffdc00062a0:     325 tokens, checkpoints:  0,    40.629 MiB
srv        update:    - prompt 0xfffdb8004ad0:     363 tokens, checkpoints:  0,    45.380 MiB
srv        update:    - prompt 0x439f4c0:     425 tokens, checkpoints:  0,    53.131 MiB
srv        update:    - prompt 0x438d640:     409 tokens, checkpoints:  0,    51.130 MiB
srv        update:    - prompt 0xf09890:     412 tokens, checkpoints:  0,    51.505 MiB
srv        update:    - prompt 0x3229da0:     418 tokens, checkpoints:  0,    52.256 MiB
srv        update:    - prompt 0x3ad7fe0:     415 tokens, checkpoints:  0,    51.880 MiB
srv        update:    - prompt 0x32349c0:     431 tokens, checkpoints:  0,    53.881 MiB
srv        update:    - prompt 0xfffe10002440:     431 tokens, checkpoints:  0,    53.881 MiB
srv        update:    - prompt 0xfffe1c005350:     107 tokens, checkpoints:  0,    13.377 MiB
srv        update:    - prompt 0xfffe300036d0:     105 tokens, checkpoints:  0,    13.127 MiB
srv        update:    - prompt 0x322d7f0:     110 tokens, checkpoints:  0,    13.752 MiB
srv        update:    - prompt 0x438da50:     116 tokens, checkpoints:  0,    14.502 MiB
srv        update:    - prompt 0x3237370:     109 tokens, checkpoints:  0,    13.627 MiB
srv        update:    - prompt 0x3218e50:     113 tokens, checkpoints:  0,    14.127 MiB
srv        update:    - prompt 0x3227330:     108 tokens, checkpoints:  0,    13.502 MiB
srv        update:    - prompt 0xee0250:     108 tokens, checkpoints:  0,    13.502 MiB
srv        update:    - prompt 0x321a8d0:     108 tokens, checkpoints:  0,    13.502 MiB
srv        update:    - prompt 0x439f590:     111 tokens, checkpoints:  0,    13.877 MiB
srv        update:    - prompt 0xef15d0:     119 tokens, checkpoints:  0,    14.877 MiB
srv        update:    - prompt 0x439f330:     123 tokens, checkpoints:  0,    15.377 MiB
srv  get_availabl: prompt cache update took 0.25 ms
slot launch_slot_: id  0 | task -1 | sampler chain: logits -> ?penalties -> ?dry -> ?top-n-sigma -> top-k -> ?typical -> top-p -> min-p -> ?xtc -> temp-ext -> dist 
slot launch_slot_: id  0 | task 7676 | processing task, is_child = 0
slot slot_save_an: id  1 | task -1 | saving idle slot to prompt cache
srv   prompt_save:  - saving prompt with length 165, total state size = 20.628 MiB
slot prompt_clear: id  1 | task -1 | clearing prompt with 165 tokens
srv        update:  - cache state: 59 prompts, 1196.654 MiB (limits: 8192.000 MiB, 4096 tokens, 65527 est)
srv        update:    - prompt 0x3219180:     106 tokens, checkpoints:  0,    13.252 MiB
srv        update:    - prompt 0x3218d60:     107 tokens, checkpoints:  0,    13.377 MiB
srv        update:    - prompt 0x321a980:     106 tokens, checkpoints:  0,    13.252 MiB
srv        update:    - prompt 0x321dbb0:     107 tokens, checkpoints:  0,    13.377 MiB
srv        update:    - prompt 0xf0ef60:     105 tokens, checkpoints:  0,    13.127 MiB
srv        update:    - prompt 0xfd2770:     110 tokens, checkpoints:  0,    13.752 MiB
srv        update:    - prompt 0x321e630:     116 tokens, checkpoints:  0,    14.502 MiB
srv        update:    - prompt 0x4be6150:     109 tokens, checkpoints:  0,    13.627 MiB
srv        update:    - prompt 0x439f290:     113 tokens, checkpoints:  0,    14.127 MiB
srv        update:    - prompt 0x439c190:     108 tokens, checkpoints:  0,    13.502 MiB
srv        update:    - prompt 0x3ad05f0:     108 tokens, checkpoints:  0,    13.502 MiB
srv        update:    - prompt 0x323a460:     108 tokens, checkpoints:  0,    13.502 MiB
srv        update:    - prompt 0xee4860:     111 tokens, checkpoints:  0,    13.877 MiB
srv        update:    - prompt 0x3238470:     119 tokens, checkpoints:  0,    14.877 MiB
srv        update:    - prompt 0xf09400:     123 tokens, checkpoints:  0,    15.377 MiB
srv        update:    - prompt 0x3237530:     131 tokens, checkpoints:  0,    16.377 MiB
srv        update:    - prompt 0x3229e60:     130 tokens, checkpoints:  0,    16.252 MiB
srv        update:    - prompt 0x3ad30f0:     107 tokens, checkpoints:  0,    13.377 MiB
srv        update:    - prompt 0x321fd80:     105 tokens, checkpoints:  0,    13.127 MiB
srv        update:    - prompt 0x3af3c80:     110 tokens, checkpoints:  0,    13.752 MiB
srv        update:    - prompt 0x3aeb450:     116 tokens, checkpoints:  0,    14.502 MiB
srv        update:    - prompt 0x11f0c00:     109 tokens, checkpoints:  0,    13.627 MiB
srv        update:    - prompt 0x43993b0:     113 tokens, checkpoints:  0,    14.127 MiB
srv        update:    - prompt 0xf0c4e0:     108 tokens, checkpoints:  0,    13.502 MiB
srv        update:    - prompt 0x32372b0:     108 tokens, checkpoints:  0,    13.502 MiB
srv        update:    - prompt 0xee1a40:     108 tokens, checkpoints:  0,    13.502 MiB
srv        update:    - prompt 0xee8940:     111 tokens, checkpoints:  0,    13.877 MiB
srv        update:    - prompt 0x3ae40d0:     119 tokens, checkpoints:  0,    14.877 MiB
srv        update:    - prompt 0x322d890:     123 tokens, checkpoints:  0,    15.377 MiB
srv        update:    - prompt 0x3237430:     131 tokens, checkpoints:  0,    16.377 MiB
srv        update:    - prompt 0xf0c750:     135 tokens, checkpoints:  0,    16.877 MiB
srv        update:    - prompt 0x439ff90:     132 tokens, checkpoints:  0,    16.502 MiB
srv        update:    - prompt 0x3ad1ce0:     146 tokens, checkpoints:  0,    18.252 MiB
srv        update:    - prompt 0x32228d0:     130 tokens, checkpoints:  0,    16.252 MiB
srv        update:    - prompt 0x322e950:     136 tokens, checkpoints:  0,    17.002 MiB
srv        update:    - prompt 0x3adad40:     136 tokens, checkpoints:  0,    17.002 MiB
srv        update:    - prompt 0x3226180:     241 tokens, checkpoints:  0,    30.129 MiB
srv        update:    - prompt 0xfffdc00062a0:     325 tokens, checkpoints:  0,    40.629 MiB
srv        update:    - prompt 0xfffdb8004ad0:     363 tokens, checkpoints:  0,    45.380 MiB
srv        update:    - prompt 0x439f4c0:     425 tokens, checkpoints:  0,    53.131 MiB
srv        update:    - prompt 0x438d640:     409 tokens, checkpoints:  0,    51.130 MiB
srv        update:    - prompt 0xf09890:     412 tokens, checkpoints:  0,    51.505 MiB
srv        update:    - prompt 0x3229da0:     418 tokens, checkpoints:  0,    52.256 MiB
srv        update:    - prompt 0x3ad7fe0:     415 tokens, checkpoints:  0,    51.880 MiB
srv        update:    - prompt 0x32349c0:     431 tokens, checkpoints:  0,    53.881 MiB
srv        update:    - prompt 0xfffe10002440:     431 tokens, checkpoints:  0,    53.881 MiB
srv        update:    - prompt 0xfffe1c005350:     107 tokens, checkpoints:  0,    13.377 MiB
srv        update:    - prompt 0xfffe300036d0:     105 tokens, checkpoints:  0,    13.127 MiB
srv        update:    - prompt 0x322d7f0:     110 tokens, checkpoints:  0,    13.752 MiB
srv        update:    - prompt 0x438da50:     116 tokens, checkpoints:  0,    14.502 MiB
srv        update:    - prompt 0x3237370:     109 tokens, checkpoints:  0,    13.627 MiB
srv        update:    - prompt 0x3218e50:     113 tokens, checkpoints:  0,    14.127 MiB
srv        update:    - prompt 0x3227330:     108 tokens, checkpoints:  0,    13.502 MiB
srv        update:    - prompt 0xee0250:     108 tokens, checkpoints:  0,    13.502 MiB
srv        update:    - prompt 0x321a8d0:     108 tokens, checkpoints:  0,    13.502 MiB
srv        update:    - prompt 0x439f590:     111 tokens, checkpoints:  0,    13.877 MiB
srv        update:    - prompt 0xef15d0:     119 tokens, checkpoints:  0,    14.877 MiB
srv        update:    - prompt 0x439f330:     123 tokens, checkpoints:  0,    15.377 MiB
srv        update:    - prompt 0xf0e6d0:     165 tokens, checkpoints:  0,    20.628 MiB
slot update_slots: id  0 | task 7676 | new prompt, n_ctx_slot = 4096, n_keep = 0, task.n_tokens = 32
slot update_slots: id  0 | task 7676 | n_tokens = 0, memory_seq_rm [0, end)
slot init_sampler: id  0 | task 7676 | init sampler, took 0.02 ms, tokens: text = 32, total = 32
slot update_slots: id  0 | task 7676 | prompt processing done, n_tokens = 32, batch.n_tokens = 32
srv  log_server_r: done request: POST /completion 127.0.0.1 200
slot print_timing: id  0 | task 7676 | 
prompt eval time =    2277.06 ms /    32 tokens (   71.16 ms per token,    14.05 tokens per second)
       eval time =    8998.60 ms /   100 tokens (   89.99 ms per token,    11.11 tokens per second)
      total time =   11275.66 ms /   132 tokens
slot      release: id  0 | task 7676 | stop processing: n_tokens = 131, truncated = 0
srv  update_slots: all slots are idle
slot get_availabl: id  3 | task -1 | selected slot by LRU, t_last = 34738514987
srv  get_availabl: updating prompt cache
srv          load:  - looking for better prompt, base f_keep = -1.000, sim = 0.000
srv          load:  - found better prompt with f_keep = 0.267, sim = 1.000
srv        update:  - cache state: 58 prompts, 1179.776 MiB (limits: 8192.000 MiB, 4096 tokens, 65527 est)
srv        update:    - prompt 0x3219180:     106 tokens, checkpoints:  0,    13.252 MiB
srv        update:    - prompt 0x3218d60:     107 tokens, checkpoints:  0,    13.377 MiB
srv        update:    - prompt 0x321a980:     106 tokens, checkpoints:  0,    13.252 MiB
srv        update:    - prompt 0x321dbb0:     107 tokens, checkpoints:  0,    13.377 MiB
srv        update:    - prompt 0xf0ef60:     105 tokens, checkpoints:  0,    13.127 MiB
srv        update:    - prompt 0xfd2770:     110 tokens, checkpoints:  0,    13.752 MiB
srv        update:    - prompt 0x321e630:     116 tokens, checkpoints:  0,    14.502 MiB
srv        update:    - prompt 0x4be6150:     109 tokens, checkpoints:  0,    13.627 MiB
srv        update:    - prompt 0x439f290:     113 tokens, checkpoints:  0,    14.127 MiB
srv        update:    - prompt 0x439c190:     108 tokens, checkpoints:  0,    13.502 MiB
srv        update:    - prompt 0x3ad05f0:     108 tokens, checkpoints:  0,    13.502 MiB
srv        update:    - prompt 0x323a460:     108 tokens, checkpoints:  0,    13.502 MiB
srv        update:    - prompt 0xee4860:     111 tokens, checkpoints:  0,    13.877 MiB
srv        update:    - prompt 0x3238470:     119 tokens, checkpoints:  0,    14.877 MiB
srv        update:    - prompt 0xf09400:     123 tokens, checkpoints:  0,    15.377 MiB
srv        update:    - prompt 0x3237530:     131 tokens, checkpoints:  0,    16.377 MiB
srv        update:    - prompt 0x3229e60:     130 tokens, checkpoints:  0,    16.252 MiB
srv        update:    - prompt 0x3ad30f0:     107 tokens, checkpoints:  0,    13.377 MiB
srv        update:    - prompt 0x321fd80:     105 tokens, checkpoints:  0,    13.127 MiB
srv        update:    - prompt 0x3af3c80:     110 tokens, checkpoints:  0,    13.752 MiB
srv        update:    - prompt 0x3aeb450:     116 tokens, checkpoints:  0,    14.502 MiB
srv        update:    - prompt 0x11f0c00:     109 tokens, checkpoints:  0,    13.627 MiB
srv        update:    - prompt 0x43993b0:     113 tokens, checkpoints:  0,    14.127 MiB
srv        update:    - prompt 0xf0c4e0:     108 tokens, checkpoints:  0,    13.502 MiB
srv        update:    - prompt 0x32372b0:     108 tokens, checkpoints:  0,    13.502 MiB
srv        update:    - prompt 0xee1a40:     108 tokens, checkpoints:  0,    13.502 MiB
srv        update:    - prompt 0xee8940:     111 tokens, checkpoints:  0,    13.877 MiB
srv        update:    - prompt 0x3ae40d0:     119 tokens, checkpoints:  0,    14.877 MiB
srv        update:    - prompt 0x322d890:     123 tokens, checkpoints:  0,    15.377 MiB
srv        update:    - prompt 0x3237430:     131 tokens, checkpoints:  0,    16.377 MiB
srv        update:    - prompt 0x439ff90:     132 tokens, checkpoints:  0,    16.502 MiB
srv        update:    - prompt 0x3ad1ce0:     146 tokens, checkpoints:  0,    18.252 MiB
srv        update:    - prompt 0x32228d0:     130 tokens, checkpoints:  0,    16.252 MiB
srv        update:    - prompt 0x322e950:     136 tokens, checkpoints:  0,    17.002 MiB
srv        update:    - prompt 0x3adad40:     136 tokens, checkpoints:  0,    17.002 MiB
srv        update:    - prompt 0x3226180:     241 tokens, checkpoints:  0,    30.129 MiB
srv        update:    - prompt 0xfffdc00062a0:     325 tokens, checkpoints:  0,    40.629 MiB
srv        update:    - prompt 0xfffdb8004ad0:     363 tokens, checkpoints:  0,    45.380 MiB
srv        update:    - prompt 0x439f4c0:     425 tokens, checkpoints:  0,    53.131 MiB
srv        update:    - prompt 0x438d640:     409 tokens, checkpoints:  0,    51.130 MiB
srv        update:    - prompt 0xf09890:     412 tokens, checkpoints:  0,    51.505 MiB
srv        update:    - prompt 0x3229da0:     418 tokens, checkpoints:  0,    52.256 MiB
srv        update:    - prompt 0x3ad7fe0:     415 tokens, checkpoints:  0,    51.880 MiB
srv        update:    - prompt 0x32349c0:     431 tokens, checkpoints:  0,    53.881 MiB
srv        update:    - prompt 0xfffe10002440:     431 tokens, checkpoints:  0,    53.881 MiB
srv        update:    - prompt 0xfffe1c005350:     107 tokens, checkpoints:  0,    13.377 MiB
srv        update:    - prompt 0xfffe300036d0:     105 tokens, checkpoints:  0,    13.127 MiB
srv        update:    - prompt 0x322d7f0:     110 tokens, checkpoints:  0,    13.752 MiB
srv        update:    - prompt 0x438da50:     116 tokens, checkpoints:  0,    14.502 MiB
srv        update:    - prompt 0x3237370:     109 tokens, checkpoints:  0,    13.627 MiB
srv        update:    - prompt 0x3218e50:     113 tokens, checkpoints:  0,    14.127 MiB
srv        update:    - prompt 0x3227330:     108 tokens, checkpoints:  0,    13.502 MiB
srv        update:    - prompt 0xee0250:     108 tokens, checkpoints:  0,    13.502 MiB
srv        update:    - prompt 0x321a8d0:     108 tokens, checkpoints:  0,    13.502 MiB
srv        update:    - prompt 0x439f590:     111 tokens, checkpoints:  0,    13.877 MiB
srv        update:    - prompt 0xef15d0:     119 tokens, checkpoints:  0,    14.877 MiB
srv        update:    - prompt 0x439f330:     123 tokens, checkpoints:  0,    15.377 MiB
srv        update:    - prompt 0xf0e6d0:     165 tokens, checkpoints:  0,    20.628 MiB
srv  get_availabl: prompt cache update took 2.91 ms
slot launch_slot_: id  3 | task -1 | sampler chain: logits -> ?penalties -> ?dry -> ?top-n-sigma -> top-k -> ?typical -> top-p -> min-p -> ?xtc -> temp-ext -> dist 
slot launch_slot_: id  3 | task 7777 | processing task, is_child = 0
slot slot_save_an: id  0 | task -1 | saving idle slot to prompt cache
srv   prompt_save:  - saving prompt with length 131, total state size = 16.377 MiB
slot prompt_clear: id  0 | task -1 | clearing prompt with 131 tokens
srv        update:  - cache state: 59 prompts, 1196.154 MiB (limits: 8192.000 MiB, 4096 tokens, 65527 est)
srv        update:    - prompt 0x3219180:     106 tokens, checkpoints:  0,    13.252 MiB
srv        update:    - prompt 0x3218d60:     107 tokens, checkpoints:  0,    13.377 MiB
srv        update:    - prompt 0x321a980:     106 tokens, checkpoints:  0,    13.252 MiB
srv        update:    - prompt 0x321dbb0:     107 tokens, checkpoints:  0,    13.377 MiB
srv        update:    - prompt 0xf0ef60:     105 tokens, checkpoints:  0,    13.127 MiB
srv        update:    - prompt 0xfd2770:     110 tokens, checkpoints:  0,    13.752 MiB
srv        update:    - prompt 0x321e630:     116 tokens, checkpoints:  0,    14.502 MiB
srv        update:    - prompt 0x4be6150:     109 tokens, checkpoints:  0,    13.627 MiB
srv        update:    - prompt 0x439f290:     113 tokens, checkpoints:  0,    14.127 MiB
srv        update:    - prompt 0x439c190:     108 tokens, checkpoints:  0,    13.502 MiB
srv        update:    - prompt 0x3ad05f0:     108 tokens, checkpoints:  0,    13.502 MiB
srv        update:    - prompt 0x323a460:     108 tokens, checkpoints:  0,    13.502 MiB
srv        update:    - prompt 0xee4860:     111 tokens, checkpoints:  0,    13.877 MiB
srv        update:    - prompt 0x3238470:     119 tokens, checkpoints:  0,    14.877 MiB
srv        update:    - prompt 0xf09400:     123 tokens, checkpoints:  0,    15.377 MiB
srv        update:    - prompt 0x3237530:     131 tokens, checkpoints:  0,    16.377 MiB
srv        update:    - prompt 0x3229e60:     130 tokens, checkpoints:  0,    16.252 MiB
srv        update:    - prompt 0x3ad30f0:     107 tokens, checkpoints:  0,    13.377 MiB
srv        update:    - prompt 0x321fd80:     105 tokens, checkpoints:  0,    13.127 MiB
srv        update:    - prompt 0x3af3c80:     110 tokens, checkpoints:  0,    13.752 MiB
srv        update:    - prompt 0x3aeb450:     116 tokens, checkpoints:  0,    14.502 MiB
srv        update:    - prompt 0x11f0c00:     109 tokens, checkpoints:  0,    13.627 MiB
srv        update:    - prompt 0x43993b0:     113 tokens, checkpoints:  0,    14.127 MiB
srv        update:    - prompt 0xf0c4e0:     108 tokens, checkpoints:  0,    13.502 MiB
srv        update:    - prompt 0x32372b0:     108 tokens, checkpoints:  0,    13.502 MiB
srv        update:    - prompt 0xee1a40:     108 tokens, checkpoints:  0,    13.502 MiB
srv        update:    - prompt 0xee8940:     111 tokens, checkpoints:  0,    13.877 MiB
srv        update:    - prompt 0x3ae40d0:     119 tokens, checkpoints:  0,    14.877 MiB
srv        update:    - prompt 0x322d890:     123 tokens, checkpoints:  0,    15.377 MiB
srv        update:    - prompt 0x3237430:     131 tokens, checkpoints:  0,    16.377 MiB
srv        update:    - prompt 0x439ff90:     132 tokens, checkpoints:  0,    16.502 MiB
srv        update:    - prompt 0x3ad1ce0:     146 tokens, checkpoints:  0,    18.252 MiB
srv        update:    - prompt 0x32228d0:     130 tokens, checkpoints:  0,    16.252 MiB
srv        update:    - prompt 0x322e950:     136 tokens, checkpoints:  0,    17.002 MiB
srv        update:    - prompt 0x3adad40:     136 tokens, checkpoints:  0,    17.002 MiB
srv        update:    - prompt 0x3226180:     241 tokens, checkpoints:  0,    30.129 MiB
srv        update:    - prompt 0xfffdc00062a0:     325 tokens, checkpoints:  0,    40.629 MiB
srv        update:    - prompt 0xfffdb8004ad0:     363 tokens, checkpoints:  0,    45.380 MiB
srv        update:    - prompt 0x439f4c0:     425 tokens, checkpoints:  0,    53.131 MiB
srv        update:    - prompt 0x438d640:     409 tokens, checkpoints:  0,    51.130 MiB
srv        update:    - prompt 0xf09890:     412 tokens, checkpoints:  0,    51.505 MiB
srv        update:    - prompt 0x3229da0:     418 tokens, checkpoints:  0,    52.256 MiB
srv        update:    - prompt 0x3ad7fe0:     415 tokens, checkpoints:  0,    51.880 MiB
srv        update:    - prompt 0x32349c0:     431 tokens, checkpoints:  0,    53.881 MiB
srv        update:    - prompt 0xfffe10002440:     431 tokens, checkpoints:  0,    53.881 MiB
srv        update:    - prompt 0xfffe1c005350:     107 tokens, checkpoints:  0,    13.377 MiB
srv        update:    - prompt 0xfffe300036d0:     105 tokens, checkpoints:  0,    13.127 MiB
srv        update:    - prompt 0x322d7f0:     110 tokens, checkpoints:  0,    13.752 MiB
srv        update:    - prompt 0x438da50:     116 tokens, checkpoints:  0,    14.502 MiB
srv        update:    - prompt 0x3237370:     109 tokens, checkpoints:  0,    13.627 MiB
srv        update:    - prompt 0x3218e50:     113 tokens, checkpoints:  0,    14.127 MiB
srv        update:    - prompt 0x3227330:     108 tokens, checkpoints:  0,    13.502 MiB
srv        update:    - prompt 0xee0250:     108 tokens, checkpoints:  0,    13.502 MiB
srv        update:    - prompt 0x321a8d0:     108 tokens, checkpoints:  0,    13.502 MiB
srv        update:    - prompt 0x439f590:     111 tokens, checkpoints:  0,    13.877 MiB
srv        update:    - prompt 0xef15d0:     119 tokens, checkpoints:  0,    14.877 MiB
srv        update:    - prompt 0x439f330:     123 tokens, checkpoints:  0,    15.377 MiB
srv        update:    - prompt 0xf0e6d0:     165 tokens, checkpoints:  0,    20.628 MiB
srv        update:    - prompt 0xf0c750:     131 tokens, checkpoints:  0,    16.377 MiB
slot update_slots: id  3 | task 7777 | new prompt, n_ctx_slot = 4096, n_keep = 0, task.n_tokens = 36
slot update_slots: id  3 | task 7777 | need to evaluate at least 1 token for each active slot (n_past = 36, task.n_tokens() = 36)
slot update_slots: id  3 | task 7777 | n_past was set to 35
slot update_slots: id  3 | task 7777 | n_tokens = 35, memory_seq_rm [35, end)
slot init_sampler: id  3 | task 7777 | init sampler, took 0.02 ms, tokens: text = 36, total = 36
slot update_slots: id  3 | task 7777 | prompt processing done, n_tokens = 36, batch.n_tokens = 1
srv  log_server_r: done request: POST /completion 127.0.0.1 200
slot print_timing: id  3 | task 7777 | 
prompt eval time =      96.36 ms /     1 tokens (   96.36 ms per token,    10.38 tokens per second)
       eval time =    9331.37 ms /   100 tokens (   93.31 ms per token,    10.72 tokens per second)
      total time =    9427.72 ms /   101 tokens
slot      release: id  3 | task 7777 | stop processing: n_tokens = 135, truncated = 0
srv  update_slots: all slots are idle
slot get_availabl: id  2 | task -1 | selected slot by LRU, t_last = 34749788908
srv  get_availabl: updating prompt cache
srv          load:  - looking for better prompt, base f_keep = -1.000, sim = 0.000
srv          load:  - found better prompt with f_keep = 0.250, sim = 1.000
srv        update:  - cache state: 58 prompts, 1179.651 MiB (limits: 8192.000 MiB, 4096 tokens, 65527 est)
srv        update:    - prompt 0x3219180:     106 tokens, checkpoints:  0,    13.252 MiB
srv        update:    - prompt 0x3218d60:     107 tokens, checkpoints:  0,    13.377 MiB
srv        update:    - prompt 0x321a980:     106 tokens, checkpoints:  0,    13.252 MiB
srv        update:    - prompt 0x321dbb0:     107 tokens, checkpoints:  0,    13.377 MiB
srv        update:    - prompt 0xf0ef60:     105 tokens, checkpoints:  0,    13.127 MiB
srv        update:    - prompt 0xfd2770:     110 tokens, checkpoints:  0,    13.752 MiB
srv        update:    - prompt 0x321e630:     116 tokens, checkpoints:  0,    14.502 MiB
srv        update:    - prompt 0x4be6150:     109 tokens, checkpoints:  0,    13.627 MiB
srv        update:    - prompt 0x439f290:     113 tokens, checkpoints:  0,    14.127 MiB
srv        update:    - prompt 0x439c190:     108 tokens, checkpoints:  0,    13.502 MiB
srv        update:    - prompt 0x3ad05f0:     108 tokens, checkpoints:  0,    13.502 MiB
srv        update:    - prompt 0x323a460:     108 tokens, checkpoints:  0,    13.502 MiB
srv        update:    - prompt 0xee4860:     111 tokens, checkpoints:  0,    13.877 MiB
srv        update:    - prompt 0x3238470:     119 tokens, checkpoints:  0,    14.877 MiB
srv        update:    - prompt 0xf09400:     123 tokens, checkpoints:  0,    15.377 MiB
srv        update:    - prompt 0x3237530:     131 tokens, checkpoints:  0,    16.377 MiB
srv        update:    - prompt 0x3229e60:     130 tokens, checkpoints:  0,    16.252 MiB
srv        update:    - prompt 0x3ad30f0:     107 tokens, checkpoints:  0,    13.377 MiB
srv        update:    - prompt 0x321fd80:     105 tokens, checkpoints:  0,    13.127 MiB
srv        update:    - prompt 0x3af3c80:     110 tokens, checkpoints:  0,    13.752 MiB
srv        update:    - prompt 0x3aeb450:     116 tokens, checkpoints:  0,    14.502 MiB
srv        update:    - prompt 0x11f0c00:     109 tokens, checkpoints:  0,    13.627 MiB
srv        update:    - prompt 0x43993b0:     113 tokens, checkpoints:  0,    14.127 MiB
srv        update:    - prompt 0xf0c4e0:     108 tokens, checkpoints:  0,    13.502 MiB
srv        update:    - prompt 0x32372b0:     108 tokens, checkpoints:  0,    13.502 MiB
srv        update:    - prompt 0xee1a40:     108 tokens, checkpoints:  0,    13.502 MiB
srv        update:    - prompt 0xee8940:     111 tokens, checkpoints:  0,    13.877 MiB
srv        update:    - prompt 0x3ae40d0:     119 tokens, checkpoints:  0,    14.877 MiB
srv        update:    - prompt 0x322d890:     123 tokens, checkpoints:  0,    15.377 MiB
srv        update:    - prompt 0x3237430:     131 tokens, checkpoints:  0,    16.377 MiB
srv        update:    - prompt 0x3ad1ce0:     146 tokens, checkpoints:  0,    18.252 MiB
srv        update:    - prompt 0x32228d0:     130 tokens, checkpoints:  0,    16.252 MiB
srv        update:    - prompt 0x322e950:     136 tokens, checkpoints:  0,    17.002 MiB
srv        update:    - prompt 0x3adad40:     136 tokens, checkpoints:  0,    17.002 MiB
srv        update:    - prompt 0x3226180:     241 tokens, checkpoints:  0,    30.129 MiB
srv        update:    - prompt 0xfffdc00062a0:     325 tokens, checkpoints:  0,    40.629 MiB
srv        update:    - prompt 0xfffdb8004ad0:     363 tokens, checkpoints:  0,    45.380 MiB
srv        update:    - prompt 0x439f4c0:     425 tokens, checkpoints:  0,    53.131 MiB
srv        update:    - prompt 0x438d640:     409 tokens, checkpoints:  0,    51.130 MiB
srv        update:    - prompt 0xf09890:     412 tokens, checkpoints:  0,    51.505 MiB
srv        update:    - prompt 0x3229da0:     418 tokens, checkpoints:  0,    52.256 MiB
srv        update:    - prompt 0x3ad7fe0:     415 tokens, checkpoints:  0,    51.880 MiB
srv        update:    - prompt 0x32349c0:     431 tokens, checkpoints:  0,    53.881 MiB
srv        update:    - prompt 0xfffe10002440:     431 tokens, checkpoints:  0,    53.881 MiB
srv        update:    - prompt 0xfffe1c005350:     107 tokens, checkpoints:  0,    13.377 MiB
srv        update:    - prompt 0xfffe300036d0:     105 tokens, checkpoints:  0,    13.127 MiB
srv        update:    - prompt 0x322d7f0:     110 tokens, checkpoints:  0,    13.752 MiB
srv        update:    - prompt 0x438da50:     116 tokens, checkpoints:  0,    14.502 MiB
srv        update:    - prompt 0x3237370:     109 tokens, checkpoints:  0,    13.627 MiB
srv        update:    - prompt 0x3218e50:     113 tokens, checkpoints:  0,    14.127 MiB
srv        update:    - prompt 0x3227330:     108 tokens, checkpoints:  0,    13.502 MiB
srv        update:    - prompt 0xee0250:     108 tokens, checkpoints:  0,    13.502 MiB
srv        update:    - prompt 0x321a8d0:     108 tokens, checkpoints:  0,    13.502 MiB
srv        update:    - prompt 0x439f590:     111 tokens, checkpoints:  0,    13.877 MiB
srv        update:    - prompt 0xef15d0:     119 tokens, checkpoints:  0,    14.877 MiB
srv        update:    - prompt 0x439f330:     123 tokens, checkpoints:  0,    15.377 MiB
srv        update:    - prompt 0xf0e6d0:     165 tokens, checkpoints:  0,    20.628 MiB
srv        update:    - prompt 0xf0c750:     131 tokens, checkpoints:  0,    16.377 MiB
srv  get_availabl: prompt cache update took 3.11 ms
slot launch_slot_: id  2 | task -1 | sampler chain: logits -> ?penalties -> ?dry -> ?top-n-sigma -> top-k -> ?typical -> top-p -> min-p -> ?xtc -> temp-ext -> dist 
slot launch_slot_: id  2 | task 7878 | processing task, is_child = 0
slot slot_save_an: id  3 | task -1 | saving idle slot to prompt cache
srv   prompt_save:  - saving prompt with length 135, total state size = 16.877 MiB
slot prompt_clear: id  3 | task -1 | clearing prompt with 135 tokens
srv        update:  - cache state: 59 prompts, 1196.529 MiB (limits: 8192.000 MiB, 4096 tokens, 65527 est)
srv        update:    - prompt 0x3219180:     106 tokens, checkpoints:  0,    13.252 MiB
srv        update:    - prompt 0x3218d60:     107 tokens, checkpoints:  0,    13.377 MiB
srv        update:    - prompt 0x321a980:     106 tokens, checkpoints:  0,    13.252 MiB
srv        update:    - prompt 0x321dbb0:     107 tokens, checkpoints:  0,    13.377 MiB
srv        update:    - prompt 0xf0ef60:     105 tokens, checkpoints:  0,    13.127 MiB
srv        update:    - prompt 0xfd2770:     110 tokens, checkpoints:  0,    13.752 MiB
srv        update:    - prompt 0x321e630:     116 tokens, checkpoints:  0,    14.502 MiB
srv        update:    - prompt 0x4be6150:     109 tokens, checkpoints:  0,    13.627 MiB
srv        update:    - prompt 0x439f290:     113 tokens, checkpoints:  0,    14.127 MiB
srv        update:    - prompt 0x439c190:     108 tokens, checkpoints:  0,    13.502 MiB
srv        update:    - prompt 0x3ad05f0:     108 tokens, checkpoints:  0,    13.502 MiB
srv        update:    - prompt 0x323a460:     108 tokens, checkpoints:  0,    13.502 MiB
srv        update:    - prompt 0xee4860:     111 tokens, checkpoints:  0,    13.877 MiB
srv        update:    - prompt 0x3238470:     119 tokens, checkpoints:  0,    14.877 MiB
srv        update:    - prompt 0xf09400:     123 tokens, checkpoints:  0,    15.377 MiB
srv        update:    - prompt 0x3237530:     131 tokens, checkpoints:  0,    16.377 MiB
srv        update:    - prompt 0x3229e60:     130 tokens, checkpoints:  0,    16.252 MiB
srv        update:    - prompt 0x3ad30f0:     107 tokens, checkpoints:  0,    13.377 MiB
srv        update:    - prompt 0x321fd80:     105 tokens, checkpoints:  0,    13.127 MiB
srv        update:    - prompt 0x3af3c80:     110 tokens, checkpoints:  0,    13.752 MiB
srv        update:    - prompt 0x3aeb450:     116 tokens, checkpoints:  0,    14.502 MiB
srv        update:    - prompt 0x11f0c00:     109 tokens, checkpoints:  0,    13.627 MiB
srv        update:    - prompt 0x43993b0:     113 tokens, checkpoints:  0,    14.127 MiB
srv        update:    - prompt 0xf0c4e0:     108 tokens, checkpoints:  0,    13.502 MiB
srv        update:    - prompt 0x32372b0:     108 tokens, checkpoints:  0,    13.502 MiB
srv        update:    - prompt 0xee1a40:     108 tokens, checkpoints:  0,    13.502 MiB
srv        update:    - prompt 0xee8940:     111 tokens, checkpoints:  0,    13.877 MiB
srv        update:    - prompt 0x3ae40d0:     119 tokens, checkpoints:  0,    14.877 MiB
srv        update:    - prompt 0x322d890:     123 tokens, checkpoints:  0,    15.377 MiB
srv        update:    - prompt 0x3237430:     131 tokens, checkpoints:  0,    16.377 MiB
srv        update:    - prompt 0x3ad1ce0:     146 tokens, checkpoints:  0,    18.252 MiB
srv        update:    - prompt 0x32228d0:     130 tokens, checkpoints:  0,    16.252 MiB
srv        update:    - prompt 0x322e950:     136 tokens, checkpoints:  0,    17.002 MiB
srv        update:    - prompt 0x3adad40:     136 tokens, checkpoints:  0,    17.002 MiB
srv        update:    - prompt 0x3226180:     241 tokens, checkpoints:  0,    30.129 MiB
srv        update:    - prompt 0xfffdc00062a0:     325 tokens, checkpoints:  0,    40.629 MiB
srv        update:    - prompt 0xfffdb8004ad0:     363 tokens, checkpoints:  0,    45.380 MiB
srv        update:    - prompt 0x439f4c0:     425 tokens, checkpoints:  0,    53.131 MiB
srv        update:    - prompt 0x438d640:     409 tokens, checkpoints:  0,    51.130 MiB
srv        update:    - prompt 0xf09890:     412 tokens, checkpoints:  0,    51.505 MiB
srv        update:    - prompt 0x3229da0:     418 tokens, checkpoints:  0,    52.256 MiB
srv        update:    - prompt 0x3ad7fe0:     415 tokens, checkpoints:  0,    51.880 MiB
srv        update:    - prompt 0x32349c0:     431 tokens, checkpoints:  0,    53.881 MiB
srv        update:    - prompt 0xfffe10002440:     431 tokens, checkpoints:  0,    53.881 MiB
srv        update:    - prompt 0xfffe1c005350:     107 tokens, checkpoints:  0,    13.377 MiB
srv        update:    - prompt 0xfffe300036d0:     105 tokens, checkpoints:  0,    13.127 MiB
srv        update:    - prompt 0x322d7f0:     110 tokens, checkpoints:  0,    13.752 MiB
srv        update:    - prompt 0x438da50:     116 tokens, checkpoints:  0,    14.502 MiB
srv        update:    - prompt 0x3237370:     109 tokens, checkpoints:  0,    13.627 MiB
srv        update:    - prompt 0x3218e50:     113 tokens, checkpoints:  0,    14.127 MiB
srv        update:    - prompt 0x3227330:     108 tokens, checkpoints:  0,    13.502 MiB
srv        update:    - prompt 0xee0250:     108 tokens, checkpoints:  0,    13.502 MiB
srv        update:    - prompt 0x321a8d0:     108 tokens, checkpoints:  0,    13.502 MiB
srv        update:    - prompt 0x439f590:     111 tokens, checkpoints:  0,    13.877 MiB
srv        update:    - prompt 0xef15d0:     119 tokens, checkpoints:  0,    14.877 MiB
srv        update:    - prompt 0x439f330:     123 tokens, checkpoints:  0,    15.377 MiB
srv        update:    - prompt 0xf0e6d0:     165 tokens, checkpoints:  0,    20.628 MiB
srv        update:    - prompt 0xf0c750:     131 tokens, checkpoints:  0,    16.377 MiB
srv        update:    - prompt 0x439ff90:     135 tokens, checkpoints:  0,    16.877 MiB
slot update_slots: id  2 | task 7878 | new prompt, n_ctx_slot = 4096, n_keep = 0, task.n_tokens = 33
slot update_slots: id  2 | task 7878 | need to evaluate at least 1 token for each active slot (n_past = 33, task.n_tokens() = 33)
slot update_slots: id  2 | task 7878 | n_past was set to 32
slot update_slots: id  2 | task 7878 | n_tokens = 32, memory_seq_rm [32, end)
slot init_sampler: id  2 | task 7878 | init sampler, took 0.02 ms, tokens: text = 33, total = 33
slot update_slots: id  2 | task 7878 | prompt processing done, n_tokens = 33, batch.n_tokens = 1
srv  log_server_r: done request: POST /completion 127.0.0.1 200
slot print_timing: id  2 | task 7878 | 
prompt eval time =      94.56 ms /     1 tokens (   94.56 ms per token,    10.58 tokens per second)
       eval time =    9330.22 ms /   100 tokens (   93.30 ms per token,    10.72 tokens per second)
      total time =    9424.78 ms /   101 tokens
slot      release: id  2 | task 7878 | stop processing: n_tokens = 132, truncated = 0
srv  update_slots: all slots are idle
slot get_availabl: id  1 | task -1 | selected slot by LRU, t_last = 34759804912
srv  get_availabl: updating prompt cache
srv          load:  - looking for better prompt, base f_keep = -1.000, sim = 0.000
srv          load:  - found better prompt with f_keep = 0.322, sim = 1.000
srv        update:  - cache state: 58 prompts, 1178.276 MiB (limits: 8192.000 MiB, 4096 tokens, 65527 est)
srv        update:    - prompt 0x3219180:     106 tokens, checkpoints:  0,    13.252 MiB
srv        update:    - prompt 0x3218d60:     107 tokens, checkpoints:  0,    13.377 MiB
srv        update:    - prompt 0x321a980:     106 tokens, checkpoints:  0,    13.252 MiB
srv        update:    - prompt 0x321dbb0:     107 tokens, checkpoints:  0,    13.377 MiB
srv        update:    - prompt 0xf0ef60:     105 tokens, checkpoints:  0,    13.127 MiB
srv        update:    - prompt 0xfd2770:     110 tokens, checkpoints:  0,    13.752 MiB
srv        update:    - prompt 0x321e630:     116 tokens, checkpoints:  0,    14.502 MiB
srv        update:    - prompt 0x4be6150:     109 tokens, checkpoints:  0,    13.627 MiB
srv        update:    - prompt 0x439f290:     113 tokens, checkpoints:  0,    14.127 MiB
srv        update:    - prompt 0x439c190:     108 tokens, checkpoints:  0,    13.502 MiB
srv        update:    - prompt 0x3ad05f0:     108 tokens, checkpoints:  0,    13.502 MiB
srv        update:    - prompt 0x323a460:     108 tokens, checkpoints:  0,    13.502 MiB
srv        update:    - prompt 0xee4860:     111 tokens, checkpoints:  0,    13.877 MiB
srv        update:    - prompt 0x3238470:     119 tokens, checkpoints:  0,    14.877 MiB
srv        update:    - prompt 0xf09400:     123 tokens, checkpoints:  0,    15.377 MiB
srv        update:    - prompt 0x3237530:     131 tokens, checkpoints:  0,    16.377 MiB
srv        update:    - prompt 0x3229e60:     130 tokens, checkpoints:  0,    16.252 MiB
srv        update:    - prompt 0x3ad30f0:     107 tokens, checkpoints:  0,    13.377 MiB
srv        update:    - prompt 0x321fd80:     105 tokens, checkpoints:  0,    13.127 MiB
srv        update:    - prompt 0x3af3c80:     110 tokens, checkpoints:  0,    13.752 MiB
srv        update:    - prompt 0x3aeb450:     116 tokens, checkpoints:  0,    14.502 MiB
srv        update:    - prompt 0x11f0c00:     109 tokens, checkpoints:  0,    13.627 MiB
srv        update:    - prompt 0x43993b0:     113 tokens, checkpoints:  0,    14.127 MiB
srv        update:    - prompt 0xf0c4e0:     108 tokens, checkpoints:  0,    13.502 MiB
srv        update:    - prompt 0x32372b0:     108 tokens, checkpoints:  0,    13.502 MiB
srv        update:    - prompt 0xee1a40:     108 tokens, checkpoints:  0,    13.502 MiB
srv        update:    - prompt 0xee8940:     111 tokens, checkpoints:  0,    13.877 MiB
srv        update:    - prompt 0x3ae40d0:     119 tokens, checkpoints:  0,    14.877 MiB
srv        update:    - prompt 0x322d890:     123 tokens, checkpoints:  0,    15.377 MiB
srv        update:    - prompt 0x3237430:     131 tokens, checkpoints:  0,    16.377 MiB
srv        update:    - prompt 0x32228d0:     130 tokens, checkpoints:  0,    16.252 MiB
srv        update:    - prompt 0x322e950:     136 tokens, checkpoints:  0,    17.002 MiB
srv        update:    - prompt 0x3adad40:     136 tokens, checkpoints:  0,    17.002 MiB
srv        update:    - prompt 0x3226180:     241 tokens, checkpoints:  0,    30.129 MiB
srv        update:    - prompt 0xfffdc00062a0:     325 tokens, checkpoints:  0,    40.629 MiB
srv        update:    - prompt 0xfffdb8004ad0:     363 tokens, checkpoints:  0,    45.380 MiB
srv        update:    - prompt 0x439f4c0:     425 tokens, checkpoints:  0,    53.131 MiB
srv        update:    - prompt 0x438d640:     409 tokens, checkpoints:  0,    51.130 MiB
srv        update:    - prompt 0xf09890:     412 tokens, checkpoints:  0,    51.505 MiB
srv        update:    - prompt 0x3229da0:     418 tokens, checkpoints:  0,    52.256 MiB
srv        update:    - prompt 0x3ad7fe0:     415 tokens, checkpoints:  0,    51.880 MiB
srv        update:    - prompt 0x32349c0:     431 tokens, checkpoints:  0,    53.881 MiB
srv        update:    - prompt 0xfffe10002440:     431 tokens, checkpoints:  0,    53.881 MiB
srv        update:    - prompt 0xfffe1c005350:     107 tokens, checkpoints:  0,    13.377 MiB
srv        update:    - prompt 0xfffe300036d0:     105 tokens, checkpoints:  0,    13.127 MiB
srv        update:    - prompt 0x322d7f0:     110 tokens, checkpoints:  0,    13.752 MiB
srv        update:    - prompt 0x438da50:     116 tokens, checkpoints:  0,    14.502 MiB
srv        update:    - prompt 0x3237370:     109 tokens, checkpoints:  0,    13.627 MiB
srv        update:    - prompt 0x3218e50:     113 tokens, checkpoints:  0,    14.127 MiB
srv        update:    - prompt 0x3227330:     108 tokens, checkpoints:  0,    13.502 MiB
srv        update:    - prompt 0xee0250:     108 tokens, checkpoints:  0,    13.502 MiB
srv        update:    - prompt 0x321a8d0:     108 tokens, checkpoints:  0,    13.502 MiB
srv        update:    - prompt 0x439f590:     111 tokens, checkpoints:  0,    13.877 MiB
srv        update:    - prompt 0xef15d0:     119 tokens, checkpoints:  0,    14.877 MiB
srv        update:    - prompt 0x439f330:     123 tokens, checkpoints:  0,    15.377 MiB
srv        update:    - prompt 0xf0e6d0:     165 tokens, checkpoints:  0,    20.628 MiB
srv        update:    - prompt 0xf0c750:     131 tokens, checkpoints:  0,    16.377 MiB
srv        update:    - prompt 0x439ff90:     135 tokens, checkpoints:  0,    16.877 MiB
srv  get_availabl: prompt cache update took 3.52 ms
slot launch_slot_: id  1 | task -1 | sampler chain: logits -> ?penalties -> ?dry -> ?top-n-sigma -> top-k -> ?typical -> top-p -> min-p -> ?xtc -> temp-ext -> dist 
slot launch_slot_: id  1 | task 7979 | processing task, is_child = 0
slot slot_save_an: id  2 | task -1 | saving idle slot to prompt cache
srv   prompt_save:  - saving prompt with length 132, total state size = 16.502 MiB
slot prompt_clear: id  2 | task -1 | clearing prompt with 132 tokens
srv        update:  - cache state: 59 prompts, 1194.778 MiB (limits: 8192.000 MiB, 4096 tokens, 65527 est)
srv        update:    - prompt 0x3219180:     106 tokens, checkpoints:  0,    13.252 MiB
srv        update:    - prompt 0x3218d60:     107 tokens, checkpoints:  0,    13.377 MiB
srv        update:    - prompt 0x321a980:     106 tokens, checkpoints:  0,    13.252 MiB
srv        update:    - prompt 0x321dbb0:     107 tokens, checkpoints:  0,    13.377 MiB
srv        update:    - prompt 0xf0ef60:     105 tokens, checkpoints:  0,    13.127 MiB
srv        update:    - prompt 0xfd2770:     110 tokens, checkpoints:  0,    13.752 MiB
srv        update:    - prompt 0x321e630:     116 tokens, checkpoints:  0,    14.502 MiB
srv        update:    - prompt 0x4be6150:     109 tokens, checkpoints:  0,    13.627 MiB
srv        update:    - prompt 0x439f290:     113 tokens, checkpoints:  0,    14.127 MiB
srv        update:    - prompt 0x439c190:     108 tokens, checkpoints:  0,    13.502 MiB
srv        update:    - prompt 0x3ad05f0:     108 tokens, checkpoints:  0,    13.502 MiB
srv        update:    - prompt 0x323a460:     108 tokens, checkpoints:  0,    13.502 MiB
srv        update:    - prompt 0xee4860:     111 tokens, checkpoints:  0,    13.877 MiB
srv        update:    - prompt 0x3238470:     119 tokens, checkpoints:  0,    14.877 MiB
srv        update:    - prompt 0xf09400:     123 tokens, checkpoints:  0,    15.377 MiB
srv        update:    - prompt 0x3237530:     131 tokens, checkpoints:  0,    16.377 MiB
srv        update:    - prompt 0x3229e60:     130 tokens, checkpoints:  0,    16.252 MiB
srv        update:    - prompt 0x3ad30f0:     107 tokens, checkpoints:  0,    13.377 MiB
srv        update:    - prompt 0x321fd80:     105 tokens, checkpoints:  0,    13.127 MiB
srv        update:    - prompt 0x3af3c80:     110 tokens, checkpoints:  0,    13.752 MiB
srv        update:    - prompt 0x3aeb450:     116 tokens, checkpoints:  0,    14.502 MiB
srv        update:    - prompt 0x11f0c00:     109 tokens, checkpoints:  0,    13.627 MiB
srv        update:    - prompt 0x43993b0:     113 tokens, checkpoints:  0,    14.127 MiB
srv        update:    - prompt 0xf0c4e0:     108 tokens, checkpoints:  0,    13.502 MiB
srv        update:    - prompt 0x32372b0:     108 tokens, checkpoints:  0,    13.502 MiB
srv        update:    - prompt 0xee1a40:     108 tokens, checkpoints:  0,    13.502 MiB
srv        update:    - prompt 0xee8940:     111 tokens, checkpoints:  0,    13.877 MiB
srv        update:    - prompt 0x3ae40d0:     119 tokens, checkpoints:  0,    14.877 MiB
srv        update:    - prompt 0x322d890:     123 tokens, checkpoints:  0,    15.377 MiB
srv        update:    - prompt 0x3237430:     131 tokens, checkpoints:  0,    16.377 MiB
srv        update:    - prompt 0x32228d0:     130 tokens, checkpoints:  0,    16.252 MiB
srv        update:    - prompt 0x322e950:     136 tokens, checkpoints:  0,    17.002 MiB
srv        update:    - prompt 0x3adad40:     136 tokens, checkpoints:  0,    17.002 MiB
srv        update:    - prompt 0x3226180:     241 tokens, checkpoints:  0,    30.129 MiB
srv        update:    - prompt 0xfffdc00062a0:     325 tokens, checkpoints:  0,    40.629 MiB
srv        update:    - prompt 0xfffdb8004ad0:     363 tokens, checkpoints:  0,    45.380 MiB
srv        update:    - prompt 0x439f4c0:     425 tokens, checkpoints:  0,    53.131 MiB
srv        update:    - prompt 0x438d640:     409 tokens, checkpoints:  0,    51.130 MiB
srv        update:    - prompt 0xf09890:     412 tokens, checkpoints:  0,    51.505 MiB
srv        update:    - prompt 0x3229da0:     418 tokens, checkpoints:  0,    52.256 MiB
srv        update:    - prompt 0x3ad7fe0:     415 tokens, checkpoints:  0,    51.880 MiB
srv        update:    - prompt 0x32349c0:     431 tokens, checkpoints:  0,    53.881 MiB
srv        update:    - prompt 0xfffe10002440:     431 tokens, checkpoints:  0,    53.881 MiB
srv        update:    - prompt 0xfffe1c005350:     107 tokens, checkpoints:  0,    13.377 MiB
srv        update:    - prompt 0xfffe300036d0:     105 tokens, checkpoints:  0,    13.127 MiB
srv        update:    - prompt 0x322d7f0:     110 tokens, checkpoints:  0,    13.752 MiB
srv        update:    - prompt 0x438da50:     116 tokens, checkpoints:  0,    14.502 MiB
srv        update:    - prompt 0x3237370:     109 tokens, checkpoints:  0,    13.627 MiB
srv        update:    - prompt 0x3218e50:     113 tokens, checkpoints:  0,    14.127 MiB
srv        update:    - prompt 0x3227330:     108 tokens, checkpoints:  0,    13.502 MiB
srv        update:    - prompt 0xee0250:     108 tokens, checkpoints:  0,    13.502 MiB
srv        update:    - prompt 0x321a8d0:     108 tokens, checkpoints:  0,    13.502 MiB
srv        update:    - prompt 0x439f590:     111 tokens, checkpoints:  0,    13.877 MiB
srv        update:    - prompt 0xef15d0:     119 tokens, checkpoints:  0,    14.877 MiB
srv        update:    - prompt 0x439f330:     123 tokens, checkpoints:  0,    15.377 MiB
srv        update:    - prompt 0xf0e6d0:     165 tokens, checkpoints:  0,    20.628 MiB
srv        update:    - prompt 0xf0c750:     131 tokens, checkpoints:  0,    16.377 MiB
srv        update:    - prompt 0x439ff90:     135 tokens, checkpoints:  0,    16.877 MiB
srv        update:    - prompt 0x3ad1ce0:     132 tokens, checkpoints:  0,    16.502 MiB
slot update_slots: id  1 | task 7979 | new prompt, n_ctx_slot = 4096, n_keep = 0, task.n_tokens = 47
slot update_slots: id  1 | task 7979 | need to evaluate at least 1 token for each active slot (n_past = 47, task.n_tokens() = 47)
slot update_slots: id  1 | task 7979 | n_past was set to 46
slot update_slots: id  1 | task 7979 | n_tokens = 46, memory_seq_rm [46, end)
slot init_sampler: id  1 | task 7979 | init sampler, took 0.03 ms, tokens: text = 47, total = 47
slot update_slots: id  1 | task 7979 | prompt processing done, n_tokens = 47, batch.n_tokens = 1
srv  log_server_r: done request: POST /completion 127.0.0.1 200
slot print_timing: id  1 | task 7979 | 
prompt eval time =      94.67 ms /     1 tokens (   94.67 ms per token,    10.56 tokens per second)
       eval time =    9335.91 ms /   100 tokens (   93.36 ms per token,    10.71 tokens per second)
      total time =    9430.58 ms /   101 tokens
slot      release: id  1 | task 7979 | stop processing: n_tokens = 146, truncated = 0
srv  update_slots: all slots are idle
slot get_availabl: id  0 | task -1 | selected slot by LRU, t_last = 34771662807
srv  get_availabl: updating prompt cache
srv          load:  - looking for better prompt, base f_keep = -1.000, sim = 0.000
srv        update:  - cache state: 59 prompts, 1194.778 MiB (limits: 8192.000 MiB, 4096 tokens, 65527 est)
srv        update:    - prompt 0x3219180:     106 tokens, checkpoints:  0,    13.252 MiB
srv        update:    - prompt 0x3218d60:     107 tokens, checkpoints:  0,    13.377 MiB
srv        update:    - prompt 0x321a980:     106 tokens, checkpoints:  0,    13.252 MiB
srv        update:    - prompt 0x321dbb0:     107 tokens, checkpoints:  0,    13.377 MiB
srv        update:    - prompt 0xf0ef60:     105 tokens, checkpoints:  0,    13.127 MiB
srv        update:    - prompt 0xfd2770:     110 tokens, checkpoints:  0,    13.752 MiB
srv        update:    - prompt 0x321e630:     116 tokens, checkpoints:  0,    14.502 MiB
srv        update:    - prompt 0x4be6150:     109 tokens, checkpoints:  0,    13.627 MiB
srv        update:    - prompt 0x439f290:     113 tokens, checkpoints:  0,    14.127 MiB
srv        update:    - prompt 0x439c190:     108 tokens, checkpoints:  0,    13.502 MiB
srv        update:    - prompt 0x3ad05f0:     108 tokens, checkpoints:  0,    13.502 MiB
srv        update:    - prompt 0x323a460:     108 tokens, checkpoints:  0,    13.502 MiB
srv        update:    - prompt 0xee4860:     111 tokens, checkpoints:  0,    13.877 MiB
srv        update:    - prompt 0x3238470:     119 tokens, checkpoints:  0,    14.877 MiB
srv        update:    - prompt 0xf09400:     123 tokens, checkpoints:  0,    15.377 MiB
srv        update:    - prompt 0x3237530:     131 tokens, checkpoints:  0,    16.377 MiB
srv        update:    - prompt 0x3229e60:     130 tokens, checkpoints:  0,    16.252 MiB
srv        update:    - prompt 0x3ad30f0:     107 tokens, checkpoints:  0,    13.377 MiB
srv        update:    - prompt 0x321fd80:     105 tokens, checkpoints:  0,    13.127 MiB
srv        update:    - prompt 0x3af3c80:     110 tokens, checkpoints:  0,    13.752 MiB
srv        update:    - prompt 0x3aeb450:     116 tokens, checkpoints:  0,    14.502 MiB
srv        update:    - prompt 0x11f0c00:     109 tokens, checkpoints:  0,    13.627 MiB
srv        update:    - prompt 0x43993b0:     113 tokens, checkpoints:  0,    14.127 MiB
srv        update:    - prompt 0xf0c4e0:     108 tokens, checkpoints:  0,    13.502 MiB
srv        update:    - prompt 0x32372b0:     108 tokens, checkpoints:  0,    13.502 MiB
srv        update:    - prompt 0xee1a40:     108 tokens, checkpoints:  0,    13.502 MiB
srv        update:    - prompt 0xee8940:     111 tokens, checkpoints:  0,    13.877 MiB
srv        update:    - prompt 0x3ae40d0:     119 tokens, checkpoints:  0,    14.877 MiB
srv        update:    - prompt 0x322d890:     123 tokens, checkpoints:  0,    15.377 MiB
srv        update:    - prompt 0x3237430:     131 tokens, checkpoints:  0,    16.377 MiB
srv        update:    - prompt 0x32228d0:     130 tokens, checkpoints:  0,    16.252 MiB
srv        update:    - prompt 0x322e950:     136 tokens, checkpoints:  0,    17.002 MiB
srv        update:    - prompt 0x3adad40:     136 tokens, checkpoints:  0,    17.002 MiB
srv        update:    - prompt 0x3226180:     241 tokens, checkpoints:  0,    30.129 MiB
srv        update:    - prompt 0xfffdc00062a0:     325 tokens, checkpoints:  0,    40.629 MiB
srv        update:    - prompt 0xfffdb8004ad0:     363 tokens, checkpoints:  0,    45.380 MiB
srv        update:    - prompt 0x439f4c0:     425 tokens, checkpoints:  0,    53.131 MiB
srv        update:    - prompt 0x438d640:     409 tokens, checkpoints:  0,    51.130 MiB
srv        update:    - prompt 0xf09890:     412 tokens, checkpoints:  0,    51.505 MiB
srv        update:    - prompt 0x3229da0:     418 tokens, checkpoints:  0,    52.256 MiB
srv        update:    - prompt 0x3ad7fe0:     415 tokens, checkpoints:  0,    51.880 MiB
srv        update:    - prompt 0x32349c0:     431 tokens, checkpoints:  0,    53.881 MiB
srv        update:    - prompt 0xfffe10002440:     431 tokens, checkpoints:  0,    53.881 MiB
srv        update:    - prompt 0xfffe1c005350:     107 tokens, checkpoints:  0,    13.377 MiB
srv        update:    - prompt 0xfffe300036d0:     105 tokens, checkpoints:  0,    13.127 MiB
srv        update:    - prompt 0x322d7f0:     110 tokens, checkpoints:  0,    13.752 MiB
srv        update:    - prompt 0x438da50:     116 tokens, checkpoints:  0,    14.502 MiB
srv        update:    - prompt 0x3237370:     109 tokens, checkpoints:  0,    13.627 MiB
srv        update:    - prompt 0x3218e50:     113 tokens, checkpoints:  0,    14.127 MiB
srv        update:    - prompt 0x3227330:     108 tokens, checkpoints:  0,    13.502 MiB
srv        update:    - prompt 0xee0250:     108 tokens, checkpoints:  0,    13.502 MiB
srv        update:    - prompt 0x321a8d0:     108 tokens, checkpoints:  0,    13.502 MiB
srv        update:    - prompt 0x439f590:     111 tokens, checkpoints:  0,    13.877 MiB
srv        update:    - prompt 0xef15d0:     119 tokens, checkpoints:  0,    14.877 MiB
srv        update:    - prompt 0x439f330:     123 tokens, checkpoints:  0,    15.377 MiB
srv        update:    - prompt 0xf0e6d0:     165 tokens, checkpoints:  0,    20.628 MiB
srv        update:    - prompt 0xf0c750:     131 tokens, checkpoints:  0,    16.377 MiB
srv        update:    - prompt 0x439ff90:     135 tokens, checkpoints:  0,    16.877 MiB
srv        update:    - prompt 0x3ad1ce0:     132 tokens, checkpoints:  0,    16.502 MiB
srv  get_availabl: prompt cache update took 0.28 ms
slot launch_slot_: id  0 | task -1 | sampler chain: logits -> ?penalties -> ?dry -> ?top-n-sigma -> top-k -> ?typical -> top-p -> min-p -> ?xtc -> temp-ext -> dist 
slot launch_slot_: id  0 | task 8080 | processing task, is_child = 0
slot slot_save_an: id  1 | task -1 | saving idle slot to prompt cache
srv   prompt_save:  - saving prompt with length 146, total state size = 18.252 MiB
slot prompt_clear: id  1 | task -1 | clearing prompt with 146 tokens
srv        update:  - cache state: 60 prompts, 1213.031 MiB (limits: 8192.000 MiB, 4096 tokens, 65527 est)
srv        update:    - prompt 0x3219180:     106 tokens, checkpoints:  0,    13.252 MiB
srv        update:    - prompt 0x3218d60:     107 tokens, checkpoints:  0,    13.377 MiB
srv        update:    - prompt 0x321a980:     106 tokens, checkpoints:  0,    13.252 MiB
srv        update:    - prompt 0x321dbb0:     107 tokens, checkpoints:  0,    13.377 MiB
srv        update:    - prompt 0xf0ef60:     105 tokens, checkpoints:  0,    13.127 MiB
srv        update:    - prompt 0xfd2770:     110 tokens, checkpoints:  0,    13.752 MiB
srv        update:    - prompt 0x321e630:     116 tokens, checkpoints:  0,    14.502 MiB
srv        update:    - prompt 0x4be6150:     109 tokens, checkpoints:  0,    13.627 MiB
srv        update:    - prompt 0x439f290:     113 tokens, checkpoints:  0,    14.127 MiB
srv        update:    - prompt 0x439c190:     108 tokens, checkpoints:  0,    13.502 MiB
srv        update:    - prompt 0x3ad05f0:     108 tokens, checkpoints:  0,    13.502 MiB
srv        update:    - prompt 0x323a460:     108 tokens, checkpoints:  0,    13.502 MiB
srv        update:    - prompt 0xee4860:     111 tokens, checkpoints:  0,    13.877 MiB
srv        update:    - prompt 0x3238470:     119 tokens, checkpoints:  0,    14.877 MiB
srv        update:    - prompt 0xf09400:     123 tokens, checkpoints:  0,    15.377 MiB
srv        update:    - prompt 0x3237530:     131 tokens, checkpoints:  0,    16.377 MiB
srv        update:    - prompt 0x3229e60:     130 tokens, checkpoints:  0,    16.252 MiB
srv        update:    - prompt 0x3ad30f0:     107 tokens, checkpoints:  0,    13.377 MiB
srv        update:    - prompt 0x321fd80:     105 tokens, checkpoints:  0,    13.127 MiB
srv        update:    - prompt 0x3af3c80:     110 tokens, checkpoints:  0,    13.752 MiB
srv        update:    - prompt 0x3aeb450:     116 tokens, checkpoints:  0,    14.502 MiB
srv        update:    - prompt 0x11f0c00:     109 tokens, checkpoints:  0,    13.627 MiB
srv        update:    - prompt 0x43993b0:     113 tokens, checkpoints:  0,    14.127 MiB
srv        update:    - prompt 0xf0c4e0:     108 tokens, checkpoints:  0,    13.502 MiB
srv        update:    - prompt 0x32372b0:     108 tokens, checkpoints:  0,    13.502 MiB
srv        update:    - prompt 0xee1a40:     108 tokens, checkpoints:  0,    13.502 MiB
srv        update:    - prompt 0xee8940:     111 tokens, checkpoints:  0,    13.877 MiB
srv        update:    - prompt 0x3ae40d0:     119 tokens, checkpoints:  0,    14.877 MiB
srv        update:    - prompt 0x322d890:     123 tokens, checkpoints:  0,    15.377 MiB
srv        update:    - prompt 0x3237430:     131 tokens, checkpoints:  0,    16.377 MiB
srv        update:    - prompt 0x32228d0:     130 tokens, checkpoints:  0,    16.252 MiB
srv        update:    - prompt 0x322e950:     136 tokens, checkpoints:  0,    17.002 MiB
srv        update:    - prompt 0x3adad40:     136 tokens, checkpoints:  0,    17.002 MiB
srv        update:    - prompt 0x3226180:     241 tokens, checkpoints:  0,    30.129 MiB
srv        update:    - prompt 0xfffdc00062a0:     325 tokens, checkpoints:  0,    40.629 MiB
srv        update:    - prompt 0xfffdb8004ad0:     363 tokens, checkpoints:  0,    45.380 MiB
srv        update:    - prompt 0x439f4c0:     425 tokens, checkpoints:  0,    53.131 MiB
srv        update:    - prompt 0x438d640:     409 tokens, checkpoints:  0,    51.130 MiB
srv        update:    - prompt 0xf09890:     412 tokens, checkpoints:  0,    51.505 MiB
srv        update:    - prompt 0x3229da0:     418 tokens, checkpoints:  0,    52.256 MiB
srv        update:    - prompt 0x3ad7fe0:     415 tokens, checkpoints:  0,    51.880 MiB
srv        update:    - prompt 0x32349c0:     431 tokens, checkpoints:  0,    53.881 MiB
srv        update:    - prompt 0xfffe10002440:     431 tokens, checkpoints:  0,    53.881 MiB
srv        update:    - prompt 0xfffe1c005350:     107 tokens, checkpoints:  0,    13.377 MiB
srv        update:    - prompt 0xfffe300036d0:     105 tokens, checkpoints:  0,    13.127 MiB
srv        update:    - prompt 0x322d7f0:     110 tokens, checkpoints:  0,    13.752 MiB
srv        update:    - prompt 0x438da50:     116 tokens, checkpoints:  0,    14.502 MiB
srv        update:    - prompt 0x3237370:     109 tokens, checkpoints:  0,    13.627 MiB
srv        update:    - prompt 0x3218e50:     113 tokens, checkpoints:  0,    14.127 MiB
srv        update:    - prompt 0x3227330:     108 tokens, checkpoints:  0,    13.502 MiB
srv        update:    - prompt 0xee0250:     108 tokens, checkpoints:  0,    13.502 MiB
srv        update:    - prompt 0x321a8d0:     108 tokens, checkpoints:  0,    13.502 MiB
srv        update:    - prompt 0x439f590:     111 tokens, checkpoints:  0,    13.877 MiB
srv        update:    - prompt 0xef15d0:     119 tokens, checkpoints:  0,    14.877 MiB
srv        update:    - prompt 0x439f330:     123 tokens, checkpoints:  0,    15.377 MiB
srv        update:    - prompt 0xf0e6d0:     165 tokens, checkpoints:  0,    20.628 MiB
srv        update:    - prompt 0xf0c750:     131 tokens, checkpoints:  0,    16.377 MiB
srv        update:    - prompt 0x439ff90:     135 tokens, checkpoints:  0,    16.877 MiB
srv        update:    - prompt 0x3ad1ce0:     132 tokens, checkpoints:  0,    16.502 MiB
srv        update:    - prompt 0x3af8e30:     146 tokens, checkpoints:  0,    18.252 MiB
slot update_slots: id  0 | task 8080 | new prompt, n_ctx_slot = 4096, n_keep = 0, task.n_tokens = 31
slot update_slots: id  0 | task 8080 | n_tokens = 0, memory_seq_rm [0, end)
slot init_sampler: id  0 | task 8080 | init sampler, took 0.02 ms, tokens: text = 31, total = 31
slot update_slots: id  0 | task 8080 | prompt processing done, n_tokens = 31, batch.n_tokens = 31
srv  log_server_r: done request: POST /completion 127.0.0.1 200
slot print_timing: id  0 | task 8080 | 
prompt eval time =    2204.26 ms /    31 tokens (   71.11 ms per token,    14.06 tokens per second)
       eval time =    8999.26 ms /   100 tokens (   89.99 ms per token,    11.11 tokens per second)
      total time =   11203.53 ms /   131 tokens
slot      release: id  0 | task 8080 | stop processing: n_tokens = 130, truncated = 0
srv  update_slots: all slots are idle
slot get_availabl: id  3 | task -1 | selected slot by LRU, t_last = 34781673035
srv  get_availabl: updating prompt cache
srv          load:  - looking for better prompt, base f_keep = -1.000, sim = 0.000
srv          load:  - found better prompt with f_keep = 0.272, sim = 1.000
srv        update:  - cache state: 59 prompts, 1196.029 MiB (limits: 8192.000 MiB, 4096 tokens, 65527 est)
srv        update:    - prompt 0x3219180:     106 tokens, checkpoints:  0,    13.252 MiB
srv        update:    - prompt 0x3218d60:     107 tokens, checkpoints:  0,    13.377 MiB
srv        update:    - prompt 0x321a980:     106 tokens, checkpoints:  0,    13.252 MiB
srv        update:    - prompt 0x321dbb0:     107 tokens, checkpoints:  0,    13.377 MiB
srv        update:    - prompt 0xf0ef60:     105 tokens, checkpoints:  0,    13.127 MiB
srv        update:    - prompt 0xfd2770:     110 tokens, checkpoints:  0,    13.752 MiB
srv        update:    - prompt 0x321e630:     116 tokens, checkpoints:  0,    14.502 MiB
srv        update:    - prompt 0x4be6150:     109 tokens, checkpoints:  0,    13.627 MiB
srv        update:    - prompt 0x439f290:     113 tokens, checkpoints:  0,    14.127 MiB
srv        update:    - prompt 0x439c190:     108 tokens, checkpoints:  0,    13.502 MiB
srv        update:    - prompt 0x3ad05f0:     108 tokens, checkpoints:  0,    13.502 MiB
srv        update:    - prompt 0x323a460:     108 tokens, checkpoints:  0,    13.502 MiB
srv        update:    - prompt 0xee4860:     111 tokens, checkpoints:  0,    13.877 MiB
srv        update:    - prompt 0x3238470:     119 tokens, checkpoints:  0,    14.877 MiB
srv        update:    - prompt 0xf09400:     123 tokens, checkpoints:  0,    15.377 MiB
srv        update:    - prompt 0x3237530:     131 tokens, checkpoints:  0,    16.377 MiB
srv        update:    - prompt 0x3229e60:     130 tokens, checkpoints:  0,    16.252 MiB
srv        update:    - prompt 0x3ad30f0:     107 tokens, checkpoints:  0,    13.377 MiB
srv        update:    - prompt 0x321fd80:     105 tokens, checkpoints:  0,    13.127 MiB
srv        update:    - prompt 0x3af3c80:     110 tokens, checkpoints:  0,    13.752 MiB
srv        update:    - prompt 0x3aeb450:     116 tokens, checkpoints:  0,    14.502 MiB
srv        update:    - prompt 0x11f0c00:     109 tokens, checkpoints:  0,    13.627 MiB
srv        update:    - prompt 0x43993b0:     113 tokens, checkpoints:  0,    14.127 MiB
srv        update:    - prompt 0xf0c4e0:     108 tokens, checkpoints:  0,    13.502 MiB
srv        update:    - prompt 0x32372b0:     108 tokens, checkpoints:  0,    13.502 MiB
srv        update:    - prompt 0xee1a40:     108 tokens, checkpoints:  0,    13.502 MiB
srv        update:    - prompt 0xee8940:     111 tokens, checkpoints:  0,    13.877 MiB
srv        update:    - prompt 0x3ae40d0:     119 tokens, checkpoints:  0,    14.877 MiB
srv        update:    - prompt 0x322d890:     123 tokens, checkpoints:  0,    15.377 MiB
srv        update:    - prompt 0x3237430:     131 tokens, checkpoints:  0,    16.377 MiB
srv        update:    - prompt 0x32228d0:     130 tokens, checkpoints:  0,    16.252 MiB
srv        update:    - prompt 0x3adad40:     136 tokens, checkpoints:  0,    17.002 MiB
srv        update:    - prompt 0x3226180:     241 tokens, checkpoints:  0,    30.129 MiB
srv        update:    - prompt 0xfffdc00062a0:     325 tokens, checkpoints:  0,    40.629 MiB
srv        update:    - prompt 0xfffdb8004ad0:     363 tokens, checkpoints:  0,    45.380 MiB
srv        update:    - prompt 0x439f4c0:     425 tokens, checkpoints:  0,    53.131 MiB
srv        update:    - prompt 0x438d640:     409 tokens, checkpoints:  0,    51.130 MiB
srv        update:    - prompt 0xf09890:     412 tokens, checkpoints:  0,    51.505 MiB
srv        update:    - prompt 0x3229da0:     418 tokens, checkpoints:  0,    52.256 MiB
srv        update:    - prompt 0x3ad7fe0:     415 tokens, checkpoints:  0,    51.880 MiB
srv        update:    - prompt 0x32349c0:     431 tokens, checkpoints:  0,    53.881 MiB
srv        update:    - prompt 0xfffe10002440:     431 tokens, checkpoints:  0,    53.881 MiB
srv        update:    - prompt 0xfffe1c005350:     107 tokens, checkpoints:  0,    13.377 MiB
srv        update:    - prompt 0xfffe300036d0:     105 tokens, checkpoints:  0,    13.127 MiB
srv        update:    - prompt 0x322d7f0:     110 tokens, checkpoints:  0,    13.752 MiB
srv        update:    - prompt 0x438da50:     116 tokens, checkpoints:  0,    14.502 MiB
srv        update:    - prompt 0x3237370:     109 tokens, checkpoints:  0,    13.627 MiB
srv        update:    - prompt 0x3218e50:     113 tokens, checkpoints:  0,    14.127 MiB
srv        update:    - prompt 0x3227330:     108 tokens, checkpoints:  0,    13.502 MiB
srv        update:    - prompt 0xee0250:     108 tokens, checkpoints:  0,    13.502 MiB
srv        update:    - prompt 0x321a8d0:     108 tokens, checkpoints:  0,    13.502 MiB
srv        update:    - prompt 0x439f590:     111 tokens, checkpoints:  0,    13.877 MiB
srv        update:    - prompt 0xef15d0:     119 tokens, checkpoints:  0,    14.877 MiB
srv        update:    - prompt 0x439f330:     123 tokens, checkpoints:  0,    15.377 MiB
srv        update:    - prompt 0xf0e6d0:     165 tokens, checkpoints:  0,    20.628 MiB
srv        update:    - prompt 0xf0c750:     131 tokens, checkpoints:  0,    16.377 MiB
srv        update:    - prompt 0x439ff90:     135 tokens, checkpoints:  0,    16.877 MiB
srv        update:    - prompt 0x3ad1ce0:     132 tokens, checkpoints:  0,    16.502 MiB
srv        update:    - prompt 0x3af8e30:     146 tokens, checkpoints:  0,    18.252 MiB
srv  get_availabl: prompt cache update took 2.83 ms
slot launch_slot_: id  3 | task -1 | sampler chain: logits -> ?penalties -> ?dry -> ?top-n-sigma -> top-k -> ?typical -> top-p -> min-p -> ?xtc -> temp-ext -> dist 
slot launch_slot_: id  3 | task 8181 | processing task, is_child = 0
slot slot_save_an: id  0 | task -1 | saving idle slot to prompt cache
srv   prompt_save:  - saving prompt with length 130, total state size = 16.252 MiB
slot prompt_clear: id  0 | task -1 | clearing prompt with 130 tokens
srv        update:  - cache state: 60 prompts, 1212.281 MiB (limits: 8192.000 MiB, 4096 tokens, 65527 est)
srv        update:    - prompt 0x3219180:     106 tokens, checkpoints:  0,    13.252 MiB
srv        update:    - prompt 0x3218d60:     107 tokens, checkpoints:  0,    13.377 MiB
srv        update:    - prompt 0x321a980:     106 tokens, checkpoints:  0,    13.252 MiB
srv        update:    - prompt 0x321dbb0:     107 tokens, checkpoints:  0,    13.377 MiB
srv        update:    - prompt 0xf0ef60:     105 tokens, checkpoints:  0,    13.127 MiB
srv        update:    - prompt 0xfd2770:     110 tokens, checkpoints:  0,    13.752 MiB
srv        update:    - prompt 0x321e630:     116 tokens, checkpoints:  0,    14.502 MiB
srv        update:    - prompt 0x4be6150:     109 tokens, checkpoints:  0,    13.627 MiB
srv        update:    - prompt 0x439f290:     113 tokens, checkpoints:  0,    14.127 MiB
srv        update:    - prompt 0x439c190:     108 tokens, checkpoints:  0,    13.502 MiB
srv        update:    - prompt 0x3ad05f0:     108 tokens, checkpoints:  0,    13.502 MiB
srv        update:    - prompt 0x323a460:     108 tokens, checkpoints:  0,    13.502 MiB
srv        update:    - prompt 0xee4860:     111 tokens, checkpoints:  0,    13.877 MiB
srv        update:    - prompt 0x3238470:     119 tokens, checkpoints:  0,    14.877 MiB
srv        update:    - prompt 0xf09400:     123 tokens, checkpoints:  0,    15.377 MiB
srv        update:    - prompt 0x3237530:     131 tokens, checkpoints:  0,    16.377 MiB
srv        update:    - prompt 0x3229e60:     130 tokens, checkpoints:  0,    16.252 MiB
srv        update:    - prompt 0x3ad30f0:     107 tokens, checkpoints:  0,    13.377 MiB
srv        update:    - prompt 0x321fd80:     105 tokens, checkpoints:  0,    13.127 MiB
srv        update:    - prompt 0x3af3c80:     110 tokens, checkpoints:  0,    13.752 MiB
srv        update:    - prompt 0x3aeb450:     116 tokens, checkpoints:  0,    14.502 MiB
srv        update:    - prompt 0x11f0c00:     109 tokens, checkpoints:  0,    13.627 MiB
srv        update:    - prompt 0x43993b0:     113 tokens, checkpoints:  0,    14.127 MiB
srv        update:    - prompt 0xf0c4e0:     108 tokens, checkpoints:  0,    13.502 MiB
srv        update:    - prompt 0x32372b0:     108 tokens, checkpoints:  0,    13.502 MiB
srv        update:    - prompt 0xee1a40:     108 tokens, checkpoints:  0,    13.502 MiB
srv        update:    - prompt 0xee8940:     111 tokens, checkpoints:  0,    13.877 MiB
srv        update:    - prompt 0x3ae40d0:     119 tokens, checkpoints:  0,    14.877 MiB
srv        update:    - prompt 0x322d890:     123 tokens, checkpoints:  0,    15.377 MiB
srv        update:    - prompt 0x3237430:     131 tokens, checkpoints:  0,    16.377 MiB
srv        update:    - prompt 0x32228d0:     130 tokens, checkpoints:  0,    16.252 MiB
srv        update:    - prompt 0x3adad40:     136 tokens, checkpoints:  0,    17.002 MiB
srv        update:    - prompt 0x3226180:     241 tokens, checkpoints:  0,    30.129 MiB
srv        update:    - prompt 0xfffdc00062a0:     325 tokens, checkpoints:  0,    40.629 MiB
srv        update:    - prompt 0xfffdb8004ad0:     363 tokens, checkpoints:  0,    45.380 MiB
srv        update:    - prompt 0x439f4c0:     425 tokens, checkpoints:  0,    53.131 MiB
srv        update:    - prompt 0x438d640:     409 tokens, checkpoints:  0,    51.130 MiB
srv        update:    - prompt 0xf09890:     412 tokens, checkpoints:  0,    51.505 MiB
srv        update:    - prompt 0x3229da0:     418 tokens, checkpoints:  0,    52.256 MiB
srv        update:    - prompt 0x3ad7fe0:     415 tokens, checkpoints:  0,    51.880 MiB
srv        update:    - prompt 0x32349c0:     431 tokens, checkpoints:  0,    53.881 MiB
srv        update:    - prompt 0xfffe10002440:     431 tokens, checkpoints:  0,    53.881 MiB
srv        update:    - prompt 0xfffe1c005350:     107 tokens, checkpoints:  0,    13.377 MiB
srv        update:    - prompt 0xfffe300036d0:     105 tokens, checkpoints:  0,    13.127 MiB
srv        update:    - prompt 0x322d7f0:     110 tokens, checkpoints:  0,    13.752 MiB
srv        update:    - prompt 0x438da50:     116 tokens, checkpoints:  0,    14.502 MiB
srv        update:    - prompt 0x3237370:     109 tokens, checkpoints:  0,    13.627 MiB
srv        update:    - prompt 0x3218e50:     113 tokens, checkpoints:  0,    14.127 MiB
srv        update:    - prompt 0x3227330:     108 tokens, checkpoints:  0,    13.502 MiB
srv        update:    - prompt 0xee0250:     108 tokens, checkpoints:  0,    13.502 MiB
srv        update:    - prompt 0x321a8d0:     108 tokens, checkpoints:  0,    13.502 MiB
srv        update:    - prompt 0x439f590:     111 tokens, checkpoints:  0,    13.877 MiB
srv        update:    - prompt 0xef15d0:     119 tokens, checkpoints:  0,    14.877 MiB
srv        update:    - prompt 0x439f330:     123 tokens, checkpoints:  0,    15.377 MiB
srv        update:    - prompt 0xf0e6d0:     165 tokens, checkpoints:  0,    20.628 MiB
srv        update:    - prompt 0xf0c750:     131 tokens, checkpoints:  0,    16.377 MiB
srv        update:    - prompt 0x439ff90:     135 tokens, checkpoints:  0,    16.877 MiB
srv        update:    - prompt 0x3ad1ce0:     132 tokens, checkpoints:  0,    16.502 MiB
srv        update:    - prompt 0x3af8e30:     146 tokens, checkpoints:  0,    18.252 MiB
srv        update:    - prompt 0x322e950:     130 tokens, checkpoints:  0,    16.252 MiB
slot update_slots: id  3 | task 8181 | new prompt, n_ctx_slot = 4096, n_keep = 0, task.n_tokens = 37
slot update_slots: id  3 | task 8181 | need to evaluate at least 1 token for each active slot (n_past = 37, task.n_tokens() = 37)
slot update_slots: id  3 | task 8181 | n_past was set to 36
slot update_slots: id  3 | task 8181 | n_tokens = 36, memory_seq_rm [36, end)
slot init_sampler: id  3 | task 8181 | init sampler, took 0.02 ms, tokens: text = 37, total = 37
slot update_slots: id  3 | task 8181 | prompt processing done, n_tokens = 37, batch.n_tokens = 1
srv  log_server_r: done request: POST /completion 127.0.0.1 200
slot print_timing: id  3 | task 8181 | 
prompt eval time =      96.34 ms /     1 tokens (   96.34 ms per token,    10.38 tokens per second)
       eval time =    9338.53 ms /   100 tokens (   93.39 ms per token,    10.71 tokens per second)
      total time =    9434.87 ms /   101 tokens
slot      release: id  3 | task 8181 | stop processing: n_tokens = 136, truncated = 0
srv  update_slots: all slots are idle
slot get_availabl: id  2 | task -1 | selected slot by LRU, t_last = 34791679867
srv  get_availabl: updating prompt cache
srv          load:  - looking for better prompt, base f_keep = -1.000, sim = 0.000
srv          load:  - found better prompt with f_keep = 0.272, sim = 1.000
srv        update:  - cache state: 59 prompts, 1195.279 MiB (limits: 8192.000 MiB, 4096 tokens, 65527 est)
srv        update:    - prompt 0x3219180:     106 tokens, checkpoints:  0,    13.252 MiB
srv        update:    - prompt 0x3218d60:     107 tokens, checkpoints:  0,    13.377 MiB
srv        update:    - prompt 0x321a980:     106 tokens, checkpoints:  0,    13.252 MiB
srv        update:    - prompt 0x321dbb0:     107 tokens, checkpoints:  0,    13.377 MiB
srv        update:    - prompt 0xf0ef60:     105 tokens, checkpoints:  0,    13.127 MiB
srv        update:    - prompt 0xfd2770:     110 tokens, checkpoints:  0,    13.752 MiB
srv        update:    - prompt 0x321e630:     116 tokens, checkpoints:  0,    14.502 MiB
srv        update:    - prompt 0x4be6150:     109 tokens, checkpoints:  0,    13.627 MiB
srv        update:    - prompt 0x439f290:     113 tokens, checkpoints:  0,    14.127 MiB
srv        update:    - prompt 0x439c190:     108 tokens, checkpoints:  0,    13.502 MiB
srv        update:    - prompt 0x3ad05f0:     108 tokens, checkpoints:  0,    13.502 MiB
srv        update:    - prompt 0x323a460:     108 tokens, checkpoints:  0,    13.502 MiB
srv        update:    - prompt 0xee4860:     111 tokens, checkpoints:  0,    13.877 MiB
srv        update:    - prompt 0x3238470:     119 tokens, checkpoints:  0,    14.877 MiB
srv        update:    - prompt 0xf09400:     123 tokens, checkpoints:  0,    15.377 MiB
srv        update:    - prompt 0x3237530:     131 tokens, checkpoints:  0,    16.377 MiB
srv        update:    - prompt 0x3229e60:     130 tokens, checkpoints:  0,    16.252 MiB
srv        update:    - prompt 0x3ad30f0:     107 tokens, checkpoints:  0,    13.377 MiB
srv        update:    - prompt 0x321fd80:     105 tokens, checkpoints:  0,    13.127 MiB
srv        update:    - prompt 0x3af3c80:     110 tokens, checkpoints:  0,    13.752 MiB
srv        update:    - prompt 0x3aeb450:     116 tokens, checkpoints:  0,    14.502 MiB
srv        update:    - prompt 0x11f0c00:     109 tokens, checkpoints:  0,    13.627 MiB
srv        update:    - prompt 0x43993b0:     113 tokens, checkpoints:  0,    14.127 MiB
srv        update:    - prompt 0xf0c4e0:     108 tokens, checkpoints:  0,    13.502 MiB
srv        update:    - prompt 0x32372b0:     108 tokens, checkpoints:  0,    13.502 MiB
srv        update:    - prompt 0xee1a40:     108 tokens, checkpoints:  0,    13.502 MiB
srv        update:    - prompt 0xee8940:     111 tokens, checkpoints:  0,    13.877 MiB
srv        update:    - prompt 0x3ae40d0:     119 tokens, checkpoints:  0,    14.877 MiB
srv        update:    - prompt 0x322d890:     123 tokens, checkpoints:  0,    15.377 MiB
srv        update:    - prompt 0x3237430:     131 tokens, checkpoints:  0,    16.377 MiB
srv        update:    - prompt 0x32228d0:     130 tokens, checkpoints:  0,    16.252 MiB
srv        update:    - prompt 0x3226180:     241 tokens, checkpoints:  0,    30.129 MiB
srv        update:    - prompt 0xfffdc00062a0:     325 tokens, checkpoints:  0,    40.629 MiB
srv        update:    - prompt 0xfffdb8004ad0:     363 tokens, checkpoints:  0,    45.380 MiB
srv        update:    - prompt 0x439f4c0:     425 tokens, checkpoints:  0,    53.131 MiB
srv        update:    - prompt 0x438d640:     409 tokens, checkpoints:  0,    51.130 MiB
srv        update:    - prompt 0xf09890:     412 tokens, checkpoints:  0,    51.505 MiB
srv        update:    - prompt 0x3229da0:     418 tokens, checkpoints:  0,    52.256 MiB
srv        update:    - prompt 0x3ad7fe0:     415 tokens, checkpoints:  0,    51.880 MiB
srv        update:    - prompt 0x32349c0:     431 tokens, checkpoints:  0,    53.881 MiB
srv        update:    - prompt 0xfffe10002440:     431 tokens, checkpoints:  0,    53.881 MiB
srv        update:    - prompt 0xfffe1c005350:     107 tokens, checkpoints:  0,    13.377 MiB
srv        update:    - prompt 0xfffe300036d0:     105 tokens, checkpoints:  0,    13.127 MiB
srv        update:    - prompt 0x322d7f0:     110 tokens, checkpoints:  0,    13.752 MiB
srv        update:    - prompt 0x438da50:     116 tokens, checkpoints:  0,    14.502 MiB
srv        update:    - prompt 0x3237370:     109 tokens, checkpoints:  0,    13.627 MiB
srv        update:    - prompt 0x3218e50:     113 tokens, checkpoints:  0,    14.127 MiB
srv        update:    - prompt 0x3227330:     108 tokens, checkpoints:  0,    13.502 MiB
srv        update:    - prompt 0xee0250:     108 tokens, checkpoints:  0,    13.502 MiB
srv        update:    - prompt 0x321a8d0:     108 tokens, checkpoints:  0,    13.502 MiB
srv        update:    - prompt 0x439f590:     111 tokens, checkpoints:  0,    13.877 MiB
srv        update:    - prompt 0xef15d0:     119 tokens, checkpoints:  0,    14.877 MiB
srv        update:    - prompt 0x439f330:     123 tokens, checkpoints:  0,    15.377 MiB
srv        update:    - prompt 0xf0e6d0:     165 tokens, checkpoints:  0,    20.628 MiB
srv        update:    - prompt 0xf0c750:     131 tokens, checkpoints:  0,    16.377 MiB
srv        update:    - prompt 0x439ff90:     135 tokens, checkpoints:  0,    16.877 MiB
srv        update:    - prompt 0x3ad1ce0:     132 tokens, checkpoints:  0,    16.502 MiB
srv        update:    - prompt 0x3af8e30:     146 tokens, checkpoints:  0,    18.252 MiB
srv        update:    - prompt 0x322e950:     130 tokens, checkpoints:  0,    16.252 MiB
srv  get_availabl: prompt cache update took 3.17 ms
slot launch_slot_: id  2 | task -1 | sampler chain: logits -> ?penalties -> ?dry -> ?top-n-sigma -> top-k -> ?typical -> top-p -> min-p -> ?xtc -> temp-ext -> dist 
slot launch_slot_: id  2 | task 8282 | processing task, is_child = 0
slot slot_save_an: id  3 | task -1 | saving idle slot to prompt cache
srv   prompt_save:  - saving prompt with length 136, total state size = 17.002 MiB
slot prompt_clear: id  3 | task -1 | clearing prompt with 136 tokens
srv        update:  - cache state: 60 prompts, 1212.281 MiB (limits: 8192.000 MiB, 4096 tokens, 65527 est)
srv        update:    - prompt 0x3219180:     106 tokens, checkpoints:  0,    13.252 MiB
srv        update:    - prompt 0x3218d60:     107 tokens, checkpoints:  0,    13.377 MiB
srv        update:    - prompt 0x321a980:     106 tokens, checkpoints:  0,    13.252 MiB
srv        update:    - prompt 0x321dbb0:     107 tokens, checkpoints:  0,    13.377 MiB
srv        update:    - prompt 0xf0ef60:     105 tokens, checkpoints:  0,    13.127 MiB
srv        update:    - prompt 0xfd2770:     110 tokens, checkpoints:  0,    13.752 MiB
srv        update:    - prompt 0x321e630:     116 tokens, checkpoints:  0,    14.502 MiB
srv        update:    - prompt 0x4be6150:     109 tokens, checkpoints:  0,    13.627 MiB
srv        update:    - prompt 0x439f290:     113 tokens, checkpoints:  0,    14.127 MiB
srv        update:    - prompt 0x439c190:     108 tokens, checkpoints:  0,    13.502 MiB
srv        update:    - prompt 0x3ad05f0:     108 tokens, checkpoints:  0,    13.502 MiB
srv        update:    - prompt 0x323a460:     108 tokens, checkpoints:  0,    13.502 MiB
srv        update:    - prompt 0xee4860:     111 tokens, checkpoints:  0,    13.877 MiB
srv        update:    - prompt 0x3238470:     119 tokens, checkpoints:  0,    14.877 MiB
srv        update:    - prompt 0xf09400:     123 tokens, checkpoints:  0,    15.377 MiB
srv        update:    - prompt 0x3237530:     131 tokens, checkpoints:  0,    16.377 MiB
srv        update:    - prompt 0x3229e60:     130 tokens, checkpoints:  0,    16.252 MiB
srv        update:    - prompt 0x3ad30f0:     107 tokens, checkpoints:  0,    13.377 MiB
srv        update:    - prompt 0x321fd80:     105 tokens, checkpoints:  0,    13.127 MiB
srv        update:    - prompt 0x3af3c80:     110 tokens, checkpoints:  0,    13.752 MiB
srv        update:    - prompt 0x3aeb450:     116 tokens, checkpoints:  0,    14.502 MiB
srv        update:    - prompt 0x11f0c00:     109 tokens, checkpoints:  0,    13.627 MiB
srv        update:    - prompt 0x43993b0:     113 tokens, checkpoints:  0,    14.127 MiB
srv        update:    - prompt 0xf0c4e0:     108 tokens, checkpoints:  0,    13.502 MiB
srv        update:    - prompt 0x32372b0:     108 tokens, checkpoints:  0,    13.502 MiB
srv        update:    - prompt 0xee1a40:     108 tokens, checkpoints:  0,    13.502 MiB
srv        update:    - prompt 0xee8940:     111 tokens, checkpoints:  0,    13.877 MiB
srv        update:    - prompt 0x3ae40d0:     119 tokens, checkpoints:  0,    14.877 MiB
srv        update:    - prompt 0x322d890:     123 tokens, checkpoints:  0,    15.377 MiB
srv        update:    - prompt 0x3237430:     131 tokens, checkpoints:  0,    16.377 MiB
srv        update:    - prompt 0x32228d0:     130 tokens, checkpoints:  0,    16.252 MiB
srv        update:    - prompt 0x3226180:     241 tokens, checkpoints:  0,    30.129 MiB
srv        update:    - prompt 0xfffdc00062a0:     325 tokens, checkpoints:  0,    40.629 MiB
srv        update:    - prompt 0xfffdb8004ad0:     363 tokens, checkpoints:  0,    45.380 MiB
srv        update:    - prompt 0x439f4c0:     425 tokens, checkpoints:  0,    53.131 MiB
srv        update:    - prompt 0x438d640:     409 tokens, checkpoints:  0,    51.130 MiB
srv        update:    - prompt 0xf09890:     412 tokens, checkpoints:  0,    51.505 MiB
srv        update:    - prompt 0x3229da0:     418 tokens, checkpoints:  0,    52.256 MiB
srv        update:    - prompt 0x3ad7fe0:     415 tokens, checkpoints:  0,    51.880 MiB
srv        update:    - prompt 0x32349c0:     431 tokens, checkpoints:  0,    53.881 MiB
srv        update:    - prompt 0xfffe10002440:     431 tokens, checkpoints:  0,    53.881 MiB
srv        update:    - prompt 0xfffe1c005350:     107 tokens, checkpoints:  0,    13.377 MiB
srv        update:    - prompt 0xfffe300036d0:     105 tokens, checkpoints:  0,    13.127 MiB
srv        update:    - prompt 0x322d7f0:     110 tokens, checkpoints:  0,    13.752 MiB
srv        update:    - prompt 0x438da50:     116 tokens, checkpoints:  0,    14.502 MiB
srv        update:    - prompt 0x3237370:     109 tokens, checkpoints:  0,    13.627 MiB
srv        update:    - prompt 0x3218e50:     113 tokens, checkpoints:  0,    14.127 MiB
srv        update:    - prompt 0x3227330:     108 tokens, checkpoints:  0,    13.502 MiB
srv        update:    - prompt 0xee0250:     108 tokens, checkpoints:  0,    13.502 MiB
srv        update:    - prompt 0x321a8d0:     108 tokens, checkpoints:  0,    13.502 MiB
srv        update:    - prompt 0x439f590:     111 tokens, checkpoints:  0,    13.877 MiB
srv        update:    - prompt 0xef15d0:     119 tokens, checkpoints:  0,    14.877 MiB
srv        update:    - prompt 0x439f330:     123 tokens, checkpoints:  0,    15.377 MiB
srv        update:    - prompt 0xf0e6d0:     165 tokens, checkpoints:  0,    20.628 MiB
srv        update:    - prompt 0xf0c750:     131 tokens, checkpoints:  0,    16.377 MiB
srv        update:    - prompt 0x439ff90:     135 tokens, checkpoints:  0,    16.877 MiB
srv        update:    - prompt 0x3ad1ce0:     132 tokens, checkpoints:  0,    16.502 MiB
srv        update:    - prompt 0x3af8e30:     146 tokens, checkpoints:  0,    18.252 MiB
srv        update:    - prompt 0x322e950:     130 tokens, checkpoints:  0,    16.252 MiB
srv        update:    - prompt 0x3adad40:     136 tokens, checkpoints:  0,    17.002 MiB
slot update_slots: id  2 | task 8282 | new prompt, n_ctx_slot = 4096, n_keep = 0, task.n_tokens = 37
slot update_slots: id  2 | task 8282 | need to evaluate at least 1 token for each active slot (n_past = 37, task.n_tokens() = 37)
slot update_slots: id  2 | task 8282 | n_past was set to 36
slot update_slots: id  2 | task 8282 | n_tokens = 36, memory_seq_rm [36, end)
slot init_sampler: id  2 | task 8282 | init sampler, took 0.02 ms, tokens: text = 37, total = 37
slot update_slots: id  2 | task 8282 | prompt processing done, n_tokens = 37, batch.n_tokens = 1
srv  log_server_r: done request: POST /completion 127.0.0.1 200
slot print_timing: id  2 | task 8282 | 
prompt eval time =      94.45 ms /     1 tokens (   94.45 ms per token,    10.59 tokens per second)
       eval time =    9334.89 ms /   100 tokens (   93.35 ms per token,    10.71 tokens per second)
      total time =    9429.34 ms /   101 tokens
slot      release: id  2 | task 8282 | stop processing: n_tokens = 136, truncated = 0
srv  update_slots: all slots are idle
slot get_availabl: id  1 | task -1 | selected slot by LRU, t_last = 34801692635
srv  get_availabl: updating prompt cache
srv          load:  - looking for better prompt, base f_keep = -1.000, sim = 0.000
srv          load:  - found better prompt with f_keep = 0.589, sim = 1.000
srv        update:  - cache state: 59 prompts, 1182.152 MiB (limits: 8192.000 MiB, 4096 tokens, 65527 est)
srv        update:    - prompt 0x3219180:     106 tokens, checkpoints:  0,    13.252 MiB
srv        update:    - prompt 0x3218d60:     107 tokens, checkpoints:  0,    13.377 MiB
srv        update:    - prompt 0x321a980:     106 tokens, checkpoints:  0,    13.252 MiB
srv        update:    - prompt 0x321dbb0:     107 tokens, checkpoints:  0,    13.377 MiB
srv        update:    - prompt 0xf0ef60:     105 tokens, checkpoints:  0,    13.127 MiB
srv        update:    - prompt 0xfd2770:     110 tokens, checkpoints:  0,    13.752 MiB
srv        update:    - prompt 0x321e630:     116 tokens, checkpoints:  0,    14.502 MiB
srv        update:    - prompt 0x4be6150:     109 tokens, checkpoints:  0,    13.627 MiB
srv        update:    - prompt 0x439f290:     113 tokens, checkpoints:  0,    14.127 MiB
srv        update:    - prompt 0x439c190:     108 tokens, checkpoints:  0,    13.502 MiB
srv        update:    - prompt 0x3ad05f0:     108 tokens, checkpoints:  0,    13.502 MiB
srv        update:    - prompt 0x323a460:     108 tokens, checkpoints:  0,    13.502 MiB
srv        update:    - prompt 0xee4860:     111 tokens, checkpoints:  0,    13.877 MiB
srv        update:    - prompt 0x3238470:     119 tokens, checkpoints:  0,    14.877 MiB
srv        update:    - prompt 0xf09400:     123 tokens, checkpoints:  0,    15.377 MiB
srv        update:    - prompt 0x3237530:     131 tokens, checkpoints:  0,    16.377 MiB
srv        update:    - prompt 0x3229e60:     130 tokens, checkpoints:  0,    16.252 MiB
srv        update:    - prompt 0x3ad30f0:     107 tokens, checkpoints:  0,    13.377 MiB
srv        update:    - prompt 0x321fd80:     105 tokens, checkpoints:  0,    13.127 MiB
srv        update:    - prompt 0x3af3c80:     110 tokens, checkpoints:  0,    13.752 MiB
srv        update:    - prompt 0x3aeb450:     116 tokens, checkpoints:  0,    14.502 MiB
srv        update:    - prompt 0x11f0c00:     109 tokens, checkpoints:  0,    13.627 MiB
srv        update:    - prompt 0x43993b0:     113 tokens, checkpoints:  0,    14.127 MiB
srv        update:    - prompt 0xf0c4e0:     108 tokens, checkpoints:  0,    13.502 MiB
srv        update:    - prompt 0x32372b0:     108 tokens, checkpoints:  0,    13.502 MiB
srv        update:    - prompt 0xee1a40:     108 tokens, checkpoints:  0,    13.502 MiB
srv        update:    - prompt 0xee8940:     111 tokens, checkpoints:  0,    13.877 MiB
srv        update:    - prompt 0x3ae40d0:     119 tokens, checkpoints:  0,    14.877 MiB
srv        update:    - prompt 0x322d890:     123 tokens, checkpoints:  0,    15.377 MiB
srv        update:    - prompt 0x3237430:     131 tokens, checkpoints:  0,    16.377 MiB
srv        update:    - prompt 0x32228d0:     130 tokens, checkpoints:  0,    16.252 MiB
srv        update:    - prompt 0xfffdc00062a0:     325 tokens, checkpoints:  0,    40.629 MiB
srv        update:    - prompt 0xfffdb8004ad0:     363 tokens, checkpoints:  0,    45.380 MiB
srv        update:    - prompt 0x439f4c0:     425 tokens, checkpoints:  0,    53.131 MiB
srv        update:    - prompt 0x438d640:     409 tokens, checkpoints:  0,    51.130 MiB
srv        update:    - prompt 0xf09890:     412 tokens, checkpoints:  0,    51.505 MiB
srv        update:    - prompt 0x3229da0:     418 tokens, checkpoints:  0,    52.256 MiB
srv        update:    - prompt 0x3ad7fe0:     415 tokens, checkpoints:  0,    51.880 MiB
srv        update:    - prompt 0x32349c0:     431 tokens, checkpoints:  0,    53.881 MiB
srv        update:    - prompt 0xfffe10002440:     431 tokens, checkpoints:  0,    53.881 MiB
srv        update:    - prompt 0xfffe1c005350:     107 tokens, checkpoints:  0,    13.377 MiB
srv        update:    - prompt 0xfffe300036d0:     105 tokens, checkpoints:  0,    13.127 MiB
srv        update:    - prompt 0x322d7f0:     110 tokens, checkpoints:  0,    13.752 MiB
srv        update:    - prompt 0x438da50:     116 tokens, checkpoints:  0,    14.502 MiB
srv        update:    - prompt 0x3237370:     109 tokens, checkpoints:  0,    13.627 MiB
srv        update:    - prompt 0x3218e50:     113 tokens, checkpoints:  0,    14.127 MiB
srv        update:    - prompt 0x3227330:     108 tokens, checkpoints:  0,    13.502 MiB
srv        update:    - prompt 0xee0250:     108 tokens, checkpoints:  0,    13.502 MiB
srv        update:    - prompt 0x321a8d0:     108 tokens, checkpoints:  0,    13.502 MiB
srv        update:    - prompt 0x439f590:     111 tokens, checkpoints:  0,    13.877 MiB
srv        update:    - prompt 0xef15d0:     119 tokens, checkpoints:  0,    14.877 MiB
srv        update:    - prompt 0x439f330:     123 tokens, checkpoints:  0,    15.377 MiB
srv        update:    - prompt 0xf0e6d0:     165 tokens, checkpoints:  0,    20.628 MiB
srv        update:    - prompt 0xf0c750:     131 tokens, checkpoints:  0,    16.377 MiB
srv        update:    - prompt 0x439ff90:     135 tokens, checkpoints:  0,    16.877 MiB
srv        update:    - prompt 0x3ad1ce0:     132 tokens, checkpoints:  0,    16.502 MiB
srv        update:    - prompt 0x3af8e30:     146 tokens, checkpoints:  0,    18.252 MiB
srv        update:    - prompt 0x322e950:     130 tokens, checkpoints:  0,    16.252 MiB
srv        update:    - prompt 0x3adad40:     136 tokens, checkpoints:  0,    17.002 MiB
srv  get_availabl: prompt cache update took 5.18 ms
slot launch_slot_: id  1 | task -1 | sampler chain: logits -> ?penalties -> ?dry -> ?top-n-sigma -> top-k -> ?typical -> top-p -> min-p -> ?xtc -> temp-ext -> dist 
slot launch_slot_: id  1 | task 8383 | processing task, is_child = 0
slot slot_save_an: id  2 | task -1 | saving idle slot to prompt cache
srv   prompt_save:  - saving prompt with length 136, total state size = 17.002 MiB
slot prompt_clear: id  2 | task -1 | clearing prompt with 136 tokens
srv        update:  - cache state: 60 prompts, 1199.155 MiB (limits: 8192.000 MiB, 4096 tokens, 65527 est)
srv        update:    - prompt 0x3219180:     106 tokens, checkpoints:  0,    13.252 MiB
srv        update:    - prompt 0x3218d60:     107 tokens, checkpoints:  0,    13.377 MiB
srv        update:    - prompt 0x321a980:     106 tokens, checkpoints:  0,    13.252 MiB
srv        update:    - prompt 0x321dbb0:     107 tokens, checkpoints:  0,    13.377 MiB
srv        update:    - prompt 0xf0ef60:     105 tokens, checkpoints:  0,    13.127 MiB
srv        update:    - prompt 0xfd2770:     110 tokens, checkpoints:  0,    13.752 MiB
srv        update:    - prompt 0x321e630:     116 tokens, checkpoints:  0,    14.502 MiB
srv        update:    - prompt 0x4be6150:     109 tokens, checkpoints:  0,    13.627 MiB
srv        update:    - prompt 0x439f290:     113 tokens, checkpoints:  0,    14.127 MiB
srv        update:    - prompt 0x439c190:     108 tokens, checkpoints:  0,    13.502 MiB
srv        update:    - prompt 0x3ad05f0:     108 tokens, checkpoints:  0,    13.502 MiB
srv        update:    - prompt 0x323a460:     108 tokens, checkpoints:  0,    13.502 MiB
srv        update:    - prompt 0xee4860:     111 tokens, checkpoints:  0,    13.877 MiB
srv        update:    - prompt 0x3238470:     119 tokens, checkpoints:  0,    14.877 MiB
srv        update:    - prompt 0xf09400:     123 tokens, checkpoints:  0,    15.377 MiB
srv        update:    - prompt 0x3237530:     131 tokens, checkpoints:  0,    16.377 MiB
srv        update:    - prompt 0x3229e60:     130 tokens, checkpoints:  0,    16.252 MiB
srv        update:    - prompt 0x3ad30f0:     107 tokens, checkpoints:  0,    13.377 MiB
srv        update:    - prompt 0x321fd80:     105 tokens, checkpoints:  0,    13.127 MiB
srv        update:    - prompt 0x3af3c80:     110 tokens, checkpoints:  0,    13.752 MiB
srv        update:    - prompt 0x3aeb450:     116 tokens, checkpoints:  0,    14.502 MiB
srv        update:    - prompt 0x11f0c00:     109 tokens, checkpoints:  0,    13.627 MiB
srv        update:    - prompt 0x43993b0:     113 tokens, checkpoints:  0,    14.127 MiB
srv        update:    - prompt 0xf0c4e0:     108 tokens, checkpoints:  0,    13.502 MiB
srv        update:    - prompt 0x32372b0:     108 tokens, checkpoints:  0,    13.502 MiB
srv        update:    - prompt 0xee1a40:     108 tokens, checkpoints:  0,    13.502 MiB
srv        update:    - prompt 0xee8940:     111 tokens, checkpoints:  0,    13.877 MiB
srv        update:    - prompt 0x3ae40d0:     119 tokens, checkpoints:  0,    14.877 MiB
srv        update:    - prompt 0x322d890:     123 tokens, checkpoints:  0,    15.377 MiB
srv        update:    - prompt 0x3237430:     131 tokens, checkpoints:  0,    16.377 MiB
srv        update:    - prompt 0x32228d0:     130 tokens, checkpoints:  0,    16.252 MiB
srv        update:    - prompt 0xfffdc00062a0:     325 tokens, checkpoints:  0,    40.629 MiB
srv        update:    - prompt 0xfffdb8004ad0:     363 tokens, checkpoints:  0,    45.380 MiB
srv        update:    - prompt 0x439f4c0:     425 tokens, checkpoints:  0,    53.131 MiB
srv        update:    - prompt 0x438d640:     409 tokens, checkpoints:  0,    51.130 MiB
srv        update:    - prompt 0xf09890:     412 tokens, checkpoints:  0,    51.505 MiB
srv        update:    - prompt 0x3229da0:     418 tokens, checkpoints:  0,    52.256 MiB
srv        update:    - prompt 0x3ad7fe0:     415 tokens, checkpoints:  0,    51.880 MiB
srv        update:    - prompt 0x32349c0:     431 tokens, checkpoints:  0,    53.881 MiB
srv        update:    - prompt 0xfffe10002440:     431 tokens, checkpoints:  0,    53.881 MiB
srv        update:    - prompt 0xfffe1c005350:     107 tokens, checkpoints:  0,    13.377 MiB
srv        update:    - prompt 0xfffe300036d0:     105 tokens, checkpoints:  0,    13.127 MiB
srv        update:    - prompt 0x322d7f0:     110 tokens, checkpoints:  0,    13.752 MiB
srv        update:    - prompt 0x438da50:     116 tokens, checkpoints:  0,    14.502 MiB
srv        update:    - prompt 0x3237370:     109 tokens, checkpoints:  0,    13.627 MiB
srv        update:    - prompt 0x3218e50:     113 tokens, checkpoints:  0,    14.127 MiB
srv        update:    - prompt 0x3227330:     108 tokens, checkpoints:  0,    13.502 MiB
srv        update:    - prompt 0xee0250:     108 tokens, checkpoints:  0,    13.502 MiB
srv        update:    - prompt 0x321a8d0:     108 tokens, checkpoints:  0,    13.502 MiB
srv        update:    - prompt 0x439f590:     111 tokens, checkpoints:  0,    13.877 MiB
srv        update:    - prompt 0xef15d0:     119 tokens, checkpoints:  0,    14.877 MiB
srv        update:    - prompt 0x439f330:     123 tokens, checkpoints:  0,    15.377 MiB
srv        update:    - prompt 0xf0e6d0:     165 tokens, checkpoints:  0,    20.628 MiB
srv        update:    - prompt 0xf0c750:     131 tokens, checkpoints:  0,    16.377 MiB
srv        update:    - prompt 0x439ff90:     135 tokens, checkpoints:  0,    16.877 MiB
srv        update:    - prompt 0x3ad1ce0:     132 tokens, checkpoints:  0,    16.502 MiB
srv        update:    - prompt 0x3af8e30:     146 tokens, checkpoints:  0,    18.252 MiB
srv        update:    - prompt 0x322e950:     130 tokens, checkpoints:  0,    16.252 MiB
srv        update:    - prompt 0x3adad40:     136 tokens, checkpoints:  0,    17.002 MiB
srv        update:    - prompt 0x3226180:     136 tokens, checkpoints:  0,    17.002 MiB
slot update_slots: id  1 | task 8383 | new prompt, n_ctx_slot = 4096, n_keep = 0, task.n_tokens = 142
slot update_slots: id  1 | task 8383 | need to evaluate at least 1 token for each active slot (n_past = 142, task.n_tokens() = 142)
slot update_slots: id  1 | task 8383 | n_past was set to 141
slot update_slots: id  1 | task 8383 | n_tokens = 141, memory_seq_rm [141, end)
slot init_sampler: id  1 | task 8383 | init sampler, took 0.07 ms, tokens: text = 142, total = 142
slot update_slots: id  1 | task 8383 | prompt processing done, n_tokens = 142, batch.n_tokens = 1
srv  log_server_r: done request: POST /completion 127.0.0.1 200
slot print_timing: id  1 | task 8383 | 
prompt eval time =      94.72 ms /     1 tokens (   94.72 ms per token,    10.56 tokens per second)
       eval time =    9352.76 ms /   100 tokens (   93.53 ms per token,    10.69 tokens per second)
      total time =    9447.48 ms /   101 tokens
slot      release: id  1 | task 8383 | stop processing: n_tokens = 241, truncated = 0
srv  update_slots: all slots are idle
slot get_availabl: id  0 | task -1 | selected slot by LRU, t_last = 34813477959
srv  get_availabl: updating prompt cache
srv          load:  - looking for better prompt, base f_keep = -1.000, sim = 0.000
srv          load:  - found better prompt with f_keep = 0.695, sim = 1.000
srv        update:  - cache state: 59 prompts, 1158.525 MiB (limits: 8192.000 MiB, 4096 tokens, 65527 est)
srv        update:    - prompt 0x3219180:     106 tokens, checkpoints:  0,    13.252 MiB
srv        update:    - prompt 0x3218d60:     107 tokens, checkpoints:  0,    13.377 MiB
srv        update:    - prompt 0x321a980:     106 tokens, checkpoints:  0,    13.252 MiB
srv        update:    - prompt 0x321dbb0:     107 tokens, checkpoints:  0,    13.377 MiB
srv        update:    - prompt 0xf0ef60:     105 tokens, checkpoints:  0,    13.127 MiB
srv        update:    - prompt 0xfd2770:     110 tokens, checkpoints:  0,    13.752 MiB
srv        update:    - prompt 0x321e630:     116 tokens, checkpoints:  0,    14.502 MiB
srv        update:    - prompt 0x4be6150:     109 tokens, checkpoints:  0,    13.627 MiB
srv        update:    - prompt 0x439f290:     113 tokens, checkpoints:  0,    14.127 MiB
srv        update:    - prompt 0x439c190:     108 tokens, checkpoints:  0,    13.502 MiB
srv        update:    - prompt 0x3ad05f0:     108 tokens, checkpoints:  0,    13.502 MiB
srv        update:    - prompt 0x323a460:     108 tokens, checkpoints:  0,    13.502 MiB
srv        update:    - prompt 0xee4860:     111 tokens, checkpoints:  0,    13.877 MiB
srv        update:    - prompt 0x3238470:     119 tokens, checkpoints:  0,    14.877 MiB
srv        update:    - prompt 0xf09400:     123 tokens, checkpoints:  0,    15.377 MiB
srv        update:    - prompt 0x3237530:     131 tokens, checkpoints:  0,    16.377 MiB
srv        update:    - prompt 0x3229e60:     130 tokens, checkpoints:  0,    16.252 MiB
srv        update:    - prompt 0x3ad30f0:     107 tokens, checkpoints:  0,    13.377 MiB
srv        update:    - prompt 0x321fd80:     105 tokens, checkpoints:  0,    13.127 MiB
srv        update:    - prompt 0x3af3c80:     110 tokens, checkpoints:  0,    13.752 MiB
srv        update:    - prompt 0x3aeb450:     116 tokens, checkpoints:  0,    14.502 MiB
srv        update:    - prompt 0x11f0c00:     109 tokens, checkpoints:  0,    13.627 MiB
srv        update:    - prompt 0x43993b0:     113 tokens, checkpoints:  0,    14.127 MiB
srv        update:    - prompt 0xf0c4e0:     108 tokens, checkpoints:  0,    13.502 MiB
srv        update:    - prompt 0x32372b0:     108 tokens, checkpoints:  0,    13.502 MiB
srv        update:    - prompt 0xee1a40:     108 tokens, checkpoints:  0,    13.502 MiB
srv        update:    - prompt 0xee8940:     111 tokens, checkpoints:  0,    13.877 MiB
srv        update:    - prompt 0x3ae40d0:     119 tokens, checkpoints:  0,    14.877 MiB
srv        update:    - prompt 0x322d890:     123 tokens, checkpoints:  0,    15.377 MiB
srv        update:    - prompt 0x3237430:     131 tokens, checkpoints:  0,    16.377 MiB
srv        update:    - prompt 0x32228d0:     130 tokens, checkpoints:  0,    16.252 MiB
srv        update:    - prompt 0xfffdb8004ad0:     363 tokens, checkpoints:  0,    45.380 MiB
srv        update:    - prompt 0x439f4c0:     425 tokens, checkpoints:  0,    53.131 MiB
srv        update:    - prompt 0x438d640:     409 tokens, checkpoints:  0,    51.130 MiB
srv        update:    - prompt 0xf09890:     412 tokens, checkpoints:  0,    51.505 MiB
srv        update:    - prompt 0x3229da0:     418 tokens, checkpoints:  0,    52.256 MiB
srv        update:    - prompt 0x3ad7fe0:     415 tokens, checkpoints:  0,    51.880 MiB
srv        update:    - prompt 0x32349c0:     431 tokens, checkpoints:  0,    53.881 MiB
srv        update:    - prompt 0xfffe10002440:     431 tokens, checkpoints:  0,    53.881 MiB
srv        update:    - prompt 0xfffe1c005350:     107 tokens, checkpoints:  0,    13.377 MiB
srv        update:    - prompt 0xfffe300036d0:     105 tokens, checkpoints:  0,    13.127 MiB
srv        update:    - prompt 0x322d7f0:     110 tokens, checkpoints:  0,    13.752 MiB
srv        update:    - prompt 0x438da50:     116 tokens, checkpoints:  0,    14.502 MiB
srv        update:    - prompt 0x3237370:     109 tokens, checkpoints:  0,    13.627 MiB
srv        update:    - prompt 0x3218e50:     113 tokens, checkpoints:  0,    14.127 MiB
srv        update:    - prompt 0x3227330:     108 tokens, checkpoints:  0,    13.502 MiB
srv        update:    - prompt 0xee0250:     108 tokens, checkpoints:  0,    13.502 MiB
srv        update:    - prompt 0x321a8d0:     108 tokens, checkpoints:  0,    13.502 MiB
srv        update:    - prompt 0x439f590:     111 tokens, checkpoints:  0,    13.877 MiB
srv        update:    - prompt 0xef15d0:     119 tokens, checkpoints:  0,    14.877 MiB
srv        update:    - prompt 0x439f330:     123 tokens, checkpoints:  0,    15.377 MiB
srv        update:    - prompt 0xf0e6d0:     165 tokens, checkpoints:  0,    20.628 MiB
srv        update:    - prompt 0xf0c750:     131 tokens, checkpoints:  0,    16.377 MiB
srv        update:    - prompt 0x439ff90:     135 tokens, checkpoints:  0,    16.877 MiB
srv        update:    - prompt 0x3ad1ce0:     132 tokens, checkpoints:  0,    16.502 MiB
srv        update:    - prompt 0x3af8e30:     146 tokens, checkpoints:  0,    18.252 MiB
srv        update:    - prompt 0x322e950:     130 tokens, checkpoints:  0,    16.252 MiB
srv        update:    - prompt 0x3adad40:     136 tokens, checkpoints:  0,    17.002 MiB
srv        update:    - prompt 0x3226180:     136 tokens, checkpoints:  0,    17.002 MiB
srv  get_availabl: prompt cache update took 13.43 ms
slot launch_slot_: id  0 | task -1 | sampler chain: logits -> ?penalties -> ?dry -> ?top-n-sigma -> top-k -> ?typical -> top-p -> min-p -> ?xtc -> temp-ext -> dist 
slot launch_slot_: id  0 | task 8484 | processing task, is_child = 0
slot slot_save_an: id  1 | task -1 | saving idle slot to prompt cache
srv   prompt_save:  - saving prompt with length 241, total state size = 30.129 MiB
slot prompt_clear: id  1 | task -1 | clearing prompt with 241 tokens
srv        update:  - cache state: 60 prompts, 1188.654 MiB (limits: 8192.000 MiB, 4096 tokens, 65527 est)
srv        update:    - prompt 0x3219180:     106 tokens, checkpoints:  0,    13.252 MiB
srv        update:    - prompt 0x3218d60:     107 tokens, checkpoints:  0,    13.377 MiB
srv        update:    - prompt 0x321a980:     106 tokens, checkpoints:  0,    13.252 MiB
srv        update:    - prompt 0x321dbb0:     107 tokens, checkpoints:  0,    13.377 MiB
srv        update:    - prompt 0xf0ef60:     105 tokens, checkpoints:  0,    13.127 MiB
srv        update:    - prompt 0xfd2770:     110 tokens, checkpoints:  0,    13.752 MiB
srv        update:    - prompt 0x321e630:     116 tokens, checkpoints:  0,    14.502 MiB
srv        update:    - prompt 0x4be6150:     109 tokens, checkpoints:  0,    13.627 MiB
srv        update:    - prompt 0x439f290:     113 tokens, checkpoints:  0,    14.127 MiB
srv        update:    - prompt 0x439c190:     108 tokens, checkpoints:  0,    13.502 MiB
srv        update:    - prompt 0x3ad05f0:     108 tokens, checkpoints:  0,    13.502 MiB
srv        update:    - prompt 0x323a460:     108 tokens, checkpoints:  0,    13.502 MiB
srv        update:    - prompt 0xee4860:     111 tokens, checkpoints:  0,    13.877 MiB
srv        update:    - prompt 0x3238470:     119 tokens, checkpoints:  0,    14.877 MiB
srv        update:    - prompt 0xf09400:     123 tokens, checkpoints:  0,    15.377 MiB
srv        update:    - prompt 0x3237530:     131 tokens, checkpoints:  0,    16.377 MiB
srv        update:    - prompt 0x3229e60:     130 tokens, checkpoints:  0,    16.252 MiB
srv        update:    - prompt 0x3ad30f0:     107 tokens, checkpoints:  0,    13.377 MiB
srv        update:    - prompt 0x321fd80:     105 tokens, checkpoints:  0,    13.127 MiB
srv        update:    - prompt 0x3af3c80:     110 tokens, checkpoints:  0,    13.752 MiB
srv        update:    - prompt 0x3aeb450:     116 tokens, checkpoints:  0,    14.502 MiB
srv        update:    - prompt 0x11f0c00:     109 tokens, checkpoints:  0,    13.627 MiB
srv        update:    - prompt 0x43993b0:     113 tokens, checkpoints:  0,    14.127 MiB
srv        update:    - prompt 0xf0c4e0:     108 tokens, checkpoints:  0,    13.502 MiB
srv        update:    - prompt 0x32372b0:     108 tokens, checkpoints:  0,    13.502 MiB
srv        update:    - prompt 0xee1a40:     108 tokens, checkpoints:  0,    13.502 MiB
srv        update:    - prompt 0xee8940:     111 tokens, checkpoints:  0,    13.877 MiB
srv        update:    - prompt 0x3ae40d0:     119 tokens, checkpoints:  0,    14.877 MiB
srv        update:    - prompt 0x322d890:     123 tokens, checkpoints:  0,    15.377 MiB
srv        update:    - prompt 0x3237430:     131 tokens, checkpoints:  0,    16.377 MiB
srv        update:    - prompt 0x32228d0:     130 tokens, checkpoints:  0,    16.252 MiB
srv        update:    - prompt 0xfffdb8004ad0:     363 tokens, checkpoints:  0,    45.380 MiB
srv        update:    - prompt 0x439f4c0:     425 tokens, checkpoints:  0,    53.131 MiB
srv        update:    - prompt 0x438d640:     409 tokens, checkpoints:  0,    51.130 MiB
srv        update:    - prompt 0xf09890:     412 tokens, checkpoints:  0,    51.505 MiB
srv        update:    - prompt 0x3229da0:     418 tokens, checkpoints:  0,    52.256 MiB
srv        update:    - prompt 0x3ad7fe0:     415 tokens, checkpoints:  0,    51.880 MiB
srv        update:    - prompt 0x32349c0:     431 tokens, checkpoints:  0,    53.881 MiB
srv        update:    - prompt 0xfffe10002440:     431 tokens, checkpoints:  0,    53.881 MiB
srv        update:    - prompt 0xfffe1c005350:     107 tokens, checkpoints:  0,    13.377 MiB
srv        update:    - prompt 0xfffe300036d0:     105 tokens, checkpoints:  0,    13.127 MiB
srv        update:    - prompt 0x322d7f0:     110 tokens, checkpoints:  0,    13.752 MiB
srv        update:    - prompt 0x438da50:     116 tokens, checkpoints:  0,    14.502 MiB
srv        update:    - prompt 0x3237370:     109 tokens, checkpoints:  0,    13.627 MiB
srv        update:    - prompt 0x3218e50:     113 tokens, checkpoints:  0,    14.127 MiB
srv        update:    - prompt 0x3227330:     108 tokens, checkpoints:  0,    13.502 MiB
srv        update:    - prompt 0xee0250:     108 tokens, checkpoints:  0,    13.502 MiB
srv        update:    - prompt 0x321a8d0:     108 tokens, checkpoints:  0,    13.502 MiB
srv        update:    - prompt 0x439f590:     111 tokens, checkpoints:  0,    13.877 MiB
srv        update:    - prompt 0xef15d0:     119 tokens, checkpoints:  0,    14.877 MiB
srv        update:    - prompt 0x439f330:     123 tokens, checkpoints:  0,    15.377 MiB
srv        update:    - prompt 0xf0e6d0:     165 tokens, checkpoints:  0,    20.628 MiB
srv        update:    - prompt 0xf0c750:     131 tokens, checkpoints:  0,    16.377 MiB
srv        update:    - prompt 0x439ff90:     135 tokens, checkpoints:  0,    16.877 MiB
srv        update:    - prompt 0x3ad1ce0:     132 tokens, checkpoints:  0,    16.502 MiB
srv        update:    - prompt 0x3af8e30:     146 tokens, checkpoints:  0,    18.252 MiB
srv        update:    - prompt 0x322e950:     130 tokens, checkpoints:  0,    16.252 MiB
srv        update:    - prompt 0x3adad40:     136 tokens, checkpoints:  0,    17.002 MiB
srv        update:    - prompt 0x3226180:     136 tokens, checkpoints:  0,    17.002 MiB
srv        update:    - prompt 0xfffdc00062a0:     241 tokens, checkpoints:  0,    30.129 MiB
slot update_slots: id  0 | task 8484 | new prompt, n_ctx_slot = 4096, n_keep = 0, task.n_tokens = 226
slot update_slots: id  0 | task 8484 | need to evaluate at least 1 token for each active slot (n_past = 226, task.n_tokens() = 226)
slot update_slots: id  0 | task 8484 | n_past was set to 225
slot update_slots: id  0 | task 8484 | n_tokens = 225, memory_seq_rm [225, end)
slot init_sampler: id  0 | task 8484 | init sampler, took 0.13 ms, tokens: text = 226, total = 226
slot update_slots: id  0 | task 8484 | prompt processing done, n_tokens = 226, batch.n_tokens = 1
srv  log_server_r: done request: POST /completion 127.0.0.1 200
slot print_timing: id  0 | task 8484 | 
prompt eval time =      98.43 ms /     1 tokens (   98.43 ms per token,    10.16 tokens per second)
       eval time =    9543.59 ms /   100 tokens (   95.44 ms per token,    10.48 tokens per second)
      total time =    9642.01 ms /   101 tokens
slot      release: id  0 | task 8484 | stop processing: n_tokens = 325, truncated = 0
srv  update_slots: all slots are idle
slot get_availabl: id  3 | task -1 | selected slot by LRU, t_last = 34823495416
srv  get_availabl: updating prompt cache
srv          load:  - looking for better prompt, base f_keep = -1.000, sim = 0.000
srv          load:  - found better prompt with f_keep = 0.727, sim = 1.000
srv        update:  - cache state: 59 prompts, 1143.274 MiB (limits: 8192.000 MiB, 4096 tokens, 65527 est)
srv        update:    - prompt 0x3219180:     106 tokens, checkpoints:  0,    13.252 MiB
srv        update:    - prompt 0x3218d60:     107 tokens, checkpoints:  0,    13.377 MiB
srv        update:    - prompt 0x321a980:     106 tokens, checkpoints:  0,    13.252 MiB
srv        update:    - prompt 0x321dbb0:     107 tokens, checkpoints:  0,    13.377 MiB
srv        update:    - prompt 0xf0ef60:     105 tokens, checkpoints:  0,    13.127 MiB
srv        update:    - prompt 0xfd2770:     110 tokens, checkpoints:  0,    13.752 MiB
srv        update:    - prompt 0x321e630:     116 tokens, checkpoints:  0,    14.502 MiB
srv        update:    - prompt 0x4be6150:     109 tokens, checkpoints:  0,    13.627 MiB
srv        update:    - prompt 0x439f290:     113 tokens, checkpoints:  0,    14.127 MiB
srv        update:    - prompt 0x439c190:     108 tokens, checkpoints:  0,    13.502 MiB
srv        update:    - prompt 0x3ad05f0:     108 tokens, checkpoints:  0,    13.502 MiB
srv        update:    - prompt 0x323a460:     108 tokens, checkpoints:  0,    13.502 MiB
srv        update:    - prompt 0xee4860:     111 tokens, checkpoints:  0,    13.877 MiB
srv        update:    - prompt 0x3238470:     119 tokens, checkpoints:  0,    14.877 MiB
srv        update:    - prompt 0xf09400:     123 tokens, checkpoints:  0,    15.377 MiB
srv        update:    - prompt 0x3237530:     131 tokens, checkpoints:  0,    16.377 MiB
srv        update:    - prompt 0x3229e60:     130 tokens, checkpoints:  0,    16.252 MiB
srv        update:    - prompt 0x3ad30f0:     107 tokens, checkpoints:  0,    13.377 MiB
srv        update:    - prompt 0x321fd80:     105 tokens, checkpoints:  0,    13.127 MiB
srv        update:    - prompt 0x3af3c80:     110 tokens, checkpoints:  0,    13.752 MiB
srv        update:    - prompt 0x3aeb450:     116 tokens, checkpoints:  0,    14.502 MiB
srv        update:    - prompt 0x11f0c00:     109 tokens, checkpoints:  0,    13.627 MiB
srv        update:    - prompt 0x43993b0:     113 tokens, checkpoints:  0,    14.127 MiB
srv        update:    - prompt 0xf0c4e0:     108 tokens, checkpoints:  0,    13.502 MiB
srv        update:    - prompt 0x32372b0:     108 tokens, checkpoints:  0,    13.502 MiB
srv        update:    - prompt 0xee1a40:     108 tokens, checkpoints:  0,    13.502 MiB
srv        update:    - prompt 0xee8940:     111 tokens, checkpoints:  0,    13.877 MiB
srv        update:    - prompt 0x3ae40d0:     119 tokens, checkpoints:  0,    14.877 MiB
srv        update:    - prompt 0x322d890:     123 tokens, checkpoints:  0,    15.377 MiB
srv        update:    - prompt 0x3237430:     131 tokens, checkpoints:  0,    16.377 MiB
srv        update:    - prompt 0x32228d0:     130 tokens, checkpoints:  0,    16.252 MiB
srv        update:    - prompt 0x439f4c0:     425 tokens, checkpoints:  0,    53.131 MiB
srv        update:    - prompt 0x438d640:     409 tokens, checkpoints:  0,    51.130 MiB
srv        update:    - prompt 0xf09890:     412 tokens, checkpoints:  0,    51.505 MiB
srv        update:    - prompt 0x3229da0:     418 tokens, checkpoints:  0,    52.256 MiB
srv        update:    - prompt 0x3ad7fe0:     415 tokens, checkpoints:  0,    51.880 MiB
srv        update:    - prompt 0x32349c0:     431 tokens, checkpoints:  0,    53.881 MiB
srv        update:    - prompt 0xfffe10002440:     431 tokens, checkpoints:  0,    53.881 MiB
srv        update:    - prompt 0xfffe1c005350:     107 tokens, checkpoints:  0,    13.377 MiB
srv        update:    - prompt 0xfffe300036d0:     105 tokens, checkpoints:  0,    13.127 MiB
srv        update:    - prompt 0x322d7f0:     110 tokens, checkpoints:  0,    13.752 MiB
srv        update:    - prompt 0x438da50:     116 tokens, checkpoints:  0,    14.502 MiB
srv        update:    - prompt 0x3237370:     109 tokens, checkpoints:  0,    13.627 MiB
srv        update:    - prompt 0x3218e50:     113 tokens, checkpoints:  0,    14.127 MiB
srv        update:    - prompt 0x3227330:     108 tokens, checkpoints:  0,    13.502 MiB
srv        update:    - prompt 0xee0250:     108 tokens, checkpoints:  0,    13.502 MiB
srv        update:    - prompt 0x321a8d0:     108 tokens, checkpoints:  0,    13.502 MiB
srv        update:    - prompt 0x439f590:     111 tokens, checkpoints:  0,    13.877 MiB
srv        update:    - prompt 0xef15d0:     119 tokens, checkpoints:  0,    14.877 MiB
srv        update:    - prompt 0x439f330:     123 tokens, checkpoints:  0,    15.377 MiB
srv        update:    - prompt 0xf0e6d0:     165 tokens, checkpoints:  0,    20.628 MiB
srv        update:    - prompt 0xf0c750:     131 tokens, checkpoints:  0,    16.377 MiB
srv        update:    - prompt 0x439ff90:     135 tokens, checkpoints:  0,    16.877 MiB
srv        update:    - prompt 0x3ad1ce0:     132 tokens, checkpoints:  0,    16.502 MiB
srv        update:    - prompt 0x3af8e30:     146 tokens, checkpoints:  0,    18.252 MiB
srv        update:    - prompt 0x322e950:     130 tokens, checkpoints:  0,    16.252 MiB
srv        update:    - prompt 0x3adad40:     136 tokens, checkpoints:  0,    17.002 MiB
srv        update:    - prompt 0x3226180:     136 tokens, checkpoints:  0,    17.002 MiB
srv        update:    - prompt 0xfffdc00062a0:     241 tokens, checkpoints:  0,    30.129 MiB
srv  get_availabl: prompt cache update took 14.84 ms
slot launch_slot_: id  3 | task -1 | sampler chain: logits -> ?penalties -> ?dry -> ?top-n-sigma -> top-k -> ?typical -> top-p -> min-p -> ?xtc -> temp-ext -> dist 
slot launch_slot_: id  3 | task 8585 | processing task, is_child = 0
slot slot_save_an: id  0 | task -1 | saving idle slot to prompt cache
srv   prompt_save:  - saving prompt with length 325, total state size = 40.629 MiB
slot prompt_clear: id  0 | task -1 | clearing prompt with 325 tokens
srv        update:  - cache state: 60 prompts, 1183.903 MiB (limits: 8192.000 MiB, 4096 tokens, 65527 est)
srv        update:    - prompt 0x3219180:     106 tokens, checkpoints:  0,    13.252 MiB
srv        update:    - prompt 0x3218d60:     107 tokens, checkpoints:  0,    13.377 MiB
srv        update:    - prompt 0x321a980:     106 tokens, checkpoints:  0,    13.252 MiB
srv        update:    - prompt 0x321dbb0:     107 tokens, checkpoints:  0,    13.377 MiB
srv        update:    - prompt 0xf0ef60:     105 tokens, checkpoints:  0,    13.127 MiB
srv        update:    - prompt 0xfd2770:     110 tokens, checkpoints:  0,    13.752 MiB
srv        update:    - prompt 0x321e630:     116 tokens, checkpoints:  0,    14.502 MiB
srv        update:    - prompt 0x4be6150:     109 tokens, checkpoints:  0,    13.627 MiB
srv        update:    - prompt 0x439f290:     113 tokens, checkpoints:  0,    14.127 MiB
srv        update:    - prompt 0x439c190:     108 tokens, checkpoints:  0,    13.502 MiB
srv        update:    - prompt 0x3ad05f0:     108 tokens, checkpoints:  0,    13.502 MiB
srv        update:    - prompt 0x323a460:     108 tokens, checkpoints:  0,    13.502 MiB
srv        update:    - prompt 0xee4860:     111 tokens, checkpoints:  0,    13.877 MiB
srv        update:    - prompt 0x3238470:     119 tokens, checkpoints:  0,    14.877 MiB
srv        update:    - prompt 0xf09400:     123 tokens, checkpoints:  0,    15.377 MiB
srv        update:    - prompt 0x3237530:     131 tokens, checkpoints:  0,    16.377 MiB
srv        update:    - prompt 0x3229e60:     130 tokens, checkpoints:  0,    16.252 MiB
srv        update:    - prompt 0x3ad30f0:     107 tokens, checkpoints:  0,    13.377 MiB
srv        update:    - prompt 0x321fd80:     105 tokens, checkpoints:  0,    13.127 MiB
srv        update:    - prompt 0x3af3c80:     110 tokens, checkpoints:  0,    13.752 MiB
srv        update:    - prompt 0x3aeb450:     116 tokens, checkpoints:  0,    14.502 MiB
srv        update:    - prompt 0x11f0c00:     109 tokens, checkpoints:  0,    13.627 MiB
srv        update:    - prompt 0x43993b0:     113 tokens, checkpoints:  0,    14.127 MiB
srv        update:    - prompt 0xf0c4e0:     108 tokens, checkpoints:  0,    13.502 MiB
srv        update:    - prompt 0x32372b0:     108 tokens, checkpoints:  0,    13.502 MiB
srv        update:    - prompt 0xee1a40:     108 tokens, checkpoints:  0,    13.502 MiB
srv        update:    - prompt 0xee8940:     111 tokens, checkpoints:  0,    13.877 MiB
srv        update:    - prompt 0x3ae40d0:     119 tokens, checkpoints:  0,    14.877 MiB
srv        update:    - prompt 0x322d890:     123 tokens, checkpoints:  0,    15.377 MiB
srv        update:    - prompt 0x3237430:     131 tokens, checkpoints:  0,    16.377 MiB
srv        update:    - prompt 0x32228d0:     130 tokens, checkpoints:  0,    16.252 MiB
srv        update:    - prompt 0x439f4c0:     425 tokens, checkpoints:  0,    53.131 MiB
srv        update:    - prompt 0x438d640:     409 tokens, checkpoints:  0,    51.130 MiB
srv        update:    - prompt 0xf09890:     412 tokens, checkpoints:  0,    51.505 MiB
srv        update:    - prompt 0x3229da0:     418 tokens, checkpoints:  0,    52.256 MiB
srv        update:    - prompt 0x3ad7fe0:     415 tokens, checkpoints:  0,    51.880 MiB
srv        update:    - prompt 0x32349c0:     431 tokens, checkpoints:  0,    53.881 MiB
srv        update:    - prompt 0xfffe10002440:     431 tokens, checkpoints:  0,    53.881 MiB
srv        update:    - prompt 0xfffe1c005350:     107 tokens, checkpoints:  0,    13.377 MiB
srv        update:    - prompt 0xfffe300036d0:     105 tokens, checkpoints:  0,    13.127 MiB
srv        update:    - prompt 0x322d7f0:     110 tokens, checkpoints:  0,    13.752 MiB
srv        update:    - prompt 0x438da50:     116 tokens, checkpoints:  0,    14.502 MiB
srv        update:    - prompt 0x3237370:     109 tokens, checkpoints:  0,    13.627 MiB
srv        update:    - prompt 0x3218e50:     113 tokens, checkpoints:  0,    14.127 MiB
srv        update:    - prompt 0x3227330:     108 tokens, checkpoints:  0,    13.502 MiB
srv        update:    - prompt 0xee0250:     108 tokens, checkpoints:  0,    13.502 MiB
srv        update:    - prompt 0x321a8d0:     108 tokens, checkpoints:  0,    13.502 MiB
srv        update:    - prompt 0x439f590:     111 tokens, checkpoints:  0,    13.877 MiB
srv        update:    - prompt 0xef15d0:     119 tokens, checkpoints:  0,    14.877 MiB
srv        update:    - prompt 0x439f330:     123 tokens, checkpoints:  0,    15.377 MiB
srv        update:    - prompt 0xf0e6d0:     165 tokens, checkpoints:  0,    20.628 MiB
srv        update:    - prompt 0xf0c750:     131 tokens, checkpoints:  0,    16.377 MiB
srv        update:    - prompt 0x439ff90:     135 tokens, checkpoints:  0,    16.877 MiB
srv        update:    - prompt 0x3ad1ce0:     132 tokens, checkpoints:  0,    16.502 MiB
srv        update:    - prompt 0x3af8e30:     146 tokens, checkpoints:  0,    18.252 MiB
srv        update:    - prompt 0x322e950:     130 tokens, checkpoints:  0,    16.252 MiB
srv        update:    - prompt 0x3adad40:     136 tokens, checkpoints:  0,    17.002 MiB
srv        update:    - prompt 0x3226180:     136 tokens, checkpoints:  0,    17.002 MiB
srv        update:    - prompt 0xfffdc00062a0:     241 tokens, checkpoints:  0,    30.129 MiB
srv        update:    - prompt 0xfffdb8004ad0:     325 tokens, checkpoints:  0,    40.629 MiB
slot update_slots: id  3 | task 8585 | new prompt, n_ctx_slot = 4096, n_keep = 0, task.n_tokens = 264
slot update_slots: id  3 | task 8585 | need to evaluate at least 1 token for each active slot (n_past = 264, task.n_tokens() = 264)
slot update_slots: id  3 | task 8585 | n_past was set to 263
slot update_slots: id  3 | task 8585 | n_tokens = 263, memory_seq_rm [263, end)
slot init_sampler: id  3 | task 8585 | init sampler, took 0.14 ms, tokens: text = 264, total = 264
slot update_slots: id  3 | task 8585 | prompt processing done, n_tokens = 264, batch.n_tokens = 1
srv  log_server_r: done request: POST /completion 127.0.0.1 200
slot print_timing: id  3 | task 8585 | 
prompt eval time =      96.71 ms /     1 tokens (   96.71 ms per token,    10.34 tokens per second)
       eval time =    9527.05 ms /   100 tokens (   95.27 ms per token,    10.50 tokens per second)
      total time =    9623.76 ms /   101 tokens
slot      release: id  3 | task 8585 | stop processing: n_tokens = 363, truncated = 0
srv  update_slots: all slots are idle
slot get_availabl: id  2 | task -1 | selected slot by LRU, t_last = 34833502069
srv  get_availabl: updating prompt cache
srv          load:  - looking for better prompt, base f_keep = -1.000, sim = 0.000
srv          load:  - found better prompt with f_keep = 0.767, sim = 1.000
srv        update:  - cache state: 59 prompts, 1130.773 MiB (limits: 8192.000 MiB, 4096 tokens, 65527 est)
srv        update:    - prompt 0x3219180:     106 tokens, checkpoints:  0,    13.252 MiB
srv        update:    - prompt 0x3218d60:     107 tokens, checkpoints:  0,    13.377 MiB
srv        update:    - prompt 0x321a980:     106 tokens, checkpoints:  0,    13.252 MiB
srv        update:    - prompt 0x321dbb0:     107 tokens, checkpoints:  0,    13.377 MiB
srv        update:    - prompt 0xf0ef60:     105 tokens, checkpoints:  0,    13.127 MiB
srv        update:    - prompt 0xfd2770:     110 tokens, checkpoints:  0,    13.752 MiB
srv        update:    - prompt 0x321e630:     116 tokens, checkpoints:  0,    14.502 MiB
srv        update:    - prompt 0x4be6150:     109 tokens, checkpoints:  0,    13.627 MiB
srv        update:    - prompt 0x439f290:     113 tokens, checkpoints:  0,    14.127 MiB
srv        update:    - prompt 0x439c190:     108 tokens, checkpoints:  0,    13.502 MiB
srv        update:    - prompt 0x3ad05f0:     108 tokens, checkpoints:  0,    13.502 MiB
srv        update:    - prompt 0x323a460:     108 tokens, checkpoints:  0,    13.502 MiB
srv        update:    - prompt 0xee4860:     111 tokens, checkpoints:  0,    13.877 MiB
srv        update:    - prompt 0x3238470:     119 tokens, checkpoints:  0,    14.877 MiB
srv        update:    - prompt 0xf09400:     123 tokens, checkpoints:  0,    15.377 MiB
srv        update:    - prompt 0x3237530:     131 tokens, checkpoints:  0,    16.377 MiB
srv        update:    - prompt 0x3229e60:     130 tokens, checkpoints:  0,    16.252 MiB
srv        update:    - prompt 0x3ad30f0:     107 tokens, checkpoints:  0,    13.377 MiB
srv        update:    - prompt 0x321fd80:     105 tokens, checkpoints:  0,    13.127 MiB
srv        update:    - prompt 0x3af3c80:     110 tokens, checkpoints:  0,    13.752 MiB
srv        update:    - prompt 0x3aeb450:     116 tokens, checkpoints:  0,    14.502 MiB
srv        update:    - prompt 0x11f0c00:     109 tokens, checkpoints:  0,    13.627 MiB
srv        update:    - prompt 0x43993b0:     113 tokens, checkpoints:  0,    14.127 MiB
srv        update:    - prompt 0xf0c4e0:     108 tokens, checkpoints:  0,    13.502 MiB
srv        update:    - prompt 0x32372b0:     108 tokens, checkpoints:  0,    13.502 MiB
srv        update:    - prompt 0xee1a40:     108 tokens, checkpoints:  0,    13.502 MiB
srv        update:    - prompt 0xee8940:     111 tokens, checkpoints:  0,    13.877 MiB
srv        update:    - prompt 0x3ae40d0:     119 tokens, checkpoints:  0,    14.877 MiB
srv        update:    - prompt 0x322d890:     123 tokens, checkpoints:  0,    15.377 MiB
srv        update:    - prompt 0x3237430:     131 tokens, checkpoints:  0,    16.377 MiB
srv        update:    - prompt 0x32228d0:     130 tokens, checkpoints:  0,    16.252 MiB
srv        update:    - prompt 0x438d640:     409 tokens, checkpoints:  0,    51.130 MiB
srv        update:    - prompt 0xf09890:     412 tokens, checkpoints:  0,    51.505 MiB
srv        update:    - prompt 0x3229da0:     418 tokens, checkpoints:  0,    52.256 MiB
srv        update:    - prompt 0x3ad7fe0:     415 tokens, checkpoints:  0,    51.880 MiB
srv        update:    - prompt 0x32349c0:     431 tokens, checkpoints:  0,    53.881 MiB
srv        update:    - prompt 0xfffe10002440:     431 tokens, checkpoints:  0,    53.881 MiB
srv        update:    - prompt 0xfffe1c005350:     107 tokens, checkpoints:  0,    13.377 MiB
srv        update:    - prompt 0xfffe300036d0:     105 tokens, checkpoints:  0,    13.127 MiB
srv        update:    - prompt 0x322d7f0:     110 tokens, checkpoints:  0,    13.752 MiB
srv        update:    - prompt 0x438da50:     116 tokens, checkpoints:  0,    14.502 MiB
srv        update:    - prompt 0x3237370:     109 tokens, checkpoints:  0,    13.627 MiB
srv        update:    - prompt 0x3218e50:     113 tokens, checkpoints:  0,    14.127 MiB
srv        update:    - prompt 0x3227330:     108 tokens, checkpoints:  0,    13.502 MiB
srv        update:    - prompt 0xee0250:     108 tokens, checkpoints:  0,    13.502 MiB
srv        update:    - prompt 0x321a8d0:     108 tokens, checkpoints:  0,    13.502 MiB
srv        update:    - prompt 0x439f590:     111 tokens, checkpoints:  0,    13.877 MiB
srv        update:    - prompt 0xef15d0:     119 tokens, checkpoints:  0,    14.877 MiB
srv        update:    - prompt 0x439f330:     123 tokens, checkpoints:  0,    15.377 MiB
srv        update:    - prompt 0xf0e6d0:     165 tokens, checkpoints:  0,    20.628 MiB
srv        update:    - prompt 0xf0c750:     131 tokens, checkpoints:  0,    16.377 MiB
srv        update:    - prompt 0x439ff90:     135 tokens, checkpoints:  0,    16.877 MiB
srv        update:    - prompt 0x3ad1ce0:     132 tokens, checkpoints:  0,    16.502 MiB
srv        update:    - prompt 0x3af8e30:     146 tokens, checkpoints:  0,    18.252 MiB
srv        update:    - prompt 0x322e950:     130 tokens, checkpoints:  0,    16.252 MiB
srv        update:    - prompt 0x3adad40:     136 tokens, checkpoints:  0,    17.002 MiB
srv        update:    - prompt 0x3226180:     136 tokens, checkpoints:  0,    17.002 MiB
srv        update:    - prompt 0xfffdc00062a0:     241 tokens, checkpoints:  0,    30.129 MiB
srv        update:    - prompt 0xfffdb8004ad0:     325 tokens, checkpoints:  0,    40.629 MiB
srv  get_availabl: prompt cache update took 17.23 ms
slot launch_slot_: id  2 | task -1 | sampler chain: logits -> ?penalties -> ?dry -> ?top-n-sigma -> top-k -> ?typical -> top-p -> min-p -> ?xtc -> temp-ext -> dist 
slot launch_slot_: id  2 | task 8686 | processing task, is_child = 0
slot slot_save_an: id  3 | task -1 | saving idle slot to prompt cache
srv   prompt_save:  - saving prompt with length 363, total state size = 45.380 MiB
slot prompt_clear: id  3 | task -1 | clearing prompt with 363 tokens
srv        update:  - cache state: 60 prompts, 1176.153 MiB (limits: 8192.000 MiB, 4096 tokens, 65527 est)
srv        update:    - prompt 0x3219180:     106 tokens, checkpoints:  0,    13.252 MiB
srv        update:    - prompt 0x3218d60:     107 tokens, checkpoints:  0,    13.377 MiB
srv        update:    - prompt 0x321a980:     106 tokens, checkpoints:  0,    13.252 MiB
srv        update:    - prompt 0x321dbb0:     107 tokens, checkpoints:  0,    13.377 MiB
srv        update:    - prompt 0xf0ef60:     105 tokens, checkpoints:  0,    13.127 MiB
srv        update:    - prompt 0xfd2770:     110 tokens, checkpoints:  0,    13.752 MiB
srv        update:    - prompt 0x321e630:     116 tokens, checkpoints:  0,    14.502 MiB
srv        update:    - prompt 0x4be6150:     109 tokens, checkpoints:  0,    13.627 MiB
srv        update:    - prompt 0x439f290:     113 tokens, checkpoints:  0,    14.127 MiB
srv        update:    - prompt 0x439c190:     108 tokens, checkpoints:  0,    13.502 MiB
srv        update:    - prompt 0x3ad05f0:     108 tokens, checkpoints:  0,    13.502 MiB
srv        update:    - prompt 0x323a460:     108 tokens, checkpoints:  0,    13.502 MiB
srv        update:    - prompt 0xee4860:     111 tokens, checkpoints:  0,    13.877 MiB
srv        update:    - prompt 0x3238470:     119 tokens, checkpoints:  0,    14.877 MiB
srv        update:    - prompt 0xf09400:     123 tokens, checkpoints:  0,    15.377 MiB
srv        update:    - prompt 0x3237530:     131 tokens, checkpoints:  0,    16.377 MiB
srv        update:    - prompt 0x3229e60:     130 tokens, checkpoints:  0,    16.252 MiB
srv        update:    - prompt 0x3ad30f0:     107 tokens, checkpoints:  0,    13.377 MiB
srv        update:    - prompt 0x321fd80:     105 tokens, checkpoints:  0,    13.127 MiB
srv        update:    - prompt 0x3af3c80:     110 tokens, checkpoints:  0,    13.752 MiB
srv        update:    - prompt 0x3aeb450:     116 tokens, checkpoints:  0,    14.502 MiB
srv        update:    - prompt 0x11f0c00:     109 tokens, checkpoints:  0,    13.627 MiB
srv        update:    - prompt 0x43993b0:     113 tokens, checkpoints:  0,    14.127 MiB
srv        update:    - prompt 0xf0c4e0:     108 tokens, checkpoints:  0,    13.502 MiB
srv        update:    - prompt 0x32372b0:     108 tokens, checkpoints:  0,    13.502 MiB
srv        update:    - prompt 0xee1a40:     108 tokens, checkpoints:  0,    13.502 MiB
srv        update:    - prompt 0xee8940:     111 tokens, checkpoints:  0,    13.877 MiB
srv        update:    - prompt 0x3ae40d0:     119 tokens, checkpoints:  0,    14.877 MiB
srv        update:    - prompt 0x322d890:     123 tokens, checkpoints:  0,    15.377 MiB
srv        update:    - prompt 0x3237430:     131 tokens, checkpoints:  0,    16.377 MiB
srv        update:    - prompt 0x32228d0:     130 tokens, checkpoints:  0,    16.252 MiB
srv        update:    - prompt 0x438d640:     409 tokens, checkpoints:  0,    51.130 MiB
srv        update:    - prompt 0xf09890:     412 tokens, checkpoints:  0,    51.505 MiB
srv        update:    - prompt 0x3229da0:     418 tokens, checkpoints:  0,    52.256 MiB
srv        update:    - prompt 0x3ad7fe0:     415 tokens, checkpoints:  0,    51.880 MiB
srv        update:    - prompt 0x32349c0:     431 tokens, checkpoints:  0,    53.881 MiB
srv        update:    - prompt 0xfffe10002440:     431 tokens, checkpoints:  0,    53.881 MiB
srv        update:    - prompt 0xfffe1c005350:     107 tokens, checkpoints:  0,    13.377 MiB
srv        update:    - prompt 0xfffe300036d0:     105 tokens, checkpoints:  0,    13.127 MiB
srv        update:    - prompt 0x322d7f0:     110 tokens, checkpoints:  0,    13.752 MiB
srv        update:    - prompt 0x438da50:     116 tokens, checkpoints:  0,    14.502 MiB
srv        update:    - prompt 0x3237370:     109 tokens, checkpoints:  0,    13.627 MiB
srv        update:    - prompt 0x3218e50:     113 tokens, checkpoints:  0,    14.127 MiB
srv        update:    - prompt 0x3227330:     108 tokens, checkpoints:  0,    13.502 MiB
srv        update:    - prompt 0xee0250:     108 tokens, checkpoints:  0,    13.502 MiB
srv        update:    - prompt 0x321a8d0:     108 tokens, checkpoints:  0,    13.502 MiB
srv        update:    - prompt 0x439f590:     111 tokens, checkpoints:  0,    13.877 MiB
srv        update:    - prompt 0xef15d0:     119 tokens, checkpoints:  0,    14.877 MiB
srv        update:    - prompt 0x439f330:     123 tokens, checkpoints:  0,    15.377 MiB
srv        update:    - prompt 0xf0e6d0:     165 tokens, checkpoints:  0,    20.628 MiB
srv        update:    - prompt 0xf0c750:     131 tokens, checkpoints:  0,    16.377 MiB
srv        update:    - prompt 0x439ff90:     135 tokens, checkpoints:  0,    16.877 MiB
srv        update:    - prompt 0x3ad1ce0:     132 tokens, checkpoints:  0,    16.502 MiB
srv        update:    - prompt 0x3af8e30:     146 tokens, checkpoints:  0,    18.252 MiB
srv        update:    - prompt 0x322e950:     130 tokens, checkpoints:  0,    16.252 MiB
srv        update:    - prompt 0x3adad40:     136 tokens, checkpoints:  0,    17.002 MiB
srv        update:    - prompt 0x3226180:     136 tokens, checkpoints:  0,    17.002 MiB
srv        update:    - prompt 0xfffdc00062a0:     241 tokens, checkpoints:  0,    30.129 MiB
srv        update:    - prompt 0xfffdb8004ad0:     325 tokens, checkpoints:  0,    40.629 MiB
srv        update:    - prompt 0x439f4c0:     363 tokens, checkpoints:  0,    45.380 MiB
slot update_slots: id  2 | task 8686 | new prompt, n_ctx_slot = 4096, n_keep = 0, task.n_tokens = 326
slot update_slots: id  2 | task 8686 | need to evaluate at least 1 token for each active slot (n_past = 326, task.n_tokens() = 326)
slot update_slots: id  2 | task 8686 | n_past was set to 325
slot update_slots: id  2 | task 8686 | n_tokens = 325, memory_seq_rm [325, end)
slot init_sampler: id  2 | task 8686 | init sampler, took 0.15 ms, tokens: text = 326, total = 326
slot update_slots: id  2 | task 8686 | prompt processing done, n_tokens = 326, batch.n_tokens = 1
srv  log_server_r: done request: POST /completion 127.0.0.1 200
slot print_timing: id  2 | task 8686 | 
prompt eval time =     101.11 ms /     1 tokens (  101.11 ms per token,     9.89 tokens per second)
       eval time =    9821.05 ms /   100 tokens (   98.21 ms per token,    10.18 tokens per second)
      total time =    9922.16 ms /   101 tokens
slot      release: id  2 | task 8686 | stop processing: n_tokens = 425, truncated = 0
srv  update_slots: all slots are idle
slot get_availabl: id  1 | task -1 | selected slot by LRU, t_last = 34843529078
srv  get_availabl: updating prompt cache
srv          load:  - looking for better prompt, base f_keep = -1.000, sim = 0.000
srv          load:  - found better prompt with f_keep = 0.758, sim = 1.000
srv        update:  - cache state: 59 prompts, 1125.022 MiB (limits: 8192.000 MiB, 4096 tokens, 65527 est)
srv        update:    - prompt 0x3219180:     106 tokens, checkpoints:  0,    13.252 MiB
srv        update:    - prompt 0x3218d60:     107 tokens, checkpoints:  0,    13.377 MiB
srv        update:    - prompt 0x321a980:     106 tokens, checkpoints:  0,    13.252 MiB
srv        update:    - prompt 0x321dbb0:     107 tokens, checkpoints:  0,    13.377 MiB
srv        update:    - prompt 0xf0ef60:     105 tokens, checkpoints:  0,    13.127 MiB
srv        update:    - prompt 0xfd2770:     110 tokens, checkpoints:  0,    13.752 MiB
srv        update:    - prompt 0x321e630:     116 tokens, checkpoints:  0,    14.502 MiB
srv        update:    - prompt 0x4be6150:     109 tokens, checkpoints:  0,    13.627 MiB
srv        update:    - prompt 0x439f290:     113 tokens, checkpoints:  0,    14.127 MiB
srv        update:    - prompt 0x439c190:     108 tokens, checkpoints:  0,    13.502 MiB
srv        update:    - prompt 0x3ad05f0:     108 tokens, checkpoints:  0,    13.502 MiB
srv        update:    - prompt 0x323a460:     108 tokens, checkpoints:  0,    13.502 MiB
srv        update:    - prompt 0xee4860:     111 tokens, checkpoints:  0,    13.877 MiB
srv        update:    - prompt 0x3238470:     119 tokens, checkpoints:  0,    14.877 MiB
srv        update:    - prompt 0xf09400:     123 tokens, checkpoints:  0,    15.377 MiB
srv        update:    - prompt 0x3237530:     131 tokens, checkpoints:  0,    16.377 MiB
srv        update:    - prompt 0x3229e60:     130 tokens, checkpoints:  0,    16.252 MiB
srv        update:    - prompt 0x3ad30f0:     107 tokens, checkpoints:  0,    13.377 MiB
srv        update:    - prompt 0x321fd80:     105 tokens, checkpoints:  0,    13.127 MiB
srv        update:    - prompt 0x3af3c80:     110 tokens, checkpoints:  0,    13.752 MiB
srv        update:    - prompt 0x3aeb450:     116 tokens, checkpoints:  0,    14.502 MiB
srv        update:    - prompt 0x11f0c00:     109 tokens, checkpoints:  0,    13.627 MiB
srv        update:    - prompt 0x43993b0:     113 tokens, checkpoints:  0,    14.127 MiB
srv        update:    - prompt 0xf0c4e0:     108 tokens, checkpoints:  0,    13.502 MiB
srv        update:    - prompt 0x32372b0:     108 tokens, checkpoints:  0,    13.502 MiB
srv        update:    - prompt 0xee1a40:     108 tokens, checkpoints:  0,    13.502 MiB
srv        update:    - prompt 0xee8940:     111 tokens, checkpoints:  0,    13.877 MiB
srv        update:    - prompt 0x3ae40d0:     119 tokens, checkpoints:  0,    14.877 MiB
srv        update:    - prompt 0x322d890:     123 tokens, checkpoints:  0,    15.377 MiB
srv        update:    - prompt 0x3237430:     131 tokens, checkpoints:  0,    16.377 MiB
srv        update:    - prompt 0x32228d0:     130 tokens, checkpoints:  0,    16.252 MiB
srv        update:    - prompt 0xf09890:     412 tokens, checkpoints:  0,    51.505 MiB
srv        update:    - prompt 0x3229da0:     418 tokens, checkpoints:  0,    52.256 MiB
srv        update:    - prompt 0x3ad7fe0:     415 tokens, checkpoints:  0,    51.880 MiB
srv        update:    - prompt 0x32349c0:     431 tokens, checkpoints:  0,    53.881 MiB
srv        update:    - prompt 0xfffe10002440:     431 tokens, checkpoints:  0,    53.881 MiB
srv        update:    - prompt 0xfffe1c005350:     107 tokens, checkpoints:  0,    13.377 MiB
srv        update:    - prompt 0xfffe300036d0:     105 tokens, checkpoints:  0,    13.127 MiB
srv        update:    - prompt 0x322d7f0:     110 tokens, checkpoints:  0,    13.752 MiB
srv        update:    - prompt 0x438da50:     116 tokens, checkpoints:  0,    14.502 MiB
srv        update:    - prompt 0x3237370:     109 tokens, checkpoints:  0,    13.627 MiB
srv        update:    - prompt 0x3218e50:     113 tokens, checkpoints:  0,    14.127 MiB
srv        update:    - prompt 0x3227330:     108 tokens, checkpoints:  0,    13.502 MiB
srv        update:    - prompt 0xee0250:     108 tokens, checkpoints:  0,    13.502 MiB
srv        update:    - prompt 0x321a8d0:     108 tokens, checkpoints:  0,    13.502 MiB
srv        update:    - prompt 0x439f590:     111 tokens, checkpoints:  0,    13.877 MiB
srv        update:    - prompt 0xef15d0:     119 tokens, checkpoints:  0,    14.877 MiB
srv        update:    - prompt 0x439f330:     123 tokens, checkpoints:  0,    15.377 MiB
srv        update:    - prompt 0xf0e6d0:     165 tokens, checkpoints:  0,    20.628 MiB
srv        update:    - prompt 0xf0c750:     131 tokens, checkpoints:  0,    16.377 MiB
srv        update:    - prompt 0x439ff90:     135 tokens, checkpoints:  0,    16.877 MiB
srv        update:    - prompt 0x3ad1ce0:     132 tokens, checkpoints:  0,    16.502 MiB
srv        update:    - prompt 0x3af8e30:     146 tokens, checkpoints:  0,    18.252 MiB
srv        update:    - prompt 0x322e950:     130 tokens, checkpoints:  0,    16.252 MiB
srv        update:    - prompt 0x3adad40:     136 tokens, checkpoints:  0,    17.002 MiB
srv        update:    - prompt 0x3226180:     136 tokens, checkpoints:  0,    17.002 MiB
srv        update:    - prompt 0xfffdc00062a0:     241 tokens, checkpoints:  0,    30.129 MiB
srv        update:    - prompt 0xfffdb8004ad0:     325 tokens, checkpoints:  0,    40.629 MiB
srv        update:    - prompt 0x439f4c0:     363 tokens, checkpoints:  0,    45.380 MiB
srv  get_availabl: prompt cache update took 16.77 ms
slot launch_slot_: id  1 | task -1 | sampler chain: logits -> ?penalties -> ?dry -> ?top-n-sigma -> top-k -> ?typical -> top-p -> min-p -> ?xtc -> temp-ext -> dist 
slot launch_slot_: id  1 | task 8787 | processing task, is_child = 0
slot slot_save_an: id  2 | task -1 | saving idle slot to prompt cache
srv   prompt_save:  - saving prompt with length 425, total state size = 53.131 MiB
slot prompt_clear: id  2 | task -1 | clearing prompt with 425 tokens
srv        update:  - cache state: 60 prompts, 1178.153 MiB (limits: 8192.000 MiB, 4096 tokens, 65527 est)
srv        update:    - prompt 0x3219180:     106 tokens, checkpoints:  0,    13.252 MiB
srv        update:    - prompt 0x3218d60:     107 tokens, checkpoints:  0,    13.377 MiB
srv        update:    - prompt 0x321a980:     106 tokens, checkpoints:  0,    13.252 MiB
srv        update:    - prompt 0x321dbb0:     107 tokens, checkpoints:  0,    13.377 MiB
srv        update:    - prompt 0xf0ef60:     105 tokens, checkpoints:  0,    13.127 MiB
srv        update:    - prompt 0xfd2770:     110 tokens, checkpoints:  0,    13.752 MiB
srv        update:    - prompt 0x321e630:     116 tokens, checkpoints:  0,    14.502 MiB
srv        update:    - prompt 0x4be6150:     109 tokens, checkpoints:  0,    13.627 MiB
srv        update:    - prompt 0x439f290:     113 tokens, checkpoints:  0,    14.127 MiB
srv        update:    - prompt 0x439c190:     108 tokens, checkpoints:  0,    13.502 MiB
srv        update:    - prompt 0x3ad05f0:     108 tokens, checkpoints:  0,    13.502 MiB
srv        update:    - prompt 0x323a460:     108 tokens, checkpoints:  0,    13.502 MiB
srv        update:    - prompt 0xee4860:     111 tokens, checkpoints:  0,    13.877 MiB
srv        update:    - prompt 0x3238470:     119 tokens, checkpoints:  0,    14.877 MiB
srv        update:    - prompt 0xf09400:     123 tokens, checkpoints:  0,    15.377 MiB
srv        update:    - prompt 0x3237530:     131 tokens, checkpoints:  0,    16.377 MiB
srv        update:    - prompt 0x3229e60:     130 tokens, checkpoints:  0,    16.252 MiB
srv        update:    - prompt 0x3ad30f0:     107 tokens, checkpoints:  0,    13.377 MiB
srv        update:    - prompt 0x321fd80:     105 tokens, checkpoints:  0,    13.127 MiB
srv        update:    - prompt 0x3af3c80:     110 tokens, checkpoints:  0,    13.752 MiB
srv        update:    - prompt 0x3aeb450:     116 tokens, checkpoints:  0,    14.502 MiB
srv        update:    - prompt 0x11f0c00:     109 tokens, checkpoints:  0,    13.627 MiB
srv        update:    - prompt 0x43993b0:     113 tokens, checkpoints:  0,    14.127 MiB
srv        update:    - prompt 0xf0c4e0:     108 tokens, checkpoints:  0,    13.502 MiB
srv        update:    - prompt 0x32372b0:     108 tokens, checkpoints:  0,    13.502 MiB
srv        update:    - prompt 0xee1a40:     108 tokens, checkpoints:  0,    13.502 MiB
srv        update:    - prompt 0xee8940:     111 tokens, checkpoints:  0,    13.877 MiB
srv        update:    - prompt 0x3ae40d0:     119 tokens, checkpoints:  0,    14.877 MiB
srv        update:    - prompt 0x322d890:     123 tokens, checkpoints:  0,    15.377 MiB
srv        update:    - prompt 0x3237430:     131 tokens, checkpoints:  0,    16.377 MiB
srv        update:    - prompt 0x32228d0:     130 tokens, checkpoints:  0,    16.252 MiB
srv        update:    - prompt 0xf09890:     412 tokens, checkpoints:  0,    51.505 MiB
srv        update:    - prompt 0x3229da0:     418 tokens, checkpoints:  0,    52.256 MiB
srv        update:    - prompt 0x3ad7fe0:     415 tokens, checkpoints:  0,    51.880 MiB
srv        update:    - prompt 0x32349c0:     431 tokens, checkpoints:  0,    53.881 MiB
srv        update:    - prompt 0xfffe10002440:     431 tokens, checkpoints:  0,    53.881 MiB
srv        update:    - prompt 0xfffe1c005350:     107 tokens, checkpoints:  0,    13.377 MiB
srv        update:    - prompt 0xfffe300036d0:     105 tokens, checkpoints:  0,    13.127 MiB
srv        update:    - prompt 0x322d7f0:     110 tokens, checkpoints:  0,    13.752 MiB
srv        update:    - prompt 0x438da50:     116 tokens, checkpoints:  0,    14.502 MiB
srv        update:    - prompt 0x3237370:     109 tokens, checkpoints:  0,    13.627 MiB
srv        update:    - prompt 0x3218e50:     113 tokens, checkpoints:  0,    14.127 MiB
srv        update:    - prompt 0x3227330:     108 tokens, checkpoints:  0,    13.502 MiB
srv        update:    - prompt 0xee0250:     108 tokens, checkpoints:  0,    13.502 MiB
srv        update:    - prompt 0x321a8d0:     108 tokens, checkpoints:  0,    13.502 MiB
srv        update:    - prompt 0x439f590:     111 tokens, checkpoints:  0,    13.877 MiB
srv        update:    - prompt 0xef15d0:     119 tokens, checkpoints:  0,    14.877 MiB
srv        update:    - prompt 0x439f330:     123 tokens, checkpoints:  0,    15.377 MiB
srv        update:    - prompt 0xf0e6d0:     165 tokens, checkpoints:  0,    20.628 MiB
srv        update:    - prompt 0xf0c750:     131 tokens, checkpoints:  0,    16.377 MiB
srv        update:    - prompt 0x439ff90:     135 tokens, checkpoints:  0,    16.877 MiB
srv        update:    - prompt 0x3ad1ce0:     132 tokens, checkpoints:  0,    16.502 MiB
srv        update:    - prompt 0x3af8e30:     146 tokens, checkpoints:  0,    18.252 MiB
srv        update:    - prompt 0x322e950:     130 tokens, checkpoints:  0,    16.252 MiB
srv        update:    - prompt 0x3adad40:     136 tokens, checkpoints:  0,    17.002 MiB
srv        update:    - prompt 0x3226180:     136 tokens, checkpoints:  0,    17.002 MiB
srv        update:    - prompt 0xfffdc00062a0:     241 tokens, checkpoints:  0,    30.129 MiB
srv        update:    - prompt 0xfffdb8004ad0:     325 tokens, checkpoints:  0,    40.629 MiB
srv        update:    - prompt 0x439f4c0:     363 tokens, checkpoints:  0,    45.380 MiB
srv        update:    - prompt 0x438d640:     425 tokens, checkpoints:  0,    53.131 MiB
slot update_slots: id  1 | task 8787 | new prompt, n_ctx_slot = 4096, n_keep = 0, task.n_tokens = 310
slot update_slots: id  1 | task 8787 | need to evaluate at least 1 token for each active slot (n_past = 310, task.n_tokens() = 310)
slot update_slots: id  1 | task 8787 | n_past was set to 309
slot update_slots: id  1 | task 8787 | n_tokens = 309, memory_seq_rm [309, end)
slot init_sampler: id  1 | task 8787 | init sampler, took 0.15 ms, tokens: text = 310, total = 310
slot update_slots: id  1 | task 8787 | prompt processing done, n_tokens = 310, batch.n_tokens = 1
srv  log_server_r: done request: POST /completion 127.0.0.1 200
slot print_timing: id  1 | task 8787 | 
prompt eval time =      99.84 ms /     1 tokens (   99.84 ms per token,    10.02 tokens per second)
       eval time =    9924.26 ms /   100 tokens (   99.24 ms per token,    10.08 tokens per second)
      total time =   10024.10 ms /   101 tokens
slot      release: id  1 | task 8787 | stop processing: n_tokens = 409, truncated = 0
srv  update_slots: all slots are idle
slot get_availabl: id  0 | task -1 | selected slot by LRU, t_last = 34853775953
srv  get_availabl: updating prompt cache
srv          load:  - looking for better prompt, base f_keep = -1.000, sim = 0.000
srv          load:  - found better prompt with f_keep = 0.760, sim = 1.000
srv        update:  - cache state: 59 prompts, 1126.647 MiB (limits: 8192.000 MiB, 4096 tokens, 65527 est)
srv        update:    - prompt 0x3219180:     106 tokens, checkpoints:  0,    13.252 MiB
srv        update:    - prompt 0x3218d60:     107 tokens, checkpoints:  0,    13.377 MiB
srv        update:    - prompt 0x321a980:     106 tokens, checkpoints:  0,    13.252 MiB
srv        update:    - prompt 0x321dbb0:     107 tokens, checkpoints:  0,    13.377 MiB
srv        update:    - prompt 0xf0ef60:     105 tokens, checkpoints:  0,    13.127 MiB
srv        update:    - prompt 0xfd2770:     110 tokens, checkpoints:  0,    13.752 MiB
srv        update:    - prompt 0x321e630:     116 tokens, checkpoints:  0,    14.502 MiB
srv        update:    - prompt 0x4be6150:     109 tokens, checkpoints:  0,    13.627 MiB
srv        update:    - prompt 0x439f290:     113 tokens, checkpoints:  0,    14.127 MiB
srv        update:    - prompt 0x439c190:     108 tokens, checkpoints:  0,    13.502 MiB
srv        update:    - prompt 0x3ad05f0:     108 tokens, checkpoints:  0,    13.502 MiB
srv        update:    - prompt 0x323a460:     108 tokens, checkpoints:  0,    13.502 MiB
srv        update:    - prompt 0xee4860:     111 tokens, checkpoints:  0,    13.877 MiB
srv        update:    - prompt 0x3238470:     119 tokens, checkpoints:  0,    14.877 MiB
srv        update:    - prompt 0xf09400:     123 tokens, checkpoints:  0,    15.377 MiB
srv        update:    - prompt 0x3237530:     131 tokens, checkpoints:  0,    16.377 MiB
srv        update:    - prompt 0x3229e60:     130 tokens, checkpoints:  0,    16.252 MiB
srv        update:    - prompt 0x3ad30f0:     107 tokens, checkpoints:  0,    13.377 MiB
srv        update:    - prompt 0x321fd80:     105 tokens, checkpoints:  0,    13.127 MiB
srv        update:    - prompt 0x3af3c80:     110 tokens, checkpoints:  0,    13.752 MiB
srv        update:    - prompt 0x3aeb450:     116 tokens, checkpoints:  0,    14.502 MiB
srv        update:    - prompt 0x11f0c00:     109 tokens, checkpoints:  0,    13.627 MiB
srv        update:    - prompt 0x43993b0:     113 tokens, checkpoints:  0,    14.127 MiB
srv        update:    - prompt 0xf0c4e0:     108 tokens, checkpoints:  0,    13.502 MiB
srv        update:    - prompt 0x32372b0:     108 tokens, checkpoints:  0,    13.502 MiB
srv        update:    - prompt 0xee1a40:     108 tokens, checkpoints:  0,    13.502 MiB
srv        update:    - prompt 0xee8940:     111 tokens, checkpoints:  0,    13.877 MiB
srv        update:    - prompt 0x3ae40d0:     119 tokens, checkpoints:  0,    14.877 MiB
srv        update:    - prompt 0x322d890:     123 tokens, checkpoints:  0,    15.377 MiB
srv        update:    - prompt 0x3237430:     131 tokens, checkpoints:  0,    16.377 MiB
srv        update:    - prompt 0x32228d0:     130 tokens, checkpoints:  0,    16.252 MiB
srv        update:    - prompt 0x3229da0:     418 tokens, checkpoints:  0,    52.256 MiB
srv        update:    - prompt 0x3ad7fe0:     415 tokens, checkpoints:  0,    51.880 MiB
srv        update:    - prompt 0x32349c0:     431 tokens, checkpoints:  0,    53.881 MiB
srv        update:    - prompt 0xfffe10002440:     431 tokens, checkpoints:  0,    53.881 MiB
srv        update:    - prompt 0xfffe1c005350:     107 tokens, checkpoints:  0,    13.377 MiB
srv        update:    - prompt 0xfffe300036d0:     105 tokens, checkpoints:  0,    13.127 MiB
srv        update:    - prompt 0x322d7f0:     110 tokens, checkpoints:  0,    13.752 MiB
srv        update:    - prompt 0x438da50:     116 tokens, checkpoints:  0,    14.502 MiB
srv        update:    - prompt 0x3237370:     109 tokens, checkpoints:  0,    13.627 MiB
srv        update:    - prompt 0x3218e50:     113 tokens, checkpoints:  0,    14.127 MiB
srv        update:    - prompt 0x3227330:     108 tokens, checkpoints:  0,    13.502 MiB
srv        update:    - prompt 0xee0250:     108 tokens, checkpoints:  0,    13.502 MiB
srv        update:    - prompt 0x321a8d0:     108 tokens, checkpoints:  0,    13.502 MiB
srv        update:    - prompt 0x439f590:     111 tokens, checkpoints:  0,    13.877 MiB
srv        update:    - prompt 0xef15d0:     119 tokens, checkpoints:  0,    14.877 MiB
srv        update:    - prompt 0x439f330:     123 tokens, checkpoints:  0,    15.377 MiB
srv        update:    - prompt 0xf0e6d0:     165 tokens, checkpoints:  0,    20.628 MiB
srv        update:    - prompt 0xf0c750:     131 tokens, checkpoints:  0,    16.377 MiB
srv        update:    - prompt 0x439ff90:     135 tokens, checkpoints:  0,    16.877 MiB
srv        update:    - prompt 0x3ad1ce0:     132 tokens, checkpoints:  0,    16.502 MiB
srv        update:    - prompt 0x3af8e30:     146 tokens, checkpoints:  0,    18.252 MiB
srv        update:    - prompt 0x322e950:     130 tokens, checkpoints:  0,    16.252 MiB
srv        update:    - prompt 0x3adad40:     136 tokens, checkpoints:  0,    17.002 MiB
srv        update:    - prompt 0x3226180:     136 tokens, checkpoints:  0,    17.002 MiB
srv        update:    - prompt 0xfffdc00062a0:     241 tokens, checkpoints:  0,    30.129 MiB
srv        update:    - prompt 0xfffdb8004ad0:     325 tokens, checkpoints:  0,    40.629 MiB
srv        update:    - prompt 0x439f4c0:     363 tokens, checkpoints:  0,    45.380 MiB
srv        update:    - prompt 0x438d640:     425 tokens, checkpoints:  0,    53.131 MiB
srv  get_availabl: prompt cache update took 16.86 ms
slot launch_slot_: id  0 | task -1 | sampler chain: logits -> ?penalties -> ?dry -> ?top-n-sigma -> top-k -> ?typical -> top-p -> min-p -> ?xtc -> temp-ext -> dist 
slot launch_slot_: id  0 | task 8888 | processing task, is_child = 0
slot slot_save_an: id  1 | task -1 | saving idle slot to prompt cache
srv   prompt_save:  - saving prompt with length 409, total state size = 51.130 MiB
slot prompt_clear: id  1 | task -1 | clearing prompt with 409 tokens
srv        update:  - cache state: 60 prompts, 1177.778 MiB (limits: 8192.000 MiB, 4096 tokens, 65527 est)
srv        update:    - prompt 0x3219180:     106 tokens, checkpoints:  0,    13.252 MiB
srv        update:    - prompt 0x3218d60:     107 tokens, checkpoints:  0,    13.377 MiB
srv        update:    - prompt 0x321a980:     106 tokens, checkpoints:  0,    13.252 MiB
srv        update:    - prompt 0x321dbb0:     107 tokens, checkpoints:  0,    13.377 MiB
srv        update:    - prompt 0xf0ef60:     105 tokens, checkpoints:  0,    13.127 MiB
srv        update:    - prompt 0xfd2770:     110 tokens, checkpoints:  0,    13.752 MiB
srv        update:    - prompt 0x321e630:     116 tokens, checkpoints:  0,    14.502 MiB
srv        update:    - prompt 0x4be6150:     109 tokens, checkpoints:  0,    13.627 MiB
srv        update:    - prompt 0x439f290:     113 tokens, checkpoints:  0,    14.127 MiB
srv        update:    - prompt 0x439c190:     108 tokens, checkpoints:  0,    13.502 MiB
srv        update:    - prompt 0x3ad05f0:     108 tokens, checkpoints:  0,    13.502 MiB
srv        update:    - prompt 0x323a460:     108 tokens, checkpoints:  0,    13.502 MiB
srv        update:    - prompt 0xee4860:     111 tokens, checkpoints:  0,    13.877 MiB
srv        update:    - prompt 0x3238470:     119 tokens, checkpoints:  0,    14.877 MiB
srv        update:    - prompt 0xf09400:     123 tokens, checkpoints:  0,    15.377 MiB
srv        update:    - prompt 0x3237530:     131 tokens, checkpoints:  0,    16.377 MiB
srv        update:    - prompt 0x3229e60:     130 tokens, checkpoints:  0,    16.252 MiB
srv        update:    - prompt 0x3ad30f0:     107 tokens, checkpoints:  0,    13.377 MiB
srv        update:    - prompt 0x321fd80:     105 tokens, checkpoints:  0,    13.127 MiB
srv        update:    - prompt 0x3af3c80:     110 tokens, checkpoints:  0,    13.752 MiB
srv        update:    - prompt 0x3aeb450:     116 tokens, checkpoints:  0,    14.502 MiB
srv        update:    - prompt 0x11f0c00:     109 tokens, checkpoints:  0,    13.627 MiB
srv        update:    - prompt 0x43993b0:     113 tokens, checkpoints:  0,    14.127 MiB
srv        update:    - prompt 0xf0c4e0:     108 tokens, checkpoints:  0,    13.502 MiB
srv        update:    - prompt 0x32372b0:     108 tokens, checkpoints:  0,    13.502 MiB
srv        update:    - prompt 0xee1a40:     108 tokens, checkpoints:  0,    13.502 MiB
srv        update:    - prompt 0xee8940:     111 tokens, checkpoints:  0,    13.877 MiB
srv        update:    - prompt 0x3ae40d0:     119 tokens, checkpoints:  0,    14.877 MiB
srv        update:    - prompt 0x322d890:     123 tokens, checkpoints:  0,    15.377 MiB
srv        update:    - prompt 0x3237430:     131 tokens, checkpoints:  0,    16.377 MiB
srv        update:    - prompt 0x32228d0:     130 tokens, checkpoints:  0,    16.252 MiB
srv        update:    - prompt 0x3229da0:     418 tokens, checkpoints:  0,    52.256 MiB
srv        update:    - prompt 0x3ad7fe0:     415 tokens, checkpoints:  0,    51.880 MiB
srv        update:    - prompt 0x32349c0:     431 tokens, checkpoints:  0,    53.881 MiB
srv        update:    - prompt 0xfffe10002440:     431 tokens, checkpoints:  0,    53.881 MiB
srv        update:    - prompt 0xfffe1c005350:     107 tokens, checkpoints:  0,    13.377 MiB
srv        update:    - prompt 0xfffe300036d0:     105 tokens, checkpoints:  0,    13.127 MiB
srv        update:    - prompt 0x322d7f0:     110 tokens, checkpoints:  0,    13.752 MiB
srv        update:    - prompt 0x438da50:     116 tokens, checkpoints:  0,    14.502 MiB
srv        update:    - prompt 0x3237370:     109 tokens, checkpoints:  0,    13.627 MiB
srv        update:    - prompt 0x3218e50:     113 tokens, checkpoints:  0,    14.127 MiB
srv        update:    - prompt 0x3227330:     108 tokens, checkpoints:  0,    13.502 MiB
srv        update:    - prompt 0xee0250:     108 tokens, checkpoints:  0,    13.502 MiB
srv        update:    - prompt 0x321a8d0:     108 tokens, checkpoints:  0,    13.502 MiB
srv        update:    - prompt 0x439f590:     111 tokens, checkpoints:  0,    13.877 MiB
srv        update:    - prompt 0xef15d0:     119 tokens, checkpoints:  0,    14.877 MiB
srv        update:    - prompt 0x439f330:     123 tokens, checkpoints:  0,    15.377 MiB
srv        update:    - prompt 0xf0e6d0:     165 tokens, checkpoints:  0,    20.628 MiB
srv        update:    - prompt 0xf0c750:     131 tokens, checkpoints:  0,    16.377 MiB
srv        update:    - prompt 0x439ff90:     135 tokens, checkpoints:  0,    16.877 MiB
srv        update:    - prompt 0x3ad1ce0:     132 tokens, checkpoints:  0,    16.502 MiB
srv        update:    - prompt 0x3af8e30:     146 tokens, checkpoints:  0,    18.252 MiB
srv        update:    - prompt 0x322e950:     130 tokens, checkpoints:  0,    16.252 MiB
srv        update:    - prompt 0x3adad40:     136 tokens, checkpoints:  0,    17.002 MiB
srv        update:    - prompt 0x3226180:     136 tokens, checkpoints:  0,    17.002 MiB
srv        update:    - prompt 0xfffdc00062a0:     241 tokens, checkpoints:  0,    30.129 MiB
srv        update:    - prompt 0xfffdb8004ad0:     325 tokens, checkpoints:  0,    40.629 MiB
srv        update:    - prompt 0x439f4c0:     363 tokens, checkpoints:  0,    45.380 MiB
srv        update:    - prompt 0x438d640:     425 tokens, checkpoints:  0,    53.131 MiB
srv        update:    - prompt 0xf09890:     409 tokens, checkpoints:  0,    51.130 MiB
slot update_slots: id  0 | task 8888 | new prompt, n_ctx_slot = 4096, n_keep = 0, task.n_tokens = 313
slot update_slots: id  0 | task 8888 | need to evaluate at least 1 token for each active slot (n_past = 313, task.n_tokens() = 313)
slot update_slots: id  0 | task 8888 | n_past was set to 312
slot update_slots: id  0 | task 8888 | n_tokens = 312, memory_seq_rm [312, end)
slot init_sampler: id  0 | task 8888 | init sampler, took 0.17 ms, tokens: text = 313, total = 313
slot update_slots: id  0 | task 8888 | prompt processing done, n_tokens = 313, batch.n_tokens = 1
srv  log_server_r: done request: POST /completion 127.0.0.1 200
slot print_timing: id  0 | task 8888 | 
prompt eval time =      99.31 ms /     1 tokens (   99.31 ms per token,    10.07 tokens per second)
       eval time =    9814.35 ms /   100 tokens (   98.14 ms per token,    10.19 tokens per second)
      total time =    9913.66 ms /   101 tokens
slot      release: id  0 | task 8888 | stop processing: n_tokens = 412, truncated = 0
srv  update_slots: all slots are idle
slot get_availabl: id  3 | task -1 | selected slot by LRU, t_last = 34864011373
srv  get_availabl: updating prompt cache
srv          load:  - looking for better prompt, base f_keep = -1.000, sim = 0.000
srv          load:  - found better prompt with f_keep = 0.763, sim = 1.000
srv        update:  - cache state: 59 prompts, 1125.522 MiB (limits: 8192.000 MiB, 4096 tokens, 65527 est)
srv        update:    - prompt 0x3219180:     106 tokens, checkpoints:  0,    13.252 MiB
srv        update:    - prompt 0x3218d60:     107 tokens, checkpoints:  0,    13.377 MiB
srv        update:    - prompt 0x321a980:     106 tokens, checkpoints:  0,    13.252 MiB
srv        update:    - prompt 0x321dbb0:     107 tokens, checkpoints:  0,    13.377 MiB
srv        update:    - prompt 0xf0ef60:     105 tokens, checkpoints:  0,    13.127 MiB
srv        update:    - prompt 0xfd2770:     110 tokens, checkpoints:  0,    13.752 MiB
srv        update:    - prompt 0x321e630:     116 tokens, checkpoints:  0,    14.502 MiB
srv        update:    - prompt 0x4be6150:     109 tokens, checkpoints:  0,    13.627 MiB
srv        update:    - prompt 0x439f290:     113 tokens, checkpoints:  0,    14.127 MiB
srv        update:    - prompt 0x439c190:     108 tokens, checkpoints:  0,    13.502 MiB
srv        update:    - prompt 0x3ad05f0:     108 tokens, checkpoints:  0,    13.502 MiB
srv        update:    - prompt 0x323a460:     108 tokens, checkpoints:  0,    13.502 MiB
srv        update:    - prompt 0xee4860:     111 tokens, checkpoints:  0,    13.877 MiB
srv        update:    - prompt 0x3238470:     119 tokens, checkpoints:  0,    14.877 MiB
srv        update:    - prompt 0xf09400:     123 tokens, checkpoints:  0,    15.377 MiB
srv        update:    - prompt 0x3237530:     131 tokens, checkpoints:  0,    16.377 MiB
srv        update:    - prompt 0x3229e60:     130 tokens, checkpoints:  0,    16.252 MiB
srv        update:    - prompt 0x3ad30f0:     107 tokens, checkpoints:  0,    13.377 MiB
srv        update:    - prompt 0x321fd80:     105 tokens, checkpoints:  0,    13.127 MiB
srv        update:    - prompt 0x3af3c80:     110 tokens, checkpoints:  0,    13.752 MiB
srv        update:    - prompt 0x3aeb450:     116 tokens, checkpoints:  0,    14.502 MiB
srv        update:    - prompt 0x11f0c00:     109 tokens, checkpoints:  0,    13.627 MiB
srv        update:    - prompt 0x43993b0:     113 tokens, checkpoints:  0,    14.127 MiB
srv        update:    - prompt 0xf0c4e0:     108 tokens, checkpoints:  0,    13.502 MiB
srv        update:    - prompt 0x32372b0:     108 tokens, checkpoints:  0,    13.502 MiB
srv        update:    - prompt 0xee1a40:     108 tokens, checkpoints:  0,    13.502 MiB
srv        update:    - prompt 0xee8940:     111 tokens, checkpoints:  0,    13.877 MiB
srv        update:    - prompt 0x3ae40d0:     119 tokens, checkpoints:  0,    14.877 MiB
srv        update:    - prompt 0x322d890:     123 tokens, checkpoints:  0,    15.377 MiB
srv        update:    - prompt 0x3237430:     131 tokens, checkpoints:  0,    16.377 MiB
srv        update:    - prompt 0x32228d0:     130 tokens, checkpoints:  0,    16.252 MiB
srv        update:    - prompt 0x3ad7fe0:     415 tokens, checkpoints:  0,    51.880 MiB
srv        update:    - prompt 0x32349c0:     431 tokens, checkpoints:  0,    53.881 MiB
srv        update:    - prompt 0xfffe10002440:     431 tokens, checkpoints:  0,    53.881 MiB
srv        update:    - prompt 0xfffe1c005350:     107 tokens, checkpoints:  0,    13.377 MiB
srv        update:    - prompt 0xfffe300036d0:     105 tokens, checkpoints:  0,    13.127 MiB
srv        update:    - prompt 0x322d7f0:     110 tokens, checkpoints:  0,    13.752 MiB
srv        update:    - prompt 0x438da50:     116 tokens, checkpoints:  0,    14.502 MiB
srv        update:    - prompt 0x3237370:     109 tokens, checkpoints:  0,    13.627 MiB
srv        update:    - prompt 0x3218e50:     113 tokens, checkpoints:  0,    14.127 MiB
srv        update:    - prompt 0x3227330:     108 tokens, checkpoints:  0,    13.502 MiB
srv        update:    - prompt 0xee0250:     108 tokens, checkpoints:  0,    13.502 MiB
srv        update:    - prompt 0x321a8d0:     108 tokens, checkpoints:  0,    13.502 MiB
srv        update:    - prompt 0x439f590:     111 tokens, checkpoints:  0,    13.877 MiB
srv        update:    - prompt 0xef15d0:     119 tokens, checkpoints:  0,    14.877 MiB
srv        update:    - prompt 0x439f330:     123 tokens, checkpoints:  0,    15.377 MiB
srv        update:    - prompt 0xf0e6d0:     165 tokens, checkpoints:  0,    20.628 MiB
srv        update:    - prompt 0xf0c750:     131 tokens, checkpoints:  0,    16.377 MiB
srv        update:    - prompt 0x439ff90:     135 tokens, checkpoints:  0,    16.877 MiB
srv        update:    - prompt 0x3ad1ce0:     132 tokens, checkpoints:  0,    16.502 MiB
srv        update:    - prompt 0x3af8e30:     146 tokens, checkpoints:  0,    18.252 MiB
srv        update:    - prompt 0x322e950:     130 tokens, checkpoints:  0,    16.252 MiB
srv        update:    - prompt 0x3adad40:     136 tokens, checkpoints:  0,    17.002 MiB
srv        update:    - prompt 0x3226180:     136 tokens, checkpoints:  0,    17.002 MiB
srv        update:    - prompt 0xfffdc00062a0:     241 tokens, checkpoints:  0,    30.129 MiB
srv        update:    - prompt 0xfffdb8004ad0:     325 tokens, checkpoints:  0,    40.629 MiB
srv        update:    - prompt 0x439f4c0:     363 tokens, checkpoints:  0,    45.380 MiB
srv        update:    - prompt 0x438d640:     425 tokens, checkpoints:  0,    53.131 MiB
srv        update:    - prompt 0xf09890:     409 tokens, checkpoints:  0,    51.130 MiB
srv  get_availabl: prompt cache update took 17.10 ms
slot launch_slot_: id  3 | task -1 | sampler chain: logits -> ?penalties -> ?dry -> ?top-n-sigma -> top-k -> ?typical -> top-p -> min-p -> ?xtc -> temp-ext -> dist 
slot launch_slot_: id  3 | task 8989 | processing task, is_child = 0
slot slot_save_an: id  0 | task -1 | saving idle slot to prompt cache
srv   prompt_save:  - saving prompt with length 412, total state size = 51.505 MiB
slot prompt_clear: id  0 | task -1 | clearing prompt with 412 tokens
srv        update:  - cache state: 60 prompts, 1177.028 MiB (limits: 8192.000 MiB, 4096 tokens, 65527 est)
srv        update:    - prompt 0x3219180:     106 tokens, checkpoints:  0,    13.252 MiB
srv        update:    - prompt 0x3218d60:     107 tokens, checkpoints:  0,    13.377 MiB
srv        update:    - prompt 0x321a980:     106 tokens, checkpoints:  0,    13.252 MiB
srv        update:    - prompt 0x321dbb0:     107 tokens, checkpoints:  0,    13.377 MiB
srv        update:    - prompt 0xf0ef60:     105 tokens, checkpoints:  0,    13.127 MiB
srv        update:    - prompt 0xfd2770:     110 tokens, checkpoints:  0,    13.752 MiB
srv        update:    - prompt 0x321e630:     116 tokens, checkpoints:  0,    14.502 MiB
srv        update:    - prompt 0x4be6150:     109 tokens, checkpoints:  0,    13.627 MiB
srv        update:    - prompt 0x439f290:     113 tokens, checkpoints:  0,    14.127 MiB
srv        update:    - prompt 0x439c190:     108 tokens, checkpoints:  0,    13.502 MiB
srv        update:    - prompt 0x3ad05f0:     108 tokens, checkpoints:  0,    13.502 MiB
srv        update:    - prompt 0x323a460:     108 tokens, checkpoints:  0,    13.502 MiB
srv        update:    - prompt 0xee4860:     111 tokens, checkpoints:  0,    13.877 MiB
srv        update:    - prompt 0x3238470:     119 tokens, checkpoints:  0,    14.877 MiB
srv        update:    - prompt 0xf09400:     123 tokens, checkpoints:  0,    15.377 MiB
srv        update:    - prompt 0x3237530:     131 tokens, checkpoints:  0,    16.377 MiB
srv        update:    - prompt 0x3229e60:     130 tokens, checkpoints:  0,    16.252 MiB
srv        update:    - prompt 0x3ad30f0:     107 tokens, checkpoints:  0,    13.377 MiB
srv        update:    - prompt 0x321fd80:     105 tokens, checkpoints:  0,    13.127 MiB
srv        update:    - prompt 0x3af3c80:     110 tokens, checkpoints:  0,    13.752 MiB
srv        update:    - prompt 0x3aeb450:     116 tokens, checkpoints:  0,    14.502 MiB
srv        update:    - prompt 0x11f0c00:     109 tokens, checkpoints:  0,    13.627 MiB
srv        update:    - prompt 0x43993b0:     113 tokens, checkpoints:  0,    14.127 MiB
srv        update:    - prompt 0xf0c4e0:     108 tokens, checkpoints:  0,    13.502 MiB
srv        update:    - prompt 0x32372b0:     108 tokens, checkpoints:  0,    13.502 MiB
srv        update:    - prompt 0xee1a40:     108 tokens, checkpoints:  0,    13.502 MiB
srv        update:    - prompt 0xee8940:     111 tokens, checkpoints:  0,    13.877 MiB
srv        update:    - prompt 0x3ae40d0:     119 tokens, checkpoints:  0,    14.877 MiB
srv        update:    - prompt 0x322d890:     123 tokens, checkpoints:  0,    15.377 MiB
srv        update:    - prompt 0x3237430:     131 tokens, checkpoints:  0,    16.377 MiB
srv        update:    - prompt 0x32228d0:     130 tokens, checkpoints:  0,    16.252 MiB
srv        update:    - prompt 0x3ad7fe0:     415 tokens, checkpoints:  0,    51.880 MiB
srv        update:    - prompt 0x32349c0:     431 tokens, checkpoints:  0,    53.881 MiB
srv        update:    - prompt 0xfffe10002440:     431 tokens, checkpoints:  0,    53.881 MiB
srv        update:    - prompt 0xfffe1c005350:     107 tokens, checkpoints:  0,    13.377 MiB
srv        update:    - prompt 0xfffe300036d0:     105 tokens, checkpoints:  0,    13.127 MiB
srv        update:    - prompt 0x322d7f0:     110 tokens, checkpoints:  0,    13.752 MiB
srv        update:    - prompt 0x438da50:     116 tokens, checkpoints:  0,    14.502 MiB
srv        update:    - prompt 0x3237370:     109 tokens, checkpoints:  0,    13.627 MiB
srv        update:    - prompt 0x3218e50:     113 tokens, checkpoints:  0,    14.127 MiB
srv        update:    - prompt 0x3227330:     108 tokens, checkpoints:  0,    13.502 MiB
srv        update:    - prompt 0xee0250:     108 tokens, checkpoints:  0,    13.502 MiB
srv        update:    - prompt 0x321a8d0:     108 tokens, checkpoints:  0,    13.502 MiB
srv        update:    - prompt 0x439f590:     111 tokens, checkpoints:  0,    13.877 MiB
srv        update:    - prompt 0xef15d0:     119 tokens, checkpoints:  0,    14.877 MiB
srv        update:    - prompt 0x439f330:     123 tokens, checkpoints:  0,    15.377 MiB
srv        update:    - prompt 0xf0e6d0:     165 tokens, checkpoints:  0,    20.628 MiB
srv        update:    - prompt 0xf0c750:     131 tokens, checkpoints:  0,    16.377 MiB
srv        update:    - prompt 0x439ff90:     135 tokens, checkpoints:  0,    16.877 MiB
srv        update:    - prompt 0x3ad1ce0:     132 tokens, checkpoints:  0,    16.502 MiB
srv        update:    - prompt 0x3af8e30:     146 tokens, checkpoints:  0,    18.252 MiB
srv        update:    - prompt 0x322e950:     130 tokens, checkpoints:  0,    16.252 MiB
srv        update:    - prompt 0x3adad40:     136 tokens, checkpoints:  0,    17.002 MiB
srv        update:    - prompt 0x3226180:     136 tokens, checkpoints:  0,    17.002 MiB
srv        update:    - prompt 0xfffdc00062a0:     241 tokens, checkpoints:  0,    30.129 MiB
srv        update:    - prompt 0xfffdb8004ad0:     325 tokens, checkpoints:  0,    40.629 MiB
srv        update:    - prompt 0x439f4c0:     363 tokens, checkpoints:  0,    45.380 MiB
srv        update:    - prompt 0x438d640:     425 tokens, checkpoints:  0,    53.131 MiB
srv        update:    - prompt 0xf09890:     409 tokens, checkpoints:  0,    51.130 MiB
srv        update:    - prompt 0x3229da0:     412 tokens, checkpoints:  0,    51.505 MiB
slot update_slots: id  3 | task 8989 | new prompt, n_ctx_slot = 4096, n_keep = 0, task.n_tokens = 319
slot update_slots: id  3 | task 8989 | need to evaluate at least 1 token for each active slot (n_past = 319, task.n_tokens() = 319)
slot update_slots: id  3 | task 8989 | n_past was set to 318
slot update_slots: id  3 | task 8989 | n_tokens = 318, memory_seq_rm [318, end)
slot init_sampler: id  3 | task 8989 | init sampler, took 0.16 ms, tokens: text = 319, total = 319
slot update_slots: id  3 | task 8989 | prompt processing done, n_tokens = 319, batch.n_tokens = 1
srv  log_server_r: done request: POST /completion 127.0.0.1 200
slot print_timing: id  3 | task 8989 | 
prompt eval time =     100.01 ms /     1 tokens (  100.01 ms per token,    10.00 tokens per second)
       eval time =    9928.42 ms /   100 tokens (   99.28 ms per token,    10.07 tokens per second)
      total time =   10028.44 ms /   101 tokens
slot      release: id  3 | task 8989 | stop processing: n_tokens = 418, truncated = 0
srv  update_slots: all slots are idle
slot get_availabl: id  2 | task -1 | selected slot by LRU, t_last = 34874551610
srv  get_availabl: updating prompt cache
srv          load:  - looking for better prompt, base f_keep = -1.000, sim = 0.000
srv          load:  - found better prompt with f_keep = 0.761, sim = 1.000
srv        update:  - cache state: 59 prompts, 1125.147 MiB (limits: 8192.000 MiB, 4096 tokens, 65527 est)
srv        update:    - prompt 0x3219180:     106 tokens, checkpoints:  0,    13.252 MiB
srv        update:    - prompt 0x3218d60:     107 tokens, checkpoints:  0,    13.377 MiB
srv        update:    - prompt 0x321a980:     106 tokens, checkpoints:  0,    13.252 MiB
srv        update:    - prompt 0x321dbb0:     107 tokens, checkpoints:  0,    13.377 MiB
srv        update:    - prompt 0xf0ef60:     105 tokens, checkpoints:  0,    13.127 MiB
srv        update:    - prompt 0xfd2770:     110 tokens, checkpoints:  0,    13.752 MiB
srv        update:    - prompt 0x321e630:     116 tokens, checkpoints:  0,    14.502 MiB
srv        update:    - prompt 0x4be6150:     109 tokens, checkpoints:  0,    13.627 MiB
srv        update:    - prompt 0x439f290:     113 tokens, checkpoints:  0,    14.127 MiB
srv        update:    - prompt 0x439c190:     108 tokens, checkpoints:  0,    13.502 MiB
srv        update:    - prompt 0x3ad05f0:     108 tokens, checkpoints:  0,    13.502 MiB
srv        update:    - prompt 0x323a460:     108 tokens, checkpoints:  0,    13.502 MiB
srv        update:    - prompt 0xee4860:     111 tokens, checkpoints:  0,    13.877 MiB
srv        update:    - prompt 0x3238470:     119 tokens, checkpoints:  0,    14.877 MiB
srv        update:    - prompt 0xf09400:     123 tokens, checkpoints:  0,    15.377 MiB
srv        update:    - prompt 0x3237530:     131 tokens, checkpoints:  0,    16.377 MiB
srv        update:    - prompt 0x3229e60:     130 tokens, checkpoints:  0,    16.252 MiB
srv        update:    - prompt 0x3ad30f0:     107 tokens, checkpoints:  0,    13.377 MiB
srv        update:    - prompt 0x321fd80:     105 tokens, checkpoints:  0,    13.127 MiB
srv        update:    - prompt 0x3af3c80:     110 tokens, checkpoints:  0,    13.752 MiB
srv        update:    - prompt 0x3aeb450:     116 tokens, checkpoints:  0,    14.502 MiB
srv        update:    - prompt 0x11f0c00:     109 tokens, checkpoints:  0,    13.627 MiB
srv        update:    - prompt 0x43993b0:     113 tokens, checkpoints:  0,    14.127 MiB
srv        update:    - prompt 0xf0c4e0:     108 tokens, checkpoints:  0,    13.502 MiB
srv        update:    - prompt 0x32372b0:     108 tokens, checkpoints:  0,    13.502 MiB
srv        update:    - prompt 0xee1a40:     108 tokens, checkpoints:  0,    13.502 MiB
srv        update:    - prompt 0xee8940:     111 tokens, checkpoints:  0,    13.877 MiB
srv        update:    - prompt 0x3ae40d0:     119 tokens, checkpoints:  0,    14.877 MiB
srv        update:    - prompt 0x322d890:     123 tokens, checkpoints:  0,    15.377 MiB
srv        update:    - prompt 0x3237430:     131 tokens, checkpoints:  0,    16.377 MiB
srv        update:    - prompt 0x32228d0:     130 tokens, checkpoints:  0,    16.252 MiB
srv        update:    - prompt 0x32349c0:     431 tokens, checkpoints:  0,    53.881 MiB
srv        update:    - prompt 0xfffe10002440:     431 tokens, checkpoints:  0,    53.881 MiB
srv        update:    - prompt 0xfffe1c005350:     107 tokens, checkpoints:  0,    13.377 MiB
srv        update:    - prompt 0xfffe300036d0:     105 tokens, checkpoints:  0,    13.127 MiB
srv        update:    - prompt 0x322d7f0:     110 tokens, checkpoints:  0,    13.752 MiB
srv        update:    - prompt 0x438da50:     116 tokens, checkpoints:  0,    14.502 MiB
srv        update:    - prompt 0x3237370:     109 tokens, checkpoints:  0,    13.627 MiB
srv        update:    - prompt 0x3218e50:     113 tokens, checkpoints:  0,    14.127 MiB
srv        update:    - prompt 0x3227330:     108 tokens, checkpoints:  0,    13.502 MiB
srv        update:    - prompt 0xee0250:     108 tokens, checkpoints:  0,    13.502 MiB
srv        update:    - prompt 0x321a8d0:     108 tokens, checkpoints:  0,    13.502 MiB
srv        update:    - prompt 0x439f590:     111 tokens, checkpoints:  0,    13.877 MiB
srv        update:    - prompt 0xef15d0:     119 tokens, checkpoints:  0,    14.877 MiB
srv        update:    - prompt 0x439f330:     123 tokens, checkpoints:  0,    15.377 MiB
srv        update:    - prompt 0xf0e6d0:     165 tokens, checkpoints:  0,    20.628 MiB
srv        update:    - prompt 0xf0c750:     131 tokens, checkpoints:  0,    16.377 MiB
srv        update:    - prompt 0x439ff90:     135 tokens, checkpoints:  0,    16.877 MiB
srv        update:    - prompt 0x3ad1ce0:     132 tokens, checkpoints:  0,    16.502 MiB
srv        update:    - prompt 0x3af8e30:     146 tokens, checkpoints:  0,    18.252 MiB
srv        update:    - prompt 0x322e950:     130 tokens, checkpoints:  0,    16.252 MiB
srv        update:    - prompt 0x3adad40:     136 tokens, checkpoints:  0,    17.002 MiB
srv        update:    - prompt 0x3226180:     136 tokens, checkpoints:  0,    17.002 MiB
srv        update:    - prompt 0xfffdc00062a0:     241 tokens, checkpoints:  0,    30.129 MiB
srv        update:    - prompt 0xfffdb8004ad0:     325 tokens, checkpoints:  0,    40.629 MiB
srv        update:    - prompt 0x439f4c0:     363 tokens, checkpoints:  0,    45.380 MiB
srv        update:    - prompt 0x438d640:     425 tokens, checkpoints:  0,    53.131 MiB
srv        update:    - prompt 0xf09890:     409 tokens, checkpoints:  0,    51.130 MiB
srv        update:    - prompt 0x3229da0:     412 tokens, checkpoints:  0,    51.505 MiB
srv  get_availabl: prompt cache update took 17.00 ms
slot launch_slot_: id  2 | task -1 | sampler chain: logits -> ?penalties -> ?dry -> ?top-n-sigma -> top-k -> ?typical -> top-p -> min-p -> ?xtc -> temp-ext -> dist 
slot launch_slot_: id  2 | task 9090 | processing task, is_child = 0
slot slot_save_an: id  3 | task -1 | saving idle slot to prompt cache
srv   prompt_save:  - saving prompt with length 418, total state size = 52.256 MiB
slot prompt_clear: id  3 | task -1 | clearing prompt with 418 tokens
srv        update:  - cache state: 60 prompts, 1177.403 MiB (limits: 8192.000 MiB, 4096 tokens, 65527 est)
srv        update:    - prompt 0x3219180:     106 tokens, checkpoints:  0,    13.252 MiB
srv        update:    - prompt 0x3218d60:     107 tokens, checkpoints:  0,    13.377 MiB
srv        update:    - prompt 0x321a980:     106 tokens, checkpoints:  0,    13.252 MiB
srv        update:    - prompt 0x321dbb0:     107 tokens, checkpoints:  0,    13.377 MiB
srv        update:    - prompt 0xf0ef60:     105 tokens, checkpoints:  0,    13.127 MiB
srv        update:    - prompt 0xfd2770:     110 tokens, checkpoints:  0,    13.752 MiB
srv        update:    - prompt 0x321e630:     116 tokens, checkpoints:  0,    14.502 MiB
srv        update:    - prompt 0x4be6150:     109 tokens, checkpoints:  0,    13.627 MiB
srv        update:    - prompt 0x439f290:     113 tokens, checkpoints:  0,    14.127 MiB
srv        update:    - prompt 0x439c190:     108 tokens, checkpoints:  0,    13.502 MiB
srv        update:    - prompt 0x3ad05f0:     108 tokens, checkpoints:  0,    13.502 MiB
srv        update:    - prompt 0x323a460:     108 tokens, checkpoints:  0,    13.502 MiB
srv        update:    - prompt 0xee4860:     111 tokens, checkpoints:  0,    13.877 MiB
srv        update:    - prompt 0x3238470:     119 tokens, checkpoints:  0,    14.877 MiB
srv        update:    - prompt 0xf09400:     123 tokens, checkpoints:  0,    15.377 MiB
srv        update:    - prompt 0x3237530:     131 tokens, checkpoints:  0,    16.377 MiB
srv        update:    - prompt 0x3229e60:     130 tokens, checkpoints:  0,    16.252 MiB
srv        update:    - prompt 0x3ad30f0:     107 tokens, checkpoints:  0,    13.377 MiB
srv        update:    - prompt 0x321fd80:     105 tokens, checkpoints:  0,    13.127 MiB
srv        update:    - prompt 0x3af3c80:     110 tokens, checkpoints:  0,    13.752 MiB
srv        update:    - prompt 0x3aeb450:     116 tokens, checkpoints:  0,    14.502 MiB
srv        update:    - prompt 0x11f0c00:     109 tokens, checkpoints:  0,    13.627 MiB
srv        update:    - prompt 0x43993b0:     113 tokens, checkpoints:  0,    14.127 MiB
srv        update:    - prompt 0xf0c4e0:     108 tokens, checkpoints:  0,    13.502 MiB
srv        update:    - prompt 0x32372b0:     108 tokens, checkpoints:  0,    13.502 MiB
srv        update:    - prompt 0xee1a40:     108 tokens, checkpoints:  0,    13.502 MiB
srv        update:    - prompt 0xee8940:     111 tokens, checkpoints:  0,    13.877 MiB
srv        update:    - prompt 0x3ae40d0:     119 tokens, checkpoints:  0,    14.877 MiB
srv        update:    - prompt 0x322d890:     123 tokens, checkpoints:  0,    15.377 MiB
srv        update:    - prompt 0x3237430:     131 tokens, checkpoints:  0,    16.377 MiB
srv        update:    - prompt 0x32228d0:     130 tokens, checkpoints:  0,    16.252 MiB
srv        update:    - prompt 0x32349c0:     431 tokens, checkpoints:  0,    53.881 MiB
srv        update:    - prompt 0xfffe10002440:     431 tokens, checkpoints:  0,    53.881 MiB
srv        update:    - prompt 0xfffe1c005350:     107 tokens, checkpoints:  0,    13.377 MiB
srv        update:    - prompt 0xfffe300036d0:     105 tokens, checkpoints:  0,    13.127 MiB
srv        update:    - prompt 0x322d7f0:     110 tokens, checkpoints:  0,    13.752 MiB
srv        update:    - prompt 0x438da50:     116 tokens, checkpoints:  0,    14.502 MiB
srv        update:    - prompt 0x3237370:     109 tokens, checkpoints:  0,    13.627 MiB
srv        update:    - prompt 0x3218e50:     113 tokens, checkpoints:  0,    14.127 MiB
srv        update:    - prompt 0x3227330:     108 tokens, checkpoints:  0,    13.502 MiB
srv        update:    - prompt 0xee0250:     108 tokens, checkpoints:  0,    13.502 MiB
srv        update:    - prompt 0x321a8d0:     108 tokens, checkpoints:  0,    13.502 MiB
srv        update:    - prompt 0x439f590:     111 tokens, checkpoints:  0,    13.877 MiB
srv        update:    - prompt 0xef15d0:     119 tokens, checkpoints:  0,    14.877 MiB
srv        update:    - prompt 0x439f330:     123 tokens, checkpoints:  0,    15.377 MiB
srv        update:    - prompt 0xf0e6d0:     165 tokens, checkpoints:  0,    20.628 MiB
srv        update:    - prompt 0xf0c750:     131 tokens, checkpoints:  0,    16.377 MiB
srv        update:    - prompt 0x439ff90:     135 tokens, checkpoints:  0,    16.877 MiB
srv        update:    - prompt 0x3ad1ce0:     132 tokens, checkpoints:  0,    16.502 MiB
srv        update:    - prompt 0x3af8e30:     146 tokens, checkpoints:  0,    18.252 MiB
srv        update:    - prompt 0x322e950:     130 tokens, checkpoints:  0,    16.252 MiB
srv        update:    - prompt 0x3adad40:     136 tokens, checkpoints:  0,    17.002 MiB
srv        update:    - prompt 0x3226180:     136 tokens, checkpoints:  0,    17.002 MiB
srv        update:    - prompt 0xfffdc00062a0:     241 tokens, checkpoints:  0,    30.129 MiB
srv        update:    - prompt 0xfffdb8004ad0:     325 tokens, checkpoints:  0,    40.629 MiB
srv        update:    - prompt 0x439f4c0:     363 tokens, checkpoints:  0,    45.380 MiB
srv        update:    - prompt 0x438d640:     425 tokens, checkpoints:  0,    53.131 MiB
srv        update:    - prompt 0xf09890:     409 tokens, checkpoints:  0,    51.130 MiB
srv        update:    - prompt 0x3229da0:     412 tokens, checkpoints:  0,    51.505 MiB
srv        update:    - prompt 0x3ad7fe0:     418 tokens, checkpoints:  0,    52.256 MiB
slot update_slots: id  2 | task 9090 | new prompt, n_ctx_slot = 4096, n_keep = 0, task.n_tokens = 316
slot update_slots: id  2 | task 9090 | need to evaluate at least 1 token for each active slot (n_past = 316, task.n_tokens() = 316)
slot update_slots: id  2 | task 9090 | n_past was set to 315
slot update_slots: id  2 | task 9090 | n_tokens = 315, memory_seq_rm [315, end)
slot init_sampler: id  2 | task 9090 | init sampler, took 0.15 ms, tokens: text = 316, total = 316
slot update_slots: id  2 | task 9090 | prompt processing done, n_tokens = 316, batch.n_tokens = 1
srv  log_server_r: done request: POST /completion 127.0.0.1 200
slot print_timing: id  2 | task 9090 | 
prompt eval time =      99.43 ms /     1 tokens (   99.43 ms per token,    10.06 tokens per second)
       eval time =    9834.25 ms /   100 tokens (   98.34 ms per token,    10.17 tokens per second)
      total time =    9933.68 ms /   101 tokens
slot      release: id  2 | task 9090 | stop processing: n_tokens = 415, truncated = 0
srv  update_slots: all slots are idle
slot get_availabl: id  1 | task -1 | selected slot by LRU, t_last = 34885208951
srv  get_availabl: updating prompt cache
srv          load:  - looking for better prompt, base f_keep = -1.000, sim = 0.000
srv          load:  - found better prompt with f_keep = 0.770, sim = 1.000
srv        update:  - cache state: 59 prompts, 1123.522 MiB (limits: 8192.000 MiB, 4096 tokens, 65527 est)
srv        update:    - prompt 0x3219180:     106 tokens, checkpoints:  0,    13.252 MiB
srv        update:    - prompt 0x3218d60:     107 tokens, checkpoints:  0,    13.377 MiB
srv        update:    - prompt 0x321a980:     106 tokens, checkpoints:  0,    13.252 MiB
srv        update:    - prompt 0x321dbb0:     107 tokens, checkpoints:  0,    13.377 MiB
srv        update:    - prompt 0xf0ef60:     105 tokens, checkpoints:  0,    13.127 MiB
srv        update:    - prompt 0xfd2770:     110 tokens, checkpoints:  0,    13.752 MiB
srv        update:    - prompt 0x321e630:     116 tokens, checkpoints:  0,    14.502 MiB
srv        update:    - prompt 0x4be6150:     109 tokens, checkpoints:  0,    13.627 MiB
srv        update:    - prompt 0x439f290:     113 tokens, checkpoints:  0,    14.127 MiB
srv        update:    - prompt 0x439c190:     108 tokens, checkpoints:  0,    13.502 MiB
srv        update:    - prompt 0x3ad05f0:     108 tokens, checkpoints:  0,    13.502 MiB
srv        update:    - prompt 0x323a460:     108 tokens, checkpoints:  0,    13.502 MiB
srv        update:    - prompt 0xee4860:     111 tokens, checkpoints:  0,    13.877 MiB
srv        update:    - prompt 0x3238470:     119 tokens, checkpoints:  0,    14.877 MiB
srv        update:    - prompt 0xf09400:     123 tokens, checkpoints:  0,    15.377 MiB
srv        update:    - prompt 0x3237530:     131 tokens, checkpoints:  0,    16.377 MiB
srv        update:    - prompt 0x3229e60:     130 tokens, checkpoints:  0,    16.252 MiB
srv        update:    - prompt 0x3ad30f0:     107 tokens, checkpoints:  0,    13.377 MiB
srv        update:    - prompt 0x321fd80:     105 tokens, checkpoints:  0,    13.127 MiB
srv        update:    - prompt 0x3af3c80:     110 tokens, checkpoints:  0,    13.752 MiB
srv        update:    - prompt 0x3aeb450:     116 tokens, checkpoints:  0,    14.502 MiB
srv        update:    - prompt 0x11f0c00:     109 tokens, checkpoints:  0,    13.627 MiB
srv        update:    - prompt 0x43993b0:     113 tokens, checkpoints:  0,    14.127 MiB
srv        update:    - prompt 0xf0c4e0:     108 tokens, checkpoints:  0,    13.502 MiB
srv        update:    - prompt 0x32372b0:     108 tokens, checkpoints:  0,    13.502 MiB
srv        update:    - prompt 0xee1a40:     108 tokens, checkpoints:  0,    13.502 MiB
srv        update:    - prompt 0xee8940:     111 tokens, checkpoints:  0,    13.877 MiB
srv        update:    - prompt 0x3ae40d0:     119 tokens, checkpoints:  0,    14.877 MiB
srv        update:    - prompt 0x322d890:     123 tokens, checkpoints:  0,    15.377 MiB
srv        update:    - prompt 0x3237430:     131 tokens, checkpoints:  0,    16.377 MiB
srv        update:    - prompt 0x32228d0:     130 tokens, checkpoints:  0,    16.252 MiB
srv        update:    - prompt 0xfffe10002440:     431 tokens, checkpoints:  0,    53.881 MiB
srv        update:    - prompt 0xfffe1c005350:     107 tokens, checkpoints:  0,    13.377 MiB
srv        update:    - prompt 0xfffe300036d0:     105 tokens, checkpoints:  0,    13.127 MiB
srv        update:    - prompt 0x322d7f0:     110 tokens, checkpoints:  0,    13.752 MiB
srv        update:    - prompt 0x438da50:     116 tokens, checkpoints:  0,    14.502 MiB
srv        update:    - prompt 0x3237370:     109 tokens, checkpoints:  0,    13.627 MiB
srv        update:    - prompt 0x3218e50:     113 tokens, checkpoints:  0,    14.127 MiB
srv        update:    - prompt 0x3227330:     108 tokens, checkpoints:  0,    13.502 MiB
srv        update:    - prompt 0xee0250:     108 tokens, checkpoints:  0,    13.502 MiB
srv        update:    - prompt 0x321a8d0:     108 tokens, checkpoints:  0,    13.502 MiB
srv        update:    - prompt 0x439f590:     111 tokens, checkpoints:  0,    13.877 MiB
srv        update:    - prompt 0xef15d0:     119 tokens, checkpoints:  0,    14.877 MiB
srv        update:    - prompt 0x439f330:     123 tokens, checkpoints:  0,    15.377 MiB
srv        update:    - prompt 0xf0e6d0:     165 tokens, checkpoints:  0,    20.628 MiB
srv        update:    - prompt 0xf0c750:     131 tokens, checkpoints:  0,    16.377 MiB
srv        update:    - prompt 0x439ff90:     135 tokens, checkpoints:  0,    16.877 MiB
srv        update:    - prompt 0x3ad1ce0:     132 tokens, checkpoints:  0,    16.502 MiB
srv        update:    - prompt 0x3af8e30:     146 tokens, checkpoints:  0,    18.252 MiB
srv        update:    - prompt 0x322e950:     130 tokens, checkpoints:  0,    16.252 MiB
srv        update:    - prompt 0x3adad40:     136 tokens, checkpoints:  0,    17.002 MiB
srv        update:    - prompt 0x3226180:     136 tokens, checkpoints:  0,    17.002 MiB
srv        update:    - prompt 0xfffdc00062a0:     241 tokens, checkpoints:  0,    30.129 MiB
srv        update:    - prompt 0xfffdb8004ad0:     325 tokens, checkpoints:  0,    40.629 MiB
srv        update:    - prompt 0x439f4c0:     363 tokens, checkpoints:  0,    45.380 MiB
srv        update:    - prompt 0x438d640:     425 tokens, checkpoints:  0,    53.131 MiB
srv        update:    - prompt 0xf09890:     409 tokens, checkpoints:  0,    51.130 MiB
srv        update:    - prompt 0x3229da0:     412 tokens, checkpoints:  0,    51.505 MiB
srv        update:    - prompt 0x3ad7fe0:     418 tokens, checkpoints:  0,    52.256 MiB
srv  get_availabl: prompt cache update took 17.69 ms
slot launch_slot_: id  1 | task -1 | sampler chain: logits -> ?penalties -> ?dry -> ?top-n-sigma -> top-k -> ?typical -> top-p -> min-p -> ?xtc -> temp-ext -> dist 
slot launch_slot_: id  1 | task 9191 | processing task, is_child = 0
slot slot_save_an: id  2 | task -1 | saving idle slot to prompt cache
srv   prompt_save:  - saving prompt with length 415, total state size = 51.880 MiB
slot prompt_clear: id  2 | task -1 | clearing prompt with 415 tokens
srv        update:  - cache state: 60 prompts, 1175.402 MiB (limits: 8192.000 MiB, 4096 tokens, 65527 est)
srv        update:    - prompt 0x3219180:     106 tokens, checkpoints:  0,    13.252 MiB
srv        update:    - prompt 0x3218d60:     107 tokens, checkpoints:  0,    13.377 MiB
srv        update:    - prompt 0x321a980:     106 tokens, checkpoints:  0,    13.252 MiB
srv        update:    - prompt 0x321dbb0:     107 tokens, checkpoints:  0,    13.377 MiB
srv        update:    - prompt 0xf0ef60:     105 tokens, checkpoints:  0,    13.127 MiB
srv        update:    - prompt 0xfd2770:     110 tokens, checkpoints:  0,    13.752 MiB
srv        update:    - prompt 0x321e630:     116 tokens, checkpoints:  0,    14.502 MiB
srv        update:    - prompt 0x4be6150:     109 tokens, checkpoints:  0,    13.627 MiB
srv        update:    - prompt 0x439f290:     113 tokens, checkpoints:  0,    14.127 MiB
srv        update:    - prompt 0x439c190:     108 tokens, checkpoints:  0,    13.502 MiB
srv        update:    - prompt 0x3ad05f0:     108 tokens, checkpoints:  0,    13.502 MiB
srv        update:    - prompt 0x323a460:     108 tokens, checkpoints:  0,    13.502 MiB
srv        update:    - prompt 0xee4860:     111 tokens, checkpoints:  0,    13.877 MiB
srv        update:    - prompt 0x3238470:     119 tokens, checkpoints:  0,    14.877 MiB
srv        update:    - prompt 0xf09400:     123 tokens, checkpoints:  0,    15.377 MiB
srv        update:    - prompt 0x3237530:     131 tokens, checkpoints:  0,    16.377 MiB
srv        update:    - prompt 0x3229e60:     130 tokens, checkpoints:  0,    16.252 MiB
srv        update:    - prompt 0x3ad30f0:     107 tokens, checkpoints:  0,    13.377 MiB
srv        update:    - prompt 0x321fd80:     105 tokens, checkpoints:  0,    13.127 MiB
srv        update:    - prompt 0x3af3c80:     110 tokens, checkpoints:  0,    13.752 MiB
srv        update:    - prompt 0x3aeb450:     116 tokens, checkpoints:  0,    14.502 MiB
srv        update:    - prompt 0x11f0c00:     109 tokens, checkpoints:  0,    13.627 MiB
srv        update:    - prompt 0x43993b0:     113 tokens, checkpoints:  0,    14.127 MiB
srv        update:    - prompt 0xf0c4e0:     108 tokens, checkpoints:  0,    13.502 MiB
srv        update:    - prompt 0x32372b0:     108 tokens, checkpoints:  0,    13.502 MiB
srv        update:    - prompt 0xee1a40:     108 tokens, checkpoints:  0,    13.502 MiB
srv        update:    - prompt 0xee8940:     111 tokens, checkpoints:  0,    13.877 MiB
srv        update:    - prompt 0x3ae40d0:     119 tokens, checkpoints:  0,    14.877 MiB
srv        update:    - prompt 0x322d890:     123 tokens, checkpoints:  0,    15.377 MiB
srv        update:    - prompt 0x3237430:     131 tokens, checkpoints:  0,    16.377 MiB
srv        update:    - prompt 0x32228d0:     130 tokens, checkpoints:  0,    16.252 MiB
srv        update:    - prompt 0xfffe10002440:     431 tokens, checkpoints:  0,    53.881 MiB
srv        update:    - prompt 0xfffe1c005350:     107 tokens, checkpoints:  0,    13.377 MiB
srv        update:    - prompt 0xfffe300036d0:     105 tokens, checkpoints:  0,    13.127 MiB
srv        update:    - prompt 0x322d7f0:     110 tokens, checkpoints:  0,    13.752 MiB
srv        update:    - prompt 0x438da50:     116 tokens, checkpoints:  0,    14.502 MiB
srv        update:    - prompt 0x3237370:     109 tokens, checkpoints:  0,    13.627 MiB
srv        update:    - prompt 0x3218e50:     113 tokens, checkpoints:  0,    14.127 MiB
srv        update:    - prompt 0x3227330:     108 tokens, checkpoints:  0,    13.502 MiB
srv        update:    - prompt 0xee0250:     108 tokens, checkpoints:  0,    13.502 MiB
srv        update:    - prompt 0x321a8d0:     108 tokens, checkpoints:  0,    13.502 MiB
srv        update:    - prompt 0x439f590:     111 tokens, checkpoints:  0,    13.877 MiB
srv        update:    - prompt 0xef15d0:     119 tokens, checkpoints:  0,    14.877 MiB
srv        update:    - prompt 0x439f330:     123 tokens, checkpoints:  0,    15.377 MiB
srv        update:    - prompt 0xf0e6d0:     165 tokens, checkpoints:  0,    20.628 MiB
srv        update:    - prompt 0xf0c750:     131 tokens, checkpoints:  0,    16.377 MiB
srv        update:    - prompt 0x439ff90:     135 tokens, checkpoints:  0,    16.877 MiB
srv        update:    - prompt 0x3ad1ce0:     132 tokens, checkpoints:  0,    16.502 MiB
srv        update:    - prompt 0x3af8e30:     146 tokens, checkpoints:  0,    18.252 MiB
srv        update:    - prompt 0x322e950:     130 tokens, checkpoints:  0,    16.252 MiB
srv        update:    - prompt 0x3adad40:     136 tokens, checkpoints:  0,    17.002 MiB
srv        update:    - prompt 0x3226180:     136 tokens, checkpoints:  0,    17.002 MiB
srv        update:    - prompt 0xfffdc00062a0:     241 tokens, checkpoints:  0,    30.129 MiB
srv        update:    - prompt 0xfffdb8004ad0:     325 tokens, checkpoints:  0,    40.629 MiB
srv        update:    - prompt 0x439f4c0:     363 tokens, checkpoints:  0,    45.380 MiB
srv        update:    - prompt 0x438d640:     425 tokens, checkpoints:  0,    53.131 MiB
srv        update:    - prompt 0xf09890:     409 tokens, checkpoints:  0,    51.130 MiB
srv        update:    - prompt 0x3229da0:     412 tokens, checkpoints:  0,    51.505 MiB
srv        update:    - prompt 0x3ad7fe0:     418 tokens, checkpoints:  0,    52.256 MiB
srv        update:    - prompt 0x32349c0:     415 tokens, checkpoints:  0,    51.880 MiB
slot update_slots: id  1 | task 9191 | new prompt, n_ctx_slot = 4096, n_keep = 0, task.n_tokens = 332
slot update_slots: id  1 | task 9191 | need to evaluate at least 1 token for each active slot (n_past = 332, task.n_tokens() = 332)
slot update_slots: id  1 | task 9191 | n_past was set to 331
slot update_slots: id  1 | task 9191 | n_tokens = 331, memory_seq_rm [331, end)
slot init_sampler: id  1 | task 9191 | init sampler, took 0.17 ms, tokens: text = 332, total = 332
slot update_slots: id  1 | task 9191 | prompt processing done, n_tokens = 332, batch.n_tokens = 1
srv  log_server_r: done request: POST /completion 127.0.0.1 200
slot print_timing: id  1 | task 9191 | 
prompt eval time =     100.60 ms /     1 tokens (  100.60 ms per token,     9.94 tokens per second)
       eval time =    9922.97 ms /   100 tokens (   99.23 ms per token,    10.08 tokens per second)
      total time =   10023.56 ms /   101 tokens
slot      release: id  1 | task 9191 | stop processing: n_tokens = 431, truncated = 0
srv  update_slots: all slots are idle
slot get_availabl: id  0 | task -1 | selected slot by LRU, t_last = 34895779163
srv  get_availabl: updating prompt cache
srv          load:  - looking for better prompt, base f_keep = -1.000, sim = 0.000
srv          load:  - found better prompt with f_keep = 0.770, sim = 1.000
srv        update:  - cache state: 59 prompts, 1121.522 MiB (limits: 8192.000 MiB, 4096 tokens, 65527 est)
srv        update:    - prompt 0x3219180:     106 tokens, checkpoints:  0,    13.252 MiB
srv        update:    - prompt 0x3218d60:     107 tokens, checkpoints:  0,    13.377 MiB
srv        update:    - prompt 0x321a980:     106 tokens, checkpoints:  0,    13.252 MiB
srv        update:    - prompt 0x321dbb0:     107 tokens, checkpoints:  0,    13.377 MiB
srv        update:    - prompt 0xf0ef60:     105 tokens, checkpoints:  0,    13.127 MiB
srv        update:    - prompt 0xfd2770:     110 tokens, checkpoints:  0,    13.752 MiB
srv        update:    - prompt 0x321e630:     116 tokens, checkpoints:  0,    14.502 MiB
srv        update:    - prompt 0x4be6150:     109 tokens, checkpoints:  0,    13.627 MiB
srv        update:    - prompt 0x439f290:     113 tokens, checkpoints:  0,    14.127 MiB
srv        update:    - prompt 0x439c190:     108 tokens, checkpoints:  0,    13.502 MiB
srv        update:    - prompt 0x3ad05f0:     108 tokens, checkpoints:  0,    13.502 MiB
srv        update:    - prompt 0x323a460:     108 tokens, checkpoints:  0,    13.502 MiB
srv        update:    - prompt 0xee4860:     111 tokens, checkpoints:  0,    13.877 MiB
srv        update:    - prompt 0x3238470:     119 tokens, checkpoints:  0,    14.877 MiB
srv        update:    - prompt 0xf09400:     123 tokens, checkpoints:  0,    15.377 MiB
srv        update:    - prompt 0x3237530:     131 tokens, checkpoints:  0,    16.377 MiB
srv        update:    - prompt 0x3229e60:     130 tokens, checkpoints:  0,    16.252 MiB
srv        update:    - prompt 0x3ad30f0:     107 tokens, checkpoints:  0,    13.377 MiB
srv        update:    - prompt 0x321fd80:     105 tokens, checkpoints:  0,    13.127 MiB
srv        update:    - prompt 0x3af3c80:     110 tokens, checkpoints:  0,    13.752 MiB
srv        update:    - prompt 0x3aeb450:     116 tokens, checkpoints:  0,    14.502 MiB
srv        update:    - prompt 0x11f0c00:     109 tokens, checkpoints:  0,    13.627 MiB
srv        update:    - prompt 0x43993b0:     113 tokens, checkpoints:  0,    14.127 MiB
srv        update:    - prompt 0xf0c4e0:     108 tokens, checkpoints:  0,    13.502 MiB
srv        update:    - prompt 0x32372b0:     108 tokens, checkpoints:  0,    13.502 MiB
srv        update:    - prompt 0xee1a40:     108 tokens, checkpoints:  0,    13.502 MiB
srv        update:    - prompt 0xee8940:     111 tokens, checkpoints:  0,    13.877 MiB
srv        update:    - prompt 0x3ae40d0:     119 tokens, checkpoints:  0,    14.877 MiB
srv        update:    - prompt 0x322d890:     123 tokens, checkpoints:  0,    15.377 MiB
srv        update:    - prompt 0x3237430:     131 tokens, checkpoints:  0,    16.377 MiB
srv        update:    - prompt 0x32228d0:     130 tokens, checkpoints:  0,    16.252 MiB
srv        update:    - prompt 0xfffe1c005350:     107 tokens, checkpoints:  0,    13.377 MiB
srv        update:    - prompt 0xfffe300036d0:     105 tokens, checkpoints:  0,    13.127 MiB
srv        update:    - prompt 0x322d7f0:     110 tokens, checkpoints:  0,    13.752 MiB
srv        update:    - prompt 0x438da50:     116 tokens, checkpoints:  0,    14.502 MiB
srv        update:    - prompt 0x3237370:     109 tokens, checkpoints:  0,    13.627 MiB
srv        update:    - prompt 0x3218e50:     113 tokens, checkpoints:  0,    14.127 MiB
srv        update:    - prompt 0x3227330:     108 tokens, checkpoints:  0,    13.502 MiB
srv        update:    - prompt 0xee0250:     108 tokens, checkpoints:  0,    13.502 MiB
srv        update:    - prompt 0x321a8d0:     108 tokens, checkpoints:  0,    13.502 MiB
srv        update:    - prompt 0x439f590:     111 tokens, checkpoints:  0,    13.877 MiB
srv        update:    - prompt 0xef15d0:     119 tokens, checkpoints:  0,    14.877 MiB
srv        update:    - prompt 0x439f330:     123 tokens, checkpoints:  0,    15.377 MiB
srv        update:    - prompt 0xf0e6d0:     165 tokens, checkpoints:  0,    20.628 MiB
srv        update:    - prompt 0xf0c750:     131 tokens, checkpoints:  0,    16.377 MiB
srv        update:    - prompt 0x439ff90:     135 tokens, checkpoints:  0,    16.877 MiB
srv        update:    - prompt 0x3ad1ce0:     132 tokens, checkpoints:  0,    16.502 MiB
srv        update:    - prompt 0x3af8e30:     146 tokens, checkpoints:  0,    18.252 MiB
srv        update:    - prompt 0x322e950:     130 tokens, checkpoints:  0,    16.252 MiB
srv        update:    - prompt 0x3adad40:     136 tokens, checkpoints:  0,    17.002 MiB
srv        update:    - prompt 0x3226180:     136 tokens, checkpoints:  0,    17.002 MiB
srv        update:    - prompt 0xfffdc00062a0:     241 tokens, checkpoints:  0,    30.129 MiB
srv        update:    - prompt 0xfffdb8004ad0:     325 tokens, checkpoints:  0,    40.629 MiB
srv        update:    - prompt 0x439f4c0:     363 tokens, checkpoints:  0,    45.380 MiB
srv        update:    - prompt 0x438d640:     425 tokens, checkpoints:  0,    53.131 MiB
srv        update:    - prompt 0xf09890:     409 tokens, checkpoints:  0,    51.130 MiB
srv        update:    - prompt 0x3229da0:     412 tokens, checkpoints:  0,    51.505 MiB
srv        update:    - prompt 0x3ad7fe0:     418 tokens, checkpoints:  0,    52.256 MiB
srv        update:    - prompt 0x32349c0:     415 tokens, checkpoints:  0,    51.880 MiB
srv  get_availabl: prompt cache update took 17.74 ms
slot launch_slot_: id  0 | task -1 | sampler chain: logits -> ?penalties -> ?dry -> ?top-n-sigma -> top-k -> ?typical -> top-p -> min-p -> ?xtc -> temp-ext -> dist 
slot launch_slot_: id  0 | task 9292 | processing task, is_child = 0
slot slot_save_an: id  1 | task -1 | saving idle slot to prompt cache
srv   prompt_save:  - saving prompt with length 431, total state size = 53.881 MiB
slot prompt_clear: id  1 | task -1 | clearing prompt with 431 tokens
srv        update:  - cache state: 60 prompts, 1175.402 MiB (limits: 8192.000 MiB, 4096 tokens, 65527 est)
srv        update:    - prompt 0x3219180:     106 tokens, checkpoints:  0,    13.252 MiB
srv        update:    - prompt 0x3218d60:     107 tokens, checkpoints:  0,    13.377 MiB
srv        update:    - prompt 0x321a980:     106 tokens, checkpoints:  0,    13.252 MiB
srv        update:    - prompt 0x321dbb0:     107 tokens, checkpoints:  0,    13.377 MiB
srv        update:    - prompt 0xf0ef60:     105 tokens, checkpoints:  0,    13.127 MiB
srv        update:    - prompt 0xfd2770:     110 tokens, checkpoints:  0,    13.752 MiB
srv        update:    - prompt 0x321e630:     116 tokens, checkpoints:  0,    14.502 MiB
srv        update:    - prompt 0x4be6150:     109 tokens, checkpoints:  0,    13.627 MiB
srv        update:    - prompt 0x439f290:     113 tokens, checkpoints:  0,    14.127 MiB
srv        update:    - prompt 0x439c190:     108 tokens, checkpoints:  0,    13.502 MiB
srv        update:    - prompt 0x3ad05f0:     108 tokens, checkpoints:  0,    13.502 MiB
srv        update:    - prompt 0x323a460:     108 tokens, checkpoints:  0,    13.502 MiB
srv        update:    - prompt 0xee4860:     111 tokens, checkpoints:  0,    13.877 MiB
srv        update:    - prompt 0x3238470:     119 tokens, checkpoints:  0,    14.877 MiB
srv        update:    - prompt 0xf09400:     123 tokens, checkpoints:  0,    15.377 MiB
srv        update:    - prompt 0x3237530:     131 tokens, checkpoints:  0,    16.377 MiB
srv        update:    - prompt 0x3229e60:     130 tokens, checkpoints:  0,    16.252 MiB
srv        update:    - prompt 0x3ad30f0:     107 tokens, checkpoints:  0,    13.377 MiB
srv        update:    - prompt 0x321fd80:     105 tokens, checkpoints:  0,    13.127 MiB
srv        update:    - prompt 0x3af3c80:     110 tokens, checkpoints:  0,    13.752 MiB
srv        update:    - prompt 0x3aeb450:     116 tokens, checkpoints:  0,    14.502 MiB
srv        update:    - prompt 0x11f0c00:     109 tokens, checkpoints:  0,    13.627 MiB
srv        update:    - prompt 0x43993b0:     113 tokens, checkpoints:  0,    14.127 MiB
srv        update:    - prompt 0xf0c4e0:     108 tokens, checkpoints:  0,    13.502 MiB
srv        update:    - prompt 0x32372b0:     108 tokens, checkpoints:  0,    13.502 MiB
srv        update:    - prompt 0xee1a40:     108 tokens, checkpoints:  0,    13.502 MiB
srv        update:    - prompt 0xee8940:     111 tokens, checkpoints:  0,    13.877 MiB
srv        update:    - prompt 0x3ae40d0:     119 tokens, checkpoints:  0,    14.877 MiB
srv        update:    - prompt 0x322d890:     123 tokens, checkpoints:  0,    15.377 MiB
srv        update:    - prompt 0x3237430:     131 tokens, checkpoints:  0,    16.377 MiB
srv        update:    - prompt 0x32228d0:     130 tokens, checkpoints:  0,    16.252 MiB
srv        update:    - prompt 0xfffe1c005350:     107 tokens, checkpoints:  0,    13.377 MiB
srv        update:    - prompt 0xfffe300036d0:     105 tokens, checkpoints:  0,    13.127 MiB
srv        update:    - prompt 0x322d7f0:     110 tokens, checkpoints:  0,    13.752 MiB
srv        update:    - prompt 0x438da50:     116 tokens, checkpoints:  0,    14.502 MiB
srv        update:    - prompt 0x3237370:     109 tokens, checkpoints:  0,    13.627 MiB
srv        update:    - prompt 0x3218e50:     113 tokens, checkpoints:  0,    14.127 MiB
srv        update:    - prompt 0x3227330:     108 tokens, checkpoints:  0,    13.502 MiB
srv        update:    - prompt 0xee0250:     108 tokens, checkpoints:  0,    13.502 MiB
srv        update:    - prompt 0x321a8d0:     108 tokens, checkpoints:  0,    13.502 MiB
srv        update:    - prompt 0x439f590:     111 tokens, checkpoints:  0,    13.877 MiB
srv        update:    - prompt 0xef15d0:     119 tokens, checkpoints:  0,    14.877 MiB
srv        update:    - prompt 0x439f330:     123 tokens, checkpoints:  0,    15.377 MiB
srv        update:    - prompt 0xf0e6d0:     165 tokens, checkpoints:  0,    20.628 MiB
srv        update:    - prompt 0xf0c750:     131 tokens, checkpoints:  0,    16.377 MiB
srv        update:    - prompt 0x439ff90:     135 tokens, checkpoints:  0,    16.877 MiB
srv        update:    - prompt 0x3ad1ce0:     132 tokens, checkpoints:  0,    16.502 MiB
srv        update:    - prompt 0x3af8e30:     146 tokens, checkpoints:  0,    18.252 MiB
srv        update:    - prompt 0x322e950:     130 tokens, checkpoints:  0,    16.252 MiB
srv        update:    - prompt 0x3adad40:     136 tokens, checkpoints:  0,    17.002 MiB
srv        update:    - prompt 0x3226180:     136 tokens, checkpoints:  0,    17.002 MiB
srv        update:    - prompt 0xfffdc00062a0:     241 tokens, checkpoints:  0,    30.129 MiB
srv        update:    - prompt 0xfffdb8004ad0:     325 tokens, checkpoints:  0,    40.629 MiB
srv        update:    - prompt 0x439f4c0:     363 tokens, checkpoints:  0,    45.380 MiB
srv        update:    - prompt 0x438d640:     425 tokens, checkpoints:  0,    53.131 MiB
srv        update:    - prompt 0xf09890:     409 tokens, checkpoints:  0,    51.130 MiB
srv        update:    - prompt 0x3229da0:     412 tokens, checkpoints:  0,    51.505 MiB
srv        update:    - prompt 0x3ad7fe0:     418 tokens, checkpoints:  0,    52.256 MiB
srv        update:    - prompt 0x32349c0:     415 tokens, checkpoints:  0,    51.880 MiB
srv        update:    - prompt 0xfffe10002440:     431 tokens, checkpoints:  0,    53.881 MiB
slot update_slots: id  0 | task 9292 | new prompt, n_ctx_slot = 4096, n_keep = 0, task.n_tokens = 332
slot update_slots: id  0 | task 9292 | need to evaluate at least 1 token for each active slot (n_past = 332, task.n_tokens() = 332)
slot update_slots: id  0 | task 9292 | n_past was set to 331
slot update_slots: id  0 | task 9292 | n_tokens = 331, memory_seq_rm [331, end)
slot init_sampler: id  0 | task 9292 | init sampler, took 0.16 ms, tokens: text = 332, total = 332
slot update_slots: id  0 | task 9292 | prompt processing done, n_tokens = 332, batch.n_tokens = 1
srv  log_server_r: done request: POST /completion 127.0.0.1 200
slot print_timing: id  0 | task 9292 | 
prompt eval time =      99.64 ms /     1 tokens (   99.64 ms per token,    10.04 tokens per second)
       eval time =    9848.24 ms /   100 tokens (   98.48 ms per token,    10.15 tokens per second)
      total time =    9947.87 ms /   101 tokens
slot      release: id  0 | task 9292 | stop processing: n_tokens = 431, truncated = 0
srv  update_slots: all slots are idle
srv    operator(): operator(): cleaning up before exit...
llama_memory_breakdown_print: | memory breakdown [MiB] | total   free    self   model   context   compute    unaccounted |
llama_memory_breakdown_print: |   - Host               |                 5463 =  4685 +     512 +     266                |
