main: n_parallel is set to auto, using n_parallel = 4 and kv_unified = true
build_info: b8818-b572d1ecd
system_info: n_threads = 16 (n_threads_batch = 16) / 48 | CPU : NEON = 1 | ARM_FMA = 1 | FP16_VA = 1 | SVE = 1 | SVE_CNT = 64 | OPENMP = 1 | REPACK = 1 | 
Running without SSL
init: using 47 threads for HTTP server
start: binding port with default address family
main: loading model
srv    load_model: loading model '/projects/F202500010HPCVLABUMINHO/uminhocp057/ADED/ADED_project2/models/qwen2.5-0.5b-instruct-q4_k_m.gguf'
common_init_result: fitting params to device memory, for bugs during this step try to reproduce them with -fit off, or provide --verbose logs if the bug only occurs with -fit on
llama_params_fit_impl: no devices with dedicated memory found
llama_params_fit: successfully fit params to free device memory
llama_params_fit: fitting params to free memory took 0.95 seconds
llama_model_loader: loaded meta data with 26 key-value pairs and 291 tensors from /projects/F202500010HPCVLABUMINHO/uminhocp057/ADED/ADED_project2/models/qwen2.5-0.5b-instruct-q4_k_m.gguf (version GGUF V3 (latest))
llama_model_loader: Dumping metadata keys/values. Note: KV overrides do not apply in this output.
llama_model_loader: - kv   0:                       general.architecture str              = qwen2
llama_model_loader: - kv   1:                               general.type str              = model
llama_model_loader: - kv   2:                               general.name str              = qwen2.5-0.5b-instruct
llama_model_loader: - kv   3:                            general.version str              = v0.1
llama_model_loader: - kv   4:                           general.finetune str              = qwen2.5-0.5b-instruct
llama_model_loader: - kv   5:                         general.size_label str              = 630M
llama_model_loader: - kv   6:                          qwen2.block_count u32              = 24
llama_model_loader: - kv   7:                       qwen2.context_length u32              = 32768
llama_model_loader: - kv   8:                     qwen2.embedding_length u32              = 896
llama_model_loader: - kv   9:                  qwen2.feed_forward_length u32              = 4864
llama_model_loader: - kv  10:                 qwen2.attention.head_count u32              = 14
llama_model_loader: - kv  11:              qwen2.attention.head_count_kv u32              = 2
llama_model_loader: - kv  12:                       qwen2.rope.freq_base f32              = 1000000.000000
llama_model_loader: - kv  13:     qwen2.attention.layer_norm_rms_epsilon f32              = 0.000001
llama_model_loader: - kv  14:                          general.file_type u32              = 15
llama_model_loader: - kv  15:                       tokenizer.ggml.model str              = gpt2
llama_model_loader: - kv  16:                         tokenizer.ggml.pre str              = qwen2
llama_model_loader: - kv  17:                      tokenizer.ggml.tokens arr[str,151936]  = ["!", "\"", "#", "$", "%", "&", "'", ...
llama_model_loader: - kv  18:                  tokenizer.ggml.token_type arr[i32,151936]  = [1, 1, 1, 1, 1, 1, 1, 1, 1, 1, 1, 1, ...
llama_model_loader: - kv  19:                      tokenizer.ggml.merges arr[str,151387]  = ["Ġ Ġ", "ĠĠ ĠĠ", "i n", "Ġ t",...
llama_model_loader: - kv  20:                tokenizer.ggml.eos_token_id u32              = 151645
llama_model_loader: - kv  21:            tokenizer.ggml.padding_token_id u32              = 151643
llama_model_loader: - kv  22:                tokenizer.ggml.bos_token_id u32              = 151643
llama_model_loader: - kv  23:               tokenizer.ggml.add_bos_token bool             = false
llama_model_loader: - kv  24:                    tokenizer.chat_template str              = {%- if tools %}\n    {{- '<|im_start|>...
llama_model_loader: - kv  25:               general.quantization_version u32              = 2
llama_model_loader: - type  f32:  121 tensors
llama_model_loader: - type q5_0:  133 tensors
llama_model_loader: - type q8_0:   13 tensors
llama_model_loader: - type q4_K:   12 tensors
llama_model_loader: - type q6_K:   12 tensors
print_info: file format = GGUF V3 (latest)
print_info: file type   = Q4_K - Medium
print_info: file size   = 462.96 MiB (6.16 BPW) 
load: 0 unused tokens
load: control-looking token: 128247 '</s>' was not control-type; this is probably a bug in the model. its type will be overridden
load: printing all EOG tokens:
load:   - 128247 ('</s>')
load:   - 151643 ('<|endoftext|>')
load:   - 151645 ('<|im_end|>')
load:   - 151662 ('<|fim_pad|>')
load:   - 151663 ('<|repo_name|>')
load:   - 151664 ('<|file_sep|>')
load: special tokens cache size = 23
load: token to piece cache size = 0.9310 MB
print_info: arch                  = qwen2
print_info: vocab_only            = 0
print_info: no_alloc              = 0
print_info: n_ctx_train           = 32768
print_info: n_embd                = 896
print_info: n_embd_inp            = 896
print_info: n_layer               = 24
print_info: n_head                = 14
print_info: n_head_kv             = 2
print_info: n_rot                 = 64
print_info: n_swa                 = 0
print_info: is_swa_any            = 0
print_info: n_embd_head_k         = 64
print_info: n_embd_head_v         = 64
print_info: n_gqa                 = 7
print_info: n_embd_k_gqa          = 128
print_info: n_embd_v_gqa          = 128
print_info: f_norm_eps            = 0.0e+00
print_info: f_norm_rms_eps        = 1.0e-06
print_info: f_clamp_kqv           = 0.0e+00
print_info: f_max_alibi_bias      = 0.0e+00
print_info: f_logit_scale         = 0.0e+00
print_info: f_attn_scale          = 0.0e+00
print_info: n_ff                  = 4864
print_info: n_expert              = 0
print_info: n_expert_used         = 0
print_info: n_expert_groups       = 0
print_info: n_group_used          = 0
print_info: causal attn           = 1
print_info: pooling type          = -1
print_info: rope type             = 2
print_info: rope scaling          = linear
print_info: freq_base_train       = 1000000.0
print_info: freq_scale_train      = 1
print_info: n_ctx_orig_yarn       = 32768
print_info: rope_yarn_log_mul     = 0.0000
print_info: rope_finetuned        = unknown
print_info: model type            = 1B
print_info: model params          = 630.17 M
print_info: general.name          = qwen2.5-0.5b-instruct
print_info: vocab type            = BPE
print_info: n_vocab               = 151936
print_info: n_merges              = 151387
print_info: BOS token             = 151643 '<|endoftext|>'
print_info: EOS token             = 151645 '<|im_end|>'
print_info: EOT token             = 151645 '<|im_end|>'
print_info: PAD token             = 151643 '<|endoftext|>'
print_info: LF token              = 198 'Ċ'
print_info: FIM PRE token         = 151659 '<|fim_prefix|>'
print_info: FIM SUF token         = 151661 '<|fim_suffix|>'
print_info: FIM MID token         = 151660 '<|fim_middle|>'
print_info: FIM PAD token         = 151662 '<|fim_pad|>'
print_info: FIM REP token         = 151663 '<|repo_name|>'
print_info: FIM SEP token         = 151664 '<|file_sep|>'
print_info: EOG token             = 128247 '</s>'
print_info: EOG token             = 151643 '<|endoftext|>'
print_info: EOG token             = 151645 '<|im_end|>'
print_info: EOG token             = 151662 '<|fim_pad|>'
print_info: EOG token             = 151663 '<|repo_name|>'
print_info: EOG token             = 151664 '<|file_sep|>'
print_info: max token length      = 256
load_tensors: loading model tensors, this can take a while... (mmap = true, direct_io = false)
load_tensors:   CPU_Mapped model buffer size =   462.96 MiB
.....................................................
common_init_result: added </s> logit bias = -inf
common_init_result: added <|endoftext|> logit bias = -inf
common_init_result: added <|im_end|> logit bias = -inf
common_init_result: added <|fim_pad|> logit bias = -inf
common_init_result: added <|repo_name|> logit bias = -inf
common_init_result: added <|file_sep|> logit bias = -inf
llama_context: constructing llama_context
llama_context: n_seq_max     = 4
llama_context: n_ctx         = 4096
llama_context: n_ctx_seq     = 4096
llama_context: n_batch       = 2048
llama_context: n_ubatch      = 512
llama_context: causal_attn   = 1
llama_context: flash_attn    = auto
llama_context: kv_unified    = true
llama_context: freq_base     = 1000000.0
llama_context: freq_scale    = 1
llama_context: n_ctx_seq (4096) < n_ctx_train (32768) -- the full capacity of the model will not be utilized
llama_context:        CPU  output buffer size =     2.32 MiB
llama_kv_cache:        CPU KV buffer size =    48.00 MiB
llama_kv_cache: size =   48.00 MiB (  4096 cells,  24 layers,  4/1 seqs), K (f16):   24.00 MiB, V (f16):   24.00 MiB
llama_kv_cache: attn_rot_k = 0, n_embd_head_k_all = 64
llama_kv_cache: attn_rot_v = 0, n_embd_head_k_all = 64
sched_reserve: reserving ...
sched_reserve: Flash Attention was auto, set to enabled
sched_reserve: resolving fused Gated Delta Net support:
sched_reserve: fused Gated Delta Net (autoregressive) enabled
sched_reserve: fused Gated Delta Net (chunked) enabled
sched_reserve:        CPU compute buffer size =   313.51 MiB
sched_reserve: graph nodes  = 823
sched_reserve: graph splits = 1
sched_reserve: reserve took 10.18 ms, sched copies = 1
common_init_from_params: warming up the model with an empty run - please wait ... (--no-warmup to disable)
srv    load_model: initializing slots, n_slots = 4
no implementations specified for speculative decoding
slot   load_model: id  0 | task -1 | speculative decoding context not initialized
slot   load_model: id  0 | task -1 | new slot, n_ctx = 4096
no implementations specified for speculative decoding
slot   load_model: id  1 | task -1 | speculative decoding context not initialized
slot   load_model: id  1 | task -1 | new slot, n_ctx = 4096
no implementations specified for speculative decoding
slot   load_model: id  2 | task -1 | speculative decoding context not initialized
slot   load_model: id  2 | task -1 | new slot, n_ctx = 4096
no implementations specified for speculative decoding
slot   load_model: id  3 | task -1 | speculative decoding context not initialized
slot   load_model: id  3 | task -1 | new slot, n_ctx = 4096
srv    load_model: prompt cache is enabled, size limit: 8192 MiB
srv    load_model: use `--cache-ram 0` to disable the prompt cache
srv    load_model: for more info see https://github.com/ggml-org/llama.cpp/pull/16391
srv          init: init: idle slots will be saved to prompt cache and cleared upon starting a new task
init: chat template, example_format: '<|im_start|>system
You are a helpful assistant<|im_end|>
<|im_start|>user
Hello<|im_end|>
<|im_start|>assistant
Hi there<|im_end|>
<|im_start|>user
How are you?<|im_end|>
<|im_start|>assistant
'
srv          init: init: chat template, thinking = 0
main: model loaded
main: server is listening on http://0.0.0.0:8080
main: starting the main loop...
srv  update_slots: all slots are idle
slot get_availabl: id  3 | task -1 | selected slot by LRU, t_last = -1
srv  get_availabl: updating prompt cache
srv          load:  - looking for better prompt, base f_keep = -1.000, sim = 0.000
srv        update:  - cache state: 0 prompts, 0.000 MiB (limits: 8192.000 MiB, 4096 tokens, 8589934592 est)
srv  get_availabl: prompt cache update took 0.02 ms
slot launch_slot_: id  3 | task -1 | sampler chain: logits -> ?penalties -> ?dry -> ?top-n-sigma -> top-k -> ?typical -> top-p -> min-p -> ?xtc -> temp-ext -> dist 
slot launch_slot_: id  3 | task 0 | processing task, is_child = 0
slot update_slots: id  3 | task 0 | new prompt, n_ctx_slot = 4096, n_keep = 0, task.n_tokens = 6
slot update_slots: id  3 | task 0 | n_tokens = 0, memory_seq_rm [0, end)
slot init_sampler: id  3 | task 0 | init sampler, took 0.01 ms, tokens: text = 6, total = 6
slot update_slots: id  3 | task 0 | prompt processing done, n_tokens = 6, batch.n_tokens = 6
srv  log_server_r: done request: POST /completion 127.0.0.1 200
slot print_timing: id  3 | task 0 | 
prompt eval time =     110.55 ms /     6 tokens (   18.43 ms per token,    54.27 tokens per second)
       eval time =    2544.32 ms /   100 tokens (   25.44 ms per token,    39.30 tokens per second)
      total time =    2654.88 ms /   106 tokens
slot      release: id  3 | task 0 | stop processing: n_tokens = 105, truncated = 0
srv  update_slots: all slots are idle
slot get_availabl: id  2 | task -1 | selected slot by LRU, t_last = -1
srv  get_availabl: updating prompt cache
srv          load:  - looking for better prompt, base f_keep = -1.000, sim = 0.000
srv        update:  - cache state: 0 prompts, 0.000 MiB (limits: 8192.000 MiB, 4096 tokens, 8589934592 est)
srv  get_availabl: prompt cache update took 0.01 ms
slot launch_slot_: id  2 | task -1 | sampler chain: logits -> ?penalties -> ?dry -> ?top-n-sigma -> top-k -> ?typical -> top-p -> min-p -> ?xtc -> temp-ext -> dist 
slot launch_slot_: id  2 | task 101 | processing task, is_child = 0
slot slot_save_an: id  3 | task -1 | saving idle slot to prompt cache
srv   prompt_save:  - saving prompt with length 105, total state size = 1.232 MiB
slot prompt_clear: id  3 | task -1 | clearing prompt with 105 tokens
srv        update:  - cache state: 1 prompts, 1.232 MiB (limits: 8192.000 MiB, 4096 tokens, 698048 est)
srv        update:    - prompt 0x28c0e20:     105 tokens, checkpoints:  0,     1.232 MiB
slot update_slots: id  2 | task 101 | new prompt, n_ctx_slot = 4096, n_keep = 0, task.n_tokens = 7
slot update_slots: id  2 | task 101 | n_tokens = 0, memory_seq_rm [0, end)
slot init_sampler: id  2 | task 101 | init sampler, took 0.01 ms, tokens: text = 7, total = 7
slot update_slots: id  2 | task 101 | prompt processing done, n_tokens = 7, batch.n_tokens = 7
srv  log_server_r: done request: POST /completion 127.0.0.1 200
slot print_timing: id  2 | task 101 | 
prompt eval time =     127.64 ms /     7 tokens (   18.23 ms per token,    54.84 tokens per second)
       eval time =    2567.29 ms /   100 tokens (   25.67 ms per token,    38.95 tokens per second)
      total time =    2694.92 ms /   107 tokens
slot      release: id  2 | task 101 | stop processing: n_tokens = 106, truncated = 0
srv  update_slots: all slots are idle
slot get_availabl: id  1 | task -1 | selected slot by LRU, t_last = -1
srv  get_availabl: updating prompt cache
srv          load:  - looking for better prompt, base f_keep = -1.000, sim = 0.000
srv        update:  - cache state: 1 prompts, 1.232 MiB (limits: 8192.000 MiB, 4096 tokens, 698048 est)
srv        update:    - prompt 0x28c0e20:     105 tokens, checkpoints:  0,     1.232 MiB
srv  get_availabl: prompt cache update took 0.02 ms
slot launch_slot_: id  1 | task -1 | sampler chain: logits -> ?penalties -> ?dry -> ?top-n-sigma -> top-k -> ?typical -> top-p -> min-p -> ?xtc -> temp-ext -> dist 
slot launch_slot_: id  1 | task 202 | processing task, is_child = 0
slot slot_save_an: id  2 | task -1 | saving idle slot to prompt cache
srv   prompt_save:  - saving prompt with length 106, total state size = 1.244 MiB
slot prompt_clear: id  2 | task -1 | clearing prompt with 106 tokens
srv        update:  - cache state: 2 prompts, 2.476 MiB (limits: 8192.000 MiB, 4096 tokens, 698050 est)
srv        update:    - prompt 0x28c0e20:     105 tokens, checkpoints:  0,     1.232 MiB
srv        update:    - prompt 0x28c7080:     106 tokens, checkpoints:  0,     1.244 MiB
slot update_slots: id  1 | task 202 | new prompt, n_ctx_slot = 4096, n_keep = 0, task.n_tokens = 6
slot update_slots: id  1 | task 202 | n_tokens = 0, memory_seq_rm [0, end)
slot init_sampler: id  1 | task 202 | init sampler, took 0.01 ms, tokens: text = 6, total = 6
slot update_slots: id  1 | task 202 | prompt processing done, n_tokens = 6, batch.n_tokens = 6
srv  log_server_r: done request: POST /completion 127.0.0.1 200
slot print_timing: id  1 | task 202 | 
prompt eval time =     111.09 ms /     6 tokens (   18.51 ms per token,    54.01 tokens per second)
       eval time =    2564.98 ms /   100 tokens (   25.65 ms per token,    38.99 tokens per second)
      total time =    2676.06 ms /   106 tokens
slot      release: id  1 | task 202 | stop processing: n_tokens = 105, truncated = 0
srv  update_slots: all slots are idle
slot get_availabl: id  0 | task -1 | selected slot by LRU, t_last = -1
srv  get_availabl: updating prompt cache
srv          load:  - looking for better prompt, base f_keep = -1.000, sim = 0.000
srv        update:  - cache state: 2 prompts, 2.476 MiB (limits: 8192.000 MiB, 4096 tokens, 698050 est)
srv        update:    - prompt 0x28c0e20:     105 tokens, checkpoints:  0,     1.232 MiB
srv        update:    - prompt 0x28c7080:     106 tokens, checkpoints:  0,     1.244 MiB
srv  get_availabl: prompt cache update took 0.02 ms
slot launch_slot_: id  0 | task -1 | sampler chain: logits -> ?penalties -> ?dry -> ?top-n-sigma -> top-k -> ?typical -> top-p -> min-p -> ?xtc -> temp-ext -> dist 
slot launch_slot_: id  0 | task 303 | processing task, is_child = 0
slot slot_save_an: id  1 | task -1 | saving idle slot to prompt cache
srv   prompt_save:  - saving prompt with length 105, total state size = 1.232 MiB
slot prompt_clear: id  1 | task -1 | clearing prompt with 105 tokens
srv        update:  - cache state: 3 prompts, 3.708 MiB (limits: 8192.000 MiB, 4096 tokens, 698049 est)
srv        update:    - prompt 0x28c0e20:     105 tokens, checkpoints:  0,     1.232 MiB
srv        update:    - prompt 0x28c7080:     106 tokens, checkpoints:  0,     1.244 MiB
srv        update:    - prompt 0x28d3a10:     105 tokens, checkpoints:  0,     1.232 MiB
slot update_slots: id  0 | task 303 | new prompt, n_ctx_slot = 4096, n_keep = 0, task.n_tokens = 7
slot update_slots: id  0 | task 303 | n_tokens = 0, memory_seq_rm [0, end)
slot init_sampler: id  0 | task 303 | init sampler, took 0.01 ms, tokens: text = 7, total = 7
slot update_slots: id  0 | task 303 | prompt processing done, n_tokens = 7, batch.n_tokens = 7
srv  log_server_r: done request: POST /completion 127.0.0.1 200
slot print_timing: id  0 | task 303 | 
prompt eval time =     127.67 ms /     7 tokens (   18.24 ms per token,    54.83 tokens per second)
       eval time =    2565.74 ms /   100 tokens (   25.66 ms per token,    38.98 tokens per second)
      total time =    2693.42 ms /   107 tokens
slot      release: id  0 | task 303 | stop processing: n_tokens = 106, truncated = 0
srv  update_slots: all slots are idle
slot get_availabl: id  3 | task -1 | selected slot by LRU, t_last = 36125177165
srv  get_availabl: updating prompt cache
srv          load:  - looking for better prompt, base f_keep = -1.000, sim = 0.000
srv        update:  - cache state: 3 prompts, 3.708 MiB (limits: 8192.000 MiB, 4096 tokens, 698049 est)
srv        update:    - prompt 0x28c0e20:     105 tokens, checkpoints:  0,     1.232 MiB
srv        update:    - prompt 0x28c7080:     106 tokens, checkpoints:  0,     1.244 MiB
srv        update:    - prompt 0x28d3a10:     105 tokens, checkpoints:  0,     1.232 MiB
srv  get_availabl: prompt cache update took 0.03 ms
slot launch_slot_: id  3 | task -1 | sampler chain: logits -> ?penalties -> ?dry -> ?top-n-sigma -> top-k -> ?typical -> top-p -> min-p -> ?xtc -> temp-ext -> dist 
slot launch_slot_: id  3 | task 404 | processing task, is_child = 0
slot slot_save_an: id  0 | task -1 | saving idle slot to prompt cache
srv   prompt_save:  - saving prompt with length 106, total state size = 1.244 MiB
slot prompt_clear: id  0 | task -1 | clearing prompt with 106 tokens
srv        update:  - cache state: 4 prompts, 4.952 MiB (limits: 8192.000 MiB, 4096 tokens, 698050 est)
srv        update:    - prompt 0x28c0e20:     105 tokens, checkpoints:  0,     1.232 MiB
srv        update:    - prompt 0x28c7080:     106 tokens, checkpoints:  0,     1.244 MiB
srv        update:    - prompt 0x28d3a10:     105 tokens, checkpoints:  0,     1.232 MiB
srv        update:    - prompt 0x28c1e20:     106 tokens, checkpoints:  0,     1.244 MiB
slot update_slots: id  3 | task 404 | new prompt, n_ctx_slot = 4096, n_keep = 0, task.n_tokens = 5
slot update_slots: id  3 | task 404 | n_tokens = 0, memory_seq_rm [0, end)
slot init_sampler: id  3 | task 404 | init sampler, took 0.00 ms, tokens: text = 5, total = 5
slot update_slots: id  3 | task 404 | prompt processing done, n_tokens = 5, batch.n_tokens = 5
srv  log_server_r: done request: POST /completion 127.0.0.1 200
slot print_timing: id  3 | task 404 | 
prompt eval time =      94.58 ms /     5 tokens (   18.92 ms per token,    52.87 tokens per second)
       eval time =    2565.09 ms /   100 tokens (   25.65 ms per token,    38.99 tokens per second)
      total time =    2659.67 ms /   105 tokens
slot      release: id  3 | task 404 | stop processing: n_tokens = 104, truncated = 0
srv  update_slots: all slots are idle
slot get_availabl: id  2 | task -1 | selected slot by LRU, t_last = 36128540836
srv  get_availabl: updating prompt cache
srv          load:  - looking for better prompt, base f_keep = -1.000, sim = 0.000
srv        update:  - cache state: 4 prompts, 4.952 MiB (limits: 8192.000 MiB, 4096 tokens, 698050 est)
srv        update:    - prompt 0x28c0e20:     105 tokens, checkpoints:  0,     1.232 MiB
srv        update:    - prompt 0x28c7080:     106 tokens, checkpoints:  0,     1.244 MiB
srv        update:    - prompt 0x28d3a10:     105 tokens, checkpoints:  0,     1.232 MiB
srv        update:    - prompt 0x28c1e20:     106 tokens, checkpoints:  0,     1.244 MiB
srv  get_availabl: prompt cache update took 0.03 ms
slot launch_slot_: id  2 | task -1 | sampler chain: logits -> ?penalties -> ?dry -> ?top-n-sigma -> top-k -> ?typical -> top-p -> min-p -> ?xtc -> temp-ext -> dist 
slot launch_slot_: id  2 | task 505 | processing task, is_child = 0
slot slot_save_an: id  3 | task -1 | saving idle slot to prompt cache
srv   prompt_save:  - saving prompt with length 104, total state size = 1.221 MiB
slot prompt_clear: id  3 | task -1 | clearing prompt with 104 tokens
srv        update:  - cache state: 5 prompts, 6.173 MiB (limits: 8192.000 MiB, 4096 tokens, 698049 est)
srv        update:    - prompt 0x28c0e20:     105 tokens, checkpoints:  0,     1.232 MiB
srv        update:    - prompt 0x28c7080:     106 tokens, checkpoints:  0,     1.244 MiB
srv        update:    - prompt 0x28d3a10:     105 tokens, checkpoints:  0,     1.232 MiB
srv        update:    - prompt 0x28c1e20:     106 tokens, checkpoints:  0,     1.244 MiB
srv        update:    - prompt 0x3d8f9b0:     104 tokens, checkpoints:  0,     1.221 MiB
slot update_slots: id  2 | task 505 | new prompt, n_ctx_slot = 4096, n_keep = 0, task.n_tokens = 10
slot update_slots: id  2 | task 505 | n_tokens = 0, memory_seq_rm [0, end)
slot init_sampler: id  2 | task 505 | init sampler, took 0.01 ms, tokens: text = 10, total = 10
slot update_slots: id  2 | task 505 | prompt processing done, n_tokens = 10, batch.n_tokens = 10
srv  log_server_r: done request: POST /completion 127.0.0.1 200
slot print_timing: id  2 | task 505 | 
prompt eval time =     177.27 ms /    10 tokens (   17.73 ms per token,    56.41 tokens per second)
       eval time =    2567.17 ms /   100 tokens (   25.67 ms per token,    38.95 tokens per second)
      total time =    2744.44 ms /   110 tokens
slot      release: id  2 | task 505 | stop processing: n_tokens = 109, truncated = 0
srv  update_slots: all slots are idle
slot get_availabl: id  1 | task -1 | selected slot by LRU, t_last = 36131795081
srv  get_availabl: updating prompt cache
srv          load:  - looking for better prompt, base f_keep = -1.000, sim = 0.000
srv        update:  - cache state: 5 prompts, 6.173 MiB (limits: 8192.000 MiB, 4096 tokens, 698049 est)
srv        update:    - prompt 0x28c0e20:     105 tokens, checkpoints:  0,     1.232 MiB
srv        update:    - prompt 0x28c7080:     106 tokens, checkpoints:  0,     1.244 MiB
srv        update:    - prompt 0x28d3a10:     105 tokens, checkpoints:  0,     1.232 MiB
srv        update:    - prompt 0x28c1e20:     106 tokens, checkpoints:  0,     1.244 MiB
srv        update:    - prompt 0x3d8f9b0:     104 tokens, checkpoints:  0,     1.221 MiB
srv  get_availabl: prompt cache update took 0.03 ms
slot launch_slot_: id  1 | task -1 | sampler chain: logits -> ?penalties -> ?dry -> ?top-n-sigma -> top-k -> ?typical -> top-p -> min-p -> ?xtc -> temp-ext -> dist 
slot launch_slot_: id  1 | task 606 | processing task, is_child = 0
slot slot_save_an: id  2 | task -1 | saving idle slot to prompt cache
srv   prompt_save:  - saving prompt with length 109, total state size = 1.279 MiB
slot prompt_clear: id  2 | task -1 | clearing prompt with 109 tokens
srv        update:  - cache state: 6 prompts, 7.452 MiB (limits: 8192.000 MiB, 4096 tokens, 698051 est)
srv        update:    - prompt 0x28c0e20:     105 tokens, checkpoints:  0,     1.232 MiB
srv        update:    - prompt 0x28c7080:     106 tokens, checkpoints:  0,     1.244 MiB
srv        update:    - prompt 0x28d3a10:     105 tokens, checkpoints:  0,     1.232 MiB
srv        update:    - prompt 0x28c1e20:     106 tokens, checkpoints:  0,     1.244 MiB
srv        update:    - prompt 0x3d8f9b0:     104 tokens, checkpoints:  0,     1.221 MiB
srv        update:    - prompt 0x28c94c0:     109 tokens, checkpoints:  0,     1.279 MiB
slot update_slots: id  1 | task 606 | new prompt, n_ctx_slot = 4096, n_keep = 0, task.n_tokens = 16
slot update_slots: id  1 | task 606 | n_tokens = 0, memory_seq_rm [0, end)
slot init_sampler: id  1 | task 606 | init sampler, took 0.01 ms, tokens: text = 16, total = 16
slot update_slots: id  1 | task 606 | prompt processing done, n_tokens = 16, batch.n_tokens = 16
srv  log_server_r: done request: POST /completion 127.0.0.1 200
slot print_timing: id  1 | task 606 | 
prompt eval time =     276.76 ms /    16 tokens (   17.30 ms per token,    57.81 tokens per second)
       eval time =    2571.92 ms /   100 tokens (   25.72 ms per token,    38.88 tokens per second)
      total time =    2848.68 ms /   116 tokens
slot      release: id  1 | task 606 | stop processing: n_tokens = 115, truncated = 0
srv  update_slots: all slots are idle
slot get_availabl: id  0 | task -1 | selected slot by LRU, t_last = 36135328880
srv  get_availabl: updating prompt cache
srv          load:  - looking for better prompt, base f_keep = -1.000, sim = 0.000
srv        update:  - cache state: 6 prompts, 7.452 MiB (limits: 8192.000 MiB, 4096 tokens, 698051 est)
srv        update:    - prompt 0x28c0e20:     105 tokens, checkpoints:  0,     1.232 MiB
srv        update:    - prompt 0x28c7080:     106 tokens, checkpoints:  0,     1.244 MiB
srv        update:    - prompt 0x28d3a10:     105 tokens, checkpoints:  0,     1.232 MiB
srv        update:    - prompt 0x28c1e20:     106 tokens, checkpoints:  0,     1.244 MiB
srv        update:    - prompt 0x3d8f9b0:     104 tokens, checkpoints:  0,     1.221 MiB
srv        update:    - prompt 0x28c94c0:     109 tokens, checkpoints:  0,     1.279 MiB
srv  get_availabl: prompt cache update took 0.04 ms
slot launch_slot_: id  0 | task -1 | sampler chain: logits -> ?penalties -> ?dry -> ?top-n-sigma -> top-k -> ?typical -> top-p -> min-p -> ?xtc -> temp-ext -> dist 
slot launch_slot_: id  0 | task 707 | processing task, is_child = 0
slot slot_save_an: id  1 | task -1 | saving idle slot to prompt cache
srv   prompt_save:  - saving prompt with length 115, total state size = 1.350 MiB
slot prompt_clear: id  1 | task -1 | clearing prompt with 115 tokens
srv        update:  - cache state: 7 prompts, 8.802 MiB (limits: 8192.000 MiB, 4096 tokens, 698055 est)
srv        update:    - prompt 0x28c0e20:     105 tokens, checkpoints:  0,     1.232 MiB
srv        update:    - prompt 0x28c7080:     106 tokens, checkpoints:  0,     1.244 MiB
srv        update:    - prompt 0x28d3a10:     105 tokens, checkpoints:  0,     1.232 MiB
srv        update:    - prompt 0x28c1e20:     106 tokens, checkpoints:  0,     1.244 MiB
srv        update:    - prompt 0x3d8f9b0:     104 tokens, checkpoints:  0,     1.221 MiB
srv        update:    - prompt 0x28c94c0:     109 tokens, checkpoints:  0,     1.279 MiB
srv        update:    - prompt 0xf90860:     115 tokens, checkpoints:  0,     1.350 MiB
slot update_slots: id  0 | task 707 | new prompt, n_ctx_slot = 4096, n_keep = 0, task.n_tokens = 11
slot update_slots: id  0 | task 707 | n_tokens = 0, memory_seq_rm [0, end)
slot init_sampler: id  0 | task 707 | init sampler, took 0.01 ms, tokens: text = 11, total = 11
slot update_slots: id  0 | task 707 | prompt processing done, n_tokens = 11, batch.n_tokens = 11
srv  log_server_r: done request: POST /completion 127.0.0.1 200
slot print_timing: id  0 | task 707 | 
prompt eval time =     193.90 ms /    11 tokens (   17.63 ms per token,    56.73 tokens per second)
       eval time =    2568.53 ms /   100 tokens (   25.69 ms per token,    38.93 tokens per second)
      total time =    2762.43 ms /   111 tokens
slot      release: id  0 | task 707 | stop processing: n_tokens = 110, truncated = 0
srv  update_slots: all slots are idle
slot get_availabl: id  3 | task -1 | selected slot by LRU, t_last = 36138565347
srv  get_availabl: updating prompt cache
srv          load:  - looking for better prompt, base f_keep = -1.000, sim = 0.000
srv        update:  - cache state: 7 prompts, 8.802 MiB (limits: 8192.000 MiB, 4096 tokens, 698055 est)
srv        update:    - prompt 0x28c0e20:     105 tokens, checkpoints:  0,     1.232 MiB
srv        update:    - prompt 0x28c7080:     106 tokens, checkpoints:  0,     1.244 MiB
srv        update:    - prompt 0x28d3a10:     105 tokens, checkpoints:  0,     1.232 MiB
srv        update:    - prompt 0x28c1e20:     106 tokens, checkpoints:  0,     1.244 MiB
srv        update:    - prompt 0x3d8f9b0:     104 tokens, checkpoints:  0,     1.221 MiB
srv        update:    - prompt 0x28c94c0:     109 tokens, checkpoints:  0,     1.279 MiB
srv        update:    - prompt 0xf90860:     115 tokens, checkpoints:  0,     1.350 MiB
srv  get_availabl: prompt cache update took 0.04 ms
slot launch_slot_: id  3 | task -1 | sampler chain: logits -> ?penalties -> ?dry -> ?top-n-sigma -> top-k -> ?typical -> top-p -> min-p -> ?xtc -> temp-ext -> dist 
slot launch_slot_: id  3 | task 808 | processing task, is_child = 0
slot slot_save_an: id  0 | task -1 | saving idle slot to prompt cache
srv   prompt_save:  - saving prompt with length 110, total state size = 1.291 MiB
slot prompt_clear: id  0 | task -1 | clearing prompt with 110 tokens
srv        update:  - cache state: 8 prompts, 10.092 MiB (limits: 8192.000 MiB, 4096 tokens, 698056 est)
srv        update:    - prompt 0x28c0e20:     105 tokens, checkpoints:  0,     1.232 MiB
srv        update:    - prompt 0x28c7080:     106 tokens, checkpoints:  0,     1.244 MiB
srv        update:    - prompt 0x28d3a10:     105 tokens, checkpoints:  0,     1.232 MiB
srv        update:    - prompt 0x28c1e20:     106 tokens, checkpoints:  0,     1.244 MiB
srv        update:    - prompt 0x3d8f9b0:     104 tokens, checkpoints:  0,     1.221 MiB
srv        update:    - prompt 0x28c94c0:     109 tokens, checkpoints:  0,     1.279 MiB
srv        update:    - prompt 0xf90860:     115 tokens, checkpoints:  0,     1.350 MiB
srv        update:    - prompt 0x28ce680:     110 tokens, checkpoints:  0,     1.291 MiB
slot update_slots: id  3 | task 808 | new prompt, n_ctx_slot = 4096, n_keep = 0, task.n_tokens = 13
slot update_slots: id  3 | task 808 | n_tokens = 0, memory_seq_rm [0, end)
slot init_sampler: id  3 | task 808 | init sampler, took 0.01 ms, tokens: text = 13, total = 13
slot update_slots: id  3 | task 808 | prompt processing done, n_tokens = 13, batch.n_tokens = 13
srv  log_server_r: done request: POST /completion 127.0.0.1 200
slot print_timing: id  3 | task 808 | 
prompt eval time =     226.82 ms /    13 tokens (   17.45 ms per token,    57.31 tokens per second)
       eval time =    2569.04 ms /   100 tokens (   25.69 ms per token,    38.93 tokens per second)
      total time =    2795.86 ms /   113 tokens
slot      release: id  3 | task 808 | stop processing: n_tokens = 112, truncated = 0
srv  update_slots: all slots are idle
slot get_availabl: id  2 | task -1 | selected slot by LRU, t_last = 36141887043
srv  get_availabl: updating prompt cache
srv          load:  - looking for better prompt, base f_keep = -1.000, sim = 0.000
srv        update:  - cache state: 8 prompts, 10.092 MiB (limits: 8192.000 MiB, 4096 tokens, 698056 est)
srv        update:    - prompt 0x28c0e20:     105 tokens, checkpoints:  0,     1.232 MiB
srv        update:    - prompt 0x28c7080:     106 tokens, checkpoints:  0,     1.244 MiB
srv        update:    - prompt 0x28d3a10:     105 tokens, checkpoints:  0,     1.232 MiB
srv        update:    - prompt 0x28c1e20:     106 tokens, checkpoints:  0,     1.244 MiB
srv        update:    - prompt 0x3d8f9b0:     104 tokens, checkpoints:  0,     1.221 MiB
srv        update:    - prompt 0x28c94c0:     109 tokens, checkpoints:  0,     1.279 MiB
srv        update:    - prompt 0xf90860:     115 tokens, checkpoints:  0,     1.350 MiB
srv        update:    - prompt 0x28ce680:     110 tokens, checkpoints:  0,     1.291 MiB
srv  get_availabl: prompt cache update took 0.04 ms
slot launch_slot_: id  2 | task -1 | sampler chain: logits -> ?penalties -> ?dry -> ?top-n-sigma -> top-k -> ?typical -> top-p -> min-p -> ?xtc -> temp-ext -> dist 
slot launch_slot_: id  2 | task 909 | processing task, is_child = 0
slot slot_save_an: id  3 | task -1 | saving idle slot to prompt cache
srv   prompt_save:  - saving prompt with length 112, total state size = 1.314 MiB
slot prompt_clear: id  3 | task -1 | clearing prompt with 112 tokens
srv        update:  - cache state: 9 prompts, 11.407 MiB (limits: 8192.000 MiB, 4096 tokens, 698057 est)
srv        update:    - prompt 0x28c0e20:     105 tokens, checkpoints:  0,     1.232 MiB
srv        update:    - prompt 0x28c7080:     106 tokens, checkpoints:  0,     1.244 MiB
srv        update:    - prompt 0x28d3a10:     105 tokens, checkpoints:  0,     1.232 MiB
srv        update:    - prompt 0x28c1e20:     106 tokens, checkpoints:  0,     1.244 MiB
srv        update:    - prompt 0x3d8f9b0:     104 tokens, checkpoints:  0,     1.221 MiB
srv        update:    - prompt 0x28c94c0:     109 tokens, checkpoints:  0,     1.279 MiB
srv        update:    - prompt 0xf90860:     115 tokens, checkpoints:  0,     1.350 MiB
srv        update:    - prompt 0x28ce680:     110 tokens, checkpoints:  0,     1.291 MiB
srv        update:    - prompt 0x28ba4f0:     112 tokens, checkpoints:  0,     1.314 MiB
slot update_slots: id  2 | task 909 | new prompt, n_ctx_slot = 4096, n_keep = 0, task.n_tokens = 8
slot update_slots: id  2 | task 909 | n_tokens = 0, memory_seq_rm [0, end)
slot init_sampler: id  2 | task 909 | init sampler, took 0.01 ms, tokens: text = 8, total = 8
slot update_slots: id  2 | task 909 | prompt processing done, n_tokens = 8, batch.n_tokens = 8
srv  log_server_r: done request: POST /completion 127.0.0.1 200
slot print_timing: id  2 | task 909 | 
prompt eval time =     144.23 ms /     8 tokens (   18.03 ms per token,    55.47 tokens per second)
       eval time =    2566.61 ms /   100 tokens (   25.67 ms per token,    38.96 tokens per second)
      total time =    2710.84 ms /   108 tokens
slot      release: id  2 | task 909 | stop processing: n_tokens = 107, truncated = 0
srv  update_slots: all slots are idle
slot get_availabl: id  1 | task -1 | selected slot by LRU, t_last = 36145312225
srv  get_availabl: updating prompt cache
srv          load:  - looking for better prompt, base f_keep = -1.000, sim = 0.000
srv        update:  - cache state: 9 prompts, 11.407 MiB (limits: 8192.000 MiB, 4096 tokens, 698057 est)
srv        update:    - prompt 0x28c0e20:     105 tokens, checkpoints:  0,     1.232 MiB
srv        update:    - prompt 0x28c7080:     106 tokens, checkpoints:  0,     1.244 MiB
srv        update:    - prompt 0x28d3a10:     105 tokens, checkpoints:  0,     1.232 MiB
srv        update:    - prompt 0x28c1e20:     106 tokens, checkpoints:  0,     1.244 MiB
srv        update:    - prompt 0x3d8f9b0:     104 tokens, checkpoints:  0,     1.221 MiB
srv        update:    - prompt 0x28c94c0:     109 tokens, checkpoints:  0,     1.279 MiB
srv        update:    - prompt 0xf90860:     115 tokens, checkpoints:  0,     1.350 MiB
srv        update:    - prompt 0x28ce680:     110 tokens, checkpoints:  0,     1.291 MiB
srv        update:    - prompt 0x28ba4f0:     112 tokens, checkpoints:  0,     1.314 MiB
srv  get_availabl: prompt cache update took 0.05 ms
slot launch_slot_: id  1 | task -1 | sampler chain: logits -> ?penalties -> ?dry -> ?top-n-sigma -> top-k -> ?typical -> top-p -> min-p -> ?xtc -> temp-ext -> dist 
slot launch_slot_: id  1 | task 1010 | processing task, is_child = 0
slot slot_save_an: id  2 | task -1 | saving idle slot to prompt cache
srv   prompt_save:  - saving prompt with length 107, total state size = 1.256 MiB
slot prompt_clear: id  2 | task -1 | clearing prompt with 107 tokens
srv        update:  - cache state: 10 prompts, 12.663 MiB (limits: 8192.000 MiB, 4096 tokens, 698057 est)
srv        update:    - prompt 0x28c0e20:     105 tokens, checkpoints:  0,     1.232 MiB
srv        update:    - prompt 0x28c7080:     106 tokens, checkpoints:  0,     1.244 MiB
srv        update:    - prompt 0x28d3a10:     105 tokens, checkpoints:  0,     1.232 MiB
srv        update:    - prompt 0x28c1e20:     106 tokens, checkpoints:  0,     1.244 MiB
srv        update:    - prompt 0x3d8f9b0:     104 tokens, checkpoints:  0,     1.221 MiB
srv        update:    - prompt 0x28c94c0:     109 tokens, checkpoints:  0,     1.279 MiB
srv        update:    - prompt 0xf90860:     115 tokens, checkpoints:  0,     1.350 MiB
srv        update:    - prompt 0x28ce680:     110 tokens, checkpoints:  0,     1.291 MiB
srv        update:    - prompt 0x28ba4f0:     112 tokens, checkpoints:  0,     1.314 MiB
srv        update:    - prompt 0x28dd340:     107 tokens, checkpoints:  0,     1.256 MiB
slot update_slots: id  1 | task 1010 | new prompt, n_ctx_slot = 4096, n_keep = 0, task.n_tokens = 8
slot update_slots: id  1 | task 1010 | n_tokens = 0, memory_seq_rm [0, end)
slot init_sampler: id  1 | task 1010 | init sampler, took 0.01 ms, tokens: text = 8, total = 8
slot update_slots: id  1 | task 1010 | prompt processing done, n_tokens = 8, batch.n_tokens = 8
srv  log_server_r: done request: POST /completion 127.0.0.1 200
slot print_timing: id  1 | task 1010 | 
prompt eval time =     143.91 ms /     8 tokens (   17.99 ms per token,    55.59 tokens per second)
       eval time =    2564.62 ms /   100 tokens (   25.65 ms per token,    38.99 tokens per second)
      total time =    2708.52 ms /   108 tokens
slot      release: id  1 | task 1010 | stop processing: n_tokens = 107, truncated = 0
srv  update_slots: all slots are idle
slot get_availabl: id  0 | task -1 | selected slot by LRU, t_last = 36148654062
srv  get_availabl: updating prompt cache
srv          load:  - looking for better prompt, base f_keep = -1.000, sim = 0.000
srv        update:  - cache state: 10 prompts, 12.663 MiB (limits: 8192.000 MiB, 4096 tokens, 698057 est)
srv        update:    - prompt 0x28c0e20:     105 tokens, checkpoints:  0,     1.232 MiB
srv        update:    - prompt 0x28c7080:     106 tokens, checkpoints:  0,     1.244 MiB
srv        update:    - prompt 0x28d3a10:     105 tokens, checkpoints:  0,     1.232 MiB
srv        update:    - prompt 0x28c1e20:     106 tokens, checkpoints:  0,     1.244 MiB
srv        update:    - prompt 0x3d8f9b0:     104 tokens, checkpoints:  0,     1.221 MiB
srv        update:    - prompt 0x28c94c0:     109 tokens, checkpoints:  0,     1.279 MiB
srv        update:    - prompt 0xf90860:     115 tokens, checkpoints:  0,     1.350 MiB
srv        update:    - prompt 0x28ce680:     110 tokens, checkpoints:  0,     1.291 MiB
srv        update:    - prompt 0x28ba4f0:     112 tokens, checkpoints:  0,     1.314 MiB
srv        update:    - prompt 0x28dd340:     107 tokens, checkpoints:  0,     1.256 MiB
srv  get_availabl: prompt cache update took 0.05 ms
slot launch_slot_: id  0 | task -1 | sampler chain: logits -> ?penalties -> ?dry -> ?top-n-sigma -> top-k -> ?typical -> top-p -> min-p -> ?xtc -> temp-ext -> dist 
slot launch_slot_: id  0 | task 1111 | processing task, is_child = 0
slot slot_save_an: id  1 | task -1 | saving idle slot to prompt cache
srv   prompt_save:  - saving prompt with length 107, total state size = 1.256 MiB
slot prompt_clear: id  1 | task -1 | clearing prompt with 107 tokens
srv        update:  - cache state: 11 prompts, 13.918 MiB (limits: 8192.000 MiB, 4096 tokens, 698057 est)
srv        update:    - prompt 0x28c0e20:     105 tokens, checkpoints:  0,     1.232 MiB
srv        update:    - prompt 0x28c7080:     106 tokens, checkpoints:  0,     1.244 MiB
srv        update:    - prompt 0x28d3a10:     105 tokens, checkpoints:  0,     1.232 MiB
srv        update:    - prompt 0x28c1e20:     106 tokens, checkpoints:  0,     1.244 MiB
srv        update:    - prompt 0x3d8f9b0:     104 tokens, checkpoints:  0,     1.221 MiB
srv        update:    - prompt 0x28c94c0:     109 tokens, checkpoints:  0,     1.279 MiB
srv        update:    - prompt 0xf90860:     115 tokens, checkpoints:  0,     1.350 MiB
srv        update:    - prompt 0x28ce680:     110 tokens, checkpoints:  0,     1.291 MiB
srv        update:    - prompt 0x28ba4f0:     112 tokens, checkpoints:  0,     1.314 MiB
srv        update:    - prompt 0x28dd340:     107 tokens, checkpoints:  0,     1.256 MiB
srv        update:    - prompt 0x28d1e50:     107 tokens, checkpoints:  0,     1.256 MiB
slot update_slots: id  0 | task 1111 | new prompt, n_ctx_slot = 4096, n_keep = 0, task.n_tokens = 8
slot update_slots: id  0 | task 1111 | n_tokens = 0, memory_seq_rm [0, end)
slot init_sampler: id  0 | task 1111 | init sampler, took 0.01 ms, tokens: text = 8, total = 8
slot update_slots: id  0 | task 1111 | prompt processing done, n_tokens = 8, batch.n_tokens = 8
srv  log_server_r: done request: POST /completion 127.0.0.1 200
slot print_timing: id  0 | task 1111 | 
prompt eval time =     144.08 ms /     8 tokens (   18.01 ms per token,    55.52 tokens per second)
       eval time =    2563.60 ms /   100 tokens (   25.64 ms per token,    39.01 tokens per second)
      total time =    2707.69 ms /   108 tokens
slot      release: id  0 | task 1111 | stop processing: n_tokens = 107, truncated = 0
srv  update_slots: all slots are idle
slot get_availabl: id  3 | task -1 | selected slot by LRU, t_last = 36152027962
srv  get_availabl: updating prompt cache
srv          load:  - looking for better prompt, base f_keep = -1.000, sim = 0.000
srv        update:  - cache state: 11 prompts, 13.918 MiB (limits: 8192.000 MiB, 4096 tokens, 698057 est)
srv        update:    - prompt 0x28c0e20:     105 tokens, checkpoints:  0,     1.232 MiB
srv        update:    - prompt 0x28c7080:     106 tokens, checkpoints:  0,     1.244 MiB
srv        update:    - prompt 0x28d3a10:     105 tokens, checkpoints:  0,     1.232 MiB
srv        update:    - prompt 0x28c1e20:     106 tokens, checkpoints:  0,     1.244 MiB
srv        update:    - prompt 0x3d8f9b0:     104 tokens, checkpoints:  0,     1.221 MiB
srv        update:    - prompt 0x28c94c0:     109 tokens, checkpoints:  0,     1.279 MiB
srv        update:    - prompt 0xf90860:     115 tokens, checkpoints:  0,     1.350 MiB
srv        update:    - prompt 0x28ce680:     110 tokens, checkpoints:  0,     1.291 MiB
srv        update:    - prompt 0x28ba4f0:     112 tokens, checkpoints:  0,     1.314 MiB
srv        update:    - prompt 0x28dd340:     107 tokens, checkpoints:  0,     1.256 MiB
srv        update:    - prompt 0x28d1e50:     107 tokens, checkpoints:  0,     1.256 MiB
srv  get_availabl: prompt cache update took 0.05 ms
slot launch_slot_: id  3 | task -1 | sampler chain: logits -> ?penalties -> ?dry -> ?top-n-sigma -> top-k -> ?typical -> top-p -> min-p -> ?xtc -> temp-ext -> dist 
slot launch_slot_: id  3 | task 1212 | processing task, is_child = 0
slot slot_save_an: id  0 | task -1 | saving idle slot to prompt cache
srv   prompt_save:  - saving prompt with length 107, total state size = 1.256 MiB
slot prompt_clear: id  0 | task -1 | clearing prompt with 107 tokens
srv        update:  - cache state: 12 prompts, 15.174 MiB (limits: 8192.000 MiB, 4096 tokens, 698056 est)
srv        update:    - prompt 0x28c0e20:     105 tokens, checkpoints:  0,     1.232 MiB
srv        update:    - prompt 0x28c7080:     106 tokens, checkpoints:  0,     1.244 MiB
srv        update:    - prompt 0x28d3a10:     105 tokens, checkpoints:  0,     1.232 MiB
srv        update:    - prompt 0x28c1e20:     106 tokens, checkpoints:  0,     1.244 MiB
srv        update:    - prompt 0x3d8f9b0:     104 tokens, checkpoints:  0,     1.221 MiB
srv        update:    - prompt 0x28c94c0:     109 tokens, checkpoints:  0,     1.279 MiB
srv        update:    - prompt 0xf90860:     115 tokens, checkpoints:  0,     1.350 MiB
srv        update:    - prompt 0x28ce680:     110 tokens, checkpoints:  0,     1.291 MiB
srv        update:    - prompt 0x28ba4f0:     112 tokens, checkpoints:  0,     1.314 MiB
srv        update:    - prompt 0x28dd340:     107 tokens, checkpoints:  0,     1.256 MiB
srv        update:    - prompt 0x28d1e50:     107 tokens, checkpoints:  0,     1.256 MiB
srv        update:    - prompt 0x28c0600:     107 tokens, checkpoints:  0,     1.256 MiB
slot update_slots: id  3 | task 1212 | new prompt, n_ctx_slot = 4096, n_keep = 0, task.n_tokens = 11
slot update_slots: id  3 | task 1212 | n_tokens = 0, memory_seq_rm [0, end)
slot init_sampler: id  3 | task 1212 | init sampler, took 0.01 ms, tokens: text = 11, total = 11
slot update_slots: id  3 | task 1212 | prompt processing done, n_tokens = 11, batch.n_tokens = 11
srv  log_server_r: done request: POST /completion 127.0.0.1 200
slot print_timing: id  3 | task 1212 | 
prompt eval time =     193.84 ms /    11 tokens (   17.62 ms per token,    56.75 tokens per second)
       eval time =     411.81 ms /    17 tokens (   24.22 ms per token,    41.28 tokens per second)
      total time =     605.66 ms /    28 tokens
slot      release: id  3 | task 1212 | stop processing: n_tokens = 27, truncated = 0
srv  update_slots: all slots are idle
slot get_availabl: id  2 | task -1 | selected slot by LRU, t_last = 36155317322
srv  get_availabl: updating prompt cache
srv          load:  - looking for better prompt, base f_keep = -1.000, sim = 0.000
srv        update:  - cache state: 12 prompts, 15.174 MiB (limits: 8192.000 MiB, 4096 tokens, 698056 est)
srv        update:    - prompt 0x28c0e20:     105 tokens, checkpoints:  0,     1.232 MiB
srv        update:    - prompt 0x28c7080:     106 tokens, checkpoints:  0,     1.244 MiB
srv        update:    - prompt 0x28d3a10:     105 tokens, checkpoints:  0,     1.232 MiB
srv        update:    - prompt 0x28c1e20:     106 tokens, checkpoints:  0,     1.244 MiB
srv        update:    - prompt 0x3d8f9b0:     104 tokens, checkpoints:  0,     1.221 MiB
srv        update:    - prompt 0x28c94c0:     109 tokens, checkpoints:  0,     1.279 MiB
srv        update:    - prompt 0xf90860:     115 tokens, checkpoints:  0,     1.350 MiB
srv        update:    - prompt 0x28ce680:     110 tokens, checkpoints:  0,     1.291 MiB
srv        update:    - prompt 0x28ba4f0:     112 tokens, checkpoints:  0,     1.314 MiB
srv        update:    - prompt 0x28dd340:     107 tokens, checkpoints:  0,     1.256 MiB
srv        update:    - prompt 0x28d1e50:     107 tokens, checkpoints:  0,     1.256 MiB
srv        update:    - prompt 0x28c0600:     107 tokens, checkpoints:  0,     1.256 MiB
srv  get_availabl: prompt cache update took 0.05 ms
slot launch_slot_: id  2 | task -1 | sampler chain: logits -> ?penalties -> ?dry -> ?top-n-sigma -> top-k -> ?typical -> top-p -> min-p -> ?xtc -> temp-ext -> dist 
slot launch_slot_: id  2 | task 1230 | processing task, is_child = 0
slot slot_save_an: id  3 | task -1 | saving idle slot to prompt cache
srv   prompt_save:  - saving prompt with length 27, total state size = 0.317 MiB
slot prompt_clear: id  3 | task -1 | clearing prompt with 27 tokens
srv        update:  - cache state: 13 prompts, 15.491 MiB (limits: 8192.000 MiB, 4096 tokens, 698037 est)
srv        update:    - prompt 0x28c0e20:     105 tokens, checkpoints:  0,     1.232 MiB
srv        update:    - prompt 0x28c7080:     106 tokens, checkpoints:  0,     1.244 MiB
srv        update:    - prompt 0x28d3a10:     105 tokens, checkpoints:  0,     1.232 MiB
srv        update:    - prompt 0x28c1e20:     106 tokens, checkpoints:  0,     1.244 MiB
srv        update:    - prompt 0x3d8f9b0:     104 tokens, checkpoints:  0,     1.221 MiB
srv        update:    - prompt 0x28c94c0:     109 tokens, checkpoints:  0,     1.279 MiB
srv        update:    - prompt 0xf90860:     115 tokens, checkpoints:  0,     1.350 MiB
srv        update:    - prompt 0x28ce680:     110 tokens, checkpoints:  0,     1.291 MiB
srv        update:    - prompt 0x28ba4f0:     112 tokens, checkpoints:  0,     1.314 MiB
srv        update:    - prompt 0x28dd340:     107 tokens, checkpoints:  0,     1.256 MiB
srv        update:    - prompt 0x28d1e50:     107 tokens, checkpoints:  0,     1.256 MiB
srv        update:    - prompt 0x28c0600:     107 tokens, checkpoints:  0,     1.256 MiB
srv        update:    - prompt 0x28d3cf0:      27 tokens, checkpoints:  0,     0.317 MiB
slot update_slots: id  2 | task 1230 | new prompt, n_ctx_slot = 4096, n_keep = 0, task.n_tokens = 19
slot update_slots: id  2 | task 1230 | n_tokens = 0, memory_seq_rm [0, end)
slot init_sampler: id  2 | task 1230 | init sampler, took 0.01 ms, tokens: text = 19, total = 19
slot update_slots: id  2 | task 1230 | prompt processing done, n_tokens = 19, batch.n_tokens = 19
srv  log_server_r: done request: POST /completion 127.0.0.1 200
slot print_timing: id  2 | task 1230 | 
prompt eval time =     328.92 ms /    19 tokens (   17.31 ms per token,    57.76 tokens per second)
       eval time =    2563.54 ms /   100 tokens (   25.64 ms per token,    39.01 tokens per second)
      total time =    2892.47 ms /   119 tokens
slot      release: id  2 | task 1230 | stop processing: n_tokens = 118, truncated = 0
srv  update_slots: all slots are idle
slot get_availabl: id  1 | task -1 | selected slot by LRU, t_last = 36158605359
srv  get_availabl: updating prompt cache
srv          load:  - looking for better prompt, base f_keep = -1.000, sim = 0.000
srv        update:  - cache state: 13 prompts, 15.491 MiB (limits: 8192.000 MiB, 4096 tokens, 698037 est)
srv        update:    - prompt 0x28c0e20:     105 tokens, checkpoints:  0,     1.232 MiB
srv        update:    - prompt 0x28c7080:     106 tokens, checkpoints:  0,     1.244 MiB
srv        update:    - prompt 0x28d3a10:     105 tokens, checkpoints:  0,     1.232 MiB
srv        update:    - prompt 0x28c1e20:     106 tokens, checkpoints:  0,     1.244 MiB
srv        update:    - prompt 0x3d8f9b0:     104 tokens, checkpoints:  0,     1.221 MiB
srv        update:    - prompt 0x28c94c0:     109 tokens, checkpoints:  0,     1.279 MiB
srv        update:    - prompt 0xf90860:     115 tokens, checkpoints:  0,     1.350 MiB
srv        update:    - prompt 0x28ce680:     110 tokens, checkpoints:  0,     1.291 MiB
srv        update:    - prompt 0x28ba4f0:     112 tokens, checkpoints:  0,     1.314 MiB
srv        update:    - prompt 0x28dd340:     107 tokens, checkpoints:  0,     1.256 MiB
srv        update:    - prompt 0x28d1e50:     107 tokens, checkpoints:  0,     1.256 MiB
srv        update:    - prompt 0x28c0600:     107 tokens, checkpoints:  0,     1.256 MiB
srv        update:    - prompt 0x28d3cf0:      27 tokens, checkpoints:  0,     0.317 MiB
srv  get_availabl: prompt cache update took 0.06 ms
slot launch_slot_: id  1 | task -1 | sampler chain: logits -> ?penalties -> ?dry -> ?top-n-sigma -> top-k -> ?typical -> top-p -> min-p -> ?xtc -> temp-ext -> dist 
slot launch_slot_: id  1 | task 1331 | processing task, is_child = 0
slot slot_save_an: id  2 | task -1 | saving idle slot to prompt cache
srv   prompt_save:  - saving prompt with length 118, total state size = 1.385 MiB
slot prompt_clear: id  2 | task -1 | clearing prompt with 118 tokens
srv        update:  - cache state: 14 prompts, 16.876 MiB (limits: 8192.000 MiB, 4096 tokens, 698041 est)
srv        update:    - prompt 0x28c0e20:     105 tokens, checkpoints:  0,     1.232 MiB
srv        update:    - prompt 0x28c7080:     106 tokens, checkpoints:  0,     1.244 MiB
srv        update:    - prompt 0x28d3a10:     105 tokens, checkpoints:  0,     1.232 MiB
srv        update:    - prompt 0x28c1e20:     106 tokens, checkpoints:  0,     1.244 MiB
srv        update:    - prompt 0x3d8f9b0:     104 tokens, checkpoints:  0,     1.221 MiB
srv        update:    - prompt 0x28c94c0:     109 tokens, checkpoints:  0,     1.279 MiB
srv        update:    - prompt 0xf90860:     115 tokens, checkpoints:  0,     1.350 MiB
srv        update:    - prompt 0x28ce680:     110 tokens, checkpoints:  0,     1.291 MiB
srv        update:    - prompt 0x28ba4f0:     112 tokens, checkpoints:  0,     1.314 MiB
srv        update:    - prompt 0x28dd340:     107 tokens, checkpoints:  0,     1.256 MiB
srv        update:    - prompt 0x28d1e50:     107 tokens, checkpoints:  0,     1.256 MiB
srv        update:    - prompt 0x28c0600:     107 tokens, checkpoints:  0,     1.256 MiB
srv        update:    - prompt 0x28d3cf0:      27 tokens, checkpoints:  0,     0.317 MiB
srv        update:    - prompt 0x28c6e80:     118 tokens, checkpoints:  0,     1.385 MiB
slot update_slots: id  1 | task 1331 | new prompt, n_ctx_slot = 4096, n_keep = 0, task.n_tokens = 23
slot update_slots: id  1 | task 1331 | n_tokens = 0, memory_seq_rm [0, end)
slot init_sampler: id  1 | task 1331 | init sampler, took 0.01 ms, tokens: text = 23, total = 23
slot update_slots: id  1 | task 1331 | prompt processing done, n_tokens = 23, batch.n_tokens = 23
srv  log_server_r: done request: POST /completion 127.0.0.1 200
slot print_timing: id  1 | task 1331 | 
prompt eval time =     395.33 ms /    23 tokens (   17.19 ms per token,    58.18 tokens per second)
       eval time =    2564.56 ms /   100 tokens (   25.65 ms per token,    38.99 tokens per second)
      total time =    2959.89 ms /   123 tokens
slot      release: id  1 | task 1331 | stop processing: n_tokens = 122, truncated = 0
srv  update_slots: all slots are idle
slot get_availabl: id  0 | task -1 | selected slot by LRU, t_last = 36161890511
srv  get_availabl: updating prompt cache
srv          load:  - looking for better prompt, base f_keep = -1.000, sim = 0.000
srv        update:  - cache state: 14 prompts, 16.876 MiB (limits: 8192.000 MiB, 4096 tokens, 698041 est)
srv        update:    - prompt 0x28c0e20:     105 tokens, checkpoints:  0,     1.232 MiB
srv        update:    - prompt 0x28c7080:     106 tokens, checkpoints:  0,     1.244 MiB
srv        update:    - prompt 0x28d3a10:     105 tokens, checkpoints:  0,     1.232 MiB
srv        update:    - prompt 0x28c1e20:     106 tokens, checkpoints:  0,     1.244 MiB
srv        update:    - prompt 0x3d8f9b0:     104 tokens, checkpoints:  0,     1.221 MiB
srv        update:    - prompt 0x28c94c0:     109 tokens, checkpoints:  0,     1.279 MiB
srv        update:    - prompt 0xf90860:     115 tokens, checkpoints:  0,     1.350 MiB
srv        update:    - prompt 0x28ce680:     110 tokens, checkpoints:  0,     1.291 MiB
srv        update:    - prompt 0x28ba4f0:     112 tokens, checkpoints:  0,     1.314 MiB
srv        update:    - prompt 0x28dd340:     107 tokens, checkpoints:  0,     1.256 MiB
srv        update:    - prompt 0x28d1e50:     107 tokens, checkpoints:  0,     1.256 MiB
srv        update:    - prompt 0x28c0600:     107 tokens, checkpoints:  0,     1.256 MiB
srv        update:    - prompt 0x28d3cf0:      27 tokens, checkpoints:  0,     0.317 MiB
srv        update:    - prompt 0x28c6e80:     118 tokens, checkpoints:  0,     1.385 MiB
srv  get_availabl: prompt cache update took 0.06 ms
slot launch_slot_: id  0 | task -1 | sampler chain: logits -> ?penalties -> ?dry -> ?top-n-sigma -> top-k -> ?typical -> top-p -> min-p -> ?xtc -> temp-ext -> dist 
slot launch_slot_: id  0 | task 1432 | processing task, is_child = 0
slot slot_save_an: id  1 | task -1 | saving idle slot to prompt cache
srv   prompt_save:  - saving prompt with length 122, total state size = 1.432 MiB
slot prompt_clear: id  1 | task -1 | clearing prompt with 122 tokens
srv        update:  - cache state: 15 prompts, 18.308 MiB (limits: 8192.000 MiB, 4096 tokens, 698045 est)
srv        update:    - prompt 0x28c0e20:     105 tokens, checkpoints:  0,     1.232 MiB
srv        update:    - prompt 0x28c7080:     106 tokens, checkpoints:  0,     1.244 MiB
srv        update:    - prompt 0x28d3a10:     105 tokens, checkpoints:  0,     1.232 MiB
srv        update:    - prompt 0x28c1e20:     106 tokens, checkpoints:  0,     1.244 MiB
srv        update:    - prompt 0x3d8f9b0:     104 tokens, checkpoints:  0,     1.221 MiB
srv        update:    - prompt 0x28c94c0:     109 tokens, checkpoints:  0,     1.279 MiB
srv        update:    - prompt 0xf90860:     115 tokens, checkpoints:  0,     1.350 MiB
srv        update:    - prompt 0x28ce680:     110 tokens, checkpoints:  0,     1.291 MiB
srv        update:    - prompt 0x28ba4f0:     112 tokens, checkpoints:  0,     1.314 MiB
srv        update:    - prompt 0x28dd340:     107 tokens, checkpoints:  0,     1.256 MiB
srv        update:    - prompt 0x28d1e50:     107 tokens, checkpoints:  0,     1.256 MiB
srv        update:    - prompt 0x28c0600:     107 tokens, checkpoints:  0,     1.256 MiB
srv        update:    - prompt 0x28d3cf0:      27 tokens, checkpoints:  0,     0.317 MiB
srv        update:    - prompt 0x28c6e80:     118 tokens, checkpoints:  0,     1.385 MiB
srv        update:    - prompt 0x28cd710:     122 tokens, checkpoints:  0,     1.432 MiB
slot update_slots: id  0 | task 1432 | new prompt, n_ctx_slot = 4096, n_keep = 0, task.n_tokens = 65
slot update_slots: id  0 | task 1432 | n_tokens = 0, memory_seq_rm [0, end)
slot init_sampler: id  0 | task 1432 | init sampler, took 0.03 ms, tokens: text = 65, total = 65
slot update_slots: id  0 | task 1432 | prompt processing done, n_tokens = 65, batch.n_tokens = 65
srv  log_server_r: done request: POST /completion 127.0.0.1 200
slot print_timing: id  0 | task 1432 | 
prompt eval time =    1526.71 ms /    65 tokens (   23.49 ms per token,    42.58 tokens per second)
       eval time =    2588.33 ms /   100 tokens (   25.88 ms per token,    38.63 tokens per second)
      total time =    4115.04 ms /   165 tokens
slot      release: id  0 | task 1432 | stop processing: n_tokens = 164, truncated = 0
srv  update_slots: all slots are idle
slot get_availabl: id  3 | task -1 | selected slot by LRU, t_last = 36163072159
srv  get_availabl: updating prompt cache
srv          load:  - looking for better prompt, base f_keep = -1.000, sim = 0.000
srv        update:  - cache state: 15 prompts, 18.308 MiB (limits: 8192.000 MiB, 4096 tokens, 698045 est)
srv        update:    - prompt 0x28c0e20:     105 tokens, checkpoints:  0,     1.232 MiB
srv        update:    - prompt 0x28c7080:     106 tokens, checkpoints:  0,     1.244 MiB
srv        update:    - prompt 0x28d3a10:     105 tokens, checkpoints:  0,     1.232 MiB
srv        update:    - prompt 0x28c1e20:     106 tokens, checkpoints:  0,     1.244 MiB
srv        update:    - prompt 0x3d8f9b0:     104 tokens, checkpoints:  0,     1.221 MiB
srv        update:    - prompt 0x28c94c0:     109 tokens, checkpoints:  0,     1.279 MiB
srv        update:    - prompt 0xf90860:     115 tokens, checkpoints:  0,     1.350 MiB
srv        update:    - prompt 0x28ce680:     110 tokens, checkpoints:  0,     1.291 MiB
srv        update:    - prompt 0x28ba4f0:     112 tokens, checkpoints:  0,     1.314 MiB
srv        update:    - prompt 0x28dd340:     107 tokens, checkpoints:  0,     1.256 MiB
srv        update:    - prompt 0x28d1e50:     107 tokens, checkpoints:  0,     1.256 MiB
srv        update:    - prompt 0x28c0600:     107 tokens, checkpoints:  0,     1.256 MiB
srv        update:    - prompt 0x28d3cf0:      27 tokens, checkpoints:  0,     0.317 MiB
srv        update:    - prompt 0x28c6e80:     118 tokens, checkpoints:  0,     1.385 MiB
srv        update:    - prompt 0x28cd710:     122 tokens, checkpoints:  0,     1.432 MiB
srv  get_availabl: prompt cache update took 0.06 ms
slot launch_slot_: id  3 | task -1 | sampler chain: logits -> ?penalties -> ?dry -> ?top-n-sigma -> top-k -> ?typical -> top-p -> min-p -> ?xtc -> temp-ext -> dist 
slot launch_slot_: id  3 | task 1533 | processing task, is_child = 0
slot slot_save_an: id  0 | task -1 | saving idle slot to prompt cache
srv   prompt_save:  - saving prompt with length 164, total state size = 1.924 MiB
slot prompt_clear: id  0 | task -1 | clearing prompt with 164 tokens
srv        update:  - cache state: 16 prompts, 20.232 MiB (limits: 8192.000 MiB, 4096 tokens, 698056 est)
srv        update:    - prompt 0x28c0e20:     105 tokens, checkpoints:  0,     1.232 MiB
srv        update:    - prompt 0x28c7080:     106 tokens, checkpoints:  0,     1.244 MiB
srv        update:    - prompt 0x28d3a10:     105 tokens, checkpoints:  0,     1.232 MiB
srv        update:    - prompt 0x28c1e20:     106 tokens, checkpoints:  0,     1.244 MiB
srv        update:    - prompt 0x3d8f9b0:     104 tokens, checkpoints:  0,     1.221 MiB
srv        update:    - prompt 0x28c94c0:     109 tokens, checkpoints:  0,     1.279 MiB
srv        update:    - prompt 0xf90860:     115 tokens, checkpoints:  0,     1.350 MiB
srv        update:    - prompt 0x28ce680:     110 tokens, checkpoints:  0,     1.291 MiB
srv        update:    - prompt 0x28ba4f0:     112 tokens, checkpoints:  0,     1.314 MiB
srv        update:    - prompt 0x28dd340:     107 tokens, checkpoints:  0,     1.256 MiB
srv        update:    - prompt 0x28d1e50:     107 tokens, checkpoints:  0,     1.256 MiB
srv        update:    - prompt 0x28c0600:     107 tokens, checkpoints:  0,     1.256 MiB
srv        update:    - prompt 0x28d3cf0:      27 tokens, checkpoints:  0,     0.317 MiB
srv        update:    - prompt 0x28c6e80:     118 tokens, checkpoints:  0,     1.385 MiB
srv        update:    - prompt 0x28cd710:     122 tokens, checkpoints:  0,     1.432 MiB
srv        update:    - prompt 0x28bfbb0:     164 tokens, checkpoints:  0,     1.924 MiB
slot update_slots: id  3 | task 1533 | new prompt, n_ctx_slot = 4096, n_keep = 0, task.n_tokens = 31
slot update_slots: id  3 | task 1533 | n_tokens = 0, memory_seq_rm [0, end)
slot init_sampler: id  3 | task 1533 | init sampler, took 0.02 ms, tokens: text = 31, total = 31
slot update_slots: id  3 | task 1533 | prompt processing done, n_tokens = 31, batch.n_tokens = 31
srv  log_server_r: done request: POST /completion 127.0.0.1 200
slot print_timing: id  3 | task 1533 | 
prompt eval time =     528.12 ms /    31 tokens (   17.04 ms per token,    58.70 tokens per second)
       eval time =    2568.96 ms /   100 tokens (   25.69 ms per token,    38.93 tokens per second)
      total time =    3097.08 ms /   131 tokens
slot      release: id  3 | task 1533 | stop processing: n_tokens = 130, truncated = 0
srv  update_slots: all slots are idle
slot get_availabl: id  2 | task -1 | selected slot by LRU, t_last = 36166540398
srv  get_availabl: updating prompt cache
srv          load:  - looking for better prompt, base f_keep = -1.000, sim = 0.000
srv        update:  - cache state: 16 prompts, 20.232 MiB (limits: 8192.000 MiB, 4096 tokens, 698056 est)
srv        update:    - prompt 0x28c0e20:     105 tokens, checkpoints:  0,     1.232 MiB
srv        update:    - prompt 0x28c7080:     106 tokens, checkpoints:  0,     1.244 MiB
srv        update:    - prompt 0x28d3a10:     105 tokens, checkpoints:  0,     1.232 MiB
srv        update:    - prompt 0x28c1e20:     106 tokens, checkpoints:  0,     1.244 MiB
srv        update:    - prompt 0x3d8f9b0:     104 tokens, checkpoints:  0,     1.221 MiB
srv        update:    - prompt 0x28c94c0:     109 tokens, checkpoints:  0,     1.279 MiB
srv        update:    - prompt 0xf90860:     115 tokens, checkpoints:  0,     1.350 MiB
srv        update:    - prompt 0x28ce680:     110 tokens, checkpoints:  0,     1.291 MiB
srv        update:    - prompt 0x28ba4f0:     112 tokens, checkpoints:  0,     1.314 MiB
srv        update:    - prompt 0x28dd340:     107 tokens, checkpoints:  0,     1.256 MiB
srv        update:    - prompt 0x28d1e50:     107 tokens, checkpoints:  0,     1.256 MiB
srv        update:    - prompt 0x28c0600:     107 tokens, checkpoints:  0,     1.256 MiB
srv        update:    - prompt 0x28d3cf0:      27 tokens, checkpoints:  0,     0.317 MiB
srv        update:    - prompt 0x28c6e80:     118 tokens, checkpoints:  0,     1.385 MiB
srv        update:    - prompt 0x28cd710:     122 tokens, checkpoints:  0,     1.432 MiB
srv        update:    - prompt 0x28bfbb0:     164 tokens, checkpoints:  0,     1.924 MiB
srv  get_availabl: prompt cache update took 0.06 ms
slot launch_slot_: id  2 | task -1 | sampler chain: logits -> ?penalties -> ?dry -> ?top-n-sigma -> top-k -> ?typical -> top-p -> min-p -> ?xtc -> temp-ext -> dist 
slot launch_slot_: id  2 | task 1634 | processing task, is_child = 0
slot slot_save_an: id  3 | task -1 | saving idle slot to prompt cache
srv   prompt_save:  - saving prompt with length 130, total state size = 1.525 MiB
slot prompt_clear: id  3 | task -1 | clearing prompt with 130 tokens
srv        update:  - cache state: 17 prompts, 21.757 MiB (limits: 8192.000 MiB, 4096 tokens, 698060 est)
srv        update:    - prompt 0x28c0e20:     105 tokens, checkpoints:  0,     1.232 MiB
srv        update:    - prompt 0x28c7080:     106 tokens, checkpoints:  0,     1.244 MiB
srv        update:    - prompt 0x28d3a10:     105 tokens, checkpoints:  0,     1.232 MiB
srv        update:    - prompt 0x28c1e20:     106 tokens, checkpoints:  0,     1.244 MiB
srv        update:    - prompt 0x3d8f9b0:     104 tokens, checkpoints:  0,     1.221 MiB
srv        update:    - prompt 0x28c94c0:     109 tokens, checkpoints:  0,     1.279 MiB
srv        update:    - prompt 0xf90860:     115 tokens, checkpoints:  0,     1.350 MiB
srv        update:    - prompt 0x28ce680:     110 tokens, checkpoints:  0,     1.291 MiB
srv        update:    - prompt 0x28ba4f0:     112 tokens, checkpoints:  0,     1.314 MiB
srv        update:    - prompt 0x28dd340:     107 tokens, checkpoints:  0,     1.256 MiB
srv        update:    - prompt 0x28d1e50:     107 tokens, checkpoints:  0,     1.256 MiB
srv        update:    - prompt 0x28c0600:     107 tokens, checkpoints:  0,     1.256 MiB
srv        update:    - prompt 0x28d3cf0:      27 tokens, checkpoints:  0,     0.317 MiB
srv        update:    - prompt 0x28c6e80:     118 tokens, checkpoints:  0,     1.385 MiB
srv        update:    - prompt 0x28cd710:     122 tokens, checkpoints:  0,     1.432 MiB
srv        update:    - prompt 0x28bfbb0:     164 tokens, checkpoints:  0,     1.924 MiB
srv        update:    - prompt 0x28cfbb0:     130 tokens, checkpoints:  0,     1.525 MiB
slot update_slots: id  2 | task 1634 | new prompt, n_ctx_slot = 4096, n_keep = 0, task.n_tokens = 35
slot update_slots: id  2 | task 1634 | n_tokens = 0, memory_seq_rm [0, end)
slot init_sampler: id  2 | task 1634 | init sampler, took 0.02 ms, tokens: text = 35, total = 35
slot update_slots: id  2 | task 1634 | prompt processing done, n_tokens = 35, batch.n_tokens = 35
srv  log_server_r: done request: POST /completion 127.0.0.1 200
slot print_timing: id  2 | task 1634 | 
prompt eval time =     602.54 ms /    35 tokens (   17.22 ms per token,    58.09 tokens per second)
       eval time =    2571.67 ms /   100 tokens (   25.72 ms per token,    38.89 tokens per second)
      total time =    3174.21 ms /   135 tokens
slot      release: id  2 | task 1634 | stop processing: n_tokens = 134, truncated = 0
srv  update_slots: all slots are idle
slot get_availabl: id  1 | task -1 | selected slot by LRU, t_last = 36170079221
srv  get_availabl: updating prompt cache
srv          load:  - looking for better prompt, base f_keep = -1.000, sim = 0.000
srv        update:  - cache state: 17 prompts, 21.757 MiB (limits: 8192.000 MiB, 4096 tokens, 698060 est)
srv        update:    - prompt 0x28c0e20:     105 tokens, checkpoints:  0,     1.232 MiB
srv        update:    - prompt 0x28c7080:     106 tokens, checkpoints:  0,     1.244 MiB
srv        update:    - prompt 0x28d3a10:     105 tokens, checkpoints:  0,     1.232 MiB
srv        update:    - prompt 0x28c1e20:     106 tokens, checkpoints:  0,     1.244 MiB
srv        update:    - prompt 0x3d8f9b0:     104 tokens, checkpoints:  0,     1.221 MiB
srv        update:    - prompt 0x28c94c0:     109 tokens, checkpoints:  0,     1.279 MiB
srv        update:    - prompt 0xf90860:     115 tokens, checkpoints:  0,     1.350 MiB
srv        update:    - prompt 0x28ce680:     110 tokens, checkpoints:  0,     1.291 MiB
srv        update:    - prompt 0x28ba4f0:     112 tokens, checkpoints:  0,     1.314 MiB
srv        update:    - prompt 0x28dd340:     107 tokens, checkpoints:  0,     1.256 MiB
srv        update:    - prompt 0x28d1e50:     107 tokens, checkpoints:  0,     1.256 MiB
srv        update:    - prompt 0x28c0600:     107 tokens, checkpoints:  0,     1.256 MiB
srv        update:    - prompt 0x28d3cf0:      27 tokens, checkpoints:  0,     0.317 MiB
srv        update:    - prompt 0x28c6e80:     118 tokens, checkpoints:  0,     1.385 MiB
srv        update:    - prompt 0x28cd710:     122 tokens, checkpoints:  0,     1.432 MiB
srv        update:    - prompt 0x28bfbb0:     164 tokens, checkpoints:  0,     1.924 MiB
srv        update:    - prompt 0x28cfbb0:     130 tokens, checkpoints:  0,     1.525 MiB
srv  get_availabl: prompt cache update took 0.07 ms
slot launch_slot_: id  1 | task -1 | sampler chain: logits -> ?penalties -> ?dry -> ?top-n-sigma -> top-k -> ?typical -> top-p -> min-p -> ?xtc -> temp-ext -> dist 
slot launch_slot_: id  1 | task 1735 | processing task, is_child = 0
slot slot_save_an: id  2 | task -1 | saving idle slot to prompt cache
srv   prompt_save:  - saving prompt with length 134, total state size = 1.572 MiB
slot prompt_clear: id  2 | task -1 | clearing prompt with 134 tokens
srv        update:  - cache state: 18 prompts, 23.330 MiB (limits: 8192.000 MiB, 4096 tokens, 698064 est)
srv        update:    - prompt 0x28c0e20:     105 tokens, checkpoints:  0,     1.232 MiB
srv        update:    - prompt 0x28c7080:     106 tokens, checkpoints:  0,     1.244 MiB
srv        update:    - prompt 0x28d3a10:     105 tokens, checkpoints:  0,     1.232 MiB
srv        update:    - prompt 0x28c1e20:     106 tokens, checkpoints:  0,     1.244 MiB
srv        update:    - prompt 0x3d8f9b0:     104 tokens, checkpoints:  0,     1.221 MiB
srv        update:    - prompt 0x28c94c0:     109 tokens, checkpoints:  0,     1.279 MiB
srv        update:    - prompt 0xf90860:     115 tokens, checkpoints:  0,     1.350 MiB
srv        update:    - prompt 0x28ce680:     110 tokens, checkpoints:  0,     1.291 MiB
srv        update:    - prompt 0x28ba4f0:     112 tokens, checkpoints:  0,     1.314 MiB
srv        update:    - prompt 0x28dd340:     107 tokens, checkpoints:  0,     1.256 MiB
srv        update:    - prompt 0x28d1e50:     107 tokens, checkpoints:  0,     1.256 MiB
srv        update:    - prompt 0x28c0600:     107 tokens, checkpoints:  0,     1.256 MiB
srv        update:    - prompt 0x28d3cf0:      27 tokens, checkpoints:  0,     0.317 MiB
srv        update:    - prompt 0x28c6e80:     118 tokens, checkpoints:  0,     1.385 MiB
srv        update:    - prompt 0x28cd710:     122 tokens, checkpoints:  0,     1.432 MiB
srv        update:    - prompt 0x28bfbb0:     164 tokens, checkpoints:  0,     1.924 MiB
srv        update:    - prompt 0x28cfbb0:     130 tokens, checkpoints:  0,     1.525 MiB
srv        update:    - prompt 0xf0e970:     134 tokens, checkpoints:  0,     1.572 MiB
slot update_slots: id  1 | task 1735 | new prompt, n_ctx_slot = 4096, n_keep = 0, task.n_tokens = 32
slot update_slots: id  1 | task 1735 | n_tokens = 0, memory_seq_rm [0, end)
slot init_sampler: id  1 | task 1735 | init sampler, took 0.02 ms, tokens: text = 32, total = 32
slot update_slots: id  1 | task 1735 | prompt processing done, n_tokens = 32, batch.n_tokens = 32
srv  log_server_r: done request: POST /completion 127.0.0.1 200
slot print_timing: id  1 | task 1735 | 
prompt eval time =     544.35 ms /    32 tokens (   17.01 ms per token,    58.79 tokens per second)
       eval time =    2569.50 ms /   100 tokens (   25.69 ms per token,    38.92 tokens per second)
      total time =    3113.85 ms /   132 tokens
slot      release: id  1 | task 1735 | stop processing: n_tokens = 131, truncated = 0
srv  update_slots: all slots are idle
slot get_availabl: id  0 | task -1 | selected slot by LRU, t_last = 36174773011
srv  get_availabl: updating prompt cache
srv          load:  - looking for better prompt, base f_keep = -1.000, sim = 0.000
srv        update:  - cache state: 18 prompts, 23.330 MiB (limits: 8192.000 MiB, 4096 tokens, 698064 est)
srv        update:    - prompt 0x28c0e20:     105 tokens, checkpoints:  0,     1.232 MiB
srv        update:    - prompt 0x28c7080:     106 tokens, checkpoints:  0,     1.244 MiB
srv        update:    - prompt 0x28d3a10:     105 tokens, checkpoints:  0,     1.232 MiB
srv        update:    - prompt 0x28c1e20:     106 tokens, checkpoints:  0,     1.244 MiB
srv        update:    - prompt 0x3d8f9b0:     104 tokens, checkpoints:  0,     1.221 MiB
srv        update:    - prompt 0x28c94c0:     109 tokens, checkpoints:  0,     1.279 MiB
srv        update:    - prompt 0xf90860:     115 tokens, checkpoints:  0,     1.350 MiB
srv        update:    - prompt 0x28ce680:     110 tokens, checkpoints:  0,     1.291 MiB
srv        update:    - prompt 0x28ba4f0:     112 tokens, checkpoints:  0,     1.314 MiB
srv        update:    - prompt 0x28dd340:     107 tokens, checkpoints:  0,     1.256 MiB
srv        update:    - prompt 0x28d1e50:     107 tokens, checkpoints:  0,     1.256 MiB
srv        update:    - prompt 0x28c0600:     107 tokens, checkpoints:  0,     1.256 MiB
srv        update:    - prompt 0x28d3cf0:      27 tokens, checkpoints:  0,     0.317 MiB
srv        update:    - prompt 0x28c6e80:     118 tokens, checkpoints:  0,     1.385 MiB
srv        update:    - prompt 0x28cd710:     122 tokens, checkpoints:  0,     1.432 MiB
srv        update:    - prompt 0x28bfbb0:     164 tokens, checkpoints:  0,     1.924 MiB
srv        update:    - prompt 0x28cfbb0:     130 tokens, checkpoints:  0,     1.525 MiB
srv        update:    - prompt 0xf0e970:     134 tokens, checkpoints:  0,     1.572 MiB
srv  get_availabl: prompt cache update took 0.06 ms
slot launch_slot_: id  0 | task -1 | sampler chain: logits -> ?penalties -> ?dry -> ?top-n-sigma -> top-k -> ?typical -> top-p -> min-p -> ?xtc -> temp-ext -> dist 
slot launch_slot_: id  0 | task 1836 | processing task, is_child = 0
slot slot_save_an: id  1 | task -1 | saving idle slot to prompt cache
srv   prompt_save:  - saving prompt with length 131, total state size = 1.537 MiB
slot prompt_clear: id  1 | task -1 | clearing prompt with 131 tokens
srv        update:  - cache state: 19 prompts, 24.867 MiB (limits: 8192.000 MiB, 4096 tokens, 698067 est)
srv        update:    - prompt 0x28c0e20:     105 tokens, checkpoints:  0,     1.232 MiB
srv        update:    - prompt 0x28c7080:     106 tokens, checkpoints:  0,     1.244 MiB
srv        update:    - prompt 0x28d3a10:     105 tokens, checkpoints:  0,     1.232 MiB
srv        update:    - prompt 0x28c1e20:     106 tokens, checkpoints:  0,     1.244 MiB
srv        update:    - prompt 0x3d8f9b0:     104 tokens, checkpoints:  0,     1.221 MiB
srv        update:    - prompt 0x28c94c0:     109 tokens, checkpoints:  0,     1.279 MiB
srv        update:    - prompt 0xf90860:     115 tokens, checkpoints:  0,     1.350 MiB
srv        update:    - prompt 0x28ce680:     110 tokens, checkpoints:  0,     1.291 MiB
srv        update:    - prompt 0x28ba4f0:     112 tokens, checkpoints:  0,     1.314 MiB
srv        update:    - prompt 0x28dd340:     107 tokens, checkpoints:  0,     1.256 MiB
srv        update:    - prompt 0x28d1e50:     107 tokens, checkpoints:  0,     1.256 MiB
srv        update:    - prompt 0x28c0600:     107 tokens, checkpoints:  0,     1.256 MiB
srv        update:    - prompt 0x28d3cf0:      27 tokens, checkpoints:  0,     0.317 MiB
srv        update:    - prompt 0x28c6e80:     118 tokens, checkpoints:  0,     1.385 MiB
srv        update:    - prompt 0x28cd710:     122 tokens, checkpoints:  0,     1.432 MiB
srv        update:    - prompt 0x28bfbb0:     164 tokens, checkpoints:  0,     1.924 MiB
srv        update:    - prompt 0x28cfbb0:     130 tokens, checkpoints:  0,     1.525 MiB
srv        update:    - prompt 0xf0e970:     134 tokens, checkpoints:  0,     1.572 MiB
srv        update:    - prompt 0x28c6380:     131 tokens, checkpoints:  0,     1.537 MiB
slot update_slots: id  0 | task 1836 | new prompt, n_ctx_slot = 4096, n_keep = 0, task.n_tokens = 46
slot update_slots: id  0 | task 1836 | n_tokens = 0, memory_seq_rm [0, end)
slot init_sampler: id  0 | task 1836 | init sampler, took 0.02 ms, tokens: text = 46, total = 46
slot update_slots: id  0 | task 1836 | prompt processing done, n_tokens = 46, batch.n_tokens = 46
srv  log_server_r: done request: POST /completion 127.0.0.1 200
slot print_timing: id  0 | task 1836 | 
prompt eval time =     788.22 ms /    46 tokens (   17.14 ms per token,    58.36 tokens per second)
       eval time =    2577.19 ms /   100 tokens (   25.77 ms per token,    38.80 tokens per second)
      total time =    3365.41 ms /   146 tokens
slot      release: id  0 | task 1836 | stop processing: n_tokens = 145, truncated = 0
srv  update_slots: all slots are idle
slot get_availabl: id  3 | task -1 | selected slot by LRU, t_last = 36178448954
srv  get_availabl: updating prompt cache
srv          load:  - looking for better prompt, base f_keep = -1.000, sim = 0.000
srv        update:  - cache state: 19 prompts, 24.867 MiB (limits: 8192.000 MiB, 4096 tokens, 698067 est)
srv        update:    - prompt 0x28c0e20:     105 tokens, checkpoints:  0,     1.232 MiB
srv        update:    - prompt 0x28c7080:     106 tokens, checkpoints:  0,     1.244 MiB
srv        update:    - prompt 0x28d3a10:     105 tokens, checkpoints:  0,     1.232 MiB
srv        update:    - prompt 0x28c1e20:     106 tokens, checkpoints:  0,     1.244 MiB
srv        update:    - prompt 0x3d8f9b0:     104 tokens, checkpoints:  0,     1.221 MiB
srv        update:    - prompt 0x28c94c0:     109 tokens, checkpoints:  0,     1.279 MiB
srv        update:    - prompt 0xf90860:     115 tokens, checkpoints:  0,     1.350 MiB
srv        update:    - prompt 0x28ce680:     110 tokens, checkpoints:  0,     1.291 MiB
srv        update:    - prompt 0x28ba4f0:     112 tokens, checkpoints:  0,     1.314 MiB
srv        update:    - prompt 0x28dd340:     107 tokens, checkpoints:  0,     1.256 MiB
srv        update:    - prompt 0x28d1e50:     107 tokens, checkpoints:  0,     1.256 MiB
srv        update:    - prompt 0x28c0600:     107 tokens, checkpoints:  0,     1.256 MiB
srv        update:    - prompt 0x28d3cf0:      27 tokens, checkpoints:  0,     0.317 MiB
srv        update:    - prompt 0x28c6e80:     118 tokens, checkpoints:  0,     1.385 MiB
srv        update:    - prompt 0x28cd710:     122 tokens, checkpoints:  0,     1.432 MiB
srv        update:    - prompt 0x28bfbb0:     164 tokens, checkpoints:  0,     1.924 MiB
srv        update:    - prompt 0x28cfbb0:     130 tokens, checkpoints:  0,     1.525 MiB
srv        update:    - prompt 0xf0e970:     134 tokens, checkpoints:  0,     1.572 MiB
srv        update:    - prompt 0x28c6380:     131 tokens, checkpoints:  0,     1.537 MiB
srv  get_availabl: prompt cache update took 0.07 ms
slot launch_slot_: id  3 | task -1 | sampler chain: logits -> ?penalties -> ?dry -> ?top-n-sigma -> top-k -> ?typical -> top-p -> min-p -> ?xtc -> temp-ext -> dist 
slot launch_slot_: id  3 | task 1937 | processing task, is_child = 0
slot slot_save_an: id  0 | task -1 | saving idle slot to prompt cache
srv   prompt_save:  - saving prompt with length 145, total state size = 1.701 MiB
slot prompt_clear: id  0 | task -1 | clearing prompt with 145 tokens
srv        update:  - cache state: 20 prompts, 26.568 MiB (limits: 8192.000 MiB, 4096 tokens, 698071 est)
srv        update:    - prompt 0x28c0e20:     105 tokens, checkpoints:  0,     1.232 MiB
srv        update:    - prompt 0x28c7080:     106 tokens, checkpoints:  0,     1.244 MiB
srv        update:    - prompt 0x28d3a10:     105 tokens, checkpoints:  0,     1.232 MiB
srv        update:    - prompt 0x28c1e20:     106 tokens, checkpoints:  0,     1.244 MiB
srv        update:    - prompt 0x3d8f9b0:     104 tokens, checkpoints:  0,     1.221 MiB
srv        update:    - prompt 0x28c94c0:     109 tokens, checkpoints:  0,     1.279 MiB
srv        update:    - prompt 0xf90860:     115 tokens, checkpoints:  0,     1.350 MiB
srv        update:    - prompt 0x28ce680:     110 tokens, checkpoints:  0,     1.291 MiB
srv        update:    - prompt 0x28ba4f0:     112 tokens, checkpoints:  0,     1.314 MiB
srv        update:    - prompt 0x28dd340:     107 tokens, checkpoints:  0,     1.256 MiB
srv        update:    - prompt 0x28d1e50:     107 tokens, checkpoints:  0,     1.256 MiB
srv        update:    - prompt 0x28c0600:     107 tokens, checkpoints:  0,     1.256 MiB
srv        update:    - prompt 0x28d3cf0:      27 tokens, checkpoints:  0,     0.317 MiB
srv        update:    - prompt 0x28c6e80:     118 tokens, checkpoints:  0,     1.385 MiB
srv        update:    - prompt 0x28cd710:     122 tokens, checkpoints:  0,     1.432 MiB
srv        update:    - prompt 0x28bfbb0:     164 tokens, checkpoints:  0,     1.924 MiB
srv        update:    - prompt 0x28cfbb0:     130 tokens, checkpoints:  0,     1.525 MiB
srv        update:    - prompt 0xf0e970:     134 tokens, checkpoints:  0,     1.572 MiB
srv        update:    - prompt 0x28c6380:     131 tokens, checkpoints:  0,     1.537 MiB
srv        update:    - prompt 0x28e67e0:     145 tokens, checkpoints:  0,     1.701 MiB
slot update_slots: id  3 | task 1937 | new prompt, n_ctx_slot = 4096, n_keep = 0, task.n_tokens = 30
slot update_slots: id  3 | task 1937 | n_tokens = 0, memory_seq_rm [0, end)
slot init_sampler: id  3 | task 1937 | init sampler, took 0.02 ms, tokens: text = 30, total = 30
slot update_slots: id  3 | task 1937 | prompt processing done, n_tokens = 30, batch.n_tokens = 30
srv  log_server_r: done request: POST /completion 127.0.0.1 200
slot print_timing: id  3 | task 1937 | 
prompt eval time =     511.26 ms /    30 tokens (   17.04 ms per token,    58.68 tokens per second)
       eval time =    2568.51 ms /   100 tokens (   25.69 ms per token,    38.93 tokens per second)
      total time =    3079.76 ms /   130 tokens
slot      release: id  3 | task 1937 | stop processing: n_tokens = 129, truncated = 0
srv  update_slots: all slots are idle
slot get_availabl: id  2 | task -1 | selected slot by LRU, t_last = 36182202033
srv  get_availabl: updating prompt cache
srv          load:  - looking for better prompt, base f_keep = -1.000, sim = 0.000
srv        update:  - cache state: 20 prompts, 26.568 MiB (limits: 8192.000 MiB, 4096 tokens, 698071 est)
srv        update:    - prompt 0x28c0e20:     105 tokens, checkpoints:  0,     1.232 MiB
srv        update:    - prompt 0x28c7080:     106 tokens, checkpoints:  0,     1.244 MiB
srv        update:    - prompt 0x28d3a10:     105 tokens, checkpoints:  0,     1.232 MiB
srv        update:    - prompt 0x28c1e20:     106 tokens, checkpoints:  0,     1.244 MiB
srv        update:    - prompt 0x3d8f9b0:     104 tokens, checkpoints:  0,     1.221 MiB
srv        update:    - prompt 0x28c94c0:     109 tokens, checkpoints:  0,     1.279 MiB
srv        update:    - prompt 0xf90860:     115 tokens, checkpoints:  0,     1.350 MiB
srv        update:    - prompt 0x28ce680:     110 tokens, checkpoints:  0,     1.291 MiB
srv        update:    - prompt 0x28ba4f0:     112 tokens, checkpoints:  0,     1.314 MiB
srv        update:    - prompt 0x28dd340:     107 tokens, checkpoints:  0,     1.256 MiB
srv        update:    - prompt 0x28d1e50:     107 tokens, checkpoints:  0,     1.256 MiB
srv        update:    - prompt 0x28c0600:     107 tokens, checkpoints:  0,     1.256 MiB
srv        update:    - prompt 0x28d3cf0:      27 tokens, checkpoints:  0,     0.317 MiB
srv        update:    - prompt 0x28c6e80:     118 tokens, checkpoints:  0,     1.385 MiB
srv        update:    - prompt 0x28cd710:     122 tokens, checkpoints:  0,     1.432 MiB
srv        update:    - prompt 0x28bfbb0:     164 tokens, checkpoints:  0,     1.924 MiB
srv        update:    - prompt 0x28cfbb0:     130 tokens, checkpoints:  0,     1.525 MiB
srv        update:    - prompt 0xf0e970:     134 tokens, checkpoints:  0,     1.572 MiB
srv        update:    - prompt 0x28c6380:     131 tokens, checkpoints:  0,     1.537 MiB
srv        update:    - prompt 0x28e67e0:     145 tokens, checkpoints:  0,     1.701 MiB
srv  get_availabl: prompt cache update took 0.07 ms
slot launch_slot_: id  2 | task -1 | sampler chain: logits -> ?penalties -> ?dry -> ?top-n-sigma -> top-k -> ?typical -> top-p -> min-p -> ?xtc -> temp-ext -> dist 
slot launch_slot_: id  2 | task 2038 | processing task, is_child = 0
slot slot_save_an: id  3 | task -1 | saving idle slot to prompt cache
srv   prompt_save:  - saving prompt with length 129, total state size = 1.514 MiB
slot prompt_clear: id  3 | task -1 | clearing prompt with 129 tokens
srv        update:  - cache state: 21 prompts, 28.082 MiB (limits: 8192.000 MiB, 4096 tokens, 698073 est)
srv        update:    - prompt 0x28c0e20:     105 tokens, checkpoints:  0,     1.232 MiB
srv        update:    - prompt 0x28c7080:     106 tokens, checkpoints:  0,     1.244 MiB
srv        update:    - prompt 0x28d3a10:     105 tokens, checkpoints:  0,     1.232 MiB
srv        update:    - prompt 0x28c1e20:     106 tokens, checkpoints:  0,     1.244 MiB
srv        update:    - prompt 0x3d8f9b0:     104 tokens, checkpoints:  0,     1.221 MiB
srv        update:    - prompt 0x28c94c0:     109 tokens, checkpoints:  0,     1.279 MiB
srv        update:    - prompt 0xf90860:     115 tokens, checkpoints:  0,     1.350 MiB
srv        update:    - prompt 0x28ce680:     110 tokens, checkpoints:  0,     1.291 MiB
srv        update:    - prompt 0x28ba4f0:     112 tokens, checkpoints:  0,     1.314 MiB
srv        update:    - prompt 0x28dd340:     107 tokens, checkpoints:  0,     1.256 MiB
srv        update:    - prompt 0x28d1e50:     107 tokens, checkpoints:  0,     1.256 MiB
srv        update:    - prompt 0x28c0600:     107 tokens, checkpoints:  0,     1.256 MiB
srv        update:    - prompt 0x28d3cf0:      27 tokens, checkpoints:  0,     0.317 MiB
srv        update:    - prompt 0x28c6e80:     118 tokens, checkpoints:  0,     1.385 MiB
srv        update:    - prompt 0x28cd710:     122 tokens, checkpoints:  0,     1.432 MiB
srv        update:    - prompt 0x28bfbb0:     164 tokens, checkpoints:  0,     1.924 MiB
srv        update:    - prompt 0x28cfbb0:     130 tokens, checkpoints:  0,     1.525 MiB
srv        update:    - prompt 0xf0e970:     134 tokens, checkpoints:  0,     1.572 MiB
srv        update:    - prompt 0x28c6380:     131 tokens, checkpoints:  0,     1.537 MiB
srv        update:    - prompt 0x28e67e0:     145 tokens, checkpoints:  0,     1.701 MiB
srv        update:    - prompt 0x28c9fe0:     129 tokens, checkpoints:  0,     1.514 MiB
slot update_slots: id  2 | task 2038 | new prompt, n_ctx_slot = 4096, n_keep = 0, task.n_tokens = 36
slot update_slots: id  2 | task 2038 | n_tokens = 0, memory_seq_rm [0, end)
slot init_sampler: id  2 | task 2038 | init sampler, took 0.02 ms, tokens: text = 36, total = 36
slot update_slots: id  2 | task 2038 | prompt processing done, n_tokens = 36, batch.n_tokens = 36
srv  log_server_r: done request: POST /completion 127.0.0.1 200
slot print_timing: id  2 | task 2038 | 
prompt eval time =     620.02 ms /    36 tokens (   17.22 ms per token,    58.06 tokens per second)
       eval time =    2577.77 ms /   100 tokens (   25.78 ms per token,    38.79 tokens per second)
      total time =    3197.79 ms /   136 tokens
slot      release: id  2 | task 2038 | stop processing: n_tokens = 135, truncated = 0
srv  update_slots: all slots are idle
slot get_availabl: id  1 | task -1 | selected slot by LRU, t_last = 36185894253
srv  get_availabl: updating prompt cache
srv          load:  - looking for better prompt, base f_keep = -1.000, sim = 0.000
srv        update:  - cache state: 21 prompts, 28.082 MiB (limits: 8192.000 MiB, 4096 tokens, 698073 est)
srv        update:    - prompt 0x28c0e20:     105 tokens, checkpoints:  0,     1.232 MiB
srv        update:    - prompt 0x28c7080:     106 tokens, checkpoints:  0,     1.244 MiB
srv        update:    - prompt 0x28d3a10:     105 tokens, checkpoints:  0,     1.232 MiB
srv        update:    - prompt 0x28c1e20:     106 tokens, checkpoints:  0,     1.244 MiB
srv        update:    - prompt 0x3d8f9b0:     104 tokens, checkpoints:  0,     1.221 MiB
srv        update:    - prompt 0x28c94c0:     109 tokens, checkpoints:  0,     1.279 MiB
srv        update:    - prompt 0xf90860:     115 tokens, checkpoints:  0,     1.350 MiB
srv        update:    - prompt 0x28ce680:     110 tokens, checkpoints:  0,     1.291 MiB
srv        update:    - prompt 0x28ba4f0:     112 tokens, checkpoints:  0,     1.314 MiB
srv        update:    - prompt 0x28dd340:     107 tokens, checkpoints:  0,     1.256 MiB
srv        update:    - prompt 0x28d1e50:     107 tokens, checkpoints:  0,     1.256 MiB
srv        update:    - prompt 0x28c0600:     107 tokens, checkpoints:  0,     1.256 MiB
srv        update:    - prompt 0x28d3cf0:      27 tokens, checkpoints:  0,     0.317 MiB
srv        update:    - prompt 0x28c6e80:     118 tokens, checkpoints:  0,     1.385 MiB
srv        update:    - prompt 0x28cd710:     122 tokens, checkpoints:  0,     1.432 MiB
srv        update:    - prompt 0x28bfbb0:     164 tokens, checkpoints:  0,     1.924 MiB
srv        update:    - prompt 0x28cfbb0:     130 tokens, checkpoints:  0,     1.525 MiB
srv        update:    - prompt 0xf0e970:     134 tokens, checkpoints:  0,     1.572 MiB
srv        update:    - prompt 0x28c6380:     131 tokens, checkpoints:  0,     1.537 MiB
srv        update:    - prompt 0x28e67e0:     145 tokens, checkpoints:  0,     1.701 MiB
srv        update:    - prompt 0x28c9fe0:     129 tokens, checkpoints:  0,     1.514 MiB
srv  get_availabl: prompt cache update took 0.08 ms
slot launch_slot_: id  1 | task -1 | sampler chain: logits -> ?penalties -> ?dry -> ?top-n-sigma -> top-k -> ?typical -> top-p -> min-p -> ?xtc -> temp-ext -> dist 
slot launch_slot_: id  1 | task 2139 | processing task, is_child = 0
slot slot_save_an: id  2 | task -1 | saving idle slot to prompt cache
srv   prompt_save:  - saving prompt with length 135, total state size = 1.584 MiB
slot prompt_clear: id  2 | task -1 | clearing prompt with 135 tokens
srv        update:  - cache state: 22 prompts, 29.666 MiB (limits: 8192.000 MiB, 4096 tokens, 698076 est)
srv        update:    - prompt 0x28c0e20:     105 tokens, checkpoints:  0,     1.232 MiB
srv        update:    - prompt 0x28c7080:     106 tokens, checkpoints:  0,     1.244 MiB
srv        update:    - prompt 0x28d3a10:     105 tokens, checkpoints:  0,     1.232 MiB
srv        update:    - prompt 0x28c1e20:     106 tokens, checkpoints:  0,     1.244 MiB
srv        update:    - prompt 0x3d8f9b0:     104 tokens, checkpoints:  0,     1.221 MiB
srv        update:    - prompt 0x28c94c0:     109 tokens, checkpoints:  0,     1.279 MiB
srv        update:    - prompt 0xf90860:     115 tokens, checkpoints:  0,     1.350 MiB
srv        update:    - prompt 0x28ce680:     110 tokens, checkpoints:  0,     1.291 MiB
srv        update:    - prompt 0x28ba4f0:     112 tokens, checkpoints:  0,     1.314 MiB
srv        update:    - prompt 0x28dd340:     107 tokens, checkpoints:  0,     1.256 MiB
srv        update:    - prompt 0x28d1e50:     107 tokens, checkpoints:  0,     1.256 MiB
srv        update:    - prompt 0x28c0600:     107 tokens, checkpoints:  0,     1.256 MiB
srv        update:    - prompt 0x28d3cf0:      27 tokens, checkpoints:  0,     0.317 MiB
srv        update:    - prompt 0x28c6e80:     118 tokens, checkpoints:  0,     1.385 MiB
srv        update:    - prompt 0x28cd710:     122 tokens, checkpoints:  0,     1.432 MiB
srv        update:    - prompt 0x28bfbb0:     164 tokens, checkpoints:  0,     1.924 MiB
srv        update:    - prompt 0x28cfbb0:     130 tokens, checkpoints:  0,     1.525 MiB
srv        update:    - prompt 0xf0e970:     134 tokens, checkpoints:  0,     1.572 MiB
srv        update:    - prompt 0x28c6380:     131 tokens, checkpoints:  0,     1.537 MiB
srv        update:    - prompt 0x28e67e0:     145 tokens, checkpoints:  0,     1.701 MiB
srv        update:    - prompt 0x28c9fe0:     129 tokens, checkpoints:  0,     1.514 MiB
srv        update:    - prompt 0xf0c310:     135 tokens, checkpoints:  0,     1.584 MiB
slot update_slots: id  1 | task 2139 | new prompt, n_ctx_slot = 4096, n_keep = 0, task.n_tokens = 36
slot update_slots: id  1 | task 2139 | n_tokens = 0, memory_seq_rm [0, end)
slot init_sampler: id  1 | task 2139 | init sampler, took 0.02 ms, tokens: text = 36, total = 36
slot update_slots: id  1 | task 2139 | prompt processing done, n_tokens = 36, batch.n_tokens = 36
srv  log_server_r: done request: POST /completion 127.0.0.1 200
slot print_timing: id  1 | task 2139 | 
prompt eval time =     619.77 ms /    36 tokens (   17.22 ms per token,    58.09 tokens per second)
       eval time =    2578.12 ms /   100 tokens (   25.78 ms per token,    38.79 tokens per second)
      total time =    3197.89 ms /   136 tokens
slot      release: id  1 | task 2139 | stop processing: n_tokens = 135, truncated = 0
srv  update_slots: all slots are idle
slot get_availabl: id  0 | task -1 | selected slot by LRU, t_last = 36189837555
srv  get_availabl: updating prompt cache
srv          load:  - looking for better prompt, base f_keep = -1.000, sim = 0.000
srv        update:  - cache state: 22 prompts, 29.666 MiB (limits: 8192.000 MiB, 4096 tokens, 698076 est)
srv        update:    - prompt 0x28c0e20:     105 tokens, checkpoints:  0,     1.232 MiB
srv        update:    - prompt 0x28c7080:     106 tokens, checkpoints:  0,     1.244 MiB
srv        update:    - prompt 0x28d3a10:     105 tokens, checkpoints:  0,     1.232 MiB
srv        update:    - prompt 0x28c1e20:     106 tokens, checkpoints:  0,     1.244 MiB
srv        update:    - prompt 0x3d8f9b0:     104 tokens, checkpoints:  0,     1.221 MiB
srv        update:    - prompt 0x28c94c0:     109 tokens, checkpoints:  0,     1.279 MiB
srv        update:    - prompt 0xf90860:     115 tokens, checkpoints:  0,     1.350 MiB
srv        update:    - prompt 0x28ce680:     110 tokens, checkpoints:  0,     1.291 MiB
srv        update:    - prompt 0x28ba4f0:     112 tokens, checkpoints:  0,     1.314 MiB
srv        update:    - prompt 0x28dd340:     107 tokens, checkpoints:  0,     1.256 MiB
srv        update:    - prompt 0x28d1e50:     107 tokens, checkpoints:  0,     1.256 MiB
srv        update:    - prompt 0x28c0600:     107 tokens, checkpoints:  0,     1.256 MiB
srv        update:    - prompt 0x28d3cf0:      27 tokens, checkpoints:  0,     0.317 MiB
srv        update:    - prompt 0x28c6e80:     118 tokens, checkpoints:  0,     1.385 MiB
srv        update:    - prompt 0x28cd710:     122 tokens, checkpoints:  0,     1.432 MiB
srv        update:    - prompt 0x28bfbb0:     164 tokens, checkpoints:  0,     1.924 MiB
srv        update:    - prompt 0x28cfbb0:     130 tokens, checkpoints:  0,     1.525 MiB
srv        update:    - prompt 0xf0e970:     134 tokens, checkpoints:  0,     1.572 MiB
srv        update:    - prompt 0x28c6380:     131 tokens, checkpoints:  0,     1.537 MiB
srv        update:    - prompt 0x28e67e0:     145 tokens, checkpoints:  0,     1.701 MiB
srv        update:    - prompt 0x28c9fe0:     129 tokens, checkpoints:  0,     1.514 MiB
srv        update:    - prompt 0xf0c310:     135 tokens, checkpoints:  0,     1.584 MiB
srv  get_availabl: prompt cache update took 0.08 ms
slot launch_slot_: id  0 | task -1 | sampler chain: logits -> ?penalties -> ?dry -> ?top-n-sigma -> top-k -> ?typical -> top-p -> min-p -> ?xtc -> temp-ext -> dist 
slot launch_slot_: id  0 | task 2240 | processing task, is_child = 0
slot slot_save_an: id  1 | task -1 | saving idle slot to prompt cache
srv   prompt_save:  - saving prompt with length 135, total state size = 1.584 MiB
slot prompt_clear: id  1 | task -1 | clearing prompt with 135 tokens
srv        update:  - cache state: 23 prompts, 31.250 MiB (limits: 8192.000 MiB, 4096 tokens, 698078 est)
srv        update:    - prompt 0x28c0e20:     105 tokens, checkpoints:  0,     1.232 MiB
srv        update:    - prompt 0x28c7080:     106 tokens, checkpoints:  0,     1.244 MiB
srv        update:    - prompt 0x28d3a10:     105 tokens, checkpoints:  0,     1.232 MiB
srv        update:    - prompt 0x28c1e20:     106 tokens, checkpoints:  0,     1.244 MiB
srv        update:    - prompt 0x3d8f9b0:     104 tokens, checkpoints:  0,     1.221 MiB
srv        update:    - prompt 0x28c94c0:     109 tokens, checkpoints:  0,     1.279 MiB
srv        update:    - prompt 0xf90860:     115 tokens, checkpoints:  0,     1.350 MiB
srv        update:    - prompt 0x28ce680:     110 tokens, checkpoints:  0,     1.291 MiB
srv        update:    - prompt 0x28ba4f0:     112 tokens, checkpoints:  0,     1.314 MiB
srv        update:    - prompt 0x28dd340:     107 tokens, checkpoints:  0,     1.256 MiB
srv        update:    - prompt 0x28d1e50:     107 tokens, checkpoints:  0,     1.256 MiB
srv        update:    - prompt 0x28c0600:     107 tokens, checkpoints:  0,     1.256 MiB
srv        update:    - prompt 0x28d3cf0:      27 tokens, checkpoints:  0,     0.317 MiB
srv        update:    - prompt 0x28c6e80:     118 tokens, checkpoints:  0,     1.385 MiB
srv        update:    - prompt 0x28cd710:     122 tokens, checkpoints:  0,     1.432 MiB
srv        update:    - prompt 0x28bfbb0:     164 tokens, checkpoints:  0,     1.924 MiB
srv        update:    - prompt 0x28cfbb0:     130 tokens, checkpoints:  0,     1.525 MiB
srv        update:    - prompt 0xf0e970:     134 tokens, checkpoints:  0,     1.572 MiB
srv        update:    - prompt 0x28c6380:     131 tokens, checkpoints:  0,     1.537 MiB
srv        update:    - prompt 0x28e67e0:     145 tokens, checkpoints:  0,     1.701 MiB
srv        update:    - prompt 0x28c9fe0:     129 tokens, checkpoints:  0,     1.514 MiB
srv        update:    - prompt 0xf0c310:     135 tokens, checkpoints:  0,     1.584 MiB
srv        update:    - prompt 0x28b6d20:     135 tokens, checkpoints:  0,     1.584 MiB
slot update_slots: id  0 | task 2240 | new prompt, n_ctx_slot = 4096, n_keep = 0, task.n_tokens = 143
slot update_slots: id  0 | task 2240 | n_tokens = 0, memory_seq_rm [0, end)
slot init_sampler: id  0 | task 2240 | init sampler, took 0.07 ms, tokens: text = 143, total = 143
slot update_slots: id  0 | task 2240 | prompt processing done, n_tokens = 143, batch.n_tokens = 143
srv  log_server_r: done request: POST /completion 127.0.0.1 200
slot print_timing: id  0 | task 2240 | 
prompt eval time =    3068.91 ms /   143 tokens (   21.46 ms per token,    46.60 tokens per second)
       eval time =    2639.52 ms /   100 tokens (   26.40 ms per token,    37.89 tokens per second)
      total time =    5708.43 ms /   243 tokens
slot      release: id  0 | task 2240 | stop processing: n_tokens = 242, truncated = 0
srv  update_slots: all slots are idle
slot get_availabl: id  3 | task -1 | selected slot by LRU, t_last = 36193495252
srv  get_availabl: updating prompt cache
srv          load:  - looking for better prompt, base f_keep = -1.000, sim = 0.000
srv        update:  - cache state: 23 prompts, 31.250 MiB (limits: 8192.000 MiB, 4096 tokens, 698078 est)
srv        update:    - prompt 0x28c0e20:     105 tokens, checkpoints:  0,     1.232 MiB
srv        update:    - prompt 0x28c7080:     106 tokens, checkpoints:  0,     1.244 MiB
srv        update:    - prompt 0x28d3a10:     105 tokens, checkpoints:  0,     1.232 MiB
srv        update:    - prompt 0x28c1e20:     106 tokens, checkpoints:  0,     1.244 MiB
srv        update:    - prompt 0x3d8f9b0:     104 tokens, checkpoints:  0,     1.221 MiB
srv        update:    - prompt 0x28c94c0:     109 tokens, checkpoints:  0,     1.279 MiB
srv        update:    - prompt 0xf90860:     115 tokens, checkpoints:  0,     1.350 MiB
srv        update:    - prompt 0x28ce680:     110 tokens, checkpoints:  0,     1.291 MiB
srv        update:    - prompt 0x28ba4f0:     112 tokens, checkpoints:  0,     1.314 MiB
srv        update:    - prompt 0x28dd340:     107 tokens, checkpoints:  0,     1.256 MiB
srv        update:    - prompt 0x28d1e50:     107 tokens, checkpoints:  0,     1.256 MiB
srv        update:    - prompt 0x28c0600:     107 tokens, checkpoints:  0,     1.256 MiB
srv        update:    - prompt 0x28d3cf0:      27 tokens, checkpoints:  0,     0.317 MiB
srv        update:    - prompt 0x28c6e80:     118 tokens, checkpoints:  0,     1.385 MiB
srv        update:    - prompt 0x28cd710:     122 tokens, checkpoints:  0,     1.432 MiB
srv        update:    - prompt 0x28bfbb0:     164 tokens, checkpoints:  0,     1.924 MiB
srv        update:    - prompt 0x28cfbb0:     130 tokens, checkpoints:  0,     1.525 MiB
srv        update:    - prompt 0xf0e970:     134 tokens, checkpoints:  0,     1.572 MiB
srv        update:    - prompt 0x28c6380:     131 tokens, checkpoints:  0,     1.537 MiB
srv        update:    - prompt 0x28e67e0:     145 tokens, checkpoints:  0,     1.701 MiB
srv        update:    - prompt 0x28c9fe0:     129 tokens, checkpoints:  0,     1.514 MiB
srv        update:    - prompt 0xf0c310:     135 tokens, checkpoints:  0,     1.584 MiB
srv        update:    - prompt 0x28b6d20:     135 tokens, checkpoints:  0,     1.584 MiB
srv  get_availabl: prompt cache update took 0.08 ms
slot launch_slot_: id  3 | task -1 | sampler chain: logits -> ?penalties -> ?dry -> ?top-n-sigma -> top-k -> ?typical -> top-p -> min-p -> ?xtc -> temp-ext -> dist 
slot launch_slot_: id  3 | task 2341 | processing task, is_child = 0
slot slot_save_an: id  0 | task -1 | saving idle slot to prompt cache
srv   prompt_save:  - saving prompt with length 242, total state size = 2.839 MiB
slot prompt_clear: id  0 | task -1 | clearing prompt with 242 tokens
srv        update:  - cache state: 24 prompts, 34.090 MiB (limits: 8192.000 MiB, 4096 tokens, 698091 est)
srv        update:    - prompt 0x28c0e20:     105 tokens, checkpoints:  0,     1.232 MiB
srv        update:    - prompt 0x28c7080:     106 tokens, checkpoints:  0,     1.244 MiB
srv        update:    - prompt 0x28d3a10:     105 tokens, checkpoints:  0,     1.232 MiB
srv        update:    - prompt 0x28c1e20:     106 tokens, checkpoints:  0,     1.244 MiB
srv        update:    - prompt 0x3d8f9b0:     104 tokens, checkpoints:  0,     1.221 MiB
srv        update:    - prompt 0x28c94c0:     109 tokens, checkpoints:  0,     1.279 MiB
srv        update:    - prompt 0xf90860:     115 tokens, checkpoints:  0,     1.350 MiB
srv        update:    - prompt 0x28ce680:     110 tokens, checkpoints:  0,     1.291 MiB
srv        update:    - prompt 0x28ba4f0:     112 tokens, checkpoints:  0,     1.314 MiB
srv        update:    - prompt 0x28dd340:     107 tokens, checkpoints:  0,     1.256 MiB
srv        update:    - prompt 0x28d1e50:     107 tokens, checkpoints:  0,     1.256 MiB
srv        update:    - prompt 0x28c0600:     107 tokens, checkpoints:  0,     1.256 MiB
srv        update:    - prompt 0x28d3cf0:      27 tokens, checkpoints:  0,     0.317 MiB
srv        update:    - prompt 0x28c6e80:     118 tokens, checkpoints:  0,     1.385 MiB
srv        update:    - prompt 0x28cd710:     122 tokens, checkpoints:  0,     1.432 MiB
srv        update:    - prompt 0x28bfbb0:     164 tokens, checkpoints:  0,     1.924 MiB
srv        update:    - prompt 0x28cfbb0:     130 tokens, checkpoints:  0,     1.525 MiB
srv        update:    - prompt 0xf0e970:     134 tokens, checkpoints:  0,     1.572 MiB
srv        update:    - prompt 0x28c6380:     131 tokens, checkpoints:  0,     1.537 MiB
srv        update:    - prompt 0x28e67e0:     145 tokens, checkpoints:  0,     1.701 MiB
srv        update:    - prompt 0x28c9fe0:     129 tokens, checkpoints:  0,     1.514 MiB
srv        update:    - prompt 0xf0c310:     135 tokens, checkpoints:  0,     1.584 MiB
srv        update:    - prompt 0x28b6d20:     135 tokens, checkpoints:  0,     1.584 MiB
srv        update:    - prompt 0x28cfc50:     242 tokens, checkpoints:  0,     2.839 MiB
slot update_slots: id  3 | task 2341 | new prompt, n_ctx_slot = 4096, n_keep = 0, task.n_tokens = 225
slot update_slots: id  3 | task 2341 | n_tokens = 0, memory_seq_rm [0, end)
slot init_sampler: id  3 | task 2341 | init sampler, took 0.10 ms, tokens: text = 225, total = 225
slot update_slots: id  3 | task 2341 | prompt processing done, n_tokens = 225, batch.n_tokens = 225
srv  log_server_r: done request: POST /completion 127.0.0.1 200
slot print_timing: id  3 | task 2341 | 
prompt eval time =    4611.24 ms /   225 tokens (   20.49 ms per token,    48.79 tokens per second)
       eval time =    2730.20 ms /   100 tokens (   27.30 ms per token,    36.63 tokens per second)
      total time =    7341.44 ms /   325 tokens
slot      release: id  3 | task 2341 | stop processing: n_tokens = 324, truncated = 0
srv  update_slots: all slots are idle
slot get_availabl: id  2 | task -1 | selected slot by LRU, t_last = 36197272688
srv  get_availabl: updating prompt cache
srv          load:  - looking for better prompt, base f_keep = -1.000, sim = 0.000
srv        update:  - cache state: 24 prompts, 34.090 MiB (limits: 8192.000 MiB, 4096 tokens, 698091 est)
srv        update:    - prompt 0x28c0e20:     105 tokens, checkpoints:  0,     1.232 MiB
srv        update:    - prompt 0x28c7080:     106 tokens, checkpoints:  0,     1.244 MiB
srv        update:    - prompt 0x28d3a10:     105 tokens, checkpoints:  0,     1.232 MiB
srv        update:    - prompt 0x28c1e20:     106 tokens, checkpoints:  0,     1.244 MiB
srv        update:    - prompt 0x3d8f9b0:     104 tokens, checkpoints:  0,     1.221 MiB
srv        update:    - prompt 0x28c94c0:     109 tokens, checkpoints:  0,     1.279 MiB
srv        update:    - prompt 0xf90860:     115 tokens, checkpoints:  0,     1.350 MiB
srv        update:    - prompt 0x28ce680:     110 tokens, checkpoints:  0,     1.291 MiB
srv        update:    - prompt 0x28ba4f0:     112 tokens, checkpoints:  0,     1.314 MiB
srv        update:    - prompt 0x28dd340:     107 tokens, checkpoints:  0,     1.256 MiB
srv        update:    - prompt 0x28d1e50:     107 tokens, checkpoints:  0,     1.256 MiB
srv        update:    - prompt 0x28c0600:     107 tokens, checkpoints:  0,     1.256 MiB
srv        update:    - prompt 0x28d3cf0:      27 tokens, checkpoints:  0,     0.317 MiB
srv        update:    - prompt 0x28c6e80:     118 tokens, checkpoints:  0,     1.385 MiB
srv        update:    - prompt 0x28cd710:     122 tokens, checkpoints:  0,     1.432 MiB
srv        update:    - prompt 0x28bfbb0:     164 tokens, checkpoints:  0,     1.924 MiB
srv        update:    - prompt 0x28cfbb0:     130 tokens, checkpoints:  0,     1.525 MiB
srv        update:    - prompt 0xf0e970:     134 tokens, checkpoints:  0,     1.572 MiB
srv        update:    - prompt 0x28c6380:     131 tokens, checkpoints:  0,     1.537 MiB
srv        update:    - prompt 0x28e67e0:     145 tokens, checkpoints:  0,     1.701 MiB
srv        update:    - prompt 0x28c9fe0:     129 tokens, checkpoints:  0,     1.514 MiB
srv        update:    - prompt 0xf0c310:     135 tokens, checkpoints:  0,     1.584 MiB
srv        update:    - prompt 0x28b6d20:     135 tokens, checkpoints:  0,     1.584 MiB
srv        update:    - prompt 0x28cfc50:     242 tokens, checkpoints:  0,     2.839 MiB
srv  get_availabl: prompt cache update took 0.10 ms
slot launch_slot_: id  2 | task -1 | sampler chain: logits -> ?penalties -> ?dry -> ?top-n-sigma -> top-k -> ?typical -> top-p -> min-p -> ?xtc -> temp-ext -> dist 
slot launch_slot_: id  2 | task 2442 | processing task, is_child = 0
slot slot_save_an: id  3 | task -1 | saving idle slot to prompt cache
srv   prompt_save:  - saving prompt with length 324, total state size = 3.801 MiB
slot prompt_clear: id  3 | task -1 | clearing prompt with 324 tokens
srv        update:  - cache state: 25 prompts, 37.891 MiB (limits: 8192.000 MiB, 4096 tokens, 698108 est)
srv        update:    - prompt 0x28c0e20:     105 tokens, checkpoints:  0,     1.232 MiB
srv        update:    - prompt 0x28c7080:     106 tokens, checkpoints:  0,     1.244 MiB
srv        update:    - prompt 0x28d3a10:     105 tokens, checkpoints:  0,     1.232 MiB
srv        update:    - prompt 0x28c1e20:     106 tokens, checkpoints:  0,     1.244 MiB
srv        update:    - prompt 0x3d8f9b0:     104 tokens, checkpoints:  0,     1.221 MiB
srv        update:    - prompt 0x28c94c0:     109 tokens, checkpoints:  0,     1.279 MiB
srv        update:    - prompt 0xf90860:     115 tokens, checkpoints:  0,     1.350 MiB
srv        update:    - prompt 0x28ce680:     110 tokens, checkpoints:  0,     1.291 MiB
srv        update:    - prompt 0x28ba4f0:     112 tokens, checkpoints:  0,     1.314 MiB
srv        update:    - prompt 0x28dd340:     107 tokens, checkpoints:  0,     1.256 MiB
srv        update:    - prompt 0x28d1e50:     107 tokens, checkpoints:  0,     1.256 MiB
srv        update:    - prompt 0x28c0600:     107 tokens, checkpoints:  0,     1.256 MiB
srv        update:    - prompt 0x28d3cf0:      27 tokens, checkpoints:  0,     0.317 MiB
srv        update:    - prompt 0x28c6e80:     118 tokens, checkpoints:  0,     1.385 MiB
srv        update:    - prompt 0x28cd710:     122 tokens, checkpoints:  0,     1.432 MiB
srv        update:    - prompt 0x28bfbb0:     164 tokens, checkpoints:  0,     1.924 MiB
srv        update:    - prompt 0x28cfbb0:     130 tokens, checkpoints:  0,     1.525 MiB
srv        update:    - prompt 0xf0e970:     134 tokens, checkpoints:  0,     1.572 MiB
srv        update:    - prompt 0x28c6380:     131 tokens, checkpoints:  0,     1.537 MiB
srv        update:    - prompt 0x28e67e0:     145 tokens, checkpoints:  0,     1.701 MiB
srv        update:    - prompt 0x28c9fe0:     129 tokens, checkpoints:  0,     1.514 MiB
srv        update:    - prompt 0xf0c310:     135 tokens, checkpoints:  0,     1.584 MiB
srv        update:    - prompt 0x28b6d20:     135 tokens, checkpoints:  0,     1.584 MiB
srv        update:    - prompt 0x28cfc50:     242 tokens, checkpoints:  0,     2.839 MiB
srv        update:    - prompt 0x28c3290:     324 tokens, checkpoints:  0,     3.801 MiB
slot update_slots: id  2 | task 2442 | new prompt, n_ctx_slot = 4096, n_keep = 0, task.n_tokens = 263
slot update_slots: id  2 | task 2442 | n_tokens = 0, memory_seq_rm [0, end)
slot init_sampler: id  2 | task 2442 | init sampler, took 0.12 ms, tokens: text = 263, total = 263
slot update_slots: id  2 | task 2442 | prompt processing done, n_tokens = 263, batch.n_tokens = 263
srv  log_server_r: done request: POST /completion 127.0.0.1 200
slot print_timing: id  2 | task 2442 | 
prompt eval time =    5415.59 ms /   263 tokens (   20.59 ms per token,    48.56 tokens per second)
       eval time =    2756.42 ms /   100 tokens (   27.56 ms per token,    36.28 tokens per second)
      total time =    8172.01 ms /   363 tokens
slot      release: id  2 | task 2442 | stop processing: n_tokens = 362, truncated = 0
srv  update_slots: all slots are idle
slot get_availabl: id  1 | task -1 | selected slot by LRU, t_last = 36201050239
srv  get_availabl: updating prompt cache
srv          load:  - looking for better prompt, base f_keep = -1.000, sim = 0.000
srv        update:  - cache state: 25 prompts, 37.891 MiB (limits: 8192.000 MiB, 4096 tokens, 698108 est)
srv        update:    - prompt 0x28c0e20:     105 tokens, checkpoints:  0,     1.232 MiB
srv        update:    - prompt 0x28c7080:     106 tokens, checkpoints:  0,     1.244 MiB
srv        update:    - prompt 0x28d3a10:     105 tokens, checkpoints:  0,     1.232 MiB
srv        update:    - prompt 0x28c1e20:     106 tokens, checkpoints:  0,     1.244 MiB
srv        update:    - prompt 0x3d8f9b0:     104 tokens, checkpoints:  0,     1.221 MiB
srv        update:    - prompt 0x28c94c0:     109 tokens, checkpoints:  0,     1.279 MiB
srv        update:    - prompt 0xf90860:     115 tokens, checkpoints:  0,     1.350 MiB
srv        update:    - prompt 0x28ce680:     110 tokens, checkpoints:  0,     1.291 MiB
srv        update:    - prompt 0x28ba4f0:     112 tokens, checkpoints:  0,     1.314 MiB
srv        update:    - prompt 0x28dd340:     107 tokens, checkpoints:  0,     1.256 MiB
srv        update:    - prompt 0x28d1e50:     107 tokens, checkpoints:  0,     1.256 MiB
srv        update:    - prompt 0x28c0600:     107 tokens, checkpoints:  0,     1.256 MiB
srv        update:    - prompt 0x28d3cf0:      27 tokens, checkpoints:  0,     0.317 MiB
srv        update:    - prompt 0x28c6e80:     118 tokens, checkpoints:  0,     1.385 MiB
srv        update:    - prompt 0x28cd710:     122 tokens, checkpoints:  0,     1.432 MiB
srv        update:    - prompt 0x28bfbb0:     164 tokens, checkpoints:  0,     1.924 MiB
srv        update:    - prompt 0x28cfbb0:     130 tokens, checkpoints:  0,     1.525 MiB
srv        update:    - prompt 0xf0e970:     134 tokens, checkpoints:  0,     1.572 MiB
srv        update:    - prompt 0x28c6380:     131 tokens, checkpoints:  0,     1.537 MiB
srv        update:    - prompt 0x28e67e0:     145 tokens, checkpoints:  0,     1.701 MiB
srv        update:    - prompt 0x28c9fe0:     129 tokens, checkpoints:  0,     1.514 MiB
srv        update:    - prompt 0xf0c310:     135 tokens, checkpoints:  0,     1.584 MiB
srv        update:    - prompt 0x28b6d20:     135 tokens, checkpoints:  0,     1.584 MiB
srv        update:    - prompt 0x28cfc50:     242 tokens, checkpoints:  0,     2.839 MiB
srv        update:    - prompt 0x28c3290:     324 tokens, checkpoints:  0,     3.801 MiB
srv  get_availabl: prompt cache update took 0.10 ms
slot launch_slot_: id  1 | task -1 | sampler chain: logits -> ?penalties -> ?dry -> ?top-n-sigma -> top-k -> ?typical -> top-p -> min-p -> ?xtc -> temp-ext -> dist 
slot launch_slot_: id  1 | task 2543 | processing task, is_child = 0
slot slot_save_an: id  2 | task -1 | saving idle slot to prompt cache
srv   prompt_save:  - saving prompt with length 362, total state size = 4.247 MiB
slot prompt_clear: id  2 | task -1 | clearing prompt with 362 tokens
srv        update:  - cache state: 26 prompts, 42.138 MiB (limits: 8192.000 MiB, 4096 tokens, 698125 est)
srv        update:    - prompt 0x28c0e20:     105 tokens, checkpoints:  0,     1.232 MiB
srv        update:    - prompt 0x28c7080:     106 tokens, checkpoints:  0,     1.244 MiB
srv        update:    - prompt 0x28d3a10:     105 tokens, checkpoints:  0,     1.232 MiB
srv        update:    - prompt 0x28c1e20:     106 tokens, checkpoints:  0,     1.244 MiB
srv        update:    - prompt 0x3d8f9b0:     104 tokens, checkpoints:  0,     1.221 MiB
srv        update:    - prompt 0x28c94c0:     109 tokens, checkpoints:  0,     1.279 MiB
srv        update:    - prompt 0xf90860:     115 tokens, checkpoints:  0,     1.350 MiB
srv        update:    - prompt 0x28ce680:     110 tokens, checkpoints:  0,     1.291 MiB
srv        update:    - prompt 0x28ba4f0:     112 tokens, checkpoints:  0,     1.314 MiB
srv        update:    - prompt 0x28dd340:     107 tokens, checkpoints:  0,     1.256 MiB
srv        update:    - prompt 0x28d1e50:     107 tokens, checkpoints:  0,     1.256 MiB
srv        update:    - prompt 0x28c0600:     107 tokens, checkpoints:  0,     1.256 MiB
srv        update:    - prompt 0x28d3cf0:      27 tokens, checkpoints:  0,     0.317 MiB
srv        update:    - prompt 0x28c6e80:     118 tokens, checkpoints:  0,     1.385 MiB
srv        update:    - prompt 0x28cd710:     122 tokens, checkpoints:  0,     1.432 MiB
srv        update:    - prompt 0x28bfbb0:     164 tokens, checkpoints:  0,     1.924 MiB
srv        update:    - prompt 0x28cfbb0:     130 tokens, checkpoints:  0,     1.525 MiB
srv        update:    - prompt 0xf0e970:     134 tokens, checkpoints:  0,     1.572 MiB
srv        update:    - prompt 0x28c6380:     131 tokens, checkpoints:  0,     1.537 MiB
srv        update:    - prompt 0x28e67e0:     145 tokens, checkpoints:  0,     1.701 MiB
srv        update:    - prompt 0x28c9fe0:     129 tokens, checkpoints:  0,     1.514 MiB
srv        update:    - prompt 0xf0c310:     135 tokens, checkpoints:  0,     1.584 MiB
srv        update:    - prompt 0x28b6d20:     135 tokens, checkpoints:  0,     1.584 MiB
srv        update:    - prompt 0x28cfc50:     242 tokens, checkpoints:  0,     2.839 MiB
srv        update:    - prompt 0x28c3290:     324 tokens, checkpoints:  0,     3.801 MiB
srv        update:    - prompt 0x28b9ba0:     362 tokens, checkpoints:  0,     4.247 MiB
slot update_slots: id  1 | task 2543 | new prompt, n_ctx_slot = 4096, n_keep = 0, task.n_tokens = 325
slot update_slots: id  1 | task 2543 | n_tokens = 0, memory_seq_rm [0, end)
slot init_sampler: id  1 | task 2543 | init sampler, took 0.15 ms, tokens: text = 325, total = 325
slot update_slots: id  1 | task 2543 | prompt processing done, n_tokens = 325, batch.n_tokens = 325
srv  log_server_r: done request: POST /completion 127.0.0.1 200
slot print_timing: id  1 | task 2543 | 
prompt eval time =    7534.90 ms /   325 tokens (   23.18 ms per token,    43.13 tokens per second)
       eval time =    2757.39 ms /   100 tokens (   27.57 ms per token,    36.27 tokens per second)
      total time =   10292.29 ms /   425 tokens
slot      release: id  1 | task 2543 | stop processing: n_tokens = 424, truncated = 0
srv  update_slots: all slots are idle
slot get_availabl: id  0 | task -1 | selected slot by LRU, t_last = 36207347393
srv  get_availabl: updating prompt cache
srv          load:  - looking for better prompt, base f_keep = -1.000, sim = 0.000
srv        update:  - cache state: 26 prompts, 42.138 MiB (limits: 8192.000 MiB, 4096 tokens, 698125 est)
srv        update:    - prompt 0x28c0e20:     105 tokens, checkpoints:  0,     1.232 MiB
srv        update:    - prompt 0x28c7080:     106 tokens, checkpoints:  0,     1.244 MiB
srv        update:    - prompt 0x28d3a10:     105 tokens, checkpoints:  0,     1.232 MiB
srv        update:    - prompt 0x28c1e20:     106 tokens, checkpoints:  0,     1.244 MiB
srv        update:    - prompt 0x3d8f9b0:     104 tokens, checkpoints:  0,     1.221 MiB
srv        update:    - prompt 0x28c94c0:     109 tokens, checkpoints:  0,     1.279 MiB
srv        update:    - prompt 0xf90860:     115 tokens, checkpoints:  0,     1.350 MiB
srv        update:    - prompt 0x28ce680:     110 tokens, checkpoints:  0,     1.291 MiB
srv        update:    - prompt 0x28ba4f0:     112 tokens, checkpoints:  0,     1.314 MiB
srv        update:    - prompt 0x28dd340:     107 tokens, checkpoints:  0,     1.256 MiB
srv        update:    - prompt 0x28d1e50:     107 tokens, checkpoints:  0,     1.256 MiB
srv        update:    - prompt 0x28c0600:     107 tokens, checkpoints:  0,     1.256 MiB
srv        update:    - prompt 0x28d3cf0:      27 tokens, checkpoints:  0,     0.317 MiB
srv        update:    - prompt 0x28c6e80:     118 tokens, checkpoints:  0,     1.385 MiB
srv        update:    - prompt 0x28cd710:     122 tokens, checkpoints:  0,     1.432 MiB
srv        update:    - prompt 0x28bfbb0:     164 tokens, checkpoints:  0,     1.924 MiB
srv        update:    - prompt 0x28cfbb0:     130 tokens, checkpoints:  0,     1.525 MiB
srv        update:    - prompt 0xf0e970:     134 tokens, checkpoints:  0,     1.572 MiB
srv        update:    - prompt 0x28c6380:     131 tokens, checkpoints:  0,     1.537 MiB
srv        update:    - prompt 0x28e67e0:     145 tokens, checkpoints:  0,     1.701 MiB
srv        update:    - prompt 0x28c9fe0:     129 tokens, checkpoints:  0,     1.514 MiB
srv        update:    - prompt 0xf0c310:     135 tokens, checkpoints:  0,     1.584 MiB
srv        update:    - prompt 0x28b6d20:     135 tokens, checkpoints:  0,     1.584 MiB
srv        update:    - prompt 0x28cfc50:     242 tokens, checkpoints:  0,     2.839 MiB
srv        update:    - prompt 0x28c3290:     324 tokens, checkpoints:  0,     3.801 MiB
srv        update:    - prompt 0x28b9ba0:     362 tokens, checkpoints:  0,     4.247 MiB
srv  get_availabl: prompt cache update took 0.10 ms
slot launch_slot_: id  0 | task -1 | sampler chain: logits -> ?penalties -> ?dry -> ?top-n-sigma -> top-k -> ?typical -> top-p -> min-p -> ?xtc -> temp-ext -> dist 
slot launch_slot_: id  0 | task 2644 | processing task, is_child = 0
slot slot_save_an: id  1 | task -1 | saving idle slot to prompt cache
srv   prompt_save:  - saving prompt with length 424, total state size = 4.974 MiB
slot prompt_clear: id  1 | task -1 | clearing prompt with 424 tokens
srv        update:  - cache state: 27 prompts, 47.112 MiB (limits: 8192.000 MiB, 4096 tokens, 698142 est)
srv        update:    - prompt 0x28c0e20:     105 tokens, checkpoints:  0,     1.232 MiB
srv        update:    - prompt 0x28c7080:     106 tokens, checkpoints:  0,     1.244 MiB
srv        update:    - prompt 0x28d3a10:     105 tokens, checkpoints:  0,     1.232 MiB
srv        update:    - prompt 0x28c1e20:     106 tokens, checkpoints:  0,     1.244 MiB
srv        update:    - prompt 0x3d8f9b0:     104 tokens, checkpoints:  0,     1.221 MiB
srv        update:    - prompt 0x28c94c0:     109 tokens, checkpoints:  0,     1.279 MiB
srv        update:    - prompt 0xf90860:     115 tokens, checkpoints:  0,     1.350 MiB
srv        update:    - prompt 0x28ce680:     110 tokens, checkpoints:  0,     1.291 MiB
srv        update:    - prompt 0x28ba4f0:     112 tokens, checkpoints:  0,     1.314 MiB
srv        update:    - prompt 0x28dd340:     107 tokens, checkpoints:  0,     1.256 MiB
srv        update:    - prompt 0x28d1e50:     107 tokens, checkpoints:  0,     1.256 MiB
srv        update:    - prompt 0x28c0600:     107 tokens, checkpoints:  0,     1.256 MiB
srv        update:    - prompt 0x28d3cf0:      27 tokens, checkpoints:  0,     0.317 MiB
srv        update:    - prompt 0x28c6e80:     118 tokens, checkpoints:  0,     1.385 MiB
srv        update:    - prompt 0x28cd710:     122 tokens, checkpoints:  0,     1.432 MiB
srv        update:    - prompt 0x28bfbb0:     164 tokens, checkpoints:  0,     1.924 MiB
srv        update:    - prompt 0x28cfbb0:     130 tokens, checkpoints:  0,     1.525 MiB
srv        update:    - prompt 0xf0e970:     134 tokens, checkpoints:  0,     1.572 MiB
srv        update:    - prompt 0x28c6380:     131 tokens, checkpoints:  0,     1.537 MiB
srv        update:    - prompt 0x28e67e0:     145 tokens, checkpoints:  0,     1.701 MiB
srv        update:    - prompt 0x28c9fe0:     129 tokens, checkpoints:  0,     1.514 MiB
srv        update:    - prompt 0xf0c310:     135 tokens, checkpoints:  0,     1.584 MiB
srv        update:    - prompt 0x28b6d20:     135 tokens, checkpoints:  0,     1.584 MiB
srv        update:    - prompt 0x28cfc50:     242 tokens, checkpoints:  0,     2.839 MiB
srv        update:    - prompt 0x28c3290:     324 tokens, checkpoints:  0,     3.801 MiB
srv        update:    - prompt 0x28b9ba0:     362 tokens, checkpoints:  0,     4.247 MiB
srv        update:    - prompt 0xffff00004cf0:     424 tokens, checkpoints:  0,     4.974 MiB
slot update_slots: id  0 | task 2644 | new prompt, n_ctx_slot = 4096, n_keep = 0, task.n_tokens = 309
slot update_slots: id  0 | task 2644 | n_tokens = 0, memory_seq_rm [0, end)
slot init_sampler: id  0 | task 2644 | init sampler, took 0.15 ms, tokens: text = 309, total = 309
slot update_slots: id  0 | task 2644 | prompt processing done, n_tokens = 309, batch.n_tokens = 309
srv  log_server_r: done request: POST /completion 127.0.0.1 200
slot print_timing: id  0 | task 2644 | 
prompt eval time =    7087.21 ms /   309 tokens (   22.94 ms per token,    43.60 tokens per second)
       eval time =    2759.29 ms /   100 tokens (   27.59 ms per token,    36.24 tokens per second)
      total time =    9846.49 ms /   409 tokens
slot      release: id  0 | task 2644 | stop processing: n_tokens = 408, truncated = 0
srv  update_slots: all slots are idle
slot get_availabl: id  3 | task -1 | selected slot by LRU, t_last = 36215271235
srv  get_availabl: updating prompt cache
srv          load:  - looking for better prompt, base f_keep = -1.000, sim = 0.000
srv        update:  - cache state: 27 prompts, 47.112 MiB (limits: 8192.000 MiB, 4096 tokens, 698142 est)
srv        update:    - prompt 0x28c0e20:     105 tokens, checkpoints:  0,     1.232 MiB
srv        update:    - prompt 0x28c7080:     106 tokens, checkpoints:  0,     1.244 MiB
srv        update:    - prompt 0x28d3a10:     105 tokens, checkpoints:  0,     1.232 MiB
srv        update:    - prompt 0x28c1e20:     106 tokens, checkpoints:  0,     1.244 MiB
srv        update:    - prompt 0x3d8f9b0:     104 tokens, checkpoints:  0,     1.221 MiB
srv        update:    - prompt 0x28c94c0:     109 tokens, checkpoints:  0,     1.279 MiB
srv        update:    - prompt 0xf90860:     115 tokens, checkpoints:  0,     1.350 MiB
srv        update:    - prompt 0x28ce680:     110 tokens, checkpoints:  0,     1.291 MiB
srv        update:    - prompt 0x28ba4f0:     112 tokens, checkpoints:  0,     1.314 MiB
srv        update:    - prompt 0x28dd340:     107 tokens, checkpoints:  0,     1.256 MiB
srv        update:    - prompt 0x28d1e50:     107 tokens, checkpoints:  0,     1.256 MiB
srv        update:    - prompt 0x28c0600:     107 tokens, checkpoints:  0,     1.256 MiB
srv        update:    - prompt 0x28d3cf0:      27 tokens, checkpoints:  0,     0.317 MiB
srv        update:    - prompt 0x28c6e80:     118 tokens, checkpoints:  0,     1.385 MiB
srv        update:    - prompt 0x28cd710:     122 tokens, checkpoints:  0,     1.432 MiB
srv        update:    - prompt 0x28bfbb0:     164 tokens, checkpoints:  0,     1.924 MiB
srv        update:    - prompt 0x28cfbb0:     130 tokens, checkpoints:  0,     1.525 MiB
srv        update:    - prompt 0xf0e970:     134 tokens, checkpoints:  0,     1.572 MiB
srv        update:    - prompt 0x28c6380:     131 tokens, checkpoints:  0,     1.537 MiB
srv        update:    - prompt 0x28e67e0:     145 tokens, checkpoints:  0,     1.701 MiB
srv        update:    - prompt 0x28c9fe0:     129 tokens, checkpoints:  0,     1.514 MiB
srv        update:    - prompt 0xf0c310:     135 tokens, checkpoints:  0,     1.584 MiB
srv        update:    - prompt 0x28b6d20:     135 tokens, checkpoints:  0,     1.584 MiB
srv        update:    - prompt 0x28cfc50:     242 tokens, checkpoints:  0,     2.839 MiB
srv        update:    - prompt 0x28c3290:     324 tokens, checkpoints:  0,     3.801 MiB
srv        update:    - prompt 0x28b9ba0:     362 tokens, checkpoints:  0,     4.247 MiB
srv        update:    - prompt 0xffff00004cf0:     424 tokens, checkpoints:  0,     4.974 MiB
srv  get_availabl: prompt cache update took 0.10 ms
slot launch_slot_: id  3 | task -1 | sampler chain: logits -> ?penalties -> ?dry -> ?top-n-sigma -> top-k -> ?typical -> top-p -> min-p -> ?xtc -> temp-ext -> dist 
slot launch_slot_: id  3 | task 2745 | processing task, is_child = 0
slot slot_save_an: id  0 | task -1 | saving idle slot to prompt cache
srv   prompt_save:  - saving prompt with length 408, total state size = 4.786 MiB
slot prompt_clear: id  0 | task -1 | clearing prompt with 408 tokens
srv        update:  - cache state: 28 prompts, 51.898 MiB (limits: 8192.000 MiB, 4096 tokens, 698155 est)
srv        update:    - prompt 0x28c0e20:     105 tokens, checkpoints:  0,     1.232 MiB
srv        update:    - prompt 0x28c7080:     106 tokens, checkpoints:  0,     1.244 MiB
srv        update:    - prompt 0x28d3a10:     105 tokens, checkpoints:  0,     1.232 MiB
srv        update:    - prompt 0x28c1e20:     106 tokens, checkpoints:  0,     1.244 MiB
srv        update:    - prompt 0x3d8f9b0:     104 tokens, checkpoints:  0,     1.221 MiB
srv        update:    - prompt 0x28c94c0:     109 tokens, checkpoints:  0,     1.279 MiB
srv        update:    - prompt 0xf90860:     115 tokens, checkpoints:  0,     1.350 MiB
srv        update:    - prompt 0x28ce680:     110 tokens, checkpoints:  0,     1.291 MiB
srv        update:    - prompt 0x28ba4f0:     112 tokens, checkpoints:  0,     1.314 MiB
srv        update:    - prompt 0x28dd340:     107 tokens, checkpoints:  0,     1.256 MiB
srv        update:    - prompt 0x28d1e50:     107 tokens, checkpoints:  0,     1.256 MiB
srv        update:    - prompt 0x28c0600:     107 tokens, checkpoints:  0,     1.256 MiB
srv        update:    - prompt 0x28d3cf0:      27 tokens, checkpoints:  0,     0.317 MiB
srv        update:    - prompt 0x28c6e80:     118 tokens, checkpoints:  0,     1.385 MiB
srv        update:    - prompt 0x28cd710:     122 tokens, checkpoints:  0,     1.432 MiB
srv        update:    - prompt 0x28bfbb0:     164 tokens, checkpoints:  0,     1.924 MiB
srv        update:    - prompt 0x28cfbb0:     130 tokens, checkpoints:  0,     1.525 MiB
srv        update:    - prompt 0xf0e970:     134 tokens, checkpoints:  0,     1.572 MiB
srv        update:    - prompt 0x28c6380:     131 tokens, checkpoints:  0,     1.537 MiB
srv        update:    - prompt 0x28e67e0:     145 tokens, checkpoints:  0,     1.701 MiB
srv        update:    - prompt 0x28c9fe0:     129 tokens, checkpoints:  0,     1.514 MiB
srv        update:    - prompt 0xf0c310:     135 tokens, checkpoints:  0,     1.584 MiB
srv        update:    - prompt 0x28b6d20:     135 tokens, checkpoints:  0,     1.584 MiB
srv        update:    - prompt 0x28cfc50:     242 tokens, checkpoints:  0,     2.839 MiB
srv        update:    - prompt 0x28c3290:     324 tokens, checkpoints:  0,     3.801 MiB
srv        update:    - prompt 0x28b9ba0:     362 tokens, checkpoints:  0,     4.247 MiB
srv        update:    - prompt 0xffff00004cf0:     424 tokens, checkpoints:  0,     4.974 MiB
srv        update:    - prompt 0xeec0d0:     408 tokens, checkpoints:  0,     4.786 MiB
slot update_slots: id  3 | task 2745 | new prompt, n_ctx_slot = 4096, n_keep = 0, task.n_tokens = 312
slot update_slots: id  3 | task 2745 | n_tokens = 0, memory_seq_rm [0, end)
slot init_sampler: id  3 | task 2745 | init sampler, took 0.16 ms, tokens: text = 312, total = 312
slot update_slots: id  3 | task 2745 | prompt processing done, n_tokens = 312, batch.n_tokens = 312
srv  log_server_r: done request: POST /completion 127.0.0.1 200
slot print_timing: id  3 | task 2745 | 
prompt eval time =    7260.96 ms /   312 tokens (   23.27 ms per token,    42.97 tokens per second)
       eval time =    2761.29 ms /   100 tokens (   27.61 ms per token,    36.21 tokens per second)
      total time =   10022.25 ms /   412 tokens
slot      release: id  3 | task 2745 | stop processing: n_tokens = 411, truncated = 0
srv  update_slots: all slots are idle
slot get_availabl: id  2 | task -1 | selected slot by LRU, t_last = 36224026428
srv  get_availabl: updating prompt cache
srv          load:  - looking for better prompt, base f_keep = -1.000, sim = 0.000
srv        update:  - cache state: 28 prompts, 51.898 MiB (limits: 8192.000 MiB, 4096 tokens, 698155 est)
srv        update:    - prompt 0x28c0e20:     105 tokens, checkpoints:  0,     1.232 MiB
srv        update:    - prompt 0x28c7080:     106 tokens, checkpoints:  0,     1.244 MiB
srv        update:    - prompt 0x28d3a10:     105 tokens, checkpoints:  0,     1.232 MiB
srv        update:    - prompt 0x28c1e20:     106 tokens, checkpoints:  0,     1.244 MiB
srv        update:    - prompt 0x3d8f9b0:     104 tokens, checkpoints:  0,     1.221 MiB
srv        update:    - prompt 0x28c94c0:     109 tokens, checkpoints:  0,     1.279 MiB
srv        update:    - prompt 0xf90860:     115 tokens, checkpoints:  0,     1.350 MiB
srv        update:    - prompt 0x28ce680:     110 tokens, checkpoints:  0,     1.291 MiB
srv        update:    - prompt 0x28ba4f0:     112 tokens, checkpoints:  0,     1.314 MiB
srv        update:    - prompt 0x28dd340:     107 tokens, checkpoints:  0,     1.256 MiB
srv        update:    - prompt 0x28d1e50:     107 tokens, checkpoints:  0,     1.256 MiB
srv        update:    - prompt 0x28c0600:     107 tokens, checkpoints:  0,     1.256 MiB
srv        update:    - prompt 0x28d3cf0:      27 tokens, checkpoints:  0,     0.317 MiB
srv        update:    - prompt 0x28c6e80:     118 tokens, checkpoints:  0,     1.385 MiB
srv        update:    - prompt 0x28cd710:     122 tokens, checkpoints:  0,     1.432 MiB
srv        update:    - prompt 0x28bfbb0:     164 tokens, checkpoints:  0,     1.924 MiB
srv        update:    - prompt 0x28cfbb0:     130 tokens, checkpoints:  0,     1.525 MiB
srv        update:    - prompt 0xf0e970:     134 tokens, checkpoints:  0,     1.572 MiB
srv        update:    - prompt 0x28c6380:     131 tokens, checkpoints:  0,     1.537 MiB
srv        update:    - prompt 0x28e67e0:     145 tokens, checkpoints:  0,     1.701 MiB
srv        update:    - prompt 0x28c9fe0:     129 tokens, checkpoints:  0,     1.514 MiB
srv        update:    - prompt 0xf0c310:     135 tokens, checkpoints:  0,     1.584 MiB
srv        update:    - prompt 0x28b6d20:     135 tokens, checkpoints:  0,     1.584 MiB
srv        update:    - prompt 0x28cfc50:     242 tokens, checkpoints:  0,     2.839 MiB
srv        update:    - prompt 0x28c3290:     324 tokens, checkpoints:  0,     3.801 MiB
srv        update:    - prompt 0x28b9ba0:     362 tokens, checkpoints:  0,     4.247 MiB
srv        update:    - prompt 0xffff00004cf0:     424 tokens, checkpoints:  0,     4.974 MiB
srv        update:    - prompt 0xeec0d0:     408 tokens, checkpoints:  0,     4.786 MiB
srv  get_availabl: prompt cache update took 0.12 ms
slot launch_slot_: id  2 | task -1 | sampler chain: logits -> ?penalties -> ?dry -> ?top-n-sigma -> top-k -> ?typical -> top-p -> min-p -> ?xtc -> temp-ext -> dist 
slot launch_slot_: id  2 | task 2846 | processing task, is_child = 0
slot slot_save_an: id  3 | task -1 | saving idle slot to prompt cache
srv   prompt_save:  - saving prompt with length 411, total state size = 4.822 MiB
slot prompt_clear: id  3 | task -1 | clearing prompt with 411 tokens
srv        update:  - cache state: 29 prompts, 56.720 MiB (limits: 8192.000 MiB, 4096 tokens, 698167 est)
srv        update:    - prompt 0x28c0e20:     105 tokens, checkpoints:  0,     1.232 MiB
srv        update:    - prompt 0x28c7080:     106 tokens, checkpoints:  0,     1.244 MiB
srv        update:    - prompt 0x28d3a10:     105 tokens, checkpoints:  0,     1.232 MiB
srv        update:    - prompt 0x28c1e20:     106 tokens, checkpoints:  0,     1.244 MiB
srv        update:    - prompt 0x3d8f9b0:     104 tokens, checkpoints:  0,     1.221 MiB
srv        update:    - prompt 0x28c94c0:     109 tokens, checkpoints:  0,     1.279 MiB
srv        update:    - prompt 0xf90860:     115 tokens, checkpoints:  0,     1.350 MiB
srv        update:    - prompt 0x28ce680:     110 tokens, checkpoints:  0,     1.291 MiB
srv        update:    - prompt 0x28ba4f0:     112 tokens, checkpoints:  0,     1.314 MiB
srv        update:    - prompt 0x28dd340:     107 tokens, checkpoints:  0,     1.256 MiB
srv        update:    - prompt 0x28d1e50:     107 tokens, checkpoints:  0,     1.256 MiB
srv        update:    - prompt 0x28c0600:     107 tokens, checkpoints:  0,     1.256 MiB
srv        update:    - prompt 0x28d3cf0:      27 tokens, checkpoints:  0,     0.317 MiB
srv        update:    - prompt 0x28c6e80:     118 tokens, checkpoints:  0,     1.385 MiB
srv        update:    - prompt 0x28cd710:     122 tokens, checkpoints:  0,     1.432 MiB
srv        update:    - prompt 0x28bfbb0:     164 tokens, checkpoints:  0,     1.924 MiB
srv        update:    - prompt 0x28cfbb0:     130 tokens, checkpoints:  0,     1.525 MiB
srv        update:    - prompt 0xf0e970:     134 tokens, checkpoints:  0,     1.572 MiB
srv        update:    - prompt 0x28c6380:     131 tokens, checkpoints:  0,     1.537 MiB
srv        update:    - prompt 0x28e67e0:     145 tokens, checkpoints:  0,     1.701 MiB
srv        update:    - prompt 0x28c9fe0:     129 tokens, checkpoints:  0,     1.514 MiB
srv        update:    - prompt 0xf0c310:     135 tokens, checkpoints:  0,     1.584 MiB
srv        update:    - prompt 0x28b6d20:     135 tokens, checkpoints:  0,     1.584 MiB
srv        update:    - prompt 0x28cfc50:     242 tokens, checkpoints:  0,     2.839 MiB
srv        update:    - prompt 0x28c3290:     324 tokens, checkpoints:  0,     3.801 MiB
srv        update:    - prompt 0x28b9ba0:     362 tokens, checkpoints:  0,     4.247 MiB
srv        update:    - prompt 0xffff00004cf0:     424 tokens, checkpoints:  0,     4.974 MiB
srv        update:    - prompt 0xeec0d0:     408 tokens, checkpoints:  0,     4.786 MiB
srv        update:    - prompt 0x28ce470:     411 tokens, checkpoints:  0,     4.822 MiB
slot update_slots: id  2 | task 2846 | new prompt, n_ctx_slot = 4096, n_keep = 0, task.n_tokens = 318
slot update_slots: id  2 | task 2846 | n_tokens = 0, memory_seq_rm [0, end)
slot init_sampler: id  2 | task 2846 | init sampler, took 0.15 ms, tokens: text = 318, total = 318
slot update_slots: id  2 | task 2846 | prompt processing done, n_tokens = 318, batch.n_tokens = 318
srv  log_server_r: done request: POST /completion 127.0.0.1 200
slot print_timing: id  2 | task 2846 | 
prompt eval time =    7239.90 ms /   318 tokens (   22.77 ms per token,    43.92 tokens per second)
       eval time =    2759.28 ms /   100 tokens (   27.59 ms per token,    36.24 tokens per second)
      total time =    9999.18 ms /   418 tokens
slot      release: id  2 | task 2846 | stop processing: n_tokens = 417, truncated = 0
srv  update_slots: all slots are idle
slot get_availabl: id  1 | task -1 | selected slot by LRU, t_last = 36234902385
srv  get_availabl: updating prompt cache
srv          load:  - looking for better prompt, base f_keep = -1.000, sim = 0.000
srv        update:  - cache state: 29 prompts, 56.720 MiB (limits: 8192.000 MiB, 4096 tokens, 698167 est)
srv        update:    - prompt 0x28c0e20:     105 tokens, checkpoints:  0,     1.232 MiB
srv        update:    - prompt 0x28c7080:     106 tokens, checkpoints:  0,     1.244 MiB
srv        update:    - prompt 0x28d3a10:     105 tokens, checkpoints:  0,     1.232 MiB
srv        update:    - prompt 0x28c1e20:     106 tokens, checkpoints:  0,     1.244 MiB
srv        update:    - prompt 0x3d8f9b0:     104 tokens, checkpoints:  0,     1.221 MiB
srv        update:    - prompt 0x28c94c0:     109 tokens, checkpoints:  0,     1.279 MiB
srv        update:    - prompt 0xf90860:     115 tokens, checkpoints:  0,     1.350 MiB
srv        update:    - prompt 0x28ce680:     110 tokens, checkpoints:  0,     1.291 MiB
srv        update:    - prompt 0x28ba4f0:     112 tokens, checkpoints:  0,     1.314 MiB
srv        update:    - prompt 0x28dd340:     107 tokens, checkpoints:  0,     1.256 MiB
srv        update:    - prompt 0x28d1e50:     107 tokens, checkpoints:  0,     1.256 MiB
srv        update:    - prompt 0x28c0600:     107 tokens, checkpoints:  0,     1.256 MiB
srv        update:    - prompt 0x28d3cf0:      27 tokens, checkpoints:  0,     0.317 MiB
srv        update:    - prompt 0x28c6e80:     118 tokens, checkpoints:  0,     1.385 MiB
srv        update:    - prompt 0x28cd710:     122 tokens, checkpoints:  0,     1.432 MiB
srv        update:    - prompt 0x28bfbb0:     164 tokens, checkpoints:  0,     1.924 MiB
srv        update:    - prompt 0x28cfbb0:     130 tokens, checkpoints:  0,     1.525 MiB
srv        update:    - prompt 0xf0e970:     134 tokens, checkpoints:  0,     1.572 MiB
srv        update:    - prompt 0x28c6380:     131 tokens, checkpoints:  0,     1.537 MiB
srv        update:    - prompt 0x28e67e0:     145 tokens, checkpoints:  0,     1.701 MiB
srv        update:    - prompt 0x28c9fe0:     129 tokens, checkpoints:  0,     1.514 MiB
srv        update:    - prompt 0xf0c310:     135 tokens, checkpoints:  0,     1.584 MiB
srv        update:    - prompt 0x28b6d20:     135 tokens, checkpoints:  0,     1.584 MiB
srv        update:    - prompt 0x28cfc50:     242 tokens, checkpoints:  0,     2.839 MiB
srv        update:    - prompt 0x28c3290:     324 tokens, checkpoints:  0,     3.801 MiB
srv        update:    - prompt 0x28b9ba0:     362 tokens, checkpoints:  0,     4.247 MiB
srv        update:    - prompt 0xffff00004cf0:     424 tokens, checkpoints:  0,     4.974 MiB
srv        update:    - prompt 0xeec0d0:     408 tokens, checkpoints:  0,     4.786 MiB
srv        update:    - prompt 0x28ce470:     411 tokens, checkpoints:  0,     4.822 MiB
srv  get_availabl: prompt cache update took 0.11 ms
slot launch_slot_: id  1 | task -1 | sampler chain: logits -> ?penalties -> ?dry -> ?top-n-sigma -> top-k -> ?typical -> top-p -> min-p -> ?xtc -> temp-ext -> dist 
slot launch_slot_: id  1 | task 2947 | processing task, is_child = 0
slot slot_save_an: id  2 | task -1 | saving idle slot to prompt cache
srv   prompt_save:  - saving prompt with length 417, total state size = 4.892 MiB
slot prompt_clear: id  2 | task -1 | clearing prompt with 417 tokens
srv        update:  - cache state: 30 prompts, 61.612 MiB (limits: 8192.000 MiB, 4096 tokens, 698176 est)
srv        update:    - prompt 0x28c0e20:     105 tokens, checkpoints:  0,     1.232 MiB
srv        update:    - prompt 0x28c7080:     106 tokens, checkpoints:  0,     1.244 MiB
srv        update:    - prompt 0x28d3a10:     105 tokens, checkpoints:  0,     1.232 MiB
srv        update:    - prompt 0x28c1e20:     106 tokens, checkpoints:  0,     1.244 MiB
srv        update:    - prompt 0x3d8f9b0:     104 tokens, checkpoints:  0,     1.221 MiB
srv        update:    - prompt 0x28c94c0:     109 tokens, checkpoints:  0,     1.279 MiB
srv        update:    - prompt 0xf90860:     115 tokens, checkpoints:  0,     1.350 MiB
srv        update:    - prompt 0x28ce680:     110 tokens, checkpoints:  0,     1.291 MiB
srv        update:    - prompt 0x28ba4f0:     112 tokens, checkpoints:  0,     1.314 MiB
srv        update:    - prompt 0x28dd340:     107 tokens, checkpoints:  0,     1.256 MiB
srv        update:    - prompt 0x28d1e50:     107 tokens, checkpoints:  0,     1.256 MiB
srv        update:    - prompt 0x28c0600:     107 tokens, checkpoints:  0,     1.256 MiB
srv        update:    - prompt 0x28d3cf0:      27 tokens, checkpoints:  0,     0.317 MiB
srv        update:    - prompt 0x28c6e80:     118 tokens, checkpoints:  0,     1.385 MiB
srv        update:    - prompt 0x28cd710:     122 tokens, checkpoints:  0,     1.432 MiB
srv        update:    - prompt 0x28bfbb0:     164 tokens, checkpoints:  0,     1.924 MiB
srv        update:    - prompt 0x28cfbb0:     130 tokens, checkpoints:  0,     1.525 MiB
srv        update:    - prompt 0xf0e970:     134 tokens, checkpoints:  0,     1.572 MiB
srv        update:    - prompt 0x28c6380:     131 tokens, checkpoints:  0,     1.537 MiB
srv        update:    - prompt 0x28e67e0:     145 tokens, checkpoints:  0,     1.701 MiB
srv        update:    - prompt 0x28c9fe0:     129 tokens, checkpoints:  0,     1.514 MiB
srv        update:    - prompt 0xf0c310:     135 tokens, checkpoints:  0,     1.584 MiB
srv        update:    - prompt 0x28b6d20:     135 tokens, checkpoints:  0,     1.584 MiB
srv        update:    - prompt 0x28cfc50:     242 tokens, checkpoints:  0,     2.839 MiB
srv        update:    - prompt 0x28c3290:     324 tokens, checkpoints:  0,     3.801 MiB
srv        update:    - prompt 0x28b9ba0:     362 tokens, checkpoints:  0,     4.247 MiB
srv        update:    - prompt 0xffff00004cf0:     424 tokens, checkpoints:  0,     4.974 MiB
srv        update:    - prompt 0xeec0d0:     408 tokens, checkpoints:  0,     4.786 MiB
srv        update:    - prompt 0x28ce470:     411 tokens, checkpoints:  0,     4.822 MiB
srv        update:    - prompt 0x28b9010:     417 tokens, checkpoints:  0,     4.892 MiB
slot update_slots: id  1 | task 2947 | new prompt, n_ctx_slot = 4096, n_keep = 0, task.n_tokens = 317
slot update_slots: id  1 | task 2947 | n_tokens = 0, memory_seq_rm [0, end)
slot init_sampler: id  1 | task 2947 | init sampler, took 0.16 ms, tokens: text = 317, total = 317
slot update_slots: id  1 | task 2947 | prompt processing done, n_tokens = 317, batch.n_tokens = 317
srv  log_server_r: done request: POST /completion 127.0.0.1 200
slot print_timing: id  1 | task 2947 | 
prompt eval time =    7342.06 ms /   317 tokens (   23.16 ms per token,    43.18 tokens per second)
       eval time =    2763.62 ms /   100 tokens (   27.64 ms per token,    36.18 tokens per second)
      total time =   10105.68 ms /   417 tokens
slot      release: id  1 | task 2947 | stop processing: n_tokens = 416, truncated = 0
srv  update_slots: all slots are idle
slot get_availabl: id  0 | task -1 | selected slot by LRU, t_last = 36245333733
srv  get_availabl: updating prompt cache
srv          load:  - looking for better prompt, base f_keep = -1.000, sim = 0.000
srv        update:  - cache state: 30 prompts, 61.612 MiB (limits: 8192.000 MiB, 4096 tokens, 698176 est)
srv        update:    - prompt 0x28c0e20:     105 tokens, checkpoints:  0,     1.232 MiB
srv        update:    - prompt 0x28c7080:     106 tokens, checkpoints:  0,     1.244 MiB
srv        update:    - prompt 0x28d3a10:     105 tokens, checkpoints:  0,     1.232 MiB
srv        update:    - prompt 0x28c1e20:     106 tokens, checkpoints:  0,     1.244 MiB
srv        update:    - prompt 0x3d8f9b0:     104 tokens, checkpoints:  0,     1.221 MiB
srv        update:    - prompt 0x28c94c0:     109 tokens, checkpoints:  0,     1.279 MiB
srv        update:    - prompt 0xf90860:     115 tokens, checkpoints:  0,     1.350 MiB
srv        update:    - prompt 0x28ce680:     110 tokens, checkpoints:  0,     1.291 MiB
srv        update:    - prompt 0x28ba4f0:     112 tokens, checkpoints:  0,     1.314 MiB
srv        update:    - prompt 0x28dd340:     107 tokens, checkpoints:  0,     1.256 MiB
srv        update:    - prompt 0x28d1e50:     107 tokens, checkpoints:  0,     1.256 MiB
srv        update:    - prompt 0x28c0600:     107 tokens, checkpoints:  0,     1.256 MiB
srv        update:    - prompt 0x28d3cf0:      27 tokens, checkpoints:  0,     0.317 MiB
srv        update:    - prompt 0x28c6e80:     118 tokens, checkpoints:  0,     1.385 MiB
srv        update:    - prompt 0x28cd710:     122 tokens, checkpoints:  0,     1.432 MiB
srv        update:    - prompt 0x28bfbb0:     164 tokens, checkpoints:  0,     1.924 MiB
srv        update:    - prompt 0x28cfbb0:     130 tokens, checkpoints:  0,     1.525 MiB
srv        update:    - prompt 0xf0e970:     134 tokens, checkpoints:  0,     1.572 MiB
srv        update:    - prompt 0x28c6380:     131 tokens, checkpoints:  0,     1.537 MiB
srv        update:    - prompt 0x28e67e0:     145 tokens, checkpoints:  0,     1.701 MiB
srv        update:    - prompt 0x28c9fe0:     129 tokens, checkpoints:  0,     1.514 MiB
srv        update:    - prompt 0xf0c310:     135 tokens, checkpoints:  0,     1.584 MiB
srv        update:    - prompt 0x28b6d20:     135 tokens, checkpoints:  0,     1.584 MiB
srv        update:    - prompt 0x28cfc50:     242 tokens, checkpoints:  0,     2.839 MiB
srv        update:    - prompt 0x28c3290:     324 tokens, checkpoints:  0,     3.801 MiB
srv        update:    - prompt 0x28b9ba0:     362 tokens, checkpoints:  0,     4.247 MiB
srv        update:    - prompt 0xffff00004cf0:     424 tokens, checkpoints:  0,     4.974 MiB
srv        update:    - prompt 0xeec0d0:     408 tokens, checkpoints:  0,     4.786 MiB
srv        update:    - prompt 0x28ce470:     411 tokens, checkpoints:  0,     4.822 MiB
srv        update:    - prompt 0x28b9010:     417 tokens, checkpoints:  0,     4.892 MiB
srv  get_availabl: prompt cache update took 0.09 ms
slot launch_slot_: id  0 | task -1 | sampler chain: logits -> ?penalties -> ?dry -> ?top-n-sigma -> top-k -> ?typical -> top-p -> min-p -> ?xtc -> temp-ext -> dist 
slot launch_slot_: id  0 | task 3048 | processing task, is_child = 0
slot slot_save_an: id  1 | task -1 | saving idle slot to prompt cache
srv   prompt_save:  - saving prompt with length 416, total state size = 4.880 MiB
slot prompt_clear: id  1 | task -1 | clearing prompt with 416 tokens
srv        update:  - cache state: 31 prompts, 66.493 MiB (limits: 8192.000 MiB, 4096 tokens, 698184 est)
srv        update:    - prompt 0x28c0e20:     105 tokens, checkpoints:  0,     1.232 MiB
srv        update:    - prompt 0x28c7080:     106 tokens, checkpoints:  0,     1.244 MiB
srv        update:    - prompt 0x28d3a10:     105 tokens, checkpoints:  0,     1.232 MiB
srv        update:    - prompt 0x28c1e20:     106 tokens, checkpoints:  0,     1.244 MiB
srv        update:    - prompt 0x3d8f9b0:     104 tokens, checkpoints:  0,     1.221 MiB
srv        update:    - prompt 0x28c94c0:     109 tokens, checkpoints:  0,     1.279 MiB
srv        update:    - prompt 0xf90860:     115 tokens, checkpoints:  0,     1.350 MiB
srv        update:    - prompt 0x28ce680:     110 tokens, checkpoints:  0,     1.291 MiB
srv        update:    - prompt 0x28ba4f0:     112 tokens, checkpoints:  0,     1.314 MiB
srv        update:    - prompt 0x28dd340:     107 tokens, checkpoints:  0,     1.256 MiB
srv        update:    - prompt 0x28d1e50:     107 tokens, checkpoints:  0,     1.256 MiB
srv        update:    - prompt 0x28c0600:     107 tokens, checkpoints:  0,     1.256 MiB
srv        update:    - prompt 0x28d3cf0:      27 tokens, checkpoints:  0,     0.317 MiB
srv        update:    - prompt 0x28c6e80:     118 tokens, checkpoints:  0,     1.385 MiB
srv        update:    - prompt 0x28cd710:     122 tokens, checkpoints:  0,     1.432 MiB
srv        update:    - prompt 0x28bfbb0:     164 tokens, checkpoints:  0,     1.924 MiB
srv        update:    - prompt 0x28cfbb0:     130 tokens, checkpoints:  0,     1.525 MiB
srv        update:    - prompt 0xf0e970:     134 tokens, checkpoints:  0,     1.572 MiB
srv        update:    - prompt 0x28c6380:     131 tokens, checkpoints:  0,     1.537 MiB
srv        update:    - prompt 0x28e67e0:     145 tokens, checkpoints:  0,     1.701 MiB
srv        update:    - prompt 0x28c9fe0:     129 tokens, checkpoints:  0,     1.514 MiB
srv        update:    - prompt 0xf0c310:     135 tokens, checkpoints:  0,     1.584 MiB
srv        update:    - prompt 0x28b6d20:     135 tokens, checkpoints:  0,     1.584 MiB
srv        update:    - prompt 0x28cfc50:     242 tokens, checkpoints:  0,     2.839 MiB
srv        update:    - prompt 0x28c3290:     324 tokens, checkpoints:  0,     3.801 MiB
srv        update:    - prompt 0x28b9ba0:     362 tokens, checkpoints:  0,     4.247 MiB
srv        update:    - prompt 0xffff00004cf0:     424 tokens, checkpoints:  0,     4.974 MiB
srv        update:    - prompt 0xeec0d0:     408 tokens, checkpoints:  0,     4.786 MiB
srv        update:    - prompt 0x28ce470:     411 tokens, checkpoints:  0,     4.822 MiB
srv        update:    - prompt 0x28b9010:     417 tokens, checkpoints:  0,     4.892 MiB
srv        update:    - prompt 0x4a25680:     416 tokens, checkpoints:  0,     4.880 MiB
slot update_slots: id  0 | task 3048 | new prompt, n_ctx_slot = 4096, n_keep = 0, task.n_tokens = 331
slot update_slots: id  0 | task 3048 | n_tokens = 0, memory_seq_rm [0, end)
slot init_sampler: id  0 | task 3048 | init sampler, took 0.15 ms, tokens: text = 331, total = 331
slot update_slots: id  0 | task 3048 | prompt processing done, n_tokens = 331, batch.n_tokens = 331
srv  log_server_r: done request: POST /completion 127.0.0.1 200
slot print_timing: id  0 | task 3048 | 
prompt eval time =    7642.95 ms /   331 tokens (   23.09 ms per token,    43.31 tokens per second)
       eval time =    2760.42 ms /   100 tokens (   27.60 ms per token,    36.23 tokens per second)
      total time =   10403.37 ms /   431 tokens
slot      release: id  0 | task 3048 | stop processing: n_tokens = 430, truncated = 0
srv  update_slots: all slots are idle
slot get_availabl: id  3 | task -1 | selected slot by LRU, t_last = 36255941207
srv  get_availabl: updating prompt cache
srv          load:  - looking for better prompt, base f_keep = -1.000, sim = 0.000
srv        update:  - cache state: 31 prompts, 66.493 MiB (limits: 8192.000 MiB, 4096 tokens, 698184 est)
srv        update:    - prompt 0x28c0e20:     105 tokens, checkpoints:  0,     1.232 MiB
srv        update:    - prompt 0x28c7080:     106 tokens, checkpoints:  0,     1.244 MiB
srv        update:    - prompt 0x28d3a10:     105 tokens, checkpoints:  0,     1.232 MiB
srv        update:    - prompt 0x28c1e20:     106 tokens, checkpoints:  0,     1.244 MiB
srv        update:    - prompt 0x3d8f9b0:     104 tokens, checkpoints:  0,     1.221 MiB
srv        update:    - prompt 0x28c94c0:     109 tokens, checkpoints:  0,     1.279 MiB
srv        update:    - prompt 0xf90860:     115 tokens, checkpoints:  0,     1.350 MiB
srv        update:    - prompt 0x28ce680:     110 tokens, checkpoints:  0,     1.291 MiB
srv        update:    - prompt 0x28ba4f0:     112 tokens, checkpoints:  0,     1.314 MiB
srv        update:    - prompt 0x28dd340:     107 tokens, checkpoints:  0,     1.256 MiB
srv        update:    - prompt 0x28d1e50:     107 tokens, checkpoints:  0,     1.256 MiB
srv        update:    - prompt 0x28c0600:     107 tokens, checkpoints:  0,     1.256 MiB
srv        update:    - prompt 0x28d3cf0:      27 tokens, checkpoints:  0,     0.317 MiB
srv        update:    - prompt 0x28c6e80:     118 tokens, checkpoints:  0,     1.385 MiB
srv        update:    - prompt 0x28cd710:     122 tokens, checkpoints:  0,     1.432 MiB
srv        update:    - prompt 0x28bfbb0:     164 tokens, checkpoints:  0,     1.924 MiB
srv        update:    - prompt 0x28cfbb0:     130 tokens, checkpoints:  0,     1.525 MiB
srv        update:    - prompt 0xf0e970:     134 tokens, checkpoints:  0,     1.572 MiB
srv        update:    - prompt 0x28c6380:     131 tokens, checkpoints:  0,     1.537 MiB
srv        update:    - prompt 0x28e67e0:     145 tokens, checkpoints:  0,     1.701 MiB
srv        update:    - prompt 0x28c9fe0:     129 tokens, checkpoints:  0,     1.514 MiB
srv        update:    - prompt 0xf0c310:     135 tokens, checkpoints:  0,     1.584 MiB
srv        update:    - prompt 0x28b6d20:     135 tokens, checkpoints:  0,     1.584 MiB
srv        update:    - prompt 0x28cfc50:     242 tokens, checkpoints:  0,     2.839 MiB
srv        update:    - prompt 0x28c3290:     324 tokens, checkpoints:  0,     3.801 MiB
srv        update:    - prompt 0x28b9ba0:     362 tokens, checkpoints:  0,     4.247 MiB
srv        update:    - prompt 0xffff00004cf0:     424 tokens, checkpoints:  0,     4.974 MiB
srv        update:    - prompt 0xeec0d0:     408 tokens, checkpoints:  0,     4.786 MiB
srv        update:    - prompt 0x28ce470:     411 tokens, checkpoints:  0,     4.822 MiB
srv        update:    - prompt 0x28b9010:     417 tokens, checkpoints:  0,     4.892 MiB
srv        update:    - prompt 0x4a25680:     416 tokens, checkpoints:  0,     4.880 MiB
srv  get_availabl: prompt cache update took 0.13 ms
slot launch_slot_: id  3 | task -1 | sampler chain: logits -> ?penalties -> ?dry -> ?top-n-sigma -> top-k -> ?typical -> top-p -> min-p -> ?xtc -> temp-ext -> dist 
slot launch_slot_: id  3 | task 3149 | processing task, is_child = 0
slot slot_save_an: id  0 | task -1 | saving idle slot to prompt cache
srv   prompt_save:  - saving prompt with length 430, total state size = 5.045 MiB
slot prompt_clear: id  0 | task -1 | clearing prompt with 430 tokens
srv        update:  - cache state: 32 prompts, 71.537 MiB (limits: 8192.000 MiB, 4096 tokens, 698192 est)
srv        update:    - prompt 0x28c0e20:     105 tokens, checkpoints:  0,     1.232 MiB
srv        update:    - prompt 0x28c7080:     106 tokens, checkpoints:  0,     1.244 MiB
srv        update:    - prompt 0x28d3a10:     105 tokens, checkpoints:  0,     1.232 MiB
srv        update:    - prompt 0x28c1e20:     106 tokens, checkpoints:  0,     1.244 MiB
srv        update:    - prompt 0x3d8f9b0:     104 tokens, checkpoints:  0,     1.221 MiB
srv        update:    - prompt 0x28c94c0:     109 tokens, checkpoints:  0,     1.279 MiB
srv        update:    - prompt 0xf90860:     115 tokens, checkpoints:  0,     1.350 MiB
srv        update:    - prompt 0x28ce680:     110 tokens, checkpoints:  0,     1.291 MiB
srv        update:    - prompt 0x28ba4f0:     112 tokens, checkpoints:  0,     1.314 MiB
srv        update:    - prompt 0x28dd340:     107 tokens, checkpoints:  0,     1.256 MiB
srv        update:    - prompt 0x28d1e50:     107 tokens, checkpoints:  0,     1.256 MiB
srv        update:    - prompt 0x28c0600:     107 tokens, checkpoints:  0,     1.256 MiB
srv        update:    - prompt 0x28d3cf0:      27 tokens, checkpoints:  0,     0.317 MiB
srv        update:    - prompt 0x28c6e80:     118 tokens, checkpoints:  0,     1.385 MiB
srv        update:    - prompt 0x28cd710:     122 tokens, checkpoints:  0,     1.432 MiB
srv        update:    - prompt 0x28bfbb0:     164 tokens, checkpoints:  0,     1.924 MiB
srv        update:    - prompt 0x28cfbb0:     130 tokens, checkpoints:  0,     1.525 MiB
srv        update:    - prompt 0xf0e970:     134 tokens, checkpoints:  0,     1.572 MiB
srv        update:    - prompt 0x28c6380:     131 tokens, checkpoints:  0,     1.537 MiB
srv        update:    - prompt 0x28e67e0:     145 tokens, checkpoints:  0,     1.701 MiB
srv        update:    - prompt 0x28c9fe0:     129 tokens, checkpoints:  0,     1.514 MiB
srv        update:    - prompt 0xf0c310:     135 tokens, checkpoints:  0,     1.584 MiB
srv        update:    - prompt 0x28b6d20:     135 tokens, checkpoints:  0,     1.584 MiB
srv        update:    - prompt 0x28cfc50:     242 tokens, checkpoints:  0,     2.839 MiB
srv        update:    - prompt 0x28c3290:     324 tokens, checkpoints:  0,     3.801 MiB
srv        update:    - prompt 0x28b9ba0:     362 tokens, checkpoints:  0,     4.247 MiB
srv        update:    - prompt 0xffff00004cf0:     424 tokens, checkpoints:  0,     4.974 MiB
srv        update:    - prompt 0xeec0d0:     408 tokens, checkpoints:  0,     4.786 MiB
srv        update:    - prompt 0x28ce470:     411 tokens, checkpoints:  0,     4.822 MiB
srv        update:    - prompt 0x28b9010:     417 tokens, checkpoints:  0,     4.892 MiB
srv        update:    - prompt 0x4a25680:     416 tokens, checkpoints:  0,     4.880 MiB
srv        update:    - prompt 0x4a293c0:     430 tokens, checkpoints:  0,     5.045 MiB
slot update_slots: id  3 | task 3149 | new prompt, n_ctx_slot = 4096, n_keep = 0, task.n_tokens = 331
slot update_slots: id  3 | task 3149 | n_tokens = 0, memory_seq_rm [0, end)
slot init_sampler: id  3 | task 3149 | init sampler, took 0.15 ms, tokens: text = 331, total = 331
slot update_slots: id  3 | task 3149 | prompt processing done, n_tokens = 331, batch.n_tokens = 331
srv  log_server_r: done request: POST /completion 127.0.0.1 200
slot print_timing: id  3 | task 3149 | 
prompt eval time =    7642.15 ms /   331 tokens (   23.09 ms per token,    43.31 tokens per second)
       eval time =    2766.31 ms /   100 tokens (   27.66 ms per token,    36.15 tokens per second)
      total time =   10408.45 ms /   431 tokens
slot      release: id  3 | task 3149 | stop processing: n_tokens = 430, truncated = 0
srv  update_slots: all slots are idle
slot get_availabl: id  2 | task -1 | selected slot by LRU, t_last = 36266525044
srv  get_availabl: updating prompt cache
srv          load:  - looking for better prompt, base f_keep = -1.000, sim = 0.000
srv        update:  - cache state: 32 prompts, 71.537 MiB (limits: 8192.000 MiB, 4096 tokens, 698192 est)
srv        update:    - prompt 0x28c0e20:     105 tokens, checkpoints:  0,     1.232 MiB
srv        update:    - prompt 0x28c7080:     106 tokens, checkpoints:  0,     1.244 MiB
srv        update:    - prompt 0x28d3a10:     105 tokens, checkpoints:  0,     1.232 MiB
srv        update:    - prompt 0x28c1e20:     106 tokens, checkpoints:  0,     1.244 MiB
srv        update:    - prompt 0x3d8f9b0:     104 tokens, checkpoints:  0,     1.221 MiB
srv        update:    - prompt 0x28c94c0:     109 tokens, checkpoints:  0,     1.279 MiB
srv        update:    - prompt 0xf90860:     115 tokens, checkpoints:  0,     1.350 MiB
srv        update:    - prompt 0x28ce680:     110 tokens, checkpoints:  0,     1.291 MiB
srv        update:    - prompt 0x28ba4f0:     112 tokens, checkpoints:  0,     1.314 MiB
srv        update:    - prompt 0x28dd340:     107 tokens, checkpoints:  0,     1.256 MiB
srv        update:    - prompt 0x28d1e50:     107 tokens, checkpoints:  0,     1.256 MiB
srv        update:    - prompt 0x28c0600:     107 tokens, checkpoints:  0,     1.256 MiB
srv        update:    - prompt 0x28d3cf0:      27 tokens, checkpoints:  0,     0.317 MiB
srv        update:    - prompt 0x28c6e80:     118 tokens, checkpoints:  0,     1.385 MiB
srv        update:    - prompt 0x28cd710:     122 tokens, checkpoints:  0,     1.432 MiB
srv        update:    - prompt 0x28bfbb0:     164 tokens, checkpoints:  0,     1.924 MiB
srv        update:    - prompt 0x28cfbb0:     130 tokens, checkpoints:  0,     1.525 MiB
srv        update:    - prompt 0xf0e970:     134 tokens, checkpoints:  0,     1.572 MiB
srv        update:    - prompt 0x28c6380:     131 tokens, checkpoints:  0,     1.537 MiB
srv        update:    - prompt 0x28e67e0:     145 tokens, checkpoints:  0,     1.701 MiB
srv        update:    - prompt 0x28c9fe0:     129 tokens, checkpoints:  0,     1.514 MiB
srv        update:    - prompt 0xf0c310:     135 tokens, checkpoints:  0,     1.584 MiB
srv        update:    - prompt 0x28b6d20:     135 tokens, checkpoints:  0,     1.584 MiB
srv        update:    - prompt 0x28cfc50:     242 tokens, checkpoints:  0,     2.839 MiB
srv        update:    - prompt 0x28c3290:     324 tokens, checkpoints:  0,     3.801 MiB
srv        update:    - prompt 0x28b9ba0:     362 tokens, checkpoints:  0,     4.247 MiB
srv        update:    - prompt 0xffff00004cf0:     424 tokens, checkpoints:  0,     4.974 MiB
srv        update:    - prompt 0xeec0d0:     408 tokens, checkpoints:  0,     4.786 MiB
srv        update:    - prompt 0x28ce470:     411 tokens, checkpoints:  0,     4.822 MiB
srv        update:    - prompt 0x28b9010:     417 tokens, checkpoints:  0,     4.892 MiB
srv        update:    - prompt 0x4a25680:     416 tokens, checkpoints:  0,     4.880 MiB
srv        update:    - prompt 0x4a293c0:     430 tokens, checkpoints:  0,     5.045 MiB
srv  get_availabl: prompt cache update took 0.11 ms
slot launch_slot_: id  2 | task -1 | sampler chain: logits -> ?penalties -> ?dry -> ?top-n-sigma -> top-k -> ?typical -> top-p -> min-p -> ?xtc -> temp-ext -> dist 
slot launch_slot_: id  2 | task 3250 | processing task, is_child = 0
slot slot_save_an: id  3 | task -1 | saving idle slot to prompt cache
srv   prompt_save:  - saving prompt with length 430, total state size = 5.045 MiB
slot prompt_clear: id  3 | task -1 | clearing prompt with 430 tokens
srv        update:  - cache state: 33 prompts, 76.582 MiB (limits: 8192.000 MiB, 4096 tokens, 698198 est)
srv        update:    - prompt 0x28c0e20:     105 tokens, checkpoints:  0,     1.232 MiB
srv        update:    - prompt 0x28c7080:     106 tokens, checkpoints:  0,     1.244 MiB
srv        update:    - prompt 0x28d3a10:     105 tokens, checkpoints:  0,     1.232 MiB
srv        update:    - prompt 0x28c1e20:     106 tokens, checkpoints:  0,     1.244 MiB
srv        update:    - prompt 0x3d8f9b0:     104 tokens, checkpoints:  0,     1.221 MiB
srv        update:    - prompt 0x28c94c0:     109 tokens, checkpoints:  0,     1.279 MiB
srv        update:    - prompt 0xf90860:     115 tokens, checkpoints:  0,     1.350 MiB
srv        update:    - prompt 0x28ce680:     110 tokens, checkpoints:  0,     1.291 MiB
srv        update:    - prompt 0x28ba4f0:     112 tokens, checkpoints:  0,     1.314 MiB
srv        update:    - prompt 0x28dd340:     107 tokens, checkpoints:  0,     1.256 MiB
srv        update:    - prompt 0x28d1e50:     107 tokens, checkpoints:  0,     1.256 MiB
srv        update:    - prompt 0x28c0600:     107 tokens, checkpoints:  0,     1.256 MiB
srv        update:    - prompt 0x28d3cf0:      27 tokens, checkpoints:  0,     0.317 MiB
srv        update:    - prompt 0x28c6e80:     118 tokens, checkpoints:  0,     1.385 MiB
srv        update:    - prompt 0x28cd710:     122 tokens, checkpoints:  0,     1.432 MiB
srv        update:    - prompt 0x28bfbb0:     164 tokens, checkpoints:  0,     1.924 MiB
srv        update:    - prompt 0x28cfbb0:     130 tokens, checkpoints:  0,     1.525 MiB
srv        update:    - prompt 0xf0e970:     134 tokens, checkpoints:  0,     1.572 MiB
srv        update:    - prompt 0x28c6380:     131 tokens, checkpoints:  0,     1.537 MiB
srv        update:    - prompt 0x28e67e0:     145 tokens, checkpoints:  0,     1.701 MiB
srv        update:    - prompt 0x28c9fe0:     129 tokens, checkpoints:  0,     1.514 MiB
srv        update:    - prompt 0xf0c310:     135 tokens, checkpoints:  0,     1.584 MiB
srv        update:    - prompt 0x28b6d20:     135 tokens, checkpoints:  0,     1.584 MiB
srv        update:    - prompt 0x28cfc50:     242 tokens, checkpoints:  0,     2.839 MiB
srv        update:    - prompt 0x28c3290:     324 tokens, checkpoints:  0,     3.801 MiB
srv        update:    - prompt 0x28b9ba0:     362 tokens, checkpoints:  0,     4.247 MiB
srv        update:    - prompt 0xffff00004cf0:     424 tokens, checkpoints:  0,     4.974 MiB
srv        update:    - prompt 0xeec0d0:     408 tokens, checkpoints:  0,     4.786 MiB
srv        update:    - prompt 0x28ce470:     411 tokens, checkpoints:  0,     4.822 MiB
srv        update:    - prompt 0x28b9010:     417 tokens, checkpoints:  0,     4.892 MiB
srv        update:    - prompt 0x4a25680:     416 tokens, checkpoints:  0,     4.880 MiB
srv        update:    - prompt 0x4a293c0:     430 tokens, checkpoints:  0,     5.045 MiB
srv        update:    - prompt 0x28e40e0:     430 tokens, checkpoints:  0,     5.045 MiB
slot update_slots: id  2 | task 3250 | new prompt, n_ctx_slot = 4096, n_keep = 0, task.n_tokens = 7
slot update_slots: id  2 | task 3250 | n_tokens = 0, memory_seq_rm [0, end)
slot init_sampler: id  2 | task 3250 | init sampler, took 0.01 ms, tokens: text = 7, total = 7
slot update_slots: id  2 | task 3250 | prompt processing done, n_tokens = 7, batch.n_tokens = 7
srv  log_server_r: done request: POST /completion 127.0.0.1 200
slot print_timing: id  2 | task 3250 | 
prompt eval time =     127.46 ms /     7 tokens (   18.21 ms per token,    54.92 tokens per second)
       eval time =    2564.93 ms /   100 tokens (   25.65 ms per token,    38.99 tokens per second)
      total time =    2692.40 ms /   107 tokens
slot      release: id  2 | task 3250 | stop processing: n_tokens = 106, truncated = 0
srv  update_slots: all slots are idle
slot get_availabl: id  1 | task -1 | selected slot by LRU, t_last = 36277214890
srv  get_availabl: updating prompt cache
srv          load:  - looking for better prompt, base f_keep = -1.000, sim = 0.000
srv        update:  - cache state: 33 prompts, 76.582 MiB (limits: 8192.000 MiB, 4096 tokens, 698198 est)
srv        update:    - prompt 0x28c0e20:     105 tokens, checkpoints:  0,     1.232 MiB
srv        update:    - prompt 0x28c7080:     106 tokens, checkpoints:  0,     1.244 MiB
srv        update:    - prompt 0x28d3a10:     105 tokens, checkpoints:  0,     1.232 MiB
srv        update:    - prompt 0x28c1e20:     106 tokens, checkpoints:  0,     1.244 MiB
srv        update:    - prompt 0x3d8f9b0:     104 tokens, checkpoints:  0,     1.221 MiB
srv        update:    - prompt 0x28c94c0:     109 tokens, checkpoints:  0,     1.279 MiB
srv        update:    - prompt 0xf90860:     115 tokens, checkpoints:  0,     1.350 MiB
srv        update:    - prompt 0x28ce680:     110 tokens, checkpoints:  0,     1.291 MiB
srv        update:    - prompt 0x28ba4f0:     112 tokens, checkpoints:  0,     1.314 MiB
srv        update:    - prompt 0x28dd340:     107 tokens, checkpoints:  0,     1.256 MiB
srv        update:    - prompt 0x28d1e50:     107 tokens, checkpoints:  0,     1.256 MiB
srv        update:    - prompt 0x28c0600:     107 tokens, checkpoints:  0,     1.256 MiB
srv        update:    - prompt 0x28d3cf0:      27 tokens, checkpoints:  0,     0.317 MiB
srv        update:    - prompt 0x28c6e80:     118 tokens, checkpoints:  0,     1.385 MiB
srv        update:    - prompt 0x28cd710:     122 tokens, checkpoints:  0,     1.432 MiB
srv        update:    - prompt 0x28bfbb0:     164 tokens, checkpoints:  0,     1.924 MiB
srv        update:    - prompt 0x28cfbb0:     130 tokens, checkpoints:  0,     1.525 MiB
srv        update:    - prompt 0xf0e970:     134 tokens, checkpoints:  0,     1.572 MiB
srv        update:    - prompt 0x28c6380:     131 tokens, checkpoints:  0,     1.537 MiB
srv        update:    - prompt 0x28e67e0:     145 tokens, checkpoints:  0,     1.701 MiB
srv        update:    - prompt 0x28c9fe0:     129 tokens, checkpoints:  0,     1.514 MiB
srv        update:    - prompt 0xf0c310:     135 tokens, checkpoints:  0,     1.584 MiB
srv        update:    - prompt 0x28b6d20:     135 tokens, checkpoints:  0,     1.584 MiB
srv        update:    - prompt 0x28cfc50:     242 tokens, checkpoints:  0,     2.839 MiB
srv        update:    - prompt 0x28c3290:     324 tokens, checkpoints:  0,     3.801 MiB
srv        update:    - prompt 0x28b9ba0:     362 tokens, checkpoints:  0,     4.247 MiB
srv        update:    - prompt 0xffff00004cf0:     424 tokens, checkpoints:  0,     4.974 MiB
srv        update:    - prompt 0xeec0d0:     408 tokens, checkpoints:  0,     4.786 MiB
srv        update:    - prompt 0x28ce470:     411 tokens, checkpoints:  0,     4.822 MiB
srv        update:    - prompt 0x28b9010:     417 tokens, checkpoints:  0,     4.892 MiB
srv        update:    - prompt 0x4a25680:     416 tokens, checkpoints:  0,     4.880 MiB
srv        update:    - prompt 0x4a293c0:     430 tokens, checkpoints:  0,     5.045 MiB
srv        update:    - prompt 0x28e40e0:     430 tokens, checkpoints:  0,     5.045 MiB
srv  get_availabl: prompt cache update took 0.11 ms
slot launch_slot_: id  1 | task -1 | sampler chain: logits -> ?penalties -> ?dry -> ?top-n-sigma -> top-k -> ?typical -> top-p -> min-p -> ?xtc -> temp-ext -> dist 
slot launch_slot_: id  1 | task 3351 | processing task, is_child = 0
slot slot_save_an: id  2 | task -1 | saving idle slot to prompt cache
srv   prompt_save:  - saving prompt with length 106, total state size = 1.244 MiB
slot prompt_clear: id  2 | task -1 | clearing prompt with 106 tokens
srv        update:  - cache state: 34 prompts, 77.826 MiB (limits: 8192.000 MiB, 4096 tokens, 698196 est)
srv        update:    - prompt 0x28c0e20:     105 tokens, checkpoints:  0,     1.232 MiB
srv        update:    - prompt 0x28c7080:     106 tokens, checkpoints:  0,     1.244 MiB
srv        update:    - prompt 0x28d3a10:     105 tokens, checkpoints:  0,     1.232 MiB
srv        update:    - prompt 0x28c1e20:     106 tokens, checkpoints:  0,     1.244 MiB
srv        update:    - prompt 0x3d8f9b0:     104 tokens, checkpoints:  0,     1.221 MiB
srv        update:    - prompt 0x28c94c0:     109 tokens, checkpoints:  0,     1.279 MiB
srv        update:    - prompt 0xf90860:     115 tokens, checkpoints:  0,     1.350 MiB
srv        update:    - prompt 0x28ce680:     110 tokens, checkpoints:  0,     1.291 MiB
srv        update:    - prompt 0x28ba4f0:     112 tokens, checkpoints:  0,     1.314 MiB
srv        update:    - prompt 0x28dd340:     107 tokens, checkpoints:  0,     1.256 MiB
srv        update:    - prompt 0x28d1e50:     107 tokens, checkpoints:  0,     1.256 MiB
srv        update:    - prompt 0x28c0600:     107 tokens, checkpoints:  0,     1.256 MiB
srv        update:    - prompt 0x28d3cf0:      27 tokens, checkpoints:  0,     0.317 MiB
srv        update:    - prompt 0x28c6e80:     118 tokens, checkpoints:  0,     1.385 MiB
srv        update:    - prompt 0x28cd710:     122 tokens, checkpoints:  0,     1.432 MiB
srv        update:    - prompt 0x28bfbb0:     164 tokens, checkpoints:  0,     1.924 MiB
srv        update:    - prompt 0x28cfbb0:     130 tokens, checkpoints:  0,     1.525 MiB
srv        update:    - prompt 0xf0e970:     134 tokens, checkpoints:  0,     1.572 MiB
srv        update:    - prompt 0x28c6380:     131 tokens, checkpoints:  0,     1.537 MiB
srv        update:    - prompt 0x28e67e0:     145 tokens, checkpoints:  0,     1.701 MiB
srv        update:    - prompt 0x28c9fe0:     129 tokens, checkpoints:  0,     1.514 MiB
srv        update:    - prompt 0xf0c310:     135 tokens, checkpoints:  0,     1.584 MiB
srv        update:    - prompt 0x28b6d20:     135 tokens, checkpoints:  0,     1.584 MiB
srv        update:    - prompt 0x28cfc50:     242 tokens, checkpoints:  0,     2.839 MiB
srv        update:    - prompt 0x28c3290:     324 tokens, checkpoints:  0,     3.801 MiB
srv        update:    - prompt 0x28b9ba0:     362 tokens, checkpoints:  0,     4.247 MiB
srv        update:    - prompt 0xffff00004cf0:     424 tokens, checkpoints:  0,     4.974 MiB
srv        update:    - prompt 0xeec0d0:     408 tokens, checkpoints:  0,     4.786 MiB
srv        update:    - prompt 0x28ce470:     411 tokens, checkpoints:  0,     4.822 MiB
srv        update:    - prompt 0x28b9010:     417 tokens, checkpoints:  0,     4.892 MiB
srv        update:    - prompt 0x4a25680:     416 tokens, checkpoints:  0,     4.880 MiB
srv        update:    - prompt 0x4a293c0:     430 tokens, checkpoints:  0,     5.045 MiB
srv        update:    - prompt 0x28e40e0:     430 tokens, checkpoints:  0,     5.045 MiB
srv        update:    - prompt 0x28bac10:     106 tokens, checkpoints:  0,     1.244 MiB
slot update_slots: id  1 | task 3351 | new prompt, n_ctx_slot = 4096, n_keep = 0, task.n_tokens = 5
slot update_slots: id  1 | task 3351 | n_tokens = 0, memory_seq_rm [0, end)
slot init_sampler: id  1 | task 3351 | init sampler, took 0.00 ms, tokens: text = 5, total = 5
slot update_slots: id  1 | task 3351 | prompt processing done, n_tokens = 5, batch.n_tokens = 5
srv  log_server_r: done request: POST /completion 127.0.0.1 200
slot print_timing: id  1 | task 3351 | 
prompt eval time =      94.36 ms /     5 tokens (   18.87 ms per token,    52.99 tokens per second)
       eval time =    2563.99 ms /   100 tokens (   25.64 ms per token,    39.00 tokens per second)
      total time =    2658.36 ms /   105 tokens
slot      release: id  1 | task 3351 | stop processing: n_tokens = 104, truncated = 0
srv  update_slots: all slots are idle
slot get_availabl: id  0 | task -1 | selected slot by LRU, t_last = 36288200162
srv  get_availabl: updating prompt cache
srv          load:  - looking for better prompt, base f_keep = -1.000, sim = 0.000
srv        update:  - cache state: 34 prompts, 77.826 MiB (limits: 8192.000 MiB, 4096 tokens, 698196 est)
srv        update:    - prompt 0x28c0e20:     105 tokens, checkpoints:  0,     1.232 MiB
srv        update:    - prompt 0x28c7080:     106 tokens, checkpoints:  0,     1.244 MiB
srv        update:    - prompt 0x28d3a10:     105 tokens, checkpoints:  0,     1.232 MiB
srv        update:    - prompt 0x28c1e20:     106 tokens, checkpoints:  0,     1.244 MiB
srv        update:    - prompt 0x3d8f9b0:     104 tokens, checkpoints:  0,     1.221 MiB
srv        update:    - prompt 0x28c94c0:     109 tokens, checkpoints:  0,     1.279 MiB
srv        update:    - prompt 0xf90860:     115 tokens, checkpoints:  0,     1.350 MiB
srv        update:    - prompt 0x28ce680:     110 tokens, checkpoints:  0,     1.291 MiB
srv        update:    - prompt 0x28ba4f0:     112 tokens, checkpoints:  0,     1.314 MiB
srv        update:    - prompt 0x28dd340:     107 tokens, checkpoints:  0,     1.256 MiB
srv        update:    - prompt 0x28d1e50:     107 tokens, checkpoints:  0,     1.256 MiB
srv        update:    - prompt 0x28c0600:     107 tokens, checkpoints:  0,     1.256 MiB
srv        update:    - prompt 0x28d3cf0:      27 tokens, checkpoints:  0,     0.317 MiB
srv        update:    - prompt 0x28c6e80:     118 tokens, checkpoints:  0,     1.385 MiB
srv        update:    - prompt 0x28cd710:     122 tokens, checkpoints:  0,     1.432 MiB
srv        update:    - prompt 0x28bfbb0:     164 tokens, checkpoints:  0,     1.924 MiB
srv        update:    - prompt 0x28cfbb0:     130 tokens, checkpoints:  0,     1.525 MiB
srv        update:    - prompt 0xf0e970:     134 tokens, checkpoints:  0,     1.572 MiB
srv        update:    - prompt 0x28c6380:     131 tokens, checkpoints:  0,     1.537 MiB
srv        update:    - prompt 0x28e67e0:     145 tokens, checkpoints:  0,     1.701 MiB
srv        update:    - prompt 0x28c9fe0:     129 tokens, checkpoints:  0,     1.514 MiB
srv        update:    - prompt 0xf0c310:     135 tokens, checkpoints:  0,     1.584 MiB
srv        update:    - prompt 0x28b6d20:     135 tokens, checkpoints:  0,     1.584 MiB
srv        update:    - prompt 0x28cfc50:     242 tokens, checkpoints:  0,     2.839 MiB
srv        update:    - prompt 0x28c3290:     324 tokens, checkpoints:  0,     3.801 MiB
srv        update:    - prompt 0x28b9ba0:     362 tokens, checkpoints:  0,     4.247 MiB
srv        update:    - prompt 0xffff00004cf0:     424 tokens, checkpoints:  0,     4.974 MiB
srv        update:    - prompt 0xeec0d0:     408 tokens, checkpoints:  0,     4.786 MiB
srv        update:    - prompt 0x28ce470:     411 tokens, checkpoints:  0,     4.822 MiB
srv        update:    - prompt 0x28b9010:     417 tokens, checkpoints:  0,     4.892 MiB
srv        update:    - prompt 0x4a25680:     416 tokens, checkpoints:  0,     4.880 MiB
srv        update:    - prompt 0x4a293c0:     430 tokens, checkpoints:  0,     5.045 MiB
srv        update:    - prompt 0x28e40e0:     430 tokens, checkpoints:  0,     5.045 MiB
srv        update:    - prompt 0x28bac10:     106 tokens, checkpoints:  0,     1.244 MiB
srv  get_availabl: prompt cache update took 0.12 ms
slot launch_slot_: id  0 | task -1 | sampler chain: logits -> ?penalties -> ?dry -> ?top-n-sigma -> top-k -> ?typical -> top-p -> min-p -> ?xtc -> temp-ext -> dist 
slot launch_slot_: id  0 | task 3452 | processing task, is_child = 0
slot slot_save_an: id  1 | task -1 | saving idle slot to prompt cache
srv   prompt_save:  - saving prompt with length 104, total state size = 1.221 MiB
slot prompt_clear: id  1 | task -1 | clearing prompt with 104 tokens
srv        update:  - cache state: 35 prompts, 79.046 MiB (limits: 8192.000 MiB, 4096 tokens, 698194 est)
srv        update:    - prompt 0x28c0e20:     105 tokens, checkpoints:  0,     1.232 MiB
srv        update:    - prompt 0x28c7080:     106 tokens, checkpoints:  0,     1.244 MiB
srv        update:    - prompt 0x28d3a10:     105 tokens, checkpoints:  0,     1.232 MiB
srv        update:    - prompt 0x28c1e20:     106 tokens, checkpoints:  0,     1.244 MiB
srv        update:    - prompt 0x3d8f9b0:     104 tokens, checkpoints:  0,     1.221 MiB
srv        update:    - prompt 0x28c94c0:     109 tokens, checkpoints:  0,     1.279 MiB
srv        update:    - prompt 0xf90860:     115 tokens, checkpoints:  0,     1.350 MiB
srv        update:    - prompt 0x28ce680:     110 tokens, checkpoints:  0,     1.291 MiB
srv        update:    - prompt 0x28ba4f0:     112 tokens, checkpoints:  0,     1.314 MiB
srv        update:    - prompt 0x28dd340:     107 tokens, checkpoints:  0,     1.256 MiB
srv        update:    - prompt 0x28d1e50:     107 tokens, checkpoints:  0,     1.256 MiB
srv        update:    - prompt 0x28c0600:     107 tokens, checkpoints:  0,     1.256 MiB
srv        update:    - prompt 0x28d3cf0:      27 tokens, checkpoints:  0,     0.317 MiB
srv        update:    - prompt 0x28c6e80:     118 tokens, checkpoints:  0,     1.385 MiB
srv        update:    - prompt 0x28cd710:     122 tokens, checkpoints:  0,     1.432 MiB
srv        update:    - prompt 0x28bfbb0:     164 tokens, checkpoints:  0,     1.924 MiB
srv        update:    - prompt 0x28cfbb0:     130 tokens, checkpoints:  0,     1.525 MiB
srv        update:    - prompt 0xf0e970:     134 tokens, checkpoints:  0,     1.572 MiB
srv        update:    - prompt 0x28c6380:     131 tokens, checkpoints:  0,     1.537 MiB
srv        update:    - prompt 0x28e67e0:     145 tokens, checkpoints:  0,     1.701 MiB
srv        update:    - prompt 0x28c9fe0:     129 tokens, checkpoints:  0,     1.514 MiB
srv        update:    - prompt 0xf0c310:     135 tokens, checkpoints:  0,     1.584 MiB
srv        update:    - prompt 0x28b6d20:     135 tokens, checkpoints:  0,     1.584 MiB
srv        update:    - prompt 0x28cfc50:     242 tokens, checkpoints:  0,     2.839 MiB
srv        update:    - prompt 0x28c3290:     324 tokens, checkpoints:  0,     3.801 MiB
srv        update:    - prompt 0x28b9ba0:     362 tokens, checkpoints:  0,     4.247 MiB
srv        update:    - prompt 0xffff00004cf0:     424 tokens, checkpoints:  0,     4.974 MiB
srv        update:    - prompt 0xeec0d0:     408 tokens, checkpoints:  0,     4.786 MiB
srv        update:    - prompt 0x28ce470:     411 tokens, checkpoints:  0,     4.822 MiB
srv        update:    - prompt 0x28b9010:     417 tokens, checkpoints:  0,     4.892 MiB
srv        update:    - prompt 0x4a25680:     416 tokens, checkpoints:  0,     4.880 MiB
srv        update:    - prompt 0x4a293c0:     430 tokens, checkpoints:  0,     5.045 MiB
srv        update:    - prompt 0x28e40e0:     430 tokens, checkpoints:  0,     5.045 MiB
srv        update:    - prompt 0x28bac10:     106 tokens, checkpoints:  0,     1.244 MiB
srv        update:    - prompt 0x28b68d0:     104 tokens, checkpoints:  0,     1.221 MiB
slot update_slots: id  0 | task 3452 | new prompt, n_ctx_slot = 4096, n_keep = 0, task.n_tokens = 10
slot update_slots: id  0 | task 3452 | n_tokens = 0, memory_seq_rm [0, end)
slot init_sampler: id  0 | task 3452 | init sampler, took 0.01 ms, tokens: text = 10, total = 10
slot update_slots: id  0 | task 3452 | prompt processing done, n_tokens = 10, batch.n_tokens = 10
srv  log_server_r: done request: POST /completion 127.0.0.1 200
slot print_timing: id  0 | task 3452 | 
prompt eval time =     177.22 ms /    10 tokens (   17.72 ms per token,    56.43 tokens per second)
       eval time =    2562.31 ms /   100 tokens (   25.62 ms per token,    39.03 tokens per second)
      total time =    2739.53 ms /   110 tokens
slot      release: id  0 | task 3452 | stop processing: n_tokens = 109, truncated = 0
srv  update_slots: all slots are idle
slot get_availabl: id  3 | task -1 | selected slot by LRU, t_last = 36299192366
srv  get_availabl: updating prompt cache
srv          load:  - looking for better prompt, base f_keep = -1.000, sim = 0.000
srv        update:  - cache state: 35 prompts, 79.046 MiB (limits: 8192.000 MiB, 4096 tokens, 698194 est)
srv        update:    - prompt 0x28c0e20:     105 tokens, checkpoints:  0,     1.232 MiB
srv        update:    - prompt 0x28c7080:     106 tokens, checkpoints:  0,     1.244 MiB
srv        update:    - prompt 0x28d3a10:     105 tokens, checkpoints:  0,     1.232 MiB
srv        update:    - prompt 0x28c1e20:     106 tokens, checkpoints:  0,     1.244 MiB
srv        update:    - prompt 0x3d8f9b0:     104 tokens, checkpoints:  0,     1.221 MiB
srv        update:    - prompt 0x28c94c0:     109 tokens, checkpoints:  0,     1.279 MiB
srv        update:    - prompt 0xf90860:     115 tokens, checkpoints:  0,     1.350 MiB
srv        update:    - prompt 0x28ce680:     110 tokens, checkpoints:  0,     1.291 MiB
srv        update:    - prompt 0x28ba4f0:     112 tokens, checkpoints:  0,     1.314 MiB
srv        update:    - prompt 0x28dd340:     107 tokens, checkpoints:  0,     1.256 MiB
srv        update:    - prompt 0x28d1e50:     107 tokens, checkpoints:  0,     1.256 MiB
srv        update:    - prompt 0x28c0600:     107 tokens, checkpoints:  0,     1.256 MiB
srv        update:    - prompt 0x28d3cf0:      27 tokens, checkpoints:  0,     0.317 MiB
srv        update:    - prompt 0x28c6e80:     118 tokens, checkpoints:  0,     1.385 MiB
srv        update:    - prompt 0x28cd710:     122 tokens, checkpoints:  0,     1.432 MiB
srv        update:    - prompt 0x28bfbb0:     164 tokens, checkpoints:  0,     1.924 MiB
srv        update:    - prompt 0x28cfbb0:     130 tokens, checkpoints:  0,     1.525 MiB
srv        update:    - prompt 0xf0e970:     134 tokens, checkpoints:  0,     1.572 MiB
srv        update:    - prompt 0x28c6380:     131 tokens, checkpoints:  0,     1.537 MiB
srv        update:    - prompt 0x28e67e0:     145 tokens, checkpoints:  0,     1.701 MiB
srv        update:    - prompt 0x28c9fe0:     129 tokens, checkpoints:  0,     1.514 MiB
srv        update:    - prompt 0xf0c310:     135 tokens, checkpoints:  0,     1.584 MiB
srv        update:    - prompt 0x28b6d20:     135 tokens, checkpoints:  0,     1.584 MiB
srv        update:    - prompt 0x28cfc50:     242 tokens, checkpoints:  0,     2.839 MiB
srv        update:    - prompt 0x28c3290:     324 tokens, checkpoints:  0,     3.801 MiB
srv        update:    - prompt 0x28b9ba0:     362 tokens, checkpoints:  0,     4.247 MiB
srv        update:    - prompt 0xffff00004cf0:     424 tokens, checkpoints:  0,     4.974 MiB
srv        update:    - prompt 0xeec0d0:     408 tokens, checkpoints:  0,     4.786 MiB
srv        update:    - prompt 0x28ce470:     411 tokens, checkpoints:  0,     4.822 MiB
srv        update:    - prompt 0x28b9010:     417 tokens, checkpoints:  0,     4.892 MiB
srv        update:    - prompt 0x4a25680:     416 tokens, checkpoints:  0,     4.880 MiB
srv        update:    - prompt 0x4a293c0:     430 tokens, checkpoints:  0,     5.045 MiB
srv        update:    - prompt 0x28e40e0:     430 tokens, checkpoints:  0,     5.045 MiB
srv        update:    - prompt 0x28bac10:     106 tokens, checkpoints:  0,     1.244 MiB
srv        update:    - prompt 0x28b68d0:     104 tokens, checkpoints:  0,     1.221 MiB
srv  get_availabl: prompt cache update took 0.11 ms
slot launch_slot_: id  3 | task -1 | sampler chain: logits -> ?penalties -> ?dry -> ?top-n-sigma -> top-k -> ?typical -> top-p -> min-p -> ?xtc -> temp-ext -> dist 
slot launch_slot_: id  3 | task 3553 | processing task, is_child = 0
slot slot_save_an: id  0 | task -1 | saving idle slot to prompt cache
srv   prompt_save:  - saving prompt with length 109, total state size = 1.279 MiB
slot prompt_clear: id  0 | task -1 | clearing prompt with 109 tokens
srv        update:  - cache state: 36 prompts, 80.325 MiB (limits: 8192.000 MiB, 4096 tokens, 698191 est)
srv        update:    - prompt 0x28c0e20:     105 tokens, checkpoints:  0,     1.232 MiB
srv        update:    - prompt 0x28c7080:     106 tokens, checkpoints:  0,     1.244 MiB
srv        update:    - prompt 0x28d3a10:     105 tokens, checkpoints:  0,     1.232 MiB
srv        update:    - prompt 0x28c1e20:     106 tokens, checkpoints:  0,     1.244 MiB
srv        update:    - prompt 0x3d8f9b0:     104 tokens, checkpoints:  0,     1.221 MiB
srv        update:    - prompt 0x28c94c0:     109 tokens, checkpoints:  0,     1.279 MiB
srv        update:    - prompt 0xf90860:     115 tokens, checkpoints:  0,     1.350 MiB
srv        update:    - prompt 0x28ce680:     110 tokens, checkpoints:  0,     1.291 MiB
srv        update:    - prompt 0x28ba4f0:     112 tokens, checkpoints:  0,     1.314 MiB
srv        update:    - prompt 0x28dd340:     107 tokens, checkpoints:  0,     1.256 MiB
srv        update:    - prompt 0x28d1e50:     107 tokens, checkpoints:  0,     1.256 MiB
srv        update:    - prompt 0x28c0600:     107 tokens, checkpoints:  0,     1.256 MiB
srv        update:    - prompt 0x28d3cf0:      27 tokens, checkpoints:  0,     0.317 MiB
srv        update:    - prompt 0x28c6e80:     118 tokens, checkpoints:  0,     1.385 MiB
srv        update:    - prompt 0x28cd710:     122 tokens, checkpoints:  0,     1.432 MiB
srv        update:    - prompt 0x28bfbb0:     164 tokens, checkpoints:  0,     1.924 MiB
srv        update:    - prompt 0x28cfbb0:     130 tokens, checkpoints:  0,     1.525 MiB
srv        update:    - prompt 0xf0e970:     134 tokens, checkpoints:  0,     1.572 MiB
srv        update:    - prompt 0x28c6380:     131 tokens, checkpoints:  0,     1.537 MiB
srv        update:    - prompt 0x28e67e0:     145 tokens, checkpoints:  0,     1.701 MiB
srv        update:    - prompt 0x28c9fe0:     129 tokens, checkpoints:  0,     1.514 MiB
srv        update:    - prompt 0xf0c310:     135 tokens, checkpoints:  0,     1.584 MiB
srv        update:    - prompt 0x28b6d20:     135 tokens, checkpoints:  0,     1.584 MiB
srv        update:    - prompt 0x28cfc50:     242 tokens, checkpoints:  0,     2.839 MiB
srv        update:    - prompt 0x28c3290:     324 tokens, checkpoints:  0,     3.801 MiB
srv        update:    - prompt 0x28b9ba0:     362 tokens, checkpoints:  0,     4.247 MiB
srv        update:    - prompt 0xffff00004cf0:     424 tokens, checkpoints:  0,     4.974 MiB
srv        update:    - prompt 0xeec0d0:     408 tokens, checkpoints:  0,     4.786 MiB
srv        update:    - prompt 0x28ce470:     411 tokens, checkpoints:  0,     4.822 MiB
srv        update:    - prompt 0x28b9010:     417 tokens, checkpoints:  0,     4.892 MiB
srv        update:    - prompt 0x4a25680:     416 tokens, checkpoints:  0,     4.880 MiB
srv        update:    - prompt 0x4a293c0:     430 tokens, checkpoints:  0,     5.045 MiB
srv        update:    - prompt 0x28e40e0:     430 tokens, checkpoints:  0,     5.045 MiB
srv        update:    - prompt 0x28bac10:     106 tokens, checkpoints:  0,     1.244 MiB
srv        update:    - prompt 0x28b68d0:     104 tokens, checkpoints:  0,     1.221 MiB
srv        update:    - prompt 0x4a2fdc0:     109 tokens, checkpoints:  0,     1.279 MiB
slot update_slots: id  3 | task 3553 | new prompt, n_ctx_slot = 4096, n_keep = 0, task.n_tokens = 16
slot update_slots: id  3 | task 3553 | n_tokens = 0, memory_seq_rm [0, end)
slot init_sampler: id  3 | task 3553 | init sampler, took 0.01 ms, tokens: text = 16, total = 16
slot update_slots: id  3 | task 3553 | prompt processing done, n_tokens = 16, batch.n_tokens = 16
srv  log_server_r: done request: POST /completion 127.0.0.1 200
slot print_timing: id  3 | task 3553 | 
prompt eval time =     276.36 ms /    16 tokens (   17.27 ms per token,    57.90 tokens per second)
       eval time =    2566.27 ms /   100 tokens (   25.66 ms per token,    38.97 tokens per second)
      total time =    2842.63 ms /   116 tokens
slot      release: id  3 | task 3553 | stop processing: n_tokens = 115, truncated = 0
srv  update_slots: all slots are idle
slot get_availabl: id  2 | task -1 | selected slot by LRU, t_last = 36302477535
srv  get_availabl: updating prompt cache
srv          load:  - looking for better prompt, base f_keep = -1.000, sim = 0.000
srv        update:  - cache state: 36 prompts, 80.325 MiB (limits: 8192.000 MiB, 4096 tokens, 698191 est)
srv        update:    - prompt 0x28c0e20:     105 tokens, checkpoints:  0,     1.232 MiB
srv        update:    - prompt 0x28c7080:     106 tokens, checkpoints:  0,     1.244 MiB
srv        update:    - prompt 0x28d3a10:     105 tokens, checkpoints:  0,     1.232 MiB
srv        update:    - prompt 0x28c1e20:     106 tokens, checkpoints:  0,     1.244 MiB
srv        update:    - prompt 0x3d8f9b0:     104 tokens, checkpoints:  0,     1.221 MiB
srv        update:    - prompt 0x28c94c0:     109 tokens, checkpoints:  0,     1.279 MiB
srv        update:    - prompt 0xf90860:     115 tokens, checkpoints:  0,     1.350 MiB
srv        update:    - prompt 0x28ce680:     110 tokens, checkpoints:  0,     1.291 MiB
srv        update:    - prompt 0x28ba4f0:     112 tokens, checkpoints:  0,     1.314 MiB
srv        update:    - prompt 0x28dd340:     107 tokens, checkpoints:  0,     1.256 MiB
srv        update:    - prompt 0x28d1e50:     107 tokens, checkpoints:  0,     1.256 MiB
srv        update:    - prompt 0x28c0600:     107 tokens, checkpoints:  0,     1.256 MiB
srv        update:    - prompt 0x28d3cf0:      27 tokens, checkpoints:  0,     0.317 MiB
srv        update:    - prompt 0x28c6e80:     118 tokens, checkpoints:  0,     1.385 MiB
srv        update:    - prompt 0x28cd710:     122 tokens, checkpoints:  0,     1.432 MiB
srv        update:    - prompt 0x28bfbb0:     164 tokens, checkpoints:  0,     1.924 MiB
srv        update:    - prompt 0x28cfbb0:     130 tokens, checkpoints:  0,     1.525 MiB
srv        update:    - prompt 0xf0e970:     134 tokens, checkpoints:  0,     1.572 MiB
srv        update:    - prompt 0x28c6380:     131 tokens, checkpoints:  0,     1.537 MiB
srv        update:    - prompt 0x28e67e0:     145 tokens, checkpoints:  0,     1.701 MiB
srv        update:    - prompt 0x28c9fe0:     129 tokens, checkpoints:  0,     1.514 MiB
srv        update:    - prompt 0xf0c310:     135 tokens, checkpoints:  0,     1.584 MiB
srv        update:    - prompt 0x28b6d20:     135 tokens, checkpoints:  0,     1.584 MiB
srv        update:    - prompt 0x28cfc50:     242 tokens, checkpoints:  0,     2.839 MiB
srv        update:    - prompt 0x28c3290:     324 tokens, checkpoints:  0,     3.801 MiB
srv        update:    - prompt 0x28b9ba0:     362 tokens, checkpoints:  0,     4.247 MiB
srv        update:    - prompt 0xffff00004cf0:     424 tokens, checkpoints:  0,     4.974 MiB
srv        update:    - prompt 0xeec0d0:     408 tokens, checkpoints:  0,     4.786 MiB
srv        update:    - prompt 0x28ce470:     411 tokens, checkpoints:  0,     4.822 MiB
srv        update:    - prompt 0x28b9010:     417 tokens, checkpoints:  0,     4.892 MiB
srv        update:    - prompt 0x4a25680:     416 tokens, checkpoints:  0,     4.880 MiB
srv        update:    - prompt 0x4a293c0:     430 tokens, checkpoints:  0,     5.045 MiB
srv        update:    - prompt 0x28e40e0:     430 tokens, checkpoints:  0,     5.045 MiB
srv        update:    - prompt 0x28bac10:     106 tokens, checkpoints:  0,     1.244 MiB
srv        update:    - prompt 0x28b68d0:     104 tokens, checkpoints:  0,     1.221 MiB
srv        update:    - prompt 0x4a2fdc0:     109 tokens, checkpoints:  0,     1.279 MiB
srv  get_availabl: prompt cache update took 0.12 ms
slot launch_slot_: id  2 | task -1 | sampler chain: logits -> ?penalties -> ?dry -> ?top-n-sigma -> top-k -> ?typical -> top-p -> min-p -> ?xtc -> temp-ext -> dist 
slot launch_slot_: id  2 | task 3654 | processing task, is_child = 0
slot slot_save_an: id  3 | task -1 | saving idle slot to prompt cache
srv   prompt_save:  - saving prompt with length 115, total state size = 1.350 MiB
slot prompt_clear: id  3 | task -1 | clearing prompt with 115 tokens
srv        update:  - cache state: 37 prompts, 81.675 MiB (limits: 8192.000 MiB, 4096 tokens, 698190 est)
srv        update:    - prompt 0x28c0e20:     105 tokens, checkpoints:  0,     1.232 MiB
srv        update:    - prompt 0x28c7080:     106 tokens, checkpoints:  0,     1.244 MiB
srv        update:    - prompt 0x28d3a10:     105 tokens, checkpoints:  0,     1.232 MiB
srv        update:    - prompt 0x28c1e20:     106 tokens, checkpoints:  0,     1.244 MiB
srv        update:    - prompt 0x3d8f9b0:     104 tokens, checkpoints:  0,     1.221 MiB
srv        update:    - prompt 0x28c94c0:     109 tokens, checkpoints:  0,     1.279 MiB
srv        update:    - prompt 0xf90860:     115 tokens, checkpoints:  0,     1.350 MiB
srv        update:    - prompt 0x28ce680:     110 tokens, checkpoints:  0,     1.291 MiB
srv        update:    - prompt 0x28ba4f0:     112 tokens, checkpoints:  0,     1.314 MiB
srv        update:    - prompt 0x28dd340:     107 tokens, checkpoints:  0,     1.256 MiB
srv        update:    - prompt 0x28d1e50:     107 tokens, checkpoints:  0,     1.256 MiB
srv        update:    - prompt 0x28c0600:     107 tokens, checkpoints:  0,     1.256 MiB
srv        update:    - prompt 0x28d3cf0:      27 tokens, checkpoints:  0,     0.317 MiB
srv        update:    - prompt 0x28c6e80:     118 tokens, checkpoints:  0,     1.385 MiB
srv        update:    - prompt 0x28cd710:     122 tokens, checkpoints:  0,     1.432 MiB
srv        update:    - prompt 0x28bfbb0:     164 tokens, checkpoints:  0,     1.924 MiB
srv        update:    - prompt 0x28cfbb0:     130 tokens, checkpoints:  0,     1.525 MiB
srv        update:    - prompt 0xf0e970:     134 tokens, checkpoints:  0,     1.572 MiB
srv        update:    - prompt 0x28c6380:     131 tokens, checkpoints:  0,     1.537 MiB
srv        update:    - prompt 0x28e67e0:     145 tokens, checkpoints:  0,     1.701 MiB
srv        update:    - prompt 0x28c9fe0:     129 tokens, checkpoints:  0,     1.514 MiB
srv        update:    - prompt 0xf0c310:     135 tokens, checkpoints:  0,     1.584 MiB
srv        update:    - prompt 0x28b6d20:     135 tokens, checkpoints:  0,     1.584 MiB
srv        update:    - prompt 0x28cfc50:     242 tokens, checkpoints:  0,     2.839 MiB
srv        update:    - prompt 0x28c3290:     324 tokens, checkpoints:  0,     3.801 MiB
srv        update:    - prompt 0x28b9ba0:     362 tokens, checkpoints:  0,     4.247 MiB
srv        update:    - prompt 0xffff00004cf0:     424 tokens, checkpoints:  0,     4.974 MiB
srv        update:    - prompt 0xeec0d0:     408 tokens, checkpoints:  0,     4.786 MiB
srv        update:    - prompt 0x28ce470:     411 tokens, checkpoints:  0,     4.822 MiB
srv        update:    - prompt 0x28b9010:     417 tokens, checkpoints:  0,     4.892 MiB
srv        update:    - prompt 0x4a25680:     416 tokens, checkpoints:  0,     4.880 MiB
srv        update:    - prompt 0x4a293c0:     430 tokens, checkpoints:  0,     5.045 MiB
srv        update:    - prompt 0x28e40e0:     430 tokens, checkpoints:  0,     5.045 MiB
srv        update:    - prompt 0x28bac10:     106 tokens, checkpoints:  0,     1.244 MiB
srv        update:    - prompt 0x28b68d0:     104 tokens, checkpoints:  0,     1.221 MiB
srv        update:    - prompt 0x4a2fdc0:     109 tokens, checkpoints:  0,     1.279 MiB
srv        update:    - prompt 0x28cdbb0:     115 tokens, checkpoints:  0,     1.350 MiB
slot update_slots: id  2 | task 3654 | new prompt, n_ctx_slot = 4096, n_keep = 0, task.n_tokens = 11
slot update_slots: id  2 | task 3654 | n_tokens = 0, memory_seq_rm [0, end)
slot init_sampler: id  2 | task 3654 | init sampler, took 0.01 ms, tokens: text = 11, total = 11
slot update_slots: id  2 | task 3654 | prompt processing done, n_tokens = 11, batch.n_tokens = 11
srv  log_server_r: done request: POST /completion 127.0.0.1 200
slot print_timing: id  2 | task 3654 | 
prompt eval time =     193.73 ms /    11 tokens (   17.61 ms per token,    56.78 tokens per second)
       eval time =    2562.03 ms /   100 tokens (   25.62 ms per token,    39.03 tokens per second)
      total time =    2755.76 ms /   111 tokens
slot      release: id  2 | task 3654 | stop processing: n_tokens = 110, truncated = 0
srv  update_slots: all slots are idle
slot get_availabl: id  1 | task -1 | selected slot by LRU, t_last = 36305714653
srv  get_availabl: updating prompt cache
srv          load:  - looking for better prompt, base f_keep = -1.000, sim = 0.000
srv        update:  - cache state: 37 prompts, 81.675 MiB (limits: 8192.000 MiB, 4096 tokens, 698190 est)
srv        update:    - prompt 0x28c0e20:     105 tokens, checkpoints:  0,     1.232 MiB
srv        update:    - prompt 0x28c7080:     106 tokens, checkpoints:  0,     1.244 MiB
srv        update:    - prompt 0x28d3a10:     105 tokens, checkpoints:  0,     1.232 MiB
srv        update:    - prompt 0x28c1e20:     106 tokens, checkpoints:  0,     1.244 MiB
srv        update:    - prompt 0x3d8f9b0:     104 tokens, checkpoints:  0,     1.221 MiB
srv        update:    - prompt 0x28c94c0:     109 tokens, checkpoints:  0,     1.279 MiB
srv        update:    - prompt 0xf90860:     115 tokens, checkpoints:  0,     1.350 MiB
srv        update:    - prompt 0x28ce680:     110 tokens, checkpoints:  0,     1.291 MiB
srv        update:    - prompt 0x28ba4f0:     112 tokens, checkpoints:  0,     1.314 MiB
srv        update:    - prompt 0x28dd340:     107 tokens, checkpoints:  0,     1.256 MiB
srv        update:    - prompt 0x28d1e50:     107 tokens, checkpoints:  0,     1.256 MiB
srv        update:    - prompt 0x28c0600:     107 tokens, checkpoints:  0,     1.256 MiB
srv        update:    - prompt 0x28d3cf0:      27 tokens, checkpoints:  0,     0.317 MiB
srv        update:    - prompt 0x28c6e80:     118 tokens, checkpoints:  0,     1.385 MiB
srv        update:    - prompt 0x28cd710:     122 tokens, checkpoints:  0,     1.432 MiB
srv        update:    - prompt 0x28bfbb0:     164 tokens, checkpoints:  0,     1.924 MiB
srv        update:    - prompt 0x28cfbb0:     130 tokens, checkpoints:  0,     1.525 MiB
srv        update:    - prompt 0xf0e970:     134 tokens, checkpoints:  0,     1.572 MiB
srv        update:    - prompt 0x28c6380:     131 tokens, checkpoints:  0,     1.537 MiB
srv        update:    - prompt 0x28e67e0:     145 tokens, checkpoints:  0,     1.701 MiB
srv        update:    - prompt 0x28c9fe0:     129 tokens, checkpoints:  0,     1.514 MiB
srv        update:    - prompt 0xf0c310:     135 tokens, checkpoints:  0,     1.584 MiB
srv        update:    - prompt 0x28b6d20:     135 tokens, checkpoints:  0,     1.584 MiB
srv        update:    - prompt 0x28cfc50:     242 tokens, checkpoints:  0,     2.839 MiB
srv        update:    - prompt 0x28c3290:     324 tokens, checkpoints:  0,     3.801 MiB
srv        update:    - prompt 0x28b9ba0:     362 tokens, checkpoints:  0,     4.247 MiB
srv        update:    - prompt 0xffff00004cf0:     424 tokens, checkpoints:  0,     4.974 MiB
srv        update:    - prompt 0xeec0d0:     408 tokens, checkpoints:  0,     4.786 MiB
srv        update:    - prompt 0x28ce470:     411 tokens, checkpoints:  0,     4.822 MiB
srv        update:    - prompt 0x28b9010:     417 tokens, checkpoints:  0,     4.892 MiB
srv        update:    - prompt 0x4a25680:     416 tokens, checkpoints:  0,     4.880 MiB
srv        update:    - prompt 0x4a293c0:     430 tokens, checkpoints:  0,     5.045 MiB
srv        update:    - prompt 0x28e40e0:     430 tokens, checkpoints:  0,     5.045 MiB
srv        update:    - prompt 0x28bac10:     106 tokens, checkpoints:  0,     1.244 MiB
srv        update:    - prompt 0x28b68d0:     104 tokens, checkpoints:  0,     1.221 MiB
srv        update:    - prompt 0x4a2fdc0:     109 tokens, checkpoints:  0,     1.279 MiB
srv        update:    - prompt 0x28cdbb0:     115 tokens, checkpoints:  0,     1.350 MiB
srv  get_availabl: prompt cache update took 0.13 ms
slot launch_slot_: id  1 | task -1 | sampler chain: logits -> ?penalties -> ?dry -> ?top-n-sigma -> top-k -> ?typical -> top-p -> min-p -> ?xtc -> temp-ext -> dist 
slot launch_slot_: id  1 | task 3755 | processing task, is_child = 0
slot slot_save_an: id  2 | task -1 | saving idle slot to prompt cache
srv   prompt_save:  - saving prompt with length 110, total state size = 1.291 MiB
slot prompt_clear: id  2 | task -1 | clearing prompt with 110 tokens
srv        update:  - cache state: 38 prompts, 82.966 MiB (limits: 8192.000 MiB, 4096 tokens, 698188 est)
srv        update:    - prompt 0x28c0e20:     105 tokens, checkpoints:  0,     1.232 MiB
srv        update:    - prompt 0x28c7080:     106 tokens, checkpoints:  0,     1.244 MiB
srv        update:    - prompt 0x28d3a10:     105 tokens, checkpoints:  0,     1.232 MiB
srv        update:    - prompt 0x28c1e20:     106 tokens, checkpoints:  0,     1.244 MiB
srv        update:    - prompt 0x3d8f9b0:     104 tokens, checkpoints:  0,     1.221 MiB
srv        update:    - prompt 0x28c94c0:     109 tokens, checkpoints:  0,     1.279 MiB
srv        update:    - prompt 0xf90860:     115 tokens, checkpoints:  0,     1.350 MiB
srv        update:    - prompt 0x28ce680:     110 tokens, checkpoints:  0,     1.291 MiB
srv        update:    - prompt 0x28ba4f0:     112 tokens, checkpoints:  0,     1.314 MiB
srv        update:    - prompt 0x28dd340:     107 tokens, checkpoints:  0,     1.256 MiB
srv        update:    - prompt 0x28d1e50:     107 tokens, checkpoints:  0,     1.256 MiB
srv        update:    - prompt 0x28c0600:     107 tokens, checkpoints:  0,     1.256 MiB
srv        update:    - prompt 0x28d3cf0:      27 tokens, checkpoints:  0,     0.317 MiB
srv        update:    - prompt 0x28c6e80:     118 tokens, checkpoints:  0,     1.385 MiB
srv        update:    - prompt 0x28cd710:     122 tokens, checkpoints:  0,     1.432 MiB
srv        update:    - prompt 0x28bfbb0:     164 tokens, checkpoints:  0,     1.924 MiB
srv        update:    - prompt 0x28cfbb0:     130 tokens, checkpoints:  0,     1.525 MiB
srv        update:    - prompt 0xf0e970:     134 tokens, checkpoints:  0,     1.572 MiB
srv        update:    - prompt 0x28c6380:     131 tokens, checkpoints:  0,     1.537 MiB
srv        update:    - prompt 0x28e67e0:     145 tokens, checkpoints:  0,     1.701 MiB
srv        update:    - prompt 0x28c9fe0:     129 tokens, checkpoints:  0,     1.514 MiB
srv        update:    - prompt 0xf0c310:     135 tokens, checkpoints:  0,     1.584 MiB
srv        update:    - prompt 0x28b6d20:     135 tokens, checkpoints:  0,     1.584 MiB
srv        update:    - prompt 0x28cfc50:     242 tokens, checkpoints:  0,     2.839 MiB
srv        update:    - prompt 0x28c3290:     324 tokens, checkpoints:  0,     3.801 MiB
srv        update:    - prompt 0x28b9ba0:     362 tokens, checkpoints:  0,     4.247 MiB
srv        update:    - prompt 0xffff00004cf0:     424 tokens, checkpoints:  0,     4.974 MiB
srv        update:    - prompt 0xeec0d0:     408 tokens, checkpoints:  0,     4.786 MiB
srv        update:    - prompt 0x28ce470:     411 tokens, checkpoints:  0,     4.822 MiB
srv        update:    - prompt 0x28b9010:     417 tokens, checkpoints:  0,     4.892 MiB
srv        update:    - prompt 0x4a25680:     416 tokens, checkpoints:  0,     4.880 MiB
srv        update:    - prompt 0x4a293c0:     430 tokens, checkpoints:  0,     5.045 MiB
srv        update:    - prompt 0x28e40e0:     430 tokens, checkpoints:  0,     5.045 MiB
srv        update:    - prompt 0x28bac10:     106 tokens, checkpoints:  0,     1.244 MiB
srv        update:    - prompt 0x28b68d0:     104 tokens, checkpoints:  0,     1.221 MiB
srv        update:    - prompt 0x4a2fdc0:     109 tokens, checkpoints:  0,     1.279 MiB
srv        update:    - prompt 0x28cdbb0:     115 tokens, checkpoints:  0,     1.350 MiB
srv        update:    - prompt 0x28ec330:     110 tokens, checkpoints:  0,     1.291 MiB
slot update_slots: id  1 | task 3755 | new prompt, n_ctx_slot = 4096, n_keep = 0, task.n_tokens = 13
slot update_slots: id  1 | task 3755 | n_tokens = 0, memory_seq_rm [0, end)
slot init_sampler: id  1 | task 3755 | init sampler, took 0.01 ms, tokens: text = 13, total = 13
slot update_slots: id  1 | task 3755 | prompt processing done, n_tokens = 13, batch.n_tokens = 13
srv  log_server_r: done request: POST /completion 127.0.0.1 200
slot print_timing: id  1 | task 3755 | 
prompt eval time =     226.73 ms /    13 tokens (   17.44 ms per token,    57.34 tokens per second)
       eval time =    2563.71 ms /   100 tokens (   25.64 ms per token,    39.01 tokens per second)
      total time =    2790.43 ms /   113 tokens
slot      release: id  1 | task 3755 | stop processing: n_tokens = 112, truncated = 0
srv  update_slots: all slots are idle
slot get_availabl: id  0 | task -1 | selected slot by LRU, t_last = 36309032978
srv  get_availabl: updating prompt cache
srv          load:  - looking for better prompt, base f_keep = -1.000, sim = 0.000
srv        update:  - cache state: 38 prompts, 82.966 MiB (limits: 8192.000 MiB, 4096 tokens, 698188 est)
srv        update:    - prompt 0x28c0e20:     105 tokens, checkpoints:  0,     1.232 MiB
srv        update:    - prompt 0x28c7080:     106 tokens, checkpoints:  0,     1.244 MiB
srv        update:    - prompt 0x28d3a10:     105 tokens, checkpoints:  0,     1.232 MiB
srv        update:    - prompt 0x28c1e20:     106 tokens, checkpoints:  0,     1.244 MiB
srv        update:    - prompt 0x3d8f9b0:     104 tokens, checkpoints:  0,     1.221 MiB
srv        update:    - prompt 0x28c94c0:     109 tokens, checkpoints:  0,     1.279 MiB
srv        update:    - prompt 0xf90860:     115 tokens, checkpoints:  0,     1.350 MiB
srv        update:    - prompt 0x28ce680:     110 tokens, checkpoints:  0,     1.291 MiB
srv        update:    - prompt 0x28ba4f0:     112 tokens, checkpoints:  0,     1.314 MiB
srv        update:    - prompt 0x28dd340:     107 tokens, checkpoints:  0,     1.256 MiB
srv        update:    - prompt 0x28d1e50:     107 tokens, checkpoints:  0,     1.256 MiB
srv        update:    - prompt 0x28c0600:     107 tokens, checkpoints:  0,     1.256 MiB
srv        update:    - prompt 0x28d3cf0:      27 tokens, checkpoints:  0,     0.317 MiB
srv        update:    - prompt 0x28c6e80:     118 tokens, checkpoints:  0,     1.385 MiB
srv        update:    - prompt 0x28cd710:     122 tokens, checkpoints:  0,     1.432 MiB
srv        update:    - prompt 0x28bfbb0:     164 tokens, checkpoints:  0,     1.924 MiB
srv        update:    - prompt 0x28cfbb0:     130 tokens, checkpoints:  0,     1.525 MiB
srv        update:    - prompt 0xf0e970:     134 tokens, checkpoints:  0,     1.572 MiB
srv        update:    - prompt 0x28c6380:     131 tokens, checkpoints:  0,     1.537 MiB
srv        update:    - prompt 0x28e67e0:     145 tokens, checkpoints:  0,     1.701 MiB
srv        update:    - prompt 0x28c9fe0:     129 tokens, checkpoints:  0,     1.514 MiB
srv        update:    - prompt 0xf0c310:     135 tokens, checkpoints:  0,     1.584 MiB
srv        update:    - prompt 0x28b6d20:     135 tokens, checkpoints:  0,     1.584 MiB
srv        update:    - prompt 0x28cfc50:     242 tokens, checkpoints:  0,     2.839 MiB
srv        update:    - prompt 0x28c3290:     324 tokens, checkpoints:  0,     3.801 MiB
srv        update:    - prompt 0x28b9ba0:     362 tokens, checkpoints:  0,     4.247 MiB
srv        update:    - prompt 0xffff00004cf0:     424 tokens, checkpoints:  0,     4.974 MiB
srv        update:    - prompt 0xeec0d0:     408 tokens, checkpoints:  0,     4.786 MiB
srv        update:    - prompt 0x28ce470:     411 tokens, checkpoints:  0,     4.822 MiB
srv        update:    - prompt 0x28b9010:     417 tokens, checkpoints:  0,     4.892 MiB
srv        update:    - prompt 0x4a25680:     416 tokens, checkpoints:  0,     4.880 MiB
srv        update:    - prompt 0x4a293c0:     430 tokens, checkpoints:  0,     5.045 MiB
srv        update:    - prompt 0x28e40e0:     430 tokens, checkpoints:  0,     5.045 MiB
srv        update:    - prompt 0x28bac10:     106 tokens, checkpoints:  0,     1.244 MiB
srv        update:    - prompt 0x28b68d0:     104 tokens, checkpoints:  0,     1.221 MiB
srv        update:    - prompt 0x4a2fdc0:     109 tokens, checkpoints:  0,     1.279 MiB
srv        update:    - prompt 0x28cdbb0:     115 tokens, checkpoints:  0,     1.350 MiB
srv        update:    - prompt 0x28ec330:     110 tokens, checkpoints:  0,     1.291 MiB
srv  get_availabl: prompt cache update took 0.13 ms
slot launch_slot_: id  0 | task -1 | sampler chain: logits -> ?penalties -> ?dry -> ?top-n-sigma -> top-k -> ?typical -> top-p -> min-p -> ?xtc -> temp-ext -> dist 
slot launch_slot_: id  0 | task 3856 | processing task, is_child = 0
slot slot_save_an: id  1 | task -1 | saving idle slot to prompt cache
srv   prompt_save:  - saving prompt with length 112, total state size = 1.314 MiB
slot prompt_clear: id  1 | task -1 | clearing prompt with 112 tokens
srv        update:  - cache state: 39 prompts, 84.280 MiB (limits: 8192.000 MiB, 4096 tokens, 698186 est)
srv        update:    - prompt 0x28c0e20:     105 tokens, checkpoints:  0,     1.232 MiB
srv        update:    - prompt 0x28c7080:     106 tokens, checkpoints:  0,     1.244 MiB
srv        update:    - prompt 0x28d3a10:     105 tokens, checkpoints:  0,     1.232 MiB
srv        update:    - prompt 0x28c1e20:     106 tokens, checkpoints:  0,     1.244 MiB
srv        update:    - prompt 0x3d8f9b0:     104 tokens, checkpoints:  0,     1.221 MiB
srv        update:    - prompt 0x28c94c0:     109 tokens, checkpoints:  0,     1.279 MiB
srv        update:    - prompt 0xf90860:     115 tokens, checkpoints:  0,     1.350 MiB
srv        update:    - prompt 0x28ce680:     110 tokens, checkpoints:  0,     1.291 MiB
srv        update:    - prompt 0x28ba4f0:     112 tokens, checkpoints:  0,     1.314 MiB
srv        update:    - prompt 0x28dd340:     107 tokens, checkpoints:  0,     1.256 MiB
srv        update:    - prompt 0x28d1e50:     107 tokens, checkpoints:  0,     1.256 MiB
srv        update:    - prompt 0x28c0600:     107 tokens, checkpoints:  0,     1.256 MiB
srv        update:    - prompt 0x28d3cf0:      27 tokens, checkpoints:  0,     0.317 MiB
srv        update:    - prompt 0x28c6e80:     118 tokens, checkpoints:  0,     1.385 MiB
srv        update:    - prompt 0x28cd710:     122 tokens, checkpoints:  0,     1.432 MiB
srv        update:    - prompt 0x28bfbb0:     164 tokens, checkpoints:  0,     1.924 MiB
srv        update:    - prompt 0x28cfbb0:     130 tokens, checkpoints:  0,     1.525 MiB
srv        update:    - prompt 0xf0e970:     134 tokens, checkpoints:  0,     1.572 MiB
srv        update:    - prompt 0x28c6380:     131 tokens, checkpoints:  0,     1.537 MiB
srv        update:    - prompt 0x28e67e0:     145 tokens, checkpoints:  0,     1.701 MiB
srv        update:    - prompt 0x28c9fe0:     129 tokens, checkpoints:  0,     1.514 MiB
srv        update:    - prompt 0xf0c310:     135 tokens, checkpoints:  0,     1.584 MiB
srv        update:    - prompt 0x28b6d20:     135 tokens, checkpoints:  0,     1.584 MiB
srv        update:    - prompt 0x28cfc50:     242 tokens, checkpoints:  0,     2.839 MiB
srv        update:    - prompt 0x28c3290:     324 tokens, checkpoints:  0,     3.801 MiB
srv        update:    - prompt 0x28b9ba0:     362 tokens, checkpoints:  0,     4.247 MiB
srv        update:    - prompt 0xffff00004cf0:     424 tokens, checkpoints:  0,     4.974 MiB
srv        update:    - prompt 0xeec0d0:     408 tokens, checkpoints:  0,     4.786 MiB
srv        update:    - prompt 0x28ce470:     411 tokens, checkpoints:  0,     4.822 MiB
srv        update:    - prompt 0x28b9010:     417 tokens, checkpoints:  0,     4.892 MiB
srv        update:    - prompt 0x4a25680:     416 tokens, checkpoints:  0,     4.880 MiB
srv        update:    - prompt 0x4a293c0:     430 tokens, checkpoints:  0,     5.045 MiB
srv        update:    - prompt 0x28e40e0:     430 tokens, checkpoints:  0,     5.045 MiB
srv        update:    - prompt 0x28bac10:     106 tokens, checkpoints:  0,     1.244 MiB
srv        update:    - prompt 0x28b68d0:     104 tokens, checkpoints:  0,     1.221 MiB
srv        update:    - prompt 0x4a2fdc0:     109 tokens, checkpoints:  0,     1.279 MiB
srv        update:    - prompt 0x28cdbb0:     115 tokens, checkpoints:  0,     1.350 MiB
srv        update:    - prompt 0x28ec330:     110 tokens, checkpoints:  0,     1.291 MiB
srv        update:    - prompt 0xee5330:     112 tokens, checkpoints:  0,     1.314 MiB
slot update_slots: id  0 | task 3856 | new prompt, n_ctx_slot = 4096, n_keep = 0, task.n_tokens = 8
slot update_slots: id  0 | task 3856 | n_tokens = 0, memory_seq_rm [0, end)
slot init_sampler: id  0 | task 3856 | init sampler, took 0.01 ms, tokens: text = 8, total = 8
slot update_slots: id  0 | task 3856 | prompt processing done, n_tokens = 8, batch.n_tokens = 8
srv  log_server_r: done request: POST /completion 127.0.0.1 200
slot print_timing: id  0 | task 3856 | 
prompt eval time =     144.15 ms /     8 tokens (   18.02 ms per token,    55.50 tokens per second)
       eval time =    2561.69 ms /   100 tokens (   25.62 ms per token,    39.04 tokens per second)
      total time =    2705.84 ms /   108 tokens
slot      release: id  0 | task 3856 | stop processing: n_tokens = 107, truncated = 0
srv  update_slots: all slots are idle
slot get_availabl: id  3 | task -1 | selected slot by LRU, t_last = 36312459083
srv  get_availabl: updating prompt cache
srv          load:  - looking for better prompt, base f_keep = -1.000, sim = 0.000
srv        update:  - cache state: 39 prompts, 84.280 MiB (limits: 8192.000 MiB, 4096 tokens, 698186 est)
srv        update:    - prompt 0x28c0e20:     105 tokens, checkpoints:  0,     1.232 MiB
srv        update:    - prompt 0x28c7080:     106 tokens, checkpoints:  0,     1.244 MiB
srv        update:    - prompt 0x28d3a10:     105 tokens, checkpoints:  0,     1.232 MiB
srv        update:    - prompt 0x28c1e20:     106 tokens, checkpoints:  0,     1.244 MiB
srv        update:    - prompt 0x3d8f9b0:     104 tokens, checkpoints:  0,     1.221 MiB
srv        update:    - prompt 0x28c94c0:     109 tokens, checkpoints:  0,     1.279 MiB
srv        update:    - prompt 0xf90860:     115 tokens, checkpoints:  0,     1.350 MiB
srv        update:    - prompt 0x28ce680:     110 tokens, checkpoints:  0,     1.291 MiB
srv        update:    - prompt 0x28ba4f0:     112 tokens, checkpoints:  0,     1.314 MiB
srv        update:    - prompt 0x28dd340:     107 tokens, checkpoints:  0,     1.256 MiB
srv        update:    - prompt 0x28d1e50:     107 tokens, checkpoints:  0,     1.256 MiB
srv        update:    - prompt 0x28c0600:     107 tokens, checkpoints:  0,     1.256 MiB
srv        update:    - prompt 0x28d3cf0:      27 tokens, checkpoints:  0,     0.317 MiB
srv        update:    - prompt 0x28c6e80:     118 tokens, checkpoints:  0,     1.385 MiB
srv        update:    - prompt 0x28cd710:     122 tokens, checkpoints:  0,     1.432 MiB
srv        update:    - prompt 0x28bfbb0:     164 tokens, checkpoints:  0,     1.924 MiB
srv        update:    - prompt 0x28cfbb0:     130 tokens, checkpoints:  0,     1.525 MiB
srv        update:    - prompt 0xf0e970:     134 tokens, checkpoints:  0,     1.572 MiB
srv        update:    - prompt 0x28c6380:     131 tokens, checkpoints:  0,     1.537 MiB
srv        update:    - prompt 0x28e67e0:     145 tokens, checkpoints:  0,     1.701 MiB
srv        update:    - prompt 0x28c9fe0:     129 tokens, checkpoints:  0,     1.514 MiB
srv        update:    - prompt 0xf0c310:     135 tokens, checkpoints:  0,     1.584 MiB
srv        update:    - prompt 0x28b6d20:     135 tokens, checkpoints:  0,     1.584 MiB
srv        update:    - prompt 0x28cfc50:     242 tokens, checkpoints:  0,     2.839 MiB
srv        update:    - prompt 0x28c3290:     324 tokens, checkpoints:  0,     3.801 MiB
srv        update:    - prompt 0x28b9ba0:     362 tokens, checkpoints:  0,     4.247 MiB
srv        update:    - prompt 0xffff00004cf0:     424 tokens, checkpoints:  0,     4.974 MiB
srv        update:    - prompt 0xeec0d0:     408 tokens, checkpoints:  0,     4.786 MiB
srv        update:    - prompt 0x28ce470:     411 tokens, checkpoints:  0,     4.822 MiB
srv        update:    - prompt 0x28b9010:     417 tokens, checkpoints:  0,     4.892 MiB
srv        update:    - prompt 0x4a25680:     416 tokens, checkpoints:  0,     4.880 MiB
srv        update:    - prompt 0x4a293c0:     430 tokens, checkpoints:  0,     5.045 MiB
srv        update:    - prompt 0x28e40e0:     430 tokens, checkpoints:  0,     5.045 MiB
srv        update:    - prompt 0x28bac10:     106 tokens, checkpoints:  0,     1.244 MiB
srv        update:    - prompt 0x28b68d0:     104 tokens, checkpoints:  0,     1.221 MiB
srv        update:    - prompt 0x4a2fdc0:     109 tokens, checkpoints:  0,     1.279 MiB
srv        update:    - prompt 0x28cdbb0:     115 tokens, checkpoints:  0,     1.350 MiB
srv        update:    - prompt 0x28ec330:     110 tokens, checkpoints:  0,     1.291 MiB
srv        update:    - prompt 0xee5330:     112 tokens, checkpoints:  0,     1.314 MiB
srv  get_availabl: prompt cache update took 0.12 ms
slot launch_slot_: id  3 | task -1 | sampler chain: logits -> ?penalties -> ?dry -> ?top-n-sigma -> top-k -> ?typical -> top-p -> min-p -> ?xtc -> temp-ext -> dist 
slot launch_slot_: id  3 | task 3957 | processing task, is_child = 0
slot slot_save_an: id  0 | task -1 | saving idle slot to prompt cache
srv   prompt_save:  - saving prompt with length 107, total state size = 1.256 MiB
slot prompt_clear: id  0 | task -1 | clearing prompt with 107 tokens
srv        update:  - cache state: 40 prompts, 85.536 MiB (limits: 8192.000 MiB, 4096 tokens, 698184 est)
srv        update:    - prompt 0x28c0e20:     105 tokens, checkpoints:  0,     1.232 MiB
srv        update:    - prompt 0x28c7080:     106 tokens, checkpoints:  0,     1.244 MiB
srv        update:    - prompt 0x28d3a10:     105 tokens, checkpoints:  0,     1.232 MiB
srv        update:    - prompt 0x28c1e20:     106 tokens, checkpoints:  0,     1.244 MiB
srv        update:    - prompt 0x3d8f9b0:     104 tokens, checkpoints:  0,     1.221 MiB
srv        update:    - prompt 0x28c94c0:     109 tokens, checkpoints:  0,     1.279 MiB
srv        update:    - prompt 0xf90860:     115 tokens, checkpoints:  0,     1.350 MiB
srv        update:    - prompt 0x28ce680:     110 tokens, checkpoints:  0,     1.291 MiB
srv        update:    - prompt 0x28ba4f0:     112 tokens, checkpoints:  0,     1.314 MiB
srv        update:    - prompt 0x28dd340:     107 tokens, checkpoints:  0,     1.256 MiB
srv        update:    - prompt 0x28d1e50:     107 tokens, checkpoints:  0,     1.256 MiB
srv        update:    - prompt 0x28c0600:     107 tokens, checkpoints:  0,     1.256 MiB
srv        update:    - prompt 0x28d3cf0:      27 tokens, checkpoints:  0,     0.317 MiB
srv        update:    - prompt 0x28c6e80:     118 tokens, checkpoints:  0,     1.385 MiB
srv        update:    - prompt 0x28cd710:     122 tokens, checkpoints:  0,     1.432 MiB
srv        update:    - prompt 0x28bfbb0:     164 tokens, checkpoints:  0,     1.924 MiB
srv        update:    - prompt 0x28cfbb0:     130 tokens, checkpoints:  0,     1.525 MiB
srv        update:    - prompt 0xf0e970:     134 tokens, checkpoints:  0,     1.572 MiB
srv        update:    - prompt 0x28c6380:     131 tokens, checkpoints:  0,     1.537 MiB
srv        update:    - prompt 0x28e67e0:     145 tokens, checkpoints:  0,     1.701 MiB
srv        update:    - prompt 0x28c9fe0:     129 tokens, checkpoints:  0,     1.514 MiB
srv        update:    - prompt 0xf0c310:     135 tokens, checkpoints:  0,     1.584 MiB
srv        update:    - prompt 0x28b6d20:     135 tokens, checkpoints:  0,     1.584 MiB
srv        update:    - prompt 0x28cfc50:     242 tokens, checkpoints:  0,     2.839 MiB
srv        update:    - prompt 0x28c3290:     324 tokens, checkpoints:  0,     3.801 MiB
srv        update:    - prompt 0x28b9ba0:     362 tokens, checkpoints:  0,     4.247 MiB
srv        update:    - prompt 0xffff00004cf0:     424 tokens, checkpoints:  0,     4.974 MiB
srv        update:    - prompt 0xeec0d0:     408 tokens, checkpoints:  0,     4.786 MiB
srv        update:    - prompt 0x28ce470:     411 tokens, checkpoints:  0,     4.822 MiB
srv        update:    - prompt 0x28b9010:     417 tokens, checkpoints:  0,     4.892 MiB
srv        update:    - prompt 0x4a25680:     416 tokens, checkpoints:  0,     4.880 MiB
srv        update:    - prompt 0x4a293c0:     430 tokens, checkpoints:  0,     5.045 MiB
srv        update:    - prompt 0x28e40e0:     430 tokens, checkpoints:  0,     5.045 MiB
srv        update:    - prompt 0x28bac10:     106 tokens, checkpoints:  0,     1.244 MiB
srv        update:    - prompt 0x28b68d0:     104 tokens, checkpoints:  0,     1.221 MiB
srv        update:    - prompt 0x4a2fdc0:     109 tokens, checkpoints:  0,     1.279 MiB
srv        update:    - prompt 0x28cdbb0:     115 tokens, checkpoints:  0,     1.350 MiB
srv        update:    - prompt 0x28ec330:     110 tokens, checkpoints:  0,     1.291 MiB
srv        update:    - prompt 0xee5330:     112 tokens, checkpoints:  0,     1.314 MiB
srv        update:    - prompt 0xf12130:     107 tokens, checkpoints:  0,     1.256 MiB
slot update_slots: id  3 | task 3957 | new prompt, n_ctx_slot = 4096, n_keep = 0, task.n_tokens = 8
slot update_slots: id  3 | task 3957 | n_tokens = 0, memory_seq_rm [0, end)
slot init_sampler: id  3 | task 3957 | init sampler, took 0.01 ms, tokens: text = 8, total = 8
slot update_slots: id  3 | task 3957 | prompt processing done, n_tokens = 8, batch.n_tokens = 8
srv  log_server_r: done request: POST /completion 127.0.0.1 200
slot print_timing: id  3 | task 3957 | 
prompt eval time =     144.14 ms /     8 tokens (   18.02 ms per token,    55.50 tokens per second)
       eval time =    2563.22 ms /   100 tokens (   25.63 ms per token,    39.01 tokens per second)
      total time =    2707.36 ms /   108 tokens
slot      release: id  3 | task 3957 | stop processing: n_tokens = 107, truncated = 0
srv  update_slots: all slots are idle
slot get_availabl: id  2 | task -1 | selected slot by LRU, t_last = 36315797006
srv  get_availabl: updating prompt cache
srv          load:  - looking for better prompt, base f_keep = -1.000, sim = 0.000
srv        update:  - cache state: 40 prompts, 85.536 MiB (limits: 8192.000 MiB, 4096 tokens, 698184 est)
srv        update:    - prompt 0x28c0e20:     105 tokens, checkpoints:  0,     1.232 MiB
srv        update:    - prompt 0x28c7080:     106 tokens, checkpoints:  0,     1.244 MiB
srv        update:    - prompt 0x28d3a10:     105 tokens, checkpoints:  0,     1.232 MiB
srv        update:    - prompt 0x28c1e20:     106 tokens, checkpoints:  0,     1.244 MiB
srv        update:    - prompt 0x3d8f9b0:     104 tokens, checkpoints:  0,     1.221 MiB
srv        update:    - prompt 0x28c94c0:     109 tokens, checkpoints:  0,     1.279 MiB
srv        update:    - prompt 0xf90860:     115 tokens, checkpoints:  0,     1.350 MiB
srv        update:    - prompt 0x28ce680:     110 tokens, checkpoints:  0,     1.291 MiB
srv        update:    - prompt 0x28ba4f0:     112 tokens, checkpoints:  0,     1.314 MiB
srv        update:    - prompt 0x28dd340:     107 tokens, checkpoints:  0,     1.256 MiB
srv        update:    - prompt 0x28d1e50:     107 tokens, checkpoints:  0,     1.256 MiB
srv        update:    - prompt 0x28c0600:     107 tokens, checkpoints:  0,     1.256 MiB
srv        update:    - prompt 0x28d3cf0:      27 tokens, checkpoints:  0,     0.317 MiB
srv        update:    - prompt 0x28c6e80:     118 tokens, checkpoints:  0,     1.385 MiB
srv        update:    - prompt 0x28cd710:     122 tokens, checkpoints:  0,     1.432 MiB
srv        update:    - prompt 0x28bfbb0:     164 tokens, checkpoints:  0,     1.924 MiB
srv        update:    - prompt 0x28cfbb0:     130 tokens, checkpoints:  0,     1.525 MiB
srv        update:    - prompt 0xf0e970:     134 tokens, checkpoints:  0,     1.572 MiB
srv        update:    - prompt 0x28c6380:     131 tokens, checkpoints:  0,     1.537 MiB
srv        update:    - prompt 0x28e67e0:     145 tokens, checkpoints:  0,     1.701 MiB
srv        update:    - prompt 0x28c9fe0:     129 tokens, checkpoints:  0,     1.514 MiB
srv        update:    - prompt 0xf0c310:     135 tokens, checkpoints:  0,     1.584 MiB
srv        update:    - prompt 0x28b6d20:     135 tokens, checkpoints:  0,     1.584 MiB
srv        update:    - prompt 0x28cfc50:     242 tokens, checkpoints:  0,     2.839 MiB
srv        update:    - prompt 0x28c3290:     324 tokens, checkpoints:  0,     3.801 MiB
srv        update:    - prompt 0x28b9ba0:     362 tokens, checkpoints:  0,     4.247 MiB
srv        update:    - prompt 0xffff00004cf0:     424 tokens, checkpoints:  0,     4.974 MiB
srv        update:    - prompt 0xeec0d0:     408 tokens, checkpoints:  0,     4.786 MiB
srv        update:    - prompt 0x28ce470:     411 tokens, checkpoints:  0,     4.822 MiB
srv        update:    - prompt 0x28b9010:     417 tokens, checkpoints:  0,     4.892 MiB
srv        update:    - prompt 0x4a25680:     416 tokens, checkpoints:  0,     4.880 MiB
srv        update:    - prompt 0x4a293c0:     430 tokens, checkpoints:  0,     5.045 MiB
srv        update:    - prompt 0x28e40e0:     430 tokens, checkpoints:  0,     5.045 MiB
srv        update:    - prompt 0x28bac10:     106 tokens, checkpoints:  0,     1.244 MiB
srv        update:    - prompt 0x28b68d0:     104 tokens, checkpoints:  0,     1.221 MiB
srv        update:    - prompt 0x4a2fdc0:     109 tokens, checkpoints:  0,     1.279 MiB
srv        update:    - prompt 0x28cdbb0:     115 tokens, checkpoints:  0,     1.350 MiB
srv        update:    - prompt 0x28ec330:     110 tokens, checkpoints:  0,     1.291 MiB
srv        update:    - prompt 0xee5330:     112 tokens, checkpoints:  0,     1.314 MiB
srv        update:    - prompt 0xf12130:     107 tokens, checkpoints:  0,     1.256 MiB
srv  get_availabl: prompt cache update took 0.13 ms
slot launch_slot_: id  2 | task -1 | sampler chain: logits -> ?penalties -> ?dry -> ?top-n-sigma -> top-k -> ?typical -> top-p -> min-p -> ?xtc -> temp-ext -> dist 
slot launch_slot_: id  2 | task 4058 | processing task, is_child = 0
slot slot_save_an: id  3 | task -1 | saving idle slot to prompt cache
srv   prompt_save:  - saving prompt with length 107, total state size = 1.256 MiB
slot prompt_clear: id  3 | task -1 | clearing prompt with 107 tokens
srv        update:  - cache state: 41 prompts, 86.791 MiB (limits: 8192.000 MiB, 4096 tokens, 698182 est)
srv        update:    - prompt 0x28c0e20:     105 tokens, checkpoints:  0,     1.232 MiB
srv        update:    - prompt 0x28c7080:     106 tokens, checkpoints:  0,     1.244 MiB
srv        update:    - prompt 0x28d3a10:     105 tokens, checkpoints:  0,     1.232 MiB
srv        update:    - prompt 0x28c1e20:     106 tokens, checkpoints:  0,     1.244 MiB
srv        update:    - prompt 0x3d8f9b0:     104 tokens, checkpoints:  0,     1.221 MiB
srv        update:    - prompt 0x28c94c0:     109 tokens, checkpoints:  0,     1.279 MiB
srv        update:    - prompt 0xf90860:     115 tokens, checkpoints:  0,     1.350 MiB
srv        update:    - prompt 0x28ce680:     110 tokens, checkpoints:  0,     1.291 MiB
srv        update:    - prompt 0x28ba4f0:     112 tokens, checkpoints:  0,     1.314 MiB
srv        update:    - prompt 0x28dd340:     107 tokens, checkpoints:  0,     1.256 MiB
srv        update:    - prompt 0x28d1e50:     107 tokens, checkpoints:  0,     1.256 MiB
srv        update:    - prompt 0x28c0600:     107 tokens, checkpoints:  0,     1.256 MiB
srv        update:    - prompt 0x28d3cf0:      27 tokens, checkpoints:  0,     0.317 MiB
srv        update:    - prompt 0x28c6e80:     118 tokens, checkpoints:  0,     1.385 MiB
srv        update:    - prompt 0x28cd710:     122 tokens, checkpoints:  0,     1.432 MiB
srv        update:    - prompt 0x28bfbb0:     164 tokens, checkpoints:  0,     1.924 MiB
srv        update:    - prompt 0x28cfbb0:     130 tokens, checkpoints:  0,     1.525 MiB
srv        update:    - prompt 0xf0e970:     134 tokens, checkpoints:  0,     1.572 MiB
srv        update:    - prompt 0x28c6380:     131 tokens, checkpoints:  0,     1.537 MiB
srv        update:    - prompt 0x28e67e0:     145 tokens, checkpoints:  0,     1.701 MiB
srv        update:    - prompt 0x28c9fe0:     129 tokens, checkpoints:  0,     1.514 MiB
srv        update:    - prompt 0xf0c310:     135 tokens, checkpoints:  0,     1.584 MiB
srv        update:    - prompt 0x28b6d20:     135 tokens, checkpoints:  0,     1.584 MiB
srv        update:    - prompt 0x28cfc50:     242 tokens, checkpoints:  0,     2.839 MiB
srv        update:    - prompt 0x28c3290:     324 tokens, checkpoints:  0,     3.801 MiB
srv        update:    - prompt 0x28b9ba0:     362 tokens, checkpoints:  0,     4.247 MiB
srv        update:    - prompt 0xffff00004cf0:     424 tokens, checkpoints:  0,     4.974 MiB
srv        update:    - prompt 0xeec0d0:     408 tokens, checkpoints:  0,     4.786 MiB
srv        update:    - prompt 0x28ce470:     411 tokens, checkpoints:  0,     4.822 MiB
srv        update:    - prompt 0x28b9010:     417 tokens, checkpoints:  0,     4.892 MiB
srv        update:    - prompt 0x4a25680:     416 tokens, checkpoints:  0,     4.880 MiB
srv        update:    - prompt 0x4a293c0:     430 tokens, checkpoints:  0,     5.045 MiB
srv        update:    - prompt 0x28e40e0:     430 tokens, checkpoints:  0,     5.045 MiB
srv        update:    - prompt 0x28bac10:     106 tokens, checkpoints:  0,     1.244 MiB
srv        update:    - prompt 0x28b68d0:     104 tokens, checkpoints:  0,     1.221 MiB
srv        update:    - prompt 0x4a2fdc0:     109 tokens, checkpoints:  0,     1.279 MiB
srv        update:    - prompt 0x28cdbb0:     115 tokens, checkpoints:  0,     1.350 MiB
srv        update:    - prompt 0x28ec330:     110 tokens, checkpoints:  0,     1.291 MiB
srv        update:    - prompt 0xee5330:     112 tokens, checkpoints:  0,     1.314 MiB
srv        update:    - prompt 0xf12130:     107 tokens, checkpoints:  0,     1.256 MiB
srv        update:    - prompt 0x28b8f70:     107 tokens, checkpoints:  0,     1.256 MiB
slot update_slots: id  2 | task 4058 | new prompt, n_ctx_slot = 4096, n_keep = 0, task.n_tokens = 8
slot update_slots: id  2 | task 4058 | n_tokens = 0, memory_seq_rm [0, end)
slot init_sampler: id  2 | task 4058 | init sampler, took 0.01 ms, tokens: text = 8, total = 8
slot update_slots: id  2 | task 4058 | prompt processing done, n_tokens = 8, batch.n_tokens = 8
srv  log_server_r: done request: POST /completion 127.0.0.1 200
slot print_timing: id  2 | task 4058 | 
prompt eval time =     144.16 ms /     8 tokens (   18.02 ms per token,    55.50 tokens per second)
       eval time =    2562.72 ms /   100 tokens (   25.63 ms per token,    39.02 tokens per second)
      total time =    2706.87 ms /   108 tokens
slot      release: id  2 | task 4058 | stop processing: n_tokens = 107, truncated = 0
srv  update_slots: all slots are idle
slot get_availabl: id  1 | task -1 | selected slot by LRU, t_last = 36319169000
srv  get_availabl: updating prompt cache
srv          load:  - looking for better prompt, base f_keep = -1.000, sim = 0.000
srv          load:  - found better prompt with f_keep = 0.407, sim = 1.000
srv        update:  - cache state: 40 prompts, 86.474 MiB (limits: 8192.000 MiB, 4096 tokens, 698186 est)
srv        update:    - prompt 0x28c0e20:     105 tokens, checkpoints:  0,     1.232 MiB
srv        update:    - prompt 0x28c7080:     106 tokens, checkpoints:  0,     1.244 MiB
srv        update:    - prompt 0x28d3a10:     105 tokens, checkpoints:  0,     1.232 MiB
srv        update:    - prompt 0x28c1e20:     106 tokens, checkpoints:  0,     1.244 MiB
srv        update:    - prompt 0x3d8f9b0:     104 tokens, checkpoints:  0,     1.221 MiB
srv        update:    - prompt 0x28c94c0:     109 tokens, checkpoints:  0,     1.279 MiB
srv        update:    - prompt 0xf90860:     115 tokens, checkpoints:  0,     1.350 MiB
srv        update:    - prompt 0x28ce680:     110 tokens, checkpoints:  0,     1.291 MiB
srv        update:    - prompt 0x28ba4f0:     112 tokens, checkpoints:  0,     1.314 MiB
srv        update:    - prompt 0x28dd340:     107 tokens, checkpoints:  0,     1.256 MiB
srv        update:    - prompt 0x28d1e50:     107 tokens, checkpoints:  0,     1.256 MiB
srv        update:    - prompt 0x28c0600:     107 tokens, checkpoints:  0,     1.256 MiB
srv        update:    - prompt 0x28c6e80:     118 tokens, checkpoints:  0,     1.385 MiB
srv        update:    - prompt 0x28cd710:     122 tokens, checkpoints:  0,     1.432 MiB
srv        update:    - prompt 0x28bfbb0:     164 tokens, checkpoints:  0,     1.924 MiB
srv        update:    - prompt 0x28cfbb0:     130 tokens, checkpoints:  0,     1.525 MiB
srv        update:    - prompt 0xf0e970:     134 tokens, checkpoints:  0,     1.572 MiB
srv        update:    - prompt 0x28c6380:     131 tokens, checkpoints:  0,     1.537 MiB
srv        update:    - prompt 0x28e67e0:     145 tokens, checkpoints:  0,     1.701 MiB
srv        update:    - prompt 0x28c9fe0:     129 tokens, checkpoints:  0,     1.514 MiB
srv        update:    - prompt 0xf0c310:     135 tokens, checkpoints:  0,     1.584 MiB
srv        update:    - prompt 0x28b6d20:     135 tokens, checkpoints:  0,     1.584 MiB
srv        update:    - prompt 0x28cfc50:     242 tokens, checkpoints:  0,     2.839 MiB
srv        update:    - prompt 0x28c3290:     324 tokens, checkpoints:  0,     3.801 MiB
srv        update:    - prompt 0x28b9ba0:     362 tokens, checkpoints:  0,     4.247 MiB
srv        update:    - prompt 0xffff00004cf0:     424 tokens, checkpoints:  0,     4.974 MiB
srv        update:    - prompt 0xeec0d0:     408 tokens, checkpoints:  0,     4.786 MiB
srv        update:    - prompt 0x28ce470:     411 tokens, checkpoints:  0,     4.822 MiB
srv        update:    - prompt 0x28b9010:     417 tokens, checkpoints:  0,     4.892 MiB
srv        update:    - prompt 0x4a25680:     416 tokens, checkpoints:  0,     4.880 MiB
srv        update:    - prompt 0x4a293c0:     430 tokens, checkpoints:  0,     5.045 MiB
srv        update:    - prompt 0x28e40e0:     430 tokens, checkpoints:  0,     5.045 MiB
srv        update:    - prompt 0x28bac10:     106 tokens, checkpoints:  0,     1.244 MiB
srv        update:    - prompt 0x28b68d0:     104 tokens, checkpoints:  0,     1.221 MiB
srv        update:    - prompt 0x4a2fdc0:     109 tokens, checkpoints:  0,     1.279 MiB
srv        update:    - prompt 0x28cdbb0:     115 tokens, checkpoints:  0,     1.350 MiB
srv        update:    - prompt 0x28ec330:     110 tokens, checkpoints:  0,     1.291 MiB
srv        update:    - prompt 0xee5330:     112 tokens, checkpoints:  0,     1.314 MiB
srv        update:    - prompt 0xf12130:     107 tokens, checkpoints:  0,     1.256 MiB
srv        update:    - prompt 0x28b8f70:     107 tokens, checkpoints:  0,     1.256 MiB
srv  get_availabl: prompt cache update took 0.45 ms
slot launch_slot_: id  1 | task -1 | sampler chain: logits -> ?penalties -> ?dry -> ?top-n-sigma -> top-k -> ?typical -> top-p -> min-p -> ?xtc -> temp-ext -> dist 
slot launch_slot_: id  1 | task 4159 | processing task, is_child = 0
slot slot_save_an: id  2 | task -1 | saving idle slot to prompt cache
srv   prompt_save:  - saving prompt with length 107, total state size = 1.256 MiB
slot prompt_clear: id  2 | task -1 | clearing prompt with 107 tokens
srv        update:  - cache state: 41 prompts, 87.730 MiB (limits: 8192.000 MiB, 4096 tokens, 698184 est)
srv        update:    - prompt 0x28c0e20:     105 tokens, checkpoints:  0,     1.232 MiB
srv        update:    - prompt 0x28c7080:     106 tokens, checkpoints:  0,     1.244 MiB
srv        update:    - prompt 0x28d3a10:     105 tokens, checkpoints:  0,     1.232 MiB
srv        update:    - prompt 0x28c1e20:     106 tokens, checkpoints:  0,     1.244 MiB
srv        update:    - prompt 0x3d8f9b0:     104 tokens, checkpoints:  0,     1.221 MiB
srv        update:    - prompt 0x28c94c0:     109 tokens, checkpoints:  0,     1.279 MiB
srv        update:    - prompt 0xf90860:     115 tokens, checkpoints:  0,     1.350 MiB
srv        update:    - prompt 0x28ce680:     110 tokens, checkpoints:  0,     1.291 MiB
srv        update:    - prompt 0x28ba4f0:     112 tokens, checkpoints:  0,     1.314 MiB
srv        update:    - prompt 0x28dd340:     107 tokens, checkpoints:  0,     1.256 MiB
srv        update:    - prompt 0x28d1e50:     107 tokens, checkpoints:  0,     1.256 MiB
srv        update:    - prompt 0x28c0600:     107 tokens, checkpoints:  0,     1.256 MiB
srv        update:    - prompt 0x28c6e80:     118 tokens, checkpoints:  0,     1.385 MiB
srv        update:    - prompt 0x28cd710:     122 tokens, checkpoints:  0,     1.432 MiB
srv        update:    - prompt 0x28bfbb0:     164 tokens, checkpoints:  0,     1.924 MiB
srv        update:    - prompt 0x28cfbb0:     130 tokens, checkpoints:  0,     1.525 MiB
srv        update:    - prompt 0xf0e970:     134 tokens, checkpoints:  0,     1.572 MiB
srv        update:    - prompt 0x28c6380:     131 tokens, checkpoints:  0,     1.537 MiB
srv        update:    - prompt 0x28e67e0:     145 tokens, checkpoints:  0,     1.701 MiB
srv        update:    - prompt 0x28c9fe0:     129 tokens, checkpoints:  0,     1.514 MiB
srv        update:    - prompt 0xf0c310:     135 tokens, checkpoints:  0,     1.584 MiB
srv        update:    - prompt 0x28b6d20:     135 tokens, checkpoints:  0,     1.584 MiB
srv        update:    - prompt 0x28cfc50:     242 tokens, checkpoints:  0,     2.839 MiB
srv        update:    - prompt 0x28c3290:     324 tokens, checkpoints:  0,     3.801 MiB
srv        update:    - prompt 0x28b9ba0:     362 tokens, checkpoints:  0,     4.247 MiB
srv        update:    - prompt 0xffff00004cf0:     424 tokens, checkpoints:  0,     4.974 MiB
srv        update:    - prompt 0xeec0d0:     408 tokens, checkpoints:  0,     4.786 MiB
srv        update:    - prompt 0x28ce470:     411 tokens, checkpoints:  0,     4.822 MiB
srv        update:    - prompt 0x28b9010:     417 tokens, checkpoints:  0,     4.892 MiB
srv        update:    - prompt 0x4a25680:     416 tokens, checkpoints:  0,     4.880 MiB
srv        update:    - prompt 0x4a293c0:     430 tokens, checkpoints:  0,     5.045 MiB
srv        update:    - prompt 0x28e40e0:     430 tokens, checkpoints:  0,     5.045 MiB
srv        update:    - prompt 0x28bac10:     106 tokens, checkpoints:  0,     1.244 MiB
srv        update:    - prompt 0x28b68d0:     104 tokens, checkpoints:  0,     1.221 MiB
srv        update:    - prompt 0x4a2fdc0:     109 tokens, checkpoints:  0,     1.279 MiB
srv        update:    - prompt 0x28cdbb0:     115 tokens, checkpoints:  0,     1.350 MiB
srv        update:    - prompt 0x28ec330:     110 tokens, checkpoints:  0,     1.291 MiB
srv        update:    - prompt 0xee5330:     112 tokens, checkpoints:  0,     1.314 MiB
srv        update:    - prompt 0xf12130:     107 tokens, checkpoints:  0,     1.256 MiB
srv        update:    - prompt 0x28b8f70:     107 tokens, checkpoints:  0,     1.256 MiB
srv        update:    - prompt 0x28d3cf0:     107 tokens, checkpoints:  0,     1.256 MiB
slot update_slots: id  1 | task 4159 | new prompt, n_ctx_slot = 4096, n_keep = 0, task.n_tokens = 11
slot update_slots: id  1 | task 4159 | need to evaluate at least 1 token for each active slot (n_past = 11, task.n_tokens() = 11)
slot update_slots: id  1 | task 4159 | n_past was set to 10
slot update_slots: id  1 | task 4159 | n_tokens = 10, memory_seq_rm [10, end)
slot init_sampler: id  1 | task 4159 | init sampler, took 0.01 ms, tokens: text = 11, total = 11
slot update_slots: id  1 | task 4159 | prompt processing done, n_tokens = 11, batch.n_tokens = 1
srv  log_server_r: done request: POST /completion 127.0.0.1 200
slot print_timing: id  1 | task 4159 | 
prompt eval time =      26.00 ms /     1 tokens (   26.00 ms per token,    38.47 tokens per second)
       eval time =     617.00 ms /    25 tokens (   24.68 ms per token,    40.52 tokens per second)
      total time =     642.99 ms /    26 tokens
slot      release: id  1 | task 4159 | stop processing: n_tokens = 35, truncated = 0
srv  update_slots: all slots are idle
slot get_availabl: id  0 | task -1 | selected slot by LRU, t_last = 36322458124
srv  get_availabl: updating prompt cache
srv          load:  - looking for better prompt, base f_keep = -1.000, sim = 0.000
srv        update:  - cache state: 41 prompts, 87.730 MiB (limits: 8192.000 MiB, 4096 tokens, 698184 est)
srv        update:    - prompt 0x28c0e20:     105 tokens, checkpoints:  0,     1.232 MiB
srv        update:    - prompt 0x28c7080:     106 tokens, checkpoints:  0,     1.244 MiB
srv        update:    - prompt 0x28d3a10:     105 tokens, checkpoints:  0,     1.232 MiB
srv        update:    - prompt 0x28c1e20:     106 tokens, checkpoints:  0,     1.244 MiB
srv        update:    - prompt 0x3d8f9b0:     104 tokens, checkpoints:  0,     1.221 MiB
srv        update:    - prompt 0x28c94c0:     109 tokens, checkpoints:  0,     1.279 MiB
srv        update:    - prompt 0xf90860:     115 tokens, checkpoints:  0,     1.350 MiB
srv        update:    - prompt 0x28ce680:     110 tokens, checkpoints:  0,     1.291 MiB
srv        update:    - prompt 0x28ba4f0:     112 tokens, checkpoints:  0,     1.314 MiB
srv        update:    - prompt 0x28dd340:     107 tokens, checkpoints:  0,     1.256 MiB
srv        update:    - prompt 0x28d1e50:     107 tokens, checkpoints:  0,     1.256 MiB
srv        update:    - prompt 0x28c0600:     107 tokens, checkpoints:  0,     1.256 MiB
srv        update:    - prompt 0x28c6e80:     118 tokens, checkpoints:  0,     1.385 MiB
srv        update:    - prompt 0x28cd710:     122 tokens, checkpoints:  0,     1.432 MiB
srv        update:    - prompt 0x28bfbb0:     164 tokens, checkpoints:  0,     1.924 MiB
srv        update:    - prompt 0x28cfbb0:     130 tokens, checkpoints:  0,     1.525 MiB
srv        update:    - prompt 0xf0e970:     134 tokens, checkpoints:  0,     1.572 MiB
srv        update:    - prompt 0x28c6380:     131 tokens, checkpoints:  0,     1.537 MiB
srv        update:    - prompt 0x28e67e0:     145 tokens, checkpoints:  0,     1.701 MiB
srv        update:    - prompt 0x28c9fe0:     129 tokens, checkpoints:  0,     1.514 MiB
srv        update:    - prompt 0xf0c310:     135 tokens, checkpoints:  0,     1.584 MiB
srv        update:    - prompt 0x28b6d20:     135 tokens, checkpoints:  0,     1.584 MiB
srv        update:    - prompt 0x28cfc50:     242 tokens, checkpoints:  0,     2.839 MiB
srv        update:    - prompt 0x28c3290:     324 tokens, checkpoints:  0,     3.801 MiB
srv        update:    - prompt 0x28b9ba0:     362 tokens, checkpoints:  0,     4.247 MiB
srv        update:    - prompt 0xffff00004cf0:     424 tokens, checkpoints:  0,     4.974 MiB
srv        update:    - prompt 0xeec0d0:     408 tokens, checkpoints:  0,     4.786 MiB
srv        update:    - prompt 0x28ce470:     411 tokens, checkpoints:  0,     4.822 MiB
srv        update:    - prompt 0x28b9010:     417 tokens, checkpoints:  0,     4.892 MiB
srv        update:    - prompt 0x4a25680:     416 tokens, checkpoints:  0,     4.880 MiB
srv        update:    - prompt 0x4a293c0:     430 tokens, checkpoints:  0,     5.045 MiB
srv        update:    - prompt 0x28e40e0:     430 tokens, checkpoints:  0,     5.045 MiB
srv        update:    - prompt 0x28bac10:     106 tokens, checkpoints:  0,     1.244 MiB
srv        update:    - prompt 0x28b68d0:     104 tokens, checkpoints:  0,     1.221 MiB
srv        update:    - prompt 0x4a2fdc0:     109 tokens, checkpoints:  0,     1.279 MiB
srv        update:    - prompt 0x28cdbb0:     115 tokens, checkpoints:  0,     1.350 MiB
srv        update:    - prompt 0x28ec330:     110 tokens, checkpoints:  0,     1.291 MiB
srv        update:    - prompt 0xee5330:     112 tokens, checkpoints:  0,     1.314 MiB
srv        update:    - prompt 0xf12130:     107 tokens, checkpoints:  0,     1.256 MiB
srv        update:    - prompt 0x28b8f70:     107 tokens, checkpoints:  0,     1.256 MiB
srv        update:    - prompt 0x28d3cf0:     107 tokens, checkpoints:  0,     1.256 MiB
srv  get_availabl: prompt cache update took 0.13 ms
slot launch_slot_: id  0 | task -1 | sampler chain: logits -> ?penalties -> ?dry -> ?top-n-sigma -> top-k -> ?typical -> top-p -> min-p -> ?xtc -> temp-ext -> dist 
slot launch_slot_: id  0 | task 4185 | processing task, is_child = 0
slot slot_save_an: id  1 | task -1 | saving idle slot to prompt cache
srv   prompt_save:  - saving prompt with length 35, total state size = 0.411 MiB
slot prompt_clear: id  1 | task -1 | clearing prompt with 35 tokens
srv        update:  - cache state: 42 prompts, 88.141 MiB (limits: 8192.000 MiB, 4096 tokens, 698180 est)
srv        update:    - prompt 0x28c0e20:     105 tokens, checkpoints:  0,     1.232 MiB
srv        update:    - prompt 0x28c7080:     106 tokens, checkpoints:  0,     1.244 MiB
srv        update:    - prompt 0x28d3a10:     105 tokens, checkpoints:  0,     1.232 MiB
srv        update:    - prompt 0x28c1e20:     106 tokens, checkpoints:  0,     1.244 MiB
srv        update:    - prompt 0x3d8f9b0:     104 tokens, checkpoints:  0,     1.221 MiB
srv        update:    - prompt 0x28c94c0:     109 tokens, checkpoints:  0,     1.279 MiB
srv        update:    - prompt 0xf90860:     115 tokens, checkpoints:  0,     1.350 MiB
srv        update:    - prompt 0x28ce680:     110 tokens, checkpoints:  0,     1.291 MiB
srv        update:    - prompt 0x28ba4f0:     112 tokens, checkpoints:  0,     1.314 MiB
srv        update:    - prompt 0x28dd340:     107 tokens, checkpoints:  0,     1.256 MiB
srv        update:    - prompt 0x28d1e50:     107 tokens, checkpoints:  0,     1.256 MiB
srv        update:    - prompt 0x28c0600:     107 tokens, checkpoints:  0,     1.256 MiB
srv        update:    - prompt 0x28c6e80:     118 tokens, checkpoints:  0,     1.385 MiB
srv        update:    - prompt 0x28cd710:     122 tokens, checkpoints:  0,     1.432 MiB
srv        update:    - prompt 0x28bfbb0:     164 tokens, checkpoints:  0,     1.924 MiB
srv        update:    - prompt 0x28cfbb0:     130 tokens, checkpoints:  0,     1.525 MiB
srv        update:    - prompt 0xf0e970:     134 tokens, checkpoints:  0,     1.572 MiB
srv        update:    - prompt 0x28c6380:     131 tokens, checkpoints:  0,     1.537 MiB
srv        update:    - prompt 0x28e67e0:     145 tokens, checkpoints:  0,     1.701 MiB
srv        update:    - prompt 0x28c9fe0:     129 tokens, checkpoints:  0,     1.514 MiB
srv        update:    - prompt 0xf0c310:     135 tokens, checkpoints:  0,     1.584 MiB
srv        update:    - prompt 0x28b6d20:     135 tokens, checkpoints:  0,     1.584 MiB
srv        update:    - prompt 0x28cfc50:     242 tokens, checkpoints:  0,     2.839 MiB
srv        update:    - prompt 0x28c3290:     324 tokens, checkpoints:  0,     3.801 MiB
srv        update:    - prompt 0x28b9ba0:     362 tokens, checkpoints:  0,     4.247 MiB
srv        update:    - prompt 0xffff00004cf0:     424 tokens, checkpoints:  0,     4.974 MiB
srv        update:    - prompt 0xeec0d0:     408 tokens, checkpoints:  0,     4.786 MiB
srv        update:    - prompt 0x28ce470:     411 tokens, checkpoints:  0,     4.822 MiB
srv        update:    - prompt 0x28b9010:     417 tokens, checkpoints:  0,     4.892 MiB
srv        update:    - prompt 0x4a25680:     416 tokens, checkpoints:  0,     4.880 MiB
srv        update:    - prompt 0x4a293c0:     430 tokens, checkpoints:  0,     5.045 MiB
srv        update:    - prompt 0x28e40e0:     430 tokens, checkpoints:  0,     5.045 MiB
srv        update:    - prompt 0x28bac10:     106 tokens, checkpoints:  0,     1.244 MiB
srv        update:    - prompt 0x28b68d0:     104 tokens, checkpoints:  0,     1.221 MiB
srv        update:    - prompt 0x4a2fdc0:     109 tokens, checkpoints:  0,     1.279 MiB
srv        update:    - prompt 0x28cdbb0:     115 tokens, checkpoints:  0,     1.350 MiB
srv        update:    - prompt 0x28ec330:     110 tokens, checkpoints:  0,     1.291 MiB
srv        update:    - prompt 0xee5330:     112 tokens, checkpoints:  0,     1.314 MiB
srv        update:    - prompt 0xf12130:     107 tokens, checkpoints:  0,     1.256 MiB
srv        update:    - prompt 0x28b8f70:     107 tokens, checkpoints:  0,     1.256 MiB
srv        update:    - prompt 0x28d3cf0:     107 tokens, checkpoints:  0,     1.256 MiB
srv        update:    - prompt 0x4a227b0:      35 tokens, checkpoints:  0,     0.411 MiB
slot update_slots: id  0 | task 4185 | new prompt, n_ctx_slot = 4096, n_keep = 0, task.n_tokens = 19
slot update_slots: id  0 | task 4185 | n_tokens = 0, memory_seq_rm [0, end)
slot init_sampler: id  0 | task 4185 | init sampler, took 0.01 ms, tokens: text = 19, total = 19
slot update_slots: id  0 | task 4185 | prompt processing done, n_tokens = 19, batch.n_tokens = 19
srv  log_server_r: done request: POST /completion 127.0.0.1 200
slot print_timing: id  0 | task 4185 | 
prompt eval time =     328.89 ms /    19 tokens (   17.31 ms per token,    57.77 tokens per second)
       eval time =    2572.18 ms /   100 tokens (   25.72 ms per token,    38.88 tokens per second)
      total time =    2901.08 ms /   119 tokens
slot      release: id  0 | task 4185 | stop processing: n_tokens = 118, truncated = 0
srv  update_slots: all slots are idle
slot get_availabl: id  3 | task -1 | selected slot by LRU, t_last = 36325746588
srv  get_availabl: updating prompt cache
srv          load:  - looking for better prompt, base f_keep = -1.000, sim = 0.000
srv        update:  - cache state: 42 prompts, 88.141 MiB (limits: 8192.000 MiB, 4096 tokens, 698180 est)
srv        update:    - prompt 0x28c0e20:     105 tokens, checkpoints:  0,     1.232 MiB
srv        update:    - prompt 0x28c7080:     106 tokens, checkpoints:  0,     1.244 MiB
srv        update:    - prompt 0x28d3a10:     105 tokens, checkpoints:  0,     1.232 MiB
srv        update:    - prompt 0x28c1e20:     106 tokens, checkpoints:  0,     1.244 MiB
srv        update:    - prompt 0x3d8f9b0:     104 tokens, checkpoints:  0,     1.221 MiB
srv        update:    - prompt 0x28c94c0:     109 tokens, checkpoints:  0,     1.279 MiB
srv        update:    - prompt 0xf90860:     115 tokens, checkpoints:  0,     1.350 MiB
srv        update:    - prompt 0x28ce680:     110 tokens, checkpoints:  0,     1.291 MiB
srv        update:    - prompt 0x28ba4f0:     112 tokens, checkpoints:  0,     1.314 MiB
srv        update:    - prompt 0x28dd340:     107 tokens, checkpoints:  0,     1.256 MiB
srv        update:    - prompt 0x28d1e50:     107 tokens, checkpoints:  0,     1.256 MiB
srv        update:    - prompt 0x28c0600:     107 tokens, checkpoints:  0,     1.256 MiB
srv        update:    - prompt 0x28c6e80:     118 tokens, checkpoints:  0,     1.385 MiB
srv        update:    - prompt 0x28cd710:     122 tokens, checkpoints:  0,     1.432 MiB
srv        update:    - prompt 0x28bfbb0:     164 tokens, checkpoints:  0,     1.924 MiB
srv        update:    - prompt 0x28cfbb0:     130 tokens, checkpoints:  0,     1.525 MiB
srv        update:    - prompt 0xf0e970:     134 tokens, checkpoints:  0,     1.572 MiB
srv        update:    - prompt 0x28c6380:     131 tokens, checkpoints:  0,     1.537 MiB
srv        update:    - prompt 0x28e67e0:     145 tokens, checkpoints:  0,     1.701 MiB
srv        update:    - prompt 0x28c9fe0:     129 tokens, checkpoints:  0,     1.514 MiB
srv        update:    - prompt 0xf0c310:     135 tokens, checkpoints:  0,     1.584 MiB
srv        update:    - prompt 0x28b6d20:     135 tokens, checkpoints:  0,     1.584 MiB
srv        update:    - prompt 0x28cfc50:     242 tokens, checkpoints:  0,     2.839 MiB
srv        update:    - prompt 0x28c3290:     324 tokens, checkpoints:  0,     3.801 MiB
srv        update:    - prompt 0x28b9ba0:     362 tokens, checkpoints:  0,     4.247 MiB
srv        update:    - prompt 0xffff00004cf0:     424 tokens, checkpoints:  0,     4.974 MiB
srv        update:    - prompt 0xeec0d0:     408 tokens, checkpoints:  0,     4.786 MiB
srv        update:    - prompt 0x28ce470:     411 tokens, checkpoints:  0,     4.822 MiB
srv        update:    - prompt 0x28b9010:     417 tokens, checkpoints:  0,     4.892 MiB
srv        update:    - prompt 0x4a25680:     416 tokens, checkpoints:  0,     4.880 MiB
srv        update:    - prompt 0x4a293c0:     430 tokens, checkpoints:  0,     5.045 MiB
srv        update:    - prompt 0x28e40e0:     430 tokens, checkpoints:  0,     5.045 MiB
srv        update:    - prompt 0x28bac10:     106 tokens, checkpoints:  0,     1.244 MiB
srv        update:    - prompt 0x28b68d0:     104 tokens, checkpoints:  0,     1.221 MiB
srv        update:    - prompt 0x4a2fdc0:     109 tokens, checkpoints:  0,     1.279 MiB
srv        update:    - prompt 0x28cdbb0:     115 tokens, checkpoints:  0,     1.350 MiB
srv        update:    - prompt 0x28ec330:     110 tokens, checkpoints:  0,     1.291 MiB
srv        update:    - prompt 0xee5330:     112 tokens, checkpoints:  0,     1.314 MiB
srv        update:    - prompt 0xf12130:     107 tokens, checkpoints:  0,     1.256 MiB
srv        update:    - prompt 0x28b8f70:     107 tokens, checkpoints:  0,     1.256 MiB
srv        update:    - prompt 0x28d3cf0:     107 tokens, checkpoints:  0,     1.256 MiB
srv        update:    - prompt 0x4a227b0:      35 tokens, checkpoints:  0,     0.411 MiB
srv  get_availabl: prompt cache update took 0.11 ms
slot launch_slot_: id  3 | task -1 | sampler chain: logits -> ?penalties -> ?dry -> ?top-n-sigma -> top-k -> ?typical -> top-p -> min-p -> ?xtc -> temp-ext -> dist 
slot launch_slot_: id  3 | task 4286 | processing task, is_child = 0
slot slot_save_an: id  0 | task -1 | saving idle slot to prompt cache
srv   prompt_save:  - saving prompt with length 118, total state size = 1.385 MiB
slot prompt_clear: id  0 | task -1 | clearing prompt with 118 tokens
srv        update:  - cache state: 43 prompts, 89.526 MiB (limits: 8192.000 MiB, 4096 tokens, 698179 est)
srv        update:    - prompt 0x28c0e20:     105 tokens, checkpoints:  0,     1.232 MiB
srv        update:    - prompt 0x28c7080:     106 tokens, checkpoints:  0,     1.244 MiB
srv        update:    - prompt 0x28d3a10:     105 tokens, checkpoints:  0,     1.232 MiB
srv        update:    - prompt 0x28c1e20:     106 tokens, checkpoints:  0,     1.244 MiB
srv        update:    - prompt 0x3d8f9b0:     104 tokens, checkpoints:  0,     1.221 MiB
srv        update:    - prompt 0x28c94c0:     109 tokens, checkpoints:  0,     1.279 MiB
srv        update:    - prompt 0xf90860:     115 tokens, checkpoints:  0,     1.350 MiB
srv        update:    - prompt 0x28ce680:     110 tokens, checkpoints:  0,     1.291 MiB
srv        update:    - prompt 0x28ba4f0:     112 tokens, checkpoints:  0,     1.314 MiB
srv        update:    - prompt 0x28dd340:     107 tokens, checkpoints:  0,     1.256 MiB
srv        update:    - prompt 0x28d1e50:     107 tokens, checkpoints:  0,     1.256 MiB
srv        update:    - prompt 0x28c0600:     107 tokens, checkpoints:  0,     1.256 MiB
srv        update:    - prompt 0x28c6e80:     118 tokens, checkpoints:  0,     1.385 MiB
srv        update:    - prompt 0x28cd710:     122 tokens, checkpoints:  0,     1.432 MiB
srv        update:    - prompt 0x28bfbb0:     164 tokens, checkpoints:  0,     1.924 MiB
srv        update:    - prompt 0x28cfbb0:     130 tokens, checkpoints:  0,     1.525 MiB
srv        update:    - prompt 0xf0e970:     134 tokens, checkpoints:  0,     1.572 MiB
srv        update:    - prompt 0x28c6380:     131 tokens, checkpoints:  0,     1.537 MiB
srv        update:    - prompt 0x28e67e0:     145 tokens, checkpoints:  0,     1.701 MiB
srv        update:    - prompt 0x28c9fe0:     129 tokens, checkpoints:  0,     1.514 MiB
srv        update:    - prompt 0xf0c310:     135 tokens, checkpoints:  0,     1.584 MiB
srv        update:    - prompt 0x28b6d20:     135 tokens, checkpoints:  0,     1.584 MiB
srv        update:    - prompt 0x28cfc50:     242 tokens, checkpoints:  0,     2.839 MiB
srv        update:    - prompt 0x28c3290:     324 tokens, checkpoints:  0,     3.801 MiB
srv        update:    - prompt 0x28b9ba0:     362 tokens, checkpoints:  0,     4.247 MiB
srv        update:    - prompt 0xffff00004cf0:     424 tokens, checkpoints:  0,     4.974 MiB
srv        update:    - prompt 0xeec0d0:     408 tokens, checkpoints:  0,     4.786 MiB
srv        update:    - prompt 0x28ce470:     411 tokens, checkpoints:  0,     4.822 MiB
srv        update:    - prompt 0x28b9010:     417 tokens, checkpoints:  0,     4.892 MiB
srv        update:    - prompt 0x4a25680:     416 tokens, checkpoints:  0,     4.880 MiB
srv        update:    - prompt 0x4a293c0:     430 tokens, checkpoints:  0,     5.045 MiB
srv        update:    - prompt 0x28e40e0:     430 tokens, checkpoints:  0,     5.045 MiB
srv        update:    - prompt 0x28bac10:     106 tokens, checkpoints:  0,     1.244 MiB
srv        update:    - prompt 0x28b68d0:     104 tokens, checkpoints:  0,     1.221 MiB
srv        update:    - prompt 0x4a2fdc0:     109 tokens, checkpoints:  0,     1.279 MiB
srv        update:    - prompt 0x28cdbb0:     115 tokens, checkpoints:  0,     1.350 MiB
srv        update:    - prompt 0x28ec330:     110 tokens, checkpoints:  0,     1.291 MiB
srv        update:    - prompt 0xee5330:     112 tokens, checkpoints:  0,     1.314 MiB
srv        update:    - prompt 0xf12130:     107 tokens, checkpoints:  0,     1.256 MiB
srv        update:    - prompt 0x28b8f70:     107 tokens, checkpoints:  0,     1.256 MiB
srv        update:    - prompt 0x28d3cf0:     107 tokens, checkpoints:  0,     1.256 MiB
srv        update:    - prompt 0x4a227b0:      35 tokens, checkpoints:  0,     0.411 MiB
srv        update:    - prompt 0x4a298e0:     118 tokens, checkpoints:  0,     1.385 MiB
slot update_slots: id  3 | task 4286 | new prompt, n_ctx_slot = 4096, n_keep = 0, task.n_tokens = 23
slot update_slots: id  3 | task 4286 | n_tokens = 0, memory_seq_rm [0, end)
slot init_sampler: id  3 | task 4286 | init sampler, took 0.01 ms, tokens: text = 23, total = 23
slot update_slots: id  3 | task 4286 | prompt processing done, n_tokens = 23, batch.n_tokens = 23
srv  log_server_r: done request: POST /completion 127.0.0.1 200
slot print_timing: id  3 | task 4286 | 
prompt eval time =     395.38 ms /    23 tokens (   17.19 ms per token,    58.17 tokens per second)
       eval time =    2576.62 ms /   100 tokens (   25.77 ms per token,    38.81 tokens per second)
      total time =    2972.00 ms /   123 tokens
slot      release: id  3 | task 4286 | stop processing: n_tokens = 122, truncated = 0
srv  update_slots: all slots are idle
slot get_availabl: id  2 | task -1 | selected slot by LRU, t_last = 36329034865
srv  get_availabl: updating prompt cache
srv          load:  - looking for better prompt, base f_keep = -1.000, sim = 0.000
srv          load:  - found better prompt with f_keep = 0.396, sim = 1.000
srv        update:  - cache state: 42 prompts, 87.601 MiB (limits: 8192.000 MiB, 4096 tokens, 698179 est)
srv        update:    - prompt 0x28c0e20:     105 tokens, checkpoints:  0,     1.232 MiB
srv        update:    - prompt 0x28c7080:     106 tokens, checkpoints:  0,     1.244 MiB
srv        update:    - prompt 0x28d3a10:     105 tokens, checkpoints:  0,     1.232 MiB
srv        update:    - prompt 0x28c1e20:     106 tokens, checkpoints:  0,     1.244 MiB
srv        update:    - prompt 0x3d8f9b0:     104 tokens, checkpoints:  0,     1.221 MiB
srv        update:    - prompt 0x28c94c0:     109 tokens, checkpoints:  0,     1.279 MiB
srv        update:    - prompt 0xf90860:     115 tokens, checkpoints:  0,     1.350 MiB
srv        update:    - prompt 0x28ce680:     110 tokens, checkpoints:  0,     1.291 MiB
srv        update:    - prompt 0x28ba4f0:     112 tokens, checkpoints:  0,     1.314 MiB
srv        update:    - prompt 0x28dd340:     107 tokens, checkpoints:  0,     1.256 MiB
srv        update:    - prompt 0x28d1e50:     107 tokens, checkpoints:  0,     1.256 MiB
srv        update:    - prompt 0x28c0600:     107 tokens, checkpoints:  0,     1.256 MiB
srv        update:    - prompt 0x28c6e80:     118 tokens, checkpoints:  0,     1.385 MiB
srv        update:    - prompt 0x28cd710:     122 tokens, checkpoints:  0,     1.432 MiB
srv        update:    - prompt 0x28cfbb0:     130 tokens, checkpoints:  0,     1.525 MiB
srv        update:    - prompt 0xf0e970:     134 tokens, checkpoints:  0,     1.572 MiB
srv        update:    - prompt 0x28c6380:     131 tokens, checkpoints:  0,     1.537 MiB
srv        update:    - prompt 0x28e67e0:     145 tokens, checkpoints:  0,     1.701 MiB
srv        update:    - prompt 0x28c9fe0:     129 tokens, checkpoints:  0,     1.514 MiB
srv        update:    - prompt 0xf0c310:     135 tokens, checkpoints:  0,     1.584 MiB
srv        update:    - prompt 0x28b6d20:     135 tokens, checkpoints:  0,     1.584 MiB
srv        update:    - prompt 0x28cfc50:     242 tokens, checkpoints:  0,     2.839 MiB
srv        update:    - prompt 0x28c3290:     324 tokens, checkpoints:  0,     3.801 MiB
srv        update:    - prompt 0x28b9ba0:     362 tokens, checkpoints:  0,     4.247 MiB
srv        update:    - prompt 0xffff00004cf0:     424 tokens, checkpoints:  0,     4.974 MiB
srv        update:    - prompt 0xeec0d0:     408 tokens, checkpoints:  0,     4.786 MiB
srv        update:    - prompt 0x28ce470:     411 tokens, checkpoints:  0,     4.822 MiB
srv        update:    - prompt 0x28b9010:     417 tokens, checkpoints:  0,     4.892 MiB
srv        update:    - prompt 0x4a25680:     416 tokens, checkpoints:  0,     4.880 MiB
srv        update:    - prompt 0x4a293c0:     430 tokens, checkpoints:  0,     5.045 MiB
srv        update:    - prompt 0x28e40e0:     430 tokens, checkpoints:  0,     5.045 MiB
srv        update:    - prompt 0x28bac10:     106 tokens, checkpoints:  0,     1.244 MiB
srv        update:    - prompt 0x28b68d0:     104 tokens, checkpoints:  0,     1.221 MiB
srv        update:    - prompt 0x4a2fdc0:     109 tokens, checkpoints:  0,     1.279 MiB
srv        update:    - prompt 0x28cdbb0:     115 tokens, checkpoints:  0,     1.350 MiB
srv        update:    - prompt 0x28ec330:     110 tokens, checkpoints:  0,     1.291 MiB
srv        update:    - prompt 0xee5330:     112 tokens, checkpoints:  0,     1.314 MiB
srv        update:    - prompt 0xf12130:     107 tokens, checkpoints:  0,     1.256 MiB
srv        update:    - prompt 0x28b8f70:     107 tokens, checkpoints:  0,     1.256 MiB
srv        update:    - prompt 0x28d3cf0:     107 tokens, checkpoints:  0,     1.256 MiB
srv        update:    - prompt 0x4a227b0:      35 tokens, checkpoints:  0,     0.411 MiB
srv        update:    - prompt 0x4a298e0:     118 tokens, checkpoints:  0,     1.385 MiB
srv  get_availabl: prompt cache update took 0.76 ms
slot launch_slot_: id  2 | task -1 | sampler chain: logits -> ?penalties -> ?dry -> ?top-n-sigma -> top-k -> ?typical -> top-p -> min-p -> ?xtc -> temp-ext -> dist 
slot launch_slot_: id  2 | task 4387 | processing task, is_child = 0
slot slot_save_an: id  3 | task -1 | saving idle slot to prompt cache
srv   prompt_save:  - saving prompt with length 122, total state size = 1.432 MiB
slot prompt_clear: id  3 | task -1 | clearing prompt with 122 tokens
srv        update:  - cache state: 43 prompts, 89.033 MiB (limits: 8192.000 MiB, 4096 tokens, 698178 est)
srv        update:    - prompt 0x28c0e20:     105 tokens, checkpoints:  0,     1.232 MiB
srv        update:    - prompt 0x28c7080:     106 tokens, checkpoints:  0,     1.244 MiB
srv        update:    - prompt 0x28d3a10:     105 tokens, checkpoints:  0,     1.232 MiB
srv        update:    - prompt 0x28c1e20:     106 tokens, checkpoints:  0,     1.244 MiB
srv        update:    - prompt 0x3d8f9b0:     104 tokens, checkpoints:  0,     1.221 MiB
srv        update:    - prompt 0x28c94c0:     109 tokens, checkpoints:  0,     1.279 MiB
srv        update:    - prompt 0xf90860:     115 tokens, checkpoints:  0,     1.350 MiB
srv        update:    - prompt 0x28ce680:     110 tokens, checkpoints:  0,     1.291 MiB
srv        update:    - prompt 0x28ba4f0:     112 tokens, checkpoints:  0,     1.314 MiB
srv        update:    - prompt 0x28dd340:     107 tokens, checkpoints:  0,     1.256 MiB
srv        update:    - prompt 0x28d1e50:     107 tokens, checkpoints:  0,     1.256 MiB
srv        update:    - prompt 0x28c0600:     107 tokens, checkpoints:  0,     1.256 MiB
srv        update:    - prompt 0x28c6e80:     118 tokens, checkpoints:  0,     1.385 MiB
srv        update:    - prompt 0x28cd710:     122 tokens, checkpoints:  0,     1.432 MiB
srv        update:    - prompt 0x28cfbb0:     130 tokens, checkpoints:  0,     1.525 MiB
srv        update:    - prompt 0xf0e970:     134 tokens, checkpoints:  0,     1.572 MiB
srv        update:    - prompt 0x28c6380:     131 tokens, checkpoints:  0,     1.537 MiB
srv        update:    - prompt 0x28e67e0:     145 tokens, checkpoints:  0,     1.701 MiB
srv        update:    - prompt 0x28c9fe0:     129 tokens, checkpoints:  0,     1.514 MiB
srv        update:    - prompt 0xf0c310:     135 tokens, checkpoints:  0,     1.584 MiB
srv        update:    - prompt 0x28b6d20:     135 tokens, checkpoints:  0,     1.584 MiB
srv        update:    - prompt 0x28cfc50:     242 tokens, checkpoints:  0,     2.839 MiB
srv        update:    - prompt 0x28c3290:     324 tokens, checkpoints:  0,     3.801 MiB
srv        update:    - prompt 0x28b9ba0:     362 tokens, checkpoints:  0,     4.247 MiB
srv        update:    - prompt 0xffff00004cf0:     424 tokens, checkpoints:  0,     4.974 MiB
srv        update:    - prompt 0xeec0d0:     408 tokens, checkpoints:  0,     4.786 MiB
srv        update:    - prompt 0x28ce470:     411 tokens, checkpoints:  0,     4.822 MiB
srv        update:    - prompt 0x28b9010:     417 tokens, checkpoints:  0,     4.892 MiB
srv        update:    - prompt 0x4a25680:     416 tokens, checkpoints:  0,     4.880 MiB
srv        update:    - prompt 0x4a293c0:     430 tokens, checkpoints:  0,     5.045 MiB
srv        update:    - prompt 0x28e40e0:     430 tokens, checkpoints:  0,     5.045 MiB
srv        update:    - prompt 0x28bac10:     106 tokens, checkpoints:  0,     1.244 MiB
srv        update:    - prompt 0x28b68d0:     104 tokens, checkpoints:  0,     1.221 MiB
srv        update:    - prompt 0x4a2fdc0:     109 tokens, checkpoints:  0,     1.279 MiB
srv        update:    - prompt 0x28cdbb0:     115 tokens, checkpoints:  0,     1.350 MiB
srv        update:    - prompt 0x28ec330:     110 tokens, checkpoints:  0,     1.291 MiB
srv        update:    - prompt 0xee5330:     112 tokens, checkpoints:  0,     1.314 MiB
srv        update:    - prompt 0xf12130:     107 tokens, checkpoints:  0,     1.256 MiB
srv        update:    - prompt 0x28b8f70:     107 tokens, checkpoints:  0,     1.256 MiB
srv        update:    - prompt 0x28d3cf0:     107 tokens, checkpoints:  0,     1.256 MiB
srv        update:    - prompt 0x4a227b0:      35 tokens, checkpoints:  0,     0.411 MiB
srv        update:    - prompt 0x4a298e0:     118 tokens, checkpoints:  0,     1.385 MiB
srv        update:    - prompt 0x28bfbb0:     122 tokens, checkpoints:  0,     1.432 MiB
slot update_slots: id  2 | task 4387 | new prompt, n_ctx_slot = 4096, n_keep = 0, task.n_tokens = 65
slot update_slots: id  2 | task 4387 | need to evaluate at least 1 token for each active slot (n_past = 65, task.n_tokens() = 65)
slot update_slots: id  2 | task 4387 | n_past was set to 64
slot update_slots: id  2 | task 4387 | n_tokens = 64, memory_seq_rm [64, end)
slot init_sampler: id  2 | task 4387 | init sampler, took 0.03 ms, tokens: text = 65, total = 65
slot update_slots: id  2 | task 4387 | prompt processing done, n_tokens = 65, batch.n_tokens = 1
srv  log_server_r: done request: POST /completion 127.0.0.1 200
slot print_timing: id  2 | task 4387 | 
prompt eval time =      26.33 ms /     1 tokens (   26.33 ms per token,    37.99 tokens per second)
       eval time =    2591.09 ms /   100 tokens (   25.91 ms per token,    38.59 tokens per second)
      total time =    2617.41 ms /   101 tokens
slot      release: id  2 | task 4387 | stop processing: n_tokens = 164, truncated = 0
srv  update_slots: all slots are idle
slot get_availabl: id  1 | task -1 | selected slot by LRU, t_last = 36330258877
srv  get_availabl: updating prompt cache
srv          load:  - looking for better prompt, base f_keep = -1.000, sim = 0.000
srv        update:  - cache state: 43 prompts, 89.033 MiB (limits: 8192.000 MiB, 4096 tokens, 698178 est)
srv        update:    - prompt 0x28c0e20:     105 tokens, checkpoints:  0,     1.232 MiB
srv        update:    - prompt 0x28c7080:     106 tokens, checkpoints:  0,     1.244 MiB
srv        update:    - prompt 0x28d3a10:     105 tokens, checkpoints:  0,     1.232 MiB
srv        update:    - prompt 0x28c1e20:     106 tokens, checkpoints:  0,     1.244 MiB
srv        update:    - prompt 0x3d8f9b0:     104 tokens, checkpoints:  0,     1.221 MiB
srv        update:    - prompt 0x28c94c0:     109 tokens, checkpoints:  0,     1.279 MiB
srv        update:    - prompt 0xf90860:     115 tokens, checkpoints:  0,     1.350 MiB
srv        update:    - prompt 0x28ce680:     110 tokens, checkpoints:  0,     1.291 MiB
srv        update:    - prompt 0x28ba4f0:     112 tokens, checkpoints:  0,     1.314 MiB
srv        update:    - prompt 0x28dd340:     107 tokens, checkpoints:  0,     1.256 MiB
srv        update:    - prompt 0x28d1e50:     107 tokens, checkpoints:  0,     1.256 MiB
srv        update:    - prompt 0x28c0600:     107 tokens, checkpoints:  0,     1.256 MiB
srv        update:    - prompt 0x28c6e80:     118 tokens, checkpoints:  0,     1.385 MiB
srv        update:    - prompt 0x28cd710:     122 tokens, checkpoints:  0,     1.432 MiB
srv        update:    - prompt 0x28cfbb0:     130 tokens, checkpoints:  0,     1.525 MiB
srv        update:    - prompt 0xf0e970:     134 tokens, checkpoints:  0,     1.572 MiB
srv        update:    - prompt 0x28c6380:     131 tokens, checkpoints:  0,     1.537 MiB
srv        update:    - prompt 0x28e67e0:     145 tokens, checkpoints:  0,     1.701 MiB
srv        update:    - prompt 0x28c9fe0:     129 tokens, checkpoints:  0,     1.514 MiB
srv        update:    - prompt 0xf0c310:     135 tokens, checkpoints:  0,     1.584 MiB
srv        update:    - prompt 0x28b6d20:     135 tokens, checkpoints:  0,     1.584 MiB
srv        update:    - prompt 0x28cfc50:     242 tokens, checkpoints:  0,     2.839 MiB
srv        update:    - prompt 0x28c3290:     324 tokens, checkpoints:  0,     3.801 MiB
srv        update:    - prompt 0x28b9ba0:     362 tokens, checkpoints:  0,     4.247 MiB
srv        update:    - prompt 0xffff00004cf0:     424 tokens, checkpoints:  0,     4.974 MiB
srv        update:    - prompt 0xeec0d0:     408 tokens, checkpoints:  0,     4.786 MiB
srv        update:    - prompt 0x28ce470:     411 tokens, checkpoints:  0,     4.822 MiB
srv        update:    - prompt 0x28b9010:     417 tokens, checkpoints:  0,     4.892 MiB
srv        update:    - prompt 0x4a25680:     416 tokens, checkpoints:  0,     4.880 MiB
srv        update:    - prompt 0x4a293c0:     430 tokens, checkpoints:  0,     5.045 MiB
srv        update:    - prompt 0x28e40e0:     430 tokens, checkpoints:  0,     5.045 MiB
srv        update:    - prompt 0x28bac10:     106 tokens, checkpoints:  0,     1.244 MiB
srv        update:    - prompt 0x28b68d0:     104 tokens, checkpoints:  0,     1.221 MiB
srv        update:    - prompt 0x4a2fdc0:     109 tokens, checkpoints:  0,     1.279 MiB
srv        update:    - prompt 0x28cdbb0:     115 tokens, checkpoints:  0,     1.350 MiB
srv        update:    - prompt 0x28ec330:     110 tokens, checkpoints:  0,     1.291 MiB
srv        update:    - prompt 0xee5330:     112 tokens, checkpoints:  0,     1.314 MiB
srv        update:    - prompt 0xf12130:     107 tokens, checkpoints:  0,     1.256 MiB
srv        update:    - prompt 0x28b8f70:     107 tokens, checkpoints:  0,     1.256 MiB
srv        update:    - prompt 0x28d3cf0:     107 tokens, checkpoints:  0,     1.256 MiB
srv        update:    - prompt 0x4a227b0:      35 tokens, checkpoints:  0,     0.411 MiB
srv        update:    - prompt 0x4a298e0:     118 tokens, checkpoints:  0,     1.385 MiB
srv        update:    - prompt 0x28bfbb0:     122 tokens, checkpoints:  0,     1.432 MiB
srv  get_availabl: prompt cache update took 0.15 ms
slot launch_slot_: id  1 | task -1 | sampler chain: logits -> ?penalties -> ?dry -> ?top-n-sigma -> top-k -> ?typical -> top-p -> min-p -> ?xtc -> temp-ext -> dist 
slot launch_slot_: id  1 | task 4488 | processing task, is_child = 0
slot slot_save_an: id  2 | task -1 | saving idle slot to prompt cache
srv   prompt_save:  - saving prompt with length 164, total state size = 1.924 MiB
slot prompt_clear: id  2 | task -1 | clearing prompt with 164 tokens
srv        update:  - cache state: 44 prompts, 90.957 MiB (limits: 8192.000 MiB, 4096 tokens, 698177 est)
srv        update:    - prompt 0x28c0e20:     105 tokens, checkpoints:  0,     1.232 MiB
srv        update:    - prompt 0x28c7080:     106 tokens, checkpoints:  0,     1.244 MiB
srv        update:    - prompt 0x28d3a10:     105 tokens, checkpoints:  0,     1.232 MiB
srv        update:    - prompt 0x28c1e20:     106 tokens, checkpoints:  0,     1.244 MiB
srv        update:    - prompt 0x3d8f9b0:     104 tokens, checkpoints:  0,     1.221 MiB
srv        update:    - prompt 0x28c94c0:     109 tokens, checkpoints:  0,     1.279 MiB
srv        update:    - prompt 0xf90860:     115 tokens, checkpoints:  0,     1.350 MiB
srv        update:    - prompt 0x28ce680:     110 tokens, checkpoints:  0,     1.291 MiB
srv        update:    - prompt 0x28ba4f0:     112 tokens, checkpoints:  0,     1.314 MiB
srv        update:    - prompt 0x28dd340:     107 tokens, checkpoints:  0,     1.256 MiB
srv        update:    - prompt 0x28d1e50:     107 tokens, checkpoints:  0,     1.256 MiB
srv        update:    - prompt 0x28c0600:     107 tokens, checkpoints:  0,     1.256 MiB
srv        update:    - prompt 0x28c6e80:     118 tokens, checkpoints:  0,     1.385 MiB
srv        update:    - prompt 0x28cd710:     122 tokens, checkpoints:  0,     1.432 MiB
srv        update:    - prompt 0x28cfbb0:     130 tokens, checkpoints:  0,     1.525 MiB
srv        update:    - prompt 0xf0e970:     134 tokens, checkpoints:  0,     1.572 MiB
srv        update:    - prompt 0x28c6380:     131 tokens, checkpoints:  0,     1.537 MiB
srv        update:    - prompt 0x28e67e0:     145 tokens, checkpoints:  0,     1.701 MiB
srv        update:    - prompt 0x28c9fe0:     129 tokens, checkpoints:  0,     1.514 MiB
srv        update:    - prompt 0xf0c310:     135 tokens, checkpoints:  0,     1.584 MiB
srv        update:    - prompt 0x28b6d20:     135 tokens, checkpoints:  0,     1.584 MiB
srv        update:    - prompt 0x28cfc50:     242 tokens, checkpoints:  0,     2.839 MiB
srv        update:    - prompt 0x28c3290:     324 tokens, checkpoints:  0,     3.801 MiB
srv        update:    - prompt 0x28b9ba0:     362 tokens, checkpoints:  0,     4.247 MiB
srv        update:    - prompt 0xffff00004cf0:     424 tokens, checkpoints:  0,     4.974 MiB
srv        update:    - prompt 0xeec0d0:     408 tokens, checkpoints:  0,     4.786 MiB
srv        update:    - prompt 0x28ce470:     411 tokens, checkpoints:  0,     4.822 MiB
srv        update:    - prompt 0x28b9010:     417 tokens, checkpoints:  0,     4.892 MiB
srv        update:    - prompt 0x4a25680:     416 tokens, checkpoints:  0,     4.880 MiB
srv        update:    - prompt 0x4a293c0:     430 tokens, checkpoints:  0,     5.045 MiB
srv        update:    - prompt 0x28e40e0:     430 tokens, checkpoints:  0,     5.045 MiB
srv        update:    - prompt 0x28bac10:     106 tokens, checkpoints:  0,     1.244 MiB
srv        update:    - prompt 0x28b68d0:     104 tokens, checkpoints:  0,     1.221 MiB
srv        update:    - prompt 0x4a2fdc0:     109 tokens, checkpoints:  0,     1.279 MiB
srv        update:    - prompt 0x28cdbb0:     115 tokens, checkpoints:  0,     1.350 MiB
srv        update:    - prompt 0x28ec330:     110 tokens, checkpoints:  0,     1.291 MiB
srv        update:    - prompt 0xee5330:     112 tokens, checkpoints:  0,     1.314 MiB
srv        update:    - prompt 0xf12130:     107 tokens, checkpoints:  0,     1.256 MiB
srv        update:    - prompt 0x28b8f70:     107 tokens, checkpoints:  0,     1.256 MiB
srv        update:    - prompt 0x28d3cf0:     107 tokens, checkpoints:  0,     1.256 MiB
srv        update:    - prompt 0x4a227b0:      35 tokens, checkpoints:  0,     0.411 MiB
srv        update:    - prompt 0x4a298e0:     118 tokens, checkpoints:  0,     1.385 MiB
srv        update:    - prompt 0x28bfbb0:     122 tokens, checkpoints:  0,     1.432 MiB
srv        update:    - prompt 0x2911090:     164 tokens, checkpoints:  0,     1.924 MiB
slot update_slots: id  1 | task 4488 | new prompt, n_ctx_slot = 4096, n_keep = 0, task.n_tokens = 31
slot update_slots: id  1 | task 4488 | n_tokens = 0, memory_seq_rm [0, end)
slot init_sampler: id  1 | task 4488 | init sampler, took 0.02 ms, tokens: text = 31, total = 31
slot update_slots: id  1 | task 4488 | prompt processing done, n_tokens = 31, batch.n_tokens = 31
srv  log_server_r: done request: POST /completion 127.0.0.1 200
slot print_timing: id  1 | task 4488 | 
prompt eval time =     527.80 ms /    31 tokens (   17.03 ms per token,    58.73 tokens per second)
       eval time =    2576.20 ms /   100 tokens (   25.76 ms per token,    38.82 tokens per second)
      total time =    3104.00 ms /   131 tokens
slot      release: id  1 | task 4488 | stop processing: n_tokens = 130, truncated = 0
srv  update_slots: all slots are idle
slot get_availabl: id  0 | task -1 | selected slot by LRU, t_last = 36333738661
srv  get_availabl: updating prompt cache
srv          load:  - looking for better prompt, base f_keep = -1.000, sim = 0.000
srv          load:  - found better prompt with f_keep = 0.261, sim = 1.000
srv        update:  - cache state: 43 prompts, 89.385 MiB (limits: 8192.000 MiB, 4096 tokens, 698179 est)
srv        update:    - prompt 0x28c0e20:     105 tokens, checkpoints:  0,     1.232 MiB
srv        update:    - prompt 0x28c7080:     106 tokens, checkpoints:  0,     1.244 MiB
srv        update:    - prompt 0x28d3a10:     105 tokens, checkpoints:  0,     1.232 MiB
srv        update:    - prompt 0x28c1e20:     106 tokens, checkpoints:  0,     1.244 MiB
srv        update:    - prompt 0x3d8f9b0:     104 tokens, checkpoints:  0,     1.221 MiB
srv        update:    - prompt 0x28c94c0:     109 tokens, checkpoints:  0,     1.279 MiB
srv        update:    - prompt 0xf90860:     115 tokens, checkpoints:  0,     1.350 MiB
srv        update:    - prompt 0x28ce680:     110 tokens, checkpoints:  0,     1.291 MiB
srv        update:    - prompt 0x28ba4f0:     112 tokens, checkpoints:  0,     1.314 MiB
srv        update:    - prompt 0x28dd340:     107 tokens, checkpoints:  0,     1.256 MiB
srv        update:    - prompt 0x28d1e50:     107 tokens, checkpoints:  0,     1.256 MiB
srv        update:    - prompt 0x28c0600:     107 tokens, checkpoints:  0,     1.256 MiB
srv        update:    - prompt 0x28c6e80:     118 tokens, checkpoints:  0,     1.385 MiB
srv        update:    - prompt 0x28cd710:     122 tokens, checkpoints:  0,     1.432 MiB
srv        update:    - prompt 0x28cfbb0:     130 tokens, checkpoints:  0,     1.525 MiB
srv        update:    - prompt 0x28c6380:     131 tokens, checkpoints:  0,     1.537 MiB
srv        update:    - prompt 0x28e67e0:     145 tokens, checkpoints:  0,     1.701 MiB
srv        update:    - prompt 0x28c9fe0:     129 tokens, checkpoints:  0,     1.514 MiB
srv        update:    - prompt 0xf0c310:     135 tokens, checkpoints:  0,     1.584 MiB
srv        update:    - prompt 0x28b6d20:     135 tokens, checkpoints:  0,     1.584 MiB
srv        update:    - prompt 0x28cfc50:     242 tokens, checkpoints:  0,     2.839 MiB
srv        update:    - prompt 0x28c3290:     324 tokens, checkpoints:  0,     3.801 MiB
srv        update:    - prompt 0x28b9ba0:     362 tokens, checkpoints:  0,     4.247 MiB
srv        update:    - prompt 0xffff00004cf0:     424 tokens, checkpoints:  0,     4.974 MiB
srv        update:    - prompt 0xeec0d0:     408 tokens, checkpoints:  0,     4.786 MiB
srv        update:    - prompt 0x28ce470:     411 tokens, checkpoints:  0,     4.822 MiB
srv        update:    - prompt 0x28b9010:     417 tokens, checkpoints:  0,     4.892 MiB
srv        update:    - prompt 0x4a25680:     416 tokens, checkpoints:  0,     4.880 MiB
srv        update:    - prompt 0x4a293c0:     430 tokens, checkpoints:  0,     5.045 MiB
srv        update:    - prompt 0x28e40e0:     430 tokens, checkpoints:  0,     5.045 MiB
srv        update:    - prompt 0x28bac10:     106 tokens, checkpoints:  0,     1.244 MiB
srv        update:    - prompt 0x28b68d0:     104 tokens, checkpoints:  0,     1.221 MiB
srv        update:    - prompt 0x4a2fdc0:     109 tokens, checkpoints:  0,     1.279 MiB
srv        update:    - prompt 0x28cdbb0:     115 tokens, checkpoints:  0,     1.350 MiB
srv        update:    - prompt 0x28ec330:     110 tokens, checkpoints:  0,     1.291 MiB
srv        update:    - prompt 0xee5330:     112 tokens, checkpoints:  0,     1.314 MiB
srv        update:    - prompt 0xf12130:     107 tokens, checkpoints:  0,     1.256 MiB
srv        update:    - prompt 0x28b8f70:     107 tokens, checkpoints:  0,     1.256 MiB
srv        update:    - prompt 0x28d3cf0:     107 tokens, checkpoints:  0,     1.256 MiB
srv        update:    - prompt 0x4a227b0:      35 tokens, checkpoints:  0,     0.411 MiB
srv        update:    - prompt 0x4a298e0:     118 tokens, checkpoints:  0,     1.385 MiB
srv        update:    - prompt 0x28bfbb0:     122 tokens, checkpoints:  0,     1.432 MiB
srv        update:    - prompt 0x2911090:     164 tokens, checkpoints:  0,     1.924 MiB
srv  get_availabl: prompt cache update took 0.68 ms
slot launch_slot_: id  0 | task -1 | sampler chain: logits -> ?penalties -> ?dry -> ?top-n-sigma -> top-k -> ?typical -> top-p -> min-p -> ?xtc -> temp-ext -> dist 
slot launch_slot_: id  0 | task 4589 | processing task, is_child = 0
slot slot_save_an: id  1 | task -1 | saving idle slot to prompt cache
srv   prompt_save:  - saving prompt with length 130, total state size = 1.525 MiB
slot prompt_clear: id  1 | task -1 | clearing prompt with 130 tokens
srv        update:  - cache state: 44 prompts, 90.910 MiB (limits: 8192.000 MiB, 4096 tokens, 698177 est)
srv        update:    - prompt 0x28c0e20:     105 tokens, checkpoints:  0,     1.232 MiB
srv        update:    - prompt 0x28c7080:     106 tokens, checkpoints:  0,     1.244 MiB
srv        update:    - prompt 0x28d3a10:     105 tokens, checkpoints:  0,     1.232 MiB
srv        update:    - prompt 0x28c1e20:     106 tokens, checkpoints:  0,     1.244 MiB
srv        update:    - prompt 0x3d8f9b0:     104 tokens, checkpoints:  0,     1.221 MiB
srv        update:    - prompt 0x28c94c0:     109 tokens, checkpoints:  0,     1.279 MiB
srv        update:    - prompt 0xf90860:     115 tokens, checkpoints:  0,     1.350 MiB
srv        update:    - prompt 0x28ce680:     110 tokens, checkpoints:  0,     1.291 MiB
srv        update:    - prompt 0x28ba4f0:     112 tokens, checkpoints:  0,     1.314 MiB
srv        update:    - prompt 0x28dd340:     107 tokens, checkpoints:  0,     1.256 MiB
srv        update:    - prompt 0x28d1e50:     107 tokens, checkpoints:  0,     1.256 MiB
srv        update:    - prompt 0x28c0600:     107 tokens, checkpoints:  0,     1.256 MiB
srv        update:    - prompt 0x28c6e80:     118 tokens, checkpoints:  0,     1.385 MiB
srv        update:    - prompt 0x28cd710:     122 tokens, checkpoints:  0,     1.432 MiB
srv        update:    - prompt 0x28cfbb0:     130 tokens, checkpoints:  0,     1.525 MiB
srv        update:    - prompt 0x28c6380:     131 tokens, checkpoints:  0,     1.537 MiB
srv        update:    - prompt 0x28e67e0:     145 tokens, checkpoints:  0,     1.701 MiB
srv        update:    - prompt 0x28c9fe0:     129 tokens, checkpoints:  0,     1.514 MiB
srv        update:    - prompt 0xf0c310:     135 tokens, checkpoints:  0,     1.584 MiB
srv        update:    - prompt 0x28b6d20:     135 tokens, checkpoints:  0,     1.584 MiB
srv        update:    - prompt 0x28cfc50:     242 tokens, checkpoints:  0,     2.839 MiB
srv        update:    - prompt 0x28c3290:     324 tokens, checkpoints:  0,     3.801 MiB
srv        update:    - prompt 0x28b9ba0:     362 tokens, checkpoints:  0,     4.247 MiB
srv        update:    - prompt 0xffff00004cf0:     424 tokens, checkpoints:  0,     4.974 MiB
srv        update:    - prompt 0xeec0d0:     408 tokens, checkpoints:  0,     4.786 MiB
srv        update:    - prompt 0x28ce470:     411 tokens, checkpoints:  0,     4.822 MiB
srv        update:    - prompt 0x28b9010:     417 tokens, checkpoints:  0,     4.892 MiB
srv        update:    - prompt 0x4a25680:     416 tokens, checkpoints:  0,     4.880 MiB
srv        update:    - prompt 0x4a293c0:     430 tokens, checkpoints:  0,     5.045 MiB
srv        update:    - prompt 0x28e40e0:     430 tokens, checkpoints:  0,     5.045 MiB
srv        update:    - prompt 0x28bac10:     106 tokens, checkpoints:  0,     1.244 MiB
srv        update:    - prompt 0x28b68d0:     104 tokens, checkpoints:  0,     1.221 MiB
srv        update:    - prompt 0x4a2fdc0:     109 tokens, checkpoints:  0,     1.279 MiB
srv        update:    - prompt 0x28cdbb0:     115 tokens, checkpoints:  0,     1.350 MiB
srv        update:    - prompt 0x28ec330:     110 tokens, checkpoints:  0,     1.291 MiB
srv        update:    - prompt 0xee5330:     112 tokens, checkpoints:  0,     1.314 MiB
srv        update:    - prompt 0xf12130:     107 tokens, checkpoints:  0,     1.256 MiB
srv        update:    - prompt 0x28b8f70:     107 tokens, checkpoints:  0,     1.256 MiB
srv        update:    - prompt 0x28d3cf0:     107 tokens, checkpoints:  0,     1.256 MiB
srv        update:    - prompt 0x4a227b0:      35 tokens, checkpoints:  0,     0.411 MiB
srv        update:    - prompt 0x4a298e0:     118 tokens, checkpoints:  0,     1.385 MiB
srv        update:    - prompt 0x28bfbb0:     122 tokens, checkpoints:  0,     1.432 MiB
srv        update:    - prompt 0x2911090:     164 tokens, checkpoints:  0,     1.924 MiB
srv        update:    - prompt 0xf0e970:     130 tokens, checkpoints:  0,     1.525 MiB
slot update_slots: id  0 | task 4589 | new prompt, n_ctx_slot = 4096, n_keep = 0, task.n_tokens = 35
slot update_slots: id  0 | task 4589 | need to evaluate at least 1 token for each active slot (n_past = 35, task.n_tokens() = 35)
slot update_slots: id  0 | task 4589 | n_past was set to 34
slot update_slots: id  0 | task 4589 | n_tokens = 34, memory_seq_rm [34, end)
slot init_sampler: id  0 | task 4589 | init sampler, took 0.02 ms, tokens: text = 35, total = 35
slot update_slots: id  0 | task 4589 | prompt processing done, n_tokens = 35, batch.n_tokens = 1
srv  log_server_r: done request: POST /completion 127.0.0.1 200
slot print_timing: id  0 | task 4589 | 
prompt eval time =      26.13 ms /     1 tokens (   26.13 ms per token,    38.27 tokens per second)
       eval time =    2573.78 ms /   100 tokens (   25.74 ms per token,    38.85 tokens per second)
      total time =    2599.91 ms /   101 tokens
slot      release: id  0 | task 4589 | stop processing: n_tokens = 134, truncated = 0
srv  update_slots: all slots are idle
slot get_availabl: id  3 | task -1 | selected slot by LRU, t_last = 36337297953
srv  get_availabl: updating prompt cache
srv          load:  - looking for better prompt, base f_keep = -1.000, sim = 0.000
srv        update:  - cache state: 44 prompts, 90.910 MiB (limits: 8192.000 MiB, 4096 tokens, 698177 est)
srv        update:    - prompt 0x28c0e20:     105 tokens, checkpoints:  0,     1.232 MiB
srv        update:    - prompt 0x28c7080:     106 tokens, checkpoints:  0,     1.244 MiB
srv        update:    - prompt 0x28d3a10:     105 tokens, checkpoints:  0,     1.232 MiB
srv        update:    - prompt 0x28c1e20:     106 tokens, checkpoints:  0,     1.244 MiB
srv        update:    - prompt 0x3d8f9b0:     104 tokens, checkpoints:  0,     1.221 MiB
srv        update:    - prompt 0x28c94c0:     109 tokens, checkpoints:  0,     1.279 MiB
srv        update:    - prompt 0xf90860:     115 tokens, checkpoints:  0,     1.350 MiB
srv        update:    - prompt 0x28ce680:     110 tokens, checkpoints:  0,     1.291 MiB
srv        update:    - prompt 0x28ba4f0:     112 tokens, checkpoints:  0,     1.314 MiB
srv        update:    - prompt 0x28dd340:     107 tokens, checkpoints:  0,     1.256 MiB
srv        update:    - prompt 0x28d1e50:     107 tokens, checkpoints:  0,     1.256 MiB
srv        update:    - prompt 0x28c0600:     107 tokens, checkpoints:  0,     1.256 MiB
srv        update:    - prompt 0x28c6e80:     118 tokens, checkpoints:  0,     1.385 MiB
srv        update:    - prompt 0x28cd710:     122 tokens, checkpoints:  0,     1.432 MiB
srv        update:    - prompt 0x28cfbb0:     130 tokens, checkpoints:  0,     1.525 MiB
srv        update:    - prompt 0x28c6380:     131 tokens, checkpoints:  0,     1.537 MiB
srv        update:    - prompt 0x28e67e0:     145 tokens, checkpoints:  0,     1.701 MiB
srv        update:    - prompt 0x28c9fe0:     129 tokens, checkpoints:  0,     1.514 MiB
srv        update:    - prompt 0xf0c310:     135 tokens, checkpoints:  0,     1.584 MiB
srv        update:    - prompt 0x28b6d20:     135 tokens, checkpoints:  0,     1.584 MiB
srv        update:    - prompt 0x28cfc50:     242 tokens, checkpoints:  0,     2.839 MiB
srv        update:    - prompt 0x28c3290:     324 tokens, checkpoints:  0,     3.801 MiB
srv        update:    - prompt 0x28b9ba0:     362 tokens, checkpoints:  0,     4.247 MiB
srv        update:    - prompt 0xffff00004cf0:     424 tokens, checkpoints:  0,     4.974 MiB
srv        update:    - prompt 0xeec0d0:     408 tokens, checkpoints:  0,     4.786 MiB
srv        update:    - prompt 0x28ce470:     411 tokens, checkpoints:  0,     4.822 MiB
srv        update:    - prompt 0x28b9010:     417 tokens, checkpoints:  0,     4.892 MiB
srv        update:    - prompt 0x4a25680:     416 tokens, checkpoints:  0,     4.880 MiB
srv        update:    - prompt 0x4a293c0:     430 tokens, checkpoints:  0,     5.045 MiB
srv        update:    - prompt 0x28e40e0:     430 tokens, checkpoints:  0,     5.045 MiB
srv        update:    - prompt 0x28bac10:     106 tokens, checkpoints:  0,     1.244 MiB
srv        update:    - prompt 0x28b68d0:     104 tokens, checkpoints:  0,     1.221 MiB
srv        update:    - prompt 0x4a2fdc0:     109 tokens, checkpoints:  0,     1.279 MiB
srv        update:    - prompt 0x28cdbb0:     115 tokens, checkpoints:  0,     1.350 MiB
srv        update:    - prompt 0x28ec330:     110 tokens, checkpoints:  0,     1.291 MiB
srv        update:    - prompt 0xee5330:     112 tokens, checkpoints:  0,     1.314 MiB
srv        update:    - prompt 0xf12130:     107 tokens, checkpoints:  0,     1.256 MiB
srv        update:    - prompt 0x28b8f70:     107 tokens, checkpoints:  0,     1.256 MiB
srv        update:    - prompt 0x28d3cf0:     107 tokens, checkpoints:  0,     1.256 MiB
srv        update:    - prompt 0x4a227b0:      35 tokens, checkpoints:  0,     0.411 MiB
srv        update:    - prompt 0x4a298e0:     118 tokens, checkpoints:  0,     1.385 MiB
srv        update:    - prompt 0x28bfbb0:     122 tokens, checkpoints:  0,     1.432 MiB
srv        update:    - prompt 0x2911090:     164 tokens, checkpoints:  0,     1.924 MiB
srv        update:    - prompt 0xf0e970:     130 tokens, checkpoints:  0,     1.525 MiB
srv  get_availabl: prompt cache update took 0.15 ms
slot launch_slot_: id  3 | task -1 | sampler chain: logits -> ?penalties -> ?dry -> ?top-n-sigma -> top-k -> ?typical -> top-p -> min-p -> ?xtc -> temp-ext -> dist 
slot launch_slot_: id  3 | task 4690 | processing task, is_child = 0
slot slot_save_an: id  0 | task -1 | saving idle slot to prompt cache
srv   prompt_save:  - saving prompt with length 134, total state size = 1.572 MiB
slot prompt_clear: id  0 | task -1 | clearing prompt with 134 tokens
srv        update:  - cache state: 45 prompts, 92.483 MiB (limits: 8192.000 MiB, 4096 tokens, 698176 est)
srv        update:    - prompt 0x28c0e20:     105 tokens, checkpoints:  0,     1.232 MiB
srv        update:    - prompt 0x28c7080:     106 tokens, checkpoints:  0,     1.244 MiB
srv        update:    - prompt 0x28d3a10:     105 tokens, checkpoints:  0,     1.232 MiB
srv        update:    - prompt 0x28c1e20:     106 tokens, checkpoints:  0,     1.244 MiB
srv        update:    - prompt 0x3d8f9b0:     104 tokens, checkpoints:  0,     1.221 MiB
srv        update:    - prompt 0x28c94c0:     109 tokens, checkpoints:  0,     1.279 MiB
srv        update:    - prompt 0xf90860:     115 tokens, checkpoints:  0,     1.350 MiB
srv        update:    - prompt 0x28ce680:     110 tokens, checkpoints:  0,     1.291 MiB
srv        update:    - prompt 0x28ba4f0:     112 tokens, checkpoints:  0,     1.314 MiB
srv        update:    - prompt 0x28dd340:     107 tokens, checkpoints:  0,     1.256 MiB
srv        update:    - prompt 0x28d1e50:     107 tokens, checkpoints:  0,     1.256 MiB
srv        update:    - prompt 0x28c0600:     107 tokens, checkpoints:  0,     1.256 MiB
srv        update:    - prompt 0x28c6e80:     118 tokens, checkpoints:  0,     1.385 MiB
srv        update:    - prompt 0x28cd710:     122 tokens, checkpoints:  0,     1.432 MiB
srv        update:    - prompt 0x28cfbb0:     130 tokens, checkpoints:  0,     1.525 MiB
srv        update:    - prompt 0x28c6380:     131 tokens, checkpoints:  0,     1.537 MiB
srv        update:    - prompt 0x28e67e0:     145 tokens, checkpoints:  0,     1.701 MiB
srv        update:    - prompt 0x28c9fe0:     129 tokens, checkpoints:  0,     1.514 MiB
srv        update:    - prompt 0xf0c310:     135 tokens, checkpoints:  0,     1.584 MiB
srv        update:    - prompt 0x28b6d20:     135 tokens, checkpoints:  0,     1.584 MiB
srv        update:    - prompt 0x28cfc50:     242 tokens, checkpoints:  0,     2.839 MiB
srv        update:    - prompt 0x28c3290:     324 tokens, checkpoints:  0,     3.801 MiB
srv        update:    - prompt 0x28b9ba0:     362 tokens, checkpoints:  0,     4.247 MiB
srv        update:    - prompt 0xffff00004cf0:     424 tokens, checkpoints:  0,     4.974 MiB
srv        update:    - prompt 0xeec0d0:     408 tokens, checkpoints:  0,     4.786 MiB
srv        update:    - prompt 0x28ce470:     411 tokens, checkpoints:  0,     4.822 MiB
srv        update:    - prompt 0x28b9010:     417 tokens, checkpoints:  0,     4.892 MiB
srv        update:    - prompt 0x4a25680:     416 tokens, checkpoints:  0,     4.880 MiB
srv        update:    - prompt 0x4a293c0:     430 tokens, checkpoints:  0,     5.045 MiB
srv        update:    - prompt 0x28e40e0:     430 tokens, checkpoints:  0,     5.045 MiB
srv        update:    - prompt 0x28bac10:     106 tokens, checkpoints:  0,     1.244 MiB
srv        update:    - prompt 0x28b68d0:     104 tokens, checkpoints:  0,     1.221 MiB
srv        update:    - prompt 0x4a2fdc0:     109 tokens, checkpoints:  0,     1.279 MiB
srv        update:    - prompt 0x28cdbb0:     115 tokens, checkpoints:  0,     1.350 MiB
srv        update:    - prompt 0x28ec330:     110 tokens, checkpoints:  0,     1.291 MiB
srv        update:    - prompt 0xee5330:     112 tokens, checkpoints:  0,     1.314 MiB
srv        update:    - prompt 0xf12130:     107 tokens, checkpoints:  0,     1.256 MiB
srv        update:    - prompt 0x28b8f70:     107 tokens, checkpoints:  0,     1.256 MiB
srv        update:    - prompt 0x28d3cf0:     107 tokens, checkpoints:  0,     1.256 MiB
srv        update:    - prompt 0x4a227b0:      35 tokens, checkpoints:  0,     0.411 MiB
srv        update:    - prompt 0x4a298e0:     118 tokens, checkpoints:  0,     1.385 MiB
srv        update:    - prompt 0x28bfbb0:     122 tokens, checkpoints:  0,     1.432 MiB
srv        update:    - prompt 0x2911090:     164 tokens, checkpoints:  0,     1.924 MiB
srv        update:    - prompt 0xf0e970:     130 tokens, checkpoints:  0,     1.525 MiB
srv        update:    - prompt 0xf8fa50:     134 tokens, checkpoints:  0,     1.572 MiB
slot update_slots: id  3 | task 4690 | new prompt, n_ctx_slot = 4096, n_keep = 0, task.n_tokens = 32
slot update_slots: id  3 | task 4690 | n_tokens = 0, memory_seq_rm [0, end)
slot init_sampler: id  3 | task 4690 | init sampler, took 0.02 ms, tokens: text = 32, total = 32
slot update_slots: id  3 | task 4690 | prompt processing done, n_tokens = 32, batch.n_tokens = 32
srv  log_server_r: done request: POST /completion 127.0.0.1 200
slot print_timing: id  3 | task 4690 | 
prompt eval time =     544.30 ms /    32 tokens (   17.01 ms per token,    58.79 tokens per second)
       eval time =    2577.44 ms /   100 tokens (   25.77 ms per token,    38.80 tokens per second)
      total time =    3121.74 ms /   132 tokens
slot      release: id  3 | task 4690 | stop processing: n_tokens = 131, truncated = 0
srv  update_slots: all slots are idle
slot get_availabl: id  2 | task -1 | selected slot by LRU, t_last = 36340506132
srv  get_availabl: updating prompt cache
srv          load:  - looking for better prompt, base f_keep = -1.000, sim = 0.000
srv          load:  - found better prompt with f_keep = 0.317, sim = 1.000
srv        update:  - cache state: 44 prompts, 90.781 MiB (limits: 8192.000 MiB, 4096 tokens, 698177 est)
srv        update:    - prompt 0x28c0e20:     105 tokens, checkpoints:  0,     1.232 MiB
srv        update:    - prompt 0x28c7080:     106 tokens, checkpoints:  0,     1.244 MiB
srv        update:    - prompt 0x28d3a10:     105 tokens, checkpoints:  0,     1.232 MiB
srv        update:    - prompt 0x28c1e20:     106 tokens, checkpoints:  0,     1.244 MiB
srv        update:    - prompt 0x3d8f9b0:     104 tokens, checkpoints:  0,     1.221 MiB
srv        update:    - prompt 0x28c94c0:     109 tokens, checkpoints:  0,     1.279 MiB
srv        update:    - prompt 0xf90860:     115 tokens, checkpoints:  0,     1.350 MiB
srv        update:    - prompt 0x28ce680:     110 tokens, checkpoints:  0,     1.291 MiB
srv        update:    - prompt 0x28ba4f0:     112 tokens, checkpoints:  0,     1.314 MiB
srv        update:    - prompt 0x28dd340:     107 tokens, checkpoints:  0,     1.256 MiB
srv        update:    - prompt 0x28d1e50:     107 tokens, checkpoints:  0,     1.256 MiB
srv        update:    - prompt 0x28c0600:     107 tokens, checkpoints:  0,     1.256 MiB
srv        update:    - prompt 0x28c6e80:     118 tokens, checkpoints:  0,     1.385 MiB
srv        update:    - prompt 0x28cd710:     122 tokens, checkpoints:  0,     1.432 MiB
srv        update:    - prompt 0x28cfbb0:     130 tokens, checkpoints:  0,     1.525 MiB
srv        update:    - prompt 0x28c6380:     131 tokens, checkpoints:  0,     1.537 MiB
srv        update:    - prompt 0x28c9fe0:     129 tokens, checkpoints:  0,     1.514 MiB
srv        update:    - prompt 0xf0c310:     135 tokens, checkpoints:  0,     1.584 MiB
srv        update:    - prompt 0x28b6d20:     135 tokens, checkpoints:  0,     1.584 MiB
srv        update:    - prompt 0x28cfc50:     242 tokens, checkpoints:  0,     2.839 MiB
srv        update:    - prompt 0x28c3290:     324 tokens, checkpoints:  0,     3.801 MiB
srv        update:    - prompt 0x28b9ba0:     362 tokens, checkpoints:  0,     4.247 MiB
srv        update:    - prompt 0xffff00004cf0:     424 tokens, checkpoints:  0,     4.974 MiB
srv        update:    - prompt 0xeec0d0:     408 tokens, checkpoints:  0,     4.786 MiB
srv        update:    - prompt 0x28ce470:     411 tokens, checkpoints:  0,     4.822 MiB
srv        update:    - prompt 0x28b9010:     417 tokens, checkpoints:  0,     4.892 MiB
srv        update:    - prompt 0x4a25680:     416 tokens, checkpoints:  0,     4.880 MiB
srv        update:    - prompt 0x4a293c0:     430 tokens, checkpoints:  0,     5.045 MiB
srv        update:    - prompt 0x28e40e0:     430 tokens, checkpoints:  0,     5.045 MiB
srv        update:    - prompt 0x28bac10:     106 tokens, checkpoints:  0,     1.244 MiB
srv        update:    - prompt 0x28b68d0:     104 tokens, checkpoints:  0,     1.221 MiB
srv        update:    - prompt 0x4a2fdc0:     109 tokens, checkpoints:  0,     1.279 MiB
srv        update:    - prompt 0x28cdbb0:     115 tokens, checkpoints:  0,     1.350 MiB
srv        update:    - prompt 0x28ec330:     110 tokens, checkpoints:  0,     1.291 MiB
srv        update:    - prompt 0xee5330:     112 tokens, checkpoints:  0,     1.314 MiB
srv        update:    - prompt 0xf12130:     107 tokens, checkpoints:  0,     1.256 MiB
srv        update:    - prompt 0x28b8f70:     107 tokens, checkpoints:  0,     1.256 MiB
srv        update:    - prompt 0x28d3cf0:     107 tokens, checkpoints:  0,     1.256 MiB
srv        update:    - prompt 0x4a227b0:      35 tokens, checkpoints:  0,     0.411 MiB
srv        update:    - prompt 0x4a298e0:     118 tokens, checkpoints:  0,     1.385 MiB
srv        update:    - prompt 0x28bfbb0:     122 tokens, checkpoints:  0,     1.432 MiB
srv        update:    - prompt 0x2911090:     164 tokens, checkpoints:  0,     1.924 MiB
srv        update:    - prompt 0xf0e970:     130 tokens, checkpoints:  0,     1.525 MiB
srv        update:    - prompt 0xf8fa50:     134 tokens, checkpoints:  0,     1.572 MiB
srv  get_availabl: prompt cache update took 0.73 ms
slot launch_slot_: id  2 | task -1 | sampler chain: logits -> ?penalties -> ?dry -> ?top-n-sigma -> top-k -> ?typical -> top-p -> min-p -> ?xtc -> temp-ext -> dist 
slot launch_slot_: id  2 | task 4791 | processing task, is_child = 0
slot slot_save_an: id  3 | task -1 | saving idle slot to prompt cache
srv   prompt_save:  - saving prompt with length 131, total state size = 1.537 MiB
slot prompt_clear: id  3 | task -1 | clearing prompt with 131 tokens
srv        update:  - cache state: 45 prompts, 92.319 MiB (limits: 8192.000 MiB, 4096 tokens, 698176 est)
srv        update:    - prompt 0x28c0e20:     105 tokens, checkpoints:  0,     1.232 MiB
srv        update:    - prompt 0x28c7080:     106 tokens, checkpoints:  0,     1.244 MiB
srv        update:    - prompt 0x28d3a10:     105 tokens, checkpoints:  0,     1.232 MiB
srv        update:    - prompt 0x28c1e20:     106 tokens, checkpoints:  0,     1.244 MiB
srv        update:    - prompt 0x3d8f9b0:     104 tokens, checkpoints:  0,     1.221 MiB
srv        update:    - prompt 0x28c94c0:     109 tokens, checkpoints:  0,     1.279 MiB
srv        update:    - prompt 0xf90860:     115 tokens, checkpoints:  0,     1.350 MiB
srv        update:    - prompt 0x28ce680:     110 tokens, checkpoints:  0,     1.291 MiB
srv        update:    - prompt 0x28ba4f0:     112 tokens, checkpoints:  0,     1.314 MiB
srv        update:    - prompt 0x28dd340:     107 tokens, checkpoints:  0,     1.256 MiB
srv        update:    - prompt 0x28d1e50:     107 tokens, checkpoints:  0,     1.256 MiB
srv        update:    - prompt 0x28c0600:     107 tokens, checkpoints:  0,     1.256 MiB
srv        update:    - prompt 0x28c6e80:     118 tokens, checkpoints:  0,     1.385 MiB
srv        update:    - prompt 0x28cd710:     122 tokens, checkpoints:  0,     1.432 MiB
srv        update:    - prompt 0x28cfbb0:     130 tokens, checkpoints:  0,     1.525 MiB
srv        update:    - prompt 0x28c6380:     131 tokens, checkpoints:  0,     1.537 MiB
srv        update:    - prompt 0x28c9fe0:     129 tokens, checkpoints:  0,     1.514 MiB
srv        update:    - prompt 0xf0c310:     135 tokens, checkpoints:  0,     1.584 MiB
srv        update:    - prompt 0x28b6d20:     135 tokens, checkpoints:  0,     1.584 MiB
srv        update:    - prompt 0x28cfc50:     242 tokens, checkpoints:  0,     2.839 MiB
srv        update:    - prompt 0x28c3290:     324 tokens, checkpoints:  0,     3.801 MiB
srv        update:    - prompt 0x28b9ba0:     362 tokens, checkpoints:  0,     4.247 MiB
srv        update:    - prompt 0xffff00004cf0:     424 tokens, checkpoints:  0,     4.974 MiB
srv        update:    - prompt 0xeec0d0:     408 tokens, checkpoints:  0,     4.786 MiB
srv        update:    - prompt 0x28ce470:     411 tokens, checkpoints:  0,     4.822 MiB
srv        update:    - prompt 0x28b9010:     417 tokens, checkpoints:  0,     4.892 MiB
srv        update:    - prompt 0x4a25680:     416 tokens, checkpoints:  0,     4.880 MiB
srv        update:    - prompt 0x4a293c0:     430 tokens, checkpoints:  0,     5.045 MiB
srv        update:    - prompt 0x28e40e0:     430 tokens, checkpoints:  0,     5.045 MiB
srv        update:    - prompt 0x28bac10:     106 tokens, checkpoints:  0,     1.244 MiB
srv        update:    - prompt 0x28b68d0:     104 tokens, checkpoints:  0,     1.221 MiB
srv        update:    - prompt 0x4a2fdc0:     109 tokens, checkpoints:  0,     1.279 MiB
srv        update:    - prompt 0x28cdbb0:     115 tokens, checkpoints:  0,     1.350 MiB
srv        update:    - prompt 0x28ec330:     110 tokens, checkpoints:  0,     1.291 MiB
srv        update:    - prompt 0xee5330:     112 tokens, checkpoints:  0,     1.314 MiB
srv        update:    - prompt 0xf12130:     107 tokens, checkpoints:  0,     1.256 MiB
srv        update:    - prompt 0x28b8f70:     107 tokens, checkpoints:  0,     1.256 MiB
srv        update:    - prompt 0x28d3cf0:     107 tokens, checkpoints:  0,     1.256 MiB
srv        update:    - prompt 0x4a227b0:      35 tokens, checkpoints:  0,     0.411 MiB
srv        update:    - prompt 0x4a298e0:     118 tokens, checkpoints:  0,     1.385 MiB
srv        update:    - prompt 0x28bfbb0:     122 tokens, checkpoints:  0,     1.432 MiB
srv        update:    - prompt 0x2911090:     164 tokens, checkpoints:  0,     1.924 MiB
srv        update:    - prompt 0xf0e970:     130 tokens, checkpoints:  0,     1.525 MiB
srv        update:    - prompt 0xf8fa50:     134 tokens, checkpoints:  0,     1.572 MiB
srv        update:    - prompt 0x28e67e0:     131 tokens, checkpoints:  0,     1.537 MiB
slot update_slots: id  2 | task 4791 | new prompt, n_ctx_slot = 4096, n_keep = 0, task.n_tokens = 46
slot update_slots: id  2 | task 4791 | need to evaluate at least 1 token for each active slot (n_past = 46, task.n_tokens() = 46)
slot update_slots: id  2 | task 4791 | n_past was set to 45
slot update_slots: id  2 | task 4791 | n_tokens = 45, memory_seq_rm [45, end)
slot init_sampler: id  2 | task 4791 | init sampler, took 0.02 ms, tokens: text = 46, total = 46
slot update_slots: id  2 | task 4791 | prompt processing done, n_tokens = 46, batch.n_tokens = 1
srv  log_server_r: done request: POST /completion 127.0.0.1 200
slot print_timing: id  2 | task 4791 | 
prompt eval time =      26.22 ms /     1 tokens (   26.22 ms per token,    38.14 tokens per second)
       eval time =    2578.36 ms /   100 tokens (   25.78 ms per token,    38.78 tokens per second)
      total time =    2604.58 ms /   101 tokens
slot      release: id  2 | task 4791 | stop processing: n_tokens = 145, truncated = 0
srv  update_slots: all slots are idle
slot get_availabl: id  1 | task -1 | selected slot by LRU, t_last = 36344199215
srv  get_availabl: updating prompt cache
srv          load:  - looking for better prompt, base f_keep = -1.000, sim = 0.000
srv        update:  - cache state: 45 prompts, 92.319 MiB (limits: 8192.000 MiB, 4096 tokens, 698176 est)
srv        update:    - prompt 0x28c0e20:     105 tokens, checkpoints:  0,     1.232 MiB
srv        update:    - prompt 0x28c7080:     106 tokens, checkpoints:  0,     1.244 MiB
srv        update:    - prompt 0x28d3a10:     105 tokens, checkpoints:  0,     1.232 MiB
srv        update:    - prompt 0x28c1e20:     106 tokens, checkpoints:  0,     1.244 MiB
srv        update:    - prompt 0x3d8f9b0:     104 tokens, checkpoints:  0,     1.221 MiB
srv        update:    - prompt 0x28c94c0:     109 tokens, checkpoints:  0,     1.279 MiB
srv        update:    - prompt 0xf90860:     115 tokens, checkpoints:  0,     1.350 MiB
srv        update:    - prompt 0x28ce680:     110 tokens, checkpoints:  0,     1.291 MiB
srv        update:    - prompt 0x28ba4f0:     112 tokens, checkpoints:  0,     1.314 MiB
srv        update:    - prompt 0x28dd340:     107 tokens, checkpoints:  0,     1.256 MiB
srv        update:    - prompt 0x28d1e50:     107 tokens, checkpoints:  0,     1.256 MiB
srv        update:    - prompt 0x28c0600:     107 tokens, checkpoints:  0,     1.256 MiB
srv        update:    - prompt 0x28c6e80:     118 tokens, checkpoints:  0,     1.385 MiB
srv        update:    - prompt 0x28cd710:     122 tokens, checkpoints:  0,     1.432 MiB
srv        update:    - prompt 0x28cfbb0:     130 tokens, checkpoints:  0,     1.525 MiB
srv        update:    - prompt 0x28c6380:     131 tokens, checkpoints:  0,     1.537 MiB
srv        update:    - prompt 0x28c9fe0:     129 tokens, checkpoints:  0,     1.514 MiB
srv        update:    - prompt 0xf0c310:     135 tokens, checkpoints:  0,     1.584 MiB
srv        update:    - prompt 0x28b6d20:     135 tokens, checkpoints:  0,     1.584 MiB
srv        update:    - prompt 0x28cfc50:     242 tokens, checkpoints:  0,     2.839 MiB
srv        update:    - prompt 0x28c3290:     324 tokens, checkpoints:  0,     3.801 MiB
srv        update:    - prompt 0x28b9ba0:     362 tokens, checkpoints:  0,     4.247 MiB
srv        update:    - prompt 0xffff00004cf0:     424 tokens, checkpoints:  0,     4.974 MiB
srv        update:    - prompt 0xeec0d0:     408 tokens, checkpoints:  0,     4.786 MiB
srv        update:    - prompt 0x28ce470:     411 tokens, checkpoints:  0,     4.822 MiB
srv        update:    - prompt 0x28b9010:     417 tokens, checkpoints:  0,     4.892 MiB
srv        update:    - prompt 0x4a25680:     416 tokens, checkpoints:  0,     4.880 MiB
srv        update:    - prompt 0x4a293c0:     430 tokens, checkpoints:  0,     5.045 MiB
srv        update:    - prompt 0x28e40e0:     430 tokens, checkpoints:  0,     5.045 MiB
srv        update:    - prompt 0x28bac10:     106 tokens, checkpoints:  0,     1.244 MiB
srv        update:    - prompt 0x28b68d0:     104 tokens, checkpoints:  0,     1.221 MiB
srv        update:    - prompt 0x4a2fdc0:     109 tokens, checkpoints:  0,     1.279 MiB
srv        update:    - prompt 0x28cdbb0:     115 tokens, checkpoints:  0,     1.350 MiB
srv        update:    - prompt 0x28ec330:     110 tokens, checkpoints:  0,     1.291 MiB
srv        update:    - prompt 0xee5330:     112 tokens, checkpoints:  0,     1.314 MiB
srv        update:    - prompt 0xf12130:     107 tokens, checkpoints:  0,     1.256 MiB
srv        update:    - prompt 0x28b8f70:     107 tokens, checkpoints:  0,     1.256 MiB
srv        update:    - prompt 0x28d3cf0:     107 tokens, checkpoints:  0,     1.256 MiB
srv        update:    - prompt 0x4a227b0:      35 tokens, checkpoints:  0,     0.411 MiB
srv        update:    - prompt 0x4a298e0:     118 tokens, checkpoints:  0,     1.385 MiB
srv        update:    - prompt 0x28bfbb0:     122 tokens, checkpoints:  0,     1.432 MiB
srv        update:    - prompt 0x2911090:     164 tokens, checkpoints:  0,     1.924 MiB
srv        update:    - prompt 0xf0e970:     130 tokens, checkpoints:  0,     1.525 MiB
srv        update:    - prompt 0xf8fa50:     134 tokens, checkpoints:  0,     1.572 MiB
srv        update:    - prompt 0x28e67e0:     131 tokens, checkpoints:  0,     1.537 MiB
srv  get_availabl: prompt cache update took 0.15 ms
slot launch_slot_: id  1 | task -1 | sampler chain: logits -> ?penalties -> ?dry -> ?top-n-sigma -> top-k -> ?typical -> top-p -> min-p -> ?xtc -> temp-ext -> dist 
slot launch_slot_: id  1 | task 4892 | processing task, is_child = 0
slot slot_save_an: id  2 | task -1 | saving idle slot to prompt cache
srv   prompt_save:  - saving prompt with length 145, total state size = 1.701 MiB
slot prompt_clear: id  2 | task -1 | clearing prompt with 145 tokens
srv        update:  - cache state: 46 prompts, 94.020 MiB (limits: 8192.000 MiB, 4096 tokens, 698175 est)
srv        update:    - prompt 0x28c0e20:     105 tokens, checkpoints:  0,     1.232 MiB
srv        update:    - prompt 0x28c7080:     106 tokens, checkpoints:  0,     1.244 MiB
srv        update:    - prompt 0x28d3a10:     105 tokens, checkpoints:  0,     1.232 MiB
srv        update:    - prompt 0x28c1e20:     106 tokens, checkpoints:  0,     1.244 MiB
srv        update:    - prompt 0x3d8f9b0:     104 tokens, checkpoints:  0,     1.221 MiB
srv        update:    - prompt 0x28c94c0:     109 tokens, checkpoints:  0,     1.279 MiB
srv        update:    - prompt 0xf90860:     115 tokens, checkpoints:  0,     1.350 MiB
srv        update:    - prompt 0x28ce680:     110 tokens, checkpoints:  0,     1.291 MiB
srv        update:    - prompt 0x28ba4f0:     112 tokens, checkpoints:  0,     1.314 MiB
srv        update:    - prompt 0x28dd340:     107 tokens, checkpoints:  0,     1.256 MiB
srv        update:    - prompt 0x28d1e50:     107 tokens, checkpoints:  0,     1.256 MiB
srv        update:    - prompt 0x28c0600:     107 tokens, checkpoints:  0,     1.256 MiB
srv        update:    - prompt 0x28c6e80:     118 tokens, checkpoints:  0,     1.385 MiB
srv        update:    - prompt 0x28cd710:     122 tokens, checkpoints:  0,     1.432 MiB
srv        update:    - prompt 0x28cfbb0:     130 tokens, checkpoints:  0,     1.525 MiB
srv        update:    - prompt 0x28c6380:     131 tokens, checkpoints:  0,     1.537 MiB
srv        update:    - prompt 0x28c9fe0:     129 tokens, checkpoints:  0,     1.514 MiB
srv        update:    - prompt 0xf0c310:     135 tokens, checkpoints:  0,     1.584 MiB
srv        update:    - prompt 0x28b6d20:     135 tokens, checkpoints:  0,     1.584 MiB
srv        update:    - prompt 0x28cfc50:     242 tokens, checkpoints:  0,     2.839 MiB
srv        update:    - prompt 0x28c3290:     324 tokens, checkpoints:  0,     3.801 MiB
srv        update:    - prompt 0x28b9ba0:     362 tokens, checkpoints:  0,     4.247 MiB
srv        update:    - prompt 0xffff00004cf0:     424 tokens, checkpoints:  0,     4.974 MiB
srv        update:    - prompt 0xeec0d0:     408 tokens, checkpoints:  0,     4.786 MiB
srv        update:    - prompt 0x28ce470:     411 tokens, checkpoints:  0,     4.822 MiB
srv        update:    - prompt 0x28b9010:     417 tokens, checkpoints:  0,     4.892 MiB
srv        update:    - prompt 0x4a25680:     416 tokens, checkpoints:  0,     4.880 MiB
srv        update:    - prompt 0x4a293c0:     430 tokens, checkpoints:  0,     5.045 MiB
srv        update:    - prompt 0x28e40e0:     430 tokens, checkpoints:  0,     5.045 MiB
srv        update:    - prompt 0x28bac10:     106 tokens, checkpoints:  0,     1.244 MiB
srv        update:    - prompt 0x28b68d0:     104 tokens, checkpoints:  0,     1.221 MiB
srv        update:    - prompt 0x4a2fdc0:     109 tokens, checkpoints:  0,     1.279 MiB
srv        update:    - prompt 0x28cdbb0:     115 tokens, checkpoints:  0,     1.350 MiB
srv        update:    - prompt 0x28ec330:     110 tokens, checkpoints:  0,     1.291 MiB
srv        update:    - prompt 0xee5330:     112 tokens, checkpoints:  0,     1.314 MiB
srv        update:    - prompt 0xf12130:     107 tokens, checkpoints:  0,     1.256 MiB
srv        update:    - prompt 0x28b8f70:     107 tokens, checkpoints:  0,     1.256 MiB
srv        update:    - prompt 0x28d3cf0:     107 tokens, checkpoints:  0,     1.256 MiB
srv        update:    - prompt 0x4a227b0:      35 tokens, checkpoints:  0,     0.411 MiB
srv        update:    - prompt 0x4a298e0:     118 tokens, checkpoints:  0,     1.385 MiB
srv        update:    - prompt 0x28bfbb0:     122 tokens, checkpoints:  0,     1.432 MiB
srv        update:    - prompt 0x2911090:     164 tokens, checkpoints:  0,     1.924 MiB
srv        update:    - prompt 0xf0e970:     130 tokens, checkpoints:  0,     1.525 MiB
srv        update:    - prompt 0xf8fa50:     134 tokens, checkpoints:  0,     1.572 MiB
srv        update:    - prompt 0x28e67e0:     131 tokens, checkpoints:  0,     1.537 MiB
srv        update:    - prompt 0x28d4ac0:     145 tokens, checkpoints:  0,     1.701 MiB
slot update_slots: id  1 | task 4892 | new prompt, n_ctx_slot = 4096, n_keep = 0, task.n_tokens = 30
slot update_slots: id  1 | task 4892 | n_tokens = 0, memory_seq_rm [0, end)
slot init_sampler: id  1 | task 4892 | init sampler, took 0.02 ms, tokens: text = 30, total = 30
slot update_slots: id  1 | task 4892 | prompt processing done, n_tokens = 30, batch.n_tokens = 30
srv  log_server_r: done request: POST /completion 127.0.0.1 200
slot print_timing: id  1 | task 4892 | 
prompt eval time =     511.28 ms /    30 tokens (   17.04 ms per token,    58.68 tokens per second)
       eval time =    2573.53 ms /   100 tokens (   25.74 ms per token,    38.86 tokens per second)
      total time =    3084.81 ms /   130 tokens
slot      release: id  1 | task 4892 | stop processing: n_tokens = 129, truncated = 0
srv  update_slots: all slots are idle
slot get_availabl: id  0 | task -1 | selected slot by LRU, t_last = 36347387892
srv  get_availabl: updating prompt cache
srv          load:  - looking for better prompt, base f_keep = -1.000, sim = 0.000
srv          load:  - found better prompt with f_keep = 0.267, sim = 1.000
srv        update:  - cache state: 45 prompts, 92.436 MiB (limits: 8192.000 MiB, 4096 tokens, 698176 est)
srv        update:    - prompt 0x28c0e20:     105 tokens, checkpoints:  0,     1.232 MiB
srv        update:    - prompt 0x28c7080:     106 tokens, checkpoints:  0,     1.244 MiB
srv        update:    - prompt 0x28d3a10:     105 tokens, checkpoints:  0,     1.232 MiB
srv        update:    - prompt 0x28c1e20:     106 tokens, checkpoints:  0,     1.244 MiB
srv        update:    - prompt 0x3d8f9b0:     104 tokens, checkpoints:  0,     1.221 MiB
srv        update:    - prompt 0x28c94c0:     109 tokens, checkpoints:  0,     1.279 MiB
srv        update:    - prompt 0xf90860:     115 tokens, checkpoints:  0,     1.350 MiB
srv        update:    - prompt 0x28ce680:     110 tokens, checkpoints:  0,     1.291 MiB
srv        update:    - prompt 0x28ba4f0:     112 tokens, checkpoints:  0,     1.314 MiB
srv        update:    - prompt 0x28dd340:     107 tokens, checkpoints:  0,     1.256 MiB
srv        update:    - prompt 0x28d1e50:     107 tokens, checkpoints:  0,     1.256 MiB
srv        update:    - prompt 0x28c0600:     107 tokens, checkpoints:  0,     1.256 MiB
srv        update:    - prompt 0x28c6e80:     118 tokens, checkpoints:  0,     1.385 MiB
srv        update:    - prompt 0x28cd710:     122 tokens, checkpoints:  0,     1.432 MiB
srv        update:    - prompt 0x28cfbb0:     130 tokens, checkpoints:  0,     1.525 MiB
srv        update:    - prompt 0x28c6380:     131 tokens, checkpoints:  0,     1.537 MiB
srv        update:    - prompt 0x28c9fe0:     129 tokens, checkpoints:  0,     1.514 MiB
srv        update:    - prompt 0x28b6d20:     135 tokens, checkpoints:  0,     1.584 MiB
srv        update:    - prompt 0x28cfc50:     242 tokens, checkpoints:  0,     2.839 MiB
srv        update:    - prompt 0x28c3290:     324 tokens, checkpoints:  0,     3.801 MiB
srv        update:    - prompt 0x28b9ba0:     362 tokens, checkpoints:  0,     4.247 MiB
srv        update:    - prompt 0xffff00004cf0:     424 tokens, checkpoints:  0,     4.974 MiB
srv        update:    - prompt 0xeec0d0:     408 tokens, checkpoints:  0,     4.786 MiB
srv        update:    - prompt 0x28ce470:     411 tokens, checkpoints:  0,     4.822 MiB
srv        update:    - prompt 0x28b9010:     417 tokens, checkpoints:  0,     4.892 MiB
srv        update:    - prompt 0x4a25680:     416 tokens, checkpoints:  0,     4.880 MiB
srv        update:    - prompt 0x4a293c0:     430 tokens, checkpoints:  0,     5.045 MiB
srv        update:    - prompt 0x28e40e0:     430 tokens, checkpoints:  0,     5.045 MiB
srv        update:    - prompt 0x28bac10:     106 tokens, checkpoints:  0,     1.244 MiB
srv        update:    - prompt 0x28b68d0:     104 tokens, checkpoints:  0,     1.221 MiB
srv        update:    - prompt 0x4a2fdc0:     109 tokens, checkpoints:  0,     1.279 MiB
srv        update:    - prompt 0x28cdbb0:     115 tokens, checkpoints:  0,     1.350 MiB
srv        update:    - prompt 0x28ec330:     110 tokens, checkpoints:  0,     1.291 MiB
srv        update:    - prompt 0xee5330:     112 tokens, checkpoints:  0,     1.314 MiB
srv        update:    - prompt 0xf12130:     107 tokens, checkpoints:  0,     1.256 MiB
srv        update:    - prompt 0x28b8f70:     107 tokens, checkpoints:  0,     1.256 MiB
srv        update:    - prompt 0x28d3cf0:     107 tokens, checkpoints:  0,     1.256 MiB
srv        update:    - prompt 0x4a227b0:      35 tokens, checkpoints:  0,     0.411 MiB
srv        update:    - prompt 0x4a298e0:     118 tokens, checkpoints:  0,     1.385 MiB
srv        update:    - prompt 0x28bfbb0:     122 tokens, checkpoints:  0,     1.432 MiB
srv        update:    - prompt 0x2911090:     164 tokens, checkpoints:  0,     1.924 MiB
srv        update:    - prompt 0xf0e970:     130 tokens, checkpoints:  0,     1.525 MiB
srv        update:    - prompt 0xf8fa50:     134 tokens, checkpoints:  0,     1.572 MiB
srv        update:    - prompt 0x28e67e0:     131 tokens, checkpoints:  0,     1.537 MiB
srv        update:    - prompt 0x28d4ac0:     145 tokens, checkpoints:  0,     1.701 MiB
srv  get_availabl: prompt cache update took 0.69 ms
slot launch_slot_: id  0 | task -1 | sampler chain: logits -> ?penalties -> ?dry -> ?top-n-sigma -> top-k -> ?typical -> top-p -> min-p -> ?xtc -> temp-ext -> dist 
slot launch_slot_: id  0 | task 4993 | processing task, is_child = 0
slot slot_save_an: id  1 | task -1 | saving idle slot to prompt cache
srv   prompt_save:  - saving prompt with length 129, total state size = 1.514 MiB
slot prompt_clear: id  1 | task -1 | clearing prompt with 129 tokens
srv        update:  - cache state: 46 prompts, 93.950 MiB (limits: 8192.000 MiB, 4096 tokens, 698175 est)
srv        update:    - prompt 0x28c0e20:     105 tokens, checkpoints:  0,     1.232 MiB
srv        update:    - prompt 0x28c7080:     106 tokens, checkpoints:  0,     1.244 MiB
srv        update:    - prompt 0x28d3a10:     105 tokens, checkpoints:  0,     1.232 MiB
srv        update:    - prompt 0x28c1e20:     106 tokens, checkpoints:  0,     1.244 MiB
srv        update:    - prompt 0x3d8f9b0:     104 tokens, checkpoints:  0,     1.221 MiB
srv        update:    - prompt 0x28c94c0:     109 tokens, checkpoints:  0,     1.279 MiB
srv        update:    - prompt 0xf90860:     115 tokens, checkpoints:  0,     1.350 MiB
srv        update:    - prompt 0x28ce680:     110 tokens, checkpoints:  0,     1.291 MiB
srv        update:    - prompt 0x28ba4f0:     112 tokens, checkpoints:  0,     1.314 MiB
srv        update:    - prompt 0x28dd340:     107 tokens, checkpoints:  0,     1.256 MiB
srv        update:    - prompt 0x28d1e50:     107 tokens, checkpoints:  0,     1.256 MiB
srv        update:    - prompt 0x28c0600:     107 tokens, checkpoints:  0,     1.256 MiB
srv        update:    - prompt 0x28c6e80:     118 tokens, checkpoints:  0,     1.385 MiB
srv        update:    - prompt 0x28cd710:     122 tokens, checkpoints:  0,     1.432 MiB
srv        update:    - prompt 0x28cfbb0:     130 tokens, checkpoints:  0,     1.525 MiB
srv        update:    - prompt 0x28c6380:     131 tokens, checkpoints:  0,     1.537 MiB
srv        update:    - prompt 0x28c9fe0:     129 tokens, checkpoints:  0,     1.514 MiB
srv        update:    - prompt 0x28b6d20:     135 tokens, checkpoints:  0,     1.584 MiB
srv        update:    - prompt 0x28cfc50:     242 tokens, checkpoints:  0,     2.839 MiB
srv        update:    - prompt 0x28c3290:     324 tokens, checkpoints:  0,     3.801 MiB
srv        update:    - prompt 0x28b9ba0:     362 tokens, checkpoints:  0,     4.247 MiB
srv        update:    - prompt 0xffff00004cf0:     424 tokens, checkpoints:  0,     4.974 MiB
srv        update:    - prompt 0xeec0d0:     408 tokens, checkpoints:  0,     4.786 MiB
srv        update:    - prompt 0x28ce470:     411 tokens, checkpoints:  0,     4.822 MiB
srv        update:    - prompt 0x28b9010:     417 tokens, checkpoints:  0,     4.892 MiB
srv        update:    - prompt 0x4a25680:     416 tokens, checkpoints:  0,     4.880 MiB
srv        update:    - prompt 0x4a293c0:     430 tokens, checkpoints:  0,     5.045 MiB
srv        update:    - prompt 0x28e40e0:     430 tokens, checkpoints:  0,     5.045 MiB
srv        update:    - prompt 0x28bac10:     106 tokens, checkpoints:  0,     1.244 MiB
srv        update:    - prompt 0x28b68d0:     104 tokens, checkpoints:  0,     1.221 MiB
srv        update:    - prompt 0x4a2fdc0:     109 tokens, checkpoints:  0,     1.279 MiB
srv        update:    - prompt 0x28cdbb0:     115 tokens, checkpoints:  0,     1.350 MiB
srv        update:    - prompt 0x28ec330:     110 tokens, checkpoints:  0,     1.291 MiB
srv        update:    - prompt 0xee5330:     112 tokens, checkpoints:  0,     1.314 MiB
srv        update:    - prompt 0xf12130:     107 tokens, checkpoints:  0,     1.256 MiB
srv        update:    - prompt 0x28b8f70:     107 tokens, checkpoints:  0,     1.256 MiB
srv        update:    - prompt 0x28d3cf0:     107 tokens, checkpoints:  0,     1.256 MiB
srv        update:    - prompt 0x4a227b0:      35 tokens, checkpoints:  0,     0.411 MiB
srv        update:    - prompt 0x4a298e0:     118 tokens, checkpoints:  0,     1.385 MiB
srv        update:    - prompt 0x28bfbb0:     122 tokens, checkpoints:  0,     1.432 MiB
srv        update:    - prompt 0x2911090:     164 tokens, checkpoints:  0,     1.924 MiB
srv        update:    - prompt 0xf0e970:     130 tokens, checkpoints:  0,     1.525 MiB
srv        update:    - prompt 0xf8fa50:     134 tokens, checkpoints:  0,     1.572 MiB
srv        update:    - prompt 0x28e67e0:     131 tokens, checkpoints:  0,     1.537 MiB
srv        update:    - prompt 0x28d4ac0:     145 tokens, checkpoints:  0,     1.701 MiB
srv        update:    - prompt 0xf0c310:     129 tokens, checkpoints:  0,     1.514 MiB
slot update_slots: id  0 | task 4993 | new prompt, n_ctx_slot = 4096, n_keep = 0, task.n_tokens = 36
slot update_slots: id  0 | task 4993 | need to evaluate at least 1 token for each active slot (n_past = 36, task.n_tokens() = 36)
slot update_slots: id  0 | task 4993 | n_past was set to 35
slot update_slots: id  0 | task 4993 | n_tokens = 35, memory_seq_rm [35, end)
slot init_sampler: id  0 | task 4993 | init sampler, took 0.02 ms, tokens: text = 36, total = 36
slot update_slots: id  0 | task 4993 | prompt processing done, n_tokens = 36, batch.n_tokens = 1
srv  log_server_r: done request: POST /completion 127.0.0.1 200
slot print_timing: id  0 | task 4993 | 
prompt eval time =      26.16 ms /     1 tokens (   26.16 ms per token,    38.23 tokens per second)
       eval time =    2571.02 ms /   100 tokens (   25.71 ms per token,    38.90 tokens per second)
      total time =    2597.18 ms /   101 tokens
slot      release: id  0 | task 4993 | stop processing: n_tokens = 135, truncated = 0
srv  update_slots: all slots are idle
slot get_availabl: id  3 | task -1 | selected slot by LRU, t_last = 36351098399
srv  get_availabl: updating prompt cache
srv          load:  - looking for better prompt, base f_keep = -1.000, sim = 0.000
srv          load:  - found better prompt with f_keep = 0.267, sim = 1.000
srv        update:  - cache state: 45 prompts, 92.365 MiB (limits: 8192.000 MiB, 4096 tokens, 698176 est)
srv        update:    - prompt 0x28c0e20:     105 tokens, checkpoints:  0,     1.232 MiB
srv        update:    - prompt 0x28c7080:     106 tokens, checkpoints:  0,     1.244 MiB
srv        update:    - prompt 0x28d3a10:     105 tokens, checkpoints:  0,     1.232 MiB
srv        update:    - prompt 0x28c1e20:     106 tokens, checkpoints:  0,     1.244 MiB
srv        update:    - prompt 0x3d8f9b0:     104 tokens, checkpoints:  0,     1.221 MiB
srv        update:    - prompt 0x28c94c0:     109 tokens, checkpoints:  0,     1.279 MiB
srv        update:    - prompt 0xf90860:     115 tokens, checkpoints:  0,     1.350 MiB
srv        update:    - prompt 0x28ce680:     110 tokens, checkpoints:  0,     1.291 MiB
srv        update:    - prompt 0x28ba4f0:     112 tokens, checkpoints:  0,     1.314 MiB
srv        update:    - prompt 0x28dd340:     107 tokens, checkpoints:  0,     1.256 MiB
srv        update:    - prompt 0x28d1e50:     107 tokens, checkpoints:  0,     1.256 MiB
srv        update:    - prompt 0x28c0600:     107 tokens, checkpoints:  0,     1.256 MiB
srv        update:    - prompt 0x28c6e80:     118 tokens, checkpoints:  0,     1.385 MiB
srv        update:    - prompt 0x28cd710:     122 tokens, checkpoints:  0,     1.432 MiB
srv        update:    - prompt 0x28cfbb0:     130 tokens, checkpoints:  0,     1.525 MiB
srv        update:    - prompt 0x28c6380:     131 tokens, checkpoints:  0,     1.537 MiB
srv        update:    - prompt 0x28c9fe0:     129 tokens, checkpoints:  0,     1.514 MiB
srv        update:    - prompt 0x28cfc50:     242 tokens, checkpoints:  0,     2.839 MiB
srv        update:    - prompt 0x28c3290:     324 tokens, checkpoints:  0,     3.801 MiB
srv        update:    - prompt 0x28b9ba0:     362 tokens, checkpoints:  0,     4.247 MiB
srv        update:    - prompt 0xffff00004cf0:     424 tokens, checkpoints:  0,     4.974 MiB
srv        update:    - prompt 0xeec0d0:     408 tokens, checkpoints:  0,     4.786 MiB
srv        update:    - prompt 0x28ce470:     411 tokens, checkpoints:  0,     4.822 MiB
srv        update:    - prompt 0x28b9010:     417 tokens, checkpoints:  0,     4.892 MiB
srv        update:    - prompt 0x4a25680:     416 tokens, checkpoints:  0,     4.880 MiB
srv        update:    - prompt 0x4a293c0:     430 tokens, checkpoints:  0,     5.045 MiB
srv        update:    - prompt 0x28e40e0:     430 tokens, checkpoints:  0,     5.045 MiB
srv        update:    - prompt 0x28bac10:     106 tokens, checkpoints:  0,     1.244 MiB
srv        update:    - prompt 0x28b68d0:     104 tokens, checkpoints:  0,     1.221 MiB
srv        update:    - prompt 0x4a2fdc0:     109 tokens, checkpoints:  0,     1.279 MiB
srv        update:    - prompt 0x28cdbb0:     115 tokens, checkpoints:  0,     1.350 MiB
srv        update:    - prompt 0x28ec330:     110 tokens, checkpoints:  0,     1.291 MiB
srv        update:    - prompt 0xee5330:     112 tokens, checkpoints:  0,     1.314 MiB
srv        update:    - prompt 0xf12130:     107 tokens, checkpoints:  0,     1.256 MiB
srv        update:    - prompt 0x28b8f70:     107 tokens, checkpoints:  0,     1.256 MiB
srv        update:    - prompt 0x28d3cf0:     107 tokens, checkpoints:  0,     1.256 MiB
srv        update:    - prompt 0x4a227b0:      35 tokens, checkpoints:  0,     0.411 MiB
srv        update:    - prompt 0x4a298e0:     118 tokens, checkpoints:  0,     1.385 MiB
srv        update:    - prompt 0x28bfbb0:     122 tokens, checkpoints:  0,     1.432 MiB
srv        update:    - prompt 0x2911090:     164 tokens, checkpoints:  0,     1.924 MiB
srv        update:    - prompt 0xf0e970:     130 tokens, checkpoints:  0,     1.525 MiB
srv        update:    - prompt 0xf8fa50:     134 tokens, checkpoints:  0,     1.572 MiB
srv        update:    - prompt 0x28e67e0:     131 tokens, checkpoints:  0,     1.537 MiB
srv        update:    - prompt 0x28d4ac0:     145 tokens, checkpoints:  0,     1.701 MiB
srv        update:    - prompt 0xf0c310:     129 tokens, checkpoints:  0,     1.514 MiB
srv  get_availabl: prompt cache update took 0.93 ms
slot launch_slot_: id  3 | task -1 | sampler chain: logits -> ?penalties -> ?dry -> ?top-n-sigma -> top-k -> ?typical -> top-p -> min-p -> ?xtc -> temp-ext -> dist 
slot launch_slot_: id  3 | task 5094 | processing task, is_child = 0
slot slot_save_an: id  0 | task -1 | saving idle slot to prompt cache
srv   prompt_save:  - saving prompt with length 135, total state size = 1.584 MiB
slot prompt_clear: id  0 | task -1 | clearing prompt with 135 tokens
srv        update:  - cache state: 46 prompts, 93.950 MiB (limits: 8192.000 MiB, 4096 tokens, 698175 est)
srv        update:    - prompt 0x28c0e20:     105 tokens, checkpoints:  0,     1.232 MiB
srv        update:    - prompt 0x28c7080:     106 tokens, checkpoints:  0,     1.244 MiB
srv        update:    - prompt 0x28d3a10:     105 tokens, checkpoints:  0,     1.232 MiB
srv        update:    - prompt 0x28c1e20:     106 tokens, checkpoints:  0,     1.244 MiB
srv        update:    - prompt 0x3d8f9b0:     104 tokens, checkpoints:  0,     1.221 MiB
srv        update:    - prompt 0x28c94c0:     109 tokens, checkpoints:  0,     1.279 MiB
srv        update:    - prompt 0xf90860:     115 tokens, checkpoints:  0,     1.350 MiB
srv        update:    - prompt 0x28ce680:     110 tokens, checkpoints:  0,     1.291 MiB
srv        update:    - prompt 0x28ba4f0:     112 tokens, checkpoints:  0,     1.314 MiB
srv        update:    - prompt 0x28dd340:     107 tokens, checkpoints:  0,     1.256 MiB
srv        update:    - prompt 0x28d1e50:     107 tokens, checkpoints:  0,     1.256 MiB
srv        update:    - prompt 0x28c0600:     107 tokens, checkpoints:  0,     1.256 MiB
srv        update:    - prompt 0x28c6e80:     118 tokens, checkpoints:  0,     1.385 MiB
srv        update:    - prompt 0x28cd710:     122 tokens, checkpoints:  0,     1.432 MiB
srv        update:    - prompt 0x28cfbb0:     130 tokens, checkpoints:  0,     1.525 MiB
srv        update:    - prompt 0x28c6380:     131 tokens, checkpoints:  0,     1.537 MiB
srv        update:    - prompt 0x28c9fe0:     129 tokens, checkpoints:  0,     1.514 MiB
srv        update:    - prompt 0x28cfc50:     242 tokens, checkpoints:  0,     2.839 MiB
srv        update:    - prompt 0x28c3290:     324 tokens, checkpoints:  0,     3.801 MiB
srv        update:    - prompt 0x28b9ba0:     362 tokens, checkpoints:  0,     4.247 MiB
srv        update:    - prompt 0xffff00004cf0:     424 tokens, checkpoints:  0,     4.974 MiB
srv        update:    - prompt 0xeec0d0:     408 tokens, checkpoints:  0,     4.786 MiB
srv        update:    - prompt 0x28ce470:     411 tokens, checkpoints:  0,     4.822 MiB
srv        update:    - prompt 0x28b9010:     417 tokens, checkpoints:  0,     4.892 MiB
srv        update:    - prompt 0x4a25680:     416 tokens, checkpoints:  0,     4.880 MiB
srv        update:    - prompt 0x4a293c0:     430 tokens, checkpoints:  0,     5.045 MiB
srv        update:    - prompt 0x28e40e0:     430 tokens, checkpoints:  0,     5.045 MiB
srv        update:    - prompt 0x28bac10:     106 tokens, checkpoints:  0,     1.244 MiB
srv        update:    - prompt 0x28b68d0:     104 tokens, checkpoints:  0,     1.221 MiB
srv        update:    - prompt 0x4a2fdc0:     109 tokens, checkpoints:  0,     1.279 MiB
srv        update:    - prompt 0x28cdbb0:     115 tokens, checkpoints:  0,     1.350 MiB
srv        update:    - prompt 0x28ec330:     110 tokens, checkpoints:  0,     1.291 MiB
srv        update:    - prompt 0xee5330:     112 tokens, checkpoints:  0,     1.314 MiB
srv        update:    - prompt 0xf12130:     107 tokens, checkpoints:  0,     1.256 MiB
srv        update:    - prompt 0x28b8f70:     107 tokens, checkpoints:  0,     1.256 MiB
srv        update:    - prompt 0x28d3cf0:     107 tokens, checkpoints:  0,     1.256 MiB
srv        update:    - prompt 0x4a227b0:      35 tokens, checkpoints:  0,     0.411 MiB
srv        update:    - prompt 0x4a298e0:     118 tokens, checkpoints:  0,     1.385 MiB
srv        update:    - prompt 0x28bfbb0:     122 tokens, checkpoints:  0,     1.432 MiB
srv        update:    - prompt 0x2911090:     164 tokens, checkpoints:  0,     1.924 MiB
srv        update:    - prompt 0xf0e970:     130 tokens, checkpoints:  0,     1.525 MiB
srv        update:    - prompt 0xf8fa50:     134 tokens, checkpoints:  0,     1.572 MiB
srv        update:    - prompt 0x28e67e0:     131 tokens, checkpoints:  0,     1.537 MiB
srv        update:    - prompt 0x28d4ac0:     145 tokens, checkpoints:  0,     1.701 MiB
srv        update:    - prompt 0xf0c310:     129 tokens, checkpoints:  0,     1.514 MiB
srv        update:    - prompt 0x28b6d20:     135 tokens, checkpoints:  0,     1.584 MiB
slot update_slots: id  3 | task 5094 | new prompt, n_ctx_slot = 4096, n_keep = 0, task.n_tokens = 36
slot update_slots: id  3 | task 5094 | need to evaluate at least 1 token for each active slot (n_past = 36, task.n_tokens() = 36)
slot update_slots: id  3 | task 5094 | n_past was set to 35
slot update_slots: id  3 | task 5094 | n_tokens = 35, memory_seq_rm [35, end)
slot init_sampler: id  3 | task 5094 | init sampler, took 0.02 ms, tokens: text = 36, total = 36
slot update_slots: id  3 | task 5094 | prompt processing done, n_tokens = 36, batch.n_tokens = 1
srv  log_server_r: done request: POST /completion 127.0.0.1 200
slot print_timing: id  3 | task 5094 | 
prompt eval time =      26.07 ms /     1 tokens (   26.07 ms per token,    38.36 tokens per second)
       eval time =    2572.12 ms /   100 tokens (   25.72 ms per token,    38.88 tokens per second)
      total time =    2598.19 ms /   101 tokens
slot      release: id  3 | task 5094 | stop processing: n_tokens = 135, truncated = 0
srv  update_slots: all slots are idle
slot get_availabl: id  2 | task -1 | selected slot by LRU, t_last = 36354292228
srv  get_availabl: updating prompt cache
srv          load:  - looking for better prompt, base f_keep = -1.000, sim = 0.000
srv          load:  - found better prompt with f_keep = 0.591, sim = 1.000
srv        update:  - cache state: 45 prompts, 91.110 MiB (limits: 8192.000 MiB, 4096 tokens, 698173 est)
srv        update:    - prompt 0x28c0e20:     105 tokens, checkpoints:  0,     1.232 MiB
srv        update:    - prompt 0x28c7080:     106 tokens, checkpoints:  0,     1.244 MiB
srv        update:    - prompt 0x28d3a10:     105 tokens, checkpoints:  0,     1.232 MiB
srv        update:    - prompt 0x28c1e20:     106 tokens, checkpoints:  0,     1.244 MiB
srv        update:    - prompt 0x3d8f9b0:     104 tokens, checkpoints:  0,     1.221 MiB
srv        update:    - prompt 0x28c94c0:     109 tokens, checkpoints:  0,     1.279 MiB
srv        update:    - prompt 0xf90860:     115 tokens, checkpoints:  0,     1.350 MiB
srv        update:    - prompt 0x28ce680:     110 tokens, checkpoints:  0,     1.291 MiB
srv        update:    - prompt 0x28ba4f0:     112 tokens, checkpoints:  0,     1.314 MiB
srv        update:    - prompt 0x28dd340:     107 tokens, checkpoints:  0,     1.256 MiB
srv        update:    - prompt 0x28d1e50:     107 tokens, checkpoints:  0,     1.256 MiB
srv        update:    - prompt 0x28c0600:     107 tokens, checkpoints:  0,     1.256 MiB
srv        update:    - prompt 0x28c6e80:     118 tokens, checkpoints:  0,     1.385 MiB
srv        update:    - prompt 0x28cd710:     122 tokens, checkpoints:  0,     1.432 MiB
srv        update:    - prompt 0x28cfbb0:     130 tokens, checkpoints:  0,     1.525 MiB
srv        update:    - prompt 0x28c6380:     131 tokens, checkpoints:  0,     1.537 MiB
srv        update:    - prompt 0x28c9fe0:     129 tokens, checkpoints:  0,     1.514 MiB
srv        update:    - prompt 0x28c3290:     324 tokens, checkpoints:  0,     3.801 MiB
srv        update:    - prompt 0x28b9ba0:     362 tokens, checkpoints:  0,     4.247 MiB
srv        update:    - prompt 0xffff00004cf0:     424 tokens, checkpoints:  0,     4.974 MiB
srv        update:    - prompt 0xeec0d0:     408 tokens, checkpoints:  0,     4.786 MiB
srv        update:    - prompt 0x28ce470:     411 tokens, checkpoints:  0,     4.822 MiB
srv        update:    - prompt 0x28b9010:     417 tokens, checkpoints:  0,     4.892 MiB
srv        update:    - prompt 0x4a25680:     416 tokens, checkpoints:  0,     4.880 MiB
srv        update:    - prompt 0x4a293c0:     430 tokens, checkpoints:  0,     5.045 MiB
srv        update:    - prompt 0x28e40e0:     430 tokens, checkpoints:  0,     5.045 MiB
srv        update:    - prompt 0x28bac10:     106 tokens, checkpoints:  0,     1.244 MiB
srv        update:    - prompt 0x28b68d0:     104 tokens, checkpoints:  0,     1.221 MiB
srv        update:    - prompt 0x4a2fdc0:     109 tokens, checkpoints:  0,     1.279 MiB
srv        update:    - prompt 0x28cdbb0:     115 tokens, checkpoints:  0,     1.350 MiB
srv        update:    - prompt 0x28ec330:     110 tokens, checkpoints:  0,     1.291 MiB
srv        update:    - prompt 0xee5330:     112 tokens, checkpoints:  0,     1.314 MiB
srv        update:    - prompt 0xf12130:     107 tokens, checkpoints:  0,     1.256 MiB
srv        update:    - prompt 0x28b8f70:     107 tokens, checkpoints:  0,     1.256 MiB
srv        update:    - prompt 0x28d3cf0:     107 tokens, checkpoints:  0,     1.256 MiB
srv        update:    - prompt 0x4a227b0:      35 tokens, checkpoints:  0,     0.411 MiB
srv        update:    - prompt 0x4a298e0:     118 tokens, checkpoints:  0,     1.385 MiB
srv        update:    - prompt 0x28bfbb0:     122 tokens, checkpoints:  0,     1.432 MiB
srv        update:    - prompt 0x2911090:     164 tokens, checkpoints:  0,     1.924 MiB
srv        update:    - prompt 0xf0e970:     130 tokens, checkpoints:  0,     1.525 MiB
srv        update:    - prompt 0xf8fa50:     134 tokens, checkpoints:  0,     1.572 MiB
srv        update:    - prompt 0x28e67e0:     131 tokens, checkpoints:  0,     1.537 MiB
srv        update:    - prompt 0x28d4ac0:     145 tokens, checkpoints:  0,     1.701 MiB
srv        update:    - prompt 0xf0c310:     129 tokens, checkpoints:  0,     1.514 MiB
srv        update:    - prompt 0x28b6d20:     135 tokens, checkpoints:  0,     1.584 MiB
srv  get_availabl: prompt cache update took 1.26 ms
slot launch_slot_: id  2 | task -1 | sampler chain: logits -> ?penalties -> ?dry -> ?top-n-sigma -> top-k -> ?typical -> top-p -> min-p -> ?xtc -> temp-ext -> dist 
slot launch_slot_: id  2 | task 5195 | processing task, is_child = 0
slot slot_save_an: id  3 | task -1 | saving idle slot to prompt cache
srv   prompt_save:  - saving prompt with length 135, total state size = 1.584 MiB
slot prompt_clear: id  3 | task -1 | clearing prompt with 135 tokens
srv        update:  - cache state: 46 prompts, 92.695 MiB (limits: 8192.000 MiB, 4096 tokens, 698173 est)
srv        update:    - prompt 0x28c0e20:     105 tokens, checkpoints:  0,     1.232 MiB
srv        update:    - prompt 0x28c7080:     106 tokens, checkpoints:  0,     1.244 MiB
srv        update:    - prompt 0x28d3a10:     105 tokens, checkpoints:  0,     1.232 MiB
srv        update:    - prompt 0x28c1e20:     106 tokens, checkpoints:  0,     1.244 MiB
srv        update:    - prompt 0x3d8f9b0:     104 tokens, checkpoints:  0,     1.221 MiB
srv        update:    - prompt 0x28c94c0:     109 tokens, checkpoints:  0,     1.279 MiB
srv        update:    - prompt 0xf90860:     115 tokens, checkpoints:  0,     1.350 MiB
srv        update:    - prompt 0x28ce680:     110 tokens, checkpoints:  0,     1.291 MiB
srv        update:    - prompt 0x28ba4f0:     112 tokens, checkpoints:  0,     1.314 MiB
srv        update:    - prompt 0x28dd340:     107 tokens, checkpoints:  0,     1.256 MiB
srv        update:    - prompt 0x28d1e50:     107 tokens, checkpoints:  0,     1.256 MiB
srv        update:    - prompt 0x28c0600:     107 tokens, checkpoints:  0,     1.256 MiB
srv        update:    - prompt 0x28c6e80:     118 tokens, checkpoints:  0,     1.385 MiB
srv        update:    - prompt 0x28cd710:     122 tokens, checkpoints:  0,     1.432 MiB
srv        update:    - prompt 0x28cfbb0:     130 tokens, checkpoints:  0,     1.525 MiB
srv        update:    - prompt 0x28c6380:     131 tokens, checkpoints:  0,     1.537 MiB
srv        update:    - prompt 0x28c9fe0:     129 tokens, checkpoints:  0,     1.514 MiB
srv        update:    - prompt 0x28c3290:     324 tokens, checkpoints:  0,     3.801 MiB
srv        update:    - prompt 0x28b9ba0:     362 tokens, checkpoints:  0,     4.247 MiB
srv        update:    - prompt 0xffff00004cf0:     424 tokens, checkpoints:  0,     4.974 MiB
srv        update:    - prompt 0xeec0d0:     408 tokens, checkpoints:  0,     4.786 MiB
srv        update:    - prompt 0x28ce470:     411 tokens, checkpoints:  0,     4.822 MiB
srv        update:    - prompt 0x28b9010:     417 tokens, checkpoints:  0,     4.892 MiB
srv        update:    - prompt 0x4a25680:     416 tokens, checkpoints:  0,     4.880 MiB
srv        update:    - prompt 0x4a293c0:     430 tokens, checkpoints:  0,     5.045 MiB
srv        update:    - prompt 0x28e40e0:     430 tokens, checkpoints:  0,     5.045 MiB
srv        update:    - prompt 0x28bac10:     106 tokens, checkpoints:  0,     1.244 MiB
srv        update:    - prompt 0x28b68d0:     104 tokens, checkpoints:  0,     1.221 MiB
srv        update:    - prompt 0x4a2fdc0:     109 tokens, checkpoints:  0,     1.279 MiB
srv        update:    - prompt 0x28cdbb0:     115 tokens, checkpoints:  0,     1.350 MiB
srv        update:    - prompt 0x28ec330:     110 tokens, checkpoints:  0,     1.291 MiB
srv        update:    - prompt 0xee5330:     112 tokens, checkpoints:  0,     1.314 MiB
srv        update:    - prompt 0xf12130:     107 tokens, checkpoints:  0,     1.256 MiB
srv        update:    - prompt 0x28b8f70:     107 tokens, checkpoints:  0,     1.256 MiB
srv        update:    - prompt 0x28d3cf0:     107 tokens, checkpoints:  0,     1.256 MiB
srv        update:    - prompt 0x4a227b0:      35 tokens, checkpoints:  0,     0.411 MiB
srv        update:    - prompt 0x4a298e0:     118 tokens, checkpoints:  0,     1.385 MiB
srv        update:    - prompt 0x28bfbb0:     122 tokens, checkpoints:  0,     1.432 MiB
srv        update:    - prompt 0x2911090:     164 tokens, checkpoints:  0,     1.924 MiB
srv        update:    - prompt 0xf0e970:     130 tokens, checkpoints:  0,     1.525 MiB
srv        update:    - prompt 0xf8fa50:     134 tokens, checkpoints:  0,     1.572 MiB
srv        update:    - prompt 0x28e67e0:     131 tokens, checkpoints:  0,     1.537 MiB
srv        update:    - prompt 0x28d4ac0:     145 tokens, checkpoints:  0,     1.701 MiB
srv        update:    - prompt 0xf0c310:     129 tokens, checkpoints:  0,     1.514 MiB
srv        update:    - prompt 0x28b6d20:     135 tokens, checkpoints:  0,     1.584 MiB
srv        update:    - prompt 0x28cfc50:     135 tokens, checkpoints:  0,     1.584 MiB
slot update_slots: id  2 | task 5195 | new prompt, n_ctx_slot = 4096, n_keep = 0, task.n_tokens = 143
slot update_slots: id  2 | task 5195 | need to evaluate at least 1 token for each active slot (n_past = 143, task.n_tokens() = 143)
slot update_slots: id  2 | task 5195 | n_past was set to 142
slot update_slots: id  2 | task 5195 | n_tokens = 142, memory_seq_rm [142, end)
slot init_sampler: id  2 | task 5195 | init sampler, took 0.08 ms, tokens: text = 143, total = 143
slot update_slots: id  2 | task 5195 | prompt processing done, n_tokens = 143, batch.n_tokens = 1
srv  log_server_r: done request: POST /completion 127.0.0.1 200
slot print_timing: id  2 | task 5195 | 
prompt eval time =      29.68 ms /     1 tokens (   29.68 ms per token,    33.69 tokens per second)
       eval time =    2756.48 ms /   100 tokens (   27.56 ms per token,    36.28 tokens per second)
      total time =    2786.16 ms /   101 tokens
slot      release: id  2 | task 5195 | stop processing: n_tokens = 242, truncated = 0
srv  update_slots: all slots are idle
slot get_availabl: id  1 | task -1 | selected slot by LRU, t_last = 36357965368
srv  get_availabl: updating prompt cache
srv          load:  - looking for better prompt, base f_keep = -1.000, sim = 0.000
srv          load:  - found better prompt with f_keep = 0.694, sim = 1.000
srv        update:  - cache state: 45 prompts, 88.893 MiB (limits: 8192.000 MiB, 4096 tokens, 698169 est)
srv        update:    - prompt 0x28c0e20:     105 tokens, checkpoints:  0,     1.232 MiB
srv        update:    - prompt 0x28c7080:     106 tokens, checkpoints:  0,     1.244 MiB
srv        update:    - prompt 0x28d3a10:     105 tokens, checkpoints:  0,     1.232 MiB
srv        update:    - prompt 0x28c1e20:     106 tokens, checkpoints:  0,     1.244 MiB
srv        update:    - prompt 0x3d8f9b0:     104 tokens, checkpoints:  0,     1.221 MiB
srv        update:    - prompt 0x28c94c0:     109 tokens, checkpoints:  0,     1.279 MiB
srv        update:    - prompt 0xf90860:     115 tokens, checkpoints:  0,     1.350 MiB
srv        update:    - prompt 0x28ce680:     110 tokens, checkpoints:  0,     1.291 MiB
srv        update:    - prompt 0x28ba4f0:     112 tokens, checkpoints:  0,     1.314 MiB
srv        update:    - prompt 0x28dd340:     107 tokens, checkpoints:  0,     1.256 MiB
srv        update:    - prompt 0x28d1e50:     107 tokens, checkpoints:  0,     1.256 MiB
srv        update:    - prompt 0x28c0600:     107 tokens, checkpoints:  0,     1.256 MiB
srv        update:    - prompt 0x28c6e80:     118 tokens, checkpoints:  0,     1.385 MiB
srv        update:    - prompt 0x28cd710:     122 tokens, checkpoints:  0,     1.432 MiB
srv        update:    - prompt 0x28cfbb0:     130 tokens, checkpoints:  0,     1.525 MiB
srv        update:    - prompt 0x28c6380:     131 tokens, checkpoints:  0,     1.537 MiB
srv        update:    - prompt 0x28c9fe0:     129 tokens, checkpoints:  0,     1.514 MiB
srv        update:    - prompt 0x28b9ba0:     362 tokens, checkpoints:  0,     4.247 MiB
srv        update:    - prompt 0xffff00004cf0:     424 tokens, checkpoints:  0,     4.974 MiB
srv        update:    - prompt 0xeec0d0:     408 tokens, checkpoints:  0,     4.786 MiB
srv        update:    - prompt 0x28ce470:     411 tokens, checkpoints:  0,     4.822 MiB
srv        update:    - prompt 0x28b9010:     417 tokens, checkpoints:  0,     4.892 MiB
srv        update:    - prompt 0x4a25680:     416 tokens, checkpoints:  0,     4.880 MiB
srv        update:    - prompt 0x4a293c0:     430 tokens, checkpoints:  0,     5.045 MiB
srv        update:    - prompt 0x28e40e0:     430 tokens, checkpoints:  0,     5.045 MiB
srv        update:    - prompt 0x28bac10:     106 tokens, checkpoints:  0,     1.244 MiB
srv        update:    - prompt 0x28b68d0:     104 tokens, checkpoints:  0,     1.221 MiB
srv        update:    - prompt 0x4a2fdc0:     109 tokens, checkpoints:  0,     1.279 MiB
srv        update:    - prompt 0x28cdbb0:     115 tokens, checkpoints:  0,     1.350 MiB
srv        update:    - prompt 0x28ec330:     110 tokens, checkpoints:  0,     1.291 MiB
srv        update:    - prompt 0xee5330:     112 tokens, checkpoints:  0,     1.314 MiB
srv        update:    - prompt 0xf12130:     107 tokens, checkpoints:  0,     1.256 MiB
srv        update:    - prompt 0x28b8f70:     107 tokens, checkpoints:  0,     1.256 MiB
srv        update:    - prompt 0x28d3cf0:     107 tokens, checkpoints:  0,     1.256 MiB
srv        update:    - prompt 0x4a227b0:      35 tokens, checkpoints:  0,     0.411 MiB
srv        update:    - prompt 0x4a298e0:     118 tokens, checkpoints:  0,     1.385 MiB
srv        update:    - prompt 0x28bfbb0:     122 tokens, checkpoints:  0,     1.432 MiB
srv        update:    - prompt 0x2911090:     164 tokens, checkpoints:  0,     1.924 MiB
srv        update:    - prompt 0xf0e970:     130 tokens, checkpoints:  0,     1.525 MiB
srv        update:    - prompt 0xf8fa50:     134 tokens, checkpoints:  0,     1.572 MiB
srv        update:    - prompt 0x28e67e0:     131 tokens, checkpoints:  0,     1.537 MiB
srv        update:    - prompt 0x28d4ac0:     145 tokens, checkpoints:  0,     1.701 MiB
srv        update:    - prompt 0xf0c310:     129 tokens, checkpoints:  0,     1.514 MiB
srv        update:    - prompt 0x28b6d20:     135 tokens, checkpoints:  0,     1.584 MiB
srv        update:    - prompt 0x28cfc50:     135 tokens, checkpoints:  0,     1.584 MiB
srv  get_availabl: prompt cache update took 1.57 ms
slot launch_slot_: id  1 | task -1 | sampler chain: logits -> ?penalties -> ?dry -> ?top-n-sigma -> top-k -> ?typical -> top-p -> min-p -> ?xtc -> temp-ext -> dist 
slot launch_slot_: id  1 | task 5296 | processing task, is_child = 0
slot slot_save_an: id  2 | task -1 | saving idle slot to prompt cache
srv   prompt_save:  - saving prompt with length 242, total state size = 2.839 MiB
slot prompt_clear: id  2 | task -1 | clearing prompt with 242 tokens
srv        update:  - cache state: 46 prompts, 91.733 MiB (limits: 8192.000 MiB, 4096 tokens, 698170 est)
srv        update:    - prompt 0x28c0e20:     105 tokens, checkpoints:  0,     1.232 MiB
srv        update:    - prompt 0x28c7080:     106 tokens, checkpoints:  0,     1.244 MiB
srv        update:    - prompt 0x28d3a10:     105 tokens, checkpoints:  0,     1.232 MiB
srv        update:    - prompt 0x28c1e20:     106 tokens, checkpoints:  0,     1.244 MiB
srv        update:    - prompt 0x3d8f9b0:     104 tokens, checkpoints:  0,     1.221 MiB
srv        update:    - prompt 0x28c94c0:     109 tokens, checkpoints:  0,     1.279 MiB
srv        update:    - prompt 0xf90860:     115 tokens, checkpoints:  0,     1.350 MiB
srv        update:    - prompt 0x28ce680:     110 tokens, checkpoints:  0,     1.291 MiB
srv        update:    - prompt 0x28ba4f0:     112 tokens, checkpoints:  0,     1.314 MiB
srv        update:    - prompt 0x28dd340:     107 tokens, checkpoints:  0,     1.256 MiB
srv        update:    - prompt 0x28d1e50:     107 tokens, checkpoints:  0,     1.256 MiB
srv        update:    - prompt 0x28c0600:     107 tokens, checkpoints:  0,     1.256 MiB
srv        update:    - prompt 0x28c6e80:     118 tokens, checkpoints:  0,     1.385 MiB
srv        update:    - prompt 0x28cd710:     122 tokens, checkpoints:  0,     1.432 MiB
srv        update:    - prompt 0x28cfbb0:     130 tokens, checkpoints:  0,     1.525 MiB
srv        update:    - prompt 0x28c6380:     131 tokens, checkpoints:  0,     1.537 MiB
srv        update:    - prompt 0x28c9fe0:     129 tokens, checkpoints:  0,     1.514 MiB
srv        update:    - prompt 0x28b9ba0:     362 tokens, checkpoints:  0,     4.247 MiB
srv        update:    - prompt 0xffff00004cf0:     424 tokens, checkpoints:  0,     4.974 MiB
srv        update:    - prompt 0xeec0d0:     408 tokens, checkpoints:  0,     4.786 MiB
srv        update:    - prompt 0x28ce470:     411 tokens, checkpoints:  0,     4.822 MiB
srv        update:    - prompt 0x28b9010:     417 tokens, checkpoints:  0,     4.892 MiB
srv        update:    - prompt 0x4a25680:     416 tokens, checkpoints:  0,     4.880 MiB
srv        update:    - prompt 0x4a293c0:     430 tokens, checkpoints:  0,     5.045 MiB
srv        update:    - prompt 0x28e40e0:     430 tokens, checkpoints:  0,     5.045 MiB
srv        update:    - prompt 0x28bac10:     106 tokens, checkpoints:  0,     1.244 MiB
srv        update:    - prompt 0x28b68d0:     104 tokens, checkpoints:  0,     1.221 MiB
srv        update:    - prompt 0x4a2fdc0:     109 tokens, checkpoints:  0,     1.279 MiB
srv        update:    - prompt 0x28cdbb0:     115 tokens, checkpoints:  0,     1.350 MiB
srv        update:    - prompt 0x28ec330:     110 tokens, checkpoints:  0,     1.291 MiB
srv        update:    - prompt 0xee5330:     112 tokens, checkpoints:  0,     1.314 MiB
srv        update:    - prompt 0xf12130:     107 tokens, checkpoints:  0,     1.256 MiB
srv        update:    - prompt 0x28b8f70:     107 tokens, checkpoints:  0,     1.256 MiB
srv        update:    - prompt 0x28d3cf0:     107 tokens, checkpoints:  0,     1.256 MiB
srv        update:    - prompt 0x4a227b0:      35 tokens, checkpoints:  0,     0.411 MiB
srv        update:    - prompt 0x4a298e0:     118 tokens, checkpoints:  0,     1.385 MiB
srv        update:    - prompt 0x28bfbb0:     122 tokens, checkpoints:  0,     1.432 MiB
srv        update:    - prompt 0x2911090:     164 tokens, checkpoints:  0,     1.924 MiB
srv        update:    - prompt 0xf0e970:     130 tokens, checkpoints:  0,     1.525 MiB
srv        update:    - prompt 0xf8fa50:     134 tokens, checkpoints:  0,     1.572 MiB
srv        update:    - prompt 0x28e67e0:     131 tokens, checkpoints:  0,     1.537 MiB
srv        update:    - prompt 0x28d4ac0:     145 tokens, checkpoints:  0,     1.701 MiB
srv        update:    - prompt 0xf0c310:     129 tokens, checkpoints:  0,     1.514 MiB
srv        update:    - prompt 0x28b6d20:     135 tokens, checkpoints:  0,     1.584 MiB
srv        update:    - prompt 0x28cfc50:     135 tokens, checkpoints:  0,     1.584 MiB
srv        update:    - prompt 0x28c3290:     242 tokens, checkpoints:  0,     2.839 MiB
slot update_slots: id  1 | task 5296 | new prompt, n_ctx_slot = 4096, n_keep = 0, task.n_tokens = 225
slot update_slots: id  1 | task 5296 | need to evaluate at least 1 token for each active slot (n_past = 225, task.n_tokens() = 225)
slot update_slots: id  1 | task 5296 | n_past was set to 224
slot update_slots: id  1 | task 5296 | n_tokens = 224, memory_seq_rm [224, end)
slot init_sampler: id  1 | task 5296 | init sampler, took 0.10 ms, tokens: text = 225, total = 225
slot update_slots: id  1 | task 5296 | prompt processing done, n_tokens = 225, batch.n_tokens = 1
srv  log_server_r: done request: POST /completion 127.0.0.1 200
slot print_timing: id  1 | task 5296 | 
prompt eval time =      28.10 ms /     1 tokens (   28.10 ms per token,    35.59 tokens per second)
       eval time =    2740.86 ms /   100 tokens (   27.41 ms per token,    36.48 tokens per second)
      total time =    2768.96 ms /   101 tokens
slot      release: id  1 | task 5296 | stop processing: n_tokens = 324, truncated = 0
srv  update_slots: all slots are idle
slot get_availabl: id  0 | task -1 | selected slot by LRU, t_last = 36361151450
srv  get_availabl: updating prompt cache
srv          load:  - looking for better prompt, base f_keep = -1.000, sim = 0.000
srv          load:  - found better prompt with f_keep = 0.727, sim = 1.000
srv        update:  - cache state: 45 prompts, 87.486 MiB (limits: 8192.000 MiB, 4096 tokens, 698165 est)
srv        update:    - prompt 0x28c0e20:     105 tokens, checkpoints:  0,     1.232 MiB
srv        update:    - prompt 0x28c7080:     106 tokens, checkpoints:  0,     1.244 MiB
srv        update:    - prompt 0x28d3a10:     105 tokens, checkpoints:  0,     1.232 MiB
srv        update:    - prompt 0x28c1e20:     106 tokens, checkpoints:  0,     1.244 MiB
srv        update:    - prompt 0x3d8f9b0:     104 tokens, checkpoints:  0,     1.221 MiB
srv        update:    - prompt 0x28c94c0:     109 tokens, checkpoints:  0,     1.279 MiB
srv        update:    - prompt 0xf90860:     115 tokens, checkpoints:  0,     1.350 MiB
srv        update:    - prompt 0x28ce680:     110 tokens, checkpoints:  0,     1.291 MiB
srv        update:    - prompt 0x28ba4f0:     112 tokens, checkpoints:  0,     1.314 MiB
srv        update:    - prompt 0x28dd340:     107 tokens, checkpoints:  0,     1.256 MiB
srv        update:    - prompt 0x28d1e50:     107 tokens, checkpoints:  0,     1.256 MiB
srv        update:    - prompt 0x28c0600:     107 tokens, checkpoints:  0,     1.256 MiB
srv        update:    - prompt 0x28c6e80:     118 tokens, checkpoints:  0,     1.385 MiB
srv        update:    - prompt 0x28cd710:     122 tokens, checkpoints:  0,     1.432 MiB
srv        update:    - prompt 0x28cfbb0:     130 tokens, checkpoints:  0,     1.525 MiB
srv        update:    - prompt 0x28c6380:     131 tokens, checkpoints:  0,     1.537 MiB
srv        update:    - prompt 0x28c9fe0:     129 tokens, checkpoints:  0,     1.514 MiB
srv        update:    - prompt 0xffff00004cf0:     424 tokens, checkpoints:  0,     4.974 MiB
srv        update:    - prompt 0xeec0d0:     408 tokens, checkpoints:  0,     4.786 MiB
srv        update:    - prompt 0x28ce470:     411 tokens, checkpoints:  0,     4.822 MiB
srv        update:    - prompt 0x28b9010:     417 tokens, checkpoints:  0,     4.892 MiB
srv        update:    - prompt 0x4a25680:     416 tokens, checkpoints:  0,     4.880 MiB
srv        update:    - prompt 0x4a293c0:     430 tokens, checkpoints:  0,     5.045 MiB
srv        update:    - prompt 0x28e40e0:     430 tokens, checkpoints:  0,     5.045 MiB
srv        update:    - prompt 0x28bac10:     106 tokens, checkpoints:  0,     1.244 MiB
srv        update:    - prompt 0x28b68d0:     104 tokens, checkpoints:  0,     1.221 MiB
srv        update:    - prompt 0x4a2fdc0:     109 tokens, checkpoints:  0,     1.279 MiB
srv        update:    - prompt 0x28cdbb0:     115 tokens, checkpoints:  0,     1.350 MiB
srv        update:    - prompt 0x28ec330:     110 tokens, checkpoints:  0,     1.291 MiB
srv        update:    - prompt 0xee5330:     112 tokens, checkpoints:  0,     1.314 MiB
srv        update:    - prompt 0xf12130:     107 tokens, checkpoints:  0,     1.256 MiB
srv        update:    - prompt 0x28b8f70:     107 tokens, checkpoints:  0,     1.256 MiB
srv        update:    - prompt 0x28d3cf0:     107 tokens, checkpoints:  0,     1.256 MiB
srv        update:    - prompt 0x4a227b0:      35 tokens, checkpoints:  0,     0.411 MiB
srv        update:    - prompt 0x4a298e0:     118 tokens, checkpoints:  0,     1.385 MiB
srv        update:    - prompt 0x28bfbb0:     122 tokens, checkpoints:  0,     1.432 MiB
srv        update:    - prompt 0x2911090:     164 tokens, checkpoints:  0,     1.924 MiB
srv        update:    - prompt 0xf0e970:     130 tokens, checkpoints:  0,     1.525 MiB
srv        update:    - prompt 0xf8fa50:     134 tokens, checkpoints:  0,     1.572 MiB
srv        update:    - prompt 0x28e67e0:     131 tokens, checkpoints:  0,     1.537 MiB
srv        update:    - prompt 0x28d4ac0:     145 tokens, checkpoints:  0,     1.701 MiB
srv        update:    - prompt 0xf0c310:     129 tokens, checkpoints:  0,     1.514 MiB
srv        update:    - prompt 0x28b6d20:     135 tokens, checkpoints:  0,     1.584 MiB
srv        update:    - prompt 0x28cfc50:     135 tokens, checkpoints:  0,     1.584 MiB
srv        update:    - prompt 0x28c3290:     242 tokens, checkpoints:  0,     2.839 MiB
srv  get_availabl: prompt cache update took 1.72 ms
slot launch_slot_: id  0 | task -1 | sampler chain: logits -> ?penalties -> ?dry -> ?top-n-sigma -> top-k -> ?typical -> top-p -> min-p -> ?xtc -> temp-ext -> dist 
slot launch_slot_: id  0 | task 5397 | processing task, is_child = 0
slot slot_save_an: id  1 | task -1 | saving idle slot to prompt cache
srv   prompt_save:  - saving prompt with length 324, total state size = 3.801 MiB
slot prompt_clear: id  1 | task -1 | clearing prompt with 324 tokens
srv        update:  - cache state: 46 prompts, 91.287 MiB (limits: 8192.000 MiB, 4096 tokens, 698170 est)
srv        update:    - prompt 0x28c0e20:     105 tokens, checkpoints:  0,     1.232 MiB
srv        update:    - prompt 0x28c7080:     106 tokens, checkpoints:  0,     1.244 MiB
srv        update:    - prompt 0x28d3a10:     105 tokens, checkpoints:  0,     1.232 MiB
srv        update:    - prompt 0x28c1e20:     106 tokens, checkpoints:  0,     1.244 MiB
srv        update:    - prompt 0x3d8f9b0:     104 tokens, checkpoints:  0,     1.221 MiB
srv        update:    - prompt 0x28c94c0:     109 tokens, checkpoints:  0,     1.279 MiB
srv        update:    - prompt 0xf90860:     115 tokens, checkpoints:  0,     1.350 MiB
srv        update:    - prompt 0x28ce680:     110 tokens, checkpoints:  0,     1.291 MiB
srv        update:    - prompt 0x28ba4f0:     112 tokens, checkpoints:  0,     1.314 MiB
srv        update:    - prompt 0x28dd340:     107 tokens, checkpoints:  0,     1.256 MiB
srv        update:    - prompt 0x28d1e50:     107 tokens, checkpoints:  0,     1.256 MiB
srv        update:    - prompt 0x28c0600:     107 tokens, checkpoints:  0,     1.256 MiB
srv        update:    - prompt 0x28c6e80:     118 tokens, checkpoints:  0,     1.385 MiB
srv        update:    - prompt 0x28cd710:     122 tokens, checkpoints:  0,     1.432 MiB
srv        update:    - prompt 0x28cfbb0:     130 tokens, checkpoints:  0,     1.525 MiB
srv        update:    - prompt 0x28c6380:     131 tokens, checkpoints:  0,     1.537 MiB
srv        update:    - prompt 0x28c9fe0:     129 tokens, checkpoints:  0,     1.514 MiB
srv        update:    - prompt 0xffff00004cf0:     424 tokens, checkpoints:  0,     4.974 MiB
srv        update:    - prompt 0xeec0d0:     408 tokens, checkpoints:  0,     4.786 MiB
srv        update:    - prompt 0x28ce470:     411 tokens, checkpoints:  0,     4.822 MiB
srv        update:    - prompt 0x28b9010:     417 tokens, checkpoints:  0,     4.892 MiB
srv        update:    - prompt 0x4a25680:     416 tokens, checkpoints:  0,     4.880 MiB
srv        update:    - prompt 0x4a293c0:     430 tokens, checkpoints:  0,     5.045 MiB
srv        update:    - prompt 0x28e40e0:     430 tokens, checkpoints:  0,     5.045 MiB
srv        update:    - prompt 0x28bac10:     106 tokens, checkpoints:  0,     1.244 MiB
srv        update:    - prompt 0x28b68d0:     104 tokens, checkpoints:  0,     1.221 MiB
srv        update:    - prompt 0x4a2fdc0:     109 tokens, checkpoints:  0,     1.279 MiB
srv        update:    - prompt 0x28cdbb0:     115 tokens, checkpoints:  0,     1.350 MiB
srv        update:    - prompt 0x28ec330:     110 tokens, checkpoints:  0,     1.291 MiB
srv        update:    - prompt 0xee5330:     112 tokens, checkpoints:  0,     1.314 MiB
srv        update:    - prompt 0xf12130:     107 tokens, checkpoints:  0,     1.256 MiB
srv        update:    - prompt 0x28b8f70:     107 tokens, checkpoints:  0,     1.256 MiB
srv        update:    - prompt 0x28d3cf0:     107 tokens, checkpoints:  0,     1.256 MiB
srv        update:    - prompt 0x4a227b0:      35 tokens, checkpoints:  0,     0.411 MiB
srv        update:    - prompt 0x4a298e0:     118 tokens, checkpoints:  0,     1.385 MiB
srv        update:    - prompt 0x28bfbb0:     122 tokens, checkpoints:  0,     1.432 MiB
srv        update:    - prompt 0x2911090:     164 tokens, checkpoints:  0,     1.924 MiB
srv        update:    - prompt 0xf0e970:     130 tokens, checkpoints:  0,     1.525 MiB
srv        update:    - prompt 0xf8fa50:     134 tokens, checkpoints:  0,     1.572 MiB
srv        update:    - prompt 0x28e67e0:     131 tokens, checkpoints:  0,     1.537 MiB
srv        update:    - prompt 0x28d4ac0:     145 tokens, checkpoints:  0,     1.701 MiB
srv        update:    - prompt 0xf0c310:     129 tokens, checkpoints:  0,     1.514 MiB
srv        update:    - prompt 0x28b6d20:     135 tokens, checkpoints:  0,     1.584 MiB
srv        update:    - prompt 0x28cfc50:     135 tokens, checkpoints:  0,     1.584 MiB
srv        update:    - prompt 0x28c3290:     242 tokens, checkpoints:  0,     2.839 MiB
srv        update:    - prompt 0x28b9ba0:     324 tokens, checkpoints:  0,     3.801 MiB
slot update_slots: id  0 | task 5397 | new prompt, n_ctx_slot = 4096, n_keep = 0, task.n_tokens = 263
slot update_slots: id  0 | task 5397 | need to evaluate at least 1 token for each active slot (n_past = 263, task.n_tokens() = 263)
slot update_slots: id  0 | task 5397 | n_past was set to 262
slot update_slots: id  0 | task 5397 | n_tokens = 262, memory_seq_rm [262, end)
slot init_sampler: id  0 | task 5397 | init sampler, took 0.13 ms, tokens: text = 263, total = 263
slot update_slots: id  0 | task 5397 | prompt processing done, n_tokens = 263, batch.n_tokens = 1
srv  log_server_r: done request: POST /completion 127.0.0.1 200
slot print_timing: id  0 | task 5397 | 
prompt eval time =      30.31 ms /     1 tokens (   30.31 ms per token,    32.99 tokens per second)
       eval time =    2795.29 ms /   100 tokens (   27.95 ms per token,    35.77 tokens per second)
      total time =    2825.60 ms /   101 tokens
slot      release: id  0 | task 5397 | stop processing: n_tokens = 362, truncated = 0
srv  update_slots: all slots are idle
slot get_availabl: id  3 | task -1 | selected slot by LRU, t_last = 36364339183
srv  get_availabl: updating prompt cache
srv          load:  - looking for better prompt, base f_keep = -1.000, sim = 0.000
srv          load:  - found better prompt with f_keep = 0.767, sim = 1.000
srv        update:  - cache state: 45 prompts, 86.313 MiB (limits: 8192.000 MiB, 4096 tokens, 698163 est)
srv        update:    - prompt 0x28c0e20:     105 tokens, checkpoints:  0,     1.232 MiB
srv        update:    - prompt 0x28c7080:     106 tokens, checkpoints:  0,     1.244 MiB
srv        update:    - prompt 0x28d3a10:     105 tokens, checkpoints:  0,     1.232 MiB
srv        update:    - prompt 0x28c1e20:     106 tokens, checkpoints:  0,     1.244 MiB
srv        update:    - prompt 0x3d8f9b0:     104 tokens, checkpoints:  0,     1.221 MiB
srv        update:    - prompt 0x28c94c0:     109 tokens, checkpoints:  0,     1.279 MiB
srv        update:    - prompt 0xf90860:     115 tokens, checkpoints:  0,     1.350 MiB
srv        update:    - prompt 0x28ce680:     110 tokens, checkpoints:  0,     1.291 MiB
srv        update:    - prompt 0x28ba4f0:     112 tokens, checkpoints:  0,     1.314 MiB
srv        update:    - prompt 0x28dd340:     107 tokens, checkpoints:  0,     1.256 MiB
srv        update:    - prompt 0x28d1e50:     107 tokens, checkpoints:  0,     1.256 MiB
srv        update:    - prompt 0x28c0600:     107 tokens, checkpoints:  0,     1.256 MiB
srv        update:    - prompt 0x28c6e80:     118 tokens, checkpoints:  0,     1.385 MiB
srv        update:    - prompt 0x28cd710:     122 tokens, checkpoints:  0,     1.432 MiB
srv        update:    - prompt 0x28cfbb0:     130 tokens, checkpoints:  0,     1.525 MiB
srv        update:    - prompt 0x28c6380:     131 tokens, checkpoints:  0,     1.537 MiB
srv        update:    - prompt 0x28c9fe0:     129 tokens, checkpoints:  0,     1.514 MiB
srv        update:    - prompt 0xeec0d0:     408 tokens, checkpoints:  0,     4.786 MiB
srv        update:    - prompt 0x28ce470:     411 tokens, checkpoints:  0,     4.822 MiB
srv        update:    - prompt 0x28b9010:     417 tokens, checkpoints:  0,     4.892 MiB
srv        update:    - prompt 0x4a25680:     416 tokens, checkpoints:  0,     4.880 MiB
srv        update:    - prompt 0x4a293c0:     430 tokens, checkpoints:  0,     5.045 MiB
srv        update:    - prompt 0x28e40e0:     430 tokens, checkpoints:  0,     5.045 MiB
srv        update:    - prompt 0x28bac10:     106 tokens, checkpoints:  0,     1.244 MiB
srv        update:    - prompt 0x28b68d0:     104 tokens, checkpoints:  0,     1.221 MiB
srv        update:    - prompt 0x4a2fdc0:     109 tokens, checkpoints:  0,     1.279 MiB
srv        update:    - prompt 0x28cdbb0:     115 tokens, checkpoints:  0,     1.350 MiB
srv        update:    - prompt 0x28ec330:     110 tokens, checkpoints:  0,     1.291 MiB
srv        update:    - prompt 0xee5330:     112 tokens, checkpoints:  0,     1.314 MiB
srv        update:    - prompt 0xf12130:     107 tokens, checkpoints:  0,     1.256 MiB
srv        update:    - prompt 0x28b8f70:     107 tokens, checkpoints:  0,     1.256 MiB
srv        update:    - prompt 0x28d3cf0:     107 tokens, checkpoints:  0,     1.256 MiB
srv        update:    - prompt 0x4a227b0:      35 tokens, checkpoints:  0,     0.411 MiB
srv        update:    - prompt 0x4a298e0:     118 tokens, checkpoints:  0,     1.385 MiB
srv        update:    - prompt 0x28bfbb0:     122 tokens, checkpoints:  0,     1.432 MiB
srv        update:    - prompt 0x2911090:     164 tokens, checkpoints:  0,     1.924 MiB
srv        update:    - prompt 0xf0e970:     130 tokens, checkpoints:  0,     1.525 MiB
srv        update:    - prompt 0xf8fa50:     134 tokens, checkpoints:  0,     1.572 MiB
srv        update:    - prompt 0x28e67e0:     131 tokens, checkpoints:  0,     1.537 MiB
srv        update:    - prompt 0x28d4ac0:     145 tokens, checkpoints:  0,     1.701 MiB
srv        update:    - prompt 0xf0c310:     129 tokens, checkpoints:  0,     1.514 MiB
srv        update:    - prompt 0x28b6d20:     135 tokens, checkpoints:  0,     1.584 MiB
srv        update:    - prompt 0x28cfc50:     135 tokens, checkpoints:  0,     1.584 MiB
srv        update:    - prompt 0x28c3290:     242 tokens, checkpoints:  0,     2.839 MiB
srv        update:    - prompt 0x28b9ba0:     324 tokens, checkpoints:  0,     3.801 MiB
srv  get_availabl: prompt cache update took 2.05 ms
slot launch_slot_: id  3 | task -1 | sampler chain: logits -> ?penalties -> ?dry -> ?top-n-sigma -> top-k -> ?typical -> top-p -> min-p -> ?xtc -> temp-ext -> dist 
slot launch_slot_: id  3 | task 5498 | processing task, is_child = 0
slot slot_save_an: id  0 | task -1 | saving idle slot to prompt cache
srv   prompt_save:  - saving prompt with length 362, total state size = 4.247 MiB
slot prompt_clear: id  0 | task -1 | clearing prompt with 362 tokens
srv        update:  - cache state: 46 prompts, 90.560 MiB (limits: 8192.000 MiB, 4096 tokens, 698168 est)
srv        update:    - prompt 0x28c0e20:     105 tokens, checkpoints:  0,     1.232 MiB
srv        update:    - prompt 0x28c7080:     106 tokens, checkpoints:  0,     1.244 MiB
srv        update:    - prompt 0x28d3a10:     105 tokens, checkpoints:  0,     1.232 MiB
srv        update:    - prompt 0x28c1e20:     106 tokens, checkpoints:  0,     1.244 MiB
srv        update:    - prompt 0x3d8f9b0:     104 tokens, checkpoints:  0,     1.221 MiB
srv        update:    - prompt 0x28c94c0:     109 tokens, checkpoints:  0,     1.279 MiB
srv        update:    - prompt 0xf90860:     115 tokens, checkpoints:  0,     1.350 MiB
srv        update:    - prompt 0x28ce680:     110 tokens, checkpoints:  0,     1.291 MiB
srv        update:    - prompt 0x28ba4f0:     112 tokens, checkpoints:  0,     1.314 MiB
srv        update:    - prompt 0x28dd340:     107 tokens, checkpoints:  0,     1.256 MiB
srv        update:    - prompt 0x28d1e50:     107 tokens, checkpoints:  0,     1.256 MiB
srv        update:    - prompt 0x28c0600:     107 tokens, checkpoints:  0,     1.256 MiB
srv        update:    - prompt 0x28c6e80:     118 tokens, checkpoints:  0,     1.385 MiB
srv        update:    - prompt 0x28cd710:     122 tokens, checkpoints:  0,     1.432 MiB
srv        update:    - prompt 0x28cfbb0:     130 tokens, checkpoints:  0,     1.525 MiB
srv        update:    - prompt 0x28c6380:     131 tokens, checkpoints:  0,     1.537 MiB
srv        update:    - prompt 0x28c9fe0:     129 tokens, checkpoints:  0,     1.514 MiB
srv        update:    - prompt 0xeec0d0:     408 tokens, checkpoints:  0,     4.786 MiB
srv        update:    - prompt 0x28ce470:     411 tokens, checkpoints:  0,     4.822 MiB
srv        update:    - prompt 0x28b9010:     417 tokens, checkpoints:  0,     4.892 MiB
srv        update:    - prompt 0x4a25680:     416 tokens, checkpoints:  0,     4.880 MiB
srv        update:    - prompt 0x4a293c0:     430 tokens, checkpoints:  0,     5.045 MiB
srv        update:    - prompt 0x28e40e0:     430 tokens, checkpoints:  0,     5.045 MiB
srv        update:    - prompt 0x28bac10:     106 tokens, checkpoints:  0,     1.244 MiB
srv        update:    - prompt 0x28b68d0:     104 tokens, checkpoints:  0,     1.221 MiB
srv        update:    - prompt 0x4a2fdc0:     109 tokens, checkpoints:  0,     1.279 MiB
srv        update:    - prompt 0x28cdbb0:     115 tokens, checkpoints:  0,     1.350 MiB
srv        update:    - prompt 0x28ec330:     110 tokens, checkpoints:  0,     1.291 MiB
srv        update:    - prompt 0xee5330:     112 tokens, checkpoints:  0,     1.314 MiB
srv        update:    - prompt 0xf12130:     107 tokens, checkpoints:  0,     1.256 MiB
srv        update:    - prompt 0x28b8f70:     107 tokens, checkpoints:  0,     1.256 MiB
srv        update:    - prompt 0x28d3cf0:     107 tokens, checkpoints:  0,     1.256 MiB
srv        update:    - prompt 0x4a227b0:      35 tokens, checkpoints:  0,     0.411 MiB
srv        update:    - prompt 0x4a298e0:     118 tokens, checkpoints:  0,     1.385 MiB
srv        update:    - prompt 0x28bfbb0:     122 tokens, checkpoints:  0,     1.432 MiB
srv        update:    - prompt 0x2911090:     164 tokens, checkpoints:  0,     1.924 MiB
srv        update:    - prompt 0xf0e970:     130 tokens, checkpoints:  0,     1.525 MiB
srv        update:    - prompt 0xf8fa50:     134 tokens, checkpoints:  0,     1.572 MiB
srv        update:    - prompt 0x28e67e0:     131 tokens, checkpoints:  0,     1.537 MiB
srv        update:    - prompt 0x28d4ac0:     145 tokens, checkpoints:  0,     1.701 MiB
srv        update:    - prompt 0xf0c310:     129 tokens, checkpoints:  0,     1.514 MiB
srv        update:    - prompt 0x28b6d20:     135 tokens, checkpoints:  0,     1.584 MiB
srv        update:    - prompt 0x28cfc50:     135 tokens, checkpoints:  0,     1.584 MiB
srv        update:    - prompt 0x28c3290:     242 tokens, checkpoints:  0,     2.839 MiB
srv        update:    - prompt 0x28b9ba0:     324 tokens, checkpoints:  0,     3.801 MiB
srv        update:    - prompt 0xffff00004cf0:     362 tokens, checkpoints:  0,     4.247 MiB
slot update_slots: id  3 | task 5498 | new prompt, n_ctx_slot = 4096, n_keep = 0, task.n_tokens = 325
slot update_slots: id  3 | task 5498 | need to evaluate at least 1 token for each active slot (n_past = 325, task.n_tokens() = 325)
slot update_slots: id  3 | task 5498 | n_past was set to 324
slot update_slots: id  3 | task 5498 | n_tokens = 324, memory_seq_rm [324, end)
slot init_sampler: id  3 | task 5498 | init sampler, took 0.16 ms, tokens: text = 325, total = 325
slot update_slots: id  3 | task 5498 | prompt processing done, n_tokens = 325, batch.n_tokens = 1
srv  log_server_r: done request: POST /completion 127.0.0.1 200
slot print_timing: id  3 | task 5498 | 
prompt eval time =      28.75 ms /     1 tokens (   28.75 ms per token,    34.78 tokens per second)
       eval time =    2801.46 ms /   100 tokens (   28.01 ms per token,    35.70 tokens per second)
      total time =    2830.22 ms /   101 tokens
slot      release: id  3 | task 5498 | stop processing: n_tokens = 424, truncated = 0
srv  update_slots: all slots are idle
slot get_availabl: id  2 | task -1 | selected slot by LRU, t_last = 36367715314
srv  get_availabl: updating prompt cache
srv          load:  - looking for better prompt, base f_keep = -1.000, sim = 0.000
srv          load:  - found better prompt with f_keep = 0.757, sim = 1.000
srv        update:  - cache state: 45 prompts, 85.773 MiB (limits: 8192.000 MiB, 4096 tokens, 698161 est)
srv        update:    - prompt 0x28c0e20:     105 tokens, checkpoints:  0,     1.232 MiB
srv        update:    - prompt 0x28c7080:     106 tokens, checkpoints:  0,     1.244 MiB
srv        update:    - prompt 0x28d3a10:     105 tokens, checkpoints:  0,     1.232 MiB
srv        update:    - prompt 0x28c1e20:     106 tokens, checkpoints:  0,     1.244 MiB
srv        update:    - prompt 0x3d8f9b0:     104 tokens, checkpoints:  0,     1.221 MiB
srv        update:    - prompt 0x28c94c0:     109 tokens, checkpoints:  0,     1.279 MiB
srv        update:    - prompt 0xf90860:     115 tokens, checkpoints:  0,     1.350 MiB
srv        update:    - prompt 0x28ce680:     110 tokens, checkpoints:  0,     1.291 MiB
srv        update:    - prompt 0x28ba4f0:     112 tokens, checkpoints:  0,     1.314 MiB
srv        update:    - prompt 0x28dd340:     107 tokens, checkpoints:  0,     1.256 MiB
srv        update:    - prompt 0x28d1e50:     107 tokens, checkpoints:  0,     1.256 MiB
srv        update:    - prompt 0x28c0600:     107 tokens, checkpoints:  0,     1.256 MiB
srv        update:    - prompt 0x28c6e80:     118 tokens, checkpoints:  0,     1.385 MiB
srv        update:    - prompt 0x28cd710:     122 tokens, checkpoints:  0,     1.432 MiB
srv        update:    - prompt 0x28cfbb0:     130 tokens, checkpoints:  0,     1.525 MiB
srv        update:    - prompt 0x28c6380:     131 tokens, checkpoints:  0,     1.537 MiB
srv        update:    - prompt 0x28c9fe0:     129 tokens, checkpoints:  0,     1.514 MiB
srv        update:    - prompt 0x28ce470:     411 tokens, checkpoints:  0,     4.822 MiB
srv        update:    - prompt 0x28b9010:     417 tokens, checkpoints:  0,     4.892 MiB
srv        update:    - prompt 0x4a25680:     416 tokens, checkpoints:  0,     4.880 MiB
srv        update:    - prompt 0x4a293c0:     430 tokens, checkpoints:  0,     5.045 MiB
srv        update:    - prompt 0x28e40e0:     430 tokens, checkpoints:  0,     5.045 MiB
srv        update:    - prompt 0x28bac10:     106 tokens, checkpoints:  0,     1.244 MiB
srv        update:    - prompt 0x28b68d0:     104 tokens, checkpoints:  0,     1.221 MiB
srv        update:    - prompt 0x4a2fdc0:     109 tokens, checkpoints:  0,     1.279 MiB
srv        update:    - prompt 0x28cdbb0:     115 tokens, checkpoints:  0,     1.350 MiB
srv        update:    - prompt 0x28ec330:     110 tokens, checkpoints:  0,     1.291 MiB
srv        update:    - prompt 0xee5330:     112 tokens, checkpoints:  0,     1.314 MiB
srv        update:    - prompt 0xf12130:     107 tokens, checkpoints:  0,     1.256 MiB
srv        update:    - prompt 0x28b8f70:     107 tokens, checkpoints:  0,     1.256 MiB
srv        update:    - prompt 0x28d3cf0:     107 tokens, checkpoints:  0,     1.256 MiB
srv        update:    - prompt 0x4a227b0:      35 tokens, checkpoints:  0,     0.411 MiB
srv        update:    - prompt 0x4a298e0:     118 tokens, checkpoints:  0,     1.385 MiB
srv        update:    - prompt 0x28bfbb0:     122 tokens, checkpoints:  0,     1.432 MiB
srv        update:    - prompt 0x2911090:     164 tokens, checkpoints:  0,     1.924 MiB
srv        update:    - prompt 0xf0e970:     130 tokens, checkpoints:  0,     1.525 MiB
srv        update:    - prompt 0xf8fa50:     134 tokens, checkpoints:  0,     1.572 MiB
srv        update:    - prompt 0x28e67e0:     131 tokens, checkpoints:  0,     1.537 MiB
srv        update:    - prompt 0x28d4ac0:     145 tokens, checkpoints:  0,     1.701 MiB
srv        update:    - prompt 0xf0c310:     129 tokens, checkpoints:  0,     1.514 MiB
srv        update:    - prompt 0x28b6d20:     135 tokens, checkpoints:  0,     1.584 MiB
srv        update:    - prompt 0x28cfc50:     135 tokens, checkpoints:  0,     1.584 MiB
srv        update:    - prompt 0x28c3290:     242 tokens, checkpoints:  0,     2.839 MiB
srv        update:    - prompt 0x28b9ba0:     324 tokens, checkpoints:  0,     3.801 MiB
srv        update:    - prompt 0xffff00004cf0:     362 tokens, checkpoints:  0,     4.247 MiB
srv  get_availabl: prompt cache update took 1.95 ms
slot launch_slot_: id  2 | task -1 | sampler chain: logits -> ?penalties -> ?dry -> ?top-n-sigma -> top-k -> ?typical -> top-p -> min-p -> ?xtc -> temp-ext -> dist 
slot launch_slot_: id  2 | task 5599 | processing task, is_child = 0
slot slot_save_an: id  3 | task -1 | saving idle slot to prompt cache
srv   prompt_save:  - saving prompt with length 424, total state size = 4.974 MiB
slot prompt_clear: id  3 | task -1 | clearing prompt with 424 tokens
srv        update:  - cache state: 46 prompts, 90.747 MiB (limits: 8192.000 MiB, 4096 tokens, 698168 est)
srv        update:    - prompt 0x28c0e20:     105 tokens, checkpoints:  0,     1.232 MiB
srv        update:    - prompt 0x28c7080:     106 tokens, checkpoints:  0,     1.244 MiB
srv        update:    - prompt 0x28d3a10:     105 tokens, checkpoints:  0,     1.232 MiB
srv        update:    - prompt 0x28c1e20:     106 tokens, checkpoints:  0,     1.244 MiB
srv        update:    - prompt 0x3d8f9b0:     104 tokens, checkpoints:  0,     1.221 MiB
srv        update:    - prompt 0x28c94c0:     109 tokens, checkpoints:  0,     1.279 MiB
srv        update:    - prompt 0xf90860:     115 tokens, checkpoints:  0,     1.350 MiB
srv        update:    - prompt 0x28ce680:     110 tokens, checkpoints:  0,     1.291 MiB
srv        update:    - prompt 0x28ba4f0:     112 tokens, checkpoints:  0,     1.314 MiB
srv        update:    - prompt 0x28dd340:     107 tokens, checkpoints:  0,     1.256 MiB
srv        update:    - prompt 0x28d1e50:     107 tokens, checkpoints:  0,     1.256 MiB
srv        update:    - prompt 0x28c0600:     107 tokens, checkpoints:  0,     1.256 MiB
srv        update:    - prompt 0x28c6e80:     118 tokens, checkpoints:  0,     1.385 MiB
srv        update:    - prompt 0x28cd710:     122 tokens, checkpoints:  0,     1.432 MiB
srv        update:    - prompt 0x28cfbb0:     130 tokens, checkpoints:  0,     1.525 MiB
srv        update:    - prompt 0x28c6380:     131 tokens, checkpoints:  0,     1.537 MiB
srv        update:    - prompt 0x28c9fe0:     129 tokens, checkpoints:  0,     1.514 MiB
srv        update:    - prompt 0x28ce470:     411 tokens, checkpoints:  0,     4.822 MiB
srv        update:    - prompt 0x28b9010:     417 tokens, checkpoints:  0,     4.892 MiB
srv        update:    - prompt 0x4a25680:     416 tokens, checkpoints:  0,     4.880 MiB
srv        update:    - prompt 0x4a293c0:     430 tokens, checkpoints:  0,     5.045 MiB
srv        update:    - prompt 0x28e40e0:     430 tokens, checkpoints:  0,     5.045 MiB
srv        update:    - prompt 0x28bac10:     106 tokens, checkpoints:  0,     1.244 MiB
srv        update:    - prompt 0x28b68d0:     104 tokens, checkpoints:  0,     1.221 MiB
srv        update:    - prompt 0x4a2fdc0:     109 tokens, checkpoints:  0,     1.279 MiB
srv        update:    - prompt 0x28cdbb0:     115 tokens, checkpoints:  0,     1.350 MiB
srv        update:    - prompt 0x28ec330:     110 tokens, checkpoints:  0,     1.291 MiB
srv        update:    - prompt 0xee5330:     112 tokens, checkpoints:  0,     1.314 MiB
srv        update:    - prompt 0xf12130:     107 tokens, checkpoints:  0,     1.256 MiB
srv        update:    - prompt 0x28b8f70:     107 tokens, checkpoints:  0,     1.256 MiB
srv        update:    - prompt 0x28d3cf0:     107 tokens, checkpoints:  0,     1.256 MiB
srv        update:    - prompt 0x4a227b0:      35 tokens, checkpoints:  0,     0.411 MiB
srv        update:    - prompt 0x4a298e0:     118 tokens, checkpoints:  0,     1.385 MiB
srv        update:    - prompt 0x28bfbb0:     122 tokens, checkpoints:  0,     1.432 MiB
srv        update:    - prompt 0x2911090:     164 tokens, checkpoints:  0,     1.924 MiB
srv        update:    - prompt 0xf0e970:     130 tokens, checkpoints:  0,     1.525 MiB
srv        update:    - prompt 0xf8fa50:     134 tokens, checkpoints:  0,     1.572 MiB
srv        update:    - prompt 0x28e67e0:     131 tokens, checkpoints:  0,     1.537 MiB
srv        update:    - prompt 0x28d4ac0:     145 tokens, checkpoints:  0,     1.701 MiB
srv        update:    - prompt 0xf0c310:     129 tokens, checkpoints:  0,     1.514 MiB
srv        update:    - prompt 0x28b6d20:     135 tokens, checkpoints:  0,     1.584 MiB
srv        update:    - prompt 0x28cfc50:     135 tokens, checkpoints:  0,     1.584 MiB
srv        update:    - prompt 0x28c3290:     242 tokens, checkpoints:  0,     2.839 MiB
srv        update:    - prompt 0x28b9ba0:     324 tokens, checkpoints:  0,     3.801 MiB
srv        update:    - prompt 0xffff00004cf0:     362 tokens, checkpoints:  0,     4.247 MiB
srv        update:    - prompt 0xeec0d0:     424 tokens, checkpoints:  0,     4.974 MiB
slot update_slots: id  2 | task 5599 | new prompt, n_ctx_slot = 4096, n_keep = 0, task.n_tokens = 309
slot update_slots: id  2 | task 5599 | need to evaluate at least 1 token for each active slot (n_past = 309, task.n_tokens() = 309)
slot update_slots: id  2 | task 5599 | n_past was set to 308
slot update_slots: id  2 | task 5599 | n_tokens = 308, memory_seq_rm [308, end)
slot init_sampler: id  2 | task 5599 | init sampler, took 0.16 ms, tokens: text = 309, total = 309
slot update_slots: id  2 | task 5599 | prompt processing done, n_tokens = 309, batch.n_tokens = 1
srv  log_server_r: done request: POST /completion 127.0.0.1 200
slot print_timing: id  2 | task 5599 | 
prompt eval time =      28.76 ms /     1 tokens (   28.76 ms per token,    34.77 tokens per second)
       eval time =    2794.05 ms /   100 tokens (   27.94 ms per token,    35.79 tokens per second)
      total time =    2822.81 ms /   101 tokens
slot      release: id  2 | task 5599 | stop processing: n_tokens = 408, truncated = 0
srv  update_slots: all slots are idle
slot get_availabl: id  1 | task -1 | selected slot by LRU, t_last = 36371077080
srv  get_availabl: updating prompt cache
srv          load:  - looking for better prompt, base f_keep = -1.000, sim = 0.000
srv          load:  - found better prompt with f_keep = 0.759, sim = 1.000
srv        update:  - cache state: 45 prompts, 85.926 MiB (limits: 8192.000 MiB, 4096 tokens, 698162 est)
srv        update:    - prompt 0x28c0e20:     105 tokens, checkpoints:  0,     1.232 MiB
srv        update:    - prompt 0x28c7080:     106 tokens, checkpoints:  0,     1.244 MiB
srv        update:    - prompt 0x28d3a10:     105 tokens, checkpoints:  0,     1.232 MiB
srv        update:    - prompt 0x28c1e20:     106 tokens, checkpoints:  0,     1.244 MiB
srv        update:    - prompt 0x3d8f9b0:     104 tokens, checkpoints:  0,     1.221 MiB
srv        update:    - prompt 0x28c94c0:     109 tokens, checkpoints:  0,     1.279 MiB
srv        update:    - prompt 0xf90860:     115 tokens, checkpoints:  0,     1.350 MiB
srv        update:    - prompt 0x28ce680:     110 tokens, checkpoints:  0,     1.291 MiB
srv        update:    - prompt 0x28ba4f0:     112 tokens, checkpoints:  0,     1.314 MiB
srv        update:    - prompt 0x28dd340:     107 tokens, checkpoints:  0,     1.256 MiB
srv        update:    - prompt 0x28d1e50:     107 tokens, checkpoints:  0,     1.256 MiB
srv        update:    - prompt 0x28c0600:     107 tokens, checkpoints:  0,     1.256 MiB
srv        update:    - prompt 0x28c6e80:     118 tokens, checkpoints:  0,     1.385 MiB
srv        update:    - prompt 0x28cd710:     122 tokens, checkpoints:  0,     1.432 MiB
srv        update:    - prompt 0x28cfbb0:     130 tokens, checkpoints:  0,     1.525 MiB
srv        update:    - prompt 0x28c6380:     131 tokens, checkpoints:  0,     1.537 MiB
srv        update:    - prompt 0x28c9fe0:     129 tokens, checkpoints:  0,     1.514 MiB
srv        update:    - prompt 0x28b9010:     417 tokens, checkpoints:  0,     4.892 MiB
srv        update:    - prompt 0x4a25680:     416 tokens, checkpoints:  0,     4.880 MiB
srv        update:    - prompt 0x4a293c0:     430 tokens, checkpoints:  0,     5.045 MiB
srv        update:    - prompt 0x28e40e0:     430 tokens, checkpoints:  0,     5.045 MiB
srv        update:    - prompt 0x28bac10:     106 tokens, checkpoints:  0,     1.244 MiB
srv        update:    - prompt 0x28b68d0:     104 tokens, checkpoints:  0,     1.221 MiB
srv        update:    - prompt 0x4a2fdc0:     109 tokens, checkpoints:  0,     1.279 MiB
srv        update:    - prompt 0x28cdbb0:     115 tokens, checkpoints:  0,     1.350 MiB
srv        update:    - prompt 0x28ec330:     110 tokens, checkpoints:  0,     1.291 MiB
srv        update:    - prompt 0xee5330:     112 tokens, checkpoints:  0,     1.314 MiB
srv        update:    - prompt 0xf12130:     107 tokens, checkpoints:  0,     1.256 MiB
srv        update:    - prompt 0x28b8f70:     107 tokens, checkpoints:  0,     1.256 MiB
srv        update:    - prompt 0x28d3cf0:     107 tokens, checkpoints:  0,     1.256 MiB
srv        update:    - prompt 0x4a227b0:      35 tokens, checkpoints:  0,     0.411 MiB
srv        update:    - prompt 0x4a298e0:     118 tokens, checkpoints:  0,     1.385 MiB
srv        update:    - prompt 0x28bfbb0:     122 tokens, checkpoints:  0,     1.432 MiB
srv        update:    - prompt 0x2911090:     164 tokens, checkpoints:  0,     1.924 MiB
srv        update:    - prompt 0xf0e970:     130 tokens, checkpoints:  0,     1.525 MiB
srv        update:    - prompt 0xf8fa50:     134 tokens, checkpoints:  0,     1.572 MiB
srv        update:    - prompt 0x28e67e0:     131 tokens, checkpoints:  0,     1.537 MiB
srv        update:    - prompt 0x28d4ac0:     145 tokens, checkpoints:  0,     1.701 MiB
srv        update:    - prompt 0xf0c310:     129 tokens, checkpoints:  0,     1.514 MiB
srv        update:    - prompt 0x28b6d20:     135 tokens, checkpoints:  0,     1.584 MiB
srv        update:    - prompt 0x28cfc50:     135 tokens, checkpoints:  0,     1.584 MiB
srv        update:    - prompt 0x28c3290:     242 tokens, checkpoints:  0,     2.839 MiB
srv        update:    - prompt 0x28b9ba0:     324 tokens, checkpoints:  0,     3.801 MiB
srv        update:    - prompt 0xffff00004cf0:     362 tokens, checkpoints:  0,     4.247 MiB
srv        update:    - prompt 0xeec0d0:     424 tokens, checkpoints:  0,     4.974 MiB
srv  get_availabl: prompt cache update took 2.10 ms
slot launch_slot_: id  1 | task -1 | sampler chain: logits -> ?penalties -> ?dry -> ?top-n-sigma -> top-k -> ?typical -> top-p -> min-p -> ?xtc -> temp-ext -> dist 
slot launch_slot_: id  1 | task 5700 | processing task, is_child = 0
slot slot_save_an: id  2 | task -1 | saving idle slot to prompt cache
srv   prompt_save:  - saving prompt with length 408, total state size = 4.786 MiB
slot prompt_clear: id  2 | task -1 | clearing prompt with 408 tokens
srv        update:  - cache state: 46 prompts, 90.712 MiB (limits: 8192.000 MiB, 4096 tokens, 698168 est)
srv        update:    - prompt 0x28c0e20:     105 tokens, checkpoints:  0,     1.232 MiB
srv        update:    - prompt 0x28c7080:     106 tokens, checkpoints:  0,     1.244 MiB
srv        update:    - prompt 0x28d3a10:     105 tokens, checkpoints:  0,     1.232 MiB
srv        update:    - prompt 0x28c1e20:     106 tokens, checkpoints:  0,     1.244 MiB
srv        update:    - prompt 0x3d8f9b0:     104 tokens, checkpoints:  0,     1.221 MiB
srv        update:    - prompt 0x28c94c0:     109 tokens, checkpoints:  0,     1.279 MiB
srv        update:    - prompt 0xf90860:     115 tokens, checkpoints:  0,     1.350 MiB
srv        update:    - prompt 0x28ce680:     110 tokens, checkpoints:  0,     1.291 MiB
srv        update:    - prompt 0x28ba4f0:     112 tokens, checkpoints:  0,     1.314 MiB
srv        update:    - prompt 0x28dd340:     107 tokens, checkpoints:  0,     1.256 MiB
srv        update:    - prompt 0x28d1e50:     107 tokens, checkpoints:  0,     1.256 MiB
srv        update:    - prompt 0x28c0600:     107 tokens, checkpoints:  0,     1.256 MiB
srv        update:    - prompt 0x28c6e80:     118 tokens, checkpoints:  0,     1.385 MiB
srv        update:    - prompt 0x28cd710:     122 tokens, checkpoints:  0,     1.432 MiB
srv        update:    - prompt 0x28cfbb0:     130 tokens, checkpoints:  0,     1.525 MiB
srv        update:    - prompt 0x28c6380:     131 tokens, checkpoints:  0,     1.537 MiB
srv        update:    - prompt 0x28c9fe0:     129 tokens, checkpoints:  0,     1.514 MiB
srv        update:    - prompt 0x28b9010:     417 tokens, checkpoints:  0,     4.892 MiB
srv        update:    - prompt 0x4a25680:     416 tokens, checkpoints:  0,     4.880 MiB
srv        update:    - prompt 0x4a293c0:     430 tokens, checkpoints:  0,     5.045 MiB
srv        update:    - prompt 0x28e40e0:     430 tokens, checkpoints:  0,     5.045 MiB
srv        update:    - prompt 0x28bac10:     106 tokens, checkpoints:  0,     1.244 MiB
srv        update:    - prompt 0x28b68d0:     104 tokens, checkpoints:  0,     1.221 MiB
srv        update:    - prompt 0x4a2fdc0:     109 tokens, checkpoints:  0,     1.279 MiB
srv        update:    - prompt 0x28cdbb0:     115 tokens, checkpoints:  0,     1.350 MiB
srv        update:    - prompt 0x28ec330:     110 tokens, checkpoints:  0,     1.291 MiB
srv        update:    - prompt 0xee5330:     112 tokens, checkpoints:  0,     1.314 MiB
srv        update:    - prompt 0xf12130:     107 tokens, checkpoints:  0,     1.256 MiB
srv        update:    - prompt 0x28b8f70:     107 tokens, checkpoints:  0,     1.256 MiB
srv        update:    - prompt 0x28d3cf0:     107 tokens, checkpoints:  0,     1.256 MiB
srv        update:    - prompt 0x4a227b0:      35 tokens, checkpoints:  0,     0.411 MiB
srv        update:    - prompt 0x4a298e0:     118 tokens, checkpoints:  0,     1.385 MiB
srv        update:    - prompt 0x28bfbb0:     122 tokens, checkpoints:  0,     1.432 MiB
srv        update:    - prompt 0x2911090:     164 tokens, checkpoints:  0,     1.924 MiB
srv        update:    - prompt 0xf0e970:     130 tokens, checkpoints:  0,     1.525 MiB
srv        update:    - prompt 0xf8fa50:     134 tokens, checkpoints:  0,     1.572 MiB
srv        update:    - prompt 0x28e67e0:     131 tokens, checkpoints:  0,     1.537 MiB
srv        update:    - prompt 0x28d4ac0:     145 tokens, checkpoints:  0,     1.701 MiB
srv        update:    - prompt 0xf0c310:     129 tokens, checkpoints:  0,     1.514 MiB
srv        update:    - prompt 0x28b6d20:     135 tokens, checkpoints:  0,     1.584 MiB
srv        update:    - prompt 0x28cfc50:     135 tokens, checkpoints:  0,     1.584 MiB
srv        update:    - prompt 0x28c3290:     242 tokens, checkpoints:  0,     2.839 MiB
srv        update:    - prompt 0x28b9ba0:     324 tokens, checkpoints:  0,     3.801 MiB
srv        update:    - prompt 0xffff00004cf0:     362 tokens, checkpoints:  0,     4.247 MiB
srv        update:    - prompt 0xeec0d0:     424 tokens, checkpoints:  0,     4.974 MiB
srv        update:    - prompt 0x28ce470:     408 tokens, checkpoints:  0,     4.786 MiB
slot update_slots: id  1 | task 5700 | new prompt, n_ctx_slot = 4096, n_keep = 0, task.n_tokens = 312
slot update_slots: id  1 | task 5700 | need to evaluate at least 1 token for each active slot (n_past = 312, task.n_tokens() = 312)
slot update_slots: id  1 | task 5700 | n_past was set to 311
slot update_slots: id  1 | task 5700 | n_tokens = 311, memory_seq_rm [311, end)
slot init_sampler: id  1 | task 5700 | init sampler, took 0.15 ms, tokens: text = 312, total = 312
slot update_slots: id  1 | task 5700 | prompt processing done, n_tokens = 312, batch.n_tokens = 1
srv  log_server_r: done request: POST /completion 127.0.0.1 200
slot print_timing: id  1 | task 5700 | 
prompt eval time =      28.73 ms /     1 tokens (   28.73 ms per token,    34.80 tokens per second)
       eval time =    2796.71 ms /   100 tokens (   27.97 ms per token,    35.76 tokens per second)
      total time =    2825.44 ms /   101 tokens
slot      release: id  1 | task 5700 | stop processing: n_tokens = 411, truncated = 0
srv  update_slots: all slots are idle
slot get_availabl: id  0 | task -1 | selected slot by LRU, t_last = 36374496754
srv  get_availabl: updating prompt cache
srv          load:  - looking for better prompt, base f_keep = -1.000, sim = 0.000
srv          load:  - found better prompt with f_keep = 0.763, sim = 1.000
srv        update:  - cache state: 45 prompts, 85.820 MiB (limits: 8192.000 MiB, 4096 tokens, 698161 est)
srv        update:    - prompt 0x28c0e20:     105 tokens, checkpoints:  0,     1.232 MiB
srv        update:    - prompt 0x28c7080:     106 tokens, checkpoints:  0,     1.244 MiB
srv        update:    - prompt 0x28d3a10:     105 tokens, checkpoints:  0,     1.232 MiB
srv        update:    - prompt 0x28c1e20:     106 tokens, checkpoints:  0,     1.244 MiB
srv        update:    - prompt 0x3d8f9b0:     104 tokens, checkpoints:  0,     1.221 MiB
srv        update:    - prompt 0x28c94c0:     109 tokens, checkpoints:  0,     1.279 MiB
srv        update:    - prompt 0xf90860:     115 tokens, checkpoints:  0,     1.350 MiB
srv        update:    - prompt 0x28ce680:     110 tokens, checkpoints:  0,     1.291 MiB
srv        update:    - prompt 0x28ba4f0:     112 tokens, checkpoints:  0,     1.314 MiB
srv        update:    - prompt 0x28dd340:     107 tokens, checkpoints:  0,     1.256 MiB
srv        update:    - prompt 0x28d1e50:     107 tokens, checkpoints:  0,     1.256 MiB
srv        update:    - prompt 0x28c0600:     107 tokens, checkpoints:  0,     1.256 MiB
srv        update:    - prompt 0x28c6e80:     118 tokens, checkpoints:  0,     1.385 MiB
srv        update:    - prompt 0x28cd710:     122 tokens, checkpoints:  0,     1.432 MiB
srv        update:    - prompt 0x28cfbb0:     130 tokens, checkpoints:  0,     1.525 MiB
srv        update:    - prompt 0x28c6380:     131 tokens, checkpoints:  0,     1.537 MiB
srv        update:    - prompt 0x28c9fe0:     129 tokens, checkpoints:  0,     1.514 MiB
srv        update:    - prompt 0x4a25680:     416 tokens, checkpoints:  0,     4.880 MiB
srv        update:    - prompt 0x4a293c0:     430 tokens, checkpoints:  0,     5.045 MiB
srv        update:    - prompt 0x28e40e0:     430 tokens, checkpoints:  0,     5.045 MiB
srv        update:    - prompt 0x28bac10:     106 tokens, checkpoints:  0,     1.244 MiB
srv        update:    - prompt 0x28b68d0:     104 tokens, checkpoints:  0,     1.221 MiB
srv        update:    - prompt 0x4a2fdc0:     109 tokens, checkpoints:  0,     1.279 MiB
srv        update:    - prompt 0x28cdbb0:     115 tokens, checkpoints:  0,     1.350 MiB
srv        update:    - prompt 0x28ec330:     110 tokens, checkpoints:  0,     1.291 MiB
srv        update:    - prompt 0xee5330:     112 tokens, checkpoints:  0,     1.314 MiB
srv        update:    - prompt 0xf12130:     107 tokens, checkpoints:  0,     1.256 MiB
srv        update:    - prompt 0x28b8f70:     107 tokens, checkpoints:  0,     1.256 MiB
srv        update:    - prompt 0x28d3cf0:     107 tokens, checkpoints:  0,     1.256 MiB
srv        update:    - prompt 0x4a227b0:      35 tokens, checkpoints:  0,     0.411 MiB
srv        update:    - prompt 0x4a298e0:     118 tokens, checkpoints:  0,     1.385 MiB
srv        update:    - prompt 0x28bfbb0:     122 tokens, checkpoints:  0,     1.432 MiB
srv        update:    - prompt 0x2911090:     164 tokens, checkpoints:  0,     1.924 MiB
srv        update:    - prompt 0xf0e970:     130 tokens, checkpoints:  0,     1.525 MiB
srv        update:    - prompt 0xf8fa50:     134 tokens, checkpoints:  0,     1.572 MiB
srv        update:    - prompt 0x28e67e0:     131 tokens, checkpoints:  0,     1.537 MiB
srv        update:    - prompt 0x28d4ac0:     145 tokens, checkpoints:  0,     1.701 MiB
srv        update:    - prompt 0xf0c310:     129 tokens, checkpoints:  0,     1.514 MiB
srv        update:    - prompt 0x28b6d20:     135 tokens, checkpoints:  0,     1.584 MiB
srv        update:    - prompt 0x28cfc50:     135 tokens, checkpoints:  0,     1.584 MiB
srv        update:    - prompt 0x28c3290:     242 tokens, checkpoints:  0,     2.839 MiB
srv        update:    - prompt 0x28b9ba0:     324 tokens, checkpoints:  0,     3.801 MiB
srv        update:    - prompt 0xffff00004cf0:     362 tokens, checkpoints:  0,     4.247 MiB
srv        update:    - prompt 0xeec0d0:     424 tokens, checkpoints:  0,     4.974 MiB
srv        update:    - prompt 0x28ce470:     408 tokens, checkpoints:  0,     4.786 MiB
srv  get_availabl: prompt cache update took 2.04 ms
slot launch_slot_: id  0 | task -1 | sampler chain: logits -> ?penalties -> ?dry -> ?top-n-sigma -> top-k -> ?typical -> top-p -> min-p -> ?xtc -> temp-ext -> dist 
slot launch_slot_: id  0 | task 5801 | processing task, is_child = 0
slot slot_save_an: id  1 | task -1 | saving idle slot to prompt cache
srv   prompt_save:  - saving prompt with length 411, total state size = 4.822 MiB
slot prompt_clear: id  1 | task -1 | clearing prompt with 411 tokens
srv        update:  - cache state: 46 prompts, 90.642 MiB (limits: 8192.000 MiB, 4096 tokens, 698168 est)
srv        update:    - prompt 0x28c0e20:     105 tokens, checkpoints:  0,     1.232 MiB
srv        update:    - prompt 0x28c7080:     106 tokens, checkpoints:  0,     1.244 MiB
srv        update:    - prompt 0x28d3a10:     105 tokens, checkpoints:  0,     1.232 MiB
srv        update:    - prompt 0x28c1e20:     106 tokens, checkpoints:  0,     1.244 MiB
srv        update:    - prompt 0x3d8f9b0:     104 tokens, checkpoints:  0,     1.221 MiB
srv        update:    - prompt 0x28c94c0:     109 tokens, checkpoints:  0,     1.279 MiB
srv        update:    - prompt 0xf90860:     115 tokens, checkpoints:  0,     1.350 MiB
srv        update:    - prompt 0x28ce680:     110 tokens, checkpoints:  0,     1.291 MiB
srv        update:    - prompt 0x28ba4f0:     112 tokens, checkpoints:  0,     1.314 MiB
srv        update:    - prompt 0x28dd340:     107 tokens, checkpoints:  0,     1.256 MiB
srv        update:    - prompt 0x28d1e50:     107 tokens, checkpoints:  0,     1.256 MiB
srv        update:    - prompt 0x28c0600:     107 tokens, checkpoints:  0,     1.256 MiB
srv        update:    - prompt 0x28c6e80:     118 tokens, checkpoints:  0,     1.385 MiB
srv        update:    - prompt 0x28cd710:     122 tokens, checkpoints:  0,     1.432 MiB
srv        update:    - prompt 0x28cfbb0:     130 tokens, checkpoints:  0,     1.525 MiB
srv        update:    - prompt 0x28c6380:     131 tokens, checkpoints:  0,     1.537 MiB
srv        update:    - prompt 0x28c9fe0:     129 tokens, checkpoints:  0,     1.514 MiB
srv        update:    - prompt 0x4a25680:     416 tokens, checkpoints:  0,     4.880 MiB
srv        update:    - prompt 0x4a293c0:     430 tokens, checkpoints:  0,     5.045 MiB
srv        update:    - prompt 0x28e40e0:     430 tokens, checkpoints:  0,     5.045 MiB
srv        update:    - prompt 0x28bac10:     106 tokens, checkpoints:  0,     1.244 MiB
srv        update:    - prompt 0x28b68d0:     104 tokens, checkpoints:  0,     1.221 MiB
srv        update:    - prompt 0x4a2fdc0:     109 tokens, checkpoints:  0,     1.279 MiB
srv        update:    - prompt 0x28cdbb0:     115 tokens, checkpoints:  0,     1.350 MiB
srv        update:    - prompt 0x28ec330:     110 tokens, checkpoints:  0,     1.291 MiB
srv        update:    - prompt 0xee5330:     112 tokens, checkpoints:  0,     1.314 MiB
srv        update:    - prompt 0xf12130:     107 tokens, checkpoints:  0,     1.256 MiB
srv        update:    - prompt 0x28b8f70:     107 tokens, checkpoints:  0,     1.256 MiB
srv        update:    - prompt 0x28d3cf0:     107 tokens, checkpoints:  0,     1.256 MiB
srv        update:    - prompt 0x4a227b0:      35 tokens, checkpoints:  0,     0.411 MiB
srv        update:    - prompt 0x4a298e0:     118 tokens, checkpoints:  0,     1.385 MiB
srv        update:    - prompt 0x28bfbb0:     122 tokens, checkpoints:  0,     1.432 MiB
srv        update:    - prompt 0x2911090:     164 tokens, checkpoints:  0,     1.924 MiB
srv        update:    - prompt 0xf0e970:     130 tokens, checkpoints:  0,     1.525 MiB
srv        update:    - prompt 0xf8fa50:     134 tokens, checkpoints:  0,     1.572 MiB
srv        update:    - prompt 0x28e67e0:     131 tokens, checkpoints:  0,     1.537 MiB
srv        update:    - prompt 0x28d4ac0:     145 tokens, checkpoints:  0,     1.701 MiB
srv        update:    - prompt 0xf0c310:     129 tokens, checkpoints:  0,     1.514 MiB
srv        update:    - prompt 0x28b6d20:     135 tokens, checkpoints:  0,     1.584 MiB
srv        update:    - prompt 0x28cfc50:     135 tokens, checkpoints:  0,     1.584 MiB
srv        update:    - prompt 0x28c3290:     242 tokens, checkpoints:  0,     2.839 MiB
srv        update:    - prompt 0x28b9ba0:     324 tokens, checkpoints:  0,     3.801 MiB
srv        update:    - prompt 0xffff00004cf0:     362 tokens, checkpoints:  0,     4.247 MiB
srv        update:    - prompt 0xeec0d0:     424 tokens, checkpoints:  0,     4.974 MiB
srv        update:    - prompt 0x28ce470:     408 tokens, checkpoints:  0,     4.786 MiB
srv        update:    - prompt 0x28b9010:     411 tokens, checkpoints:  0,     4.822 MiB
slot update_slots: id  0 | task 5801 | new prompt, n_ctx_slot = 4096, n_keep = 0, task.n_tokens = 318
slot update_slots: id  0 | task 5801 | need to evaluate at least 1 token for each active slot (n_past = 318, task.n_tokens() = 318)
slot update_slots: id  0 | task 5801 | n_past was set to 317
slot update_slots: id  0 | task 5801 | n_tokens = 317, memory_seq_rm [317, end)
slot init_sampler: id  0 | task 5801 | init sampler, took 0.15 ms, tokens: text = 318, total = 318
slot update_slots: id  0 | task 5801 | prompt processing done, n_tokens = 318, batch.n_tokens = 1
srv  log_server_r: done request: POST /completion 127.0.0.1 200
slot print_timing: id  0 | task 5801 | 
prompt eval time =      28.75 ms /     1 tokens (   28.75 ms per token,    34.78 tokens per second)
       eval time =    2797.29 ms /   100 tokens (   27.97 ms per token,    35.75 tokens per second)
      total time =    2826.05 ms /   101 tokens
slot      release: id  0 | task 5801 | stop processing: n_tokens = 417, truncated = 0
srv  update_slots: all slots are idle
slot get_availabl: id  3 | task -1 | selected slot by LRU, t_last = 36377922344
srv  get_availabl: updating prompt cache
srv          load:  - looking for better prompt, base f_keep = -1.000, sim = 0.000
srv          load:  - found better prompt with f_keep = 0.762, sim = 1.000
srv        update:  - cache state: 45 prompts, 85.761 MiB (limits: 8192.000 MiB, 4096 tokens, 698161 est)
srv        update:    - prompt 0x28c0e20:     105 tokens, checkpoints:  0,     1.232 MiB
srv        update:    - prompt 0x28c7080:     106 tokens, checkpoints:  0,     1.244 MiB
srv        update:    - prompt 0x28d3a10:     105 tokens, checkpoints:  0,     1.232 MiB
srv        update:    - prompt 0x28c1e20:     106 tokens, checkpoints:  0,     1.244 MiB
srv        update:    - prompt 0x3d8f9b0:     104 tokens, checkpoints:  0,     1.221 MiB
srv        update:    - prompt 0x28c94c0:     109 tokens, checkpoints:  0,     1.279 MiB
srv        update:    - prompt 0xf90860:     115 tokens, checkpoints:  0,     1.350 MiB
srv        update:    - prompt 0x28ce680:     110 tokens, checkpoints:  0,     1.291 MiB
srv        update:    - prompt 0x28ba4f0:     112 tokens, checkpoints:  0,     1.314 MiB
srv        update:    - prompt 0x28dd340:     107 tokens, checkpoints:  0,     1.256 MiB
srv        update:    - prompt 0x28d1e50:     107 tokens, checkpoints:  0,     1.256 MiB
srv        update:    - prompt 0x28c0600:     107 tokens, checkpoints:  0,     1.256 MiB
srv        update:    - prompt 0x28c6e80:     118 tokens, checkpoints:  0,     1.385 MiB
srv        update:    - prompt 0x28cd710:     122 tokens, checkpoints:  0,     1.432 MiB
srv        update:    - prompt 0x28cfbb0:     130 tokens, checkpoints:  0,     1.525 MiB
srv        update:    - prompt 0x28c6380:     131 tokens, checkpoints:  0,     1.537 MiB
srv        update:    - prompt 0x28c9fe0:     129 tokens, checkpoints:  0,     1.514 MiB
srv        update:    - prompt 0x4a293c0:     430 tokens, checkpoints:  0,     5.045 MiB
srv        update:    - prompt 0x28e40e0:     430 tokens, checkpoints:  0,     5.045 MiB
srv        update:    - prompt 0x28bac10:     106 tokens, checkpoints:  0,     1.244 MiB
srv        update:    - prompt 0x28b68d0:     104 tokens, checkpoints:  0,     1.221 MiB
srv        update:    - prompt 0x4a2fdc0:     109 tokens, checkpoints:  0,     1.279 MiB
srv        update:    - prompt 0x28cdbb0:     115 tokens, checkpoints:  0,     1.350 MiB
srv        update:    - prompt 0x28ec330:     110 tokens, checkpoints:  0,     1.291 MiB
srv        update:    - prompt 0xee5330:     112 tokens, checkpoints:  0,     1.314 MiB
srv        update:    - prompt 0xf12130:     107 tokens, checkpoints:  0,     1.256 MiB
srv        update:    - prompt 0x28b8f70:     107 tokens, checkpoints:  0,     1.256 MiB
srv        update:    - prompt 0x28d3cf0:     107 tokens, checkpoints:  0,     1.256 MiB
srv        update:    - prompt 0x4a227b0:      35 tokens, checkpoints:  0,     0.411 MiB
srv        update:    - prompt 0x4a298e0:     118 tokens, checkpoints:  0,     1.385 MiB
srv        update:    - prompt 0x28bfbb0:     122 tokens, checkpoints:  0,     1.432 MiB
srv        update:    - prompt 0x2911090:     164 tokens, checkpoints:  0,     1.924 MiB
srv        update:    - prompt 0xf0e970:     130 tokens, checkpoints:  0,     1.525 MiB
srv        update:    - prompt 0xf8fa50:     134 tokens, checkpoints:  0,     1.572 MiB
srv        update:    - prompt 0x28e67e0:     131 tokens, checkpoints:  0,     1.537 MiB
srv        update:    - prompt 0x28d4ac0:     145 tokens, checkpoints:  0,     1.701 MiB
srv        update:    - prompt 0xf0c310:     129 tokens, checkpoints:  0,     1.514 MiB
srv        update:    - prompt 0x28b6d20:     135 tokens, checkpoints:  0,     1.584 MiB
srv        update:    - prompt 0x28cfc50:     135 tokens, checkpoints:  0,     1.584 MiB
srv        update:    - prompt 0x28c3290:     242 tokens, checkpoints:  0,     2.839 MiB
srv        update:    - prompt 0x28b9ba0:     324 tokens, checkpoints:  0,     3.801 MiB
srv        update:    - prompt 0xffff00004cf0:     362 tokens, checkpoints:  0,     4.247 MiB
srv        update:    - prompt 0xeec0d0:     424 tokens, checkpoints:  0,     4.974 MiB
srv        update:    - prompt 0x28ce470:     408 tokens, checkpoints:  0,     4.786 MiB
srv        update:    - prompt 0x28b9010:     411 tokens, checkpoints:  0,     4.822 MiB
srv  get_availabl: prompt cache update took 2.06 ms
slot launch_slot_: id  3 | task -1 | sampler chain: logits -> ?penalties -> ?dry -> ?top-n-sigma -> top-k -> ?typical -> top-p -> min-p -> ?xtc -> temp-ext -> dist 
slot launch_slot_: id  3 | task 5902 | processing task, is_child = 0
slot slot_save_an: id  0 | task -1 | saving idle slot to prompt cache
srv   prompt_save:  - saving prompt with length 417, total state size = 4.892 MiB
slot prompt_clear: id  0 | task -1 | clearing prompt with 417 tokens
srv        update:  - cache state: 46 prompts, 90.653 MiB (limits: 8192.000 MiB, 4096 tokens, 698168 est)
srv        update:    - prompt 0x28c0e20:     105 tokens, checkpoints:  0,     1.232 MiB
srv        update:    - prompt 0x28c7080:     106 tokens, checkpoints:  0,     1.244 MiB
srv        update:    - prompt 0x28d3a10:     105 tokens, checkpoints:  0,     1.232 MiB
srv        update:    - prompt 0x28c1e20:     106 tokens, checkpoints:  0,     1.244 MiB
srv        update:    - prompt 0x3d8f9b0:     104 tokens, checkpoints:  0,     1.221 MiB
srv        update:    - prompt 0x28c94c0:     109 tokens, checkpoints:  0,     1.279 MiB
srv        update:    - prompt 0xf90860:     115 tokens, checkpoints:  0,     1.350 MiB
srv        update:    - prompt 0x28ce680:     110 tokens, checkpoints:  0,     1.291 MiB
srv        update:    - prompt 0x28ba4f0:     112 tokens, checkpoints:  0,     1.314 MiB
srv        update:    - prompt 0x28dd340:     107 tokens, checkpoints:  0,     1.256 MiB
srv        update:    - prompt 0x28d1e50:     107 tokens, checkpoints:  0,     1.256 MiB
srv        update:    - prompt 0x28c0600:     107 tokens, checkpoints:  0,     1.256 MiB
srv        update:    - prompt 0x28c6e80:     118 tokens, checkpoints:  0,     1.385 MiB
srv        update:    - prompt 0x28cd710:     122 tokens, checkpoints:  0,     1.432 MiB
srv        update:    - prompt 0x28cfbb0:     130 tokens, checkpoints:  0,     1.525 MiB
srv        update:    - prompt 0x28c6380:     131 tokens, checkpoints:  0,     1.537 MiB
srv        update:    - prompt 0x28c9fe0:     129 tokens, checkpoints:  0,     1.514 MiB
srv        update:    - prompt 0x4a293c0:     430 tokens, checkpoints:  0,     5.045 MiB
srv        update:    - prompt 0x28e40e0:     430 tokens, checkpoints:  0,     5.045 MiB
srv        update:    - prompt 0x28bac10:     106 tokens, checkpoints:  0,     1.244 MiB
srv        update:    - prompt 0x28b68d0:     104 tokens, checkpoints:  0,     1.221 MiB
srv        update:    - prompt 0x4a2fdc0:     109 tokens, checkpoints:  0,     1.279 MiB
srv        update:    - prompt 0x28cdbb0:     115 tokens, checkpoints:  0,     1.350 MiB
srv        update:    - prompt 0x28ec330:     110 tokens, checkpoints:  0,     1.291 MiB
srv        update:    - prompt 0xee5330:     112 tokens, checkpoints:  0,     1.314 MiB
srv        update:    - prompt 0xf12130:     107 tokens, checkpoints:  0,     1.256 MiB
srv        update:    - prompt 0x28b8f70:     107 tokens, checkpoints:  0,     1.256 MiB
srv        update:    - prompt 0x28d3cf0:     107 tokens, checkpoints:  0,     1.256 MiB
srv        update:    - prompt 0x4a227b0:      35 tokens, checkpoints:  0,     0.411 MiB
srv        update:    - prompt 0x4a298e0:     118 tokens, checkpoints:  0,     1.385 MiB
srv        update:    - prompt 0x28bfbb0:     122 tokens, checkpoints:  0,     1.432 MiB
srv        update:    - prompt 0x2911090:     164 tokens, checkpoints:  0,     1.924 MiB
srv        update:    - prompt 0xf0e970:     130 tokens, checkpoints:  0,     1.525 MiB
srv        update:    - prompt 0xf8fa50:     134 tokens, checkpoints:  0,     1.572 MiB
srv        update:    - prompt 0x28e67e0:     131 tokens, checkpoints:  0,     1.537 MiB
srv        update:    - prompt 0x28d4ac0:     145 tokens, checkpoints:  0,     1.701 MiB
srv        update:    - prompt 0xf0c310:     129 tokens, checkpoints:  0,     1.514 MiB
srv        update:    - prompt 0x28b6d20:     135 tokens, checkpoints:  0,     1.584 MiB
srv        update:    - prompt 0x28cfc50:     135 tokens, checkpoints:  0,     1.584 MiB
srv        update:    - prompt 0x28c3290:     242 tokens, checkpoints:  0,     2.839 MiB
srv        update:    - prompt 0x28b9ba0:     324 tokens, checkpoints:  0,     3.801 MiB
srv        update:    - prompt 0xffff00004cf0:     362 tokens, checkpoints:  0,     4.247 MiB
srv        update:    - prompt 0xeec0d0:     424 tokens, checkpoints:  0,     4.974 MiB
srv        update:    - prompt 0x28ce470:     408 tokens, checkpoints:  0,     4.786 MiB
srv        update:    - prompt 0x28b9010:     411 tokens, checkpoints:  0,     4.822 MiB
srv        update:    - prompt 0x4a25680:     417 tokens, checkpoints:  0,     4.892 MiB
slot update_slots: id  3 | task 5902 | new prompt, n_ctx_slot = 4096, n_keep = 0, task.n_tokens = 317
slot update_slots: id  3 | task 5902 | need to evaluate at least 1 token for each active slot (n_past = 317, task.n_tokens() = 317)
slot update_slots: id  3 | task 5902 | n_past was set to 316
slot update_slots: id  3 | task 5902 | n_tokens = 316, memory_seq_rm [316, end)
slot init_sampler: id  3 | task 5902 | init sampler, took 0.15 ms, tokens: text = 317, total = 317
slot update_slots: id  3 | task 5902 | prompt processing done, n_tokens = 317, batch.n_tokens = 1
srv  log_server_r: done request: POST /completion 127.0.0.1 200
slot print_timing: id  3 | task 5902 | 
prompt eval time =      28.80 ms /     1 tokens (   28.80 ms per token,    34.72 tokens per second)
       eval time =    2799.48 ms /   100 tokens (   27.99 ms per token,    35.72 tokens per second)
      total time =    2828.28 ms /   101 tokens
slot      release: id  3 | task 5902 | stop processing: n_tokens = 416, truncated = 0
srv  update_slots: all slots are idle
slot get_availabl: id  2 | task -1 | selected slot by LRU, t_last = 36381339463
srv  get_availabl: updating prompt cache
srv          load:  - looking for better prompt, base f_keep = -1.000, sim = 0.000
srv          load:  - found better prompt with f_keep = 0.770, sim = 1.000
srv        update:  - cache state: 45 prompts, 85.609 MiB (limits: 8192.000 MiB, 4096 tokens, 698161 est)
srv        update:    - prompt 0x28c0e20:     105 tokens, checkpoints:  0,     1.232 MiB
srv        update:    - prompt 0x28c7080:     106 tokens, checkpoints:  0,     1.244 MiB
srv        update:    - prompt 0x28d3a10:     105 tokens, checkpoints:  0,     1.232 MiB
srv        update:    - prompt 0x28c1e20:     106 tokens, checkpoints:  0,     1.244 MiB
srv        update:    - prompt 0x3d8f9b0:     104 tokens, checkpoints:  0,     1.221 MiB
srv        update:    - prompt 0x28c94c0:     109 tokens, checkpoints:  0,     1.279 MiB
srv        update:    - prompt 0xf90860:     115 tokens, checkpoints:  0,     1.350 MiB
srv        update:    - prompt 0x28ce680:     110 tokens, checkpoints:  0,     1.291 MiB
srv        update:    - prompt 0x28ba4f0:     112 tokens, checkpoints:  0,     1.314 MiB
srv        update:    - prompt 0x28dd340:     107 tokens, checkpoints:  0,     1.256 MiB
srv        update:    - prompt 0x28d1e50:     107 tokens, checkpoints:  0,     1.256 MiB
srv        update:    - prompt 0x28c0600:     107 tokens, checkpoints:  0,     1.256 MiB
srv        update:    - prompt 0x28c6e80:     118 tokens, checkpoints:  0,     1.385 MiB
srv        update:    - prompt 0x28cd710:     122 tokens, checkpoints:  0,     1.432 MiB
srv        update:    - prompt 0x28cfbb0:     130 tokens, checkpoints:  0,     1.525 MiB
srv        update:    - prompt 0x28c6380:     131 tokens, checkpoints:  0,     1.537 MiB
srv        update:    - prompt 0x28c9fe0:     129 tokens, checkpoints:  0,     1.514 MiB
srv        update:    - prompt 0x28e40e0:     430 tokens, checkpoints:  0,     5.045 MiB
srv        update:    - prompt 0x28bac10:     106 tokens, checkpoints:  0,     1.244 MiB
srv        update:    - prompt 0x28b68d0:     104 tokens, checkpoints:  0,     1.221 MiB
srv        update:    - prompt 0x4a2fdc0:     109 tokens, checkpoints:  0,     1.279 MiB
srv        update:    - prompt 0x28cdbb0:     115 tokens, checkpoints:  0,     1.350 MiB
srv        update:    - prompt 0x28ec330:     110 tokens, checkpoints:  0,     1.291 MiB
srv        update:    - prompt 0xee5330:     112 tokens, checkpoints:  0,     1.314 MiB
srv        update:    - prompt 0xf12130:     107 tokens, checkpoints:  0,     1.256 MiB
srv        update:    - prompt 0x28b8f70:     107 tokens, checkpoints:  0,     1.256 MiB
srv        update:    - prompt 0x28d3cf0:     107 tokens, checkpoints:  0,     1.256 MiB
srv        update:    - prompt 0x4a227b0:      35 tokens, checkpoints:  0,     0.411 MiB
srv        update:    - prompt 0x4a298e0:     118 tokens, checkpoints:  0,     1.385 MiB
srv        update:    - prompt 0x28bfbb0:     122 tokens, checkpoints:  0,     1.432 MiB
srv        update:    - prompt 0x2911090:     164 tokens, checkpoints:  0,     1.924 MiB
srv        update:    - prompt 0xf0e970:     130 tokens, checkpoints:  0,     1.525 MiB
srv        update:    - prompt 0xf8fa50:     134 tokens, checkpoints:  0,     1.572 MiB
srv        update:    - prompt 0x28e67e0:     131 tokens, checkpoints:  0,     1.537 MiB
srv        update:    - prompt 0x28d4ac0:     145 tokens, checkpoints:  0,     1.701 MiB
srv        update:    - prompt 0xf0c310:     129 tokens, checkpoints:  0,     1.514 MiB
srv        update:    - prompt 0x28b6d20:     135 tokens, checkpoints:  0,     1.584 MiB
srv        update:    - prompt 0x28cfc50:     135 tokens, checkpoints:  0,     1.584 MiB
srv        update:    - prompt 0x28c3290:     242 tokens, checkpoints:  0,     2.839 MiB
srv        update:    - prompt 0x28b9ba0:     324 tokens, checkpoints:  0,     3.801 MiB
srv        update:    - prompt 0xffff00004cf0:     362 tokens, checkpoints:  0,     4.247 MiB
srv        update:    - prompt 0xeec0d0:     424 tokens, checkpoints:  0,     4.974 MiB
srv        update:    - prompt 0x28ce470:     408 tokens, checkpoints:  0,     4.786 MiB
srv        update:    - prompt 0x28b9010:     411 tokens, checkpoints:  0,     4.822 MiB
srv        update:    - prompt 0x4a25680:     417 tokens, checkpoints:  0,     4.892 MiB
srv  get_availabl: prompt cache update took 2.04 ms
slot launch_slot_: id  2 | task -1 | sampler chain: logits -> ?penalties -> ?dry -> ?top-n-sigma -> top-k -> ?typical -> top-p -> min-p -> ?xtc -> temp-ext -> dist 
slot launch_slot_: id  2 | task 6003 | processing task, is_child = 0
slot slot_save_an: id  3 | task -1 | saving idle slot to prompt cache
srv   prompt_save:  - saving prompt with length 416, total state size = 4.880 MiB
slot prompt_clear: id  3 | task -1 | clearing prompt with 416 tokens
srv        update:  - cache state: 46 prompts, 90.489 MiB (limits: 8192.000 MiB, 4096 tokens, 698168 est)
srv        update:    - prompt 0x28c0e20:     105 tokens, checkpoints:  0,     1.232 MiB
srv        update:    - prompt 0x28c7080:     106 tokens, checkpoints:  0,     1.244 MiB
srv        update:    - prompt 0x28d3a10:     105 tokens, checkpoints:  0,     1.232 MiB
srv        update:    - prompt 0x28c1e20:     106 tokens, checkpoints:  0,     1.244 MiB
srv        update:    - prompt 0x3d8f9b0:     104 tokens, checkpoints:  0,     1.221 MiB
srv        update:    - prompt 0x28c94c0:     109 tokens, checkpoints:  0,     1.279 MiB
srv        update:    - prompt 0xf90860:     115 tokens, checkpoints:  0,     1.350 MiB
srv        update:    - prompt 0x28ce680:     110 tokens, checkpoints:  0,     1.291 MiB
srv        update:    - prompt 0x28ba4f0:     112 tokens, checkpoints:  0,     1.314 MiB
srv        update:    - prompt 0x28dd340:     107 tokens, checkpoints:  0,     1.256 MiB
srv        update:    - prompt 0x28d1e50:     107 tokens, checkpoints:  0,     1.256 MiB
srv        update:    - prompt 0x28c0600:     107 tokens, checkpoints:  0,     1.256 MiB
srv        update:    - prompt 0x28c6e80:     118 tokens, checkpoints:  0,     1.385 MiB
srv        update:    - prompt 0x28cd710:     122 tokens, checkpoints:  0,     1.432 MiB
srv        update:    - prompt 0x28cfbb0:     130 tokens, checkpoints:  0,     1.525 MiB
srv        update:    - prompt 0x28c6380:     131 tokens, checkpoints:  0,     1.537 MiB
srv        update:    - prompt 0x28c9fe0:     129 tokens, checkpoints:  0,     1.514 MiB
srv        update:    - prompt 0x28e40e0:     430 tokens, checkpoints:  0,     5.045 MiB
srv        update:    - prompt 0x28bac10:     106 tokens, checkpoints:  0,     1.244 MiB
srv        update:    - prompt 0x28b68d0:     104 tokens, checkpoints:  0,     1.221 MiB
srv        update:    - prompt 0x4a2fdc0:     109 tokens, checkpoints:  0,     1.279 MiB
srv        update:    - prompt 0x28cdbb0:     115 tokens, checkpoints:  0,     1.350 MiB
srv        update:    - prompt 0x28ec330:     110 tokens, checkpoints:  0,     1.291 MiB
srv        update:    - prompt 0xee5330:     112 tokens, checkpoints:  0,     1.314 MiB
srv        update:    - prompt 0xf12130:     107 tokens, checkpoints:  0,     1.256 MiB
srv        update:    - prompt 0x28b8f70:     107 tokens, checkpoints:  0,     1.256 MiB
srv        update:    - prompt 0x28d3cf0:     107 tokens, checkpoints:  0,     1.256 MiB
srv        update:    - prompt 0x4a227b0:      35 tokens, checkpoints:  0,     0.411 MiB
srv        update:    - prompt 0x4a298e0:     118 tokens, checkpoints:  0,     1.385 MiB
srv        update:    - prompt 0x28bfbb0:     122 tokens, checkpoints:  0,     1.432 MiB
srv        update:    - prompt 0x2911090:     164 tokens, checkpoints:  0,     1.924 MiB
srv        update:    - prompt 0xf0e970:     130 tokens, checkpoints:  0,     1.525 MiB
srv        update:    - prompt 0xf8fa50:     134 tokens, checkpoints:  0,     1.572 MiB
srv        update:    - prompt 0x28e67e0:     131 tokens, checkpoints:  0,     1.537 MiB
srv        update:    - prompt 0x28d4ac0:     145 tokens, checkpoints:  0,     1.701 MiB
srv        update:    - prompt 0xf0c310:     129 tokens, checkpoints:  0,     1.514 MiB
srv        update:    - prompt 0x28b6d20:     135 tokens, checkpoints:  0,     1.584 MiB
srv        update:    - prompt 0x28cfc50:     135 tokens, checkpoints:  0,     1.584 MiB
srv        update:    - prompt 0x28c3290:     242 tokens, checkpoints:  0,     2.839 MiB
srv        update:    - prompt 0x28b9ba0:     324 tokens, checkpoints:  0,     3.801 MiB
srv        update:    - prompt 0xffff00004cf0:     362 tokens, checkpoints:  0,     4.247 MiB
srv        update:    - prompt 0xeec0d0:     424 tokens, checkpoints:  0,     4.974 MiB
srv        update:    - prompt 0x28ce470:     408 tokens, checkpoints:  0,     4.786 MiB
srv        update:    - prompt 0x28b9010:     411 tokens, checkpoints:  0,     4.822 MiB
srv        update:    - prompt 0x4a25680:     417 tokens, checkpoints:  0,     4.892 MiB
srv        update:    - prompt 0x4a293c0:     416 tokens, checkpoints:  0,     4.880 MiB
slot update_slots: id  2 | task 6003 | new prompt, n_ctx_slot = 4096, n_keep = 0, task.n_tokens = 331
slot update_slots: id  2 | task 6003 | need to evaluate at least 1 token for each active slot (n_past = 331, task.n_tokens() = 331)
slot update_slots: id  2 | task 6003 | n_past was set to 330
slot update_slots: id  2 | task 6003 | n_tokens = 330, memory_seq_rm [330, end)
slot init_sampler: id  2 | task 6003 | init sampler, took 0.15 ms, tokens: text = 331, total = 331
slot update_slots: id  2 | task 6003 | prompt processing done, n_tokens = 331, batch.n_tokens = 1
srv  log_server_r: done request: POST /completion 127.0.0.1 200
slot print_timing: id  2 | task 6003 | 
prompt eval time =      28.75 ms /     1 tokens (   28.75 ms per token,    34.78 tokens per second)
       eval time =    2799.08 ms /   100 tokens (   27.99 ms per token,    35.73 tokens per second)
      total time =    2827.84 ms /   101 tokens
slot      release: id  2 | task 6003 | stop processing: n_tokens = 430, truncated = 0
srv  update_slots: all slots are idle
slot get_availabl: id  1 | task -1 | selected slot by LRU, t_last = 36384758670
srv  get_availabl: updating prompt cache
srv          load:  - looking for better prompt, base f_keep = -1.000, sim = 0.000
srv          load:  - found better prompt with f_keep = 0.770, sim = 1.000
srv        update:  - cache state: 45 prompts, 85.445 MiB (limits: 8192.000 MiB, 4096 tokens, 698161 est)
srv        update:    - prompt 0x28c0e20:     105 tokens, checkpoints:  0,     1.232 MiB
srv        update:    - prompt 0x28c7080:     106 tokens, checkpoints:  0,     1.244 MiB
srv        update:    - prompt 0x28d3a10:     105 tokens, checkpoints:  0,     1.232 MiB
srv        update:    - prompt 0x28c1e20:     106 tokens, checkpoints:  0,     1.244 MiB
srv        update:    - prompt 0x3d8f9b0:     104 tokens, checkpoints:  0,     1.221 MiB
srv        update:    - prompt 0x28c94c0:     109 tokens, checkpoints:  0,     1.279 MiB
srv        update:    - prompt 0xf90860:     115 tokens, checkpoints:  0,     1.350 MiB
srv        update:    - prompt 0x28ce680:     110 tokens, checkpoints:  0,     1.291 MiB
srv        update:    - prompt 0x28ba4f0:     112 tokens, checkpoints:  0,     1.314 MiB
srv        update:    - prompt 0x28dd340:     107 tokens, checkpoints:  0,     1.256 MiB
srv        update:    - prompt 0x28d1e50:     107 tokens, checkpoints:  0,     1.256 MiB
srv        update:    - prompt 0x28c0600:     107 tokens, checkpoints:  0,     1.256 MiB
srv        update:    - prompt 0x28c6e80:     118 tokens, checkpoints:  0,     1.385 MiB
srv        update:    - prompt 0x28cd710:     122 tokens, checkpoints:  0,     1.432 MiB
srv        update:    - prompt 0x28cfbb0:     130 tokens, checkpoints:  0,     1.525 MiB
srv        update:    - prompt 0x28c6380:     131 tokens, checkpoints:  0,     1.537 MiB
srv        update:    - prompt 0x28c9fe0:     129 tokens, checkpoints:  0,     1.514 MiB
srv        update:    - prompt 0x28bac10:     106 tokens, checkpoints:  0,     1.244 MiB
srv        update:    - prompt 0x28b68d0:     104 tokens, checkpoints:  0,     1.221 MiB
srv        update:    - prompt 0x4a2fdc0:     109 tokens, checkpoints:  0,     1.279 MiB
srv        update:    - prompt 0x28cdbb0:     115 tokens, checkpoints:  0,     1.350 MiB
srv        update:    - prompt 0x28ec330:     110 tokens, checkpoints:  0,     1.291 MiB
srv        update:    - prompt 0xee5330:     112 tokens, checkpoints:  0,     1.314 MiB
srv        update:    - prompt 0xf12130:     107 tokens, checkpoints:  0,     1.256 MiB
srv        update:    - prompt 0x28b8f70:     107 tokens, checkpoints:  0,     1.256 MiB
srv        update:    - prompt 0x28d3cf0:     107 tokens, checkpoints:  0,     1.256 MiB
srv        update:    - prompt 0x4a227b0:      35 tokens, checkpoints:  0,     0.411 MiB
srv        update:    - prompt 0x4a298e0:     118 tokens, checkpoints:  0,     1.385 MiB
srv        update:    - prompt 0x28bfbb0:     122 tokens, checkpoints:  0,     1.432 MiB
srv        update:    - prompt 0x2911090:     164 tokens, checkpoints:  0,     1.924 MiB
srv        update:    - prompt 0xf0e970:     130 tokens, checkpoints:  0,     1.525 MiB
srv        update:    - prompt 0xf8fa50:     134 tokens, checkpoints:  0,     1.572 MiB
srv        update:    - prompt 0x28e67e0:     131 tokens, checkpoints:  0,     1.537 MiB
srv        update:    - prompt 0x28d4ac0:     145 tokens, checkpoints:  0,     1.701 MiB
srv        update:    - prompt 0xf0c310:     129 tokens, checkpoints:  0,     1.514 MiB
srv        update:    - prompt 0x28b6d20:     135 tokens, checkpoints:  0,     1.584 MiB
srv        update:    - prompt 0x28cfc50:     135 tokens, checkpoints:  0,     1.584 MiB
srv        update:    - prompt 0x28c3290:     242 tokens, checkpoints:  0,     2.839 MiB
srv        update:    - prompt 0x28b9ba0:     324 tokens, checkpoints:  0,     3.801 MiB
srv        update:    - prompt 0xffff00004cf0:     362 tokens, checkpoints:  0,     4.247 MiB
srv        update:    - prompt 0xeec0d0:     424 tokens, checkpoints:  0,     4.974 MiB
srv        update:    - prompt 0x28ce470:     408 tokens, checkpoints:  0,     4.786 MiB
srv        update:    - prompt 0x28b9010:     411 tokens, checkpoints:  0,     4.822 MiB
srv        update:    - prompt 0x4a25680:     417 tokens, checkpoints:  0,     4.892 MiB
srv        update:    - prompt 0x4a293c0:     416 tokens, checkpoints:  0,     4.880 MiB
srv  get_availabl: prompt cache update took 2.17 ms
slot launch_slot_: id  1 | task -1 | sampler chain: logits -> ?penalties -> ?dry -> ?top-n-sigma -> top-k -> ?typical -> top-p -> min-p -> ?xtc -> temp-ext -> dist 
slot launch_slot_: id  1 | task 6104 | processing task, is_child = 0
slot slot_save_an: id  2 | task -1 | saving idle slot to prompt cache
srv   prompt_save:  - saving prompt with length 430, total state size = 5.045 MiB
slot prompt_clear: id  2 | task -1 | clearing prompt with 430 tokens
srv        update:  - cache state: 46 prompts, 90.489 MiB (limits: 8192.000 MiB, 4096 tokens, 698168 est)
srv        update:    - prompt 0x28c0e20:     105 tokens, checkpoints:  0,     1.232 MiB
srv        update:    - prompt 0x28c7080:     106 tokens, checkpoints:  0,     1.244 MiB
srv        update:    - prompt 0x28d3a10:     105 tokens, checkpoints:  0,     1.232 MiB
srv        update:    - prompt 0x28c1e20:     106 tokens, checkpoints:  0,     1.244 MiB
srv        update:    - prompt 0x3d8f9b0:     104 tokens, checkpoints:  0,     1.221 MiB
srv        update:    - prompt 0x28c94c0:     109 tokens, checkpoints:  0,     1.279 MiB
srv        update:    - prompt 0xf90860:     115 tokens, checkpoints:  0,     1.350 MiB
srv        update:    - prompt 0x28ce680:     110 tokens, checkpoints:  0,     1.291 MiB
srv        update:    - prompt 0x28ba4f0:     112 tokens, checkpoints:  0,     1.314 MiB
srv        update:    - prompt 0x28dd340:     107 tokens, checkpoints:  0,     1.256 MiB
srv        update:    - prompt 0x28d1e50:     107 tokens, checkpoints:  0,     1.256 MiB
srv        update:    - prompt 0x28c0600:     107 tokens, checkpoints:  0,     1.256 MiB
srv        update:    - prompt 0x28c6e80:     118 tokens, checkpoints:  0,     1.385 MiB
srv        update:    - prompt 0x28cd710:     122 tokens, checkpoints:  0,     1.432 MiB
srv        update:    - prompt 0x28cfbb0:     130 tokens, checkpoints:  0,     1.525 MiB
srv        update:    - prompt 0x28c6380:     131 tokens, checkpoints:  0,     1.537 MiB
srv        update:    - prompt 0x28c9fe0:     129 tokens, checkpoints:  0,     1.514 MiB
srv        update:    - prompt 0x28bac10:     106 tokens, checkpoints:  0,     1.244 MiB
srv        update:    - prompt 0x28b68d0:     104 tokens, checkpoints:  0,     1.221 MiB
srv        update:    - prompt 0x4a2fdc0:     109 tokens, checkpoints:  0,     1.279 MiB
srv        update:    - prompt 0x28cdbb0:     115 tokens, checkpoints:  0,     1.350 MiB
srv        update:    - prompt 0x28ec330:     110 tokens, checkpoints:  0,     1.291 MiB
srv        update:    - prompt 0xee5330:     112 tokens, checkpoints:  0,     1.314 MiB
srv        update:    - prompt 0xf12130:     107 tokens, checkpoints:  0,     1.256 MiB
srv        update:    - prompt 0x28b8f70:     107 tokens, checkpoints:  0,     1.256 MiB
srv        update:    - prompt 0x28d3cf0:     107 tokens, checkpoints:  0,     1.256 MiB
srv        update:    - prompt 0x4a227b0:      35 tokens, checkpoints:  0,     0.411 MiB
srv        update:    - prompt 0x4a298e0:     118 tokens, checkpoints:  0,     1.385 MiB
srv        update:    - prompt 0x28bfbb0:     122 tokens, checkpoints:  0,     1.432 MiB
srv        update:    - prompt 0x2911090:     164 tokens, checkpoints:  0,     1.924 MiB
srv        update:    - prompt 0xf0e970:     130 tokens, checkpoints:  0,     1.525 MiB
srv        update:    - prompt 0xf8fa50:     134 tokens, checkpoints:  0,     1.572 MiB
srv        update:    - prompt 0x28e67e0:     131 tokens, checkpoints:  0,     1.537 MiB
srv        update:    - prompt 0x28d4ac0:     145 tokens, checkpoints:  0,     1.701 MiB
srv        update:    - prompt 0xf0c310:     129 tokens, checkpoints:  0,     1.514 MiB
srv        update:    - prompt 0x28b6d20:     135 tokens, checkpoints:  0,     1.584 MiB
srv        update:    - prompt 0x28cfc50:     135 tokens, checkpoints:  0,     1.584 MiB
srv        update:    - prompt 0x28c3290:     242 tokens, checkpoints:  0,     2.839 MiB
srv        update:    - prompt 0x28b9ba0:     324 tokens, checkpoints:  0,     3.801 MiB
srv        update:    - prompt 0xffff00004cf0:     362 tokens, checkpoints:  0,     4.247 MiB
srv        update:    - prompt 0xeec0d0:     424 tokens, checkpoints:  0,     4.974 MiB
srv        update:    - prompt 0x28ce470:     408 tokens, checkpoints:  0,     4.786 MiB
srv        update:    - prompt 0x28b9010:     411 tokens, checkpoints:  0,     4.822 MiB
srv        update:    - prompt 0x4a25680:     417 tokens, checkpoints:  0,     4.892 MiB
srv        update:    - prompt 0x4a293c0:     416 tokens, checkpoints:  0,     4.880 MiB
srv        update:    - prompt 0x28e40e0:     430 tokens, checkpoints:  0,     5.045 MiB
slot update_slots: id  1 | task 6104 | new prompt, n_ctx_slot = 4096, n_keep = 0, task.n_tokens = 331
slot update_slots: id  1 | task 6104 | need to evaluate at least 1 token for each active slot (n_past = 331, task.n_tokens() = 331)
slot update_slots: id  1 | task 6104 | n_past was set to 330
slot update_slots: id  1 | task 6104 | n_tokens = 330, memory_seq_rm [330, end)
slot init_sampler: id  1 | task 6104 | init sampler, took 0.15 ms, tokens: text = 331, total = 331
slot update_slots: id  1 | task 6104 | prompt processing done, n_tokens = 331, batch.n_tokens = 1
srv  log_server_r: done request: POST /completion 127.0.0.1 200
slot print_timing: id  1 | task 6104 | 
prompt eval time =      28.76 ms /     1 tokens (   28.76 ms per token,    34.77 tokens per second)
       eval time =    2798.91 ms /   100 tokens (   27.99 ms per token,    35.73 tokens per second)
      total time =    2827.67 ms /   101 tokens
slot      release: id  1 | task 6104 | stop processing: n_tokens = 430, truncated = 0
srv  update_slots: all slots are idle
slot get_availabl: id  0 | task -1 | selected slot by LRU, t_last = 36388180346
srv  get_availabl: updating prompt cache
srv          load:  - looking for better prompt, base f_keep = -1.000, sim = 0.000
srv        update:  - cache state: 46 prompts, 90.489 MiB (limits: 8192.000 MiB, 4096 tokens, 698168 est)
srv        update:    - prompt 0x28c0e20:     105 tokens, checkpoints:  0,     1.232 MiB
srv        update:    - prompt 0x28c7080:     106 tokens, checkpoints:  0,     1.244 MiB
srv        update:    - prompt 0x28d3a10:     105 tokens, checkpoints:  0,     1.232 MiB
srv        update:    - prompt 0x28c1e20:     106 tokens, checkpoints:  0,     1.244 MiB
srv        update:    - prompt 0x3d8f9b0:     104 tokens, checkpoints:  0,     1.221 MiB
srv        update:    - prompt 0x28c94c0:     109 tokens, checkpoints:  0,     1.279 MiB
srv        update:    - prompt 0xf90860:     115 tokens, checkpoints:  0,     1.350 MiB
srv        update:    - prompt 0x28ce680:     110 tokens, checkpoints:  0,     1.291 MiB
srv        update:    - prompt 0x28ba4f0:     112 tokens, checkpoints:  0,     1.314 MiB
srv        update:    - prompt 0x28dd340:     107 tokens, checkpoints:  0,     1.256 MiB
srv        update:    - prompt 0x28d1e50:     107 tokens, checkpoints:  0,     1.256 MiB
srv        update:    - prompt 0x28c0600:     107 tokens, checkpoints:  0,     1.256 MiB
srv        update:    - prompt 0x28c6e80:     118 tokens, checkpoints:  0,     1.385 MiB
srv        update:    - prompt 0x28cd710:     122 tokens, checkpoints:  0,     1.432 MiB
srv        update:    - prompt 0x28cfbb0:     130 tokens, checkpoints:  0,     1.525 MiB
srv        update:    - prompt 0x28c6380:     131 tokens, checkpoints:  0,     1.537 MiB
srv        update:    - prompt 0x28c9fe0:     129 tokens, checkpoints:  0,     1.514 MiB
srv        update:    - prompt 0x28bac10:     106 tokens, checkpoints:  0,     1.244 MiB
srv        update:    - prompt 0x28b68d0:     104 tokens, checkpoints:  0,     1.221 MiB
srv        update:    - prompt 0x4a2fdc0:     109 tokens, checkpoints:  0,     1.279 MiB
srv        update:    - prompt 0x28cdbb0:     115 tokens, checkpoints:  0,     1.350 MiB
srv        update:    - prompt 0x28ec330:     110 tokens, checkpoints:  0,     1.291 MiB
srv        update:    - prompt 0xee5330:     112 tokens, checkpoints:  0,     1.314 MiB
srv        update:    - prompt 0xf12130:     107 tokens, checkpoints:  0,     1.256 MiB
srv        update:    - prompt 0x28b8f70:     107 tokens, checkpoints:  0,     1.256 MiB
srv        update:    - prompt 0x28d3cf0:     107 tokens, checkpoints:  0,     1.256 MiB
srv        update:    - prompt 0x4a227b0:      35 tokens, checkpoints:  0,     0.411 MiB
srv        update:    - prompt 0x4a298e0:     118 tokens, checkpoints:  0,     1.385 MiB
srv        update:    - prompt 0x28bfbb0:     122 tokens, checkpoints:  0,     1.432 MiB
srv        update:    - prompt 0x2911090:     164 tokens, checkpoints:  0,     1.924 MiB
srv        update:    - prompt 0xf0e970:     130 tokens, checkpoints:  0,     1.525 MiB
srv        update:    - prompt 0xf8fa50:     134 tokens, checkpoints:  0,     1.572 MiB
srv        update:    - prompt 0x28e67e0:     131 tokens, checkpoints:  0,     1.537 MiB
srv        update:    - prompt 0x28d4ac0:     145 tokens, checkpoints:  0,     1.701 MiB
srv        update:    - prompt 0xf0c310:     129 tokens, checkpoints:  0,     1.514 MiB
srv        update:    - prompt 0x28b6d20:     135 tokens, checkpoints:  0,     1.584 MiB
srv        update:    - prompt 0x28cfc50:     135 tokens, checkpoints:  0,     1.584 MiB
srv        update:    - prompt 0x28c3290:     242 tokens, checkpoints:  0,     2.839 MiB
srv        update:    - prompt 0x28b9ba0:     324 tokens, checkpoints:  0,     3.801 MiB
srv        update:    - prompt 0xffff00004cf0:     362 tokens, checkpoints:  0,     4.247 MiB
srv        update:    - prompt 0xeec0d0:     424 tokens, checkpoints:  0,     4.974 MiB
srv        update:    - prompt 0x28ce470:     408 tokens, checkpoints:  0,     4.786 MiB
srv        update:    - prompt 0x28b9010:     411 tokens, checkpoints:  0,     4.822 MiB
srv        update:    - prompt 0x4a25680:     417 tokens, checkpoints:  0,     4.892 MiB
srv        update:    - prompt 0x4a293c0:     416 tokens, checkpoints:  0,     4.880 MiB
srv        update:    - prompt 0x28e40e0:     430 tokens, checkpoints:  0,     5.045 MiB
srv  get_availabl: prompt cache update took 0.15 ms
slot launch_slot_: id  0 | task -1 | sampler chain: logits -> ?penalties -> ?dry -> ?top-n-sigma -> top-k -> ?typical -> top-p -> min-p -> ?xtc -> temp-ext -> dist 
slot launch_slot_: id  0 | task 6205 | processing task, is_child = 0
slot slot_save_an: id  1 | task -1 | saving idle slot to prompt cache
srv   prompt_save:  - saving prompt with length 430, total state size = 5.045 MiB
slot prompt_clear: id  1 | task -1 | clearing prompt with 430 tokens
srv        update:  - cache state: 47 prompts, 95.534 MiB (limits: 8192.000 MiB, 4096 tokens, 698174 est)
srv        update:    - prompt 0x28c0e20:     105 tokens, checkpoints:  0,     1.232 MiB
srv        update:    - prompt 0x28c7080:     106 tokens, checkpoints:  0,     1.244 MiB
srv        update:    - prompt 0x28d3a10:     105 tokens, checkpoints:  0,     1.232 MiB
srv        update:    - prompt 0x28c1e20:     106 tokens, checkpoints:  0,     1.244 MiB
srv        update:    - prompt 0x3d8f9b0:     104 tokens, checkpoints:  0,     1.221 MiB
srv        update:    - prompt 0x28c94c0:     109 tokens, checkpoints:  0,     1.279 MiB
srv        update:    - prompt 0xf90860:     115 tokens, checkpoints:  0,     1.350 MiB
srv        update:    - prompt 0x28ce680:     110 tokens, checkpoints:  0,     1.291 MiB
srv        update:    - prompt 0x28ba4f0:     112 tokens, checkpoints:  0,     1.314 MiB
srv        update:    - prompt 0x28dd340:     107 tokens, checkpoints:  0,     1.256 MiB
srv        update:    - prompt 0x28d1e50:     107 tokens, checkpoints:  0,     1.256 MiB
srv        update:    - prompt 0x28c0600:     107 tokens, checkpoints:  0,     1.256 MiB
srv        update:    - prompt 0x28c6e80:     118 tokens, checkpoints:  0,     1.385 MiB
srv        update:    - prompt 0x28cd710:     122 tokens, checkpoints:  0,     1.432 MiB
srv        update:    - prompt 0x28cfbb0:     130 tokens, checkpoints:  0,     1.525 MiB
srv        update:    - prompt 0x28c6380:     131 tokens, checkpoints:  0,     1.537 MiB
srv        update:    - prompt 0x28c9fe0:     129 tokens, checkpoints:  0,     1.514 MiB
srv        update:    - prompt 0x28bac10:     106 tokens, checkpoints:  0,     1.244 MiB
srv        update:    - prompt 0x28b68d0:     104 tokens, checkpoints:  0,     1.221 MiB
srv        update:    - prompt 0x4a2fdc0:     109 tokens, checkpoints:  0,     1.279 MiB
srv        update:    - prompt 0x28cdbb0:     115 tokens, checkpoints:  0,     1.350 MiB
srv        update:    - prompt 0x28ec330:     110 tokens, checkpoints:  0,     1.291 MiB
srv        update:    - prompt 0xee5330:     112 tokens, checkpoints:  0,     1.314 MiB
srv        update:    - prompt 0xf12130:     107 tokens, checkpoints:  0,     1.256 MiB
srv        update:    - prompt 0x28b8f70:     107 tokens, checkpoints:  0,     1.256 MiB
srv        update:    - prompt 0x28d3cf0:     107 tokens, checkpoints:  0,     1.256 MiB
srv        update:    - prompt 0x4a227b0:      35 tokens, checkpoints:  0,     0.411 MiB
srv        update:    - prompt 0x4a298e0:     118 tokens, checkpoints:  0,     1.385 MiB
srv        update:    - prompt 0x28bfbb0:     122 tokens, checkpoints:  0,     1.432 MiB
srv        update:    - prompt 0x2911090:     164 tokens, checkpoints:  0,     1.924 MiB
srv        update:    - prompt 0xf0e970:     130 tokens, checkpoints:  0,     1.525 MiB
srv        update:    - prompt 0xf8fa50:     134 tokens, checkpoints:  0,     1.572 MiB
srv        update:    - prompt 0x28e67e0:     131 tokens, checkpoints:  0,     1.537 MiB
srv        update:    - prompt 0x28d4ac0:     145 tokens, checkpoints:  0,     1.701 MiB
srv        update:    - prompt 0xf0c310:     129 tokens, checkpoints:  0,     1.514 MiB
srv        update:    - prompt 0x28b6d20:     135 tokens, checkpoints:  0,     1.584 MiB
srv        update:    - prompt 0x28cfc50:     135 tokens, checkpoints:  0,     1.584 MiB
srv        update:    - prompt 0x28c3290:     242 tokens, checkpoints:  0,     2.839 MiB
srv        update:    - prompt 0x28b9ba0:     324 tokens, checkpoints:  0,     3.801 MiB
srv        update:    - prompt 0xffff00004cf0:     362 tokens, checkpoints:  0,     4.247 MiB
srv        update:    - prompt 0xeec0d0:     424 tokens, checkpoints:  0,     4.974 MiB
srv        update:    - prompt 0x28ce470:     408 tokens, checkpoints:  0,     4.786 MiB
srv        update:    - prompt 0x28b9010:     411 tokens, checkpoints:  0,     4.822 MiB
srv        update:    - prompt 0x4a25680:     417 tokens, checkpoints:  0,     4.892 MiB
srv        update:    - prompt 0x4a293c0:     416 tokens, checkpoints:  0,     4.880 MiB
srv        update:    - prompt 0x28e40e0:     430 tokens, checkpoints:  0,     5.045 MiB
srv        update:    - prompt 0xffff3c002440:     430 tokens, checkpoints:  0,     5.045 MiB
slot update_slots: id  0 | task 6205 | new prompt, n_ctx_slot = 4096, n_keep = 0, task.n_tokens = 7
slot update_slots: id  0 | task 6205 | n_tokens = 0, memory_seq_rm [0, end)
slot init_sampler: id  0 | task 6205 | init sampler, took 0.01 ms, tokens: text = 7, total = 7
slot update_slots: id  0 | task 6205 | prompt processing done, n_tokens = 7, batch.n_tokens = 7
srv  log_server_r: done request: POST /completion 127.0.0.1 200
slot print_timing: id  0 | task 6205 | 
prompt eval time =     127.42 ms /     7 tokens (   18.20 ms per token,    54.94 tokens per second)
       eval time =    2560.93 ms /   100 tokens (   25.61 ms per token,    39.05 tokens per second)
      total time =    2688.34 ms /   107 tokens
slot      release: id  0 | task 6205 | stop processing: n_tokens = 106, truncated = 0
srv  update_slots: all slots are idle
slot get_availabl: id  3 | task -1 | selected slot by LRU, t_last = 36391604481
srv  get_availabl: updating prompt cache
srv          load:  - looking for better prompt, base f_keep = -1.000, sim = 0.000
srv        update:  - cache state: 47 prompts, 95.534 MiB (limits: 8192.000 MiB, 4096 tokens, 698174 est)
srv        update:    - prompt 0x28c0e20:     105 tokens, checkpoints:  0,     1.232 MiB
srv        update:    - prompt 0x28c7080:     106 tokens, checkpoints:  0,     1.244 MiB
srv        update:    - prompt 0x28d3a10:     105 tokens, checkpoints:  0,     1.232 MiB
srv        update:    - prompt 0x28c1e20:     106 tokens, checkpoints:  0,     1.244 MiB
srv        update:    - prompt 0x3d8f9b0:     104 tokens, checkpoints:  0,     1.221 MiB
srv        update:    - prompt 0x28c94c0:     109 tokens, checkpoints:  0,     1.279 MiB
srv        update:    - prompt 0xf90860:     115 tokens, checkpoints:  0,     1.350 MiB
srv        update:    - prompt 0x28ce680:     110 tokens, checkpoints:  0,     1.291 MiB
srv        update:    - prompt 0x28ba4f0:     112 tokens, checkpoints:  0,     1.314 MiB
srv        update:    - prompt 0x28dd340:     107 tokens, checkpoints:  0,     1.256 MiB
srv        update:    - prompt 0x28d1e50:     107 tokens, checkpoints:  0,     1.256 MiB
srv        update:    - prompt 0x28c0600:     107 tokens, checkpoints:  0,     1.256 MiB
srv        update:    - prompt 0x28c6e80:     118 tokens, checkpoints:  0,     1.385 MiB
srv        update:    - prompt 0x28cd710:     122 tokens, checkpoints:  0,     1.432 MiB
srv        update:    - prompt 0x28cfbb0:     130 tokens, checkpoints:  0,     1.525 MiB
srv        update:    - prompt 0x28c6380:     131 tokens, checkpoints:  0,     1.537 MiB
srv        update:    - prompt 0x28c9fe0:     129 tokens, checkpoints:  0,     1.514 MiB
srv        update:    - prompt 0x28bac10:     106 tokens, checkpoints:  0,     1.244 MiB
srv        update:    - prompt 0x28b68d0:     104 tokens, checkpoints:  0,     1.221 MiB
srv        update:    - prompt 0x4a2fdc0:     109 tokens, checkpoints:  0,     1.279 MiB
srv        update:    - prompt 0x28cdbb0:     115 tokens, checkpoints:  0,     1.350 MiB
srv        update:    - prompt 0x28ec330:     110 tokens, checkpoints:  0,     1.291 MiB
srv        update:    - prompt 0xee5330:     112 tokens, checkpoints:  0,     1.314 MiB
srv        update:    - prompt 0xf12130:     107 tokens, checkpoints:  0,     1.256 MiB
srv        update:    - prompt 0x28b8f70:     107 tokens, checkpoints:  0,     1.256 MiB
srv        update:    - prompt 0x28d3cf0:     107 tokens, checkpoints:  0,     1.256 MiB
srv        update:    - prompt 0x4a227b0:      35 tokens, checkpoints:  0,     0.411 MiB
srv        update:    - prompt 0x4a298e0:     118 tokens, checkpoints:  0,     1.385 MiB
srv        update:    - prompt 0x28bfbb0:     122 tokens, checkpoints:  0,     1.432 MiB
srv        update:    - prompt 0x2911090:     164 tokens, checkpoints:  0,     1.924 MiB
srv        update:    - prompt 0xf0e970:     130 tokens, checkpoints:  0,     1.525 MiB
srv        update:    - prompt 0xf8fa50:     134 tokens, checkpoints:  0,     1.572 MiB
srv        update:    - prompt 0x28e67e0:     131 tokens, checkpoints:  0,     1.537 MiB
srv        update:    - prompt 0x28d4ac0:     145 tokens, checkpoints:  0,     1.701 MiB
srv        update:    - prompt 0xf0c310:     129 tokens, checkpoints:  0,     1.514 MiB
srv        update:    - prompt 0x28b6d20:     135 tokens, checkpoints:  0,     1.584 MiB
srv        update:    - prompt 0x28cfc50:     135 tokens, checkpoints:  0,     1.584 MiB
srv        update:    - prompt 0x28c3290:     242 tokens, checkpoints:  0,     2.839 MiB
srv        update:    - prompt 0x28b9ba0:     324 tokens, checkpoints:  0,     3.801 MiB
srv        update:    - prompt 0xffff00004cf0:     362 tokens, checkpoints:  0,     4.247 MiB
srv        update:    - prompt 0xeec0d0:     424 tokens, checkpoints:  0,     4.974 MiB
srv        update:    - prompt 0x28ce470:     408 tokens, checkpoints:  0,     4.786 MiB
srv        update:    - prompt 0x28b9010:     411 tokens, checkpoints:  0,     4.822 MiB
srv        update:    - prompt 0x4a25680:     417 tokens, checkpoints:  0,     4.892 MiB
srv        update:    - prompt 0x4a293c0:     416 tokens, checkpoints:  0,     4.880 MiB
srv        update:    - prompt 0x28e40e0:     430 tokens, checkpoints:  0,     5.045 MiB
srv        update:    - prompt 0xffff3c002440:     430 tokens, checkpoints:  0,     5.045 MiB
srv  get_availabl: prompt cache update took 0.16 ms
slot launch_slot_: id  3 | task -1 | sampler chain: logits -> ?penalties -> ?dry -> ?top-n-sigma -> top-k -> ?typical -> top-p -> min-p -> ?xtc -> temp-ext -> dist 
slot launch_slot_: id  3 | task 6306 | processing task, is_child = 0
slot slot_save_an: id  0 | task -1 | saving idle slot to prompt cache
srv   prompt_save:  - saving prompt with length 106, total state size = 1.244 MiB
slot prompt_clear: id  0 | task -1 | clearing prompt with 106 tokens
srv        update:  - cache state: 48 prompts, 96.778 MiB (limits: 8192.000 MiB, 4096 tokens, 698173 est)
srv        update:    - prompt 0x28c0e20:     105 tokens, checkpoints:  0,     1.232 MiB
srv        update:    - prompt 0x28c7080:     106 tokens, checkpoints:  0,     1.244 MiB
srv        update:    - prompt 0x28d3a10:     105 tokens, checkpoints:  0,     1.232 MiB
srv        update:    - prompt 0x28c1e20:     106 tokens, checkpoints:  0,     1.244 MiB
srv        update:    - prompt 0x3d8f9b0:     104 tokens, checkpoints:  0,     1.221 MiB
srv        update:    - prompt 0x28c94c0:     109 tokens, checkpoints:  0,     1.279 MiB
srv        update:    - prompt 0xf90860:     115 tokens, checkpoints:  0,     1.350 MiB
srv        update:    - prompt 0x28ce680:     110 tokens, checkpoints:  0,     1.291 MiB
srv        update:    - prompt 0x28ba4f0:     112 tokens, checkpoints:  0,     1.314 MiB
srv        update:    - prompt 0x28dd340:     107 tokens, checkpoints:  0,     1.256 MiB
srv        update:    - prompt 0x28d1e50:     107 tokens, checkpoints:  0,     1.256 MiB
srv        update:    - prompt 0x28c0600:     107 tokens, checkpoints:  0,     1.256 MiB
srv        update:    - prompt 0x28c6e80:     118 tokens, checkpoints:  0,     1.385 MiB
srv        update:    - prompt 0x28cd710:     122 tokens, checkpoints:  0,     1.432 MiB
srv        update:    - prompt 0x28cfbb0:     130 tokens, checkpoints:  0,     1.525 MiB
srv        update:    - prompt 0x28c6380:     131 tokens, checkpoints:  0,     1.537 MiB
srv        update:    - prompt 0x28c9fe0:     129 tokens, checkpoints:  0,     1.514 MiB
srv        update:    - prompt 0x28bac10:     106 tokens, checkpoints:  0,     1.244 MiB
srv        update:    - prompt 0x28b68d0:     104 tokens, checkpoints:  0,     1.221 MiB
srv        update:    - prompt 0x4a2fdc0:     109 tokens, checkpoints:  0,     1.279 MiB
srv        update:    - prompt 0x28cdbb0:     115 tokens, checkpoints:  0,     1.350 MiB
srv        update:    - prompt 0x28ec330:     110 tokens, checkpoints:  0,     1.291 MiB
srv        update:    - prompt 0xee5330:     112 tokens, checkpoints:  0,     1.314 MiB
srv        update:    - prompt 0xf12130:     107 tokens, checkpoints:  0,     1.256 MiB
srv        update:    - prompt 0x28b8f70:     107 tokens, checkpoints:  0,     1.256 MiB
srv        update:    - prompt 0x28d3cf0:     107 tokens, checkpoints:  0,     1.256 MiB
srv        update:    - prompt 0x4a227b0:      35 tokens, checkpoints:  0,     0.411 MiB
srv        update:    - prompt 0x4a298e0:     118 tokens, checkpoints:  0,     1.385 MiB
srv        update:    - prompt 0x28bfbb0:     122 tokens, checkpoints:  0,     1.432 MiB
srv        update:    - prompt 0x2911090:     164 tokens, checkpoints:  0,     1.924 MiB
srv        update:    - prompt 0xf0e970:     130 tokens, checkpoints:  0,     1.525 MiB
srv        update:    - prompt 0xf8fa50:     134 tokens, checkpoints:  0,     1.572 MiB
srv        update:    - prompt 0x28e67e0:     131 tokens, checkpoints:  0,     1.537 MiB
srv        update:    - prompt 0x28d4ac0:     145 tokens, checkpoints:  0,     1.701 MiB
srv        update:    - prompt 0xf0c310:     129 tokens, checkpoints:  0,     1.514 MiB
srv        update:    - prompt 0x28b6d20:     135 tokens, checkpoints:  0,     1.584 MiB
srv        update:    - prompt 0x28cfc50:     135 tokens, checkpoints:  0,     1.584 MiB
srv        update:    - prompt 0x28c3290:     242 tokens, checkpoints:  0,     2.839 MiB
srv        update:    - prompt 0x28b9ba0:     324 tokens, checkpoints:  0,     3.801 MiB
srv        update:    - prompt 0xffff00004cf0:     362 tokens, checkpoints:  0,     4.247 MiB
srv        update:    - prompt 0xeec0d0:     424 tokens, checkpoints:  0,     4.974 MiB
srv        update:    - prompt 0x28ce470:     408 tokens, checkpoints:  0,     4.786 MiB
srv        update:    - prompt 0x28b9010:     411 tokens, checkpoints:  0,     4.822 MiB
srv        update:    - prompt 0x4a25680:     417 tokens, checkpoints:  0,     4.892 MiB
srv        update:    - prompt 0x4a293c0:     416 tokens, checkpoints:  0,     4.880 MiB
srv        update:    - prompt 0x28e40e0:     430 tokens, checkpoints:  0,     5.045 MiB
srv        update:    - prompt 0xffff3c002440:     430 tokens, checkpoints:  0,     5.045 MiB
srv        update:    - prompt 0xffff48005c10:     106 tokens, checkpoints:  0,     1.244 MiB
slot update_slots: id  3 | task 6306 | new prompt, n_ctx_slot = 4096, n_keep = 0, task.n_tokens = 5
slot update_slots: id  3 | task 6306 | n_tokens = 0, memory_seq_rm [0, end)
slot init_sampler: id  3 | task 6306 | init sampler, took 0.01 ms, tokens: text = 5, total = 5
slot update_slots: id  3 | task 6306 | prompt processing done, n_tokens = 5, batch.n_tokens = 5
srv  log_server_r: done request: POST /completion 127.0.0.1 200
slot print_timing: id  3 | task 6306 | 
prompt eval time =      94.52 ms /     5 tokens (   18.90 ms per token,    52.90 tokens per second)
       eval time =    2560.15 ms /   100 tokens (   25.60 ms per token,    39.06 tokens per second)
      total time =    2654.67 ms /   105 tokens
slot      release: id  3 | task 6306 | stop processing: n_tokens = 104, truncated = 0
srv  update_slots: all slots are idle
slot get_availabl: id  2 | task -1 | selected slot by LRU, t_last = 36395028461
srv  get_availabl: updating prompt cache
srv          load:  - looking for better prompt, base f_keep = -1.000, sim = 0.000
srv        update:  - cache state: 48 prompts, 96.778 MiB (limits: 8192.000 MiB, 4096 tokens, 698173 est)
srv        update:    - prompt 0x28c0e20:     105 tokens, checkpoints:  0,     1.232 MiB
srv        update:    - prompt 0x28c7080:     106 tokens, checkpoints:  0,     1.244 MiB
srv        update:    - prompt 0x28d3a10:     105 tokens, checkpoints:  0,     1.232 MiB
srv        update:    - prompt 0x28c1e20:     106 tokens, checkpoints:  0,     1.244 MiB
srv        update:    - prompt 0x3d8f9b0:     104 tokens, checkpoints:  0,     1.221 MiB
srv        update:    - prompt 0x28c94c0:     109 tokens, checkpoints:  0,     1.279 MiB
srv        update:    - prompt 0xf90860:     115 tokens, checkpoints:  0,     1.350 MiB
srv        update:    - prompt 0x28ce680:     110 tokens, checkpoints:  0,     1.291 MiB
srv        update:    - prompt 0x28ba4f0:     112 tokens, checkpoints:  0,     1.314 MiB
srv        update:    - prompt 0x28dd340:     107 tokens, checkpoints:  0,     1.256 MiB
srv        update:    - prompt 0x28d1e50:     107 tokens, checkpoints:  0,     1.256 MiB
srv        update:    - prompt 0x28c0600:     107 tokens, checkpoints:  0,     1.256 MiB
srv        update:    - prompt 0x28c6e80:     118 tokens, checkpoints:  0,     1.385 MiB
srv        update:    - prompt 0x28cd710:     122 tokens, checkpoints:  0,     1.432 MiB
srv        update:    - prompt 0x28cfbb0:     130 tokens, checkpoints:  0,     1.525 MiB
srv        update:    - prompt 0x28c6380:     131 tokens, checkpoints:  0,     1.537 MiB
srv        update:    - prompt 0x28c9fe0:     129 tokens, checkpoints:  0,     1.514 MiB
srv        update:    - prompt 0x28bac10:     106 tokens, checkpoints:  0,     1.244 MiB
srv        update:    - prompt 0x28b68d0:     104 tokens, checkpoints:  0,     1.221 MiB
srv        update:    - prompt 0x4a2fdc0:     109 tokens, checkpoints:  0,     1.279 MiB
srv        update:    - prompt 0x28cdbb0:     115 tokens, checkpoints:  0,     1.350 MiB
srv        update:    - prompt 0x28ec330:     110 tokens, checkpoints:  0,     1.291 MiB
srv        update:    - prompt 0xee5330:     112 tokens, checkpoints:  0,     1.314 MiB
srv        update:    - prompt 0xf12130:     107 tokens, checkpoints:  0,     1.256 MiB
srv        update:    - prompt 0x28b8f70:     107 tokens, checkpoints:  0,     1.256 MiB
srv        update:    - prompt 0x28d3cf0:     107 tokens, checkpoints:  0,     1.256 MiB
srv        update:    - prompt 0x4a227b0:      35 tokens, checkpoints:  0,     0.411 MiB
srv        update:    - prompt 0x4a298e0:     118 tokens, checkpoints:  0,     1.385 MiB
srv        update:    - prompt 0x28bfbb0:     122 tokens, checkpoints:  0,     1.432 MiB
srv        update:    - prompt 0x2911090:     164 tokens, checkpoints:  0,     1.924 MiB
srv        update:    - prompt 0xf0e970:     130 tokens, checkpoints:  0,     1.525 MiB
srv        update:    - prompt 0xf8fa50:     134 tokens, checkpoints:  0,     1.572 MiB
srv        update:    - prompt 0x28e67e0:     131 tokens, checkpoints:  0,     1.537 MiB
srv        update:    - prompt 0x28d4ac0:     145 tokens, checkpoints:  0,     1.701 MiB
srv        update:    - prompt 0xf0c310:     129 tokens, checkpoints:  0,     1.514 MiB
srv        update:    - prompt 0x28b6d20:     135 tokens, checkpoints:  0,     1.584 MiB
srv        update:    - prompt 0x28cfc50:     135 tokens, checkpoints:  0,     1.584 MiB
srv        update:    - prompt 0x28c3290:     242 tokens, checkpoints:  0,     2.839 MiB
srv        update:    - prompt 0x28b9ba0:     324 tokens, checkpoints:  0,     3.801 MiB
srv        update:    - prompt 0xffff00004cf0:     362 tokens, checkpoints:  0,     4.247 MiB
srv        update:    - prompt 0xeec0d0:     424 tokens, checkpoints:  0,     4.974 MiB
srv        update:    - prompt 0x28ce470:     408 tokens, checkpoints:  0,     4.786 MiB
srv        update:    - prompt 0x28b9010:     411 tokens, checkpoints:  0,     4.822 MiB
srv        update:    - prompt 0x4a25680:     417 tokens, checkpoints:  0,     4.892 MiB
srv        update:    - prompt 0x4a293c0:     416 tokens, checkpoints:  0,     4.880 MiB
srv        update:    - prompt 0x28e40e0:     430 tokens, checkpoints:  0,     5.045 MiB
srv        update:    - prompt 0xffff3c002440:     430 tokens, checkpoints:  0,     5.045 MiB
srv        update:    - prompt 0xffff48005c10:     106 tokens, checkpoints:  0,     1.244 MiB
srv  get_availabl: prompt cache update took 0.15 ms
slot launch_slot_: id  2 | task -1 | sampler chain: logits -> ?penalties -> ?dry -> ?top-n-sigma -> top-k -> ?typical -> top-p -> min-p -> ?xtc -> temp-ext -> dist 
slot launch_slot_: id  2 | task 6407 | processing task, is_child = 0
slot slot_save_an: id  3 | task -1 | saving idle slot to prompt cache
srv   prompt_save:  - saving prompt with length 104, total state size = 1.221 MiB
slot prompt_clear: id  3 | task -1 | clearing prompt with 104 tokens
srv        update:  - cache state: 49 prompts, 97.998 MiB (limits: 8192.000 MiB, 4096 tokens, 698171 est)
srv        update:    - prompt 0x28c0e20:     105 tokens, checkpoints:  0,     1.232 MiB
srv        update:    - prompt 0x28c7080:     106 tokens, checkpoints:  0,     1.244 MiB
srv        update:    - prompt 0x28d3a10:     105 tokens, checkpoints:  0,     1.232 MiB
srv        update:    - prompt 0x28c1e20:     106 tokens, checkpoints:  0,     1.244 MiB
srv        update:    - prompt 0x3d8f9b0:     104 tokens, checkpoints:  0,     1.221 MiB
srv        update:    - prompt 0x28c94c0:     109 tokens, checkpoints:  0,     1.279 MiB
srv        update:    - prompt 0xf90860:     115 tokens, checkpoints:  0,     1.350 MiB
srv        update:    - prompt 0x28ce680:     110 tokens, checkpoints:  0,     1.291 MiB
srv        update:    - prompt 0x28ba4f0:     112 tokens, checkpoints:  0,     1.314 MiB
srv        update:    - prompt 0x28dd340:     107 tokens, checkpoints:  0,     1.256 MiB
srv        update:    - prompt 0x28d1e50:     107 tokens, checkpoints:  0,     1.256 MiB
srv        update:    - prompt 0x28c0600:     107 tokens, checkpoints:  0,     1.256 MiB
srv        update:    - prompt 0x28c6e80:     118 tokens, checkpoints:  0,     1.385 MiB
srv        update:    - prompt 0x28cd710:     122 tokens, checkpoints:  0,     1.432 MiB
srv        update:    - prompt 0x28cfbb0:     130 tokens, checkpoints:  0,     1.525 MiB
srv        update:    - prompt 0x28c6380:     131 tokens, checkpoints:  0,     1.537 MiB
srv        update:    - prompt 0x28c9fe0:     129 tokens, checkpoints:  0,     1.514 MiB
srv        update:    - prompt 0x28bac10:     106 tokens, checkpoints:  0,     1.244 MiB
srv        update:    - prompt 0x28b68d0:     104 tokens, checkpoints:  0,     1.221 MiB
srv        update:    - prompt 0x4a2fdc0:     109 tokens, checkpoints:  0,     1.279 MiB
srv        update:    - prompt 0x28cdbb0:     115 tokens, checkpoints:  0,     1.350 MiB
srv        update:    - prompt 0x28ec330:     110 tokens, checkpoints:  0,     1.291 MiB
srv        update:    - prompt 0xee5330:     112 tokens, checkpoints:  0,     1.314 MiB
srv        update:    - prompt 0xf12130:     107 tokens, checkpoints:  0,     1.256 MiB
srv        update:    - prompt 0x28b8f70:     107 tokens, checkpoints:  0,     1.256 MiB
srv        update:    - prompt 0x28d3cf0:     107 tokens, checkpoints:  0,     1.256 MiB
srv        update:    - prompt 0x4a227b0:      35 tokens, checkpoints:  0,     0.411 MiB
srv        update:    - prompt 0x4a298e0:     118 tokens, checkpoints:  0,     1.385 MiB
srv        update:    - prompt 0x28bfbb0:     122 tokens, checkpoints:  0,     1.432 MiB
srv        update:    - prompt 0x2911090:     164 tokens, checkpoints:  0,     1.924 MiB
srv        update:    - prompt 0xf0e970:     130 tokens, checkpoints:  0,     1.525 MiB
srv        update:    - prompt 0xf8fa50:     134 tokens, checkpoints:  0,     1.572 MiB
srv        update:    - prompt 0x28e67e0:     131 tokens, checkpoints:  0,     1.537 MiB
srv        update:    - prompt 0x28d4ac0:     145 tokens, checkpoints:  0,     1.701 MiB
srv        update:    - prompt 0xf0c310:     129 tokens, checkpoints:  0,     1.514 MiB
srv        update:    - prompt 0x28b6d20:     135 tokens, checkpoints:  0,     1.584 MiB
srv        update:    - prompt 0x28cfc50:     135 tokens, checkpoints:  0,     1.584 MiB
srv        update:    - prompt 0x28c3290:     242 tokens, checkpoints:  0,     2.839 MiB
srv        update:    - prompt 0x28b9ba0:     324 tokens, checkpoints:  0,     3.801 MiB
srv        update:    - prompt 0xffff00004cf0:     362 tokens, checkpoints:  0,     4.247 MiB
srv        update:    - prompt 0xeec0d0:     424 tokens, checkpoints:  0,     4.974 MiB
srv        update:    - prompt 0x28ce470:     408 tokens, checkpoints:  0,     4.786 MiB
srv        update:    - prompt 0x28b9010:     411 tokens, checkpoints:  0,     4.822 MiB
srv        update:    - prompt 0x4a25680:     417 tokens, checkpoints:  0,     4.892 MiB
srv        update:    - prompt 0x4a293c0:     416 tokens, checkpoints:  0,     4.880 MiB
srv        update:    - prompt 0x28e40e0:     430 tokens, checkpoints:  0,     5.045 MiB
srv        update:    - prompt 0xffff3c002440:     430 tokens, checkpoints:  0,     5.045 MiB
srv        update:    - prompt 0xffff48005c10:     106 tokens, checkpoints:  0,     1.244 MiB
srv        update:    - prompt 0xffff54004690:     104 tokens, checkpoints:  0,     1.221 MiB
slot update_slots: id  2 | task 6407 | new prompt, n_ctx_slot = 4096, n_keep = 0, task.n_tokens = 10
slot update_slots: id  2 | task 6407 | n_tokens = 0, memory_seq_rm [0, end)
slot init_sampler: id  2 | task 6407 | init sampler, took 0.01 ms, tokens: text = 10, total = 10
slot update_slots: id  2 | task 6407 | prompt processing done, n_tokens = 10, batch.n_tokens = 10
srv  log_server_r: done request: POST /completion 127.0.0.1 200
slot print_timing: id  2 | task 6407 | 
prompt eval time =     177.24 ms /    10 tokens (   17.72 ms per token,    56.42 tokens per second)
       eval time =    2562.54 ms /   100 tokens (   25.63 ms per token,    39.02 tokens per second)
      total time =    2739.78 ms /   110 tokens
slot      release: id  2 | task 6407 | stop processing: n_tokens = 109, truncated = 0
srv  update_slots: all slots are idle
slot get_availabl: id  1 | task -1 | selected slot by LRU, t_last = 36398451764
srv  get_availabl: updating prompt cache
srv          load:  - looking for better prompt, base f_keep = -1.000, sim = 0.000
srv        update:  - cache state: 49 prompts, 97.998 MiB (limits: 8192.000 MiB, 4096 tokens, 698171 est)
srv        update:    - prompt 0x28c0e20:     105 tokens, checkpoints:  0,     1.232 MiB
srv        update:    - prompt 0x28c7080:     106 tokens, checkpoints:  0,     1.244 MiB
srv        update:    - prompt 0x28d3a10:     105 tokens, checkpoints:  0,     1.232 MiB
srv        update:    - prompt 0x28c1e20:     106 tokens, checkpoints:  0,     1.244 MiB
srv        update:    - prompt 0x3d8f9b0:     104 tokens, checkpoints:  0,     1.221 MiB
srv        update:    - prompt 0x28c94c0:     109 tokens, checkpoints:  0,     1.279 MiB
srv        update:    - prompt 0xf90860:     115 tokens, checkpoints:  0,     1.350 MiB
srv        update:    - prompt 0x28ce680:     110 tokens, checkpoints:  0,     1.291 MiB
srv        update:    - prompt 0x28ba4f0:     112 tokens, checkpoints:  0,     1.314 MiB
srv        update:    - prompt 0x28dd340:     107 tokens, checkpoints:  0,     1.256 MiB
srv        update:    - prompt 0x28d1e50:     107 tokens, checkpoints:  0,     1.256 MiB
srv        update:    - prompt 0x28c0600:     107 tokens, checkpoints:  0,     1.256 MiB
srv        update:    - prompt 0x28c6e80:     118 tokens, checkpoints:  0,     1.385 MiB
srv        update:    - prompt 0x28cd710:     122 tokens, checkpoints:  0,     1.432 MiB
srv        update:    - prompt 0x28cfbb0:     130 tokens, checkpoints:  0,     1.525 MiB
srv        update:    - prompt 0x28c6380:     131 tokens, checkpoints:  0,     1.537 MiB
srv        update:    - prompt 0x28c9fe0:     129 tokens, checkpoints:  0,     1.514 MiB
srv        update:    - prompt 0x28bac10:     106 tokens, checkpoints:  0,     1.244 MiB
srv        update:    - prompt 0x28b68d0:     104 tokens, checkpoints:  0,     1.221 MiB
srv        update:    - prompt 0x4a2fdc0:     109 tokens, checkpoints:  0,     1.279 MiB
srv        update:    - prompt 0x28cdbb0:     115 tokens, checkpoints:  0,     1.350 MiB
srv        update:    - prompt 0x28ec330:     110 tokens, checkpoints:  0,     1.291 MiB
srv        update:    - prompt 0xee5330:     112 tokens, checkpoints:  0,     1.314 MiB
srv        update:    - prompt 0xf12130:     107 tokens, checkpoints:  0,     1.256 MiB
srv        update:    - prompt 0x28b8f70:     107 tokens, checkpoints:  0,     1.256 MiB
srv        update:    - prompt 0x28d3cf0:     107 tokens, checkpoints:  0,     1.256 MiB
srv        update:    - prompt 0x4a227b0:      35 tokens, checkpoints:  0,     0.411 MiB
srv        update:    - prompt 0x4a298e0:     118 tokens, checkpoints:  0,     1.385 MiB
srv        update:    - prompt 0x28bfbb0:     122 tokens, checkpoints:  0,     1.432 MiB
srv        update:    - prompt 0x2911090:     164 tokens, checkpoints:  0,     1.924 MiB
srv        update:    - prompt 0xf0e970:     130 tokens, checkpoints:  0,     1.525 MiB
srv        update:    - prompt 0xf8fa50:     134 tokens, checkpoints:  0,     1.572 MiB
srv        update:    - prompt 0x28e67e0:     131 tokens, checkpoints:  0,     1.537 MiB
srv        update:    - prompt 0x28d4ac0:     145 tokens, checkpoints:  0,     1.701 MiB
srv        update:    - prompt 0xf0c310:     129 tokens, checkpoints:  0,     1.514 MiB
srv        update:    - prompt 0x28b6d20:     135 tokens, checkpoints:  0,     1.584 MiB
srv        update:    - prompt 0x28cfc50:     135 tokens, checkpoints:  0,     1.584 MiB
srv        update:    - prompt 0x28c3290:     242 tokens, checkpoints:  0,     2.839 MiB
srv        update:    - prompt 0x28b9ba0:     324 tokens, checkpoints:  0,     3.801 MiB
srv        update:    - prompt 0xffff00004cf0:     362 tokens, checkpoints:  0,     4.247 MiB
srv        update:    - prompt 0xeec0d0:     424 tokens, checkpoints:  0,     4.974 MiB
srv        update:    - prompt 0x28ce470:     408 tokens, checkpoints:  0,     4.786 MiB
srv        update:    - prompt 0x28b9010:     411 tokens, checkpoints:  0,     4.822 MiB
srv        update:    - prompt 0x4a25680:     417 tokens, checkpoints:  0,     4.892 MiB
srv        update:    - prompt 0x4a293c0:     416 tokens, checkpoints:  0,     4.880 MiB
srv        update:    - prompt 0x28e40e0:     430 tokens, checkpoints:  0,     5.045 MiB
srv        update:    - prompt 0xffff3c002440:     430 tokens, checkpoints:  0,     5.045 MiB
srv        update:    - prompt 0xffff48005c10:     106 tokens, checkpoints:  0,     1.244 MiB
srv        update:    - prompt 0xffff54004690:     104 tokens, checkpoints:  0,     1.221 MiB
srv  get_availabl: prompt cache update took 0.16 ms
slot launch_slot_: id  1 | task -1 | sampler chain: logits -> ?penalties -> ?dry -> ?top-n-sigma -> top-k -> ?typical -> top-p -> min-p -> ?xtc -> temp-ext -> dist 
slot launch_slot_: id  1 | task 6508 | processing task, is_child = 0
slot slot_save_an: id  2 | task -1 | saving idle slot to prompt cache
srv   prompt_save:  - saving prompt with length 109, total state size = 1.279 MiB
slot prompt_clear: id  2 | task -1 | clearing prompt with 109 tokens
srv        update:  - cache state: 50 prompts, 99.277 MiB (limits: 8192.000 MiB, 4096 tokens, 698170 est)
srv        update:    - prompt 0x28c0e20:     105 tokens, checkpoints:  0,     1.232 MiB
srv        update:    - prompt 0x28c7080:     106 tokens, checkpoints:  0,     1.244 MiB
srv        update:    - prompt 0x28d3a10:     105 tokens, checkpoints:  0,     1.232 MiB
srv        update:    - prompt 0x28c1e20:     106 tokens, checkpoints:  0,     1.244 MiB
srv        update:    - prompt 0x3d8f9b0:     104 tokens, checkpoints:  0,     1.221 MiB
srv        update:    - prompt 0x28c94c0:     109 tokens, checkpoints:  0,     1.279 MiB
srv        update:    - prompt 0xf90860:     115 tokens, checkpoints:  0,     1.350 MiB
srv        update:    - prompt 0x28ce680:     110 tokens, checkpoints:  0,     1.291 MiB
srv        update:    - prompt 0x28ba4f0:     112 tokens, checkpoints:  0,     1.314 MiB
srv        update:    - prompt 0x28dd340:     107 tokens, checkpoints:  0,     1.256 MiB
srv        update:    - prompt 0x28d1e50:     107 tokens, checkpoints:  0,     1.256 MiB
srv        update:    - prompt 0x28c0600:     107 tokens, checkpoints:  0,     1.256 MiB
srv        update:    - prompt 0x28c6e80:     118 tokens, checkpoints:  0,     1.385 MiB
srv        update:    - prompt 0x28cd710:     122 tokens, checkpoints:  0,     1.432 MiB
srv        update:    - prompt 0x28cfbb0:     130 tokens, checkpoints:  0,     1.525 MiB
srv        update:    - prompt 0x28c6380:     131 tokens, checkpoints:  0,     1.537 MiB
srv        update:    - prompt 0x28c9fe0:     129 tokens, checkpoints:  0,     1.514 MiB
srv        update:    - prompt 0x28bac10:     106 tokens, checkpoints:  0,     1.244 MiB
srv        update:    - prompt 0x28b68d0:     104 tokens, checkpoints:  0,     1.221 MiB
srv        update:    - prompt 0x4a2fdc0:     109 tokens, checkpoints:  0,     1.279 MiB
srv        update:    - prompt 0x28cdbb0:     115 tokens, checkpoints:  0,     1.350 MiB
srv        update:    - prompt 0x28ec330:     110 tokens, checkpoints:  0,     1.291 MiB
srv        update:    - prompt 0xee5330:     112 tokens, checkpoints:  0,     1.314 MiB
srv        update:    - prompt 0xf12130:     107 tokens, checkpoints:  0,     1.256 MiB
srv        update:    - prompt 0x28b8f70:     107 tokens, checkpoints:  0,     1.256 MiB
srv        update:    - prompt 0x28d3cf0:     107 tokens, checkpoints:  0,     1.256 MiB
srv        update:    - prompt 0x4a227b0:      35 tokens, checkpoints:  0,     0.411 MiB
srv        update:    - prompt 0x4a298e0:     118 tokens, checkpoints:  0,     1.385 MiB
srv        update:    - prompt 0x28bfbb0:     122 tokens, checkpoints:  0,     1.432 MiB
srv        update:    - prompt 0x2911090:     164 tokens, checkpoints:  0,     1.924 MiB
srv        update:    - prompt 0xf0e970:     130 tokens, checkpoints:  0,     1.525 MiB
srv        update:    - prompt 0xf8fa50:     134 tokens, checkpoints:  0,     1.572 MiB
srv        update:    - prompt 0x28e67e0:     131 tokens, checkpoints:  0,     1.537 MiB
srv        update:    - prompt 0x28d4ac0:     145 tokens, checkpoints:  0,     1.701 MiB
srv        update:    - prompt 0xf0c310:     129 tokens, checkpoints:  0,     1.514 MiB
srv        update:    - prompt 0x28b6d20:     135 tokens, checkpoints:  0,     1.584 MiB
srv        update:    - prompt 0x28cfc50:     135 tokens, checkpoints:  0,     1.584 MiB
srv        update:    - prompt 0x28c3290:     242 tokens, checkpoints:  0,     2.839 MiB
srv        update:    - prompt 0x28b9ba0:     324 tokens, checkpoints:  0,     3.801 MiB
srv        update:    - prompt 0xffff00004cf0:     362 tokens, checkpoints:  0,     4.247 MiB
srv        update:    - prompt 0xeec0d0:     424 tokens, checkpoints:  0,     4.974 MiB
srv        update:    - prompt 0x28ce470:     408 tokens, checkpoints:  0,     4.786 MiB
srv        update:    - prompt 0x28b9010:     411 tokens, checkpoints:  0,     4.822 MiB
srv        update:    - prompt 0x4a25680:     417 tokens, checkpoints:  0,     4.892 MiB
srv        update:    - prompt 0x4a293c0:     416 tokens, checkpoints:  0,     4.880 MiB
srv        update:    - prompt 0x28e40e0:     430 tokens, checkpoints:  0,     5.045 MiB
srv        update:    - prompt 0xffff3c002440:     430 tokens, checkpoints:  0,     5.045 MiB
srv        update:    - prompt 0xffff48005c10:     106 tokens, checkpoints:  0,     1.244 MiB
srv        update:    - prompt 0xffff54004690:     104 tokens, checkpoints:  0,     1.221 MiB
srv        update:    - prompt 0x28cba50:     109 tokens, checkpoints:  0,     1.279 MiB
slot update_slots: id  1 | task 6508 | new prompt, n_ctx_slot = 4096, n_keep = 0, task.n_tokens = 16
slot update_slots: id  1 | task 6508 | n_tokens = 0, memory_seq_rm [0, end)
slot init_sampler: id  1 | task 6508 | init sampler, took 0.01 ms, tokens: text = 16, total = 16
slot update_slots: id  1 | task 6508 | prompt processing done, n_tokens = 16, batch.n_tokens = 16
srv  log_server_r: done request: POST /completion 127.0.0.1 200
slot print_timing: id  1 | task 6508 | 
prompt eval time =     276.38 ms /    16 tokens (   17.27 ms per token,    57.89 tokens per second)
       eval time =    2566.16 ms /   100 tokens (   25.66 ms per token,    38.97 tokens per second)
      total time =    2842.54 ms /   116 tokens
slot      release: id  1 | task 6508 | stop processing: n_tokens = 115, truncated = 0
srv  update_slots: all slots are idle
slot get_availabl: id  0 | task -1 | selected slot by LRU, t_last = 36401744157
srv  get_availabl: updating prompt cache
srv          load:  - looking for better prompt, base f_keep = -1.000, sim = 0.000
srv        update:  - cache state: 50 prompts, 99.277 MiB (limits: 8192.000 MiB, 4096 tokens, 698170 est)
srv        update:    - prompt 0x28c0e20:     105 tokens, checkpoints:  0,     1.232 MiB
srv        update:    - prompt 0x28c7080:     106 tokens, checkpoints:  0,     1.244 MiB
srv        update:    - prompt 0x28d3a10:     105 tokens, checkpoints:  0,     1.232 MiB
srv        update:    - prompt 0x28c1e20:     106 tokens, checkpoints:  0,     1.244 MiB
srv        update:    - prompt 0x3d8f9b0:     104 tokens, checkpoints:  0,     1.221 MiB
srv        update:    - prompt 0x28c94c0:     109 tokens, checkpoints:  0,     1.279 MiB
srv        update:    - prompt 0xf90860:     115 tokens, checkpoints:  0,     1.350 MiB
srv        update:    - prompt 0x28ce680:     110 tokens, checkpoints:  0,     1.291 MiB
srv        update:    - prompt 0x28ba4f0:     112 tokens, checkpoints:  0,     1.314 MiB
srv        update:    - prompt 0x28dd340:     107 tokens, checkpoints:  0,     1.256 MiB
srv        update:    - prompt 0x28d1e50:     107 tokens, checkpoints:  0,     1.256 MiB
srv        update:    - prompt 0x28c0600:     107 tokens, checkpoints:  0,     1.256 MiB
srv        update:    - prompt 0x28c6e80:     118 tokens, checkpoints:  0,     1.385 MiB
srv        update:    - prompt 0x28cd710:     122 tokens, checkpoints:  0,     1.432 MiB
srv        update:    - prompt 0x28cfbb0:     130 tokens, checkpoints:  0,     1.525 MiB
srv        update:    - prompt 0x28c6380:     131 tokens, checkpoints:  0,     1.537 MiB
srv        update:    - prompt 0x28c9fe0:     129 tokens, checkpoints:  0,     1.514 MiB
srv        update:    - prompt 0x28bac10:     106 tokens, checkpoints:  0,     1.244 MiB
srv        update:    - prompt 0x28b68d0:     104 tokens, checkpoints:  0,     1.221 MiB
srv        update:    - prompt 0x4a2fdc0:     109 tokens, checkpoints:  0,     1.279 MiB
srv        update:    - prompt 0x28cdbb0:     115 tokens, checkpoints:  0,     1.350 MiB
srv        update:    - prompt 0x28ec330:     110 tokens, checkpoints:  0,     1.291 MiB
srv        update:    - prompt 0xee5330:     112 tokens, checkpoints:  0,     1.314 MiB
srv        update:    - prompt 0xf12130:     107 tokens, checkpoints:  0,     1.256 MiB
srv        update:    - prompt 0x28b8f70:     107 tokens, checkpoints:  0,     1.256 MiB
srv        update:    - prompt 0x28d3cf0:     107 tokens, checkpoints:  0,     1.256 MiB
srv        update:    - prompt 0x4a227b0:      35 tokens, checkpoints:  0,     0.411 MiB
srv        update:    - prompt 0x4a298e0:     118 tokens, checkpoints:  0,     1.385 MiB
srv        update:    - prompt 0x28bfbb0:     122 tokens, checkpoints:  0,     1.432 MiB
srv        update:    - prompt 0x2911090:     164 tokens, checkpoints:  0,     1.924 MiB
srv        update:    - prompt 0xf0e970:     130 tokens, checkpoints:  0,     1.525 MiB
srv        update:    - prompt 0xf8fa50:     134 tokens, checkpoints:  0,     1.572 MiB
srv        update:    - prompt 0x28e67e0:     131 tokens, checkpoints:  0,     1.537 MiB
srv        update:    - prompt 0x28d4ac0:     145 tokens, checkpoints:  0,     1.701 MiB
srv        update:    - prompt 0xf0c310:     129 tokens, checkpoints:  0,     1.514 MiB
srv        update:    - prompt 0x28b6d20:     135 tokens, checkpoints:  0,     1.584 MiB
srv        update:    - prompt 0x28cfc50:     135 tokens, checkpoints:  0,     1.584 MiB
srv        update:    - prompt 0x28c3290:     242 tokens, checkpoints:  0,     2.839 MiB
srv        update:    - prompt 0x28b9ba0:     324 tokens, checkpoints:  0,     3.801 MiB
srv        update:    - prompt 0xffff00004cf0:     362 tokens, checkpoints:  0,     4.247 MiB
srv        update:    - prompt 0xeec0d0:     424 tokens, checkpoints:  0,     4.974 MiB
srv        update:    - prompt 0x28ce470:     408 tokens, checkpoints:  0,     4.786 MiB
srv        update:    - prompt 0x28b9010:     411 tokens, checkpoints:  0,     4.822 MiB
srv        update:    - prompt 0x4a25680:     417 tokens, checkpoints:  0,     4.892 MiB
srv        update:    - prompt 0x4a293c0:     416 tokens, checkpoints:  0,     4.880 MiB
srv        update:    - prompt 0x28e40e0:     430 tokens, checkpoints:  0,     5.045 MiB
srv        update:    - prompt 0xffff3c002440:     430 tokens, checkpoints:  0,     5.045 MiB
srv        update:    - prompt 0xffff48005c10:     106 tokens, checkpoints:  0,     1.244 MiB
srv        update:    - prompt 0xffff54004690:     104 tokens, checkpoints:  0,     1.221 MiB
srv        update:    - prompt 0x28cba50:     109 tokens, checkpoints:  0,     1.279 MiB
srv  get_availabl: prompt cache update took 0.16 ms
slot launch_slot_: id  0 | task -1 | sampler chain: logits -> ?penalties -> ?dry -> ?top-n-sigma -> top-k -> ?typical -> top-p -> min-p -> ?xtc -> temp-ext -> dist 
slot launch_slot_: id  0 | task 6609 | processing task, is_child = 0
slot slot_save_an: id  1 | task -1 | saving idle slot to prompt cache
srv   prompt_save:  - saving prompt with length 115, total state size = 1.350 MiB
slot prompt_clear: id  1 | task -1 | clearing prompt with 115 tokens
srv        update:  - cache state: 51 prompts, 100.627 MiB (limits: 8192.000 MiB, 4096 tokens, 698168 est)
srv        update:    - prompt 0x28c0e20:     105 tokens, checkpoints:  0,     1.232 MiB
srv        update:    - prompt 0x28c7080:     106 tokens, checkpoints:  0,     1.244 MiB
srv        update:    - prompt 0x28d3a10:     105 tokens, checkpoints:  0,     1.232 MiB
srv        update:    - prompt 0x28c1e20:     106 tokens, checkpoints:  0,     1.244 MiB
srv        update:    - prompt 0x3d8f9b0:     104 tokens, checkpoints:  0,     1.221 MiB
srv        update:    - prompt 0x28c94c0:     109 tokens, checkpoints:  0,     1.279 MiB
srv        update:    - prompt 0xf90860:     115 tokens, checkpoints:  0,     1.350 MiB
srv        update:    - prompt 0x28ce680:     110 tokens, checkpoints:  0,     1.291 MiB
srv        update:    - prompt 0x28ba4f0:     112 tokens, checkpoints:  0,     1.314 MiB
srv        update:    - prompt 0x28dd340:     107 tokens, checkpoints:  0,     1.256 MiB
srv        update:    - prompt 0x28d1e50:     107 tokens, checkpoints:  0,     1.256 MiB
srv        update:    - prompt 0x28c0600:     107 tokens, checkpoints:  0,     1.256 MiB
srv        update:    - prompt 0x28c6e80:     118 tokens, checkpoints:  0,     1.385 MiB
srv        update:    - prompt 0x28cd710:     122 tokens, checkpoints:  0,     1.432 MiB
srv        update:    - prompt 0x28cfbb0:     130 tokens, checkpoints:  0,     1.525 MiB
srv        update:    - prompt 0x28c6380:     131 tokens, checkpoints:  0,     1.537 MiB
srv        update:    - prompt 0x28c9fe0:     129 tokens, checkpoints:  0,     1.514 MiB
srv        update:    - prompt 0x28bac10:     106 tokens, checkpoints:  0,     1.244 MiB
srv        update:    - prompt 0x28b68d0:     104 tokens, checkpoints:  0,     1.221 MiB
srv        update:    - prompt 0x4a2fdc0:     109 tokens, checkpoints:  0,     1.279 MiB
srv        update:    - prompt 0x28cdbb0:     115 tokens, checkpoints:  0,     1.350 MiB
srv        update:    - prompt 0x28ec330:     110 tokens, checkpoints:  0,     1.291 MiB
srv        update:    - prompt 0xee5330:     112 tokens, checkpoints:  0,     1.314 MiB
srv        update:    - prompt 0xf12130:     107 tokens, checkpoints:  0,     1.256 MiB
srv        update:    - prompt 0x28b8f70:     107 tokens, checkpoints:  0,     1.256 MiB
srv        update:    - prompt 0x28d3cf0:     107 tokens, checkpoints:  0,     1.256 MiB
srv        update:    - prompt 0x4a227b0:      35 tokens, checkpoints:  0,     0.411 MiB
srv        update:    - prompt 0x4a298e0:     118 tokens, checkpoints:  0,     1.385 MiB
srv        update:    - prompt 0x28bfbb0:     122 tokens, checkpoints:  0,     1.432 MiB
srv        update:    - prompt 0x2911090:     164 tokens, checkpoints:  0,     1.924 MiB
srv        update:    - prompt 0xf0e970:     130 tokens, checkpoints:  0,     1.525 MiB
srv        update:    - prompt 0xf8fa50:     134 tokens, checkpoints:  0,     1.572 MiB
srv        update:    - prompt 0x28e67e0:     131 tokens, checkpoints:  0,     1.537 MiB
srv        update:    - prompt 0x28d4ac0:     145 tokens, checkpoints:  0,     1.701 MiB
srv        update:    - prompt 0xf0c310:     129 tokens, checkpoints:  0,     1.514 MiB
srv        update:    - prompt 0x28b6d20:     135 tokens, checkpoints:  0,     1.584 MiB
srv        update:    - prompt 0x28cfc50:     135 tokens, checkpoints:  0,     1.584 MiB
srv        update:    - prompt 0x28c3290:     242 tokens, checkpoints:  0,     2.839 MiB
srv        update:    - prompt 0x28b9ba0:     324 tokens, checkpoints:  0,     3.801 MiB
srv        update:    - prompt 0xffff00004cf0:     362 tokens, checkpoints:  0,     4.247 MiB
srv        update:    - prompt 0xeec0d0:     424 tokens, checkpoints:  0,     4.974 MiB
srv        update:    - prompt 0x28ce470:     408 tokens, checkpoints:  0,     4.786 MiB
srv        update:    - prompt 0x28b9010:     411 tokens, checkpoints:  0,     4.822 MiB
srv        update:    - prompt 0x4a25680:     417 tokens, checkpoints:  0,     4.892 MiB
srv        update:    - prompt 0x4a293c0:     416 tokens, checkpoints:  0,     4.880 MiB
srv        update:    - prompt 0x28e40e0:     430 tokens, checkpoints:  0,     5.045 MiB
srv        update:    - prompt 0xffff3c002440:     430 tokens, checkpoints:  0,     5.045 MiB
srv        update:    - prompt 0xffff48005c10:     106 tokens, checkpoints:  0,     1.244 MiB
srv        update:    - prompt 0xffff54004690:     104 tokens, checkpoints:  0,     1.221 MiB
srv        update:    - prompt 0x28cba50:     109 tokens, checkpoints:  0,     1.279 MiB
srv        update:    - prompt 0xf0bbe0:     115 tokens, checkpoints:  0,     1.350 MiB
slot update_slots: id  0 | task 6609 | new prompt, n_ctx_slot = 4096, n_keep = 0, task.n_tokens = 11
slot update_slots: id  0 | task 6609 | n_tokens = 0, memory_seq_rm [0, end)
slot init_sampler: id  0 | task 6609 | init sampler, took 0.01 ms, tokens: text = 11, total = 11
slot update_slots: id  0 | task 6609 | prompt processing done, n_tokens = 11, batch.n_tokens = 11
srv  log_server_r: done request: POST /completion 127.0.0.1 200
slot print_timing: id  0 | task 6609 | 
prompt eval time =     193.74 ms /    11 tokens (   17.61 ms per token,    56.78 tokens per second)
       eval time =    2563.14 ms /   100 tokens (   25.63 ms per token,    39.01 tokens per second)
      total time =    2756.88 ms /   111 tokens
slot      release: id  0 | task 6609 | stop processing: n_tokens = 110, truncated = 0
srv  update_slots: all slots are idle
slot get_availabl: id  3 | task -1 | selected slot by LRU, t_last = 36404986337
srv  get_availabl: updating prompt cache
srv          load:  - looking for better prompt, base f_keep = -1.000, sim = 0.000
srv        update:  - cache state: 51 prompts, 100.627 MiB (limits: 8192.000 MiB, 4096 tokens, 698168 est)
srv        update:    - prompt 0x28c0e20:     105 tokens, checkpoints:  0,     1.232 MiB
srv        update:    - prompt 0x28c7080:     106 tokens, checkpoints:  0,     1.244 MiB
srv        update:    - prompt 0x28d3a10:     105 tokens, checkpoints:  0,     1.232 MiB
srv        update:    - prompt 0x28c1e20:     106 tokens, checkpoints:  0,     1.244 MiB
srv        update:    - prompt 0x3d8f9b0:     104 tokens, checkpoints:  0,     1.221 MiB
srv        update:    - prompt 0x28c94c0:     109 tokens, checkpoints:  0,     1.279 MiB
srv        update:    - prompt 0xf90860:     115 tokens, checkpoints:  0,     1.350 MiB
srv        update:    - prompt 0x28ce680:     110 tokens, checkpoints:  0,     1.291 MiB
srv        update:    - prompt 0x28ba4f0:     112 tokens, checkpoints:  0,     1.314 MiB
srv        update:    - prompt 0x28dd340:     107 tokens, checkpoints:  0,     1.256 MiB
srv        update:    - prompt 0x28d1e50:     107 tokens, checkpoints:  0,     1.256 MiB
srv        update:    - prompt 0x28c0600:     107 tokens, checkpoints:  0,     1.256 MiB
srv        update:    - prompt 0x28c6e80:     118 tokens, checkpoints:  0,     1.385 MiB
srv        update:    - prompt 0x28cd710:     122 tokens, checkpoints:  0,     1.432 MiB
srv        update:    - prompt 0x28cfbb0:     130 tokens, checkpoints:  0,     1.525 MiB
srv        update:    - prompt 0x28c6380:     131 tokens, checkpoints:  0,     1.537 MiB
srv        update:    - prompt 0x28c9fe0:     129 tokens, checkpoints:  0,     1.514 MiB
srv        update:    - prompt 0x28bac10:     106 tokens, checkpoints:  0,     1.244 MiB
srv        update:    - prompt 0x28b68d0:     104 tokens, checkpoints:  0,     1.221 MiB
srv        update:    - prompt 0x4a2fdc0:     109 tokens, checkpoints:  0,     1.279 MiB
srv        update:    - prompt 0x28cdbb0:     115 tokens, checkpoints:  0,     1.350 MiB
srv        update:    - prompt 0x28ec330:     110 tokens, checkpoints:  0,     1.291 MiB
srv        update:    - prompt 0xee5330:     112 tokens, checkpoints:  0,     1.314 MiB
srv        update:    - prompt 0xf12130:     107 tokens, checkpoints:  0,     1.256 MiB
srv        update:    - prompt 0x28b8f70:     107 tokens, checkpoints:  0,     1.256 MiB
srv        update:    - prompt 0x28d3cf0:     107 tokens, checkpoints:  0,     1.256 MiB
srv        update:    - prompt 0x4a227b0:      35 tokens, checkpoints:  0,     0.411 MiB
srv        update:    - prompt 0x4a298e0:     118 tokens, checkpoints:  0,     1.385 MiB
srv        update:    - prompt 0x28bfbb0:     122 tokens, checkpoints:  0,     1.432 MiB
srv        update:    - prompt 0x2911090:     164 tokens, checkpoints:  0,     1.924 MiB
srv        update:    - prompt 0xf0e970:     130 tokens, checkpoints:  0,     1.525 MiB
srv        update:    - prompt 0xf8fa50:     134 tokens, checkpoints:  0,     1.572 MiB
srv        update:    - prompt 0x28e67e0:     131 tokens, checkpoints:  0,     1.537 MiB
srv        update:    - prompt 0x28d4ac0:     145 tokens, checkpoints:  0,     1.701 MiB
srv        update:    - prompt 0xf0c310:     129 tokens, checkpoints:  0,     1.514 MiB
srv        update:    - prompt 0x28b6d20:     135 tokens, checkpoints:  0,     1.584 MiB
srv        update:    - prompt 0x28cfc50:     135 tokens, checkpoints:  0,     1.584 MiB
srv        update:    - prompt 0x28c3290:     242 tokens, checkpoints:  0,     2.839 MiB
srv        update:    - prompt 0x28b9ba0:     324 tokens, checkpoints:  0,     3.801 MiB
srv        update:    - prompt 0xffff00004cf0:     362 tokens, checkpoints:  0,     4.247 MiB
srv        update:    - prompt 0xeec0d0:     424 tokens, checkpoints:  0,     4.974 MiB
srv        update:    - prompt 0x28ce470:     408 tokens, checkpoints:  0,     4.786 MiB
srv        update:    - prompt 0x28b9010:     411 tokens, checkpoints:  0,     4.822 MiB
srv        update:    - prompt 0x4a25680:     417 tokens, checkpoints:  0,     4.892 MiB
srv        update:    - prompt 0x4a293c0:     416 tokens, checkpoints:  0,     4.880 MiB
srv        update:    - prompt 0x28e40e0:     430 tokens, checkpoints:  0,     5.045 MiB
srv        update:    - prompt 0xffff3c002440:     430 tokens, checkpoints:  0,     5.045 MiB
srv        update:    - prompt 0xffff48005c10:     106 tokens, checkpoints:  0,     1.244 MiB
srv        update:    - prompt 0xffff54004690:     104 tokens, checkpoints:  0,     1.221 MiB
srv        update:    - prompt 0x28cba50:     109 tokens, checkpoints:  0,     1.279 MiB
srv        update:    - prompt 0xf0bbe0:     115 tokens, checkpoints:  0,     1.350 MiB
srv  get_availabl: prompt cache update took 0.17 ms
slot launch_slot_: id  3 | task -1 | sampler chain: logits -> ?penalties -> ?dry -> ?top-n-sigma -> top-k -> ?typical -> top-p -> min-p -> ?xtc -> temp-ext -> dist 
slot launch_slot_: id  3 | task 6710 | processing task, is_child = 0
slot slot_save_an: id  0 | task -1 | saving idle slot to prompt cache
srv   prompt_save:  - saving prompt with length 110, total state size = 1.291 MiB
slot prompt_clear: id  0 | task -1 | clearing prompt with 110 tokens
srv        update:  - cache state: 52 prompts, 101.918 MiB (limits: 8192.000 MiB, 4096 tokens, 698167 est)
srv        update:    - prompt 0x28c0e20:     105 tokens, checkpoints:  0,     1.232 MiB
srv        update:    - prompt 0x28c7080:     106 tokens, checkpoints:  0,     1.244 MiB
srv        update:    - prompt 0x28d3a10:     105 tokens, checkpoints:  0,     1.232 MiB
srv        update:    - prompt 0x28c1e20:     106 tokens, checkpoints:  0,     1.244 MiB
srv        update:    - prompt 0x3d8f9b0:     104 tokens, checkpoints:  0,     1.221 MiB
srv        update:    - prompt 0x28c94c0:     109 tokens, checkpoints:  0,     1.279 MiB
srv        update:    - prompt 0xf90860:     115 tokens, checkpoints:  0,     1.350 MiB
srv        update:    - prompt 0x28ce680:     110 tokens, checkpoints:  0,     1.291 MiB
srv        update:    - prompt 0x28ba4f0:     112 tokens, checkpoints:  0,     1.314 MiB
srv        update:    - prompt 0x28dd340:     107 tokens, checkpoints:  0,     1.256 MiB
srv        update:    - prompt 0x28d1e50:     107 tokens, checkpoints:  0,     1.256 MiB
srv        update:    - prompt 0x28c0600:     107 tokens, checkpoints:  0,     1.256 MiB
srv        update:    - prompt 0x28c6e80:     118 tokens, checkpoints:  0,     1.385 MiB
srv        update:    - prompt 0x28cd710:     122 tokens, checkpoints:  0,     1.432 MiB
srv        update:    - prompt 0x28cfbb0:     130 tokens, checkpoints:  0,     1.525 MiB
srv        update:    - prompt 0x28c6380:     131 tokens, checkpoints:  0,     1.537 MiB
srv        update:    - prompt 0x28c9fe0:     129 tokens, checkpoints:  0,     1.514 MiB
srv        update:    - prompt 0x28bac10:     106 tokens, checkpoints:  0,     1.244 MiB
srv        update:    - prompt 0x28b68d0:     104 tokens, checkpoints:  0,     1.221 MiB
srv        update:    - prompt 0x4a2fdc0:     109 tokens, checkpoints:  0,     1.279 MiB
srv        update:    - prompt 0x28cdbb0:     115 tokens, checkpoints:  0,     1.350 MiB
srv        update:    - prompt 0x28ec330:     110 tokens, checkpoints:  0,     1.291 MiB
srv        update:    - prompt 0xee5330:     112 tokens, checkpoints:  0,     1.314 MiB
srv        update:    - prompt 0xf12130:     107 tokens, checkpoints:  0,     1.256 MiB
srv        update:    - prompt 0x28b8f70:     107 tokens, checkpoints:  0,     1.256 MiB
srv        update:    - prompt 0x28d3cf0:     107 tokens, checkpoints:  0,     1.256 MiB
srv        update:    - prompt 0x4a227b0:      35 tokens, checkpoints:  0,     0.411 MiB
srv        update:    - prompt 0x4a298e0:     118 tokens, checkpoints:  0,     1.385 MiB
srv        update:    - prompt 0x28bfbb0:     122 tokens, checkpoints:  0,     1.432 MiB
srv        update:    - prompt 0x2911090:     164 tokens, checkpoints:  0,     1.924 MiB
srv        update:    - prompt 0xf0e970:     130 tokens, checkpoints:  0,     1.525 MiB
srv        update:    - prompt 0xf8fa50:     134 tokens, checkpoints:  0,     1.572 MiB
srv        update:    - prompt 0x28e67e0:     131 tokens, checkpoints:  0,     1.537 MiB
srv        update:    - prompt 0x28d4ac0:     145 tokens, checkpoints:  0,     1.701 MiB
srv        update:    - prompt 0xf0c310:     129 tokens, checkpoints:  0,     1.514 MiB
srv        update:    - prompt 0x28b6d20:     135 tokens, checkpoints:  0,     1.584 MiB
srv        update:    - prompt 0x28cfc50:     135 tokens, checkpoints:  0,     1.584 MiB
srv        update:    - prompt 0x28c3290:     242 tokens, checkpoints:  0,     2.839 MiB
srv        update:    - prompt 0x28b9ba0:     324 tokens, checkpoints:  0,     3.801 MiB
srv        update:    - prompt 0xffff00004cf0:     362 tokens, checkpoints:  0,     4.247 MiB
srv        update:    - prompt 0xeec0d0:     424 tokens, checkpoints:  0,     4.974 MiB
srv        update:    - prompt 0x28ce470:     408 tokens, checkpoints:  0,     4.786 MiB
srv        update:    - prompt 0x28b9010:     411 tokens, checkpoints:  0,     4.822 MiB
srv        update:    - prompt 0x4a25680:     417 tokens, checkpoints:  0,     4.892 MiB
srv        update:    - prompt 0x4a293c0:     416 tokens, checkpoints:  0,     4.880 MiB
srv        update:    - prompt 0x28e40e0:     430 tokens, checkpoints:  0,     5.045 MiB
srv        update:    - prompt 0xffff3c002440:     430 tokens, checkpoints:  0,     5.045 MiB
srv        update:    - prompt 0xffff48005c10:     106 tokens, checkpoints:  0,     1.244 MiB
srv        update:    - prompt 0xffff54004690:     104 tokens, checkpoints:  0,     1.221 MiB
srv        update:    - prompt 0x28cba50:     109 tokens, checkpoints:  0,     1.279 MiB
srv        update:    - prompt 0xf0bbe0:     115 tokens, checkpoints:  0,     1.350 MiB
srv        update:    - prompt 0x28cbe30:     110 tokens, checkpoints:  0,     1.291 MiB
slot update_slots: id  3 | task 6710 | new prompt, n_ctx_slot = 4096, n_keep = 0, task.n_tokens = 13
slot update_slots: id  3 | task 6710 | n_tokens = 0, memory_seq_rm [0, end)
slot init_sampler: id  3 | task 6710 | init sampler, took 0.01 ms, tokens: text = 13, total = 13
slot update_slots: id  3 | task 6710 | prompt processing done, n_tokens = 13, batch.n_tokens = 13
srv  log_server_r: done request: POST /completion 127.0.0.1 200
slot print_timing: id  3 | task 6710 | 
prompt eval time =     226.74 ms /    13 tokens (   17.44 ms per token,    57.33 tokens per second)
       eval time =    2564.60 ms /   100 tokens (   25.65 ms per token,    38.99 tokens per second)
      total time =    2791.34 ms /   113 tokens
slot      release: id  3 | task 6710 | stop processing: n_tokens = 112, truncated = 0
srv  update_slots: all slots are idle
slot get_availabl: id  2 | task -1 | selected slot by LRU, t_last = 36408313858
srv  get_availabl: updating prompt cache
srv          load:  - looking for better prompt, base f_keep = -1.000, sim = 0.000
srv        update:  - cache state: 52 prompts, 101.918 MiB (limits: 8192.000 MiB, 4096 tokens, 698167 est)
srv        update:    - prompt 0x28c0e20:     105 tokens, checkpoints:  0,     1.232 MiB
srv        update:    - prompt 0x28c7080:     106 tokens, checkpoints:  0,     1.244 MiB
srv        update:    - prompt 0x28d3a10:     105 tokens, checkpoints:  0,     1.232 MiB
srv        update:    - prompt 0x28c1e20:     106 tokens, checkpoints:  0,     1.244 MiB
srv        update:    - prompt 0x3d8f9b0:     104 tokens, checkpoints:  0,     1.221 MiB
srv        update:    - prompt 0x28c94c0:     109 tokens, checkpoints:  0,     1.279 MiB
srv        update:    - prompt 0xf90860:     115 tokens, checkpoints:  0,     1.350 MiB
srv        update:    - prompt 0x28ce680:     110 tokens, checkpoints:  0,     1.291 MiB
srv        update:    - prompt 0x28ba4f0:     112 tokens, checkpoints:  0,     1.314 MiB
srv        update:    - prompt 0x28dd340:     107 tokens, checkpoints:  0,     1.256 MiB
srv        update:    - prompt 0x28d1e50:     107 tokens, checkpoints:  0,     1.256 MiB
srv        update:    - prompt 0x28c0600:     107 tokens, checkpoints:  0,     1.256 MiB
srv        update:    - prompt 0x28c6e80:     118 tokens, checkpoints:  0,     1.385 MiB
srv        update:    - prompt 0x28cd710:     122 tokens, checkpoints:  0,     1.432 MiB
srv        update:    - prompt 0x28cfbb0:     130 tokens, checkpoints:  0,     1.525 MiB
srv        update:    - prompt 0x28c6380:     131 tokens, checkpoints:  0,     1.537 MiB
srv        update:    - prompt 0x28c9fe0:     129 tokens, checkpoints:  0,     1.514 MiB
srv        update:    - prompt 0x28bac10:     106 tokens, checkpoints:  0,     1.244 MiB
srv        update:    - prompt 0x28b68d0:     104 tokens, checkpoints:  0,     1.221 MiB
srv        update:    - prompt 0x4a2fdc0:     109 tokens, checkpoints:  0,     1.279 MiB
srv        update:    - prompt 0x28cdbb0:     115 tokens, checkpoints:  0,     1.350 MiB
srv        update:    - prompt 0x28ec330:     110 tokens, checkpoints:  0,     1.291 MiB
srv        update:    - prompt 0xee5330:     112 tokens, checkpoints:  0,     1.314 MiB
srv        update:    - prompt 0xf12130:     107 tokens, checkpoints:  0,     1.256 MiB
srv        update:    - prompt 0x28b8f70:     107 tokens, checkpoints:  0,     1.256 MiB
srv        update:    - prompt 0x28d3cf0:     107 tokens, checkpoints:  0,     1.256 MiB
srv        update:    - prompt 0x4a227b0:      35 tokens, checkpoints:  0,     0.411 MiB
srv        update:    - prompt 0x4a298e0:     118 tokens, checkpoints:  0,     1.385 MiB
srv        update:    - prompt 0x28bfbb0:     122 tokens, checkpoints:  0,     1.432 MiB
srv        update:    - prompt 0x2911090:     164 tokens, checkpoints:  0,     1.924 MiB
srv        update:    - prompt 0xf0e970:     130 tokens, checkpoints:  0,     1.525 MiB
srv        update:    - prompt 0xf8fa50:     134 tokens, checkpoints:  0,     1.572 MiB
srv        update:    - prompt 0x28e67e0:     131 tokens, checkpoints:  0,     1.537 MiB
srv        update:    - prompt 0x28d4ac0:     145 tokens, checkpoints:  0,     1.701 MiB
srv        update:    - prompt 0xf0c310:     129 tokens, checkpoints:  0,     1.514 MiB
srv        update:    - prompt 0x28b6d20:     135 tokens, checkpoints:  0,     1.584 MiB
srv        update:    - prompt 0x28cfc50:     135 tokens, checkpoints:  0,     1.584 MiB
srv        update:    - prompt 0x28c3290:     242 tokens, checkpoints:  0,     2.839 MiB
srv        update:    - prompt 0x28b9ba0:     324 tokens, checkpoints:  0,     3.801 MiB
srv        update:    - prompt 0xffff00004cf0:     362 tokens, checkpoints:  0,     4.247 MiB
srv        update:    - prompt 0xeec0d0:     424 tokens, checkpoints:  0,     4.974 MiB
srv        update:    - prompt 0x28ce470:     408 tokens, checkpoints:  0,     4.786 MiB
srv        update:    - prompt 0x28b9010:     411 tokens, checkpoints:  0,     4.822 MiB
srv        update:    - prompt 0x4a25680:     417 tokens, checkpoints:  0,     4.892 MiB
srv        update:    - prompt 0x4a293c0:     416 tokens, checkpoints:  0,     4.880 MiB
srv        update:    - prompt 0x28e40e0:     430 tokens, checkpoints:  0,     5.045 MiB
srv        update:    - prompt 0xffff3c002440:     430 tokens, checkpoints:  0,     5.045 MiB
srv        update:    - prompt 0xffff48005c10:     106 tokens, checkpoints:  0,     1.244 MiB
srv        update:    - prompt 0xffff54004690:     104 tokens, checkpoints:  0,     1.221 MiB
srv        update:    - prompt 0x28cba50:     109 tokens, checkpoints:  0,     1.279 MiB
srv        update:    - prompt 0xf0bbe0:     115 tokens, checkpoints:  0,     1.350 MiB
srv        update:    - prompt 0x28cbe30:     110 tokens, checkpoints:  0,     1.291 MiB
srv  get_availabl: prompt cache update took 0.17 ms
slot launch_slot_: id  2 | task -1 | sampler chain: logits -> ?penalties -> ?dry -> ?top-n-sigma -> top-k -> ?typical -> top-p -> min-p -> ?xtc -> temp-ext -> dist 
slot launch_slot_: id  2 | task 6811 | processing task, is_child = 0
slot slot_save_an: id  3 | task -1 | saving idle slot to prompt cache
srv   prompt_save:  - saving prompt with length 112, total state size = 1.314 MiB
slot prompt_clear: id  3 | task -1 | clearing prompt with 112 tokens
srv        update:  - cache state: 53 prompts, 103.232 MiB (limits: 8192.000 MiB, 4096 tokens, 698166 est)
srv        update:    - prompt 0x28c0e20:     105 tokens, checkpoints:  0,     1.232 MiB
srv        update:    - prompt 0x28c7080:     106 tokens, checkpoints:  0,     1.244 MiB
srv        update:    - prompt 0x28d3a10:     105 tokens, checkpoints:  0,     1.232 MiB
srv        update:    - prompt 0x28c1e20:     106 tokens, checkpoints:  0,     1.244 MiB
srv        update:    - prompt 0x3d8f9b0:     104 tokens, checkpoints:  0,     1.221 MiB
srv        update:    - prompt 0x28c94c0:     109 tokens, checkpoints:  0,     1.279 MiB
srv        update:    - prompt 0xf90860:     115 tokens, checkpoints:  0,     1.350 MiB
srv        update:    - prompt 0x28ce680:     110 tokens, checkpoints:  0,     1.291 MiB
srv        update:    - prompt 0x28ba4f0:     112 tokens, checkpoints:  0,     1.314 MiB
srv        update:    - prompt 0x28dd340:     107 tokens, checkpoints:  0,     1.256 MiB
srv        update:    - prompt 0x28d1e50:     107 tokens, checkpoints:  0,     1.256 MiB
srv        update:    - prompt 0x28c0600:     107 tokens, checkpoints:  0,     1.256 MiB
srv        update:    - prompt 0x28c6e80:     118 tokens, checkpoints:  0,     1.385 MiB
srv        update:    - prompt 0x28cd710:     122 tokens, checkpoints:  0,     1.432 MiB
srv        update:    - prompt 0x28cfbb0:     130 tokens, checkpoints:  0,     1.525 MiB
srv        update:    - prompt 0x28c6380:     131 tokens, checkpoints:  0,     1.537 MiB
srv        update:    - prompt 0x28c9fe0:     129 tokens, checkpoints:  0,     1.514 MiB
srv        update:    - prompt 0x28bac10:     106 tokens, checkpoints:  0,     1.244 MiB
srv        update:    - prompt 0x28b68d0:     104 tokens, checkpoints:  0,     1.221 MiB
srv        update:    - prompt 0x4a2fdc0:     109 tokens, checkpoints:  0,     1.279 MiB
srv        update:    - prompt 0x28cdbb0:     115 tokens, checkpoints:  0,     1.350 MiB
srv        update:    - prompt 0x28ec330:     110 tokens, checkpoints:  0,     1.291 MiB
srv        update:    - prompt 0xee5330:     112 tokens, checkpoints:  0,     1.314 MiB
srv        update:    - prompt 0xf12130:     107 tokens, checkpoints:  0,     1.256 MiB
srv        update:    - prompt 0x28b8f70:     107 tokens, checkpoints:  0,     1.256 MiB
srv        update:    - prompt 0x28d3cf0:     107 tokens, checkpoints:  0,     1.256 MiB
srv        update:    - prompt 0x4a227b0:      35 tokens, checkpoints:  0,     0.411 MiB
srv        update:    - prompt 0x4a298e0:     118 tokens, checkpoints:  0,     1.385 MiB
srv        update:    - prompt 0x28bfbb0:     122 tokens, checkpoints:  0,     1.432 MiB
srv        update:    - prompt 0x2911090:     164 tokens, checkpoints:  0,     1.924 MiB
srv        update:    - prompt 0xf0e970:     130 tokens, checkpoints:  0,     1.525 MiB
srv        update:    - prompt 0xf8fa50:     134 tokens, checkpoints:  0,     1.572 MiB
srv        update:    - prompt 0x28e67e0:     131 tokens, checkpoints:  0,     1.537 MiB
srv        update:    - prompt 0x28d4ac0:     145 tokens, checkpoints:  0,     1.701 MiB
srv        update:    - prompt 0xf0c310:     129 tokens, checkpoints:  0,     1.514 MiB
srv        update:    - prompt 0x28b6d20:     135 tokens, checkpoints:  0,     1.584 MiB
srv        update:    - prompt 0x28cfc50:     135 tokens, checkpoints:  0,     1.584 MiB
srv        update:    - prompt 0x28c3290:     242 tokens, checkpoints:  0,     2.839 MiB
srv        update:    - prompt 0x28b9ba0:     324 tokens, checkpoints:  0,     3.801 MiB
srv        update:    - prompt 0xffff00004cf0:     362 tokens, checkpoints:  0,     4.247 MiB
srv        update:    - prompt 0xeec0d0:     424 tokens, checkpoints:  0,     4.974 MiB
srv        update:    - prompt 0x28ce470:     408 tokens, checkpoints:  0,     4.786 MiB
srv        update:    - prompt 0x28b9010:     411 tokens, checkpoints:  0,     4.822 MiB
srv        update:    - prompt 0x4a25680:     417 tokens, checkpoints:  0,     4.892 MiB
srv        update:    - prompt 0x4a293c0:     416 tokens, checkpoints:  0,     4.880 MiB
srv        update:    - prompt 0x28e40e0:     430 tokens, checkpoints:  0,     5.045 MiB
srv        update:    - prompt 0xffff3c002440:     430 tokens, checkpoints:  0,     5.045 MiB
srv        update:    - prompt 0xffff48005c10:     106 tokens, checkpoints:  0,     1.244 MiB
srv        update:    - prompt 0xffff54004690:     104 tokens, checkpoints:  0,     1.221 MiB
srv        update:    - prompt 0x28cba50:     109 tokens, checkpoints:  0,     1.279 MiB
srv        update:    - prompt 0xf0bbe0:     115 tokens, checkpoints:  0,     1.350 MiB
srv        update:    - prompt 0x28cbe30:     110 tokens, checkpoints:  0,     1.291 MiB
srv        update:    - prompt 0x28ba5b0:     112 tokens, checkpoints:  0,     1.314 MiB
slot update_slots: id  2 | task 6811 | new prompt, n_ctx_slot = 4096, n_keep = 0, task.n_tokens = 8
slot update_slots: id  2 | task 6811 | n_tokens = 0, memory_seq_rm [0, end)
slot init_sampler: id  2 | task 6811 | init sampler, took 0.01 ms, tokens: text = 8, total = 8
slot update_slots: id  2 | task 6811 | prompt processing done, n_tokens = 8, batch.n_tokens = 8
srv  log_server_r: done request: POST /completion 127.0.0.1 200
slot print_timing: id  2 | task 6811 | 
prompt eval time =     144.16 ms /     8 tokens (   18.02 ms per token,    55.50 tokens per second)
       eval time =    2562.63 ms /   100 tokens (   25.63 ms per token,    39.02 tokens per second)
      total time =    2706.79 ms /   108 tokens
slot      release: id  2 | task 6811 | stop processing: n_tokens = 107, truncated = 0
srv  update_slots: all slots are idle
slot get_availabl: id  1 | task -1 | selected slot by LRU, t_last = 36411744855
srv  get_availabl: updating prompt cache
srv          load:  - looking for better prompt, base f_keep = -1.000, sim = 0.000
srv        update:  - cache state: 53 prompts, 103.232 MiB (limits: 8192.000 MiB, 4096 tokens, 698166 est)
srv        update:    - prompt 0x28c0e20:     105 tokens, checkpoints:  0,     1.232 MiB
srv        update:    - prompt 0x28c7080:     106 tokens, checkpoints:  0,     1.244 MiB
srv        update:    - prompt 0x28d3a10:     105 tokens, checkpoints:  0,     1.232 MiB
srv        update:    - prompt 0x28c1e20:     106 tokens, checkpoints:  0,     1.244 MiB
srv        update:    - prompt 0x3d8f9b0:     104 tokens, checkpoints:  0,     1.221 MiB
srv        update:    - prompt 0x28c94c0:     109 tokens, checkpoints:  0,     1.279 MiB
srv        update:    - prompt 0xf90860:     115 tokens, checkpoints:  0,     1.350 MiB
srv        update:    - prompt 0x28ce680:     110 tokens, checkpoints:  0,     1.291 MiB
srv        update:    - prompt 0x28ba4f0:     112 tokens, checkpoints:  0,     1.314 MiB
srv        update:    - prompt 0x28dd340:     107 tokens, checkpoints:  0,     1.256 MiB
srv        update:    - prompt 0x28d1e50:     107 tokens, checkpoints:  0,     1.256 MiB
srv        update:    - prompt 0x28c0600:     107 tokens, checkpoints:  0,     1.256 MiB
srv        update:    - prompt 0x28c6e80:     118 tokens, checkpoints:  0,     1.385 MiB
srv        update:    - prompt 0x28cd710:     122 tokens, checkpoints:  0,     1.432 MiB
srv        update:    - prompt 0x28cfbb0:     130 tokens, checkpoints:  0,     1.525 MiB
srv        update:    - prompt 0x28c6380:     131 tokens, checkpoints:  0,     1.537 MiB
srv        update:    - prompt 0x28c9fe0:     129 tokens, checkpoints:  0,     1.514 MiB
srv        update:    - prompt 0x28bac10:     106 tokens, checkpoints:  0,     1.244 MiB
srv        update:    - prompt 0x28b68d0:     104 tokens, checkpoints:  0,     1.221 MiB
srv        update:    - prompt 0x4a2fdc0:     109 tokens, checkpoints:  0,     1.279 MiB
srv        update:    - prompt 0x28cdbb0:     115 tokens, checkpoints:  0,     1.350 MiB
srv        update:    - prompt 0x28ec330:     110 tokens, checkpoints:  0,     1.291 MiB
srv        update:    - prompt 0xee5330:     112 tokens, checkpoints:  0,     1.314 MiB
srv        update:    - prompt 0xf12130:     107 tokens, checkpoints:  0,     1.256 MiB
srv        update:    - prompt 0x28b8f70:     107 tokens, checkpoints:  0,     1.256 MiB
srv        update:    - prompt 0x28d3cf0:     107 tokens, checkpoints:  0,     1.256 MiB
srv        update:    - prompt 0x4a227b0:      35 tokens, checkpoints:  0,     0.411 MiB
srv        update:    - prompt 0x4a298e0:     118 tokens, checkpoints:  0,     1.385 MiB
srv        update:    - prompt 0x28bfbb0:     122 tokens, checkpoints:  0,     1.432 MiB
srv        update:    - prompt 0x2911090:     164 tokens, checkpoints:  0,     1.924 MiB
srv        update:    - prompt 0xf0e970:     130 tokens, checkpoints:  0,     1.525 MiB
srv        update:    - prompt 0xf8fa50:     134 tokens, checkpoints:  0,     1.572 MiB
srv        update:    - prompt 0x28e67e0:     131 tokens, checkpoints:  0,     1.537 MiB
srv        update:    - prompt 0x28d4ac0:     145 tokens, checkpoints:  0,     1.701 MiB
srv        update:    - prompt 0xf0c310:     129 tokens, checkpoints:  0,     1.514 MiB
srv        update:    - prompt 0x28b6d20:     135 tokens, checkpoints:  0,     1.584 MiB
srv        update:    - prompt 0x28cfc50:     135 tokens, checkpoints:  0,     1.584 MiB
srv        update:    - prompt 0x28c3290:     242 tokens, checkpoints:  0,     2.839 MiB
srv        update:    - prompt 0x28b9ba0:     324 tokens, checkpoints:  0,     3.801 MiB
srv        update:    - prompt 0xffff00004cf0:     362 tokens, checkpoints:  0,     4.247 MiB
srv        update:    - prompt 0xeec0d0:     424 tokens, checkpoints:  0,     4.974 MiB
srv        update:    - prompt 0x28ce470:     408 tokens, checkpoints:  0,     4.786 MiB
srv        update:    - prompt 0x28b9010:     411 tokens, checkpoints:  0,     4.822 MiB
srv        update:    - prompt 0x4a25680:     417 tokens, checkpoints:  0,     4.892 MiB
srv        update:    - prompt 0x4a293c0:     416 tokens, checkpoints:  0,     4.880 MiB
srv        update:    - prompt 0x28e40e0:     430 tokens, checkpoints:  0,     5.045 MiB
srv        update:    - prompt 0xffff3c002440:     430 tokens, checkpoints:  0,     5.045 MiB
srv        update:    - prompt 0xffff48005c10:     106 tokens, checkpoints:  0,     1.244 MiB
srv        update:    - prompt 0xffff54004690:     104 tokens, checkpoints:  0,     1.221 MiB
srv        update:    - prompt 0x28cba50:     109 tokens, checkpoints:  0,     1.279 MiB
srv        update:    - prompt 0xf0bbe0:     115 tokens, checkpoints:  0,     1.350 MiB
srv        update:    - prompt 0x28cbe30:     110 tokens, checkpoints:  0,     1.291 MiB
srv        update:    - prompt 0x28ba5b0:     112 tokens, checkpoints:  0,     1.314 MiB
srv  get_availabl: prompt cache update took 0.17 ms
slot launch_slot_: id  1 | task -1 | sampler chain: logits -> ?penalties -> ?dry -> ?top-n-sigma -> top-k -> ?typical -> top-p -> min-p -> ?xtc -> temp-ext -> dist 
slot launch_slot_: id  1 | task 6912 | processing task, is_child = 0
slot slot_save_an: id  2 | task -1 | saving idle slot to prompt cache
srv   prompt_save:  - saving prompt with length 107, total state size = 1.256 MiB
slot prompt_clear: id  2 | task -1 | clearing prompt with 107 tokens
srv        update:  - cache state: 54 prompts, 104.488 MiB (limits: 8192.000 MiB, 4096 tokens, 698164 est)
srv        update:    - prompt 0x28c0e20:     105 tokens, checkpoints:  0,     1.232 MiB
srv        update:    - prompt 0x28c7080:     106 tokens, checkpoints:  0,     1.244 MiB
srv        update:    - prompt 0x28d3a10:     105 tokens, checkpoints:  0,     1.232 MiB
srv        update:    - prompt 0x28c1e20:     106 tokens, checkpoints:  0,     1.244 MiB
srv        update:    - prompt 0x3d8f9b0:     104 tokens, checkpoints:  0,     1.221 MiB
srv        update:    - prompt 0x28c94c0:     109 tokens, checkpoints:  0,     1.279 MiB
srv        update:    - prompt 0xf90860:     115 tokens, checkpoints:  0,     1.350 MiB
srv        update:    - prompt 0x28ce680:     110 tokens, checkpoints:  0,     1.291 MiB
srv        update:    - prompt 0x28ba4f0:     112 tokens, checkpoints:  0,     1.314 MiB
srv        update:    - prompt 0x28dd340:     107 tokens, checkpoints:  0,     1.256 MiB
srv        update:    - prompt 0x28d1e50:     107 tokens, checkpoints:  0,     1.256 MiB
srv        update:    - prompt 0x28c0600:     107 tokens, checkpoints:  0,     1.256 MiB
srv        update:    - prompt 0x28c6e80:     118 tokens, checkpoints:  0,     1.385 MiB
srv        update:    - prompt 0x28cd710:     122 tokens, checkpoints:  0,     1.432 MiB
srv        update:    - prompt 0x28cfbb0:     130 tokens, checkpoints:  0,     1.525 MiB
srv        update:    - prompt 0x28c6380:     131 tokens, checkpoints:  0,     1.537 MiB
srv        update:    - prompt 0x28c9fe0:     129 tokens, checkpoints:  0,     1.514 MiB
srv        update:    - prompt 0x28bac10:     106 tokens, checkpoints:  0,     1.244 MiB
srv        update:    - prompt 0x28b68d0:     104 tokens, checkpoints:  0,     1.221 MiB
srv        update:    - prompt 0x4a2fdc0:     109 tokens, checkpoints:  0,     1.279 MiB
srv        update:    - prompt 0x28cdbb0:     115 tokens, checkpoints:  0,     1.350 MiB
srv        update:    - prompt 0x28ec330:     110 tokens, checkpoints:  0,     1.291 MiB
srv        update:    - prompt 0xee5330:     112 tokens, checkpoints:  0,     1.314 MiB
srv        update:    - prompt 0xf12130:     107 tokens, checkpoints:  0,     1.256 MiB
srv        update:    - prompt 0x28b8f70:     107 tokens, checkpoints:  0,     1.256 MiB
srv        update:    - prompt 0x28d3cf0:     107 tokens, checkpoints:  0,     1.256 MiB
srv        update:    - prompt 0x4a227b0:      35 tokens, checkpoints:  0,     0.411 MiB
srv        update:    - prompt 0x4a298e0:     118 tokens, checkpoints:  0,     1.385 MiB
srv        update:    - prompt 0x28bfbb0:     122 tokens, checkpoints:  0,     1.432 MiB
srv        update:    - prompt 0x2911090:     164 tokens, checkpoints:  0,     1.924 MiB
srv        update:    - prompt 0xf0e970:     130 tokens, checkpoints:  0,     1.525 MiB
srv        update:    - prompt 0xf8fa50:     134 tokens, checkpoints:  0,     1.572 MiB
srv        update:    - prompt 0x28e67e0:     131 tokens, checkpoints:  0,     1.537 MiB
srv        update:    - prompt 0x28d4ac0:     145 tokens, checkpoints:  0,     1.701 MiB
srv        update:    - prompt 0xf0c310:     129 tokens, checkpoints:  0,     1.514 MiB
srv        update:    - prompt 0x28b6d20:     135 tokens, checkpoints:  0,     1.584 MiB
srv        update:    - prompt 0x28cfc50:     135 tokens, checkpoints:  0,     1.584 MiB
srv        update:    - prompt 0x28c3290:     242 tokens, checkpoints:  0,     2.839 MiB
srv        update:    - prompt 0x28b9ba0:     324 tokens, checkpoints:  0,     3.801 MiB
srv        update:    - prompt 0xffff00004cf0:     362 tokens, checkpoints:  0,     4.247 MiB
srv        update:    - prompt 0xeec0d0:     424 tokens, checkpoints:  0,     4.974 MiB
srv        update:    - prompt 0x28ce470:     408 tokens, checkpoints:  0,     4.786 MiB
srv        update:    - prompt 0x28b9010:     411 tokens, checkpoints:  0,     4.822 MiB
srv        update:    - prompt 0x4a25680:     417 tokens, checkpoints:  0,     4.892 MiB
srv        update:    - prompt 0x4a293c0:     416 tokens, checkpoints:  0,     4.880 MiB
srv        update:    - prompt 0x28e40e0:     430 tokens, checkpoints:  0,     5.045 MiB
srv        update:    - prompt 0xffff3c002440:     430 tokens, checkpoints:  0,     5.045 MiB
srv        update:    - prompt 0xffff48005c10:     106 tokens, checkpoints:  0,     1.244 MiB
srv        update:    - prompt 0xffff54004690:     104 tokens, checkpoints:  0,     1.221 MiB
srv        update:    - prompt 0x28cba50:     109 tokens, checkpoints:  0,     1.279 MiB
srv        update:    - prompt 0xf0bbe0:     115 tokens, checkpoints:  0,     1.350 MiB
srv        update:    - prompt 0x28cbe30:     110 tokens, checkpoints:  0,     1.291 MiB
srv        update:    - prompt 0x28ba5b0:     112 tokens, checkpoints:  0,     1.314 MiB
srv        update:    - prompt 0x28b3170:     107 tokens, checkpoints:  0,     1.256 MiB
slot update_slots: id  1 | task 6912 | new prompt, n_ctx_slot = 4096, n_keep = 0, task.n_tokens = 8
slot update_slots: id  1 | task 6912 | n_tokens = 0, memory_seq_rm [0, end)
slot init_sampler: id  1 | task 6912 | init sampler, took 0.01 ms, tokens: text = 8, total = 8
slot update_slots: id  1 | task 6912 | prompt processing done, n_tokens = 8, batch.n_tokens = 8
srv  log_server_r: done request: POST /completion 127.0.0.1 200
slot print_timing: id  1 | task 6912 | 
prompt eval time =     144.14 ms /     8 tokens (   18.02 ms per token,    55.50 tokens per second)
       eval time =    2562.97 ms /   100 tokens (   25.63 ms per token,    39.02 tokens per second)
      total time =    2707.11 ms /   108 tokens
slot      release: id  1 | task 6912 | stop processing: n_tokens = 107, truncated = 0
srv  update_slots: all slots are idle
slot get_availabl: id  0 | task -1 | selected slot by LRU, t_last = 36415089883
srv  get_availabl: updating prompt cache
srv          load:  - looking for better prompt, base f_keep = -1.000, sim = 0.000
srv        update:  - cache state: 54 prompts, 104.488 MiB (limits: 8192.000 MiB, 4096 tokens, 698164 est)
srv        update:    - prompt 0x28c0e20:     105 tokens, checkpoints:  0,     1.232 MiB
srv        update:    - prompt 0x28c7080:     106 tokens, checkpoints:  0,     1.244 MiB
srv        update:    - prompt 0x28d3a10:     105 tokens, checkpoints:  0,     1.232 MiB
srv        update:    - prompt 0x28c1e20:     106 tokens, checkpoints:  0,     1.244 MiB
srv        update:    - prompt 0x3d8f9b0:     104 tokens, checkpoints:  0,     1.221 MiB
srv        update:    - prompt 0x28c94c0:     109 tokens, checkpoints:  0,     1.279 MiB
srv        update:    - prompt 0xf90860:     115 tokens, checkpoints:  0,     1.350 MiB
srv        update:    - prompt 0x28ce680:     110 tokens, checkpoints:  0,     1.291 MiB
srv        update:    - prompt 0x28ba4f0:     112 tokens, checkpoints:  0,     1.314 MiB
srv        update:    - prompt 0x28dd340:     107 tokens, checkpoints:  0,     1.256 MiB
srv        update:    - prompt 0x28d1e50:     107 tokens, checkpoints:  0,     1.256 MiB
srv        update:    - prompt 0x28c0600:     107 tokens, checkpoints:  0,     1.256 MiB
srv        update:    - prompt 0x28c6e80:     118 tokens, checkpoints:  0,     1.385 MiB
srv        update:    - prompt 0x28cd710:     122 tokens, checkpoints:  0,     1.432 MiB
srv        update:    - prompt 0x28cfbb0:     130 tokens, checkpoints:  0,     1.525 MiB
srv        update:    - prompt 0x28c6380:     131 tokens, checkpoints:  0,     1.537 MiB
srv        update:    - prompt 0x28c9fe0:     129 tokens, checkpoints:  0,     1.514 MiB
srv        update:    - prompt 0x28bac10:     106 tokens, checkpoints:  0,     1.244 MiB
srv        update:    - prompt 0x28b68d0:     104 tokens, checkpoints:  0,     1.221 MiB
srv        update:    - prompt 0x4a2fdc0:     109 tokens, checkpoints:  0,     1.279 MiB
srv        update:    - prompt 0x28cdbb0:     115 tokens, checkpoints:  0,     1.350 MiB
srv        update:    - prompt 0x28ec330:     110 tokens, checkpoints:  0,     1.291 MiB
srv        update:    - prompt 0xee5330:     112 tokens, checkpoints:  0,     1.314 MiB
srv        update:    - prompt 0xf12130:     107 tokens, checkpoints:  0,     1.256 MiB
srv        update:    - prompt 0x28b8f70:     107 tokens, checkpoints:  0,     1.256 MiB
srv        update:    - prompt 0x28d3cf0:     107 tokens, checkpoints:  0,     1.256 MiB
srv        update:    - prompt 0x4a227b0:      35 tokens, checkpoints:  0,     0.411 MiB
srv        update:    - prompt 0x4a298e0:     118 tokens, checkpoints:  0,     1.385 MiB
srv        update:    - prompt 0x28bfbb0:     122 tokens, checkpoints:  0,     1.432 MiB
srv        update:    - prompt 0x2911090:     164 tokens, checkpoints:  0,     1.924 MiB
srv        update:    - prompt 0xf0e970:     130 tokens, checkpoints:  0,     1.525 MiB
srv        update:    - prompt 0xf8fa50:     134 tokens, checkpoints:  0,     1.572 MiB
srv        update:    - prompt 0x28e67e0:     131 tokens, checkpoints:  0,     1.537 MiB
srv        update:    - prompt 0x28d4ac0:     145 tokens, checkpoints:  0,     1.701 MiB
srv        update:    - prompt 0xf0c310:     129 tokens, checkpoints:  0,     1.514 MiB
srv        update:    - prompt 0x28b6d20:     135 tokens, checkpoints:  0,     1.584 MiB
srv        update:    - prompt 0x28cfc50:     135 tokens, checkpoints:  0,     1.584 MiB
srv        update:    - prompt 0x28c3290:     242 tokens, checkpoints:  0,     2.839 MiB
srv        update:    - prompt 0x28b9ba0:     324 tokens, checkpoints:  0,     3.801 MiB
srv        update:    - prompt 0xffff00004cf0:     362 tokens, checkpoints:  0,     4.247 MiB
srv        update:    - prompt 0xeec0d0:     424 tokens, checkpoints:  0,     4.974 MiB
srv        update:    - prompt 0x28ce470:     408 tokens, checkpoints:  0,     4.786 MiB
srv        update:    - prompt 0x28b9010:     411 tokens, checkpoints:  0,     4.822 MiB
srv        update:    - prompt 0x4a25680:     417 tokens, checkpoints:  0,     4.892 MiB
srv        update:    - prompt 0x4a293c0:     416 tokens, checkpoints:  0,     4.880 MiB
srv        update:    - prompt 0x28e40e0:     430 tokens, checkpoints:  0,     5.045 MiB
srv        update:    - prompt 0xffff3c002440:     430 tokens, checkpoints:  0,     5.045 MiB
srv        update:    - prompt 0xffff48005c10:     106 tokens, checkpoints:  0,     1.244 MiB
srv        update:    - prompt 0xffff54004690:     104 tokens, checkpoints:  0,     1.221 MiB
srv        update:    - prompt 0x28cba50:     109 tokens, checkpoints:  0,     1.279 MiB
srv        update:    - prompt 0xf0bbe0:     115 tokens, checkpoints:  0,     1.350 MiB
srv        update:    - prompt 0x28cbe30:     110 tokens, checkpoints:  0,     1.291 MiB
srv        update:    - prompt 0x28ba5b0:     112 tokens, checkpoints:  0,     1.314 MiB
srv        update:    - prompt 0x28b3170:     107 tokens, checkpoints:  0,     1.256 MiB
srv  get_availabl: prompt cache update took 0.17 ms
slot launch_slot_: id  0 | task -1 | sampler chain: logits -> ?penalties -> ?dry -> ?top-n-sigma -> top-k -> ?typical -> top-p -> min-p -> ?xtc -> temp-ext -> dist 
slot launch_slot_: id  0 | task 7013 | processing task, is_child = 0
slot slot_save_an: id  1 | task -1 | saving idle slot to prompt cache
srv   prompt_save:  - saving prompt with length 107, total state size = 1.256 MiB
slot prompt_clear: id  1 | task -1 | clearing prompt with 107 tokens
srv        update:  - cache state: 55 prompts, 105.744 MiB (limits: 8192.000 MiB, 4096 tokens, 698163 est)
srv        update:    - prompt 0x28c0e20:     105 tokens, checkpoints:  0,     1.232 MiB
srv        update:    - prompt 0x28c7080:     106 tokens, checkpoints:  0,     1.244 MiB
srv        update:    - prompt 0x28d3a10:     105 tokens, checkpoints:  0,     1.232 MiB
srv        update:    - prompt 0x28c1e20:     106 tokens, checkpoints:  0,     1.244 MiB
srv        update:    - prompt 0x3d8f9b0:     104 tokens, checkpoints:  0,     1.221 MiB
srv        update:    - prompt 0x28c94c0:     109 tokens, checkpoints:  0,     1.279 MiB
srv        update:    - prompt 0xf90860:     115 tokens, checkpoints:  0,     1.350 MiB
srv        update:    - prompt 0x28ce680:     110 tokens, checkpoints:  0,     1.291 MiB
srv        update:    - prompt 0x28ba4f0:     112 tokens, checkpoints:  0,     1.314 MiB
srv        update:    - prompt 0x28dd340:     107 tokens, checkpoints:  0,     1.256 MiB
srv        update:    - prompt 0x28d1e50:     107 tokens, checkpoints:  0,     1.256 MiB
srv        update:    - prompt 0x28c0600:     107 tokens, checkpoints:  0,     1.256 MiB
srv        update:    - prompt 0x28c6e80:     118 tokens, checkpoints:  0,     1.385 MiB
srv        update:    - prompt 0x28cd710:     122 tokens, checkpoints:  0,     1.432 MiB
srv        update:    - prompt 0x28cfbb0:     130 tokens, checkpoints:  0,     1.525 MiB
srv        update:    - prompt 0x28c6380:     131 tokens, checkpoints:  0,     1.537 MiB
srv        update:    - prompt 0x28c9fe0:     129 tokens, checkpoints:  0,     1.514 MiB
srv        update:    - prompt 0x28bac10:     106 tokens, checkpoints:  0,     1.244 MiB
srv        update:    - prompt 0x28b68d0:     104 tokens, checkpoints:  0,     1.221 MiB
srv        update:    - prompt 0x4a2fdc0:     109 tokens, checkpoints:  0,     1.279 MiB
srv        update:    - prompt 0x28cdbb0:     115 tokens, checkpoints:  0,     1.350 MiB
srv        update:    - prompt 0x28ec330:     110 tokens, checkpoints:  0,     1.291 MiB
srv        update:    - prompt 0xee5330:     112 tokens, checkpoints:  0,     1.314 MiB
srv        update:    - prompt 0xf12130:     107 tokens, checkpoints:  0,     1.256 MiB
srv        update:    - prompt 0x28b8f70:     107 tokens, checkpoints:  0,     1.256 MiB
srv        update:    - prompt 0x28d3cf0:     107 tokens, checkpoints:  0,     1.256 MiB
srv        update:    - prompt 0x4a227b0:      35 tokens, checkpoints:  0,     0.411 MiB
srv        update:    - prompt 0x4a298e0:     118 tokens, checkpoints:  0,     1.385 MiB
srv        update:    - prompt 0x28bfbb0:     122 tokens, checkpoints:  0,     1.432 MiB
srv        update:    - prompt 0x2911090:     164 tokens, checkpoints:  0,     1.924 MiB
srv        update:    - prompt 0xf0e970:     130 tokens, checkpoints:  0,     1.525 MiB
srv        update:    - prompt 0xf8fa50:     134 tokens, checkpoints:  0,     1.572 MiB
srv        update:    - prompt 0x28e67e0:     131 tokens, checkpoints:  0,     1.537 MiB
srv        update:    - prompt 0x28d4ac0:     145 tokens, checkpoints:  0,     1.701 MiB
srv        update:    - prompt 0xf0c310:     129 tokens, checkpoints:  0,     1.514 MiB
srv        update:    - prompt 0x28b6d20:     135 tokens, checkpoints:  0,     1.584 MiB
srv        update:    - prompt 0x28cfc50:     135 tokens, checkpoints:  0,     1.584 MiB
srv        update:    - prompt 0x28c3290:     242 tokens, checkpoints:  0,     2.839 MiB
srv        update:    - prompt 0x28b9ba0:     324 tokens, checkpoints:  0,     3.801 MiB
srv        update:    - prompt 0xffff00004cf0:     362 tokens, checkpoints:  0,     4.247 MiB
srv        update:    - prompt 0xeec0d0:     424 tokens, checkpoints:  0,     4.974 MiB
srv        update:    - prompt 0x28ce470:     408 tokens, checkpoints:  0,     4.786 MiB
srv        update:    - prompt 0x28b9010:     411 tokens, checkpoints:  0,     4.822 MiB
srv        update:    - prompt 0x4a25680:     417 tokens, checkpoints:  0,     4.892 MiB
srv        update:    - prompt 0x4a293c0:     416 tokens, checkpoints:  0,     4.880 MiB
srv        update:    - prompt 0x28e40e0:     430 tokens, checkpoints:  0,     5.045 MiB
srv        update:    - prompt 0xffff3c002440:     430 tokens, checkpoints:  0,     5.045 MiB
srv        update:    - prompt 0xffff48005c10:     106 tokens, checkpoints:  0,     1.244 MiB
srv        update:    - prompt 0xffff54004690:     104 tokens, checkpoints:  0,     1.221 MiB
srv        update:    - prompt 0x28cba50:     109 tokens, checkpoints:  0,     1.279 MiB
srv        update:    - prompt 0xf0bbe0:     115 tokens, checkpoints:  0,     1.350 MiB
srv        update:    - prompt 0x28cbe30:     110 tokens, checkpoints:  0,     1.291 MiB
srv        update:    - prompt 0x28ba5b0:     112 tokens, checkpoints:  0,     1.314 MiB
srv        update:    - prompt 0x28b3170:     107 tokens, checkpoints:  0,     1.256 MiB
srv        update:    - prompt 0x28b6970:     107 tokens, checkpoints:  0,     1.256 MiB
slot update_slots: id  0 | task 7013 | new prompt, n_ctx_slot = 4096, n_keep = 0, task.n_tokens = 8
slot update_slots: id  0 | task 7013 | n_tokens = 0, memory_seq_rm [0, end)
slot init_sampler: id  0 | task 7013 | init sampler, took 0.01 ms, tokens: text = 8, total = 8
slot update_slots: id  0 | task 7013 | prompt processing done, n_tokens = 8, batch.n_tokens = 8
srv  log_server_r: done request: POST /completion 127.0.0.1 200
slot print_timing: id  0 | task 7013 | 
prompt eval time =     143.90 ms /     8 tokens (   17.99 ms per token,    55.59 tokens per second)
       eval time =    2561.90 ms /   100 tokens (   25.62 ms per token,    39.03 tokens per second)
      total time =    2705.80 ms /   108 tokens
slot      release: id  0 | task 7013 | stop processing: n_tokens = 107, truncated = 0
srv  update_slots: all slots are idle
slot get_availabl: id  3 | task -1 | selected slot by LRU, t_last = 36418467497
srv  get_availabl: updating prompt cache
srv          load:  - looking for better prompt, base f_keep = -1.000, sim = 0.000
srv          load:  - found better prompt with f_keep = 0.314, sim = 1.000
srv        update:  - cache state: 54 prompts, 105.332 MiB (limits: 8192.000 MiB, 4096 tokens, 698166 est)
srv        update:    - prompt 0x28c0e20:     105 tokens, checkpoints:  0,     1.232 MiB
srv        update:    - prompt 0x28c7080:     106 tokens, checkpoints:  0,     1.244 MiB
srv        update:    - prompt 0x28d3a10:     105 tokens, checkpoints:  0,     1.232 MiB
srv        update:    - prompt 0x28c1e20:     106 tokens, checkpoints:  0,     1.244 MiB
srv        update:    - prompt 0x3d8f9b0:     104 tokens, checkpoints:  0,     1.221 MiB
srv        update:    - prompt 0x28c94c0:     109 tokens, checkpoints:  0,     1.279 MiB
srv        update:    - prompt 0xf90860:     115 tokens, checkpoints:  0,     1.350 MiB
srv        update:    - prompt 0x28ce680:     110 tokens, checkpoints:  0,     1.291 MiB
srv        update:    - prompt 0x28ba4f0:     112 tokens, checkpoints:  0,     1.314 MiB
srv        update:    - prompt 0x28dd340:     107 tokens, checkpoints:  0,     1.256 MiB
srv        update:    - prompt 0x28d1e50:     107 tokens, checkpoints:  0,     1.256 MiB
srv        update:    - prompt 0x28c0600:     107 tokens, checkpoints:  0,     1.256 MiB
srv        update:    - prompt 0x28c6e80:     118 tokens, checkpoints:  0,     1.385 MiB
srv        update:    - prompt 0x28cd710:     122 tokens, checkpoints:  0,     1.432 MiB
srv        update:    - prompt 0x28cfbb0:     130 tokens, checkpoints:  0,     1.525 MiB
srv        update:    - prompt 0x28c6380:     131 tokens, checkpoints:  0,     1.537 MiB
srv        update:    - prompt 0x28c9fe0:     129 tokens, checkpoints:  0,     1.514 MiB
srv        update:    - prompt 0x28bac10:     106 tokens, checkpoints:  0,     1.244 MiB
srv        update:    - prompt 0x28b68d0:     104 tokens, checkpoints:  0,     1.221 MiB
srv        update:    - prompt 0x4a2fdc0:     109 tokens, checkpoints:  0,     1.279 MiB
srv        update:    - prompt 0x28cdbb0:     115 tokens, checkpoints:  0,     1.350 MiB
srv        update:    - prompt 0x28ec330:     110 tokens, checkpoints:  0,     1.291 MiB
srv        update:    - prompt 0xee5330:     112 tokens, checkpoints:  0,     1.314 MiB
srv        update:    - prompt 0xf12130:     107 tokens, checkpoints:  0,     1.256 MiB
srv        update:    - prompt 0x28b8f70:     107 tokens, checkpoints:  0,     1.256 MiB
srv        update:    - prompt 0x28d3cf0:     107 tokens, checkpoints:  0,     1.256 MiB
srv        update:    - prompt 0x4a298e0:     118 tokens, checkpoints:  0,     1.385 MiB
srv        update:    - prompt 0x28bfbb0:     122 tokens, checkpoints:  0,     1.432 MiB
srv        update:    - prompt 0x2911090:     164 tokens, checkpoints:  0,     1.924 MiB
srv        update:    - prompt 0xf0e970:     130 tokens, checkpoints:  0,     1.525 MiB
srv        update:    - prompt 0xf8fa50:     134 tokens, checkpoints:  0,     1.572 MiB
srv        update:    - prompt 0x28e67e0:     131 tokens, checkpoints:  0,     1.537 MiB
srv        update:    - prompt 0x28d4ac0:     145 tokens, checkpoints:  0,     1.701 MiB
srv        update:    - prompt 0xf0c310:     129 tokens, checkpoints:  0,     1.514 MiB
srv        update:    - prompt 0x28b6d20:     135 tokens, checkpoints:  0,     1.584 MiB
srv        update:    - prompt 0x28cfc50:     135 tokens, checkpoints:  0,     1.584 MiB
srv        update:    - prompt 0x28c3290:     242 tokens, checkpoints:  0,     2.839 MiB
srv        update:    - prompt 0x28b9ba0:     324 tokens, checkpoints:  0,     3.801 MiB
srv        update:    - prompt 0xffff00004cf0:     362 tokens, checkpoints:  0,     4.247 MiB
srv        update:    - prompt 0xeec0d0:     424 tokens, checkpoints:  0,     4.974 MiB
srv        update:    - prompt 0x28ce470:     408 tokens, checkpoints:  0,     4.786 MiB
srv        update:    - prompt 0x28b9010:     411 tokens, checkpoints:  0,     4.822 MiB
srv        update:    - prompt 0x4a25680:     417 tokens, checkpoints:  0,     4.892 MiB
srv        update:    - prompt 0x4a293c0:     416 tokens, checkpoints:  0,     4.880 MiB
srv        update:    - prompt 0x28e40e0:     430 tokens, checkpoints:  0,     5.045 MiB
srv        update:    - prompt 0xffff3c002440:     430 tokens, checkpoints:  0,     5.045 MiB
srv        update:    - prompt 0xffff48005c10:     106 tokens, checkpoints:  0,     1.244 MiB
srv        update:    - prompt 0xffff54004690:     104 tokens, checkpoints:  0,     1.221 MiB
srv        update:    - prompt 0x28cba50:     109 tokens, checkpoints:  0,     1.279 MiB
srv        update:    - prompt 0xf0bbe0:     115 tokens, checkpoints:  0,     1.350 MiB
srv        update:    - prompt 0x28cbe30:     110 tokens, checkpoints:  0,     1.291 MiB
srv        update:    - prompt 0x28ba5b0:     112 tokens, checkpoints:  0,     1.314 MiB
srv        update:    - prompt 0x28b3170:     107 tokens, checkpoints:  0,     1.256 MiB
srv        update:    - prompt 0x28b6970:     107 tokens, checkpoints:  0,     1.256 MiB
srv  get_availabl: prompt cache update took 0.49 ms
slot launch_slot_: id  3 | task -1 | sampler chain: logits -> ?penalties -> ?dry -> ?top-n-sigma -> top-k -> ?typical -> top-p -> min-p -> ?xtc -> temp-ext -> dist 
slot launch_slot_: id  3 | task 7114 | processing task, is_child = 0
slot slot_save_an: id  0 | task -1 | saving idle slot to prompt cache
srv   prompt_save:  - saving prompt with length 107, total state size = 1.256 MiB
slot prompt_clear: id  0 | task -1 | clearing prompt with 107 tokens
srv        update:  - cache state: 55 prompts, 106.588 MiB (limits: 8192.000 MiB, 4096 tokens, 698165 est)
srv        update:    - prompt 0x28c0e20:     105 tokens, checkpoints:  0,     1.232 MiB
srv        update:    - prompt 0x28c7080:     106 tokens, checkpoints:  0,     1.244 MiB
srv        update:    - prompt 0x28d3a10:     105 tokens, checkpoints:  0,     1.232 MiB
srv        update:    - prompt 0x28c1e20:     106 tokens, checkpoints:  0,     1.244 MiB
srv        update:    - prompt 0x3d8f9b0:     104 tokens, checkpoints:  0,     1.221 MiB
srv        update:    - prompt 0x28c94c0:     109 tokens, checkpoints:  0,     1.279 MiB
srv        update:    - prompt 0xf90860:     115 tokens, checkpoints:  0,     1.350 MiB
srv        update:    - prompt 0x28ce680:     110 tokens, checkpoints:  0,     1.291 MiB
srv        update:    - prompt 0x28ba4f0:     112 tokens, checkpoints:  0,     1.314 MiB
srv        update:    - prompt 0x28dd340:     107 tokens, checkpoints:  0,     1.256 MiB
srv        update:    - prompt 0x28d1e50:     107 tokens, checkpoints:  0,     1.256 MiB
srv        update:    - prompt 0x28c0600:     107 tokens, checkpoints:  0,     1.256 MiB
srv        update:    - prompt 0x28c6e80:     118 tokens, checkpoints:  0,     1.385 MiB
srv        update:    - prompt 0x28cd710:     122 tokens, checkpoints:  0,     1.432 MiB
srv        update:    - prompt 0x28cfbb0:     130 tokens, checkpoints:  0,     1.525 MiB
srv        update:    - prompt 0x28c6380:     131 tokens, checkpoints:  0,     1.537 MiB
srv        update:    - prompt 0x28c9fe0:     129 tokens, checkpoints:  0,     1.514 MiB
srv        update:    - prompt 0x28bac10:     106 tokens, checkpoints:  0,     1.244 MiB
srv        update:    - prompt 0x28b68d0:     104 tokens, checkpoints:  0,     1.221 MiB
srv        update:    - prompt 0x4a2fdc0:     109 tokens, checkpoints:  0,     1.279 MiB
srv        update:    - prompt 0x28cdbb0:     115 tokens, checkpoints:  0,     1.350 MiB
srv        update:    - prompt 0x28ec330:     110 tokens, checkpoints:  0,     1.291 MiB
srv        update:    - prompt 0xee5330:     112 tokens, checkpoints:  0,     1.314 MiB
srv        update:    - prompt 0xf12130:     107 tokens, checkpoints:  0,     1.256 MiB
srv        update:    - prompt 0x28b8f70:     107 tokens, checkpoints:  0,     1.256 MiB
srv        update:    - prompt 0x28d3cf0:     107 tokens, checkpoints:  0,     1.256 MiB
srv        update:    - prompt 0x4a298e0:     118 tokens, checkpoints:  0,     1.385 MiB
srv        update:    - prompt 0x28bfbb0:     122 tokens, checkpoints:  0,     1.432 MiB
srv        update:    - prompt 0x2911090:     164 tokens, checkpoints:  0,     1.924 MiB
srv        update:    - prompt 0xf0e970:     130 tokens, checkpoints:  0,     1.525 MiB
srv        update:    - prompt 0xf8fa50:     134 tokens, checkpoints:  0,     1.572 MiB
srv        update:    - prompt 0x28e67e0:     131 tokens, checkpoints:  0,     1.537 MiB
srv        update:    - prompt 0x28d4ac0:     145 tokens, checkpoints:  0,     1.701 MiB
srv        update:    - prompt 0xf0c310:     129 tokens, checkpoints:  0,     1.514 MiB
srv        update:    - prompt 0x28b6d20:     135 tokens, checkpoints:  0,     1.584 MiB
srv        update:    - prompt 0x28cfc50:     135 tokens, checkpoints:  0,     1.584 MiB
srv        update:    - prompt 0x28c3290:     242 tokens, checkpoints:  0,     2.839 MiB
srv        update:    - prompt 0x28b9ba0:     324 tokens, checkpoints:  0,     3.801 MiB
srv        update:    - prompt 0xffff00004cf0:     362 tokens, checkpoints:  0,     4.247 MiB
srv        update:    - prompt 0xeec0d0:     424 tokens, checkpoints:  0,     4.974 MiB
srv        update:    - prompt 0x28ce470:     408 tokens, checkpoints:  0,     4.786 MiB
srv        update:    - prompt 0x28b9010:     411 tokens, checkpoints:  0,     4.822 MiB
srv        update:    - prompt 0x4a25680:     417 tokens, checkpoints:  0,     4.892 MiB
srv        update:    - prompt 0x4a293c0:     416 tokens, checkpoints:  0,     4.880 MiB
srv        update:    - prompt 0x28e40e0:     430 tokens, checkpoints:  0,     5.045 MiB
srv        update:    - prompt 0xffff3c002440:     430 tokens, checkpoints:  0,     5.045 MiB
srv        update:    - prompt 0xffff48005c10:     106 tokens, checkpoints:  0,     1.244 MiB
srv        update:    - prompt 0xffff54004690:     104 tokens, checkpoints:  0,     1.221 MiB
srv        update:    - prompt 0x28cba50:     109 tokens, checkpoints:  0,     1.279 MiB
srv        update:    - prompt 0xf0bbe0:     115 tokens, checkpoints:  0,     1.350 MiB
srv        update:    - prompt 0x28cbe30:     110 tokens, checkpoints:  0,     1.291 MiB
srv        update:    - prompt 0x28ba5b0:     112 tokens, checkpoints:  0,     1.314 MiB
srv        update:    - prompt 0x28b3170:     107 tokens, checkpoints:  0,     1.256 MiB
srv        update:    - prompt 0x28b6970:     107 tokens, checkpoints:  0,     1.256 MiB
srv        update:    - prompt 0x4a227b0:     107 tokens, checkpoints:  0,     1.256 MiB
slot update_slots: id  3 | task 7114 | new prompt, n_ctx_slot = 4096, n_keep = 0, task.n_tokens = 11
slot update_slots: id  3 | task 7114 | need to evaluate at least 1 token for each active slot (n_past = 11, task.n_tokens() = 11)
slot update_slots: id  3 | task 7114 | n_past was set to 10
slot update_slots: id  3 | task 7114 | n_tokens = 10, memory_seq_rm [10, end)
slot init_sampler: id  3 | task 7114 | init sampler, took 0.01 ms, tokens: text = 11, total = 11
slot update_slots: id  3 | task 7114 | prompt processing done, n_tokens = 11, batch.n_tokens = 1
srv  log_server_r: done request: POST /completion 127.0.0.1 200
slot print_timing: id  3 | task 7114 | 
prompt eval time =      26.15 ms /     1 tokens (   26.15 ms per token,    38.24 tokens per second)
       eval time =    2560.10 ms /   100 tokens (   25.60 ms per token,    39.06 tokens per second)
      total time =    2586.25 ms /   101 tokens
slot      release: id  3 | task 7114 | stop processing: n_tokens = 110, truncated = 0
srv  update_slots: all slots are idle
slot get_availabl: id  2 | task -1 | selected slot by LRU, t_last = 36421761568
srv  get_availabl: updating prompt cache
srv          load:  - looking for better prompt, base f_keep = -1.000, sim = 0.000
srv        update:  - cache state: 55 prompts, 106.588 MiB (limits: 8192.000 MiB, 4096 tokens, 698165 est)
srv        update:    - prompt 0x28c0e20:     105 tokens, checkpoints:  0,     1.232 MiB
srv        update:    - prompt 0x28c7080:     106 tokens, checkpoints:  0,     1.244 MiB
srv        update:    - prompt 0x28d3a10:     105 tokens, checkpoints:  0,     1.232 MiB
srv        update:    - prompt 0x28c1e20:     106 tokens, checkpoints:  0,     1.244 MiB
srv        update:    - prompt 0x3d8f9b0:     104 tokens, checkpoints:  0,     1.221 MiB
srv        update:    - prompt 0x28c94c0:     109 tokens, checkpoints:  0,     1.279 MiB
srv        update:    - prompt 0xf90860:     115 tokens, checkpoints:  0,     1.350 MiB
srv        update:    - prompt 0x28ce680:     110 tokens, checkpoints:  0,     1.291 MiB
srv        update:    - prompt 0x28ba4f0:     112 tokens, checkpoints:  0,     1.314 MiB
srv        update:    - prompt 0x28dd340:     107 tokens, checkpoints:  0,     1.256 MiB
srv        update:    - prompt 0x28d1e50:     107 tokens, checkpoints:  0,     1.256 MiB
srv        update:    - prompt 0x28c0600:     107 tokens, checkpoints:  0,     1.256 MiB
srv        update:    - prompt 0x28c6e80:     118 tokens, checkpoints:  0,     1.385 MiB
srv        update:    - prompt 0x28cd710:     122 tokens, checkpoints:  0,     1.432 MiB
srv        update:    - prompt 0x28cfbb0:     130 tokens, checkpoints:  0,     1.525 MiB
srv        update:    - prompt 0x28c6380:     131 tokens, checkpoints:  0,     1.537 MiB
srv        update:    - prompt 0x28c9fe0:     129 tokens, checkpoints:  0,     1.514 MiB
srv        update:    - prompt 0x28bac10:     106 tokens, checkpoints:  0,     1.244 MiB
srv        update:    - prompt 0x28b68d0:     104 tokens, checkpoints:  0,     1.221 MiB
srv        update:    - prompt 0x4a2fdc0:     109 tokens, checkpoints:  0,     1.279 MiB
srv        update:    - prompt 0x28cdbb0:     115 tokens, checkpoints:  0,     1.350 MiB
srv        update:    - prompt 0x28ec330:     110 tokens, checkpoints:  0,     1.291 MiB
srv        update:    - prompt 0xee5330:     112 tokens, checkpoints:  0,     1.314 MiB
srv        update:    - prompt 0xf12130:     107 tokens, checkpoints:  0,     1.256 MiB
srv        update:    - prompt 0x28b8f70:     107 tokens, checkpoints:  0,     1.256 MiB
srv        update:    - prompt 0x28d3cf0:     107 tokens, checkpoints:  0,     1.256 MiB
srv        update:    - prompt 0x4a298e0:     118 tokens, checkpoints:  0,     1.385 MiB
srv        update:    - prompt 0x28bfbb0:     122 tokens, checkpoints:  0,     1.432 MiB
srv        update:    - prompt 0x2911090:     164 tokens, checkpoints:  0,     1.924 MiB
srv        update:    - prompt 0xf0e970:     130 tokens, checkpoints:  0,     1.525 MiB
srv        update:    - prompt 0xf8fa50:     134 tokens, checkpoints:  0,     1.572 MiB
srv        update:    - prompt 0x28e67e0:     131 tokens, checkpoints:  0,     1.537 MiB
srv        update:    - prompt 0x28d4ac0:     145 tokens, checkpoints:  0,     1.701 MiB
srv        update:    - prompt 0xf0c310:     129 tokens, checkpoints:  0,     1.514 MiB
srv        update:    - prompt 0x28b6d20:     135 tokens, checkpoints:  0,     1.584 MiB
srv        update:    - prompt 0x28cfc50:     135 tokens, checkpoints:  0,     1.584 MiB
srv        update:    - prompt 0x28c3290:     242 tokens, checkpoints:  0,     2.839 MiB
srv        update:    - prompt 0x28b9ba0:     324 tokens, checkpoints:  0,     3.801 MiB
srv        update:    - prompt 0xffff00004cf0:     362 tokens, checkpoints:  0,     4.247 MiB
srv        update:    - prompt 0xeec0d0:     424 tokens, checkpoints:  0,     4.974 MiB
srv        update:    - prompt 0x28ce470:     408 tokens, checkpoints:  0,     4.786 MiB
srv        update:    - prompt 0x28b9010:     411 tokens, checkpoints:  0,     4.822 MiB
srv        update:    - prompt 0x4a25680:     417 tokens, checkpoints:  0,     4.892 MiB
srv        update:    - prompt 0x4a293c0:     416 tokens, checkpoints:  0,     4.880 MiB
srv        update:    - prompt 0x28e40e0:     430 tokens, checkpoints:  0,     5.045 MiB
srv        update:    - prompt 0xffff3c002440:     430 tokens, checkpoints:  0,     5.045 MiB
srv        update:    - prompt 0xffff48005c10:     106 tokens, checkpoints:  0,     1.244 MiB
srv        update:    - prompt 0xffff54004690:     104 tokens, checkpoints:  0,     1.221 MiB
srv        update:    - prompt 0x28cba50:     109 tokens, checkpoints:  0,     1.279 MiB
srv        update:    - prompt 0xf0bbe0:     115 tokens, checkpoints:  0,     1.350 MiB
srv        update:    - prompt 0x28cbe30:     110 tokens, checkpoints:  0,     1.291 MiB
srv        update:    - prompt 0x28ba5b0:     112 tokens, checkpoints:  0,     1.314 MiB
srv        update:    - prompt 0x28b3170:     107 tokens, checkpoints:  0,     1.256 MiB
srv        update:    - prompt 0x28b6970:     107 tokens, checkpoints:  0,     1.256 MiB
srv        update:    - prompt 0x4a227b0:     107 tokens, checkpoints:  0,     1.256 MiB
srv  get_availabl: prompt cache update took 0.18 ms
slot launch_slot_: id  2 | task -1 | sampler chain: logits -> ?penalties -> ?dry -> ?top-n-sigma -> top-k -> ?typical -> top-p -> min-p -> ?xtc -> temp-ext -> dist 
slot launch_slot_: id  2 | task 7215 | processing task, is_child = 0
slot slot_save_an: id  3 | task -1 | saving idle slot to prompt cache
srv   prompt_save:  - saving prompt with length 110, total state size = 1.291 MiB
slot prompt_clear: id  3 | task -1 | clearing prompt with 110 tokens
srv        update:  - cache state: 56 prompts, 107.879 MiB (limits: 8192.000 MiB, 4096 tokens, 698164 est)
srv        update:    - prompt 0x28c0e20:     105 tokens, checkpoints:  0,     1.232 MiB
srv        update:    - prompt 0x28c7080:     106 tokens, checkpoints:  0,     1.244 MiB
srv        update:    - prompt 0x28d3a10:     105 tokens, checkpoints:  0,     1.232 MiB
srv        update:    - prompt 0x28c1e20:     106 tokens, checkpoints:  0,     1.244 MiB
srv        update:    - prompt 0x3d8f9b0:     104 tokens, checkpoints:  0,     1.221 MiB
srv        update:    - prompt 0x28c94c0:     109 tokens, checkpoints:  0,     1.279 MiB
srv        update:    - prompt 0xf90860:     115 tokens, checkpoints:  0,     1.350 MiB
srv        update:    - prompt 0x28ce680:     110 tokens, checkpoints:  0,     1.291 MiB
srv        update:    - prompt 0x28ba4f0:     112 tokens, checkpoints:  0,     1.314 MiB
srv        update:    - prompt 0x28dd340:     107 tokens, checkpoints:  0,     1.256 MiB
srv        update:    - prompt 0x28d1e50:     107 tokens, checkpoints:  0,     1.256 MiB
srv        update:    - prompt 0x28c0600:     107 tokens, checkpoints:  0,     1.256 MiB
srv        update:    - prompt 0x28c6e80:     118 tokens, checkpoints:  0,     1.385 MiB
srv        update:    - prompt 0x28cd710:     122 tokens, checkpoints:  0,     1.432 MiB
srv        update:    - prompt 0x28cfbb0:     130 tokens, checkpoints:  0,     1.525 MiB
srv        update:    - prompt 0x28c6380:     131 tokens, checkpoints:  0,     1.537 MiB
srv        update:    - prompt 0x28c9fe0:     129 tokens, checkpoints:  0,     1.514 MiB
srv        update:    - prompt 0x28bac10:     106 tokens, checkpoints:  0,     1.244 MiB
srv        update:    - prompt 0x28b68d0:     104 tokens, checkpoints:  0,     1.221 MiB
srv        update:    - prompt 0x4a2fdc0:     109 tokens, checkpoints:  0,     1.279 MiB
srv        update:    - prompt 0x28cdbb0:     115 tokens, checkpoints:  0,     1.350 MiB
srv        update:    - prompt 0x28ec330:     110 tokens, checkpoints:  0,     1.291 MiB
srv        update:    - prompt 0xee5330:     112 tokens, checkpoints:  0,     1.314 MiB
srv        update:    - prompt 0xf12130:     107 tokens, checkpoints:  0,     1.256 MiB
srv        update:    - prompt 0x28b8f70:     107 tokens, checkpoints:  0,     1.256 MiB
srv        update:    - prompt 0x28d3cf0:     107 tokens, checkpoints:  0,     1.256 MiB
srv        update:    - prompt 0x4a298e0:     118 tokens, checkpoints:  0,     1.385 MiB
srv        update:    - prompt 0x28bfbb0:     122 tokens, checkpoints:  0,     1.432 MiB
srv        update:    - prompt 0x2911090:     164 tokens, checkpoints:  0,     1.924 MiB
srv        update:    - prompt 0xf0e970:     130 tokens, checkpoints:  0,     1.525 MiB
srv        update:    - prompt 0xf8fa50:     134 tokens, checkpoints:  0,     1.572 MiB
srv        update:    - prompt 0x28e67e0:     131 tokens, checkpoints:  0,     1.537 MiB
srv        update:    - prompt 0x28d4ac0:     145 tokens, checkpoints:  0,     1.701 MiB
srv        update:    - prompt 0xf0c310:     129 tokens, checkpoints:  0,     1.514 MiB
srv        update:    - prompt 0x28b6d20:     135 tokens, checkpoints:  0,     1.584 MiB
srv        update:    - prompt 0x28cfc50:     135 tokens, checkpoints:  0,     1.584 MiB
srv        update:    - prompt 0x28c3290:     242 tokens, checkpoints:  0,     2.839 MiB
srv        update:    - prompt 0x28b9ba0:     324 tokens, checkpoints:  0,     3.801 MiB
srv        update:    - prompt 0xffff00004cf0:     362 tokens, checkpoints:  0,     4.247 MiB
srv        update:    - prompt 0xeec0d0:     424 tokens, checkpoints:  0,     4.974 MiB
srv        update:    - prompt 0x28ce470:     408 tokens, checkpoints:  0,     4.786 MiB
srv        update:    - prompt 0x28b9010:     411 tokens, checkpoints:  0,     4.822 MiB
srv        update:    - prompt 0x4a25680:     417 tokens, checkpoints:  0,     4.892 MiB
srv        update:    - prompt 0x4a293c0:     416 tokens, checkpoints:  0,     4.880 MiB
srv        update:    - prompt 0x28e40e0:     430 tokens, checkpoints:  0,     5.045 MiB
srv        update:    - prompt 0xffff3c002440:     430 tokens, checkpoints:  0,     5.045 MiB
srv        update:    - prompt 0xffff48005c10:     106 tokens, checkpoints:  0,     1.244 MiB
srv        update:    - prompt 0xffff54004690:     104 tokens, checkpoints:  0,     1.221 MiB
srv        update:    - prompt 0x28cba50:     109 tokens, checkpoints:  0,     1.279 MiB
srv        update:    - prompt 0xf0bbe0:     115 tokens, checkpoints:  0,     1.350 MiB
srv        update:    - prompt 0x28cbe30:     110 tokens, checkpoints:  0,     1.291 MiB
srv        update:    - prompt 0x28ba5b0:     112 tokens, checkpoints:  0,     1.314 MiB
srv        update:    - prompt 0x28b3170:     107 tokens, checkpoints:  0,     1.256 MiB
srv        update:    - prompt 0x28b6970:     107 tokens, checkpoints:  0,     1.256 MiB
srv        update:    - prompt 0x4a227b0:     107 tokens, checkpoints:  0,     1.256 MiB
srv        update:    - prompt 0x28db1f0:     110 tokens, checkpoints:  0,     1.291 MiB
slot update_slots: id  2 | task 7215 | new prompt, n_ctx_slot = 4096, n_keep = 0, task.n_tokens = 19
slot update_slots: id  2 | task 7215 | n_tokens = 0, memory_seq_rm [0, end)
slot init_sampler: id  2 | task 7215 | init sampler, took 0.01 ms, tokens: text = 19, total = 19
slot update_slots: id  2 | task 7215 | prompt processing done, n_tokens = 19, batch.n_tokens = 19
srv  log_server_r: done request: POST /completion 127.0.0.1 200
slot print_timing: id  2 | task 7215 | 
prompt eval time =     328.98 ms /    19 tokens (   17.31 ms per token,    57.75 tokens per second)
       eval time =    2567.53 ms /   100 tokens (   25.68 ms per token,    38.95 tokens per second)
      total time =    2896.51 ms /   119 tokens
slot      release: id  2 | task 7215 | stop processing: n_tokens = 118, truncated = 0
srv  update_slots: all slots are idle
slot get_availabl: id  1 | task -1 | selected slot by LRU, t_last = 36425056171
srv  get_availabl: updating prompt cache
srv          load:  - looking for better prompt, base f_keep = -1.000, sim = 0.000
srv        update:  - cache state: 56 prompts, 107.879 MiB (limits: 8192.000 MiB, 4096 tokens, 698164 est)
srv        update:    - prompt 0x28c0e20:     105 tokens, checkpoints:  0,     1.232 MiB
srv        update:    - prompt 0x28c7080:     106 tokens, checkpoints:  0,     1.244 MiB
srv        update:    - prompt 0x28d3a10:     105 tokens, checkpoints:  0,     1.232 MiB
srv        update:    - prompt 0x28c1e20:     106 tokens, checkpoints:  0,     1.244 MiB
srv        update:    - prompt 0x3d8f9b0:     104 tokens, checkpoints:  0,     1.221 MiB
srv        update:    - prompt 0x28c94c0:     109 tokens, checkpoints:  0,     1.279 MiB
srv        update:    - prompt 0xf90860:     115 tokens, checkpoints:  0,     1.350 MiB
srv        update:    - prompt 0x28ce680:     110 tokens, checkpoints:  0,     1.291 MiB
srv        update:    - prompt 0x28ba4f0:     112 tokens, checkpoints:  0,     1.314 MiB
srv        update:    - prompt 0x28dd340:     107 tokens, checkpoints:  0,     1.256 MiB
srv        update:    - prompt 0x28d1e50:     107 tokens, checkpoints:  0,     1.256 MiB
srv        update:    - prompt 0x28c0600:     107 tokens, checkpoints:  0,     1.256 MiB
srv        update:    - prompt 0x28c6e80:     118 tokens, checkpoints:  0,     1.385 MiB
srv        update:    - prompt 0x28cd710:     122 tokens, checkpoints:  0,     1.432 MiB
srv        update:    - prompt 0x28cfbb0:     130 tokens, checkpoints:  0,     1.525 MiB
srv        update:    - prompt 0x28c6380:     131 tokens, checkpoints:  0,     1.537 MiB
srv        update:    - prompt 0x28c9fe0:     129 tokens, checkpoints:  0,     1.514 MiB
srv        update:    - prompt 0x28bac10:     106 tokens, checkpoints:  0,     1.244 MiB
srv        update:    - prompt 0x28b68d0:     104 tokens, checkpoints:  0,     1.221 MiB
srv        update:    - prompt 0x4a2fdc0:     109 tokens, checkpoints:  0,     1.279 MiB
srv        update:    - prompt 0x28cdbb0:     115 tokens, checkpoints:  0,     1.350 MiB
srv        update:    - prompt 0x28ec330:     110 tokens, checkpoints:  0,     1.291 MiB
srv        update:    - prompt 0xee5330:     112 tokens, checkpoints:  0,     1.314 MiB
srv        update:    - prompt 0xf12130:     107 tokens, checkpoints:  0,     1.256 MiB
srv        update:    - prompt 0x28b8f70:     107 tokens, checkpoints:  0,     1.256 MiB
srv        update:    - prompt 0x28d3cf0:     107 tokens, checkpoints:  0,     1.256 MiB
srv        update:    - prompt 0x4a298e0:     118 tokens, checkpoints:  0,     1.385 MiB
srv        update:    - prompt 0x28bfbb0:     122 tokens, checkpoints:  0,     1.432 MiB
srv        update:    - prompt 0x2911090:     164 tokens, checkpoints:  0,     1.924 MiB
srv        update:    - prompt 0xf0e970:     130 tokens, checkpoints:  0,     1.525 MiB
srv        update:    - prompt 0xf8fa50:     134 tokens, checkpoints:  0,     1.572 MiB
srv        update:    - prompt 0x28e67e0:     131 tokens, checkpoints:  0,     1.537 MiB
srv        update:    - prompt 0x28d4ac0:     145 tokens, checkpoints:  0,     1.701 MiB
srv        update:    - prompt 0xf0c310:     129 tokens, checkpoints:  0,     1.514 MiB
srv        update:    - prompt 0x28b6d20:     135 tokens, checkpoints:  0,     1.584 MiB
srv        update:    - prompt 0x28cfc50:     135 tokens, checkpoints:  0,     1.584 MiB
srv        update:    - prompt 0x28c3290:     242 tokens, checkpoints:  0,     2.839 MiB
srv        update:    - prompt 0x28b9ba0:     324 tokens, checkpoints:  0,     3.801 MiB
srv        update:    - prompt 0xffff00004cf0:     362 tokens, checkpoints:  0,     4.247 MiB
srv        update:    - prompt 0xeec0d0:     424 tokens, checkpoints:  0,     4.974 MiB
srv        update:    - prompt 0x28ce470:     408 tokens, checkpoints:  0,     4.786 MiB
srv        update:    - prompt 0x28b9010:     411 tokens, checkpoints:  0,     4.822 MiB
srv        update:    - prompt 0x4a25680:     417 tokens, checkpoints:  0,     4.892 MiB
srv        update:    - prompt 0x4a293c0:     416 tokens, checkpoints:  0,     4.880 MiB
srv        update:    - prompt 0x28e40e0:     430 tokens, checkpoints:  0,     5.045 MiB
srv        update:    - prompt 0xffff3c002440:     430 tokens, checkpoints:  0,     5.045 MiB
srv        update:    - prompt 0xffff48005c10:     106 tokens, checkpoints:  0,     1.244 MiB
srv        update:    - prompt 0xffff54004690:     104 tokens, checkpoints:  0,     1.221 MiB
srv        update:    - prompt 0x28cba50:     109 tokens, checkpoints:  0,     1.279 MiB
srv        update:    - prompt 0xf0bbe0:     115 tokens, checkpoints:  0,     1.350 MiB
srv        update:    - prompt 0x28cbe30:     110 tokens, checkpoints:  0,     1.291 MiB
srv        update:    - prompt 0x28ba5b0:     112 tokens, checkpoints:  0,     1.314 MiB
srv        update:    - prompt 0x28b3170:     107 tokens, checkpoints:  0,     1.256 MiB
srv        update:    - prompt 0x28b6970:     107 tokens, checkpoints:  0,     1.256 MiB
srv        update:    - prompt 0x4a227b0:     107 tokens, checkpoints:  0,     1.256 MiB
srv        update:    - prompt 0x28db1f0:     110 tokens, checkpoints:  0,     1.291 MiB
srv  get_availabl: prompt cache update took 0.18 ms
slot launch_slot_: id  1 | task -1 | sampler chain: logits -> ?penalties -> ?dry -> ?top-n-sigma -> top-k -> ?typical -> top-p -> min-p -> ?xtc -> temp-ext -> dist 
slot launch_slot_: id  1 | task 7316 | processing task, is_child = 0
slot slot_save_an: id  2 | task -1 | saving idle slot to prompt cache
srv   prompt_save:  - saving prompt with length 118, total state size = 1.385 MiB
slot prompt_clear: id  2 | task -1 | clearing prompt with 118 tokens
srv        update:  - cache state: 57 prompts, 109.264 MiB (limits: 8192.000 MiB, 4096 tokens, 698162 est)
srv        update:    - prompt 0x28c0e20:     105 tokens, checkpoints:  0,     1.232 MiB
srv        update:    - prompt 0x28c7080:     106 tokens, checkpoints:  0,     1.244 MiB
srv        update:    - prompt 0x28d3a10:     105 tokens, checkpoints:  0,     1.232 MiB
srv        update:    - prompt 0x28c1e20:     106 tokens, checkpoints:  0,     1.244 MiB
srv        update:    - prompt 0x3d8f9b0:     104 tokens, checkpoints:  0,     1.221 MiB
srv        update:    - prompt 0x28c94c0:     109 tokens, checkpoints:  0,     1.279 MiB
srv        update:    - prompt 0xf90860:     115 tokens, checkpoints:  0,     1.350 MiB
srv        update:    - prompt 0x28ce680:     110 tokens, checkpoints:  0,     1.291 MiB
srv        update:    - prompt 0x28ba4f0:     112 tokens, checkpoints:  0,     1.314 MiB
srv        update:    - prompt 0x28dd340:     107 tokens, checkpoints:  0,     1.256 MiB
srv        update:    - prompt 0x28d1e50:     107 tokens, checkpoints:  0,     1.256 MiB
srv        update:    - prompt 0x28c0600:     107 tokens, checkpoints:  0,     1.256 MiB
srv        update:    - prompt 0x28c6e80:     118 tokens, checkpoints:  0,     1.385 MiB
srv        update:    - prompt 0x28cd710:     122 tokens, checkpoints:  0,     1.432 MiB
srv        update:    - prompt 0x28cfbb0:     130 tokens, checkpoints:  0,     1.525 MiB
srv        update:    - prompt 0x28c6380:     131 tokens, checkpoints:  0,     1.537 MiB
srv        update:    - prompt 0x28c9fe0:     129 tokens, checkpoints:  0,     1.514 MiB
srv        update:    - prompt 0x28bac10:     106 tokens, checkpoints:  0,     1.244 MiB
srv        update:    - prompt 0x28b68d0:     104 tokens, checkpoints:  0,     1.221 MiB
srv        update:    - prompt 0x4a2fdc0:     109 tokens, checkpoints:  0,     1.279 MiB
srv        update:    - prompt 0x28cdbb0:     115 tokens, checkpoints:  0,     1.350 MiB
srv        update:    - prompt 0x28ec330:     110 tokens, checkpoints:  0,     1.291 MiB
srv        update:    - prompt 0xee5330:     112 tokens, checkpoints:  0,     1.314 MiB
srv        update:    - prompt 0xf12130:     107 tokens, checkpoints:  0,     1.256 MiB
srv        update:    - prompt 0x28b8f70:     107 tokens, checkpoints:  0,     1.256 MiB
srv        update:    - prompt 0x28d3cf0:     107 tokens, checkpoints:  0,     1.256 MiB
srv        update:    - prompt 0x4a298e0:     118 tokens, checkpoints:  0,     1.385 MiB
srv        update:    - prompt 0x28bfbb0:     122 tokens, checkpoints:  0,     1.432 MiB
srv        update:    - prompt 0x2911090:     164 tokens, checkpoints:  0,     1.924 MiB
srv        update:    - prompt 0xf0e970:     130 tokens, checkpoints:  0,     1.525 MiB
srv        update:    - prompt 0xf8fa50:     134 tokens, checkpoints:  0,     1.572 MiB
srv        update:    - prompt 0x28e67e0:     131 tokens, checkpoints:  0,     1.537 MiB
srv        update:    - prompt 0x28d4ac0:     145 tokens, checkpoints:  0,     1.701 MiB
srv        update:    - prompt 0xf0c310:     129 tokens, checkpoints:  0,     1.514 MiB
srv        update:    - prompt 0x28b6d20:     135 tokens, checkpoints:  0,     1.584 MiB
srv        update:    - prompt 0x28cfc50:     135 tokens, checkpoints:  0,     1.584 MiB
srv        update:    - prompt 0x28c3290:     242 tokens, checkpoints:  0,     2.839 MiB
srv        update:    - prompt 0x28b9ba0:     324 tokens, checkpoints:  0,     3.801 MiB
srv        update:    - prompt 0xffff00004cf0:     362 tokens, checkpoints:  0,     4.247 MiB
srv        update:    - prompt 0xeec0d0:     424 tokens, checkpoints:  0,     4.974 MiB
srv        update:    - prompt 0x28ce470:     408 tokens, checkpoints:  0,     4.786 MiB
srv        update:    - prompt 0x28b9010:     411 tokens, checkpoints:  0,     4.822 MiB
srv        update:    - prompt 0x4a25680:     417 tokens, checkpoints:  0,     4.892 MiB
srv        update:    - prompt 0x4a293c0:     416 tokens, checkpoints:  0,     4.880 MiB
srv        update:    - prompt 0x28e40e0:     430 tokens, checkpoints:  0,     5.045 MiB
srv        update:    - prompt 0xffff3c002440:     430 tokens, checkpoints:  0,     5.045 MiB
srv        update:    - prompt 0xffff48005c10:     106 tokens, checkpoints:  0,     1.244 MiB
srv        update:    - prompt 0xffff54004690:     104 tokens, checkpoints:  0,     1.221 MiB
srv        update:    - prompt 0x28cba50:     109 tokens, checkpoints:  0,     1.279 MiB
srv        update:    - prompt 0xf0bbe0:     115 tokens, checkpoints:  0,     1.350 MiB
srv        update:    - prompt 0x28cbe30:     110 tokens, checkpoints:  0,     1.291 MiB
srv        update:    - prompt 0x28ba5b0:     112 tokens, checkpoints:  0,     1.314 MiB
srv        update:    - prompt 0x28b3170:     107 tokens, checkpoints:  0,     1.256 MiB
srv        update:    - prompt 0x28b6970:     107 tokens, checkpoints:  0,     1.256 MiB
srv        update:    - prompt 0x4a227b0:     107 tokens, checkpoints:  0,     1.256 MiB
srv        update:    - prompt 0x28db1f0:     110 tokens, checkpoints:  0,     1.291 MiB
srv        update:    - prompt 0x28cc020:     118 tokens, checkpoints:  0,     1.385 MiB
slot update_slots: id  1 | task 7316 | new prompt, n_ctx_slot = 4096, n_keep = 0, task.n_tokens = 23
slot update_slots: id  1 | task 7316 | n_tokens = 0, memory_seq_rm [0, end)
slot init_sampler: id  1 | task 7316 | init sampler, took 0.01 ms, tokens: text = 23, total = 23
slot update_slots: id  1 | task 7316 | prompt processing done, n_tokens = 23, batch.n_tokens = 23
srv  log_server_r: done request: POST /completion 127.0.0.1 200
slot print_timing: id  1 | task 7316 | 
prompt eval time =     395.11 ms /    23 tokens (   17.18 ms per token,    58.21 tokens per second)
       eval time =    2570.25 ms /   100 tokens (   25.70 ms per token,    38.91 tokens per second)
      total time =    2965.36 ms /   123 tokens
slot      release: id  1 | task 7316 | stop processing: n_tokens = 122, truncated = 0
srv  update_slots: all slots are idle
slot get_availabl: id  0 | task -1 | selected slot by LRU, t_last = 36428349620
srv  get_availabl: updating prompt cache
srv          load:  - looking for better prompt, base f_keep = -1.000, sim = 0.000
srv          load:  - found better prompt with f_keep = 0.396, sim = 1.000
srv        update:  - cache state: 56 prompts, 107.339 MiB (limits: 8192.000 MiB, 4096 tokens, 698162 est)
srv        update:    - prompt 0x28c0e20:     105 tokens, checkpoints:  0,     1.232 MiB
srv        update:    - prompt 0x28c7080:     106 tokens, checkpoints:  0,     1.244 MiB
srv        update:    - prompt 0x28d3a10:     105 tokens, checkpoints:  0,     1.232 MiB
srv        update:    - prompt 0x28c1e20:     106 tokens, checkpoints:  0,     1.244 MiB
srv        update:    - prompt 0x3d8f9b0:     104 tokens, checkpoints:  0,     1.221 MiB
srv        update:    - prompt 0x28c94c0:     109 tokens, checkpoints:  0,     1.279 MiB
srv        update:    - prompt 0xf90860:     115 tokens, checkpoints:  0,     1.350 MiB
srv        update:    - prompt 0x28ce680:     110 tokens, checkpoints:  0,     1.291 MiB
srv        update:    - prompt 0x28ba4f0:     112 tokens, checkpoints:  0,     1.314 MiB
srv        update:    - prompt 0x28dd340:     107 tokens, checkpoints:  0,     1.256 MiB
srv        update:    - prompt 0x28d1e50:     107 tokens, checkpoints:  0,     1.256 MiB
srv        update:    - prompt 0x28c0600:     107 tokens, checkpoints:  0,     1.256 MiB
srv        update:    - prompt 0x28c6e80:     118 tokens, checkpoints:  0,     1.385 MiB
srv        update:    - prompt 0x28cd710:     122 tokens, checkpoints:  0,     1.432 MiB
srv        update:    - prompt 0x28cfbb0:     130 tokens, checkpoints:  0,     1.525 MiB
srv        update:    - prompt 0x28c6380:     131 tokens, checkpoints:  0,     1.537 MiB
srv        update:    - prompt 0x28c9fe0:     129 tokens, checkpoints:  0,     1.514 MiB
srv        update:    - prompt 0x28bac10:     106 tokens, checkpoints:  0,     1.244 MiB
srv        update:    - prompt 0x28b68d0:     104 tokens, checkpoints:  0,     1.221 MiB
srv        update:    - prompt 0x4a2fdc0:     109 tokens, checkpoints:  0,     1.279 MiB
srv        update:    - prompt 0x28cdbb0:     115 tokens, checkpoints:  0,     1.350 MiB
srv        update:    - prompt 0x28ec330:     110 tokens, checkpoints:  0,     1.291 MiB
srv        update:    - prompt 0xee5330:     112 tokens, checkpoints:  0,     1.314 MiB
srv        update:    - prompt 0xf12130:     107 tokens, checkpoints:  0,     1.256 MiB
srv        update:    - prompt 0x28b8f70:     107 tokens, checkpoints:  0,     1.256 MiB
srv        update:    - prompt 0x28d3cf0:     107 tokens, checkpoints:  0,     1.256 MiB
srv        update:    - prompt 0x4a298e0:     118 tokens, checkpoints:  0,     1.385 MiB
srv        update:    - prompt 0x28bfbb0:     122 tokens, checkpoints:  0,     1.432 MiB
srv        update:    - prompt 0xf0e970:     130 tokens, checkpoints:  0,     1.525 MiB
srv        update:    - prompt 0xf8fa50:     134 tokens, checkpoints:  0,     1.572 MiB
srv        update:    - prompt 0x28e67e0:     131 tokens, checkpoints:  0,     1.537 MiB
srv        update:    - prompt 0x28d4ac0:     145 tokens, checkpoints:  0,     1.701 MiB
srv        update:    - prompt 0xf0c310:     129 tokens, checkpoints:  0,     1.514 MiB
srv        update:    - prompt 0x28b6d20:     135 tokens, checkpoints:  0,     1.584 MiB
srv        update:    - prompt 0x28cfc50:     135 tokens, checkpoints:  0,     1.584 MiB
srv        update:    - prompt 0x28c3290:     242 tokens, checkpoints:  0,     2.839 MiB
srv        update:    - prompt 0x28b9ba0:     324 tokens, checkpoints:  0,     3.801 MiB
srv        update:    - prompt 0xffff00004cf0:     362 tokens, checkpoints:  0,     4.247 MiB
srv        update:    - prompt 0xeec0d0:     424 tokens, checkpoints:  0,     4.974 MiB
srv        update:    - prompt 0x28ce470:     408 tokens, checkpoints:  0,     4.786 MiB
srv        update:    - prompt 0x28b9010:     411 tokens, checkpoints:  0,     4.822 MiB
srv        update:    - prompt 0x4a25680:     417 tokens, checkpoints:  0,     4.892 MiB
srv        update:    - prompt 0x4a293c0:     416 tokens, checkpoints:  0,     4.880 MiB
srv        update:    - prompt 0x28e40e0:     430 tokens, checkpoints:  0,     5.045 MiB
srv        update:    - prompt 0xffff3c002440:     430 tokens, checkpoints:  0,     5.045 MiB
srv        update:    - prompt 0xffff48005c10:     106 tokens, checkpoints:  0,     1.244 MiB
srv        update:    - prompt 0xffff54004690:     104 tokens, checkpoints:  0,     1.221 MiB
srv        update:    - prompt 0x28cba50:     109 tokens, checkpoints:  0,     1.279 MiB
srv        update:    - prompt 0xf0bbe0:     115 tokens, checkpoints:  0,     1.350 MiB
srv        update:    - prompt 0x28cbe30:     110 tokens, checkpoints:  0,     1.291 MiB
srv        update:    - prompt 0x28ba5b0:     112 tokens, checkpoints:  0,     1.314 MiB
srv        update:    - prompt 0x28b3170:     107 tokens, checkpoints:  0,     1.256 MiB
srv        update:    - prompt 0x28b6970:     107 tokens, checkpoints:  0,     1.256 MiB
srv        update:    - prompt 0x4a227b0:     107 tokens, checkpoints:  0,     1.256 MiB
srv        update:    - prompt 0x28db1f0:     110 tokens, checkpoints:  0,     1.291 MiB
srv        update:    - prompt 0x28cc020:     118 tokens, checkpoints:  0,     1.385 MiB
srv  get_availabl: prompt cache update took 0.84 ms
slot launch_slot_: id  0 | task -1 | sampler chain: logits -> ?penalties -> ?dry -> ?top-n-sigma -> top-k -> ?typical -> top-p -> min-p -> ?xtc -> temp-ext -> dist 
slot launch_slot_: id  0 | task 7417 | processing task, is_child = 0
slot slot_save_an: id  1 | task -1 | saving idle slot to prompt cache
srv   prompt_save:  - saving prompt with length 122, total state size = 1.432 MiB
slot prompt_clear: id  1 | task -1 | clearing prompt with 122 tokens
srv        update:  - cache state: 57 prompts, 108.771 MiB (limits: 8192.000 MiB, 4096 tokens, 698162 est)
srv        update:    - prompt 0x28c0e20:     105 tokens, checkpoints:  0,     1.232 MiB
srv        update:    - prompt 0x28c7080:     106 tokens, checkpoints:  0,     1.244 MiB
srv        update:    - prompt 0x28d3a10:     105 tokens, checkpoints:  0,     1.232 MiB
srv        update:    - prompt 0x28c1e20:     106 tokens, checkpoints:  0,     1.244 MiB
srv        update:    - prompt 0x3d8f9b0:     104 tokens, checkpoints:  0,     1.221 MiB
srv        update:    - prompt 0x28c94c0:     109 tokens, checkpoints:  0,     1.279 MiB
srv        update:    - prompt 0xf90860:     115 tokens, checkpoints:  0,     1.350 MiB
srv        update:    - prompt 0x28ce680:     110 tokens, checkpoints:  0,     1.291 MiB
srv        update:    - prompt 0x28ba4f0:     112 tokens, checkpoints:  0,     1.314 MiB
srv        update:    - prompt 0x28dd340:     107 tokens, checkpoints:  0,     1.256 MiB
srv        update:    - prompt 0x28d1e50:     107 tokens, checkpoints:  0,     1.256 MiB
srv        update:    - prompt 0x28c0600:     107 tokens, checkpoints:  0,     1.256 MiB
srv        update:    - prompt 0x28c6e80:     118 tokens, checkpoints:  0,     1.385 MiB
srv        update:    - prompt 0x28cd710:     122 tokens, checkpoints:  0,     1.432 MiB
srv        update:    - prompt 0x28cfbb0:     130 tokens, checkpoints:  0,     1.525 MiB
srv        update:    - prompt 0x28c6380:     131 tokens, checkpoints:  0,     1.537 MiB
srv        update:    - prompt 0x28c9fe0:     129 tokens, checkpoints:  0,     1.514 MiB
srv        update:    - prompt 0x28bac10:     106 tokens, checkpoints:  0,     1.244 MiB
srv        update:    - prompt 0x28b68d0:     104 tokens, checkpoints:  0,     1.221 MiB
srv        update:    - prompt 0x4a2fdc0:     109 tokens, checkpoints:  0,     1.279 MiB
srv        update:    - prompt 0x28cdbb0:     115 tokens, checkpoints:  0,     1.350 MiB
srv        update:    - prompt 0x28ec330:     110 tokens, checkpoints:  0,     1.291 MiB
srv        update:    - prompt 0xee5330:     112 tokens, checkpoints:  0,     1.314 MiB
srv        update:    - prompt 0xf12130:     107 tokens, checkpoints:  0,     1.256 MiB
srv        update:    - prompt 0x28b8f70:     107 tokens, checkpoints:  0,     1.256 MiB
srv        update:    - prompt 0x28d3cf0:     107 tokens, checkpoints:  0,     1.256 MiB
srv        update:    - prompt 0x4a298e0:     118 tokens, checkpoints:  0,     1.385 MiB
srv        update:    - prompt 0x28bfbb0:     122 tokens, checkpoints:  0,     1.432 MiB
srv        update:    - prompt 0xf0e970:     130 tokens, checkpoints:  0,     1.525 MiB
srv        update:    - prompt 0xf8fa50:     134 tokens, checkpoints:  0,     1.572 MiB
srv        update:    - prompt 0x28e67e0:     131 tokens, checkpoints:  0,     1.537 MiB
srv        update:    - prompt 0x28d4ac0:     145 tokens, checkpoints:  0,     1.701 MiB
srv        update:    - prompt 0xf0c310:     129 tokens, checkpoints:  0,     1.514 MiB
srv        update:    - prompt 0x28b6d20:     135 tokens, checkpoints:  0,     1.584 MiB
srv        update:    - prompt 0x28cfc50:     135 tokens, checkpoints:  0,     1.584 MiB
srv        update:    - prompt 0x28c3290:     242 tokens, checkpoints:  0,     2.839 MiB
srv        update:    - prompt 0x28b9ba0:     324 tokens, checkpoints:  0,     3.801 MiB
srv        update:    - prompt 0xffff00004cf0:     362 tokens, checkpoints:  0,     4.247 MiB
srv        update:    - prompt 0xeec0d0:     424 tokens, checkpoints:  0,     4.974 MiB
srv        update:    - prompt 0x28ce470:     408 tokens, checkpoints:  0,     4.786 MiB
srv        update:    - prompt 0x28b9010:     411 tokens, checkpoints:  0,     4.822 MiB
srv        update:    - prompt 0x4a25680:     417 tokens, checkpoints:  0,     4.892 MiB
srv        update:    - prompt 0x4a293c0:     416 tokens, checkpoints:  0,     4.880 MiB
srv        update:    - prompt 0x28e40e0:     430 tokens, checkpoints:  0,     5.045 MiB
srv        update:    - prompt 0xffff3c002440:     430 tokens, checkpoints:  0,     5.045 MiB
srv        update:    - prompt 0xffff48005c10:     106 tokens, checkpoints:  0,     1.244 MiB
srv        update:    - prompt 0xffff54004690:     104 tokens, checkpoints:  0,     1.221 MiB
srv        update:    - prompt 0x28cba50:     109 tokens, checkpoints:  0,     1.279 MiB
srv        update:    - prompt 0xf0bbe0:     115 tokens, checkpoints:  0,     1.350 MiB
srv        update:    - prompt 0x28cbe30:     110 tokens, checkpoints:  0,     1.291 MiB
srv        update:    - prompt 0x28ba5b0:     112 tokens, checkpoints:  0,     1.314 MiB
srv        update:    - prompt 0x28b3170:     107 tokens, checkpoints:  0,     1.256 MiB
srv        update:    - prompt 0x28b6970:     107 tokens, checkpoints:  0,     1.256 MiB
srv        update:    - prompt 0x4a227b0:     107 tokens, checkpoints:  0,     1.256 MiB
srv        update:    - prompt 0x28db1f0:     110 tokens, checkpoints:  0,     1.291 MiB
srv        update:    - prompt 0x28cc020:     118 tokens, checkpoints:  0,     1.385 MiB
srv        update:    - prompt 0x2911090:     122 tokens, checkpoints:  0,     1.432 MiB
slot update_slots: id  0 | task 7417 | new prompt, n_ctx_slot = 4096, n_keep = 0, task.n_tokens = 65
slot update_slots: id  0 | task 7417 | need to evaluate at least 1 token for each active slot (n_past = 65, task.n_tokens() = 65)
slot update_slots: id  0 | task 7417 | n_past was set to 64
slot update_slots: id  0 | task 7417 | n_tokens = 64, memory_seq_rm [64, end)
slot init_sampler: id  0 | task 7417 | init sampler, took 0.03 ms, tokens: text = 65, total = 65
slot update_slots: id  0 | task 7417 | prompt processing done, n_tokens = 65, batch.n_tokens = 1
srv  log_server_r: done request: POST /completion 127.0.0.1 200
slot print_timing: id  0 | task 7417 | 
prompt eval time =      29.32 ms /     1 tokens (   29.32 ms per token,    34.11 tokens per second)
       eval time =    2709.61 ms /   100 tokens (   27.10 ms per token,    36.91 tokens per second)
      total time =    2738.93 ms /   101 tokens
slot      release: id  0 | task 7417 | stop processing: n_tokens = 164, truncated = 0
srv  update_slots: all slots are idle
slot get_availabl: id  3 | task -1 | selected slot by LRU, t_last = 36431522600
srv  get_availabl: updating prompt cache
srv          load:  - looking for better prompt, base f_keep = -1.000, sim = 0.000
srv        update:  - cache state: 57 prompts, 108.771 MiB (limits: 8192.000 MiB, 4096 tokens, 698162 est)
srv        update:    - prompt 0x28c0e20:     105 tokens, checkpoints:  0,     1.232 MiB
srv        update:    - prompt 0x28c7080:     106 tokens, checkpoints:  0,     1.244 MiB
srv        update:    - prompt 0x28d3a10:     105 tokens, checkpoints:  0,     1.232 MiB
srv        update:    - prompt 0x28c1e20:     106 tokens, checkpoints:  0,     1.244 MiB
srv        update:    - prompt 0x3d8f9b0:     104 tokens, checkpoints:  0,     1.221 MiB
srv        update:    - prompt 0x28c94c0:     109 tokens, checkpoints:  0,     1.279 MiB
srv        update:    - prompt 0xf90860:     115 tokens, checkpoints:  0,     1.350 MiB
srv        update:    - prompt 0x28ce680:     110 tokens, checkpoints:  0,     1.291 MiB
srv        update:    - prompt 0x28ba4f0:     112 tokens, checkpoints:  0,     1.314 MiB
srv        update:    - prompt 0x28dd340:     107 tokens, checkpoints:  0,     1.256 MiB
srv        update:    - prompt 0x28d1e50:     107 tokens, checkpoints:  0,     1.256 MiB
srv        update:    - prompt 0x28c0600:     107 tokens, checkpoints:  0,     1.256 MiB
srv        update:    - prompt 0x28c6e80:     118 tokens, checkpoints:  0,     1.385 MiB
srv        update:    - prompt 0x28cd710:     122 tokens, checkpoints:  0,     1.432 MiB
srv        update:    - prompt 0x28cfbb0:     130 tokens, checkpoints:  0,     1.525 MiB
srv        update:    - prompt 0x28c6380:     131 tokens, checkpoints:  0,     1.537 MiB
srv        update:    - prompt 0x28c9fe0:     129 tokens, checkpoints:  0,     1.514 MiB
srv        update:    - prompt 0x28bac10:     106 tokens, checkpoints:  0,     1.244 MiB
srv        update:    - prompt 0x28b68d0:     104 tokens, checkpoints:  0,     1.221 MiB
srv        update:    - prompt 0x4a2fdc0:     109 tokens, checkpoints:  0,     1.279 MiB
srv        update:    - prompt 0x28cdbb0:     115 tokens, checkpoints:  0,     1.350 MiB
srv        update:    - prompt 0x28ec330:     110 tokens, checkpoints:  0,     1.291 MiB
srv        update:    - prompt 0xee5330:     112 tokens, checkpoints:  0,     1.314 MiB
srv        update:    - prompt 0xf12130:     107 tokens, checkpoints:  0,     1.256 MiB
srv        update:    - prompt 0x28b8f70:     107 tokens, checkpoints:  0,     1.256 MiB
srv        update:    - prompt 0x28d3cf0:     107 tokens, checkpoints:  0,     1.256 MiB
srv        update:    - prompt 0x4a298e0:     118 tokens, checkpoints:  0,     1.385 MiB
srv        update:    - prompt 0x28bfbb0:     122 tokens, checkpoints:  0,     1.432 MiB
srv        update:    - prompt 0xf0e970:     130 tokens, checkpoints:  0,     1.525 MiB
srv        update:    - prompt 0xf8fa50:     134 tokens, checkpoints:  0,     1.572 MiB
srv        update:    - prompt 0x28e67e0:     131 tokens, checkpoints:  0,     1.537 MiB
srv        update:    - prompt 0x28d4ac0:     145 tokens, checkpoints:  0,     1.701 MiB
srv        update:    - prompt 0xf0c310:     129 tokens, checkpoints:  0,     1.514 MiB
srv        update:    - prompt 0x28b6d20:     135 tokens, checkpoints:  0,     1.584 MiB
srv        update:    - prompt 0x28cfc50:     135 tokens, checkpoints:  0,     1.584 MiB
srv        update:    - prompt 0x28c3290:     242 tokens, checkpoints:  0,     2.839 MiB
srv        update:    - prompt 0x28b9ba0:     324 tokens, checkpoints:  0,     3.801 MiB
srv        update:    - prompt 0xffff00004cf0:     362 tokens, checkpoints:  0,     4.247 MiB
srv        update:    - prompt 0xeec0d0:     424 tokens, checkpoints:  0,     4.974 MiB
srv        update:    - prompt 0x28ce470:     408 tokens, checkpoints:  0,     4.786 MiB
srv        update:    - prompt 0x28b9010:     411 tokens, checkpoints:  0,     4.822 MiB
srv        update:    - prompt 0x4a25680:     417 tokens, checkpoints:  0,     4.892 MiB
srv        update:    - prompt 0x4a293c0:     416 tokens, checkpoints:  0,     4.880 MiB
srv        update:    - prompt 0x28e40e0:     430 tokens, checkpoints:  0,     5.045 MiB
srv        update:    - prompt 0xffff3c002440:     430 tokens, checkpoints:  0,     5.045 MiB
srv        update:    - prompt 0xffff48005c10:     106 tokens, checkpoints:  0,     1.244 MiB
srv        update:    - prompt 0xffff54004690:     104 tokens, checkpoints:  0,     1.221 MiB
srv        update:    - prompt 0x28cba50:     109 tokens, checkpoints:  0,     1.279 MiB
srv        update:    - prompt 0xf0bbe0:     115 tokens, checkpoints:  0,     1.350 MiB
srv        update:    - prompt 0x28cbe30:     110 tokens, checkpoints:  0,     1.291 MiB
srv        update:    - prompt 0x28ba5b0:     112 tokens, checkpoints:  0,     1.314 MiB
srv        update:    - prompt 0x28b3170:     107 tokens, checkpoints:  0,     1.256 MiB
srv        update:    - prompt 0x28b6970:     107 tokens, checkpoints:  0,     1.256 MiB
srv        update:    - prompt 0x4a227b0:     107 tokens, checkpoints:  0,     1.256 MiB
srv        update:    - prompt 0x28db1f0:     110 tokens, checkpoints:  0,     1.291 MiB
srv        update:    - prompt 0x28cc020:     118 tokens, checkpoints:  0,     1.385 MiB
srv        update:    - prompt 0x2911090:     122 tokens, checkpoints:  0,     1.432 MiB
srv  get_availabl: prompt cache update took 0.18 ms
slot launch_slot_: id  3 | task -1 | sampler chain: logits -> ?penalties -> ?dry -> ?top-n-sigma -> top-k -> ?typical -> top-p -> min-p -> ?xtc -> temp-ext -> dist 
slot launch_slot_: id  3 | task 7518 | processing task, is_child = 0
slot slot_save_an: id  0 | task -1 | saving idle slot to prompt cache
srv   prompt_save:  - saving prompt with length 164, total state size = 1.924 MiB
slot prompt_clear: id  0 | task -1 | clearing prompt with 164 tokens
srv        update:  - cache state: 58 prompts, 110.695 MiB (limits: 8192.000 MiB, 4096 tokens, 698162 est)
srv        update:    - prompt 0x28c0e20:     105 tokens, checkpoints:  0,     1.232 MiB
srv        update:    - prompt 0x28c7080:     106 tokens, checkpoints:  0,     1.244 MiB
srv        update:    - prompt 0x28d3a10:     105 tokens, checkpoints:  0,     1.232 MiB
srv        update:    - prompt 0x28c1e20:     106 tokens, checkpoints:  0,     1.244 MiB
srv        update:    - prompt 0x3d8f9b0:     104 tokens, checkpoints:  0,     1.221 MiB
srv        update:    - prompt 0x28c94c0:     109 tokens, checkpoints:  0,     1.279 MiB
srv        update:    - prompt 0xf90860:     115 tokens, checkpoints:  0,     1.350 MiB
srv        update:    - prompt 0x28ce680:     110 tokens, checkpoints:  0,     1.291 MiB
srv        update:    - prompt 0x28ba4f0:     112 tokens, checkpoints:  0,     1.314 MiB
srv        update:    - prompt 0x28dd340:     107 tokens, checkpoints:  0,     1.256 MiB
srv        update:    - prompt 0x28d1e50:     107 tokens, checkpoints:  0,     1.256 MiB
srv        update:    - prompt 0x28c0600:     107 tokens, checkpoints:  0,     1.256 MiB
srv        update:    - prompt 0x28c6e80:     118 tokens, checkpoints:  0,     1.385 MiB
srv        update:    - prompt 0x28cd710:     122 tokens, checkpoints:  0,     1.432 MiB
srv        update:    - prompt 0x28cfbb0:     130 tokens, checkpoints:  0,     1.525 MiB
srv        update:    - prompt 0x28c6380:     131 tokens, checkpoints:  0,     1.537 MiB
srv        update:    - prompt 0x28c9fe0:     129 tokens, checkpoints:  0,     1.514 MiB
srv        update:    - prompt 0x28bac10:     106 tokens, checkpoints:  0,     1.244 MiB
srv        update:    - prompt 0x28b68d0:     104 tokens, checkpoints:  0,     1.221 MiB
srv        update:    - prompt 0x4a2fdc0:     109 tokens, checkpoints:  0,     1.279 MiB
srv        update:    - prompt 0x28cdbb0:     115 tokens, checkpoints:  0,     1.350 MiB
srv        update:    - prompt 0x28ec330:     110 tokens, checkpoints:  0,     1.291 MiB
srv        update:    - prompt 0xee5330:     112 tokens, checkpoints:  0,     1.314 MiB
srv        update:    - prompt 0xf12130:     107 tokens, checkpoints:  0,     1.256 MiB
srv        update:    - prompt 0x28b8f70:     107 tokens, checkpoints:  0,     1.256 MiB
srv        update:    - prompt 0x28d3cf0:     107 tokens, checkpoints:  0,     1.256 MiB
srv        update:    - prompt 0x4a298e0:     118 tokens, checkpoints:  0,     1.385 MiB
srv        update:    - prompt 0x28bfbb0:     122 tokens, checkpoints:  0,     1.432 MiB
srv        update:    - prompt 0xf0e970:     130 tokens, checkpoints:  0,     1.525 MiB
srv        update:    - prompt 0xf8fa50:     134 tokens, checkpoints:  0,     1.572 MiB
srv        update:    - prompt 0x28e67e0:     131 tokens, checkpoints:  0,     1.537 MiB
srv        update:    - prompt 0x28d4ac0:     145 tokens, checkpoints:  0,     1.701 MiB
srv        update:    - prompt 0xf0c310:     129 tokens, checkpoints:  0,     1.514 MiB
srv        update:    - prompt 0x28b6d20:     135 tokens, checkpoints:  0,     1.584 MiB
srv        update:    - prompt 0x28cfc50:     135 tokens, checkpoints:  0,     1.584 MiB
srv        update:    - prompt 0x28c3290:     242 tokens, checkpoints:  0,     2.839 MiB
srv        update:    - prompt 0x28b9ba0:     324 tokens, checkpoints:  0,     3.801 MiB
srv        update:    - prompt 0xffff00004cf0:     362 tokens, checkpoints:  0,     4.247 MiB
srv        update:    - prompt 0xeec0d0:     424 tokens, checkpoints:  0,     4.974 MiB
srv        update:    - prompt 0x28ce470:     408 tokens, checkpoints:  0,     4.786 MiB
srv        update:    - prompt 0x28b9010:     411 tokens, checkpoints:  0,     4.822 MiB
srv        update:    - prompt 0x4a25680:     417 tokens, checkpoints:  0,     4.892 MiB
srv        update:    - prompt 0x4a293c0:     416 tokens, checkpoints:  0,     4.880 MiB
srv        update:    - prompt 0x28e40e0:     430 tokens, checkpoints:  0,     5.045 MiB
srv        update:    - prompt 0xffff3c002440:     430 tokens, checkpoints:  0,     5.045 MiB
srv        update:    - prompt 0xffff48005c10:     106 tokens, checkpoints:  0,     1.244 MiB
srv        update:    - prompt 0xffff54004690:     104 tokens, checkpoints:  0,     1.221 MiB
srv        update:    - prompt 0x28cba50:     109 tokens, checkpoints:  0,     1.279 MiB
srv        update:    - prompt 0xf0bbe0:     115 tokens, checkpoints:  0,     1.350 MiB
srv        update:    - prompt 0x28cbe30:     110 tokens, checkpoints:  0,     1.291 MiB
srv        update:    - prompt 0x28ba5b0:     112 tokens, checkpoints:  0,     1.314 MiB
srv        update:    - prompt 0x28b3170:     107 tokens, checkpoints:  0,     1.256 MiB
srv        update:    - prompt 0x28b6970:     107 tokens, checkpoints:  0,     1.256 MiB
srv        update:    - prompt 0x4a227b0:     107 tokens, checkpoints:  0,     1.256 MiB
srv        update:    - prompt 0x28db1f0:     110 tokens, checkpoints:  0,     1.291 MiB
srv        update:    - prompt 0x28cc020:     118 tokens, checkpoints:  0,     1.385 MiB
srv        update:    - prompt 0x2911090:     122 tokens, checkpoints:  0,     1.432 MiB
srv        update:    - prompt 0x653c040:     164 tokens, checkpoints:  0,     1.924 MiB
slot update_slots: id  3 | task 7518 | new prompt, n_ctx_slot = 4096, n_keep = 0, task.n_tokens = 31
slot update_slots: id  3 | task 7518 | n_tokens = 0, memory_seq_rm [0, end)
slot init_sampler: id  3 | task 7518 | init sampler, took 0.02 ms, tokens: text = 31, total = 31
slot update_slots: id  3 | task 7518 | prompt processing done, n_tokens = 31, batch.n_tokens = 31
srv  log_server_r: done request: POST /completion 127.0.0.1 200
slot print_timing: id  3 | task 7518 | 
prompt eval time =     528.06 ms /    31 tokens (   17.03 ms per token,    58.71 tokens per second)
       eval time =    2574.23 ms /   100 tokens (   25.74 ms per token,    38.85 tokens per second)
      total time =    3102.29 ms /   131 tokens
slot      release: id  3 | task 7518 | stop processing: n_tokens = 130, truncated = 0
srv  update_slots: all slots are idle
slot get_availabl: id  2 | task -1 | selected slot by LRU, t_last = 36435005774
srv  get_availabl: updating prompt cache
srv          load:  - looking for better prompt, base f_keep = -1.000, sim = 0.000
srv          load:  - found better prompt with f_keep = 0.261, sim = 1.000
srv        update:  - cache state: 57 prompts, 109.123 MiB (limits: 8192.000 MiB, 4096 tokens, 698162 est)
srv        update:    - prompt 0x28c0e20:     105 tokens, checkpoints:  0,     1.232 MiB
srv        update:    - prompt 0x28c7080:     106 tokens, checkpoints:  0,     1.244 MiB
srv        update:    - prompt 0x28d3a10:     105 tokens, checkpoints:  0,     1.232 MiB
srv        update:    - prompt 0x28c1e20:     106 tokens, checkpoints:  0,     1.244 MiB
srv        update:    - prompt 0x3d8f9b0:     104 tokens, checkpoints:  0,     1.221 MiB
srv        update:    - prompt 0x28c94c0:     109 tokens, checkpoints:  0,     1.279 MiB
srv        update:    - prompt 0xf90860:     115 tokens, checkpoints:  0,     1.350 MiB
srv        update:    - prompt 0x28ce680:     110 tokens, checkpoints:  0,     1.291 MiB
srv        update:    - prompt 0x28ba4f0:     112 tokens, checkpoints:  0,     1.314 MiB
srv        update:    - prompt 0x28dd340:     107 tokens, checkpoints:  0,     1.256 MiB
srv        update:    - prompt 0x28d1e50:     107 tokens, checkpoints:  0,     1.256 MiB
srv        update:    - prompt 0x28c0600:     107 tokens, checkpoints:  0,     1.256 MiB
srv        update:    - prompt 0x28c6e80:     118 tokens, checkpoints:  0,     1.385 MiB
srv        update:    - prompt 0x28cd710:     122 tokens, checkpoints:  0,     1.432 MiB
srv        update:    - prompt 0x28cfbb0:     130 tokens, checkpoints:  0,     1.525 MiB
srv        update:    - prompt 0x28c6380:     131 tokens, checkpoints:  0,     1.537 MiB
srv        update:    - prompt 0x28c9fe0:     129 tokens, checkpoints:  0,     1.514 MiB
srv        update:    - prompt 0x28bac10:     106 tokens, checkpoints:  0,     1.244 MiB
srv        update:    - prompt 0x28b68d0:     104 tokens, checkpoints:  0,     1.221 MiB
srv        update:    - prompt 0x4a2fdc0:     109 tokens, checkpoints:  0,     1.279 MiB
srv        update:    - prompt 0x28cdbb0:     115 tokens, checkpoints:  0,     1.350 MiB
srv        update:    - prompt 0x28ec330:     110 tokens, checkpoints:  0,     1.291 MiB
srv        update:    - prompt 0xee5330:     112 tokens, checkpoints:  0,     1.314 MiB
srv        update:    - prompt 0xf12130:     107 tokens, checkpoints:  0,     1.256 MiB
srv        update:    - prompt 0x28b8f70:     107 tokens, checkpoints:  0,     1.256 MiB
srv        update:    - prompt 0x28d3cf0:     107 tokens, checkpoints:  0,     1.256 MiB
srv        update:    - prompt 0x4a298e0:     118 tokens, checkpoints:  0,     1.385 MiB
srv        update:    - prompt 0x28bfbb0:     122 tokens, checkpoints:  0,     1.432 MiB
srv        update:    - prompt 0xf0e970:     130 tokens, checkpoints:  0,     1.525 MiB
srv        update:    - prompt 0x28e67e0:     131 tokens, checkpoints:  0,     1.537 MiB
srv        update:    - prompt 0x28d4ac0:     145 tokens, checkpoints:  0,     1.701 MiB
srv        update:    - prompt 0xf0c310:     129 tokens, checkpoints:  0,     1.514 MiB
srv        update:    - prompt 0x28b6d20:     135 tokens, checkpoints:  0,     1.584 MiB
srv        update:    - prompt 0x28cfc50:     135 tokens, checkpoints:  0,     1.584 MiB
srv        update:    - prompt 0x28c3290:     242 tokens, checkpoints:  0,     2.839 MiB
srv        update:    - prompt 0x28b9ba0:     324 tokens, checkpoints:  0,     3.801 MiB
srv        update:    - prompt 0xffff00004cf0:     362 tokens, checkpoints:  0,     4.247 MiB
srv        update:    - prompt 0xeec0d0:     424 tokens, checkpoints:  0,     4.974 MiB
srv        update:    - prompt 0x28ce470:     408 tokens, checkpoints:  0,     4.786 MiB
srv        update:    - prompt 0x28b9010:     411 tokens, checkpoints:  0,     4.822 MiB
srv        update:    - prompt 0x4a25680:     417 tokens, checkpoints:  0,     4.892 MiB
srv        update:    - prompt 0x4a293c0:     416 tokens, checkpoints:  0,     4.880 MiB
srv        update:    - prompt 0x28e40e0:     430 tokens, checkpoints:  0,     5.045 MiB
srv        update:    - prompt 0xffff3c002440:     430 tokens, checkpoints:  0,     5.045 MiB
srv        update:    - prompt 0xffff48005c10:     106 tokens, checkpoints:  0,     1.244 MiB
srv        update:    - prompt 0xffff54004690:     104 tokens, checkpoints:  0,     1.221 MiB
srv        update:    - prompt 0x28cba50:     109 tokens, checkpoints:  0,     1.279 MiB
srv        update:    - prompt 0xf0bbe0:     115 tokens, checkpoints:  0,     1.350 MiB
srv        update:    - prompt 0x28cbe30:     110 tokens, checkpoints:  0,     1.291 MiB
srv        update:    - prompt 0x28ba5b0:     112 tokens, checkpoints:  0,     1.314 MiB
srv        update:    - prompt 0x28b3170:     107 tokens, checkpoints:  0,     1.256 MiB
srv        update:    - prompt 0x28b6970:     107 tokens, checkpoints:  0,     1.256 MiB
srv        update:    - prompt 0x4a227b0:     107 tokens, checkpoints:  0,     1.256 MiB
srv        update:    - prompt 0x28db1f0:     110 tokens, checkpoints:  0,     1.291 MiB
srv        update:    - prompt 0x28cc020:     118 tokens, checkpoints:  0,     1.385 MiB
srv        update:    - prompt 0x2911090:     122 tokens, checkpoints:  0,     1.432 MiB
srv        update:    - prompt 0x653c040:     164 tokens, checkpoints:  0,     1.924 MiB
srv  get_availabl: prompt cache update took 0.73 ms
slot launch_slot_: id  2 | task -1 | sampler chain: logits -> ?penalties -> ?dry -> ?top-n-sigma -> top-k -> ?typical -> top-p -> min-p -> ?xtc -> temp-ext -> dist 
slot launch_slot_: id  2 | task 7619 | processing task, is_child = 0
slot slot_save_an: id  3 | task -1 | saving idle slot to prompt cache
srv   prompt_save:  - saving prompt with length 130, total state size = 1.525 MiB
slot prompt_clear: id  3 | task -1 | clearing prompt with 130 tokens
srv        update:  - cache state: 58 prompts, 110.648 MiB (limits: 8192.000 MiB, 4096 tokens, 698161 est)
srv        update:    - prompt 0x28c0e20:     105 tokens, checkpoints:  0,     1.232 MiB
srv        update:    - prompt 0x28c7080:     106 tokens, checkpoints:  0,     1.244 MiB
srv        update:    - prompt 0x28d3a10:     105 tokens, checkpoints:  0,     1.232 MiB
srv        update:    - prompt 0x28c1e20:     106 tokens, checkpoints:  0,     1.244 MiB
srv        update:    - prompt 0x3d8f9b0:     104 tokens, checkpoints:  0,     1.221 MiB
srv        update:    - prompt 0x28c94c0:     109 tokens, checkpoints:  0,     1.279 MiB
srv        update:    - prompt 0xf90860:     115 tokens, checkpoints:  0,     1.350 MiB
srv        update:    - prompt 0x28ce680:     110 tokens, checkpoints:  0,     1.291 MiB
srv        update:    - prompt 0x28ba4f0:     112 tokens, checkpoints:  0,     1.314 MiB
srv        update:    - prompt 0x28dd340:     107 tokens, checkpoints:  0,     1.256 MiB
srv        update:    - prompt 0x28d1e50:     107 tokens, checkpoints:  0,     1.256 MiB
srv        update:    - prompt 0x28c0600:     107 tokens, checkpoints:  0,     1.256 MiB
srv        update:    - prompt 0x28c6e80:     118 tokens, checkpoints:  0,     1.385 MiB
srv        update:    - prompt 0x28cd710:     122 tokens, checkpoints:  0,     1.432 MiB
srv        update:    - prompt 0x28cfbb0:     130 tokens, checkpoints:  0,     1.525 MiB
srv        update:    - prompt 0x28c6380:     131 tokens, checkpoints:  0,     1.537 MiB
srv        update:    - prompt 0x28c9fe0:     129 tokens, checkpoints:  0,     1.514 MiB
srv        update:    - prompt 0x28bac10:     106 tokens, checkpoints:  0,     1.244 MiB
srv        update:    - prompt 0x28b68d0:     104 tokens, checkpoints:  0,     1.221 MiB
srv        update:    - prompt 0x4a2fdc0:     109 tokens, checkpoints:  0,     1.279 MiB
srv        update:    - prompt 0x28cdbb0:     115 tokens, checkpoints:  0,     1.350 MiB
srv        update:    - prompt 0x28ec330:     110 tokens, checkpoints:  0,     1.291 MiB
srv        update:    - prompt 0xee5330:     112 tokens, checkpoints:  0,     1.314 MiB
srv        update:    - prompt 0xf12130:     107 tokens, checkpoints:  0,     1.256 MiB
srv        update:    - prompt 0x28b8f70:     107 tokens, checkpoints:  0,     1.256 MiB
srv        update:    - prompt 0x28d3cf0:     107 tokens, checkpoints:  0,     1.256 MiB
srv        update:    - prompt 0x4a298e0:     118 tokens, checkpoints:  0,     1.385 MiB
srv        update:    - prompt 0x28bfbb0:     122 tokens, checkpoints:  0,     1.432 MiB
srv        update:    - prompt 0xf0e970:     130 tokens, checkpoints:  0,     1.525 MiB
srv        update:    - prompt 0x28e67e0:     131 tokens, checkpoints:  0,     1.537 MiB
srv        update:    - prompt 0x28d4ac0:     145 tokens, checkpoints:  0,     1.701 MiB
srv        update:    - prompt 0xf0c310:     129 tokens, checkpoints:  0,     1.514 MiB
srv        update:    - prompt 0x28b6d20:     135 tokens, checkpoints:  0,     1.584 MiB
srv        update:    - prompt 0x28cfc50:     135 tokens, checkpoints:  0,     1.584 MiB
srv        update:    - prompt 0x28c3290:     242 tokens, checkpoints:  0,     2.839 MiB
srv        update:    - prompt 0x28b9ba0:     324 tokens, checkpoints:  0,     3.801 MiB
srv        update:    - prompt 0xffff00004cf0:     362 tokens, checkpoints:  0,     4.247 MiB
srv        update:    - prompt 0xeec0d0:     424 tokens, checkpoints:  0,     4.974 MiB
srv        update:    - prompt 0x28ce470:     408 tokens, checkpoints:  0,     4.786 MiB
srv        update:    - prompt 0x28b9010:     411 tokens, checkpoints:  0,     4.822 MiB
srv        update:    - prompt 0x4a25680:     417 tokens, checkpoints:  0,     4.892 MiB
srv        update:    - prompt 0x4a293c0:     416 tokens, checkpoints:  0,     4.880 MiB
srv        update:    - prompt 0x28e40e0:     430 tokens, checkpoints:  0,     5.045 MiB
srv        update:    - prompt 0xffff3c002440:     430 tokens, checkpoints:  0,     5.045 MiB
srv        update:    - prompt 0xffff48005c10:     106 tokens, checkpoints:  0,     1.244 MiB
srv        update:    - prompt 0xffff54004690:     104 tokens, checkpoints:  0,     1.221 MiB
srv        update:    - prompt 0x28cba50:     109 tokens, checkpoints:  0,     1.279 MiB
srv        update:    - prompt 0xf0bbe0:     115 tokens, checkpoints:  0,     1.350 MiB
srv        update:    - prompt 0x28cbe30:     110 tokens, checkpoints:  0,     1.291 MiB
srv        update:    - prompt 0x28ba5b0:     112 tokens, checkpoints:  0,     1.314 MiB
srv        update:    - prompt 0x28b3170:     107 tokens, checkpoints:  0,     1.256 MiB
srv        update:    - prompt 0x28b6970:     107 tokens, checkpoints:  0,     1.256 MiB
srv        update:    - prompt 0x4a227b0:     107 tokens, checkpoints:  0,     1.256 MiB
srv        update:    - prompt 0x28db1f0:     110 tokens, checkpoints:  0,     1.291 MiB
srv        update:    - prompt 0x28cc020:     118 tokens, checkpoints:  0,     1.385 MiB
srv        update:    - prompt 0x2911090:     122 tokens, checkpoints:  0,     1.432 MiB
srv        update:    - prompt 0x653c040:     164 tokens, checkpoints:  0,     1.924 MiB
srv        update:    - prompt 0xf8fa50:     130 tokens, checkpoints:  0,     1.525 MiB
slot update_slots: id  2 | task 7619 | new prompt, n_ctx_slot = 4096, n_keep = 0, task.n_tokens = 35
slot update_slots: id  2 | task 7619 | need to evaluate at least 1 token for each active slot (n_past = 35, task.n_tokens() = 35)
slot update_slots: id  2 | task 7619 | n_past was set to 34
slot update_slots: id  2 | task 7619 | n_tokens = 34, memory_seq_rm [34, end)
slot init_sampler: id  2 | task 7619 | init sampler, took 0.02 ms, tokens: text = 35, total = 35
slot update_slots: id  2 | task 7619 | prompt processing done, n_tokens = 35, batch.n_tokens = 1
srv  log_server_r: done request: POST /completion 127.0.0.1 200
slot print_timing: id  2 | task 7619 | 
prompt eval time =      29.01 ms /     1 tokens (   29.01 ms per token,    34.47 tokens per second)
       eval time =    2708.43 ms /   100 tokens (   27.08 ms per token,    36.92 tokens per second)
      total time =    2737.44 ms /   101 tokens
slot      release: id  2 | task 7619 | stop processing: n_tokens = 134, truncated = 0
srv  update_slots: all slots are idle
slot get_availabl: id  1 | task -1 | selected slot by LRU, t_last = 36438557497
srv  get_availabl: updating prompt cache
srv          load:  - looking for better prompt, base f_keep = -1.000, sim = 0.000
srv        update:  - cache state: 58 prompts, 110.648 MiB (limits: 8192.000 MiB, 4096 tokens, 698161 est)
srv        update:    - prompt 0x28c0e20:     105 tokens, checkpoints:  0,     1.232 MiB
srv        update:    - prompt 0x28c7080:     106 tokens, checkpoints:  0,     1.244 MiB
srv        update:    - prompt 0x28d3a10:     105 tokens, checkpoints:  0,     1.232 MiB
srv        update:    - prompt 0x28c1e20:     106 tokens, checkpoints:  0,     1.244 MiB
srv        update:    - prompt 0x3d8f9b0:     104 tokens, checkpoints:  0,     1.221 MiB
srv        update:    - prompt 0x28c94c0:     109 tokens, checkpoints:  0,     1.279 MiB
srv        update:    - prompt 0xf90860:     115 tokens, checkpoints:  0,     1.350 MiB
srv        update:    - prompt 0x28ce680:     110 tokens, checkpoints:  0,     1.291 MiB
srv        update:    - prompt 0x28ba4f0:     112 tokens, checkpoints:  0,     1.314 MiB
srv        update:    - prompt 0x28dd340:     107 tokens, checkpoints:  0,     1.256 MiB
srv        update:    - prompt 0x28d1e50:     107 tokens, checkpoints:  0,     1.256 MiB
srv        update:    - prompt 0x28c0600:     107 tokens, checkpoints:  0,     1.256 MiB
srv        update:    - prompt 0x28c6e80:     118 tokens, checkpoints:  0,     1.385 MiB
srv        update:    - prompt 0x28cd710:     122 tokens, checkpoints:  0,     1.432 MiB
srv        update:    - prompt 0x28cfbb0:     130 tokens, checkpoints:  0,     1.525 MiB
srv        update:    - prompt 0x28c6380:     131 tokens, checkpoints:  0,     1.537 MiB
srv        update:    - prompt 0x28c9fe0:     129 tokens, checkpoints:  0,     1.514 MiB
srv        update:    - prompt 0x28bac10:     106 tokens, checkpoints:  0,     1.244 MiB
srv        update:    - prompt 0x28b68d0:     104 tokens, checkpoints:  0,     1.221 MiB
srv        update:    - prompt 0x4a2fdc0:     109 tokens, checkpoints:  0,     1.279 MiB
srv        update:    - prompt 0x28cdbb0:     115 tokens, checkpoints:  0,     1.350 MiB
srv        update:    - prompt 0x28ec330:     110 tokens, checkpoints:  0,     1.291 MiB
srv        update:    - prompt 0xee5330:     112 tokens, checkpoints:  0,     1.314 MiB
srv        update:    - prompt 0xf12130:     107 tokens, checkpoints:  0,     1.256 MiB
srv        update:    - prompt 0x28b8f70:     107 tokens, checkpoints:  0,     1.256 MiB
srv        update:    - prompt 0x28d3cf0:     107 tokens, checkpoints:  0,     1.256 MiB
srv        update:    - prompt 0x4a298e0:     118 tokens, checkpoints:  0,     1.385 MiB
srv        update:    - prompt 0x28bfbb0:     122 tokens, checkpoints:  0,     1.432 MiB
srv        update:    - prompt 0xf0e970:     130 tokens, checkpoints:  0,     1.525 MiB
srv        update:    - prompt 0x28e67e0:     131 tokens, checkpoints:  0,     1.537 MiB
srv        update:    - prompt 0x28d4ac0:     145 tokens, checkpoints:  0,     1.701 MiB
srv        update:    - prompt 0xf0c310:     129 tokens, checkpoints:  0,     1.514 MiB
srv        update:    - prompt 0x28b6d20:     135 tokens, checkpoints:  0,     1.584 MiB
srv        update:    - prompt 0x28cfc50:     135 tokens, checkpoints:  0,     1.584 MiB
srv        update:    - prompt 0x28c3290:     242 tokens, checkpoints:  0,     2.839 MiB
srv        update:    - prompt 0x28b9ba0:     324 tokens, checkpoints:  0,     3.801 MiB
srv        update:    - prompt 0xffff00004cf0:     362 tokens, checkpoints:  0,     4.247 MiB
srv        update:    - prompt 0xeec0d0:     424 tokens, checkpoints:  0,     4.974 MiB
srv        update:    - prompt 0x28ce470:     408 tokens, checkpoints:  0,     4.786 MiB
srv        update:    - prompt 0x28b9010:     411 tokens, checkpoints:  0,     4.822 MiB
srv        update:    - prompt 0x4a25680:     417 tokens, checkpoints:  0,     4.892 MiB
srv        update:    - prompt 0x4a293c0:     416 tokens, checkpoints:  0,     4.880 MiB
srv        update:    - prompt 0x28e40e0:     430 tokens, checkpoints:  0,     5.045 MiB
srv        update:    - prompt 0xffff3c002440:     430 tokens, checkpoints:  0,     5.045 MiB
srv        update:    - prompt 0xffff48005c10:     106 tokens, checkpoints:  0,     1.244 MiB
srv        update:    - prompt 0xffff54004690:     104 tokens, checkpoints:  0,     1.221 MiB
srv        update:    - prompt 0x28cba50:     109 tokens, checkpoints:  0,     1.279 MiB
srv        update:    - prompt 0xf0bbe0:     115 tokens, checkpoints:  0,     1.350 MiB
srv        update:    - prompt 0x28cbe30:     110 tokens, checkpoints:  0,     1.291 MiB
srv        update:    - prompt 0x28ba5b0:     112 tokens, checkpoints:  0,     1.314 MiB
srv        update:    - prompt 0x28b3170:     107 tokens, checkpoints:  0,     1.256 MiB
srv        update:    - prompt 0x28b6970:     107 tokens, checkpoints:  0,     1.256 MiB
srv        update:    - prompt 0x4a227b0:     107 tokens, checkpoints:  0,     1.256 MiB
srv        update:    - prompt 0x28db1f0:     110 tokens, checkpoints:  0,     1.291 MiB
srv        update:    - prompt 0x28cc020:     118 tokens, checkpoints:  0,     1.385 MiB
srv        update:    - prompt 0x2911090:     122 tokens, checkpoints:  0,     1.432 MiB
srv        update:    - prompt 0x653c040:     164 tokens, checkpoints:  0,     1.924 MiB
srv        update:    - prompt 0xf8fa50:     130 tokens, checkpoints:  0,     1.525 MiB
srv  get_availabl: prompt cache update took 0.21 ms
slot launch_slot_: id  1 | task -1 | sampler chain: logits -> ?penalties -> ?dry -> ?top-n-sigma -> top-k -> ?typical -> top-p -> min-p -> ?xtc -> temp-ext -> dist 
slot launch_slot_: id  1 | task 7720 | processing task, is_child = 0
slot slot_save_an: id  2 | task -1 | saving idle slot to prompt cache
srv   prompt_save:  - saving prompt with length 134, total state size = 1.572 MiB
slot prompt_clear: id  2 | task -1 | clearing prompt with 134 tokens
srv        update:  - cache state: 59 prompts, 112.221 MiB (limits: 8192.000 MiB, 4096 tokens, 698161 est)
srv        update:    - prompt 0x28c0e20:     105 tokens, checkpoints:  0,     1.232 MiB
srv        update:    - prompt 0x28c7080:     106 tokens, checkpoints:  0,     1.244 MiB
srv        update:    - prompt 0x28d3a10:     105 tokens, checkpoints:  0,     1.232 MiB
srv        update:    - prompt 0x28c1e20:     106 tokens, checkpoints:  0,     1.244 MiB
srv        update:    - prompt 0x3d8f9b0:     104 tokens, checkpoints:  0,     1.221 MiB
srv        update:    - prompt 0x28c94c0:     109 tokens, checkpoints:  0,     1.279 MiB
srv        update:    - prompt 0xf90860:     115 tokens, checkpoints:  0,     1.350 MiB
srv        update:    - prompt 0x28ce680:     110 tokens, checkpoints:  0,     1.291 MiB
srv        update:    - prompt 0x28ba4f0:     112 tokens, checkpoints:  0,     1.314 MiB
srv        update:    - prompt 0x28dd340:     107 tokens, checkpoints:  0,     1.256 MiB
srv        update:    - prompt 0x28d1e50:     107 tokens, checkpoints:  0,     1.256 MiB
srv        update:    - prompt 0x28c0600:     107 tokens, checkpoints:  0,     1.256 MiB
srv        update:    - prompt 0x28c6e80:     118 tokens, checkpoints:  0,     1.385 MiB
srv        update:    - prompt 0x28cd710:     122 tokens, checkpoints:  0,     1.432 MiB
srv        update:    - prompt 0x28cfbb0:     130 tokens, checkpoints:  0,     1.525 MiB
srv        update:    - prompt 0x28c6380:     131 tokens, checkpoints:  0,     1.537 MiB
srv        update:    - prompt 0x28c9fe0:     129 tokens, checkpoints:  0,     1.514 MiB
srv        update:    - prompt 0x28bac10:     106 tokens, checkpoints:  0,     1.244 MiB
srv        update:    - prompt 0x28b68d0:     104 tokens, checkpoints:  0,     1.221 MiB
srv        update:    - prompt 0x4a2fdc0:     109 tokens, checkpoints:  0,     1.279 MiB
srv        update:    - prompt 0x28cdbb0:     115 tokens, checkpoints:  0,     1.350 MiB
srv        update:    - prompt 0x28ec330:     110 tokens, checkpoints:  0,     1.291 MiB
srv        update:    - prompt 0xee5330:     112 tokens, checkpoints:  0,     1.314 MiB
srv        update:    - prompt 0xf12130:     107 tokens, checkpoints:  0,     1.256 MiB
srv        update:    - prompt 0x28b8f70:     107 tokens, checkpoints:  0,     1.256 MiB
srv        update:    - prompt 0x28d3cf0:     107 tokens, checkpoints:  0,     1.256 MiB
srv        update:    - prompt 0x4a298e0:     118 tokens, checkpoints:  0,     1.385 MiB
srv        update:    - prompt 0x28bfbb0:     122 tokens, checkpoints:  0,     1.432 MiB
srv        update:    - prompt 0xf0e970:     130 tokens, checkpoints:  0,     1.525 MiB
srv        update:    - prompt 0x28e67e0:     131 tokens, checkpoints:  0,     1.537 MiB
srv        update:    - prompt 0x28d4ac0:     145 tokens, checkpoints:  0,     1.701 MiB
srv        update:    - prompt 0xf0c310:     129 tokens, checkpoints:  0,     1.514 MiB
srv        update:    - prompt 0x28b6d20:     135 tokens, checkpoints:  0,     1.584 MiB
srv        update:    - prompt 0x28cfc50:     135 tokens, checkpoints:  0,     1.584 MiB
srv        update:    - prompt 0x28c3290:     242 tokens, checkpoints:  0,     2.839 MiB
srv        update:    - prompt 0x28b9ba0:     324 tokens, checkpoints:  0,     3.801 MiB
srv        update:    - prompt 0xffff00004cf0:     362 tokens, checkpoints:  0,     4.247 MiB
srv        update:    - prompt 0xeec0d0:     424 tokens, checkpoints:  0,     4.974 MiB
srv        update:    - prompt 0x28ce470:     408 tokens, checkpoints:  0,     4.786 MiB
srv        update:    - prompt 0x28b9010:     411 tokens, checkpoints:  0,     4.822 MiB
srv        update:    - prompt 0x4a25680:     417 tokens, checkpoints:  0,     4.892 MiB
srv        update:    - prompt 0x4a293c0:     416 tokens, checkpoints:  0,     4.880 MiB
srv        update:    - prompt 0x28e40e0:     430 tokens, checkpoints:  0,     5.045 MiB
srv        update:    - prompt 0xffff3c002440:     430 tokens, checkpoints:  0,     5.045 MiB
srv        update:    - prompt 0xffff48005c10:     106 tokens, checkpoints:  0,     1.244 MiB
srv        update:    - prompt 0xffff54004690:     104 tokens, checkpoints:  0,     1.221 MiB
srv        update:    - prompt 0x28cba50:     109 tokens, checkpoints:  0,     1.279 MiB
srv        update:    - prompt 0xf0bbe0:     115 tokens, checkpoints:  0,     1.350 MiB
srv        update:    - prompt 0x28cbe30:     110 tokens, checkpoints:  0,     1.291 MiB
srv        update:    - prompt 0x28ba5b0:     112 tokens, checkpoints:  0,     1.314 MiB
srv        update:    - prompt 0x28b3170:     107 tokens, checkpoints:  0,     1.256 MiB
srv        update:    - prompt 0x28b6970:     107 tokens, checkpoints:  0,     1.256 MiB
srv        update:    - prompt 0x4a227b0:     107 tokens, checkpoints:  0,     1.256 MiB
srv        update:    - prompt 0x28db1f0:     110 tokens, checkpoints:  0,     1.291 MiB
srv        update:    - prompt 0x28cc020:     118 tokens, checkpoints:  0,     1.385 MiB
srv        update:    - prompt 0x2911090:     122 tokens, checkpoints:  0,     1.432 MiB
srv        update:    - prompt 0x653c040:     164 tokens, checkpoints:  0,     1.924 MiB
srv        update:    - prompt 0xf8fa50:     130 tokens, checkpoints:  0,     1.525 MiB
srv        update:    - prompt 0x28cc0c0:     134 tokens, checkpoints:  0,     1.572 MiB
slot update_slots: id  1 | task 7720 | new prompt, n_ctx_slot = 4096, n_keep = 0, task.n_tokens = 32
slot update_slots: id  1 | task 7720 | n_tokens = 0, memory_seq_rm [0, end)
slot init_sampler: id  1 | task 7720 | init sampler, took 0.02 ms, tokens: text = 32, total = 32
slot update_slots: id  1 | task 7720 | prompt processing done, n_tokens = 32, batch.n_tokens = 32
srv  log_server_r: done request: POST /completion 127.0.0.1 200
slot print_timing: id  1 | task 7720 | 
prompt eval time =     544.25 ms /    32 tokens (   17.01 ms per token,    58.80 tokens per second)
       eval time =    2574.75 ms /   100 tokens (   25.75 ms per token,    38.84 tokens per second)
      total time =    3119.00 ms /   132 tokens
slot      release: id  1 | task 7720 | stop processing: n_tokens = 131, truncated = 0
srv  update_slots: all slots are idle
slot get_availabl: id  0 | task -1 | selected slot by LRU, t_last = 36441885904
srv  get_availabl: updating prompt cache
srv          load:  - looking for better prompt, base f_keep = -1.000, sim = 0.000
srv          load:  - found better prompt with f_keep = 0.317, sim = 1.000
srv        update:  - cache state: 58 prompts, 110.519 MiB (limits: 8192.000 MiB, 4096 tokens, 698161 est)
srv        update:    - prompt 0x28c0e20:     105 tokens, checkpoints:  0,     1.232 MiB
srv        update:    - prompt 0x28c7080:     106 tokens, checkpoints:  0,     1.244 MiB
srv        update:    - prompt 0x28d3a10:     105 tokens, checkpoints:  0,     1.232 MiB
srv        update:    - prompt 0x28c1e20:     106 tokens, checkpoints:  0,     1.244 MiB
srv        update:    - prompt 0x3d8f9b0:     104 tokens, checkpoints:  0,     1.221 MiB
srv        update:    - prompt 0x28c94c0:     109 tokens, checkpoints:  0,     1.279 MiB
srv        update:    - prompt 0xf90860:     115 tokens, checkpoints:  0,     1.350 MiB
srv        update:    - prompt 0x28ce680:     110 tokens, checkpoints:  0,     1.291 MiB
srv        update:    - prompt 0x28ba4f0:     112 tokens, checkpoints:  0,     1.314 MiB
srv        update:    - prompt 0x28dd340:     107 tokens, checkpoints:  0,     1.256 MiB
srv        update:    - prompt 0x28d1e50:     107 tokens, checkpoints:  0,     1.256 MiB
srv        update:    - prompt 0x28c0600:     107 tokens, checkpoints:  0,     1.256 MiB
srv        update:    - prompt 0x28c6e80:     118 tokens, checkpoints:  0,     1.385 MiB
srv        update:    - prompt 0x28cd710:     122 tokens, checkpoints:  0,     1.432 MiB
srv        update:    - prompt 0x28cfbb0:     130 tokens, checkpoints:  0,     1.525 MiB
srv        update:    - prompt 0x28c6380:     131 tokens, checkpoints:  0,     1.537 MiB
srv        update:    - prompt 0x28c9fe0:     129 tokens, checkpoints:  0,     1.514 MiB
srv        update:    - prompt 0x28bac10:     106 tokens, checkpoints:  0,     1.244 MiB
srv        update:    - prompt 0x28b68d0:     104 tokens, checkpoints:  0,     1.221 MiB
srv        update:    - prompt 0x4a2fdc0:     109 tokens, checkpoints:  0,     1.279 MiB
srv        update:    - prompt 0x28cdbb0:     115 tokens, checkpoints:  0,     1.350 MiB
srv        update:    - prompt 0x28ec330:     110 tokens, checkpoints:  0,     1.291 MiB
srv        update:    - prompt 0xee5330:     112 tokens, checkpoints:  0,     1.314 MiB
srv        update:    - prompt 0xf12130:     107 tokens, checkpoints:  0,     1.256 MiB
srv        update:    - prompt 0x28b8f70:     107 tokens, checkpoints:  0,     1.256 MiB
srv        update:    - prompt 0x28d3cf0:     107 tokens, checkpoints:  0,     1.256 MiB
srv        update:    - prompt 0x4a298e0:     118 tokens, checkpoints:  0,     1.385 MiB
srv        update:    - prompt 0x28bfbb0:     122 tokens, checkpoints:  0,     1.432 MiB
srv        update:    - prompt 0xf0e970:     130 tokens, checkpoints:  0,     1.525 MiB
srv        update:    - prompt 0x28e67e0:     131 tokens, checkpoints:  0,     1.537 MiB
srv        update:    - prompt 0xf0c310:     129 tokens, checkpoints:  0,     1.514 MiB
srv        update:    - prompt 0x28b6d20:     135 tokens, checkpoints:  0,     1.584 MiB
srv        update:    - prompt 0x28cfc50:     135 tokens, checkpoints:  0,     1.584 MiB
srv        update:    - prompt 0x28c3290:     242 tokens, checkpoints:  0,     2.839 MiB
srv        update:    - prompt 0x28b9ba0:     324 tokens, checkpoints:  0,     3.801 MiB
srv        update:    - prompt 0xffff00004cf0:     362 tokens, checkpoints:  0,     4.247 MiB
srv        update:    - prompt 0xeec0d0:     424 tokens, checkpoints:  0,     4.974 MiB
srv        update:    - prompt 0x28ce470:     408 tokens, checkpoints:  0,     4.786 MiB
srv        update:    - prompt 0x28b9010:     411 tokens, checkpoints:  0,     4.822 MiB
srv        update:    - prompt 0x4a25680:     417 tokens, checkpoints:  0,     4.892 MiB
srv        update:    - prompt 0x4a293c0:     416 tokens, checkpoints:  0,     4.880 MiB
srv        update:    - prompt 0x28e40e0:     430 tokens, checkpoints:  0,     5.045 MiB
srv        update:    - prompt 0xffff3c002440:     430 tokens, checkpoints:  0,     5.045 MiB
srv        update:    - prompt 0xffff48005c10:     106 tokens, checkpoints:  0,     1.244 MiB
srv        update:    - prompt 0xffff54004690:     104 tokens, checkpoints:  0,     1.221 MiB
srv        update:    - prompt 0x28cba50:     109 tokens, checkpoints:  0,     1.279 MiB
srv        update:    - prompt 0xf0bbe0:     115 tokens, checkpoints:  0,     1.350 MiB
srv        update:    - prompt 0x28cbe30:     110 tokens, checkpoints:  0,     1.291 MiB
srv        update:    - prompt 0x28ba5b0:     112 tokens, checkpoints:  0,     1.314 MiB
srv        update:    - prompt 0x28b3170:     107 tokens, checkpoints:  0,     1.256 MiB
srv        update:    - prompt 0x28b6970:     107 tokens, checkpoints:  0,     1.256 MiB
srv        update:    - prompt 0x4a227b0:     107 tokens, checkpoints:  0,     1.256 MiB
srv        update:    - prompt 0x28db1f0:     110 tokens, checkpoints:  0,     1.291 MiB
srv        update:    - prompt 0x28cc020:     118 tokens, checkpoints:  0,     1.385 MiB
srv        update:    - prompt 0x2911090:     122 tokens, checkpoints:  0,     1.432 MiB
srv        update:    - prompt 0x653c040:     164 tokens, checkpoints:  0,     1.924 MiB
srv        update:    - prompt 0xf8fa50:     130 tokens, checkpoints:  0,     1.525 MiB
srv        update:    - prompt 0x28cc0c0:     134 tokens, checkpoints:  0,     1.572 MiB
srv  get_availabl: prompt cache update took 0.77 ms
slot launch_slot_: id  0 | task -1 | sampler chain: logits -> ?penalties -> ?dry -> ?top-n-sigma -> top-k -> ?typical -> top-p -> min-p -> ?xtc -> temp-ext -> dist 
slot launch_slot_: id  0 | task 7821 | processing task, is_child = 0
slot slot_save_an: id  1 | task -1 | saving idle slot to prompt cache
srv   prompt_save:  - saving prompt with length 131, total state size = 1.537 MiB
slot prompt_clear: id  1 | task -1 | clearing prompt with 131 tokens
srv        update:  - cache state: 59 prompts, 112.057 MiB (limits: 8192.000 MiB, 4096 tokens, 698161 est)
srv        update:    - prompt 0x28c0e20:     105 tokens, checkpoints:  0,     1.232 MiB
srv        update:    - prompt 0x28c7080:     106 tokens, checkpoints:  0,     1.244 MiB
srv        update:    - prompt 0x28d3a10:     105 tokens, checkpoints:  0,     1.232 MiB
srv        update:    - prompt 0x28c1e20:     106 tokens, checkpoints:  0,     1.244 MiB
srv        update:    - prompt 0x3d8f9b0:     104 tokens, checkpoints:  0,     1.221 MiB
srv        update:    - prompt 0x28c94c0:     109 tokens, checkpoints:  0,     1.279 MiB
srv        update:    - prompt 0xf90860:     115 tokens, checkpoints:  0,     1.350 MiB
srv        update:    - prompt 0x28ce680:     110 tokens, checkpoints:  0,     1.291 MiB
srv        update:    - prompt 0x28ba4f0:     112 tokens, checkpoints:  0,     1.314 MiB
srv        update:    - prompt 0x28dd340:     107 tokens, checkpoints:  0,     1.256 MiB
srv        update:    - prompt 0x28d1e50:     107 tokens, checkpoints:  0,     1.256 MiB
srv        update:    - prompt 0x28c0600:     107 tokens, checkpoints:  0,     1.256 MiB
srv        update:    - prompt 0x28c6e80:     118 tokens, checkpoints:  0,     1.385 MiB
srv        update:    - prompt 0x28cd710:     122 tokens, checkpoints:  0,     1.432 MiB
srv        update:    - prompt 0x28cfbb0:     130 tokens, checkpoints:  0,     1.525 MiB
srv        update:    - prompt 0x28c6380:     131 tokens, checkpoints:  0,     1.537 MiB
srv        update:    - prompt 0x28c9fe0:     129 tokens, checkpoints:  0,     1.514 MiB
srv        update:    - prompt 0x28bac10:     106 tokens, checkpoints:  0,     1.244 MiB
srv        update:    - prompt 0x28b68d0:     104 tokens, checkpoints:  0,     1.221 MiB
srv        update:    - prompt 0x4a2fdc0:     109 tokens, checkpoints:  0,     1.279 MiB
srv        update:    - prompt 0x28cdbb0:     115 tokens, checkpoints:  0,     1.350 MiB
srv        update:    - prompt 0x28ec330:     110 tokens, checkpoints:  0,     1.291 MiB
srv        update:    - prompt 0xee5330:     112 tokens, checkpoints:  0,     1.314 MiB
srv        update:    - prompt 0xf12130:     107 tokens, checkpoints:  0,     1.256 MiB
srv        update:    - prompt 0x28b8f70:     107 tokens, checkpoints:  0,     1.256 MiB
srv        update:    - prompt 0x28d3cf0:     107 tokens, checkpoints:  0,     1.256 MiB
srv        update:    - prompt 0x4a298e0:     118 tokens, checkpoints:  0,     1.385 MiB
srv        update:    - prompt 0x28bfbb0:     122 tokens, checkpoints:  0,     1.432 MiB
srv        update:    - prompt 0xf0e970:     130 tokens, checkpoints:  0,     1.525 MiB
srv        update:    - prompt 0x28e67e0:     131 tokens, checkpoints:  0,     1.537 MiB
srv        update:    - prompt 0xf0c310:     129 tokens, checkpoints:  0,     1.514 MiB
srv        update:    - prompt 0x28b6d20:     135 tokens, checkpoints:  0,     1.584 MiB
srv        update:    - prompt 0x28cfc50:     135 tokens, checkpoints:  0,     1.584 MiB
srv        update:    - prompt 0x28c3290:     242 tokens, checkpoints:  0,     2.839 MiB
srv        update:    - prompt 0x28b9ba0:     324 tokens, checkpoints:  0,     3.801 MiB
srv        update:    - prompt 0xffff00004cf0:     362 tokens, checkpoints:  0,     4.247 MiB
srv        update:    - prompt 0xeec0d0:     424 tokens, checkpoints:  0,     4.974 MiB
srv        update:    - prompt 0x28ce470:     408 tokens, checkpoints:  0,     4.786 MiB
srv        update:    - prompt 0x28b9010:     411 tokens, checkpoints:  0,     4.822 MiB
srv        update:    - prompt 0x4a25680:     417 tokens, checkpoints:  0,     4.892 MiB
srv        update:    - prompt 0x4a293c0:     416 tokens, checkpoints:  0,     4.880 MiB
srv        update:    - prompt 0x28e40e0:     430 tokens, checkpoints:  0,     5.045 MiB
srv        update:    - prompt 0xffff3c002440:     430 tokens, checkpoints:  0,     5.045 MiB
srv        update:    - prompt 0xffff48005c10:     106 tokens, checkpoints:  0,     1.244 MiB
srv        update:    - prompt 0xffff54004690:     104 tokens, checkpoints:  0,     1.221 MiB
srv        update:    - prompt 0x28cba50:     109 tokens, checkpoints:  0,     1.279 MiB
srv        update:    - prompt 0xf0bbe0:     115 tokens, checkpoints:  0,     1.350 MiB
srv        update:    - prompt 0x28cbe30:     110 tokens, checkpoints:  0,     1.291 MiB
srv        update:    - prompt 0x28ba5b0:     112 tokens, checkpoints:  0,     1.314 MiB
srv        update:    - prompt 0x28b3170:     107 tokens, checkpoints:  0,     1.256 MiB
srv        update:    - prompt 0x28b6970:     107 tokens, checkpoints:  0,     1.256 MiB
srv        update:    - prompt 0x4a227b0:     107 tokens, checkpoints:  0,     1.256 MiB
srv        update:    - prompt 0x28db1f0:     110 tokens, checkpoints:  0,     1.291 MiB
srv        update:    - prompt 0x28cc020:     118 tokens, checkpoints:  0,     1.385 MiB
srv        update:    - prompt 0x2911090:     122 tokens, checkpoints:  0,     1.432 MiB
srv        update:    - prompt 0x653c040:     164 tokens, checkpoints:  0,     1.924 MiB
srv        update:    - prompt 0xf8fa50:     130 tokens, checkpoints:  0,     1.525 MiB
srv        update:    - prompt 0x28cc0c0:     134 tokens, checkpoints:  0,     1.572 MiB
srv        update:    - prompt 0x28d4ac0:     131 tokens, checkpoints:  0,     1.537 MiB
slot update_slots: id  0 | task 7821 | new prompt, n_ctx_slot = 4096, n_keep = 0, task.n_tokens = 46
slot update_slots: id  0 | task 7821 | need to evaluate at least 1 token for each active slot (n_past = 46, task.n_tokens() = 46)
slot update_slots: id  0 | task 7821 | n_past was set to 45
slot update_slots: id  0 | task 7821 | n_tokens = 45, memory_seq_rm [45, end)
slot init_sampler: id  0 | task 7821 | init sampler, took 0.02 ms, tokens: text = 46, total = 46
slot update_slots: id  0 | task 7821 | prompt processing done, n_tokens = 46, batch.n_tokens = 1
srv  log_server_r: done request: POST /completion 127.0.0.1 200
slot print_timing: id  0 | task 7821 | 
prompt eval time =      29.06 ms /     1 tokens (   29.06 ms per token,    34.41 tokens per second)
       eval time =    2705.68 ms /   100 tokens (   27.06 ms per token,    36.96 tokens per second)
      total time =    2734.74 ms /   101 tokens
slot      release: id  0 | task 7821 | stop processing: n_tokens = 145, truncated = 0
srv  update_slots: all slots are idle
slot get_availabl: id  3 | task -1 | selected slot by LRU, t_last = 36445577055
srv  get_availabl: updating prompt cache
srv          load:  - looking for better prompt, base f_keep = -1.000, sim = 0.000
srv        update:  - cache state: 59 prompts, 112.057 MiB (limits: 8192.000 MiB, 4096 tokens, 698161 est)
srv        update:    - prompt 0x28c0e20:     105 tokens, checkpoints:  0,     1.232 MiB
srv        update:    - prompt 0x28c7080:     106 tokens, checkpoints:  0,     1.244 MiB
srv        update:    - prompt 0x28d3a10:     105 tokens, checkpoints:  0,     1.232 MiB
srv        update:    - prompt 0x28c1e20:     106 tokens, checkpoints:  0,     1.244 MiB
srv        update:    - prompt 0x3d8f9b0:     104 tokens, checkpoints:  0,     1.221 MiB
srv        update:    - prompt 0x28c94c0:     109 tokens, checkpoints:  0,     1.279 MiB
srv        update:    - prompt 0xf90860:     115 tokens, checkpoints:  0,     1.350 MiB
srv        update:    - prompt 0x28ce680:     110 tokens, checkpoints:  0,     1.291 MiB
srv        update:    - prompt 0x28ba4f0:     112 tokens, checkpoints:  0,     1.314 MiB
srv        update:    - prompt 0x28dd340:     107 tokens, checkpoints:  0,     1.256 MiB
srv        update:    - prompt 0x28d1e50:     107 tokens, checkpoints:  0,     1.256 MiB
srv        update:    - prompt 0x28c0600:     107 tokens, checkpoints:  0,     1.256 MiB
srv        update:    - prompt 0x28c6e80:     118 tokens, checkpoints:  0,     1.385 MiB
srv        update:    - prompt 0x28cd710:     122 tokens, checkpoints:  0,     1.432 MiB
srv        update:    - prompt 0x28cfbb0:     130 tokens, checkpoints:  0,     1.525 MiB
srv        update:    - prompt 0x28c6380:     131 tokens, checkpoints:  0,     1.537 MiB
srv        update:    - prompt 0x28c9fe0:     129 tokens, checkpoints:  0,     1.514 MiB
srv        update:    - prompt 0x28bac10:     106 tokens, checkpoints:  0,     1.244 MiB
srv        update:    - prompt 0x28b68d0:     104 tokens, checkpoints:  0,     1.221 MiB
srv        update:    - prompt 0x4a2fdc0:     109 tokens, checkpoints:  0,     1.279 MiB
srv        update:    - prompt 0x28cdbb0:     115 tokens, checkpoints:  0,     1.350 MiB
srv        update:    - prompt 0x28ec330:     110 tokens, checkpoints:  0,     1.291 MiB
srv        update:    - prompt 0xee5330:     112 tokens, checkpoints:  0,     1.314 MiB
srv        update:    - prompt 0xf12130:     107 tokens, checkpoints:  0,     1.256 MiB
srv        update:    - prompt 0x28b8f70:     107 tokens, checkpoints:  0,     1.256 MiB
srv        update:    - prompt 0x28d3cf0:     107 tokens, checkpoints:  0,     1.256 MiB
srv        update:    - prompt 0x4a298e0:     118 tokens, checkpoints:  0,     1.385 MiB
srv        update:    - prompt 0x28bfbb0:     122 tokens, checkpoints:  0,     1.432 MiB
srv        update:    - prompt 0xf0e970:     130 tokens, checkpoints:  0,     1.525 MiB
srv        update:    - prompt 0x28e67e0:     131 tokens, checkpoints:  0,     1.537 MiB
srv        update:    - prompt 0xf0c310:     129 tokens, checkpoints:  0,     1.514 MiB
srv        update:    - prompt 0x28b6d20:     135 tokens, checkpoints:  0,     1.584 MiB
srv        update:    - prompt 0x28cfc50:     135 tokens, checkpoints:  0,     1.584 MiB
srv        update:    - prompt 0x28c3290:     242 tokens, checkpoints:  0,     2.839 MiB
srv        update:    - prompt 0x28b9ba0:     324 tokens, checkpoints:  0,     3.801 MiB
srv        update:    - prompt 0xffff00004cf0:     362 tokens, checkpoints:  0,     4.247 MiB
srv        update:    - prompt 0xeec0d0:     424 tokens, checkpoints:  0,     4.974 MiB
srv        update:    - prompt 0x28ce470:     408 tokens, checkpoints:  0,     4.786 MiB
srv        update:    - prompt 0x28b9010:     411 tokens, checkpoints:  0,     4.822 MiB
srv        update:    - prompt 0x4a25680:     417 tokens, checkpoints:  0,     4.892 MiB
srv        update:    - prompt 0x4a293c0:     416 tokens, checkpoints:  0,     4.880 MiB
srv        update:    - prompt 0x28e40e0:     430 tokens, checkpoints:  0,     5.045 MiB
srv        update:    - prompt 0xffff3c002440:     430 tokens, checkpoints:  0,     5.045 MiB
srv        update:    - prompt 0xffff48005c10:     106 tokens, checkpoints:  0,     1.244 MiB
srv        update:    - prompt 0xffff54004690:     104 tokens, checkpoints:  0,     1.221 MiB
srv        update:    - prompt 0x28cba50:     109 tokens, checkpoints:  0,     1.279 MiB
srv        update:    - prompt 0xf0bbe0:     115 tokens, checkpoints:  0,     1.350 MiB
srv        update:    - prompt 0x28cbe30:     110 tokens, checkpoints:  0,     1.291 MiB
srv        update:    - prompt 0x28ba5b0:     112 tokens, checkpoints:  0,     1.314 MiB
srv        update:    - prompt 0x28b3170:     107 tokens, checkpoints:  0,     1.256 MiB
srv        update:    - prompt 0x28b6970:     107 tokens, checkpoints:  0,     1.256 MiB
srv        update:    - prompt 0x4a227b0:     107 tokens, checkpoints:  0,     1.256 MiB
srv        update:    - prompt 0x28db1f0:     110 tokens, checkpoints:  0,     1.291 MiB
srv        update:    - prompt 0x28cc020:     118 tokens, checkpoints:  0,     1.385 MiB
srv        update:    - prompt 0x2911090:     122 tokens, checkpoints:  0,     1.432 MiB
srv        update:    - prompt 0x653c040:     164 tokens, checkpoints:  0,     1.924 MiB
srv        update:    - prompt 0xf8fa50:     130 tokens, checkpoints:  0,     1.525 MiB
srv        update:    - prompt 0x28cc0c0:     134 tokens, checkpoints:  0,     1.572 MiB
srv        update:    - prompt 0x28d4ac0:     131 tokens, checkpoints:  0,     1.537 MiB
srv  get_availabl: prompt cache update took 0.19 ms
slot launch_slot_: id  3 | task -1 | sampler chain: logits -> ?penalties -> ?dry -> ?top-n-sigma -> top-k -> ?typical -> top-p -> min-p -> ?xtc -> temp-ext -> dist 
slot launch_slot_: id  3 | task 7922 | processing task, is_child = 0
slot slot_save_an: id  0 | task -1 | saving idle slot to prompt cache
srv   prompt_save:  - saving prompt with length 145, total state size = 1.701 MiB
slot prompt_clear: id  0 | task -1 | clearing prompt with 145 tokens
srv        update:  - cache state: 60 prompts, 113.758 MiB (limits: 8192.000 MiB, 4096 tokens, 698160 est)
srv        update:    - prompt 0x28c0e20:     105 tokens, checkpoints:  0,     1.232 MiB
srv        update:    - prompt 0x28c7080:     106 tokens, checkpoints:  0,     1.244 MiB
srv        update:    - prompt 0x28d3a10:     105 tokens, checkpoints:  0,     1.232 MiB
srv        update:    - prompt 0x28c1e20:     106 tokens, checkpoints:  0,     1.244 MiB
srv        update:    - prompt 0x3d8f9b0:     104 tokens, checkpoints:  0,     1.221 MiB
srv        update:    - prompt 0x28c94c0:     109 tokens, checkpoints:  0,     1.279 MiB
srv        update:    - prompt 0xf90860:     115 tokens, checkpoints:  0,     1.350 MiB
srv        update:    - prompt 0x28ce680:     110 tokens, checkpoints:  0,     1.291 MiB
srv        update:    - prompt 0x28ba4f0:     112 tokens, checkpoints:  0,     1.314 MiB
srv        update:    - prompt 0x28dd340:     107 tokens, checkpoints:  0,     1.256 MiB
srv        update:    - prompt 0x28d1e50:     107 tokens, checkpoints:  0,     1.256 MiB
srv        update:    - prompt 0x28c0600:     107 tokens, checkpoints:  0,     1.256 MiB
srv        update:    - prompt 0x28c6e80:     118 tokens, checkpoints:  0,     1.385 MiB
srv        update:    - prompt 0x28cd710:     122 tokens, checkpoints:  0,     1.432 MiB
srv        update:    - prompt 0x28cfbb0:     130 tokens, checkpoints:  0,     1.525 MiB
srv        update:    - prompt 0x28c6380:     131 tokens, checkpoints:  0,     1.537 MiB
srv        update:    - prompt 0x28c9fe0:     129 tokens, checkpoints:  0,     1.514 MiB
srv        update:    - prompt 0x28bac10:     106 tokens, checkpoints:  0,     1.244 MiB
srv        update:    - prompt 0x28b68d0:     104 tokens, checkpoints:  0,     1.221 MiB
srv        update:    - prompt 0x4a2fdc0:     109 tokens, checkpoints:  0,     1.279 MiB
srv        update:    - prompt 0x28cdbb0:     115 tokens, checkpoints:  0,     1.350 MiB
srv        update:    - prompt 0x28ec330:     110 tokens, checkpoints:  0,     1.291 MiB
srv        update:    - prompt 0xee5330:     112 tokens, checkpoints:  0,     1.314 MiB
srv        update:    - prompt 0xf12130:     107 tokens, checkpoints:  0,     1.256 MiB
srv        update:    - prompt 0x28b8f70:     107 tokens, checkpoints:  0,     1.256 MiB
srv        update:    - prompt 0x28d3cf0:     107 tokens, checkpoints:  0,     1.256 MiB
srv        update:    - prompt 0x4a298e0:     118 tokens, checkpoints:  0,     1.385 MiB
srv        update:    - prompt 0x28bfbb0:     122 tokens, checkpoints:  0,     1.432 MiB
srv        update:    - prompt 0xf0e970:     130 tokens, checkpoints:  0,     1.525 MiB
srv        update:    - prompt 0x28e67e0:     131 tokens, checkpoints:  0,     1.537 MiB
srv        update:    - prompt 0xf0c310:     129 tokens, checkpoints:  0,     1.514 MiB
srv        update:    - prompt 0x28b6d20:     135 tokens, checkpoints:  0,     1.584 MiB
srv        update:    - prompt 0x28cfc50:     135 tokens, checkpoints:  0,     1.584 MiB
srv        update:    - prompt 0x28c3290:     242 tokens, checkpoints:  0,     2.839 MiB
srv        update:    - prompt 0x28b9ba0:     324 tokens, checkpoints:  0,     3.801 MiB
srv        update:    - prompt 0xffff00004cf0:     362 tokens, checkpoints:  0,     4.247 MiB
srv        update:    - prompt 0xeec0d0:     424 tokens, checkpoints:  0,     4.974 MiB
srv        update:    - prompt 0x28ce470:     408 tokens, checkpoints:  0,     4.786 MiB
srv        update:    - prompt 0x28b9010:     411 tokens, checkpoints:  0,     4.822 MiB
srv        update:    - prompt 0x4a25680:     417 tokens, checkpoints:  0,     4.892 MiB
srv        update:    - prompt 0x4a293c0:     416 tokens, checkpoints:  0,     4.880 MiB
srv        update:    - prompt 0x28e40e0:     430 tokens, checkpoints:  0,     5.045 MiB
srv        update:    - prompt 0xffff3c002440:     430 tokens, checkpoints:  0,     5.045 MiB
srv        update:    - prompt 0xffff48005c10:     106 tokens, checkpoints:  0,     1.244 MiB
srv        update:    - prompt 0xffff54004690:     104 tokens, checkpoints:  0,     1.221 MiB
srv        update:    - prompt 0x28cba50:     109 tokens, checkpoints:  0,     1.279 MiB
srv        update:    - prompt 0xf0bbe0:     115 tokens, checkpoints:  0,     1.350 MiB
srv        update:    - prompt 0x28cbe30:     110 tokens, checkpoints:  0,     1.291 MiB
srv        update:    - prompt 0x28ba5b0:     112 tokens, checkpoints:  0,     1.314 MiB
srv        update:    - prompt 0x28b3170:     107 tokens, checkpoints:  0,     1.256 MiB
srv        update:    - prompt 0x28b6970:     107 tokens, checkpoints:  0,     1.256 MiB
srv        update:    - prompt 0x4a227b0:     107 tokens, checkpoints:  0,     1.256 MiB
srv        update:    - prompt 0x28db1f0:     110 tokens, checkpoints:  0,     1.291 MiB
srv        update:    - prompt 0x28cc020:     118 tokens, checkpoints:  0,     1.385 MiB
srv        update:    - prompt 0x2911090:     122 tokens, checkpoints:  0,     1.432 MiB
srv        update:    - prompt 0x653c040:     164 tokens, checkpoints:  0,     1.924 MiB
srv        update:    - prompt 0xf8fa50:     130 tokens, checkpoints:  0,     1.525 MiB
srv        update:    - prompt 0x28cc0c0:     134 tokens, checkpoints:  0,     1.572 MiB
srv        update:    - prompt 0x28d4ac0:     131 tokens, checkpoints:  0,     1.537 MiB
srv        update:    - prompt 0x28d34d0:     145 tokens, checkpoints:  0,     1.701 MiB
slot update_slots: id  3 | task 7922 | new prompt, n_ctx_slot = 4096, n_keep = 0, task.n_tokens = 30
slot update_slots: id  3 | task 7922 | n_tokens = 0, memory_seq_rm [0, end)
slot init_sampler: id  3 | task 7922 | init sampler, took 0.02 ms, tokens: text = 30, total = 30
slot update_slots: id  3 | task 7922 | prompt processing done, n_tokens = 30, batch.n_tokens = 30
srv  log_server_r: done request: POST /completion 127.0.0.1 200
slot print_timing: id  3 | task 7922 | 
prompt eval time =     511.09 ms /    30 tokens (   17.04 ms per token,    58.70 tokens per second)
       eval time =    2577.51 ms /   100 tokens (   25.78 ms per token,    38.80 tokens per second)
      total time =    3088.60 ms /   130 tokens
slot      release: id  3 | task 7922 | stop processing: n_tokens = 129, truncated = 0
srv  update_slots: all slots are idle
slot get_availabl: id  2 | task -1 | selected slot by LRU, t_last = 36448902135
srv  get_availabl: updating prompt cache
srv          load:  - looking for better prompt, base f_keep = -1.000, sim = 0.000
srv          load:  - found better prompt with f_keep = 0.267, sim = 1.000
srv        update:  - cache state: 59 prompts, 112.174 MiB (limits: 8192.000 MiB, 4096 tokens, 698161 est)
srv        update:    - prompt 0x28c0e20:     105 tokens, checkpoints:  0,     1.232 MiB
srv        update:    - prompt 0x28c7080:     106 tokens, checkpoints:  0,     1.244 MiB
srv        update:    - prompt 0x28d3a10:     105 tokens, checkpoints:  0,     1.232 MiB
srv        update:    - prompt 0x28c1e20:     106 tokens, checkpoints:  0,     1.244 MiB
srv        update:    - prompt 0x3d8f9b0:     104 tokens, checkpoints:  0,     1.221 MiB
srv        update:    - prompt 0x28c94c0:     109 tokens, checkpoints:  0,     1.279 MiB
srv        update:    - prompt 0xf90860:     115 tokens, checkpoints:  0,     1.350 MiB
srv        update:    - prompt 0x28ce680:     110 tokens, checkpoints:  0,     1.291 MiB
srv        update:    - prompt 0x28ba4f0:     112 tokens, checkpoints:  0,     1.314 MiB
srv        update:    - prompt 0x28dd340:     107 tokens, checkpoints:  0,     1.256 MiB
srv        update:    - prompt 0x28d1e50:     107 tokens, checkpoints:  0,     1.256 MiB
srv        update:    - prompt 0x28c0600:     107 tokens, checkpoints:  0,     1.256 MiB
srv        update:    - prompt 0x28c6e80:     118 tokens, checkpoints:  0,     1.385 MiB
srv        update:    - prompt 0x28cd710:     122 tokens, checkpoints:  0,     1.432 MiB
srv        update:    - prompt 0x28cfbb0:     130 tokens, checkpoints:  0,     1.525 MiB
srv        update:    - prompt 0x28c6380:     131 tokens, checkpoints:  0,     1.537 MiB
srv        update:    - prompt 0x28c9fe0:     129 tokens, checkpoints:  0,     1.514 MiB
srv        update:    - prompt 0x28bac10:     106 tokens, checkpoints:  0,     1.244 MiB
srv        update:    - prompt 0x28b68d0:     104 tokens, checkpoints:  0,     1.221 MiB
srv        update:    - prompt 0x4a2fdc0:     109 tokens, checkpoints:  0,     1.279 MiB
srv        update:    - prompt 0x28cdbb0:     115 tokens, checkpoints:  0,     1.350 MiB
srv        update:    - prompt 0x28ec330:     110 tokens, checkpoints:  0,     1.291 MiB
srv        update:    - prompt 0xee5330:     112 tokens, checkpoints:  0,     1.314 MiB
srv        update:    - prompt 0xf12130:     107 tokens, checkpoints:  0,     1.256 MiB
srv        update:    - prompt 0x28b8f70:     107 tokens, checkpoints:  0,     1.256 MiB
srv        update:    - prompt 0x28d3cf0:     107 tokens, checkpoints:  0,     1.256 MiB
srv        update:    - prompt 0x4a298e0:     118 tokens, checkpoints:  0,     1.385 MiB
srv        update:    - prompt 0x28bfbb0:     122 tokens, checkpoints:  0,     1.432 MiB
srv        update:    - prompt 0xf0e970:     130 tokens, checkpoints:  0,     1.525 MiB
srv        update:    - prompt 0x28e67e0:     131 tokens, checkpoints:  0,     1.537 MiB
srv        update:    - prompt 0xf0c310:     129 tokens, checkpoints:  0,     1.514 MiB
srv        update:    - prompt 0x28cfc50:     135 tokens, checkpoints:  0,     1.584 MiB
srv        update:    - prompt 0x28c3290:     242 tokens, checkpoints:  0,     2.839 MiB
srv        update:    - prompt 0x28b9ba0:     324 tokens, checkpoints:  0,     3.801 MiB
srv        update:    - prompt 0xffff00004cf0:     362 tokens, checkpoints:  0,     4.247 MiB
srv        update:    - prompt 0xeec0d0:     424 tokens, checkpoints:  0,     4.974 MiB
srv        update:    - prompt 0x28ce470:     408 tokens, checkpoints:  0,     4.786 MiB
srv        update:    - prompt 0x28b9010:     411 tokens, checkpoints:  0,     4.822 MiB
srv        update:    - prompt 0x4a25680:     417 tokens, checkpoints:  0,     4.892 MiB
srv        update:    - prompt 0x4a293c0:     416 tokens, checkpoints:  0,     4.880 MiB
srv        update:    - prompt 0x28e40e0:     430 tokens, checkpoints:  0,     5.045 MiB
srv        update:    - prompt 0xffff3c002440:     430 tokens, checkpoints:  0,     5.045 MiB
srv        update:    - prompt 0xffff48005c10:     106 tokens, checkpoints:  0,     1.244 MiB
srv        update:    - prompt 0xffff54004690:     104 tokens, checkpoints:  0,     1.221 MiB
srv        update:    - prompt 0x28cba50:     109 tokens, checkpoints:  0,     1.279 MiB
srv        update:    - prompt 0xf0bbe0:     115 tokens, checkpoints:  0,     1.350 MiB
srv        update:    - prompt 0x28cbe30:     110 tokens, checkpoints:  0,     1.291 MiB
srv        update:    - prompt 0x28ba5b0:     112 tokens, checkpoints:  0,     1.314 MiB
srv        update:    - prompt 0x28b3170:     107 tokens, checkpoints:  0,     1.256 MiB
srv        update:    - prompt 0x28b6970:     107 tokens, checkpoints:  0,     1.256 MiB
srv        update:    - prompt 0x4a227b0:     107 tokens, checkpoints:  0,     1.256 MiB
srv        update:    - prompt 0x28db1f0:     110 tokens, checkpoints:  0,     1.291 MiB
srv        update:    - prompt 0x28cc020:     118 tokens, checkpoints:  0,     1.385 MiB
srv        update:    - prompt 0x2911090:     122 tokens, checkpoints:  0,     1.432 MiB
srv        update:    - prompt 0x653c040:     164 tokens, checkpoints:  0,     1.924 MiB
srv        update:    - prompt 0xf8fa50:     130 tokens, checkpoints:  0,     1.525 MiB
srv        update:    - prompt 0x28cc0c0:     134 tokens, checkpoints:  0,     1.572 MiB
srv        update:    - prompt 0x28d4ac0:     131 tokens, checkpoints:  0,     1.537 MiB
srv        update:    - prompt 0x28d34d0:     145 tokens, checkpoints:  0,     1.701 MiB
srv  get_availabl: prompt cache update took 0.72 ms
slot launch_slot_: id  2 | task -1 | sampler chain: logits -> ?penalties -> ?dry -> ?top-n-sigma -> top-k -> ?typical -> top-p -> min-p -> ?xtc -> temp-ext -> dist 
slot launch_slot_: id  2 | task 8023 | processing task, is_child = 0
slot slot_save_an: id  3 | task -1 | saving idle slot to prompt cache
srv   prompt_save:  - saving prompt with length 129, total state size = 1.514 MiB
slot prompt_clear: id  3 | task -1 | clearing prompt with 129 tokens
srv        update:  - cache state: 60 prompts, 113.688 MiB (limits: 8192.000 MiB, 4096 tokens, 698160 est)
srv        update:    - prompt 0x28c0e20:     105 tokens, checkpoints:  0,     1.232 MiB
srv        update:    - prompt 0x28c7080:     106 tokens, checkpoints:  0,     1.244 MiB
srv        update:    - prompt 0x28d3a10:     105 tokens, checkpoints:  0,     1.232 MiB
srv        update:    - prompt 0x28c1e20:     106 tokens, checkpoints:  0,     1.244 MiB
srv        update:    - prompt 0x3d8f9b0:     104 tokens, checkpoints:  0,     1.221 MiB
srv        update:    - prompt 0x28c94c0:     109 tokens, checkpoints:  0,     1.279 MiB
srv        update:    - prompt 0xf90860:     115 tokens, checkpoints:  0,     1.350 MiB
srv        update:    - prompt 0x28ce680:     110 tokens, checkpoints:  0,     1.291 MiB
srv        update:    - prompt 0x28ba4f0:     112 tokens, checkpoints:  0,     1.314 MiB
srv        update:    - prompt 0x28dd340:     107 tokens, checkpoints:  0,     1.256 MiB
srv        update:    - prompt 0x28d1e50:     107 tokens, checkpoints:  0,     1.256 MiB
srv        update:    - prompt 0x28c0600:     107 tokens, checkpoints:  0,     1.256 MiB
srv        update:    - prompt 0x28c6e80:     118 tokens, checkpoints:  0,     1.385 MiB
srv        update:    - prompt 0x28cd710:     122 tokens, checkpoints:  0,     1.432 MiB
srv        update:    - prompt 0x28cfbb0:     130 tokens, checkpoints:  0,     1.525 MiB
srv        update:    - prompt 0x28c6380:     131 tokens, checkpoints:  0,     1.537 MiB
srv        update:    - prompt 0x28c9fe0:     129 tokens, checkpoints:  0,     1.514 MiB
srv        update:    - prompt 0x28bac10:     106 tokens, checkpoints:  0,     1.244 MiB
srv        update:    - prompt 0x28b68d0:     104 tokens, checkpoints:  0,     1.221 MiB
srv        update:    - prompt 0x4a2fdc0:     109 tokens, checkpoints:  0,     1.279 MiB
srv        update:    - prompt 0x28cdbb0:     115 tokens, checkpoints:  0,     1.350 MiB
srv        update:    - prompt 0x28ec330:     110 tokens, checkpoints:  0,     1.291 MiB
srv        update:    - prompt 0xee5330:     112 tokens, checkpoints:  0,     1.314 MiB
srv        update:    - prompt 0xf12130:     107 tokens, checkpoints:  0,     1.256 MiB
srv        update:    - prompt 0x28b8f70:     107 tokens, checkpoints:  0,     1.256 MiB
srv        update:    - prompt 0x28d3cf0:     107 tokens, checkpoints:  0,     1.256 MiB
srv        update:    - prompt 0x4a298e0:     118 tokens, checkpoints:  0,     1.385 MiB
srv        update:    - prompt 0x28bfbb0:     122 tokens, checkpoints:  0,     1.432 MiB
srv        update:    - prompt 0xf0e970:     130 tokens, checkpoints:  0,     1.525 MiB
srv        update:    - prompt 0x28e67e0:     131 tokens, checkpoints:  0,     1.537 MiB
srv        update:    - prompt 0xf0c310:     129 tokens, checkpoints:  0,     1.514 MiB
srv        update:    - prompt 0x28cfc50:     135 tokens, checkpoints:  0,     1.584 MiB
srv        update:    - prompt 0x28c3290:     242 tokens, checkpoints:  0,     2.839 MiB
srv        update:    - prompt 0x28b9ba0:     324 tokens, checkpoints:  0,     3.801 MiB
srv        update:    - prompt 0xffff00004cf0:     362 tokens, checkpoints:  0,     4.247 MiB
srv        update:    - prompt 0xeec0d0:     424 tokens, checkpoints:  0,     4.974 MiB
srv        update:    - prompt 0x28ce470:     408 tokens, checkpoints:  0,     4.786 MiB
srv        update:    - prompt 0x28b9010:     411 tokens, checkpoints:  0,     4.822 MiB
srv        update:    - prompt 0x4a25680:     417 tokens, checkpoints:  0,     4.892 MiB
srv        update:    - prompt 0x4a293c0:     416 tokens, checkpoints:  0,     4.880 MiB
srv        update:    - prompt 0x28e40e0:     430 tokens, checkpoints:  0,     5.045 MiB
srv        update:    - prompt 0xffff3c002440:     430 tokens, checkpoints:  0,     5.045 MiB
srv        update:    - prompt 0xffff48005c10:     106 tokens, checkpoints:  0,     1.244 MiB
srv        update:    - prompt 0xffff54004690:     104 tokens, checkpoints:  0,     1.221 MiB
srv        update:    - prompt 0x28cba50:     109 tokens, checkpoints:  0,     1.279 MiB
srv        update:    - prompt 0xf0bbe0:     115 tokens, checkpoints:  0,     1.350 MiB
srv        update:    - prompt 0x28cbe30:     110 tokens, checkpoints:  0,     1.291 MiB
srv        update:    - prompt 0x28ba5b0:     112 tokens, checkpoints:  0,     1.314 MiB
srv        update:    - prompt 0x28b3170:     107 tokens, checkpoints:  0,     1.256 MiB
srv        update:    - prompt 0x28b6970:     107 tokens, checkpoints:  0,     1.256 MiB
srv        update:    - prompt 0x4a227b0:     107 tokens, checkpoints:  0,     1.256 MiB
srv        update:    - prompt 0x28db1f0:     110 tokens, checkpoints:  0,     1.291 MiB
srv        update:    - prompt 0x28cc020:     118 tokens, checkpoints:  0,     1.385 MiB
srv        update:    - prompt 0x2911090:     122 tokens, checkpoints:  0,     1.432 MiB
srv        update:    - prompt 0x653c040:     164 tokens, checkpoints:  0,     1.924 MiB
srv        update:    - prompt 0xf8fa50:     130 tokens, checkpoints:  0,     1.525 MiB
srv        update:    - prompt 0x28cc0c0:     134 tokens, checkpoints:  0,     1.572 MiB
srv        update:    - prompt 0x28d4ac0:     131 tokens, checkpoints:  0,     1.537 MiB
srv        update:    - prompt 0x28d34d0:     145 tokens, checkpoints:  0,     1.701 MiB
srv        update:    - prompt 0x28b6d20:     129 tokens, checkpoints:  0,     1.514 MiB
slot update_slots: id  2 | task 8023 | new prompt, n_ctx_slot = 4096, n_keep = 0, task.n_tokens = 36
slot update_slots: id  2 | task 8023 | need to evaluate at least 1 token for each active slot (n_past = 36, task.n_tokens() = 36)
slot update_slots: id  2 | task 8023 | n_past was set to 35
slot update_slots: id  2 | task 8023 | n_tokens = 35, memory_seq_rm [35, end)
slot init_sampler: id  2 | task 8023 | init sampler, took 0.02 ms, tokens: text = 36, total = 36
slot update_slots: id  2 | task 8023 | prompt processing done, n_tokens = 36, batch.n_tokens = 1
srv  log_server_r: done request: POST /completion 127.0.0.1 200
slot print_timing: id  2 | task 8023 | 
prompt eval time =      29.06 ms /     1 tokens (   29.06 ms per token,    34.42 tokens per second)
       eval time =    2712.01 ms /   100 tokens (   27.12 ms per token,    36.87 tokens per second)
      total time =    2741.07 ms /   101 tokens
slot      release: id  2 | task 8023 | stop processing: n_tokens = 135, truncated = 0
srv  update_slots: all slots are idle
slot get_availabl: id  1 | task -1 | selected slot by LRU, t_last = 36452610042
srv  get_availabl: updating prompt cache
srv          load:  - looking for better prompt, base f_keep = -1.000, sim = 0.000
srv          load:  - found better prompt with f_keep = 0.267, sim = 1.000
srv        update:  - cache state: 59 prompts, 112.104 MiB (limits: 8192.000 MiB, 4096 tokens, 698161 est)
srv        update:    - prompt 0x28c0e20:     105 tokens, checkpoints:  0,     1.232 MiB
srv        update:    - prompt 0x28c7080:     106 tokens, checkpoints:  0,     1.244 MiB
srv        update:    - prompt 0x28d3a10:     105 tokens, checkpoints:  0,     1.232 MiB
srv        update:    - prompt 0x28c1e20:     106 tokens, checkpoints:  0,     1.244 MiB
srv        update:    - prompt 0x3d8f9b0:     104 tokens, checkpoints:  0,     1.221 MiB
srv        update:    - prompt 0x28c94c0:     109 tokens, checkpoints:  0,     1.279 MiB
srv        update:    - prompt 0xf90860:     115 tokens, checkpoints:  0,     1.350 MiB
srv        update:    - prompt 0x28ce680:     110 tokens, checkpoints:  0,     1.291 MiB
srv        update:    - prompt 0x28ba4f0:     112 tokens, checkpoints:  0,     1.314 MiB
srv        update:    - prompt 0x28dd340:     107 tokens, checkpoints:  0,     1.256 MiB
srv        update:    - prompt 0x28d1e50:     107 tokens, checkpoints:  0,     1.256 MiB
srv        update:    - prompt 0x28c0600:     107 tokens, checkpoints:  0,     1.256 MiB
srv        update:    - prompt 0x28c6e80:     118 tokens, checkpoints:  0,     1.385 MiB
srv        update:    - prompt 0x28cd710:     122 tokens, checkpoints:  0,     1.432 MiB
srv        update:    - prompt 0x28cfbb0:     130 tokens, checkpoints:  0,     1.525 MiB
srv        update:    - prompt 0x28c6380:     131 tokens, checkpoints:  0,     1.537 MiB
srv        update:    - prompt 0x28c9fe0:     129 tokens, checkpoints:  0,     1.514 MiB
srv        update:    - prompt 0x28bac10:     106 tokens, checkpoints:  0,     1.244 MiB
srv        update:    - prompt 0x28b68d0:     104 tokens, checkpoints:  0,     1.221 MiB
srv        update:    - prompt 0x4a2fdc0:     109 tokens, checkpoints:  0,     1.279 MiB
srv        update:    - prompt 0x28cdbb0:     115 tokens, checkpoints:  0,     1.350 MiB
srv        update:    - prompt 0x28ec330:     110 tokens, checkpoints:  0,     1.291 MiB
srv        update:    - prompt 0xee5330:     112 tokens, checkpoints:  0,     1.314 MiB
srv        update:    - prompt 0xf12130:     107 tokens, checkpoints:  0,     1.256 MiB
srv        update:    - prompt 0x28b8f70:     107 tokens, checkpoints:  0,     1.256 MiB
srv        update:    - prompt 0x28d3cf0:     107 tokens, checkpoints:  0,     1.256 MiB
srv        update:    - prompt 0x4a298e0:     118 tokens, checkpoints:  0,     1.385 MiB
srv        update:    - prompt 0x28bfbb0:     122 tokens, checkpoints:  0,     1.432 MiB
srv        update:    - prompt 0xf0e970:     130 tokens, checkpoints:  0,     1.525 MiB
srv        update:    - prompt 0x28e67e0:     131 tokens, checkpoints:  0,     1.537 MiB
srv        update:    - prompt 0xf0c310:     129 tokens, checkpoints:  0,     1.514 MiB
srv        update:    - prompt 0x28c3290:     242 tokens, checkpoints:  0,     2.839 MiB
srv        update:    - prompt 0x28b9ba0:     324 tokens, checkpoints:  0,     3.801 MiB
srv        update:    - prompt 0xffff00004cf0:     362 tokens, checkpoints:  0,     4.247 MiB
srv        update:    - prompt 0xeec0d0:     424 tokens, checkpoints:  0,     4.974 MiB
srv        update:    - prompt 0x28ce470:     408 tokens, checkpoints:  0,     4.786 MiB
srv        update:    - prompt 0x28b9010:     411 tokens, checkpoints:  0,     4.822 MiB
srv        update:    - prompt 0x4a25680:     417 tokens, checkpoints:  0,     4.892 MiB
srv        update:    - prompt 0x4a293c0:     416 tokens, checkpoints:  0,     4.880 MiB
srv        update:    - prompt 0x28e40e0:     430 tokens, checkpoints:  0,     5.045 MiB
srv        update:    - prompt 0xffff3c002440:     430 tokens, checkpoints:  0,     5.045 MiB
srv        update:    - prompt 0xffff48005c10:     106 tokens, checkpoints:  0,     1.244 MiB
srv        update:    - prompt 0xffff54004690:     104 tokens, checkpoints:  0,     1.221 MiB
srv        update:    - prompt 0x28cba50:     109 tokens, checkpoints:  0,     1.279 MiB
srv        update:    - prompt 0xf0bbe0:     115 tokens, checkpoints:  0,     1.350 MiB
srv        update:    - prompt 0x28cbe30:     110 tokens, checkpoints:  0,     1.291 MiB
srv        update:    - prompt 0x28ba5b0:     112 tokens, checkpoints:  0,     1.314 MiB
srv        update:    - prompt 0x28b3170:     107 tokens, checkpoints:  0,     1.256 MiB
srv        update:    - prompt 0x28b6970:     107 tokens, checkpoints:  0,     1.256 MiB
srv        update:    - prompt 0x4a227b0:     107 tokens, checkpoints:  0,     1.256 MiB
srv        update:    - prompt 0x28db1f0:     110 tokens, checkpoints:  0,     1.291 MiB
srv        update:    - prompt 0x28cc020:     118 tokens, checkpoints:  0,     1.385 MiB
srv        update:    - prompt 0x2911090:     122 tokens, checkpoints:  0,     1.432 MiB
srv        update:    - prompt 0x653c040:     164 tokens, checkpoints:  0,     1.924 MiB
srv        update:    - prompt 0xf8fa50:     130 tokens, checkpoints:  0,     1.525 MiB
srv        update:    - prompt 0x28cc0c0:     134 tokens, checkpoints:  0,     1.572 MiB
srv        update:    - prompt 0x28d4ac0:     131 tokens, checkpoints:  0,     1.537 MiB
srv        update:    - prompt 0x28d34d0:     145 tokens, checkpoints:  0,     1.701 MiB
srv        update:    - prompt 0x28b6d20:     129 tokens, checkpoints:  0,     1.514 MiB
srv  get_availabl: prompt cache update took 0.94 ms
slot launch_slot_: id  1 | task -1 | sampler chain: logits -> ?penalties -> ?dry -> ?top-n-sigma -> top-k -> ?typical -> top-p -> min-p -> ?xtc -> temp-ext -> dist 
slot launch_slot_: id  1 | task 8124 | processing task, is_child = 0
slot slot_save_an: id  2 | task -1 | saving idle slot to prompt cache
srv   prompt_save:  - saving prompt with length 135, total state size = 1.584 MiB
slot prompt_clear: id  2 | task -1 | clearing prompt with 135 tokens
srv        update:  - cache state: 60 prompts, 113.688 MiB (limits: 8192.000 MiB, 4096 tokens, 698160 est)
srv        update:    - prompt 0x28c0e20:     105 tokens, checkpoints:  0,     1.232 MiB
srv        update:    - prompt 0x28c7080:     106 tokens, checkpoints:  0,     1.244 MiB
srv        update:    - prompt 0x28d3a10:     105 tokens, checkpoints:  0,     1.232 MiB
srv        update:    - prompt 0x28c1e20:     106 tokens, checkpoints:  0,     1.244 MiB
srv        update:    - prompt 0x3d8f9b0:     104 tokens, checkpoints:  0,     1.221 MiB
srv        update:    - prompt 0x28c94c0:     109 tokens, checkpoints:  0,     1.279 MiB
srv        update:    - prompt 0xf90860:     115 tokens, checkpoints:  0,     1.350 MiB
srv        update:    - prompt 0x28ce680:     110 tokens, checkpoints:  0,     1.291 MiB
srv        update:    - prompt 0x28ba4f0:     112 tokens, checkpoints:  0,     1.314 MiB
srv        update:    - prompt 0x28dd340:     107 tokens, checkpoints:  0,     1.256 MiB
srv        update:    - prompt 0x28d1e50:     107 tokens, checkpoints:  0,     1.256 MiB
srv        update:    - prompt 0x28c0600:     107 tokens, checkpoints:  0,     1.256 MiB
srv        update:    - prompt 0x28c6e80:     118 tokens, checkpoints:  0,     1.385 MiB
srv        update:    - prompt 0x28cd710:     122 tokens, checkpoints:  0,     1.432 MiB
srv        update:    - prompt 0x28cfbb0:     130 tokens, checkpoints:  0,     1.525 MiB
srv        update:    - prompt 0x28c6380:     131 tokens, checkpoints:  0,     1.537 MiB
srv        update:    - prompt 0x28c9fe0:     129 tokens, checkpoints:  0,     1.514 MiB
srv        update:    - prompt 0x28bac10:     106 tokens, checkpoints:  0,     1.244 MiB
srv        update:    - prompt 0x28b68d0:     104 tokens, checkpoints:  0,     1.221 MiB
srv        update:    - prompt 0x4a2fdc0:     109 tokens, checkpoints:  0,     1.279 MiB
srv        update:    - prompt 0x28cdbb0:     115 tokens, checkpoints:  0,     1.350 MiB
srv        update:    - prompt 0x28ec330:     110 tokens, checkpoints:  0,     1.291 MiB
srv        update:    - prompt 0xee5330:     112 tokens, checkpoints:  0,     1.314 MiB
srv        update:    - prompt 0xf12130:     107 tokens, checkpoints:  0,     1.256 MiB
srv        update:    - prompt 0x28b8f70:     107 tokens, checkpoints:  0,     1.256 MiB
srv        update:    - prompt 0x28d3cf0:     107 tokens, checkpoints:  0,     1.256 MiB
srv        update:    - prompt 0x4a298e0:     118 tokens, checkpoints:  0,     1.385 MiB
srv        update:    - prompt 0x28bfbb0:     122 tokens, checkpoints:  0,     1.432 MiB
srv        update:    - prompt 0xf0e970:     130 tokens, checkpoints:  0,     1.525 MiB
srv        update:    - prompt 0x28e67e0:     131 tokens, checkpoints:  0,     1.537 MiB
srv        update:    - prompt 0xf0c310:     129 tokens, checkpoints:  0,     1.514 MiB
srv        update:    - prompt 0x28c3290:     242 tokens, checkpoints:  0,     2.839 MiB
srv        update:    - prompt 0x28b9ba0:     324 tokens, checkpoints:  0,     3.801 MiB
srv        update:    - prompt 0xffff00004cf0:     362 tokens, checkpoints:  0,     4.247 MiB
srv        update:    - prompt 0xeec0d0:     424 tokens, checkpoints:  0,     4.974 MiB
srv        update:    - prompt 0x28ce470:     408 tokens, checkpoints:  0,     4.786 MiB
srv        update:    - prompt 0x28b9010:     411 tokens, checkpoints:  0,     4.822 MiB
srv        update:    - prompt 0x4a25680:     417 tokens, checkpoints:  0,     4.892 MiB
srv        update:    - prompt 0x4a293c0:     416 tokens, checkpoints:  0,     4.880 MiB
srv        update:    - prompt 0x28e40e0:     430 tokens, checkpoints:  0,     5.045 MiB
srv        update:    - prompt 0xffff3c002440:     430 tokens, checkpoints:  0,     5.045 MiB
srv        update:    - prompt 0xffff48005c10:     106 tokens, checkpoints:  0,     1.244 MiB
srv        update:    - prompt 0xffff54004690:     104 tokens, checkpoints:  0,     1.221 MiB
srv        update:    - prompt 0x28cba50:     109 tokens, checkpoints:  0,     1.279 MiB
srv        update:    - prompt 0xf0bbe0:     115 tokens, checkpoints:  0,     1.350 MiB
srv        update:    - prompt 0x28cbe30:     110 tokens, checkpoints:  0,     1.291 MiB
srv        update:    - prompt 0x28ba5b0:     112 tokens, checkpoints:  0,     1.314 MiB
srv        update:    - prompt 0x28b3170:     107 tokens, checkpoints:  0,     1.256 MiB
srv        update:    - prompt 0x28b6970:     107 tokens, checkpoints:  0,     1.256 MiB
srv        update:    - prompt 0x4a227b0:     107 tokens, checkpoints:  0,     1.256 MiB
srv        update:    - prompt 0x28db1f0:     110 tokens, checkpoints:  0,     1.291 MiB
srv        update:    - prompt 0x28cc020:     118 tokens, checkpoints:  0,     1.385 MiB
srv        update:    - prompt 0x2911090:     122 tokens, checkpoints:  0,     1.432 MiB
srv        update:    - prompt 0x653c040:     164 tokens, checkpoints:  0,     1.924 MiB
srv        update:    - prompt 0xf8fa50:     130 tokens, checkpoints:  0,     1.525 MiB
srv        update:    - prompt 0x28cc0c0:     134 tokens, checkpoints:  0,     1.572 MiB
srv        update:    - prompt 0x28d4ac0:     131 tokens, checkpoints:  0,     1.537 MiB
srv        update:    - prompt 0x28d34d0:     145 tokens, checkpoints:  0,     1.701 MiB
srv        update:    - prompt 0x28b6d20:     129 tokens, checkpoints:  0,     1.514 MiB
srv        update:    - prompt 0x28cfc50:     135 tokens, checkpoints:  0,     1.584 MiB
slot update_slots: id  1 | task 8124 | new prompt, n_ctx_slot = 4096, n_keep = 0, task.n_tokens = 36
slot update_slots: id  1 | task 8124 | need to evaluate at least 1 token for each active slot (n_past = 36, task.n_tokens() = 36)
slot update_slots: id  1 | task 8124 | n_past was set to 35
slot update_slots: id  1 | task 8124 | n_tokens = 35, memory_seq_rm [35, end)
slot init_sampler: id  1 | task 8124 | init sampler, took 0.02 ms, tokens: text = 36, total = 36
slot update_slots: id  1 | task 8124 | prompt processing done, n_tokens = 36, batch.n_tokens = 1
srv  log_server_r: done request: POST /completion 127.0.0.1 200
slot print_timing: id  1 | task 8124 | 
prompt eval time =      27.44 ms /     1 tokens (   27.44 ms per token,    36.45 tokens per second)
       eval time =    2706.71 ms /   100 tokens (   27.07 ms per token,    36.95 tokens per second)
      total time =    2734.15 ms /   101 tokens
slot      release: id  1 | task 8124 | stop processing: n_tokens = 135, truncated = 0
srv  update_slots: all slots are idle
slot get_availabl: id  0 | task -1 | selected slot by LRU, t_last = 36455933691
srv  get_availabl: updating prompt cache
srv          load:  - looking for better prompt, base f_keep = -1.000, sim = 0.000
srv          load:  - found better prompt with f_keep = 0.591, sim = 1.000
srv        update:  - cache state: 59 prompts, 110.848 MiB (limits: 8192.000 MiB, 4096 tokens, 698158 est)
srv        update:    - prompt 0x28c0e20:     105 tokens, checkpoints:  0,     1.232 MiB
srv        update:    - prompt 0x28c7080:     106 tokens, checkpoints:  0,     1.244 MiB
srv        update:    - prompt 0x28d3a10:     105 tokens, checkpoints:  0,     1.232 MiB
srv        update:    - prompt 0x28c1e20:     106 tokens, checkpoints:  0,     1.244 MiB
srv        update:    - prompt 0x3d8f9b0:     104 tokens, checkpoints:  0,     1.221 MiB
srv        update:    - prompt 0x28c94c0:     109 tokens, checkpoints:  0,     1.279 MiB
srv        update:    - prompt 0xf90860:     115 tokens, checkpoints:  0,     1.350 MiB
srv        update:    - prompt 0x28ce680:     110 tokens, checkpoints:  0,     1.291 MiB
srv        update:    - prompt 0x28ba4f0:     112 tokens, checkpoints:  0,     1.314 MiB
srv        update:    - prompt 0x28dd340:     107 tokens, checkpoints:  0,     1.256 MiB
srv        update:    - prompt 0x28d1e50:     107 tokens, checkpoints:  0,     1.256 MiB
srv        update:    - prompt 0x28c0600:     107 tokens, checkpoints:  0,     1.256 MiB
srv        update:    - prompt 0x28c6e80:     118 tokens, checkpoints:  0,     1.385 MiB
srv        update:    - prompt 0x28cd710:     122 tokens, checkpoints:  0,     1.432 MiB
srv        update:    - prompt 0x28cfbb0:     130 tokens, checkpoints:  0,     1.525 MiB
srv        update:    - prompt 0x28c6380:     131 tokens, checkpoints:  0,     1.537 MiB
srv        update:    - prompt 0x28c9fe0:     129 tokens, checkpoints:  0,     1.514 MiB
srv        update:    - prompt 0x28bac10:     106 tokens, checkpoints:  0,     1.244 MiB
srv        update:    - prompt 0x28b68d0:     104 tokens, checkpoints:  0,     1.221 MiB
srv        update:    - prompt 0x4a2fdc0:     109 tokens, checkpoints:  0,     1.279 MiB
srv        update:    - prompt 0x28cdbb0:     115 tokens, checkpoints:  0,     1.350 MiB
srv        update:    - prompt 0x28ec330:     110 tokens, checkpoints:  0,     1.291 MiB
srv        update:    - prompt 0xee5330:     112 tokens, checkpoints:  0,     1.314 MiB
srv        update:    - prompt 0xf12130:     107 tokens, checkpoints:  0,     1.256 MiB
srv        update:    - prompt 0x28b8f70:     107 tokens, checkpoints:  0,     1.256 MiB
srv        update:    - prompt 0x28d3cf0:     107 tokens, checkpoints:  0,     1.256 MiB
srv        update:    - prompt 0x4a298e0:     118 tokens, checkpoints:  0,     1.385 MiB
srv        update:    - prompt 0x28bfbb0:     122 tokens, checkpoints:  0,     1.432 MiB
srv        update:    - prompt 0xf0e970:     130 tokens, checkpoints:  0,     1.525 MiB
srv        update:    - prompt 0x28e67e0:     131 tokens, checkpoints:  0,     1.537 MiB
srv        update:    - prompt 0xf0c310:     129 tokens, checkpoints:  0,     1.514 MiB
srv        update:    - prompt 0x28b9ba0:     324 tokens, checkpoints:  0,     3.801 MiB
srv        update:    - prompt 0xffff00004cf0:     362 tokens, checkpoints:  0,     4.247 MiB
srv        update:    - prompt 0xeec0d0:     424 tokens, checkpoints:  0,     4.974 MiB
srv        update:    - prompt 0x28ce470:     408 tokens, checkpoints:  0,     4.786 MiB
srv        update:    - prompt 0x28b9010:     411 tokens, checkpoints:  0,     4.822 MiB
srv        update:    - prompt 0x4a25680:     417 tokens, checkpoints:  0,     4.892 MiB
srv        update:    - prompt 0x4a293c0:     416 tokens, checkpoints:  0,     4.880 MiB
srv        update:    - prompt 0x28e40e0:     430 tokens, checkpoints:  0,     5.045 MiB
srv        update:    - prompt 0xffff3c002440:     430 tokens, checkpoints:  0,     5.045 MiB
srv        update:    - prompt 0xffff48005c10:     106 tokens, checkpoints:  0,     1.244 MiB
srv        update:    - prompt 0xffff54004690:     104 tokens, checkpoints:  0,     1.221 MiB
srv        update:    - prompt 0x28cba50:     109 tokens, checkpoints:  0,     1.279 MiB
srv        update:    - prompt 0xf0bbe0:     115 tokens, checkpoints:  0,     1.350 MiB
srv        update:    - prompt 0x28cbe30:     110 tokens, checkpoints:  0,     1.291 MiB
srv        update:    - prompt 0x28ba5b0:     112 tokens, checkpoints:  0,     1.314 MiB
srv        update:    - prompt 0x28b3170:     107 tokens, checkpoints:  0,     1.256 MiB
srv        update:    - prompt 0x28b6970:     107 tokens, checkpoints:  0,     1.256 MiB
srv        update:    - prompt 0x4a227b0:     107 tokens, checkpoints:  0,     1.256 MiB
srv        update:    - prompt 0x28db1f0:     110 tokens, checkpoints:  0,     1.291 MiB
srv        update:    - prompt 0x28cc020:     118 tokens, checkpoints:  0,     1.385 MiB
srv        update:    - prompt 0x2911090:     122 tokens, checkpoints:  0,     1.432 MiB
srv        update:    - prompt 0x653c040:     164 tokens, checkpoints:  0,     1.924 MiB
srv        update:    - prompt 0xf8fa50:     130 tokens, checkpoints:  0,     1.525 MiB
srv        update:    - prompt 0x28cc0c0:     134 tokens, checkpoints:  0,     1.572 MiB
srv        update:    - prompt 0x28d4ac0:     131 tokens, checkpoints:  0,     1.537 MiB
srv        update:    - prompt 0x28d34d0:     145 tokens, checkpoints:  0,     1.701 MiB
srv        update:    - prompt 0x28b6d20:     129 tokens, checkpoints:  0,     1.514 MiB
srv        update:    - prompt 0x28cfc50:     135 tokens, checkpoints:  0,     1.584 MiB
srv  get_availabl: prompt cache update took 1.39 ms
slot launch_slot_: id  0 | task -1 | sampler chain: logits -> ?penalties -> ?dry -> ?top-n-sigma -> top-k -> ?typical -> top-p -> min-p -> ?xtc -> temp-ext -> dist 
slot launch_slot_: id  0 | task 8225 | processing task, is_child = 0
slot slot_save_an: id  1 | task -1 | saving idle slot to prompt cache
srv   prompt_save:  - saving prompt with length 135, total state size = 1.584 MiB
slot prompt_clear: id  1 | task -1 | clearing prompt with 135 tokens
srv        update:  - cache state: 60 prompts, 112.433 MiB (limits: 8192.000 MiB, 4096 tokens, 698158 est)
srv        update:    - prompt 0x28c0e20:     105 tokens, checkpoints:  0,     1.232 MiB
srv        update:    - prompt 0x28c7080:     106 tokens, checkpoints:  0,     1.244 MiB
srv        update:    - prompt 0x28d3a10:     105 tokens, checkpoints:  0,     1.232 MiB
srv        update:    - prompt 0x28c1e20:     106 tokens, checkpoints:  0,     1.244 MiB
srv        update:    - prompt 0x3d8f9b0:     104 tokens, checkpoints:  0,     1.221 MiB
srv        update:    - prompt 0x28c94c0:     109 tokens, checkpoints:  0,     1.279 MiB
srv        update:    - prompt 0xf90860:     115 tokens, checkpoints:  0,     1.350 MiB
srv        update:    - prompt 0x28ce680:     110 tokens, checkpoints:  0,     1.291 MiB
srv        update:    - prompt 0x28ba4f0:     112 tokens, checkpoints:  0,     1.314 MiB
srv        update:    - prompt 0x28dd340:     107 tokens, checkpoints:  0,     1.256 MiB
srv        update:    - prompt 0x28d1e50:     107 tokens, checkpoints:  0,     1.256 MiB
srv        update:    - prompt 0x28c0600:     107 tokens, checkpoints:  0,     1.256 MiB
srv        update:    - prompt 0x28c6e80:     118 tokens, checkpoints:  0,     1.385 MiB
srv        update:    - prompt 0x28cd710:     122 tokens, checkpoints:  0,     1.432 MiB
srv        update:    - prompt 0x28cfbb0:     130 tokens, checkpoints:  0,     1.525 MiB
srv        update:    - prompt 0x28c6380:     131 tokens, checkpoints:  0,     1.537 MiB
srv        update:    - prompt 0x28c9fe0:     129 tokens, checkpoints:  0,     1.514 MiB
srv        update:    - prompt 0x28bac10:     106 tokens, checkpoints:  0,     1.244 MiB
srv        update:    - prompt 0x28b68d0:     104 tokens, checkpoints:  0,     1.221 MiB
srv        update:    - prompt 0x4a2fdc0:     109 tokens, checkpoints:  0,     1.279 MiB
srv        update:    - prompt 0x28cdbb0:     115 tokens, checkpoints:  0,     1.350 MiB
srv        update:    - prompt 0x28ec330:     110 tokens, checkpoints:  0,     1.291 MiB
srv        update:    - prompt 0xee5330:     112 tokens, checkpoints:  0,     1.314 MiB
srv        update:    - prompt 0xf12130:     107 tokens, checkpoints:  0,     1.256 MiB
srv        update:    - prompt 0x28b8f70:     107 tokens, checkpoints:  0,     1.256 MiB
srv        update:    - prompt 0x28d3cf0:     107 tokens, checkpoints:  0,     1.256 MiB
srv        update:    - prompt 0x4a298e0:     118 tokens, checkpoints:  0,     1.385 MiB
srv        update:    - prompt 0x28bfbb0:     122 tokens, checkpoints:  0,     1.432 MiB
srv        update:    - prompt 0xf0e970:     130 tokens, checkpoints:  0,     1.525 MiB
srv        update:    - prompt 0x28e67e0:     131 tokens, checkpoints:  0,     1.537 MiB
srv        update:    - prompt 0xf0c310:     129 tokens, checkpoints:  0,     1.514 MiB
srv        update:    - prompt 0x28b9ba0:     324 tokens, checkpoints:  0,     3.801 MiB
srv        update:    - prompt 0xffff00004cf0:     362 tokens, checkpoints:  0,     4.247 MiB
srv        update:    - prompt 0xeec0d0:     424 tokens, checkpoints:  0,     4.974 MiB
srv        update:    - prompt 0x28ce470:     408 tokens, checkpoints:  0,     4.786 MiB
srv        update:    - prompt 0x28b9010:     411 tokens, checkpoints:  0,     4.822 MiB
srv        update:    - prompt 0x4a25680:     417 tokens, checkpoints:  0,     4.892 MiB
srv        update:    - prompt 0x4a293c0:     416 tokens, checkpoints:  0,     4.880 MiB
srv        update:    - prompt 0x28e40e0:     430 tokens, checkpoints:  0,     5.045 MiB
srv        update:    - prompt 0xffff3c002440:     430 tokens, checkpoints:  0,     5.045 MiB
srv        update:    - prompt 0xffff48005c10:     106 tokens, checkpoints:  0,     1.244 MiB
srv        update:    - prompt 0xffff54004690:     104 tokens, checkpoints:  0,     1.221 MiB
srv        update:    - prompt 0x28cba50:     109 tokens, checkpoints:  0,     1.279 MiB
srv        update:    - prompt 0xf0bbe0:     115 tokens, checkpoints:  0,     1.350 MiB
srv        update:    - prompt 0x28cbe30:     110 tokens, checkpoints:  0,     1.291 MiB
srv        update:    - prompt 0x28ba5b0:     112 tokens, checkpoints:  0,     1.314 MiB
srv        update:    - prompt 0x28b3170:     107 tokens, checkpoints:  0,     1.256 MiB
srv        update:    - prompt 0x28b6970:     107 tokens, checkpoints:  0,     1.256 MiB
srv        update:    - prompt 0x4a227b0:     107 tokens, checkpoints:  0,     1.256 MiB
srv        update:    - prompt 0x28db1f0:     110 tokens, checkpoints:  0,     1.291 MiB
srv        update:    - prompt 0x28cc020:     118 tokens, checkpoints:  0,     1.385 MiB
srv        update:    - prompt 0x2911090:     122 tokens, checkpoints:  0,     1.432 MiB
srv        update:    - prompt 0x653c040:     164 tokens, checkpoints:  0,     1.924 MiB
srv        update:    - prompt 0xf8fa50:     130 tokens, checkpoints:  0,     1.525 MiB
srv        update:    - prompt 0x28cc0c0:     134 tokens, checkpoints:  0,     1.572 MiB
srv        update:    - prompt 0x28d4ac0:     131 tokens, checkpoints:  0,     1.537 MiB
srv        update:    - prompt 0x28d34d0:     145 tokens, checkpoints:  0,     1.701 MiB
srv        update:    - prompt 0x28b6d20:     129 tokens, checkpoints:  0,     1.514 MiB
srv        update:    - prompt 0x28cfc50:     135 tokens, checkpoints:  0,     1.584 MiB
srv        update:    - prompt 0x28c3290:     135 tokens, checkpoints:  0,     1.584 MiB
slot update_slots: id  0 | task 8225 | new prompt, n_ctx_slot = 4096, n_keep = 0, task.n_tokens = 143
slot update_slots: id  0 | task 8225 | need to evaluate at least 1 token for each active slot (n_past = 143, task.n_tokens() = 143)
slot update_slots: id  0 | task 8225 | n_past was set to 142
slot update_slots: id  0 | task 8225 | n_tokens = 142, memory_seq_rm [142, end)
slot init_sampler: id  0 | task 8225 | init sampler, took 0.07 ms, tokens: text = 143, total = 143
slot update_slots: id  0 | task 8225 | prompt processing done, n_tokens = 143, batch.n_tokens = 1
srv  log_server_r: done request: POST /completion 127.0.0.1 200
slot print_timing: id  0 | task 8225 | 
prompt eval time =      27.88 ms /     1 tokens (   27.88 ms per token,    35.87 tokens per second)
       eval time =    2732.71 ms /   100 tokens (   27.33 ms per token,    36.59 tokens per second)
      total time =    2760.59 ms /   101 tokens
slot      release: id  0 | task 8225 | stop processing: n_tokens = 242, truncated = 0
srv  update_slots: all slots are idle
slot get_availabl: id  3 | task -1 | selected slot by LRU, t_last = 36459610698
srv  get_availabl: updating prompt cache
srv          load:  - looking for better prompt, base f_keep = -1.000, sim = 0.000
srv          load:  - found better prompt with f_keep = 0.694, sim = 1.000
srv        update:  - cache state: 59 prompts, 108.631 MiB (limits: 8192.000 MiB, 4096 tokens, 698154 est)
srv        update:    - prompt 0x28c0e20:     105 tokens, checkpoints:  0,     1.232 MiB
srv        update:    - prompt 0x28c7080:     106 tokens, checkpoints:  0,     1.244 MiB
srv        update:    - prompt 0x28d3a10:     105 tokens, checkpoints:  0,     1.232 MiB
srv        update:    - prompt 0x28c1e20:     106 tokens, checkpoints:  0,     1.244 MiB
srv        update:    - prompt 0x3d8f9b0:     104 tokens, checkpoints:  0,     1.221 MiB
srv        update:    - prompt 0x28c94c0:     109 tokens, checkpoints:  0,     1.279 MiB
srv        update:    - prompt 0xf90860:     115 tokens, checkpoints:  0,     1.350 MiB
srv        update:    - prompt 0x28ce680:     110 tokens, checkpoints:  0,     1.291 MiB
srv        update:    - prompt 0x28ba4f0:     112 tokens, checkpoints:  0,     1.314 MiB
srv        update:    - prompt 0x28dd340:     107 tokens, checkpoints:  0,     1.256 MiB
srv        update:    - prompt 0x28d1e50:     107 tokens, checkpoints:  0,     1.256 MiB
srv        update:    - prompt 0x28c0600:     107 tokens, checkpoints:  0,     1.256 MiB
srv        update:    - prompt 0x28c6e80:     118 tokens, checkpoints:  0,     1.385 MiB
srv        update:    - prompt 0x28cd710:     122 tokens, checkpoints:  0,     1.432 MiB
srv        update:    - prompt 0x28cfbb0:     130 tokens, checkpoints:  0,     1.525 MiB
srv        update:    - prompt 0x28c6380:     131 tokens, checkpoints:  0,     1.537 MiB
srv        update:    - prompt 0x28c9fe0:     129 tokens, checkpoints:  0,     1.514 MiB
srv        update:    - prompt 0x28bac10:     106 tokens, checkpoints:  0,     1.244 MiB
srv        update:    - prompt 0x28b68d0:     104 tokens, checkpoints:  0,     1.221 MiB
srv        update:    - prompt 0x4a2fdc0:     109 tokens, checkpoints:  0,     1.279 MiB
srv        update:    - prompt 0x28cdbb0:     115 tokens, checkpoints:  0,     1.350 MiB
srv        update:    - prompt 0x28ec330:     110 tokens, checkpoints:  0,     1.291 MiB
srv        update:    - prompt 0xee5330:     112 tokens, checkpoints:  0,     1.314 MiB
srv        update:    - prompt 0xf12130:     107 tokens, checkpoints:  0,     1.256 MiB
srv        update:    - prompt 0x28b8f70:     107 tokens, checkpoints:  0,     1.256 MiB
srv        update:    - prompt 0x28d3cf0:     107 tokens, checkpoints:  0,     1.256 MiB
srv        update:    - prompt 0x4a298e0:     118 tokens, checkpoints:  0,     1.385 MiB
srv        update:    - prompt 0x28bfbb0:     122 tokens, checkpoints:  0,     1.432 MiB
srv        update:    - prompt 0xf0e970:     130 tokens, checkpoints:  0,     1.525 MiB
srv        update:    - prompt 0x28e67e0:     131 tokens, checkpoints:  0,     1.537 MiB
srv        update:    - prompt 0xf0c310:     129 tokens, checkpoints:  0,     1.514 MiB
srv        update:    - prompt 0xffff00004cf0:     362 tokens, checkpoints:  0,     4.247 MiB
srv        update:    - prompt 0xeec0d0:     424 tokens, checkpoints:  0,     4.974 MiB
srv        update:    - prompt 0x28ce470:     408 tokens, checkpoints:  0,     4.786 MiB
srv        update:    - prompt 0x28b9010:     411 tokens, checkpoints:  0,     4.822 MiB
srv        update:    - prompt 0x4a25680:     417 tokens, checkpoints:  0,     4.892 MiB
srv        update:    - prompt 0x4a293c0:     416 tokens, checkpoints:  0,     4.880 MiB
srv        update:    - prompt 0x28e40e0:     430 tokens, checkpoints:  0,     5.045 MiB
srv        update:    - prompt 0xffff3c002440:     430 tokens, checkpoints:  0,     5.045 MiB
srv        update:    - prompt 0xffff48005c10:     106 tokens, checkpoints:  0,     1.244 MiB
srv        update:    - prompt 0xffff54004690:     104 tokens, checkpoints:  0,     1.221 MiB
srv        update:    - prompt 0x28cba50:     109 tokens, checkpoints:  0,     1.279 MiB
srv        update:    - prompt 0xf0bbe0:     115 tokens, checkpoints:  0,     1.350 MiB
srv        update:    - prompt 0x28cbe30:     110 tokens, checkpoints:  0,     1.291 MiB
srv        update:    - prompt 0x28ba5b0:     112 tokens, checkpoints:  0,     1.314 MiB
srv        update:    - prompt 0x28b3170:     107 tokens, checkpoints:  0,     1.256 MiB
srv        update:    - prompt 0x28b6970:     107 tokens, checkpoints:  0,     1.256 MiB
srv        update:    - prompt 0x4a227b0:     107 tokens, checkpoints:  0,     1.256 MiB
srv        update:    - prompt 0x28db1f0:     110 tokens, checkpoints:  0,     1.291 MiB
srv        update:    - prompt 0x28cc020:     118 tokens, checkpoints:  0,     1.385 MiB
srv        update:    - prompt 0x2911090:     122 tokens, checkpoints:  0,     1.432 MiB
srv        update:    - prompt 0x653c040:     164 tokens, checkpoints:  0,     1.924 MiB
srv        update:    - prompt 0xf8fa50:     130 tokens, checkpoints:  0,     1.525 MiB
srv        update:    - prompt 0x28cc0c0:     134 tokens, checkpoints:  0,     1.572 MiB
srv        update:    - prompt 0x28d4ac0:     131 tokens, checkpoints:  0,     1.537 MiB
srv        update:    - prompt 0x28d34d0:     145 tokens, checkpoints:  0,     1.701 MiB
srv        update:    - prompt 0x28b6d20:     129 tokens, checkpoints:  0,     1.514 MiB
srv        update:    - prompt 0x28cfc50:     135 tokens, checkpoints:  0,     1.584 MiB
srv        update:    - prompt 0x28c3290:     135 tokens, checkpoints:  0,     1.584 MiB
srv  get_availabl: prompt cache update took 1.72 ms
slot launch_slot_: id  3 | task -1 | sampler chain: logits -> ?penalties -> ?dry -> ?top-n-sigma -> top-k -> ?typical -> top-p -> min-p -> ?xtc -> temp-ext -> dist 
slot launch_slot_: id  3 | task 8326 | processing task, is_child = 0
slot slot_save_an: id  0 | task -1 | saving idle slot to prompt cache
srv   prompt_save:  - saving prompt with length 242, total state size = 2.839 MiB
slot prompt_clear: id  0 | task -1 | clearing prompt with 242 tokens
srv        update:  - cache state: 60 prompts, 111.471 MiB (limits: 8192.000 MiB, 4096 tokens, 698156 est)
srv        update:    - prompt 0x28c0e20:     105 tokens, checkpoints:  0,     1.232 MiB
srv        update:    - prompt 0x28c7080:     106 tokens, checkpoints:  0,     1.244 MiB
srv        update:    - prompt 0x28d3a10:     105 tokens, checkpoints:  0,     1.232 MiB
srv        update:    - prompt 0x28c1e20:     106 tokens, checkpoints:  0,     1.244 MiB
srv        update:    - prompt 0x3d8f9b0:     104 tokens, checkpoints:  0,     1.221 MiB
srv        update:    - prompt 0x28c94c0:     109 tokens, checkpoints:  0,     1.279 MiB
srv        update:    - prompt 0xf90860:     115 tokens, checkpoints:  0,     1.350 MiB
srv        update:    - prompt 0x28ce680:     110 tokens, checkpoints:  0,     1.291 MiB
srv        update:    - prompt 0x28ba4f0:     112 tokens, checkpoints:  0,     1.314 MiB
srv        update:    - prompt 0x28dd340:     107 tokens, checkpoints:  0,     1.256 MiB
srv        update:    - prompt 0x28d1e50:     107 tokens, checkpoints:  0,     1.256 MiB
srv        update:    - prompt 0x28c0600:     107 tokens, checkpoints:  0,     1.256 MiB
srv        update:    - prompt 0x28c6e80:     118 tokens, checkpoints:  0,     1.385 MiB
srv        update:    - prompt 0x28cd710:     122 tokens, checkpoints:  0,     1.432 MiB
srv        update:    - prompt 0x28cfbb0:     130 tokens, checkpoints:  0,     1.525 MiB
srv        update:    - prompt 0x28c6380:     131 tokens, checkpoints:  0,     1.537 MiB
srv        update:    - prompt 0x28c9fe0:     129 tokens, checkpoints:  0,     1.514 MiB
srv        update:    - prompt 0x28bac10:     106 tokens, checkpoints:  0,     1.244 MiB
srv        update:    - prompt 0x28b68d0:     104 tokens, checkpoints:  0,     1.221 MiB
srv        update:    - prompt 0x4a2fdc0:     109 tokens, checkpoints:  0,     1.279 MiB
srv        update:    - prompt 0x28cdbb0:     115 tokens, checkpoints:  0,     1.350 MiB
srv        update:    - prompt 0x28ec330:     110 tokens, checkpoints:  0,     1.291 MiB
srv        update:    - prompt 0xee5330:     112 tokens, checkpoints:  0,     1.314 MiB
srv        update:    - prompt 0xf12130:     107 tokens, checkpoints:  0,     1.256 MiB
srv        update:    - prompt 0x28b8f70:     107 tokens, checkpoints:  0,     1.256 MiB
srv        update:    - prompt 0x28d3cf0:     107 tokens, checkpoints:  0,     1.256 MiB
srv        update:    - prompt 0x4a298e0:     118 tokens, checkpoints:  0,     1.385 MiB
srv        update:    - prompt 0x28bfbb0:     122 tokens, checkpoints:  0,     1.432 MiB
srv        update:    - prompt 0xf0e970:     130 tokens, checkpoints:  0,     1.525 MiB
srv        update:    - prompt 0x28e67e0:     131 tokens, checkpoints:  0,     1.537 MiB
srv        update:    - prompt 0xf0c310:     129 tokens, checkpoints:  0,     1.514 MiB
srv        update:    - prompt 0xffff00004cf0:     362 tokens, checkpoints:  0,     4.247 MiB
srv        update:    - prompt 0xeec0d0:     424 tokens, checkpoints:  0,     4.974 MiB
srv        update:    - prompt 0x28ce470:     408 tokens, checkpoints:  0,     4.786 MiB
srv        update:    - prompt 0x28b9010:     411 tokens, checkpoints:  0,     4.822 MiB
srv        update:    - prompt 0x4a25680:     417 tokens, checkpoints:  0,     4.892 MiB
srv        update:    - prompt 0x4a293c0:     416 tokens, checkpoints:  0,     4.880 MiB
srv        update:    - prompt 0x28e40e0:     430 tokens, checkpoints:  0,     5.045 MiB
srv        update:    - prompt 0xffff3c002440:     430 tokens, checkpoints:  0,     5.045 MiB
srv        update:    - prompt 0xffff48005c10:     106 tokens, checkpoints:  0,     1.244 MiB
srv        update:    - prompt 0xffff54004690:     104 tokens, checkpoints:  0,     1.221 MiB
srv        update:    - prompt 0x28cba50:     109 tokens, checkpoints:  0,     1.279 MiB
srv        update:    - prompt 0xf0bbe0:     115 tokens, checkpoints:  0,     1.350 MiB
srv        update:    - prompt 0x28cbe30:     110 tokens, checkpoints:  0,     1.291 MiB
srv        update:    - prompt 0x28ba5b0:     112 tokens, checkpoints:  0,     1.314 MiB
srv        update:    - prompt 0x28b3170:     107 tokens, checkpoints:  0,     1.256 MiB
srv        update:    - prompt 0x28b6970:     107 tokens, checkpoints:  0,     1.256 MiB
srv        update:    - prompt 0x4a227b0:     107 tokens, checkpoints:  0,     1.256 MiB
srv        update:    - prompt 0x28db1f0:     110 tokens, checkpoints:  0,     1.291 MiB
srv        update:    - prompt 0x28cc020:     118 tokens, checkpoints:  0,     1.385 MiB
srv        update:    - prompt 0x2911090:     122 tokens, checkpoints:  0,     1.432 MiB
srv        update:    - prompt 0x653c040:     164 tokens, checkpoints:  0,     1.924 MiB
srv        update:    - prompt 0xf8fa50:     130 tokens, checkpoints:  0,     1.525 MiB
srv        update:    - prompt 0x28cc0c0:     134 tokens, checkpoints:  0,     1.572 MiB
srv        update:    - prompt 0x28d4ac0:     131 tokens, checkpoints:  0,     1.537 MiB
srv        update:    - prompt 0x28d34d0:     145 tokens, checkpoints:  0,     1.701 MiB
srv        update:    - prompt 0x28b6d20:     129 tokens, checkpoints:  0,     1.514 MiB
srv        update:    - prompt 0x28cfc50:     135 tokens, checkpoints:  0,     1.584 MiB
srv        update:    - prompt 0x28c3290:     135 tokens, checkpoints:  0,     1.584 MiB
srv        update:    - prompt 0x28b9ba0:     242 tokens, checkpoints:  0,     2.839 MiB
slot update_slots: id  3 | task 8326 | new prompt, n_ctx_slot = 4096, n_keep = 0, task.n_tokens = 225
slot update_slots: id  3 | task 8326 | need to evaluate at least 1 token for each active slot (n_past = 225, task.n_tokens() = 225)
slot update_slots: id  3 | task 8326 | n_past was set to 224
slot update_slots: id  3 | task 8326 | n_tokens = 224, memory_seq_rm [224, end)
slot init_sampler: id  3 | task 8326 | init sampler, took 0.11 ms, tokens: text = 225, total = 225
slot update_slots: id  3 | task 8326 | prompt processing done, n_tokens = 225, batch.n_tokens = 1
srv  log_server_r: done request: POST /completion 127.0.0.1 200
slot print_timing: id  3 | task 8326 | 
prompt eval time =      30.31 ms /     1 tokens (   30.31 ms per token,    33.00 tokens per second)
       eval time =    2795.73 ms /   100 tokens (   27.96 ms per token,    35.77 tokens per second)
      total time =    2826.03 ms /   101 tokens
slot      release: id  3 | task 8326 | stop processing: n_tokens = 324, truncated = 0
srv  update_slots: all slots are idle
slot get_availabl: id  2 | task -1 | selected slot by LRU, t_last = 36462941841
srv  get_availabl: updating prompt cache
srv          load:  - looking for better prompt, base f_keep = -1.000, sim = 0.000
srv          load:  - found better prompt with f_keep = 0.727, sim = 1.000
srv        update:  - cache state: 59 prompts, 107.224 MiB (limits: 8192.000 MiB, 4096 tokens, 698151 est)
srv        update:    - prompt 0x28c0e20:     105 tokens, checkpoints:  0,     1.232 MiB
srv        update:    - prompt 0x28c7080:     106 tokens, checkpoints:  0,     1.244 MiB
srv        update:    - prompt 0x28d3a10:     105 tokens, checkpoints:  0,     1.232 MiB
srv        update:    - prompt 0x28c1e20:     106 tokens, checkpoints:  0,     1.244 MiB
srv        update:    - prompt 0x3d8f9b0:     104 tokens, checkpoints:  0,     1.221 MiB
srv        update:    - prompt 0x28c94c0:     109 tokens, checkpoints:  0,     1.279 MiB
srv        update:    - prompt 0xf90860:     115 tokens, checkpoints:  0,     1.350 MiB
srv        update:    - prompt 0x28ce680:     110 tokens, checkpoints:  0,     1.291 MiB
srv        update:    - prompt 0x28ba4f0:     112 tokens, checkpoints:  0,     1.314 MiB
srv        update:    - prompt 0x28dd340:     107 tokens, checkpoints:  0,     1.256 MiB
srv        update:    - prompt 0x28d1e50:     107 tokens, checkpoints:  0,     1.256 MiB
srv        update:    - prompt 0x28c0600:     107 tokens, checkpoints:  0,     1.256 MiB
srv        update:    - prompt 0x28c6e80:     118 tokens, checkpoints:  0,     1.385 MiB
srv        update:    - prompt 0x28cd710:     122 tokens, checkpoints:  0,     1.432 MiB
srv        update:    - prompt 0x28cfbb0:     130 tokens, checkpoints:  0,     1.525 MiB
srv        update:    - prompt 0x28c6380:     131 tokens, checkpoints:  0,     1.537 MiB
srv        update:    - prompt 0x28c9fe0:     129 tokens, checkpoints:  0,     1.514 MiB
srv        update:    - prompt 0x28bac10:     106 tokens, checkpoints:  0,     1.244 MiB
srv        update:    - prompt 0x28b68d0:     104 tokens, checkpoints:  0,     1.221 MiB
srv        update:    - prompt 0x4a2fdc0:     109 tokens, checkpoints:  0,     1.279 MiB
srv        update:    - prompt 0x28cdbb0:     115 tokens, checkpoints:  0,     1.350 MiB
srv        update:    - prompt 0x28ec330:     110 tokens, checkpoints:  0,     1.291 MiB
srv        update:    - prompt 0xee5330:     112 tokens, checkpoints:  0,     1.314 MiB
srv        update:    - prompt 0xf12130:     107 tokens, checkpoints:  0,     1.256 MiB
srv        update:    - prompt 0x28b8f70:     107 tokens, checkpoints:  0,     1.256 MiB
srv        update:    - prompt 0x28d3cf0:     107 tokens, checkpoints:  0,     1.256 MiB
srv        update:    - prompt 0x4a298e0:     118 tokens, checkpoints:  0,     1.385 MiB
srv        update:    - prompt 0x28bfbb0:     122 tokens, checkpoints:  0,     1.432 MiB
srv        update:    - prompt 0xf0e970:     130 tokens, checkpoints:  0,     1.525 MiB
srv        update:    - prompt 0x28e67e0:     131 tokens, checkpoints:  0,     1.537 MiB
srv        update:    - prompt 0xf0c310:     129 tokens, checkpoints:  0,     1.514 MiB
srv        update:    - prompt 0xeec0d0:     424 tokens, checkpoints:  0,     4.974 MiB
srv        update:    - prompt 0x28ce470:     408 tokens, checkpoints:  0,     4.786 MiB
srv        update:    - prompt 0x28b9010:     411 tokens, checkpoints:  0,     4.822 MiB
srv        update:    - prompt 0x4a25680:     417 tokens, checkpoints:  0,     4.892 MiB
srv        update:    - prompt 0x4a293c0:     416 tokens, checkpoints:  0,     4.880 MiB
srv        update:    - prompt 0x28e40e0:     430 tokens, checkpoints:  0,     5.045 MiB
srv        update:    - prompt 0xffff3c002440:     430 tokens, checkpoints:  0,     5.045 MiB
srv        update:    - prompt 0xffff48005c10:     106 tokens, checkpoints:  0,     1.244 MiB
srv        update:    - prompt 0xffff54004690:     104 tokens, checkpoints:  0,     1.221 MiB
srv        update:    - prompt 0x28cba50:     109 tokens, checkpoints:  0,     1.279 MiB
srv        update:    - prompt 0xf0bbe0:     115 tokens, checkpoints:  0,     1.350 MiB
srv        update:    - prompt 0x28cbe30:     110 tokens, checkpoints:  0,     1.291 MiB
srv        update:    - prompt 0x28ba5b0:     112 tokens, checkpoints:  0,     1.314 MiB
srv        update:    - prompt 0x28b3170:     107 tokens, checkpoints:  0,     1.256 MiB
srv        update:    - prompt 0x28b6970:     107 tokens, checkpoints:  0,     1.256 MiB
srv        update:    - prompt 0x4a227b0:     107 tokens, checkpoints:  0,     1.256 MiB
srv        update:    - prompt 0x28db1f0:     110 tokens, checkpoints:  0,     1.291 MiB
srv        update:    - prompt 0x28cc020:     118 tokens, checkpoints:  0,     1.385 MiB
srv        update:    - prompt 0x2911090:     122 tokens, checkpoints:  0,     1.432 MiB
srv        update:    - prompt 0x653c040:     164 tokens, checkpoints:  0,     1.924 MiB
srv        update:    - prompt 0xf8fa50:     130 tokens, checkpoints:  0,     1.525 MiB
srv        update:    - prompt 0x28cc0c0:     134 tokens, checkpoints:  0,     1.572 MiB
srv        update:    - prompt 0x28d4ac0:     131 tokens, checkpoints:  0,     1.537 MiB
srv        update:    - prompt 0x28d34d0:     145 tokens, checkpoints:  0,     1.701 MiB
srv        update:    - prompt 0x28b6d20:     129 tokens, checkpoints:  0,     1.514 MiB
srv        update:    - prompt 0x28cfc50:     135 tokens, checkpoints:  0,     1.584 MiB
srv        update:    - prompt 0x28c3290:     135 tokens, checkpoints:  0,     1.584 MiB
srv        update:    - prompt 0x28b9ba0:     242 tokens, checkpoints:  0,     2.839 MiB
srv  get_availabl: prompt cache update took 1.81 ms
slot launch_slot_: id  2 | task -1 | sampler chain: logits -> ?penalties -> ?dry -> ?top-n-sigma -> top-k -> ?typical -> top-p -> min-p -> ?xtc -> temp-ext -> dist 
slot launch_slot_: id  2 | task 8427 | processing task, is_child = 0
slot slot_save_an: id  3 | task -1 | saving idle slot to prompt cache
srv   prompt_save:  - saving prompt with length 324, total state size = 3.801 MiB
slot prompt_clear: id  3 | task -1 | clearing prompt with 324 tokens
srv        update:  - cache state: 60 prompts, 111.025 MiB (limits: 8192.000 MiB, 4096 tokens, 698155 est)
srv        update:    - prompt 0x28c0e20:     105 tokens, checkpoints:  0,     1.232 MiB
srv        update:    - prompt 0x28c7080:     106 tokens, checkpoints:  0,     1.244 MiB
srv        update:    - prompt 0x28d3a10:     105 tokens, checkpoints:  0,     1.232 MiB
srv        update:    - prompt 0x28c1e20:     106 tokens, checkpoints:  0,     1.244 MiB
srv        update:    - prompt 0x3d8f9b0:     104 tokens, checkpoints:  0,     1.221 MiB
srv        update:    - prompt 0x28c94c0:     109 tokens, checkpoints:  0,     1.279 MiB
srv        update:    - prompt 0xf90860:     115 tokens, checkpoints:  0,     1.350 MiB
srv        update:    - prompt 0x28ce680:     110 tokens, checkpoints:  0,     1.291 MiB
srv        update:    - prompt 0x28ba4f0:     112 tokens, checkpoints:  0,     1.314 MiB
srv        update:    - prompt 0x28dd340:     107 tokens, checkpoints:  0,     1.256 MiB
srv        update:    - prompt 0x28d1e50:     107 tokens, checkpoints:  0,     1.256 MiB
srv        update:    - prompt 0x28c0600:     107 tokens, checkpoints:  0,     1.256 MiB
srv        update:    - prompt 0x28c6e80:     118 tokens, checkpoints:  0,     1.385 MiB
srv        update:    - prompt 0x28cd710:     122 tokens, checkpoints:  0,     1.432 MiB
srv        update:    - prompt 0x28cfbb0:     130 tokens, checkpoints:  0,     1.525 MiB
srv        update:    - prompt 0x28c6380:     131 tokens, checkpoints:  0,     1.537 MiB
srv        update:    - prompt 0x28c9fe0:     129 tokens, checkpoints:  0,     1.514 MiB
srv        update:    - prompt 0x28bac10:     106 tokens, checkpoints:  0,     1.244 MiB
srv        update:    - prompt 0x28b68d0:     104 tokens, checkpoints:  0,     1.221 MiB
srv        update:    - prompt 0x4a2fdc0:     109 tokens, checkpoints:  0,     1.279 MiB
srv        update:    - prompt 0x28cdbb0:     115 tokens, checkpoints:  0,     1.350 MiB
srv        update:    - prompt 0x28ec330:     110 tokens, checkpoints:  0,     1.291 MiB
srv        update:    - prompt 0xee5330:     112 tokens, checkpoints:  0,     1.314 MiB
srv        update:    - prompt 0xf12130:     107 tokens, checkpoints:  0,     1.256 MiB
srv        update:    - prompt 0x28b8f70:     107 tokens, checkpoints:  0,     1.256 MiB
srv        update:    - prompt 0x28d3cf0:     107 tokens, checkpoints:  0,     1.256 MiB
srv        update:    - prompt 0x4a298e0:     118 tokens, checkpoints:  0,     1.385 MiB
srv        update:    - prompt 0x28bfbb0:     122 tokens, checkpoints:  0,     1.432 MiB
srv        update:    - prompt 0xf0e970:     130 tokens, checkpoints:  0,     1.525 MiB
srv        update:    - prompt 0x28e67e0:     131 tokens, checkpoints:  0,     1.537 MiB
srv        update:    - prompt 0xf0c310:     129 tokens, checkpoints:  0,     1.514 MiB
srv        update:    - prompt 0xeec0d0:     424 tokens, checkpoints:  0,     4.974 MiB
srv        update:    - prompt 0x28ce470:     408 tokens, checkpoints:  0,     4.786 MiB
srv        update:    - prompt 0x28b9010:     411 tokens, checkpoints:  0,     4.822 MiB
srv        update:    - prompt 0x4a25680:     417 tokens, checkpoints:  0,     4.892 MiB
srv        update:    - prompt 0x4a293c0:     416 tokens, checkpoints:  0,     4.880 MiB
srv        update:    - prompt 0x28e40e0:     430 tokens, checkpoints:  0,     5.045 MiB
srv        update:    - prompt 0xffff3c002440:     430 tokens, checkpoints:  0,     5.045 MiB
srv        update:    - prompt 0xffff48005c10:     106 tokens, checkpoints:  0,     1.244 MiB
srv        update:    - prompt 0xffff54004690:     104 tokens, checkpoints:  0,     1.221 MiB
srv        update:    - prompt 0x28cba50:     109 tokens, checkpoints:  0,     1.279 MiB
srv        update:    - prompt 0xf0bbe0:     115 tokens, checkpoints:  0,     1.350 MiB
srv        update:    - prompt 0x28cbe30:     110 tokens, checkpoints:  0,     1.291 MiB
srv        update:    - prompt 0x28ba5b0:     112 tokens, checkpoints:  0,     1.314 MiB
srv        update:    - prompt 0x28b3170:     107 tokens, checkpoints:  0,     1.256 MiB
srv        update:    - prompt 0x28b6970:     107 tokens, checkpoints:  0,     1.256 MiB
srv        update:    - prompt 0x4a227b0:     107 tokens, checkpoints:  0,     1.256 MiB
srv        update:    - prompt 0x28db1f0:     110 tokens, checkpoints:  0,     1.291 MiB
srv        update:    - prompt 0x28cc020:     118 tokens, checkpoints:  0,     1.385 MiB
srv        update:    - prompt 0x2911090:     122 tokens, checkpoints:  0,     1.432 MiB
srv        update:    - prompt 0x653c040:     164 tokens, checkpoints:  0,     1.924 MiB
srv        update:    - prompt 0xf8fa50:     130 tokens, checkpoints:  0,     1.525 MiB
srv        update:    - prompt 0x28cc0c0:     134 tokens, checkpoints:  0,     1.572 MiB
srv        update:    - prompt 0x28d4ac0:     131 tokens, checkpoints:  0,     1.537 MiB
srv        update:    - prompt 0x28d34d0:     145 tokens, checkpoints:  0,     1.701 MiB
srv        update:    - prompt 0x28b6d20:     129 tokens, checkpoints:  0,     1.514 MiB
srv        update:    - prompt 0x28cfc50:     135 tokens, checkpoints:  0,     1.584 MiB
srv        update:    - prompt 0x28c3290:     135 tokens, checkpoints:  0,     1.584 MiB
srv        update:    - prompt 0x28b9ba0:     242 tokens, checkpoints:  0,     2.839 MiB
srv        update:    - prompt 0xffff00004cf0:     324 tokens, checkpoints:  0,     3.801 MiB
slot update_slots: id  2 | task 8427 | new prompt, n_ctx_slot = 4096, n_keep = 0, task.n_tokens = 263
slot update_slots: id  2 | task 8427 | need to evaluate at least 1 token for each active slot (n_past = 263, task.n_tokens() = 263)
slot update_slots: id  2 | task 8427 | n_past was set to 262
slot update_slots: id  2 | task 8427 | n_tokens = 262, memory_seq_rm [262, end)
slot init_sampler: id  2 | task 8427 | init sampler, took 0.12 ms, tokens: text = 263, total = 263
slot update_slots: id  2 | task 8427 | prompt processing done, n_tokens = 263, batch.n_tokens = 1
srv  log_server_r: done request: POST /completion 127.0.0.1 200
slot print_timing: id  2 | task 8427 | 
prompt eval time =      28.75 ms /     1 tokens (   28.75 ms per token,    34.79 tokens per second)
       eval time =    2794.67 ms /   100 tokens (   27.95 ms per token,    35.78 tokens per second)
      total time =    2823.41 ms /   101 tokens
slot      release: id  2 | task 8427 | stop processing: n_tokens = 362, truncated = 0
srv  update_slots: all slots are idle
slot get_availabl: id  1 | task -1 | selected slot by LRU, t_last = 36466267674
srv  get_availabl: updating prompt cache
srv          load:  - looking for better prompt, base f_keep = -1.000, sim = 0.000
srv          load:  - found better prompt with f_keep = 0.767, sim = 1.000
srv        update:  - cache state: 59 prompts, 106.051 MiB (limits: 8192.000 MiB, 4096 tokens, 698149 est)
srv        update:    - prompt 0x28c0e20:     105 tokens, checkpoints:  0,     1.232 MiB
srv        update:    - prompt 0x28c7080:     106 tokens, checkpoints:  0,     1.244 MiB
srv        update:    - prompt 0x28d3a10:     105 tokens, checkpoints:  0,     1.232 MiB
srv        update:    - prompt 0x28c1e20:     106 tokens, checkpoints:  0,     1.244 MiB
srv        update:    - prompt 0x3d8f9b0:     104 tokens, checkpoints:  0,     1.221 MiB
srv        update:    - prompt 0x28c94c0:     109 tokens, checkpoints:  0,     1.279 MiB
srv        update:    - prompt 0xf90860:     115 tokens, checkpoints:  0,     1.350 MiB
srv        update:    - prompt 0x28ce680:     110 tokens, checkpoints:  0,     1.291 MiB
srv        update:    - prompt 0x28ba4f0:     112 tokens, checkpoints:  0,     1.314 MiB
srv        update:    - prompt 0x28dd340:     107 tokens, checkpoints:  0,     1.256 MiB
srv        update:    - prompt 0x28d1e50:     107 tokens, checkpoints:  0,     1.256 MiB
srv        update:    - prompt 0x28c0600:     107 tokens, checkpoints:  0,     1.256 MiB
srv        update:    - prompt 0x28c6e80:     118 tokens, checkpoints:  0,     1.385 MiB
srv        update:    - prompt 0x28cd710:     122 tokens, checkpoints:  0,     1.432 MiB
srv        update:    - prompt 0x28cfbb0:     130 tokens, checkpoints:  0,     1.525 MiB
srv        update:    - prompt 0x28c6380:     131 tokens, checkpoints:  0,     1.537 MiB
srv        update:    - prompt 0x28c9fe0:     129 tokens, checkpoints:  0,     1.514 MiB
srv        update:    - prompt 0x28bac10:     106 tokens, checkpoints:  0,     1.244 MiB
srv        update:    - prompt 0x28b68d0:     104 tokens, checkpoints:  0,     1.221 MiB
srv        update:    - prompt 0x4a2fdc0:     109 tokens, checkpoints:  0,     1.279 MiB
srv        update:    - prompt 0x28cdbb0:     115 tokens, checkpoints:  0,     1.350 MiB
srv        update:    - prompt 0x28ec330:     110 tokens, checkpoints:  0,     1.291 MiB
srv        update:    - prompt 0xee5330:     112 tokens, checkpoints:  0,     1.314 MiB
srv        update:    - prompt 0xf12130:     107 tokens, checkpoints:  0,     1.256 MiB
srv        update:    - prompt 0x28b8f70:     107 tokens, checkpoints:  0,     1.256 MiB
srv        update:    - prompt 0x28d3cf0:     107 tokens, checkpoints:  0,     1.256 MiB
srv        update:    - prompt 0x4a298e0:     118 tokens, checkpoints:  0,     1.385 MiB
srv        update:    - prompt 0x28bfbb0:     122 tokens, checkpoints:  0,     1.432 MiB
srv        update:    - prompt 0xf0e970:     130 tokens, checkpoints:  0,     1.525 MiB
srv        update:    - prompt 0x28e67e0:     131 tokens, checkpoints:  0,     1.537 MiB
srv        update:    - prompt 0xf0c310:     129 tokens, checkpoints:  0,     1.514 MiB
srv        update:    - prompt 0x28ce470:     408 tokens, checkpoints:  0,     4.786 MiB
srv        update:    - prompt 0x28b9010:     411 tokens, checkpoints:  0,     4.822 MiB
srv        update:    - prompt 0x4a25680:     417 tokens, checkpoints:  0,     4.892 MiB
srv        update:    - prompt 0x4a293c0:     416 tokens, checkpoints:  0,     4.880 MiB
srv        update:    - prompt 0x28e40e0:     430 tokens, checkpoints:  0,     5.045 MiB
srv        update:    - prompt 0xffff3c002440:     430 tokens, checkpoints:  0,     5.045 MiB
srv        update:    - prompt 0xffff48005c10:     106 tokens, checkpoints:  0,     1.244 MiB
srv        update:    - prompt 0xffff54004690:     104 tokens, checkpoints:  0,     1.221 MiB
srv        update:    - prompt 0x28cba50:     109 tokens, checkpoints:  0,     1.279 MiB
srv        update:    - prompt 0xf0bbe0:     115 tokens, checkpoints:  0,     1.350 MiB
srv        update:    - prompt 0x28cbe30:     110 tokens, checkpoints:  0,     1.291 MiB
srv        update:    - prompt 0x28ba5b0:     112 tokens, checkpoints:  0,     1.314 MiB
srv        update:    - prompt 0x28b3170:     107 tokens, checkpoints:  0,     1.256 MiB
srv        update:    - prompt 0x28b6970:     107 tokens, checkpoints:  0,     1.256 MiB
srv        update:    - prompt 0x4a227b0:     107 tokens, checkpoints:  0,     1.256 MiB
srv        update:    - prompt 0x28db1f0:     110 tokens, checkpoints:  0,     1.291 MiB
srv        update:    - prompt 0x28cc020:     118 tokens, checkpoints:  0,     1.385 MiB
srv        update:    - prompt 0x2911090:     122 tokens, checkpoints:  0,     1.432 MiB
srv        update:    - prompt 0x653c040:     164 tokens, checkpoints:  0,     1.924 MiB
srv        update:    - prompt 0xf8fa50:     130 tokens, checkpoints:  0,     1.525 MiB
srv        update:    - prompt 0x28cc0c0:     134 tokens, checkpoints:  0,     1.572 MiB
srv        update:    - prompt 0x28d4ac0:     131 tokens, checkpoints:  0,     1.537 MiB
srv        update:    - prompt 0x28d34d0:     145 tokens, checkpoints:  0,     1.701 MiB
srv        update:    - prompt 0x28b6d20:     129 tokens, checkpoints:  0,     1.514 MiB
srv        update:    - prompt 0x28cfc50:     135 tokens, checkpoints:  0,     1.584 MiB
srv        update:    - prompt 0x28c3290:     135 tokens, checkpoints:  0,     1.584 MiB
srv        update:    - prompt 0x28b9ba0:     242 tokens, checkpoints:  0,     2.839 MiB
srv        update:    - prompt 0xffff00004cf0:     324 tokens, checkpoints:  0,     3.801 MiB
srv  get_availabl: prompt cache update took 2.19 ms
slot launch_slot_: id  1 | task -1 | sampler chain: logits -> ?penalties -> ?dry -> ?top-n-sigma -> top-k -> ?typical -> top-p -> min-p -> ?xtc -> temp-ext -> dist 
slot launch_slot_: id  1 | task 8528 | processing task, is_child = 0
slot slot_save_an: id  2 | task -1 | saving idle slot to prompt cache
srv   prompt_save:  - saving prompt with length 362, total state size = 4.247 MiB
slot prompt_clear: id  2 | task -1 | clearing prompt with 362 tokens
srv        update:  - cache state: 60 prompts, 110.298 MiB (limits: 8192.000 MiB, 4096 tokens, 698154 est)
srv        update:    - prompt 0x28c0e20:     105 tokens, checkpoints:  0,     1.232 MiB
srv        update:    - prompt 0x28c7080:     106 tokens, checkpoints:  0,     1.244 MiB
srv        update:    - prompt 0x28d3a10:     105 tokens, checkpoints:  0,     1.232 MiB
srv        update:    - prompt 0x28c1e20:     106 tokens, checkpoints:  0,     1.244 MiB
srv        update:    - prompt 0x3d8f9b0:     104 tokens, checkpoints:  0,     1.221 MiB
srv        update:    - prompt 0x28c94c0:     109 tokens, checkpoints:  0,     1.279 MiB
srv        update:    - prompt 0xf90860:     115 tokens, checkpoints:  0,     1.350 MiB
srv        update:    - prompt 0x28ce680:     110 tokens, checkpoints:  0,     1.291 MiB
srv        update:    - prompt 0x28ba4f0:     112 tokens, checkpoints:  0,     1.314 MiB
srv        update:    - prompt 0x28dd340:     107 tokens, checkpoints:  0,     1.256 MiB
srv        update:    - prompt 0x28d1e50:     107 tokens, checkpoints:  0,     1.256 MiB
srv        update:    - prompt 0x28c0600:     107 tokens, checkpoints:  0,     1.256 MiB
srv        update:    - prompt 0x28c6e80:     118 tokens, checkpoints:  0,     1.385 MiB
srv        update:    - prompt 0x28cd710:     122 tokens, checkpoints:  0,     1.432 MiB
srv        update:    - prompt 0x28cfbb0:     130 tokens, checkpoints:  0,     1.525 MiB
srv        update:    - prompt 0x28c6380:     131 tokens, checkpoints:  0,     1.537 MiB
srv        update:    - prompt 0x28c9fe0:     129 tokens, checkpoints:  0,     1.514 MiB
srv        update:    - prompt 0x28bac10:     106 tokens, checkpoints:  0,     1.244 MiB
srv        update:    - prompt 0x28b68d0:     104 tokens, checkpoints:  0,     1.221 MiB
srv        update:    - prompt 0x4a2fdc0:     109 tokens, checkpoints:  0,     1.279 MiB
srv        update:    - prompt 0x28cdbb0:     115 tokens, checkpoints:  0,     1.350 MiB
srv        update:    - prompt 0x28ec330:     110 tokens, checkpoints:  0,     1.291 MiB
srv        update:    - prompt 0xee5330:     112 tokens, checkpoints:  0,     1.314 MiB
srv        update:    - prompt 0xf12130:     107 tokens, checkpoints:  0,     1.256 MiB
srv        update:    - prompt 0x28b8f70:     107 tokens, checkpoints:  0,     1.256 MiB
srv        update:    - prompt 0x28d3cf0:     107 tokens, checkpoints:  0,     1.256 MiB
srv        update:    - prompt 0x4a298e0:     118 tokens, checkpoints:  0,     1.385 MiB
srv        update:    - prompt 0x28bfbb0:     122 tokens, checkpoints:  0,     1.432 MiB
srv        update:    - prompt 0xf0e970:     130 tokens, checkpoints:  0,     1.525 MiB
srv        update:    - prompt 0x28e67e0:     131 tokens, checkpoints:  0,     1.537 MiB
srv        update:    - prompt 0xf0c310:     129 tokens, checkpoints:  0,     1.514 MiB
srv        update:    - prompt 0x28ce470:     408 tokens, checkpoints:  0,     4.786 MiB
srv        update:    - prompt 0x28b9010:     411 tokens, checkpoints:  0,     4.822 MiB
srv        update:    - prompt 0x4a25680:     417 tokens, checkpoints:  0,     4.892 MiB
srv        update:    - prompt 0x4a293c0:     416 tokens, checkpoints:  0,     4.880 MiB
srv        update:    - prompt 0x28e40e0:     430 tokens, checkpoints:  0,     5.045 MiB
srv        update:    - prompt 0xffff3c002440:     430 tokens, checkpoints:  0,     5.045 MiB
srv        update:    - prompt 0xffff48005c10:     106 tokens, checkpoints:  0,     1.244 MiB
srv        update:    - prompt 0xffff54004690:     104 tokens, checkpoints:  0,     1.221 MiB
srv        update:    - prompt 0x28cba50:     109 tokens, checkpoints:  0,     1.279 MiB
srv        update:    - prompt 0xf0bbe0:     115 tokens, checkpoints:  0,     1.350 MiB
srv        update:    - prompt 0x28cbe30:     110 tokens, checkpoints:  0,     1.291 MiB
srv        update:    - prompt 0x28ba5b0:     112 tokens, checkpoints:  0,     1.314 MiB
srv        update:    - prompt 0x28b3170:     107 tokens, checkpoints:  0,     1.256 MiB
srv        update:    - prompt 0x28b6970:     107 tokens, checkpoints:  0,     1.256 MiB
srv        update:    - prompt 0x4a227b0:     107 tokens, checkpoints:  0,     1.256 MiB
srv        update:    - prompt 0x28db1f0:     110 tokens, checkpoints:  0,     1.291 MiB
srv        update:    - prompt 0x28cc020:     118 tokens, checkpoints:  0,     1.385 MiB
srv        update:    - prompt 0x2911090:     122 tokens, checkpoints:  0,     1.432 MiB
srv        update:    - prompt 0x653c040:     164 tokens, checkpoints:  0,     1.924 MiB
srv        update:    - prompt 0xf8fa50:     130 tokens, checkpoints:  0,     1.525 MiB
srv        update:    - prompt 0x28cc0c0:     134 tokens, checkpoints:  0,     1.572 MiB
srv        update:    - prompt 0x28d4ac0:     131 tokens, checkpoints:  0,     1.537 MiB
srv        update:    - prompt 0x28d34d0:     145 tokens, checkpoints:  0,     1.701 MiB
srv        update:    - prompt 0x28b6d20:     129 tokens, checkpoints:  0,     1.514 MiB
srv        update:    - prompt 0x28cfc50:     135 tokens, checkpoints:  0,     1.584 MiB
srv        update:    - prompt 0x28c3290:     135 tokens, checkpoints:  0,     1.584 MiB
srv        update:    - prompt 0x28b9ba0:     242 tokens, checkpoints:  0,     2.839 MiB
srv        update:    - prompt 0xffff00004cf0:     324 tokens, checkpoints:  0,     3.801 MiB
srv        update:    - prompt 0xeec0d0:     362 tokens, checkpoints:  0,     4.247 MiB
slot update_slots: id  1 | task 8528 | new prompt, n_ctx_slot = 4096, n_keep = 0, task.n_tokens = 325
slot update_slots: id  1 | task 8528 | need to evaluate at least 1 token for each active slot (n_past = 325, task.n_tokens() = 325)
slot update_slots: id  1 | task 8528 | n_past was set to 324
slot update_slots: id  1 | task 8528 | n_tokens = 324, memory_seq_rm [324, end)
slot init_sampler: id  1 | task 8528 | init sampler, took 0.18 ms, tokens: text = 325, total = 325
slot update_slots: id  1 | task 8528 | prompt processing done, n_tokens = 325, batch.n_tokens = 1
srv  log_server_r: done request: POST /completion 127.0.0.1 200
slot print_timing: id  1 | task 8528 | 
prompt eval time =      31.18 ms /     1 tokens (   31.18 ms per token,    32.07 tokens per second)
       eval time =    2874.68 ms /   100 tokens (   28.75 ms per token,    34.79 tokens per second)
      total time =    2905.85 ms /   101 tokens
slot      release: id  1 | task 8528 | stop processing: n_tokens = 424, truncated = 0
srv  update_slots: all slots are idle
slot get_availabl: id  0 | task -1 | selected slot by LRU, t_last = 36469622141
srv  get_availabl: updating prompt cache
srv          load:  - looking for better prompt, base f_keep = -1.000, sim = 0.000
srv          load:  - found better prompt with f_keep = 0.757, sim = 1.000
srv        update:  - cache state: 59 prompts, 105.511 MiB (limits: 8192.000 MiB, 4096 tokens, 698148 est)
srv        update:    - prompt 0x28c0e20:     105 tokens, checkpoints:  0,     1.232 MiB
srv        update:    - prompt 0x28c7080:     106 tokens, checkpoints:  0,     1.244 MiB
srv        update:    - prompt 0x28d3a10:     105 tokens, checkpoints:  0,     1.232 MiB
srv        update:    - prompt 0x28c1e20:     106 tokens, checkpoints:  0,     1.244 MiB
srv        update:    - prompt 0x3d8f9b0:     104 tokens, checkpoints:  0,     1.221 MiB
srv        update:    - prompt 0x28c94c0:     109 tokens, checkpoints:  0,     1.279 MiB
srv        update:    - prompt 0xf90860:     115 tokens, checkpoints:  0,     1.350 MiB
srv        update:    - prompt 0x28ce680:     110 tokens, checkpoints:  0,     1.291 MiB
srv        update:    - prompt 0x28ba4f0:     112 tokens, checkpoints:  0,     1.314 MiB
srv        update:    - prompt 0x28dd340:     107 tokens, checkpoints:  0,     1.256 MiB
srv        update:    - prompt 0x28d1e50:     107 tokens, checkpoints:  0,     1.256 MiB
srv        update:    - prompt 0x28c0600:     107 tokens, checkpoints:  0,     1.256 MiB
srv        update:    - prompt 0x28c6e80:     118 tokens, checkpoints:  0,     1.385 MiB
srv        update:    - prompt 0x28cd710:     122 tokens, checkpoints:  0,     1.432 MiB
srv        update:    - prompt 0x28cfbb0:     130 tokens, checkpoints:  0,     1.525 MiB
srv        update:    - prompt 0x28c6380:     131 tokens, checkpoints:  0,     1.537 MiB
srv        update:    - prompt 0x28c9fe0:     129 tokens, checkpoints:  0,     1.514 MiB
srv        update:    - prompt 0x28bac10:     106 tokens, checkpoints:  0,     1.244 MiB
srv        update:    - prompt 0x28b68d0:     104 tokens, checkpoints:  0,     1.221 MiB
srv        update:    - prompt 0x4a2fdc0:     109 tokens, checkpoints:  0,     1.279 MiB
srv        update:    - prompt 0x28cdbb0:     115 tokens, checkpoints:  0,     1.350 MiB
srv        update:    - prompt 0x28ec330:     110 tokens, checkpoints:  0,     1.291 MiB
srv        update:    - prompt 0xee5330:     112 tokens, checkpoints:  0,     1.314 MiB
srv        update:    - prompt 0xf12130:     107 tokens, checkpoints:  0,     1.256 MiB
srv        update:    - prompt 0x28b8f70:     107 tokens, checkpoints:  0,     1.256 MiB
srv        update:    - prompt 0x28d3cf0:     107 tokens, checkpoints:  0,     1.256 MiB
srv        update:    - prompt 0x4a298e0:     118 tokens, checkpoints:  0,     1.385 MiB
srv        update:    - prompt 0x28bfbb0:     122 tokens, checkpoints:  0,     1.432 MiB
srv        update:    - prompt 0xf0e970:     130 tokens, checkpoints:  0,     1.525 MiB
srv        update:    - prompt 0x28e67e0:     131 tokens, checkpoints:  0,     1.537 MiB
srv        update:    - prompt 0xf0c310:     129 tokens, checkpoints:  0,     1.514 MiB
srv        update:    - prompt 0x28b9010:     411 tokens, checkpoints:  0,     4.822 MiB
srv        update:    - prompt 0x4a25680:     417 tokens, checkpoints:  0,     4.892 MiB
srv        update:    - prompt 0x4a293c0:     416 tokens, checkpoints:  0,     4.880 MiB
srv        update:    - prompt 0x28e40e0:     430 tokens, checkpoints:  0,     5.045 MiB
srv        update:    - prompt 0xffff3c002440:     430 tokens, checkpoints:  0,     5.045 MiB
srv        update:    - prompt 0xffff48005c10:     106 tokens, checkpoints:  0,     1.244 MiB
srv        update:    - prompt 0xffff54004690:     104 tokens, checkpoints:  0,     1.221 MiB
srv        update:    - prompt 0x28cba50:     109 tokens, checkpoints:  0,     1.279 MiB
srv        update:    - prompt 0xf0bbe0:     115 tokens, checkpoints:  0,     1.350 MiB
srv        update:    - prompt 0x28cbe30:     110 tokens, checkpoints:  0,     1.291 MiB
srv        update:    - prompt 0x28ba5b0:     112 tokens, checkpoints:  0,     1.314 MiB
srv        update:    - prompt 0x28b3170:     107 tokens, checkpoints:  0,     1.256 MiB
srv        update:    - prompt 0x28b6970:     107 tokens, checkpoints:  0,     1.256 MiB
srv        update:    - prompt 0x4a227b0:     107 tokens, checkpoints:  0,     1.256 MiB
srv        update:    - prompt 0x28db1f0:     110 tokens, checkpoints:  0,     1.291 MiB
srv        update:    - prompt 0x28cc020:     118 tokens, checkpoints:  0,     1.385 MiB
srv        update:    - prompt 0x2911090:     122 tokens, checkpoints:  0,     1.432 MiB
srv        update:    - prompt 0x653c040:     164 tokens, checkpoints:  0,     1.924 MiB
srv        update:    - prompt 0xf8fa50:     130 tokens, checkpoints:  0,     1.525 MiB
srv        update:    - prompt 0x28cc0c0:     134 tokens, checkpoints:  0,     1.572 MiB
srv        update:    - prompt 0x28d4ac0:     131 tokens, checkpoints:  0,     1.537 MiB
srv        update:    - prompt 0x28d34d0:     145 tokens, checkpoints:  0,     1.701 MiB
srv        update:    - prompt 0x28b6d20:     129 tokens, checkpoints:  0,     1.514 MiB
srv        update:    - prompt 0x28cfc50:     135 tokens, checkpoints:  0,     1.584 MiB
srv        update:    - prompt 0x28c3290:     135 tokens, checkpoints:  0,     1.584 MiB
srv        update:    - prompt 0x28b9ba0:     242 tokens, checkpoints:  0,     2.839 MiB
srv        update:    - prompt 0xffff00004cf0:     324 tokens, checkpoints:  0,     3.801 MiB
srv        update:    - prompt 0xeec0d0:     362 tokens, checkpoints:  0,     4.247 MiB
srv  get_availabl: prompt cache update took 2.02 ms
slot launch_slot_: id  0 | task -1 | sampler chain: logits -> ?penalties -> ?dry -> ?top-n-sigma -> top-k -> ?typical -> top-p -> min-p -> ?xtc -> temp-ext -> dist 
slot launch_slot_: id  0 | task 8629 | processing task, is_child = 0
slot slot_save_an: id  1 | task -1 | saving idle slot to prompt cache
srv   prompt_save:  - saving prompt with length 424, total state size = 4.974 MiB
slot prompt_clear: id  1 | task -1 | clearing prompt with 424 tokens
srv        update:  - cache state: 60 prompts, 110.485 MiB (limits: 8192.000 MiB, 4096 tokens, 698154 est)
srv        update:    - prompt 0x28c0e20:     105 tokens, checkpoints:  0,     1.232 MiB
srv        update:    - prompt 0x28c7080:     106 tokens, checkpoints:  0,     1.244 MiB
srv        update:    - prompt 0x28d3a10:     105 tokens, checkpoints:  0,     1.232 MiB
srv        update:    - prompt 0x28c1e20:     106 tokens, checkpoints:  0,     1.244 MiB
srv        update:    - prompt 0x3d8f9b0:     104 tokens, checkpoints:  0,     1.221 MiB
srv        update:    - prompt 0x28c94c0:     109 tokens, checkpoints:  0,     1.279 MiB
srv        update:    - prompt 0xf90860:     115 tokens, checkpoints:  0,     1.350 MiB
srv        update:    - prompt 0x28ce680:     110 tokens, checkpoints:  0,     1.291 MiB
srv        update:    - prompt 0x28ba4f0:     112 tokens, checkpoints:  0,     1.314 MiB
srv        update:    - prompt 0x28dd340:     107 tokens, checkpoints:  0,     1.256 MiB
srv        update:    - prompt 0x28d1e50:     107 tokens, checkpoints:  0,     1.256 MiB
srv        update:    - prompt 0x28c0600:     107 tokens, checkpoints:  0,     1.256 MiB
srv        update:    - prompt 0x28c6e80:     118 tokens, checkpoints:  0,     1.385 MiB
srv        update:    - prompt 0x28cd710:     122 tokens, checkpoints:  0,     1.432 MiB
srv        update:    - prompt 0x28cfbb0:     130 tokens, checkpoints:  0,     1.525 MiB
srv        update:    - prompt 0x28c6380:     131 tokens, checkpoints:  0,     1.537 MiB
srv        update:    - prompt 0x28c9fe0:     129 tokens, checkpoints:  0,     1.514 MiB
srv        update:    - prompt 0x28bac10:     106 tokens, checkpoints:  0,     1.244 MiB
srv        update:    - prompt 0x28b68d0:     104 tokens, checkpoints:  0,     1.221 MiB
srv        update:    - prompt 0x4a2fdc0:     109 tokens, checkpoints:  0,     1.279 MiB
srv        update:    - prompt 0x28cdbb0:     115 tokens, checkpoints:  0,     1.350 MiB
srv        update:    - prompt 0x28ec330:     110 tokens, checkpoints:  0,     1.291 MiB
srv        update:    - prompt 0xee5330:     112 tokens, checkpoints:  0,     1.314 MiB
srv        update:    - prompt 0xf12130:     107 tokens, checkpoints:  0,     1.256 MiB
srv        update:    - prompt 0x28b8f70:     107 tokens, checkpoints:  0,     1.256 MiB
srv        update:    - prompt 0x28d3cf0:     107 tokens, checkpoints:  0,     1.256 MiB
srv        update:    - prompt 0x4a298e0:     118 tokens, checkpoints:  0,     1.385 MiB
srv        update:    - prompt 0x28bfbb0:     122 tokens, checkpoints:  0,     1.432 MiB
srv        update:    - prompt 0xf0e970:     130 tokens, checkpoints:  0,     1.525 MiB
srv        update:    - prompt 0x28e67e0:     131 tokens, checkpoints:  0,     1.537 MiB
srv        update:    - prompt 0xf0c310:     129 tokens, checkpoints:  0,     1.514 MiB
srv        update:    - prompt 0x28b9010:     411 tokens, checkpoints:  0,     4.822 MiB
srv        update:    - prompt 0x4a25680:     417 tokens, checkpoints:  0,     4.892 MiB
srv        update:    - prompt 0x4a293c0:     416 tokens, checkpoints:  0,     4.880 MiB
srv        update:    - prompt 0x28e40e0:     430 tokens, checkpoints:  0,     5.045 MiB
srv        update:    - prompt 0xffff3c002440:     430 tokens, checkpoints:  0,     5.045 MiB
srv        update:    - prompt 0xffff48005c10:     106 tokens, checkpoints:  0,     1.244 MiB
srv        update:    - prompt 0xffff54004690:     104 tokens, checkpoints:  0,     1.221 MiB
srv        update:    - prompt 0x28cba50:     109 tokens, checkpoints:  0,     1.279 MiB
srv        update:    - prompt 0xf0bbe0:     115 tokens, checkpoints:  0,     1.350 MiB
srv        update:    - prompt 0x28cbe30:     110 tokens, checkpoints:  0,     1.291 MiB
srv        update:    - prompt 0x28ba5b0:     112 tokens, checkpoints:  0,     1.314 MiB
srv        update:    - prompt 0x28b3170:     107 tokens, checkpoints:  0,     1.256 MiB
srv        update:    - prompt 0x28b6970:     107 tokens, checkpoints:  0,     1.256 MiB
srv        update:    - prompt 0x4a227b0:     107 tokens, checkpoints:  0,     1.256 MiB
srv        update:    - prompt 0x28db1f0:     110 tokens, checkpoints:  0,     1.291 MiB
srv        update:    - prompt 0x28cc020:     118 tokens, checkpoints:  0,     1.385 MiB
srv        update:    - prompt 0x2911090:     122 tokens, checkpoints:  0,     1.432 MiB
srv        update:    - prompt 0x653c040:     164 tokens, checkpoints:  0,     1.924 MiB
srv        update:    - prompt 0xf8fa50:     130 tokens, checkpoints:  0,     1.525 MiB
srv        update:    - prompt 0x28cc0c0:     134 tokens, checkpoints:  0,     1.572 MiB
srv        update:    - prompt 0x28d4ac0:     131 tokens, checkpoints:  0,     1.537 MiB
srv        update:    - prompt 0x28d34d0:     145 tokens, checkpoints:  0,     1.701 MiB
srv        update:    - prompt 0x28b6d20:     129 tokens, checkpoints:  0,     1.514 MiB
srv        update:    - prompt 0x28cfc50:     135 tokens, checkpoints:  0,     1.584 MiB
srv        update:    - prompt 0x28c3290:     135 tokens, checkpoints:  0,     1.584 MiB
srv        update:    - prompt 0x28b9ba0:     242 tokens, checkpoints:  0,     2.839 MiB
srv        update:    - prompt 0xffff00004cf0:     324 tokens, checkpoints:  0,     3.801 MiB
srv        update:    - prompt 0xeec0d0:     362 tokens, checkpoints:  0,     4.247 MiB
srv        update:    - prompt 0x28ce470:     424 tokens, checkpoints:  0,     4.974 MiB
slot update_slots: id  0 | task 8629 | new prompt, n_ctx_slot = 4096, n_keep = 0, task.n_tokens = 309
slot update_slots: id  0 | task 8629 | need to evaluate at least 1 token for each active slot (n_past = 309, task.n_tokens() = 309)
slot update_slots: id  0 | task 8629 | n_past was set to 308
slot update_slots: id  0 | task 8629 | n_tokens = 308, memory_seq_rm [308, end)
slot init_sampler: id  0 | task 8629 | init sampler, took 0.14 ms, tokens: text = 309, total = 309
slot update_slots: id  0 | task 8629 | prompt processing done, n_tokens = 309, batch.n_tokens = 1
srv  log_server_r: done request: POST /completion 127.0.0.1 200
slot print_timing: id  0 | task 8629 | 
prompt eval time =      29.48 ms /     1 tokens (   29.48 ms per token,    33.92 tokens per second)
       eval time =    2865.57 ms /   100 tokens (   28.66 ms per token,    34.90 tokens per second)
      total time =    2895.05 ms /   101 tokens
slot      release: id  0 | task 8629 | stop processing: n_tokens = 408, truncated = 0
srv  update_slots: all slots are idle
slot get_availabl: id  3 | task -1 | selected slot by LRU, t_last = 36473043322
srv  get_availabl: updating prompt cache
srv          load:  - looking for better prompt, base f_keep = -1.000, sim = 0.000
srv          load:  - found better prompt with f_keep = 0.759, sim = 1.000
srv        update:  - cache state: 59 prompts, 105.664 MiB (limits: 8192.000 MiB, 4096 tokens, 698148 est)
srv        update:    - prompt 0x28c0e20:     105 tokens, checkpoints:  0,     1.232 MiB
srv        update:    - prompt 0x28c7080:     106 tokens, checkpoints:  0,     1.244 MiB
srv        update:    - prompt 0x28d3a10:     105 tokens, checkpoints:  0,     1.232 MiB
srv        update:    - prompt 0x28c1e20:     106 tokens, checkpoints:  0,     1.244 MiB
srv        update:    - prompt 0x3d8f9b0:     104 tokens, checkpoints:  0,     1.221 MiB
srv        update:    - prompt 0x28c94c0:     109 tokens, checkpoints:  0,     1.279 MiB
srv        update:    - prompt 0xf90860:     115 tokens, checkpoints:  0,     1.350 MiB
srv        update:    - prompt 0x28ce680:     110 tokens, checkpoints:  0,     1.291 MiB
srv        update:    - prompt 0x28ba4f0:     112 tokens, checkpoints:  0,     1.314 MiB
srv        update:    - prompt 0x28dd340:     107 tokens, checkpoints:  0,     1.256 MiB
srv        update:    - prompt 0x28d1e50:     107 tokens, checkpoints:  0,     1.256 MiB
srv        update:    - prompt 0x28c0600:     107 tokens, checkpoints:  0,     1.256 MiB
srv        update:    - prompt 0x28c6e80:     118 tokens, checkpoints:  0,     1.385 MiB
srv        update:    - prompt 0x28cd710:     122 tokens, checkpoints:  0,     1.432 MiB
srv        update:    - prompt 0x28cfbb0:     130 tokens, checkpoints:  0,     1.525 MiB
srv        update:    - prompt 0x28c6380:     131 tokens, checkpoints:  0,     1.537 MiB
srv        update:    - prompt 0x28c9fe0:     129 tokens, checkpoints:  0,     1.514 MiB
srv        update:    - prompt 0x28bac10:     106 tokens, checkpoints:  0,     1.244 MiB
srv        update:    - prompt 0x28b68d0:     104 tokens, checkpoints:  0,     1.221 MiB
srv        update:    - prompt 0x4a2fdc0:     109 tokens, checkpoints:  0,     1.279 MiB
srv        update:    - prompt 0x28cdbb0:     115 tokens, checkpoints:  0,     1.350 MiB
srv        update:    - prompt 0x28ec330:     110 tokens, checkpoints:  0,     1.291 MiB
srv        update:    - prompt 0xee5330:     112 tokens, checkpoints:  0,     1.314 MiB
srv        update:    - prompt 0xf12130:     107 tokens, checkpoints:  0,     1.256 MiB
srv        update:    - prompt 0x28b8f70:     107 tokens, checkpoints:  0,     1.256 MiB
srv        update:    - prompt 0x28d3cf0:     107 tokens, checkpoints:  0,     1.256 MiB
srv        update:    - prompt 0x4a298e0:     118 tokens, checkpoints:  0,     1.385 MiB
srv        update:    - prompt 0x28bfbb0:     122 tokens, checkpoints:  0,     1.432 MiB
srv        update:    - prompt 0xf0e970:     130 tokens, checkpoints:  0,     1.525 MiB
srv        update:    - prompt 0x28e67e0:     131 tokens, checkpoints:  0,     1.537 MiB
srv        update:    - prompt 0xf0c310:     129 tokens, checkpoints:  0,     1.514 MiB
srv        update:    - prompt 0x4a25680:     417 tokens, checkpoints:  0,     4.892 MiB
srv        update:    - prompt 0x4a293c0:     416 tokens, checkpoints:  0,     4.880 MiB
srv        update:    - prompt 0x28e40e0:     430 tokens, checkpoints:  0,     5.045 MiB
srv        update:    - prompt 0xffff3c002440:     430 tokens, checkpoints:  0,     5.045 MiB
srv        update:    - prompt 0xffff48005c10:     106 tokens, checkpoints:  0,     1.244 MiB
srv        update:    - prompt 0xffff54004690:     104 tokens, checkpoints:  0,     1.221 MiB
srv        update:    - prompt 0x28cba50:     109 tokens, checkpoints:  0,     1.279 MiB
srv        update:    - prompt 0xf0bbe0:     115 tokens, checkpoints:  0,     1.350 MiB
srv        update:    - prompt 0x28cbe30:     110 tokens, checkpoints:  0,     1.291 MiB
srv        update:    - prompt 0x28ba5b0:     112 tokens, checkpoints:  0,     1.314 MiB
srv        update:    - prompt 0x28b3170:     107 tokens, checkpoints:  0,     1.256 MiB
srv        update:    - prompt 0x28b6970:     107 tokens, checkpoints:  0,     1.256 MiB
srv        update:    - prompt 0x4a227b0:     107 tokens, checkpoints:  0,     1.256 MiB
srv        update:    - prompt 0x28db1f0:     110 tokens, checkpoints:  0,     1.291 MiB
srv        update:    - prompt 0x28cc020:     118 tokens, checkpoints:  0,     1.385 MiB
srv        update:    - prompt 0x2911090:     122 tokens, checkpoints:  0,     1.432 MiB
srv        update:    - prompt 0x653c040:     164 tokens, checkpoints:  0,     1.924 MiB
srv        update:    - prompt 0xf8fa50:     130 tokens, checkpoints:  0,     1.525 MiB
srv        update:    - prompt 0x28cc0c0:     134 tokens, checkpoints:  0,     1.572 MiB
srv        update:    - prompt 0x28d4ac0:     131 tokens, checkpoints:  0,     1.537 MiB
srv        update:    - prompt 0x28d34d0:     145 tokens, checkpoints:  0,     1.701 MiB
srv        update:    - prompt 0x28b6d20:     129 tokens, checkpoints:  0,     1.514 MiB
srv        update:    - prompt 0x28cfc50:     135 tokens, checkpoints:  0,     1.584 MiB
srv        update:    - prompt 0x28c3290:     135 tokens, checkpoints:  0,     1.584 MiB
srv        update:    - prompt 0x28b9ba0:     242 tokens, checkpoints:  0,     2.839 MiB
srv        update:    - prompt 0xffff00004cf0:     324 tokens, checkpoints:  0,     3.801 MiB
srv        update:    - prompt 0xeec0d0:     362 tokens, checkpoints:  0,     4.247 MiB
srv        update:    - prompt 0x28ce470:     424 tokens, checkpoints:  0,     4.974 MiB
srv  get_availabl: prompt cache update took 2.16 ms
slot launch_slot_: id  3 | task -1 | sampler chain: logits -> ?penalties -> ?dry -> ?top-n-sigma -> top-k -> ?typical -> top-p -> min-p -> ?xtc -> temp-ext -> dist 
slot launch_slot_: id  3 | task 8730 | processing task, is_child = 0
slot slot_save_an: id  0 | task -1 | saving idle slot to prompt cache
srv   prompt_save:  - saving prompt with length 408, total state size = 4.786 MiB
slot prompt_clear: id  0 | task -1 | clearing prompt with 408 tokens
srv        update:  - cache state: 60 prompts, 110.450 MiB (limits: 8192.000 MiB, 4096 tokens, 698154 est)
srv        update:    - prompt 0x28c0e20:     105 tokens, checkpoints:  0,     1.232 MiB
srv        update:    - prompt 0x28c7080:     106 tokens, checkpoints:  0,     1.244 MiB
srv        update:    - prompt 0x28d3a10:     105 tokens, checkpoints:  0,     1.232 MiB
srv        update:    - prompt 0x28c1e20:     106 tokens, checkpoints:  0,     1.244 MiB
srv        update:    - prompt 0x3d8f9b0:     104 tokens, checkpoints:  0,     1.221 MiB
srv        update:    - prompt 0x28c94c0:     109 tokens, checkpoints:  0,     1.279 MiB
srv        update:    - prompt 0xf90860:     115 tokens, checkpoints:  0,     1.350 MiB
srv        update:    - prompt 0x28ce680:     110 tokens, checkpoints:  0,     1.291 MiB
srv        update:    - prompt 0x28ba4f0:     112 tokens, checkpoints:  0,     1.314 MiB
srv        update:    - prompt 0x28dd340:     107 tokens, checkpoints:  0,     1.256 MiB
srv        update:    - prompt 0x28d1e50:     107 tokens, checkpoints:  0,     1.256 MiB
srv        update:    - prompt 0x28c0600:     107 tokens, checkpoints:  0,     1.256 MiB
srv        update:    - prompt 0x28c6e80:     118 tokens, checkpoints:  0,     1.385 MiB
srv        update:    - prompt 0x28cd710:     122 tokens, checkpoints:  0,     1.432 MiB
srv        update:    - prompt 0x28cfbb0:     130 tokens, checkpoints:  0,     1.525 MiB
srv        update:    - prompt 0x28c6380:     131 tokens, checkpoints:  0,     1.537 MiB
srv        update:    - prompt 0x28c9fe0:     129 tokens, checkpoints:  0,     1.514 MiB
srv        update:    - prompt 0x28bac10:     106 tokens, checkpoints:  0,     1.244 MiB
srv        update:    - prompt 0x28b68d0:     104 tokens, checkpoints:  0,     1.221 MiB
srv        update:    - prompt 0x4a2fdc0:     109 tokens, checkpoints:  0,     1.279 MiB
srv        update:    - prompt 0x28cdbb0:     115 tokens, checkpoints:  0,     1.350 MiB
srv        update:    - prompt 0x28ec330:     110 tokens, checkpoints:  0,     1.291 MiB
srv        update:    - prompt 0xee5330:     112 tokens, checkpoints:  0,     1.314 MiB
srv        update:    - prompt 0xf12130:     107 tokens, checkpoints:  0,     1.256 MiB
srv        update:    - prompt 0x28b8f70:     107 tokens, checkpoints:  0,     1.256 MiB
srv        update:    - prompt 0x28d3cf0:     107 tokens, checkpoints:  0,     1.256 MiB
srv        update:    - prompt 0x4a298e0:     118 tokens, checkpoints:  0,     1.385 MiB
srv        update:    - prompt 0x28bfbb0:     122 tokens, checkpoints:  0,     1.432 MiB
srv        update:    - prompt 0xf0e970:     130 tokens, checkpoints:  0,     1.525 MiB
srv        update:    - prompt 0x28e67e0:     131 tokens, checkpoints:  0,     1.537 MiB
srv        update:    - prompt 0xf0c310:     129 tokens, checkpoints:  0,     1.514 MiB
srv        update:    - prompt 0x4a25680:     417 tokens, checkpoints:  0,     4.892 MiB
srv        update:    - prompt 0x4a293c0:     416 tokens, checkpoints:  0,     4.880 MiB
srv        update:    - prompt 0x28e40e0:     430 tokens, checkpoints:  0,     5.045 MiB
srv        update:    - prompt 0xffff3c002440:     430 tokens, checkpoints:  0,     5.045 MiB
srv        update:    - prompt 0xffff48005c10:     106 tokens, checkpoints:  0,     1.244 MiB
srv        update:    - prompt 0xffff54004690:     104 tokens, checkpoints:  0,     1.221 MiB
srv        update:    - prompt 0x28cba50:     109 tokens, checkpoints:  0,     1.279 MiB
srv        update:    - prompt 0xf0bbe0:     115 tokens, checkpoints:  0,     1.350 MiB
srv        update:    - prompt 0x28cbe30:     110 tokens, checkpoints:  0,     1.291 MiB
srv        update:    - prompt 0x28ba5b0:     112 tokens, checkpoints:  0,     1.314 MiB
srv        update:    - prompt 0x28b3170:     107 tokens, checkpoints:  0,     1.256 MiB
srv        update:    - prompt 0x28b6970:     107 tokens, checkpoints:  0,     1.256 MiB
srv        update:    - prompt 0x4a227b0:     107 tokens, checkpoints:  0,     1.256 MiB
srv        update:    - prompt 0x28db1f0:     110 tokens, checkpoints:  0,     1.291 MiB
srv        update:    - prompt 0x28cc020:     118 tokens, checkpoints:  0,     1.385 MiB
srv        update:    - prompt 0x2911090:     122 tokens, checkpoints:  0,     1.432 MiB
srv        update:    - prompt 0x653c040:     164 tokens, checkpoints:  0,     1.924 MiB
srv        update:    - prompt 0xf8fa50:     130 tokens, checkpoints:  0,     1.525 MiB
srv        update:    - prompt 0x28cc0c0:     134 tokens, checkpoints:  0,     1.572 MiB
srv        update:    - prompt 0x28d4ac0:     131 tokens, checkpoints:  0,     1.537 MiB
srv        update:    - prompt 0x28d34d0:     145 tokens, checkpoints:  0,     1.701 MiB
srv        update:    - prompt 0x28b6d20:     129 tokens, checkpoints:  0,     1.514 MiB
srv        update:    - prompt 0x28cfc50:     135 tokens, checkpoints:  0,     1.584 MiB
srv        update:    - prompt 0x28c3290:     135 tokens, checkpoints:  0,     1.584 MiB
srv        update:    - prompt 0x28b9ba0:     242 tokens, checkpoints:  0,     2.839 MiB
srv        update:    - prompt 0xffff00004cf0:     324 tokens, checkpoints:  0,     3.801 MiB
srv        update:    - prompt 0xeec0d0:     362 tokens, checkpoints:  0,     4.247 MiB
srv        update:    - prompt 0x28ce470:     424 tokens, checkpoints:  0,     4.974 MiB
srv        update:    - prompt 0x28b9010:     408 tokens, checkpoints:  0,     4.786 MiB
slot update_slots: id  3 | task 8730 | new prompt, n_ctx_slot = 4096, n_keep = 0, task.n_tokens = 312
slot update_slots: id  3 | task 8730 | need to evaluate at least 1 token for each active slot (n_past = 312, task.n_tokens() = 312)
slot update_slots: id  3 | task 8730 | n_past was set to 311
slot update_slots: id  3 | task 8730 | n_tokens = 311, memory_seq_rm [311, end)
slot init_sampler: id  3 | task 8730 | init sampler, took 0.16 ms, tokens: text = 312, total = 312
slot update_slots: id  3 | task 8730 | prompt processing done, n_tokens = 312, batch.n_tokens = 1
srv  log_server_r: done request: POST /completion 127.0.0.1 200
slot print_timing: id  3 | task 8730 | 
prompt eval time =      29.56 ms /     1 tokens (   29.56 ms per token,    33.83 tokens per second)
       eval time =    2873.18 ms /   100 tokens (   28.73 ms per token,    34.80 tokens per second)
      total time =    2902.74 ms /   101 tokens
slot      release: id  3 | task 8730 | stop processing: n_tokens = 411, truncated = 0
srv  update_slots: all slots are idle
slot get_availabl: id  2 | task -1 | selected slot by LRU, t_last = 36476461665
srv  get_availabl: updating prompt cache
srv          load:  - looking for better prompt, base f_keep = -1.000, sim = 0.000
srv          load:  - found better prompt with f_keep = 0.763, sim = 1.000
srv        update:  - cache state: 59 prompts, 105.558 MiB (limits: 8192.000 MiB, 4096 tokens, 698148 est)
srv        update:    - prompt 0x28c0e20:     105 tokens, checkpoints:  0,     1.232 MiB
srv        update:    - prompt 0x28c7080:     106 tokens, checkpoints:  0,     1.244 MiB
srv        update:    - prompt 0x28d3a10:     105 tokens, checkpoints:  0,     1.232 MiB
srv        update:    - prompt 0x28c1e20:     106 tokens, checkpoints:  0,     1.244 MiB
srv        update:    - prompt 0x3d8f9b0:     104 tokens, checkpoints:  0,     1.221 MiB
srv        update:    - prompt 0x28c94c0:     109 tokens, checkpoints:  0,     1.279 MiB
srv        update:    - prompt 0xf90860:     115 tokens, checkpoints:  0,     1.350 MiB
srv        update:    - prompt 0x28ce680:     110 tokens, checkpoints:  0,     1.291 MiB
srv        update:    - prompt 0x28ba4f0:     112 tokens, checkpoints:  0,     1.314 MiB
srv        update:    - prompt 0x28dd340:     107 tokens, checkpoints:  0,     1.256 MiB
srv        update:    - prompt 0x28d1e50:     107 tokens, checkpoints:  0,     1.256 MiB
srv        update:    - prompt 0x28c0600:     107 tokens, checkpoints:  0,     1.256 MiB
srv        update:    - prompt 0x28c6e80:     118 tokens, checkpoints:  0,     1.385 MiB
srv        update:    - prompt 0x28cd710:     122 tokens, checkpoints:  0,     1.432 MiB
srv        update:    - prompt 0x28cfbb0:     130 tokens, checkpoints:  0,     1.525 MiB
srv        update:    - prompt 0x28c6380:     131 tokens, checkpoints:  0,     1.537 MiB
srv        update:    - prompt 0x28c9fe0:     129 tokens, checkpoints:  0,     1.514 MiB
srv        update:    - prompt 0x28bac10:     106 tokens, checkpoints:  0,     1.244 MiB
srv        update:    - prompt 0x28b68d0:     104 tokens, checkpoints:  0,     1.221 MiB
srv        update:    - prompt 0x4a2fdc0:     109 tokens, checkpoints:  0,     1.279 MiB
srv        update:    - prompt 0x28cdbb0:     115 tokens, checkpoints:  0,     1.350 MiB
srv        update:    - prompt 0x28ec330:     110 tokens, checkpoints:  0,     1.291 MiB
srv        update:    - prompt 0xee5330:     112 tokens, checkpoints:  0,     1.314 MiB
srv        update:    - prompt 0xf12130:     107 tokens, checkpoints:  0,     1.256 MiB
srv        update:    - prompt 0x28b8f70:     107 tokens, checkpoints:  0,     1.256 MiB
srv        update:    - prompt 0x28d3cf0:     107 tokens, checkpoints:  0,     1.256 MiB
srv        update:    - prompt 0x4a298e0:     118 tokens, checkpoints:  0,     1.385 MiB
srv        update:    - prompt 0x28bfbb0:     122 tokens, checkpoints:  0,     1.432 MiB
srv        update:    - prompt 0xf0e970:     130 tokens, checkpoints:  0,     1.525 MiB
srv        update:    - prompt 0x28e67e0:     131 tokens, checkpoints:  0,     1.537 MiB
srv        update:    - prompt 0xf0c310:     129 tokens, checkpoints:  0,     1.514 MiB
srv        update:    - prompt 0x4a293c0:     416 tokens, checkpoints:  0,     4.880 MiB
srv        update:    - prompt 0x28e40e0:     430 tokens, checkpoints:  0,     5.045 MiB
srv        update:    - prompt 0xffff3c002440:     430 tokens, checkpoints:  0,     5.045 MiB
srv        update:    - prompt 0xffff48005c10:     106 tokens, checkpoints:  0,     1.244 MiB
srv        update:    - prompt 0xffff54004690:     104 tokens, checkpoints:  0,     1.221 MiB
srv        update:    - prompt 0x28cba50:     109 tokens, checkpoints:  0,     1.279 MiB
srv        update:    - prompt 0xf0bbe0:     115 tokens, checkpoints:  0,     1.350 MiB
srv        update:    - prompt 0x28cbe30:     110 tokens, checkpoints:  0,     1.291 MiB
srv        update:    - prompt 0x28ba5b0:     112 tokens, checkpoints:  0,     1.314 MiB
srv        update:    - prompt 0x28b3170:     107 tokens, checkpoints:  0,     1.256 MiB
srv        update:    - prompt 0x28b6970:     107 tokens, checkpoints:  0,     1.256 MiB
srv        update:    - prompt 0x4a227b0:     107 tokens, checkpoints:  0,     1.256 MiB
srv        update:    - prompt 0x28db1f0:     110 tokens, checkpoints:  0,     1.291 MiB
srv        update:    - prompt 0x28cc020:     118 tokens, checkpoints:  0,     1.385 MiB
srv        update:    - prompt 0x2911090:     122 tokens, checkpoints:  0,     1.432 MiB
srv        update:    - prompt 0x653c040:     164 tokens, checkpoints:  0,     1.924 MiB
srv        update:    - prompt 0xf8fa50:     130 tokens, checkpoints:  0,     1.525 MiB
srv        update:    - prompt 0x28cc0c0:     134 tokens, checkpoints:  0,     1.572 MiB
srv        update:    - prompt 0x28d4ac0:     131 tokens, checkpoints:  0,     1.537 MiB
srv        update:    - prompt 0x28d34d0:     145 tokens, checkpoints:  0,     1.701 MiB
srv        update:    - prompt 0x28b6d20:     129 tokens, checkpoints:  0,     1.514 MiB
srv        update:    - prompt 0x28cfc50:     135 tokens, checkpoints:  0,     1.584 MiB
srv        update:    - prompt 0x28c3290:     135 tokens, checkpoints:  0,     1.584 MiB
srv        update:    - prompt 0x28b9ba0:     242 tokens, checkpoints:  0,     2.839 MiB
srv        update:    - prompt 0xffff00004cf0:     324 tokens, checkpoints:  0,     3.801 MiB
srv        update:    - prompt 0xeec0d0:     362 tokens, checkpoints:  0,     4.247 MiB
srv        update:    - prompt 0x28ce470:     424 tokens, checkpoints:  0,     4.974 MiB
srv        update:    - prompt 0x28b9010:     408 tokens, checkpoints:  0,     4.786 MiB
srv  get_availabl: prompt cache update took 2.06 ms
slot launch_slot_: id  2 | task -1 | sampler chain: logits -> ?penalties -> ?dry -> ?top-n-sigma -> top-k -> ?typical -> top-p -> min-p -> ?xtc -> temp-ext -> dist 
slot launch_slot_: id  2 | task 8831 | processing task, is_child = 0
slot slot_save_an: id  3 | task -1 | saving idle slot to prompt cache
srv   prompt_save:  - saving prompt with length 411, total state size = 4.822 MiB
slot prompt_clear: id  3 | task -1 | clearing prompt with 411 tokens
srv        update:  - cache state: 60 prompts, 110.380 MiB (limits: 8192.000 MiB, 4096 tokens, 698154 est)
srv        update:    - prompt 0x28c0e20:     105 tokens, checkpoints:  0,     1.232 MiB
srv        update:    - prompt 0x28c7080:     106 tokens, checkpoints:  0,     1.244 MiB
srv        update:    - prompt 0x28d3a10:     105 tokens, checkpoints:  0,     1.232 MiB
srv        update:    - prompt 0x28c1e20:     106 tokens, checkpoints:  0,     1.244 MiB
srv        update:    - prompt 0x3d8f9b0:     104 tokens, checkpoints:  0,     1.221 MiB
srv        update:    - prompt 0x28c94c0:     109 tokens, checkpoints:  0,     1.279 MiB
srv        update:    - prompt 0xf90860:     115 tokens, checkpoints:  0,     1.350 MiB
srv        update:    - prompt 0x28ce680:     110 tokens, checkpoints:  0,     1.291 MiB
srv        update:    - prompt 0x28ba4f0:     112 tokens, checkpoints:  0,     1.314 MiB
srv        update:    - prompt 0x28dd340:     107 tokens, checkpoints:  0,     1.256 MiB
srv        update:    - prompt 0x28d1e50:     107 tokens, checkpoints:  0,     1.256 MiB
srv        update:    - prompt 0x28c0600:     107 tokens, checkpoints:  0,     1.256 MiB
srv        update:    - prompt 0x28c6e80:     118 tokens, checkpoints:  0,     1.385 MiB
srv        update:    - prompt 0x28cd710:     122 tokens, checkpoints:  0,     1.432 MiB
srv        update:    - prompt 0x28cfbb0:     130 tokens, checkpoints:  0,     1.525 MiB
srv        update:    - prompt 0x28c6380:     131 tokens, checkpoints:  0,     1.537 MiB
srv        update:    - prompt 0x28c9fe0:     129 tokens, checkpoints:  0,     1.514 MiB
srv        update:    - prompt 0x28bac10:     106 tokens, checkpoints:  0,     1.244 MiB
srv        update:    - prompt 0x28b68d0:     104 tokens, checkpoints:  0,     1.221 MiB
srv        update:    - prompt 0x4a2fdc0:     109 tokens, checkpoints:  0,     1.279 MiB
srv        update:    - prompt 0x28cdbb0:     115 tokens, checkpoints:  0,     1.350 MiB
srv        update:    - prompt 0x28ec330:     110 tokens, checkpoints:  0,     1.291 MiB
srv        update:    - prompt 0xee5330:     112 tokens, checkpoints:  0,     1.314 MiB
srv        update:    - prompt 0xf12130:     107 tokens, checkpoints:  0,     1.256 MiB
srv        update:    - prompt 0x28b8f70:     107 tokens, checkpoints:  0,     1.256 MiB
srv        update:    - prompt 0x28d3cf0:     107 tokens, checkpoints:  0,     1.256 MiB
srv        update:    - prompt 0x4a298e0:     118 tokens, checkpoints:  0,     1.385 MiB
srv        update:    - prompt 0x28bfbb0:     122 tokens, checkpoints:  0,     1.432 MiB
srv        update:    - prompt 0xf0e970:     130 tokens, checkpoints:  0,     1.525 MiB
srv        update:    - prompt 0x28e67e0:     131 tokens, checkpoints:  0,     1.537 MiB
srv        update:    - prompt 0xf0c310:     129 tokens, checkpoints:  0,     1.514 MiB
srv        update:    - prompt 0x4a293c0:     416 tokens, checkpoints:  0,     4.880 MiB
srv        update:    - prompt 0x28e40e0:     430 tokens, checkpoints:  0,     5.045 MiB
srv        update:    - prompt 0xffff3c002440:     430 tokens, checkpoints:  0,     5.045 MiB
srv        update:    - prompt 0xffff48005c10:     106 tokens, checkpoints:  0,     1.244 MiB
srv        update:    - prompt 0xffff54004690:     104 tokens, checkpoints:  0,     1.221 MiB
srv        update:    - prompt 0x28cba50:     109 tokens, checkpoints:  0,     1.279 MiB
srv        update:    - prompt 0xf0bbe0:     115 tokens, checkpoints:  0,     1.350 MiB
srv        update:    - prompt 0x28cbe30:     110 tokens, checkpoints:  0,     1.291 MiB
srv        update:    - prompt 0x28ba5b0:     112 tokens, checkpoints:  0,     1.314 MiB
srv        update:    - prompt 0x28b3170:     107 tokens, checkpoints:  0,     1.256 MiB
srv        update:    - prompt 0x28b6970:     107 tokens, checkpoints:  0,     1.256 MiB
srv        update:    - prompt 0x4a227b0:     107 tokens, checkpoints:  0,     1.256 MiB
srv        update:    - prompt 0x28db1f0:     110 tokens, checkpoints:  0,     1.291 MiB
srv        update:    - prompt 0x28cc020:     118 tokens, checkpoints:  0,     1.385 MiB
srv        update:    - prompt 0x2911090:     122 tokens, checkpoints:  0,     1.432 MiB
srv        update:    - prompt 0x653c040:     164 tokens, checkpoints:  0,     1.924 MiB
srv        update:    - prompt 0xf8fa50:     130 tokens, checkpoints:  0,     1.525 MiB
srv        update:    - prompt 0x28cc0c0:     134 tokens, checkpoints:  0,     1.572 MiB
srv        update:    - prompt 0x28d4ac0:     131 tokens, checkpoints:  0,     1.537 MiB
srv        update:    - prompt 0x28d34d0:     145 tokens, checkpoints:  0,     1.701 MiB
srv        update:    - prompt 0x28b6d20:     129 tokens, checkpoints:  0,     1.514 MiB
srv        update:    - prompt 0x28cfc50:     135 tokens, checkpoints:  0,     1.584 MiB
srv        update:    - prompt 0x28c3290:     135 tokens, checkpoints:  0,     1.584 MiB
srv        update:    - prompt 0x28b9ba0:     242 tokens, checkpoints:  0,     2.839 MiB
srv        update:    - prompt 0xffff00004cf0:     324 tokens, checkpoints:  0,     3.801 MiB
srv        update:    - prompt 0xeec0d0:     362 tokens, checkpoints:  0,     4.247 MiB
srv        update:    - prompt 0x28ce470:     424 tokens, checkpoints:  0,     4.974 MiB
srv        update:    - prompt 0x28b9010:     408 tokens, checkpoints:  0,     4.786 MiB
srv        update:    - prompt 0x4a25680:     411 tokens, checkpoints:  0,     4.822 MiB
slot update_slots: id  2 | task 8831 | new prompt, n_ctx_slot = 4096, n_keep = 0, task.n_tokens = 318
slot update_slots: id  2 | task 8831 | need to evaluate at least 1 token for each active slot (n_past = 318, task.n_tokens() = 318)
slot update_slots: id  2 | task 8831 | n_past was set to 317
slot update_slots: id  2 | task 8831 | n_tokens = 317, memory_seq_rm [317, end)
slot init_sampler: id  2 | task 8831 | init sampler, took 0.15 ms, tokens: text = 318, total = 318
slot update_slots: id  2 | task 8831 | prompt processing done, n_tokens = 318, batch.n_tokens = 1
srv  log_server_r: done request: POST /completion 127.0.0.1 200
slot print_timing: id  2 | task 8831 | 
prompt eval time =      29.48 ms /     1 tokens (   29.48 ms per token,    33.92 tokens per second)
       eval time =    2867.57 ms /   100 tokens (   28.68 ms per token,    34.87 tokens per second)
      total time =    2897.05 ms /   101 tokens
slot      release: id  2 | task 8831 | stop processing: n_tokens = 417, truncated = 0
srv  update_slots: all slots are idle
slot get_availabl: id  1 | task -1 | selected slot by LRU, t_last = 36479965516
srv  get_availabl: updating prompt cache
srv          load:  - looking for better prompt, base f_keep = -1.000, sim = 0.000
srv          load:  - found better prompt with f_keep = 0.762, sim = 1.000
srv        update:  - cache state: 59 prompts, 105.499 MiB (limits: 8192.000 MiB, 4096 tokens, 698148 est)
srv        update:    - prompt 0x28c0e20:     105 tokens, checkpoints:  0,     1.232 MiB
srv        update:    - prompt 0x28c7080:     106 tokens, checkpoints:  0,     1.244 MiB
srv        update:    - prompt 0x28d3a10:     105 tokens, checkpoints:  0,     1.232 MiB
srv        update:    - prompt 0x28c1e20:     106 tokens, checkpoints:  0,     1.244 MiB
srv        update:    - prompt 0x3d8f9b0:     104 tokens, checkpoints:  0,     1.221 MiB
srv        update:    - prompt 0x28c94c0:     109 tokens, checkpoints:  0,     1.279 MiB
srv        update:    - prompt 0xf90860:     115 tokens, checkpoints:  0,     1.350 MiB
srv        update:    - prompt 0x28ce680:     110 tokens, checkpoints:  0,     1.291 MiB
srv        update:    - prompt 0x28ba4f0:     112 tokens, checkpoints:  0,     1.314 MiB
srv        update:    - prompt 0x28dd340:     107 tokens, checkpoints:  0,     1.256 MiB
srv        update:    - prompt 0x28d1e50:     107 tokens, checkpoints:  0,     1.256 MiB
srv        update:    - prompt 0x28c0600:     107 tokens, checkpoints:  0,     1.256 MiB
srv        update:    - prompt 0x28c6e80:     118 tokens, checkpoints:  0,     1.385 MiB
srv        update:    - prompt 0x28cd710:     122 tokens, checkpoints:  0,     1.432 MiB
srv        update:    - prompt 0x28cfbb0:     130 tokens, checkpoints:  0,     1.525 MiB
srv        update:    - prompt 0x28c6380:     131 tokens, checkpoints:  0,     1.537 MiB
srv        update:    - prompt 0x28c9fe0:     129 tokens, checkpoints:  0,     1.514 MiB
srv        update:    - prompt 0x28bac10:     106 tokens, checkpoints:  0,     1.244 MiB
srv        update:    - prompt 0x28b68d0:     104 tokens, checkpoints:  0,     1.221 MiB
srv        update:    - prompt 0x4a2fdc0:     109 tokens, checkpoints:  0,     1.279 MiB
srv        update:    - prompt 0x28cdbb0:     115 tokens, checkpoints:  0,     1.350 MiB
srv        update:    - prompt 0x28ec330:     110 tokens, checkpoints:  0,     1.291 MiB
srv        update:    - prompt 0xee5330:     112 tokens, checkpoints:  0,     1.314 MiB
srv        update:    - prompt 0xf12130:     107 tokens, checkpoints:  0,     1.256 MiB
srv        update:    - prompt 0x28b8f70:     107 tokens, checkpoints:  0,     1.256 MiB
srv        update:    - prompt 0x28d3cf0:     107 tokens, checkpoints:  0,     1.256 MiB
srv        update:    - prompt 0x4a298e0:     118 tokens, checkpoints:  0,     1.385 MiB
srv        update:    - prompt 0x28bfbb0:     122 tokens, checkpoints:  0,     1.432 MiB
srv        update:    - prompt 0xf0e970:     130 tokens, checkpoints:  0,     1.525 MiB
srv        update:    - prompt 0x28e67e0:     131 tokens, checkpoints:  0,     1.537 MiB
srv        update:    - prompt 0xf0c310:     129 tokens, checkpoints:  0,     1.514 MiB
srv        update:    - prompt 0x28e40e0:     430 tokens, checkpoints:  0,     5.045 MiB
srv        update:    - prompt 0xffff3c002440:     430 tokens, checkpoints:  0,     5.045 MiB
srv        update:    - prompt 0xffff48005c10:     106 tokens, checkpoints:  0,     1.244 MiB
srv        update:    - prompt 0xffff54004690:     104 tokens, checkpoints:  0,     1.221 MiB
srv        update:    - prompt 0x28cba50:     109 tokens, checkpoints:  0,     1.279 MiB
srv        update:    - prompt 0xf0bbe0:     115 tokens, checkpoints:  0,     1.350 MiB
srv        update:    - prompt 0x28cbe30:     110 tokens, checkpoints:  0,     1.291 MiB
srv        update:    - prompt 0x28ba5b0:     112 tokens, checkpoints:  0,     1.314 MiB
srv        update:    - prompt 0x28b3170:     107 tokens, checkpoints:  0,     1.256 MiB
srv        update:    - prompt 0x28b6970:     107 tokens, checkpoints:  0,     1.256 MiB
srv        update:    - prompt 0x4a227b0:     107 tokens, checkpoints:  0,     1.256 MiB
srv        update:    - prompt 0x28db1f0:     110 tokens, checkpoints:  0,     1.291 MiB
srv        update:    - prompt 0x28cc020:     118 tokens, checkpoints:  0,     1.385 MiB
srv        update:    - prompt 0x2911090:     122 tokens, checkpoints:  0,     1.432 MiB
srv        update:    - prompt 0x653c040:     164 tokens, checkpoints:  0,     1.924 MiB
srv        update:    - prompt 0xf8fa50:     130 tokens, checkpoints:  0,     1.525 MiB
srv        update:    - prompt 0x28cc0c0:     134 tokens, checkpoints:  0,     1.572 MiB
srv        update:    - prompt 0x28d4ac0:     131 tokens, checkpoints:  0,     1.537 MiB
srv        update:    - prompt 0x28d34d0:     145 tokens, checkpoints:  0,     1.701 MiB
srv        update:    - prompt 0x28b6d20:     129 tokens, checkpoints:  0,     1.514 MiB
srv        update:    - prompt 0x28cfc50:     135 tokens, checkpoints:  0,     1.584 MiB
srv        update:    - prompt 0x28c3290:     135 tokens, checkpoints:  0,     1.584 MiB
srv        update:    - prompt 0x28b9ba0:     242 tokens, checkpoints:  0,     2.839 MiB
srv        update:    - prompt 0xffff00004cf0:     324 tokens, checkpoints:  0,     3.801 MiB
srv        update:    - prompt 0xeec0d0:     362 tokens, checkpoints:  0,     4.247 MiB
srv        update:    - prompt 0x28ce470:     424 tokens, checkpoints:  0,     4.974 MiB
srv        update:    - prompt 0x28b9010:     408 tokens, checkpoints:  0,     4.786 MiB
srv        update:    - prompt 0x4a25680:     411 tokens, checkpoints:  0,     4.822 MiB
srv  get_availabl: prompt cache update took 2.16 ms
slot launch_slot_: id  1 | task -1 | sampler chain: logits -> ?penalties -> ?dry -> ?top-n-sigma -> top-k -> ?typical -> top-p -> min-p -> ?xtc -> temp-ext -> dist 
slot launch_slot_: id  1 | task 8932 | processing task, is_child = 0
slot slot_save_an: id  2 | task -1 | saving idle slot to prompt cache
srv   prompt_save:  - saving prompt with length 417, total state size = 4.892 MiB
slot prompt_clear: id  2 | task -1 | clearing prompt with 417 tokens
srv        update:  - cache state: 60 prompts, 110.392 MiB (limits: 8192.000 MiB, 4096 tokens, 698154 est)
srv        update:    - prompt 0x28c0e20:     105 tokens, checkpoints:  0,     1.232 MiB
srv        update:    - prompt 0x28c7080:     106 tokens, checkpoints:  0,     1.244 MiB
srv        update:    - prompt 0x28d3a10:     105 tokens, checkpoints:  0,     1.232 MiB
srv        update:    - prompt 0x28c1e20:     106 tokens, checkpoints:  0,     1.244 MiB
srv        update:    - prompt 0x3d8f9b0:     104 tokens, checkpoints:  0,     1.221 MiB
srv        update:    - prompt 0x28c94c0:     109 tokens, checkpoints:  0,     1.279 MiB
srv        update:    - prompt 0xf90860:     115 tokens, checkpoints:  0,     1.350 MiB
srv        update:    - prompt 0x28ce680:     110 tokens, checkpoints:  0,     1.291 MiB
srv        update:    - prompt 0x28ba4f0:     112 tokens, checkpoints:  0,     1.314 MiB
srv        update:    - prompt 0x28dd340:     107 tokens, checkpoints:  0,     1.256 MiB
srv        update:    - prompt 0x28d1e50:     107 tokens, checkpoints:  0,     1.256 MiB
srv        update:    - prompt 0x28c0600:     107 tokens, checkpoints:  0,     1.256 MiB
srv        update:    - prompt 0x28c6e80:     118 tokens, checkpoints:  0,     1.385 MiB
srv        update:    - prompt 0x28cd710:     122 tokens, checkpoints:  0,     1.432 MiB
srv        update:    - prompt 0x28cfbb0:     130 tokens, checkpoints:  0,     1.525 MiB
srv        update:    - prompt 0x28c6380:     131 tokens, checkpoints:  0,     1.537 MiB
srv        update:    - prompt 0x28c9fe0:     129 tokens, checkpoints:  0,     1.514 MiB
srv        update:    - prompt 0x28bac10:     106 tokens, checkpoints:  0,     1.244 MiB
srv        update:    - prompt 0x28b68d0:     104 tokens, checkpoints:  0,     1.221 MiB
srv        update:    - prompt 0x4a2fdc0:     109 tokens, checkpoints:  0,     1.279 MiB
srv        update:    - prompt 0x28cdbb0:     115 tokens, checkpoints:  0,     1.350 MiB
srv        update:    - prompt 0x28ec330:     110 tokens, checkpoints:  0,     1.291 MiB
srv        update:    - prompt 0xee5330:     112 tokens, checkpoints:  0,     1.314 MiB
srv        update:    - prompt 0xf12130:     107 tokens, checkpoints:  0,     1.256 MiB
srv        update:    - prompt 0x28b8f70:     107 tokens, checkpoints:  0,     1.256 MiB
srv        update:    - prompt 0x28d3cf0:     107 tokens, checkpoints:  0,     1.256 MiB
srv        update:    - prompt 0x4a298e0:     118 tokens, checkpoints:  0,     1.385 MiB
srv        update:    - prompt 0x28bfbb0:     122 tokens, checkpoints:  0,     1.432 MiB
srv        update:    - prompt 0xf0e970:     130 tokens, checkpoints:  0,     1.525 MiB
srv        update:    - prompt 0x28e67e0:     131 tokens, checkpoints:  0,     1.537 MiB
srv        update:    - prompt 0xf0c310:     129 tokens, checkpoints:  0,     1.514 MiB
srv        update:    - prompt 0x28e40e0:     430 tokens, checkpoints:  0,     5.045 MiB
srv        update:    - prompt 0xffff3c002440:     430 tokens, checkpoints:  0,     5.045 MiB
srv        update:    - prompt 0xffff48005c10:     106 tokens, checkpoints:  0,     1.244 MiB
srv        update:    - prompt 0xffff54004690:     104 tokens, checkpoints:  0,     1.221 MiB
srv        update:    - prompt 0x28cba50:     109 tokens, checkpoints:  0,     1.279 MiB
srv        update:    - prompt 0xf0bbe0:     115 tokens, checkpoints:  0,     1.350 MiB
srv        update:    - prompt 0x28cbe30:     110 tokens, checkpoints:  0,     1.291 MiB
srv        update:    - prompt 0x28ba5b0:     112 tokens, checkpoints:  0,     1.314 MiB
srv        update:    - prompt 0x28b3170:     107 tokens, checkpoints:  0,     1.256 MiB
srv        update:    - prompt 0x28b6970:     107 tokens, checkpoints:  0,     1.256 MiB
srv        update:    - prompt 0x4a227b0:     107 tokens, checkpoints:  0,     1.256 MiB
srv        update:    - prompt 0x28db1f0:     110 tokens, checkpoints:  0,     1.291 MiB
srv        update:    - prompt 0x28cc020:     118 tokens, checkpoints:  0,     1.385 MiB
srv        update:    - prompt 0x2911090:     122 tokens, checkpoints:  0,     1.432 MiB
srv        update:    - prompt 0x653c040:     164 tokens, checkpoints:  0,     1.924 MiB
srv        update:    - prompt 0xf8fa50:     130 tokens, checkpoints:  0,     1.525 MiB
srv        update:    - prompt 0x28cc0c0:     134 tokens, checkpoints:  0,     1.572 MiB
srv        update:    - prompt 0x28d4ac0:     131 tokens, checkpoints:  0,     1.537 MiB
srv        update:    - prompt 0x28d34d0:     145 tokens, checkpoints:  0,     1.701 MiB
srv        update:    - prompt 0x28b6d20:     129 tokens, checkpoints:  0,     1.514 MiB
srv        update:    - prompt 0x28cfc50:     135 tokens, checkpoints:  0,     1.584 MiB
srv        update:    - prompt 0x28c3290:     135 tokens, checkpoints:  0,     1.584 MiB
srv        update:    - prompt 0x28b9ba0:     242 tokens, checkpoints:  0,     2.839 MiB
srv        update:    - prompt 0xffff00004cf0:     324 tokens, checkpoints:  0,     3.801 MiB
srv        update:    - prompt 0xeec0d0:     362 tokens, checkpoints:  0,     4.247 MiB
srv        update:    - prompt 0x28ce470:     424 tokens, checkpoints:  0,     4.974 MiB
srv        update:    - prompt 0x28b9010:     408 tokens, checkpoints:  0,     4.786 MiB
srv        update:    - prompt 0x4a25680:     411 tokens, checkpoints:  0,     4.822 MiB
srv        update:    - prompt 0x4a293c0:     417 tokens, checkpoints:  0,     4.892 MiB
slot update_slots: id  1 | task 8932 | new prompt, n_ctx_slot = 4096, n_keep = 0, task.n_tokens = 317
slot update_slots: id  1 | task 8932 | need to evaluate at least 1 token for each active slot (n_past = 317, task.n_tokens() = 317)
slot update_slots: id  1 | task 8932 | n_past was set to 316
slot update_slots: id  1 | task 8932 | n_tokens = 316, memory_seq_rm [316, end)
slot init_sampler: id  1 | task 8932 | init sampler, took 0.17 ms, tokens: text = 317, total = 317
slot update_slots: id  1 | task 8932 | prompt processing done, n_tokens = 317, batch.n_tokens = 1
srv  log_server_r: done request: POST /completion 127.0.0.1 200
slot print_timing: id  1 | task 8932 | 
prompt eval time =      29.59 ms /     1 tokens (   29.59 ms per token,    33.79 tokens per second)
       eval time =    2873.24 ms /   100 tokens (   28.73 ms per token,    34.80 tokens per second)
      total time =    2902.84 ms /   101 tokens
slot      release: id  1 | task 8932 | stop processing: n_tokens = 416, truncated = 0
srv  update_slots: all slots are idle
slot get_availabl: id  0 | task -1 | selected slot by LRU, t_last = 36483456929
srv  get_availabl: updating prompt cache
srv          load:  - looking for better prompt, base f_keep = -1.000, sim = 0.000
srv          load:  - found better prompt with f_keep = 0.770, sim = 1.000
srv        update:  - cache state: 59 prompts, 105.347 MiB (limits: 8192.000 MiB, 4096 tokens, 698147 est)
srv        update:    - prompt 0x28c0e20:     105 tokens, checkpoints:  0,     1.232 MiB
srv        update:    - prompt 0x28c7080:     106 tokens, checkpoints:  0,     1.244 MiB
srv        update:    - prompt 0x28d3a10:     105 tokens, checkpoints:  0,     1.232 MiB
srv        update:    - prompt 0x28c1e20:     106 tokens, checkpoints:  0,     1.244 MiB
srv        update:    - prompt 0x3d8f9b0:     104 tokens, checkpoints:  0,     1.221 MiB
srv        update:    - prompt 0x28c94c0:     109 tokens, checkpoints:  0,     1.279 MiB
srv        update:    - prompt 0xf90860:     115 tokens, checkpoints:  0,     1.350 MiB
srv        update:    - prompt 0x28ce680:     110 tokens, checkpoints:  0,     1.291 MiB
srv        update:    - prompt 0x28ba4f0:     112 tokens, checkpoints:  0,     1.314 MiB
srv        update:    - prompt 0x28dd340:     107 tokens, checkpoints:  0,     1.256 MiB
srv        update:    - prompt 0x28d1e50:     107 tokens, checkpoints:  0,     1.256 MiB
srv        update:    - prompt 0x28c0600:     107 tokens, checkpoints:  0,     1.256 MiB
srv        update:    - prompt 0x28c6e80:     118 tokens, checkpoints:  0,     1.385 MiB
srv        update:    - prompt 0x28cd710:     122 tokens, checkpoints:  0,     1.432 MiB
srv        update:    - prompt 0x28cfbb0:     130 tokens, checkpoints:  0,     1.525 MiB
srv        update:    - prompt 0x28c6380:     131 tokens, checkpoints:  0,     1.537 MiB
srv        update:    - prompt 0x28c9fe0:     129 tokens, checkpoints:  0,     1.514 MiB
srv        update:    - prompt 0x28bac10:     106 tokens, checkpoints:  0,     1.244 MiB
srv        update:    - prompt 0x28b68d0:     104 tokens, checkpoints:  0,     1.221 MiB
srv        update:    - prompt 0x4a2fdc0:     109 tokens, checkpoints:  0,     1.279 MiB
srv        update:    - prompt 0x28cdbb0:     115 tokens, checkpoints:  0,     1.350 MiB
srv        update:    - prompt 0x28ec330:     110 tokens, checkpoints:  0,     1.291 MiB
srv        update:    - prompt 0xee5330:     112 tokens, checkpoints:  0,     1.314 MiB
srv        update:    - prompt 0xf12130:     107 tokens, checkpoints:  0,     1.256 MiB
srv        update:    - prompt 0x28b8f70:     107 tokens, checkpoints:  0,     1.256 MiB
srv        update:    - prompt 0x28d3cf0:     107 tokens, checkpoints:  0,     1.256 MiB
srv        update:    - prompt 0x4a298e0:     118 tokens, checkpoints:  0,     1.385 MiB
srv        update:    - prompt 0x28bfbb0:     122 tokens, checkpoints:  0,     1.432 MiB
srv        update:    - prompt 0xf0e970:     130 tokens, checkpoints:  0,     1.525 MiB
srv        update:    - prompt 0x28e67e0:     131 tokens, checkpoints:  0,     1.537 MiB
srv        update:    - prompt 0xf0c310:     129 tokens, checkpoints:  0,     1.514 MiB
srv        update:    - prompt 0xffff3c002440:     430 tokens, checkpoints:  0,     5.045 MiB
srv        update:    - prompt 0xffff48005c10:     106 tokens, checkpoints:  0,     1.244 MiB
srv        update:    - prompt 0xffff54004690:     104 tokens, checkpoints:  0,     1.221 MiB
srv        update:    - prompt 0x28cba50:     109 tokens, checkpoints:  0,     1.279 MiB
srv        update:    - prompt 0xf0bbe0:     115 tokens, checkpoints:  0,     1.350 MiB
srv        update:    - prompt 0x28cbe30:     110 tokens, checkpoints:  0,     1.291 MiB
srv        update:    - prompt 0x28ba5b0:     112 tokens, checkpoints:  0,     1.314 MiB
srv        update:    - prompt 0x28b3170:     107 tokens, checkpoints:  0,     1.256 MiB
srv        update:    - prompt 0x28b6970:     107 tokens, checkpoints:  0,     1.256 MiB
srv        update:    - prompt 0x4a227b0:     107 tokens, checkpoints:  0,     1.256 MiB
srv        update:    - prompt 0x28db1f0:     110 tokens, checkpoints:  0,     1.291 MiB
srv        update:    - prompt 0x28cc020:     118 tokens, checkpoints:  0,     1.385 MiB
srv        update:    - prompt 0x2911090:     122 tokens, checkpoints:  0,     1.432 MiB
srv        update:    - prompt 0x653c040:     164 tokens, checkpoints:  0,     1.924 MiB
srv        update:    - prompt 0xf8fa50:     130 tokens, checkpoints:  0,     1.525 MiB
srv        update:    - prompt 0x28cc0c0:     134 tokens, checkpoints:  0,     1.572 MiB
srv        update:    - prompt 0x28d4ac0:     131 tokens, checkpoints:  0,     1.537 MiB
srv        update:    - prompt 0x28d34d0:     145 tokens, checkpoints:  0,     1.701 MiB
srv        update:    - prompt 0x28b6d20:     129 tokens, checkpoints:  0,     1.514 MiB
srv        update:    - prompt 0x28cfc50:     135 tokens, checkpoints:  0,     1.584 MiB
srv        update:    - prompt 0x28c3290:     135 tokens, checkpoints:  0,     1.584 MiB
srv        update:    - prompt 0x28b9ba0:     242 tokens, checkpoints:  0,     2.839 MiB
srv        update:    - prompt 0xffff00004cf0:     324 tokens, checkpoints:  0,     3.801 MiB
srv        update:    - prompt 0xeec0d0:     362 tokens, checkpoints:  0,     4.247 MiB
srv        update:    - prompt 0x28ce470:     424 tokens, checkpoints:  0,     4.974 MiB
srv        update:    - prompt 0x28b9010:     408 tokens, checkpoints:  0,     4.786 MiB
srv        update:    - prompt 0x4a25680:     411 tokens, checkpoints:  0,     4.822 MiB
srv        update:    - prompt 0x4a293c0:     417 tokens, checkpoints:  0,     4.892 MiB
srv  get_availabl: prompt cache update took 2.17 ms
slot launch_slot_: id  0 | task -1 | sampler chain: logits -> ?penalties -> ?dry -> ?top-n-sigma -> top-k -> ?typical -> top-p -> min-p -> ?xtc -> temp-ext -> dist 
slot launch_slot_: id  0 | task 9033 | processing task, is_child = 0
slot slot_save_an: id  1 | task -1 | saving idle slot to prompt cache
srv   prompt_save:  - saving prompt with length 416, total state size = 4.880 MiB
slot prompt_clear: id  1 | task -1 | clearing prompt with 416 tokens
srv        update:  - cache state: 60 prompts, 110.227 MiB (limits: 8192.000 MiB, 4096 tokens, 698154 est)
srv        update:    - prompt 0x28c0e20:     105 tokens, checkpoints:  0,     1.232 MiB
srv        update:    - prompt 0x28c7080:     106 tokens, checkpoints:  0,     1.244 MiB
srv        update:    - prompt 0x28d3a10:     105 tokens, checkpoints:  0,     1.232 MiB
srv        update:    - prompt 0x28c1e20:     106 tokens, checkpoints:  0,     1.244 MiB
srv        update:    - prompt 0x3d8f9b0:     104 tokens, checkpoints:  0,     1.221 MiB
srv        update:    - prompt 0x28c94c0:     109 tokens, checkpoints:  0,     1.279 MiB
srv        update:    - prompt 0xf90860:     115 tokens, checkpoints:  0,     1.350 MiB
srv        update:    - prompt 0x28ce680:     110 tokens, checkpoints:  0,     1.291 MiB
srv        update:    - prompt 0x28ba4f0:     112 tokens, checkpoints:  0,     1.314 MiB
srv        update:    - prompt 0x28dd340:     107 tokens, checkpoints:  0,     1.256 MiB
srv        update:    - prompt 0x28d1e50:     107 tokens, checkpoints:  0,     1.256 MiB
srv        update:    - prompt 0x28c0600:     107 tokens, checkpoints:  0,     1.256 MiB
srv        update:    - prompt 0x28c6e80:     118 tokens, checkpoints:  0,     1.385 MiB
srv        update:    - prompt 0x28cd710:     122 tokens, checkpoints:  0,     1.432 MiB
srv        update:    - prompt 0x28cfbb0:     130 tokens, checkpoints:  0,     1.525 MiB
srv        update:    - prompt 0x28c6380:     131 tokens, checkpoints:  0,     1.537 MiB
srv        update:    - prompt 0x28c9fe0:     129 tokens, checkpoints:  0,     1.514 MiB
srv        update:    - prompt 0x28bac10:     106 tokens, checkpoints:  0,     1.244 MiB
srv        update:    - prompt 0x28b68d0:     104 tokens, checkpoints:  0,     1.221 MiB
srv        update:    - prompt 0x4a2fdc0:     109 tokens, checkpoints:  0,     1.279 MiB
srv        update:    - prompt 0x28cdbb0:     115 tokens, checkpoints:  0,     1.350 MiB
srv        update:    - prompt 0x28ec330:     110 tokens, checkpoints:  0,     1.291 MiB
srv        update:    - prompt 0xee5330:     112 tokens, checkpoints:  0,     1.314 MiB
srv        update:    - prompt 0xf12130:     107 tokens, checkpoints:  0,     1.256 MiB
srv        update:    - prompt 0x28b8f70:     107 tokens, checkpoints:  0,     1.256 MiB
srv        update:    - prompt 0x28d3cf0:     107 tokens, checkpoints:  0,     1.256 MiB
srv        update:    - prompt 0x4a298e0:     118 tokens, checkpoints:  0,     1.385 MiB
srv        update:    - prompt 0x28bfbb0:     122 tokens, checkpoints:  0,     1.432 MiB
srv        update:    - prompt 0xf0e970:     130 tokens, checkpoints:  0,     1.525 MiB
srv        update:    - prompt 0x28e67e0:     131 tokens, checkpoints:  0,     1.537 MiB
srv        update:    - prompt 0xf0c310:     129 tokens, checkpoints:  0,     1.514 MiB
srv        update:    - prompt 0xffff3c002440:     430 tokens, checkpoints:  0,     5.045 MiB
srv        update:    - prompt 0xffff48005c10:     106 tokens, checkpoints:  0,     1.244 MiB
srv        update:    - prompt 0xffff54004690:     104 tokens, checkpoints:  0,     1.221 MiB
srv        update:    - prompt 0x28cba50:     109 tokens, checkpoints:  0,     1.279 MiB
srv        update:    - prompt 0xf0bbe0:     115 tokens, checkpoints:  0,     1.350 MiB
srv        update:    - prompt 0x28cbe30:     110 tokens, checkpoints:  0,     1.291 MiB
srv        update:    - prompt 0x28ba5b0:     112 tokens, checkpoints:  0,     1.314 MiB
srv        update:    - prompt 0x28b3170:     107 tokens, checkpoints:  0,     1.256 MiB
srv        update:    - prompt 0x28b6970:     107 tokens, checkpoints:  0,     1.256 MiB
srv        update:    - prompt 0x4a227b0:     107 tokens, checkpoints:  0,     1.256 MiB
srv        update:    - prompt 0x28db1f0:     110 tokens, checkpoints:  0,     1.291 MiB
srv        update:    - prompt 0x28cc020:     118 tokens, checkpoints:  0,     1.385 MiB
srv        update:    - prompt 0x2911090:     122 tokens, checkpoints:  0,     1.432 MiB
srv        update:    - prompt 0x653c040:     164 tokens, checkpoints:  0,     1.924 MiB
srv        update:    - prompt 0xf8fa50:     130 tokens, checkpoints:  0,     1.525 MiB
srv        update:    - prompt 0x28cc0c0:     134 tokens, checkpoints:  0,     1.572 MiB
srv        update:    - prompt 0x28d4ac0:     131 tokens, checkpoints:  0,     1.537 MiB
srv        update:    - prompt 0x28d34d0:     145 tokens, checkpoints:  0,     1.701 MiB
srv        update:    - prompt 0x28b6d20:     129 tokens, checkpoints:  0,     1.514 MiB
srv        update:    - prompt 0x28cfc50:     135 tokens, checkpoints:  0,     1.584 MiB
srv        update:    - prompt 0x28c3290:     135 tokens, checkpoints:  0,     1.584 MiB
srv        update:    - prompt 0x28b9ba0:     242 tokens, checkpoints:  0,     2.839 MiB
srv        update:    - prompt 0xffff00004cf0:     324 tokens, checkpoints:  0,     3.801 MiB
srv        update:    - prompt 0xeec0d0:     362 tokens, checkpoints:  0,     4.247 MiB
srv        update:    - prompt 0x28ce470:     424 tokens, checkpoints:  0,     4.974 MiB
srv        update:    - prompt 0x28b9010:     408 tokens, checkpoints:  0,     4.786 MiB
srv        update:    - prompt 0x4a25680:     411 tokens, checkpoints:  0,     4.822 MiB
srv        update:    - prompt 0x4a293c0:     417 tokens, checkpoints:  0,     4.892 MiB
srv        update:    - prompt 0x28e40e0:     416 tokens, checkpoints:  0,     4.880 MiB
slot update_slots: id  0 | task 9033 | new prompt, n_ctx_slot = 4096, n_keep = 0, task.n_tokens = 331
slot update_slots: id  0 | task 9033 | need to evaluate at least 1 token for each active slot (n_past = 331, task.n_tokens() = 331)
slot update_slots: id  0 | task 9033 | n_past was set to 330
slot update_slots: id  0 | task 9033 | n_tokens = 330, memory_seq_rm [330, end)
slot init_sampler: id  0 | task 9033 | init sampler, took 0.17 ms, tokens: text = 331, total = 331
slot update_slots: id  0 | task 9033 | prompt processing done, n_tokens = 331, batch.n_tokens = 1
srv  log_server_r: done request: POST /completion 127.0.0.1 200
slot print_timing: id  0 | task 9033 | 
prompt eval time =      29.48 ms /     1 tokens (   29.48 ms per token,    33.92 tokens per second)
       eval time =    2867.38 ms /   100 tokens (   28.67 ms per token,    34.88 tokens per second)
      total time =    2896.87 ms /   101 tokens
slot      release: id  0 | task 9033 | stop processing: n_tokens = 430, truncated = 0
srv  update_slots: all slots are idle
slot get_availabl: id  3 | task -1 | selected slot by LRU, t_last = 36486955877
srv  get_availabl: updating prompt cache
srv          load:  - looking for better prompt, base f_keep = -1.000, sim = 0.000
srv          load:  - found better prompt with f_keep = 0.770, sim = 1.000
srv        update:  - cache state: 59 prompts, 105.183 MiB (limits: 8192.000 MiB, 4096 tokens, 698147 est)
srv        update:    - prompt 0x28c0e20:     105 tokens, checkpoints:  0,     1.232 MiB
srv        update:    - prompt 0x28c7080:     106 tokens, checkpoints:  0,     1.244 MiB
srv        update:    - prompt 0x28d3a10:     105 tokens, checkpoints:  0,     1.232 MiB
srv        update:    - prompt 0x28c1e20:     106 tokens, checkpoints:  0,     1.244 MiB
srv        update:    - prompt 0x3d8f9b0:     104 tokens, checkpoints:  0,     1.221 MiB
srv        update:    - prompt 0x28c94c0:     109 tokens, checkpoints:  0,     1.279 MiB
srv        update:    - prompt 0xf90860:     115 tokens, checkpoints:  0,     1.350 MiB
srv        update:    - prompt 0x28ce680:     110 tokens, checkpoints:  0,     1.291 MiB
srv        update:    - prompt 0x28ba4f0:     112 tokens, checkpoints:  0,     1.314 MiB
srv        update:    - prompt 0x28dd340:     107 tokens, checkpoints:  0,     1.256 MiB
srv        update:    - prompt 0x28d1e50:     107 tokens, checkpoints:  0,     1.256 MiB
srv        update:    - prompt 0x28c0600:     107 tokens, checkpoints:  0,     1.256 MiB
srv        update:    - prompt 0x28c6e80:     118 tokens, checkpoints:  0,     1.385 MiB
srv        update:    - prompt 0x28cd710:     122 tokens, checkpoints:  0,     1.432 MiB
srv        update:    - prompt 0x28cfbb0:     130 tokens, checkpoints:  0,     1.525 MiB
srv        update:    - prompt 0x28c6380:     131 tokens, checkpoints:  0,     1.537 MiB
srv        update:    - prompt 0x28c9fe0:     129 tokens, checkpoints:  0,     1.514 MiB
srv        update:    - prompt 0x28bac10:     106 tokens, checkpoints:  0,     1.244 MiB
srv        update:    - prompt 0x28b68d0:     104 tokens, checkpoints:  0,     1.221 MiB
srv        update:    - prompt 0x4a2fdc0:     109 tokens, checkpoints:  0,     1.279 MiB
srv        update:    - prompt 0x28cdbb0:     115 tokens, checkpoints:  0,     1.350 MiB
srv        update:    - prompt 0x28ec330:     110 tokens, checkpoints:  0,     1.291 MiB
srv        update:    - prompt 0xee5330:     112 tokens, checkpoints:  0,     1.314 MiB
srv        update:    - prompt 0xf12130:     107 tokens, checkpoints:  0,     1.256 MiB
srv        update:    - prompt 0x28b8f70:     107 tokens, checkpoints:  0,     1.256 MiB
srv        update:    - prompt 0x28d3cf0:     107 tokens, checkpoints:  0,     1.256 MiB
srv        update:    - prompt 0x4a298e0:     118 tokens, checkpoints:  0,     1.385 MiB
srv        update:    - prompt 0x28bfbb0:     122 tokens, checkpoints:  0,     1.432 MiB
srv        update:    - prompt 0xf0e970:     130 tokens, checkpoints:  0,     1.525 MiB
srv        update:    - prompt 0x28e67e0:     131 tokens, checkpoints:  0,     1.537 MiB
srv        update:    - prompt 0xf0c310:     129 tokens, checkpoints:  0,     1.514 MiB
srv        update:    - prompt 0xffff48005c10:     106 tokens, checkpoints:  0,     1.244 MiB
srv        update:    - prompt 0xffff54004690:     104 tokens, checkpoints:  0,     1.221 MiB
srv        update:    - prompt 0x28cba50:     109 tokens, checkpoints:  0,     1.279 MiB
srv        update:    - prompt 0xf0bbe0:     115 tokens, checkpoints:  0,     1.350 MiB
srv        update:    - prompt 0x28cbe30:     110 tokens, checkpoints:  0,     1.291 MiB
srv        update:    - prompt 0x28ba5b0:     112 tokens, checkpoints:  0,     1.314 MiB
srv        update:    - prompt 0x28b3170:     107 tokens, checkpoints:  0,     1.256 MiB
srv        update:    - prompt 0x28b6970:     107 tokens, checkpoints:  0,     1.256 MiB
srv        update:    - prompt 0x4a227b0:     107 tokens, checkpoints:  0,     1.256 MiB
srv        update:    - prompt 0x28db1f0:     110 tokens, checkpoints:  0,     1.291 MiB
srv        update:    - prompt 0x28cc020:     118 tokens, checkpoints:  0,     1.385 MiB
srv        update:    - prompt 0x2911090:     122 tokens, checkpoints:  0,     1.432 MiB
srv        update:    - prompt 0x653c040:     164 tokens, checkpoints:  0,     1.924 MiB
srv        update:    - prompt 0xf8fa50:     130 tokens, checkpoints:  0,     1.525 MiB
srv        update:    - prompt 0x28cc0c0:     134 tokens, checkpoints:  0,     1.572 MiB
srv        update:    - prompt 0x28d4ac0:     131 tokens, checkpoints:  0,     1.537 MiB
srv        update:    - prompt 0x28d34d0:     145 tokens, checkpoints:  0,     1.701 MiB
srv        update:    - prompt 0x28b6d20:     129 tokens, checkpoints:  0,     1.514 MiB
srv        update:    - prompt 0x28cfc50:     135 tokens, checkpoints:  0,     1.584 MiB
srv        update:    - prompt 0x28c3290:     135 tokens, checkpoints:  0,     1.584 MiB
srv        update:    - prompt 0x28b9ba0:     242 tokens, checkpoints:  0,     2.839 MiB
srv        update:    - prompt 0xffff00004cf0:     324 tokens, checkpoints:  0,     3.801 MiB
srv        update:    - prompt 0xeec0d0:     362 tokens, checkpoints:  0,     4.247 MiB
srv        update:    - prompt 0x28ce470:     424 tokens, checkpoints:  0,     4.974 MiB
srv        update:    - prompt 0x28b9010:     408 tokens, checkpoints:  0,     4.786 MiB
srv        update:    - prompt 0x4a25680:     411 tokens, checkpoints:  0,     4.822 MiB
srv        update:    - prompt 0x4a293c0:     417 tokens, checkpoints:  0,     4.892 MiB
srv        update:    - prompt 0x28e40e0:     416 tokens, checkpoints:  0,     4.880 MiB
srv  get_availabl: prompt cache update took 2.27 ms
slot launch_slot_: id  3 | task -1 | sampler chain: logits -> ?penalties -> ?dry -> ?top-n-sigma -> top-k -> ?typical -> top-p -> min-p -> ?xtc -> temp-ext -> dist 
slot launch_slot_: id  3 | task 9134 | processing task, is_child = 0
slot slot_save_an: id  0 | task -1 | saving idle slot to prompt cache
srv   prompt_save:  - saving prompt with length 430, total state size = 5.045 MiB
slot prompt_clear: id  0 | task -1 | clearing prompt with 430 tokens
srv        update:  - cache state: 60 prompts, 110.227 MiB (limits: 8192.000 MiB, 4096 tokens, 698154 est)
srv        update:    - prompt 0x28c0e20:     105 tokens, checkpoints:  0,     1.232 MiB
srv        update:    - prompt 0x28c7080:     106 tokens, checkpoints:  0,     1.244 MiB
srv        update:    - prompt 0x28d3a10:     105 tokens, checkpoints:  0,     1.232 MiB
srv        update:    - prompt 0x28c1e20:     106 tokens, checkpoints:  0,     1.244 MiB
srv        update:    - prompt 0x3d8f9b0:     104 tokens, checkpoints:  0,     1.221 MiB
srv        update:    - prompt 0x28c94c0:     109 tokens, checkpoints:  0,     1.279 MiB
srv        update:    - prompt 0xf90860:     115 tokens, checkpoints:  0,     1.350 MiB
srv        update:    - prompt 0x28ce680:     110 tokens, checkpoints:  0,     1.291 MiB
srv        update:    - prompt 0x28ba4f0:     112 tokens, checkpoints:  0,     1.314 MiB
srv        update:    - prompt 0x28dd340:     107 tokens, checkpoints:  0,     1.256 MiB
srv        update:    - prompt 0x28d1e50:     107 tokens, checkpoints:  0,     1.256 MiB
srv        update:    - prompt 0x28c0600:     107 tokens, checkpoints:  0,     1.256 MiB
srv        update:    - prompt 0x28c6e80:     118 tokens, checkpoints:  0,     1.385 MiB
srv        update:    - prompt 0x28cd710:     122 tokens, checkpoints:  0,     1.432 MiB
srv        update:    - prompt 0x28cfbb0:     130 tokens, checkpoints:  0,     1.525 MiB
srv        update:    - prompt 0x28c6380:     131 tokens, checkpoints:  0,     1.537 MiB
srv        update:    - prompt 0x28c9fe0:     129 tokens, checkpoints:  0,     1.514 MiB
srv        update:    - prompt 0x28bac10:     106 tokens, checkpoints:  0,     1.244 MiB
srv        update:    - prompt 0x28b68d0:     104 tokens, checkpoints:  0,     1.221 MiB
srv        update:    - prompt 0x4a2fdc0:     109 tokens, checkpoints:  0,     1.279 MiB
srv        update:    - prompt 0x28cdbb0:     115 tokens, checkpoints:  0,     1.350 MiB
srv        update:    - prompt 0x28ec330:     110 tokens, checkpoints:  0,     1.291 MiB
srv        update:    - prompt 0xee5330:     112 tokens, checkpoints:  0,     1.314 MiB
srv        update:    - prompt 0xf12130:     107 tokens, checkpoints:  0,     1.256 MiB
srv        update:    - prompt 0x28b8f70:     107 tokens, checkpoints:  0,     1.256 MiB
srv        update:    - prompt 0x28d3cf0:     107 tokens, checkpoints:  0,     1.256 MiB
srv        update:    - prompt 0x4a298e0:     118 tokens, checkpoints:  0,     1.385 MiB
srv        update:    - prompt 0x28bfbb0:     122 tokens, checkpoints:  0,     1.432 MiB
srv        update:    - prompt 0xf0e970:     130 tokens, checkpoints:  0,     1.525 MiB
srv        update:    - prompt 0x28e67e0:     131 tokens, checkpoints:  0,     1.537 MiB
srv        update:    - prompt 0xf0c310:     129 tokens, checkpoints:  0,     1.514 MiB
srv        update:    - prompt 0xffff48005c10:     106 tokens, checkpoints:  0,     1.244 MiB
srv        update:    - prompt 0xffff54004690:     104 tokens, checkpoints:  0,     1.221 MiB
srv        update:    - prompt 0x28cba50:     109 tokens, checkpoints:  0,     1.279 MiB
srv        update:    - prompt 0xf0bbe0:     115 tokens, checkpoints:  0,     1.350 MiB
srv        update:    - prompt 0x28cbe30:     110 tokens, checkpoints:  0,     1.291 MiB
srv        update:    - prompt 0x28ba5b0:     112 tokens, checkpoints:  0,     1.314 MiB
srv        update:    - prompt 0x28b3170:     107 tokens, checkpoints:  0,     1.256 MiB
srv        update:    - prompt 0x28b6970:     107 tokens, checkpoints:  0,     1.256 MiB
srv        update:    - prompt 0x4a227b0:     107 tokens, checkpoints:  0,     1.256 MiB
srv        update:    - prompt 0x28db1f0:     110 tokens, checkpoints:  0,     1.291 MiB
srv        update:    - prompt 0x28cc020:     118 tokens, checkpoints:  0,     1.385 MiB
srv        update:    - prompt 0x2911090:     122 tokens, checkpoints:  0,     1.432 MiB
srv        update:    - prompt 0x653c040:     164 tokens, checkpoints:  0,     1.924 MiB
srv        update:    - prompt 0xf8fa50:     130 tokens, checkpoints:  0,     1.525 MiB
srv        update:    - prompt 0x28cc0c0:     134 tokens, checkpoints:  0,     1.572 MiB
srv        update:    - prompt 0x28d4ac0:     131 tokens, checkpoints:  0,     1.537 MiB
srv        update:    - prompt 0x28d34d0:     145 tokens, checkpoints:  0,     1.701 MiB
srv        update:    - prompt 0x28b6d20:     129 tokens, checkpoints:  0,     1.514 MiB
srv        update:    - prompt 0x28cfc50:     135 tokens, checkpoints:  0,     1.584 MiB
srv        update:    - prompt 0x28c3290:     135 tokens, checkpoints:  0,     1.584 MiB
srv        update:    - prompt 0x28b9ba0:     242 tokens, checkpoints:  0,     2.839 MiB
srv        update:    - prompt 0xffff00004cf0:     324 tokens, checkpoints:  0,     3.801 MiB
srv        update:    - prompt 0xeec0d0:     362 tokens, checkpoints:  0,     4.247 MiB
srv        update:    - prompt 0x28ce470:     424 tokens, checkpoints:  0,     4.974 MiB
srv        update:    - prompt 0x28b9010:     408 tokens, checkpoints:  0,     4.786 MiB
srv        update:    - prompt 0x4a25680:     411 tokens, checkpoints:  0,     4.822 MiB
srv        update:    - prompt 0x4a293c0:     417 tokens, checkpoints:  0,     4.892 MiB
srv        update:    - prompt 0x28e40e0:     416 tokens, checkpoints:  0,     4.880 MiB
srv        update:    - prompt 0xffff3c002440:     430 tokens, checkpoints:  0,     5.045 MiB
slot update_slots: id  3 | task 9134 | new prompt, n_ctx_slot = 4096, n_keep = 0, task.n_tokens = 331
slot update_slots: id  3 | task 9134 | need to evaluate at least 1 token for each active slot (n_past = 331, task.n_tokens() = 331)
slot update_slots: id  3 | task 9134 | n_past was set to 330
slot update_slots: id  3 | task 9134 | n_tokens = 330, memory_seq_rm [330, end)
slot init_sampler: id  3 | task 9134 | init sampler, took 0.16 ms, tokens: text = 331, total = 331
slot update_slots: id  3 | task 9134 | prompt processing done, n_tokens = 331, batch.n_tokens = 1
srv  log_server_r: done request: POST /completion 127.0.0.1 200
slot print_timing: id  3 | task 9134 | 
prompt eval time =      29.68 ms /     1 tokens (   29.68 ms per token,    33.69 tokens per second)
       eval time =    2875.58 ms /   100 tokens (   28.76 ms per token,    34.78 tokens per second)
      total time =    2905.27 ms /   101 tokens
slot      release: id  3 | task 9134 | stop processing: n_tokens = 430, truncated = 0
srv  update_slots: all slots are idle
srv    operator(): operator(): cleaning up before exit...
llama_memory_breakdown_print: | memory breakdown [MiB] | total   free    self   model   context   compute    unaccounted |
llama_memory_breakdown_print: |   - Host               |                  824 =   462 +      48 +     313                |
