main: n_parallel is set to auto, using n_parallel = 4 and kv_unified = true
build_info: b8818-b572d1ecd
system_info: n_threads = 4 (n_threads_batch = 4) / 48 | CPU : NEON = 1 | ARM_FMA = 1 | FP16_VA = 1 | SVE = 1 | SVE_CNT = 64 | OPENMP = 1 | REPACK = 1 | 
Running without SSL
init: using 47 threads for HTTP server
start: binding port with default address family
main: loading model
srv    load_model: loading model '/projects/F202500010HPCVLABUMINHO/uminhocp057/ADED/ADED_project2/models/meta-llama-3.1-8b-instruct-q4_k_m.gguf'
common_init_result: fitting params to device memory, for bugs during this step try to reproduce them with -fit off, or provide --verbose logs if the bug only occurs with -fit on
llama_params_fit_impl: no devices with dedicated memory found
llama_params_fit: successfully fit params to free device memory
llama_params_fit: fitting params to free memory took 1.17 seconds
llama_model_loader: loaded meta data with 29 key-value pairs and 291 tensors from /projects/F202500010HPCVLABUMINHO/uminhocp057/ADED/ADED_project2/models/meta-llama-3.1-8b-instruct-q4_k_m.gguf (version GGUF V3 (latest))
llama_model_loader: Dumping metadata keys/values. Note: KV overrides do not apply in this output.
llama_model_loader: - kv   0:                       general.architecture str              = llama
llama_model_loader: - kv   1:                               general.type str              = model
llama_model_loader: - kv   2:                               general.name str              = Meta Llama 3.1 8B Instruct
llama_model_loader: - kv   3:                           general.finetune str              = Instruct
llama_model_loader: - kv   4:                           general.basename str              = Meta-Llama-3.1
llama_model_loader: - kv   5:                         general.size_label str              = 8B
llama_model_loader: - kv   6:                            general.license str              = llama3.1
llama_model_loader: - kv   7:                               general.tags arr[str,6]       = ["facebook", "meta", "pytorch", "llam...
llama_model_loader: - kv   8:                          general.languages arr[str,8]       = ["en", "de", "fr", "it", "pt", "hi", ...
llama_model_loader: - kv   9:                          llama.block_count u32              = 32
llama_model_loader: - kv  10:                       llama.context_length u32              = 131072
llama_model_loader: - kv  11:                     llama.embedding_length u32              = 4096
llama_model_loader: - kv  12:                  llama.feed_forward_length u32              = 14336
llama_model_loader: - kv  13:                 llama.attention.head_count u32              = 32
llama_model_loader: - kv  14:              llama.attention.head_count_kv u32              = 8
llama_model_loader: - kv  15:                       llama.rope.freq_base f32              = 500000.000000
llama_model_loader: - kv  16:     llama.attention.layer_norm_rms_epsilon f32              = 0.000010
llama_model_loader: - kv  17:                          general.file_type u32              = 15
llama_model_loader: - kv  18:                           llama.vocab_size u32              = 128256
llama_model_loader: - kv  19:                 llama.rope.dimension_count u32              = 128
llama_model_loader: - kv  20:                       tokenizer.ggml.model str              = gpt2
llama_model_loader: - kv  21:                         tokenizer.ggml.pre str              = llama-bpe
llama_model_loader: - kv  22:                      tokenizer.ggml.tokens arr[str,128256]  = ["!", "\"", "#", "$", "%", "&", "'", ...
llama_model_loader: - kv  23:                  tokenizer.ggml.token_type arr[i32,128256]  = [1, 1, 1, 1, 1, 1, 1, 1, 1, 1, 1, 1, ...
llama_model_loader: - kv  24:                      tokenizer.ggml.merges arr[str,280147]  = ["Ġ Ġ", "Ġ ĠĠĠ", "ĠĠ ĠĠ", "...
llama_model_loader: - kv  25:                tokenizer.ggml.bos_token_id u32              = 128000
llama_model_loader: - kv  26:                tokenizer.ggml.eos_token_id u32              = 128009
llama_model_loader: - kv  27:                    tokenizer.chat_template str              = {% set loop_messages = messages %}{% ...
llama_model_loader: - kv  28:               general.quantization_version u32              = 2
llama_model_loader: - type  f32:   65 tensors
llama_model_loader: - type q4_K:  193 tensors
llama_model_loader: - type q6_K:   33 tensors
print_info: file format = GGUF V3 (latest)
print_info: file type   = Q4_K - Medium
print_info: file size   = 4.58 GiB (4.89 BPW) 
load: 0 unused tokens
load: printing all EOG tokens:
load:   - 128001 ('<|end_of_text|>')
load:   - 128008 ('<|eom_id|>')
load:   - 128009 ('<|eot_id|>')
load: special tokens cache size = 256
load: token to piece cache size = 0.7999 MB
print_info: arch                  = llama
print_info: vocab_only            = 0
print_info: no_alloc              = 0
print_info: n_ctx_train           = 131072
print_info: n_embd                = 4096
print_info: n_embd_inp            = 4096
print_info: n_layer               = 32
print_info: n_head                = 32
print_info: n_head_kv             = 8
print_info: n_rot                 = 128
print_info: n_swa                 = 0
print_info: is_swa_any            = 0
print_info: n_embd_head_k         = 128
print_info: n_embd_head_v         = 128
print_info: n_gqa                 = 4
print_info: n_embd_k_gqa          = 1024
print_info: n_embd_v_gqa          = 1024
print_info: f_norm_eps            = 0.0e+00
print_info: f_norm_rms_eps        = 1.0e-05
print_info: f_clamp_kqv           = 0.0e+00
print_info: f_max_alibi_bias      = 0.0e+00
print_info: f_logit_scale         = 0.0e+00
print_info: f_attn_scale          = 0.0e+00
print_info: n_ff                  = 14336
print_info: n_expert              = 0
print_info: n_expert_used         = 0
print_info: n_expert_groups       = 0
print_info: n_group_used          = 0
print_info: causal attn           = 1
print_info: pooling type          = -1
print_info: rope type             = 0
print_info: rope scaling          = linear
print_info: freq_base_train       = 500000.0
print_info: freq_scale_train      = 1
print_info: n_ctx_orig_yarn       = 131072
print_info: rope_yarn_log_mul     = 0.0000
print_info: rope_finetuned        = unknown
print_info: model type            = 8B
print_info: model params          = 8.03 B
print_info: general.name          = Meta Llama 3.1 8B Instruct
print_info: vocab type            = BPE
print_info: n_vocab               = 128256
print_info: n_merges              = 280147
print_info: BOS token             = 128000 '<|begin_of_text|>'
print_info: EOS token             = 128009 '<|eot_id|>'
print_info: EOT token             = 128009 '<|eot_id|>'
print_info: EOM token             = 128008 '<|eom_id|>'
print_info: LF token              = 198 'Ċ'
print_info: EOG token             = 128001 '<|end_of_text|>'
print_info: EOG token             = 128008 '<|eom_id|>'
print_info: EOG token             = 128009 '<|eot_id|>'
print_info: max token length      = 256
load_tensors: loading model tensors, this can take a while... (mmap = true, direct_io = false)
load_tensors:   CPU_Mapped model buffer size =  4685.30 MiB
........................................................................................
common_init_result: added <|end_of_text|> logit bias = -inf
common_init_result: added <|eom_id|> logit bias = -inf
common_init_result: added <|eot_id|> logit bias = -inf
llama_context: constructing llama_context
llama_context: n_seq_max     = 4
llama_context: n_ctx         = 4096
llama_context: n_ctx_seq     = 4096
llama_context: n_batch       = 2048
llama_context: n_ubatch      = 512
llama_context: causal_attn   = 1
llama_context: flash_attn    = auto
llama_context: kv_unified    = true
llama_context: freq_base     = 500000.0
llama_context: freq_scale    = 1
llama_context: n_ctx_seq (4096) < n_ctx_train (131072) -- the full capacity of the model will not be utilized
llama_context:        CPU  output buffer size =     1.96 MiB
llama_kv_cache:        CPU KV buffer size =   512.00 MiB
llama_kv_cache: size =  512.00 MiB (  4096 cells,  32 layers,  4/1 seqs), K (f16):  256.00 MiB, V (f16):  256.00 MiB
llama_kv_cache: attn_rot_k = 0, n_embd_head_k_all = 128
llama_kv_cache: attn_rot_v = 0, n_embd_head_k_all = 128
sched_reserve: reserving ...
sched_reserve: Flash Attention was auto, set to enabled
sched_reserve: resolving fused Gated Delta Net support:
sched_reserve: fused Gated Delta Net (autoregressive) enabled
sched_reserve: fused Gated Delta Net (chunked) enabled
sched_reserve:        CPU compute buffer size =   266.50 MiB
sched_reserve: graph nodes  = 999
sched_reserve: graph splits = 1
sched_reserve: reserve took 11.71 ms, sched copies = 1
common_init_from_params: warming up the model with an empty run - please wait ... (--no-warmup to disable)
srv    load_model: initializing slots, n_slots = 4
no implementations specified for speculative decoding
slot   load_model: id  0 | task -1 | speculative decoding context not initialized
slot   load_model: id  0 | task -1 | new slot, n_ctx = 4096
no implementations specified for speculative decoding
slot   load_model: id  1 | task -1 | speculative decoding context not initialized
slot   load_model: id  1 | task -1 | new slot, n_ctx = 4096
no implementations specified for speculative decoding
slot   load_model: id  2 | task -1 | speculative decoding context not initialized
slot   load_model: id  2 | task -1 | new slot, n_ctx = 4096
no implementations specified for speculative decoding
slot   load_model: id  3 | task -1 | speculative decoding context not initialized
slot   load_model: id  3 | task -1 | new slot, n_ctx = 4096
srv    load_model: prompt cache is enabled, size limit: 8192 MiB
srv    load_model: use `--cache-ram 0` to disable the prompt cache
srv    load_model: for more info see https://github.com/ggml-org/llama.cpp/pull/16391
srv          init: init: idle slots will be saved to prompt cache and cleared upon starting a new task
init: chat template, example_format: '<|start_header_id|>system<|end_header_id|>

You are a helpful assistant<|eot_id|><|start_header_id|>user<|end_header_id|>

Hello<|eot_id|><|start_header_id|>assistant<|end_header_id|>

Hi there<|eot_id|><|start_header_id|>user<|end_header_id|>

How are you?<|eot_id|><|start_header_id|>assistant<|end_header_id|>

'
srv          init: init: chat template, thinking = 0
main: model loaded
main: server is listening on http://0.0.0.0:8080
main: starting the main loop...
srv  update_slots: all slots are idle
slot get_availabl: id  3 | task -1 | selected slot by LRU, t_last = -1
srv  get_availabl: updating prompt cache
srv          load:  - looking for better prompt, base f_keep = -1.000, sim = 0.000
srv        update:  - cache state: 0 prompts, 0.000 MiB (limits: 8192.000 MiB, 4096 tokens, 8589934592 est)
srv  get_availabl: prompt cache update took 0.02 ms
slot launch_slot_: id  3 | task -1 | sampler chain: logits -> ?penalties -> ?dry -> ?top-n-sigma -> top-k -> ?typical -> top-p -> min-p -> ?xtc -> temp-ext -> dist 
slot launch_slot_: id  3 | task 0 | processing task, is_child = 0
slot update_slots: id  3 | task 0 | new prompt, n_ctx_slot = 4096, n_keep = 0, task.n_tokens = 7
slot update_slots: id  3 | task 0 | n_tokens = 0, memory_seq_rm [0, end)
slot init_sampler: id  3 | task 0 | init sampler, took 0.01 ms, tokens: text = 7, total = 7
slot update_slots: id  3 | task 0 | prompt processing done, n_tokens = 7, batch.n_tokens = 7
srv  log_server_r: done request: POST /completion 127.0.0.1 200
slot print_timing: id  3 | task 0 | 
prompt eval time =    4001.75 ms /     7 tokens (  571.68 ms per token,     1.75 tokens per second)
       eval time =   64086.08 ms /   100 tokens (  640.86 ms per token,     1.56 tokens per second)
      total time =   68087.83 ms /   107 tokens
slot      release: id  3 | task 0 | stop processing: n_tokens = 106, truncated = 0
srv  update_slots: all slots are idle
slot get_availabl: id  3 | task -1 | selected slot by LCP similarity, sim_best = 0.125 (> 0.100 thold), f_keep = 0.009
srv  get_availabl: updating prompt cache
srv   prompt_save:  - saving prompt with length 106, total state size = 13.252 MiB
srv          load:  - looking for better prompt, base f_keep = 0.009, sim = 0.125
srv        update:  - cache state: 1 prompts, 13.252 MiB (limits: 8192.000 MiB, 4096 tokens, 65526 est)
srv        update:    - prompt 0xf0ecd0:     106 tokens, checkpoints:  0,    13.252 MiB
srv  get_availabl: prompt cache update took 3.31 ms
slot launch_slot_: id  3 | task -1 | sampler chain: logits -> ?penalties -> ?dry -> ?top-n-sigma -> top-k -> ?typical -> top-p -> min-p -> ?xtc -> temp-ext -> dist 
slot launch_slot_: id  3 | task 101 | processing task, is_child = 0
slot update_slots: id  3 | task 101 | new prompt, n_ctx_slot = 4096, n_keep = 0, task.n_tokens = 8
slot update_slots: id  3 | task 101 | n_tokens = 0, memory_seq_rm [0, end)
slot init_sampler: id  3 | task 101 | init sampler, took 0.01 ms, tokens: text = 8, total = 8
slot update_slots: id  3 | task 101 | prompt processing done, n_tokens = 8, batch.n_tokens = 8
srv  log_server_r: done request: POST /completion 127.0.0.1 200
slot print_timing: id  3 | task 101 | 
prompt eval time =    4557.67 ms /     8 tokens (  569.71 ms per token,     1.76 tokens per second)
       eval time =   64086.40 ms /   100 tokens (  640.86 ms per token,     1.56 tokens per second)
      total time =   68644.07 ms /   108 tokens
slot      release: id  3 | task 101 | stop processing: n_tokens = 107, truncated = 0
srv  update_slots: all slots are idle
slot get_availabl: id  3 | task -1 | selected slot by LCP similarity, sim_best = 0.143 (> 0.100 thold), f_keep = 0.009
srv  get_availabl: updating prompt cache
srv   prompt_save:  - saving prompt with length 107, total state size = 13.377 MiB
srv          load:  - looking for better prompt, base f_keep = 0.009, sim = 0.143
srv        update:  - cache state: 2 prompts, 26.629 MiB (limits: 8192.000 MiB, 4096 tokens, 65526 est)
srv        update:    - prompt 0xf0ecd0:     106 tokens, checkpoints:  0,    13.252 MiB
srv        update:    - prompt 0x4397eb0:     107 tokens, checkpoints:  0,    13.377 MiB
srv  get_availabl: prompt cache update took 3.27 ms
slot launch_slot_: id  3 | task -1 | sampler chain: logits -> ?penalties -> ?dry -> ?top-n-sigma -> top-k -> ?typical -> top-p -> min-p -> ?xtc -> temp-ext -> dist 
slot launch_slot_: id  3 | task 202 | processing task, is_child = 0
slot update_slots: id  3 | task 202 | new prompt, n_ctx_slot = 4096, n_keep = 0, task.n_tokens = 7
slot update_slots: id  3 | task 202 | n_tokens = 0, memory_seq_rm [0, end)
slot init_sampler: id  3 | task 202 | init sampler, took 0.01 ms, tokens: text = 7, total = 7
slot update_slots: id  3 | task 202 | prompt processing done, n_tokens = 7, batch.n_tokens = 7
srv  log_server_r: done request: POST /completion 127.0.0.1 200
slot print_timing: id  3 | task 202 | 
prompt eval time =    4000.80 ms /     7 tokens (  571.54 ms per token,     1.75 tokens per second)
       eval time =   64087.67 ms /   100 tokens (  640.88 ms per token,     1.56 tokens per second)
      total time =   68088.47 ms /   107 tokens
slot      release: id  3 | task 202 | stop processing: n_tokens = 106, truncated = 0
srv  update_slots: all slots are idle
slot get_availabl: id  3 | task -1 | selected slot by LCP similarity, sim_best = 0.125 (> 0.100 thold), f_keep = 0.009
srv  get_availabl: updating prompt cache
srv   prompt_save:  - saving prompt with length 106, total state size = 13.252 MiB
srv          load:  - looking for better prompt, base f_keep = 0.009, sim = 0.125
srv        update:  - cache state: 3 prompts, 39.881 MiB (limits: 8192.000 MiB, 4096 tokens, 65526 est)
srv        update:    - prompt 0xf0ecd0:     106 tokens, checkpoints:  0,    13.252 MiB
srv        update:    - prompt 0x4397eb0:     107 tokens, checkpoints:  0,    13.377 MiB
srv        update:    - prompt 0x439da00:     106 tokens, checkpoints:  0,    13.252 MiB
srv  get_availabl: prompt cache update took 3.27 ms
slot launch_slot_: id  3 | task -1 | sampler chain: logits -> ?penalties -> ?dry -> ?top-n-sigma -> top-k -> ?typical -> top-p -> min-p -> ?xtc -> temp-ext -> dist 
slot launch_slot_: id  3 | task 303 | processing task, is_child = 0
slot update_slots: id  3 | task 303 | new prompt, n_ctx_slot = 4096, n_keep = 0, task.n_tokens = 8
slot update_slots: id  3 | task 303 | n_tokens = 0, memory_seq_rm [0, end)
slot init_sampler: id  3 | task 303 | init sampler, took 0.01 ms, tokens: text = 8, total = 8
slot update_slots: id  3 | task 303 | prompt processing done, n_tokens = 8, batch.n_tokens = 8
srv  log_server_r: done request: POST /completion 127.0.0.1 200
slot print_timing: id  3 | task 303 | 
prompt eval time =    4557.55 ms /     8 tokens (  569.69 ms per token,     1.76 tokens per second)
       eval time =   64094.03 ms /   100 tokens (  640.94 ms per token,     1.56 tokens per second)
      total time =   68651.58 ms /   108 tokens
slot      release: id  3 | task 303 | stop processing: n_tokens = 107, truncated = 0
srv  update_slots: all slots are idle
slot get_availabl: id  3 | task -1 | selected slot by LCP similarity, sim_best = 0.167 (> 0.100 thold), f_keep = 0.009
srv  get_availabl: updating prompt cache
srv   prompt_save:  - saving prompt with length 107, total state size = 13.377 MiB
srv          load:  - looking for better prompt, base f_keep = 0.009, sim = 0.167
srv        update:  - cache state: 4 prompts, 53.258 MiB (limits: 8192.000 MiB, 4096 tokens, 65526 est)
srv        update:    - prompt 0xf0ecd0:     106 tokens, checkpoints:  0,    13.252 MiB
srv        update:    - prompt 0x4397eb0:     107 tokens, checkpoints:  0,    13.377 MiB
srv        update:    - prompt 0x439da00:     106 tokens, checkpoints:  0,    13.252 MiB
srv        update:    - prompt 0x3219be0:     107 tokens, checkpoints:  0,    13.377 MiB
srv  get_availabl: prompt cache update took 3.31 ms
slot launch_slot_: id  3 | task -1 | sampler chain: logits -> ?penalties -> ?dry -> ?top-n-sigma -> top-k -> ?typical -> top-p -> min-p -> ?xtc -> temp-ext -> dist 
slot launch_slot_: id  3 | task 404 | processing task, is_child = 0
slot update_slots: id  3 | task 404 | new prompt, n_ctx_slot = 4096, n_keep = 0, task.n_tokens = 6
slot update_slots: id  3 | task 404 | n_tokens = 0, memory_seq_rm [0, end)
slot init_sampler: id  3 | task 404 | init sampler, took 0.01 ms, tokens: text = 6, total = 6
slot update_slots: id  3 | task 404 | prompt processing done, n_tokens = 6, batch.n_tokens = 6
srv  log_server_r: done request: POST /completion 127.0.0.1 200
slot print_timing: id  3 | task 404 | 
prompt eval time =    3444.39 ms /     6 tokens (  574.06 ms per token,     1.74 tokens per second)
       eval time =   64079.78 ms /   100 tokens (  640.80 ms per token,     1.56 tokens per second)
      total time =   67524.16 ms /   106 tokens
slot      release: id  3 | task 404 | stop processing: n_tokens = 105, truncated = 0
srv  update_slots: all slots are idle
slot get_availabl: id  2 | task -1 | selected slot by LRU, t_last = -1
srv  get_availabl: updating prompt cache
srv          load:  - looking for better prompt, base f_keep = -1.000, sim = 0.000
srv        update:  - cache state: 4 prompts, 53.258 MiB (limits: 8192.000 MiB, 4096 tokens, 65526 est)
srv        update:    - prompt 0xf0ecd0:     106 tokens, checkpoints:  0,    13.252 MiB
srv        update:    - prompt 0x4397eb0:     107 tokens, checkpoints:  0,    13.377 MiB
srv        update:    - prompt 0x439da00:     106 tokens, checkpoints:  0,    13.252 MiB
srv        update:    - prompt 0x3219be0:     107 tokens, checkpoints:  0,    13.377 MiB
srv  get_availabl: prompt cache update took 0.03 ms
slot launch_slot_: id  2 | task -1 | sampler chain: logits -> ?penalties -> ?dry -> ?top-n-sigma -> top-k -> ?typical -> top-p -> min-p -> ?xtc -> temp-ext -> dist 
slot launch_slot_: id  2 | task 505 | processing task, is_child = 0
slot slot_save_an: id  3 | task -1 | saving idle slot to prompt cache
srv   prompt_save:  - saving prompt with length 105, total state size = 13.127 MiB
slot prompt_clear: id  3 | task -1 | clearing prompt with 105 tokens
srv        update:  - cache state: 5 prompts, 66.385 MiB (limits: 8192.000 MiB, 4096 tokens, 65526 est)
srv        update:    - prompt 0xf0ecd0:     106 tokens, checkpoints:  0,    13.252 MiB
srv        update:    - prompt 0x4397eb0:     107 tokens, checkpoints:  0,    13.377 MiB
srv        update:    - prompt 0x439da00:     106 tokens, checkpoints:  0,    13.252 MiB
srv        update:    - prompt 0x3219be0:     107 tokens, checkpoints:  0,    13.377 MiB
srv        update:    - prompt 0x321c6f0:     105 tokens, checkpoints:  0,    13.127 MiB
slot update_slots: id  2 | task 505 | new prompt, n_ctx_slot = 4096, n_keep = 0, task.n_tokens = 11
slot update_slots: id  2 | task 505 | n_tokens = 0, memory_seq_rm [0, end)
slot init_sampler: id  2 | task 505 | init sampler, took 0.01 ms, tokens: text = 11, total = 11
slot update_slots: id  2 | task 505 | prompt processing done, n_tokens = 11, batch.n_tokens = 11
srv  log_server_r: done request: POST /completion 127.0.0.1 200
slot print_timing: id  2 | task 505 | 
prompt eval time =    6233.72 ms /    11 tokens (  566.70 ms per token,     1.76 tokens per second)
       eval time =   64127.47 ms /   100 tokens (  641.27 ms per token,     1.56 tokens per second)
      total time =   70361.20 ms /   111 tokens
slot      release: id  2 | task 505 | stop processing: n_tokens = 110, truncated = 0
srv  update_slots: all slots are idle
slot get_availabl: id  1 | task -1 | selected slot by LRU, t_last = -1
srv  get_availabl: updating prompt cache
srv          load:  - looking for better prompt, base f_keep = -1.000, sim = 0.000
srv        update:  - cache state: 5 prompts, 66.385 MiB (limits: 8192.000 MiB, 4096 tokens, 65526 est)
srv        update:    - prompt 0xf0ecd0:     106 tokens, checkpoints:  0,    13.252 MiB
srv        update:    - prompt 0x4397eb0:     107 tokens, checkpoints:  0,    13.377 MiB
srv        update:    - prompt 0x439da00:     106 tokens, checkpoints:  0,    13.252 MiB
srv        update:    - prompt 0x3219be0:     107 tokens, checkpoints:  0,    13.377 MiB
srv        update:    - prompt 0x321c6f0:     105 tokens, checkpoints:  0,    13.127 MiB
srv  get_availabl: prompt cache update took 0.06 ms
slot launch_slot_: id  1 | task -1 | sampler chain: logits -> ?penalties -> ?dry -> ?top-n-sigma -> top-k -> ?typical -> top-p -> min-p -> ?xtc -> temp-ext -> dist 
slot launch_slot_: id  1 | task 606 | processing task, is_child = 0
slot slot_save_an: id  2 | task -1 | saving idle slot to prompt cache
srv   prompt_save:  - saving prompt with length 110, total state size = 13.752 MiB
slot prompt_clear: id  2 | task -1 | clearing prompt with 110 tokens
srv        update:  - cache state: 6 prompts, 80.137 MiB (limits: 8192.000 MiB, 4096 tokens, 65526 est)
srv        update:    - prompt 0xf0ecd0:     106 tokens, checkpoints:  0,    13.252 MiB
srv        update:    - prompt 0x4397eb0:     107 tokens, checkpoints:  0,    13.377 MiB
srv        update:    - prompt 0x439da00:     106 tokens, checkpoints:  0,    13.252 MiB
srv        update:    - prompt 0x3219be0:     107 tokens, checkpoints:  0,    13.377 MiB
srv        update:    - prompt 0x321c6f0:     105 tokens, checkpoints:  0,    13.127 MiB
srv        update:    - prompt 0x43990c0:     110 tokens, checkpoints:  0,    13.752 MiB
slot update_slots: id  1 | task 606 | new prompt, n_ctx_slot = 4096, n_keep = 0, task.n_tokens = 17
slot update_slots: id  1 | task 606 | n_tokens = 0, memory_seq_rm [0, end)
slot init_sampler: id  1 | task 606 | init sampler, took 0.01 ms, tokens: text = 17, total = 17
slot update_slots: id  1 | task 606 | prompt processing done, n_tokens = 17, batch.n_tokens = 17
srv  log_server_r: done request: POST /completion 127.0.0.1 200
slot print_timing: id  1 | task 606 | 
prompt eval time =    9609.63 ms /    17 tokens (  565.27 ms per token,     1.77 tokens per second)
       eval time =   64168.07 ms /   100 tokens (  641.68 ms per token,     1.56 tokens per second)
      total time =   73777.70 ms /   117 tokens
slot      release: id  1 | task 606 | stop processing: n_tokens = 116, truncated = 0
srv  update_slots: all slots are idle
slot get_availabl: id  0 | task -1 | selected slot by LRU, t_last = -1
srv  get_availabl: updating prompt cache
srv          load:  - looking for better prompt, base f_keep = -1.000, sim = 0.000
srv        update:  - cache state: 6 prompts, 80.137 MiB (limits: 8192.000 MiB, 4096 tokens, 65526 est)
srv        update:    - prompt 0xf0ecd0:     106 tokens, checkpoints:  0,    13.252 MiB
srv        update:    - prompt 0x4397eb0:     107 tokens, checkpoints:  0,    13.377 MiB
srv        update:    - prompt 0x439da00:     106 tokens, checkpoints:  0,    13.252 MiB
srv        update:    - prompt 0x3219be0:     107 tokens, checkpoints:  0,    13.377 MiB
srv        update:    - prompt 0x321c6f0:     105 tokens, checkpoints:  0,    13.127 MiB
srv        update:    - prompt 0x43990c0:     110 tokens, checkpoints:  0,    13.752 MiB
srv  get_availabl: prompt cache update took 0.06 ms
slot launch_slot_: id  0 | task -1 | sampler chain: logits -> ?penalties -> ?dry -> ?top-n-sigma -> top-k -> ?typical -> top-p -> min-p -> ?xtc -> temp-ext -> dist 
slot launch_slot_: id  0 | task 707 | processing task, is_child = 0
slot slot_save_an: id  1 | task -1 | saving idle slot to prompt cache
srv   prompt_save:  - saving prompt with length 116, total state size = 14.502 MiB
slot prompt_clear: id  1 | task -1 | clearing prompt with 116 tokens
srv        update:  - cache state: 7 prompts, 94.639 MiB (limits: 8192.000 MiB, 4096 tokens, 65526 est)
srv        update:    - prompt 0xf0ecd0:     106 tokens, checkpoints:  0,    13.252 MiB
srv        update:    - prompt 0x4397eb0:     107 tokens, checkpoints:  0,    13.377 MiB
srv        update:    - prompt 0x439da00:     106 tokens, checkpoints:  0,    13.252 MiB
srv        update:    - prompt 0x3219be0:     107 tokens, checkpoints:  0,    13.377 MiB
srv        update:    - prompt 0x321c6f0:     105 tokens, checkpoints:  0,    13.127 MiB
srv        update:    - prompt 0x43990c0:     110 tokens, checkpoints:  0,    13.752 MiB
srv        update:    - prompt 0x1019e50:     116 tokens, checkpoints:  0,    14.502 MiB
slot update_slots: id  0 | task 707 | new prompt, n_ctx_slot = 4096, n_keep = 0, task.n_tokens = 10
slot update_slots: id  0 | task 707 | n_tokens = 0, memory_seq_rm [0, end)
slot init_sampler: id  0 | task 707 | init sampler, took 0.01 ms, tokens: text = 10, total = 10
slot update_slots: id  0 | task 707 | prompt processing done, n_tokens = 10, batch.n_tokens = 10
srv  log_server_r: done request: POST /completion 127.0.0.1 200
slot print_timing: id  0 | task 707 | 
prompt eval time =    5676.48 ms /    10 tokens (  567.65 ms per token,     1.76 tokens per second)
       eval time =   64102.25 ms /   100 tokens (  641.02 ms per token,     1.56 tokens per second)
      total time =   69778.73 ms /   110 tokens
slot      release: id  0 | task 707 | stop processing: n_tokens = 109, truncated = 0
srv  update_slots: all slots are idle
slot get_availabl: id  3 | task -1 | selected slot by LRU, t_last = 266220754700
srv  get_availabl: updating prompt cache
srv          load:  - looking for better prompt, base f_keep = -1.000, sim = 0.000
srv        update:  - cache state: 7 prompts, 94.639 MiB (limits: 8192.000 MiB, 4096 tokens, 65526 est)
srv        update:    - prompt 0xf0ecd0:     106 tokens, checkpoints:  0,    13.252 MiB
srv        update:    - prompt 0x4397eb0:     107 tokens, checkpoints:  0,    13.377 MiB
srv        update:    - prompt 0x439da00:     106 tokens, checkpoints:  0,    13.252 MiB
srv        update:    - prompt 0x3219be0:     107 tokens, checkpoints:  0,    13.377 MiB
srv        update:    - prompt 0x321c6f0:     105 tokens, checkpoints:  0,    13.127 MiB
srv        update:    - prompt 0x43990c0:     110 tokens, checkpoints:  0,    13.752 MiB
srv        update:    - prompt 0x1019e50:     116 tokens, checkpoints:  0,    14.502 MiB
srv  get_availabl: prompt cache update took 0.07 ms
slot launch_slot_: id  3 | task -1 | sampler chain: logits -> ?penalties -> ?dry -> ?top-n-sigma -> top-k -> ?typical -> top-p -> min-p -> ?xtc -> temp-ext -> dist 
slot launch_slot_: id  3 | task 808 | processing task, is_child = 0
slot slot_save_an: id  0 | task -1 | saving idle slot to prompt cache
srv   prompt_save:  - saving prompt with length 109, total state size = 13.627 MiB
slot prompt_clear: id  0 | task -1 | clearing prompt with 109 tokens
srv        update:  - cache state: 8 prompts, 108.266 MiB (limits: 8192.000 MiB, 4096 tokens, 65526 est)
srv        update:    - prompt 0xf0ecd0:     106 tokens, checkpoints:  0,    13.252 MiB
srv        update:    - prompt 0x4397eb0:     107 tokens, checkpoints:  0,    13.377 MiB
srv        update:    - prompt 0x439da00:     106 tokens, checkpoints:  0,    13.252 MiB
srv        update:    - prompt 0x3219be0:     107 tokens, checkpoints:  0,    13.377 MiB
srv        update:    - prompt 0x321c6f0:     105 tokens, checkpoints:  0,    13.127 MiB
srv        update:    - prompt 0x43990c0:     110 tokens, checkpoints:  0,    13.752 MiB
srv        update:    - prompt 0x1019e50:     116 tokens, checkpoints:  0,    14.502 MiB
srv        update:    - prompt 0x118e380:     109 tokens, checkpoints:  0,    13.627 MiB
slot update_slots: id  3 | task 808 | new prompt, n_ctx_slot = 4096, n_keep = 0, task.n_tokens = 14
slot update_slots: id  3 | task 808 | n_tokens = 0, memory_seq_rm [0, end)
slot init_sampler: id  3 | task 808 | init sampler, took 0.01 ms, tokens: text = 14, total = 14
slot update_slots: id  3 | task 808 | prompt processing done, n_tokens = 14, batch.n_tokens = 14
srv  log_server_r: done request: POST /completion 127.0.0.1 200
slot print_timing: id  3 | task 808 | 
prompt eval time =    7912.44 ms /    14 tokens (  565.17 ms per token,     1.77 tokens per second)
       eval time =   64145.21 ms /   100 tokens (  641.45 ms per token,     1.56 tokens per second)
      total time =   72057.65 ms /   114 tokens
slot      release: id  3 | task 808 | stop processing: n_tokens = 113, truncated = 0
srv  update_slots: all slots are idle
slot get_availabl: id  3 | task -1 | selected slot by LCP similarity, sim_best = 0.111 (> 0.100 thold), f_keep = 0.009
srv  get_availabl: updating prompt cache
srv   prompt_save:  - saving prompt with length 113, total state size = 14.127 MiB
srv          load:  - looking for better prompt, base f_keep = 0.009, sim = 0.111
srv        update:  - cache state: 9 prompts, 122.393 MiB (limits: 8192.000 MiB, 4096 tokens, 65526 est)
srv        update:    - prompt 0xf0ecd0:     106 tokens, checkpoints:  0,    13.252 MiB
srv        update:    - prompt 0x4397eb0:     107 tokens, checkpoints:  0,    13.377 MiB
srv        update:    - prompt 0x439da00:     106 tokens, checkpoints:  0,    13.252 MiB
srv        update:    - prompt 0x3219be0:     107 tokens, checkpoints:  0,    13.377 MiB
srv        update:    - prompt 0x321c6f0:     105 tokens, checkpoints:  0,    13.127 MiB
srv        update:    - prompt 0x43990c0:     110 tokens, checkpoints:  0,    13.752 MiB
srv        update:    - prompt 0x1019e50:     116 tokens, checkpoints:  0,    14.502 MiB
srv        update:    - prompt 0x118e380:     109 tokens, checkpoints:  0,    13.627 MiB
srv        update:    - prompt 0x3219110:     113 tokens, checkpoints:  0,    14.127 MiB
srv  get_availabl: prompt cache update took 3.50 ms
slot launch_slot_: id  3 | task -1 | sampler chain: logits -> ?penalties -> ?dry -> ?top-n-sigma -> top-k -> ?typical -> top-p -> min-p -> ?xtc -> temp-ext -> dist 
slot launch_slot_: id  3 | task 909 | processing task, is_child = 0
slot update_slots: id  3 | task 909 | new prompt, n_ctx_slot = 4096, n_keep = 0, task.n_tokens = 9
slot update_slots: id  3 | task 909 | n_tokens = 0, memory_seq_rm [0, end)
slot init_sampler: id  3 | task 909 | init sampler, took 0.01 ms, tokens: text = 9, total = 9
slot update_slots: id  3 | task 909 | prompt processing done, n_tokens = 9, batch.n_tokens = 9
srv  log_server_r: done request: POST /completion 127.0.0.1 200
slot print_timing: id  3 | task 909 | 
prompt eval time =    5119.69 ms /     9 tokens (  568.85 ms per token,     1.76 tokens per second)
       eval time =   64112.68 ms /   100 tokens (  641.13 ms per token,     1.56 tokens per second)
      total time =   69232.37 ms /   109 tokens
slot      release: id  3 | task 909 | stop processing: n_tokens = 108, truncated = 0
srv  update_slots: all slots are idle
slot get_availabl: id  3 | task -1 | selected slot by LCP similarity, sim_best = 0.111 (> 0.100 thold), f_keep = 0.009
srv  get_availabl: updating prompt cache
srv   prompt_save:  - saving prompt with length 108, total state size = 13.502 MiB
srv          load:  - looking for better prompt, base f_keep = 0.009, sim = 0.111
srv        update:  - cache state: 10 prompts, 135.895 MiB (limits: 8192.000 MiB, 4096 tokens, 65526 est)
srv        update:    - prompt 0xf0ecd0:     106 tokens, checkpoints:  0,    13.252 MiB
srv        update:    - prompt 0x4397eb0:     107 tokens, checkpoints:  0,    13.377 MiB
srv        update:    - prompt 0x439da00:     106 tokens, checkpoints:  0,    13.252 MiB
srv        update:    - prompt 0x3219be0:     107 tokens, checkpoints:  0,    13.377 MiB
srv        update:    - prompt 0x321c6f0:     105 tokens, checkpoints:  0,    13.127 MiB
srv        update:    - prompt 0x43990c0:     110 tokens, checkpoints:  0,    13.752 MiB
srv        update:    - prompt 0x1019e50:     116 tokens, checkpoints:  0,    14.502 MiB
srv        update:    - prompt 0x118e380:     109 tokens, checkpoints:  0,    13.627 MiB
srv        update:    - prompt 0x3219110:     113 tokens, checkpoints:  0,    14.127 MiB
srv        update:    - prompt 0x321e0f0:     108 tokens, checkpoints:  0,    13.502 MiB
srv  get_availabl: prompt cache update took 3.38 ms
slot launch_slot_: id  3 | task -1 | sampler chain: logits -> ?penalties -> ?dry -> ?top-n-sigma -> top-k -> ?typical -> top-p -> min-p -> ?xtc -> temp-ext -> dist 
slot launch_slot_: id  3 | task 1010 | processing task, is_child = 0
slot update_slots: id  3 | task 1010 | new prompt, n_ctx_slot = 4096, n_keep = 0, task.n_tokens = 9
slot update_slots: id  3 | task 1010 | n_tokens = 0, memory_seq_rm [0, end)
slot init_sampler: id  3 | task 1010 | init sampler, took 0.01 ms, tokens: text = 9, total = 9
slot update_slots: id  3 | task 1010 | prompt processing done, n_tokens = 9, batch.n_tokens = 9
srv  log_server_r: done request: POST /completion 127.0.0.1 200
slot print_timing: id  3 | task 1010 | 
prompt eval time =    5119.86 ms /     9 tokens (  568.87 ms per token,     1.76 tokens per second)
       eval time =   64101.98 ms /   100 tokens (  641.02 ms per token,     1.56 tokens per second)
      total time =   69221.84 ms /   109 tokens
slot      release: id  3 | task 1010 | stop processing: n_tokens = 108, truncated = 0
srv  update_slots: all slots are idle
slot get_availabl: id  3 | task -1 | selected slot by LCP similarity, sim_best = 0.111 (> 0.100 thold), f_keep = 0.009
srv  get_availabl: updating prompt cache
srv   prompt_save:  - saving prompt with length 108, total state size = 13.502 MiB
srv          load:  - looking for better prompt, base f_keep = 0.009, sim = 0.111
srv        update:  - cache state: 11 prompts, 149.397 MiB (limits: 8192.000 MiB, 4096 tokens, 65526 est)
srv        update:    - prompt 0xf0ecd0:     106 tokens, checkpoints:  0,    13.252 MiB
srv        update:    - prompt 0x4397eb0:     107 tokens, checkpoints:  0,    13.377 MiB
srv        update:    - prompt 0x439da00:     106 tokens, checkpoints:  0,    13.252 MiB
srv        update:    - prompt 0x3219be0:     107 tokens, checkpoints:  0,    13.377 MiB
srv        update:    - prompt 0x321c6f0:     105 tokens, checkpoints:  0,    13.127 MiB
srv        update:    - prompt 0x43990c0:     110 tokens, checkpoints:  0,    13.752 MiB
srv        update:    - prompt 0x1019e50:     116 tokens, checkpoints:  0,    14.502 MiB
srv        update:    - prompt 0x118e380:     109 tokens, checkpoints:  0,    13.627 MiB
srv        update:    - prompt 0x3219110:     113 tokens, checkpoints:  0,    14.127 MiB
srv        update:    - prompt 0x321e0f0:     108 tokens, checkpoints:  0,    13.502 MiB
srv        update:    - prompt 0x4398870:     108 tokens, checkpoints:  0,    13.502 MiB
srv  get_availabl: prompt cache update took 3.38 ms
slot launch_slot_: id  3 | task -1 | sampler chain: logits -> ?penalties -> ?dry -> ?top-n-sigma -> top-k -> ?typical -> top-p -> min-p -> ?xtc -> temp-ext -> dist 
slot launch_slot_: id  3 | task 1111 | processing task, is_child = 0
slot update_slots: id  3 | task 1111 | new prompt, n_ctx_slot = 4096, n_keep = 0, task.n_tokens = 9
slot update_slots: id  3 | task 1111 | n_tokens = 0, memory_seq_rm [0, end)
slot init_sampler: id  3 | task 1111 | init sampler, took 0.01 ms, tokens: text = 9, total = 9
slot update_slots: id  3 | task 1111 | prompt processing done, n_tokens = 9, batch.n_tokens = 9
srv  log_server_r: done request: POST /completion 127.0.0.1 200
slot print_timing: id  3 | task 1111 | 
prompt eval time =    5119.81 ms /     9 tokens (  568.87 ms per token,     1.76 tokens per second)
       eval time =   64083.94 ms /   100 tokens (  640.84 ms per token,     1.56 tokens per second)
      total time =   69203.75 ms /   109 tokens
slot      release: id  3 | task 1111 | stop processing: n_tokens = 108, truncated = 0
srv  update_slots: all slots are idle
slot get_availabl: id  2 | task -1 | selected slot by LRU, t_last = 266291701914
srv  get_availabl: updating prompt cache
srv          load:  - looking for better prompt, base f_keep = -1.000, sim = 0.000
srv        update:  - cache state: 11 prompts, 149.397 MiB (limits: 8192.000 MiB, 4096 tokens, 65526 est)
srv        update:    - prompt 0xf0ecd0:     106 tokens, checkpoints:  0,    13.252 MiB
srv        update:    - prompt 0x4397eb0:     107 tokens, checkpoints:  0,    13.377 MiB
srv        update:    - prompt 0x439da00:     106 tokens, checkpoints:  0,    13.252 MiB
srv        update:    - prompt 0x3219be0:     107 tokens, checkpoints:  0,    13.377 MiB
srv        update:    - prompt 0x321c6f0:     105 tokens, checkpoints:  0,    13.127 MiB
srv        update:    - prompt 0x43990c0:     110 tokens, checkpoints:  0,    13.752 MiB
srv        update:    - prompt 0x1019e50:     116 tokens, checkpoints:  0,    14.502 MiB
srv        update:    - prompt 0x118e380:     109 tokens, checkpoints:  0,    13.627 MiB
srv        update:    - prompt 0x3219110:     113 tokens, checkpoints:  0,    14.127 MiB
srv        update:    - prompt 0x321e0f0:     108 tokens, checkpoints:  0,    13.502 MiB
srv        update:    - prompt 0x4398870:     108 tokens, checkpoints:  0,    13.502 MiB
srv  get_availabl: prompt cache update took 0.06 ms
slot launch_slot_: id  2 | task -1 | sampler chain: logits -> ?penalties -> ?dry -> ?top-n-sigma -> top-k -> ?typical -> top-p -> min-p -> ?xtc -> temp-ext -> dist 
slot launch_slot_: id  2 | task 1212 | processing task, is_child = 0
slot slot_save_an: id  3 | task -1 | saving idle slot to prompt cache
srv   prompt_save:  - saving prompt with length 108, total state size = 13.502 MiB
slot prompt_clear: id  3 | task -1 | clearing prompt with 108 tokens
srv        update:  - cache state: 12 prompts, 162.899 MiB (limits: 8192.000 MiB, 4096 tokens, 65526 est)
srv        update:    - prompt 0xf0ecd0:     106 tokens, checkpoints:  0,    13.252 MiB
srv        update:    - prompt 0x4397eb0:     107 tokens, checkpoints:  0,    13.377 MiB
srv        update:    - prompt 0x439da00:     106 tokens, checkpoints:  0,    13.252 MiB
srv        update:    - prompt 0x3219be0:     107 tokens, checkpoints:  0,    13.377 MiB
srv        update:    - prompt 0x321c6f0:     105 tokens, checkpoints:  0,    13.127 MiB
srv        update:    - prompt 0x43990c0:     110 tokens, checkpoints:  0,    13.752 MiB
srv        update:    - prompt 0x1019e50:     116 tokens, checkpoints:  0,    14.502 MiB
srv        update:    - prompt 0x118e380:     109 tokens, checkpoints:  0,    13.627 MiB
srv        update:    - prompt 0x3219110:     113 tokens, checkpoints:  0,    14.127 MiB
srv        update:    - prompt 0x321e0f0:     108 tokens, checkpoints:  0,    13.502 MiB
srv        update:    - prompt 0x4398870:     108 tokens, checkpoints:  0,    13.502 MiB
srv        update:    - prompt 0xfdafe0:     108 tokens, checkpoints:  0,    13.502 MiB
slot update_slots: id  2 | task 1212 | new prompt, n_ctx_slot = 4096, n_keep = 0, task.n_tokens = 12
slot update_slots: id  2 | task 1212 | n_tokens = 0, memory_seq_rm [0, end)
slot init_sampler: id  2 | task 1212 | init sampler, took 0.01 ms, tokens: text = 12, total = 12
slot update_slots: id  2 | task 1212 | prompt processing done, n_tokens = 12, batch.n_tokens = 12
srv  log_server_r: done request: POST /completion 127.0.0.1 200
slot print_timing: id  2 | task 1212 | 
prompt eval time =    6792.46 ms /    12 tokens (  566.04 ms per token,     1.77 tokens per second)
       eval time =   64094.19 ms /   100 tokens (  640.94 ms per token,     1.56 tokens per second)
      total time =   70886.65 ms /   112 tokens
slot      release: id  2 | task 1212 | stop processing: n_tokens = 111, truncated = 0
srv  update_slots: all slots are idle
slot get_availabl: id  1 | task -1 | selected slot by LRU, t_last = 266366064674
srv  get_availabl: updating prompt cache
srv          load:  - looking for better prompt, base f_keep = -1.000, sim = 0.000
srv        update:  - cache state: 12 prompts, 162.899 MiB (limits: 8192.000 MiB, 4096 tokens, 65526 est)
srv        update:    - prompt 0xf0ecd0:     106 tokens, checkpoints:  0,    13.252 MiB
srv        update:    - prompt 0x4397eb0:     107 tokens, checkpoints:  0,    13.377 MiB
srv        update:    - prompt 0x439da00:     106 tokens, checkpoints:  0,    13.252 MiB
srv        update:    - prompt 0x3219be0:     107 tokens, checkpoints:  0,    13.377 MiB
srv        update:    - prompt 0x321c6f0:     105 tokens, checkpoints:  0,    13.127 MiB
srv        update:    - prompt 0x43990c0:     110 tokens, checkpoints:  0,    13.752 MiB
srv        update:    - prompt 0x1019e50:     116 tokens, checkpoints:  0,    14.502 MiB
srv        update:    - prompt 0x118e380:     109 tokens, checkpoints:  0,    13.627 MiB
srv        update:    - prompt 0x3219110:     113 tokens, checkpoints:  0,    14.127 MiB
srv        update:    - prompt 0x321e0f0:     108 tokens, checkpoints:  0,    13.502 MiB
srv        update:    - prompt 0x4398870:     108 tokens, checkpoints:  0,    13.502 MiB
srv        update:    - prompt 0xfdafe0:     108 tokens, checkpoints:  0,    13.502 MiB
srv  get_availabl: prompt cache update took 0.08 ms
slot launch_slot_: id  1 | task -1 | sampler chain: logits -> ?penalties -> ?dry -> ?top-n-sigma -> top-k -> ?typical -> top-p -> min-p -> ?xtc -> temp-ext -> dist 
slot launch_slot_: id  1 | task 1313 | processing task, is_child = 0
slot slot_save_an: id  2 | task -1 | saving idle slot to prompt cache
srv   prompt_save:  - saving prompt with length 111, total state size = 13.877 MiB
slot prompt_clear: id  2 | task -1 | clearing prompt with 111 tokens
srv        update:  - cache state: 13 prompts, 176.776 MiB (limits: 8192.000 MiB, 4096 tokens, 65526 est)
srv        update:    - prompt 0xf0ecd0:     106 tokens, checkpoints:  0,    13.252 MiB
srv        update:    - prompt 0x4397eb0:     107 tokens, checkpoints:  0,    13.377 MiB
srv        update:    - prompt 0x439da00:     106 tokens, checkpoints:  0,    13.252 MiB
srv        update:    - prompt 0x3219be0:     107 tokens, checkpoints:  0,    13.377 MiB
srv        update:    - prompt 0x321c6f0:     105 tokens, checkpoints:  0,    13.127 MiB
srv        update:    - prompt 0x43990c0:     110 tokens, checkpoints:  0,    13.752 MiB
srv        update:    - prompt 0x1019e50:     116 tokens, checkpoints:  0,    14.502 MiB
srv        update:    - prompt 0x118e380:     109 tokens, checkpoints:  0,    13.627 MiB
srv        update:    - prompt 0x3219110:     113 tokens, checkpoints:  0,    14.127 MiB
srv        update:    - prompt 0x321e0f0:     108 tokens, checkpoints:  0,    13.502 MiB
srv        update:    - prompt 0x4398870:     108 tokens, checkpoints:  0,    13.502 MiB
srv        update:    - prompt 0xfdafe0:     108 tokens, checkpoints:  0,    13.502 MiB
srv        update:    - prompt 0xee3170:     111 tokens, checkpoints:  0,    13.877 MiB
slot update_slots: id  1 | task 1313 | new prompt, n_ctx_slot = 4096, n_keep = 0, task.n_tokens = 20
slot update_slots: id  1 | task 1313 | n_tokens = 0, memory_seq_rm [0, end)
slot init_sampler: id  1 | task 1313 | init sampler, took 0.01 ms, tokens: text = 20, total = 20
slot update_slots: id  1 | task 1313 | prompt processing done, n_tokens = 20, batch.n_tokens = 20
srv  log_server_r: done request: POST /completion 127.0.0.1 200
slot print_timing: id  1 | task 1313 | 
prompt eval time =   11284.48 ms /    20 tokens (  564.22 ms per token,     1.77 tokens per second)
       eval time =   64156.41 ms /   100 tokens (  641.56 ms per token,     1.56 tokens per second)
      total time =   75440.89 ms /   120 tokens
slot      release: id  1 | task 1313 | stop processing: n_tokens = 119, truncated = 0
srv  update_slots: all slots are idle
slot get_availabl: id  0 | task -1 | selected slot by LRU, t_last = 266436435831
srv  get_availabl: updating prompt cache
srv          load:  - looking for better prompt, base f_keep = -1.000, sim = 0.000
srv        update:  - cache state: 13 prompts, 176.776 MiB (limits: 8192.000 MiB, 4096 tokens, 65526 est)
srv        update:    - prompt 0xf0ecd0:     106 tokens, checkpoints:  0,    13.252 MiB
srv        update:    - prompt 0x4397eb0:     107 tokens, checkpoints:  0,    13.377 MiB
srv        update:    - prompt 0x439da00:     106 tokens, checkpoints:  0,    13.252 MiB
srv        update:    - prompt 0x3219be0:     107 tokens, checkpoints:  0,    13.377 MiB
srv        update:    - prompt 0x321c6f0:     105 tokens, checkpoints:  0,    13.127 MiB
srv        update:    - prompt 0x43990c0:     110 tokens, checkpoints:  0,    13.752 MiB
srv        update:    - prompt 0x1019e50:     116 tokens, checkpoints:  0,    14.502 MiB
srv        update:    - prompt 0x118e380:     109 tokens, checkpoints:  0,    13.627 MiB
srv        update:    - prompt 0x3219110:     113 tokens, checkpoints:  0,    14.127 MiB
srv        update:    - prompt 0x321e0f0:     108 tokens, checkpoints:  0,    13.502 MiB
srv        update:    - prompt 0x4398870:     108 tokens, checkpoints:  0,    13.502 MiB
srv        update:    - prompt 0xfdafe0:     108 tokens, checkpoints:  0,    13.502 MiB
srv        update:    - prompt 0xee3170:     111 tokens, checkpoints:  0,    13.877 MiB
srv  get_availabl: prompt cache update took 0.07 ms
slot launch_slot_: id  0 | task -1 | sampler chain: logits -> ?penalties -> ?dry -> ?top-n-sigma -> top-k -> ?typical -> top-p -> min-p -> ?xtc -> temp-ext -> dist 
slot launch_slot_: id  0 | task 1414 | processing task, is_child = 0
slot slot_save_an: id  1 | task -1 | saving idle slot to prompt cache
srv   prompt_save:  - saving prompt with length 119, total state size = 14.877 MiB
slot prompt_clear: id  1 | task -1 | clearing prompt with 119 tokens
srv        update:  - cache state: 14 prompts, 191.653 MiB (limits: 8192.000 MiB, 4096 tokens, 65526 est)
srv        update:    - prompt 0xf0ecd0:     106 tokens, checkpoints:  0,    13.252 MiB
srv        update:    - prompt 0x4397eb0:     107 tokens, checkpoints:  0,    13.377 MiB
srv        update:    - prompt 0x439da00:     106 tokens, checkpoints:  0,    13.252 MiB
srv        update:    - prompt 0x3219be0:     107 tokens, checkpoints:  0,    13.377 MiB
srv        update:    - prompt 0x321c6f0:     105 tokens, checkpoints:  0,    13.127 MiB
srv        update:    - prompt 0x43990c0:     110 tokens, checkpoints:  0,    13.752 MiB
srv        update:    - prompt 0x1019e50:     116 tokens, checkpoints:  0,    14.502 MiB
srv        update:    - prompt 0x118e380:     109 tokens, checkpoints:  0,    13.627 MiB
srv        update:    - prompt 0x3219110:     113 tokens, checkpoints:  0,    14.127 MiB
srv        update:    - prompt 0x321e0f0:     108 tokens, checkpoints:  0,    13.502 MiB
srv        update:    - prompt 0x4398870:     108 tokens, checkpoints:  0,    13.502 MiB
srv        update:    - prompt 0xfdafe0:     108 tokens, checkpoints:  0,    13.502 MiB
srv        update:    - prompt 0xee3170:     111 tokens, checkpoints:  0,    13.877 MiB
srv        update:    - prompt 0x11f3590:     119 tokens, checkpoints:  0,    14.877 MiB
slot update_slots: id  0 | task 1414 | new prompt, n_ctx_slot = 4096, n_keep = 0, task.n_tokens = 24
slot update_slots: id  0 | task 1414 | n_tokens = 0, memory_seq_rm [0, end)
slot init_sampler: id  0 | task 1414 | init sampler, took 0.01 ms, tokens: text = 24, total = 24
slot update_slots: id  0 | task 1414 | prompt processing done, n_tokens = 24, batch.n_tokens = 24
srv  log_server_r: done request: POST /completion 127.0.0.1 200
slot print_timing: id  0 | task 1414 | 
prompt eval time =   13520.68 ms /    24 tokens (  563.36 ms per token,     1.78 tokens per second)
       eval time =   64203.03 ms /   100 tokens (  642.03 ms per token,     1.56 tokens per second)
      total time =   77723.71 ms /   124 tokens
slot      release: id  0 | task 1414 | stop processing: n_tokens = 123, truncated = 0
srv  update_slots: all slots are idle
slot get_availabl: id  3 | task -1 | selected slot by LRU, t_last = 266718541635
srv  get_availabl: updating prompt cache
srv          load:  - looking for better prompt, base f_keep = -1.000, sim = 0.000
srv        update:  - cache state: 14 prompts, 191.653 MiB (limits: 8192.000 MiB, 4096 tokens, 65526 est)
srv        update:    - prompt 0xf0ecd0:     106 tokens, checkpoints:  0,    13.252 MiB
srv        update:    - prompt 0x4397eb0:     107 tokens, checkpoints:  0,    13.377 MiB
srv        update:    - prompt 0x439da00:     106 tokens, checkpoints:  0,    13.252 MiB
srv        update:    - prompt 0x3219be0:     107 tokens, checkpoints:  0,    13.377 MiB
srv        update:    - prompt 0x321c6f0:     105 tokens, checkpoints:  0,    13.127 MiB
srv        update:    - prompt 0x43990c0:     110 tokens, checkpoints:  0,    13.752 MiB
srv        update:    - prompt 0x1019e50:     116 tokens, checkpoints:  0,    14.502 MiB
srv        update:    - prompt 0x118e380:     109 tokens, checkpoints:  0,    13.627 MiB
srv        update:    - prompt 0x3219110:     113 tokens, checkpoints:  0,    14.127 MiB
srv        update:    - prompt 0x321e0f0:     108 tokens, checkpoints:  0,    13.502 MiB
srv        update:    - prompt 0x4398870:     108 tokens, checkpoints:  0,    13.502 MiB
srv        update:    - prompt 0xfdafe0:     108 tokens, checkpoints:  0,    13.502 MiB
srv        update:    - prompt 0xee3170:     111 tokens, checkpoints:  0,    13.877 MiB
srv        update:    - prompt 0x11f3590:     119 tokens, checkpoints:  0,    14.877 MiB
srv  get_availabl: prompt cache update took 0.07 ms
slot launch_slot_: id  3 | task -1 | sampler chain: logits -> ?penalties -> ?dry -> ?top-n-sigma -> top-k -> ?typical -> top-p -> min-p -> ?xtc -> temp-ext -> dist 
slot launch_slot_: id  3 | task 1515 | processing task, is_child = 0
slot slot_save_an: id  0 | task -1 | saving idle slot to prompt cache
srv   prompt_save:  - saving prompt with length 123, total state size = 15.377 MiB
slot prompt_clear: id  0 | task -1 | clearing prompt with 123 tokens
srv        update:  - cache state: 15 prompts, 207.030 MiB (limits: 8192.000 MiB, 4096 tokens, 65526 est)
srv        update:    - prompt 0xf0ecd0:     106 tokens, checkpoints:  0,    13.252 MiB
srv        update:    - prompt 0x4397eb0:     107 tokens, checkpoints:  0,    13.377 MiB
srv        update:    - prompt 0x439da00:     106 tokens, checkpoints:  0,    13.252 MiB
srv        update:    - prompt 0x3219be0:     107 tokens, checkpoints:  0,    13.377 MiB
srv        update:    - prompt 0x321c6f0:     105 tokens, checkpoints:  0,    13.127 MiB
srv        update:    - prompt 0x43990c0:     110 tokens, checkpoints:  0,    13.752 MiB
srv        update:    - prompt 0x1019e50:     116 tokens, checkpoints:  0,    14.502 MiB
srv        update:    - prompt 0x118e380:     109 tokens, checkpoints:  0,    13.627 MiB
srv        update:    - prompt 0x3219110:     113 tokens, checkpoints:  0,    14.127 MiB
srv        update:    - prompt 0x321e0f0:     108 tokens, checkpoints:  0,    13.502 MiB
srv        update:    - prompt 0x4398870:     108 tokens, checkpoints:  0,    13.502 MiB
srv        update:    - prompt 0xfdafe0:     108 tokens, checkpoints:  0,    13.502 MiB
srv        update:    - prompt 0xee3170:     111 tokens, checkpoints:  0,    13.877 MiB
srv        update:    - prompt 0x11f3590:     119 tokens, checkpoints:  0,    14.877 MiB
srv        update:    - prompt 0x3222110:     123 tokens, checkpoints:  0,    15.377 MiB
slot update_slots: id  3 | task 1515 | new prompt, n_ctx_slot = 4096, n_keep = 0, task.n_tokens = 66
slot update_slots: id  3 | task 1515 | n_tokens = 0, memory_seq_rm [0, end)
slot init_sampler: id  3 | task 1515 | init sampler, took 0.03 ms, tokens: text = 66, total = 66
slot update_slots: id  3 | task 1515 | prompt processing done, n_tokens = 66, batch.n_tokens = 66
srv  log_server_r: done request: POST /completion 127.0.0.1 200
slot print_timing: id  3 | task 1515 | 
prompt eval time =   40798.44 ms /    66 tokens (  618.16 ms per token,     1.62 tokens per second)
       eval time =   64615.96 ms /   100 tokens (  646.16 ms per token,     1.55 tokens per second)
      total time =  105414.40 ms /   166 tokens
slot      release: id  3 | task 1515 | stop processing: n_tokens = 165, truncated = 0
srv  update_slots: all slots are idle
slot get_availabl: id  2 | task -1 | selected slot by LRU, t_last = 266790018230
srv  get_availabl: updating prompt cache
srv          load:  - looking for better prompt, base f_keep = -1.000, sim = 0.000
srv        update:  - cache state: 15 prompts, 207.030 MiB (limits: 8192.000 MiB, 4096 tokens, 65526 est)
srv        update:    - prompt 0xf0ecd0:     106 tokens, checkpoints:  0,    13.252 MiB
srv        update:    - prompt 0x4397eb0:     107 tokens, checkpoints:  0,    13.377 MiB
srv        update:    - prompt 0x439da00:     106 tokens, checkpoints:  0,    13.252 MiB
srv        update:    - prompt 0x3219be0:     107 tokens, checkpoints:  0,    13.377 MiB
srv        update:    - prompt 0x321c6f0:     105 tokens, checkpoints:  0,    13.127 MiB
srv        update:    - prompt 0x43990c0:     110 tokens, checkpoints:  0,    13.752 MiB
srv        update:    - prompt 0x1019e50:     116 tokens, checkpoints:  0,    14.502 MiB
srv        update:    - prompt 0x118e380:     109 tokens, checkpoints:  0,    13.627 MiB
srv        update:    - prompt 0x3219110:     113 tokens, checkpoints:  0,    14.127 MiB
srv        update:    - prompt 0x321e0f0:     108 tokens, checkpoints:  0,    13.502 MiB
srv        update:    - prompt 0x4398870:     108 tokens, checkpoints:  0,    13.502 MiB
srv        update:    - prompt 0xfdafe0:     108 tokens, checkpoints:  0,    13.502 MiB
srv        update:    - prompt 0xee3170:     111 tokens, checkpoints:  0,    13.877 MiB
srv        update:    - prompt 0x11f3590:     119 tokens, checkpoints:  0,    14.877 MiB
srv        update:    - prompt 0x3222110:     123 tokens, checkpoints:  0,    15.377 MiB
srv  get_availabl: prompt cache update took 0.07 ms
slot launch_slot_: id  2 | task -1 | sampler chain: logits -> ?penalties -> ?dry -> ?top-n-sigma -> top-k -> ?typical -> top-p -> min-p -> ?xtc -> temp-ext -> dist 
slot launch_slot_: id  2 | task 1616 | processing task, is_child = 0
slot slot_save_an: id  3 | task -1 | saving idle slot to prompt cache
srv   prompt_save:  - saving prompt with length 165, total state size = 20.628 MiB
slot prompt_clear: id  3 | task -1 | clearing prompt with 165 tokens
srv        update:  - cache state: 16 prompts, 227.658 MiB (limits: 8192.000 MiB, 4096 tokens, 65526 est)
srv        update:    - prompt 0xf0ecd0:     106 tokens, checkpoints:  0,    13.252 MiB
srv        update:    - prompt 0x4397eb0:     107 tokens, checkpoints:  0,    13.377 MiB
srv        update:    - prompt 0x439da00:     106 tokens, checkpoints:  0,    13.252 MiB
srv        update:    - prompt 0x3219be0:     107 tokens, checkpoints:  0,    13.377 MiB
srv        update:    - prompt 0x321c6f0:     105 tokens, checkpoints:  0,    13.127 MiB
srv        update:    - prompt 0x43990c0:     110 tokens, checkpoints:  0,    13.752 MiB
srv        update:    - prompt 0x1019e50:     116 tokens, checkpoints:  0,    14.502 MiB
srv        update:    - prompt 0x118e380:     109 tokens, checkpoints:  0,    13.627 MiB
srv        update:    - prompt 0x3219110:     113 tokens, checkpoints:  0,    14.127 MiB
srv        update:    - prompt 0x321e0f0:     108 tokens, checkpoints:  0,    13.502 MiB
srv        update:    - prompt 0x4398870:     108 tokens, checkpoints:  0,    13.502 MiB
srv        update:    - prompt 0xfdafe0:     108 tokens, checkpoints:  0,    13.502 MiB
srv        update:    - prompt 0xee3170:     111 tokens, checkpoints:  0,    13.877 MiB
srv        update:    - prompt 0x11f3590:     119 tokens, checkpoints:  0,    14.877 MiB
srv        update:    - prompt 0x3222110:     123 tokens, checkpoints:  0,    15.377 MiB
srv        update:    - prompt 0x32222d0:     165 tokens, checkpoints:  0,    20.628 MiB
slot update_slots: id  2 | task 1616 | new prompt, n_ctx_slot = 4096, n_keep = 0, task.n_tokens = 32
slot update_slots: id  2 | task 1616 | n_tokens = 0, memory_seq_rm [0, end)
slot init_sampler: id  2 | task 1616 | init sampler, took 0.02 ms, tokens: text = 32, total = 32
slot update_slots: id  2 | task 1616 | prompt processing done, n_tokens = 32, batch.n_tokens = 32
srv  log_server_r: done request: POST /completion 127.0.0.1 200
slot print_timing: id  2 | task 1616 | 
prompt eval time =   18001.26 ms /    32 tokens (  562.54 ms per token,     1.78 tokens per second)
       eval time =   64292.56 ms /   100 tokens (  642.93 ms per token,     1.56 tokens per second)
      total time =   82293.82 ms /   132 tokens
slot      release: id  2 | task 1616 | stop processing: n_tokens = 131, truncated = 0
srv  update_slots: all slots are idle
slot get_availabl: id  1 | task -1 | selected slot by LRU, t_last = 266866040537
srv  get_availabl: updating prompt cache
srv          load:  - looking for better prompt, base f_keep = -1.000, sim = 0.000
srv        update:  - cache state: 16 prompts, 227.658 MiB (limits: 8192.000 MiB, 4096 tokens, 65526 est)
srv        update:    - prompt 0xf0ecd0:     106 tokens, checkpoints:  0,    13.252 MiB
srv        update:    - prompt 0x4397eb0:     107 tokens, checkpoints:  0,    13.377 MiB
srv        update:    - prompt 0x439da00:     106 tokens, checkpoints:  0,    13.252 MiB
srv        update:    - prompt 0x3219be0:     107 tokens, checkpoints:  0,    13.377 MiB
srv        update:    - prompt 0x321c6f0:     105 tokens, checkpoints:  0,    13.127 MiB
srv        update:    - prompt 0x43990c0:     110 tokens, checkpoints:  0,    13.752 MiB
srv        update:    - prompt 0x1019e50:     116 tokens, checkpoints:  0,    14.502 MiB
srv        update:    - prompt 0x118e380:     109 tokens, checkpoints:  0,    13.627 MiB
srv        update:    - prompt 0x3219110:     113 tokens, checkpoints:  0,    14.127 MiB
srv        update:    - prompt 0x321e0f0:     108 tokens, checkpoints:  0,    13.502 MiB
srv        update:    - prompt 0x4398870:     108 tokens, checkpoints:  0,    13.502 MiB
srv        update:    - prompt 0xfdafe0:     108 tokens, checkpoints:  0,    13.502 MiB
srv        update:    - prompt 0xee3170:     111 tokens, checkpoints:  0,    13.877 MiB
srv        update:    - prompt 0x11f3590:     119 tokens, checkpoints:  0,    14.877 MiB
srv        update:    - prompt 0x3222110:     123 tokens, checkpoints:  0,    15.377 MiB
srv        update:    - prompt 0x32222d0:     165 tokens, checkpoints:  0,    20.628 MiB
srv  get_availabl: prompt cache update took 0.08 ms
slot launch_slot_: id  1 | task -1 | sampler chain: logits -> ?penalties -> ?dry -> ?top-n-sigma -> top-k -> ?typical -> top-p -> min-p -> ?xtc -> temp-ext -> dist 
slot launch_slot_: id  1 | task 1717 | processing task, is_child = 0
slot slot_save_an: id  2 | task -1 | saving idle slot to prompt cache
srv   prompt_save:  - saving prompt with length 131, total state size = 16.377 MiB
slot prompt_clear: id  2 | task -1 | clearing prompt with 131 tokens
srv        update:  - cache state: 17 prompts, 244.035 MiB (limits: 8192.000 MiB, 4096 tokens, 65526 est)
srv        update:    - prompt 0xf0ecd0:     106 tokens, checkpoints:  0,    13.252 MiB
srv        update:    - prompt 0x4397eb0:     107 tokens, checkpoints:  0,    13.377 MiB
srv        update:    - prompt 0x439da00:     106 tokens, checkpoints:  0,    13.252 MiB
srv        update:    - prompt 0x3219be0:     107 tokens, checkpoints:  0,    13.377 MiB
srv        update:    - prompt 0x321c6f0:     105 tokens, checkpoints:  0,    13.127 MiB
srv        update:    - prompt 0x43990c0:     110 tokens, checkpoints:  0,    13.752 MiB
srv        update:    - prompt 0x1019e50:     116 tokens, checkpoints:  0,    14.502 MiB
srv        update:    - prompt 0x118e380:     109 tokens, checkpoints:  0,    13.627 MiB
srv        update:    - prompt 0x3219110:     113 tokens, checkpoints:  0,    14.127 MiB
srv        update:    - prompt 0x321e0f0:     108 tokens, checkpoints:  0,    13.502 MiB
srv        update:    - prompt 0x4398870:     108 tokens, checkpoints:  0,    13.502 MiB
srv        update:    - prompt 0xfdafe0:     108 tokens, checkpoints:  0,    13.502 MiB
srv        update:    - prompt 0xee3170:     111 tokens, checkpoints:  0,    13.877 MiB
srv        update:    - prompt 0x11f3590:     119 tokens, checkpoints:  0,    14.877 MiB
srv        update:    - prompt 0x3222110:     123 tokens, checkpoints:  0,    15.377 MiB
srv        update:    - prompt 0x32222d0:     165 tokens, checkpoints:  0,    20.628 MiB
srv        update:    - prompt 0x439c6b0:     131 tokens, checkpoints:  0,    16.377 MiB
slot update_slots: id  1 | task 1717 | new prompt, n_ctx_slot = 4096, n_keep = 0, task.n_tokens = 36
slot update_slots: id  1 | task 1717 | n_tokens = 0, memory_seq_rm [0, end)
slot init_sampler: id  1 | task 1717 | init sampler, took 0.02 ms, tokens: text = 36, total = 36
slot update_slots: id  1 | task 1717 | prompt processing done, n_tokens = 36, batch.n_tokens = 36
srv  log_server_r: done request: POST /completion 127.0.0.1 200
slot print_timing: id  1 | task 1717 | 
prompt eval time =   20256.16 ms /    36 tokens (  562.67 ms per token,     1.78 tokens per second)
       eval time =   64340.48 ms /   100 tokens (  643.40 ms per token,     1.55 tokens per second)
      total time =   84596.65 ms /   136 tokens
slot      release: id  1 | task 1717 | stop processing: n_tokens = 135, truncated = 0
srv  update_slots: all slots are idle
slot get_availabl: id  0 | task -1 | selected slot by LRU, t_last = 266944344883
srv  get_availabl: updating prompt cache
srv          load:  - looking for better prompt, base f_keep = -1.000, sim = 0.000
srv        update:  - cache state: 17 prompts, 244.035 MiB (limits: 8192.000 MiB, 4096 tokens, 65526 est)
srv        update:    - prompt 0xf0ecd0:     106 tokens, checkpoints:  0,    13.252 MiB
srv        update:    - prompt 0x4397eb0:     107 tokens, checkpoints:  0,    13.377 MiB
srv        update:    - prompt 0x439da00:     106 tokens, checkpoints:  0,    13.252 MiB
srv        update:    - prompt 0x3219be0:     107 tokens, checkpoints:  0,    13.377 MiB
srv        update:    - prompt 0x321c6f0:     105 tokens, checkpoints:  0,    13.127 MiB
srv        update:    - prompt 0x43990c0:     110 tokens, checkpoints:  0,    13.752 MiB
srv        update:    - prompt 0x1019e50:     116 tokens, checkpoints:  0,    14.502 MiB
srv        update:    - prompt 0x118e380:     109 tokens, checkpoints:  0,    13.627 MiB
srv        update:    - prompt 0x3219110:     113 tokens, checkpoints:  0,    14.127 MiB
srv        update:    - prompt 0x321e0f0:     108 tokens, checkpoints:  0,    13.502 MiB
srv        update:    - prompt 0x4398870:     108 tokens, checkpoints:  0,    13.502 MiB
srv        update:    - prompt 0xfdafe0:     108 tokens, checkpoints:  0,    13.502 MiB
srv        update:    - prompt 0xee3170:     111 tokens, checkpoints:  0,    13.877 MiB
srv        update:    - prompt 0x11f3590:     119 tokens, checkpoints:  0,    14.877 MiB
srv        update:    - prompt 0x3222110:     123 tokens, checkpoints:  0,    15.377 MiB
srv        update:    - prompt 0x32222d0:     165 tokens, checkpoints:  0,    20.628 MiB
srv        update:    - prompt 0x439c6b0:     131 tokens, checkpoints:  0,    16.377 MiB
srv  get_availabl: prompt cache update took 0.10 ms
slot launch_slot_: id  0 | task -1 | sampler chain: logits -> ?penalties -> ?dry -> ?top-n-sigma -> top-k -> ?typical -> top-p -> min-p -> ?xtc -> temp-ext -> dist 
slot launch_slot_: id  0 | task 1818 | processing task, is_child = 0
slot slot_save_an: id  1 | task -1 | saving idle slot to prompt cache
srv   prompt_save:  - saving prompt with length 135, total state size = 16.877 MiB
slot prompt_clear: id  1 | task -1 | clearing prompt with 135 tokens
srv        update:  - cache state: 18 prompts, 260.912 MiB (limits: 8192.000 MiB, 4096 tokens, 65526 est)
srv        update:    - prompt 0xf0ecd0:     106 tokens, checkpoints:  0,    13.252 MiB
srv        update:    - prompt 0x4397eb0:     107 tokens, checkpoints:  0,    13.377 MiB
srv        update:    - prompt 0x439da00:     106 tokens, checkpoints:  0,    13.252 MiB
srv        update:    - prompt 0x3219be0:     107 tokens, checkpoints:  0,    13.377 MiB
srv        update:    - prompt 0x321c6f0:     105 tokens, checkpoints:  0,    13.127 MiB
srv        update:    - prompt 0x43990c0:     110 tokens, checkpoints:  0,    13.752 MiB
srv        update:    - prompt 0x1019e50:     116 tokens, checkpoints:  0,    14.502 MiB
srv        update:    - prompt 0x118e380:     109 tokens, checkpoints:  0,    13.627 MiB
srv        update:    - prompt 0x3219110:     113 tokens, checkpoints:  0,    14.127 MiB
srv        update:    - prompt 0x321e0f0:     108 tokens, checkpoints:  0,    13.502 MiB
srv        update:    - prompt 0x4398870:     108 tokens, checkpoints:  0,    13.502 MiB
srv        update:    - prompt 0xfdafe0:     108 tokens, checkpoints:  0,    13.502 MiB
srv        update:    - prompt 0xee3170:     111 tokens, checkpoints:  0,    13.877 MiB
srv        update:    - prompt 0x11f3590:     119 tokens, checkpoints:  0,    14.877 MiB
srv        update:    - prompt 0x3222110:     123 tokens, checkpoints:  0,    15.377 MiB
srv        update:    - prompt 0x32222d0:     165 tokens, checkpoints:  0,    20.628 MiB
srv        update:    - prompt 0x439c6b0:     131 tokens, checkpoints:  0,    16.377 MiB
srv        update:    - prompt 0x11f26a0:     135 tokens, checkpoints:  0,    16.877 MiB
slot update_slots: id  0 | task 1818 | new prompt, n_ctx_slot = 4096, n_keep = 0, task.n_tokens = 33
slot update_slots: id  0 | task 1818 | n_tokens = 0, memory_seq_rm [0, end)
slot init_sampler: id  0 | task 1818 | init sampler, took 0.02 ms, tokens: text = 33, total = 33
slot update_slots: id  0 | task 1818 | prompt processing done, n_tokens = 33, batch.n_tokens = 33
srv  log_server_r: done request: POST /completion 127.0.0.1 200
slot print_timing: id  0 | task 1818 | 
prompt eval time =   18579.05 ms /    33 tokens (  563.00 ms per token,     1.78 tokens per second)
       eval time =   64302.40 ms /   100 tokens (  643.02 ms per token,     1.56 tokens per second)
      total time =   82881.44 ms /   133 tokens
slot      release: id  0 | task 1818 | stop processing: n_tokens = 132, truncated = 0
srv  update_slots: all slots are idle
slot get_availabl: id  3 | task -1 | selected slot by LRU, t_last = 267050340983
srv  get_availabl: updating prompt cache
srv          load:  - looking for better prompt, base f_keep = -1.000, sim = 0.000
srv        update:  - cache state: 18 prompts, 260.912 MiB (limits: 8192.000 MiB, 4096 tokens, 65526 est)
srv        update:    - prompt 0xf0ecd0:     106 tokens, checkpoints:  0,    13.252 MiB
srv        update:    - prompt 0x4397eb0:     107 tokens, checkpoints:  0,    13.377 MiB
srv        update:    - prompt 0x439da00:     106 tokens, checkpoints:  0,    13.252 MiB
srv        update:    - prompt 0x3219be0:     107 tokens, checkpoints:  0,    13.377 MiB
srv        update:    - prompt 0x321c6f0:     105 tokens, checkpoints:  0,    13.127 MiB
srv        update:    - prompt 0x43990c0:     110 tokens, checkpoints:  0,    13.752 MiB
srv        update:    - prompt 0x1019e50:     116 tokens, checkpoints:  0,    14.502 MiB
srv        update:    - prompt 0x118e380:     109 tokens, checkpoints:  0,    13.627 MiB
srv        update:    - prompt 0x3219110:     113 tokens, checkpoints:  0,    14.127 MiB
srv        update:    - prompt 0x321e0f0:     108 tokens, checkpoints:  0,    13.502 MiB
srv        update:    - prompt 0x4398870:     108 tokens, checkpoints:  0,    13.502 MiB
srv        update:    - prompt 0xfdafe0:     108 tokens, checkpoints:  0,    13.502 MiB
srv        update:    - prompt 0xee3170:     111 tokens, checkpoints:  0,    13.877 MiB
srv        update:    - prompt 0x11f3590:     119 tokens, checkpoints:  0,    14.877 MiB
srv        update:    - prompt 0x3222110:     123 tokens, checkpoints:  0,    15.377 MiB
srv        update:    - prompt 0x32222d0:     165 tokens, checkpoints:  0,    20.628 MiB
srv        update:    - prompt 0x439c6b0:     131 tokens, checkpoints:  0,    16.377 MiB
srv        update:    - prompt 0x11f26a0:     135 tokens, checkpoints:  0,    16.877 MiB
srv  get_availabl: prompt cache update took 0.12 ms
slot launch_slot_: id  3 | task -1 | sampler chain: logits -> ?penalties -> ?dry -> ?top-n-sigma -> top-k -> ?typical -> top-p -> min-p -> ?xtc -> temp-ext -> dist 
slot launch_slot_: id  3 | task 1919 | processing task, is_child = 0
slot slot_save_an: id  0 | task -1 | saving idle slot to prompt cache
srv   prompt_save:  - saving prompt with length 132, total state size = 16.502 MiB
slot prompt_clear: id  0 | task -1 | clearing prompt with 132 tokens
srv        update:  - cache state: 19 prompts, 277.415 MiB (limits: 8192.000 MiB, 4096 tokens, 65526 est)
srv        update:    - prompt 0xf0ecd0:     106 tokens, checkpoints:  0,    13.252 MiB
srv        update:    - prompt 0x4397eb0:     107 tokens, checkpoints:  0,    13.377 MiB
srv        update:    - prompt 0x439da00:     106 tokens, checkpoints:  0,    13.252 MiB
srv        update:    - prompt 0x3219be0:     107 tokens, checkpoints:  0,    13.377 MiB
srv        update:    - prompt 0x321c6f0:     105 tokens, checkpoints:  0,    13.127 MiB
srv        update:    - prompt 0x43990c0:     110 tokens, checkpoints:  0,    13.752 MiB
srv        update:    - prompt 0x1019e50:     116 tokens, checkpoints:  0,    14.502 MiB
srv        update:    - prompt 0x118e380:     109 tokens, checkpoints:  0,    13.627 MiB
srv        update:    - prompt 0x3219110:     113 tokens, checkpoints:  0,    14.127 MiB
srv        update:    - prompt 0x321e0f0:     108 tokens, checkpoints:  0,    13.502 MiB
srv        update:    - prompt 0x4398870:     108 tokens, checkpoints:  0,    13.502 MiB
srv        update:    - prompt 0xfdafe0:     108 tokens, checkpoints:  0,    13.502 MiB
srv        update:    - prompt 0xee3170:     111 tokens, checkpoints:  0,    13.877 MiB
srv        update:    - prompt 0x11f3590:     119 tokens, checkpoints:  0,    14.877 MiB
srv        update:    - prompt 0x3222110:     123 tokens, checkpoints:  0,    15.377 MiB
srv        update:    - prompt 0x32222d0:     165 tokens, checkpoints:  0,    20.628 MiB
srv        update:    - prompt 0x439c6b0:     131 tokens, checkpoints:  0,    16.377 MiB
srv        update:    - prompt 0x11f26a0:     135 tokens, checkpoints:  0,    16.877 MiB
srv        update:    - prompt 0x4398f70:     132 tokens, checkpoints:  0,    16.502 MiB
slot update_slots: id  3 | task 1919 | new prompt, n_ctx_slot = 4096, n_keep = 0, task.n_tokens = 47
slot update_slots: id  3 | task 1919 | n_tokens = 0, memory_seq_rm [0, end)
slot init_sampler: id  3 | task 1919 | init sampler, took 0.03 ms, tokens: text = 47, total = 47
slot update_slots: id  3 | task 1919 | prompt processing done, n_tokens = 47, batch.n_tokens = 47
srv  log_server_r: done request: POST /completion 127.0.0.1 200
slot print_timing: id  3 | task 1919 | 
prompt eval time =   26421.76 ms /    47 tokens (  562.17 ms per token,     1.78 tokens per second)
       eval time =   64420.38 ms /   100 tokens (  644.20 ms per token,     1.55 tokens per second)
      total time =   90842.15 ms /   147 tokens
slot      release: id  3 | task 1919 | stop processing: n_tokens = 146, truncated = 0
srv  update_slots: all slots are idle
slot get_availabl: id  2 | task -1 | selected slot by LRU, t_last = 267133249832
srv  get_availabl: updating prompt cache
srv          load:  - looking for better prompt, base f_keep = -1.000, sim = 0.000
srv        update:  - cache state: 19 prompts, 277.415 MiB (limits: 8192.000 MiB, 4096 tokens, 65526 est)
srv        update:    - prompt 0xf0ecd0:     106 tokens, checkpoints:  0,    13.252 MiB
srv        update:    - prompt 0x4397eb0:     107 tokens, checkpoints:  0,    13.377 MiB
srv        update:    - prompt 0x439da00:     106 tokens, checkpoints:  0,    13.252 MiB
srv        update:    - prompt 0x3219be0:     107 tokens, checkpoints:  0,    13.377 MiB
srv        update:    - prompt 0x321c6f0:     105 tokens, checkpoints:  0,    13.127 MiB
srv        update:    - prompt 0x43990c0:     110 tokens, checkpoints:  0,    13.752 MiB
srv        update:    - prompt 0x1019e50:     116 tokens, checkpoints:  0,    14.502 MiB
srv        update:    - prompt 0x118e380:     109 tokens, checkpoints:  0,    13.627 MiB
srv        update:    - prompt 0x3219110:     113 tokens, checkpoints:  0,    14.127 MiB
srv        update:    - prompt 0x321e0f0:     108 tokens, checkpoints:  0,    13.502 MiB
srv        update:    - prompt 0x4398870:     108 tokens, checkpoints:  0,    13.502 MiB
srv        update:    - prompt 0xfdafe0:     108 tokens, checkpoints:  0,    13.502 MiB
srv        update:    - prompt 0xee3170:     111 tokens, checkpoints:  0,    13.877 MiB
srv        update:    - prompt 0x11f3590:     119 tokens, checkpoints:  0,    14.877 MiB
srv        update:    - prompt 0x3222110:     123 tokens, checkpoints:  0,    15.377 MiB
srv        update:    - prompt 0x32222d0:     165 tokens, checkpoints:  0,    20.628 MiB
srv        update:    - prompt 0x439c6b0:     131 tokens, checkpoints:  0,    16.377 MiB
srv        update:    - prompt 0x11f26a0:     135 tokens, checkpoints:  0,    16.877 MiB
srv        update:    - prompt 0x4398f70:     132 tokens, checkpoints:  0,    16.502 MiB
srv  get_availabl: prompt cache update took 0.09 ms
slot launch_slot_: id  2 | task -1 | sampler chain: logits -> ?penalties -> ?dry -> ?top-n-sigma -> top-k -> ?typical -> top-p -> min-p -> ?xtc -> temp-ext -> dist 
slot launch_slot_: id  2 | task 2020 | processing task, is_child = 0
slot slot_save_an: id  3 | task -1 | saving idle slot to prompt cache
srv   prompt_save:  - saving prompt with length 146, total state size = 18.252 MiB
slot prompt_clear: id  3 | task -1 | clearing prompt with 146 tokens
srv        update:  - cache state: 20 prompts, 295.667 MiB (limits: 8192.000 MiB, 4096 tokens, 65526 est)
srv        update:    - prompt 0xf0ecd0:     106 tokens, checkpoints:  0,    13.252 MiB
srv        update:    - prompt 0x4397eb0:     107 tokens, checkpoints:  0,    13.377 MiB
srv        update:    - prompt 0x439da00:     106 tokens, checkpoints:  0,    13.252 MiB
srv        update:    - prompt 0x3219be0:     107 tokens, checkpoints:  0,    13.377 MiB
srv        update:    - prompt 0x321c6f0:     105 tokens, checkpoints:  0,    13.127 MiB
srv        update:    - prompt 0x43990c0:     110 tokens, checkpoints:  0,    13.752 MiB
srv        update:    - prompt 0x1019e50:     116 tokens, checkpoints:  0,    14.502 MiB
srv        update:    - prompt 0x118e380:     109 tokens, checkpoints:  0,    13.627 MiB
srv        update:    - prompt 0x3219110:     113 tokens, checkpoints:  0,    14.127 MiB
srv        update:    - prompt 0x321e0f0:     108 tokens, checkpoints:  0,    13.502 MiB
srv        update:    - prompt 0x4398870:     108 tokens, checkpoints:  0,    13.502 MiB
srv        update:    - prompt 0xfdafe0:     108 tokens, checkpoints:  0,    13.502 MiB
srv        update:    - prompt 0xee3170:     111 tokens, checkpoints:  0,    13.877 MiB
srv        update:    - prompt 0x11f3590:     119 tokens, checkpoints:  0,    14.877 MiB
srv        update:    - prompt 0x3222110:     123 tokens, checkpoints:  0,    15.377 MiB
srv        update:    - prompt 0x32222d0:     165 tokens, checkpoints:  0,    20.628 MiB
srv        update:    - prompt 0x439c6b0:     131 tokens, checkpoints:  0,    16.377 MiB
srv        update:    - prompt 0x11f26a0:     135 tokens, checkpoints:  0,    16.877 MiB
srv        update:    - prompt 0x4398f70:     132 tokens, checkpoints:  0,    16.502 MiB
srv        update:    - prompt 0x4395330:     146 tokens, checkpoints:  0,    18.252 MiB
slot update_slots: id  2 | task 2020 | new prompt, n_ctx_slot = 4096, n_keep = 0, task.n_tokens = 31
slot update_slots: id  2 | task 2020 | n_tokens = 0, memory_seq_rm [0, end)
slot init_sampler: id  2 | task 2020 | init sampler, took 0.02 ms, tokens: text = 31, total = 31
slot update_slots: id  2 | task 2020 | prompt processing done, n_tokens = 31, batch.n_tokens = 31
srv  log_server_r: done request: POST /completion 127.0.0.1 200
slot print_timing: id  2 | task 2020 | 
prompt eval time =   17440.21 ms /    31 tokens (  562.59 ms per token,     1.78 tokens per second)
       eval time =   64277.57 ms /   100 tokens (  642.78 ms per token,     1.56 tokens per second)
      total time =   81717.78 ms /   131 tokens
slot      release: id  2 | task 2020 | stop processing: n_tokens = 130, truncated = 0
srv  update_slots: all slots are idle
slot get_availabl: id  1 | task -1 | selected slot by LRU, t_last = 267218428458
srv  get_availabl: updating prompt cache
srv          load:  - looking for better prompt, base f_keep = -1.000, sim = 0.000
srv        update:  - cache state: 20 prompts, 295.667 MiB (limits: 8192.000 MiB, 4096 tokens, 65526 est)
srv        update:    - prompt 0xf0ecd0:     106 tokens, checkpoints:  0,    13.252 MiB
srv        update:    - prompt 0x4397eb0:     107 tokens, checkpoints:  0,    13.377 MiB
srv        update:    - prompt 0x439da00:     106 tokens, checkpoints:  0,    13.252 MiB
srv        update:    - prompt 0x3219be0:     107 tokens, checkpoints:  0,    13.377 MiB
srv        update:    - prompt 0x321c6f0:     105 tokens, checkpoints:  0,    13.127 MiB
srv        update:    - prompt 0x43990c0:     110 tokens, checkpoints:  0,    13.752 MiB
srv        update:    - prompt 0x1019e50:     116 tokens, checkpoints:  0,    14.502 MiB
srv        update:    - prompt 0x118e380:     109 tokens, checkpoints:  0,    13.627 MiB
srv        update:    - prompt 0x3219110:     113 tokens, checkpoints:  0,    14.127 MiB
srv        update:    - prompt 0x321e0f0:     108 tokens, checkpoints:  0,    13.502 MiB
srv        update:    - prompt 0x4398870:     108 tokens, checkpoints:  0,    13.502 MiB
srv        update:    - prompt 0xfdafe0:     108 tokens, checkpoints:  0,    13.502 MiB
srv        update:    - prompt 0xee3170:     111 tokens, checkpoints:  0,    13.877 MiB
srv        update:    - prompt 0x11f3590:     119 tokens, checkpoints:  0,    14.877 MiB
srv        update:    - prompt 0x3222110:     123 tokens, checkpoints:  0,    15.377 MiB
srv        update:    - prompt 0x32222d0:     165 tokens, checkpoints:  0,    20.628 MiB
srv        update:    - prompt 0x439c6b0:     131 tokens, checkpoints:  0,    16.377 MiB
srv        update:    - prompt 0x11f26a0:     135 tokens, checkpoints:  0,    16.877 MiB
srv        update:    - prompt 0x4398f70:     132 tokens, checkpoints:  0,    16.502 MiB
srv        update:    - prompt 0x4395330:     146 tokens, checkpoints:  0,    18.252 MiB
srv  get_availabl: prompt cache update took 0.10 ms
slot launch_slot_: id  1 | task -1 | sampler chain: logits -> ?penalties -> ?dry -> ?top-n-sigma -> top-k -> ?typical -> top-p -> min-p -> ?xtc -> temp-ext -> dist 
slot launch_slot_: id  1 | task 2121 | processing task, is_child = 0
slot slot_save_an: id  2 | task -1 | saving idle slot to prompt cache
srv   prompt_save:  - saving prompt with length 130, total state size = 16.252 MiB
slot prompt_clear: id  2 | task -1 | clearing prompt with 130 tokens
srv        update:  - cache state: 21 prompts, 311.919 MiB (limits: 8192.000 MiB, 4096 tokens, 65526 est)
srv        update:    - prompt 0xf0ecd0:     106 tokens, checkpoints:  0,    13.252 MiB
srv        update:    - prompt 0x4397eb0:     107 tokens, checkpoints:  0,    13.377 MiB
srv        update:    - prompt 0x439da00:     106 tokens, checkpoints:  0,    13.252 MiB
srv        update:    - prompt 0x3219be0:     107 tokens, checkpoints:  0,    13.377 MiB
srv        update:    - prompt 0x321c6f0:     105 tokens, checkpoints:  0,    13.127 MiB
srv        update:    - prompt 0x43990c0:     110 tokens, checkpoints:  0,    13.752 MiB
srv        update:    - prompt 0x1019e50:     116 tokens, checkpoints:  0,    14.502 MiB
srv        update:    - prompt 0x118e380:     109 tokens, checkpoints:  0,    13.627 MiB
srv        update:    - prompt 0x3219110:     113 tokens, checkpoints:  0,    14.127 MiB
srv        update:    - prompt 0x321e0f0:     108 tokens, checkpoints:  0,    13.502 MiB
srv        update:    - prompt 0x4398870:     108 tokens, checkpoints:  0,    13.502 MiB
srv        update:    - prompt 0xfdafe0:     108 tokens, checkpoints:  0,    13.502 MiB
srv        update:    - prompt 0xee3170:     111 tokens, checkpoints:  0,    13.877 MiB
srv        update:    - prompt 0x11f3590:     119 tokens, checkpoints:  0,    14.877 MiB
srv        update:    - prompt 0x3222110:     123 tokens, checkpoints:  0,    15.377 MiB
srv        update:    - prompt 0x32222d0:     165 tokens, checkpoints:  0,    20.628 MiB
srv        update:    - prompt 0x439c6b0:     131 tokens, checkpoints:  0,    16.377 MiB
srv        update:    - prompt 0x11f26a0:     135 tokens, checkpoints:  0,    16.877 MiB
srv        update:    - prompt 0x4398f70:     132 tokens, checkpoints:  0,    16.502 MiB
srv        update:    - prompt 0x4395330:     146 tokens, checkpoints:  0,    18.252 MiB
srv        update:    - prompt 0x118de20:     130 tokens, checkpoints:  0,    16.252 MiB
slot update_slots: id  1 | task 2121 | new prompt, n_ctx_slot = 4096, n_keep = 0, task.n_tokens = 37
slot update_slots: id  1 | task 2121 | n_tokens = 0, memory_seq_rm [0, end)
slot init_sampler: id  1 | task 2121 | init sampler, took 0.02 ms, tokens: text = 37, total = 37
slot update_slots: id  1 | task 2121 | prompt processing done, n_tokens = 37, batch.n_tokens = 37
srv  log_server_r: done request: POST /completion 127.0.0.1 200
slot print_timing: id  1 | task 2121 | 
prompt eval time =   20818.95 ms /    37 tokens (  562.67 ms per token,     1.78 tokens per second)
       eval time =   64359.12 ms /   100 tokens (  643.59 ms per token,     1.55 tokens per second)
      total time =   85178.08 ms /   137 tokens
slot      release: id  1 | task 2121 | stop processing: n_tokens = 136, truncated = 0
srv  update_slots: all slots are idle
slot get_availabl: id  0 | task -1 | selected slot by LRU, t_last = 267301893092
srv  get_availabl: updating prompt cache
srv          load:  - looking for better prompt, base f_keep = -1.000, sim = 0.000
srv        update:  - cache state: 21 prompts, 311.919 MiB (limits: 8192.000 MiB, 4096 tokens, 65526 est)
srv        update:    - prompt 0xf0ecd0:     106 tokens, checkpoints:  0,    13.252 MiB
srv        update:    - prompt 0x4397eb0:     107 tokens, checkpoints:  0,    13.377 MiB
srv        update:    - prompt 0x439da00:     106 tokens, checkpoints:  0,    13.252 MiB
srv        update:    - prompt 0x3219be0:     107 tokens, checkpoints:  0,    13.377 MiB
srv        update:    - prompt 0x321c6f0:     105 tokens, checkpoints:  0,    13.127 MiB
srv        update:    - prompt 0x43990c0:     110 tokens, checkpoints:  0,    13.752 MiB
srv        update:    - prompt 0x1019e50:     116 tokens, checkpoints:  0,    14.502 MiB
srv        update:    - prompt 0x118e380:     109 tokens, checkpoints:  0,    13.627 MiB
srv        update:    - prompt 0x3219110:     113 tokens, checkpoints:  0,    14.127 MiB
srv        update:    - prompt 0x321e0f0:     108 tokens, checkpoints:  0,    13.502 MiB
srv        update:    - prompt 0x4398870:     108 tokens, checkpoints:  0,    13.502 MiB
srv        update:    - prompt 0xfdafe0:     108 tokens, checkpoints:  0,    13.502 MiB
srv        update:    - prompt 0xee3170:     111 tokens, checkpoints:  0,    13.877 MiB
srv        update:    - prompt 0x11f3590:     119 tokens, checkpoints:  0,    14.877 MiB
srv        update:    - prompt 0x3222110:     123 tokens, checkpoints:  0,    15.377 MiB
srv        update:    - prompt 0x32222d0:     165 tokens, checkpoints:  0,    20.628 MiB
srv        update:    - prompt 0x439c6b0:     131 tokens, checkpoints:  0,    16.377 MiB
srv        update:    - prompt 0x11f26a0:     135 tokens, checkpoints:  0,    16.877 MiB
srv        update:    - prompt 0x4398f70:     132 tokens, checkpoints:  0,    16.502 MiB
srv        update:    - prompt 0x4395330:     146 tokens, checkpoints:  0,    18.252 MiB
srv        update:    - prompt 0x118de20:     130 tokens, checkpoints:  0,    16.252 MiB
srv  get_availabl: prompt cache update took 0.10 ms
slot launch_slot_: id  0 | task -1 | sampler chain: logits -> ?penalties -> ?dry -> ?top-n-sigma -> top-k -> ?typical -> top-p -> min-p -> ?xtc -> temp-ext -> dist 
slot launch_slot_: id  0 | task 2222 | processing task, is_child = 0
slot slot_save_an: id  1 | task -1 | saving idle slot to prompt cache
srv   prompt_save:  - saving prompt with length 136, total state size = 17.002 MiB
slot prompt_clear: id  1 | task -1 | clearing prompt with 136 tokens
srv        update:  - cache state: 22 prompts, 328.922 MiB (limits: 8192.000 MiB, 4096 tokens, 65526 est)
srv        update:    - prompt 0xf0ecd0:     106 tokens, checkpoints:  0,    13.252 MiB
srv        update:    - prompt 0x4397eb0:     107 tokens, checkpoints:  0,    13.377 MiB
srv        update:    - prompt 0x439da00:     106 tokens, checkpoints:  0,    13.252 MiB
srv        update:    - prompt 0x3219be0:     107 tokens, checkpoints:  0,    13.377 MiB
srv        update:    - prompt 0x321c6f0:     105 tokens, checkpoints:  0,    13.127 MiB
srv        update:    - prompt 0x43990c0:     110 tokens, checkpoints:  0,    13.752 MiB
srv        update:    - prompt 0x1019e50:     116 tokens, checkpoints:  0,    14.502 MiB
srv        update:    - prompt 0x118e380:     109 tokens, checkpoints:  0,    13.627 MiB
srv        update:    - prompt 0x3219110:     113 tokens, checkpoints:  0,    14.127 MiB
srv        update:    - prompt 0x321e0f0:     108 tokens, checkpoints:  0,    13.502 MiB
srv        update:    - prompt 0x4398870:     108 tokens, checkpoints:  0,    13.502 MiB
srv        update:    - prompt 0xfdafe0:     108 tokens, checkpoints:  0,    13.502 MiB
srv        update:    - prompt 0xee3170:     111 tokens, checkpoints:  0,    13.877 MiB
srv        update:    - prompt 0x11f3590:     119 tokens, checkpoints:  0,    14.877 MiB
srv        update:    - prompt 0x3222110:     123 tokens, checkpoints:  0,    15.377 MiB
srv        update:    - prompt 0x32222d0:     165 tokens, checkpoints:  0,    20.628 MiB
srv        update:    - prompt 0x439c6b0:     131 tokens, checkpoints:  0,    16.377 MiB
srv        update:    - prompt 0x11f26a0:     135 tokens, checkpoints:  0,    16.877 MiB
srv        update:    - prompt 0x4398f70:     132 tokens, checkpoints:  0,    16.502 MiB
srv        update:    - prompt 0x4395330:     146 tokens, checkpoints:  0,    18.252 MiB
srv        update:    - prompt 0x118de20:     130 tokens, checkpoints:  0,    16.252 MiB
srv        update:    - prompt 0x32191b0:     136 tokens, checkpoints:  0,    17.002 MiB
slot update_slots: id  0 | task 2222 | new prompt, n_ctx_slot = 4096, n_keep = 0, task.n_tokens = 37
slot update_slots: id  0 | task 2222 | n_tokens = 0, memory_seq_rm [0, end)
slot init_sampler: id  0 | task 2222 | init sampler, took 0.02 ms, tokens: text = 37, total = 37
slot update_slots: id  0 | task 2222 | prompt processing done, n_tokens = 37, batch.n_tokens = 37
srv  log_server_r: done request: POST /completion 127.0.0.1 200
slot print_timing: id  0 | task 2222 | 
prompt eval time =   20819.40 ms /    37 tokens (  562.69 ms per token,     1.78 tokens per second)
       eval time =   64364.86 ms /   100 tokens (  643.65 ms per token,     1.55 tokens per second)
      total time =   85184.26 ms /   137 tokens
slot      release: id  0 | task 2222 | stop processing: n_tokens = 136, truncated = 0
srv  update_slots: all slots are idle
slot get_availabl: id  3 | task -1 | selected slot by LRU, t_last = 267393317012
srv  get_availabl: updating prompt cache
srv          load:  - looking for better prompt, base f_keep = -1.000, sim = 0.000
srv        update:  - cache state: 22 prompts, 328.922 MiB (limits: 8192.000 MiB, 4096 tokens, 65526 est)
srv        update:    - prompt 0xf0ecd0:     106 tokens, checkpoints:  0,    13.252 MiB
srv        update:    - prompt 0x4397eb0:     107 tokens, checkpoints:  0,    13.377 MiB
srv        update:    - prompt 0x439da00:     106 tokens, checkpoints:  0,    13.252 MiB
srv        update:    - prompt 0x3219be0:     107 tokens, checkpoints:  0,    13.377 MiB
srv        update:    - prompt 0x321c6f0:     105 tokens, checkpoints:  0,    13.127 MiB
srv        update:    - prompt 0x43990c0:     110 tokens, checkpoints:  0,    13.752 MiB
srv        update:    - prompt 0x1019e50:     116 tokens, checkpoints:  0,    14.502 MiB
srv        update:    - prompt 0x118e380:     109 tokens, checkpoints:  0,    13.627 MiB
srv        update:    - prompt 0x3219110:     113 tokens, checkpoints:  0,    14.127 MiB
srv        update:    - prompt 0x321e0f0:     108 tokens, checkpoints:  0,    13.502 MiB
srv        update:    - prompt 0x4398870:     108 tokens, checkpoints:  0,    13.502 MiB
srv        update:    - prompt 0xfdafe0:     108 tokens, checkpoints:  0,    13.502 MiB
srv        update:    - prompt 0xee3170:     111 tokens, checkpoints:  0,    13.877 MiB
srv        update:    - prompt 0x11f3590:     119 tokens, checkpoints:  0,    14.877 MiB
srv        update:    - prompt 0x3222110:     123 tokens, checkpoints:  0,    15.377 MiB
srv        update:    - prompt 0x32222d0:     165 tokens, checkpoints:  0,    20.628 MiB
srv        update:    - prompt 0x439c6b0:     131 tokens, checkpoints:  0,    16.377 MiB
srv        update:    - prompt 0x11f26a0:     135 tokens, checkpoints:  0,    16.877 MiB
srv        update:    - prompt 0x4398f70:     132 tokens, checkpoints:  0,    16.502 MiB
srv        update:    - prompt 0x4395330:     146 tokens, checkpoints:  0,    18.252 MiB
srv        update:    - prompt 0x118de20:     130 tokens, checkpoints:  0,    16.252 MiB
srv        update:    - prompt 0x32191b0:     136 tokens, checkpoints:  0,    17.002 MiB
srv  get_availabl: prompt cache update took 0.12 ms
slot launch_slot_: id  3 | task -1 | sampler chain: logits -> ?penalties -> ?dry -> ?top-n-sigma -> top-k -> ?typical -> top-p -> min-p -> ?xtc -> temp-ext -> dist 
slot launch_slot_: id  3 | task 2323 | processing task, is_child = 0
slot slot_save_an: id  0 | task -1 | saving idle slot to prompt cache
srv   prompt_save:  - saving prompt with length 136, total state size = 17.002 MiB
slot prompt_clear: id  0 | task -1 | clearing prompt with 136 tokens
srv        update:  - cache state: 23 prompts, 345.924 MiB (limits: 8192.000 MiB, 4096 tokens, 65526 est)
srv        update:    - prompt 0xf0ecd0:     106 tokens, checkpoints:  0,    13.252 MiB
srv        update:    - prompt 0x4397eb0:     107 tokens, checkpoints:  0,    13.377 MiB
srv        update:    - prompt 0x439da00:     106 tokens, checkpoints:  0,    13.252 MiB
srv        update:    - prompt 0x3219be0:     107 tokens, checkpoints:  0,    13.377 MiB
srv        update:    - prompt 0x321c6f0:     105 tokens, checkpoints:  0,    13.127 MiB
srv        update:    - prompt 0x43990c0:     110 tokens, checkpoints:  0,    13.752 MiB
srv        update:    - prompt 0x1019e50:     116 tokens, checkpoints:  0,    14.502 MiB
srv        update:    - prompt 0x118e380:     109 tokens, checkpoints:  0,    13.627 MiB
srv        update:    - prompt 0x3219110:     113 tokens, checkpoints:  0,    14.127 MiB
srv        update:    - prompt 0x321e0f0:     108 tokens, checkpoints:  0,    13.502 MiB
srv        update:    - prompt 0x4398870:     108 tokens, checkpoints:  0,    13.502 MiB
srv        update:    - prompt 0xfdafe0:     108 tokens, checkpoints:  0,    13.502 MiB
srv        update:    - prompt 0xee3170:     111 tokens, checkpoints:  0,    13.877 MiB
srv        update:    - prompt 0x11f3590:     119 tokens, checkpoints:  0,    14.877 MiB
srv        update:    - prompt 0x3222110:     123 tokens, checkpoints:  0,    15.377 MiB
srv        update:    - prompt 0x32222d0:     165 tokens, checkpoints:  0,    20.628 MiB
srv        update:    - prompt 0x439c6b0:     131 tokens, checkpoints:  0,    16.377 MiB
srv        update:    - prompt 0x11f26a0:     135 tokens, checkpoints:  0,    16.877 MiB
srv        update:    - prompt 0x4398f70:     132 tokens, checkpoints:  0,    16.502 MiB
srv        update:    - prompt 0x4395330:     146 tokens, checkpoints:  0,    18.252 MiB
srv        update:    - prompt 0x118de20:     130 tokens, checkpoints:  0,    16.252 MiB
srv        update:    - prompt 0x32191b0:     136 tokens, checkpoints:  0,    17.002 MiB
srv        update:    - prompt 0x439c010:     136 tokens, checkpoints:  0,    17.002 MiB
slot update_slots: id  3 | task 2323 | new prompt, n_ctx_slot = 4096, n_keep = 0, task.n_tokens = 142
slot update_slots: id  3 | task 2323 | n_tokens = 0, memory_seq_rm [0, end)
slot init_sampler: id  3 | task 2323 | init sampler, took 0.07 ms, tokens: text = 142, total = 142
slot update_slots: id  3 | task 2323 | prompt processing done, n_tokens = 142, batch.n_tokens = 142
srv  log_server_r: done request: POST /completion 127.0.0.1 200
slot print_timing: id  3 | task 2323 | 
prompt eval time =   87050.58 ms /   142 tokens (  613.03 ms per token,     1.63 tokens per second)
       eval time =   65335.64 ms /   100 tokens (  653.36 ms per token,     1.53 tokens per second)
      total time =  152386.22 ms /   242 tokens
slot      release: id  3 | task 2323 | stop processing: n_tokens = 241, truncated = 0
srv  update_slots: all slots are idle
slot get_availabl: id  2 | task -1 | selected slot by LRU, t_last = 267475628890
srv  get_availabl: updating prompt cache
srv          load:  - looking for better prompt, base f_keep = -1.000, sim = 0.000
srv        update:  - cache state: 23 prompts, 345.924 MiB (limits: 8192.000 MiB, 4096 tokens, 65526 est)
srv        update:    - prompt 0xf0ecd0:     106 tokens, checkpoints:  0,    13.252 MiB
srv        update:    - prompt 0x4397eb0:     107 tokens, checkpoints:  0,    13.377 MiB
srv        update:    - prompt 0x439da00:     106 tokens, checkpoints:  0,    13.252 MiB
srv        update:    - prompt 0x3219be0:     107 tokens, checkpoints:  0,    13.377 MiB
srv        update:    - prompt 0x321c6f0:     105 tokens, checkpoints:  0,    13.127 MiB
srv        update:    - prompt 0x43990c0:     110 tokens, checkpoints:  0,    13.752 MiB
srv        update:    - prompt 0x1019e50:     116 tokens, checkpoints:  0,    14.502 MiB
srv        update:    - prompt 0x118e380:     109 tokens, checkpoints:  0,    13.627 MiB
srv        update:    - prompt 0x3219110:     113 tokens, checkpoints:  0,    14.127 MiB
srv        update:    - prompt 0x321e0f0:     108 tokens, checkpoints:  0,    13.502 MiB
srv        update:    - prompt 0x4398870:     108 tokens, checkpoints:  0,    13.502 MiB
srv        update:    - prompt 0xfdafe0:     108 tokens, checkpoints:  0,    13.502 MiB
srv        update:    - prompt 0xee3170:     111 tokens, checkpoints:  0,    13.877 MiB
srv        update:    - prompt 0x11f3590:     119 tokens, checkpoints:  0,    14.877 MiB
srv        update:    - prompt 0x3222110:     123 tokens, checkpoints:  0,    15.377 MiB
srv        update:    - prompt 0x32222d0:     165 tokens, checkpoints:  0,    20.628 MiB
srv        update:    - prompt 0x439c6b0:     131 tokens, checkpoints:  0,    16.377 MiB
srv        update:    - prompt 0x11f26a0:     135 tokens, checkpoints:  0,    16.877 MiB
srv        update:    - prompt 0x4398f70:     132 tokens, checkpoints:  0,    16.502 MiB
srv        update:    - prompt 0x4395330:     146 tokens, checkpoints:  0,    18.252 MiB
srv        update:    - prompt 0x118de20:     130 tokens, checkpoints:  0,    16.252 MiB
srv        update:    - prompt 0x32191b0:     136 tokens, checkpoints:  0,    17.002 MiB
srv        update:    - prompt 0x439c010:     136 tokens, checkpoints:  0,    17.002 MiB
srv  get_availabl: prompt cache update took 0.09 ms
slot launch_slot_: id  2 | task -1 | sampler chain: logits -> ?penalties -> ?dry -> ?top-n-sigma -> top-k -> ?typical -> top-p -> min-p -> ?xtc -> temp-ext -> dist 
slot launch_slot_: id  2 | task 2424 | processing task, is_child = 0
slot slot_save_an: id  3 | task -1 | saving idle slot to prompt cache
srv   prompt_save:  - saving prompt with length 241, total state size = 30.129 MiB
slot prompt_clear: id  3 | task -1 | clearing prompt with 241 tokens
srv        update:  - cache state: 24 prompts, 376.052 MiB (limits: 8192.000 MiB, 4096 tokens, 65526 est)
srv        update:    - prompt 0xf0ecd0:     106 tokens, checkpoints:  0,    13.252 MiB
srv        update:    - prompt 0x4397eb0:     107 tokens, checkpoints:  0,    13.377 MiB
srv        update:    - prompt 0x439da00:     106 tokens, checkpoints:  0,    13.252 MiB
srv        update:    - prompt 0x3219be0:     107 tokens, checkpoints:  0,    13.377 MiB
srv        update:    - prompt 0x321c6f0:     105 tokens, checkpoints:  0,    13.127 MiB
srv        update:    - prompt 0x43990c0:     110 tokens, checkpoints:  0,    13.752 MiB
srv        update:    - prompt 0x1019e50:     116 tokens, checkpoints:  0,    14.502 MiB
srv        update:    - prompt 0x118e380:     109 tokens, checkpoints:  0,    13.627 MiB
srv        update:    - prompt 0x3219110:     113 tokens, checkpoints:  0,    14.127 MiB
srv        update:    - prompt 0x321e0f0:     108 tokens, checkpoints:  0,    13.502 MiB
srv        update:    - prompt 0x4398870:     108 tokens, checkpoints:  0,    13.502 MiB
srv        update:    - prompt 0xfdafe0:     108 tokens, checkpoints:  0,    13.502 MiB
srv        update:    - prompt 0xee3170:     111 tokens, checkpoints:  0,    13.877 MiB
srv        update:    - prompt 0x11f3590:     119 tokens, checkpoints:  0,    14.877 MiB
srv        update:    - prompt 0x3222110:     123 tokens, checkpoints:  0,    15.377 MiB
srv        update:    - prompt 0x32222d0:     165 tokens, checkpoints:  0,    20.628 MiB
srv        update:    - prompt 0x439c6b0:     131 tokens, checkpoints:  0,    16.377 MiB
srv        update:    - prompt 0x11f26a0:     135 tokens, checkpoints:  0,    16.877 MiB
srv        update:    - prompt 0x4398f70:     132 tokens, checkpoints:  0,    16.502 MiB
srv        update:    - prompt 0x4395330:     146 tokens, checkpoints:  0,    18.252 MiB
srv        update:    - prompt 0x118de20:     130 tokens, checkpoints:  0,    16.252 MiB
srv        update:    - prompt 0x32191b0:     136 tokens, checkpoints:  0,    17.002 MiB
srv        update:    - prompt 0x439c010:     136 tokens, checkpoints:  0,    17.002 MiB
srv        update:    - prompt 0x439a8d0:     241 tokens, checkpoints:  0,    30.129 MiB
slot update_slots: id  2 | task 2424 | new prompt, n_ctx_slot = 4096, n_keep = 0, task.n_tokens = 226
slot update_slots: id  2 | task 2424 | n_tokens = 0, memory_seq_rm [0, end)
slot init_sampler: id  2 | task 2424 | init sampler, took 0.11 ms, tokens: text = 226, total = 226
slot update_slots: id  2 | task 2424 | prompt processing done, n_tokens = 226, batch.n_tokens = 226
srv  log_server_r: done request: POST /completion 127.0.0.1 200
slot print_timing: id  2 | task 2424 | 
prompt eval time =  139024.27 ms /   226 tokens (  615.15 ms per token,     1.63 tokens per second)
       eval time =   67436.36 ms /   100 tokens (  674.36 ms per token,     1.48 tokens per second)
      total time =  206460.62 ms /   326 tokens
slot      release: id  2 | task 2424 | stop processing: n_tokens = 325, truncated = 0
srv  update_slots: all slots are idle
slot get_availabl: id  1 | task -1 | selected slot by LRU, t_last = 267561389406
srv  get_availabl: updating prompt cache
srv          load:  - looking for better prompt, base f_keep = -1.000, sim = 0.000
srv        update:  - cache state: 24 prompts, 376.052 MiB (limits: 8192.000 MiB, 4096 tokens, 65526 est)
srv        update:    - prompt 0xf0ecd0:     106 tokens, checkpoints:  0,    13.252 MiB
srv        update:    - prompt 0x4397eb0:     107 tokens, checkpoints:  0,    13.377 MiB
srv        update:    - prompt 0x439da00:     106 tokens, checkpoints:  0,    13.252 MiB
srv        update:    - prompt 0x3219be0:     107 tokens, checkpoints:  0,    13.377 MiB
srv        update:    - prompt 0x321c6f0:     105 tokens, checkpoints:  0,    13.127 MiB
srv        update:    - prompt 0x43990c0:     110 tokens, checkpoints:  0,    13.752 MiB
srv        update:    - prompt 0x1019e50:     116 tokens, checkpoints:  0,    14.502 MiB
srv        update:    - prompt 0x118e380:     109 tokens, checkpoints:  0,    13.627 MiB
srv        update:    - prompt 0x3219110:     113 tokens, checkpoints:  0,    14.127 MiB
srv        update:    - prompt 0x321e0f0:     108 tokens, checkpoints:  0,    13.502 MiB
srv        update:    - prompt 0x4398870:     108 tokens, checkpoints:  0,    13.502 MiB
srv        update:    - prompt 0xfdafe0:     108 tokens, checkpoints:  0,    13.502 MiB
srv        update:    - prompt 0xee3170:     111 tokens, checkpoints:  0,    13.877 MiB
srv        update:    - prompt 0x11f3590:     119 tokens, checkpoints:  0,    14.877 MiB
srv        update:    - prompt 0x3222110:     123 tokens, checkpoints:  0,    15.377 MiB
srv        update:    - prompt 0x32222d0:     165 tokens, checkpoints:  0,    20.628 MiB
srv        update:    - prompt 0x439c6b0:     131 tokens, checkpoints:  0,    16.377 MiB
srv        update:    - prompt 0x11f26a0:     135 tokens, checkpoints:  0,    16.877 MiB
srv        update:    - prompt 0x4398f70:     132 tokens, checkpoints:  0,    16.502 MiB
srv        update:    - prompt 0x4395330:     146 tokens, checkpoints:  0,    18.252 MiB
srv        update:    - prompt 0x118de20:     130 tokens, checkpoints:  0,    16.252 MiB
srv        update:    - prompt 0x32191b0:     136 tokens, checkpoints:  0,    17.002 MiB
srv        update:    - prompt 0x439c010:     136 tokens, checkpoints:  0,    17.002 MiB
srv        update:    - prompt 0x439a8d0:     241 tokens, checkpoints:  0,    30.129 MiB
srv  get_availabl: prompt cache update took 0.10 ms
slot launch_slot_: id  1 | task -1 | sampler chain: logits -> ?penalties -> ?dry -> ?top-n-sigma -> top-k -> ?typical -> top-p -> min-p -> ?xtc -> temp-ext -> dist 
slot launch_slot_: id  1 | task 2525 | processing task, is_child = 0
slot slot_save_an: id  2 | task -1 | saving idle slot to prompt cache
srv   prompt_save:  - saving prompt with length 325, total state size = 40.629 MiB
slot prompt_clear: id  2 | task -1 | clearing prompt with 325 tokens
srv        update:  - cache state: 25 prompts, 416.682 MiB (limits: 8192.000 MiB, 4096 tokens, 65527 est)
srv        update:    - prompt 0xf0ecd0:     106 tokens, checkpoints:  0,    13.252 MiB
srv        update:    - prompt 0x4397eb0:     107 tokens, checkpoints:  0,    13.377 MiB
srv        update:    - prompt 0x439da00:     106 tokens, checkpoints:  0,    13.252 MiB
srv        update:    - prompt 0x3219be0:     107 tokens, checkpoints:  0,    13.377 MiB
srv        update:    - prompt 0x321c6f0:     105 tokens, checkpoints:  0,    13.127 MiB
srv        update:    - prompt 0x43990c0:     110 tokens, checkpoints:  0,    13.752 MiB
srv        update:    - prompt 0x1019e50:     116 tokens, checkpoints:  0,    14.502 MiB
srv        update:    - prompt 0x118e380:     109 tokens, checkpoints:  0,    13.627 MiB
srv        update:    - prompt 0x3219110:     113 tokens, checkpoints:  0,    14.127 MiB
srv        update:    - prompt 0x321e0f0:     108 tokens, checkpoints:  0,    13.502 MiB
srv        update:    - prompt 0x4398870:     108 tokens, checkpoints:  0,    13.502 MiB
srv        update:    - prompt 0xfdafe0:     108 tokens, checkpoints:  0,    13.502 MiB
srv        update:    - prompt 0xee3170:     111 tokens, checkpoints:  0,    13.877 MiB
srv        update:    - prompt 0x11f3590:     119 tokens, checkpoints:  0,    14.877 MiB
srv        update:    - prompt 0x3222110:     123 tokens, checkpoints:  0,    15.377 MiB
srv        update:    - prompt 0x32222d0:     165 tokens, checkpoints:  0,    20.628 MiB
srv        update:    - prompt 0x439c6b0:     131 tokens, checkpoints:  0,    16.377 MiB
srv        update:    - prompt 0x11f26a0:     135 tokens, checkpoints:  0,    16.877 MiB
srv        update:    - prompt 0x4398f70:     132 tokens, checkpoints:  0,    16.502 MiB
srv        update:    - prompt 0x4395330:     146 tokens, checkpoints:  0,    18.252 MiB
srv        update:    - prompt 0x118de20:     130 tokens, checkpoints:  0,    16.252 MiB
srv        update:    - prompt 0x32191b0:     136 tokens, checkpoints:  0,    17.002 MiB
srv        update:    - prompt 0x439c010:     136 tokens, checkpoints:  0,    17.002 MiB
srv        update:    - prompt 0x439a8d0:     241 tokens, checkpoints:  0,    30.129 MiB
srv        update:    - prompt 0x118e2a0:     325 tokens, checkpoints:  0,    40.629 MiB
slot update_slots: id  1 | task 2525 | new prompt, n_ctx_slot = 4096, n_keep = 0, task.n_tokens = 264
slot update_slots: id  1 | task 2525 | n_tokens = 0, memory_seq_rm [0, end)
slot init_sampler: id  1 | task 2525 | init sampler, took 0.14 ms, tokens: text = 264, total = 264
slot update_slots: id  1 | task 2525 | prompt processing done, n_tokens = 264, batch.n_tokens = 264
srv  log_server_r: done request: POST /completion 127.0.0.1 200
slot print_timing: id  1 | task 2525 | 
prompt eval time =  166701.11 ms /   264 tokens (  631.44 ms per token,     1.58 tokens per second)
       eval time =   68178.82 ms /   100 tokens (  681.79 ms per token,     1.47 tokens per second)
      total time =  234879.94 ms /   364 tokens
slot      release: id  1 | task 2525 | stop processing: n_tokens = 363, truncated = 0
srv  update_slots: all slots are idle
slot get_availabl: id  0 | task -1 | selected slot by LRU, t_last = 267647156630
srv  get_availabl: updating prompt cache
srv          load:  - looking for better prompt, base f_keep = -1.000, sim = 0.000
srv        update:  - cache state: 25 prompts, 416.682 MiB (limits: 8192.000 MiB, 4096 tokens, 65527 est)
srv        update:    - prompt 0xf0ecd0:     106 tokens, checkpoints:  0,    13.252 MiB
srv        update:    - prompt 0x4397eb0:     107 tokens, checkpoints:  0,    13.377 MiB
srv        update:    - prompt 0x439da00:     106 tokens, checkpoints:  0,    13.252 MiB
srv        update:    - prompt 0x3219be0:     107 tokens, checkpoints:  0,    13.377 MiB
srv        update:    - prompt 0x321c6f0:     105 tokens, checkpoints:  0,    13.127 MiB
srv        update:    - prompt 0x43990c0:     110 tokens, checkpoints:  0,    13.752 MiB
srv        update:    - prompt 0x1019e50:     116 tokens, checkpoints:  0,    14.502 MiB
srv        update:    - prompt 0x118e380:     109 tokens, checkpoints:  0,    13.627 MiB
srv        update:    - prompt 0x3219110:     113 tokens, checkpoints:  0,    14.127 MiB
srv        update:    - prompt 0x321e0f0:     108 tokens, checkpoints:  0,    13.502 MiB
srv        update:    - prompt 0x4398870:     108 tokens, checkpoints:  0,    13.502 MiB
srv        update:    - prompt 0xfdafe0:     108 tokens, checkpoints:  0,    13.502 MiB
srv        update:    - prompt 0xee3170:     111 tokens, checkpoints:  0,    13.877 MiB
srv        update:    - prompt 0x11f3590:     119 tokens, checkpoints:  0,    14.877 MiB
srv        update:    - prompt 0x3222110:     123 tokens, checkpoints:  0,    15.377 MiB
srv        update:    - prompt 0x32222d0:     165 tokens, checkpoints:  0,    20.628 MiB
srv        update:    - prompt 0x439c6b0:     131 tokens, checkpoints:  0,    16.377 MiB
srv        update:    - prompt 0x11f26a0:     135 tokens, checkpoints:  0,    16.877 MiB
srv        update:    - prompt 0x4398f70:     132 tokens, checkpoints:  0,    16.502 MiB
srv        update:    - prompt 0x4395330:     146 tokens, checkpoints:  0,    18.252 MiB
srv        update:    - prompt 0x118de20:     130 tokens, checkpoints:  0,    16.252 MiB
srv        update:    - prompt 0x32191b0:     136 tokens, checkpoints:  0,    17.002 MiB
srv        update:    - prompt 0x439c010:     136 tokens, checkpoints:  0,    17.002 MiB
srv        update:    - prompt 0x439a8d0:     241 tokens, checkpoints:  0,    30.129 MiB
srv        update:    - prompt 0x118e2a0:     325 tokens, checkpoints:  0,    40.629 MiB
srv  get_availabl: prompt cache update took 0.11 ms
slot launch_slot_: id  0 | task -1 | sampler chain: logits -> ?penalties -> ?dry -> ?top-n-sigma -> top-k -> ?typical -> top-p -> min-p -> ?xtc -> temp-ext -> dist 
slot launch_slot_: id  0 | task 2626 | processing task, is_child = 0
slot slot_save_an: id  1 | task -1 | saving idle slot to prompt cache
srv   prompt_save:  - saving prompt with length 363, total state size = 45.380 MiB
slot prompt_clear: id  1 | task -1 | clearing prompt with 363 tokens
srv        update:  - cache state: 26 prompts, 462.062 MiB (limits: 8192.000 MiB, 4096 tokens, 65527 est)
srv        update:    - prompt 0xf0ecd0:     106 tokens, checkpoints:  0,    13.252 MiB
srv        update:    - prompt 0x4397eb0:     107 tokens, checkpoints:  0,    13.377 MiB
srv        update:    - prompt 0x439da00:     106 tokens, checkpoints:  0,    13.252 MiB
srv        update:    - prompt 0x3219be0:     107 tokens, checkpoints:  0,    13.377 MiB
srv        update:    - prompt 0x321c6f0:     105 tokens, checkpoints:  0,    13.127 MiB
srv        update:    - prompt 0x43990c0:     110 tokens, checkpoints:  0,    13.752 MiB
srv        update:    - prompt 0x1019e50:     116 tokens, checkpoints:  0,    14.502 MiB
srv        update:    - prompt 0x118e380:     109 tokens, checkpoints:  0,    13.627 MiB
srv        update:    - prompt 0x3219110:     113 tokens, checkpoints:  0,    14.127 MiB
srv        update:    - prompt 0x321e0f0:     108 tokens, checkpoints:  0,    13.502 MiB
srv        update:    - prompt 0x4398870:     108 tokens, checkpoints:  0,    13.502 MiB
srv        update:    - prompt 0xfdafe0:     108 tokens, checkpoints:  0,    13.502 MiB
srv        update:    - prompt 0xee3170:     111 tokens, checkpoints:  0,    13.877 MiB
srv        update:    - prompt 0x11f3590:     119 tokens, checkpoints:  0,    14.877 MiB
srv        update:    - prompt 0x3222110:     123 tokens, checkpoints:  0,    15.377 MiB
srv        update:    - prompt 0x32222d0:     165 tokens, checkpoints:  0,    20.628 MiB
srv        update:    - prompt 0x439c6b0:     131 tokens, checkpoints:  0,    16.377 MiB
srv        update:    - prompt 0x11f26a0:     135 tokens, checkpoints:  0,    16.877 MiB
srv        update:    - prompt 0x4398f70:     132 tokens, checkpoints:  0,    16.502 MiB
srv        update:    - prompt 0x4395330:     146 tokens, checkpoints:  0,    18.252 MiB
srv        update:    - prompt 0x118de20:     130 tokens, checkpoints:  0,    16.252 MiB
srv        update:    - prompt 0x32191b0:     136 tokens, checkpoints:  0,    17.002 MiB
srv        update:    - prompt 0x439c010:     136 tokens, checkpoints:  0,    17.002 MiB
srv        update:    - prompt 0x439a8d0:     241 tokens, checkpoints:  0,    30.129 MiB
srv        update:    - prompt 0x118e2a0:     325 tokens, checkpoints:  0,    40.629 MiB
srv        update:    - prompt 0xfffdcc0062a0:     363 tokens, checkpoints:  0,    45.380 MiB
slot update_slots: id  0 | task 2626 | new prompt, n_ctx_slot = 4096, n_keep = 0, task.n_tokens = 326
slot update_slots: id  0 | task 2626 | n_tokens = 0, memory_seq_rm [0, end)
slot init_sampler: id  0 | task 2626 | init sampler, took 0.17 ms, tokens: text = 326, total = 326
slot update_slots: id  0 | task 2626 | prompt processing done, n_tokens = 326, batch.n_tokens = 326
srv  log_server_r: done request: POST /completion 127.0.0.1 200
slot print_timing: id  0 | task 2626 | 
prompt eval time =  208995.56 ms /   326 tokens (  641.09 ms per token,     1.56 tokens per second)
       eval time =   68194.99 ms /   100 tokens (  681.95 ms per token,     1.47 tokens per second)
      total time =  277190.54 ms /   426 tokens
slot      release: id  0 | task 2626 | stop processing: n_tokens = 425, truncated = 0
srv  update_slots: all slots are idle
slot get_availabl: id  3 | task -1 | selected slot by LRU, t_last = 267800127111
srv  get_availabl: updating prompt cache
srv          load:  - looking for better prompt, base f_keep = -1.000, sim = 0.000
srv        update:  - cache state: 26 prompts, 462.062 MiB (limits: 8192.000 MiB, 4096 tokens, 65527 est)
srv        update:    - prompt 0xf0ecd0:     106 tokens, checkpoints:  0,    13.252 MiB
srv        update:    - prompt 0x4397eb0:     107 tokens, checkpoints:  0,    13.377 MiB
srv        update:    - prompt 0x439da00:     106 tokens, checkpoints:  0,    13.252 MiB
srv        update:    - prompt 0x3219be0:     107 tokens, checkpoints:  0,    13.377 MiB
srv        update:    - prompt 0x321c6f0:     105 tokens, checkpoints:  0,    13.127 MiB
srv        update:    - prompt 0x43990c0:     110 tokens, checkpoints:  0,    13.752 MiB
srv        update:    - prompt 0x1019e50:     116 tokens, checkpoints:  0,    14.502 MiB
srv        update:    - prompt 0x118e380:     109 tokens, checkpoints:  0,    13.627 MiB
srv        update:    - prompt 0x3219110:     113 tokens, checkpoints:  0,    14.127 MiB
srv        update:    - prompt 0x321e0f0:     108 tokens, checkpoints:  0,    13.502 MiB
srv        update:    - prompt 0x4398870:     108 tokens, checkpoints:  0,    13.502 MiB
srv        update:    - prompt 0xfdafe0:     108 tokens, checkpoints:  0,    13.502 MiB
srv        update:    - prompt 0xee3170:     111 tokens, checkpoints:  0,    13.877 MiB
srv        update:    - prompt 0x11f3590:     119 tokens, checkpoints:  0,    14.877 MiB
srv        update:    - prompt 0x3222110:     123 tokens, checkpoints:  0,    15.377 MiB
srv        update:    - prompt 0x32222d0:     165 tokens, checkpoints:  0,    20.628 MiB
srv        update:    - prompt 0x439c6b0:     131 tokens, checkpoints:  0,    16.377 MiB
srv        update:    - prompt 0x11f26a0:     135 tokens, checkpoints:  0,    16.877 MiB
srv        update:    - prompt 0x4398f70:     132 tokens, checkpoints:  0,    16.502 MiB
srv        update:    - prompt 0x4395330:     146 tokens, checkpoints:  0,    18.252 MiB
srv        update:    - prompt 0x118de20:     130 tokens, checkpoints:  0,    16.252 MiB
srv        update:    - prompt 0x32191b0:     136 tokens, checkpoints:  0,    17.002 MiB
srv        update:    - prompt 0x439c010:     136 tokens, checkpoints:  0,    17.002 MiB
srv        update:    - prompt 0x439a8d0:     241 tokens, checkpoints:  0,    30.129 MiB
srv        update:    - prompt 0x118e2a0:     325 tokens, checkpoints:  0,    40.629 MiB
srv        update:    - prompt 0xfffdcc0062a0:     363 tokens, checkpoints:  0,    45.380 MiB
srv  get_availabl: prompt cache update took 0.11 ms
slot launch_slot_: id  3 | task -1 | sampler chain: logits -> ?penalties -> ?dry -> ?top-n-sigma -> top-k -> ?typical -> top-p -> min-p -> ?xtc -> temp-ext -> dist 
slot launch_slot_: id  3 | task 2727 | processing task, is_child = 0
slot slot_save_an: id  0 | task -1 | saving idle slot to prompt cache
srv   prompt_save:  - saving prompt with length 425, total state size = 53.131 MiB
slot prompt_clear: id  0 | task -1 | clearing prompt with 425 tokens
srv        update:  - cache state: 27 prompts, 515.192 MiB (limits: 8192.000 MiB, 4096 tokens, 65527 est)
srv        update:    - prompt 0xf0ecd0:     106 tokens, checkpoints:  0,    13.252 MiB
srv        update:    - prompt 0x4397eb0:     107 tokens, checkpoints:  0,    13.377 MiB
srv        update:    - prompt 0x439da00:     106 tokens, checkpoints:  0,    13.252 MiB
srv        update:    - prompt 0x3219be0:     107 tokens, checkpoints:  0,    13.377 MiB
srv        update:    - prompt 0x321c6f0:     105 tokens, checkpoints:  0,    13.127 MiB
srv        update:    - prompt 0x43990c0:     110 tokens, checkpoints:  0,    13.752 MiB
srv        update:    - prompt 0x1019e50:     116 tokens, checkpoints:  0,    14.502 MiB
srv        update:    - prompt 0x118e380:     109 tokens, checkpoints:  0,    13.627 MiB
srv        update:    - prompt 0x3219110:     113 tokens, checkpoints:  0,    14.127 MiB
srv        update:    - prompt 0x321e0f0:     108 tokens, checkpoints:  0,    13.502 MiB
srv        update:    - prompt 0x4398870:     108 tokens, checkpoints:  0,    13.502 MiB
srv        update:    - prompt 0xfdafe0:     108 tokens, checkpoints:  0,    13.502 MiB
srv        update:    - prompt 0xee3170:     111 tokens, checkpoints:  0,    13.877 MiB
srv        update:    - prompt 0x11f3590:     119 tokens, checkpoints:  0,    14.877 MiB
srv        update:    - prompt 0x3222110:     123 tokens, checkpoints:  0,    15.377 MiB
srv        update:    - prompt 0x32222d0:     165 tokens, checkpoints:  0,    20.628 MiB
srv        update:    - prompt 0x439c6b0:     131 tokens, checkpoints:  0,    16.377 MiB
srv        update:    - prompt 0x11f26a0:     135 tokens, checkpoints:  0,    16.877 MiB
srv        update:    - prompt 0x4398f70:     132 tokens, checkpoints:  0,    16.502 MiB
srv        update:    - prompt 0x4395330:     146 tokens, checkpoints:  0,    18.252 MiB
srv        update:    - prompt 0x118de20:     130 tokens, checkpoints:  0,    16.252 MiB
srv        update:    - prompt 0x32191b0:     136 tokens, checkpoints:  0,    17.002 MiB
srv        update:    - prompt 0x439c010:     136 tokens, checkpoints:  0,    17.002 MiB
srv        update:    - prompt 0x439a8d0:     241 tokens, checkpoints:  0,    30.129 MiB
srv        update:    - prompt 0x118e2a0:     325 tokens, checkpoints:  0,    40.629 MiB
srv        update:    - prompt 0xfffdcc0062a0:     363 tokens, checkpoints:  0,    45.380 MiB
srv        update:    - prompt 0xfffdd0004ad0:     425 tokens, checkpoints:  0,    53.131 MiB
slot update_slots: id  3 | task 2727 | new prompt, n_ctx_slot = 4096, n_keep = 0, task.n_tokens = 310
slot update_slots: id  3 | task 2727 | n_tokens = 0, memory_seq_rm [0, end)
slot init_sampler: id  3 | task 2727 | init sampler, took 0.15 ms, tokens: text = 310, total = 310
slot update_slots: id  3 | task 2727 | prompt processing done, n_tokens = 310, batch.n_tokens = 310
srv  log_server_r: done request: POST /completion 127.0.0.1 200
slot print_timing: id  3 | task 2727 | 
prompt eval time =  192396.46 ms /   310 tokens (  620.63 ms per token,     1.61 tokens per second)
       eval time =   68269.41 ms /   100 tokens (  682.69 ms per token,     1.46 tokens per second)
      total time =  260665.88 ms /   410 tokens
slot      release: id  3 | task 2727 | stop processing: n_tokens = 409, truncated = 0
srv  update_slots: all slots are idle
slot get_availabl: id  2 | task -1 | selected slot by LRU, t_last = 268007207869
srv  get_availabl: updating prompt cache
srv          load:  - looking for better prompt, base f_keep = -1.000, sim = 0.000
srv        update:  - cache state: 27 prompts, 515.192 MiB (limits: 8192.000 MiB, 4096 tokens, 65527 est)
srv        update:    - prompt 0xf0ecd0:     106 tokens, checkpoints:  0,    13.252 MiB
srv        update:    - prompt 0x4397eb0:     107 tokens, checkpoints:  0,    13.377 MiB
srv        update:    - prompt 0x439da00:     106 tokens, checkpoints:  0,    13.252 MiB
srv        update:    - prompt 0x3219be0:     107 tokens, checkpoints:  0,    13.377 MiB
srv        update:    - prompt 0x321c6f0:     105 tokens, checkpoints:  0,    13.127 MiB
srv        update:    - prompt 0x43990c0:     110 tokens, checkpoints:  0,    13.752 MiB
srv        update:    - prompt 0x1019e50:     116 tokens, checkpoints:  0,    14.502 MiB
srv        update:    - prompt 0x118e380:     109 tokens, checkpoints:  0,    13.627 MiB
srv        update:    - prompt 0x3219110:     113 tokens, checkpoints:  0,    14.127 MiB
srv        update:    - prompt 0x321e0f0:     108 tokens, checkpoints:  0,    13.502 MiB
srv        update:    - prompt 0x4398870:     108 tokens, checkpoints:  0,    13.502 MiB
srv        update:    - prompt 0xfdafe0:     108 tokens, checkpoints:  0,    13.502 MiB
srv        update:    - prompt 0xee3170:     111 tokens, checkpoints:  0,    13.877 MiB
srv        update:    - prompt 0x11f3590:     119 tokens, checkpoints:  0,    14.877 MiB
srv        update:    - prompt 0x3222110:     123 tokens, checkpoints:  0,    15.377 MiB
srv        update:    - prompt 0x32222d0:     165 tokens, checkpoints:  0,    20.628 MiB
srv        update:    - prompt 0x439c6b0:     131 tokens, checkpoints:  0,    16.377 MiB
srv        update:    - prompt 0x11f26a0:     135 tokens, checkpoints:  0,    16.877 MiB
srv        update:    - prompt 0x4398f70:     132 tokens, checkpoints:  0,    16.502 MiB
srv        update:    - prompt 0x4395330:     146 tokens, checkpoints:  0,    18.252 MiB
srv        update:    - prompt 0x118de20:     130 tokens, checkpoints:  0,    16.252 MiB
srv        update:    - prompt 0x32191b0:     136 tokens, checkpoints:  0,    17.002 MiB
srv        update:    - prompt 0x439c010:     136 tokens, checkpoints:  0,    17.002 MiB
srv        update:    - prompt 0x439a8d0:     241 tokens, checkpoints:  0,    30.129 MiB
srv        update:    - prompt 0x118e2a0:     325 tokens, checkpoints:  0,    40.629 MiB
srv        update:    - prompt 0xfffdcc0062a0:     363 tokens, checkpoints:  0,    45.380 MiB
srv        update:    - prompt 0xfffdd0004ad0:     425 tokens, checkpoints:  0,    53.131 MiB
srv  get_availabl: prompt cache update took 0.14 ms
slot launch_slot_: id  2 | task -1 | sampler chain: logits -> ?penalties -> ?dry -> ?top-n-sigma -> top-k -> ?typical -> top-p -> min-p -> ?xtc -> temp-ext -> dist 
slot launch_slot_: id  2 | task 2828 | processing task, is_child = 0
slot slot_save_an: id  3 | task -1 | saving idle slot to prompt cache
srv   prompt_save:  - saving prompt with length 409, total state size = 51.130 MiB
slot prompt_clear: id  3 | task -1 | clearing prompt with 409 tokens
srv        update:  - cache state: 28 prompts, 566.323 MiB (limits: 8192.000 MiB, 4096 tokens, 65527 est)
srv        update:    - prompt 0xf0ecd0:     106 tokens, checkpoints:  0,    13.252 MiB
srv        update:    - prompt 0x4397eb0:     107 tokens, checkpoints:  0,    13.377 MiB
srv        update:    - prompt 0x439da00:     106 tokens, checkpoints:  0,    13.252 MiB
srv        update:    - prompt 0x3219be0:     107 tokens, checkpoints:  0,    13.377 MiB
srv        update:    - prompt 0x321c6f0:     105 tokens, checkpoints:  0,    13.127 MiB
srv        update:    - prompt 0x43990c0:     110 tokens, checkpoints:  0,    13.752 MiB
srv        update:    - prompt 0x1019e50:     116 tokens, checkpoints:  0,    14.502 MiB
srv        update:    - prompt 0x118e380:     109 tokens, checkpoints:  0,    13.627 MiB
srv        update:    - prompt 0x3219110:     113 tokens, checkpoints:  0,    14.127 MiB
srv        update:    - prompt 0x321e0f0:     108 tokens, checkpoints:  0,    13.502 MiB
srv        update:    - prompt 0x4398870:     108 tokens, checkpoints:  0,    13.502 MiB
srv        update:    - prompt 0xfdafe0:     108 tokens, checkpoints:  0,    13.502 MiB
srv        update:    - prompt 0xee3170:     111 tokens, checkpoints:  0,    13.877 MiB
srv        update:    - prompt 0x11f3590:     119 tokens, checkpoints:  0,    14.877 MiB
srv        update:    - prompt 0x3222110:     123 tokens, checkpoints:  0,    15.377 MiB
srv        update:    - prompt 0x32222d0:     165 tokens, checkpoints:  0,    20.628 MiB
srv        update:    - prompt 0x439c6b0:     131 tokens, checkpoints:  0,    16.377 MiB
srv        update:    - prompt 0x11f26a0:     135 tokens, checkpoints:  0,    16.877 MiB
srv        update:    - prompt 0x4398f70:     132 tokens, checkpoints:  0,    16.502 MiB
srv        update:    - prompt 0x4395330:     146 tokens, checkpoints:  0,    18.252 MiB
srv        update:    - prompt 0x118de20:     130 tokens, checkpoints:  0,    16.252 MiB
srv        update:    - prompt 0x32191b0:     136 tokens, checkpoints:  0,    17.002 MiB
srv        update:    - prompt 0x439c010:     136 tokens, checkpoints:  0,    17.002 MiB
srv        update:    - prompt 0x439a8d0:     241 tokens, checkpoints:  0,    30.129 MiB
srv        update:    - prompt 0x118e2a0:     325 tokens, checkpoints:  0,    40.629 MiB
srv        update:    - prompt 0xfffdcc0062a0:     363 tokens, checkpoints:  0,    45.380 MiB
srv        update:    - prompt 0xfffdd0004ad0:     425 tokens, checkpoints:  0,    53.131 MiB
srv        update:    - prompt 0x3ac9130:     409 tokens, checkpoints:  0,    51.130 MiB
slot update_slots: id  2 | task 2828 | new prompt, n_ctx_slot = 4096, n_keep = 0, task.n_tokens = 313
slot update_slots: id  2 | task 2828 | n_tokens = 0, memory_seq_rm [0, end)
slot init_sampler: id  2 | task 2828 | init sampler, took 0.15 ms, tokens: text = 313, total = 313
slot update_slots: id  2 | task 2828 | prompt processing done, n_tokens = 313, batch.n_tokens = 313
srv  log_server_r: done request: POST /completion 127.0.0.1 200
slot print_timing: id  2 | task 2828 | 
prompt eval time =  194090.65 ms /   313 tokens (  620.10 ms per token,     1.61 tokens per second)
       eval time =   68250.44 ms /   100 tokens (  682.50 ms per token,     1.47 tokens per second)
      total time =  262341.09 ms /   413 tokens
slot      release: id  2 | task 2828 | stop processing: n_tokens = 412, truncated = 0
srv  update_slots: all slots are idle
slot get_availabl: id  1 | task -1 | selected slot by LRU, t_last = 268242683481
srv  get_availabl: updating prompt cache
srv          load:  - looking for better prompt, base f_keep = -1.000, sim = 0.000
srv        update:  - cache state: 28 prompts, 566.323 MiB (limits: 8192.000 MiB, 4096 tokens, 65527 est)
srv        update:    - prompt 0xf0ecd0:     106 tokens, checkpoints:  0,    13.252 MiB
srv        update:    - prompt 0x4397eb0:     107 tokens, checkpoints:  0,    13.377 MiB
srv        update:    - prompt 0x439da00:     106 tokens, checkpoints:  0,    13.252 MiB
srv        update:    - prompt 0x3219be0:     107 tokens, checkpoints:  0,    13.377 MiB
srv        update:    - prompt 0x321c6f0:     105 tokens, checkpoints:  0,    13.127 MiB
srv        update:    - prompt 0x43990c0:     110 tokens, checkpoints:  0,    13.752 MiB
srv        update:    - prompt 0x1019e50:     116 tokens, checkpoints:  0,    14.502 MiB
srv        update:    - prompt 0x118e380:     109 tokens, checkpoints:  0,    13.627 MiB
srv        update:    - prompt 0x3219110:     113 tokens, checkpoints:  0,    14.127 MiB
srv        update:    - prompt 0x321e0f0:     108 tokens, checkpoints:  0,    13.502 MiB
srv        update:    - prompt 0x4398870:     108 tokens, checkpoints:  0,    13.502 MiB
srv        update:    - prompt 0xfdafe0:     108 tokens, checkpoints:  0,    13.502 MiB
srv        update:    - prompt 0xee3170:     111 tokens, checkpoints:  0,    13.877 MiB
srv        update:    - prompt 0x11f3590:     119 tokens, checkpoints:  0,    14.877 MiB
srv        update:    - prompt 0x3222110:     123 tokens, checkpoints:  0,    15.377 MiB
srv        update:    - prompt 0x32222d0:     165 tokens, checkpoints:  0,    20.628 MiB
srv        update:    - prompt 0x439c6b0:     131 tokens, checkpoints:  0,    16.377 MiB
srv        update:    - prompt 0x11f26a0:     135 tokens, checkpoints:  0,    16.877 MiB
srv        update:    - prompt 0x4398f70:     132 tokens, checkpoints:  0,    16.502 MiB
srv        update:    - prompt 0x4395330:     146 tokens, checkpoints:  0,    18.252 MiB
srv        update:    - prompt 0x118de20:     130 tokens, checkpoints:  0,    16.252 MiB
srv        update:    - prompt 0x32191b0:     136 tokens, checkpoints:  0,    17.002 MiB
srv        update:    - prompt 0x439c010:     136 tokens, checkpoints:  0,    17.002 MiB
srv        update:    - prompt 0x439a8d0:     241 tokens, checkpoints:  0,    30.129 MiB
srv        update:    - prompt 0x118e2a0:     325 tokens, checkpoints:  0,    40.629 MiB
srv        update:    - prompt 0xfffdcc0062a0:     363 tokens, checkpoints:  0,    45.380 MiB
srv        update:    - prompt 0xfffdd0004ad0:     425 tokens, checkpoints:  0,    53.131 MiB
srv        update:    - prompt 0x3ac9130:     409 tokens, checkpoints:  0,    51.130 MiB
srv  get_availabl: prompt cache update took 0.12 ms
slot launch_slot_: id  1 | task -1 | sampler chain: logits -> ?penalties -> ?dry -> ?top-n-sigma -> top-k -> ?typical -> top-p -> min-p -> ?xtc -> temp-ext -> dist 
slot launch_slot_: id  1 | task 2929 | processing task, is_child = 0
slot slot_save_an: id  2 | task -1 | saving idle slot to prompt cache
srv   prompt_save:  - saving prompt with length 412, total state size = 51.505 MiB
slot prompt_clear: id  2 | task -1 | clearing prompt with 412 tokens
srv        update:  - cache state: 29 prompts, 617.828 MiB (limits: 8192.000 MiB, 4096 tokens, 65527 est)
srv        update:    - prompt 0xf0ecd0:     106 tokens, checkpoints:  0,    13.252 MiB
srv        update:    - prompt 0x4397eb0:     107 tokens, checkpoints:  0,    13.377 MiB
srv        update:    - prompt 0x439da00:     106 tokens, checkpoints:  0,    13.252 MiB
srv        update:    - prompt 0x3219be0:     107 tokens, checkpoints:  0,    13.377 MiB
srv        update:    - prompt 0x321c6f0:     105 tokens, checkpoints:  0,    13.127 MiB
srv        update:    - prompt 0x43990c0:     110 tokens, checkpoints:  0,    13.752 MiB
srv        update:    - prompt 0x1019e50:     116 tokens, checkpoints:  0,    14.502 MiB
srv        update:    - prompt 0x118e380:     109 tokens, checkpoints:  0,    13.627 MiB
srv        update:    - prompt 0x3219110:     113 tokens, checkpoints:  0,    14.127 MiB
srv        update:    - prompt 0x321e0f0:     108 tokens, checkpoints:  0,    13.502 MiB
srv        update:    - prompt 0x4398870:     108 tokens, checkpoints:  0,    13.502 MiB
srv        update:    - prompt 0xfdafe0:     108 tokens, checkpoints:  0,    13.502 MiB
srv        update:    - prompt 0xee3170:     111 tokens, checkpoints:  0,    13.877 MiB
srv        update:    - prompt 0x11f3590:     119 tokens, checkpoints:  0,    14.877 MiB
srv        update:    - prompt 0x3222110:     123 tokens, checkpoints:  0,    15.377 MiB
srv        update:    - prompt 0x32222d0:     165 tokens, checkpoints:  0,    20.628 MiB
srv        update:    - prompt 0x439c6b0:     131 tokens, checkpoints:  0,    16.377 MiB
srv        update:    - prompt 0x11f26a0:     135 tokens, checkpoints:  0,    16.877 MiB
srv        update:    - prompt 0x4398f70:     132 tokens, checkpoints:  0,    16.502 MiB
srv        update:    - prompt 0x4395330:     146 tokens, checkpoints:  0,    18.252 MiB
srv        update:    - prompt 0x118de20:     130 tokens, checkpoints:  0,    16.252 MiB
srv        update:    - prompt 0x32191b0:     136 tokens, checkpoints:  0,    17.002 MiB
srv        update:    - prompt 0x439c010:     136 tokens, checkpoints:  0,    17.002 MiB
srv        update:    - prompt 0x439a8d0:     241 tokens, checkpoints:  0,    30.129 MiB
srv        update:    - prompt 0x118e2a0:     325 tokens, checkpoints:  0,    40.629 MiB
srv        update:    - prompt 0xfffdcc0062a0:     363 tokens, checkpoints:  0,    45.380 MiB
srv        update:    - prompt 0xfffdd0004ad0:     425 tokens, checkpoints:  0,    53.131 MiB
srv        update:    - prompt 0x3ac9130:     409 tokens, checkpoints:  0,    51.130 MiB
srv        update:    - prompt 0x32284f0:     412 tokens, checkpoints:  0,    51.505 MiB
slot update_slots: id  1 | task 2929 | new prompt, n_ctx_slot = 4096, n_keep = 0, task.n_tokens = 319
slot update_slots: id  1 | task 2929 | n_tokens = 0, memory_seq_rm [0, end)
slot init_sampler: id  1 | task 2929 | init sampler, took 0.17 ms, tokens: text = 319, total = 319
slot update_slots: id  1 | task 2929 | prompt processing done, n_tokens = 319, batch.n_tokens = 319
srv  log_server_r: done request: POST /completion 127.0.0.1 200
slot print_timing: id  1 | task 2929 | 
prompt eval time =  197454.58 ms /   319 tokens (  618.98 ms per token,     1.62 tokens per second)
       eval time =   68176.36 ms /   100 tokens (  681.76 ms per token,     1.47 tokens per second)
      total time =  265630.94 ms /   419 tokens
slot      release: id  1 | task 2929 | stop processing: n_tokens = 418, truncated = 0
srv  update_slots: all slots are idle
slot get_availabl: id  0 | task -1 | selected slot by LRU, t_last = 268520465479
srv  get_availabl: updating prompt cache
srv          load:  - looking for better prompt, base f_keep = -1.000, sim = 0.000
srv        update:  - cache state: 29 prompts, 617.828 MiB (limits: 8192.000 MiB, 4096 tokens, 65527 est)
srv        update:    - prompt 0xf0ecd0:     106 tokens, checkpoints:  0,    13.252 MiB
srv        update:    - prompt 0x4397eb0:     107 tokens, checkpoints:  0,    13.377 MiB
srv        update:    - prompt 0x439da00:     106 tokens, checkpoints:  0,    13.252 MiB
srv        update:    - prompt 0x3219be0:     107 tokens, checkpoints:  0,    13.377 MiB
srv        update:    - prompt 0x321c6f0:     105 tokens, checkpoints:  0,    13.127 MiB
srv        update:    - prompt 0x43990c0:     110 tokens, checkpoints:  0,    13.752 MiB
srv        update:    - prompt 0x1019e50:     116 tokens, checkpoints:  0,    14.502 MiB
srv        update:    - prompt 0x118e380:     109 tokens, checkpoints:  0,    13.627 MiB
srv        update:    - prompt 0x3219110:     113 tokens, checkpoints:  0,    14.127 MiB
srv        update:    - prompt 0x321e0f0:     108 tokens, checkpoints:  0,    13.502 MiB
srv        update:    - prompt 0x4398870:     108 tokens, checkpoints:  0,    13.502 MiB
srv        update:    - prompt 0xfdafe0:     108 tokens, checkpoints:  0,    13.502 MiB
srv        update:    - prompt 0xee3170:     111 tokens, checkpoints:  0,    13.877 MiB
srv        update:    - prompt 0x11f3590:     119 tokens, checkpoints:  0,    14.877 MiB
srv        update:    - prompt 0x3222110:     123 tokens, checkpoints:  0,    15.377 MiB
srv        update:    - prompt 0x32222d0:     165 tokens, checkpoints:  0,    20.628 MiB
srv        update:    - prompt 0x439c6b0:     131 tokens, checkpoints:  0,    16.377 MiB
srv        update:    - prompt 0x11f26a0:     135 tokens, checkpoints:  0,    16.877 MiB
srv        update:    - prompt 0x4398f70:     132 tokens, checkpoints:  0,    16.502 MiB
srv        update:    - prompt 0x4395330:     146 tokens, checkpoints:  0,    18.252 MiB
srv        update:    - prompt 0x118de20:     130 tokens, checkpoints:  0,    16.252 MiB
srv        update:    - prompt 0x32191b0:     136 tokens, checkpoints:  0,    17.002 MiB
srv        update:    - prompt 0x439c010:     136 tokens, checkpoints:  0,    17.002 MiB
srv        update:    - prompt 0x439a8d0:     241 tokens, checkpoints:  0,    30.129 MiB
srv        update:    - prompt 0x118e2a0:     325 tokens, checkpoints:  0,    40.629 MiB
srv        update:    - prompt 0xfffdcc0062a0:     363 tokens, checkpoints:  0,    45.380 MiB
srv        update:    - prompt 0xfffdd0004ad0:     425 tokens, checkpoints:  0,    53.131 MiB
srv        update:    - prompt 0x3ac9130:     409 tokens, checkpoints:  0,    51.130 MiB
srv        update:    - prompt 0x32284f0:     412 tokens, checkpoints:  0,    51.505 MiB
srv  get_availabl: prompt cache update took 0.13 ms
slot launch_slot_: id  0 | task -1 | sampler chain: logits -> ?penalties -> ?dry -> ?top-n-sigma -> top-k -> ?typical -> top-p -> min-p -> ?xtc -> temp-ext -> dist 
slot launch_slot_: id  0 | task 3030 | processing task, is_child = 0
slot slot_save_an: id  1 | task -1 | saving idle slot to prompt cache
srv   prompt_save:  - saving prompt with length 418, total state size = 52.256 MiB
slot prompt_clear: id  1 | task -1 | clearing prompt with 418 tokens
srv        update:  - cache state: 30 prompts, 670.084 MiB (limits: 8192.000 MiB, 4096 tokens, 65527 est)
srv        update:    - prompt 0xf0ecd0:     106 tokens, checkpoints:  0,    13.252 MiB
srv        update:    - prompt 0x4397eb0:     107 tokens, checkpoints:  0,    13.377 MiB
srv        update:    - prompt 0x439da00:     106 tokens, checkpoints:  0,    13.252 MiB
srv        update:    - prompt 0x3219be0:     107 tokens, checkpoints:  0,    13.377 MiB
srv        update:    - prompt 0x321c6f0:     105 tokens, checkpoints:  0,    13.127 MiB
srv        update:    - prompt 0x43990c0:     110 tokens, checkpoints:  0,    13.752 MiB
srv        update:    - prompt 0x1019e50:     116 tokens, checkpoints:  0,    14.502 MiB
srv        update:    - prompt 0x118e380:     109 tokens, checkpoints:  0,    13.627 MiB
srv        update:    - prompt 0x3219110:     113 tokens, checkpoints:  0,    14.127 MiB
srv        update:    - prompt 0x321e0f0:     108 tokens, checkpoints:  0,    13.502 MiB
srv        update:    - prompt 0x4398870:     108 tokens, checkpoints:  0,    13.502 MiB
srv        update:    - prompt 0xfdafe0:     108 tokens, checkpoints:  0,    13.502 MiB
srv        update:    - prompt 0xee3170:     111 tokens, checkpoints:  0,    13.877 MiB
srv        update:    - prompt 0x11f3590:     119 tokens, checkpoints:  0,    14.877 MiB
srv        update:    - prompt 0x3222110:     123 tokens, checkpoints:  0,    15.377 MiB
srv        update:    - prompt 0x32222d0:     165 tokens, checkpoints:  0,    20.628 MiB
srv        update:    - prompt 0x439c6b0:     131 tokens, checkpoints:  0,    16.377 MiB
srv        update:    - prompt 0x11f26a0:     135 tokens, checkpoints:  0,    16.877 MiB
srv        update:    - prompt 0x4398f70:     132 tokens, checkpoints:  0,    16.502 MiB
srv        update:    - prompt 0x4395330:     146 tokens, checkpoints:  0,    18.252 MiB
srv        update:    - prompt 0x118de20:     130 tokens, checkpoints:  0,    16.252 MiB
srv        update:    - prompt 0x32191b0:     136 tokens, checkpoints:  0,    17.002 MiB
srv        update:    - prompt 0x439c010:     136 tokens, checkpoints:  0,    17.002 MiB
srv        update:    - prompt 0x439a8d0:     241 tokens, checkpoints:  0,    30.129 MiB
srv        update:    - prompt 0x118e2a0:     325 tokens, checkpoints:  0,    40.629 MiB
srv        update:    - prompt 0xfffdcc0062a0:     363 tokens, checkpoints:  0,    45.380 MiB
srv        update:    - prompt 0xfffdd0004ad0:     425 tokens, checkpoints:  0,    53.131 MiB
srv        update:    - prompt 0x3ac9130:     409 tokens, checkpoints:  0,    51.130 MiB
srv        update:    - prompt 0x32284f0:     412 tokens, checkpoints:  0,    51.505 MiB
srv        update:    - prompt 0x322ece0:     418 tokens, checkpoints:  0,    52.256 MiB
slot update_slots: id  0 | task 3030 | new prompt, n_ctx_slot = 4096, n_keep = 0, task.n_tokens = 316
slot update_slots: id  0 | task 3030 | n_tokens = 0, memory_seq_rm [0, end)
slot init_sampler: id  0 | task 3030 | init sampler, took 0.16 ms, tokens: text = 316, total = 316
slot update_slots: id  0 | task 3030 | prompt processing done, n_tokens = 316, batch.n_tokens = 316
srv  log_server_r: done request: POST /completion 127.0.0.1 200
slot print_timing: id  0 | task 3030 | 
prompt eval time =  195767.50 ms /   316 tokens (  619.52 ms per token,     1.61 tokens per second)
       eval time =   68298.27 ms /   100 tokens (  682.98 ms per token,     1.46 tokens per second)
      total time =  264065.77 ms /   416 tokens
slot      release: id  0 | task 3030 | stop processing: n_tokens = 415, truncated = 0
srv  update_slots: all slots are idle
slot get_availabl: id  3 | task -1 | selected slot by LRU, t_last = 268781756884
srv  get_availabl: updating prompt cache
srv          load:  - looking for better prompt, base f_keep = -1.000, sim = 0.000
srv        update:  - cache state: 30 prompts, 670.084 MiB (limits: 8192.000 MiB, 4096 tokens, 65527 est)
srv        update:    - prompt 0xf0ecd0:     106 tokens, checkpoints:  0,    13.252 MiB
srv        update:    - prompt 0x4397eb0:     107 tokens, checkpoints:  0,    13.377 MiB
srv        update:    - prompt 0x439da00:     106 tokens, checkpoints:  0,    13.252 MiB
srv        update:    - prompt 0x3219be0:     107 tokens, checkpoints:  0,    13.377 MiB
srv        update:    - prompt 0x321c6f0:     105 tokens, checkpoints:  0,    13.127 MiB
srv        update:    - prompt 0x43990c0:     110 tokens, checkpoints:  0,    13.752 MiB
srv        update:    - prompt 0x1019e50:     116 tokens, checkpoints:  0,    14.502 MiB
srv        update:    - prompt 0x118e380:     109 tokens, checkpoints:  0,    13.627 MiB
srv        update:    - prompt 0x3219110:     113 tokens, checkpoints:  0,    14.127 MiB
srv        update:    - prompt 0x321e0f0:     108 tokens, checkpoints:  0,    13.502 MiB
srv        update:    - prompt 0x4398870:     108 tokens, checkpoints:  0,    13.502 MiB
srv        update:    - prompt 0xfdafe0:     108 tokens, checkpoints:  0,    13.502 MiB
srv        update:    - prompt 0xee3170:     111 tokens, checkpoints:  0,    13.877 MiB
srv        update:    - prompt 0x11f3590:     119 tokens, checkpoints:  0,    14.877 MiB
srv        update:    - prompt 0x3222110:     123 tokens, checkpoints:  0,    15.377 MiB
srv        update:    - prompt 0x32222d0:     165 tokens, checkpoints:  0,    20.628 MiB
srv        update:    - prompt 0x439c6b0:     131 tokens, checkpoints:  0,    16.377 MiB
srv        update:    - prompt 0x11f26a0:     135 tokens, checkpoints:  0,    16.877 MiB
srv        update:    - prompt 0x4398f70:     132 tokens, checkpoints:  0,    16.502 MiB
srv        update:    - prompt 0x4395330:     146 tokens, checkpoints:  0,    18.252 MiB
srv        update:    - prompt 0x118de20:     130 tokens, checkpoints:  0,    16.252 MiB
srv        update:    - prompt 0x32191b0:     136 tokens, checkpoints:  0,    17.002 MiB
srv        update:    - prompt 0x439c010:     136 tokens, checkpoints:  0,    17.002 MiB
srv        update:    - prompt 0x439a8d0:     241 tokens, checkpoints:  0,    30.129 MiB
srv        update:    - prompt 0x118e2a0:     325 tokens, checkpoints:  0,    40.629 MiB
srv        update:    - prompt 0xfffdcc0062a0:     363 tokens, checkpoints:  0,    45.380 MiB
srv        update:    - prompt 0xfffdd0004ad0:     425 tokens, checkpoints:  0,    53.131 MiB
srv        update:    - prompt 0x3ac9130:     409 tokens, checkpoints:  0,    51.130 MiB
srv        update:    - prompt 0x32284f0:     412 tokens, checkpoints:  0,    51.505 MiB
srv        update:    - prompt 0x322ece0:     418 tokens, checkpoints:  0,    52.256 MiB
srv  get_availabl: prompt cache update took 0.14 ms
slot launch_slot_: id  3 | task -1 | sampler chain: logits -> ?penalties -> ?dry -> ?top-n-sigma -> top-k -> ?typical -> top-p -> min-p -> ?xtc -> temp-ext -> dist 
slot launch_slot_: id  3 | task 3131 | processing task, is_child = 0
slot slot_save_an: id  0 | task -1 | saving idle slot to prompt cache
srv   prompt_save:  - saving prompt with length 415, total state size = 51.880 MiB
slot prompt_clear: id  0 | task -1 | clearing prompt with 415 tokens
srv        update:  - cache state: 31 prompts, 721.964 MiB (limits: 8192.000 MiB, 4096 tokens, 65527 est)
srv        update:    - prompt 0xf0ecd0:     106 tokens, checkpoints:  0,    13.252 MiB
srv        update:    - prompt 0x4397eb0:     107 tokens, checkpoints:  0,    13.377 MiB
srv        update:    - prompt 0x439da00:     106 tokens, checkpoints:  0,    13.252 MiB
srv        update:    - prompt 0x3219be0:     107 tokens, checkpoints:  0,    13.377 MiB
srv        update:    - prompt 0x321c6f0:     105 tokens, checkpoints:  0,    13.127 MiB
srv        update:    - prompt 0x43990c0:     110 tokens, checkpoints:  0,    13.752 MiB
srv        update:    - prompt 0x1019e50:     116 tokens, checkpoints:  0,    14.502 MiB
srv        update:    - prompt 0x118e380:     109 tokens, checkpoints:  0,    13.627 MiB
srv        update:    - prompt 0x3219110:     113 tokens, checkpoints:  0,    14.127 MiB
srv        update:    - prompt 0x321e0f0:     108 tokens, checkpoints:  0,    13.502 MiB
srv        update:    - prompt 0x4398870:     108 tokens, checkpoints:  0,    13.502 MiB
srv        update:    - prompt 0xfdafe0:     108 tokens, checkpoints:  0,    13.502 MiB
srv        update:    - prompt 0xee3170:     111 tokens, checkpoints:  0,    13.877 MiB
srv        update:    - prompt 0x11f3590:     119 tokens, checkpoints:  0,    14.877 MiB
srv        update:    - prompt 0x3222110:     123 tokens, checkpoints:  0,    15.377 MiB
srv        update:    - prompt 0x32222d0:     165 tokens, checkpoints:  0,    20.628 MiB
srv        update:    - prompt 0x439c6b0:     131 tokens, checkpoints:  0,    16.377 MiB
srv        update:    - prompt 0x11f26a0:     135 tokens, checkpoints:  0,    16.877 MiB
srv        update:    - prompt 0x4398f70:     132 tokens, checkpoints:  0,    16.502 MiB
srv        update:    - prompt 0x4395330:     146 tokens, checkpoints:  0,    18.252 MiB
srv        update:    - prompt 0x118de20:     130 tokens, checkpoints:  0,    16.252 MiB
srv        update:    - prompt 0x32191b0:     136 tokens, checkpoints:  0,    17.002 MiB
srv        update:    - prompt 0x439c010:     136 tokens, checkpoints:  0,    17.002 MiB
srv        update:    - prompt 0x439a8d0:     241 tokens, checkpoints:  0,    30.129 MiB
srv        update:    - prompt 0x118e2a0:     325 tokens, checkpoints:  0,    40.629 MiB
srv        update:    - prompt 0xfffdcc0062a0:     363 tokens, checkpoints:  0,    45.380 MiB
srv        update:    - prompt 0xfffdd0004ad0:     425 tokens, checkpoints:  0,    53.131 MiB
srv        update:    - prompt 0x3ac9130:     409 tokens, checkpoints:  0,    51.130 MiB
srv        update:    - prompt 0x32284f0:     412 tokens, checkpoints:  0,    51.505 MiB
srv        update:    - prompt 0x322ece0:     418 tokens, checkpoints:  0,    52.256 MiB
srv        update:    - prompt 0x3ac8290:     415 tokens, checkpoints:  0,    51.880 MiB
slot update_slots: id  3 | task 3131 | new prompt, n_ctx_slot = 4096, n_keep = 0, task.n_tokens = 332
slot update_slots: id  3 | task 3131 | n_tokens = 0, memory_seq_rm [0, end)
slot init_sampler: id  3 | task 3131 | init sampler, took 0.18 ms, tokens: text = 332, total = 332
slot update_slots: id  3 | task 3131 | prompt processing done, n_tokens = 332, batch.n_tokens = 332
srv  log_server_r: done request: POST /completion 127.0.0.1 200
slot print_timing: id  3 | task 3131 | 
prompt eval time =  212626.87 ms /   332 tokens (  640.44 ms per token,     1.56 tokens per second)
       eval time =   68720.37 ms /   100 tokens (  687.20 ms per token,     1.46 tokens per second)
      total time =  281347.24 ms /   432 tokens
slot      release: id  3 | task 3131 | stop processing: n_tokens = 431, truncated = 0
srv  update_slots: all slots are idle
slot get_availabl: id  2 | task -1 | selected slot by LRU, t_last = 269044691358
srv  get_availabl: updating prompt cache
srv          load:  - looking for better prompt, base f_keep = -1.000, sim = 0.000
srv        update:  - cache state: 31 prompts, 721.964 MiB (limits: 8192.000 MiB, 4096 tokens, 65527 est)
srv        update:    - prompt 0xf0ecd0:     106 tokens, checkpoints:  0,    13.252 MiB
srv        update:    - prompt 0x4397eb0:     107 tokens, checkpoints:  0,    13.377 MiB
srv        update:    - prompt 0x439da00:     106 tokens, checkpoints:  0,    13.252 MiB
srv        update:    - prompt 0x3219be0:     107 tokens, checkpoints:  0,    13.377 MiB
srv        update:    - prompt 0x321c6f0:     105 tokens, checkpoints:  0,    13.127 MiB
srv        update:    - prompt 0x43990c0:     110 tokens, checkpoints:  0,    13.752 MiB
srv        update:    - prompt 0x1019e50:     116 tokens, checkpoints:  0,    14.502 MiB
srv        update:    - prompt 0x118e380:     109 tokens, checkpoints:  0,    13.627 MiB
srv        update:    - prompt 0x3219110:     113 tokens, checkpoints:  0,    14.127 MiB
srv        update:    - prompt 0x321e0f0:     108 tokens, checkpoints:  0,    13.502 MiB
srv        update:    - prompt 0x4398870:     108 tokens, checkpoints:  0,    13.502 MiB
srv        update:    - prompt 0xfdafe0:     108 tokens, checkpoints:  0,    13.502 MiB
srv        update:    - prompt 0xee3170:     111 tokens, checkpoints:  0,    13.877 MiB
srv        update:    - prompt 0x11f3590:     119 tokens, checkpoints:  0,    14.877 MiB
srv        update:    - prompt 0x3222110:     123 tokens, checkpoints:  0,    15.377 MiB
srv        update:    - prompt 0x32222d0:     165 tokens, checkpoints:  0,    20.628 MiB
srv        update:    - prompt 0x439c6b0:     131 tokens, checkpoints:  0,    16.377 MiB
srv        update:    - prompt 0x11f26a0:     135 tokens, checkpoints:  0,    16.877 MiB
srv        update:    - prompt 0x4398f70:     132 tokens, checkpoints:  0,    16.502 MiB
srv        update:    - prompt 0x4395330:     146 tokens, checkpoints:  0,    18.252 MiB
srv        update:    - prompt 0x118de20:     130 tokens, checkpoints:  0,    16.252 MiB
srv        update:    - prompt 0x32191b0:     136 tokens, checkpoints:  0,    17.002 MiB
srv        update:    - prompt 0x439c010:     136 tokens, checkpoints:  0,    17.002 MiB
srv        update:    - prompt 0x439a8d0:     241 tokens, checkpoints:  0,    30.129 MiB
srv        update:    - prompt 0x118e2a0:     325 tokens, checkpoints:  0,    40.629 MiB
srv        update:    - prompt 0xfffdcc0062a0:     363 tokens, checkpoints:  0,    45.380 MiB
srv        update:    - prompt 0xfffdd0004ad0:     425 tokens, checkpoints:  0,    53.131 MiB
srv        update:    - prompt 0x3ac9130:     409 tokens, checkpoints:  0,    51.130 MiB
srv        update:    - prompt 0x32284f0:     412 tokens, checkpoints:  0,    51.505 MiB
srv        update:    - prompt 0x322ece0:     418 tokens, checkpoints:  0,    52.256 MiB
srv        update:    - prompt 0x3ac8290:     415 tokens, checkpoints:  0,    51.880 MiB
srv  get_availabl: prompt cache update took 0.13 ms
slot launch_slot_: id  2 | task -1 | sampler chain: logits -> ?penalties -> ?dry -> ?top-n-sigma -> top-k -> ?typical -> top-p -> min-p -> ?xtc -> temp-ext -> dist 
slot launch_slot_: id  2 | task 3232 | processing task, is_child = 0
slot slot_save_an: id  3 | task -1 | saving idle slot to prompt cache
srv   prompt_save:  - saving prompt with length 431, total state size = 53.881 MiB
slot prompt_clear: id  3 | task -1 | clearing prompt with 431 tokens
srv        update:  - cache state: 32 prompts, 775.845 MiB (limits: 8192.000 MiB, 4096 tokens, 65527 est)
srv        update:    - prompt 0xf0ecd0:     106 tokens, checkpoints:  0,    13.252 MiB
srv        update:    - prompt 0x4397eb0:     107 tokens, checkpoints:  0,    13.377 MiB
srv        update:    - prompt 0x439da00:     106 tokens, checkpoints:  0,    13.252 MiB
srv        update:    - prompt 0x3219be0:     107 tokens, checkpoints:  0,    13.377 MiB
srv        update:    - prompt 0x321c6f0:     105 tokens, checkpoints:  0,    13.127 MiB
srv        update:    - prompt 0x43990c0:     110 tokens, checkpoints:  0,    13.752 MiB
srv        update:    - prompt 0x1019e50:     116 tokens, checkpoints:  0,    14.502 MiB
srv        update:    - prompt 0x118e380:     109 tokens, checkpoints:  0,    13.627 MiB
srv        update:    - prompt 0x3219110:     113 tokens, checkpoints:  0,    14.127 MiB
srv        update:    - prompt 0x321e0f0:     108 tokens, checkpoints:  0,    13.502 MiB
srv        update:    - prompt 0x4398870:     108 tokens, checkpoints:  0,    13.502 MiB
srv        update:    - prompt 0xfdafe0:     108 tokens, checkpoints:  0,    13.502 MiB
srv        update:    - prompt 0xee3170:     111 tokens, checkpoints:  0,    13.877 MiB
srv        update:    - prompt 0x11f3590:     119 tokens, checkpoints:  0,    14.877 MiB
srv        update:    - prompt 0x3222110:     123 tokens, checkpoints:  0,    15.377 MiB
srv        update:    - prompt 0x32222d0:     165 tokens, checkpoints:  0,    20.628 MiB
srv        update:    - prompt 0x439c6b0:     131 tokens, checkpoints:  0,    16.377 MiB
srv        update:    - prompt 0x11f26a0:     135 tokens, checkpoints:  0,    16.877 MiB
srv        update:    - prompt 0x4398f70:     132 tokens, checkpoints:  0,    16.502 MiB
srv        update:    - prompt 0x4395330:     146 tokens, checkpoints:  0,    18.252 MiB
srv        update:    - prompt 0x118de20:     130 tokens, checkpoints:  0,    16.252 MiB
srv        update:    - prompt 0x32191b0:     136 tokens, checkpoints:  0,    17.002 MiB
srv        update:    - prompt 0x439c010:     136 tokens, checkpoints:  0,    17.002 MiB
srv        update:    - prompt 0x439a8d0:     241 tokens, checkpoints:  0,    30.129 MiB
srv        update:    - prompt 0x118e2a0:     325 tokens, checkpoints:  0,    40.629 MiB
srv        update:    - prompt 0xfffdcc0062a0:     363 tokens, checkpoints:  0,    45.380 MiB
srv        update:    - prompt 0xfffdd0004ad0:     425 tokens, checkpoints:  0,    53.131 MiB
srv        update:    - prompt 0x3ac9130:     409 tokens, checkpoints:  0,    51.130 MiB
srv        update:    - prompt 0x32284f0:     412 tokens, checkpoints:  0,    51.505 MiB
srv        update:    - prompt 0x322ece0:     418 tokens, checkpoints:  0,    52.256 MiB
srv        update:    - prompt 0x3ac8290:     415 tokens, checkpoints:  0,    51.880 MiB
srv        update:    - prompt 0x3239c10:     431 tokens, checkpoints:  0,    53.881 MiB
slot update_slots: id  2 | task 3232 | new prompt, n_ctx_slot = 4096, n_keep = 0, task.n_tokens = 332
slot update_slots: id  2 | task 3232 | n_tokens = 0, memory_seq_rm [0, end)
slot init_sampler: id  2 | task 3232 | init sampler, took 0.16 ms, tokens: text = 332, total = 332
slot update_slots: id  2 | task 3232 | prompt processing done, n_tokens = 332, batch.n_tokens = 332
srv  log_server_r: done request: POST /completion 127.0.0.1 200
slot print_timing: id  2 | task 3232 | 
prompt eval time =  212335.34 ms /   332 tokens (  639.56 ms per token,     1.56 tokens per second)
       eval time =   68642.78 ms /   100 tokens (  686.43 ms per token,     1.46 tokens per second)
      total time =  280978.12 ms /   432 tokens
slot      release: id  2 | task 3232 | stop processing: n_tokens = 431, truncated = 0
srv  update_slots: all slots are idle
slot get_availabl: id  2 | task -1 | selected slot by LCP similarity, sim_best = 0.125 (> 0.100 thold), f_keep = 0.002
srv  get_availabl: updating prompt cache
srv   prompt_save:  - saving prompt with length 431, total state size = 53.881 MiB
srv          load:  - looking for better prompt, base f_keep = 0.002, sim = 0.125
srv        update:  - cache state: 33 prompts, 829.726 MiB (limits: 8192.000 MiB, 4096 tokens, 65528 est)
srv        update:    - prompt 0xf0ecd0:     106 tokens, checkpoints:  0,    13.252 MiB
srv        update:    - prompt 0x4397eb0:     107 tokens, checkpoints:  0,    13.377 MiB
srv        update:    - prompt 0x439da00:     106 tokens, checkpoints:  0,    13.252 MiB
srv        update:    - prompt 0x3219be0:     107 tokens, checkpoints:  0,    13.377 MiB
srv        update:    - prompt 0x321c6f0:     105 tokens, checkpoints:  0,    13.127 MiB
srv        update:    - prompt 0x43990c0:     110 tokens, checkpoints:  0,    13.752 MiB
srv        update:    - prompt 0x1019e50:     116 tokens, checkpoints:  0,    14.502 MiB
srv        update:    - prompt 0x118e380:     109 tokens, checkpoints:  0,    13.627 MiB
srv        update:    - prompt 0x3219110:     113 tokens, checkpoints:  0,    14.127 MiB
srv        update:    - prompt 0x321e0f0:     108 tokens, checkpoints:  0,    13.502 MiB
srv        update:    - prompt 0x4398870:     108 tokens, checkpoints:  0,    13.502 MiB
srv        update:    - prompt 0xfdafe0:     108 tokens, checkpoints:  0,    13.502 MiB
srv        update:    - prompt 0xee3170:     111 tokens, checkpoints:  0,    13.877 MiB
srv        update:    - prompt 0x11f3590:     119 tokens, checkpoints:  0,    14.877 MiB
srv        update:    - prompt 0x3222110:     123 tokens, checkpoints:  0,    15.377 MiB
srv        update:    - prompt 0x32222d0:     165 tokens, checkpoints:  0,    20.628 MiB
srv        update:    - prompt 0x439c6b0:     131 tokens, checkpoints:  0,    16.377 MiB
srv        update:    - prompt 0x11f26a0:     135 tokens, checkpoints:  0,    16.877 MiB
srv        update:    - prompt 0x4398f70:     132 tokens, checkpoints:  0,    16.502 MiB
srv        update:    - prompt 0x4395330:     146 tokens, checkpoints:  0,    18.252 MiB
srv        update:    - prompt 0x118de20:     130 tokens, checkpoints:  0,    16.252 MiB
srv        update:    - prompt 0x32191b0:     136 tokens, checkpoints:  0,    17.002 MiB
srv        update:    - prompt 0x439c010:     136 tokens, checkpoints:  0,    17.002 MiB
srv        update:    - prompt 0x439a8d0:     241 tokens, checkpoints:  0,    30.129 MiB
srv        update:    - prompt 0x118e2a0:     325 tokens, checkpoints:  0,    40.629 MiB
srv        update:    - prompt 0xfffdcc0062a0:     363 tokens, checkpoints:  0,    45.380 MiB
srv        update:    - prompt 0xfffdd0004ad0:     425 tokens, checkpoints:  0,    53.131 MiB
srv        update:    - prompt 0x3ac9130:     409 tokens, checkpoints:  0,    51.130 MiB
srv        update:    - prompt 0x32284f0:     412 tokens, checkpoints:  0,    51.505 MiB
srv        update:    - prompt 0x322ece0:     418 tokens, checkpoints:  0,    52.256 MiB
srv        update:    - prompt 0x3ac8290:     415 tokens, checkpoints:  0,    51.880 MiB
srv        update:    - prompt 0x3239c10:     431 tokens, checkpoints:  0,    53.881 MiB
srv        update:    - prompt 0xf0cf10:     431 tokens, checkpoints:  0,    53.881 MiB
srv  get_availabl: prompt cache update took 12.46 ms
slot launch_slot_: id  2 | task -1 | sampler chain: logits -> ?penalties -> ?dry -> ?top-n-sigma -> top-k -> ?typical -> top-p -> min-p -> ?xtc -> temp-ext -> dist 
slot launch_slot_: id  2 | task 3333 | processing task, is_child = 0
slot update_slots: id  2 | task 3333 | new prompt, n_ctx_slot = 4096, n_keep = 0, task.n_tokens = 8
slot update_slots: id  2 | task 3333 | n_tokens = 0, memory_seq_rm [0, end)
slot init_sampler: id  2 | task 3333 | init sampler, took 0.01 ms, tokens: text = 8, total = 8
slot update_slots: id  2 | task 3333 | prompt processing done, n_tokens = 8, batch.n_tokens = 8
srv  log_server_r: done request: POST /completion 127.0.0.1 200
slot print_timing: id  2 | task 3333 | 
prompt eval time =    4558.31 ms /     8 tokens (  569.79 ms per token,     1.76 tokens per second)
       eval time =   64014.33 ms /   100 tokens (  640.14 ms per token,     1.56 tokens per second)
      total time =   68572.65 ms /   108 tokens
slot      release: id  2 | task 3333 | stop processing: n_tokens = 107, truncated = 0
srv  update_slots: all slots are idle
slot get_availabl: id  2 | task -1 | selected slot by LCP similarity, sim_best = 0.167 (> 0.100 thold), f_keep = 0.009
srv  get_availabl: updating prompt cache
srv   prompt_save:  - saving prompt with length 107, total state size = 13.377 MiB
srv          load:  - looking for better prompt, base f_keep = 0.009, sim = 0.167
srv        update:  - cache state: 34 prompts, 843.103 MiB (limits: 8192.000 MiB, 4096 tokens, 65528 est)
srv        update:    - prompt 0xf0ecd0:     106 tokens, checkpoints:  0,    13.252 MiB
srv        update:    - prompt 0x4397eb0:     107 tokens, checkpoints:  0,    13.377 MiB
srv        update:    - prompt 0x439da00:     106 tokens, checkpoints:  0,    13.252 MiB
srv        update:    - prompt 0x3219be0:     107 tokens, checkpoints:  0,    13.377 MiB
srv        update:    - prompt 0x321c6f0:     105 tokens, checkpoints:  0,    13.127 MiB
srv        update:    - prompt 0x43990c0:     110 tokens, checkpoints:  0,    13.752 MiB
srv        update:    - prompt 0x1019e50:     116 tokens, checkpoints:  0,    14.502 MiB
srv        update:    - prompt 0x118e380:     109 tokens, checkpoints:  0,    13.627 MiB
srv        update:    - prompt 0x3219110:     113 tokens, checkpoints:  0,    14.127 MiB
srv        update:    - prompt 0x321e0f0:     108 tokens, checkpoints:  0,    13.502 MiB
srv        update:    - prompt 0x4398870:     108 tokens, checkpoints:  0,    13.502 MiB
srv        update:    - prompt 0xfdafe0:     108 tokens, checkpoints:  0,    13.502 MiB
srv        update:    - prompt 0xee3170:     111 tokens, checkpoints:  0,    13.877 MiB
srv        update:    - prompt 0x11f3590:     119 tokens, checkpoints:  0,    14.877 MiB
srv        update:    - prompt 0x3222110:     123 tokens, checkpoints:  0,    15.377 MiB
srv        update:    - prompt 0x32222d0:     165 tokens, checkpoints:  0,    20.628 MiB
srv        update:    - prompt 0x439c6b0:     131 tokens, checkpoints:  0,    16.377 MiB
srv        update:    - prompt 0x11f26a0:     135 tokens, checkpoints:  0,    16.877 MiB
srv        update:    - prompt 0x4398f70:     132 tokens, checkpoints:  0,    16.502 MiB
srv        update:    - prompt 0x4395330:     146 tokens, checkpoints:  0,    18.252 MiB
srv        update:    - prompt 0x118de20:     130 tokens, checkpoints:  0,    16.252 MiB
srv        update:    - prompt 0x32191b0:     136 tokens, checkpoints:  0,    17.002 MiB
srv        update:    - prompt 0x439c010:     136 tokens, checkpoints:  0,    17.002 MiB
srv        update:    - prompt 0x439a8d0:     241 tokens, checkpoints:  0,    30.129 MiB
srv        update:    - prompt 0x118e2a0:     325 tokens, checkpoints:  0,    40.629 MiB
srv        update:    - prompt 0xfffdcc0062a0:     363 tokens, checkpoints:  0,    45.380 MiB
srv        update:    - prompt 0xfffdd0004ad0:     425 tokens, checkpoints:  0,    53.131 MiB
srv        update:    - prompt 0x3ac9130:     409 tokens, checkpoints:  0,    51.130 MiB
srv        update:    - prompt 0x32284f0:     412 tokens, checkpoints:  0,    51.505 MiB
srv        update:    - prompt 0x322ece0:     418 tokens, checkpoints:  0,    52.256 MiB
srv        update:    - prompt 0x3ac8290:     415 tokens, checkpoints:  0,    51.880 MiB
srv        update:    - prompt 0x3239c10:     431 tokens, checkpoints:  0,    53.881 MiB
srv        update:    - prompt 0xf0cf10:     431 tokens, checkpoints:  0,    53.881 MiB
srv        update:    - prompt 0x3ac9990:     107 tokens, checkpoints:  0,    13.377 MiB
srv  get_availabl: prompt cache update took 3.41 ms
slot launch_slot_: id  2 | task -1 | sampler chain: logits -> ?penalties -> ?dry -> ?top-n-sigma -> top-k -> ?typical -> top-p -> min-p -> ?xtc -> temp-ext -> dist 
slot launch_slot_: id  2 | task 3434 | processing task, is_child = 0
slot update_slots: id  2 | task 3434 | new prompt, n_ctx_slot = 4096, n_keep = 0, task.n_tokens = 6
slot update_slots: id  2 | task 3434 | n_tokens = 0, memory_seq_rm [0, end)
slot init_sampler: id  2 | task 3434 | init sampler, took 0.01 ms, tokens: text = 6, total = 6
slot update_slots: id  2 | task 3434 | prompt processing done, n_tokens = 6, batch.n_tokens = 6
srv  log_server_r: done request: POST /completion 127.0.0.1 200
slot print_timing: id  2 | task 3434 | 
prompt eval time =    3444.50 ms /     6 tokens (  574.08 ms per token,     1.74 tokens per second)
       eval time =   63995.68 ms /   100 tokens (  639.96 ms per token,     1.56 tokens per second)
      total time =   67440.18 ms /   106 tokens
slot      release: id  2 | task 3434 | stop processing: n_tokens = 105, truncated = 0
srv  update_slots: all slots are idle
slot get_availabl: id  1 | task -1 | selected slot by LRU, t_last = 269310912736
srv  get_availabl: updating prompt cache
srv          load:  - looking for better prompt, base f_keep = -1.000, sim = 0.000
srv        update:  - cache state: 34 prompts, 843.103 MiB (limits: 8192.000 MiB, 4096 tokens, 65528 est)
srv        update:    - prompt 0xf0ecd0:     106 tokens, checkpoints:  0,    13.252 MiB
srv        update:    - prompt 0x4397eb0:     107 tokens, checkpoints:  0,    13.377 MiB
srv        update:    - prompt 0x439da00:     106 tokens, checkpoints:  0,    13.252 MiB
srv        update:    - prompt 0x3219be0:     107 tokens, checkpoints:  0,    13.377 MiB
srv        update:    - prompt 0x321c6f0:     105 tokens, checkpoints:  0,    13.127 MiB
srv        update:    - prompt 0x43990c0:     110 tokens, checkpoints:  0,    13.752 MiB
srv        update:    - prompt 0x1019e50:     116 tokens, checkpoints:  0,    14.502 MiB
srv        update:    - prompt 0x118e380:     109 tokens, checkpoints:  0,    13.627 MiB
srv        update:    - prompt 0x3219110:     113 tokens, checkpoints:  0,    14.127 MiB
srv        update:    - prompt 0x321e0f0:     108 tokens, checkpoints:  0,    13.502 MiB
srv        update:    - prompt 0x4398870:     108 tokens, checkpoints:  0,    13.502 MiB
srv        update:    - prompt 0xfdafe0:     108 tokens, checkpoints:  0,    13.502 MiB
srv        update:    - prompt 0xee3170:     111 tokens, checkpoints:  0,    13.877 MiB
srv        update:    - prompt 0x11f3590:     119 tokens, checkpoints:  0,    14.877 MiB
srv        update:    - prompt 0x3222110:     123 tokens, checkpoints:  0,    15.377 MiB
srv        update:    - prompt 0x32222d0:     165 tokens, checkpoints:  0,    20.628 MiB
srv        update:    - prompt 0x439c6b0:     131 tokens, checkpoints:  0,    16.377 MiB
srv        update:    - prompt 0x11f26a0:     135 tokens, checkpoints:  0,    16.877 MiB
srv        update:    - prompt 0x4398f70:     132 tokens, checkpoints:  0,    16.502 MiB
srv        update:    - prompt 0x4395330:     146 tokens, checkpoints:  0,    18.252 MiB
srv        update:    - prompt 0x118de20:     130 tokens, checkpoints:  0,    16.252 MiB
srv        update:    - prompt 0x32191b0:     136 tokens, checkpoints:  0,    17.002 MiB
srv        update:    - prompt 0x439c010:     136 tokens, checkpoints:  0,    17.002 MiB
srv        update:    - prompt 0x439a8d0:     241 tokens, checkpoints:  0,    30.129 MiB
srv        update:    - prompt 0x118e2a0:     325 tokens, checkpoints:  0,    40.629 MiB
srv        update:    - prompt 0xfffdcc0062a0:     363 tokens, checkpoints:  0,    45.380 MiB
srv        update:    - prompt 0xfffdd0004ad0:     425 tokens, checkpoints:  0,    53.131 MiB
srv        update:    - prompt 0x3ac9130:     409 tokens, checkpoints:  0,    51.130 MiB
srv        update:    - prompt 0x32284f0:     412 tokens, checkpoints:  0,    51.505 MiB
srv        update:    - prompt 0x322ece0:     418 tokens, checkpoints:  0,    52.256 MiB
srv        update:    - prompt 0x3ac8290:     415 tokens, checkpoints:  0,    51.880 MiB
srv        update:    - prompt 0x3239c10:     431 tokens, checkpoints:  0,    53.881 MiB
srv        update:    - prompt 0xf0cf10:     431 tokens, checkpoints:  0,    53.881 MiB
srv        update:    - prompt 0x3ac9990:     107 tokens, checkpoints:  0,    13.377 MiB
srv  get_availabl: prompt cache update took 0.15 ms
slot launch_slot_: id  1 | task -1 | sampler chain: logits -> ?penalties -> ?dry -> ?top-n-sigma -> top-k -> ?typical -> top-p -> min-p -> ?xtc -> temp-ext -> dist 
slot launch_slot_: id  1 | task 3535 | processing task, is_child = 0
slot slot_save_an: id  2 | task -1 | saving idle slot to prompt cache
srv   prompt_save:  - saving prompt with length 105, total state size = 13.127 MiB
slot prompt_clear: id  2 | task -1 | clearing prompt with 105 tokens
srv        update:  - cache state: 35 prompts, 856.230 MiB (limits: 8192.000 MiB, 4096 tokens, 65528 est)
srv        update:    - prompt 0xf0ecd0:     106 tokens, checkpoints:  0,    13.252 MiB
srv        update:    - prompt 0x4397eb0:     107 tokens, checkpoints:  0,    13.377 MiB
srv        update:    - prompt 0x439da00:     106 tokens, checkpoints:  0,    13.252 MiB
srv        update:    - prompt 0x3219be0:     107 tokens, checkpoints:  0,    13.377 MiB
srv        update:    - prompt 0x321c6f0:     105 tokens, checkpoints:  0,    13.127 MiB
srv        update:    - prompt 0x43990c0:     110 tokens, checkpoints:  0,    13.752 MiB
srv        update:    - prompt 0x1019e50:     116 tokens, checkpoints:  0,    14.502 MiB
srv        update:    - prompt 0x118e380:     109 tokens, checkpoints:  0,    13.627 MiB
srv        update:    - prompt 0x3219110:     113 tokens, checkpoints:  0,    14.127 MiB
srv        update:    - prompt 0x321e0f0:     108 tokens, checkpoints:  0,    13.502 MiB
srv        update:    - prompt 0x4398870:     108 tokens, checkpoints:  0,    13.502 MiB
srv        update:    - prompt 0xfdafe0:     108 tokens, checkpoints:  0,    13.502 MiB
srv        update:    - prompt 0xee3170:     111 tokens, checkpoints:  0,    13.877 MiB
srv        update:    - prompt 0x11f3590:     119 tokens, checkpoints:  0,    14.877 MiB
srv        update:    - prompt 0x3222110:     123 tokens, checkpoints:  0,    15.377 MiB
srv        update:    - prompt 0x32222d0:     165 tokens, checkpoints:  0,    20.628 MiB
srv        update:    - prompt 0x439c6b0:     131 tokens, checkpoints:  0,    16.377 MiB
srv        update:    - prompt 0x11f26a0:     135 tokens, checkpoints:  0,    16.877 MiB
srv        update:    - prompt 0x4398f70:     132 tokens, checkpoints:  0,    16.502 MiB
srv        update:    - prompt 0x4395330:     146 tokens, checkpoints:  0,    18.252 MiB
srv        update:    - prompt 0x118de20:     130 tokens, checkpoints:  0,    16.252 MiB
srv        update:    - prompt 0x32191b0:     136 tokens, checkpoints:  0,    17.002 MiB
srv        update:    - prompt 0x439c010:     136 tokens, checkpoints:  0,    17.002 MiB
srv        update:    - prompt 0x439a8d0:     241 tokens, checkpoints:  0,    30.129 MiB
srv        update:    - prompt 0x118e2a0:     325 tokens, checkpoints:  0,    40.629 MiB
srv        update:    - prompt 0xfffdcc0062a0:     363 tokens, checkpoints:  0,    45.380 MiB
srv        update:    - prompt 0xfffdd0004ad0:     425 tokens, checkpoints:  0,    53.131 MiB
srv        update:    - prompt 0x3ac9130:     409 tokens, checkpoints:  0,    51.130 MiB
srv        update:    - prompt 0x32284f0:     412 tokens, checkpoints:  0,    51.505 MiB
srv        update:    - prompt 0x322ece0:     418 tokens, checkpoints:  0,    52.256 MiB
srv        update:    - prompt 0x3ac8290:     415 tokens, checkpoints:  0,    51.880 MiB
srv        update:    - prompt 0x3239c10:     431 tokens, checkpoints:  0,    53.881 MiB
srv        update:    - prompt 0xf0cf10:     431 tokens, checkpoints:  0,    53.881 MiB
srv        update:    - prompt 0x3ac9990:     107 tokens, checkpoints:  0,    13.377 MiB
srv        update:    - prompt 0x3ad9850:     105 tokens, checkpoints:  0,    13.127 MiB
slot update_slots: id  1 | task 3535 | new prompt, n_ctx_slot = 4096, n_keep = 0, task.n_tokens = 11
slot update_slots: id  1 | task 3535 | n_tokens = 0, memory_seq_rm [0, end)
slot init_sampler: id  1 | task 3535 | init sampler, took 0.01 ms, tokens: text = 11, total = 11
slot update_slots: id  1 | task 3535 | prompt processing done, n_tokens = 11, batch.n_tokens = 11
srv  log_server_r: done request: POST /completion 127.0.0.1 200
slot print_timing: id  1 | task 3535 | 
prompt eval time =    6234.01 ms /    11 tokens (  566.73 ms per token,     1.76 tokens per second)
       eval time =   64032.88 ms /   100 tokens (  640.33 ms per token,     1.56 tokens per second)
      total time =   70266.90 ms /   111 tokens
slot      release: id  1 | task 3535 | stop processing: n_tokens = 110, truncated = 0
srv  update_slots: all slots are idle
slot get_availabl: id  0 | task -1 | selected slot by LRU, t_last = 269575646157
srv  get_availabl: updating prompt cache
srv          load:  - looking for better prompt, base f_keep = -1.000, sim = 0.000
srv        update:  - cache state: 35 prompts, 856.230 MiB (limits: 8192.000 MiB, 4096 tokens, 65528 est)
srv        update:    - prompt 0xf0ecd0:     106 tokens, checkpoints:  0,    13.252 MiB
srv        update:    - prompt 0x4397eb0:     107 tokens, checkpoints:  0,    13.377 MiB
srv        update:    - prompt 0x439da00:     106 tokens, checkpoints:  0,    13.252 MiB
srv        update:    - prompt 0x3219be0:     107 tokens, checkpoints:  0,    13.377 MiB
srv        update:    - prompt 0x321c6f0:     105 tokens, checkpoints:  0,    13.127 MiB
srv        update:    - prompt 0x43990c0:     110 tokens, checkpoints:  0,    13.752 MiB
srv        update:    - prompt 0x1019e50:     116 tokens, checkpoints:  0,    14.502 MiB
srv        update:    - prompt 0x118e380:     109 tokens, checkpoints:  0,    13.627 MiB
srv        update:    - prompt 0x3219110:     113 tokens, checkpoints:  0,    14.127 MiB
srv        update:    - prompt 0x321e0f0:     108 tokens, checkpoints:  0,    13.502 MiB
srv        update:    - prompt 0x4398870:     108 tokens, checkpoints:  0,    13.502 MiB
srv        update:    - prompt 0xfdafe0:     108 tokens, checkpoints:  0,    13.502 MiB
srv        update:    - prompt 0xee3170:     111 tokens, checkpoints:  0,    13.877 MiB
srv        update:    - prompt 0x11f3590:     119 tokens, checkpoints:  0,    14.877 MiB
srv        update:    - prompt 0x3222110:     123 tokens, checkpoints:  0,    15.377 MiB
srv        update:    - prompt 0x32222d0:     165 tokens, checkpoints:  0,    20.628 MiB
srv        update:    - prompt 0x439c6b0:     131 tokens, checkpoints:  0,    16.377 MiB
srv        update:    - prompt 0x11f26a0:     135 tokens, checkpoints:  0,    16.877 MiB
srv        update:    - prompt 0x4398f70:     132 tokens, checkpoints:  0,    16.502 MiB
srv        update:    - prompt 0x4395330:     146 tokens, checkpoints:  0,    18.252 MiB
srv        update:    - prompt 0x118de20:     130 tokens, checkpoints:  0,    16.252 MiB
srv        update:    - prompt 0x32191b0:     136 tokens, checkpoints:  0,    17.002 MiB
srv        update:    - prompt 0x439c010:     136 tokens, checkpoints:  0,    17.002 MiB
srv        update:    - prompt 0x439a8d0:     241 tokens, checkpoints:  0,    30.129 MiB
srv        update:    - prompt 0x118e2a0:     325 tokens, checkpoints:  0,    40.629 MiB
srv        update:    - prompt 0xfffdcc0062a0:     363 tokens, checkpoints:  0,    45.380 MiB
srv        update:    - prompt 0xfffdd0004ad0:     425 tokens, checkpoints:  0,    53.131 MiB
srv        update:    - prompt 0x3ac9130:     409 tokens, checkpoints:  0,    51.130 MiB
srv        update:    - prompt 0x32284f0:     412 tokens, checkpoints:  0,    51.505 MiB
srv        update:    - prompt 0x322ece0:     418 tokens, checkpoints:  0,    52.256 MiB
srv        update:    - prompt 0x3ac8290:     415 tokens, checkpoints:  0,    51.880 MiB
srv        update:    - prompt 0x3239c10:     431 tokens, checkpoints:  0,    53.881 MiB
srv        update:    - prompt 0xf0cf10:     431 tokens, checkpoints:  0,    53.881 MiB
srv        update:    - prompt 0x3ac9990:     107 tokens, checkpoints:  0,    13.377 MiB
srv        update:    - prompt 0x3ad9850:     105 tokens, checkpoints:  0,    13.127 MiB
srv  get_availabl: prompt cache update took 0.16 ms
slot launch_slot_: id  0 | task -1 | sampler chain: logits -> ?penalties -> ?dry -> ?top-n-sigma -> top-k -> ?typical -> top-p -> min-p -> ?xtc -> temp-ext -> dist 
slot launch_slot_: id  0 | task 3636 | processing task, is_child = 0
slot slot_save_an: id  1 | task -1 | saving idle slot to prompt cache
srv   prompt_save:  - saving prompt with length 110, total state size = 13.752 MiB
slot prompt_clear: id  1 | task -1 | clearing prompt with 110 tokens
srv        update:  - cache state: 36 prompts, 869.982 MiB (limits: 8192.000 MiB, 4096 tokens, 65527 est)
srv        update:    - prompt 0xf0ecd0:     106 tokens, checkpoints:  0,    13.252 MiB
srv        update:    - prompt 0x4397eb0:     107 tokens, checkpoints:  0,    13.377 MiB
srv        update:    - prompt 0x439da00:     106 tokens, checkpoints:  0,    13.252 MiB
srv        update:    - prompt 0x3219be0:     107 tokens, checkpoints:  0,    13.377 MiB
srv        update:    - prompt 0x321c6f0:     105 tokens, checkpoints:  0,    13.127 MiB
srv        update:    - prompt 0x43990c0:     110 tokens, checkpoints:  0,    13.752 MiB
srv        update:    - prompt 0x1019e50:     116 tokens, checkpoints:  0,    14.502 MiB
srv        update:    - prompt 0x118e380:     109 tokens, checkpoints:  0,    13.627 MiB
srv        update:    - prompt 0x3219110:     113 tokens, checkpoints:  0,    14.127 MiB
srv        update:    - prompt 0x321e0f0:     108 tokens, checkpoints:  0,    13.502 MiB
srv        update:    - prompt 0x4398870:     108 tokens, checkpoints:  0,    13.502 MiB
srv        update:    - prompt 0xfdafe0:     108 tokens, checkpoints:  0,    13.502 MiB
srv        update:    - prompt 0xee3170:     111 tokens, checkpoints:  0,    13.877 MiB
srv        update:    - prompt 0x11f3590:     119 tokens, checkpoints:  0,    14.877 MiB
srv        update:    - prompt 0x3222110:     123 tokens, checkpoints:  0,    15.377 MiB
srv        update:    - prompt 0x32222d0:     165 tokens, checkpoints:  0,    20.628 MiB
srv        update:    - prompt 0x439c6b0:     131 tokens, checkpoints:  0,    16.377 MiB
srv        update:    - prompt 0x11f26a0:     135 tokens, checkpoints:  0,    16.877 MiB
srv        update:    - prompt 0x4398f70:     132 tokens, checkpoints:  0,    16.502 MiB
srv        update:    - prompt 0x4395330:     146 tokens, checkpoints:  0,    18.252 MiB
srv        update:    - prompt 0x118de20:     130 tokens, checkpoints:  0,    16.252 MiB
srv        update:    - prompt 0x32191b0:     136 tokens, checkpoints:  0,    17.002 MiB
srv        update:    - prompt 0x439c010:     136 tokens, checkpoints:  0,    17.002 MiB
srv        update:    - prompt 0x439a8d0:     241 tokens, checkpoints:  0,    30.129 MiB
srv        update:    - prompt 0x118e2a0:     325 tokens, checkpoints:  0,    40.629 MiB
srv        update:    - prompt 0xfffdcc0062a0:     363 tokens, checkpoints:  0,    45.380 MiB
srv        update:    - prompt 0xfffdd0004ad0:     425 tokens, checkpoints:  0,    53.131 MiB
srv        update:    - prompt 0x3ac9130:     409 tokens, checkpoints:  0,    51.130 MiB
srv        update:    - prompt 0x32284f0:     412 tokens, checkpoints:  0,    51.505 MiB
srv        update:    - prompt 0x322ece0:     418 tokens, checkpoints:  0,    52.256 MiB
srv        update:    - prompt 0x3ac8290:     415 tokens, checkpoints:  0,    51.880 MiB
srv        update:    - prompt 0x3239c10:     431 tokens, checkpoints:  0,    53.881 MiB
srv        update:    - prompt 0xf0cf10:     431 tokens, checkpoints:  0,    53.881 MiB
srv        update:    - prompt 0x3ac9990:     107 tokens, checkpoints:  0,    13.377 MiB
srv        update:    - prompt 0x3ad9850:     105 tokens, checkpoints:  0,    13.127 MiB
srv        update:    - prompt 0x4398620:     110 tokens, checkpoints:  0,    13.752 MiB
slot update_slots: id  0 | task 3636 | new prompt, n_ctx_slot = 4096, n_keep = 0, task.n_tokens = 17
slot update_slots: id  0 | task 3636 | n_tokens = 0, memory_seq_rm [0, end)
slot init_sampler: id  0 | task 3636 | init sampler, took 0.01 ms, tokens: text = 17, total = 17
slot update_slots: id  0 | task 3636 | prompt processing done, n_tokens = 17, batch.n_tokens = 17
srv  log_server_r: done request: POST /completion 127.0.0.1 200
slot print_timing: id  0 | task 3636 | 
prompt eval time =    9608.56 ms /    17 tokens (  565.21 ms per token,     1.77 tokens per second)
       eval time =   64094.69 ms /   100 tokens (  640.95 ms per token,     1.56 tokens per second)
      total time =   73703.25 ms /   117 tokens
slot      release: id  0 | task 3636 | stop processing: n_tokens = 116, truncated = 0
srv  update_slots: all slots are idle
slot get_availabl: id  3 | task -1 | selected slot by LRU, t_last = 269857595803
srv  get_availabl: updating prompt cache
srv          load:  - looking for better prompt, base f_keep = -1.000, sim = 0.000
srv        update:  - cache state: 36 prompts, 869.982 MiB (limits: 8192.000 MiB, 4096 tokens, 65527 est)
srv        update:    - prompt 0xf0ecd0:     106 tokens, checkpoints:  0,    13.252 MiB
srv        update:    - prompt 0x4397eb0:     107 tokens, checkpoints:  0,    13.377 MiB
srv        update:    - prompt 0x439da00:     106 tokens, checkpoints:  0,    13.252 MiB
srv        update:    - prompt 0x3219be0:     107 tokens, checkpoints:  0,    13.377 MiB
srv        update:    - prompt 0x321c6f0:     105 tokens, checkpoints:  0,    13.127 MiB
srv        update:    - prompt 0x43990c0:     110 tokens, checkpoints:  0,    13.752 MiB
srv        update:    - prompt 0x1019e50:     116 tokens, checkpoints:  0,    14.502 MiB
srv        update:    - prompt 0x118e380:     109 tokens, checkpoints:  0,    13.627 MiB
srv        update:    - prompt 0x3219110:     113 tokens, checkpoints:  0,    14.127 MiB
srv        update:    - prompt 0x321e0f0:     108 tokens, checkpoints:  0,    13.502 MiB
srv        update:    - prompt 0x4398870:     108 tokens, checkpoints:  0,    13.502 MiB
srv        update:    - prompt 0xfdafe0:     108 tokens, checkpoints:  0,    13.502 MiB
srv        update:    - prompt 0xee3170:     111 tokens, checkpoints:  0,    13.877 MiB
srv        update:    - prompt 0x11f3590:     119 tokens, checkpoints:  0,    14.877 MiB
srv        update:    - prompt 0x3222110:     123 tokens, checkpoints:  0,    15.377 MiB
srv        update:    - prompt 0x32222d0:     165 tokens, checkpoints:  0,    20.628 MiB
srv        update:    - prompt 0x439c6b0:     131 tokens, checkpoints:  0,    16.377 MiB
srv        update:    - prompt 0x11f26a0:     135 tokens, checkpoints:  0,    16.877 MiB
srv        update:    - prompt 0x4398f70:     132 tokens, checkpoints:  0,    16.502 MiB
srv        update:    - prompt 0x4395330:     146 tokens, checkpoints:  0,    18.252 MiB
srv        update:    - prompt 0x118de20:     130 tokens, checkpoints:  0,    16.252 MiB
srv        update:    - prompt 0x32191b0:     136 tokens, checkpoints:  0,    17.002 MiB
srv        update:    - prompt 0x439c010:     136 tokens, checkpoints:  0,    17.002 MiB
srv        update:    - prompt 0x439a8d0:     241 tokens, checkpoints:  0,    30.129 MiB
srv        update:    - prompt 0x118e2a0:     325 tokens, checkpoints:  0,    40.629 MiB
srv        update:    - prompt 0xfffdcc0062a0:     363 tokens, checkpoints:  0,    45.380 MiB
srv        update:    - prompt 0xfffdd0004ad0:     425 tokens, checkpoints:  0,    53.131 MiB
srv        update:    - prompt 0x3ac9130:     409 tokens, checkpoints:  0,    51.130 MiB
srv        update:    - prompt 0x32284f0:     412 tokens, checkpoints:  0,    51.505 MiB
srv        update:    - prompt 0x322ece0:     418 tokens, checkpoints:  0,    52.256 MiB
srv        update:    - prompt 0x3ac8290:     415 tokens, checkpoints:  0,    51.880 MiB
srv        update:    - prompt 0x3239c10:     431 tokens, checkpoints:  0,    53.881 MiB
srv        update:    - prompt 0xf0cf10:     431 tokens, checkpoints:  0,    53.881 MiB
srv        update:    - prompt 0x3ac9990:     107 tokens, checkpoints:  0,    13.377 MiB
srv        update:    - prompt 0x3ad9850:     105 tokens, checkpoints:  0,    13.127 MiB
srv        update:    - prompt 0x4398620:     110 tokens, checkpoints:  0,    13.752 MiB
srv  get_availabl: prompt cache update took 0.16 ms
slot launch_slot_: id  3 | task -1 | sampler chain: logits -> ?penalties -> ?dry -> ?top-n-sigma -> top-k -> ?typical -> top-p -> min-p -> ?xtc -> temp-ext -> dist 
slot launch_slot_: id  3 | task 3737 | processing task, is_child = 0
slot slot_save_an: id  0 | task -1 | saving idle slot to prompt cache
srv   prompt_save:  - saving prompt with length 116, total state size = 14.502 MiB
slot prompt_clear: id  0 | task -1 | clearing prompt with 116 tokens
srv        update:  - cache state: 37 prompts, 884.484 MiB (limits: 8192.000 MiB, 4096 tokens, 65527 est)
srv        update:    - prompt 0xf0ecd0:     106 tokens, checkpoints:  0,    13.252 MiB
srv        update:    - prompt 0x4397eb0:     107 tokens, checkpoints:  0,    13.377 MiB
srv        update:    - prompt 0x439da00:     106 tokens, checkpoints:  0,    13.252 MiB
srv        update:    - prompt 0x3219be0:     107 tokens, checkpoints:  0,    13.377 MiB
srv        update:    - prompt 0x321c6f0:     105 tokens, checkpoints:  0,    13.127 MiB
srv        update:    - prompt 0x43990c0:     110 tokens, checkpoints:  0,    13.752 MiB
srv        update:    - prompt 0x1019e50:     116 tokens, checkpoints:  0,    14.502 MiB
srv        update:    - prompt 0x118e380:     109 tokens, checkpoints:  0,    13.627 MiB
srv        update:    - prompt 0x3219110:     113 tokens, checkpoints:  0,    14.127 MiB
srv        update:    - prompt 0x321e0f0:     108 tokens, checkpoints:  0,    13.502 MiB
srv        update:    - prompt 0x4398870:     108 tokens, checkpoints:  0,    13.502 MiB
srv        update:    - prompt 0xfdafe0:     108 tokens, checkpoints:  0,    13.502 MiB
srv        update:    - prompt 0xee3170:     111 tokens, checkpoints:  0,    13.877 MiB
srv        update:    - prompt 0x11f3590:     119 tokens, checkpoints:  0,    14.877 MiB
srv        update:    - prompt 0x3222110:     123 tokens, checkpoints:  0,    15.377 MiB
srv        update:    - prompt 0x32222d0:     165 tokens, checkpoints:  0,    20.628 MiB
srv        update:    - prompt 0x439c6b0:     131 tokens, checkpoints:  0,    16.377 MiB
srv        update:    - prompt 0x11f26a0:     135 tokens, checkpoints:  0,    16.877 MiB
srv        update:    - prompt 0x4398f70:     132 tokens, checkpoints:  0,    16.502 MiB
srv        update:    - prompt 0x4395330:     146 tokens, checkpoints:  0,    18.252 MiB
srv        update:    - prompt 0x118de20:     130 tokens, checkpoints:  0,    16.252 MiB
srv        update:    - prompt 0x32191b0:     136 tokens, checkpoints:  0,    17.002 MiB
srv        update:    - prompt 0x439c010:     136 tokens, checkpoints:  0,    17.002 MiB
srv        update:    - prompt 0x439a8d0:     241 tokens, checkpoints:  0,    30.129 MiB
srv        update:    - prompt 0x118e2a0:     325 tokens, checkpoints:  0,    40.629 MiB
srv        update:    - prompt 0xfffdcc0062a0:     363 tokens, checkpoints:  0,    45.380 MiB
srv        update:    - prompt 0xfffdd0004ad0:     425 tokens, checkpoints:  0,    53.131 MiB
srv        update:    - prompt 0x3ac9130:     409 tokens, checkpoints:  0,    51.130 MiB
srv        update:    - prompt 0x32284f0:     412 tokens, checkpoints:  0,    51.505 MiB
srv        update:    - prompt 0x322ece0:     418 tokens, checkpoints:  0,    52.256 MiB
srv        update:    - prompt 0x3ac8290:     415 tokens, checkpoints:  0,    51.880 MiB
srv        update:    - prompt 0x3239c10:     431 tokens, checkpoints:  0,    53.881 MiB
srv        update:    - prompt 0xf0cf10:     431 tokens, checkpoints:  0,    53.881 MiB
srv        update:    - prompt 0x3ac9990:     107 tokens, checkpoints:  0,    13.377 MiB
srv        update:    - prompt 0x3ad9850:     105 tokens, checkpoints:  0,    13.127 MiB
srv        update:    - prompt 0x4398620:     110 tokens, checkpoints:  0,    13.752 MiB
srv        update:    - prompt 0xf0c4e0:     116 tokens, checkpoints:  0,    14.502 MiB
slot update_slots: id  3 | task 3737 | new prompt, n_ctx_slot = 4096, n_keep = 0, task.n_tokens = 10
slot update_slots: id  3 | task 3737 | n_tokens = 0, memory_seq_rm [0, end)
slot init_sampler: id  3 | task 3737 | init sampler, took 0.01 ms, tokens: text = 10, total = 10
slot update_slots: id  3 | task 3737 | prompt processing done, n_tokens = 10, batch.n_tokens = 10
srv  log_server_r: done request: POST /completion 127.0.0.1 200
slot print_timing: id  3 | task 3737 | 
prompt eval time =    5675.99 ms /    10 tokens (  567.60 ms per token,     1.76 tokens per second)
       eval time =   64037.84 ms /   100 tokens (  640.38 ms per token,     1.56 tokens per second)
      total time =   69713.83 ms /   110 tokens
slot      release: id  3 | task 3737 | stop processing: n_tokens = 109, truncated = 0
srv  update_slots: all slots are idle
slot get_availabl: id  2 | task -1 | selected slot by LRU, t_last = 270276490723
srv  get_availabl: updating prompt cache
srv          load:  - looking for better prompt, base f_keep = -1.000, sim = 0.000
srv        update:  - cache state: 37 prompts, 884.484 MiB (limits: 8192.000 MiB, 4096 tokens, 65527 est)
srv        update:    - prompt 0xf0ecd0:     106 tokens, checkpoints:  0,    13.252 MiB
srv        update:    - prompt 0x4397eb0:     107 tokens, checkpoints:  0,    13.377 MiB
srv        update:    - prompt 0x439da00:     106 tokens, checkpoints:  0,    13.252 MiB
srv        update:    - prompt 0x3219be0:     107 tokens, checkpoints:  0,    13.377 MiB
srv        update:    - prompt 0x321c6f0:     105 tokens, checkpoints:  0,    13.127 MiB
srv        update:    - prompt 0x43990c0:     110 tokens, checkpoints:  0,    13.752 MiB
srv        update:    - prompt 0x1019e50:     116 tokens, checkpoints:  0,    14.502 MiB
srv        update:    - prompt 0x118e380:     109 tokens, checkpoints:  0,    13.627 MiB
srv        update:    - prompt 0x3219110:     113 tokens, checkpoints:  0,    14.127 MiB
srv        update:    - prompt 0x321e0f0:     108 tokens, checkpoints:  0,    13.502 MiB
srv        update:    - prompt 0x4398870:     108 tokens, checkpoints:  0,    13.502 MiB
srv        update:    - prompt 0xfdafe0:     108 tokens, checkpoints:  0,    13.502 MiB
srv        update:    - prompt 0xee3170:     111 tokens, checkpoints:  0,    13.877 MiB
srv        update:    - prompt 0x11f3590:     119 tokens, checkpoints:  0,    14.877 MiB
srv        update:    - prompt 0x3222110:     123 tokens, checkpoints:  0,    15.377 MiB
srv        update:    - prompt 0x32222d0:     165 tokens, checkpoints:  0,    20.628 MiB
srv        update:    - prompt 0x439c6b0:     131 tokens, checkpoints:  0,    16.377 MiB
srv        update:    - prompt 0x11f26a0:     135 tokens, checkpoints:  0,    16.877 MiB
srv        update:    - prompt 0x4398f70:     132 tokens, checkpoints:  0,    16.502 MiB
srv        update:    - prompt 0x4395330:     146 tokens, checkpoints:  0,    18.252 MiB
srv        update:    - prompt 0x118de20:     130 tokens, checkpoints:  0,    16.252 MiB
srv        update:    - prompt 0x32191b0:     136 tokens, checkpoints:  0,    17.002 MiB
srv        update:    - prompt 0x439c010:     136 tokens, checkpoints:  0,    17.002 MiB
srv        update:    - prompt 0x439a8d0:     241 tokens, checkpoints:  0,    30.129 MiB
srv        update:    - prompt 0x118e2a0:     325 tokens, checkpoints:  0,    40.629 MiB
srv        update:    - prompt 0xfffdcc0062a0:     363 tokens, checkpoints:  0,    45.380 MiB
srv        update:    - prompt 0xfffdd0004ad0:     425 tokens, checkpoints:  0,    53.131 MiB
srv        update:    - prompt 0x3ac9130:     409 tokens, checkpoints:  0,    51.130 MiB
srv        update:    - prompt 0x32284f0:     412 tokens, checkpoints:  0,    51.505 MiB
srv        update:    - prompt 0x322ece0:     418 tokens, checkpoints:  0,    52.256 MiB
srv        update:    - prompt 0x3ac8290:     415 tokens, checkpoints:  0,    51.880 MiB
srv        update:    - prompt 0x3239c10:     431 tokens, checkpoints:  0,    53.881 MiB
srv        update:    - prompt 0xf0cf10:     431 tokens, checkpoints:  0,    53.881 MiB
srv        update:    - prompt 0x3ac9990:     107 tokens, checkpoints:  0,    13.377 MiB
srv        update:    - prompt 0x3ad9850:     105 tokens, checkpoints:  0,    13.127 MiB
srv        update:    - prompt 0x4398620:     110 tokens, checkpoints:  0,    13.752 MiB
srv        update:    - prompt 0xf0c4e0:     116 tokens, checkpoints:  0,    14.502 MiB
srv  get_availabl: prompt cache update took 0.16 ms
slot launch_slot_: id  2 | task -1 | sampler chain: logits -> ?penalties -> ?dry -> ?top-n-sigma -> top-k -> ?typical -> top-p -> min-p -> ?xtc -> temp-ext -> dist 
slot launch_slot_: id  2 | task 3838 | processing task, is_child = 0
slot slot_save_an: id  3 | task -1 | saving idle slot to prompt cache
srv   prompt_save:  - saving prompt with length 109, total state size = 13.627 MiB
slot prompt_clear: id  3 | task -1 | clearing prompt with 109 tokens
srv        update:  - cache state: 38 prompts, 898.111 MiB (limits: 8192.000 MiB, 4096 tokens, 65527 est)
srv        update:    - prompt 0xf0ecd0:     106 tokens, checkpoints:  0,    13.252 MiB
srv        update:    - prompt 0x4397eb0:     107 tokens, checkpoints:  0,    13.377 MiB
srv        update:    - prompt 0x439da00:     106 tokens, checkpoints:  0,    13.252 MiB
srv        update:    - prompt 0x3219be0:     107 tokens, checkpoints:  0,    13.377 MiB
srv        update:    - prompt 0x321c6f0:     105 tokens, checkpoints:  0,    13.127 MiB
srv        update:    - prompt 0x43990c0:     110 tokens, checkpoints:  0,    13.752 MiB
srv        update:    - prompt 0x1019e50:     116 tokens, checkpoints:  0,    14.502 MiB
srv        update:    - prompt 0x118e380:     109 tokens, checkpoints:  0,    13.627 MiB
srv        update:    - prompt 0x3219110:     113 tokens, checkpoints:  0,    14.127 MiB
srv        update:    - prompt 0x321e0f0:     108 tokens, checkpoints:  0,    13.502 MiB
srv        update:    - prompt 0x4398870:     108 tokens, checkpoints:  0,    13.502 MiB
srv        update:    - prompt 0xfdafe0:     108 tokens, checkpoints:  0,    13.502 MiB
srv        update:    - prompt 0xee3170:     111 tokens, checkpoints:  0,    13.877 MiB
srv        update:    - prompt 0x11f3590:     119 tokens, checkpoints:  0,    14.877 MiB
srv        update:    - prompt 0x3222110:     123 tokens, checkpoints:  0,    15.377 MiB
srv        update:    - prompt 0x32222d0:     165 tokens, checkpoints:  0,    20.628 MiB
srv        update:    - prompt 0x439c6b0:     131 tokens, checkpoints:  0,    16.377 MiB
srv        update:    - prompt 0x11f26a0:     135 tokens, checkpoints:  0,    16.877 MiB
srv        update:    - prompt 0x4398f70:     132 tokens, checkpoints:  0,    16.502 MiB
srv        update:    - prompt 0x4395330:     146 tokens, checkpoints:  0,    18.252 MiB
srv        update:    - prompt 0x118de20:     130 tokens, checkpoints:  0,    16.252 MiB
srv        update:    - prompt 0x32191b0:     136 tokens, checkpoints:  0,    17.002 MiB
srv        update:    - prompt 0x439c010:     136 tokens, checkpoints:  0,    17.002 MiB
srv        update:    - prompt 0x439a8d0:     241 tokens, checkpoints:  0,    30.129 MiB
srv        update:    - prompt 0x118e2a0:     325 tokens, checkpoints:  0,    40.629 MiB
srv        update:    - prompt 0xfffdcc0062a0:     363 tokens, checkpoints:  0,    45.380 MiB
srv        update:    - prompt 0xfffdd0004ad0:     425 tokens, checkpoints:  0,    53.131 MiB
srv        update:    - prompt 0x3ac9130:     409 tokens, checkpoints:  0,    51.130 MiB
srv        update:    - prompt 0x32284f0:     412 tokens, checkpoints:  0,    51.505 MiB
srv        update:    - prompt 0x322ece0:     418 tokens, checkpoints:  0,    52.256 MiB
srv        update:    - prompt 0x3ac8290:     415 tokens, checkpoints:  0,    51.880 MiB
srv        update:    - prompt 0x3239c10:     431 tokens, checkpoints:  0,    53.881 MiB
srv        update:    - prompt 0xf0cf10:     431 tokens, checkpoints:  0,    53.881 MiB
srv        update:    - prompt 0x3ac9990:     107 tokens, checkpoints:  0,    13.377 MiB
srv        update:    - prompt 0x3ad9850:     105 tokens, checkpoints:  0,    13.127 MiB
srv        update:    - prompt 0x4398620:     110 tokens, checkpoints:  0,    13.752 MiB
srv        update:    - prompt 0xf0c4e0:     116 tokens, checkpoints:  0,    14.502 MiB
srv        update:    - prompt 0x3adea70:     109 tokens, checkpoints:  0,    13.627 MiB
slot update_slots: id  2 | task 3838 | new prompt, n_ctx_slot = 4096, n_keep = 0, task.n_tokens = 14
slot update_slots: id  2 | task 3838 | n_tokens = 0, memory_seq_rm [0, end)
slot init_sampler: id  2 | task 3838 | init sampler, took 0.01 ms, tokens: text = 14, total = 14
slot update_slots: id  2 | task 3838 | prompt processing done, n_tokens = 14, batch.n_tokens = 14
srv  log_server_r: done request: POST /completion 127.0.0.1 200
slot print_timing: id  2 | task 3838 | 
prompt eval time =    7911.81 ms /    14 tokens (  565.13 ms per token,     1.77 tokens per second)
       eval time =   64071.87 ms /   100 tokens (  640.72 ms per token,     1.56 tokens per second)
      total time =   71983.68 ms /   114 tokens
slot      release: id  2 | task 3838 | stop processing: n_tokens = 113, truncated = 0
srv  update_slots: all slots are idle
slot get_availabl: id  2 | task -1 | selected slot by LCP similarity, sim_best = 0.111 (> 0.100 thold), f_keep = 0.009
srv  get_availabl: updating prompt cache
srv   prompt_save:  - saving prompt with length 113, total state size = 14.127 MiB
srv          load:  - looking for better prompt, base f_keep = 0.009, sim = 0.111
srv        update:  - cache state: 39 prompts, 912.238 MiB (limits: 8192.000 MiB, 4096 tokens, 65527 est)
srv        update:    - prompt 0xf0ecd0:     106 tokens, checkpoints:  0,    13.252 MiB
srv        update:    - prompt 0x4397eb0:     107 tokens, checkpoints:  0,    13.377 MiB
srv        update:    - prompt 0x439da00:     106 tokens, checkpoints:  0,    13.252 MiB
srv        update:    - prompt 0x3219be0:     107 tokens, checkpoints:  0,    13.377 MiB
srv        update:    - prompt 0x321c6f0:     105 tokens, checkpoints:  0,    13.127 MiB
srv        update:    - prompt 0x43990c0:     110 tokens, checkpoints:  0,    13.752 MiB
srv        update:    - prompt 0x1019e50:     116 tokens, checkpoints:  0,    14.502 MiB
srv        update:    - prompt 0x118e380:     109 tokens, checkpoints:  0,    13.627 MiB
srv        update:    - prompt 0x3219110:     113 tokens, checkpoints:  0,    14.127 MiB
srv        update:    - prompt 0x321e0f0:     108 tokens, checkpoints:  0,    13.502 MiB
srv        update:    - prompt 0x4398870:     108 tokens, checkpoints:  0,    13.502 MiB
srv        update:    - prompt 0xfdafe0:     108 tokens, checkpoints:  0,    13.502 MiB
srv        update:    - prompt 0xee3170:     111 tokens, checkpoints:  0,    13.877 MiB
srv        update:    - prompt 0x11f3590:     119 tokens, checkpoints:  0,    14.877 MiB
srv        update:    - prompt 0x3222110:     123 tokens, checkpoints:  0,    15.377 MiB
srv        update:    - prompt 0x32222d0:     165 tokens, checkpoints:  0,    20.628 MiB
srv        update:    - prompt 0x439c6b0:     131 tokens, checkpoints:  0,    16.377 MiB
srv        update:    - prompt 0x11f26a0:     135 tokens, checkpoints:  0,    16.877 MiB
srv        update:    - prompt 0x4398f70:     132 tokens, checkpoints:  0,    16.502 MiB
srv        update:    - prompt 0x4395330:     146 tokens, checkpoints:  0,    18.252 MiB
srv        update:    - prompt 0x118de20:     130 tokens, checkpoints:  0,    16.252 MiB
srv        update:    - prompt 0x32191b0:     136 tokens, checkpoints:  0,    17.002 MiB
srv        update:    - prompt 0x439c010:     136 tokens, checkpoints:  0,    17.002 MiB
srv        update:    - prompt 0x439a8d0:     241 tokens, checkpoints:  0,    30.129 MiB
srv        update:    - prompt 0x118e2a0:     325 tokens, checkpoints:  0,    40.629 MiB
srv        update:    - prompt 0xfffdcc0062a0:     363 tokens, checkpoints:  0,    45.380 MiB
srv        update:    - prompt 0xfffdd0004ad0:     425 tokens, checkpoints:  0,    53.131 MiB
srv        update:    - prompt 0x3ac9130:     409 tokens, checkpoints:  0,    51.130 MiB
srv        update:    - prompt 0x32284f0:     412 tokens, checkpoints:  0,    51.505 MiB
srv        update:    - prompt 0x322ece0:     418 tokens, checkpoints:  0,    52.256 MiB
srv        update:    - prompt 0x3ac8290:     415 tokens, checkpoints:  0,    51.880 MiB
srv        update:    - prompt 0x3239c10:     431 tokens, checkpoints:  0,    53.881 MiB
srv        update:    - prompt 0xf0cf10:     431 tokens, checkpoints:  0,    53.881 MiB
srv        update:    - prompt 0x3ac9990:     107 tokens, checkpoints:  0,    13.377 MiB
srv        update:    - prompt 0x3ad9850:     105 tokens, checkpoints:  0,    13.127 MiB
srv        update:    - prompt 0x4398620:     110 tokens, checkpoints:  0,    13.752 MiB
srv        update:    - prompt 0xf0c4e0:     116 tokens, checkpoints:  0,    14.502 MiB
srv        update:    - prompt 0x3adea70:     109 tokens, checkpoints:  0,    13.627 MiB
srv        update:    - prompt 0x3ae5890:     113 tokens, checkpoints:  0,    14.127 MiB
srv  get_availabl: prompt cache update took 3.57 ms
slot launch_slot_: id  2 | task -1 | sampler chain: logits -> ?penalties -> ?dry -> ?top-n-sigma -> top-k -> ?typical -> top-p -> min-p -> ?xtc -> temp-ext -> dist 
slot launch_slot_: id  2 | task 3939 | processing task, is_child = 0
slot update_slots: id  2 | task 3939 | new prompt, n_ctx_slot = 4096, n_keep = 0, task.n_tokens = 9
slot update_slots: id  2 | task 3939 | n_tokens = 0, memory_seq_rm [0, end)
slot init_sampler: id  2 | task 3939 | init sampler, took 0.01 ms, tokens: text = 9, total = 9
slot update_slots: id  2 | task 3939 | prompt processing done, n_tokens = 9, batch.n_tokens = 9
srv  log_server_r: done request: POST /completion 127.0.0.1 200
slot print_timing: id  2 | task 3939 | 
prompt eval time =    5119.61 ms /     9 tokens (  568.85 ms per token,     1.76 tokens per second)
       eval time =   64019.15 ms /   100 tokens (  640.19 ms per token,     1.56 tokens per second)
      total time =   69138.75 ms /   109 tokens
slot      release: id  2 | task 3939 | stop processing: n_tokens = 108, truncated = 0
srv  update_slots: all slots are idle
slot get_availabl: id  2 | task -1 | selected slot by LCP similarity, sim_best = 0.111 (> 0.100 thold), f_keep = 0.009
srv  get_availabl: updating prompt cache
srv   prompt_save:  - saving prompt with length 108, total state size = 13.502 MiB
srv          load:  - looking for better prompt, base f_keep = 0.009, sim = 0.111
srv        update:  - cache state: 40 prompts, 925.740 MiB (limits: 8192.000 MiB, 4096 tokens, 65527 est)
srv        update:    - prompt 0xf0ecd0:     106 tokens, checkpoints:  0,    13.252 MiB
srv        update:    - prompt 0x4397eb0:     107 tokens, checkpoints:  0,    13.377 MiB
srv        update:    - prompt 0x439da00:     106 tokens, checkpoints:  0,    13.252 MiB
srv        update:    - prompt 0x3219be0:     107 tokens, checkpoints:  0,    13.377 MiB
srv        update:    - prompt 0x321c6f0:     105 tokens, checkpoints:  0,    13.127 MiB
srv        update:    - prompt 0x43990c0:     110 tokens, checkpoints:  0,    13.752 MiB
srv        update:    - prompt 0x1019e50:     116 tokens, checkpoints:  0,    14.502 MiB
srv        update:    - prompt 0x118e380:     109 tokens, checkpoints:  0,    13.627 MiB
srv        update:    - prompt 0x3219110:     113 tokens, checkpoints:  0,    14.127 MiB
srv        update:    - prompt 0x321e0f0:     108 tokens, checkpoints:  0,    13.502 MiB
srv        update:    - prompt 0x4398870:     108 tokens, checkpoints:  0,    13.502 MiB
srv        update:    - prompt 0xfdafe0:     108 tokens, checkpoints:  0,    13.502 MiB
srv        update:    - prompt 0xee3170:     111 tokens, checkpoints:  0,    13.877 MiB
srv        update:    - prompt 0x11f3590:     119 tokens, checkpoints:  0,    14.877 MiB
srv        update:    - prompt 0x3222110:     123 tokens, checkpoints:  0,    15.377 MiB
srv        update:    - prompt 0x32222d0:     165 tokens, checkpoints:  0,    20.628 MiB
srv        update:    - prompt 0x439c6b0:     131 tokens, checkpoints:  0,    16.377 MiB
srv        update:    - prompt 0x11f26a0:     135 tokens, checkpoints:  0,    16.877 MiB
srv        update:    - prompt 0x4398f70:     132 tokens, checkpoints:  0,    16.502 MiB
srv        update:    - prompt 0x4395330:     146 tokens, checkpoints:  0,    18.252 MiB
srv        update:    - prompt 0x118de20:     130 tokens, checkpoints:  0,    16.252 MiB
srv        update:    - prompt 0x32191b0:     136 tokens, checkpoints:  0,    17.002 MiB
srv        update:    - prompt 0x439c010:     136 tokens, checkpoints:  0,    17.002 MiB
srv        update:    - prompt 0x439a8d0:     241 tokens, checkpoints:  0,    30.129 MiB
srv        update:    - prompt 0x118e2a0:     325 tokens, checkpoints:  0,    40.629 MiB
srv        update:    - prompt 0xfffdcc0062a0:     363 tokens, checkpoints:  0,    45.380 MiB
srv        update:    - prompt 0xfffdd0004ad0:     425 tokens, checkpoints:  0,    53.131 MiB
srv        update:    - prompt 0x3ac9130:     409 tokens, checkpoints:  0,    51.130 MiB
srv        update:    - prompt 0x32284f0:     412 tokens, checkpoints:  0,    51.505 MiB
srv        update:    - prompt 0x322ece0:     418 tokens, checkpoints:  0,    52.256 MiB
srv        update:    - prompt 0x3ac8290:     415 tokens, checkpoints:  0,    51.880 MiB
srv        update:    - prompt 0x3239c10:     431 tokens, checkpoints:  0,    53.881 MiB
srv        update:    - prompt 0xf0cf10:     431 tokens, checkpoints:  0,    53.881 MiB
srv        update:    - prompt 0x3ac9990:     107 tokens, checkpoints:  0,    13.377 MiB
srv        update:    - prompt 0x3ad9850:     105 tokens, checkpoints:  0,    13.127 MiB
srv        update:    - prompt 0x4398620:     110 tokens, checkpoints:  0,    13.752 MiB
srv        update:    - prompt 0xf0c4e0:     116 tokens, checkpoints:  0,    14.502 MiB
srv        update:    - prompt 0x3adea70:     109 tokens, checkpoints:  0,    13.627 MiB
srv        update:    - prompt 0x3ae5890:     113 tokens, checkpoints:  0,    14.127 MiB
srv        update:    - prompt 0x3ae41b0:     108 tokens, checkpoints:  0,    13.502 MiB
srv  get_availabl: prompt cache update took 3.50 ms
slot launch_slot_: id  2 | task -1 | sampler chain: logits -> ?penalties -> ?dry -> ?top-n-sigma -> top-k -> ?typical -> top-p -> min-p -> ?xtc -> temp-ext -> dist 
slot launch_slot_: id  2 | task 4040 | processing task, is_child = 0
slot update_slots: id  2 | task 4040 | new prompt, n_ctx_slot = 4096, n_keep = 0, task.n_tokens = 9
slot update_slots: id  2 | task 4040 | n_tokens = 0, memory_seq_rm [0, end)
slot init_sampler: id  2 | task 4040 | init sampler, took 0.01 ms, tokens: text = 9, total = 9
slot update_slots: id  2 | task 4040 | prompt processing done, n_tokens = 9, batch.n_tokens = 9
srv  log_server_r: done request: POST /completion 127.0.0.1 200
slot print_timing: id  2 | task 4040 | 
prompt eval time =    5119.79 ms /     9 tokens (  568.87 ms per token,     1.76 tokens per second)
       eval time =   64022.18 ms /   100 tokens (  640.22 ms per token,     1.56 tokens per second)
      total time =   69141.97 ms /   109 tokens
slot      release: id  2 | task 4040 | stop processing: n_tokens = 108, truncated = 0
srv  update_slots: all slots are idle
slot get_availabl: id  2 | task -1 | selected slot by LCP similarity, sim_best = 0.111 (> 0.100 thold), f_keep = 0.009
srv  get_availabl: updating prompt cache
srv   prompt_save:  - saving prompt with length 108, total state size = 13.502 MiB
srv          load:  - looking for better prompt, base f_keep = 0.009, sim = 0.111
srv        update:  - cache state: 41 prompts, 939.242 MiB (limits: 8192.000 MiB, 4096 tokens, 65527 est)
srv        update:    - prompt 0xf0ecd0:     106 tokens, checkpoints:  0,    13.252 MiB
srv        update:    - prompt 0x4397eb0:     107 tokens, checkpoints:  0,    13.377 MiB
srv        update:    - prompt 0x439da00:     106 tokens, checkpoints:  0,    13.252 MiB
srv        update:    - prompt 0x3219be0:     107 tokens, checkpoints:  0,    13.377 MiB
srv        update:    - prompt 0x321c6f0:     105 tokens, checkpoints:  0,    13.127 MiB
srv        update:    - prompt 0x43990c0:     110 tokens, checkpoints:  0,    13.752 MiB
srv        update:    - prompt 0x1019e50:     116 tokens, checkpoints:  0,    14.502 MiB
srv        update:    - prompt 0x118e380:     109 tokens, checkpoints:  0,    13.627 MiB
srv        update:    - prompt 0x3219110:     113 tokens, checkpoints:  0,    14.127 MiB
srv        update:    - prompt 0x321e0f0:     108 tokens, checkpoints:  0,    13.502 MiB
srv        update:    - prompt 0x4398870:     108 tokens, checkpoints:  0,    13.502 MiB
srv        update:    - prompt 0xfdafe0:     108 tokens, checkpoints:  0,    13.502 MiB
srv        update:    - prompt 0xee3170:     111 tokens, checkpoints:  0,    13.877 MiB
srv        update:    - prompt 0x11f3590:     119 tokens, checkpoints:  0,    14.877 MiB
srv        update:    - prompt 0x3222110:     123 tokens, checkpoints:  0,    15.377 MiB
srv        update:    - prompt 0x32222d0:     165 tokens, checkpoints:  0,    20.628 MiB
srv        update:    - prompt 0x439c6b0:     131 tokens, checkpoints:  0,    16.377 MiB
srv        update:    - prompt 0x11f26a0:     135 tokens, checkpoints:  0,    16.877 MiB
srv        update:    - prompt 0x4398f70:     132 tokens, checkpoints:  0,    16.502 MiB
srv        update:    - prompt 0x4395330:     146 tokens, checkpoints:  0,    18.252 MiB
srv        update:    - prompt 0x118de20:     130 tokens, checkpoints:  0,    16.252 MiB
srv        update:    - prompt 0x32191b0:     136 tokens, checkpoints:  0,    17.002 MiB
srv        update:    - prompt 0x439c010:     136 tokens, checkpoints:  0,    17.002 MiB
srv        update:    - prompt 0x439a8d0:     241 tokens, checkpoints:  0,    30.129 MiB
srv        update:    - prompt 0x118e2a0:     325 tokens, checkpoints:  0,    40.629 MiB
srv        update:    - prompt 0xfffdcc0062a0:     363 tokens, checkpoints:  0,    45.380 MiB
srv        update:    - prompt 0xfffdd0004ad0:     425 tokens, checkpoints:  0,    53.131 MiB
srv        update:    - prompt 0x3ac9130:     409 tokens, checkpoints:  0,    51.130 MiB
srv        update:    - prompt 0x32284f0:     412 tokens, checkpoints:  0,    51.505 MiB
srv        update:    - prompt 0x322ece0:     418 tokens, checkpoints:  0,    52.256 MiB
srv        update:    - prompt 0x3ac8290:     415 tokens, checkpoints:  0,    51.880 MiB
srv        update:    - prompt 0x3239c10:     431 tokens, checkpoints:  0,    53.881 MiB
srv        update:    - prompt 0xf0cf10:     431 tokens, checkpoints:  0,    53.881 MiB
srv        update:    - prompt 0x3ac9990:     107 tokens, checkpoints:  0,    13.377 MiB
srv        update:    - prompt 0x3ad9850:     105 tokens, checkpoints:  0,    13.127 MiB
srv        update:    - prompt 0x4398620:     110 tokens, checkpoints:  0,    13.752 MiB
srv        update:    - prompt 0xf0c4e0:     116 tokens, checkpoints:  0,    14.502 MiB
srv        update:    - prompt 0x3adea70:     109 tokens, checkpoints:  0,    13.627 MiB
srv        update:    - prompt 0x3ae5890:     113 tokens, checkpoints:  0,    14.127 MiB
srv        update:    - prompt 0x3ae41b0:     108 tokens, checkpoints:  0,    13.502 MiB
srv        update:    - prompt 0x322e190:     108 tokens, checkpoints:  0,    13.502 MiB
srv  get_availabl: prompt cache update took 3.48 ms
slot launch_slot_: id  2 | task -1 | sampler chain: logits -> ?penalties -> ?dry -> ?top-n-sigma -> top-k -> ?typical -> top-p -> min-p -> ?xtc -> temp-ext -> dist 
slot launch_slot_: id  2 | task 4141 | processing task, is_child = 0
slot update_slots: id  2 | task 4141 | new prompt, n_ctx_slot = 4096, n_keep = 0, task.n_tokens = 9
slot update_slots: id  2 | task 4141 | n_tokens = 0, memory_seq_rm [0, end)
slot init_sampler: id  2 | task 4141 | init sampler, took 0.01 ms, tokens: text = 9, total = 9
slot update_slots: id  2 | task 4141 | prompt processing done, n_tokens = 9, batch.n_tokens = 9
srv  log_server_r: done request: POST /completion 127.0.0.1 200
slot print_timing: id  2 | task 4141 | 
prompt eval time =    5120.43 ms /     9 tokens (  568.94 ms per token,     1.76 tokens per second)
       eval time =   64044.78 ms /   100 tokens (  640.45 ms per token,     1.56 tokens per second)
      total time =   69165.21 ms /   109 tokens
slot      release: id  2 | task 4141 | stop processing: n_tokens = 108, truncated = 0
srv  update_slots: all slots are idle
slot get_availabl: id  1 | task -1 | selected slot by LRU, t_last = 270347348500
srv  get_availabl: updating prompt cache
srv          load:  - looking for better prompt, base f_keep = -1.000, sim = 0.000
srv        update:  - cache state: 41 prompts, 939.242 MiB (limits: 8192.000 MiB, 4096 tokens, 65527 est)
srv        update:    - prompt 0xf0ecd0:     106 tokens, checkpoints:  0,    13.252 MiB
srv        update:    - prompt 0x4397eb0:     107 tokens, checkpoints:  0,    13.377 MiB
srv        update:    - prompt 0x439da00:     106 tokens, checkpoints:  0,    13.252 MiB
srv        update:    - prompt 0x3219be0:     107 tokens, checkpoints:  0,    13.377 MiB
srv        update:    - prompt 0x321c6f0:     105 tokens, checkpoints:  0,    13.127 MiB
srv        update:    - prompt 0x43990c0:     110 tokens, checkpoints:  0,    13.752 MiB
srv        update:    - prompt 0x1019e50:     116 tokens, checkpoints:  0,    14.502 MiB
srv        update:    - prompt 0x118e380:     109 tokens, checkpoints:  0,    13.627 MiB
srv        update:    - prompt 0x3219110:     113 tokens, checkpoints:  0,    14.127 MiB
srv        update:    - prompt 0x321e0f0:     108 tokens, checkpoints:  0,    13.502 MiB
srv        update:    - prompt 0x4398870:     108 tokens, checkpoints:  0,    13.502 MiB
srv        update:    - prompt 0xfdafe0:     108 tokens, checkpoints:  0,    13.502 MiB
srv        update:    - prompt 0xee3170:     111 tokens, checkpoints:  0,    13.877 MiB
srv        update:    - prompt 0x11f3590:     119 tokens, checkpoints:  0,    14.877 MiB
srv        update:    - prompt 0x3222110:     123 tokens, checkpoints:  0,    15.377 MiB
srv        update:    - prompt 0x32222d0:     165 tokens, checkpoints:  0,    20.628 MiB
srv        update:    - prompt 0x439c6b0:     131 tokens, checkpoints:  0,    16.377 MiB
srv        update:    - prompt 0x11f26a0:     135 tokens, checkpoints:  0,    16.877 MiB
srv        update:    - prompt 0x4398f70:     132 tokens, checkpoints:  0,    16.502 MiB
srv        update:    - prompt 0x4395330:     146 tokens, checkpoints:  0,    18.252 MiB
srv        update:    - prompt 0x118de20:     130 tokens, checkpoints:  0,    16.252 MiB
srv        update:    - prompt 0x32191b0:     136 tokens, checkpoints:  0,    17.002 MiB
srv        update:    - prompt 0x439c010:     136 tokens, checkpoints:  0,    17.002 MiB
srv        update:    - prompt 0x439a8d0:     241 tokens, checkpoints:  0,    30.129 MiB
srv        update:    - prompt 0x118e2a0:     325 tokens, checkpoints:  0,    40.629 MiB
srv        update:    - prompt 0xfffdcc0062a0:     363 tokens, checkpoints:  0,    45.380 MiB
srv        update:    - prompt 0xfffdd0004ad0:     425 tokens, checkpoints:  0,    53.131 MiB
srv        update:    - prompt 0x3ac9130:     409 tokens, checkpoints:  0,    51.130 MiB
srv        update:    - prompt 0x32284f0:     412 tokens, checkpoints:  0,    51.505 MiB
srv        update:    - prompt 0x322ece0:     418 tokens, checkpoints:  0,    52.256 MiB
srv        update:    - prompt 0x3ac8290:     415 tokens, checkpoints:  0,    51.880 MiB
srv        update:    - prompt 0x3239c10:     431 tokens, checkpoints:  0,    53.881 MiB
srv        update:    - prompt 0xf0cf10:     431 tokens, checkpoints:  0,    53.881 MiB
srv        update:    - prompt 0x3ac9990:     107 tokens, checkpoints:  0,    13.377 MiB
srv        update:    - prompt 0x3ad9850:     105 tokens, checkpoints:  0,    13.127 MiB
srv        update:    - prompt 0x4398620:     110 tokens, checkpoints:  0,    13.752 MiB
srv        update:    - prompt 0xf0c4e0:     116 tokens, checkpoints:  0,    14.502 MiB
srv        update:    - prompt 0x3adea70:     109 tokens, checkpoints:  0,    13.627 MiB
srv        update:    - prompt 0x3ae5890:     113 tokens, checkpoints:  0,    14.127 MiB
srv        update:    - prompt 0x3ae41b0:     108 tokens, checkpoints:  0,    13.502 MiB
srv        update:    - prompt 0x322e190:     108 tokens, checkpoints:  0,    13.502 MiB
srv  get_availabl: prompt cache update took 0.16 ms
slot launch_slot_: id  1 | task -1 | sampler chain: logits -> ?penalties -> ?dry -> ?top-n-sigma -> top-k -> ?typical -> top-p -> min-p -> ?xtc -> temp-ext -> dist 
slot launch_slot_: id  1 | task 4242 | processing task, is_child = 0
slot slot_save_an: id  2 | task -1 | saving idle slot to prompt cache
srv   prompt_save:  - saving prompt with length 108, total state size = 13.502 MiB
slot prompt_clear: id  2 | task -1 | clearing prompt with 108 tokens
srv        update:  - cache state: 42 prompts, 952.744 MiB (limits: 8192.000 MiB, 4096 tokens, 65527 est)
srv        update:    - prompt 0xf0ecd0:     106 tokens, checkpoints:  0,    13.252 MiB
srv        update:    - prompt 0x4397eb0:     107 tokens, checkpoints:  0,    13.377 MiB
srv        update:    - prompt 0x439da00:     106 tokens, checkpoints:  0,    13.252 MiB
srv        update:    - prompt 0x3219be0:     107 tokens, checkpoints:  0,    13.377 MiB
srv        update:    - prompt 0x321c6f0:     105 tokens, checkpoints:  0,    13.127 MiB
srv        update:    - prompt 0x43990c0:     110 tokens, checkpoints:  0,    13.752 MiB
srv        update:    - prompt 0x1019e50:     116 tokens, checkpoints:  0,    14.502 MiB
srv        update:    - prompt 0x118e380:     109 tokens, checkpoints:  0,    13.627 MiB
srv        update:    - prompt 0x3219110:     113 tokens, checkpoints:  0,    14.127 MiB
srv        update:    - prompt 0x321e0f0:     108 tokens, checkpoints:  0,    13.502 MiB
srv        update:    - prompt 0x4398870:     108 tokens, checkpoints:  0,    13.502 MiB
srv        update:    - prompt 0xfdafe0:     108 tokens, checkpoints:  0,    13.502 MiB
srv        update:    - prompt 0xee3170:     111 tokens, checkpoints:  0,    13.877 MiB
srv        update:    - prompt 0x11f3590:     119 tokens, checkpoints:  0,    14.877 MiB
srv        update:    - prompt 0x3222110:     123 tokens, checkpoints:  0,    15.377 MiB
srv        update:    - prompt 0x32222d0:     165 tokens, checkpoints:  0,    20.628 MiB
srv        update:    - prompt 0x439c6b0:     131 tokens, checkpoints:  0,    16.377 MiB
srv        update:    - prompt 0x11f26a0:     135 tokens, checkpoints:  0,    16.877 MiB
srv        update:    - prompt 0x4398f70:     132 tokens, checkpoints:  0,    16.502 MiB
srv        update:    - prompt 0x4395330:     146 tokens, checkpoints:  0,    18.252 MiB
srv        update:    - prompt 0x118de20:     130 tokens, checkpoints:  0,    16.252 MiB
srv        update:    - prompt 0x32191b0:     136 tokens, checkpoints:  0,    17.002 MiB
srv        update:    - prompt 0x439c010:     136 tokens, checkpoints:  0,    17.002 MiB
srv        update:    - prompt 0x439a8d0:     241 tokens, checkpoints:  0,    30.129 MiB
srv        update:    - prompt 0x118e2a0:     325 tokens, checkpoints:  0,    40.629 MiB
srv        update:    - prompt 0xfffdcc0062a0:     363 tokens, checkpoints:  0,    45.380 MiB
srv        update:    - prompt 0xfffdd0004ad0:     425 tokens, checkpoints:  0,    53.131 MiB
srv        update:    - prompt 0x3ac9130:     409 tokens, checkpoints:  0,    51.130 MiB
srv        update:    - prompt 0x32284f0:     412 tokens, checkpoints:  0,    51.505 MiB
srv        update:    - prompt 0x322ece0:     418 tokens, checkpoints:  0,    52.256 MiB
srv        update:    - prompt 0x3ac8290:     415 tokens, checkpoints:  0,    51.880 MiB
srv        update:    - prompt 0x3239c10:     431 tokens, checkpoints:  0,    53.881 MiB
srv        update:    - prompt 0xf0cf10:     431 tokens, checkpoints:  0,    53.881 MiB
srv        update:    - prompt 0x3ac9990:     107 tokens, checkpoints:  0,    13.377 MiB
srv        update:    - prompt 0x3ad9850:     105 tokens, checkpoints:  0,    13.127 MiB
srv        update:    - prompt 0x4398620:     110 tokens, checkpoints:  0,    13.752 MiB
srv        update:    - prompt 0xf0c4e0:     116 tokens, checkpoints:  0,    14.502 MiB
srv        update:    - prompt 0x3adea70:     109 tokens, checkpoints:  0,    13.627 MiB
srv        update:    - prompt 0x3ae5890:     113 tokens, checkpoints:  0,    14.127 MiB
srv        update:    - prompt 0x3ae41b0:     108 tokens, checkpoints:  0,    13.502 MiB
srv        update:    - prompt 0x322e190:     108 tokens, checkpoints:  0,    13.502 MiB
srv        update:    - prompt 0x3af3d70:     108 tokens, checkpoints:  0,    13.502 MiB
slot update_slots: id  1 | task 4242 | new prompt, n_ctx_slot = 4096, n_keep = 0, task.n_tokens = 12
slot update_slots: id  1 | task 4242 | n_tokens = 0, memory_seq_rm [0, end)
slot init_sampler: id  1 | task 4242 | init sampler, took 0.01 ms, tokens: text = 12, total = 12
slot update_slots: id  1 | task 4242 | prompt processing done, n_tokens = 12, batch.n_tokens = 12
srv  log_server_r: done request: POST /completion 127.0.0.1 200
slot print_timing: id  1 | task 4242 | 
prompt eval time =    6790.96 ms /    12 tokens (  565.91 ms per token,     1.77 tokens per second)
       eval time =   64052.35 ms /   100 tokens (  640.52 ms per token,     1.56 tokens per second)
      total time =   70843.31 ms /   112 tokens
slot      release: id  1 | task 4242 | stop processing: n_tokens = 111, truncated = 0
srv  update_slots: all slots are idle
slot get_availabl: id  0 | task -1 | selected slot by LRU, t_last = 270421641942
srv  get_availabl: updating prompt cache
srv          load:  - looking for better prompt, base f_keep = -1.000, sim = 0.000
srv        update:  - cache state: 42 prompts, 952.744 MiB (limits: 8192.000 MiB, 4096 tokens, 65527 est)
srv        update:    - prompt 0xf0ecd0:     106 tokens, checkpoints:  0,    13.252 MiB
srv        update:    - prompt 0x4397eb0:     107 tokens, checkpoints:  0,    13.377 MiB
srv        update:    - prompt 0x439da00:     106 tokens, checkpoints:  0,    13.252 MiB
srv        update:    - prompt 0x3219be0:     107 tokens, checkpoints:  0,    13.377 MiB
srv        update:    - prompt 0x321c6f0:     105 tokens, checkpoints:  0,    13.127 MiB
srv        update:    - prompt 0x43990c0:     110 tokens, checkpoints:  0,    13.752 MiB
srv        update:    - prompt 0x1019e50:     116 tokens, checkpoints:  0,    14.502 MiB
srv        update:    - prompt 0x118e380:     109 tokens, checkpoints:  0,    13.627 MiB
srv        update:    - prompt 0x3219110:     113 tokens, checkpoints:  0,    14.127 MiB
srv        update:    - prompt 0x321e0f0:     108 tokens, checkpoints:  0,    13.502 MiB
srv        update:    - prompt 0x4398870:     108 tokens, checkpoints:  0,    13.502 MiB
srv        update:    - prompt 0xfdafe0:     108 tokens, checkpoints:  0,    13.502 MiB
srv        update:    - prompt 0xee3170:     111 tokens, checkpoints:  0,    13.877 MiB
srv        update:    - prompt 0x11f3590:     119 tokens, checkpoints:  0,    14.877 MiB
srv        update:    - prompt 0x3222110:     123 tokens, checkpoints:  0,    15.377 MiB
srv        update:    - prompt 0x32222d0:     165 tokens, checkpoints:  0,    20.628 MiB
srv        update:    - prompt 0x439c6b0:     131 tokens, checkpoints:  0,    16.377 MiB
srv        update:    - prompt 0x11f26a0:     135 tokens, checkpoints:  0,    16.877 MiB
srv        update:    - prompt 0x4398f70:     132 tokens, checkpoints:  0,    16.502 MiB
srv        update:    - prompt 0x4395330:     146 tokens, checkpoints:  0,    18.252 MiB
srv        update:    - prompt 0x118de20:     130 tokens, checkpoints:  0,    16.252 MiB
srv        update:    - prompt 0x32191b0:     136 tokens, checkpoints:  0,    17.002 MiB
srv        update:    - prompt 0x439c010:     136 tokens, checkpoints:  0,    17.002 MiB
srv        update:    - prompt 0x439a8d0:     241 tokens, checkpoints:  0,    30.129 MiB
srv        update:    - prompt 0x118e2a0:     325 tokens, checkpoints:  0,    40.629 MiB
srv        update:    - prompt 0xfffdcc0062a0:     363 tokens, checkpoints:  0,    45.380 MiB
srv        update:    - prompt 0xfffdd0004ad0:     425 tokens, checkpoints:  0,    53.131 MiB
srv        update:    - prompt 0x3ac9130:     409 tokens, checkpoints:  0,    51.130 MiB
srv        update:    - prompt 0x32284f0:     412 tokens, checkpoints:  0,    51.505 MiB
srv        update:    - prompt 0x322ece0:     418 tokens, checkpoints:  0,    52.256 MiB
srv        update:    - prompt 0x3ac8290:     415 tokens, checkpoints:  0,    51.880 MiB
srv        update:    - prompt 0x3239c10:     431 tokens, checkpoints:  0,    53.881 MiB
srv        update:    - prompt 0xf0cf10:     431 tokens, checkpoints:  0,    53.881 MiB
srv        update:    - prompt 0x3ac9990:     107 tokens, checkpoints:  0,    13.377 MiB
srv        update:    - prompt 0x3ad9850:     105 tokens, checkpoints:  0,    13.127 MiB
srv        update:    - prompt 0x4398620:     110 tokens, checkpoints:  0,    13.752 MiB
srv        update:    - prompt 0xf0c4e0:     116 tokens, checkpoints:  0,    14.502 MiB
srv        update:    - prompt 0x3adea70:     109 tokens, checkpoints:  0,    13.627 MiB
srv        update:    - prompt 0x3ae5890:     113 tokens, checkpoints:  0,    14.127 MiB
srv        update:    - prompt 0x3ae41b0:     108 tokens, checkpoints:  0,    13.502 MiB
srv        update:    - prompt 0x322e190:     108 tokens, checkpoints:  0,    13.502 MiB
srv        update:    - prompt 0x3af3d70:     108 tokens, checkpoints:  0,    13.502 MiB
srv  get_availabl: prompt cache update took 0.18 ms
slot launch_slot_: id  0 | task -1 | sampler chain: logits -> ?penalties -> ?dry -> ?top-n-sigma -> top-k -> ?typical -> top-p -> min-p -> ?xtc -> temp-ext -> dist 
slot launch_slot_: id  0 | task 4343 | processing task, is_child = 0
slot slot_save_an: id  1 | task -1 | saving idle slot to prompt cache
srv   prompt_save:  - saving prompt with length 111, total state size = 13.877 MiB
slot prompt_clear: id  1 | task -1 | clearing prompt with 111 tokens
srv        update:  - cache state: 43 prompts, 966.621 MiB (limits: 8192.000 MiB, 4096 tokens, 65527 est)
srv        update:    - prompt 0xf0ecd0:     106 tokens, checkpoints:  0,    13.252 MiB
srv        update:    - prompt 0x4397eb0:     107 tokens, checkpoints:  0,    13.377 MiB
srv        update:    - prompt 0x439da00:     106 tokens, checkpoints:  0,    13.252 MiB
srv        update:    - prompt 0x3219be0:     107 tokens, checkpoints:  0,    13.377 MiB
srv        update:    - prompt 0x321c6f0:     105 tokens, checkpoints:  0,    13.127 MiB
srv        update:    - prompt 0x43990c0:     110 tokens, checkpoints:  0,    13.752 MiB
srv        update:    - prompt 0x1019e50:     116 tokens, checkpoints:  0,    14.502 MiB
srv        update:    - prompt 0x118e380:     109 tokens, checkpoints:  0,    13.627 MiB
srv        update:    - prompt 0x3219110:     113 tokens, checkpoints:  0,    14.127 MiB
srv        update:    - prompt 0x321e0f0:     108 tokens, checkpoints:  0,    13.502 MiB
srv        update:    - prompt 0x4398870:     108 tokens, checkpoints:  0,    13.502 MiB
srv        update:    - prompt 0xfdafe0:     108 tokens, checkpoints:  0,    13.502 MiB
srv        update:    - prompt 0xee3170:     111 tokens, checkpoints:  0,    13.877 MiB
srv        update:    - prompt 0x11f3590:     119 tokens, checkpoints:  0,    14.877 MiB
srv        update:    - prompt 0x3222110:     123 tokens, checkpoints:  0,    15.377 MiB
srv        update:    - prompt 0x32222d0:     165 tokens, checkpoints:  0,    20.628 MiB
srv        update:    - prompt 0x439c6b0:     131 tokens, checkpoints:  0,    16.377 MiB
srv        update:    - prompt 0x11f26a0:     135 tokens, checkpoints:  0,    16.877 MiB
srv        update:    - prompt 0x4398f70:     132 tokens, checkpoints:  0,    16.502 MiB
srv        update:    - prompt 0x4395330:     146 tokens, checkpoints:  0,    18.252 MiB
srv        update:    - prompt 0x118de20:     130 tokens, checkpoints:  0,    16.252 MiB
srv        update:    - prompt 0x32191b0:     136 tokens, checkpoints:  0,    17.002 MiB
srv        update:    - prompt 0x439c010:     136 tokens, checkpoints:  0,    17.002 MiB
srv        update:    - prompt 0x439a8d0:     241 tokens, checkpoints:  0,    30.129 MiB
srv        update:    - prompt 0x118e2a0:     325 tokens, checkpoints:  0,    40.629 MiB
srv        update:    - prompt 0xfffdcc0062a0:     363 tokens, checkpoints:  0,    45.380 MiB
srv        update:    - prompt 0xfffdd0004ad0:     425 tokens, checkpoints:  0,    53.131 MiB
srv        update:    - prompt 0x3ac9130:     409 tokens, checkpoints:  0,    51.130 MiB
srv        update:    - prompt 0x32284f0:     412 tokens, checkpoints:  0,    51.505 MiB
srv        update:    - prompt 0x322ece0:     418 tokens, checkpoints:  0,    52.256 MiB
srv        update:    - prompt 0x3ac8290:     415 tokens, checkpoints:  0,    51.880 MiB
srv        update:    - prompt 0x3239c10:     431 tokens, checkpoints:  0,    53.881 MiB
srv        update:    - prompt 0xf0cf10:     431 tokens, checkpoints:  0,    53.881 MiB
srv        update:    - prompt 0x3ac9990:     107 tokens, checkpoints:  0,    13.377 MiB
srv        update:    - prompt 0x3ad9850:     105 tokens, checkpoints:  0,    13.127 MiB
srv        update:    - prompt 0x4398620:     110 tokens, checkpoints:  0,    13.752 MiB
srv        update:    - prompt 0xf0c4e0:     116 tokens, checkpoints:  0,    14.502 MiB
srv        update:    - prompt 0x3adea70:     109 tokens, checkpoints:  0,    13.627 MiB
srv        update:    - prompt 0x3ae5890:     113 tokens, checkpoints:  0,    14.127 MiB
srv        update:    - prompt 0x3ae41b0:     108 tokens, checkpoints:  0,    13.502 MiB
srv        update:    - prompt 0x322e190:     108 tokens, checkpoints:  0,    13.502 MiB
srv        update:    - prompt 0x3af3d70:     108 tokens, checkpoints:  0,    13.502 MiB
srv        update:    - prompt 0x3af38d0:     111 tokens, checkpoints:  0,    13.877 MiB
slot update_slots: id  0 | task 4343 | new prompt, n_ctx_slot = 4096, n_keep = 0, task.n_tokens = 20
slot update_slots: id  0 | task 4343 | n_tokens = 0, memory_seq_rm [0, end)
slot init_sampler: id  0 | task 4343 | init sampler, took 0.01 ms, tokens: text = 20, total = 20
slot update_slots: id  0 | task 4343 | prompt processing done, n_tokens = 20, batch.n_tokens = 20
srv  log_server_r: done request: POST /completion 127.0.0.1 200
slot print_timing: id  0 | task 4343 | 
prompt eval time =   11281.75 ms /    20 tokens (  564.09 ms per token,     1.77 tokens per second)
       eval time =   64141.96 ms /   100 tokens (  641.42 ms per token,     1.56 tokens per second)
      total time =   75423.71 ms /   120 tokens
slot      release: id  0 | task 4343 | stop processing: n_tokens = 119, truncated = 0
srv  update_slots: all slots are idle
slot get_availabl: id  3 | task -1 | selected slot by LRU, t_last = 270491945237
srv  get_availabl: updating prompt cache
srv          load:  - looking for better prompt, base f_keep = -1.000, sim = 0.000
srv        update:  - cache state: 43 prompts, 966.621 MiB (limits: 8192.000 MiB, 4096 tokens, 65527 est)
srv        update:    - prompt 0xf0ecd0:     106 tokens, checkpoints:  0,    13.252 MiB
srv        update:    - prompt 0x4397eb0:     107 tokens, checkpoints:  0,    13.377 MiB
srv        update:    - prompt 0x439da00:     106 tokens, checkpoints:  0,    13.252 MiB
srv        update:    - prompt 0x3219be0:     107 tokens, checkpoints:  0,    13.377 MiB
srv        update:    - prompt 0x321c6f0:     105 tokens, checkpoints:  0,    13.127 MiB
srv        update:    - prompt 0x43990c0:     110 tokens, checkpoints:  0,    13.752 MiB
srv        update:    - prompt 0x1019e50:     116 tokens, checkpoints:  0,    14.502 MiB
srv        update:    - prompt 0x118e380:     109 tokens, checkpoints:  0,    13.627 MiB
srv        update:    - prompt 0x3219110:     113 tokens, checkpoints:  0,    14.127 MiB
srv        update:    - prompt 0x321e0f0:     108 tokens, checkpoints:  0,    13.502 MiB
srv        update:    - prompt 0x4398870:     108 tokens, checkpoints:  0,    13.502 MiB
srv        update:    - prompt 0xfdafe0:     108 tokens, checkpoints:  0,    13.502 MiB
srv        update:    - prompt 0xee3170:     111 tokens, checkpoints:  0,    13.877 MiB
srv        update:    - prompt 0x11f3590:     119 tokens, checkpoints:  0,    14.877 MiB
srv        update:    - prompt 0x3222110:     123 tokens, checkpoints:  0,    15.377 MiB
srv        update:    - prompt 0x32222d0:     165 tokens, checkpoints:  0,    20.628 MiB
srv        update:    - prompt 0x439c6b0:     131 tokens, checkpoints:  0,    16.377 MiB
srv        update:    - prompt 0x11f26a0:     135 tokens, checkpoints:  0,    16.877 MiB
srv        update:    - prompt 0x4398f70:     132 tokens, checkpoints:  0,    16.502 MiB
srv        update:    - prompt 0x4395330:     146 tokens, checkpoints:  0,    18.252 MiB
srv        update:    - prompt 0x118de20:     130 tokens, checkpoints:  0,    16.252 MiB
srv        update:    - prompt 0x32191b0:     136 tokens, checkpoints:  0,    17.002 MiB
srv        update:    - prompt 0x439c010:     136 tokens, checkpoints:  0,    17.002 MiB
srv        update:    - prompt 0x439a8d0:     241 tokens, checkpoints:  0,    30.129 MiB
srv        update:    - prompt 0x118e2a0:     325 tokens, checkpoints:  0,    40.629 MiB
srv        update:    - prompt 0xfffdcc0062a0:     363 tokens, checkpoints:  0,    45.380 MiB
srv        update:    - prompt 0xfffdd0004ad0:     425 tokens, checkpoints:  0,    53.131 MiB
srv        update:    - prompt 0x3ac9130:     409 tokens, checkpoints:  0,    51.130 MiB
srv        update:    - prompt 0x32284f0:     412 tokens, checkpoints:  0,    51.505 MiB
srv        update:    - prompt 0x322ece0:     418 tokens, checkpoints:  0,    52.256 MiB
srv        update:    - prompt 0x3ac8290:     415 tokens, checkpoints:  0,    51.880 MiB
srv        update:    - prompt 0x3239c10:     431 tokens, checkpoints:  0,    53.881 MiB
srv        update:    - prompt 0xf0cf10:     431 tokens, checkpoints:  0,    53.881 MiB
srv        update:    - prompt 0x3ac9990:     107 tokens, checkpoints:  0,    13.377 MiB
srv        update:    - prompt 0x3ad9850:     105 tokens, checkpoints:  0,    13.127 MiB
srv        update:    - prompt 0x4398620:     110 tokens, checkpoints:  0,    13.752 MiB
srv        update:    - prompt 0xf0c4e0:     116 tokens, checkpoints:  0,    14.502 MiB
srv        update:    - prompt 0x3adea70:     109 tokens, checkpoints:  0,    13.627 MiB
srv        update:    - prompt 0x3ae5890:     113 tokens, checkpoints:  0,    14.127 MiB
srv        update:    - prompt 0x3ae41b0:     108 tokens, checkpoints:  0,    13.502 MiB
srv        update:    - prompt 0x322e190:     108 tokens, checkpoints:  0,    13.502 MiB
srv        update:    - prompt 0x3af3d70:     108 tokens, checkpoints:  0,    13.502 MiB
srv        update:    - prompt 0x3af38d0:     111 tokens, checkpoints:  0,    13.877 MiB
srv  get_availabl: prompt cache update took 0.19 ms
slot launch_slot_: id  3 | task -1 | sampler chain: logits -> ?penalties -> ?dry -> ?top-n-sigma -> top-k -> ?typical -> top-p -> min-p -> ?xtc -> temp-ext -> dist 
slot launch_slot_: id  3 | task 4444 | processing task, is_child = 0
slot slot_save_an: id  0 | task -1 | saving idle slot to prompt cache
srv   prompt_save:  - saving prompt with length 119, total state size = 14.877 MiB
slot prompt_clear: id  0 | task -1 | clearing prompt with 119 tokens
srv        update:  - cache state: 44 prompts, 981.498 MiB (limits: 8192.000 MiB, 4096 tokens, 65527 est)
srv        update:    - prompt 0xf0ecd0:     106 tokens, checkpoints:  0,    13.252 MiB
srv        update:    - prompt 0x4397eb0:     107 tokens, checkpoints:  0,    13.377 MiB
srv        update:    - prompt 0x439da00:     106 tokens, checkpoints:  0,    13.252 MiB
srv        update:    - prompt 0x3219be0:     107 tokens, checkpoints:  0,    13.377 MiB
srv        update:    - prompt 0x321c6f0:     105 tokens, checkpoints:  0,    13.127 MiB
srv        update:    - prompt 0x43990c0:     110 tokens, checkpoints:  0,    13.752 MiB
srv        update:    - prompt 0x1019e50:     116 tokens, checkpoints:  0,    14.502 MiB
srv        update:    - prompt 0x118e380:     109 tokens, checkpoints:  0,    13.627 MiB
srv        update:    - prompt 0x3219110:     113 tokens, checkpoints:  0,    14.127 MiB
srv        update:    - prompt 0x321e0f0:     108 tokens, checkpoints:  0,    13.502 MiB
srv        update:    - prompt 0x4398870:     108 tokens, checkpoints:  0,    13.502 MiB
srv        update:    - prompt 0xfdafe0:     108 tokens, checkpoints:  0,    13.502 MiB
srv        update:    - prompt 0xee3170:     111 tokens, checkpoints:  0,    13.877 MiB
srv        update:    - prompt 0x11f3590:     119 tokens, checkpoints:  0,    14.877 MiB
srv        update:    - prompt 0x3222110:     123 tokens, checkpoints:  0,    15.377 MiB
srv        update:    - prompt 0x32222d0:     165 tokens, checkpoints:  0,    20.628 MiB
srv        update:    - prompt 0x439c6b0:     131 tokens, checkpoints:  0,    16.377 MiB
srv        update:    - prompt 0x11f26a0:     135 tokens, checkpoints:  0,    16.877 MiB
srv        update:    - prompt 0x4398f70:     132 tokens, checkpoints:  0,    16.502 MiB
srv        update:    - prompt 0x4395330:     146 tokens, checkpoints:  0,    18.252 MiB
srv        update:    - prompt 0x118de20:     130 tokens, checkpoints:  0,    16.252 MiB
srv        update:    - prompt 0x32191b0:     136 tokens, checkpoints:  0,    17.002 MiB
srv        update:    - prompt 0x439c010:     136 tokens, checkpoints:  0,    17.002 MiB
srv        update:    - prompt 0x439a8d0:     241 tokens, checkpoints:  0,    30.129 MiB
srv        update:    - prompt 0x118e2a0:     325 tokens, checkpoints:  0,    40.629 MiB
srv        update:    - prompt 0xfffdcc0062a0:     363 tokens, checkpoints:  0,    45.380 MiB
srv        update:    - prompt 0xfffdd0004ad0:     425 tokens, checkpoints:  0,    53.131 MiB
srv        update:    - prompt 0x3ac9130:     409 tokens, checkpoints:  0,    51.130 MiB
srv        update:    - prompt 0x32284f0:     412 tokens, checkpoints:  0,    51.505 MiB
srv        update:    - prompt 0x322ece0:     418 tokens, checkpoints:  0,    52.256 MiB
srv        update:    - prompt 0x3ac8290:     415 tokens, checkpoints:  0,    51.880 MiB
srv        update:    - prompt 0x3239c10:     431 tokens, checkpoints:  0,    53.881 MiB
srv        update:    - prompt 0xf0cf10:     431 tokens, checkpoints:  0,    53.881 MiB
srv        update:    - prompt 0x3ac9990:     107 tokens, checkpoints:  0,    13.377 MiB
srv        update:    - prompt 0x3ad9850:     105 tokens, checkpoints:  0,    13.127 MiB
srv        update:    - prompt 0x4398620:     110 tokens, checkpoints:  0,    13.752 MiB
srv        update:    - prompt 0xf0c4e0:     116 tokens, checkpoints:  0,    14.502 MiB
srv        update:    - prompt 0x3adea70:     109 tokens, checkpoints:  0,    13.627 MiB
srv        update:    - prompt 0x3ae5890:     113 tokens, checkpoints:  0,    14.127 MiB
srv        update:    - prompt 0x3ae41b0:     108 tokens, checkpoints:  0,    13.502 MiB
srv        update:    - prompt 0x322e190:     108 tokens, checkpoints:  0,    13.502 MiB
srv        update:    - prompt 0x3af3d70:     108 tokens, checkpoints:  0,    13.502 MiB
srv        update:    - prompt 0x3af38d0:     111 tokens, checkpoints:  0,    13.877 MiB
srv        update:    - prompt 0x438e090:     119 tokens, checkpoints:  0,    14.877 MiB
slot update_slots: id  3 | task 4444 | new prompt, n_ctx_slot = 4096, n_keep = 0, task.n_tokens = 24
slot update_slots: id  3 | task 4444 | n_tokens = 0, memory_seq_rm [0, end)
slot init_sampler: id  3 | task 4444 | init sampler, took 0.01 ms, tokens: text = 24, total = 24
slot update_slots: id  3 | task 4444 | prompt processing done, n_tokens = 24, batch.n_tokens = 24
srv  log_server_r: done request: POST /completion 127.0.0.1 200
slot print_timing: id  3 | task 4444 | 
prompt eval time =   13518.05 ms /    24 tokens (  563.25 ms per token,     1.78 tokens per second)
       eval time =   64182.32 ms /   100 tokens (  641.82 ms per token,     1.56 tokens per second)
      total time =   77700.38 ms /   124 tokens
slot      release: id  3 | task 4444 | stop processing: n_tokens = 123, truncated = 0
srv  update_slots: all slots are idle
slot get_availabl: id  2 | task -1 | selected slot by LRU, t_last = 270773744724
srv  get_availabl: updating prompt cache
srv          load:  - looking for better prompt, base f_keep = -1.000, sim = 0.000
srv          load:  - found better prompt with f_keep = 0.400, sim = 1.000
srv        update:  - cache state: 43 prompts, 960.870 MiB (limits: 8192.000 MiB, 4096 tokens, 65527 est)
srv        update:    - prompt 0xf0ecd0:     106 tokens, checkpoints:  0,    13.252 MiB
srv        update:    - prompt 0x4397eb0:     107 tokens, checkpoints:  0,    13.377 MiB
srv        update:    - prompt 0x439da00:     106 tokens, checkpoints:  0,    13.252 MiB
srv        update:    - prompt 0x3219be0:     107 tokens, checkpoints:  0,    13.377 MiB
srv        update:    - prompt 0x321c6f0:     105 tokens, checkpoints:  0,    13.127 MiB
srv        update:    - prompt 0x43990c0:     110 tokens, checkpoints:  0,    13.752 MiB
srv        update:    - prompt 0x1019e50:     116 tokens, checkpoints:  0,    14.502 MiB
srv        update:    - prompt 0x118e380:     109 tokens, checkpoints:  0,    13.627 MiB
srv        update:    - prompt 0x3219110:     113 tokens, checkpoints:  0,    14.127 MiB
srv        update:    - prompt 0x321e0f0:     108 tokens, checkpoints:  0,    13.502 MiB
srv        update:    - prompt 0x4398870:     108 tokens, checkpoints:  0,    13.502 MiB
srv        update:    - prompt 0xfdafe0:     108 tokens, checkpoints:  0,    13.502 MiB
srv        update:    - prompt 0xee3170:     111 tokens, checkpoints:  0,    13.877 MiB
srv        update:    - prompt 0x11f3590:     119 tokens, checkpoints:  0,    14.877 MiB
srv        update:    - prompt 0x3222110:     123 tokens, checkpoints:  0,    15.377 MiB
srv        update:    - prompt 0x439c6b0:     131 tokens, checkpoints:  0,    16.377 MiB
srv        update:    - prompt 0x11f26a0:     135 tokens, checkpoints:  0,    16.877 MiB
srv        update:    - prompt 0x4398f70:     132 tokens, checkpoints:  0,    16.502 MiB
srv        update:    - prompt 0x4395330:     146 tokens, checkpoints:  0,    18.252 MiB
srv        update:    - prompt 0x118de20:     130 tokens, checkpoints:  0,    16.252 MiB
srv        update:    - prompt 0x32191b0:     136 tokens, checkpoints:  0,    17.002 MiB
srv        update:    - prompt 0x439c010:     136 tokens, checkpoints:  0,    17.002 MiB
srv        update:    - prompt 0x439a8d0:     241 tokens, checkpoints:  0,    30.129 MiB
srv        update:    - prompt 0x118e2a0:     325 tokens, checkpoints:  0,    40.629 MiB
srv        update:    - prompt 0xfffdcc0062a0:     363 tokens, checkpoints:  0,    45.380 MiB
srv        update:    - prompt 0xfffdd0004ad0:     425 tokens, checkpoints:  0,    53.131 MiB
srv        update:    - prompt 0x3ac9130:     409 tokens, checkpoints:  0,    51.130 MiB
srv        update:    - prompt 0x32284f0:     412 tokens, checkpoints:  0,    51.505 MiB
srv        update:    - prompt 0x322ece0:     418 tokens, checkpoints:  0,    52.256 MiB
srv        update:    - prompt 0x3ac8290:     415 tokens, checkpoints:  0,    51.880 MiB
srv        update:    - prompt 0x3239c10:     431 tokens, checkpoints:  0,    53.881 MiB
srv        update:    - prompt 0xf0cf10:     431 tokens, checkpoints:  0,    53.881 MiB
srv        update:    - prompt 0x3ac9990:     107 tokens, checkpoints:  0,    13.377 MiB
srv        update:    - prompt 0x3ad9850:     105 tokens, checkpoints:  0,    13.127 MiB
srv        update:    - prompt 0x4398620:     110 tokens, checkpoints:  0,    13.752 MiB
srv        update:    - prompt 0xf0c4e0:     116 tokens, checkpoints:  0,    14.502 MiB
srv        update:    - prompt 0x3adea70:     109 tokens, checkpoints:  0,    13.627 MiB
srv        update:    - prompt 0x3ae5890:     113 tokens, checkpoints:  0,    14.127 MiB
srv        update:    - prompt 0x3ae41b0:     108 tokens, checkpoints:  0,    13.502 MiB
srv        update:    - prompt 0x322e190:     108 tokens, checkpoints:  0,    13.502 MiB
srv        update:    - prompt 0x3af3d70:     108 tokens, checkpoints:  0,    13.502 MiB
srv        update:    - prompt 0x3af38d0:     111 tokens, checkpoints:  0,    13.877 MiB
srv        update:    - prompt 0x438e090:     119 tokens, checkpoints:  0,    14.877 MiB
srv  get_availabl: prompt cache update took 26.40 ms
slot launch_slot_: id  2 | task -1 | sampler chain: logits -> ?penalties -> ?dry -> ?top-n-sigma -> top-k -> ?typical -> top-p -> min-p -> ?xtc -> temp-ext -> dist 
slot launch_slot_: id  2 | task 4545 | processing task, is_child = 0
slot slot_save_an: id  3 | task -1 | saving idle slot to prompt cache
srv   prompt_save:  - saving prompt with length 123, total state size = 15.377 MiB
slot prompt_clear: id  3 | task -1 | clearing prompt with 123 tokens
srv        update:  - cache state: 44 prompts, 976.247 MiB (limits: 8192.000 MiB, 4096 tokens, 65527 est)
srv        update:    - prompt 0xf0ecd0:     106 tokens, checkpoints:  0,    13.252 MiB
srv        update:    - prompt 0x4397eb0:     107 tokens, checkpoints:  0,    13.377 MiB
srv        update:    - prompt 0x439da00:     106 tokens, checkpoints:  0,    13.252 MiB
srv        update:    - prompt 0x3219be0:     107 tokens, checkpoints:  0,    13.377 MiB
srv        update:    - prompt 0x321c6f0:     105 tokens, checkpoints:  0,    13.127 MiB
srv        update:    - prompt 0x43990c0:     110 tokens, checkpoints:  0,    13.752 MiB
srv        update:    - prompt 0x1019e50:     116 tokens, checkpoints:  0,    14.502 MiB
srv        update:    - prompt 0x118e380:     109 tokens, checkpoints:  0,    13.627 MiB
srv        update:    - prompt 0x3219110:     113 tokens, checkpoints:  0,    14.127 MiB
srv        update:    - prompt 0x321e0f0:     108 tokens, checkpoints:  0,    13.502 MiB
srv        update:    - prompt 0x4398870:     108 tokens, checkpoints:  0,    13.502 MiB
srv        update:    - prompt 0xfdafe0:     108 tokens, checkpoints:  0,    13.502 MiB
srv        update:    - prompt 0xee3170:     111 tokens, checkpoints:  0,    13.877 MiB
srv        update:    - prompt 0x11f3590:     119 tokens, checkpoints:  0,    14.877 MiB
srv        update:    - prompt 0x3222110:     123 tokens, checkpoints:  0,    15.377 MiB
srv        update:    - prompt 0x439c6b0:     131 tokens, checkpoints:  0,    16.377 MiB
srv        update:    - prompt 0x11f26a0:     135 tokens, checkpoints:  0,    16.877 MiB
srv        update:    - prompt 0x4398f70:     132 tokens, checkpoints:  0,    16.502 MiB
srv        update:    - prompt 0x4395330:     146 tokens, checkpoints:  0,    18.252 MiB
srv        update:    - prompt 0x118de20:     130 tokens, checkpoints:  0,    16.252 MiB
srv        update:    - prompt 0x32191b0:     136 tokens, checkpoints:  0,    17.002 MiB
srv        update:    - prompt 0x439c010:     136 tokens, checkpoints:  0,    17.002 MiB
srv        update:    - prompt 0x439a8d0:     241 tokens, checkpoints:  0,    30.129 MiB
srv        update:    - prompt 0x118e2a0:     325 tokens, checkpoints:  0,    40.629 MiB
srv        update:    - prompt 0xfffdcc0062a0:     363 tokens, checkpoints:  0,    45.380 MiB
srv        update:    - prompt 0xfffdd0004ad0:     425 tokens, checkpoints:  0,    53.131 MiB
srv        update:    - prompt 0x3ac9130:     409 tokens, checkpoints:  0,    51.130 MiB
srv        update:    - prompt 0x32284f0:     412 tokens, checkpoints:  0,    51.505 MiB
srv        update:    - prompt 0x322ece0:     418 tokens, checkpoints:  0,    52.256 MiB
srv        update:    - prompt 0x3ac8290:     415 tokens, checkpoints:  0,    51.880 MiB
srv        update:    - prompt 0x3239c10:     431 tokens, checkpoints:  0,    53.881 MiB
srv        update:    - prompt 0xf0cf10:     431 tokens, checkpoints:  0,    53.881 MiB
srv        update:    - prompt 0x3ac9990:     107 tokens, checkpoints:  0,    13.377 MiB
srv        update:    - prompt 0x3ad9850:     105 tokens, checkpoints:  0,    13.127 MiB
srv        update:    - prompt 0x4398620:     110 tokens, checkpoints:  0,    13.752 MiB
srv        update:    - prompt 0xf0c4e0:     116 tokens, checkpoints:  0,    14.502 MiB
srv        update:    - prompt 0x3adea70:     109 tokens, checkpoints:  0,    13.627 MiB
srv        update:    - prompt 0x3ae5890:     113 tokens, checkpoints:  0,    14.127 MiB
srv        update:    - prompt 0x3ae41b0:     108 tokens, checkpoints:  0,    13.502 MiB
srv        update:    - prompt 0x322e190:     108 tokens, checkpoints:  0,    13.502 MiB
srv        update:    - prompt 0x3af3d70:     108 tokens, checkpoints:  0,    13.502 MiB
srv        update:    - prompt 0x3af38d0:     111 tokens, checkpoints:  0,    13.877 MiB
srv        update:    - prompt 0x438e090:     119 tokens, checkpoints:  0,    14.877 MiB
srv        update:    - prompt 0x32222d0:     123 tokens, checkpoints:  0,    15.377 MiB
slot update_slots: id  2 | task 4545 | new prompt, n_ctx_slot = 4096, n_keep = 0, task.n_tokens = 66
slot update_slots: id  2 | task 4545 | n_tokens = 0, memory_seq_rm [0, end)
slot init_sampler: id  2 | task 4545 | init sampler, took 0.04 ms, tokens: text = 66, total = 66
slot update_slots: id  2 | task 4545 | prompt processing done, n_tokens = 66, batch.n_tokens = 66
srv  log_server_r: done request: POST /completion 127.0.0.1 200
slot print_timing: id  2 | task 4545 | 
prompt eval time =   40786.16 ms /    66 tokens (  617.97 ms per token,     1.62 tokens per second)
       eval time =   64574.30 ms /   100 tokens (  645.74 ms per token,     1.55 tokens per second)
      total time =  105360.47 ms /   166 tokens
slot      release: id  2 | task 4545 | stop processing: n_tokens = 165, truncated = 0
srv  update_slots: all slots are idle
slot get_availabl: id  1 | task -1 | selected slot by LRU, t_last = 270845204080
srv  get_availabl: updating prompt cache
srv          load:  - looking for better prompt, base f_keep = -1.000, sim = 0.000
srv        update:  - cache state: 44 prompts, 976.247 MiB (limits: 8192.000 MiB, 4096 tokens, 65527 est)
srv        update:    - prompt 0xf0ecd0:     106 tokens, checkpoints:  0,    13.252 MiB
srv        update:    - prompt 0x4397eb0:     107 tokens, checkpoints:  0,    13.377 MiB
srv        update:    - prompt 0x439da00:     106 tokens, checkpoints:  0,    13.252 MiB
srv        update:    - prompt 0x3219be0:     107 tokens, checkpoints:  0,    13.377 MiB
srv        update:    - prompt 0x321c6f0:     105 tokens, checkpoints:  0,    13.127 MiB
srv        update:    - prompt 0x43990c0:     110 tokens, checkpoints:  0,    13.752 MiB
srv        update:    - prompt 0x1019e50:     116 tokens, checkpoints:  0,    14.502 MiB
srv        update:    - prompt 0x118e380:     109 tokens, checkpoints:  0,    13.627 MiB
srv        update:    - prompt 0x3219110:     113 tokens, checkpoints:  0,    14.127 MiB
srv        update:    - prompt 0x321e0f0:     108 tokens, checkpoints:  0,    13.502 MiB
srv        update:    - prompt 0x4398870:     108 tokens, checkpoints:  0,    13.502 MiB
srv        update:    - prompt 0xfdafe0:     108 tokens, checkpoints:  0,    13.502 MiB
srv        update:    - prompt 0xee3170:     111 tokens, checkpoints:  0,    13.877 MiB
srv        update:    - prompt 0x11f3590:     119 tokens, checkpoints:  0,    14.877 MiB
srv        update:    - prompt 0x3222110:     123 tokens, checkpoints:  0,    15.377 MiB
srv        update:    - prompt 0x439c6b0:     131 tokens, checkpoints:  0,    16.377 MiB
srv        update:    - prompt 0x11f26a0:     135 tokens, checkpoints:  0,    16.877 MiB
srv        update:    - prompt 0x4398f70:     132 tokens, checkpoints:  0,    16.502 MiB
srv        update:    - prompt 0x4395330:     146 tokens, checkpoints:  0,    18.252 MiB
srv        update:    - prompt 0x118de20:     130 tokens, checkpoints:  0,    16.252 MiB
srv        update:    - prompt 0x32191b0:     136 tokens, checkpoints:  0,    17.002 MiB
srv        update:    - prompt 0x439c010:     136 tokens, checkpoints:  0,    17.002 MiB
srv        update:    - prompt 0x439a8d0:     241 tokens, checkpoints:  0,    30.129 MiB
srv        update:    - prompt 0x118e2a0:     325 tokens, checkpoints:  0,    40.629 MiB
srv        update:    - prompt 0xfffdcc0062a0:     363 tokens, checkpoints:  0,    45.380 MiB
srv        update:    - prompt 0xfffdd0004ad0:     425 tokens, checkpoints:  0,    53.131 MiB
srv        update:    - prompt 0x3ac9130:     409 tokens, checkpoints:  0,    51.130 MiB
srv        update:    - prompt 0x32284f0:     412 tokens, checkpoints:  0,    51.505 MiB
srv        update:    - prompt 0x322ece0:     418 tokens, checkpoints:  0,    52.256 MiB
srv        update:    - prompt 0x3ac8290:     415 tokens, checkpoints:  0,    51.880 MiB
srv        update:    - prompt 0x3239c10:     431 tokens, checkpoints:  0,    53.881 MiB
srv        update:    - prompt 0xf0cf10:     431 tokens, checkpoints:  0,    53.881 MiB
srv        update:    - prompt 0x3ac9990:     107 tokens, checkpoints:  0,    13.377 MiB
srv        update:    - prompt 0x3ad9850:     105 tokens, checkpoints:  0,    13.127 MiB
srv        update:    - prompt 0x4398620:     110 tokens, checkpoints:  0,    13.752 MiB
srv        update:    - prompt 0xf0c4e0:     116 tokens, checkpoints:  0,    14.502 MiB
srv        update:    - prompt 0x3adea70:     109 tokens, checkpoints:  0,    13.627 MiB
srv        update:    - prompt 0x3ae5890:     113 tokens, checkpoints:  0,    14.127 MiB
srv        update:    - prompt 0x3ae41b0:     108 tokens, checkpoints:  0,    13.502 MiB
srv        update:    - prompt 0x322e190:     108 tokens, checkpoints:  0,    13.502 MiB
srv        update:    - prompt 0x3af3d70:     108 tokens, checkpoints:  0,    13.502 MiB
srv        update:    - prompt 0x3af38d0:     111 tokens, checkpoints:  0,    13.877 MiB
srv        update:    - prompt 0x438e090:     119 tokens, checkpoints:  0,    14.877 MiB
srv        update:    - prompt 0x32222d0:     123 tokens, checkpoints:  0,    15.377 MiB
srv  get_availabl: prompt cache update took 0.21 ms
slot launch_slot_: id  1 | task -1 | sampler chain: logits -> ?penalties -> ?dry -> ?top-n-sigma -> top-k -> ?typical -> top-p -> min-p -> ?xtc -> temp-ext -> dist 
slot launch_slot_: id  1 | task 4646 | processing task, is_child = 0
slot slot_save_an: id  2 | task -1 | saving idle slot to prompt cache
srv   prompt_save:  - saving prompt with length 165, total state size = 20.628 MiB
slot prompt_clear: id  2 | task -1 | clearing prompt with 165 tokens
srv        update:  - cache state: 45 prompts, 996.875 MiB (limits: 8192.000 MiB, 4096 tokens, 65527 est)
srv        update:    - prompt 0xf0ecd0:     106 tokens, checkpoints:  0,    13.252 MiB
srv        update:    - prompt 0x4397eb0:     107 tokens, checkpoints:  0,    13.377 MiB
srv        update:    - prompt 0x439da00:     106 tokens, checkpoints:  0,    13.252 MiB
srv        update:    - prompt 0x3219be0:     107 tokens, checkpoints:  0,    13.377 MiB
srv        update:    - prompt 0x321c6f0:     105 tokens, checkpoints:  0,    13.127 MiB
srv        update:    - prompt 0x43990c0:     110 tokens, checkpoints:  0,    13.752 MiB
srv        update:    - prompt 0x1019e50:     116 tokens, checkpoints:  0,    14.502 MiB
srv        update:    - prompt 0x118e380:     109 tokens, checkpoints:  0,    13.627 MiB
srv        update:    - prompt 0x3219110:     113 tokens, checkpoints:  0,    14.127 MiB
srv        update:    - prompt 0x321e0f0:     108 tokens, checkpoints:  0,    13.502 MiB
srv        update:    - prompt 0x4398870:     108 tokens, checkpoints:  0,    13.502 MiB
srv        update:    - prompt 0xfdafe0:     108 tokens, checkpoints:  0,    13.502 MiB
srv        update:    - prompt 0xee3170:     111 tokens, checkpoints:  0,    13.877 MiB
srv        update:    - prompt 0x11f3590:     119 tokens, checkpoints:  0,    14.877 MiB
srv        update:    - prompt 0x3222110:     123 tokens, checkpoints:  0,    15.377 MiB
srv        update:    - prompt 0x439c6b0:     131 tokens, checkpoints:  0,    16.377 MiB
srv        update:    - prompt 0x11f26a0:     135 tokens, checkpoints:  0,    16.877 MiB
srv        update:    - prompt 0x4398f70:     132 tokens, checkpoints:  0,    16.502 MiB
srv        update:    - prompt 0x4395330:     146 tokens, checkpoints:  0,    18.252 MiB
srv        update:    - prompt 0x118de20:     130 tokens, checkpoints:  0,    16.252 MiB
srv        update:    - prompt 0x32191b0:     136 tokens, checkpoints:  0,    17.002 MiB
srv        update:    - prompt 0x439c010:     136 tokens, checkpoints:  0,    17.002 MiB
srv        update:    - prompt 0x439a8d0:     241 tokens, checkpoints:  0,    30.129 MiB
srv        update:    - prompt 0x118e2a0:     325 tokens, checkpoints:  0,    40.629 MiB
srv        update:    - prompt 0xfffdcc0062a0:     363 tokens, checkpoints:  0,    45.380 MiB
srv        update:    - prompt 0xfffdd0004ad0:     425 tokens, checkpoints:  0,    53.131 MiB
srv        update:    - prompt 0x3ac9130:     409 tokens, checkpoints:  0,    51.130 MiB
srv        update:    - prompt 0x32284f0:     412 tokens, checkpoints:  0,    51.505 MiB
srv        update:    - prompt 0x322ece0:     418 tokens, checkpoints:  0,    52.256 MiB
srv        update:    - prompt 0x3ac8290:     415 tokens, checkpoints:  0,    51.880 MiB
srv        update:    - prompt 0x3239c10:     431 tokens, checkpoints:  0,    53.881 MiB
srv        update:    - prompt 0xf0cf10:     431 tokens, checkpoints:  0,    53.881 MiB
srv        update:    - prompt 0x3ac9990:     107 tokens, checkpoints:  0,    13.377 MiB
srv        update:    - prompt 0x3ad9850:     105 tokens, checkpoints:  0,    13.127 MiB
srv        update:    - prompt 0x4398620:     110 tokens, checkpoints:  0,    13.752 MiB
srv        update:    - prompt 0xf0c4e0:     116 tokens, checkpoints:  0,    14.502 MiB
srv        update:    - prompt 0x3adea70:     109 tokens, checkpoints:  0,    13.627 MiB
srv        update:    - prompt 0x3ae5890:     113 tokens, checkpoints:  0,    14.127 MiB
srv        update:    - prompt 0x3ae41b0:     108 tokens, checkpoints:  0,    13.502 MiB
srv        update:    - prompt 0x322e190:     108 tokens, checkpoints:  0,    13.502 MiB
srv        update:    - prompt 0x3af3d70:     108 tokens, checkpoints:  0,    13.502 MiB
srv        update:    - prompt 0x3af38d0:     111 tokens, checkpoints:  0,    13.877 MiB
srv        update:    - prompt 0x438e090:     119 tokens, checkpoints:  0,    14.877 MiB
srv        update:    - prompt 0x32222d0:     123 tokens, checkpoints:  0,    15.377 MiB
srv        update:    - prompt 0x3af8fa0:     165 tokens, checkpoints:  0,    20.628 MiB
slot update_slots: id  1 | task 4646 | new prompt, n_ctx_slot = 4096, n_keep = 0, task.n_tokens = 32
slot update_slots: id  1 | task 4646 | n_tokens = 0, memory_seq_rm [0, end)
slot init_sampler: id  1 | task 4646 | init sampler, took 0.02 ms, tokens: text = 32, total = 32
slot update_slots: id  1 | task 4646 | prompt processing done, n_tokens = 32, batch.n_tokens = 32
srv  log_server_r: done request: POST /completion 127.0.0.1 200
slot print_timing: id  1 | task 4646 | 
prompt eval time =   17994.33 ms /    32 tokens (  562.32 ms per token,     1.78 tokens per second)
       eval time =   64242.97 ms /   100 tokens (  642.43 ms per token,     1.56 tokens per second)
      total time =   82237.30 ms /   132 tokens
slot      release: id  1 | task 4646 | stop processing: n_tokens = 131, truncated = 0
srv  update_slots: all slots are idle
slot get_availabl: id  0 | task -1 | selected slot by LRU, t_last = 270921218111
srv  get_availabl: updating prompt cache
srv          load:  - looking for better prompt, base f_keep = -1.000, sim = 0.000
srv          load:  - found better prompt with f_keep = 0.267, sim = 1.000
srv        update:  - cache state: 44 prompts, 979.998 MiB (limits: 8192.000 MiB, 4096 tokens, 65527 est)
srv        update:    - prompt 0xf0ecd0:     106 tokens, checkpoints:  0,    13.252 MiB
srv        update:    - prompt 0x4397eb0:     107 tokens, checkpoints:  0,    13.377 MiB
srv        update:    - prompt 0x439da00:     106 tokens, checkpoints:  0,    13.252 MiB
srv        update:    - prompt 0x3219be0:     107 tokens, checkpoints:  0,    13.377 MiB
srv        update:    - prompt 0x321c6f0:     105 tokens, checkpoints:  0,    13.127 MiB
srv        update:    - prompt 0x43990c0:     110 tokens, checkpoints:  0,    13.752 MiB
srv        update:    - prompt 0x1019e50:     116 tokens, checkpoints:  0,    14.502 MiB
srv        update:    - prompt 0x118e380:     109 tokens, checkpoints:  0,    13.627 MiB
srv        update:    - prompt 0x3219110:     113 tokens, checkpoints:  0,    14.127 MiB
srv        update:    - prompt 0x321e0f0:     108 tokens, checkpoints:  0,    13.502 MiB
srv        update:    - prompt 0x4398870:     108 tokens, checkpoints:  0,    13.502 MiB
srv        update:    - prompt 0xfdafe0:     108 tokens, checkpoints:  0,    13.502 MiB
srv        update:    - prompt 0xee3170:     111 tokens, checkpoints:  0,    13.877 MiB
srv        update:    - prompt 0x11f3590:     119 tokens, checkpoints:  0,    14.877 MiB
srv        update:    - prompt 0x3222110:     123 tokens, checkpoints:  0,    15.377 MiB
srv        update:    - prompt 0x439c6b0:     131 tokens, checkpoints:  0,    16.377 MiB
srv        update:    - prompt 0x4398f70:     132 tokens, checkpoints:  0,    16.502 MiB
srv        update:    - prompt 0x4395330:     146 tokens, checkpoints:  0,    18.252 MiB
srv        update:    - prompt 0x118de20:     130 tokens, checkpoints:  0,    16.252 MiB
srv        update:    - prompt 0x32191b0:     136 tokens, checkpoints:  0,    17.002 MiB
srv        update:    - prompt 0x439c010:     136 tokens, checkpoints:  0,    17.002 MiB
srv        update:    - prompt 0x439a8d0:     241 tokens, checkpoints:  0,    30.129 MiB
srv        update:    - prompt 0x118e2a0:     325 tokens, checkpoints:  0,    40.629 MiB
srv        update:    - prompt 0xfffdcc0062a0:     363 tokens, checkpoints:  0,    45.380 MiB
srv        update:    - prompt 0xfffdd0004ad0:     425 tokens, checkpoints:  0,    53.131 MiB
srv        update:    - prompt 0x3ac9130:     409 tokens, checkpoints:  0,    51.130 MiB
srv        update:    - prompt 0x32284f0:     412 tokens, checkpoints:  0,    51.505 MiB
srv        update:    - prompt 0x322ece0:     418 tokens, checkpoints:  0,    52.256 MiB
srv        update:    - prompt 0x3ac8290:     415 tokens, checkpoints:  0,    51.880 MiB
srv        update:    - prompt 0x3239c10:     431 tokens, checkpoints:  0,    53.881 MiB
srv        update:    - prompt 0xf0cf10:     431 tokens, checkpoints:  0,    53.881 MiB
srv        update:    - prompt 0x3ac9990:     107 tokens, checkpoints:  0,    13.377 MiB
srv        update:    - prompt 0x3ad9850:     105 tokens, checkpoints:  0,    13.127 MiB
srv        update:    - prompt 0x4398620:     110 tokens, checkpoints:  0,    13.752 MiB
srv        update:    - prompt 0xf0c4e0:     116 tokens, checkpoints:  0,    14.502 MiB
srv        update:    - prompt 0x3adea70:     109 tokens, checkpoints:  0,    13.627 MiB
srv        update:    - prompt 0x3ae5890:     113 tokens, checkpoints:  0,    14.127 MiB
srv        update:    - prompt 0x3ae41b0:     108 tokens, checkpoints:  0,    13.502 MiB
srv        update:    - prompt 0x322e190:     108 tokens, checkpoints:  0,    13.502 MiB
srv        update:    - prompt 0x3af3d70:     108 tokens, checkpoints:  0,    13.502 MiB
srv        update:    - prompt 0x3af38d0:     111 tokens, checkpoints:  0,    13.877 MiB
srv        update:    - prompt 0x438e090:     119 tokens, checkpoints:  0,    14.877 MiB
srv        update:    - prompt 0x32222d0:     123 tokens, checkpoints:  0,    15.377 MiB
srv        update:    - prompt 0x3af8fa0:     165 tokens, checkpoints:  0,    20.628 MiB
srv  get_availabl: prompt cache update took 5.63 ms
slot launch_slot_: id  0 | task -1 | sampler chain: logits -> ?penalties -> ?dry -> ?top-n-sigma -> top-k -> ?typical -> top-p -> min-p -> ?xtc -> temp-ext -> dist 
slot launch_slot_: id  0 | task 4747 | processing task, is_child = 0
slot slot_save_an: id  1 | task -1 | saving idle slot to prompt cache
srv   prompt_save:  - saving prompt with length 131, total state size = 16.377 MiB
slot prompt_clear: id  1 | task -1 | clearing prompt with 131 tokens
srv        update:  - cache state: 45 prompts, 996.375 MiB (limits: 8192.000 MiB, 4096 tokens, 65527 est)
srv        update:    - prompt 0xf0ecd0:     106 tokens, checkpoints:  0,    13.252 MiB
srv        update:    - prompt 0x4397eb0:     107 tokens, checkpoints:  0,    13.377 MiB
srv        update:    - prompt 0x439da00:     106 tokens, checkpoints:  0,    13.252 MiB
srv        update:    - prompt 0x3219be0:     107 tokens, checkpoints:  0,    13.377 MiB
srv        update:    - prompt 0x321c6f0:     105 tokens, checkpoints:  0,    13.127 MiB
srv        update:    - prompt 0x43990c0:     110 tokens, checkpoints:  0,    13.752 MiB
srv        update:    - prompt 0x1019e50:     116 tokens, checkpoints:  0,    14.502 MiB
srv        update:    - prompt 0x118e380:     109 tokens, checkpoints:  0,    13.627 MiB
srv        update:    - prompt 0x3219110:     113 tokens, checkpoints:  0,    14.127 MiB
srv        update:    - prompt 0x321e0f0:     108 tokens, checkpoints:  0,    13.502 MiB
srv        update:    - prompt 0x4398870:     108 tokens, checkpoints:  0,    13.502 MiB
srv        update:    - prompt 0xfdafe0:     108 tokens, checkpoints:  0,    13.502 MiB
srv        update:    - prompt 0xee3170:     111 tokens, checkpoints:  0,    13.877 MiB
srv        update:    - prompt 0x11f3590:     119 tokens, checkpoints:  0,    14.877 MiB
srv        update:    - prompt 0x3222110:     123 tokens, checkpoints:  0,    15.377 MiB
srv        update:    - prompt 0x439c6b0:     131 tokens, checkpoints:  0,    16.377 MiB
srv        update:    - prompt 0x4398f70:     132 tokens, checkpoints:  0,    16.502 MiB
srv        update:    - prompt 0x4395330:     146 tokens, checkpoints:  0,    18.252 MiB
srv        update:    - prompt 0x118de20:     130 tokens, checkpoints:  0,    16.252 MiB
srv        update:    - prompt 0x32191b0:     136 tokens, checkpoints:  0,    17.002 MiB
srv        update:    - prompt 0x439c010:     136 tokens, checkpoints:  0,    17.002 MiB
srv        update:    - prompt 0x439a8d0:     241 tokens, checkpoints:  0,    30.129 MiB
srv        update:    - prompt 0x118e2a0:     325 tokens, checkpoints:  0,    40.629 MiB
srv        update:    - prompt 0xfffdcc0062a0:     363 tokens, checkpoints:  0,    45.380 MiB
srv        update:    - prompt 0xfffdd0004ad0:     425 tokens, checkpoints:  0,    53.131 MiB
srv        update:    - prompt 0x3ac9130:     409 tokens, checkpoints:  0,    51.130 MiB
srv        update:    - prompt 0x32284f0:     412 tokens, checkpoints:  0,    51.505 MiB
srv        update:    - prompt 0x322ece0:     418 tokens, checkpoints:  0,    52.256 MiB
srv        update:    - prompt 0x3ac8290:     415 tokens, checkpoints:  0,    51.880 MiB
srv        update:    - prompt 0x3239c10:     431 tokens, checkpoints:  0,    53.881 MiB
srv        update:    - prompt 0xf0cf10:     431 tokens, checkpoints:  0,    53.881 MiB
srv        update:    - prompt 0x3ac9990:     107 tokens, checkpoints:  0,    13.377 MiB
srv        update:    - prompt 0x3ad9850:     105 tokens, checkpoints:  0,    13.127 MiB
srv        update:    - prompt 0x4398620:     110 tokens, checkpoints:  0,    13.752 MiB
srv        update:    - prompt 0xf0c4e0:     116 tokens, checkpoints:  0,    14.502 MiB
srv        update:    - prompt 0x3adea70:     109 tokens, checkpoints:  0,    13.627 MiB
srv        update:    - prompt 0x3ae5890:     113 tokens, checkpoints:  0,    14.127 MiB
srv        update:    - prompt 0x3ae41b0:     108 tokens, checkpoints:  0,    13.502 MiB
srv        update:    - prompt 0x322e190:     108 tokens, checkpoints:  0,    13.502 MiB
srv        update:    - prompt 0x3af3d70:     108 tokens, checkpoints:  0,    13.502 MiB
srv        update:    - prompt 0x3af38d0:     111 tokens, checkpoints:  0,    13.877 MiB
srv        update:    - prompt 0x438e090:     119 tokens, checkpoints:  0,    14.877 MiB
srv        update:    - prompt 0x32222d0:     123 tokens, checkpoints:  0,    15.377 MiB
srv        update:    - prompt 0x3af8fa0:     165 tokens, checkpoints:  0,    20.628 MiB
srv        update:    - prompt 0x11f26a0:     131 tokens, checkpoints:  0,    16.377 MiB
slot update_slots: id  0 | task 4747 | new prompt, n_ctx_slot = 4096, n_keep = 0, task.n_tokens = 36
slot update_slots: id  0 | task 4747 | n_tokens = 0, memory_seq_rm [0, end)
slot init_sampler: id  0 | task 4747 | init sampler, took 0.02 ms, tokens: text = 36, total = 36
slot update_slots: id  0 | task 4747 | prompt processing done, n_tokens = 36, batch.n_tokens = 36
srv  log_server_r: done request: POST /completion 127.0.0.1 200
slot print_timing: id  0 | task 4747 | 
prompt eval time =   20253.07 ms /    36 tokens (  562.59 ms per token,     1.78 tokens per second)
       eval time =   64294.34 ms /   100 tokens (  642.94 ms per token,     1.56 tokens per second)
      total time =   84547.41 ms /   136 tokens
slot      release: id  0 | task 4747 | stop processing: n_tokens = 135, truncated = 0
srv  update_slots: all slots are idle
slot get_availabl: id  3 | task -1 | selected slot by LRU, t_last = 270999518389
srv  get_availabl: updating prompt cache
srv          load:  - looking for better prompt, base f_keep = -1.000, sim = 0.000
srv          load:  - found better prompt with f_keep = 0.250, sim = 1.000
srv        update:  - cache state: 44 prompts, 979.873 MiB (limits: 8192.000 MiB, 4096 tokens, 65527 est)
srv        update:    - prompt 0xf0ecd0:     106 tokens, checkpoints:  0,    13.252 MiB
srv        update:    - prompt 0x4397eb0:     107 tokens, checkpoints:  0,    13.377 MiB
srv        update:    - prompt 0x439da00:     106 tokens, checkpoints:  0,    13.252 MiB
srv        update:    - prompt 0x3219be0:     107 tokens, checkpoints:  0,    13.377 MiB
srv        update:    - prompt 0x321c6f0:     105 tokens, checkpoints:  0,    13.127 MiB
srv        update:    - prompt 0x43990c0:     110 tokens, checkpoints:  0,    13.752 MiB
srv        update:    - prompt 0x1019e50:     116 tokens, checkpoints:  0,    14.502 MiB
srv        update:    - prompt 0x118e380:     109 tokens, checkpoints:  0,    13.627 MiB
srv        update:    - prompt 0x3219110:     113 tokens, checkpoints:  0,    14.127 MiB
srv        update:    - prompt 0x321e0f0:     108 tokens, checkpoints:  0,    13.502 MiB
srv        update:    - prompt 0x4398870:     108 tokens, checkpoints:  0,    13.502 MiB
srv        update:    - prompt 0xfdafe0:     108 tokens, checkpoints:  0,    13.502 MiB
srv        update:    - prompt 0xee3170:     111 tokens, checkpoints:  0,    13.877 MiB
srv        update:    - prompt 0x11f3590:     119 tokens, checkpoints:  0,    14.877 MiB
srv        update:    - prompt 0x3222110:     123 tokens, checkpoints:  0,    15.377 MiB
srv        update:    - prompt 0x439c6b0:     131 tokens, checkpoints:  0,    16.377 MiB
srv        update:    - prompt 0x4395330:     146 tokens, checkpoints:  0,    18.252 MiB
srv        update:    - prompt 0x118de20:     130 tokens, checkpoints:  0,    16.252 MiB
srv        update:    - prompt 0x32191b0:     136 tokens, checkpoints:  0,    17.002 MiB
srv        update:    - prompt 0x439c010:     136 tokens, checkpoints:  0,    17.002 MiB
srv        update:    - prompt 0x439a8d0:     241 tokens, checkpoints:  0,    30.129 MiB
srv        update:    - prompt 0x118e2a0:     325 tokens, checkpoints:  0,    40.629 MiB
srv        update:    - prompt 0xfffdcc0062a0:     363 tokens, checkpoints:  0,    45.380 MiB
srv        update:    - prompt 0xfffdd0004ad0:     425 tokens, checkpoints:  0,    53.131 MiB
srv        update:    - prompt 0x3ac9130:     409 tokens, checkpoints:  0,    51.130 MiB
srv        update:    - prompt 0x32284f0:     412 tokens, checkpoints:  0,    51.505 MiB
srv        update:    - prompt 0x322ece0:     418 tokens, checkpoints:  0,    52.256 MiB
srv        update:    - prompt 0x3ac8290:     415 tokens, checkpoints:  0,    51.880 MiB
srv        update:    - prompt 0x3239c10:     431 tokens, checkpoints:  0,    53.881 MiB
srv        update:    - prompt 0xf0cf10:     431 tokens, checkpoints:  0,    53.881 MiB
srv        update:    - prompt 0x3ac9990:     107 tokens, checkpoints:  0,    13.377 MiB
srv        update:    - prompt 0x3ad9850:     105 tokens, checkpoints:  0,    13.127 MiB
srv        update:    - prompt 0x4398620:     110 tokens, checkpoints:  0,    13.752 MiB
srv        update:    - prompt 0xf0c4e0:     116 tokens, checkpoints:  0,    14.502 MiB
srv        update:    - prompt 0x3adea70:     109 tokens, checkpoints:  0,    13.627 MiB
srv        update:    - prompt 0x3ae5890:     113 tokens, checkpoints:  0,    14.127 MiB
srv        update:    - prompt 0x3ae41b0:     108 tokens, checkpoints:  0,    13.502 MiB
srv        update:    - prompt 0x322e190:     108 tokens, checkpoints:  0,    13.502 MiB
srv        update:    - prompt 0x3af3d70:     108 tokens, checkpoints:  0,    13.502 MiB
srv        update:    - prompt 0x3af38d0:     111 tokens, checkpoints:  0,    13.877 MiB
srv        update:    - prompt 0x438e090:     119 tokens, checkpoints:  0,    14.877 MiB
srv        update:    - prompt 0x32222d0:     123 tokens, checkpoints:  0,    15.377 MiB
srv        update:    - prompt 0x3af8fa0:     165 tokens, checkpoints:  0,    20.628 MiB
srv        update:    - prompt 0x11f26a0:     131 tokens, checkpoints:  0,    16.377 MiB
srv  get_availabl: prompt cache update took 5.65 ms
slot launch_slot_: id  3 | task -1 | sampler chain: logits -> ?penalties -> ?dry -> ?top-n-sigma -> top-k -> ?typical -> top-p -> min-p -> ?xtc -> temp-ext -> dist 
slot launch_slot_: id  3 | task 4848 | processing task, is_child = 0
slot slot_save_an: id  0 | task -1 | saving idle slot to prompt cache
srv   prompt_save:  - saving prompt with length 135, total state size = 16.877 MiB
slot prompt_clear: id  0 | task -1 | clearing prompt with 135 tokens
srv        update:  - cache state: 45 prompts, 996.750 MiB (limits: 8192.000 MiB, 4096 tokens, 65527 est)
srv        update:    - prompt 0xf0ecd0:     106 tokens, checkpoints:  0,    13.252 MiB
srv        update:    - prompt 0x4397eb0:     107 tokens, checkpoints:  0,    13.377 MiB
srv        update:    - prompt 0x439da00:     106 tokens, checkpoints:  0,    13.252 MiB
srv        update:    - prompt 0x3219be0:     107 tokens, checkpoints:  0,    13.377 MiB
srv        update:    - prompt 0x321c6f0:     105 tokens, checkpoints:  0,    13.127 MiB
srv        update:    - prompt 0x43990c0:     110 tokens, checkpoints:  0,    13.752 MiB
srv        update:    - prompt 0x1019e50:     116 tokens, checkpoints:  0,    14.502 MiB
srv        update:    - prompt 0x118e380:     109 tokens, checkpoints:  0,    13.627 MiB
srv        update:    - prompt 0x3219110:     113 tokens, checkpoints:  0,    14.127 MiB
srv        update:    - prompt 0x321e0f0:     108 tokens, checkpoints:  0,    13.502 MiB
srv        update:    - prompt 0x4398870:     108 tokens, checkpoints:  0,    13.502 MiB
srv        update:    - prompt 0xfdafe0:     108 tokens, checkpoints:  0,    13.502 MiB
srv        update:    - prompt 0xee3170:     111 tokens, checkpoints:  0,    13.877 MiB
srv        update:    - prompt 0x11f3590:     119 tokens, checkpoints:  0,    14.877 MiB
srv        update:    - prompt 0x3222110:     123 tokens, checkpoints:  0,    15.377 MiB
srv        update:    - prompt 0x439c6b0:     131 tokens, checkpoints:  0,    16.377 MiB
srv        update:    - prompt 0x4395330:     146 tokens, checkpoints:  0,    18.252 MiB
srv        update:    - prompt 0x118de20:     130 tokens, checkpoints:  0,    16.252 MiB
srv        update:    - prompt 0x32191b0:     136 tokens, checkpoints:  0,    17.002 MiB
srv        update:    - prompt 0x439c010:     136 tokens, checkpoints:  0,    17.002 MiB
srv        update:    - prompt 0x439a8d0:     241 tokens, checkpoints:  0,    30.129 MiB
srv        update:    - prompt 0x118e2a0:     325 tokens, checkpoints:  0,    40.629 MiB
srv        update:    - prompt 0xfffdcc0062a0:     363 tokens, checkpoints:  0,    45.380 MiB
srv        update:    - prompt 0xfffdd0004ad0:     425 tokens, checkpoints:  0,    53.131 MiB
srv        update:    - prompt 0x3ac9130:     409 tokens, checkpoints:  0,    51.130 MiB
srv        update:    - prompt 0x32284f0:     412 tokens, checkpoints:  0,    51.505 MiB
srv        update:    - prompt 0x322ece0:     418 tokens, checkpoints:  0,    52.256 MiB
srv        update:    - prompt 0x3ac8290:     415 tokens, checkpoints:  0,    51.880 MiB
srv        update:    - prompt 0x3239c10:     431 tokens, checkpoints:  0,    53.881 MiB
srv        update:    - prompt 0xf0cf10:     431 tokens, checkpoints:  0,    53.881 MiB
srv        update:    - prompt 0x3ac9990:     107 tokens, checkpoints:  0,    13.377 MiB
srv        update:    - prompt 0x3ad9850:     105 tokens, checkpoints:  0,    13.127 MiB
srv        update:    - prompt 0x4398620:     110 tokens, checkpoints:  0,    13.752 MiB
srv        update:    - prompt 0xf0c4e0:     116 tokens, checkpoints:  0,    14.502 MiB
srv        update:    - prompt 0x3adea70:     109 tokens, checkpoints:  0,    13.627 MiB
srv        update:    - prompt 0x3ae5890:     113 tokens, checkpoints:  0,    14.127 MiB
srv        update:    - prompt 0x3ae41b0:     108 tokens, checkpoints:  0,    13.502 MiB
srv        update:    - prompt 0x322e190:     108 tokens, checkpoints:  0,    13.502 MiB
srv        update:    - prompt 0x3af3d70:     108 tokens, checkpoints:  0,    13.502 MiB
srv        update:    - prompt 0x3af38d0:     111 tokens, checkpoints:  0,    13.877 MiB
srv        update:    - prompt 0x438e090:     119 tokens, checkpoints:  0,    14.877 MiB
srv        update:    - prompt 0x32222d0:     123 tokens, checkpoints:  0,    15.377 MiB
srv        update:    - prompt 0x3af8fa0:     165 tokens, checkpoints:  0,    20.628 MiB
srv        update:    - prompt 0x11f26a0:     131 tokens, checkpoints:  0,    16.377 MiB
srv        update:    - prompt 0x3aeac00:     135 tokens, checkpoints:  0,    16.877 MiB
slot update_slots: id  3 | task 4848 | new prompt, n_ctx_slot = 4096, n_keep = 0, task.n_tokens = 33
slot update_slots: id  3 | task 4848 | n_tokens = 0, memory_seq_rm [0, end)
slot init_sampler: id  3 | task 4848 | init sampler, took 0.02 ms, tokens: text = 33, total = 33
slot update_slots: id  3 | task 4848 | prompt processing done, n_tokens = 33, batch.n_tokens = 33
srv  log_server_r: done request: POST /completion 127.0.0.1 200
slot print_timing: id  3 | task 4848 | 
prompt eval time =   18571.61 ms /    33 tokens (  562.78 ms per token,     1.78 tokens per second)
       eval time =   64247.58 ms /   100 tokens (  642.48 ms per token,     1.56 tokens per second)
      total time =   82819.19 ms /   133 tokens
slot      release: id  3 | task 4848 | stop processing: n_tokens = 132, truncated = 0
srv  update_slots: all slots are idle
slot get_availabl: id  2 | task -1 | selected slot by LRU, t_last = 271105496420
srv  get_availabl: updating prompt cache
srv          load:  - looking for better prompt, base f_keep = -1.000, sim = 0.000
srv          load:  - found better prompt with f_keep = 0.322, sim = 1.000
srv        update:  - cache state: 44 prompts, 978.497 MiB (limits: 8192.000 MiB, 4096 tokens, 65527 est)
srv        update:    - prompt 0xf0ecd0:     106 tokens, checkpoints:  0,    13.252 MiB
srv        update:    - prompt 0x4397eb0:     107 tokens, checkpoints:  0,    13.377 MiB
srv        update:    - prompt 0x439da00:     106 tokens, checkpoints:  0,    13.252 MiB
srv        update:    - prompt 0x3219be0:     107 tokens, checkpoints:  0,    13.377 MiB
srv        update:    - prompt 0x321c6f0:     105 tokens, checkpoints:  0,    13.127 MiB
srv        update:    - prompt 0x43990c0:     110 tokens, checkpoints:  0,    13.752 MiB
srv        update:    - prompt 0x1019e50:     116 tokens, checkpoints:  0,    14.502 MiB
srv        update:    - prompt 0x118e380:     109 tokens, checkpoints:  0,    13.627 MiB
srv        update:    - prompt 0x3219110:     113 tokens, checkpoints:  0,    14.127 MiB
srv        update:    - prompt 0x321e0f0:     108 tokens, checkpoints:  0,    13.502 MiB
srv        update:    - prompt 0x4398870:     108 tokens, checkpoints:  0,    13.502 MiB
srv        update:    - prompt 0xfdafe0:     108 tokens, checkpoints:  0,    13.502 MiB
srv        update:    - prompt 0xee3170:     111 tokens, checkpoints:  0,    13.877 MiB
srv        update:    - prompt 0x11f3590:     119 tokens, checkpoints:  0,    14.877 MiB
srv        update:    - prompt 0x3222110:     123 tokens, checkpoints:  0,    15.377 MiB
srv        update:    - prompt 0x439c6b0:     131 tokens, checkpoints:  0,    16.377 MiB
srv        update:    - prompt 0x118de20:     130 tokens, checkpoints:  0,    16.252 MiB
srv        update:    - prompt 0x32191b0:     136 tokens, checkpoints:  0,    17.002 MiB
srv        update:    - prompt 0x439c010:     136 tokens, checkpoints:  0,    17.002 MiB
srv        update:    - prompt 0x439a8d0:     241 tokens, checkpoints:  0,    30.129 MiB
srv        update:    - prompt 0x118e2a0:     325 tokens, checkpoints:  0,    40.629 MiB
srv        update:    - prompt 0xfffdcc0062a0:     363 tokens, checkpoints:  0,    45.380 MiB
srv        update:    - prompt 0xfffdd0004ad0:     425 tokens, checkpoints:  0,    53.131 MiB
srv        update:    - prompt 0x3ac9130:     409 tokens, checkpoints:  0,    51.130 MiB
srv        update:    - prompt 0x32284f0:     412 tokens, checkpoints:  0,    51.505 MiB
srv        update:    - prompt 0x322ece0:     418 tokens, checkpoints:  0,    52.256 MiB
srv        update:    - prompt 0x3ac8290:     415 tokens, checkpoints:  0,    51.880 MiB
srv        update:    - prompt 0x3239c10:     431 tokens, checkpoints:  0,    53.881 MiB
srv        update:    - prompt 0xf0cf10:     431 tokens, checkpoints:  0,    53.881 MiB
srv        update:    - prompt 0x3ac9990:     107 tokens, checkpoints:  0,    13.377 MiB
srv        update:    - prompt 0x3ad9850:     105 tokens, checkpoints:  0,    13.127 MiB
srv        update:    - prompt 0x4398620:     110 tokens, checkpoints:  0,    13.752 MiB
srv        update:    - prompt 0xf0c4e0:     116 tokens, checkpoints:  0,    14.502 MiB
srv        update:    - prompt 0x3adea70:     109 tokens, checkpoints:  0,    13.627 MiB
srv        update:    - prompt 0x3ae5890:     113 tokens, checkpoints:  0,    14.127 MiB
srv        update:    - prompt 0x3ae41b0:     108 tokens, checkpoints:  0,    13.502 MiB
srv        update:    - prompt 0x322e190:     108 tokens, checkpoints:  0,    13.502 MiB
srv        update:    - prompt 0x3af3d70:     108 tokens, checkpoints:  0,    13.502 MiB
srv        update:    - prompt 0x3af38d0:     111 tokens, checkpoints:  0,    13.877 MiB
srv        update:    - prompt 0x438e090:     119 tokens, checkpoints:  0,    14.877 MiB
srv        update:    - prompt 0x32222d0:     123 tokens, checkpoints:  0,    15.377 MiB
srv        update:    - prompt 0x3af8fa0:     165 tokens, checkpoints:  0,    20.628 MiB
srv        update:    - prompt 0x11f26a0:     131 tokens, checkpoints:  0,    16.377 MiB
srv        update:    - prompt 0x3aeac00:     135 tokens, checkpoints:  0,    16.877 MiB
srv  get_availabl: prompt cache update took 5.90 ms
slot launch_slot_: id  2 | task -1 | sampler chain: logits -> ?penalties -> ?dry -> ?top-n-sigma -> top-k -> ?typical -> top-p -> min-p -> ?xtc -> temp-ext -> dist 
slot launch_slot_: id  2 | task 4949 | processing task, is_child = 0
slot slot_save_an: id  3 | task -1 | saving idle slot to prompt cache
srv   prompt_save:  - saving prompt with length 132, total state size = 16.502 MiB
slot prompt_clear: id  3 | task -1 | clearing prompt with 132 tokens
srv        update:  - cache state: 45 prompts, 995.000 MiB (limits: 8192.000 MiB, 4096 tokens, 65527 est)
srv        update:    - prompt 0xf0ecd0:     106 tokens, checkpoints:  0,    13.252 MiB
srv        update:    - prompt 0x4397eb0:     107 tokens, checkpoints:  0,    13.377 MiB
srv        update:    - prompt 0x439da00:     106 tokens, checkpoints:  0,    13.252 MiB
srv        update:    - prompt 0x3219be0:     107 tokens, checkpoints:  0,    13.377 MiB
srv        update:    - prompt 0x321c6f0:     105 tokens, checkpoints:  0,    13.127 MiB
srv        update:    - prompt 0x43990c0:     110 tokens, checkpoints:  0,    13.752 MiB
srv        update:    - prompt 0x1019e50:     116 tokens, checkpoints:  0,    14.502 MiB
srv        update:    - prompt 0x118e380:     109 tokens, checkpoints:  0,    13.627 MiB
srv        update:    - prompt 0x3219110:     113 tokens, checkpoints:  0,    14.127 MiB
srv        update:    - prompt 0x321e0f0:     108 tokens, checkpoints:  0,    13.502 MiB
srv        update:    - prompt 0x4398870:     108 tokens, checkpoints:  0,    13.502 MiB
srv        update:    - prompt 0xfdafe0:     108 tokens, checkpoints:  0,    13.502 MiB
srv        update:    - prompt 0xee3170:     111 tokens, checkpoints:  0,    13.877 MiB
srv        update:    - prompt 0x11f3590:     119 tokens, checkpoints:  0,    14.877 MiB
srv        update:    - prompt 0x3222110:     123 tokens, checkpoints:  0,    15.377 MiB
srv        update:    - prompt 0x439c6b0:     131 tokens, checkpoints:  0,    16.377 MiB
srv        update:    - prompt 0x118de20:     130 tokens, checkpoints:  0,    16.252 MiB
srv        update:    - prompt 0x32191b0:     136 tokens, checkpoints:  0,    17.002 MiB
srv        update:    - prompt 0x439c010:     136 tokens, checkpoints:  0,    17.002 MiB
srv        update:    - prompt 0x439a8d0:     241 tokens, checkpoints:  0,    30.129 MiB
srv        update:    - prompt 0x118e2a0:     325 tokens, checkpoints:  0,    40.629 MiB
srv        update:    - prompt 0xfffdcc0062a0:     363 tokens, checkpoints:  0,    45.380 MiB
srv        update:    - prompt 0xfffdd0004ad0:     425 tokens, checkpoints:  0,    53.131 MiB
srv        update:    - prompt 0x3ac9130:     409 tokens, checkpoints:  0,    51.130 MiB
srv        update:    - prompt 0x32284f0:     412 tokens, checkpoints:  0,    51.505 MiB
srv        update:    - prompt 0x322ece0:     418 tokens, checkpoints:  0,    52.256 MiB
srv        update:    - prompt 0x3ac8290:     415 tokens, checkpoints:  0,    51.880 MiB
srv        update:    - prompt 0x3239c10:     431 tokens, checkpoints:  0,    53.881 MiB
srv        update:    - prompt 0xf0cf10:     431 tokens, checkpoints:  0,    53.881 MiB
srv        update:    - prompt 0x3ac9990:     107 tokens, checkpoints:  0,    13.377 MiB
srv        update:    - prompt 0x3ad9850:     105 tokens, checkpoints:  0,    13.127 MiB
srv        update:    - prompt 0x4398620:     110 tokens, checkpoints:  0,    13.752 MiB
srv        update:    - prompt 0xf0c4e0:     116 tokens, checkpoints:  0,    14.502 MiB
srv        update:    - prompt 0x3adea70:     109 tokens, checkpoints:  0,    13.627 MiB
srv        update:    - prompt 0x3ae5890:     113 tokens, checkpoints:  0,    14.127 MiB
srv        update:    - prompt 0x3ae41b0:     108 tokens, checkpoints:  0,    13.502 MiB
srv        update:    - prompt 0x322e190:     108 tokens, checkpoints:  0,    13.502 MiB
srv        update:    - prompt 0x3af3d70:     108 tokens, checkpoints:  0,    13.502 MiB
srv        update:    - prompt 0x3af38d0:     111 tokens, checkpoints:  0,    13.877 MiB
srv        update:    - prompt 0x438e090:     119 tokens, checkpoints:  0,    14.877 MiB
srv        update:    - prompt 0x32222d0:     123 tokens, checkpoints:  0,    15.377 MiB
srv        update:    - prompt 0x3af8fa0:     165 tokens, checkpoints:  0,    20.628 MiB
srv        update:    - prompt 0x11f26a0:     131 tokens, checkpoints:  0,    16.377 MiB
srv        update:    - prompt 0x3aeac00:     135 tokens, checkpoints:  0,    16.877 MiB
srv        update:    - prompt 0x4395330:     132 tokens, checkpoints:  0,    16.502 MiB
slot update_slots: id  2 | task 4949 | new prompt, n_ctx_slot = 4096, n_keep = 0, task.n_tokens = 47
slot update_slots: id  2 | task 4949 | n_tokens = 0, memory_seq_rm [0, end)
slot init_sampler: id  2 | task 4949 | init sampler, took 0.03 ms, tokens: text = 47, total = 47
slot update_slots: id  2 | task 4949 | prompt processing done, n_tokens = 47, batch.n_tokens = 47
srv  log_server_r: done request: POST /completion 127.0.0.1 200
slot print_timing: id  2 | task 4949 | 
prompt eval time =   26413.91 ms /    47 tokens (  562.00 ms per token,     1.78 tokens per second)
       eval time =   64384.98 ms /   100 tokens (  643.85 ms per token,     1.55 tokens per second)
      total time =   90798.89 ms /   147 tokens
slot      release: id  2 | task 4949 | stop processing: n_tokens = 146, truncated = 0
srv  update_slots: all slots are idle
slot get_availabl: id  1 | task -1 | selected slot by LRU, t_last = 271188325982
srv  get_availabl: updating prompt cache
srv          load:  - looking for better prompt, base f_keep = -1.000, sim = 0.000
srv        update:  - cache state: 45 prompts, 995.000 MiB (limits: 8192.000 MiB, 4096 tokens, 65527 est)
srv        update:    - prompt 0xf0ecd0:     106 tokens, checkpoints:  0,    13.252 MiB
srv        update:    - prompt 0x4397eb0:     107 tokens, checkpoints:  0,    13.377 MiB
srv        update:    - prompt 0x439da00:     106 tokens, checkpoints:  0,    13.252 MiB
srv        update:    - prompt 0x3219be0:     107 tokens, checkpoints:  0,    13.377 MiB
srv        update:    - prompt 0x321c6f0:     105 tokens, checkpoints:  0,    13.127 MiB
srv        update:    - prompt 0x43990c0:     110 tokens, checkpoints:  0,    13.752 MiB
srv        update:    - prompt 0x1019e50:     116 tokens, checkpoints:  0,    14.502 MiB
srv        update:    - prompt 0x118e380:     109 tokens, checkpoints:  0,    13.627 MiB
srv        update:    - prompt 0x3219110:     113 tokens, checkpoints:  0,    14.127 MiB
srv        update:    - prompt 0x321e0f0:     108 tokens, checkpoints:  0,    13.502 MiB
srv        update:    - prompt 0x4398870:     108 tokens, checkpoints:  0,    13.502 MiB
srv        update:    - prompt 0xfdafe0:     108 tokens, checkpoints:  0,    13.502 MiB
srv        update:    - prompt 0xee3170:     111 tokens, checkpoints:  0,    13.877 MiB
srv        update:    - prompt 0x11f3590:     119 tokens, checkpoints:  0,    14.877 MiB
srv        update:    - prompt 0x3222110:     123 tokens, checkpoints:  0,    15.377 MiB
srv        update:    - prompt 0x439c6b0:     131 tokens, checkpoints:  0,    16.377 MiB
srv        update:    - prompt 0x118de20:     130 tokens, checkpoints:  0,    16.252 MiB
srv        update:    - prompt 0x32191b0:     136 tokens, checkpoints:  0,    17.002 MiB
srv        update:    - prompt 0x439c010:     136 tokens, checkpoints:  0,    17.002 MiB
srv        update:    - prompt 0x439a8d0:     241 tokens, checkpoints:  0,    30.129 MiB
srv        update:    - prompt 0x118e2a0:     325 tokens, checkpoints:  0,    40.629 MiB
srv        update:    - prompt 0xfffdcc0062a0:     363 tokens, checkpoints:  0,    45.380 MiB
srv        update:    - prompt 0xfffdd0004ad0:     425 tokens, checkpoints:  0,    53.131 MiB
srv        update:    - prompt 0x3ac9130:     409 tokens, checkpoints:  0,    51.130 MiB
srv        update:    - prompt 0x32284f0:     412 tokens, checkpoints:  0,    51.505 MiB
srv        update:    - prompt 0x322ece0:     418 tokens, checkpoints:  0,    52.256 MiB
srv        update:    - prompt 0x3ac8290:     415 tokens, checkpoints:  0,    51.880 MiB
srv        update:    - prompt 0x3239c10:     431 tokens, checkpoints:  0,    53.881 MiB
srv        update:    - prompt 0xf0cf10:     431 tokens, checkpoints:  0,    53.881 MiB
srv        update:    - prompt 0x3ac9990:     107 tokens, checkpoints:  0,    13.377 MiB
srv        update:    - prompt 0x3ad9850:     105 tokens, checkpoints:  0,    13.127 MiB
srv        update:    - prompt 0x4398620:     110 tokens, checkpoints:  0,    13.752 MiB
srv        update:    - prompt 0xf0c4e0:     116 tokens, checkpoints:  0,    14.502 MiB
srv        update:    - prompt 0x3adea70:     109 tokens, checkpoints:  0,    13.627 MiB
srv        update:    - prompt 0x3ae5890:     113 tokens, checkpoints:  0,    14.127 MiB
srv        update:    - prompt 0x3ae41b0:     108 tokens, checkpoints:  0,    13.502 MiB
srv        update:    - prompt 0x322e190:     108 tokens, checkpoints:  0,    13.502 MiB
srv        update:    - prompt 0x3af3d70:     108 tokens, checkpoints:  0,    13.502 MiB
srv        update:    - prompt 0x3af38d0:     111 tokens, checkpoints:  0,    13.877 MiB
srv        update:    - prompt 0x438e090:     119 tokens, checkpoints:  0,    14.877 MiB
srv        update:    - prompt 0x32222d0:     123 tokens, checkpoints:  0,    15.377 MiB
srv        update:    - prompt 0x3af8fa0:     165 tokens, checkpoints:  0,    20.628 MiB
srv        update:    - prompt 0x11f26a0:     131 tokens, checkpoints:  0,    16.377 MiB
srv        update:    - prompt 0x3aeac00:     135 tokens, checkpoints:  0,    16.877 MiB
srv        update:    - prompt 0x4395330:     132 tokens, checkpoints:  0,    16.502 MiB
srv  get_availabl: prompt cache update took 0.20 ms
slot launch_slot_: id  1 | task -1 | sampler chain: logits -> ?penalties -> ?dry -> ?top-n-sigma -> top-k -> ?typical -> top-p -> min-p -> ?xtc -> temp-ext -> dist 
slot launch_slot_: id  1 | task 5050 | processing task, is_child = 0
slot slot_save_an: id  2 | task -1 | saving idle slot to prompt cache
srv   prompt_save:  - saving prompt with length 146, total state size = 18.252 MiB
slot prompt_clear: id  2 | task -1 | clearing prompt with 146 tokens
srv        update:  - cache state: 46 prompts, 1013.252 MiB (limits: 8192.000 MiB, 4096 tokens, 65527 est)
srv        update:    - prompt 0xf0ecd0:     106 tokens, checkpoints:  0,    13.252 MiB
srv        update:    - prompt 0x4397eb0:     107 tokens, checkpoints:  0,    13.377 MiB
srv        update:    - prompt 0x439da00:     106 tokens, checkpoints:  0,    13.252 MiB
srv        update:    - prompt 0x3219be0:     107 tokens, checkpoints:  0,    13.377 MiB
srv        update:    - prompt 0x321c6f0:     105 tokens, checkpoints:  0,    13.127 MiB
srv        update:    - prompt 0x43990c0:     110 tokens, checkpoints:  0,    13.752 MiB
srv        update:    - prompt 0x1019e50:     116 tokens, checkpoints:  0,    14.502 MiB
srv        update:    - prompt 0x118e380:     109 tokens, checkpoints:  0,    13.627 MiB
srv        update:    - prompt 0x3219110:     113 tokens, checkpoints:  0,    14.127 MiB
srv        update:    - prompt 0x321e0f0:     108 tokens, checkpoints:  0,    13.502 MiB
srv        update:    - prompt 0x4398870:     108 tokens, checkpoints:  0,    13.502 MiB
srv        update:    - prompt 0xfdafe0:     108 tokens, checkpoints:  0,    13.502 MiB
srv        update:    - prompt 0xee3170:     111 tokens, checkpoints:  0,    13.877 MiB
srv        update:    - prompt 0x11f3590:     119 tokens, checkpoints:  0,    14.877 MiB
srv        update:    - prompt 0x3222110:     123 tokens, checkpoints:  0,    15.377 MiB
srv        update:    - prompt 0x439c6b0:     131 tokens, checkpoints:  0,    16.377 MiB
srv        update:    - prompt 0x118de20:     130 tokens, checkpoints:  0,    16.252 MiB
srv        update:    - prompt 0x32191b0:     136 tokens, checkpoints:  0,    17.002 MiB
srv        update:    - prompt 0x439c010:     136 tokens, checkpoints:  0,    17.002 MiB
srv        update:    - prompt 0x439a8d0:     241 tokens, checkpoints:  0,    30.129 MiB
srv        update:    - prompt 0x118e2a0:     325 tokens, checkpoints:  0,    40.629 MiB
srv        update:    - prompt 0xfffdcc0062a0:     363 tokens, checkpoints:  0,    45.380 MiB
srv        update:    - prompt 0xfffdd0004ad0:     425 tokens, checkpoints:  0,    53.131 MiB
srv        update:    - prompt 0x3ac9130:     409 tokens, checkpoints:  0,    51.130 MiB
srv        update:    - prompt 0x32284f0:     412 tokens, checkpoints:  0,    51.505 MiB
srv        update:    - prompt 0x322ece0:     418 tokens, checkpoints:  0,    52.256 MiB
srv        update:    - prompt 0x3ac8290:     415 tokens, checkpoints:  0,    51.880 MiB
srv        update:    - prompt 0x3239c10:     431 tokens, checkpoints:  0,    53.881 MiB
srv        update:    - prompt 0xf0cf10:     431 tokens, checkpoints:  0,    53.881 MiB
srv        update:    - prompt 0x3ac9990:     107 tokens, checkpoints:  0,    13.377 MiB
srv        update:    - prompt 0x3ad9850:     105 tokens, checkpoints:  0,    13.127 MiB
srv        update:    - prompt 0x4398620:     110 tokens, checkpoints:  0,    13.752 MiB
srv        update:    - prompt 0xf0c4e0:     116 tokens, checkpoints:  0,    14.502 MiB
srv        update:    - prompt 0x3adea70:     109 tokens, checkpoints:  0,    13.627 MiB
srv        update:    - prompt 0x3ae5890:     113 tokens, checkpoints:  0,    14.127 MiB
srv        update:    - prompt 0x3ae41b0:     108 tokens, checkpoints:  0,    13.502 MiB
srv        update:    - prompt 0x322e190:     108 tokens, checkpoints:  0,    13.502 MiB
srv        update:    - prompt 0x3af3d70:     108 tokens, checkpoints:  0,    13.502 MiB
srv        update:    - prompt 0x3af38d0:     111 tokens, checkpoints:  0,    13.877 MiB
srv        update:    - prompt 0x438e090:     119 tokens, checkpoints:  0,    14.877 MiB
srv        update:    - prompt 0x32222d0:     123 tokens, checkpoints:  0,    15.377 MiB
srv        update:    - prompt 0x3af8fa0:     165 tokens, checkpoints:  0,    20.628 MiB
srv        update:    - prompt 0x11f26a0:     131 tokens, checkpoints:  0,    16.377 MiB
srv        update:    - prompt 0x3aeac00:     135 tokens, checkpoints:  0,    16.877 MiB
srv        update:    - prompt 0x4395330:     132 tokens, checkpoints:  0,    16.502 MiB
srv        update:    - prompt 0xf0c250:     146 tokens, checkpoints:  0,    18.252 MiB
slot update_slots: id  1 | task 5050 | new prompt, n_ctx_slot = 4096, n_keep = 0, task.n_tokens = 31
slot update_slots: id  1 | task 5050 | n_tokens = 0, memory_seq_rm [0, end)
slot init_sampler: id  1 | task 5050 | init sampler, took 0.02 ms, tokens: text = 31, total = 31
slot update_slots: id  1 | task 5050 | prompt processing done, n_tokens = 31, batch.n_tokens = 31
srv  log_server_r: done request: POST /completion 127.0.0.1 200
slot print_timing: id  1 | task 5050 | 
prompt eval time =   17435.68 ms /    31 tokens (  562.44 ms per token,     1.78 tokens per second)
       eval time =   64240.15 ms /   100 tokens (  642.40 ms per token,     1.56 tokens per second)
      total time =   81675.82 ms /   131 tokens
slot      release: id  1 | task 5050 | stop processing: n_tokens = 130, truncated = 0
srv  update_slots: all slots are idle
slot get_availabl: id  0 | task -1 | selected slot by LRU, t_last = 271273470713
srv  get_availabl: updating prompt cache
srv          load:  - looking for better prompt, base f_keep = -1.000, sim = 0.000
srv          load:  - found better prompt with f_keep = 0.272, sim = 1.000
srv        update:  - cache state: 45 prompts, 996.250 MiB (limits: 8192.000 MiB, 4096 tokens, 65527 est)
srv        update:    - prompt 0xf0ecd0:     106 tokens, checkpoints:  0,    13.252 MiB
srv        update:    - prompt 0x4397eb0:     107 tokens, checkpoints:  0,    13.377 MiB
srv        update:    - prompt 0x439da00:     106 tokens, checkpoints:  0,    13.252 MiB
srv        update:    - prompt 0x3219be0:     107 tokens, checkpoints:  0,    13.377 MiB
srv        update:    - prompt 0x321c6f0:     105 tokens, checkpoints:  0,    13.127 MiB
srv        update:    - prompt 0x43990c0:     110 tokens, checkpoints:  0,    13.752 MiB
srv        update:    - prompt 0x1019e50:     116 tokens, checkpoints:  0,    14.502 MiB
srv        update:    - prompt 0x118e380:     109 tokens, checkpoints:  0,    13.627 MiB
srv        update:    - prompt 0x3219110:     113 tokens, checkpoints:  0,    14.127 MiB
srv        update:    - prompt 0x321e0f0:     108 tokens, checkpoints:  0,    13.502 MiB
srv        update:    - prompt 0x4398870:     108 tokens, checkpoints:  0,    13.502 MiB
srv        update:    - prompt 0xfdafe0:     108 tokens, checkpoints:  0,    13.502 MiB
srv        update:    - prompt 0xee3170:     111 tokens, checkpoints:  0,    13.877 MiB
srv        update:    - prompt 0x11f3590:     119 tokens, checkpoints:  0,    14.877 MiB
srv        update:    - prompt 0x3222110:     123 tokens, checkpoints:  0,    15.377 MiB
srv        update:    - prompt 0x439c6b0:     131 tokens, checkpoints:  0,    16.377 MiB
srv        update:    - prompt 0x118de20:     130 tokens, checkpoints:  0,    16.252 MiB
srv        update:    - prompt 0x439c010:     136 tokens, checkpoints:  0,    17.002 MiB
srv        update:    - prompt 0x439a8d0:     241 tokens, checkpoints:  0,    30.129 MiB
srv        update:    - prompt 0x118e2a0:     325 tokens, checkpoints:  0,    40.629 MiB
srv        update:    - prompt 0xfffdcc0062a0:     363 tokens, checkpoints:  0,    45.380 MiB
srv        update:    - prompt 0xfffdd0004ad0:     425 tokens, checkpoints:  0,    53.131 MiB
srv        update:    - prompt 0x3ac9130:     409 tokens, checkpoints:  0,    51.130 MiB
srv        update:    - prompt 0x32284f0:     412 tokens, checkpoints:  0,    51.505 MiB
srv        update:    - prompt 0x322ece0:     418 tokens, checkpoints:  0,    52.256 MiB
srv        update:    - prompt 0x3ac8290:     415 tokens, checkpoints:  0,    51.880 MiB
srv        update:    - prompt 0x3239c10:     431 tokens, checkpoints:  0,    53.881 MiB
srv        update:    - prompt 0xf0cf10:     431 tokens, checkpoints:  0,    53.881 MiB
srv        update:    - prompt 0x3ac9990:     107 tokens, checkpoints:  0,    13.377 MiB
srv        update:    - prompt 0x3ad9850:     105 tokens, checkpoints:  0,    13.127 MiB
srv        update:    - prompt 0x4398620:     110 tokens, checkpoints:  0,    13.752 MiB
srv        update:    - prompt 0xf0c4e0:     116 tokens, checkpoints:  0,    14.502 MiB
srv        update:    - prompt 0x3adea70:     109 tokens, checkpoints:  0,    13.627 MiB
srv        update:    - prompt 0x3ae5890:     113 tokens, checkpoints:  0,    14.127 MiB
srv        update:    - prompt 0x3ae41b0:     108 tokens, checkpoints:  0,    13.502 MiB
srv        update:    - prompt 0x322e190:     108 tokens, checkpoints:  0,    13.502 MiB
srv        update:    - prompt 0x3af3d70:     108 tokens, checkpoints:  0,    13.502 MiB
srv        update:    - prompt 0x3af38d0:     111 tokens, checkpoints:  0,    13.877 MiB
srv        update:    - prompt 0x438e090:     119 tokens, checkpoints:  0,    14.877 MiB
srv        update:    - prompt 0x32222d0:     123 tokens, checkpoints:  0,    15.377 MiB
srv        update:    - prompt 0x3af8fa0:     165 tokens, checkpoints:  0,    20.628 MiB
srv        update:    - prompt 0x11f26a0:     131 tokens, checkpoints:  0,    16.377 MiB
srv        update:    - prompt 0x3aeac00:     135 tokens, checkpoints:  0,    16.877 MiB
srv        update:    - prompt 0x4395330:     132 tokens, checkpoints:  0,    16.502 MiB
srv        update:    - prompt 0xf0c250:     146 tokens, checkpoints:  0,    18.252 MiB
srv  get_availabl: prompt cache update took 5.59 ms
slot launch_slot_: id  0 | task -1 | sampler chain: logits -> ?penalties -> ?dry -> ?top-n-sigma -> top-k -> ?typical -> top-p -> min-p -> ?xtc -> temp-ext -> dist 
slot launch_slot_: id  0 | task 5151 | processing task, is_child = 0
slot slot_save_an: id  1 | task -1 | saving idle slot to prompt cache
srv   prompt_save:  - saving prompt with length 130, total state size = 16.252 MiB
slot prompt_clear: id  1 | task -1 | clearing prompt with 130 tokens
srv        update:  - cache state: 46 prompts, 1012.502 MiB (limits: 8192.000 MiB, 4096 tokens, 65527 est)
srv        update:    - prompt 0xf0ecd0:     106 tokens, checkpoints:  0,    13.252 MiB
srv        update:    - prompt 0x4397eb0:     107 tokens, checkpoints:  0,    13.377 MiB
srv        update:    - prompt 0x439da00:     106 tokens, checkpoints:  0,    13.252 MiB
srv        update:    - prompt 0x3219be0:     107 tokens, checkpoints:  0,    13.377 MiB
srv        update:    - prompt 0x321c6f0:     105 tokens, checkpoints:  0,    13.127 MiB
srv        update:    - prompt 0x43990c0:     110 tokens, checkpoints:  0,    13.752 MiB
srv        update:    - prompt 0x1019e50:     116 tokens, checkpoints:  0,    14.502 MiB
srv        update:    - prompt 0x118e380:     109 tokens, checkpoints:  0,    13.627 MiB
srv        update:    - prompt 0x3219110:     113 tokens, checkpoints:  0,    14.127 MiB
srv        update:    - prompt 0x321e0f0:     108 tokens, checkpoints:  0,    13.502 MiB
srv        update:    - prompt 0x4398870:     108 tokens, checkpoints:  0,    13.502 MiB
srv        update:    - prompt 0xfdafe0:     108 tokens, checkpoints:  0,    13.502 MiB
srv        update:    - prompt 0xee3170:     111 tokens, checkpoints:  0,    13.877 MiB
srv        update:    - prompt 0x11f3590:     119 tokens, checkpoints:  0,    14.877 MiB
srv        update:    - prompt 0x3222110:     123 tokens, checkpoints:  0,    15.377 MiB
srv        update:    - prompt 0x439c6b0:     131 tokens, checkpoints:  0,    16.377 MiB
srv        update:    - prompt 0x118de20:     130 tokens, checkpoints:  0,    16.252 MiB
srv        update:    - prompt 0x439c010:     136 tokens, checkpoints:  0,    17.002 MiB
srv        update:    - prompt 0x439a8d0:     241 tokens, checkpoints:  0,    30.129 MiB
srv        update:    - prompt 0x118e2a0:     325 tokens, checkpoints:  0,    40.629 MiB
srv        update:    - prompt 0xfffdcc0062a0:     363 tokens, checkpoints:  0,    45.380 MiB
srv        update:    - prompt 0xfffdd0004ad0:     425 tokens, checkpoints:  0,    53.131 MiB
srv        update:    - prompt 0x3ac9130:     409 tokens, checkpoints:  0,    51.130 MiB
srv        update:    - prompt 0x32284f0:     412 tokens, checkpoints:  0,    51.505 MiB
srv        update:    - prompt 0x322ece0:     418 tokens, checkpoints:  0,    52.256 MiB
srv        update:    - prompt 0x3ac8290:     415 tokens, checkpoints:  0,    51.880 MiB
srv        update:    - prompt 0x3239c10:     431 tokens, checkpoints:  0,    53.881 MiB
srv        update:    - prompt 0xf0cf10:     431 tokens, checkpoints:  0,    53.881 MiB
srv        update:    - prompt 0x3ac9990:     107 tokens, checkpoints:  0,    13.377 MiB
srv        update:    - prompt 0x3ad9850:     105 tokens, checkpoints:  0,    13.127 MiB
srv        update:    - prompt 0x4398620:     110 tokens, checkpoints:  0,    13.752 MiB
srv        update:    - prompt 0xf0c4e0:     116 tokens, checkpoints:  0,    14.502 MiB
srv        update:    - prompt 0x3adea70:     109 tokens, checkpoints:  0,    13.627 MiB
srv        update:    - prompt 0x3ae5890:     113 tokens, checkpoints:  0,    14.127 MiB
srv        update:    - prompt 0x3ae41b0:     108 tokens, checkpoints:  0,    13.502 MiB
srv        update:    - prompt 0x322e190:     108 tokens, checkpoints:  0,    13.502 MiB
srv        update:    - prompt 0x3af3d70:     108 tokens, checkpoints:  0,    13.502 MiB
srv        update:    - prompt 0x3af38d0:     111 tokens, checkpoints:  0,    13.877 MiB
srv        update:    - prompt 0x438e090:     119 tokens, checkpoints:  0,    14.877 MiB
srv        update:    - prompt 0x32222d0:     123 tokens, checkpoints:  0,    15.377 MiB
srv        update:    - prompt 0x3af8fa0:     165 tokens, checkpoints:  0,    20.628 MiB
srv        update:    - prompt 0x11f26a0:     131 tokens, checkpoints:  0,    16.377 MiB
srv        update:    - prompt 0x3aeac00:     135 tokens, checkpoints:  0,    16.877 MiB
srv        update:    - prompt 0x4395330:     132 tokens, checkpoints:  0,    16.502 MiB
srv        update:    - prompt 0xf0c250:     146 tokens, checkpoints:  0,    18.252 MiB
srv        update:    - prompt 0x32191b0:     130 tokens, checkpoints:  0,    16.252 MiB
slot update_slots: id  0 | task 5151 | new prompt, n_ctx_slot = 4096, n_keep = 0, task.n_tokens = 37
slot update_slots: id  0 | task 5151 | n_tokens = 0, memory_seq_rm [0, end)
slot init_sampler: id  0 | task 5151 | init sampler, took 0.02 ms, tokens: text = 37, total = 37
slot update_slots: id  0 | task 5151 | prompt processing done, n_tokens = 37, batch.n_tokens = 37
srv  log_server_r: done request: POST /completion 127.0.0.1 200
slot print_timing: id  0 | task 5151 | 
prompt eval time =   20812.17 ms /    37 tokens (  562.49 ms per token,     1.78 tokens per second)
       eval time =   64274.44 ms /   100 tokens (  642.74 ms per token,     1.56 tokens per second)
      total time =   85086.61 ms /   137 tokens
slot      release: id  0 | task 5151 | stop processing: n_tokens = 136, truncated = 0
srv  update_slots: all slots are idle
slot get_availabl: id  3 | task -1 | selected slot by LRU, t_last = 271356885188
srv  get_availabl: updating prompt cache
srv          load:  - looking for better prompt, base f_keep = -1.000, sim = 0.000
srv          load:  - found better prompt with f_keep = 0.272, sim = 1.000
srv        update:  - cache state: 45 prompts, 995.500 MiB (limits: 8192.000 MiB, 4096 tokens, 65527 est)
srv        update:    - prompt 0xf0ecd0:     106 tokens, checkpoints:  0,    13.252 MiB
srv        update:    - prompt 0x4397eb0:     107 tokens, checkpoints:  0,    13.377 MiB
srv        update:    - prompt 0x439da00:     106 tokens, checkpoints:  0,    13.252 MiB
srv        update:    - prompt 0x3219be0:     107 tokens, checkpoints:  0,    13.377 MiB
srv        update:    - prompt 0x321c6f0:     105 tokens, checkpoints:  0,    13.127 MiB
srv        update:    - prompt 0x43990c0:     110 tokens, checkpoints:  0,    13.752 MiB
srv        update:    - prompt 0x1019e50:     116 tokens, checkpoints:  0,    14.502 MiB
srv        update:    - prompt 0x118e380:     109 tokens, checkpoints:  0,    13.627 MiB
srv        update:    - prompt 0x3219110:     113 tokens, checkpoints:  0,    14.127 MiB
srv        update:    - prompt 0x321e0f0:     108 tokens, checkpoints:  0,    13.502 MiB
srv        update:    - prompt 0x4398870:     108 tokens, checkpoints:  0,    13.502 MiB
srv        update:    - prompt 0xfdafe0:     108 tokens, checkpoints:  0,    13.502 MiB
srv        update:    - prompt 0xee3170:     111 tokens, checkpoints:  0,    13.877 MiB
srv        update:    - prompt 0x11f3590:     119 tokens, checkpoints:  0,    14.877 MiB
srv        update:    - prompt 0x3222110:     123 tokens, checkpoints:  0,    15.377 MiB
srv        update:    - prompt 0x439c6b0:     131 tokens, checkpoints:  0,    16.377 MiB
srv        update:    - prompt 0x118de20:     130 tokens, checkpoints:  0,    16.252 MiB
srv        update:    - prompt 0x439a8d0:     241 tokens, checkpoints:  0,    30.129 MiB
srv        update:    - prompt 0x118e2a0:     325 tokens, checkpoints:  0,    40.629 MiB
srv        update:    - prompt 0xfffdcc0062a0:     363 tokens, checkpoints:  0,    45.380 MiB
srv        update:    - prompt 0xfffdd0004ad0:     425 tokens, checkpoints:  0,    53.131 MiB
srv        update:    - prompt 0x3ac9130:     409 tokens, checkpoints:  0,    51.130 MiB
srv        update:    - prompt 0x32284f0:     412 tokens, checkpoints:  0,    51.505 MiB
srv        update:    - prompt 0x322ece0:     418 tokens, checkpoints:  0,    52.256 MiB
srv        update:    - prompt 0x3ac8290:     415 tokens, checkpoints:  0,    51.880 MiB
srv        update:    - prompt 0x3239c10:     431 tokens, checkpoints:  0,    53.881 MiB
srv        update:    - prompt 0xf0cf10:     431 tokens, checkpoints:  0,    53.881 MiB
srv        update:    - prompt 0x3ac9990:     107 tokens, checkpoints:  0,    13.377 MiB
srv        update:    - prompt 0x3ad9850:     105 tokens, checkpoints:  0,    13.127 MiB
srv        update:    - prompt 0x4398620:     110 tokens, checkpoints:  0,    13.752 MiB
srv        update:    - prompt 0xf0c4e0:     116 tokens, checkpoints:  0,    14.502 MiB
srv        update:    - prompt 0x3adea70:     109 tokens, checkpoints:  0,    13.627 MiB
srv        update:    - prompt 0x3ae5890:     113 tokens, checkpoints:  0,    14.127 MiB
srv        update:    - prompt 0x3ae41b0:     108 tokens, checkpoints:  0,    13.502 MiB
srv        update:    - prompt 0x322e190:     108 tokens, checkpoints:  0,    13.502 MiB
srv        update:    - prompt 0x3af3d70:     108 tokens, checkpoints:  0,    13.502 MiB
srv        update:    - prompt 0x3af38d0:     111 tokens, checkpoints:  0,    13.877 MiB
srv        update:    - prompt 0x438e090:     119 tokens, checkpoints:  0,    14.877 MiB
srv        update:    - prompt 0x32222d0:     123 tokens, checkpoints:  0,    15.377 MiB
srv        update:    - prompt 0x3af8fa0:     165 tokens, checkpoints:  0,    20.628 MiB
srv        update:    - prompt 0x11f26a0:     131 tokens, checkpoints:  0,    16.377 MiB
srv        update:    - prompt 0x3aeac00:     135 tokens, checkpoints:  0,    16.877 MiB
srv        update:    - prompt 0x4395330:     132 tokens, checkpoints:  0,    16.502 MiB
srv        update:    - prompt 0xf0c250:     146 tokens, checkpoints:  0,    18.252 MiB
srv        update:    - prompt 0x32191b0:     130 tokens, checkpoints:  0,    16.252 MiB
srv  get_availabl: prompt cache update took 5.53 ms
slot launch_slot_: id  3 | task -1 | sampler chain: logits -> ?penalties -> ?dry -> ?top-n-sigma -> top-k -> ?typical -> top-p -> min-p -> ?xtc -> temp-ext -> dist 
slot launch_slot_: id  3 | task 5252 | processing task, is_child = 0
slot slot_save_an: id  0 | task -1 | saving idle slot to prompt cache
srv   prompt_save:  - saving prompt with length 136, total state size = 17.002 MiB
slot prompt_clear: id  0 | task -1 | clearing prompt with 136 tokens
srv        update:  - cache state: 46 prompts, 1012.502 MiB (limits: 8192.000 MiB, 4096 tokens, 65527 est)
srv        update:    - prompt 0xf0ecd0:     106 tokens, checkpoints:  0,    13.252 MiB
srv        update:    - prompt 0x4397eb0:     107 tokens, checkpoints:  0,    13.377 MiB
srv        update:    - prompt 0x439da00:     106 tokens, checkpoints:  0,    13.252 MiB
srv        update:    - prompt 0x3219be0:     107 tokens, checkpoints:  0,    13.377 MiB
srv        update:    - prompt 0x321c6f0:     105 tokens, checkpoints:  0,    13.127 MiB
srv        update:    - prompt 0x43990c0:     110 tokens, checkpoints:  0,    13.752 MiB
srv        update:    - prompt 0x1019e50:     116 tokens, checkpoints:  0,    14.502 MiB
srv        update:    - prompt 0x118e380:     109 tokens, checkpoints:  0,    13.627 MiB
srv        update:    - prompt 0x3219110:     113 tokens, checkpoints:  0,    14.127 MiB
srv        update:    - prompt 0x321e0f0:     108 tokens, checkpoints:  0,    13.502 MiB
srv        update:    - prompt 0x4398870:     108 tokens, checkpoints:  0,    13.502 MiB
srv        update:    - prompt 0xfdafe0:     108 tokens, checkpoints:  0,    13.502 MiB
srv        update:    - prompt 0xee3170:     111 tokens, checkpoints:  0,    13.877 MiB
srv        update:    - prompt 0x11f3590:     119 tokens, checkpoints:  0,    14.877 MiB
srv        update:    - prompt 0x3222110:     123 tokens, checkpoints:  0,    15.377 MiB
srv        update:    - prompt 0x439c6b0:     131 tokens, checkpoints:  0,    16.377 MiB
srv        update:    - prompt 0x118de20:     130 tokens, checkpoints:  0,    16.252 MiB
srv        update:    - prompt 0x439a8d0:     241 tokens, checkpoints:  0,    30.129 MiB
srv        update:    - prompt 0x118e2a0:     325 tokens, checkpoints:  0,    40.629 MiB
srv        update:    - prompt 0xfffdcc0062a0:     363 tokens, checkpoints:  0,    45.380 MiB
srv        update:    - prompt 0xfffdd0004ad0:     425 tokens, checkpoints:  0,    53.131 MiB
srv        update:    - prompt 0x3ac9130:     409 tokens, checkpoints:  0,    51.130 MiB
srv        update:    - prompt 0x32284f0:     412 tokens, checkpoints:  0,    51.505 MiB
srv        update:    - prompt 0x322ece0:     418 tokens, checkpoints:  0,    52.256 MiB
srv        update:    - prompt 0x3ac8290:     415 tokens, checkpoints:  0,    51.880 MiB
srv        update:    - prompt 0x3239c10:     431 tokens, checkpoints:  0,    53.881 MiB
srv        update:    - prompt 0xf0cf10:     431 tokens, checkpoints:  0,    53.881 MiB
srv        update:    - prompt 0x3ac9990:     107 tokens, checkpoints:  0,    13.377 MiB
srv        update:    - prompt 0x3ad9850:     105 tokens, checkpoints:  0,    13.127 MiB
srv        update:    - prompt 0x4398620:     110 tokens, checkpoints:  0,    13.752 MiB
srv        update:    - prompt 0xf0c4e0:     116 tokens, checkpoints:  0,    14.502 MiB
srv        update:    - prompt 0x3adea70:     109 tokens, checkpoints:  0,    13.627 MiB
srv        update:    - prompt 0x3ae5890:     113 tokens, checkpoints:  0,    14.127 MiB
srv        update:    - prompt 0x3ae41b0:     108 tokens, checkpoints:  0,    13.502 MiB
srv        update:    - prompt 0x322e190:     108 tokens, checkpoints:  0,    13.502 MiB
srv        update:    - prompt 0x3af3d70:     108 tokens, checkpoints:  0,    13.502 MiB
srv        update:    - prompt 0x3af38d0:     111 tokens, checkpoints:  0,    13.877 MiB
srv        update:    - prompt 0x438e090:     119 tokens, checkpoints:  0,    14.877 MiB
srv        update:    - prompt 0x32222d0:     123 tokens, checkpoints:  0,    15.377 MiB
srv        update:    - prompt 0x3af8fa0:     165 tokens, checkpoints:  0,    20.628 MiB
srv        update:    - prompt 0x11f26a0:     131 tokens, checkpoints:  0,    16.377 MiB
srv        update:    - prompt 0x3aeac00:     135 tokens, checkpoints:  0,    16.877 MiB
srv        update:    - prompt 0x4395330:     132 tokens, checkpoints:  0,    16.502 MiB
srv        update:    - prompt 0xf0c250:     146 tokens, checkpoints:  0,    18.252 MiB
srv        update:    - prompt 0x32191b0:     130 tokens, checkpoints:  0,    16.252 MiB
srv        update:    - prompt 0xee8ad0:     136 tokens, checkpoints:  0,    17.002 MiB
slot update_slots: id  3 | task 5252 | new prompt, n_ctx_slot = 4096, n_keep = 0, task.n_tokens = 37
slot update_slots: id  3 | task 5252 | n_tokens = 0, memory_seq_rm [0, end)
slot init_sampler: id  3 | task 5252 | init sampler, took 0.02 ms, tokens: text = 37, total = 37
slot update_slots: id  3 | task 5252 | prompt processing done, n_tokens = 37, batch.n_tokens = 37
srv  log_server_r: done request: POST /completion 127.0.0.1 200
slot print_timing: id  3 | task 5252 | 
prompt eval time =   20813.88 ms /    37 tokens (  562.54 ms per token,     1.78 tokens per second)
       eval time =   64296.30 ms /   100 tokens (  642.96 ms per token,     1.56 tokens per second)
      total time =   85110.18 ms /   137 tokens
slot      release: id  3 | task 5252 | stop processing: n_tokens = 136, truncated = 0
srv  update_slots: all slots are idle
slot get_availabl: id  2 | task -1 | selected slot by LRU, t_last = 271448280363
srv  get_availabl: updating prompt cache
srv          load:  - looking for better prompt, base f_keep = -1.000, sim = 0.000
srv          load:  - found better prompt with f_keep = 0.589, sim = 1.000
srv        update:  - cache state: 45 prompts, 982.374 MiB (limits: 8192.000 MiB, 4096 tokens, 65527 est)
srv        update:    - prompt 0xf0ecd0:     106 tokens, checkpoints:  0,    13.252 MiB
srv        update:    - prompt 0x4397eb0:     107 tokens, checkpoints:  0,    13.377 MiB
srv        update:    - prompt 0x439da00:     106 tokens, checkpoints:  0,    13.252 MiB
srv        update:    - prompt 0x3219be0:     107 tokens, checkpoints:  0,    13.377 MiB
srv        update:    - prompt 0x321c6f0:     105 tokens, checkpoints:  0,    13.127 MiB
srv        update:    - prompt 0x43990c0:     110 tokens, checkpoints:  0,    13.752 MiB
srv        update:    - prompt 0x1019e50:     116 tokens, checkpoints:  0,    14.502 MiB
srv        update:    - prompt 0x118e380:     109 tokens, checkpoints:  0,    13.627 MiB
srv        update:    - prompt 0x3219110:     113 tokens, checkpoints:  0,    14.127 MiB
srv        update:    - prompt 0x321e0f0:     108 tokens, checkpoints:  0,    13.502 MiB
srv        update:    - prompt 0x4398870:     108 tokens, checkpoints:  0,    13.502 MiB
srv        update:    - prompt 0xfdafe0:     108 tokens, checkpoints:  0,    13.502 MiB
srv        update:    - prompt 0xee3170:     111 tokens, checkpoints:  0,    13.877 MiB
srv        update:    - prompt 0x11f3590:     119 tokens, checkpoints:  0,    14.877 MiB
srv        update:    - prompt 0x3222110:     123 tokens, checkpoints:  0,    15.377 MiB
srv        update:    - prompt 0x439c6b0:     131 tokens, checkpoints:  0,    16.377 MiB
srv        update:    - prompt 0x118de20:     130 tokens, checkpoints:  0,    16.252 MiB
srv        update:    - prompt 0x118e2a0:     325 tokens, checkpoints:  0,    40.629 MiB
srv        update:    - prompt 0xfffdcc0062a0:     363 tokens, checkpoints:  0,    45.380 MiB
srv        update:    - prompt 0xfffdd0004ad0:     425 tokens, checkpoints:  0,    53.131 MiB
srv        update:    - prompt 0x3ac9130:     409 tokens, checkpoints:  0,    51.130 MiB
srv        update:    - prompt 0x32284f0:     412 tokens, checkpoints:  0,    51.505 MiB
srv        update:    - prompt 0x322ece0:     418 tokens, checkpoints:  0,    52.256 MiB
srv        update:    - prompt 0x3ac8290:     415 tokens, checkpoints:  0,    51.880 MiB
srv        update:    - prompt 0x3239c10:     431 tokens, checkpoints:  0,    53.881 MiB
srv        update:    - prompt 0xf0cf10:     431 tokens, checkpoints:  0,    53.881 MiB
srv        update:    - prompt 0x3ac9990:     107 tokens, checkpoints:  0,    13.377 MiB
srv        update:    - prompt 0x3ad9850:     105 tokens, checkpoints:  0,    13.127 MiB
srv        update:    - prompt 0x4398620:     110 tokens, checkpoints:  0,    13.752 MiB
srv        update:    - prompt 0xf0c4e0:     116 tokens, checkpoints:  0,    14.502 MiB
srv        update:    - prompt 0x3adea70:     109 tokens, checkpoints:  0,    13.627 MiB
srv        update:    - prompt 0x3ae5890:     113 tokens, checkpoints:  0,    14.127 MiB
srv        update:    - prompt 0x3ae41b0:     108 tokens, checkpoints:  0,    13.502 MiB
srv        update:    - prompt 0x322e190:     108 tokens, checkpoints:  0,    13.502 MiB
srv        update:    - prompt 0x3af3d70:     108 tokens, checkpoints:  0,    13.502 MiB
srv        update:    - prompt 0x3af38d0:     111 tokens, checkpoints:  0,    13.877 MiB
srv        update:    - prompt 0x438e090:     119 tokens, checkpoints:  0,    14.877 MiB
srv        update:    - prompt 0x32222d0:     123 tokens, checkpoints:  0,    15.377 MiB
srv        update:    - prompt 0x3af8fa0:     165 tokens, checkpoints:  0,    20.628 MiB
srv        update:    - prompt 0x11f26a0:     131 tokens, checkpoints:  0,    16.377 MiB
srv        update:    - prompt 0x3aeac00:     135 tokens, checkpoints:  0,    16.877 MiB
srv        update:    - prompt 0x4395330:     132 tokens, checkpoints:  0,    16.502 MiB
srv        update:    - prompt 0xf0c250:     146 tokens, checkpoints:  0,    18.252 MiB
srv        update:    - prompt 0x32191b0:     130 tokens, checkpoints:  0,    16.252 MiB
srv        update:    - prompt 0xee8ad0:     136 tokens, checkpoints:  0,    17.002 MiB
srv  get_availabl: prompt cache update took 9.38 ms
slot launch_slot_: id  2 | task -1 | sampler chain: logits -> ?penalties -> ?dry -> ?top-n-sigma -> top-k -> ?typical -> top-p -> min-p -> ?xtc -> temp-ext -> dist 
slot launch_slot_: id  2 | task 5353 | processing task, is_child = 0
slot slot_save_an: id  3 | task -1 | saving idle slot to prompt cache
srv   prompt_save:  - saving prompt with length 136, total state size = 17.002 MiB
slot prompt_clear: id  3 | task -1 | clearing prompt with 136 tokens
srv        update:  - cache state: 46 prompts, 999.376 MiB (limits: 8192.000 MiB, 4096 tokens, 65527 est)
srv        update:    - prompt 0xf0ecd0:     106 tokens, checkpoints:  0,    13.252 MiB
srv        update:    - prompt 0x4397eb0:     107 tokens, checkpoints:  0,    13.377 MiB
srv        update:    - prompt 0x439da00:     106 tokens, checkpoints:  0,    13.252 MiB
srv        update:    - prompt 0x3219be0:     107 tokens, checkpoints:  0,    13.377 MiB
srv        update:    - prompt 0x321c6f0:     105 tokens, checkpoints:  0,    13.127 MiB
srv        update:    - prompt 0x43990c0:     110 tokens, checkpoints:  0,    13.752 MiB
srv        update:    - prompt 0x1019e50:     116 tokens, checkpoints:  0,    14.502 MiB
srv        update:    - prompt 0x118e380:     109 tokens, checkpoints:  0,    13.627 MiB
srv        update:    - prompt 0x3219110:     113 tokens, checkpoints:  0,    14.127 MiB
srv        update:    - prompt 0x321e0f0:     108 tokens, checkpoints:  0,    13.502 MiB
srv        update:    - prompt 0x4398870:     108 tokens, checkpoints:  0,    13.502 MiB
srv        update:    - prompt 0xfdafe0:     108 tokens, checkpoints:  0,    13.502 MiB
srv        update:    - prompt 0xee3170:     111 tokens, checkpoints:  0,    13.877 MiB
srv        update:    - prompt 0x11f3590:     119 tokens, checkpoints:  0,    14.877 MiB
srv        update:    - prompt 0x3222110:     123 tokens, checkpoints:  0,    15.377 MiB
srv        update:    - prompt 0x439c6b0:     131 tokens, checkpoints:  0,    16.377 MiB
srv        update:    - prompt 0x118de20:     130 tokens, checkpoints:  0,    16.252 MiB
srv        update:    - prompt 0x118e2a0:     325 tokens, checkpoints:  0,    40.629 MiB
srv        update:    - prompt 0xfffdcc0062a0:     363 tokens, checkpoints:  0,    45.380 MiB
srv        update:    - prompt 0xfffdd0004ad0:     425 tokens, checkpoints:  0,    53.131 MiB
srv        update:    - prompt 0x3ac9130:     409 tokens, checkpoints:  0,    51.130 MiB
srv        update:    - prompt 0x32284f0:     412 tokens, checkpoints:  0,    51.505 MiB
srv        update:    - prompt 0x322ece0:     418 tokens, checkpoints:  0,    52.256 MiB
srv        update:    - prompt 0x3ac8290:     415 tokens, checkpoints:  0,    51.880 MiB
srv        update:    - prompt 0x3239c10:     431 tokens, checkpoints:  0,    53.881 MiB
srv        update:    - prompt 0xf0cf10:     431 tokens, checkpoints:  0,    53.881 MiB
srv        update:    - prompt 0x3ac9990:     107 tokens, checkpoints:  0,    13.377 MiB
srv        update:    - prompt 0x3ad9850:     105 tokens, checkpoints:  0,    13.127 MiB
srv        update:    - prompt 0x4398620:     110 tokens, checkpoints:  0,    13.752 MiB
srv        update:    - prompt 0xf0c4e0:     116 tokens, checkpoints:  0,    14.502 MiB
srv        update:    - prompt 0x3adea70:     109 tokens, checkpoints:  0,    13.627 MiB
srv        update:    - prompt 0x3ae5890:     113 tokens, checkpoints:  0,    14.127 MiB
srv        update:    - prompt 0x3ae41b0:     108 tokens, checkpoints:  0,    13.502 MiB
srv        update:    - prompt 0x322e190:     108 tokens, checkpoints:  0,    13.502 MiB
srv        update:    - prompt 0x3af3d70:     108 tokens, checkpoints:  0,    13.502 MiB
srv        update:    - prompt 0x3af38d0:     111 tokens, checkpoints:  0,    13.877 MiB
srv        update:    - prompt 0x438e090:     119 tokens, checkpoints:  0,    14.877 MiB
srv        update:    - prompt 0x32222d0:     123 tokens, checkpoints:  0,    15.377 MiB
srv        update:    - prompt 0x3af8fa0:     165 tokens, checkpoints:  0,    20.628 MiB
srv        update:    - prompt 0x11f26a0:     131 tokens, checkpoints:  0,    16.377 MiB
srv        update:    - prompt 0x3aeac00:     135 tokens, checkpoints:  0,    16.877 MiB
srv        update:    - prompt 0x4395330:     132 tokens, checkpoints:  0,    16.502 MiB
srv        update:    - prompt 0xf0c250:     146 tokens, checkpoints:  0,    18.252 MiB
srv        update:    - prompt 0x32191b0:     130 tokens, checkpoints:  0,    16.252 MiB
srv        update:    - prompt 0xee8ad0:     136 tokens, checkpoints:  0,    17.002 MiB
srv        update:    - prompt 0xf0d350:     136 tokens, checkpoints:  0,    17.002 MiB
slot update_slots: id  2 | task 5353 | new prompt, n_ctx_slot = 4096, n_keep = 0, task.n_tokens = 142
slot update_slots: id  2 | task 5353 | n_tokens = 0, memory_seq_rm [0, end)
slot init_sampler: id  2 | task 5353 | init sampler, took 0.08 ms, tokens: text = 142, total = 142
slot update_slots: id  2 | task 5353 | prompt processing done, n_tokens = 142, batch.n_tokens = 142
srv  log_server_r: done request: POST /completion 127.0.0.1 200
slot print_timing: id  2 | task 5353 | 
prompt eval time =   87046.93 ms /   142 tokens (  613.01 ms per token,     1.63 tokens per second)
       eval time =   65322.35 ms /   100 tokens (  653.22 ms per token,     1.53 tokens per second)
      total time =  152369.29 ms /   242 tokens
slot      release: id  2 | task 5353 | stop processing: n_tokens = 241, truncated = 0
srv  update_slots: all slots are idle
slot get_availabl: id  1 | task -1 | selected slot by LRU, t_last = 271530572470
srv  get_availabl: updating prompt cache
srv          load:  - looking for better prompt, base f_keep = -1.000, sim = 0.000
srv          load:  - found better prompt with f_keep = 0.695, sim = 1.000
srv        update:  - cache state: 45 prompts, 958.746 MiB (limits: 8192.000 MiB, 4096 tokens, 65527 est)
srv        update:    - prompt 0xf0ecd0:     106 tokens, checkpoints:  0,    13.252 MiB
srv        update:    - prompt 0x4397eb0:     107 tokens, checkpoints:  0,    13.377 MiB
srv        update:    - prompt 0x439da00:     106 tokens, checkpoints:  0,    13.252 MiB
srv        update:    - prompt 0x3219be0:     107 tokens, checkpoints:  0,    13.377 MiB
srv        update:    - prompt 0x321c6f0:     105 tokens, checkpoints:  0,    13.127 MiB
srv        update:    - prompt 0x43990c0:     110 tokens, checkpoints:  0,    13.752 MiB
srv        update:    - prompt 0x1019e50:     116 tokens, checkpoints:  0,    14.502 MiB
srv        update:    - prompt 0x118e380:     109 tokens, checkpoints:  0,    13.627 MiB
srv        update:    - prompt 0x3219110:     113 tokens, checkpoints:  0,    14.127 MiB
srv        update:    - prompt 0x321e0f0:     108 tokens, checkpoints:  0,    13.502 MiB
srv        update:    - prompt 0x4398870:     108 tokens, checkpoints:  0,    13.502 MiB
srv        update:    - prompt 0xfdafe0:     108 tokens, checkpoints:  0,    13.502 MiB
srv        update:    - prompt 0xee3170:     111 tokens, checkpoints:  0,    13.877 MiB
srv        update:    - prompt 0x11f3590:     119 tokens, checkpoints:  0,    14.877 MiB
srv        update:    - prompt 0x3222110:     123 tokens, checkpoints:  0,    15.377 MiB
srv        update:    - prompt 0x439c6b0:     131 tokens, checkpoints:  0,    16.377 MiB
srv        update:    - prompt 0x118de20:     130 tokens, checkpoints:  0,    16.252 MiB
srv        update:    - prompt 0xfffdcc0062a0:     363 tokens, checkpoints:  0,    45.380 MiB
srv        update:    - prompt 0xfffdd0004ad0:     425 tokens, checkpoints:  0,    53.131 MiB
srv        update:    - prompt 0x3ac9130:     409 tokens, checkpoints:  0,    51.130 MiB
srv        update:    - prompt 0x32284f0:     412 tokens, checkpoints:  0,    51.505 MiB
srv        update:    - prompt 0x322ece0:     418 tokens, checkpoints:  0,    52.256 MiB
srv        update:    - prompt 0x3ac8290:     415 tokens, checkpoints:  0,    51.880 MiB
srv        update:    - prompt 0x3239c10:     431 tokens, checkpoints:  0,    53.881 MiB
srv        update:    - prompt 0xf0cf10:     431 tokens, checkpoints:  0,    53.881 MiB
srv        update:    - prompt 0x3ac9990:     107 tokens, checkpoints:  0,    13.377 MiB
srv        update:    - prompt 0x3ad9850:     105 tokens, checkpoints:  0,    13.127 MiB
srv        update:    - prompt 0x4398620:     110 tokens, checkpoints:  0,    13.752 MiB
srv        update:    - prompt 0xf0c4e0:     116 tokens, checkpoints:  0,    14.502 MiB
srv        update:    - prompt 0x3adea70:     109 tokens, checkpoints:  0,    13.627 MiB
srv        update:    - prompt 0x3ae5890:     113 tokens, checkpoints:  0,    14.127 MiB
srv        update:    - prompt 0x3ae41b0:     108 tokens, checkpoints:  0,    13.502 MiB
srv        update:    - prompt 0x322e190:     108 tokens, checkpoints:  0,    13.502 MiB
srv        update:    - prompt 0x3af3d70:     108 tokens, checkpoints:  0,    13.502 MiB
srv        update:    - prompt 0x3af38d0:     111 tokens, checkpoints:  0,    13.877 MiB
srv        update:    - prompt 0x438e090:     119 tokens, checkpoints:  0,    14.877 MiB
srv        update:    - prompt 0x32222d0:     123 tokens, checkpoints:  0,    15.377 MiB
srv        update:    - prompt 0x3af8fa0:     165 tokens, checkpoints:  0,    20.628 MiB
srv        update:    - prompt 0x11f26a0:     131 tokens, checkpoints:  0,    16.377 MiB
srv        update:    - prompt 0x3aeac00:     135 tokens, checkpoints:  0,    16.877 MiB
srv        update:    - prompt 0x4395330:     132 tokens, checkpoints:  0,    16.502 MiB
srv        update:    - prompt 0xf0c250:     146 tokens, checkpoints:  0,    18.252 MiB
srv        update:    - prompt 0x32191b0:     130 tokens, checkpoints:  0,    16.252 MiB
srv        update:    - prompt 0xee8ad0:     136 tokens, checkpoints:  0,    17.002 MiB
srv        update:    - prompt 0xf0d350:     136 tokens, checkpoints:  0,    17.002 MiB
srv  get_availabl: prompt cache update took 12.55 ms
slot launch_slot_: id  1 | task -1 | sampler chain: logits -> ?penalties -> ?dry -> ?top-n-sigma -> top-k -> ?typical -> top-p -> min-p -> ?xtc -> temp-ext -> dist 
slot launch_slot_: id  1 | task 5454 | processing task, is_child = 0
slot slot_save_an: id  2 | task -1 | saving idle slot to prompt cache
srv   prompt_save:  - saving prompt with length 241, total state size = 30.129 MiB
slot prompt_clear: id  2 | task -1 | clearing prompt with 241 tokens
srv        update:  - cache state: 46 prompts, 988.875 MiB (limits: 8192.000 MiB, 4096 tokens, 65527 est)
srv        update:    - prompt 0xf0ecd0:     106 tokens, checkpoints:  0,    13.252 MiB
srv        update:    - prompt 0x4397eb0:     107 tokens, checkpoints:  0,    13.377 MiB
srv        update:    - prompt 0x439da00:     106 tokens, checkpoints:  0,    13.252 MiB
srv        update:    - prompt 0x3219be0:     107 tokens, checkpoints:  0,    13.377 MiB
srv        update:    - prompt 0x321c6f0:     105 tokens, checkpoints:  0,    13.127 MiB
srv        update:    - prompt 0x43990c0:     110 tokens, checkpoints:  0,    13.752 MiB
srv        update:    - prompt 0x1019e50:     116 tokens, checkpoints:  0,    14.502 MiB
srv        update:    - prompt 0x118e380:     109 tokens, checkpoints:  0,    13.627 MiB
srv        update:    - prompt 0x3219110:     113 tokens, checkpoints:  0,    14.127 MiB
srv        update:    - prompt 0x321e0f0:     108 tokens, checkpoints:  0,    13.502 MiB
srv        update:    - prompt 0x4398870:     108 tokens, checkpoints:  0,    13.502 MiB
srv        update:    - prompt 0xfdafe0:     108 tokens, checkpoints:  0,    13.502 MiB
srv        update:    - prompt 0xee3170:     111 tokens, checkpoints:  0,    13.877 MiB
srv        update:    - prompt 0x11f3590:     119 tokens, checkpoints:  0,    14.877 MiB
srv        update:    - prompt 0x3222110:     123 tokens, checkpoints:  0,    15.377 MiB
srv        update:    - prompt 0x439c6b0:     131 tokens, checkpoints:  0,    16.377 MiB
srv        update:    - prompt 0x118de20:     130 tokens, checkpoints:  0,    16.252 MiB
srv        update:    - prompt 0xfffdcc0062a0:     363 tokens, checkpoints:  0,    45.380 MiB
srv        update:    - prompt 0xfffdd0004ad0:     425 tokens, checkpoints:  0,    53.131 MiB
srv        update:    - prompt 0x3ac9130:     409 tokens, checkpoints:  0,    51.130 MiB
srv        update:    - prompt 0x32284f0:     412 tokens, checkpoints:  0,    51.505 MiB
srv        update:    - prompt 0x322ece0:     418 tokens, checkpoints:  0,    52.256 MiB
srv        update:    - prompt 0x3ac8290:     415 tokens, checkpoints:  0,    51.880 MiB
srv        update:    - prompt 0x3239c10:     431 tokens, checkpoints:  0,    53.881 MiB
srv        update:    - prompt 0xf0cf10:     431 tokens, checkpoints:  0,    53.881 MiB
srv        update:    - prompt 0x3ac9990:     107 tokens, checkpoints:  0,    13.377 MiB
srv        update:    - prompt 0x3ad9850:     105 tokens, checkpoints:  0,    13.127 MiB
srv        update:    - prompt 0x4398620:     110 tokens, checkpoints:  0,    13.752 MiB
srv        update:    - prompt 0xf0c4e0:     116 tokens, checkpoints:  0,    14.502 MiB
srv        update:    - prompt 0x3adea70:     109 tokens, checkpoints:  0,    13.627 MiB
srv        update:    - prompt 0x3ae5890:     113 tokens, checkpoints:  0,    14.127 MiB
srv        update:    - prompt 0x3ae41b0:     108 tokens, checkpoints:  0,    13.502 MiB
srv        update:    - prompt 0x322e190:     108 tokens, checkpoints:  0,    13.502 MiB
srv        update:    - prompt 0x3af3d70:     108 tokens, checkpoints:  0,    13.502 MiB
srv        update:    - prompt 0x3af38d0:     111 tokens, checkpoints:  0,    13.877 MiB
srv        update:    - prompt 0x438e090:     119 tokens, checkpoints:  0,    14.877 MiB
srv        update:    - prompt 0x32222d0:     123 tokens, checkpoints:  0,    15.377 MiB
srv        update:    - prompt 0x3af8fa0:     165 tokens, checkpoints:  0,    20.628 MiB
srv        update:    - prompt 0x11f26a0:     131 tokens, checkpoints:  0,    16.377 MiB
srv        update:    - prompt 0x3aeac00:     135 tokens, checkpoints:  0,    16.877 MiB
srv        update:    - prompt 0x4395330:     132 tokens, checkpoints:  0,    16.502 MiB
srv        update:    - prompt 0xf0c250:     146 tokens, checkpoints:  0,    18.252 MiB
srv        update:    - prompt 0x32191b0:     130 tokens, checkpoints:  0,    16.252 MiB
srv        update:    - prompt 0xee8ad0:     136 tokens, checkpoints:  0,    17.002 MiB
srv        update:    - prompt 0xf0d350:     136 tokens, checkpoints:  0,    17.002 MiB
srv        update:    - prompt 0x118e2a0:     241 tokens, checkpoints:  0,    30.129 MiB
slot update_slots: id  1 | task 5454 | new prompt, n_ctx_slot = 4096, n_keep = 0, task.n_tokens = 226
slot update_slots: id  1 | task 5454 | n_tokens = 0, memory_seq_rm [0, end)
slot init_sampler: id  1 | task 5454 | init sampler, took 0.12 ms, tokens: text = 226, total = 226
slot update_slots: id  1 | task 5454 | prompt processing done, n_tokens = 226, batch.n_tokens = 226
srv  log_server_r: done request: POST /completion 127.0.0.1 200
slot print_timing: id  1 | task 5454 | 
prompt eval time =  139031.39 ms /   226 tokens (  615.18 ms per token,     1.63 tokens per second)
       eval time =   67391.08 ms /   100 tokens (  673.91 ms per token,     1.48 tokens per second)
      total time =  206422.47 ms /   326 tokens
slot      release: id  1 | task 5454 | stop processing: n_tokens = 325, truncated = 0
srv  update_slots: all slots are idle
slot get_availabl: id  0 | task -1 | selected slot by LRU, t_last = 271616255155
srv  get_availabl: updating prompt cache
srv          load:  - looking for better prompt, base f_keep = -1.000, sim = 0.000
srv          load:  - found better prompt with f_keep = 0.727, sim = 1.000
srv        update:  - cache state: 45 prompts, 943.495 MiB (limits: 8192.000 MiB, 4096 tokens, 65527 est)
srv        update:    - prompt 0xf0ecd0:     106 tokens, checkpoints:  0,    13.252 MiB
srv        update:    - prompt 0x4397eb0:     107 tokens, checkpoints:  0,    13.377 MiB
srv        update:    - prompt 0x439da00:     106 tokens, checkpoints:  0,    13.252 MiB
srv        update:    - prompt 0x3219be0:     107 tokens, checkpoints:  0,    13.377 MiB
srv        update:    - prompt 0x321c6f0:     105 tokens, checkpoints:  0,    13.127 MiB
srv        update:    - prompt 0x43990c0:     110 tokens, checkpoints:  0,    13.752 MiB
srv        update:    - prompt 0x1019e50:     116 tokens, checkpoints:  0,    14.502 MiB
srv        update:    - prompt 0x118e380:     109 tokens, checkpoints:  0,    13.627 MiB
srv        update:    - prompt 0x3219110:     113 tokens, checkpoints:  0,    14.127 MiB
srv        update:    - prompt 0x321e0f0:     108 tokens, checkpoints:  0,    13.502 MiB
srv        update:    - prompt 0x4398870:     108 tokens, checkpoints:  0,    13.502 MiB
srv        update:    - prompt 0xfdafe0:     108 tokens, checkpoints:  0,    13.502 MiB
srv        update:    - prompt 0xee3170:     111 tokens, checkpoints:  0,    13.877 MiB
srv        update:    - prompt 0x11f3590:     119 tokens, checkpoints:  0,    14.877 MiB
srv        update:    - prompt 0x3222110:     123 tokens, checkpoints:  0,    15.377 MiB
srv        update:    - prompt 0x439c6b0:     131 tokens, checkpoints:  0,    16.377 MiB
srv        update:    - prompt 0x118de20:     130 tokens, checkpoints:  0,    16.252 MiB
srv        update:    - prompt 0xfffdd0004ad0:     425 tokens, checkpoints:  0,    53.131 MiB
srv        update:    - prompt 0x3ac9130:     409 tokens, checkpoints:  0,    51.130 MiB
srv        update:    - prompt 0x32284f0:     412 tokens, checkpoints:  0,    51.505 MiB
srv        update:    - prompt 0x322ece0:     418 tokens, checkpoints:  0,    52.256 MiB
srv        update:    - prompt 0x3ac8290:     415 tokens, checkpoints:  0,    51.880 MiB
srv        update:    - prompt 0x3239c10:     431 tokens, checkpoints:  0,    53.881 MiB
srv        update:    - prompt 0xf0cf10:     431 tokens, checkpoints:  0,    53.881 MiB
srv        update:    - prompt 0x3ac9990:     107 tokens, checkpoints:  0,    13.377 MiB
srv        update:    - prompt 0x3ad9850:     105 tokens, checkpoints:  0,    13.127 MiB
srv        update:    - prompt 0x4398620:     110 tokens, checkpoints:  0,    13.752 MiB
srv        update:    - prompt 0xf0c4e0:     116 tokens, checkpoints:  0,    14.502 MiB
srv        update:    - prompt 0x3adea70:     109 tokens, checkpoints:  0,    13.627 MiB
srv        update:    - prompt 0x3ae5890:     113 tokens, checkpoints:  0,    14.127 MiB
srv        update:    - prompt 0x3ae41b0:     108 tokens, checkpoints:  0,    13.502 MiB
srv        update:    - prompt 0x322e190:     108 tokens, checkpoints:  0,    13.502 MiB
srv        update:    - prompt 0x3af3d70:     108 tokens, checkpoints:  0,    13.502 MiB
srv        update:    - prompt 0x3af38d0:     111 tokens, checkpoints:  0,    13.877 MiB
srv        update:    - prompt 0x438e090:     119 tokens, checkpoints:  0,    14.877 MiB
srv        update:    - prompt 0x32222d0:     123 tokens, checkpoints:  0,    15.377 MiB
srv        update:    - prompt 0x3af8fa0:     165 tokens, checkpoints:  0,    20.628 MiB
srv        update:    - prompt 0x11f26a0:     131 tokens, checkpoints:  0,    16.377 MiB
srv        update:    - prompt 0x3aeac00:     135 tokens, checkpoints:  0,    16.877 MiB
srv        update:    - prompt 0x4395330:     132 tokens, checkpoints:  0,    16.502 MiB
srv        update:    - prompt 0xf0c250:     146 tokens, checkpoints:  0,    18.252 MiB
srv        update:    - prompt 0x32191b0:     130 tokens, checkpoints:  0,    16.252 MiB
srv        update:    - prompt 0xee8ad0:     136 tokens, checkpoints:  0,    17.002 MiB
srv        update:    - prompt 0xf0d350:     136 tokens, checkpoints:  0,    17.002 MiB
srv        update:    - prompt 0x118e2a0:     241 tokens, checkpoints:  0,    30.129 MiB
srv  get_availabl: prompt cache update took 13.87 ms
slot launch_slot_: id  0 | task -1 | sampler chain: logits -> ?penalties -> ?dry -> ?top-n-sigma -> top-k -> ?typical -> top-p -> min-p -> ?xtc -> temp-ext -> dist 
slot launch_slot_: id  0 | task 5555 | processing task, is_child = 0
slot slot_save_an: id  1 | task -1 | saving idle slot to prompt cache
srv   prompt_save:  - saving prompt with length 325, total state size = 40.629 MiB
slot prompt_clear: id  1 | task -1 | clearing prompt with 325 tokens
srv        update:  - cache state: 46 prompts, 984.124 MiB (limits: 8192.000 MiB, 4096 tokens, 65527 est)
srv        update:    - prompt 0xf0ecd0:     106 tokens, checkpoints:  0,    13.252 MiB
srv        update:    - prompt 0x4397eb0:     107 tokens, checkpoints:  0,    13.377 MiB
srv        update:    - prompt 0x439da00:     106 tokens, checkpoints:  0,    13.252 MiB
srv        update:    - prompt 0x3219be0:     107 tokens, checkpoints:  0,    13.377 MiB
srv        update:    - prompt 0x321c6f0:     105 tokens, checkpoints:  0,    13.127 MiB
srv        update:    - prompt 0x43990c0:     110 tokens, checkpoints:  0,    13.752 MiB
srv        update:    - prompt 0x1019e50:     116 tokens, checkpoints:  0,    14.502 MiB
srv        update:    - prompt 0x118e380:     109 tokens, checkpoints:  0,    13.627 MiB
srv        update:    - prompt 0x3219110:     113 tokens, checkpoints:  0,    14.127 MiB
srv        update:    - prompt 0x321e0f0:     108 tokens, checkpoints:  0,    13.502 MiB
srv        update:    - prompt 0x4398870:     108 tokens, checkpoints:  0,    13.502 MiB
srv        update:    - prompt 0xfdafe0:     108 tokens, checkpoints:  0,    13.502 MiB
srv        update:    - prompt 0xee3170:     111 tokens, checkpoints:  0,    13.877 MiB
srv        update:    - prompt 0x11f3590:     119 tokens, checkpoints:  0,    14.877 MiB
srv        update:    - prompt 0x3222110:     123 tokens, checkpoints:  0,    15.377 MiB
srv        update:    - prompt 0x439c6b0:     131 tokens, checkpoints:  0,    16.377 MiB
srv        update:    - prompt 0x118de20:     130 tokens, checkpoints:  0,    16.252 MiB
srv        update:    - prompt 0xfffdd0004ad0:     425 tokens, checkpoints:  0,    53.131 MiB
srv        update:    - prompt 0x3ac9130:     409 tokens, checkpoints:  0,    51.130 MiB
srv        update:    - prompt 0x32284f0:     412 tokens, checkpoints:  0,    51.505 MiB
srv        update:    - prompt 0x322ece0:     418 tokens, checkpoints:  0,    52.256 MiB
srv        update:    - prompt 0x3ac8290:     415 tokens, checkpoints:  0,    51.880 MiB
srv        update:    - prompt 0x3239c10:     431 tokens, checkpoints:  0,    53.881 MiB
srv        update:    - prompt 0xf0cf10:     431 tokens, checkpoints:  0,    53.881 MiB
srv        update:    - prompt 0x3ac9990:     107 tokens, checkpoints:  0,    13.377 MiB
srv        update:    - prompt 0x3ad9850:     105 tokens, checkpoints:  0,    13.127 MiB
srv        update:    - prompt 0x4398620:     110 tokens, checkpoints:  0,    13.752 MiB
srv        update:    - prompt 0xf0c4e0:     116 tokens, checkpoints:  0,    14.502 MiB
srv        update:    - prompt 0x3adea70:     109 tokens, checkpoints:  0,    13.627 MiB
srv        update:    - prompt 0x3ae5890:     113 tokens, checkpoints:  0,    14.127 MiB
srv        update:    - prompt 0x3ae41b0:     108 tokens, checkpoints:  0,    13.502 MiB
srv        update:    - prompt 0x322e190:     108 tokens, checkpoints:  0,    13.502 MiB
srv        update:    - prompt 0x3af3d70:     108 tokens, checkpoints:  0,    13.502 MiB
srv        update:    - prompt 0x3af38d0:     111 tokens, checkpoints:  0,    13.877 MiB
srv        update:    - prompt 0x438e090:     119 tokens, checkpoints:  0,    14.877 MiB
srv        update:    - prompt 0x32222d0:     123 tokens, checkpoints:  0,    15.377 MiB
srv        update:    - prompt 0x3af8fa0:     165 tokens, checkpoints:  0,    20.628 MiB
srv        update:    - prompt 0x11f26a0:     131 tokens, checkpoints:  0,    16.377 MiB
srv        update:    - prompt 0x3aeac00:     135 tokens, checkpoints:  0,    16.877 MiB
srv        update:    - prompt 0x4395330:     132 tokens, checkpoints:  0,    16.502 MiB
srv        update:    - prompt 0xf0c250:     146 tokens, checkpoints:  0,    18.252 MiB
srv        update:    - prompt 0x32191b0:     130 tokens, checkpoints:  0,    16.252 MiB
srv        update:    - prompt 0xee8ad0:     136 tokens, checkpoints:  0,    17.002 MiB
srv        update:    - prompt 0xf0d350:     136 tokens, checkpoints:  0,    17.002 MiB
srv        update:    - prompt 0x118e2a0:     241 tokens, checkpoints:  0,    30.129 MiB
srv        update:    - prompt 0xfffdcc0062a0:     325 tokens, checkpoints:  0,    40.629 MiB
slot update_slots: id  0 | task 5555 | new prompt, n_ctx_slot = 4096, n_keep = 0, task.n_tokens = 264
slot update_slots: id  0 | task 5555 | n_tokens = 0, memory_seq_rm [0, end)
slot init_sampler: id  0 | task 5555 | init sampler, took 0.13 ms, tokens: text = 264, total = 264
slot update_slots: id  0 | task 5555 | prompt processing done, n_tokens = 264, batch.n_tokens = 264
srv  log_server_r: done request: POST /completion 127.0.0.1 200
slot print_timing: id  0 | task 5555 | 
prompt eval time =  166699.43 ms /   264 tokens (  631.44 ms per token,     1.58 tokens per second)
       eval time =   68131.54 ms /   100 tokens (  681.32 ms per token,     1.47 tokens per second)
      total time =  234830.97 ms /   364 tokens
slot      release: id  0 | task 5555 | stop processing: n_tokens = 363, truncated = 0
srv  update_slots: all slots are idle
slot get_availabl: id  3 | task -1 | selected slot by LRU, t_last = 271701960968
srv  get_availabl: updating prompt cache
srv          load:  - looking for better prompt, base f_keep = -1.000, sim = 0.000
srv          load:  - found better prompt with f_keep = 0.767, sim = 1.000
srv        update:  - cache state: 45 prompts, 930.994 MiB (limits: 8192.000 MiB, 4096 tokens, 65527 est)
srv        update:    - prompt 0xf0ecd0:     106 tokens, checkpoints:  0,    13.252 MiB
srv        update:    - prompt 0x4397eb0:     107 tokens, checkpoints:  0,    13.377 MiB
srv        update:    - prompt 0x439da00:     106 tokens, checkpoints:  0,    13.252 MiB
srv        update:    - prompt 0x3219be0:     107 tokens, checkpoints:  0,    13.377 MiB
srv        update:    - prompt 0x321c6f0:     105 tokens, checkpoints:  0,    13.127 MiB
srv        update:    - prompt 0x43990c0:     110 tokens, checkpoints:  0,    13.752 MiB
srv        update:    - prompt 0x1019e50:     116 tokens, checkpoints:  0,    14.502 MiB
srv        update:    - prompt 0x118e380:     109 tokens, checkpoints:  0,    13.627 MiB
srv        update:    - prompt 0x3219110:     113 tokens, checkpoints:  0,    14.127 MiB
srv        update:    - prompt 0x321e0f0:     108 tokens, checkpoints:  0,    13.502 MiB
srv        update:    - prompt 0x4398870:     108 tokens, checkpoints:  0,    13.502 MiB
srv        update:    - prompt 0xfdafe0:     108 tokens, checkpoints:  0,    13.502 MiB
srv        update:    - prompt 0xee3170:     111 tokens, checkpoints:  0,    13.877 MiB
srv        update:    - prompt 0x11f3590:     119 tokens, checkpoints:  0,    14.877 MiB
srv        update:    - prompt 0x3222110:     123 tokens, checkpoints:  0,    15.377 MiB
srv        update:    - prompt 0x439c6b0:     131 tokens, checkpoints:  0,    16.377 MiB
srv        update:    - prompt 0x118de20:     130 tokens, checkpoints:  0,    16.252 MiB
srv        update:    - prompt 0x3ac9130:     409 tokens, checkpoints:  0,    51.130 MiB
srv        update:    - prompt 0x32284f0:     412 tokens, checkpoints:  0,    51.505 MiB
srv        update:    - prompt 0x322ece0:     418 tokens, checkpoints:  0,    52.256 MiB
srv        update:    - prompt 0x3ac8290:     415 tokens, checkpoints:  0,    51.880 MiB
srv        update:    - prompt 0x3239c10:     431 tokens, checkpoints:  0,    53.881 MiB
srv        update:    - prompt 0xf0cf10:     431 tokens, checkpoints:  0,    53.881 MiB
srv        update:    - prompt 0x3ac9990:     107 tokens, checkpoints:  0,    13.377 MiB
srv        update:    - prompt 0x3ad9850:     105 tokens, checkpoints:  0,    13.127 MiB
srv        update:    - prompt 0x4398620:     110 tokens, checkpoints:  0,    13.752 MiB
srv        update:    - prompt 0xf0c4e0:     116 tokens, checkpoints:  0,    14.502 MiB
srv        update:    - prompt 0x3adea70:     109 tokens, checkpoints:  0,    13.627 MiB
srv        update:    - prompt 0x3ae5890:     113 tokens, checkpoints:  0,    14.127 MiB
srv        update:    - prompt 0x3ae41b0:     108 tokens, checkpoints:  0,    13.502 MiB
srv        update:    - prompt 0x322e190:     108 tokens, checkpoints:  0,    13.502 MiB
srv        update:    - prompt 0x3af3d70:     108 tokens, checkpoints:  0,    13.502 MiB
srv        update:    - prompt 0x3af38d0:     111 tokens, checkpoints:  0,    13.877 MiB
srv        update:    - prompt 0x438e090:     119 tokens, checkpoints:  0,    14.877 MiB
srv        update:    - prompt 0x32222d0:     123 tokens, checkpoints:  0,    15.377 MiB
srv        update:    - prompt 0x3af8fa0:     165 tokens, checkpoints:  0,    20.628 MiB
srv        update:    - prompt 0x11f26a0:     131 tokens, checkpoints:  0,    16.377 MiB
srv        update:    - prompt 0x3aeac00:     135 tokens, checkpoints:  0,    16.877 MiB
srv        update:    - prompt 0x4395330:     132 tokens, checkpoints:  0,    16.502 MiB
srv        update:    - prompt 0xf0c250:     146 tokens, checkpoints:  0,    18.252 MiB
srv        update:    - prompt 0x32191b0:     130 tokens, checkpoints:  0,    16.252 MiB
srv        update:    - prompt 0xee8ad0:     136 tokens, checkpoints:  0,    17.002 MiB
srv        update:    - prompt 0xf0d350:     136 tokens, checkpoints:  0,    17.002 MiB
srv        update:    - prompt 0x118e2a0:     241 tokens, checkpoints:  0,    30.129 MiB
srv        update:    - prompt 0xfffdcc0062a0:     325 tokens, checkpoints:  0,    40.629 MiB
srv  get_availabl: prompt cache update took 16.11 ms
slot launch_slot_: id  3 | task -1 | sampler chain: logits -> ?penalties -> ?dry -> ?top-n-sigma -> top-k -> ?typical -> top-p -> min-p -> ?xtc -> temp-ext -> dist 
slot launch_slot_: id  3 | task 5656 | processing task, is_child = 0
slot slot_save_an: id  0 | task -1 | saving idle slot to prompt cache
srv   prompt_save:  - saving prompt with length 363, total state size = 45.380 MiB
slot prompt_clear: id  0 | task -1 | clearing prompt with 363 tokens
srv        update:  - cache state: 46 prompts, 976.374 MiB (limits: 8192.000 MiB, 4096 tokens, 65527 est)
srv        update:    - prompt 0xf0ecd0:     106 tokens, checkpoints:  0,    13.252 MiB
srv        update:    - prompt 0x4397eb0:     107 tokens, checkpoints:  0,    13.377 MiB
srv        update:    - prompt 0x439da00:     106 tokens, checkpoints:  0,    13.252 MiB
srv        update:    - prompt 0x3219be0:     107 tokens, checkpoints:  0,    13.377 MiB
srv        update:    - prompt 0x321c6f0:     105 tokens, checkpoints:  0,    13.127 MiB
srv        update:    - prompt 0x43990c0:     110 tokens, checkpoints:  0,    13.752 MiB
srv        update:    - prompt 0x1019e50:     116 tokens, checkpoints:  0,    14.502 MiB
srv        update:    - prompt 0x118e380:     109 tokens, checkpoints:  0,    13.627 MiB
srv        update:    - prompt 0x3219110:     113 tokens, checkpoints:  0,    14.127 MiB
srv        update:    - prompt 0x321e0f0:     108 tokens, checkpoints:  0,    13.502 MiB
srv        update:    - prompt 0x4398870:     108 tokens, checkpoints:  0,    13.502 MiB
srv        update:    - prompt 0xfdafe0:     108 tokens, checkpoints:  0,    13.502 MiB
srv        update:    - prompt 0xee3170:     111 tokens, checkpoints:  0,    13.877 MiB
srv        update:    - prompt 0x11f3590:     119 tokens, checkpoints:  0,    14.877 MiB
srv        update:    - prompt 0x3222110:     123 tokens, checkpoints:  0,    15.377 MiB
srv        update:    - prompt 0x439c6b0:     131 tokens, checkpoints:  0,    16.377 MiB
srv        update:    - prompt 0x118de20:     130 tokens, checkpoints:  0,    16.252 MiB
srv        update:    - prompt 0x3ac9130:     409 tokens, checkpoints:  0,    51.130 MiB
srv        update:    - prompt 0x32284f0:     412 tokens, checkpoints:  0,    51.505 MiB
srv        update:    - prompt 0x322ece0:     418 tokens, checkpoints:  0,    52.256 MiB
srv        update:    - prompt 0x3ac8290:     415 tokens, checkpoints:  0,    51.880 MiB
srv        update:    - prompt 0x3239c10:     431 tokens, checkpoints:  0,    53.881 MiB
srv        update:    - prompt 0xf0cf10:     431 tokens, checkpoints:  0,    53.881 MiB
srv        update:    - prompt 0x3ac9990:     107 tokens, checkpoints:  0,    13.377 MiB
srv        update:    - prompt 0x3ad9850:     105 tokens, checkpoints:  0,    13.127 MiB
srv        update:    - prompt 0x4398620:     110 tokens, checkpoints:  0,    13.752 MiB
srv        update:    - prompt 0xf0c4e0:     116 tokens, checkpoints:  0,    14.502 MiB
srv        update:    - prompt 0x3adea70:     109 tokens, checkpoints:  0,    13.627 MiB
srv        update:    - prompt 0x3ae5890:     113 tokens, checkpoints:  0,    14.127 MiB
srv        update:    - prompt 0x3ae41b0:     108 tokens, checkpoints:  0,    13.502 MiB
srv        update:    - prompt 0x322e190:     108 tokens, checkpoints:  0,    13.502 MiB
srv        update:    - prompt 0x3af3d70:     108 tokens, checkpoints:  0,    13.502 MiB
srv        update:    - prompt 0x3af38d0:     111 tokens, checkpoints:  0,    13.877 MiB
srv        update:    - prompt 0x438e090:     119 tokens, checkpoints:  0,    14.877 MiB
srv        update:    - prompt 0x32222d0:     123 tokens, checkpoints:  0,    15.377 MiB
srv        update:    - prompt 0x3af8fa0:     165 tokens, checkpoints:  0,    20.628 MiB
srv        update:    - prompt 0x11f26a0:     131 tokens, checkpoints:  0,    16.377 MiB
srv        update:    - prompt 0x3aeac00:     135 tokens, checkpoints:  0,    16.877 MiB
srv        update:    - prompt 0x4395330:     132 tokens, checkpoints:  0,    16.502 MiB
srv        update:    - prompt 0xf0c250:     146 tokens, checkpoints:  0,    18.252 MiB
srv        update:    - prompt 0x32191b0:     130 tokens, checkpoints:  0,    16.252 MiB
srv        update:    - prompt 0xee8ad0:     136 tokens, checkpoints:  0,    17.002 MiB
srv        update:    - prompt 0xf0d350:     136 tokens, checkpoints:  0,    17.002 MiB
srv        update:    - prompt 0x118e2a0:     241 tokens, checkpoints:  0,    30.129 MiB
srv        update:    - prompt 0xfffdcc0062a0:     325 tokens, checkpoints:  0,    40.629 MiB
srv        update:    - prompt 0xfffe24005460:     363 tokens, checkpoints:  0,    45.380 MiB
slot update_slots: id  3 | task 5656 | new prompt, n_ctx_slot = 4096, n_keep = 0, task.n_tokens = 326
slot update_slots: id  3 | task 5656 | n_tokens = 0, memory_seq_rm [0, end)
slot init_sampler: id  3 | task 5656 | init sampler, took 0.15 ms, tokens: text = 326, total = 326
slot update_slots: id  3 | task 5656 | prompt processing done, n_tokens = 326, batch.n_tokens = 326
srv  log_server_r: done request: POST /completion 127.0.0.1 200
slot print_timing: id  3 | task 5656 | 
prompt eval time =  209025.16 ms /   326 tokens (  641.18 ms per token,     1.56 tokens per second)
       eval time =   68203.13 ms /   100 tokens (  682.03 ms per token,     1.47 tokens per second)
      total time =  277228.29 ms /   426 tokens
slot      release: id  3 | task 5656 | stop processing: n_tokens = 425, truncated = 0
srv  update_slots: all slots are idle
slot get_availabl: id  2 | task -1 | selected slot by LRU, t_last = 271854930319
srv  get_availabl: updating prompt cache
srv          load:  - looking for better prompt, base f_keep = -1.000, sim = 0.000
srv          load:  - found better prompt with f_keep = 0.758, sim = 1.000
srv        update:  - cache state: 45 prompts, 925.243 MiB (limits: 8192.000 MiB, 4096 tokens, 65527 est)
srv        update:    - prompt 0xf0ecd0:     106 tokens, checkpoints:  0,    13.252 MiB
srv        update:    - prompt 0x4397eb0:     107 tokens, checkpoints:  0,    13.377 MiB
srv        update:    - prompt 0x439da00:     106 tokens, checkpoints:  0,    13.252 MiB
srv        update:    - prompt 0x3219be0:     107 tokens, checkpoints:  0,    13.377 MiB
srv        update:    - prompt 0x321c6f0:     105 tokens, checkpoints:  0,    13.127 MiB
srv        update:    - prompt 0x43990c0:     110 tokens, checkpoints:  0,    13.752 MiB
srv        update:    - prompt 0x1019e50:     116 tokens, checkpoints:  0,    14.502 MiB
srv        update:    - prompt 0x118e380:     109 tokens, checkpoints:  0,    13.627 MiB
srv        update:    - prompt 0x3219110:     113 tokens, checkpoints:  0,    14.127 MiB
srv        update:    - prompt 0x321e0f0:     108 tokens, checkpoints:  0,    13.502 MiB
srv        update:    - prompt 0x4398870:     108 tokens, checkpoints:  0,    13.502 MiB
srv        update:    - prompt 0xfdafe0:     108 tokens, checkpoints:  0,    13.502 MiB
srv        update:    - prompt 0xee3170:     111 tokens, checkpoints:  0,    13.877 MiB
srv        update:    - prompt 0x11f3590:     119 tokens, checkpoints:  0,    14.877 MiB
srv        update:    - prompt 0x3222110:     123 tokens, checkpoints:  0,    15.377 MiB
srv        update:    - prompt 0x439c6b0:     131 tokens, checkpoints:  0,    16.377 MiB
srv        update:    - prompt 0x118de20:     130 tokens, checkpoints:  0,    16.252 MiB
srv        update:    - prompt 0x32284f0:     412 tokens, checkpoints:  0,    51.505 MiB
srv        update:    - prompt 0x322ece0:     418 tokens, checkpoints:  0,    52.256 MiB
srv        update:    - prompt 0x3ac8290:     415 tokens, checkpoints:  0,    51.880 MiB
srv        update:    - prompt 0x3239c10:     431 tokens, checkpoints:  0,    53.881 MiB
srv        update:    - prompt 0xf0cf10:     431 tokens, checkpoints:  0,    53.881 MiB
srv        update:    - prompt 0x3ac9990:     107 tokens, checkpoints:  0,    13.377 MiB
srv        update:    - prompt 0x3ad9850:     105 tokens, checkpoints:  0,    13.127 MiB
srv        update:    - prompt 0x4398620:     110 tokens, checkpoints:  0,    13.752 MiB
srv        update:    - prompt 0xf0c4e0:     116 tokens, checkpoints:  0,    14.502 MiB
srv        update:    - prompt 0x3adea70:     109 tokens, checkpoints:  0,    13.627 MiB
srv        update:    - prompt 0x3ae5890:     113 tokens, checkpoints:  0,    14.127 MiB
srv        update:    - prompt 0x3ae41b0:     108 tokens, checkpoints:  0,    13.502 MiB
srv        update:    - prompt 0x322e190:     108 tokens, checkpoints:  0,    13.502 MiB
srv        update:    - prompt 0x3af3d70:     108 tokens, checkpoints:  0,    13.502 MiB
srv        update:    - prompt 0x3af38d0:     111 tokens, checkpoints:  0,    13.877 MiB
srv        update:    - prompt 0x438e090:     119 tokens, checkpoints:  0,    14.877 MiB
srv        update:    - prompt 0x32222d0:     123 tokens, checkpoints:  0,    15.377 MiB
srv        update:    - prompt 0x3af8fa0:     165 tokens, checkpoints:  0,    20.628 MiB
srv        update:    - prompt 0x11f26a0:     131 tokens, checkpoints:  0,    16.377 MiB
srv        update:    - prompt 0x3aeac00:     135 tokens, checkpoints:  0,    16.877 MiB
srv        update:    - prompt 0x4395330:     132 tokens, checkpoints:  0,    16.502 MiB
srv        update:    - prompt 0xf0c250:     146 tokens, checkpoints:  0,    18.252 MiB
srv        update:    - prompt 0x32191b0:     130 tokens, checkpoints:  0,    16.252 MiB
srv        update:    - prompt 0xee8ad0:     136 tokens, checkpoints:  0,    17.002 MiB
srv        update:    - prompt 0xf0d350:     136 tokens, checkpoints:  0,    17.002 MiB
srv        update:    - prompt 0x118e2a0:     241 tokens, checkpoints:  0,    30.129 MiB
srv        update:    - prompt 0xfffdcc0062a0:     325 tokens, checkpoints:  0,    40.629 MiB
srv        update:    - prompt 0xfffe24005460:     363 tokens, checkpoints:  0,    45.380 MiB
srv  get_availabl: prompt cache update took 15.47 ms
slot launch_slot_: id  2 | task -1 | sampler chain: logits -> ?penalties -> ?dry -> ?top-n-sigma -> top-k -> ?typical -> top-p -> min-p -> ?xtc -> temp-ext -> dist 
slot launch_slot_: id  2 | task 5757 | processing task, is_child = 0
slot slot_save_an: id  3 | task -1 | saving idle slot to prompt cache
srv   prompt_save:  - saving prompt with length 425, total state size = 53.131 MiB
slot prompt_clear: id  3 | task -1 | clearing prompt with 425 tokens
srv        update:  - cache state: 46 prompts, 978.374 MiB (limits: 8192.000 MiB, 4096 tokens, 65527 est)
srv        update:    - prompt 0xf0ecd0:     106 tokens, checkpoints:  0,    13.252 MiB
srv        update:    - prompt 0x4397eb0:     107 tokens, checkpoints:  0,    13.377 MiB
srv        update:    - prompt 0x439da00:     106 tokens, checkpoints:  0,    13.252 MiB
srv        update:    - prompt 0x3219be0:     107 tokens, checkpoints:  0,    13.377 MiB
srv        update:    - prompt 0x321c6f0:     105 tokens, checkpoints:  0,    13.127 MiB
srv        update:    - prompt 0x43990c0:     110 tokens, checkpoints:  0,    13.752 MiB
srv        update:    - prompt 0x1019e50:     116 tokens, checkpoints:  0,    14.502 MiB
srv        update:    - prompt 0x118e380:     109 tokens, checkpoints:  0,    13.627 MiB
srv        update:    - prompt 0x3219110:     113 tokens, checkpoints:  0,    14.127 MiB
srv        update:    - prompt 0x321e0f0:     108 tokens, checkpoints:  0,    13.502 MiB
srv        update:    - prompt 0x4398870:     108 tokens, checkpoints:  0,    13.502 MiB
srv        update:    - prompt 0xfdafe0:     108 tokens, checkpoints:  0,    13.502 MiB
srv        update:    - prompt 0xee3170:     111 tokens, checkpoints:  0,    13.877 MiB
srv        update:    - prompt 0x11f3590:     119 tokens, checkpoints:  0,    14.877 MiB
srv        update:    - prompt 0x3222110:     123 tokens, checkpoints:  0,    15.377 MiB
srv        update:    - prompt 0x439c6b0:     131 tokens, checkpoints:  0,    16.377 MiB
srv        update:    - prompt 0x118de20:     130 tokens, checkpoints:  0,    16.252 MiB
srv        update:    - prompt 0x32284f0:     412 tokens, checkpoints:  0,    51.505 MiB
srv        update:    - prompt 0x322ece0:     418 tokens, checkpoints:  0,    52.256 MiB
srv        update:    - prompt 0x3ac8290:     415 tokens, checkpoints:  0,    51.880 MiB
srv        update:    - prompt 0x3239c10:     431 tokens, checkpoints:  0,    53.881 MiB
srv        update:    - prompt 0xf0cf10:     431 tokens, checkpoints:  0,    53.881 MiB
srv        update:    - prompt 0x3ac9990:     107 tokens, checkpoints:  0,    13.377 MiB
srv        update:    - prompt 0x3ad9850:     105 tokens, checkpoints:  0,    13.127 MiB
srv        update:    - prompt 0x4398620:     110 tokens, checkpoints:  0,    13.752 MiB
srv        update:    - prompt 0xf0c4e0:     116 tokens, checkpoints:  0,    14.502 MiB
srv        update:    - prompt 0x3adea70:     109 tokens, checkpoints:  0,    13.627 MiB
srv        update:    - prompt 0x3ae5890:     113 tokens, checkpoints:  0,    14.127 MiB
srv        update:    - prompt 0x3ae41b0:     108 tokens, checkpoints:  0,    13.502 MiB
srv        update:    - prompt 0x322e190:     108 tokens, checkpoints:  0,    13.502 MiB
srv        update:    - prompt 0x3af3d70:     108 tokens, checkpoints:  0,    13.502 MiB
srv        update:    - prompt 0x3af38d0:     111 tokens, checkpoints:  0,    13.877 MiB
srv        update:    - prompt 0x438e090:     119 tokens, checkpoints:  0,    14.877 MiB
srv        update:    - prompt 0x32222d0:     123 tokens, checkpoints:  0,    15.377 MiB
srv        update:    - prompt 0x3af8fa0:     165 tokens, checkpoints:  0,    20.628 MiB
srv        update:    - prompt 0x11f26a0:     131 tokens, checkpoints:  0,    16.377 MiB
srv        update:    - prompt 0x3aeac00:     135 tokens, checkpoints:  0,    16.877 MiB
srv        update:    - prompt 0x4395330:     132 tokens, checkpoints:  0,    16.502 MiB
srv        update:    - prompt 0xf0c250:     146 tokens, checkpoints:  0,    18.252 MiB
srv        update:    - prompt 0x32191b0:     130 tokens, checkpoints:  0,    16.252 MiB
srv        update:    - prompt 0xee8ad0:     136 tokens, checkpoints:  0,    17.002 MiB
srv        update:    - prompt 0xf0d350:     136 tokens, checkpoints:  0,    17.002 MiB
srv        update:    - prompt 0x118e2a0:     241 tokens, checkpoints:  0,    30.129 MiB
srv        update:    - prompt 0xfffdcc0062a0:     325 tokens, checkpoints:  0,    40.629 MiB
srv        update:    - prompt 0xfffe24005460:     363 tokens, checkpoints:  0,    45.380 MiB
srv        update:    - prompt 0xfffe1c002440:     425 tokens, checkpoints:  0,    53.131 MiB
slot update_slots: id  2 | task 5757 | new prompt, n_ctx_slot = 4096, n_keep = 0, task.n_tokens = 310
slot update_slots: id  2 | task 5757 | n_tokens = 0, memory_seq_rm [0, end)
slot init_sampler: id  2 | task 5757 | init sampler, took 0.17 ms, tokens: text = 310, total = 310
slot update_slots: id  2 | task 5757 | prompt processing done, n_tokens = 310, batch.n_tokens = 310
srv  log_server_r: done request: POST /completion 127.0.0.1 200
slot print_timing: id  2 | task 5757 | 
prompt eval time =  192442.30 ms /   310 tokens (  620.78 ms per token,     1.61 tokens per second)
       eval time =   68235.96 ms /   100 tokens (  682.36 ms per token,     1.47 tokens per second)
      total time =  260678.27 ms /   410 tokens
slot      release: id  2 | task 5757 | stop processing: n_tokens = 409, truncated = 0
srv  update_slots: all slots are idle
slot get_availabl: id  1 | task -1 | selected slot by LRU, t_last = 272061960589
srv  get_availabl: updating prompt cache
srv          load:  - looking for better prompt, base f_keep = -1.000, sim = 0.000
srv          load:  - found better prompt with f_keep = 0.760, sim = 1.000
srv        update:  - cache state: 45 prompts, 926.868 MiB (limits: 8192.000 MiB, 4096 tokens, 65527 est)
srv        update:    - prompt 0xf0ecd0:     106 tokens, checkpoints:  0,    13.252 MiB
srv        update:    - prompt 0x4397eb0:     107 tokens, checkpoints:  0,    13.377 MiB
srv        update:    - prompt 0x439da00:     106 tokens, checkpoints:  0,    13.252 MiB
srv        update:    - prompt 0x3219be0:     107 tokens, checkpoints:  0,    13.377 MiB
srv        update:    - prompt 0x321c6f0:     105 tokens, checkpoints:  0,    13.127 MiB
srv        update:    - prompt 0x43990c0:     110 tokens, checkpoints:  0,    13.752 MiB
srv        update:    - prompt 0x1019e50:     116 tokens, checkpoints:  0,    14.502 MiB
srv        update:    - prompt 0x118e380:     109 tokens, checkpoints:  0,    13.627 MiB
srv        update:    - prompt 0x3219110:     113 tokens, checkpoints:  0,    14.127 MiB
srv        update:    - prompt 0x321e0f0:     108 tokens, checkpoints:  0,    13.502 MiB
srv        update:    - prompt 0x4398870:     108 tokens, checkpoints:  0,    13.502 MiB
srv        update:    - prompt 0xfdafe0:     108 tokens, checkpoints:  0,    13.502 MiB
srv        update:    - prompt 0xee3170:     111 tokens, checkpoints:  0,    13.877 MiB
srv        update:    - prompt 0x11f3590:     119 tokens, checkpoints:  0,    14.877 MiB
srv        update:    - prompt 0x3222110:     123 tokens, checkpoints:  0,    15.377 MiB
srv        update:    - prompt 0x439c6b0:     131 tokens, checkpoints:  0,    16.377 MiB
srv        update:    - prompt 0x118de20:     130 tokens, checkpoints:  0,    16.252 MiB
srv        update:    - prompt 0x322ece0:     418 tokens, checkpoints:  0,    52.256 MiB
srv        update:    - prompt 0x3ac8290:     415 tokens, checkpoints:  0,    51.880 MiB
srv        update:    - prompt 0x3239c10:     431 tokens, checkpoints:  0,    53.881 MiB
srv        update:    - prompt 0xf0cf10:     431 tokens, checkpoints:  0,    53.881 MiB
srv        update:    - prompt 0x3ac9990:     107 tokens, checkpoints:  0,    13.377 MiB
srv        update:    - prompt 0x3ad9850:     105 tokens, checkpoints:  0,    13.127 MiB
srv        update:    - prompt 0x4398620:     110 tokens, checkpoints:  0,    13.752 MiB
srv        update:    - prompt 0xf0c4e0:     116 tokens, checkpoints:  0,    14.502 MiB
srv        update:    - prompt 0x3adea70:     109 tokens, checkpoints:  0,    13.627 MiB
srv        update:    - prompt 0x3ae5890:     113 tokens, checkpoints:  0,    14.127 MiB
srv        update:    - prompt 0x3ae41b0:     108 tokens, checkpoints:  0,    13.502 MiB
srv        update:    - prompt 0x322e190:     108 tokens, checkpoints:  0,    13.502 MiB
srv        update:    - prompt 0x3af3d70:     108 tokens, checkpoints:  0,    13.502 MiB
srv        update:    - prompt 0x3af38d0:     111 tokens, checkpoints:  0,    13.877 MiB
srv        update:    - prompt 0x438e090:     119 tokens, checkpoints:  0,    14.877 MiB
srv        update:    - prompt 0x32222d0:     123 tokens, checkpoints:  0,    15.377 MiB
srv        update:    - prompt 0x3af8fa0:     165 tokens, checkpoints:  0,    20.628 MiB
srv        update:    - prompt 0x11f26a0:     131 tokens, checkpoints:  0,    16.377 MiB
srv        update:    - prompt 0x3aeac00:     135 tokens, checkpoints:  0,    16.877 MiB
srv        update:    - prompt 0x4395330:     132 tokens, checkpoints:  0,    16.502 MiB
srv        update:    - prompt 0xf0c250:     146 tokens, checkpoints:  0,    18.252 MiB
srv        update:    - prompt 0x32191b0:     130 tokens, checkpoints:  0,    16.252 MiB
srv        update:    - prompt 0xee8ad0:     136 tokens, checkpoints:  0,    17.002 MiB
srv        update:    - prompt 0xf0d350:     136 tokens, checkpoints:  0,    17.002 MiB
srv        update:    - prompt 0x118e2a0:     241 tokens, checkpoints:  0,    30.129 MiB
srv        update:    - prompt 0xfffdcc0062a0:     325 tokens, checkpoints:  0,    40.629 MiB
srv        update:    - prompt 0xfffe24005460:     363 tokens, checkpoints:  0,    45.380 MiB
srv        update:    - prompt 0xfffe1c002440:     425 tokens, checkpoints:  0,    53.131 MiB
srv  get_availabl: prompt cache update took 15.60 ms
slot launch_slot_: id  1 | task -1 | sampler chain: logits -> ?penalties -> ?dry -> ?top-n-sigma -> top-k -> ?typical -> top-p -> min-p -> ?xtc -> temp-ext -> dist 
slot launch_slot_: id  1 | task 5858 | processing task, is_child = 0
slot slot_save_an: id  2 | task -1 | saving idle slot to prompt cache
srv   prompt_save:  - saving prompt with length 409, total state size = 51.130 MiB
slot prompt_clear: id  2 | task -1 | clearing prompt with 409 tokens
srv        update:  - cache state: 46 prompts, 977.999 MiB (limits: 8192.000 MiB, 4096 tokens, 65527 est)
srv        update:    - prompt 0xf0ecd0:     106 tokens, checkpoints:  0,    13.252 MiB
srv        update:    - prompt 0x4397eb0:     107 tokens, checkpoints:  0,    13.377 MiB
srv        update:    - prompt 0x439da00:     106 tokens, checkpoints:  0,    13.252 MiB
srv        update:    - prompt 0x3219be0:     107 tokens, checkpoints:  0,    13.377 MiB
srv        update:    - prompt 0x321c6f0:     105 tokens, checkpoints:  0,    13.127 MiB
srv        update:    - prompt 0x43990c0:     110 tokens, checkpoints:  0,    13.752 MiB
srv        update:    - prompt 0x1019e50:     116 tokens, checkpoints:  0,    14.502 MiB
srv        update:    - prompt 0x118e380:     109 tokens, checkpoints:  0,    13.627 MiB
srv        update:    - prompt 0x3219110:     113 tokens, checkpoints:  0,    14.127 MiB
srv        update:    - prompt 0x321e0f0:     108 tokens, checkpoints:  0,    13.502 MiB
srv        update:    - prompt 0x4398870:     108 tokens, checkpoints:  0,    13.502 MiB
srv        update:    - prompt 0xfdafe0:     108 tokens, checkpoints:  0,    13.502 MiB
srv        update:    - prompt 0xee3170:     111 tokens, checkpoints:  0,    13.877 MiB
srv        update:    - prompt 0x11f3590:     119 tokens, checkpoints:  0,    14.877 MiB
srv        update:    - prompt 0x3222110:     123 tokens, checkpoints:  0,    15.377 MiB
srv        update:    - prompt 0x439c6b0:     131 tokens, checkpoints:  0,    16.377 MiB
srv        update:    - prompt 0x118de20:     130 tokens, checkpoints:  0,    16.252 MiB
srv        update:    - prompt 0x322ece0:     418 tokens, checkpoints:  0,    52.256 MiB
srv        update:    - prompt 0x3ac8290:     415 tokens, checkpoints:  0,    51.880 MiB
srv        update:    - prompt 0x3239c10:     431 tokens, checkpoints:  0,    53.881 MiB
srv        update:    - prompt 0xf0cf10:     431 tokens, checkpoints:  0,    53.881 MiB
srv        update:    - prompt 0x3ac9990:     107 tokens, checkpoints:  0,    13.377 MiB
srv        update:    - prompt 0x3ad9850:     105 tokens, checkpoints:  0,    13.127 MiB
srv        update:    - prompt 0x4398620:     110 tokens, checkpoints:  0,    13.752 MiB
srv        update:    - prompt 0xf0c4e0:     116 tokens, checkpoints:  0,    14.502 MiB
srv        update:    - prompt 0x3adea70:     109 tokens, checkpoints:  0,    13.627 MiB
srv        update:    - prompt 0x3ae5890:     113 tokens, checkpoints:  0,    14.127 MiB
srv        update:    - prompt 0x3ae41b0:     108 tokens, checkpoints:  0,    13.502 MiB
srv        update:    - prompt 0x322e190:     108 tokens, checkpoints:  0,    13.502 MiB
srv        update:    - prompt 0x3af3d70:     108 tokens, checkpoints:  0,    13.502 MiB
srv        update:    - prompt 0x3af38d0:     111 tokens, checkpoints:  0,    13.877 MiB
srv        update:    - prompt 0x438e090:     119 tokens, checkpoints:  0,    14.877 MiB
srv        update:    - prompt 0x32222d0:     123 tokens, checkpoints:  0,    15.377 MiB
srv        update:    - prompt 0x3af8fa0:     165 tokens, checkpoints:  0,    20.628 MiB
srv        update:    - prompt 0x11f26a0:     131 tokens, checkpoints:  0,    16.377 MiB
srv        update:    - prompt 0x3aeac00:     135 tokens, checkpoints:  0,    16.877 MiB
srv        update:    - prompt 0x4395330:     132 tokens, checkpoints:  0,    16.502 MiB
srv        update:    - prompt 0xf0c250:     146 tokens, checkpoints:  0,    18.252 MiB
srv        update:    - prompt 0x32191b0:     130 tokens, checkpoints:  0,    16.252 MiB
srv        update:    - prompt 0xee8ad0:     136 tokens, checkpoints:  0,    17.002 MiB
srv        update:    - prompt 0xf0d350:     136 tokens, checkpoints:  0,    17.002 MiB
srv        update:    - prompt 0x118e2a0:     241 tokens, checkpoints:  0,    30.129 MiB
srv        update:    - prompt 0xfffdcc0062a0:     325 tokens, checkpoints:  0,    40.629 MiB
srv        update:    - prompt 0xfffe24005460:     363 tokens, checkpoints:  0,    45.380 MiB
srv        update:    - prompt 0xfffe1c002440:     425 tokens, checkpoints:  0,    53.131 MiB
srv        update:    - prompt 0x32284f0:     409 tokens, checkpoints:  0,    51.130 MiB
slot update_slots: id  1 | task 5858 | new prompt, n_ctx_slot = 4096, n_keep = 0, task.n_tokens = 313
slot update_slots: id  1 | task 5858 | n_tokens = 0, memory_seq_rm [0, end)
slot init_sampler: id  1 | task 5858 | init sampler, took 0.16 ms, tokens: text = 313, total = 313
slot update_slots: id  1 | task 5858 | prompt processing done, n_tokens = 313, batch.n_tokens = 313
srv  log_server_r: done request: POST /completion 127.0.0.1 200
slot print_timing: id  1 | task 5858 | 
prompt eval time =  194129.07 ms /   313 tokens (  620.22 ms per token,     1.61 tokens per second)
       eval time =   68103.91 ms /   100 tokens (  681.04 ms per token,     1.47 tokens per second)
      total time =  262232.98 ms /   413 tokens
slot      release: id  1 | task 5858 | stop processing: n_tokens = 412, truncated = 0
srv  update_slots: all slots are idle
slot get_availabl: id  0 | task -1 | selected slot by LRU, t_last = 272297431022
srv  get_availabl: updating prompt cache
srv          load:  - looking for better prompt, base f_keep = -1.000, sim = 0.000
srv          load:  - found better prompt with f_keep = 0.763, sim = 1.000
srv        update:  - cache state: 45 prompts, 925.743 MiB (limits: 8192.000 MiB, 4096 tokens, 65527 est)
srv        update:    - prompt 0xf0ecd0:     106 tokens, checkpoints:  0,    13.252 MiB
srv        update:    - prompt 0x4397eb0:     107 tokens, checkpoints:  0,    13.377 MiB
srv        update:    - prompt 0x439da00:     106 tokens, checkpoints:  0,    13.252 MiB
srv        update:    - prompt 0x3219be0:     107 tokens, checkpoints:  0,    13.377 MiB
srv        update:    - prompt 0x321c6f0:     105 tokens, checkpoints:  0,    13.127 MiB
srv        update:    - prompt 0x43990c0:     110 tokens, checkpoints:  0,    13.752 MiB
srv        update:    - prompt 0x1019e50:     116 tokens, checkpoints:  0,    14.502 MiB
srv        update:    - prompt 0x118e380:     109 tokens, checkpoints:  0,    13.627 MiB
srv        update:    - prompt 0x3219110:     113 tokens, checkpoints:  0,    14.127 MiB
srv        update:    - prompt 0x321e0f0:     108 tokens, checkpoints:  0,    13.502 MiB
srv        update:    - prompt 0x4398870:     108 tokens, checkpoints:  0,    13.502 MiB
srv        update:    - prompt 0xfdafe0:     108 tokens, checkpoints:  0,    13.502 MiB
srv        update:    - prompt 0xee3170:     111 tokens, checkpoints:  0,    13.877 MiB
srv        update:    - prompt 0x11f3590:     119 tokens, checkpoints:  0,    14.877 MiB
srv        update:    - prompt 0x3222110:     123 tokens, checkpoints:  0,    15.377 MiB
srv        update:    - prompt 0x439c6b0:     131 tokens, checkpoints:  0,    16.377 MiB
srv        update:    - prompt 0x118de20:     130 tokens, checkpoints:  0,    16.252 MiB
srv        update:    - prompt 0x3ac8290:     415 tokens, checkpoints:  0,    51.880 MiB
srv        update:    - prompt 0x3239c10:     431 tokens, checkpoints:  0,    53.881 MiB
srv        update:    - prompt 0xf0cf10:     431 tokens, checkpoints:  0,    53.881 MiB
srv        update:    - prompt 0x3ac9990:     107 tokens, checkpoints:  0,    13.377 MiB
srv        update:    - prompt 0x3ad9850:     105 tokens, checkpoints:  0,    13.127 MiB
srv        update:    - prompt 0x4398620:     110 tokens, checkpoints:  0,    13.752 MiB
srv        update:    - prompt 0xf0c4e0:     116 tokens, checkpoints:  0,    14.502 MiB
srv        update:    - prompt 0x3adea70:     109 tokens, checkpoints:  0,    13.627 MiB
srv        update:    - prompt 0x3ae5890:     113 tokens, checkpoints:  0,    14.127 MiB
srv        update:    - prompt 0x3ae41b0:     108 tokens, checkpoints:  0,    13.502 MiB
srv        update:    - prompt 0x322e190:     108 tokens, checkpoints:  0,    13.502 MiB
srv        update:    - prompt 0x3af3d70:     108 tokens, checkpoints:  0,    13.502 MiB
srv        update:    - prompt 0x3af38d0:     111 tokens, checkpoints:  0,    13.877 MiB
srv        update:    - prompt 0x438e090:     119 tokens, checkpoints:  0,    14.877 MiB
srv        update:    - prompt 0x32222d0:     123 tokens, checkpoints:  0,    15.377 MiB
srv        update:    - prompt 0x3af8fa0:     165 tokens, checkpoints:  0,    20.628 MiB
srv        update:    - prompt 0x11f26a0:     131 tokens, checkpoints:  0,    16.377 MiB
srv        update:    - prompt 0x3aeac00:     135 tokens, checkpoints:  0,    16.877 MiB
srv        update:    - prompt 0x4395330:     132 tokens, checkpoints:  0,    16.502 MiB
srv        update:    - prompt 0xf0c250:     146 tokens, checkpoints:  0,    18.252 MiB
srv        update:    - prompt 0x32191b0:     130 tokens, checkpoints:  0,    16.252 MiB
srv        update:    - prompt 0xee8ad0:     136 tokens, checkpoints:  0,    17.002 MiB
srv        update:    - prompt 0xf0d350:     136 tokens, checkpoints:  0,    17.002 MiB
srv        update:    - prompt 0x118e2a0:     241 tokens, checkpoints:  0,    30.129 MiB
srv        update:    - prompt 0xfffdcc0062a0:     325 tokens, checkpoints:  0,    40.629 MiB
srv        update:    - prompt 0xfffe24005460:     363 tokens, checkpoints:  0,    45.380 MiB
srv        update:    - prompt 0xfffe1c002440:     425 tokens, checkpoints:  0,    53.131 MiB
srv        update:    - prompt 0x32284f0:     409 tokens, checkpoints:  0,    51.130 MiB
srv  get_availabl: prompt cache update took 15.76 ms
slot launch_slot_: id  0 | task -1 | sampler chain: logits -> ?penalties -> ?dry -> ?top-n-sigma -> top-k -> ?typical -> top-p -> min-p -> ?xtc -> temp-ext -> dist 
slot launch_slot_: id  0 | task 5959 | processing task, is_child = 0
slot slot_save_an: id  1 | task -1 | saving idle slot to prompt cache
srv   prompt_save:  - saving prompt with length 412, total state size = 51.505 MiB
slot prompt_clear: id  1 | task -1 | clearing prompt with 412 tokens
srv        update:  - cache state: 46 prompts, 977.249 MiB (limits: 8192.000 MiB, 4096 tokens, 65527 est)
srv        update:    - prompt 0xf0ecd0:     106 tokens, checkpoints:  0,    13.252 MiB
srv        update:    - prompt 0x4397eb0:     107 tokens, checkpoints:  0,    13.377 MiB
srv        update:    - prompt 0x439da00:     106 tokens, checkpoints:  0,    13.252 MiB
srv        update:    - prompt 0x3219be0:     107 tokens, checkpoints:  0,    13.377 MiB
srv        update:    - prompt 0x321c6f0:     105 tokens, checkpoints:  0,    13.127 MiB
srv        update:    - prompt 0x43990c0:     110 tokens, checkpoints:  0,    13.752 MiB
srv        update:    - prompt 0x1019e50:     116 tokens, checkpoints:  0,    14.502 MiB
srv        update:    - prompt 0x118e380:     109 tokens, checkpoints:  0,    13.627 MiB
srv        update:    - prompt 0x3219110:     113 tokens, checkpoints:  0,    14.127 MiB
srv        update:    - prompt 0x321e0f0:     108 tokens, checkpoints:  0,    13.502 MiB
srv        update:    - prompt 0x4398870:     108 tokens, checkpoints:  0,    13.502 MiB
srv        update:    - prompt 0xfdafe0:     108 tokens, checkpoints:  0,    13.502 MiB
srv        update:    - prompt 0xee3170:     111 tokens, checkpoints:  0,    13.877 MiB
srv        update:    - prompt 0x11f3590:     119 tokens, checkpoints:  0,    14.877 MiB
srv        update:    - prompt 0x3222110:     123 tokens, checkpoints:  0,    15.377 MiB
srv        update:    - prompt 0x439c6b0:     131 tokens, checkpoints:  0,    16.377 MiB
srv        update:    - prompt 0x118de20:     130 tokens, checkpoints:  0,    16.252 MiB
srv        update:    - prompt 0x3ac8290:     415 tokens, checkpoints:  0,    51.880 MiB
srv        update:    - prompt 0x3239c10:     431 tokens, checkpoints:  0,    53.881 MiB
srv        update:    - prompt 0xf0cf10:     431 tokens, checkpoints:  0,    53.881 MiB
srv        update:    - prompt 0x3ac9990:     107 tokens, checkpoints:  0,    13.377 MiB
srv        update:    - prompt 0x3ad9850:     105 tokens, checkpoints:  0,    13.127 MiB
srv        update:    - prompt 0x4398620:     110 tokens, checkpoints:  0,    13.752 MiB
srv        update:    - prompt 0xf0c4e0:     116 tokens, checkpoints:  0,    14.502 MiB
srv        update:    - prompt 0x3adea70:     109 tokens, checkpoints:  0,    13.627 MiB
srv        update:    - prompt 0x3ae5890:     113 tokens, checkpoints:  0,    14.127 MiB
srv        update:    - prompt 0x3ae41b0:     108 tokens, checkpoints:  0,    13.502 MiB
srv        update:    - prompt 0x322e190:     108 tokens, checkpoints:  0,    13.502 MiB
srv        update:    - prompt 0x3af3d70:     108 tokens, checkpoints:  0,    13.502 MiB
srv        update:    - prompt 0x3af38d0:     111 tokens, checkpoints:  0,    13.877 MiB
srv        update:    - prompt 0x438e090:     119 tokens, checkpoints:  0,    14.877 MiB
srv        update:    - prompt 0x32222d0:     123 tokens, checkpoints:  0,    15.377 MiB
srv        update:    - prompt 0x3af8fa0:     165 tokens, checkpoints:  0,    20.628 MiB
srv        update:    - prompt 0x11f26a0:     131 tokens, checkpoints:  0,    16.377 MiB
srv        update:    - prompt 0x3aeac00:     135 tokens, checkpoints:  0,    16.877 MiB
srv        update:    - prompt 0x4395330:     132 tokens, checkpoints:  0,    16.502 MiB
srv        update:    - prompt 0xf0c250:     146 tokens, checkpoints:  0,    18.252 MiB
srv        update:    - prompt 0x32191b0:     130 tokens, checkpoints:  0,    16.252 MiB
srv        update:    - prompt 0xee8ad0:     136 tokens, checkpoints:  0,    17.002 MiB
srv        update:    - prompt 0xf0d350:     136 tokens, checkpoints:  0,    17.002 MiB
srv        update:    - prompt 0x118e2a0:     241 tokens, checkpoints:  0,    30.129 MiB
srv        update:    - prompt 0xfffdcc0062a0:     325 tokens, checkpoints:  0,    40.629 MiB
srv        update:    - prompt 0xfffe24005460:     363 tokens, checkpoints:  0,    45.380 MiB
srv        update:    - prompt 0xfffe1c002440:     425 tokens, checkpoints:  0,    53.131 MiB
srv        update:    - prompt 0x32284f0:     409 tokens, checkpoints:  0,    51.130 MiB
srv        update:    - prompt 0x322ece0:     412 tokens, checkpoints:  0,    51.505 MiB
slot update_slots: id  0 | task 5959 | new prompt, n_ctx_slot = 4096, n_keep = 0, task.n_tokens = 319
slot update_slots: id  0 | task 5959 | n_tokens = 0, memory_seq_rm [0, end)
slot init_sampler: id  0 | task 5959 | init sampler, took 0.17 ms, tokens: text = 319, total = 319
slot update_slots: id  0 | task 5959 | prompt processing done, n_tokens = 319, batch.n_tokens = 319
srv  log_server_r: done request: POST /completion 127.0.0.1 200
slot print_timing: id  0 | task 5959 | 
prompt eval time =  197476.71 ms /   319 tokens (  619.05 ms per token,     1.62 tokens per second)
       eval time =   68177.15 ms /   100 tokens (  681.77 ms per token,     1.47 tokens per second)
      total time =  265653.86 ms /   419 tokens
slot      release: id  0 | task 5959 | stop processing: n_tokens = 418, truncated = 0
srv  update_slots: all slots are idle
slot get_availabl: id  3 | task -1 | selected slot by LRU, t_last = 272575273049
srv  get_availabl: updating prompt cache
srv          load:  - looking for better prompt, base f_keep = -1.000, sim = 0.000
srv          load:  - found better prompt with f_keep = 0.761, sim = 1.000
srv        update:  - cache state: 45 prompts, 925.368 MiB (limits: 8192.000 MiB, 4096 tokens, 65527 est)
srv        update:    - prompt 0xf0ecd0:     106 tokens, checkpoints:  0,    13.252 MiB
srv        update:    - prompt 0x4397eb0:     107 tokens, checkpoints:  0,    13.377 MiB
srv        update:    - prompt 0x439da00:     106 tokens, checkpoints:  0,    13.252 MiB
srv        update:    - prompt 0x3219be0:     107 tokens, checkpoints:  0,    13.377 MiB
srv        update:    - prompt 0x321c6f0:     105 tokens, checkpoints:  0,    13.127 MiB
srv        update:    - prompt 0x43990c0:     110 tokens, checkpoints:  0,    13.752 MiB
srv        update:    - prompt 0x1019e50:     116 tokens, checkpoints:  0,    14.502 MiB
srv        update:    - prompt 0x118e380:     109 tokens, checkpoints:  0,    13.627 MiB
srv        update:    - prompt 0x3219110:     113 tokens, checkpoints:  0,    14.127 MiB
srv        update:    - prompt 0x321e0f0:     108 tokens, checkpoints:  0,    13.502 MiB
srv        update:    - prompt 0x4398870:     108 tokens, checkpoints:  0,    13.502 MiB
srv        update:    - prompt 0xfdafe0:     108 tokens, checkpoints:  0,    13.502 MiB
srv        update:    - prompt 0xee3170:     111 tokens, checkpoints:  0,    13.877 MiB
srv        update:    - prompt 0x11f3590:     119 tokens, checkpoints:  0,    14.877 MiB
srv        update:    - prompt 0x3222110:     123 tokens, checkpoints:  0,    15.377 MiB
srv        update:    - prompt 0x439c6b0:     131 tokens, checkpoints:  0,    16.377 MiB
srv        update:    - prompt 0x118de20:     130 tokens, checkpoints:  0,    16.252 MiB
srv        update:    - prompt 0x3239c10:     431 tokens, checkpoints:  0,    53.881 MiB
srv        update:    - prompt 0xf0cf10:     431 tokens, checkpoints:  0,    53.881 MiB
srv        update:    - prompt 0x3ac9990:     107 tokens, checkpoints:  0,    13.377 MiB
srv        update:    - prompt 0x3ad9850:     105 tokens, checkpoints:  0,    13.127 MiB
srv        update:    - prompt 0x4398620:     110 tokens, checkpoints:  0,    13.752 MiB
srv        update:    - prompt 0xf0c4e0:     116 tokens, checkpoints:  0,    14.502 MiB
srv        update:    - prompt 0x3adea70:     109 tokens, checkpoints:  0,    13.627 MiB
srv        update:    - prompt 0x3ae5890:     113 tokens, checkpoints:  0,    14.127 MiB
srv        update:    - prompt 0x3ae41b0:     108 tokens, checkpoints:  0,    13.502 MiB
srv        update:    - prompt 0x322e190:     108 tokens, checkpoints:  0,    13.502 MiB
srv        update:    - prompt 0x3af3d70:     108 tokens, checkpoints:  0,    13.502 MiB
srv        update:    - prompt 0x3af38d0:     111 tokens, checkpoints:  0,    13.877 MiB
srv        update:    - prompt 0x438e090:     119 tokens, checkpoints:  0,    14.877 MiB
srv        update:    - prompt 0x32222d0:     123 tokens, checkpoints:  0,    15.377 MiB
srv        update:    - prompt 0x3af8fa0:     165 tokens, checkpoints:  0,    20.628 MiB
srv        update:    - prompt 0x11f26a0:     131 tokens, checkpoints:  0,    16.377 MiB
srv        update:    - prompt 0x3aeac00:     135 tokens, checkpoints:  0,    16.877 MiB
srv        update:    - prompt 0x4395330:     132 tokens, checkpoints:  0,    16.502 MiB
srv        update:    - prompt 0xf0c250:     146 tokens, checkpoints:  0,    18.252 MiB
srv        update:    - prompt 0x32191b0:     130 tokens, checkpoints:  0,    16.252 MiB
srv        update:    - prompt 0xee8ad0:     136 tokens, checkpoints:  0,    17.002 MiB
srv        update:    - prompt 0xf0d350:     136 tokens, checkpoints:  0,    17.002 MiB
srv        update:    - prompt 0x118e2a0:     241 tokens, checkpoints:  0,    30.129 MiB
srv        update:    - prompt 0xfffdcc0062a0:     325 tokens, checkpoints:  0,    40.629 MiB
srv        update:    - prompt 0xfffe24005460:     363 tokens, checkpoints:  0,    45.380 MiB
srv        update:    - prompt 0xfffe1c002440:     425 tokens, checkpoints:  0,    53.131 MiB
srv        update:    - prompt 0x32284f0:     409 tokens, checkpoints:  0,    51.130 MiB
srv        update:    - prompt 0x322ece0:     412 tokens, checkpoints:  0,    51.505 MiB
srv  get_availabl: prompt cache update took 15.62 ms
slot launch_slot_: id  3 | task -1 | sampler chain: logits -> ?penalties -> ?dry -> ?top-n-sigma -> top-k -> ?typical -> top-p -> min-p -> ?xtc -> temp-ext -> dist 
slot launch_slot_: id  3 | task 6060 | processing task, is_child = 0
slot slot_save_an: id  0 | task -1 | saving idle slot to prompt cache
srv   prompt_save:  - saving prompt with length 418, total state size = 52.256 MiB
slot prompt_clear: id  0 | task -1 | clearing prompt with 418 tokens
srv        update:  - cache state: 46 prompts, 977.624 MiB (limits: 8192.000 MiB, 4096 tokens, 65527 est)
srv        update:    - prompt 0xf0ecd0:     106 tokens, checkpoints:  0,    13.252 MiB
srv        update:    - prompt 0x4397eb0:     107 tokens, checkpoints:  0,    13.377 MiB
srv        update:    - prompt 0x439da00:     106 tokens, checkpoints:  0,    13.252 MiB
srv        update:    - prompt 0x3219be0:     107 tokens, checkpoints:  0,    13.377 MiB
srv        update:    - prompt 0x321c6f0:     105 tokens, checkpoints:  0,    13.127 MiB
srv        update:    - prompt 0x43990c0:     110 tokens, checkpoints:  0,    13.752 MiB
srv        update:    - prompt 0x1019e50:     116 tokens, checkpoints:  0,    14.502 MiB
srv        update:    - prompt 0x118e380:     109 tokens, checkpoints:  0,    13.627 MiB
srv        update:    - prompt 0x3219110:     113 tokens, checkpoints:  0,    14.127 MiB
srv        update:    - prompt 0x321e0f0:     108 tokens, checkpoints:  0,    13.502 MiB
srv        update:    - prompt 0x4398870:     108 tokens, checkpoints:  0,    13.502 MiB
srv        update:    - prompt 0xfdafe0:     108 tokens, checkpoints:  0,    13.502 MiB
srv        update:    - prompt 0xee3170:     111 tokens, checkpoints:  0,    13.877 MiB
srv        update:    - prompt 0x11f3590:     119 tokens, checkpoints:  0,    14.877 MiB
srv        update:    - prompt 0x3222110:     123 tokens, checkpoints:  0,    15.377 MiB
srv        update:    - prompt 0x439c6b0:     131 tokens, checkpoints:  0,    16.377 MiB
srv        update:    - prompt 0x118de20:     130 tokens, checkpoints:  0,    16.252 MiB
srv        update:    - prompt 0x3239c10:     431 tokens, checkpoints:  0,    53.881 MiB
srv        update:    - prompt 0xf0cf10:     431 tokens, checkpoints:  0,    53.881 MiB
srv        update:    - prompt 0x3ac9990:     107 tokens, checkpoints:  0,    13.377 MiB
srv        update:    - prompt 0x3ad9850:     105 tokens, checkpoints:  0,    13.127 MiB
srv        update:    - prompt 0x4398620:     110 tokens, checkpoints:  0,    13.752 MiB
srv        update:    - prompt 0xf0c4e0:     116 tokens, checkpoints:  0,    14.502 MiB
srv        update:    - prompt 0x3adea70:     109 tokens, checkpoints:  0,    13.627 MiB
srv        update:    - prompt 0x3ae5890:     113 tokens, checkpoints:  0,    14.127 MiB
srv        update:    - prompt 0x3ae41b0:     108 tokens, checkpoints:  0,    13.502 MiB
srv        update:    - prompt 0x322e190:     108 tokens, checkpoints:  0,    13.502 MiB
srv        update:    - prompt 0x3af3d70:     108 tokens, checkpoints:  0,    13.502 MiB
srv        update:    - prompt 0x3af38d0:     111 tokens, checkpoints:  0,    13.877 MiB
srv        update:    - prompt 0x438e090:     119 tokens, checkpoints:  0,    14.877 MiB
srv        update:    - prompt 0x32222d0:     123 tokens, checkpoints:  0,    15.377 MiB
srv        update:    - prompt 0x3af8fa0:     165 tokens, checkpoints:  0,    20.628 MiB
srv        update:    - prompt 0x11f26a0:     131 tokens, checkpoints:  0,    16.377 MiB
srv        update:    - prompt 0x3aeac00:     135 tokens, checkpoints:  0,    16.877 MiB
srv        update:    - prompt 0x4395330:     132 tokens, checkpoints:  0,    16.502 MiB
srv        update:    - prompt 0xf0c250:     146 tokens, checkpoints:  0,    18.252 MiB
srv        update:    - prompt 0x32191b0:     130 tokens, checkpoints:  0,    16.252 MiB
srv        update:    - prompt 0xee8ad0:     136 tokens, checkpoints:  0,    17.002 MiB
srv        update:    - prompt 0xf0d350:     136 tokens, checkpoints:  0,    17.002 MiB
srv        update:    - prompt 0x118e2a0:     241 tokens, checkpoints:  0,    30.129 MiB
srv        update:    - prompt 0xfffdcc0062a0:     325 tokens, checkpoints:  0,    40.629 MiB
srv        update:    - prompt 0xfffe24005460:     363 tokens, checkpoints:  0,    45.380 MiB
srv        update:    - prompt 0xfffe1c002440:     425 tokens, checkpoints:  0,    53.131 MiB
srv        update:    - prompt 0x32284f0:     409 tokens, checkpoints:  0,    51.130 MiB
srv        update:    - prompt 0x322ece0:     412 tokens, checkpoints:  0,    51.505 MiB
srv        update:    - prompt 0x3ac8290:     418 tokens, checkpoints:  0,    52.256 MiB
slot update_slots: id  3 | task 6060 | new prompt, n_ctx_slot = 4096, n_keep = 0, task.n_tokens = 316
slot update_slots: id  3 | task 6060 | n_tokens = 0, memory_seq_rm [0, end)
slot init_sampler: id  3 | task 6060 | init sampler, took 0.16 ms, tokens: text = 316, total = 316
slot update_slots: id  3 | task 6060 | prompt processing done, n_tokens = 316, batch.n_tokens = 316
srv  log_server_r: done request: POST /completion 127.0.0.1 200
slot print_timing: id  3 | task 6060 | 
prompt eval time =  195811.94 ms /   316 tokens (  619.66 ms per token,     1.61 tokens per second)
       eval time =   68608.45 ms /   100 tokens (  686.08 ms per token,     1.46 tokens per second)
      total time =  264420.39 ms /   416 tokens
slot      release: id  3 | task 6060 | stop processing: n_tokens = 415, truncated = 0
srv  update_slots: all slots are idle
slot get_availabl: id  2 | task -1 | selected slot by LRU, t_last = 272836559492
srv  get_availabl: updating prompt cache
srv          load:  - looking for better prompt, base f_keep = -1.000, sim = 0.000
srv          load:  - found better prompt with f_keep = 0.770, sim = 1.000
srv        update:  - cache state: 45 prompts, 923.743 MiB (limits: 8192.000 MiB, 4096 tokens, 65527 est)
srv        update:    - prompt 0xf0ecd0:     106 tokens, checkpoints:  0,    13.252 MiB
srv        update:    - prompt 0x4397eb0:     107 tokens, checkpoints:  0,    13.377 MiB
srv        update:    - prompt 0x439da00:     106 tokens, checkpoints:  0,    13.252 MiB
srv        update:    - prompt 0x3219be0:     107 tokens, checkpoints:  0,    13.377 MiB
srv        update:    - prompt 0x321c6f0:     105 tokens, checkpoints:  0,    13.127 MiB
srv        update:    - prompt 0x43990c0:     110 tokens, checkpoints:  0,    13.752 MiB
srv        update:    - prompt 0x1019e50:     116 tokens, checkpoints:  0,    14.502 MiB
srv        update:    - prompt 0x118e380:     109 tokens, checkpoints:  0,    13.627 MiB
srv        update:    - prompt 0x3219110:     113 tokens, checkpoints:  0,    14.127 MiB
srv        update:    - prompt 0x321e0f0:     108 tokens, checkpoints:  0,    13.502 MiB
srv        update:    - prompt 0x4398870:     108 tokens, checkpoints:  0,    13.502 MiB
srv        update:    - prompt 0xfdafe0:     108 tokens, checkpoints:  0,    13.502 MiB
srv        update:    - prompt 0xee3170:     111 tokens, checkpoints:  0,    13.877 MiB
srv        update:    - prompt 0x11f3590:     119 tokens, checkpoints:  0,    14.877 MiB
srv        update:    - prompt 0x3222110:     123 tokens, checkpoints:  0,    15.377 MiB
srv        update:    - prompt 0x439c6b0:     131 tokens, checkpoints:  0,    16.377 MiB
srv        update:    - prompt 0x118de20:     130 tokens, checkpoints:  0,    16.252 MiB
srv        update:    - prompt 0xf0cf10:     431 tokens, checkpoints:  0,    53.881 MiB
srv        update:    - prompt 0x3ac9990:     107 tokens, checkpoints:  0,    13.377 MiB
srv        update:    - prompt 0x3ad9850:     105 tokens, checkpoints:  0,    13.127 MiB
srv        update:    - prompt 0x4398620:     110 tokens, checkpoints:  0,    13.752 MiB
srv        update:    - prompt 0xf0c4e0:     116 tokens, checkpoints:  0,    14.502 MiB
srv        update:    - prompt 0x3adea70:     109 tokens, checkpoints:  0,    13.627 MiB
srv        update:    - prompt 0x3ae5890:     113 tokens, checkpoints:  0,    14.127 MiB
srv        update:    - prompt 0x3ae41b0:     108 tokens, checkpoints:  0,    13.502 MiB
srv        update:    - prompt 0x322e190:     108 tokens, checkpoints:  0,    13.502 MiB
srv        update:    - prompt 0x3af3d70:     108 tokens, checkpoints:  0,    13.502 MiB
srv        update:    - prompt 0x3af38d0:     111 tokens, checkpoints:  0,    13.877 MiB
srv        update:    - prompt 0x438e090:     119 tokens, checkpoints:  0,    14.877 MiB
srv        update:    - prompt 0x32222d0:     123 tokens, checkpoints:  0,    15.377 MiB
srv        update:    - prompt 0x3af8fa0:     165 tokens, checkpoints:  0,    20.628 MiB
srv        update:    - prompt 0x11f26a0:     131 tokens, checkpoints:  0,    16.377 MiB
srv        update:    - prompt 0x3aeac00:     135 tokens, checkpoints:  0,    16.877 MiB
srv        update:    - prompt 0x4395330:     132 tokens, checkpoints:  0,    16.502 MiB
srv        update:    - prompt 0xf0c250:     146 tokens, checkpoints:  0,    18.252 MiB
srv        update:    - prompt 0x32191b0:     130 tokens, checkpoints:  0,    16.252 MiB
srv        update:    - prompt 0xee8ad0:     136 tokens, checkpoints:  0,    17.002 MiB
srv        update:    - prompt 0xf0d350:     136 tokens, checkpoints:  0,    17.002 MiB
srv        update:    - prompt 0x118e2a0:     241 tokens, checkpoints:  0,    30.129 MiB
srv        update:    - prompt 0xfffdcc0062a0:     325 tokens, checkpoints:  0,    40.629 MiB
srv        update:    - prompt 0xfffe24005460:     363 tokens, checkpoints:  0,    45.380 MiB
srv        update:    - prompt 0xfffe1c002440:     425 tokens, checkpoints:  0,    53.131 MiB
srv        update:    - prompt 0x32284f0:     409 tokens, checkpoints:  0,    51.130 MiB
srv        update:    - prompt 0x322ece0:     412 tokens, checkpoints:  0,    51.505 MiB
srv        update:    - prompt 0x3ac8290:     418 tokens, checkpoints:  0,    52.256 MiB
srv  get_availabl: prompt cache update took 16.35 ms
slot launch_slot_: id  2 | task -1 | sampler chain: logits -> ?penalties -> ?dry -> ?top-n-sigma -> top-k -> ?typical -> top-p -> min-p -> ?xtc -> temp-ext -> dist 
slot launch_slot_: id  2 | task 6161 | processing task, is_child = 0
slot slot_save_an: id  3 | task -1 | saving idle slot to prompt cache
srv   prompt_save:  - saving prompt with length 415, total state size = 51.880 MiB
slot prompt_clear: id  3 | task -1 | clearing prompt with 415 tokens
srv        update:  - cache state: 46 prompts, 975.624 MiB (limits: 8192.000 MiB, 4096 tokens, 65527 est)
srv        update:    - prompt 0xf0ecd0:     106 tokens, checkpoints:  0,    13.252 MiB
srv        update:    - prompt 0x4397eb0:     107 tokens, checkpoints:  0,    13.377 MiB
srv        update:    - prompt 0x439da00:     106 tokens, checkpoints:  0,    13.252 MiB
srv        update:    - prompt 0x3219be0:     107 tokens, checkpoints:  0,    13.377 MiB
srv        update:    - prompt 0x321c6f0:     105 tokens, checkpoints:  0,    13.127 MiB
srv        update:    - prompt 0x43990c0:     110 tokens, checkpoints:  0,    13.752 MiB
srv        update:    - prompt 0x1019e50:     116 tokens, checkpoints:  0,    14.502 MiB
srv        update:    - prompt 0x118e380:     109 tokens, checkpoints:  0,    13.627 MiB
srv        update:    - prompt 0x3219110:     113 tokens, checkpoints:  0,    14.127 MiB
srv        update:    - prompt 0x321e0f0:     108 tokens, checkpoints:  0,    13.502 MiB
srv        update:    - prompt 0x4398870:     108 tokens, checkpoints:  0,    13.502 MiB
srv        update:    - prompt 0xfdafe0:     108 tokens, checkpoints:  0,    13.502 MiB
srv        update:    - prompt 0xee3170:     111 tokens, checkpoints:  0,    13.877 MiB
srv        update:    - prompt 0x11f3590:     119 tokens, checkpoints:  0,    14.877 MiB
srv        update:    - prompt 0x3222110:     123 tokens, checkpoints:  0,    15.377 MiB
srv        update:    - prompt 0x439c6b0:     131 tokens, checkpoints:  0,    16.377 MiB
srv        update:    - prompt 0x118de20:     130 tokens, checkpoints:  0,    16.252 MiB
srv        update:    - prompt 0xf0cf10:     431 tokens, checkpoints:  0,    53.881 MiB
srv        update:    - prompt 0x3ac9990:     107 tokens, checkpoints:  0,    13.377 MiB
srv        update:    - prompt 0x3ad9850:     105 tokens, checkpoints:  0,    13.127 MiB
srv        update:    - prompt 0x4398620:     110 tokens, checkpoints:  0,    13.752 MiB
srv        update:    - prompt 0xf0c4e0:     116 tokens, checkpoints:  0,    14.502 MiB
srv        update:    - prompt 0x3adea70:     109 tokens, checkpoints:  0,    13.627 MiB
srv        update:    - prompt 0x3ae5890:     113 tokens, checkpoints:  0,    14.127 MiB
srv        update:    - prompt 0x3ae41b0:     108 tokens, checkpoints:  0,    13.502 MiB
srv        update:    - prompt 0x322e190:     108 tokens, checkpoints:  0,    13.502 MiB
srv        update:    - prompt 0x3af3d70:     108 tokens, checkpoints:  0,    13.502 MiB
srv        update:    - prompt 0x3af38d0:     111 tokens, checkpoints:  0,    13.877 MiB
srv        update:    - prompt 0x438e090:     119 tokens, checkpoints:  0,    14.877 MiB
srv        update:    - prompt 0x32222d0:     123 tokens, checkpoints:  0,    15.377 MiB
srv        update:    - prompt 0x3af8fa0:     165 tokens, checkpoints:  0,    20.628 MiB
srv        update:    - prompt 0x11f26a0:     131 tokens, checkpoints:  0,    16.377 MiB
srv        update:    - prompt 0x3aeac00:     135 tokens, checkpoints:  0,    16.877 MiB
srv        update:    - prompt 0x4395330:     132 tokens, checkpoints:  0,    16.502 MiB
srv        update:    - prompt 0xf0c250:     146 tokens, checkpoints:  0,    18.252 MiB
srv        update:    - prompt 0x32191b0:     130 tokens, checkpoints:  0,    16.252 MiB
srv        update:    - prompt 0xee8ad0:     136 tokens, checkpoints:  0,    17.002 MiB
srv        update:    - prompt 0xf0d350:     136 tokens, checkpoints:  0,    17.002 MiB
srv        update:    - prompt 0x118e2a0:     241 tokens, checkpoints:  0,    30.129 MiB
srv        update:    - prompt 0xfffdcc0062a0:     325 tokens, checkpoints:  0,    40.629 MiB
srv        update:    - prompt 0xfffe24005460:     363 tokens, checkpoints:  0,    45.380 MiB
srv        update:    - prompt 0xfffe1c002440:     425 tokens, checkpoints:  0,    53.131 MiB
srv        update:    - prompt 0x32284f0:     409 tokens, checkpoints:  0,    51.130 MiB
srv        update:    - prompt 0x322ece0:     412 tokens, checkpoints:  0,    51.505 MiB
srv        update:    - prompt 0x3ac8290:     418 tokens, checkpoints:  0,    52.256 MiB
srv        update:    - prompt 0x3239c10:     415 tokens, checkpoints:  0,    51.880 MiB
slot update_slots: id  2 | task 6161 | new prompt, n_ctx_slot = 4096, n_keep = 0, task.n_tokens = 332
slot update_slots: id  2 | task 6161 | n_tokens = 0, memory_seq_rm [0, end)
slot init_sampler: id  2 | task 6161 | init sampler, took 0.16 ms, tokens: text = 332, total = 332
slot update_slots: id  2 | task 6161 | prompt processing done, n_tokens = 332, batch.n_tokens = 332
srv  log_server_r: done request: POST /completion 127.0.0.1 200
slot print_timing: id  2 | task 6161 | 
prompt eval time =  212400.70 ms /   332 tokens (  639.76 ms per token,     1.56 tokens per second)
       eval time =   68394.85 ms /   100 tokens (  683.95 ms per token,     1.46 tokens per second)
      total time =  280795.55 ms /   432 tokens
slot      release: id  2 | task 6161 | stop processing: n_tokens = 431, truncated = 0
srv  update_slots: all slots are idle
slot get_availabl: id  1 | task -1 | selected slot by LRU, t_last = 273099428461
srv  get_availabl: updating prompt cache
srv          load:  - looking for better prompt, base f_keep = -1.000, sim = 0.000
srv          load:  - found better prompt with f_keep = 0.770, sim = 1.000
srv        update:  - cache state: 45 prompts, 921.743 MiB (limits: 8192.000 MiB, 4096 tokens, 65527 est)
srv        update:    - prompt 0xf0ecd0:     106 tokens, checkpoints:  0,    13.252 MiB
srv        update:    - prompt 0x4397eb0:     107 tokens, checkpoints:  0,    13.377 MiB
srv        update:    - prompt 0x439da00:     106 tokens, checkpoints:  0,    13.252 MiB
srv        update:    - prompt 0x3219be0:     107 tokens, checkpoints:  0,    13.377 MiB
srv        update:    - prompt 0x321c6f0:     105 tokens, checkpoints:  0,    13.127 MiB
srv        update:    - prompt 0x43990c0:     110 tokens, checkpoints:  0,    13.752 MiB
srv        update:    - prompt 0x1019e50:     116 tokens, checkpoints:  0,    14.502 MiB
srv        update:    - prompt 0x118e380:     109 tokens, checkpoints:  0,    13.627 MiB
srv        update:    - prompt 0x3219110:     113 tokens, checkpoints:  0,    14.127 MiB
srv        update:    - prompt 0x321e0f0:     108 tokens, checkpoints:  0,    13.502 MiB
srv        update:    - prompt 0x4398870:     108 tokens, checkpoints:  0,    13.502 MiB
srv        update:    - prompt 0xfdafe0:     108 tokens, checkpoints:  0,    13.502 MiB
srv        update:    - prompt 0xee3170:     111 tokens, checkpoints:  0,    13.877 MiB
srv        update:    - prompt 0x11f3590:     119 tokens, checkpoints:  0,    14.877 MiB
srv        update:    - prompt 0x3222110:     123 tokens, checkpoints:  0,    15.377 MiB
srv        update:    - prompt 0x439c6b0:     131 tokens, checkpoints:  0,    16.377 MiB
srv        update:    - prompt 0x118de20:     130 tokens, checkpoints:  0,    16.252 MiB
srv        update:    - prompt 0x3ac9990:     107 tokens, checkpoints:  0,    13.377 MiB
srv        update:    - prompt 0x3ad9850:     105 tokens, checkpoints:  0,    13.127 MiB
srv        update:    - prompt 0x4398620:     110 tokens, checkpoints:  0,    13.752 MiB
srv        update:    - prompt 0xf0c4e0:     116 tokens, checkpoints:  0,    14.502 MiB
srv        update:    - prompt 0x3adea70:     109 tokens, checkpoints:  0,    13.627 MiB
srv        update:    - prompt 0x3ae5890:     113 tokens, checkpoints:  0,    14.127 MiB
srv        update:    - prompt 0x3ae41b0:     108 tokens, checkpoints:  0,    13.502 MiB
srv        update:    - prompt 0x322e190:     108 tokens, checkpoints:  0,    13.502 MiB
srv        update:    - prompt 0x3af3d70:     108 tokens, checkpoints:  0,    13.502 MiB
srv        update:    - prompt 0x3af38d0:     111 tokens, checkpoints:  0,    13.877 MiB
srv        update:    - prompt 0x438e090:     119 tokens, checkpoints:  0,    14.877 MiB
srv        update:    - prompt 0x32222d0:     123 tokens, checkpoints:  0,    15.377 MiB
srv        update:    - prompt 0x3af8fa0:     165 tokens, checkpoints:  0,    20.628 MiB
srv        update:    - prompt 0x11f26a0:     131 tokens, checkpoints:  0,    16.377 MiB
srv        update:    - prompt 0x3aeac00:     135 tokens, checkpoints:  0,    16.877 MiB
srv        update:    - prompt 0x4395330:     132 tokens, checkpoints:  0,    16.502 MiB
srv        update:    - prompt 0xf0c250:     146 tokens, checkpoints:  0,    18.252 MiB
srv        update:    - prompt 0x32191b0:     130 tokens, checkpoints:  0,    16.252 MiB
srv        update:    - prompt 0xee8ad0:     136 tokens, checkpoints:  0,    17.002 MiB
srv        update:    - prompt 0xf0d350:     136 tokens, checkpoints:  0,    17.002 MiB
srv        update:    - prompt 0x118e2a0:     241 tokens, checkpoints:  0,    30.129 MiB
srv        update:    - prompt 0xfffdcc0062a0:     325 tokens, checkpoints:  0,    40.629 MiB
srv        update:    - prompt 0xfffe24005460:     363 tokens, checkpoints:  0,    45.380 MiB
srv        update:    - prompt 0xfffe1c002440:     425 tokens, checkpoints:  0,    53.131 MiB
srv        update:    - prompt 0x32284f0:     409 tokens, checkpoints:  0,    51.130 MiB
srv        update:    - prompt 0x322ece0:     412 tokens, checkpoints:  0,    51.505 MiB
srv        update:    - prompt 0x3ac8290:     418 tokens, checkpoints:  0,    52.256 MiB
srv        update:    - prompt 0x3239c10:     415 tokens, checkpoints:  0,    51.880 MiB
srv  get_availabl: prompt cache update took 16.30 ms
slot launch_slot_: id  1 | task -1 | sampler chain: logits -> ?penalties -> ?dry -> ?top-n-sigma -> top-k -> ?typical -> top-p -> min-p -> ?xtc -> temp-ext -> dist 
slot launch_slot_: id  1 | task 6262 | processing task, is_child = 0
slot slot_save_an: id  2 | task -1 | saving idle slot to prompt cache
srv   prompt_save:  - saving prompt with length 431, total state size = 53.881 MiB
slot prompt_clear: id  2 | task -1 | clearing prompt with 431 tokens
srv        update:  - cache state: 46 prompts, 975.624 MiB (limits: 8192.000 MiB, 4096 tokens, 65527 est)
srv        update:    - prompt 0xf0ecd0:     106 tokens, checkpoints:  0,    13.252 MiB
srv        update:    - prompt 0x4397eb0:     107 tokens, checkpoints:  0,    13.377 MiB
srv        update:    - prompt 0x439da00:     106 tokens, checkpoints:  0,    13.252 MiB
srv        update:    - prompt 0x3219be0:     107 tokens, checkpoints:  0,    13.377 MiB
srv        update:    - prompt 0x321c6f0:     105 tokens, checkpoints:  0,    13.127 MiB
srv        update:    - prompt 0x43990c0:     110 tokens, checkpoints:  0,    13.752 MiB
srv        update:    - prompt 0x1019e50:     116 tokens, checkpoints:  0,    14.502 MiB
srv        update:    - prompt 0x118e380:     109 tokens, checkpoints:  0,    13.627 MiB
srv        update:    - prompt 0x3219110:     113 tokens, checkpoints:  0,    14.127 MiB
srv        update:    - prompt 0x321e0f0:     108 tokens, checkpoints:  0,    13.502 MiB
srv        update:    - prompt 0x4398870:     108 tokens, checkpoints:  0,    13.502 MiB
srv        update:    - prompt 0xfdafe0:     108 tokens, checkpoints:  0,    13.502 MiB
srv        update:    - prompt 0xee3170:     111 tokens, checkpoints:  0,    13.877 MiB
srv        update:    - prompt 0x11f3590:     119 tokens, checkpoints:  0,    14.877 MiB
srv        update:    - prompt 0x3222110:     123 tokens, checkpoints:  0,    15.377 MiB
srv        update:    - prompt 0x439c6b0:     131 tokens, checkpoints:  0,    16.377 MiB
srv        update:    - prompt 0x118de20:     130 tokens, checkpoints:  0,    16.252 MiB
srv        update:    - prompt 0x3ac9990:     107 tokens, checkpoints:  0,    13.377 MiB
srv        update:    - prompt 0x3ad9850:     105 tokens, checkpoints:  0,    13.127 MiB
srv        update:    - prompt 0x4398620:     110 tokens, checkpoints:  0,    13.752 MiB
srv        update:    - prompt 0xf0c4e0:     116 tokens, checkpoints:  0,    14.502 MiB
srv        update:    - prompt 0x3adea70:     109 tokens, checkpoints:  0,    13.627 MiB
srv        update:    - prompt 0x3ae5890:     113 tokens, checkpoints:  0,    14.127 MiB
srv        update:    - prompt 0x3ae41b0:     108 tokens, checkpoints:  0,    13.502 MiB
srv        update:    - prompt 0x322e190:     108 tokens, checkpoints:  0,    13.502 MiB
srv        update:    - prompt 0x3af3d70:     108 tokens, checkpoints:  0,    13.502 MiB
srv        update:    - prompt 0x3af38d0:     111 tokens, checkpoints:  0,    13.877 MiB
srv        update:    - prompt 0x438e090:     119 tokens, checkpoints:  0,    14.877 MiB
srv        update:    - prompt 0x32222d0:     123 tokens, checkpoints:  0,    15.377 MiB
srv        update:    - prompt 0x3af8fa0:     165 tokens, checkpoints:  0,    20.628 MiB
srv        update:    - prompt 0x11f26a0:     131 tokens, checkpoints:  0,    16.377 MiB
srv        update:    - prompt 0x3aeac00:     135 tokens, checkpoints:  0,    16.877 MiB
srv        update:    - prompt 0x4395330:     132 tokens, checkpoints:  0,    16.502 MiB
srv        update:    - prompt 0xf0c250:     146 tokens, checkpoints:  0,    18.252 MiB
srv        update:    - prompt 0x32191b0:     130 tokens, checkpoints:  0,    16.252 MiB
srv        update:    - prompt 0xee8ad0:     136 tokens, checkpoints:  0,    17.002 MiB
srv        update:    - prompt 0xf0d350:     136 tokens, checkpoints:  0,    17.002 MiB
srv        update:    - prompt 0x118e2a0:     241 tokens, checkpoints:  0,    30.129 MiB
srv        update:    - prompt 0xfffdcc0062a0:     325 tokens, checkpoints:  0,    40.629 MiB
srv        update:    - prompt 0xfffe24005460:     363 tokens, checkpoints:  0,    45.380 MiB
srv        update:    - prompt 0xfffe1c002440:     425 tokens, checkpoints:  0,    53.131 MiB
srv        update:    - prompt 0x32284f0:     409 tokens, checkpoints:  0,    51.130 MiB
srv        update:    - prompt 0x322ece0:     412 tokens, checkpoints:  0,    51.505 MiB
srv        update:    - prompt 0x3ac8290:     418 tokens, checkpoints:  0,    52.256 MiB
srv        update:    - prompt 0x3239c10:     415 tokens, checkpoints:  0,    51.880 MiB
srv        update:    - prompt 0xf0cf10:     431 tokens, checkpoints:  0,    53.881 MiB
slot update_slots: id  1 | task 6262 | new prompt, n_ctx_slot = 4096, n_keep = 0, task.n_tokens = 332
slot update_slots: id  1 | task 6262 | n_tokens = 0, memory_seq_rm [0, end)
slot init_sampler: id  1 | task 6262 | init sampler, took 0.18 ms, tokens: text = 332, total = 332
slot update_slots: id  1 | task 6262 | prompt processing done, n_tokens = 332, batch.n_tokens = 332
srv  log_server_r: done request: POST /completion 127.0.0.1 200
slot print_timing: id  1 | task 6262 | 
prompt eval time =  212469.51 ms /   332 tokens (  639.97 ms per token,     1.56 tokens per second)
       eval time =   68191.27 ms /   100 tokens (  681.91 ms per token,     1.47 tokens per second)
      total time =  280660.78 ms /   432 tokens
slot      release: id  1 | task 6262 | stop processing: n_tokens = 431, truncated = 0
srv  update_slots: all slots are idle
slot get_availabl: id  1 | task -1 | selected slot by LCP similarity, sim_best = 0.125 (> 0.100 thold), f_keep = 0.002
srv  get_availabl: updating prompt cache
srv   prompt_save:  - saving prompt with length 431, total state size = 53.881 MiB
srv          load:  - looking for better prompt, base f_keep = 0.002, sim = 0.125
srv        update:  - cache state: 47 prompts, 1029.504 MiB (limits: 8192.000 MiB, 4096 tokens, 65527 est)
srv        update:    - prompt 0xf0ecd0:     106 tokens, checkpoints:  0,    13.252 MiB
srv        update:    - prompt 0x4397eb0:     107 tokens, checkpoints:  0,    13.377 MiB
srv        update:    - prompt 0x439da00:     106 tokens, checkpoints:  0,    13.252 MiB
srv        update:    - prompt 0x3219be0:     107 tokens, checkpoints:  0,    13.377 MiB
srv        update:    - prompt 0x321c6f0:     105 tokens, checkpoints:  0,    13.127 MiB
srv        update:    - prompt 0x43990c0:     110 tokens, checkpoints:  0,    13.752 MiB
srv        update:    - prompt 0x1019e50:     116 tokens, checkpoints:  0,    14.502 MiB
srv        update:    - prompt 0x118e380:     109 tokens, checkpoints:  0,    13.627 MiB
srv        update:    - prompt 0x3219110:     113 tokens, checkpoints:  0,    14.127 MiB
srv        update:    - prompt 0x321e0f0:     108 tokens, checkpoints:  0,    13.502 MiB
srv        update:    - prompt 0x4398870:     108 tokens, checkpoints:  0,    13.502 MiB
srv        update:    - prompt 0xfdafe0:     108 tokens, checkpoints:  0,    13.502 MiB
srv        update:    - prompt 0xee3170:     111 tokens, checkpoints:  0,    13.877 MiB
srv        update:    - prompt 0x11f3590:     119 tokens, checkpoints:  0,    14.877 MiB
srv        update:    - prompt 0x3222110:     123 tokens, checkpoints:  0,    15.377 MiB
srv        update:    - prompt 0x439c6b0:     131 tokens, checkpoints:  0,    16.377 MiB
srv        update:    - prompt 0x118de20:     130 tokens, checkpoints:  0,    16.252 MiB
srv        update:    - prompt 0x3ac9990:     107 tokens, checkpoints:  0,    13.377 MiB
srv        update:    - prompt 0x3ad9850:     105 tokens, checkpoints:  0,    13.127 MiB
srv        update:    - prompt 0x4398620:     110 tokens, checkpoints:  0,    13.752 MiB
srv        update:    - prompt 0xf0c4e0:     116 tokens, checkpoints:  0,    14.502 MiB
srv        update:    - prompt 0x3adea70:     109 tokens, checkpoints:  0,    13.627 MiB
srv        update:    - prompt 0x3ae5890:     113 tokens, checkpoints:  0,    14.127 MiB
srv        update:    - prompt 0x3ae41b0:     108 tokens, checkpoints:  0,    13.502 MiB
srv        update:    - prompt 0x322e190:     108 tokens, checkpoints:  0,    13.502 MiB
srv        update:    - prompt 0x3af3d70:     108 tokens, checkpoints:  0,    13.502 MiB
srv        update:    - prompt 0x3af38d0:     111 tokens, checkpoints:  0,    13.877 MiB
srv        update:    - prompt 0x438e090:     119 tokens, checkpoints:  0,    14.877 MiB
srv        update:    - prompt 0x32222d0:     123 tokens, checkpoints:  0,    15.377 MiB
srv        update:    - prompt 0x3af8fa0:     165 tokens, checkpoints:  0,    20.628 MiB
srv        update:    - prompt 0x11f26a0:     131 tokens, checkpoints:  0,    16.377 MiB
srv        update:    - prompt 0x3aeac00:     135 tokens, checkpoints:  0,    16.877 MiB
srv        update:    - prompt 0x4395330:     132 tokens, checkpoints:  0,    16.502 MiB
srv        update:    - prompt 0xf0c250:     146 tokens, checkpoints:  0,    18.252 MiB
srv        update:    - prompt 0x32191b0:     130 tokens, checkpoints:  0,    16.252 MiB
srv        update:    - prompt 0xee8ad0:     136 tokens, checkpoints:  0,    17.002 MiB
srv        update:    - prompt 0xf0d350:     136 tokens, checkpoints:  0,    17.002 MiB
srv        update:    - prompt 0x118e2a0:     241 tokens, checkpoints:  0,    30.129 MiB
srv        update:    - prompt 0xfffdcc0062a0:     325 tokens, checkpoints:  0,    40.629 MiB
srv        update:    - prompt 0xfffe24005460:     363 tokens, checkpoints:  0,    45.380 MiB
srv        update:    - prompt 0xfffe1c002440:     425 tokens, checkpoints:  0,    53.131 MiB
srv        update:    - prompt 0x32284f0:     409 tokens, checkpoints:  0,    51.130 MiB
srv        update:    - prompt 0x322ece0:     412 tokens, checkpoints:  0,    51.505 MiB
srv        update:    - prompt 0x3ac8290:     418 tokens, checkpoints:  0,    52.256 MiB
srv        update:    - prompt 0x3239c10:     415 tokens, checkpoints:  0,    51.880 MiB
srv        update:    - prompt 0xf0cf10:     431 tokens, checkpoints:  0,    53.881 MiB
srv        update:    - prompt 0xee7460:     431 tokens, checkpoints:  0,    53.881 MiB
srv  get_availabl: prompt cache update took 12.58 ms
slot launch_slot_: id  1 | task -1 | sampler chain: logits -> ?penalties -> ?dry -> ?top-n-sigma -> top-k -> ?typical -> top-p -> min-p -> ?xtc -> temp-ext -> dist 
slot launch_slot_: id  1 | task 6363 | processing task, is_child = 0
slot update_slots: id  1 | task 6363 | new prompt, n_ctx_slot = 4096, n_keep = 0, task.n_tokens = 8
slot update_slots: id  1 | task 6363 | n_tokens = 0, memory_seq_rm [0, end)
slot init_sampler: id  1 | task 6363 | init sampler, took 0.01 ms, tokens: text = 8, total = 8
slot update_slots: id  1 | task 6363 | prompt processing done, n_tokens = 8, batch.n_tokens = 8
srv  log_server_r: done request: POST /completion 127.0.0.1 200
slot print_timing: id  1 | task 6363 | 
prompt eval time =    4558.96 ms /     8 tokens (  569.87 ms per token,     1.75 tokens per second)
       eval time =   64028.64 ms /   100 tokens (  640.29 ms per token,     1.56 tokens per second)
      total time =   68587.60 ms /   108 tokens
slot      release: id  1 | task 6363 | stop processing: n_tokens = 107, truncated = 0
srv  update_slots: all slots are idle
slot get_availabl: id  1 | task -1 | selected slot by LCP similarity, sim_best = 0.167 (> 0.100 thold), f_keep = 0.009
srv  get_availabl: updating prompt cache
srv   prompt_save:  - saving prompt with length 107, total state size = 13.377 MiB
srv          load:  - looking for better prompt, base f_keep = 0.009, sim = 0.167
srv        update:  - cache state: 48 prompts, 1042.881 MiB (limits: 8192.000 MiB, 4096 tokens, 65527 est)
srv        update:    - prompt 0xf0ecd0:     106 tokens, checkpoints:  0,    13.252 MiB
srv        update:    - prompt 0x4397eb0:     107 tokens, checkpoints:  0,    13.377 MiB
srv        update:    - prompt 0x439da00:     106 tokens, checkpoints:  0,    13.252 MiB
srv        update:    - prompt 0x3219be0:     107 tokens, checkpoints:  0,    13.377 MiB
srv        update:    - prompt 0x321c6f0:     105 tokens, checkpoints:  0,    13.127 MiB
srv        update:    - prompt 0x43990c0:     110 tokens, checkpoints:  0,    13.752 MiB
srv        update:    - prompt 0x1019e50:     116 tokens, checkpoints:  0,    14.502 MiB
srv        update:    - prompt 0x118e380:     109 tokens, checkpoints:  0,    13.627 MiB
srv        update:    - prompt 0x3219110:     113 tokens, checkpoints:  0,    14.127 MiB
srv        update:    - prompt 0x321e0f0:     108 tokens, checkpoints:  0,    13.502 MiB
srv        update:    - prompt 0x4398870:     108 tokens, checkpoints:  0,    13.502 MiB
srv        update:    - prompt 0xfdafe0:     108 tokens, checkpoints:  0,    13.502 MiB
srv        update:    - prompt 0xee3170:     111 tokens, checkpoints:  0,    13.877 MiB
srv        update:    - prompt 0x11f3590:     119 tokens, checkpoints:  0,    14.877 MiB
srv        update:    - prompt 0x3222110:     123 tokens, checkpoints:  0,    15.377 MiB
srv        update:    - prompt 0x439c6b0:     131 tokens, checkpoints:  0,    16.377 MiB
srv        update:    - prompt 0x118de20:     130 tokens, checkpoints:  0,    16.252 MiB
srv        update:    - prompt 0x3ac9990:     107 tokens, checkpoints:  0,    13.377 MiB
srv        update:    - prompt 0x3ad9850:     105 tokens, checkpoints:  0,    13.127 MiB
srv        update:    - prompt 0x4398620:     110 tokens, checkpoints:  0,    13.752 MiB
srv        update:    - prompt 0xf0c4e0:     116 tokens, checkpoints:  0,    14.502 MiB
srv        update:    - prompt 0x3adea70:     109 tokens, checkpoints:  0,    13.627 MiB
srv        update:    - prompt 0x3ae5890:     113 tokens, checkpoints:  0,    14.127 MiB
srv        update:    - prompt 0x3ae41b0:     108 tokens, checkpoints:  0,    13.502 MiB
srv        update:    - prompt 0x322e190:     108 tokens, checkpoints:  0,    13.502 MiB
srv        update:    - prompt 0x3af3d70:     108 tokens, checkpoints:  0,    13.502 MiB
srv        update:    - prompt 0x3af38d0:     111 tokens, checkpoints:  0,    13.877 MiB
srv        update:    - prompt 0x438e090:     119 tokens, checkpoints:  0,    14.877 MiB
srv        update:    - prompt 0x32222d0:     123 tokens, checkpoints:  0,    15.377 MiB
srv        update:    - prompt 0x3af8fa0:     165 tokens, checkpoints:  0,    20.628 MiB
srv        update:    - prompt 0x11f26a0:     131 tokens, checkpoints:  0,    16.377 MiB
srv        update:    - prompt 0x3aeac00:     135 tokens, checkpoints:  0,    16.877 MiB
srv        update:    - prompt 0x4395330:     132 tokens, checkpoints:  0,    16.502 MiB
srv        update:    - prompt 0xf0c250:     146 tokens, checkpoints:  0,    18.252 MiB
srv        update:    - prompt 0x32191b0:     130 tokens, checkpoints:  0,    16.252 MiB
srv        update:    - prompt 0xee8ad0:     136 tokens, checkpoints:  0,    17.002 MiB
srv        update:    - prompt 0xf0d350:     136 tokens, checkpoints:  0,    17.002 MiB
srv        update:    - prompt 0x118e2a0:     241 tokens, checkpoints:  0,    30.129 MiB
srv        update:    - prompt 0xfffdcc0062a0:     325 tokens, checkpoints:  0,    40.629 MiB
srv        update:    - prompt 0xfffe24005460:     363 tokens, checkpoints:  0,    45.380 MiB
srv        update:    - prompt 0xfffe1c002440:     425 tokens, checkpoints:  0,    53.131 MiB
srv        update:    - prompt 0x32284f0:     409 tokens, checkpoints:  0,    51.130 MiB
srv        update:    - prompt 0x322ece0:     412 tokens, checkpoints:  0,    51.505 MiB
srv        update:    - prompt 0x3ac8290:     418 tokens, checkpoints:  0,    52.256 MiB
srv        update:    - prompt 0x3239c10:     415 tokens, checkpoints:  0,    51.880 MiB
srv        update:    - prompt 0xf0cf10:     431 tokens, checkpoints:  0,    53.881 MiB
srv        update:    - prompt 0xee7460:     431 tokens, checkpoints:  0,    53.881 MiB
srv        update:    - prompt 0x3ae3460:     107 tokens, checkpoints:  0,    13.377 MiB
srv  get_availabl: prompt cache update took 3.45 ms
slot launch_slot_: id  1 | task -1 | sampler chain: logits -> ?penalties -> ?dry -> ?top-n-sigma -> top-k -> ?typical -> top-p -> min-p -> ?xtc -> temp-ext -> dist 
slot launch_slot_: id  1 | task 6464 | processing task, is_child = 0
slot update_slots: id  1 | task 6464 | new prompt, n_ctx_slot = 4096, n_keep = 0, task.n_tokens = 6
slot update_slots: id  1 | task 6464 | n_tokens = 0, memory_seq_rm [0, end)
slot init_sampler: id  1 | task 6464 | init sampler, took 0.01 ms, tokens: text = 6, total = 6
slot update_slots: id  1 | task 6464 | prompt processing done, n_tokens = 6, batch.n_tokens = 6
srv  log_server_r: done request: POST /completion 127.0.0.1 200
slot print_timing: id  1 | task 6464 | 
prompt eval time =    3445.47 ms /     6 tokens (  574.24 ms per token,     1.74 tokens per second)
       eval time =   64001.77 ms /   100 tokens (  640.02 ms per token,     1.56 tokens per second)
      total time =   67447.23 ms /   106 tokens
slot      release: id  1 | task 6464 | stop processing: n_tokens = 105, truncated = 0
srv  update_slots: all slots are idle
slot get_availabl: id  0 | task -1 | selected slot by LRU, t_last = 273365690721
srv  get_availabl: updating prompt cache
srv          load:  - looking for better prompt, base f_keep = -1.000, sim = 0.000
srv        update:  - cache state: 48 prompts, 1042.881 MiB (limits: 8192.000 MiB, 4096 tokens, 65527 est)
srv        update:    - prompt 0xf0ecd0:     106 tokens, checkpoints:  0,    13.252 MiB
srv        update:    - prompt 0x4397eb0:     107 tokens, checkpoints:  0,    13.377 MiB
srv        update:    - prompt 0x439da00:     106 tokens, checkpoints:  0,    13.252 MiB
srv        update:    - prompt 0x3219be0:     107 tokens, checkpoints:  0,    13.377 MiB
srv        update:    - prompt 0x321c6f0:     105 tokens, checkpoints:  0,    13.127 MiB
srv        update:    - prompt 0x43990c0:     110 tokens, checkpoints:  0,    13.752 MiB
srv        update:    - prompt 0x1019e50:     116 tokens, checkpoints:  0,    14.502 MiB
srv        update:    - prompt 0x118e380:     109 tokens, checkpoints:  0,    13.627 MiB
srv        update:    - prompt 0x3219110:     113 tokens, checkpoints:  0,    14.127 MiB
srv        update:    - prompt 0x321e0f0:     108 tokens, checkpoints:  0,    13.502 MiB
srv        update:    - prompt 0x4398870:     108 tokens, checkpoints:  0,    13.502 MiB
srv        update:    - prompt 0xfdafe0:     108 tokens, checkpoints:  0,    13.502 MiB
srv        update:    - prompt 0xee3170:     111 tokens, checkpoints:  0,    13.877 MiB
srv        update:    - prompt 0x11f3590:     119 tokens, checkpoints:  0,    14.877 MiB
srv        update:    - prompt 0x3222110:     123 tokens, checkpoints:  0,    15.377 MiB
srv        update:    - prompt 0x439c6b0:     131 tokens, checkpoints:  0,    16.377 MiB
srv        update:    - prompt 0x118de20:     130 tokens, checkpoints:  0,    16.252 MiB
srv        update:    - prompt 0x3ac9990:     107 tokens, checkpoints:  0,    13.377 MiB
srv        update:    - prompt 0x3ad9850:     105 tokens, checkpoints:  0,    13.127 MiB
srv        update:    - prompt 0x4398620:     110 tokens, checkpoints:  0,    13.752 MiB
srv        update:    - prompt 0xf0c4e0:     116 tokens, checkpoints:  0,    14.502 MiB
srv        update:    - prompt 0x3adea70:     109 tokens, checkpoints:  0,    13.627 MiB
srv        update:    - prompt 0x3ae5890:     113 tokens, checkpoints:  0,    14.127 MiB
srv        update:    - prompt 0x3ae41b0:     108 tokens, checkpoints:  0,    13.502 MiB
srv        update:    - prompt 0x322e190:     108 tokens, checkpoints:  0,    13.502 MiB
srv        update:    - prompt 0x3af3d70:     108 tokens, checkpoints:  0,    13.502 MiB
srv        update:    - prompt 0x3af38d0:     111 tokens, checkpoints:  0,    13.877 MiB
srv        update:    - prompt 0x438e090:     119 tokens, checkpoints:  0,    14.877 MiB
srv        update:    - prompt 0x32222d0:     123 tokens, checkpoints:  0,    15.377 MiB
srv        update:    - prompt 0x3af8fa0:     165 tokens, checkpoints:  0,    20.628 MiB
srv        update:    - prompt 0x11f26a0:     131 tokens, checkpoints:  0,    16.377 MiB
srv        update:    - prompt 0x3aeac00:     135 tokens, checkpoints:  0,    16.877 MiB
srv        update:    - prompt 0x4395330:     132 tokens, checkpoints:  0,    16.502 MiB
srv        update:    - prompt 0xf0c250:     146 tokens, checkpoints:  0,    18.252 MiB
srv        update:    - prompt 0x32191b0:     130 tokens, checkpoints:  0,    16.252 MiB
srv        update:    - prompt 0xee8ad0:     136 tokens, checkpoints:  0,    17.002 MiB
srv        update:    - prompt 0xf0d350:     136 tokens, checkpoints:  0,    17.002 MiB
srv        update:    - prompt 0x118e2a0:     241 tokens, checkpoints:  0,    30.129 MiB
srv        update:    - prompt 0xfffdcc0062a0:     325 tokens, checkpoints:  0,    40.629 MiB
srv        update:    - prompt 0xfffe24005460:     363 tokens, checkpoints:  0,    45.380 MiB
srv        update:    - prompt 0xfffe1c002440:     425 tokens, checkpoints:  0,    53.131 MiB
srv        update:    - prompt 0x32284f0:     409 tokens, checkpoints:  0,    51.130 MiB
srv        update:    - prompt 0x322ece0:     412 tokens, checkpoints:  0,    51.505 MiB
srv        update:    - prompt 0x3ac8290:     418 tokens, checkpoints:  0,    52.256 MiB
srv        update:    - prompt 0x3239c10:     415 tokens, checkpoints:  0,    51.880 MiB
srv        update:    - prompt 0xf0cf10:     431 tokens, checkpoints:  0,    53.881 MiB
srv        update:    - prompt 0xee7460:     431 tokens, checkpoints:  0,    53.881 MiB
srv        update:    - prompt 0x3ae3460:     107 tokens, checkpoints:  0,    13.377 MiB
srv  get_availabl: prompt cache update took 0.21 ms
slot launch_slot_: id  0 | task -1 | sampler chain: logits -> ?penalties -> ?dry -> ?top-n-sigma -> top-k -> ?typical -> top-p -> min-p -> ?xtc -> temp-ext -> dist 
slot launch_slot_: id  0 | task 6565 | processing task, is_child = 0
slot slot_save_an: id  1 | task -1 | saving idle slot to prompt cache
srv   prompt_save:  - saving prompt with length 105, total state size = 13.127 MiB
slot prompt_clear: id  1 | task -1 | clearing prompt with 105 tokens
srv        update:  - cache state: 49 prompts, 1056.008 MiB (limits: 8192.000 MiB, 4096 tokens, 65527 est)
srv        update:    - prompt 0xf0ecd0:     106 tokens, checkpoints:  0,    13.252 MiB
srv        update:    - prompt 0x4397eb0:     107 tokens, checkpoints:  0,    13.377 MiB
srv        update:    - prompt 0x439da00:     106 tokens, checkpoints:  0,    13.252 MiB
srv        update:    - prompt 0x3219be0:     107 tokens, checkpoints:  0,    13.377 MiB
srv        update:    - prompt 0x321c6f0:     105 tokens, checkpoints:  0,    13.127 MiB
srv        update:    - prompt 0x43990c0:     110 tokens, checkpoints:  0,    13.752 MiB
srv        update:    - prompt 0x1019e50:     116 tokens, checkpoints:  0,    14.502 MiB
srv        update:    - prompt 0x118e380:     109 tokens, checkpoints:  0,    13.627 MiB
srv        update:    - prompt 0x3219110:     113 tokens, checkpoints:  0,    14.127 MiB
srv        update:    - prompt 0x321e0f0:     108 tokens, checkpoints:  0,    13.502 MiB
srv        update:    - prompt 0x4398870:     108 tokens, checkpoints:  0,    13.502 MiB
srv        update:    - prompt 0xfdafe0:     108 tokens, checkpoints:  0,    13.502 MiB
srv        update:    - prompt 0xee3170:     111 tokens, checkpoints:  0,    13.877 MiB
srv        update:    - prompt 0x11f3590:     119 tokens, checkpoints:  0,    14.877 MiB
srv        update:    - prompt 0x3222110:     123 tokens, checkpoints:  0,    15.377 MiB
srv        update:    - prompt 0x439c6b0:     131 tokens, checkpoints:  0,    16.377 MiB
srv        update:    - prompt 0x118de20:     130 tokens, checkpoints:  0,    16.252 MiB
srv        update:    - prompt 0x3ac9990:     107 tokens, checkpoints:  0,    13.377 MiB
srv        update:    - prompt 0x3ad9850:     105 tokens, checkpoints:  0,    13.127 MiB
srv        update:    - prompt 0x4398620:     110 tokens, checkpoints:  0,    13.752 MiB
srv        update:    - prompt 0xf0c4e0:     116 tokens, checkpoints:  0,    14.502 MiB
srv        update:    - prompt 0x3adea70:     109 tokens, checkpoints:  0,    13.627 MiB
srv        update:    - prompt 0x3ae5890:     113 tokens, checkpoints:  0,    14.127 MiB
srv        update:    - prompt 0x3ae41b0:     108 tokens, checkpoints:  0,    13.502 MiB
srv        update:    - prompt 0x322e190:     108 tokens, checkpoints:  0,    13.502 MiB
srv        update:    - prompt 0x3af3d70:     108 tokens, checkpoints:  0,    13.502 MiB
srv        update:    - prompt 0x3af38d0:     111 tokens, checkpoints:  0,    13.877 MiB
srv        update:    - prompt 0x438e090:     119 tokens, checkpoints:  0,    14.877 MiB
srv        update:    - prompt 0x32222d0:     123 tokens, checkpoints:  0,    15.377 MiB
srv        update:    - prompt 0x3af8fa0:     165 tokens, checkpoints:  0,    20.628 MiB
srv        update:    - prompt 0x11f26a0:     131 tokens, checkpoints:  0,    16.377 MiB
srv        update:    - prompt 0x3aeac00:     135 tokens, checkpoints:  0,    16.877 MiB
srv        update:    - prompt 0x4395330:     132 tokens, checkpoints:  0,    16.502 MiB
srv        update:    - prompt 0xf0c250:     146 tokens, checkpoints:  0,    18.252 MiB
srv        update:    - prompt 0x32191b0:     130 tokens, checkpoints:  0,    16.252 MiB
srv        update:    - prompt 0xee8ad0:     136 tokens, checkpoints:  0,    17.002 MiB
srv        update:    - prompt 0xf0d350:     136 tokens, checkpoints:  0,    17.002 MiB
srv        update:    - prompt 0x118e2a0:     241 tokens, checkpoints:  0,    30.129 MiB
srv        update:    - prompt 0xfffdcc0062a0:     325 tokens, checkpoints:  0,    40.629 MiB
srv        update:    - prompt 0xfffe24005460:     363 tokens, checkpoints:  0,    45.380 MiB
srv        update:    - prompt 0xfffe1c002440:     425 tokens, checkpoints:  0,    53.131 MiB
srv        update:    - prompt 0x32284f0:     409 tokens, checkpoints:  0,    51.130 MiB
srv        update:    - prompt 0x322ece0:     412 tokens, checkpoints:  0,    51.505 MiB
srv        update:    - prompt 0x3ac8290:     418 tokens, checkpoints:  0,    52.256 MiB
srv        update:    - prompt 0x3239c10:     415 tokens, checkpoints:  0,    51.880 MiB
srv        update:    - prompt 0xf0cf10:     431 tokens, checkpoints:  0,    53.881 MiB
srv        update:    - prompt 0xee7460:     431 tokens, checkpoints:  0,    53.881 MiB
srv        update:    - prompt 0x3ae3460:     107 tokens, checkpoints:  0,    13.377 MiB
srv        update:    - prompt 0xee4950:     105 tokens, checkpoints:  0,    13.127 MiB
slot update_slots: id  0 | task 6565 | new prompt, n_ctx_slot = 4096, n_keep = 0, task.n_tokens = 11
slot update_slots: id  0 | task 6565 | n_tokens = 0, memory_seq_rm [0, end)
slot init_sampler: id  0 | task 6565 | init sampler, took 0.01 ms, tokens: text = 11, total = 11
slot update_slots: id  0 | task 6565 | prompt processing done, n_tokens = 11, batch.n_tokens = 11
srv  log_server_r: done request: POST /completion 127.0.0.1 200
slot print_timing: id  0 | task 6565 | 
prompt eval time =    6235.52 ms /    11 tokens (  566.87 ms per token,     1.76 tokens per second)
       eval time =   64048.88 ms /   100 tokens (  640.49 ms per token,     1.56 tokens per second)
      total time =   70284.39 ms /   111 tokens
slot      release: id  0 | task 6565 | stop processing: n_tokens = 110, truncated = 0
srv  update_slots: all slots are idle
slot get_availabl: id  3 | task -1 | selected slot by LRU, t_last = 273630719430
srv  get_availabl: updating prompt cache
srv          load:  - looking for better prompt, base f_keep = -1.000, sim = 0.000
srv        update:  - cache state: 49 prompts, 1056.008 MiB (limits: 8192.000 MiB, 4096 tokens, 65527 est)
srv        update:    - prompt 0xf0ecd0:     106 tokens, checkpoints:  0,    13.252 MiB
srv        update:    - prompt 0x4397eb0:     107 tokens, checkpoints:  0,    13.377 MiB
srv        update:    - prompt 0x439da00:     106 tokens, checkpoints:  0,    13.252 MiB
srv        update:    - prompt 0x3219be0:     107 tokens, checkpoints:  0,    13.377 MiB
srv        update:    - prompt 0x321c6f0:     105 tokens, checkpoints:  0,    13.127 MiB
srv        update:    - prompt 0x43990c0:     110 tokens, checkpoints:  0,    13.752 MiB
srv        update:    - prompt 0x1019e50:     116 tokens, checkpoints:  0,    14.502 MiB
srv        update:    - prompt 0x118e380:     109 tokens, checkpoints:  0,    13.627 MiB
srv        update:    - prompt 0x3219110:     113 tokens, checkpoints:  0,    14.127 MiB
srv        update:    - prompt 0x321e0f0:     108 tokens, checkpoints:  0,    13.502 MiB
srv        update:    - prompt 0x4398870:     108 tokens, checkpoints:  0,    13.502 MiB
srv        update:    - prompt 0xfdafe0:     108 tokens, checkpoints:  0,    13.502 MiB
srv        update:    - prompt 0xee3170:     111 tokens, checkpoints:  0,    13.877 MiB
srv        update:    - prompt 0x11f3590:     119 tokens, checkpoints:  0,    14.877 MiB
srv        update:    - prompt 0x3222110:     123 tokens, checkpoints:  0,    15.377 MiB
srv        update:    - prompt 0x439c6b0:     131 tokens, checkpoints:  0,    16.377 MiB
srv        update:    - prompt 0x118de20:     130 tokens, checkpoints:  0,    16.252 MiB
srv        update:    - prompt 0x3ac9990:     107 tokens, checkpoints:  0,    13.377 MiB
srv        update:    - prompt 0x3ad9850:     105 tokens, checkpoints:  0,    13.127 MiB
srv        update:    - prompt 0x4398620:     110 tokens, checkpoints:  0,    13.752 MiB
srv        update:    - prompt 0xf0c4e0:     116 tokens, checkpoints:  0,    14.502 MiB
srv        update:    - prompt 0x3adea70:     109 tokens, checkpoints:  0,    13.627 MiB
srv        update:    - prompt 0x3ae5890:     113 tokens, checkpoints:  0,    14.127 MiB
srv        update:    - prompt 0x3ae41b0:     108 tokens, checkpoints:  0,    13.502 MiB
srv        update:    - prompt 0x322e190:     108 tokens, checkpoints:  0,    13.502 MiB
srv        update:    - prompt 0x3af3d70:     108 tokens, checkpoints:  0,    13.502 MiB
srv        update:    - prompt 0x3af38d0:     111 tokens, checkpoints:  0,    13.877 MiB
srv        update:    - prompt 0x438e090:     119 tokens, checkpoints:  0,    14.877 MiB
srv        update:    - prompt 0x32222d0:     123 tokens, checkpoints:  0,    15.377 MiB
srv        update:    - prompt 0x3af8fa0:     165 tokens, checkpoints:  0,    20.628 MiB
srv        update:    - prompt 0x11f26a0:     131 tokens, checkpoints:  0,    16.377 MiB
srv        update:    - prompt 0x3aeac00:     135 tokens, checkpoints:  0,    16.877 MiB
srv        update:    - prompt 0x4395330:     132 tokens, checkpoints:  0,    16.502 MiB
srv        update:    - prompt 0xf0c250:     146 tokens, checkpoints:  0,    18.252 MiB
srv        update:    - prompt 0x32191b0:     130 tokens, checkpoints:  0,    16.252 MiB
srv        update:    - prompt 0xee8ad0:     136 tokens, checkpoints:  0,    17.002 MiB
srv        update:    - prompt 0xf0d350:     136 tokens, checkpoints:  0,    17.002 MiB
srv        update:    - prompt 0x118e2a0:     241 tokens, checkpoints:  0,    30.129 MiB
srv        update:    - prompt 0xfffdcc0062a0:     325 tokens, checkpoints:  0,    40.629 MiB
srv        update:    - prompt 0xfffe24005460:     363 tokens, checkpoints:  0,    45.380 MiB
srv        update:    - prompt 0xfffe1c002440:     425 tokens, checkpoints:  0,    53.131 MiB
srv        update:    - prompt 0x32284f0:     409 tokens, checkpoints:  0,    51.130 MiB
srv        update:    - prompt 0x322ece0:     412 tokens, checkpoints:  0,    51.505 MiB
srv        update:    - prompt 0x3ac8290:     418 tokens, checkpoints:  0,    52.256 MiB
srv        update:    - prompt 0x3239c10:     415 tokens, checkpoints:  0,    51.880 MiB
srv        update:    - prompt 0xf0cf10:     431 tokens, checkpoints:  0,    53.881 MiB
srv        update:    - prompt 0xee7460:     431 tokens, checkpoints:  0,    53.881 MiB
srv        update:    - prompt 0x3ae3460:     107 tokens, checkpoints:  0,    13.377 MiB
srv        update:    - prompt 0xee4950:     105 tokens, checkpoints:  0,    13.127 MiB
srv  get_availabl: prompt cache update took 0.22 ms
slot launch_slot_: id  3 | task -1 | sampler chain: logits -> ?penalties -> ?dry -> ?top-n-sigma -> top-k -> ?typical -> top-p -> min-p -> ?xtc -> temp-ext -> dist 
slot launch_slot_: id  3 | task 6666 | processing task, is_child = 0
slot slot_save_an: id  0 | task -1 | saving idle slot to prompt cache
srv   prompt_save:  - saving prompt with length 110, total state size = 13.752 MiB
slot prompt_clear: id  0 | task -1 | clearing prompt with 110 tokens
srv        update:  - cache state: 50 prompts, 1069.760 MiB (limits: 8192.000 MiB, 4096 tokens, 65527 est)
srv        update:    - prompt 0xf0ecd0:     106 tokens, checkpoints:  0,    13.252 MiB
srv        update:    - prompt 0x4397eb0:     107 tokens, checkpoints:  0,    13.377 MiB
srv        update:    - prompt 0x439da00:     106 tokens, checkpoints:  0,    13.252 MiB
srv        update:    - prompt 0x3219be0:     107 tokens, checkpoints:  0,    13.377 MiB
srv        update:    - prompt 0x321c6f0:     105 tokens, checkpoints:  0,    13.127 MiB
srv        update:    - prompt 0x43990c0:     110 tokens, checkpoints:  0,    13.752 MiB
srv        update:    - prompt 0x1019e50:     116 tokens, checkpoints:  0,    14.502 MiB
srv        update:    - prompt 0x118e380:     109 tokens, checkpoints:  0,    13.627 MiB
srv        update:    - prompt 0x3219110:     113 tokens, checkpoints:  0,    14.127 MiB
srv        update:    - prompt 0x321e0f0:     108 tokens, checkpoints:  0,    13.502 MiB
srv        update:    - prompt 0x4398870:     108 tokens, checkpoints:  0,    13.502 MiB
srv        update:    - prompt 0xfdafe0:     108 tokens, checkpoints:  0,    13.502 MiB
srv        update:    - prompt 0xee3170:     111 tokens, checkpoints:  0,    13.877 MiB
srv        update:    - prompt 0x11f3590:     119 tokens, checkpoints:  0,    14.877 MiB
srv        update:    - prompt 0x3222110:     123 tokens, checkpoints:  0,    15.377 MiB
srv        update:    - prompt 0x439c6b0:     131 tokens, checkpoints:  0,    16.377 MiB
srv        update:    - prompt 0x118de20:     130 tokens, checkpoints:  0,    16.252 MiB
srv        update:    - prompt 0x3ac9990:     107 tokens, checkpoints:  0,    13.377 MiB
srv        update:    - prompt 0x3ad9850:     105 tokens, checkpoints:  0,    13.127 MiB
srv        update:    - prompt 0x4398620:     110 tokens, checkpoints:  0,    13.752 MiB
srv        update:    - prompt 0xf0c4e0:     116 tokens, checkpoints:  0,    14.502 MiB
srv        update:    - prompt 0x3adea70:     109 tokens, checkpoints:  0,    13.627 MiB
srv        update:    - prompt 0x3ae5890:     113 tokens, checkpoints:  0,    14.127 MiB
srv        update:    - prompt 0x3ae41b0:     108 tokens, checkpoints:  0,    13.502 MiB
srv        update:    - prompt 0x322e190:     108 tokens, checkpoints:  0,    13.502 MiB
srv        update:    - prompt 0x3af3d70:     108 tokens, checkpoints:  0,    13.502 MiB
srv        update:    - prompt 0x3af38d0:     111 tokens, checkpoints:  0,    13.877 MiB
srv        update:    - prompt 0x438e090:     119 tokens, checkpoints:  0,    14.877 MiB
srv        update:    - prompt 0x32222d0:     123 tokens, checkpoints:  0,    15.377 MiB
srv        update:    - prompt 0x3af8fa0:     165 tokens, checkpoints:  0,    20.628 MiB
srv        update:    - prompt 0x11f26a0:     131 tokens, checkpoints:  0,    16.377 MiB
srv        update:    - prompt 0x3aeac00:     135 tokens, checkpoints:  0,    16.877 MiB
srv        update:    - prompt 0x4395330:     132 tokens, checkpoints:  0,    16.502 MiB
srv        update:    - prompt 0xf0c250:     146 tokens, checkpoints:  0,    18.252 MiB
srv        update:    - prompt 0x32191b0:     130 tokens, checkpoints:  0,    16.252 MiB
srv        update:    - prompt 0xee8ad0:     136 tokens, checkpoints:  0,    17.002 MiB
srv        update:    - prompt 0xf0d350:     136 tokens, checkpoints:  0,    17.002 MiB
srv        update:    - prompt 0x118e2a0:     241 tokens, checkpoints:  0,    30.129 MiB
srv        update:    - prompt 0xfffdcc0062a0:     325 tokens, checkpoints:  0,    40.629 MiB
srv        update:    - prompt 0xfffe24005460:     363 tokens, checkpoints:  0,    45.380 MiB
srv        update:    - prompt 0xfffe1c002440:     425 tokens, checkpoints:  0,    53.131 MiB
srv        update:    - prompt 0x32284f0:     409 tokens, checkpoints:  0,    51.130 MiB
srv        update:    - prompt 0x322ece0:     412 tokens, checkpoints:  0,    51.505 MiB
srv        update:    - prompt 0x3ac8290:     418 tokens, checkpoints:  0,    52.256 MiB
srv        update:    - prompt 0x3239c10:     415 tokens, checkpoints:  0,    51.880 MiB
srv        update:    - prompt 0xf0cf10:     431 tokens, checkpoints:  0,    53.881 MiB
srv        update:    - prompt 0xee7460:     431 tokens, checkpoints:  0,    53.881 MiB
srv        update:    - prompt 0x3ae3460:     107 tokens, checkpoints:  0,    13.377 MiB
srv        update:    - prompt 0xee4950:     105 tokens, checkpoints:  0,    13.127 MiB
srv        update:    - prompt 0x439c010:     110 tokens, checkpoints:  0,    13.752 MiB
slot update_slots: id  3 | task 6666 | new prompt, n_ctx_slot = 4096, n_keep = 0, task.n_tokens = 17
slot update_slots: id  3 | task 6666 | n_tokens = 0, memory_seq_rm [0, end)
slot init_sampler: id  3 | task 6666 | init sampler, took 0.01 ms, tokens: text = 17, total = 17
slot update_slots: id  3 | task 6666 | prompt processing done, n_tokens = 17, batch.n_tokens = 17
srv  log_server_r: done request: POST /completion 127.0.0.1 200
slot print_timing: id  3 | task 6666 | 
prompt eval time =    9612.69 ms /    17 tokens (  565.45 ms per token,     1.77 tokens per second)
       eval time =   64096.32 ms /   100 tokens (  640.96 ms per token,     1.56 tokens per second)
      total time =   73709.01 ms /   117 tokens
slot      release: id  3 | task 6666 | stop processing: n_tokens = 116, truncated = 0
srv  update_slots: all slots are idle
slot get_availabl: id  2 | task -1 | selected slot by LRU, t_last = 273912158927
srv  get_availabl: updating prompt cache
srv          load:  - looking for better prompt, base f_keep = -1.000, sim = 0.000
srv        update:  - cache state: 50 prompts, 1069.760 MiB (limits: 8192.000 MiB, 4096 tokens, 65527 est)
srv        update:    - prompt 0xf0ecd0:     106 tokens, checkpoints:  0,    13.252 MiB
srv        update:    - prompt 0x4397eb0:     107 tokens, checkpoints:  0,    13.377 MiB
srv        update:    - prompt 0x439da00:     106 tokens, checkpoints:  0,    13.252 MiB
srv        update:    - prompt 0x3219be0:     107 tokens, checkpoints:  0,    13.377 MiB
srv        update:    - prompt 0x321c6f0:     105 tokens, checkpoints:  0,    13.127 MiB
srv        update:    - prompt 0x43990c0:     110 tokens, checkpoints:  0,    13.752 MiB
srv        update:    - prompt 0x1019e50:     116 tokens, checkpoints:  0,    14.502 MiB
srv        update:    - prompt 0x118e380:     109 tokens, checkpoints:  0,    13.627 MiB
srv        update:    - prompt 0x3219110:     113 tokens, checkpoints:  0,    14.127 MiB
srv        update:    - prompt 0x321e0f0:     108 tokens, checkpoints:  0,    13.502 MiB
srv        update:    - prompt 0x4398870:     108 tokens, checkpoints:  0,    13.502 MiB
srv        update:    - prompt 0xfdafe0:     108 tokens, checkpoints:  0,    13.502 MiB
srv        update:    - prompt 0xee3170:     111 tokens, checkpoints:  0,    13.877 MiB
srv        update:    - prompt 0x11f3590:     119 tokens, checkpoints:  0,    14.877 MiB
srv        update:    - prompt 0x3222110:     123 tokens, checkpoints:  0,    15.377 MiB
srv        update:    - prompt 0x439c6b0:     131 tokens, checkpoints:  0,    16.377 MiB
srv        update:    - prompt 0x118de20:     130 tokens, checkpoints:  0,    16.252 MiB
srv        update:    - prompt 0x3ac9990:     107 tokens, checkpoints:  0,    13.377 MiB
srv        update:    - prompt 0x3ad9850:     105 tokens, checkpoints:  0,    13.127 MiB
srv        update:    - prompt 0x4398620:     110 tokens, checkpoints:  0,    13.752 MiB
srv        update:    - prompt 0xf0c4e0:     116 tokens, checkpoints:  0,    14.502 MiB
srv        update:    - prompt 0x3adea70:     109 tokens, checkpoints:  0,    13.627 MiB
srv        update:    - prompt 0x3ae5890:     113 tokens, checkpoints:  0,    14.127 MiB
srv        update:    - prompt 0x3ae41b0:     108 tokens, checkpoints:  0,    13.502 MiB
srv        update:    - prompt 0x322e190:     108 tokens, checkpoints:  0,    13.502 MiB
srv        update:    - prompt 0x3af3d70:     108 tokens, checkpoints:  0,    13.502 MiB
srv        update:    - prompt 0x3af38d0:     111 tokens, checkpoints:  0,    13.877 MiB
srv        update:    - prompt 0x438e090:     119 tokens, checkpoints:  0,    14.877 MiB
srv        update:    - prompt 0x32222d0:     123 tokens, checkpoints:  0,    15.377 MiB
srv        update:    - prompt 0x3af8fa0:     165 tokens, checkpoints:  0,    20.628 MiB
srv        update:    - prompt 0x11f26a0:     131 tokens, checkpoints:  0,    16.377 MiB
srv        update:    - prompt 0x3aeac00:     135 tokens, checkpoints:  0,    16.877 MiB
srv        update:    - prompt 0x4395330:     132 tokens, checkpoints:  0,    16.502 MiB
srv        update:    - prompt 0xf0c250:     146 tokens, checkpoints:  0,    18.252 MiB
srv        update:    - prompt 0x32191b0:     130 tokens, checkpoints:  0,    16.252 MiB
srv        update:    - prompt 0xee8ad0:     136 tokens, checkpoints:  0,    17.002 MiB
srv        update:    - prompt 0xf0d350:     136 tokens, checkpoints:  0,    17.002 MiB
srv        update:    - prompt 0x118e2a0:     241 tokens, checkpoints:  0,    30.129 MiB
srv        update:    - prompt 0xfffdcc0062a0:     325 tokens, checkpoints:  0,    40.629 MiB
srv        update:    - prompt 0xfffe24005460:     363 tokens, checkpoints:  0,    45.380 MiB
srv        update:    - prompt 0xfffe1c002440:     425 tokens, checkpoints:  0,    53.131 MiB
srv        update:    - prompt 0x32284f0:     409 tokens, checkpoints:  0,    51.130 MiB
srv        update:    - prompt 0x322ece0:     412 tokens, checkpoints:  0,    51.505 MiB
srv        update:    - prompt 0x3ac8290:     418 tokens, checkpoints:  0,    52.256 MiB
srv        update:    - prompt 0x3239c10:     415 tokens, checkpoints:  0,    51.880 MiB
srv        update:    - prompt 0xf0cf10:     431 tokens, checkpoints:  0,    53.881 MiB
srv        update:    - prompt 0xee7460:     431 tokens, checkpoints:  0,    53.881 MiB
srv        update:    - prompt 0x3ae3460:     107 tokens, checkpoints:  0,    13.377 MiB
srv        update:    - prompt 0xee4950:     105 tokens, checkpoints:  0,    13.127 MiB
srv        update:    - prompt 0x439c010:     110 tokens, checkpoints:  0,    13.752 MiB
srv  get_availabl: prompt cache update took 0.21 ms
slot launch_slot_: id  2 | task -1 | sampler chain: logits -> ?penalties -> ?dry -> ?top-n-sigma -> top-k -> ?typical -> top-p -> min-p -> ?xtc -> temp-ext -> dist 
slot launch_slot_: id  2 | task 6767 | processing task, is_child = 0
slot slot_save_an: id  3 | task -1 | saving idle slot to prompt cache
srv   prompt_save:  - saving prompt with length 116, total state size = 14.502 MiB
slot prompt_clear: id  3 | task -1 | clearing prompt with 116 tokens
srv        update:  - cache state: 51 prompts, 1084.262 MiB (limits: 8192.000 MiB, 4096 tokens, 65527 est)
srv        update:    - prompt 0xf0ecd0:     106 tokens, checkpoints:  0,    13.252 MiB
srv        update:    - prompt 0x4397eb0:     107 tokens, checkpoints:  0,    13.377 MiB
srv        update:    - prompt 0x439da00:     106 tokens, checkpoints:  0,    13.252 MiB
srv        update:    - prompt 0x3219be0:     107 tokens, checkpoints:  0,    13.377 MiB
srv        update:    - prompt 0x321c6f0:     105 tokens, checkpoints:  0,    13.127 MiB
srv        update:    - prompt 0x43990c0:     110 tokens, checkpoints:  0,    13.752 MiB
srv        update:    - prompt 0x1019e50:     116 tokens, checkpoints:  0,    14.502 MiB
srv        update:    - prompt 0x118e380:     109 tokens, checkpoints:  0,    13.627 MiB
srv        update:    - prompt 0x3219110:     113 tokens, checkpoints:  0,    14.127 MiB
srv        update:    - prompt 0x321e0f0:     108 tokens, checkpoints:  0,    13.502 MiB
srv        update:    - prompt 0x4398870:     108 tokens, checkpoints:  0,    13.502 MiB
srv        update:    - prompt 0xfdafe0:     108 tokens, checkpoints:  0,    13.502 MiB
srv        update:    - prompt 0xee3170:     111 tokens, checkpoints:  0,    13.877 MiB
srv        update:    - prompt 0x11f3590:     119 tokens, checkpoints:  0,    14.877 MiB
srv        update:    - prompt 0x3222110:     123 tokens, checkpoints:  0,    15.377 MiB
srv        update:    - prompt 0x439c6b0:     131 tokens, checkpoints:  0,    16.377 MiB
srv        update:    - prompt 0x118de20:     130 tokens, checkpoints:  0,    16.252 MiB
srv        update:    - prompt 0x3ac9990:     107 tokens, checkpoints:  0,    13.377 MiB
srv        update:    - prompt 0x3ad9850:     105 tokens, checkpoints:  0,    13.127 MiB
srv        update:    - prompt 0x4398620:     110 tokens, checkpoints:  0,    13.752 MiB
srv        update:    - prompt 0xf0c4e0:     116 tokens, checkpoints:  0,    14.502 MiB
srv        update:    - prompt 0x3adea70:     109 tokens, checkpoints:  0,    13.627 MiB
srv        update:    - prompt 0x3ae5890:     113 tokens, checkpoints:  0,    14.127 MiB
srv        update:    - prompt 0x3ae41b0:     108 tokens, checkpoints:  0,    13.502 MiB
srv        update:    - prompt 0x322e190:     108 tokens, checkpoints:  0,    13.502 MiB
srv        update:    - prompt 0x3af3d70:     108 tokens, checkpoints:  0,    13.502 MiB
srv        update:    - prompt 0x3af38d0:     111 tokens, checkpoints:  0,    13.877 MiB
srv        update:    - prompt 0x438e090:     119 tokens, checkpoints:  0,    14.877 MiB
srv        update:    - prompt 0x32222d0:     123 tokens, checkpoints:  0,    15.377 MiB
srv        update:    - prompt 0x3af8fa0:     165 tokens, checkpoints:  0,    20.628 MiB
srv        update:    - prompt 0x11f26a0:     131 tokens, checkpoints:  0,    16.377 MiB
srv        update:    - prompt 0x3aeac00:     135 tokens, checkpoints:  0,    16.877 MiB
srv        update:    - prompt 0x4395330:     132 tokens, checkpoints:  0,    16.502 MiB
srv        update:    - prompt 0xf0c250:     146 tokens, checkpoints:  0,    18.252 MiB
srv        update:    - prompt 0x32191b0:     130 tokens, checkpoints:  0,    16.252 MiB
srv        update:    - prompt 0xee8ad0:     136 tokens, checkpoints:  0,    17.002 MiB
srv        update:    - prompt 0xf0d350:     136 tokens, checkpoints:  0,    17.002 MiB
srv        update:    - prompt 0x118e2a0:     241 tokens, checkpoints:  0,    30.129 MiB
srv        update:    - prompt 0xfffdcc0062a0:     325 tokens, checkpoints:  0,    40.629 MiB
srv        update:    - prompt 0xfffe24005460:     363 tokens, checkpoints:  0,    45.380 MiB
srv        update:    - prompt 0xfffe1c002440:     425 tokens, checkpoints:  0,    53.131 MiB
srv        update:    - prompt 0x32284f0:     409 tokens, checkpoints:  0,    51.130 MiB
srv        update:    - prompt 0x322ece0:     412 tokens, checkpoints:  0,    51.505 MiB
srv        update:    - prompt 0x3ac8290:     418 tokens, checkpoints:  0,    52.256 MiB
srv        update:    - prompt 0x3239c10:     415 tokens, checkpoints:  0,    51.880 MiB
srv        update:    - prompt 0xf0cf10:     431 tokens, checkpoints:  0,    53.881 MiB
srv        update:    - prompt 0xee7460:     431 tokens, checkpoints:  0,    53.881 MiB
srv        update:    - prompt 0x3ae3460:     107 tokens, checkpoints:  0,    13.377 MiB
srv        update:    - prompt 0xee4950:     105 tokens, checkpoints:  0,    13.127 MiB
srv        update:    - prompt 0x439c010:     110 tokens, checkpoints:  0,    13.752 MiB
srv        update:    - prompt 0xf0d130:     116 tokens, checkpoints:  0,    14.502 MiB
slot update_slots: id  2 | task 6767 | new prompt, n_ctx_slot = 4096, n_keep = 0, task.n_tokens = 10
slot update_slots: id  2 | task 6767 | n_tokens = 0, memory_seq_rm [0, end)
slot init_sampler: id  2 | task 6767 | init sampler, took 0.01 ms, tokens: text = 10, total = 10
slot update_slots: id  2 | task 6767 | prompt processing done, n_tokens = 10, batch.n_tokens = 10
srv  log_server_r: done request: POST /completion 127.0.0.1 200
slot print_timing: id  2 | task 6767 | 
prompt eval time =    5678.09 ms /    10 tokens (  567.81 ms per token,     1.76 tokens per second)
       eval time =   64045.00 ms /   100 tokens (  640.45 ms per token,     1.56 tokens per second)
      total time =   69723.09 ms /   110 tokens
slot      release: id  2 | task 6767 | stop processing: n_tokens = 109, truncated = 0
srv  update_slots: all slots are idle
slot get_availabl: id  1 | task -1 | selected slot by LRU, t_last = 274330702219
srv  get_availabl: updating prompt cache
srv          load:  - looking for better prompt, base f_keep = -1.000, sim = 0.000
srv        update:  - cache state: 51 prompts, 1084.262 MiB (limits: 8192.000 MiB, 4096 tokens, 65527 est)
srv        update:    - prompt 0xf0ecd0:     106 tokens, checkpoints:  0,    13.252 MiB
srv        update:    - prompt 0x4397eb0:     107 tokens, checkpoints:  0,    13.377 MiB
srv        update:    - prompt 0x439da00:     106 tokens, checkpoints:  0,    13.252 MiB
srv        update:    - prompt 0x3219be0:     107 tokens, checkpoints:  0,    13.377 MiB
srv        update:    - prompt 0x321c6f0:     105 tokens, checkpoints:  0,    13.127 MiB
srv        update:    - prompt 0x43990c0:     110 tokens, checkpoints:  0,    13.752 MiB
srv        update:    - prompt 0x1019e50:     116 tokens, checkpoints:  0,    14.502 MiB
srv        update:    - prompt 0x118e380:     109 tokens, checkpoints:  0,    13.627 MiB
srv        update:    - prompt 0x3219110:     113 tokens, checkpoints:  0,    14.127 MiB
srv        update:    - prompt 0x321e0f0:     108 tokens, checkpoints:  0,    13.502 MiB
srv        update:    - prompt 0x4398870:     108 tokens, checkpoints:  0,    13.502 MiB
srv        update:    - prompt 0xfdafe0:     108 tokens, checkpoints:  0,    13.502 MiB
srv        update:    - prompt 0xee3170:     111 tokens, checkpoints:  0,    13.877 MiB
srv        update:    - prompt 0x11f3590:     119 tokens, checkpoints:  0,    14.877 MiB
srv        update:    - prompt 0x3222110:     123 tokens, checkpoints:  0,    15.377 MiB
srv        update:    - prompt 0x439c6b0:     131 tokens, checkpoints:  0,    16.377 MiB
srv        update:    - prompt 0x118de20:     130 tokens, checkpoints:  0,    16.252 MiB
srv        update:    - prompt 0x3ac9990:     107 tokens, checkpoints:  0,    13.377 MiB
srv        update:    - prompt 0x3ad9850:     105 tokens, checkpoints:  0,    13.127 MiB
srv        update:    - prompt 0x4398620:     110 tokens, checkpoints:  0,    13.752 MiB
srv        update:    - prompt 0xf0c4e0:     116 tokens, checkpoints:  0,    14.502 MiB
srv        update:    - prompt 0x3adea70:     109 tokens, checkpoints:  0,    13.627 MiB
srv        update:    - prompt 0x3ae5890:     113 tokens, checkpoints:  0,    14.127 MiB
srv        update:    - prompt 0x3ae41b0:     108 tokens, checkpoints:  0,    13.502 MiB
srv        update:    - prompt 0x322e190:     108 tokens, checkpoints:  0,    13.502 MiB
srv        update:    - prompt 0x3af3d70:     108 tokens, checkpoints:  0,    13.502 MiB
srv        update:    - prompt 0x3af38d0:     111 tokens, checkpoints:  0,    13.877 MiB
srv        update:    - prompt 0x438e090:     119 tokens, checkpoints:  0,    14.877 MiB
srv        update:    - prompt 0x32222d0:     123 tokens, checkpoints:  0,    15.377 MiB
srv        update:    - prompt 0x3af8fa0:     165 tokens, checkpoints:  0,    20.628 MiB
srv        update:    - prompt 0x11f26a0:     131 tokens, checkpoints:  0,    16.377 MiB
srv        update:    - prompt 0x3aeac00:     135 tokens, checkpoints:  0,    16.877 MiB
srv        update:    - prompt 0x4395330:     132 tokens, checkpoints:  0,    16.502 MiB
srv        update:    - prompt 0xf0c250:     146 tokens, checkpoints:  0,    18.252 MiB
srv        update:    - prompt 0x32191b0:     130 tokens, checkpoints:  0,    16.252 MiB
srv        update:    - prompt 0xee8ad0:     136 tokens, checkpoints:  0,    17.002 MiB
srv        update:    - prompt 0xf0d350:     136 tokens, checkpoints:  0,    17.002 MiB
srv        update:    - prompt 0x118e2a0:     241 tokens, checkpoints:  0,    30.129 MiB
srv        update:    - prompt 0xfffdcc0062a0:     325 tokens, checkpoints:  0,    40.629 MiB
srv        update:    - prompt 0xfffe24005460:     363 tokens, checkpoints:  0,    45.380 MiB
srv        update:    - prompt 0xfffe1c002440:     425 tokens, checkpoints:  0,    53.131 MiB
srv        update:    - prompt 0x32284f0:     409 tokens, checkpoints:  0,    51.130 MiB
srv        update:    - prompt 0x322ece0:     412 tokens, checkpoints:  0,    51.505 MiB
srv        update:    - prompt 0x3ac8290:     418 tokens, checkpoints:  0,    52.256 MiB
srv        update:    - prompt 0x3239c10:     415 tokens, checkpoints:  0,    51.880 MiB
srv        update:    - prompt 0xf0cf10:     431 tokens, checkpoints:  0,    53.881 MiB
srv        update:    - prompt 0xee7460:     431 tokens, checkpoints:  0,    53.881 MiB
srv        update:    - prompt 0x3ae3460:     107 tokens, checkpoints:  0,    13.377 MiB
srv        update:    - prompt 0xee4950:     105 tokens, checkpoints:  0,    13.127 MiB
srv        update:    - prompt 0x439c010:     110 tokens, checkpoints:  0,    13.752 MiB
srv        update:    - prompt 0xf0d130:     116 tokens, checkpoints:  0,    14.502 MiB
srv  get_availabl: prompt cache update took 0.23 ms
slot launch_slot_: id  1 | task -1 | sampler chain: logits -> ?penalties -> ?dry -> ?top-n-sigma -> top-k -> ?typical -> top-p -> min-p -> ?xtc -> temp-ext -> dist 
slot launch_slot_: id  1 | task 6868 | processing task, is_child = 0
slot slot_save_an: id  2 | task -1 | saving idle slot to prompt cache
srv   prompt_save:  - saving prompt with length 109, total state size = 13.627 MiB
slot prompt_clear: id  2 | task -1 | clearing prompt with 109 tokens
srv        update:  - cache state: 52 prompts, 1097.889 MiB (limits: 8192.000 MiB, 4096 tokens, 65527 est)
srv        update:    - prompt 0xf0ecd0:     106 tokens, checkpoints:  0,    13.252 MiB
srv        update:    - prompt 0x4397eb0:     107 tokens, checkpoints:  0,    13.377 MiB
srv        update:    - prompt 0x439da00:     106 tokens, checkpoints:  0,    13.252 MiB
srv        update:    - prompt 0x3219be0:     107 tokens, checkpoints:  0,    13.377 MiB
srv        update:    - prompt 0x321c6f0:     105 tokens, checkpoints:  0,    13.127 MiB
srv        update:    - prompt 0x43990c0:     110 tokens, checkpoints:  0,    13.752 MiB
srv        update:    - prompt 0x1019e50:     116 tokens, checkpoints:  0,    14.502 MiB
srv        update:    - prompt 0x118e380:     109 tokens, checkpoints:  0,    13.627 MiB
srv        update:    - prompt 0x3219110:     113 tokens, checkpoints:  0,    14.127 MiB
srv        update:    - prompt 0x321e0f0:     108 tokens, checkpoints:  0,    13.502 MiB
srv        update:    - prompt 0x4398870:     108 tokens, checkpoints:  0,    13.502 MiB
srv        update:    - prompt 0xfdafe0:     108 tokens, checkpoints:  0,    13.502 MiB
srv        update:    - prompt 0xee3170:     111 tokens, checkpoints:  0,    13.877 MiB
srv        update:    - prompt 0x11f3590:     119 tokens, checkpoints:  0,    14.877 MiB
srv        update:    - prompt 0x3222110:     123 tokens, checkpoints:  0,    15.377 MiB
srv        update:    - prompt 0x439c6b0:     131 tokens, checkpoints:  0,    16.377 MiB
srv        update:    - prompt 0x118de20:     130 tokens, checkpoints:  0,    16.252 MiB
srv        update:    - prompt 0x3ac9990:     107 tokens, checkpoints:  0,    13.377 MiB
srv        update:    - prompt 0x3ad9850:     105 tokens, checkpoints:  0,    13.127 MiB
srv        update:    - prompt 0x4398620:     110 tokens, checkpoints:  0,    13.752 MiB
srv        update:    - prompt 0xf0c4e0:     116 tokens, checkpoints:  0,    14.502 MiB
srv        update:    - prompt 0x3adea70:     109 tokens, checkpoints:  0,    13.627 MiB
srv        update:    - prompt 0x3ae5890:     113 tokens, checkpoints:  0,    14.127 MiB
srv        update:    - prompt 0x3ae41b0:     108 tokens, checkpoints:  0,    13.502 MiB
srv        update:    - prompt 0x322e190:     108 tokens, checkpoints:  0,    13.502 MiB
srv        update:    - prompt 0x3af3d70:     108 tokens, checkpoints:  0,    13.502 MiB
srv        update:    - prompt 0x3af38d0:     111 tokens, checkpoints:  0,    13.877 MiB
srv        update:    - prompt 0x438e090:     119 tokens, checkpoints:  0,    14.877 MiB
srv        update:    - prompt 0x32222d0:     123 tokens, checkpoints:  0,    15.377 MiB
srv        update:    - prompt 0x3af8fa0:     165 tokens, checkpoints:  0,    20.628 MiB
srv        update:    - prompt 0x11f26a0:     131 tokens, checkpoints:  0,    16.377 MiB
srv        update:    - prompt 0x3aeac00:     135 tokens, checkpoints:  0,    16.877 MiB
srv        update:    - prompt 0x4395330:     132 tokens, checkpoints:  0,    16.502 MiB
srv        update:    - prompt 0xf0c250:     146 tokens, checkpoints:  0,    18.252 MiB
srv        update:    - prompt 0x32191b0:     130 tokens, checkpoints:  0,    16.252 MiB
srv        update:    - prompt 0xee8ad0:     136 tokens, checkpoints:  0,    17.002 MiB
srv        update:    - prompt 0xf0d350:     136 tokens, checkpoints:  0,    17.002 MiB
srv        update:    - prompt 0x118e2a0:     241 tokens, checkpoints:  0,    30.129 MiB
srv        update:    - prompt 0xfffdcc0062a0:     325 tokens, checkpoints:  0,    40.629 MiB
srv        update:    - prompt 0xfffe24005460:     363 tokens, checkpoints:  0,    45.380 MiB
srv        update:    - prompt 0xfffe1c002440:     425 tokens, checkpoints:  0,    53.131 MiB
srv        update:    - prompt 0x32284f0:     409 tokens, checkpoints:  0,    51.130 MiB
srv        update:    - prompt 0x322ece0:     412 tokens, checkpoints:  0,    51.505 MiB
srv        update:    - prompt 0x3ac8290:     418 tokens, checkpoints:  0,    52.256 MiB
srv        update:    - prompt 0x3239c10:     415 tokens, checkpoints:  0,    51.880 MiB
srv        update:    - prompt 0xf0cf10:     431 tokens, checkpoints:  0,    53.881 MiB
srv        update:    - prompt 0xee7460:     431 tokens, checkpoints:  0,    53.881 MiB
srv        update:    - prompt 0x3ae3460:     107 tokens, checkpoints:  0,    13.377 MiB
srv        update:    - prompt 0xee4950:     105 tokens, checkpoints:  0,    13.127 MiB
srv        update:    - prompt 0x439c010:     110 tokens, checkpoints:  0,    13.752 MiB
srv        update:    - prompt 0xf0d130:     116 tokens, checkpoints:  0,    14.502 MiB
srv        update:    - prompt 0xedfd90:     109 tokens, checkpoints:  0,    13.627 MiB
slot update_slots: id  1 | task 6868 | new prompt, n_ctx_slot = 4096, n_keep = 0, task.n_tokens = 14
slot update_slots: id  1 | task 6868 | n_tokens = 0, memory_seq_rm [0, end)
slot init_sampler: id  1 | task 6868 | init sampler, took 0.01 ms, tokens: text = 14, total = 14
slot update_slots: id  1 | task 6868 | prompt processing done, n_tokens = 14, batch.n_tokens = 14
srv  log_server_r: done request: POST /completion 127.0.0.1 200
slot print_timing: id  1 | task 6868 | 
prompt eval time =    7912.42 ms /    14 tokens (  565.17 ms per token,     1.77 tokens per second)
       eval time =   64071.39 ms /   100 tokens (  640.71 ms per token,     1.56 tokens per second)
      total time =   71983.81 ms /   114 tokens
slot      release: id  1 | task 6868 | stop processing: n_tokens = 113, truncated = 0
srv  update_slots: all slots are idle
slot get_availabl: id  1 | task -1 | selected slot by LCP similarity, sim_best = 0.111 (> 0.100 thold), f_keep = 0.009
srv  get_availabl: updating prompt cache
srv   prompt_save:  - saving prompt with length 113, total state size = 14.127 MiB
srv          load:  - looking for better prompt, base f_keep = 0.009, sim = 0.111
srv        update:  - cache state: 53 prompts, 1112.016 MiB (limits: 8192.000 MiB, 4096 tokens, 65527 est)
srv        update:    - prompt 0xf0ecd0:     106 tokens, checkpoints:  0,    13.252 MiB
srv        update:    - prompt 0x4397eb0:     107 tokens, checkpoints:  0,    13.377 MiB
srv        update:    - prompt 0x439da00:     106 tokens, checkpoints:  0,    13.252 MiB
srv        update:    - prompt 0x3219be0:     107 tokens, checkpoints:  0,    13.377 MiB
srv        update:    - prompt 0x321c6f0:     105 tokens, checkpoints:  0,    13.127 MiB
srv        update:    - prompt 0x43990c0:     110 tokens, checkpoints:  0,    13.752 MiB
srv        update:    - prompt 0x1019e50:     116 tokens, checkpoints:  0,    14.502 MiB
srv        update:    - prompt 0x118e380:     109 tokens, checkpoints:  0,    13.627 MiB
srv        update:    - prompt 0x3219110:     113 tokens, checkpoints:  0,    14.127 MiB
srv        update:    - prompt 0x321e0f0:     108 tokens, checkpoints:  0,    13.502 MiB
srv        update:    - prompt 0x4398870:     108 tokens, checkpoints:  0,    13.502 MiB
srv        update:    - prompt 0xfdafe0:     108 tokens, checkpoints:  0,    13.502 MiB
srv        update:    - prompt 0xee3170:     111 tokens, checkpoints:  0,    13.877 MiB
srv        update:    - prompt 0x11f3590:     119 tokens, checkpoints:  0,    14.877 MiB
srv        update:    - prompt 0x3222110:     123 tokens, checkpoints:  0,    15.377 MiB
srv        update:    - prompt 0x439c6b0:     131 tokens, checkpoints:  0,    16.377 MiB
srv        update:    - prompt 0x118de20:     130 tokens, checkpoints:  0,    16.252 MiB
srv        update:    - prompt 0x3ac9990:     107 tokens, checkpoints:  0,    13.377 MiB
srv        update:    - prompt 0x3ad9850:     105 tokens, checkpoints:  0,    13.127 MiB
srv        update:    - prompt 0x4398620:     110 tokens, checkpoints:  0,    13.752 MiB
srv        update:    - prompt 0xf0c4e0:     116 tokens, checkpoints:  0,    14.502 MiB
srv        update:    - prompt 0x3adea70:     109 tokens, checkpoints:  0,    13.627 MiB
srv        update:    - prompt 0x3ae5890:     113 tokens, checkpoints:  0,    14.127 MiB
srv        update:    - prompt 0x3ae41b0:     108 tokens, checkpoints:  0,    13.502 MiB
srv        update:    - prompt 0x322e190:     108 tokens, checkpoints:  0,    13.502 MiB
srv        update:    - prompt 0x3af3d70:     108 tokens, checkpoints:  0,    13.502 MiB
srv        update:    - prompt 0x3af38d0:     111 tokens, checkpoints:  0,    13.877 MiB
srv        update:    - prompt 0x438e090:     119 tokens, checkpoints:  0,    14.877 MiB
srv        update:    - prompt 0x32222d0:     123 tokens, checkpoints:  0,    15.377 MiB
srv        update:    - prompt 0x3af8fa0:     165 tokens, checkpoints:  0,    20.628 MiB
srv        update:    - prompt 0x11f26a0:     131 tokens, checkpoints:  0,    16.377 MiB
srv        update:    - prompt 0x3aeac00:     135 tokens, checkpoints:  0,    16.877 MiB
srv        update:    - prompt 0x4395330:     132 tokens, checkpoints:  0,    16.502 MiB
srv        update:    - prompt 0xf0c250:     146 tokens, checkpoints:  0,    18.252 MiB
srv        update:    - prompt 0x32191b0:     130 tokens, checkpoints:  0,    16.252 MiB
srv        update:    - prompt 0xee8ad0:     136 tokens, checkpoints:  0,    17.002 MiB
srv        update:    - prompt 0xf0d350:     136 tokens, checkpoints:  0,    17.002 MiB
srv        update:    - prompt 0x118e2a0:     241 tokens, checkpoints:  0,    30.129 MiB
srv        update:    - prompt 0xfffdcc0062a0:     325 tokens, checkpoints:  0,    40.629 MiB
srv        update:    - prompt 0xfffe24005460:     363 tokens, checkpoints:  0,    45.380 MiB
srv        update:    - prompt 0xfffe1c002440:     425 tokens, checkpoints:  0,    53.131 MiB
srv        update:    - prompt 0x32284f0:     409 tokens, checkpoints:  0,    51.130 MiB
srv        update:    - prompt 0x322ece0:     412 tokens, checkpoints:  0,    51.505 MiB
srv        update:    - prompt 0x3ac8290:     418 tokens, checkpoints:  0,    52.256 MiB
srv        update:    - prompt 0x3239c10:     415 tokens, checkpoints:  0,    51.880 MiB
srv        update:    - prompt 0xf0cf10:     431 tokens, checkpoints:  0,    53.881 MiB
srv        update:    - prompt 0xee7460:     431 tokens, checkpoints:  0,    53.881 MiB
srv        update:    - prompt 0x3ae3460:     107 tokens, checkpoints:  0,    13.377 MiB
srv        update:    - prompt 0xee4950:     105 tokens, checkpoints:  0,    13.127 MiB
srv        update:    - prompt 0x439c010:     110 tokens, checkpoints:  0,    13.752 MiB
srv        update:    - prompt 0xf0d130:     116 tokens, checkpoints:  0,    14.502 MiB
srv        update:    - prompt 0xedfd90:     109 tokens, checkpoints:  0,    13.627 MiB
srv        update:    - prompt 0x3b023f0:     113 tokens, checkpoints:  0,    14.127 MiB
srv  get_availabl: prompt cache update took 3.66 ms
slot launch_slot_: id  1 | task -1 | sampler chain: logits -> ?penalties -> ?dry -> ?top-n-sigma -> top-k -> ?typical -> top-p -> min-p -> ?xtc -> temp-ext -> dist 
slot launch_slot_: id  1 | task 6969 | processing task, is_child = 0
slot update_slots: id  1 | task 6969 | new prompt, n_ctx_slot = 4096, n_keep = 0, task.n_tokens = 9
slot update_slots: id  1 | task 6969 | n_tokens = 0, memory_seq_rm [0, end)
slot init_sampler: id  1 | task 6969 | init sampler, took 0.01 ms, tokens: text = 9, total = 9
slot update_slots: id  1 | task 6969 | prompt processing done, n_tokens = 9, batch.n_tokens = 9
srv  log_server_r: done request: POST /completion 127.0.0.1 200
slot print_timing: id  1 | task 6969 | 
prompt eval time =    5120.64 ms /     9 tokens (  568.96 ms per token,     1.76 tokens per second)
       eval time =   64042.70 ms /   100 tokens (  640.43 ms per token,     1.56 tokens per second)
      total time =   69163.35 ms /   109 tokens
slot      release: id  1 | task 6969 | stop processing: n_tokens = 108, truncated = 0
srv  update_slots: all slots are idle
slot get_availabl: id  1 | task -1 | selected slot by LCP similarity, sim_best = 0.111 (> 0.100 thold), f_keep = 0.009
srv  get_availabl: updating prompt cache
srv   prompt_save:  - saving prompt with length 108, total state size = 13.502 MiB
srv          load:  - looking for better prompt, base f_keep = 0.009, sim = 0.111
srv        update:  - cache state: 54 prompts, 1125.518 MiB (limits: 8192.000 MiB, 4096 tokens, 65527 est)
srv        update:    - prompt 0xf0ecd0:     106 tokens, checkpoints:  0,    13.252 MiB
srv        update:    - prompt 0x4397eb0:     107 tokens, checkpoints:  0,    13.377 MiB
srv        update:    - prompt 0x439da00:     106 tokens, checkpoints:  0,    13.252 MiB
srv        update:    - prompt 0x3219be0:     107 tokens, checkpoints:  0,    13.377 MiB
srv        update:    - prompt 0x321c6f0:     105 tokens, checkpoints:  0,    13.127 MiB
srv        update:    - prompt 0x43990c0:     110 tokens, checkpoints:  0,    13.752 MiB
srv        update:    - prompt 0x1019e50:     116 tokens, checkpoints:  0,    14.502 MiB
srv        update:    - prompt 0x118e380:     109 tokens, checkpoints:  0,    13.627 MiB
srv        update:    - prompt 0x3219110:     113 tokens, checkpoints:  0,    14.127 MiB
srv        update:    - prompt 0x321e0f0:     108 tokens, checkpoints:  0,    13.502 MiB
srv        update:    - prompt 0x4398870:     108 tokens, checkpoints:  0,    13.502 MiB
srv        update:    - prompt 0xfdafe0:     108 tokens, checkpoints:  0,    13.502 MiB
srv        update:    - prompt 0xee3170:     111 tokens, checkpoints:  0,    13.877 MiB
srv        update:    - prompt 0x11f3590:     119 tokens, checkpoints:  0,    14.877 MiB
srv        update:    - prompt 0x3222110:     123 tokens, checkpoints:  0,    15.377 MiB
srv        update:    - prompt 0x439c6b0:     131 tokens, checkpoints:  0,    16.377 MiB
srv        update:    - prompt 0x118de20:     130 tokens, checkpoints:  0,    16.252 MiB
srv        update:    - prompt 0x3ac9990:     107 tokens, checkpoints:  0,    13.377 MiB
srv        update:    - prompt 0x3ad9850:     105 tokens, checkpoints:  0,    13.127 MiB
srv        update:    - prompt 0x4398620:     110 tokens, checkpoints:  0,    13.752 MiB
srv        update:    - prompt 0xf0c4e0:     116 tokens, checkpoints:  0,    14.502 MiB
srv        update:    - prompt 0x3adea70:     109 tokens, checkpoints:  0,    13.627 MiB
srv        update:    - prompt 0x3ae5890:     113 tokens, checkpoints:  0,    14.127 MiB
srv        update:    - prompt 0x3ae41b0:     108 tokens, checkpoints:  0,    13.502 MiB
srv        update:    - prompt 0x322e190:     108 tokens, checkpoints:  0,    13.502 MiB
srv        update:    - prompt 0x3af3d70:     108 tokens, checkpoints:  0,    13.502 MiB
srv        update:    - prompt 0x3af38d0:     111 tokens, checkpoints:  0,    13.877 MiB
srv        update:    - prompt 0x438e090:     119 tokens, checkpoints:  0,    14.877 MiB
srv        update:    - prompt 0x32222d0:     123 tokens, checkpoints:  0,    15.377 MiB
srv        update:    - prompt 0x3af8fa0:     165 tokens, checkpoints:  0,    20.628 MiB
srv        update:    - prompt 0x11f26a0:     131 tokens, checkpoints:  0,    16.377 MiB
srv        update:    - prompt 0x3aeac00:     135 tokens, checkpoints:  0,    16.877 MiB
srv        update:    - prompt 0x4395330:     132 tokens, checkpoints:  0,    16.502 MiB
srv        update:    - prompt 0xf0c250:     146 tokens, checkpoints:  0,    18.252 MiB
srv        update:    - prompt 0x32191b0:     130 tokens, checkpoints:  0,    16.252 MiB
srv        update:    - prompt 0xee8ad0:     136 tokens, checkpoints:  0,    17.002 MiB
srv        update:    - prompt 0xf0d350:     136 tokens, checkpoints:  0,    17.002 MiB
srv        update:    - prompt 0x118e2a0:     241 tokens, checkpoints:  0,    30.129 MiB
srv        update:    - prompt 0xfffdcc0062a0:     325 tokens, checkpoints:  0,    40.629 MiB
srv        update:    - prompt 0xfffe24005460:     363 tokens, checkpoints:  0,    45.380 MiB
srv        update:    - prompt 0xfffe1c002440:     425 tokens, checkpoints:  0,    53.131 MiB
srv        update:    - prompt 0x32284f0:     409 tokens, checkpoints:  0,    51.130 MiB
srv        update:    - prompt 0x322ece0:     412 tokens, checkpoints:  0,    51.505 MiB
srv        update:    - prompt 0x3ac8290:     418 tokens, checkpoints:  0,    52.256 MiB
srv        update:    - prompt 0x3239c10:     415 tokens, checkpoints:  0,    51.880 MiB
srv        update:    - prompt 0xf0cf10:     431 tokens, checkpoints:  0,    53.881 MiB
srv        update:    - prompt 0xee7460:     431 tokens, checkpoints:  0,    53.881 MiB
srv        update:    - prompt 0x3ae3460:     107 tokens, checkpoints:  0,    13.377 MiB
srv        update:    - prompt 0xee4950:     105 tokens, checkpoints:  0,    13.127 MiB
srv        update:    - prompt 0x439c010:     110 tokens, checkpoints:  0,    13.752 MiB
srv        update:    - prompt 0xf0d130:     116 tokens, checkpoints:  0,    14.502 MiB
srv        update:    - prompt 0xedfd90:     109 tokens, checkpoints:  0,    13.627 MiB
srv        update:    - prompt 0x3b023f0:     113 tokens, checkpoints:  0,    14.127 MiB
srv        update:    - prompt 0xee1700:     108 tokens, checkpoints:  0,    13.502 MiB
srv  get_availabl: prompt cache update took 3.73 ms
slot launch_slot_: id  1 | task -1 | sampler chain: logits -> ?penalties -> ?dry -> ?top-n-sigma -> top-k -> ?typical -> top-p -> min-p -> ?xtc -> temp-ext -> dist 
slot launch_slot_: id  1 | task 7070 | processing task, is_child = 0
slot update_slots: id  1 | task 7070 | new prompt, n_ctx_slot = 4096, n_keep = 0, task.n_tokens = 9
slot update_slots: id  1 | task 7070 | n_tokens = 0, memory_seq_rm [0, end)
slot init_sampler: id  1 | task 7070 | init sampler, took 0.01 ms, tokens: text = 9, total = 9
slot update_slots: id  1 | task 7070 | prompt processing done, n_tokens = 9, batch.n_tokens = 9
srv  log_server_r: done request: POST /completion 127.0.0.1 200
slot print_timing: id  1 | task 7070 | 
prompt eval time =    5120.53 ms /     9 tokens (  568.95 ms per token,     1.76 tokens per second)
       eval time =   64043.24 ms /   100 tokens (  640.43 ms per token,     1.56 tokens per second)
      total time =   69163.77 ms /   109 tokens
slot      release: id  1 | task 7070 | stop processing: n_tokens = 108, truncated = 0
srv  update_slots: all slots are idle
slot get_availabl: id  1 | task -1 | selected slot by LCP similarity, sim_best = 0.111 (> 0.100 thold), f_keep = 0.009
srv  get_availabl: updating prompt cache
srv   prompt_save:  - saving prompt with length 108, total state size = 13.502 MiB
srv          load:  - looking for better prompt, base f_keep = 0.009, sim = 0.111
srv        update:  - cache state: 55 prompts, 1139.020 MiB (limits: 8192.000 MiB, 4096 tokens, 65527 est)
srv        update:    - prompt 0xf0ecd0:     106 tokens, checkpoints:  0,    13.252 MiB
srv        update:    - prompt 0x4397eb0:     107 tokens, checkpoints:  0,    13.377 MiB
srv        update:    - prompt 0x439da00:     106 tokens, checkpoints:  0,    13.252 MiB
srv        update:    - prompt 0x3219be0:     107 tokens, checkpoints:  0,    13.377 MiB
srv        update:    - prompt 0x321c6f0:     105 tokens, checkpoints:  0,    13.127 MiB
srv        update:    - prompt 0x43990c0:     110 tokens, checkpoints:  0,    13.752 MiB
srv        update:    - prompt 0x1019e50:     116 tokens, checkpoints:  0,    14.502 MiB
srv        update:    - prompt 0x118e380:     109 tokens, checkpoints:  0,    13.627 MiB
srv        update:    - prompt 0x3219110:     113 tokens, checkpoints:  0,    14.127 MiB
srv        update:    - prompt 0x321e0f0:     108 tokens, checkpoints:  0,    13.502 MiB
srv        update:    - prompt 0x4398870:     108 tokens, checkpoints:  0,    13.502 MiB
srv        update:    - prompt 0xfdafe0:     108 tokens, checkpoints:  0,    13.502 MiB
srv        update:    - prompt 0xee3170:     111 tokens, checkpoints:  0,    13.877 MiB
srv        update:    - prompt 0x11f3590:     119 tokens, checkpoints:  0,    14.877 MiB
srv        update:    - prompt 0x3222110:     123 tokens, checkpoints:  0,    15.377 MiB
srv        update:    - prompt 0x439c6b0:     131 tokens, checkpoints:  0,    16.377 MiB
srv        update:    - prompt 0x118de20:     130 tokens, checkpoints:  0,    16.252 MiB
srv        update:    - prompt 0x3ac9990:     107 tokens, checkpoints:  0,    13.377 MiB
srv        update:    - prompt 0x3ad9850:     105 tokens, checkpoints:  0,    13.127 MiB
srv        update:    - prompt 0x4398620:     110 tokens, checkpoints:  0,    13.752 MiB
srv        update:    - prompt 0xf0c4e0:     116 tokens, checkpoints:  0,    14.502 MiB
srv        update:    - prompt 0x3adea70:     109 tokens, checkpoints:  0,    13.627 MiB
srv        update:    - prompt 0x3ae5890:     113 tokens, checkpoints:  0,    14.127 MiB
srv        update:    - prompt 0x3ae41b0:     108 tokens, checkpoints:  0,    13.502 MiB
srv        update:    - prompt 0x322e190:     108 tokens, checkpoints:  0,    13.502 MiB
srv        update:    - prompt 0x3af3d70:     108 tokens, checkpoints:  0,    13.502 MiB
srv        update:    - prompt 0x3af38d0:     111 tokens, checkpoints:  0,    13.877 MiB
srv        update:    - prompt 0x438e090:     119 tokens, checkpoints:  0,    14.877 MiB
srv        update:    - prompt 0x32222d0:     123 tokens, checkpoints:  0,    15.377 MiB
srv        update:    - prompt 0x3af8fa0:     165 tokens, checkpoints:  0,    20.628 MiB
srv        update:    - prompt 0x11f26a0:     131 tokens, checkpoints:  0,    16.377 MiB
srv        update:    - prompt 0x3aeac00:     135 tokens, checkpoints:  0,    16.877 MiB
srv        update:    - prompt 0x4395330:     132 tokens, checkpoints:  0,    16.502 MiB
srv        update:    - prompt 0xf0c250:     146 tokens, checkpoints:  0,    18.252 MiB
srv        update:    - prompt 0x32191b0:     130 tokens, checkpoints:  0,    16.252 MiB
srv        update:    - prompt 0xee8ad0:     136 tokens, checkpoints:  0,    17.002 MiB
srv        update:    - prompt 0xf0d350:     136 tokens, checkpoints:  0,    17.002 MiB
srv        update:    - prompt 0x118e2a0:     241 tokens, checkpoints:  0,    30.129 MiB
srv        update:    - prompt 0xfffdcc0062a0:     325 tokens, checkpoints:  0,    40.629 MiB
srv        update:    - prompt 0xfffe24005460:     363 tokens, checkpoints:  0,    45.380 MiB
srv        update:    - prompt 0xfffe1c002440:     425 tokens, checkpoints:  0,    53.131 MiB
srv        update:    - prompt 0x32284f0:     409 tokens, checkpoints:  0,    51.130 MiB
srv        update:    - prompt 0x322ece0:     412 tokens, checkpoints:  0,    51.505 MiB
srv        update:    - prompt 0x3ac8290:     418 tokens, checkpoints:  0,    52.256 MiB
srv        update:    - prompt 0x3239c10:     415 tokens, checkpoints:  0,    51.880 MiB
srv        update:    - prompt 0xf0cf10:     431 tokens, checkpoints:  0,    53.881 MiB
srv        update:    - prompt 0xee7460:     431 tokens, checkpoints:  0,    53.881 MiB
srv        update:    - prompt 0x3ae3460:     107 tokens, checkpoints:  0,    13.377 MiB
srv        update:    - prompt 0xee4950:     105 tokens, checkpoints:  0,    13.127 MiB
srv        update:    - prompt 0x439c010:     110 tokens, checkpoints:  0,    13.752 MiB
srv        update:    - prompt 0xf0d130:     116 tokens, checkpoints:  0,    14.502 MiB
srv        update:    - prompt 0xedfd90:     109 tokens, checkpoints:  0,    13.627 MiB
srv        update:    - prompt 0x3b023f0:     113 tokens, checkpoints:  0,    14.127 MiB
srv        update:    - prompt 0xee1700:     108 tokens, checkpoints:  0,    13.502 MiB
srv        update:    - prompt 0x3ac9130:     108 tokens, checkpoints:  0,    13.502 MiB
srv  get_availabl: prompt cache update took 3.49 ms
slot launch_slot_: id  1 | task -1 | sampler chain: logits -> ?penalties -> ?dry -> ?top-n-sigma -> top-k -> ?typical -> top-p -> min-p -> ?xtc -> temp-ext -> dist 
slot launch_slot_: id  1 | task 7171 | processing task, is_child = 0
slot update_slots: id  1 | task 7171 | new prompt, n_ctx_slot = 4096, n_keep = 0, task.n_tokens = 9
slot update_slots: id  1 | task 7171 | n_tokens = 0, memory_seq_rm [0, end)
slot init_sampler: id  1 | task 7171 | init sampler, took 0.01 ms, tokens: text = 9, total = 9
slot update_slots: id  1 | task 7171 | prompt processing done, n_tokens = 9, batch.n_tokens = 9
srv  log_server_r: done request: POST /completion 127.0.0.1 200
slot print_timing: id  1 | task 7171 | 
prompt eval time =    5121.12 ms /     9 tokens (  569.01 ms per token,     1.76 tokens per second)
       eval time =   64056.27 ms /   100 tokens (  640.56 ms per token,     1.56 tokens per second)
      total time =   69177.39 ms /   109 tokens
slot      release: id  1 | task 7171 | stop processing: n_tokens = 108, truncated = 0
srv  update_slots: all slots are idle
slot get_availabl: id  0 | task -1 | selected slot by LRU, t_last = 274401563565
srv  get_availabl: updating prompt cache
srv          load:  - looking for better prompt, base f_keep = -1.000, sim = 0.000
srv        update:  - cache state: 55 prompts, 1139.020 MiB (limits: 8192.000 MiB, 4096 tokens, 65527 est)
srv        update:    - prompt 0xf0ecd0:     106 tokens, checkpoints:  0,    13.252 MiB
srv        update:    - prompt 0x4397eb0:     107 tokens, checkpoints:  0,    13.377 MiB
srv        update:    - prompt 0x439da00:     106 tokens, checkpoints:  0,    13.252 MiB
srv        update:    - prompt 0x3219be0:     107 tokens, checkpoints:  0,    13.377 MiB
srv        update:    - prompt 0x321c6f0:     105 tokens, checkpoints:  0,    13.127 MiB
srv        update:    - prompt 0x43990c0:     110 tokens, checkpoints:  0,    13.752 MiB
srv        update:    - prompt 0x1019e50:     116 tokens, checkpoints:  0,    14.502 MiB
srv        update:    - prompt 0x118e380:     109 tokens, checkpoints:  0,    13.627 MiB
srv        update:    - prompt 0x3219110:     113 tokens, checkpoints:  0,    14.127 MiB
srv        update:    - prompt 0x321e0f0:     108 tokens, checkpoints:  0,    13.502 MiB
srv        update:    - prompt 0x4398870:     108 tokens, checkpoints:  0,    13.502 MiB
srv        update:    - prompt 0xfdafe0:     108 tokens, checkpoints:  0,    13.502 MiB
srv        update:    - prompt 0xee3170:     111 tokens, checkpoints:  0,    13.877 MiB
srv        update:    - prompt 0x11f3590:     119 tokens, checkpoints:  0,    14.877 MiB
srv        update:    - prompt 0x3222110:     123 tokens, checkpoints:  0,    15.377 MiB
srv        update:    - prompt 0x439c6b0:     131 tokens, checkpoints:  0,    16.377 MiB
srv        update:    - prompt 0x118de20:     130 tokens, checkpoints:  0,    16.252 MiB
srv        update:    - prompt 0x3ac9990:     107 tokens, checkpoints:  0,    13.377 MiB
srv        update:    - prompt 0x3ad9850:     105 tokens, checkpoints:  0,    13.127 MiB
srv        update:    - prompt 0x4398620:     110 tokens, checkpoints:  0,    13.752 MiB
srv        update:    - prompt 0xf0c4e0:     116 tokens, checkpoints:  0,    14.502 MiB
srv        update:    - prompt 0x3adea70:     109 tokens, checkpoints:  0,    13.627 MiB
srv        update:    - prompt 0x3ae5890:     113 tokens, checkpoints:  0,    14.127 MiB
srv        update:    - prompt 0x3ae41b0:     108 tokens, checkpoints:  0,    13.502 MiB
srv        update:    - prompt 0x322e190:     108 tokens, checkpoints:  0,    13.502 MiB
srv        update:    - prompt 0x3af3d70:     108 tokens, checkpoints:  0,    13.502 MiB
srv        update:    - prompt 0x3af38d0:     111 tokens, checkpoints:  0,    13.877 MiB
srv        update:    - prompt 0x438e090:     119 tokens, checkpoints:  0,    14.877 MiB
srv        update:    - prompt 0x32222d0:     123 tokens, checkpoints:  0,    15.377 MiB
srv        update:    - prompt 0x3af8fa0:     165 tokens, checkpoints:  0,    20.628 MiB
srv        update:    - prompt 0x11f26a0:     131 tokens, checkpoints:  0,    16.377 MiB
srv        update:    - prompt 0x3aeac00:     135 tokens, checkpoints:  0,    16.877 MiB
srv        update:    - prompt 0x4395330:     132 tokens, checkpoints:  0,    16.502 MiB
srv        update:    - prompt 0xf0c250:     146 tokens, checkpoints:  0,    18.252 MiB
srv        update:    - prompt 0x32191b0:     130 tokens, checkpoints:  0,    16.252 MiB
srv        update:    - prompt 0xee8ad0:     136 tokens, checkpoints:  0,    17.002 MiB
srv        update:    - prompt 0xf0d350:     136 tokens, checkpoints:  0,    17.002 MiB
srv        update:    - prompt 0x118e2a0:     241 tokens, checkpoints:  0,    30.129 MiB
srv        update:    - prompt 0xfffdcc0062a0:     325 tokens, checkpoints:  0,    40.629 MiB
srv        update:    - prompt 0xfffe24005460:     363 tokens, checkpoints:  0,    45.380 MiB
srv        update:    - prompt 0xfffe1c002440:     425 tokens, checkpoints:  0,    53.131 MiB
srv        update:    - prompt 0x32284f0:     409 tokens, checkpoints:  0,    51.130 MiB
srv        update:    - prompt 0x322ece0:     412 tokens, checkpoints:  0,    51.505 MiB
srv        update:    - prompt 0x3ac8290:     418 tokens, checkpoints:  0,    52.256 MiB
srv        update:    - prompt 0x3239c10:     415 tokens, checkpoints:  0,    51.880 MiB
srv        update:    - prompt 0xf0cf10:     431 tokens, checkpoints:  0,    53.881 MiB
srv        update:    - prompt 0xee7460:     431 tokens, checkpoints:  0,    53.881 MiB
srv        update:    - prompt 0x3ae3460:     107 tokens, checkpoints:  0,    13.377 MiB
srv        update:    - prompt 0xee4950:     105 tokens, checkpoints:  0,    13.127 MiB
srv        update:    - prompt 0x439c010:     110 tokens, checkpoints:  0,    13.752 MiB
srv        update:    - prompt 0xf0d130:     116 tokens, checkpoints:  0,    14.502 MiB
srv        update:    - prompt 0xedfd90:     109 tokens, checkpoints:  0,    13.627 MiB
srv        update:    - prompt 0x3b023f0:     113 tokens, checkpoints:  0,    14.127 MiB
srv        update:    - prompt 0xee1700:     108 tokens, checkpoints:  0,    13.502 MiB
srv        update:    - prompt 0x3ac9130:     108 tokens, checkpoints:  0,    13.502 MiB
srv  get_availabl: prompt cache update took 0.23 ms
slot launch_slot_: id  0 | task -1 | sampler chain: logits -> ?penalties -> ?dry -> ?top-n-sigma -> top-k -> ?typical -> top-p -> min-p -> ?xtc -> temp-ext -> dist 
slot launch_slot_: id  0 | task 7272 | processing task, is_child = 0
slot slot_save_an: id  1 | task -1 | saving idle slot to prompt cache
srv   prompt_save:  - saving prompt with length 108, total state size = 13.502 MiB
slot prompt_clear: id  1 | task -1 | clearing prompt with 108 tokens
srv        update:  - cache state: 56 prompts, 1152.522 MiB (limits: 8192.000 MiB, 4096 tokens, 65527 est)
srv        update:    - prompt 0xf0ecd0:     106 tokens, checkpoints:  0,    13.252 MiB
srv        update:    - prompt 0x4397eb0:     107 tokens, checkpoints:  0,    13.377 MiB
srv        update:    - prompt 0x439da00:     106 tokens, checkpoints:  0,    13.252 MiB
srv        update:    - prompt 0x3219be0:     107 tokens, checkpoints:  0,    13.377 MiB
srv        update:    - prompt 0x321c6f0:     105 tokens, checkpoints:  0,    13.127 MiB
srv        update:    - prompt 0x43990c0:     110 tokens, checkpoints:  0,    13.752 MiB
srv        update:    - prompt 0x1019e50:     116 tokens, checkpoints:  0,    14.502 MiB
srv        update:    - prompt 0x118e380:     109 tokens, checkpoints:  0,    13.627 MiB
srv        update:    - prompt 0x3219110:     113 tokens, checkpoints:  0,    14.127 MiB
srv        update:    - prompt 0x321e0f0:     108 tokens, checkpoints:  0,    13.502 MiB
srv        update:    - prompt 0x4398870:     108 tokens, checkpoints:  0,    13.502 MiB
srv        update:    - prompt 0xfdafe0:     108 tokens, checkpoints:  0,    13.502 MiB
srv        update:    - prompt 0xee3170:     111 tokens, checkpoints:  0,    13.877 MiB
srv        update:    - prompt 0x11f3590:     119 tokens, checkpoints:  0,    14.877 MiB
srv        update:    - prompt 0x3222110:     123 tokens, checkpoints:  0,    15.377 MiB
srv        update:    - prompt 0x439c6b0:     131 tokens, checkpoints:  0,    16.377 MiB
srv        update:    - prompt 0x118de20:     130 tokens, checkpoints:  0,    16.252 MiB
srv        update:    - prompt 0x3ac9990:     107 tokens, checkpoints:  0,    13.377 MiB
srv        update:    - prompt 0x3ad9850:     105 tokens, checkpoints:  0,    13.127 MiB
srv        update:    - prompt 0x4398620:     110 tokens, checkpoints:  0,    13.752 MiB
srv        update:    - prompt 0xf0c4e0:     116 tokens, checkpoints:  0,    14.502 MiB
srv        update:    - prompt 0x3adea70:     109 tokens, checkpoints:  0,    13.627 MiB
srv        update:    - prompt 0x3ae5890:     113 tokens, checkpoints:  0,    14.127 MiB
srv        update:    - prompt 0x3ae41b0:     108 tokens, checkpoints:  0,    13.502 MiB
srv        update:    - prompt 0x322e190:     108 tokens, checkpoints:  0,    13.502 MiB
srv        update:    - prompt 0x3af3d70:     108 tokens, checkpoints:  0,    13.502 MiB
srv        update:    - prompt 0x3af38d0:     111 tokens, checkpoints:  0,    13.877 MiB
srv        update:    - prompt 0x438e090:     119 tokens, checkpoints:  0,    14.877 MiB
srv        update:    - prompt 0x32222d0:     123 tokens, checkpoints:  0,    15.377 MiB
srv        update:    - prompt 0x3af8fa0:     165 tokens, checkpoints:  0,    20.628 MiB
srv        update:    - prompt 0x11f26a0:     131 tokens, checkpoints:  0,    16.377 MiB
srv        update:    - prompt 0x3aeac00:     135 tokens, checkpoints:  0,    16.877 MiB
srv        update:    - prompt 0x4395330:     132 tokens, checkpoints:  0,    16.502 MiB
srv        update:    - prompt 0xf0c250:     146 tokens, checkpoints:  0,    18.252 MiB
srv        update:    - prompt 0x32191b0:     130 tokens, checkpoints:  0,    16.252 MiB
srv        update:    - prompt 0xee8ad0:     136 tokens, checkpoints:  0,    17.002 MiB
srv        update:    - prompt 0xf0d350:     136 tokens, checkpoints:  0,    17.002 MiB
srv        update:    - prompt 0x118e2a0:     241 tokens, checkpoints:  0,    30.129 MiB
srv        update:    - prompt 0xfffdcc0062a0:     325 tokens, checkpoints:  0,    40.629 MiB
srv        update:    - prompt 0xfffe24005460:     363 tokens, checkpoints:  0,    45.380 MiB
srv        update:    - prompt 0xfffe1c002440:     425 tokens, checkpoints:  0,    53.131 MiB
srv        update:    - prompt 0x32284f0:     409 tokens, checkpoints:  0,    51.130 MiB
srv        update:    - prompt 0x322ece0:     412 tokens, checkpoints:  0,    51.505 MiB
srv        update:    - prompt 0x3ac8290:     418 tokens, checkpoints:  0,    52.256 MiB
srv        update:    - prompt 0x3239c10:     415 tokens, checkpoints:  0,    51.880 MiB
srv        update:    - prompt 0xf0cf10:     431 tokens, checkpoints:  0,    53.881 MiB
srv        update:    - prompt 0xee7460:     431 tokens, checkpoints:  0,    53.881 MiB
srv        update:    - prompt 0x3ae3460:     107 tokens, checkpoints:  0,    13.377 MiB
srv        update:    - prompt 0xee4950:     105 tokens, checkpoints:  0,    13.127 MiB
srv        update:    - prompt 0x439c010:     110 tokens, checkpoints:  0,    13.752 MiB
srv        update:    - prompt 0xf0d130:     116 tokens, checkpoints:  0,    14.502 MiB
srv        update:    - prompt 0xedfd90:     109 tokens, checkpoints:  0,    13.627 MiB
srv        update:    - prompt 0x3b023f0:     113 tokens, checkpoints:  0,    14.127 MiB
srv        update:    - prompt 0xee1700:     108 tokens, checkpoints:  0,    13.502 MiB
srv        update:    - prompt 0x3ac9130:     108 tokens, checkpoints:  0,    13.502 MiB
srv        update:    - prompt 0x118dfd0:     108 tokens, checkpoints:  0,    13.502 MiB
slot update_slots: id  0 | task 7272 | new prompt, n_ctx_slot = 4096, n_keep = 0, task.n_tokens = 12
slot update_slots: id  0 | task 7272 | n_tokens = 0, memory_seq_rm [0, end)
slot init_sampler: id  0 | task 7272 | init sampler, took 0.01 ms, tokens: text = 12, total = 12
slot update_slots: id  0 | task 7272 | prompt processing done, n_tokens = 12, batch.n_tokens = 12
srv  log_server_r: done request: POST /completion 127.0.0.1 200
slot print_timing: id  0 | task 7272 | 
prompt eval time =    6792.38 ms /    12 tokens (  566.03 ms per token,     1.77 tokens per second)
       eval time =   64060.41 ms /   100 tokens (  640.60 ms per token,     1.56 tokens per second)
      total time =   70852.80 ms /   112 tokens
slot      release: id  0 | task 7272 | stop processing: n_tokens = 111, truncated = 0
srv  update_slots: all slots are idle
slot get_availabl: id  3 | task -1 | selected slot by LRU, t_last = 274475857810
srv  get_availabl: updating prompt cache
srv          load:  - looking for better prompt, base f_keep = -1.000, sim = 0.000
srv        update:  - cache state: 56 prompts, 1152.522 MiB (limits: 8192.000 MiB, 4096 tokens, 65527 est)
srv        update:    - prompt 0xf0ecd0:     106 tokens, checkpoints:  0,    13.252 MiB
srv        update:    - prompt 0x4397eb0:     107 tokens, checkpoints:  0,    13.377 MiB
srv        update:    - prompt 0x439da00:     106 tokens, checkpoints:  0,    13.252 MiB
srv        update:    - prompt 0x3219be0:     107 tokens, checkpoints:  0,    13.377 MiB
srv        update:    - prompt 0x321c6f0:     105 tokens, checkpoints:  0,    13.127 MiB
srv        update:    - prompt 0x43990c0:     110 tokens, checkpoints:  0,    13.752 MiB
srv        update:    - prompt 0x1019e50:     116 tokens, checkpoints:  0,    14.502 MiB
srv        update:    - prompt 0x118e380:     109 tokens, checkpoints:  0,    13.627 MiB
srv        update:    - prompt 0x3219110:     113 tokens, checkpoints:  0,    14.127 MiB
srv        update:    - prompt 0x321e0f0:     108 tokens, checkpoints:  0,    13.502 MiB
srv        update:    - prompt 0x4398870:     108 tokens, checkpoints:  0,    13.502 MiB
srv        update:    - prompt 0xfdafe0:     108 tokens, checkpoints:  0,    13.502 MiB
srv        update:    - prompt 0xee3170:     111 tokens, checkpoints:  0,    13.877 MiB
srv        update:    - prompt 0x11f3590:     119 tokens, checkpoints:  0,    14.877 MiB
srv        update:    - prompt 0x3222110:     123 tokens, checkpoints:  0,    15.377 MiB
srv        update:    - prompt 0x439c6b0:     131 tokens, checkpoints:  0,    16.377 MiB
srv        update:    - prompt 0x118de20:     130 tokens, checkpoints:  0,    16.252 MiB
srv        update:    - prompt 0x3ac9990:     107 tokens, checkpoints:  0,    13.377 MiB
srv        update:    - prompt 0x3ad9850:     105 tokens, checkpoints:  0,    13.127 MiB
srv        update:    - prompt 0x4398620:     110 tokens, checkpoints:  0,    13.752 MiB
srv        update:    - prompt 0xf0c4e0:     116 tokens, checkpoints:  0,    14.502 MiB
srv        update:    - prompt 0x3adea70:     109 tokens, checkpoints:  0,    13.627 MiB
srv        update:    - prompt 0x3ae5890:     113 tokens, checkpoints:  0,    14.127 MiB
srv        update:    - prompt 0x3ae41b0:     108 tokens, checkpoints:  0,    13.502 MiB
srv        update:    - prompt 0x322e190:     108 tokens, checkpoints:  0,    13.502 MiB
srv        update:    - prompt 0x3af3d70:     108 tokens, checkpoints:  0,    13.502 MiB
srv        update:    - prompt 0x3af38d0:     111 tokens, checkpoints:  0,    13.877 MiB
srv        update:    - prompt 0x438e090:     119 tokens, checkpoints:  0,    14.877 MiB
srv        update:    - prompt 0x32222d0:     123 tokens, checkpoints:  0,    15.377 MiB
srv        update:    - prompt 0x3af8fa0:     165 tokens, checkpoints:  0,    20.628 MiB
srv        update:    - prompt 0x11f26a0:     131 tokens, checkpoints:  0,    16.377 MiB
srv        update:    - prompt 0x3aeac00:     135 tokens, checkpoints:  0,    16.877 MiB
srv        update:    - prompt 0x4395330:     132 tokens, checkpoints:  0,    16.502 MiB
srv        update:    - prompt 0xf0c250:     146 tokens, checkpoints:  0,    18.252 MiB
srv        update:    - prompt 0x32191b0:     130 tokens, checkpoints:  0,    16.252 MiB
srv        update:    - prompt 0xee8ad0:     136 tokens, checkpoints:  0,    17.002 MiB
srv        update:    - prompt 0xf0d350:     136 tokens, checkpoints:  0,    17.002 MiB
srv        update:    - prompt 0x118e2a0:     241 tokens, checkpoints:  0,    30.129 MiB
srv        update:    - prompt 0xfffdcc0062a0:     325 tokens, checkpoints:  0,    40.629 MiB
srv        update:    - prompt 0xfffe24005460:     363 tokens, checkpoints:  0,    45.380 MiB
srv        update:    - prompt 0xfffe1c002440:     425 tokens, checkpoints:  0,    53.131 MiB
srv        update:    - prompt 0x32284f0:     409 tokens, checkpoints:  0,    51.130 MiB
srv        update:    - prompt 0x322ece0:     412 tokens, checkpoints:  0,    51.505 MiB
srv        update:    - prompt 0x3ac8290:     418 tokens, checkpoints:  0,    52.256 MiB
srv        update:    - prompt 0x3239c10:     415 tokens, checkpoints:  0,    51.880 MiB
srv        update:    - prompt 0xf0cf10:     431 tokens, checkpoints:  0,    53.881 MiB
srv        update:    - prompt 0xee7460:     431 tokens, checkpoints:  0,    53.881 MiB
srv        update:    - prompt 0x3ae3460:     107 tokens, checkpoints:  0,    13.377 MiB
srv        update:    - prompt 0xee4950:     105 tokens, checkpoints:  0,    13.127 MiB
srv        update:    - prompt 0x439c010:     110 tokens, checkpoints:  0,    13.752 MiB
srv        update:    - prompt 0xf0d130:     116 tokens, checkpoints:  0,    14.502 MiB
srv        update:    - prompt 0xedfd90:     109 tokens, checkpoints:  0,    13.627 MiB
srv        update:    - prompt 0x3b023f0:     113 tokens, checkpoints:  0,    14.127 MiB
srv        update:    - prompt 0xee1700:     108 tokens, checkpoints:  0,    13.502 MiB
srv        update:    - prompt 0x3ac9130:     108 tokens, checkpoints:  0,    13.502 MiB
srv        update:    - prompt 0x118dfd0:     108 tokens, checkpoints:  0,    13.502 MiB
srv  get_availabl: prompt cache update took 0.23 ms
slot launch_slot_: id  3 | task -1 | sampler chain: logits -> ?penalties -> ?dry -> ?top-n-sigma -> top-k -> ?typical -> top-p -> min-p -> ?xtc -> temp-ext -> dist 
slot launch_slot_: id  3 | task 7373 | processing task, is_child = 0
slot slot_save_an: id  0 | task -1 | saving idle slot to prompt cache
srv   prompt_save:  - saving prompt with length 111, total state size = 13.877 MiB
slot prompt_clear: id  0 | task -1 | clearing prompt with 111 tokens
srv        update:  - cache state: 57 prompts, 1166.399 MiB (limits: 8192.000 MiB, 4096 tokens, 65527 est)
srv        update:    - prompt 0xf0ecd0:     106 tokens, checkpoints:  0,    13.252 MiB
srv        update:    - prompt 0x4397eb0:     107 tokens, checkpoints:  0,    13.377 MiB
srv        update:    - prompt 0x439da00:     106 tokens, checkpoints:  0,    13.252 MiB
srv        update:    - prompt 0x3219be0:     107 tokens, checkpoints:  0,    13.377 MiB
srv        update:    - prompt 0x321c6f0:     105 tokens, checkpoints:  0,    13.127 MiB
srv        update:    - prompt 0x43990c0:     110 tokens, checkpoints:  0,    13.752 MiB
srv        update:    - prompt 0x1019e50:     116 tokens, checkpoints:  0,    14.502 MiB
srv        update:    - prompt 0x118e380:     109 tokens, checkpoints:  0,    13.627 MiB
srv        update:    - prompt 0x3219110:     113 tokens, checkpoints:  0,    14.127 MiB
srv        update:    - prompt 0x321e0f0:     108 tokens, checkpoints:  0,    13.502 MiB
srv        update:    - prompt 0x4398870:     108 tokens, checkpoints:  0,    13.502 MiB
srv        update:    - prompt 0xfdafe0:     108 tokens, checkpoints:  0,    13.502 MiB
srv        update:    - prompt 0xee3170:     111 tokens, checkpoints:  0,    13.877 MiB
srv        update:    - prompt 0x11f3590:     119 tokens, checkpoints:  0,    14.877 MiB
srv        update:    - prompt 0x3222110:     123 tokens, checkpoints:  0,    15.377 MiB
srv        update:    - prompt 0x439c6b0:     131 tokens, checkpoints:  0,    16.377 MiB
srv        update:    - prompt 0x118de20:     130 tokens, checkpoints:  0,    16.252 MiB
srv        update:    - prompt 0x3ac9990:     107 tokens, checkpoints:  0,    13.377 MiB
srv        update:    - prompt 0x3ad9850:     105 tokens, checkpoints:  0,    13.127 MiB
srv        update:    - prompt 0x4398620:     110 tokens, checkpoints:  0,    13.752 MiB
srv        update:    - prompt 0xf0c4e0:     116 tokens, checkpoints:  0,    14.502 MiB
srv        update:    - prompt 0x3adea70:     109 tokens, checkpoints:  0,    13.627 MiB
srv        update:    - prompt 0x3ae5890:     113 tokens, checkpoints:  0,    14.127 MiB
srv        update:    - prompt 0x3ae41b0:     108 tokens, checkpoints:  0,    13.502 MiB
srv        update:    - prompt 0x322e190:     108 tokens, checkpoints:  0,    13.502 MiB
srv        update:    - prompt 0x3af3d70:     108 tokens, checkpoints:  0,    13.502 MiB
srv        update:    - prompt 0x3af38d0:     111 tokens, checkpoints:  0,    13.877 MiB
srv        update:    - prompt 0x438e090:     119 tokens, checkpoints:  0,    14.877 MiB
srv        update:    - prompt 0x32222d0:     123 tokens, checkpoints:  0,    15.377 MiB
srv        update:    - prompt 0x3af8fa0:     165 tokens, checkpoints:  0,    20.628 MiB
srv        update:    - prompt 0x11f26a0:     131 tokens, checkpoints:  0,    16.377 MiB
srv        update:    - prompt 0x3aeac00:     135 tokens, checkpoints:  0,    16.877 MiB
srv        update:    - prompt 0x4395330:     132 tokens, checkpoints:  0,    16.502 MiB
srv        update:    - prompt 0xf0c250:     146 tokens, checkpoints:  0,    18.252 MiB
srv        update:    - prompt 0x32191b0:     130 tokens, checkpoints:  0,    16.252 MiB
srv        update:    - prompt 0xee8ad0:     136 tokens, checkpoints:  0,    17.002 MiB
srv        update:    - prompt 0xf0d350:     136 tokens, checkpoints:  0,    17.002 MiB
srv        update:    - prompt 0x118e2a0:     241 tokens, checkpoints:  0,    30.129 MiB
srv        update:    - prompt 0xfffdcc0062a0:     325 tokens, checkpoints:  0,    40.629 MiB
srv        update:    - prompt 0xfffe24005460:     363 tokens, checkpoints:  0,    45.380 MiB
srv        update:    - prompt 0xfffe1c002440:     425 tokens, checkpoints:  0,    53.131 MiB
srv        update:    - prompt 0x32284f0:     409 tokens, checkpoints:  0,    51.130 MiB
srv        update:    - prompt 0x322ece0:     412 tokens, checkpoints:  0,    51.505 MiB
srv        update:    - prompt 0x3ac8290:     418 tokens, checkpoints:  0,    52.256 MiB
srv        update:    - prompt 0x3239c10:     415 tokens, checkpoints:  0,    51.880 MiB
srv        update:    - prompt 0xf0cf10:     431 tokens, checkpoints:  0,    53.881 MiB
srv        update:    - prompt 0xee7460:     431 tokens, checkpoints:  0,    53.881 MiB
srv        update:    - prompt 0x3ae3460:     107 tokens, checkpoints:  0,    13.377 MiB
srv        update:    - prompt 0xee4950:     105 tokens, checkpoints:  0,    13.127 MiB
srv        update:    - prompt 0x439c010:     110 tokens, checkpoints:  0,    13.752 MiB
srv        update:    - prompt 0xf0d130:     116 tokens, checkpoints:  0,    14.502 MiB
srv        update:    - prompt 0xedfd90:     109 tokens, checkpoints:  0,    13.627 MiB
srv        update:    - prompt 0x3b023f0:     113 tokens, checkpoints:  0,    14.127 MiB
srv        update:    - prompt 0xee1700:     108 tokens, checkpoints:  0,    13.502 MiB
srv        update:    - prompt 0x3ac9130:     108 tokens, checkpoints:  0,    13.502 MiB
srv        update:    - prompt 0x118dfd0:     108 tokens, checkpoints:  0,    13.502 MiB
srv        update:    - prompt 0x3af6ef0:     111 tokens, checkpoints:  0,    13.877 MiB
slot update_slots: id  3 | task 7373 | new prompt, n_ctx_slot = 4096, n_keep = 0, task.n_tokens = 20
slot update_slots: id  3 | task 7373 | n_tokens = 0, memory_seq_rm [0, end)
slot init_sampler: id  3 | task 7373 | init sampler, took 0.01 ms, tokens: text = 20, total = 20
slot update_slots: id  3 | task 7373 | prompt processing done, n_tokens = 20, batch.n_tokens = 20
srv  log_server_r: done request: POST /completion 127.0.0.1 200
slot print_timing: id  3 | task 7373 | 
prompt eval time =   11284.60 ms /    20 tokens (  564.23 ms per token,     1.77 tokens per second)
       eval time =   64150.34 ms /   100 tokens (  641.50 ms per token,     1.56 tokens per second)
      total time =   75434.94 ms /   120 tokens
slot      release: id  3 | task 7373 | stop processing: n_tokens = 119, truncated = 0
srv  update_slots: all slots are idle
slot get_availabl: id  2 | task -1 | selected slot by LRU, t_last = 274546158417
srv  get_availabl: updating prompt cache
srv          load:  - looking for better prompt, base f_keep = -1.000, sim = 0.000
srv        update:  - cache state: 57 prompts, 1166.399 MiB (limits: 8192.000 MiB, 4096 tokens, 65527 est)
srv        update:    - prompt 0xf0ecd0:     106 tokens, checkpoints:  0,    13.252 MiB
srv        update:    - prompt 0x4397eb0:     107 tokens, checkpoints:  0,    13.377 MiB
srv        update:    - prompt 0x439da00:     106 tokens, checkpoints:  0,    13.252 MiB
srv        update:    - prompt 0x3219be0:     107 tokens, checkpoints:  0,    13.377 MiB
srv        update:    - prompt 0x321c6f0:     105 tokens, checkpoints:  0,    13.127 MiB
srv        update:    - prompt 0x43990c0:     110 tokens, checkpoints:  0,    13.752 MiB
srv        update:    - prompt 0x1019e50:     116 tokens, checkpoints:  0,    14.502 MiB
srv        update:    - prompt 0x118e380:     109 tokens, checkpoints:  0,    13.627 MiB
srv        update:    - prompt 0x3219110:     113 tokens, checkpoints:  0,    14.127 MiB
srv        update:    - prompt 0x321e0f0:     108 tokens, checkpoints:  0,    13.502 MiB
srv        update:    - prompt 0x4398870:     108 tokens, checkpoints:  0,    13.502 MiB
srv        update:    - prompt 0xfdafe0:     108 tokens, checkpoints:  0,    13.502 MiB
srv        update:    - prompt 0xee3170:     111 tokens, checkpoints:  0,    13.877 MiB
srv        update:    - prompt 0x11f3590:     119 tokens, checkpoints:  0,    14.877 MiB
srv        update:    - prompt 0x3222110:     123 tokens, checkpoints:  0,    15.377 MiB
srv        update:    - prompt 0x439c6b0:     131 tokens, checkpoints:  0,    16.377 MiB
srv        update:    - prompt 0x118de20:     130 tokens, checkpoints:  0,    16.252 MiB
srv        update:    - prompt 0x3ac9990:     107 tokens, checkpoints:  0,    13.377 MiB
srv        update:    - prompt 0x3ad9850:     105 tokens, checkpoints:  0,    13.127 MiB
srv        update:    - prompt 0x4398620:     110 tokens, checkpoints:  0,    13.752 MiB
srv        update:    - prompt 0xf0c4e0:     116 tokens, checkpoints:  0,    14.502 MiB
srv        update:    - prompt 0x3adea70:     109 tokens, checkpoints:  0,    13.627 MiB
srv        update:    - prompt 0x3ae5890:     113 tokens, checkpoints:  0,    14.127 MiB
srv        update:    - prompt 0x3ae41b0:     108 tokens, checkpoints:  0,    13.502 MiB
srv        update:    - prompt 0x322e190:     108 tokens, checkpoints:  0,    13.502 MiB
srv        update:    - prompt 0x3af3d70:     108 tokens, checkpoints:  0,    13.502 MiB
srv        update:    - prompt 0x3af38d0:     111 tokens, checkpoints:  0,    13.877 MiB
srv        update:    - prompt 0x438e090:     119 tokens, checkpoints:  0,    14.877 MiB
srv        update:    - prompt 0x32222d0:     123 tokens, checkpoints:  0,    15.377 MiB
srv        update:    - prompt 0x3af8fa0:     165 tokens, checkpoints:  0,    20.628 MiB
srv        update:    - prompt 0x11f26a0:     131 tokens, checkpoints:  0,    16.377 MiB
srv        update:    - prompt 0x3aeac00:     135 tokens, checkpoints:  0,    16.877 MiB
srv        update:    - prompt 0x4395330:     132 tokens, checkpoints:  0,    16.502 MiB
srv        update:    - prompt 0xf0c250:     146 tokens, checkpoints:  0,    18.252 MiB
srv        update:    - prompt 0x32191b0:     130 tokens, checkpoints:  0,    16.252 MiB
srv        update:    - prompt 0xee8ad0:     136 tokens, checkpoints:  0,    17.002 MiB
srv        update:    - prompt 0xf0d350:     136 tokens, checkpoints:  0,    17.002 MiB
srv        update:    - prompt 0x118e2a0:     241 tokens, checkpoints:  0,    30.129 MiB
srv        update:    - prompt 0xfffdcc0062a0:     325 tokens, checkpoints:  0,    40.629 MiB
srv        update:    - prompt 0xfffe24005460:     363 tokens, checkpoints:  0,    45.380 MiB
srv        update:    - prompt 0xfffe1c002440:     425 tokens, checkpoints:  0,    53.131 MiB
srv        update:    - prompt 0x32284f0:     409 tokens, checkpoints:  0,    51.130 MiB
srv        update:    - prompt 0x322ece0:     412 tokens, checkpoints:  0,    51.505 MiB
srv        update:    - prompt 0x3ac8290:     418 tokens, checkpoints:  0,    52.256 MiB
srv        update:    - prompt 0x3239c10:     415 tokens, checkpoints:  0,    51.880 MiB
srv        update:    - prompt 0xf0cf10:     431 tokens, checkpoints:  0,    53.881 MiB
srv        update:    - prompt 0xee7460:     431 tokens, checkpoints:  0,    53.881 MiB
srv        update:    - prompt 0x3ae3460:     107 tokens, checkpoints:  0,    13.377 MiB
srv        update:    - prompt 0xee4950:     105 tokens, checkpoints:  0,    13.127 MiB
srv        update:    - prompt 0x439c010:     110 tokens, checkpoints:  0,    13.752 MiB
srv        update:    - prompt 0xf0d130:     116 tokens, checkpoints:  0,    14.502 MiB
srv        update:    - prompt 0xedfd90:     109 tokens, checkpoints:  0,    13.627 MiB
srv        update:    - prompt 0x3b023f0:     113 tokens, checkpoints:  0,    14.127 MiB
srv        update:    - prompt 0xee1700:     108 tokens, checkpoints:  0,    13.502 MiB
srv        update:    - prompt 0x3ac9130:     108 tokens, checkpoints:  0,    13.502 MiB
srv        update:    - prompt 0x118dfd0:     108 tokens, checkpoints:  0,    13.502 MiB
srv        update:    - prompt 0x3af6ef0:     111 tokens, checkpoints:  0,    13.877 MiB
srv  get_availabl: prompt cache update took 0.23 ms
slot launch_slot_: id  2 | task -1 | sampler chain: logits -> ?penalties -> ?dry -> ?top-n-sigma -> top-k -> ?typical -> top-p -> min-p -> ?xtc -> temp-ext -> dist 
slot launch_slot_: id  2 | task 7474 | processing task, is_child = 0
slot slot_save_an: id  3 | task -1 | saving idle slot to prompt cache
srv   prompt_save:  - saving prompt with length 119, total state size = 14.877 MiB
slot prompt_clear: id  3 | task -1 | clearing prompt with 119 tokens
srv        update:  - cache state: 58 prompts, 1181.277 MiB (limits: 8192.000 MiB, 4096 tokens, 65527 est)
srv        update:    - prompt 0xf0ecd0:     106 tokens, checkpoints:  0,    13.252 MiB
srv        update:    - prompt 0x4397eb0:     107 tokens, checkpoints:  0,    13.377 MiB
srv        update:    - prompt 0x439da00:     106 tokens, checkpoints:  0,    13.252 MiB
srv        update:    - prompt 0x3219be0:     107 tokens, checkpoints:  0,    13.377 MiB
srv        update:    - prompt 0x321c6f0:     105 tokens, checkpoints:  0,    13.127 MiB
srv        update:    - prompt 0x43990c0:     110 tokens, checkpoints:  0,    13.752 MiB
srv        update:    - prompt 0x1019e50:     116 tokens, checkpoints:  0,    14.502 MiB
srv        update:    - prompt 0x118e380:     109 tokens, checkpoints:  0,    13.627 MiB
srv        update:    - prompt 0x3219110:     113 tokens, checkpoints:  0,    14.127 MiB
srv        update:    - prompt 0x321e0f0:     108 tokens, checkpoints:  0,    13.502 MiB
srv        update:    - prompt 0x4398870:     108 tokens, checkpoints:  0,    13.502 MiB
srv        update:    - prompt 0xfdafe0:     108 tokens, checkpoints:  0,    13.502 MiB
srv        update:    - prompt 0xee3170:     111 tokens, checkpoints:  0,    13.877 MiB
srv        update:    - prompt 0x11f3590:     119 tokens, checkpoints:  0,    14.877 MiB
srv        update:    - prompt 0x3222110:     123 tokens, checkpoints:  0,    15.377 MiB
srv        update:    - prompt 0x439c6b0:     131 tokens, checkpoints:  0,    16.377 MiB
srv        update:    - prompt 0x118de20:     130 tokens, checkpoints:  0,    16.252 MiB
srv        update:    - prompt 0x3ac9990:     107 tokens, checkpoints:  0,    13.377 MiB
srv        update:    - prompt 0x3ad9850:     105 tokens, checkpoints:  0,    13.127 MiB
srv        update:    - prompt 0x4398620:     110 tokens, checkpoints:  0,    13.752 MiB
srv        update:    - prompt 0xf0c4e0:     116 tokens, checkpoints:  0,    14.502 MiB
srv        update:    - prompt 0x3adea70:     109 tokens, checkpoints:  0,    13.627 MiB
srv        update:    - prompt 0x3ae5890:     113 tokens, checkpoints:  0,    14.127 MiB
srv        update:    - prompt 0x3ae41b0:     108 tokens, checkpoints:  0,    13.502 MiB
srv        update:    - prompt 0x322e190:     108 tokens, checkpoints:  0,    13.502 MiB
srv        update:    - prompt 0x3af3d70:     108 tokens, checkpoints:  0,    13.502 MiB
srv        update:    - prompt 0x3af38d0:     111 tokens, checkpoints:  0,    13.877 MiB
srv        update:    - prompt 0x438e090:     119 tokens, checkpoints:  0,    14.877 MiB
srv        update:    - prompt 0x32222d0:     123 tokens, checkpoints:  0,    15.377 MiB
srv        update:    - prompt 0x3af8fa0:     165 tokens, checkpoints:  0,    20.628 MiB
srv        update:    - prompt 0x11f26a0:     131 tokens, checkpoints:  0,    16.377 MiB
srv        update:    - prompt 0x3aeac00:     135 tokens, checkpoints:  0,    16.877 MiB
srv        update:    - prompt 0x4395330:     132 tokens, checkpoints:  0,    16.502 MiB
srv        update:    - prompt 0xf0c250:     146 tokens, checkpoints:  0,    18.252 MiB
srv        update:    - prompt 0x32191b0:     130 tokens, checkpoints:  0,    16.252 MiB
srv        update:    - prompt 0xee8ad0:     136 tokens, checkpoints:  0,    17.002 MiB
srv        update:    - prompt 0xf0d350:     136 tokens, checkpoints:  0,    17.002 MiB
srv        update:    - prompt 0x118e2a0:     241 tokens, checkpoints:  0,    30.129 MiB
srv        update:    - prompt 0xfffdcc0062a0:     325 tokens, checkpoints:  0,    40.629 MiB
srv        update:    - prompt 0xfffe24005460:     363 tokens, checkpoints:  0,    45.380 MiB
srv        update:    - prompt 0xfffe1c002440:     425 tokens, checkpoints:  0,    53.131 MiB
srv        update:    - prompt 0x32284f0:     409 tokens, checkpoints:  0,    51.130 MiB
srv        update:    - prompt 0x322ece0:     412 tokens, checkpoints:  0,    51.505 MiB
srv        update:    - prompt 0x3ac8290:     418 tokens, checkpoints:  0,    52.256 MiB
srv        update:    - prompt 0x3239c10:     415 tokens, checkpoints:  0,    51.880 MiB
srv        update:    - prompt 0xf0cf10:     431 tokens, checkpoints:  0,    53.881 MiB
srv        update:    - prompt 0xee7460:     431 tokens, checkpoints:  0,    53.881 MiB
srv        update:    - prompt 0x3ae3460:     107 tokens, checkpoints:  0,    13.377 MiB
srv        update:    - prompt 0xee4950:     105 tokens, checkpoints:  0,    13.127 MiB
srv        update:    - prompt 0x439c010:     110 tokens, checkpoints:  0,    13.752 MiB
srv        update:    - prompt 0xf0d130:     116 tokens, checkpoints:  0,    14.502 MiB
srv        update:    - prompt 0xedfd90:     109 tokens, checkpoints:  0,    13.627 MiB
srv        update:    - prompt 0x3b023f0:     113 tokens, checkpoints:  0,    14.127 MiB
srv        update:    - prompt 0xee1700:     108 tokens, checkpoints:  0,    13.502 MiB
srv        update:    - prompt 0x3ac9130:     108 tokens, checkpoints:  0,    13.502 MiB
srv        update:    - prompt 0x118dfd0:     108 tokens, checkpoints:  0,    13.502 MiB
srv        update:    - prompt 0x3af6ef0:     111 tokens, checkpoints:  0,    13.877 MiB
srv        update:    - prompt 0x3ac87e0:     119 tokens, checkpoints:  0,    14.877 MiB
slot update_slots: id  2 | task 7474 | new prompt, n_ctx_slot = 4096, n_keep = 0, task.n_tokens = 24
slot update_slots: id  2 | task 7474 | n_tokens = 0, memory_seq_rm [0, end)
slot init_sampler: id  2 | task 7474 | init sampler, took 0.01 ms, tokens: text = 24, total = 24
slot update_slots: id  2 | task 7474 | prompt processing done, n_tokens = 24, batch.n_tokens = 24
srv  log_server_r: done request: POST /completion 127.0.0.1 200
slot print_timing: id  2 | task 7474 | 
prompt eval time =   13522.24 ms /    24 tokens (  563.43 ms per token,     1.77 tokens per second)
       eval time =   64175.38 ms /   100 tokens (  641.75 ms per token,     1.56 tokens per second)
      total time =   77697.62 ms /   124 tokens
slot      release: id  2 | task 7474 | stop processing: n_tokens = 123, truncated = 0
srv  update_slots: all slots are idle
slot get_availabl: id  1 | task -1 | selected slot by LRU, t_last = 274827972133
srv  get_availabl: updating prompt cache
srv          load:  - looking for better prompt, base f_keep = -1.000, sim = 0.000
srv          load:  - found better prompt with f_keep = 0.400, sim = 1.000
srv        update:  - cache state: 57 prompts, 1160.649 MiB (limits: 8192.000 MiB, 4096 tokens, 65527 est)
srv        update:    - prompt 0xf0ecd0:     106 tokens, checkpoints:  0,    13.252 MiB
srv        update:    - prompt 0x4397eb0:     107 tokens, checkpoints:  0,    13.377 MiB
srv        update:    - prompt 0x439da00:     106 tokens, checkpoints:  0,    13.252 MiB
srv        update:    - prompt 0x3219be0:     107 tokens, checkpoints:  0,    13.377 MiB
srv        update:    - prompt 0x321c6f0:     105 tokens, checkpoints:  0,    13.127 MiB
srv        update:    - prompt 0x43990c0:     110 tokens, checkpoints:  0,    13.752 MiB
srv        update:    - prompt 0x1019e50:     116 tokens, checkpoints:  0,    14.502 MiB
srv        update:    - prompt 0x118e380:     109 tokens, checkpoints:  0,    13.627 MiB
srv        update:    - prompt 0x3219110:     113 tokens, checkpoints:  0,    14.127 MiB
srv        update:    - prompt 0x321e0f0:     108 tokens, checkpoints:  0,    13.502 MiB
srv        update:    - prompt 0x4398870:     108 tokens, checkpoints:  0,    13.502 MiB
srv        update:    - prompt 0xfdafe0:     108 tokens, checkpoints:  0,    13.502 MiB
srv        update:    - prompt 0xee3170:     111 tokens, checkpoints:  0,    13.877 MiB
srv        update:    - prompt 0x11f3590:     119 tokens, checkpoints:  0,    14.877 MiB
srv        update:    - prompt 0x3222110:     123 tokens, checkpoints:  0,    15.377 MiB
srv        update:    - prompt 0x439c6b0:     131 tokens, checkpoints:  0,    16.377 MiB
srv        update:    - prompt 0x118de20:     130 tokens, checkpoints:  0,    16.252 MiB
srv        update:    - prompt 0x3ac9990:     107 tokens, checkpoints:  0,    13.377 MiB
srv        update:    - prompt 0x3ad9850:     105 tokens, checkpoints:  0,    13.127 MiB
srv        update:    - prompt 0x4398620:     110 tokens, checkpoints:  0,    13.752 MiB
srv        update:    - prompt 0xf0c4e0:     116 tokens, checkpoints:  0,    14.502 MiB
srv        update:    - prompt 0x3adea70:     109 tokens, checkpoints:  0,    13.627 MiB
srv        update:    - prompt 0x3ae5890:     113 tokens, checkpoints:  0,    14.127 MiB
srv        update:    - prompt 0x3ae41b0:     108 tokens, checkpoints:  0,    13.502 MiB
srv        update:    - prompt 0x322e190:     108 tokens, checkpoints:  0,    13.502 MiB
srv        update:    - prompt 0x3af3d70:     108 tokens, checkpoints:  0,    13.502 MiB
srv        update:    - prompt 0x3af38d0:     111 tokens, checkpoints:  0,    13.877 MiB
srv        update:    - prompt 0x438e090:     119 tokens, checkpoints:  0,    14.877 MiB
srv        update:    - prompt 0x32222d0:     123 tokens, checkpoints:  0,    15.377 MiB
srv        update:    - prompt 0x11f26a0:     131 tokens, checkpoints:  0,    16.377 MiB
srv        update:    - prompt 0x3aeac00:     135 tokens, checkpoints:  0,    16.877 MiB
srv        update:    - prompt 0x4395330:     132 tokens, checkpoints:  0,    16.502 MiB
srv        update:    - prompt 0xf0c250:     146 tokens, checkpoints:  0,    18.252 MiB
srv        update:    - prompt 0x32191b0:     130 tokens, checkpoints:  0,    16.252 MiB
srv        update:    - prompt 0xee8ad0:     136 tokens, checkpoints:  0,    17.002 MiB
srv        update:    - prompt 0xf0d350:     136 tokens, checkpoints:  0,    17.002 MiB
srv        update:    - prompt 0x118e2a0:     241 tokens, checkpoints:  0,    30.129 MiB
srv        update:    - prompt 0xfffdcc0062a0:     325 tokens, checkpoints:  0,    40.629 MiB
srv        update:    - prompt 0xfffe24005460:     363 tokens, checkpoints:  0,    45.380 MiB
srv        update:    - prompt 0xfffe1c002440:     425 tokens, checkpoints:  0,    53.131 MiB
srv        update:    - prompt 0x32284f0:     409 tokens, checkpoints:  0,    51.130 MiB
srv        update:    - prompt 0x322ece0:     412 tokens, checkpoints:  0,    51.505 MiB
srv        update:    - prompt 0x3ac8290:     418 tokens, checkpoints:  0,    52.256 MiB
srv        update:    - prompt 0x3239c10:     415 tokens, checkpoints:  0,    51.880 MiB
srv        update:    - prompt 0xf0cf10:     431 tokens, checkpoints:  0,    53.881 MiB
srv        update:    - prompt 0xee7460:     431 tokens, checkpoints:  0,    53.881 MiB
srv        update:    - prompt 0x3ae3460:     107 tokens, checkpoints:  0,    13.377 MiB
srv        update:    - prompt 0xee4950:     105 tokens, checkpoints:  0,    13.127 MiB
srv        update:    - prompt 0x439c010:     110 tokens, checkpoints:  0,    13.752 MiB
srv        update:    - prompt 0xf0d130:     116 tokens, checkpoints:  0,    14.502 MiB
srv        update:    - prompt 0xedfd90:     109 tokens, checkpoints:  0,    13.627 MiB
srv        update:    - prompt 0x3b023f0:     113 tokens, checkpoints:  0,    14.127 MiB
srv        update:    - prompt 0xee1700:     108 tokens, checkpoints:  0,    13.502 MiB
srv        update:    - prompt 0x3ac9130:     108 tokens, checkpoints:  0,    13.502 MiB
srv        update:    - prompt 0x118dfd0:     108 tokens, checkpoints:  0,    13.502 MiB
srv        update:    - prompt 0x3af6ef0:     111 tokens, checkpoints:  0,    13.877 MiB
srv        update:    - prompt 0x3ac87e0:     119 tokens, checkpoints:  0,    14.877 MiB
srv  get_availabl: prompt cache update took 3.31 ms
slot launch_slot_: id  1 | task -1 | sampler chain: logits -> ?penalties -> ?dry -> ?top-n-sigma -> top-k -> ?typical -> top-p -> min-p -> ?xtc -> temp-ext -> dist 
slot launch_slot_: id  1 | task 7575 | processing task, is_child = 0
slot slot_save_an: id  2 | task -1 | saving idle slot to prompt cache
srv   prompt_save:  - saving prompt with length 123, total state size = 15.377 MiB
slot prompt_clear: id  2 | task -1 | clearing prompt with 123 tokens
srv        update:  - cache state: 58 prompts, 1176.026 MiB (limits: 8192.000 MiB, 4096 tokens, 65527 est)
srv        update:    - prompt 0xf0ecd0:     106 tokens, checkpoints:  0,    13.252 MiB
srv        update:    - prompt 0x4397eb0:     107 tokens, checkpoints:  0,    13.377 MiB
srv        update:    - prompt 0x439da00:     106 tokens, checkpoints:  0,    13.252 MiB
srv        update:    - prompt 0x3219be0:     107 tokens, checkpoints:  0,    13.377 MiB
srv        update:    - prompt 0x321c6f0:     105 tokens, checkpoints:  0,    13.127 MiB
srv        update:    - prompt 0x43990c0:     110 tokens, checkpoints:  0,    13.752 MiB
srv        update:    - prompt 0x1019e50:     116 tokens, checkpoints:  0,    14.502 MiB
srv        update:    - prompt 0x118e380:     109 tokens, checkpoints:  0,    13.627 MiB
srv        update:    - prompt 0x3219110:     113 tokens, checkpoints:  0,    14.127 MiB
srv        update:    - prompt 0x321e0f0:     108 tokens, checkpoints:  0,    13.502 MiB
srv        update:    - prompt 0x4398870:     108 tokens, checkpoints:  0,    13.502 MiB
srv        update:    - prompt 0xfdafe0:     108 tokens, checkpoints:  0,    13.502 MiB
srv        update:    - prompt 0xee3170:     111 tokens, checkpoints:  0,    13.877 MiB
srv        update:    - prompt 0x11f3590:     119 tokens, checkpoints:  0,    14.877 MiB
srv        update:    - prompt 0x3222110:     123 tokens, checkpoints:  0,    15.377 MiB
srv        update:    - prompt 0x439c6b0:     131 tokens, checkpoints:  0,    16.377 MiB
srv        update:    - prompt 0x118de20:     130 tokens, checkpoints:  0,    16.252 MiB
srv        update:    - prompt 0x3ac9990:     107 tokens, checkpoints:  0,    13.377 MiB
srv        update:    - prompt 0x3ad9850:     105 tokens, checkpoints:  0,    13.127 MiB
srv        update:    - prompt 0x4398620:     110 tokens, checkpoints:  0,    13.752 MiB
srv        update:    - prompt 0xf0c4e0:     116 tokens, checkpoints:  0,    14.502 MiB
srv        update:    - prompt 0x3adea70:     109 tokens, checkpoints:  0,    13.627 MiB
srv        update:    - prompt 0x3ae5890:     113 tokens, checkpoints:  0,    14.127 MiB
srv        update:    - prompt 0x3ae41b0:     108 tokens, checkpoints:  0,    13.502 MiB
srv        update:    - prompt 0x322e190:     108 tokens, checkpoints:  0,    13.502 MiB
srv        update:    - prompt 0x3af3d70:     108 tokens, checkpoints:  0,    13.502 MiB
srv        update:    - prompt 0x3af38d0:     111 tokens, checkpoints:  0,    13.877 MiB
srv        update:    - prompt 0x438e090:     119 tokens, checkpoints:  0,    14.877 MiB
srv        update:    - prompt 0x32222d0:     123 tokens, checkpoints:  0,    15.377 MiB
srv        update:    - prompt 0x11f26a0:     131 tokens, checkpoints:  0,    16.377 MiB
srv        update:    - prompt 0x3aeac00:     135 tokens, checkpoints:  0,    16.877 MiB
srv        update:    - prompt 0x4395330:     132 tokens, checkpoints:  0,    16.502 MiB
srv        update:    - prompt 0xf0c250:     146 tokens, checkpoints:  0,    18.252 MiB
srv        update:    - prompt 0x32191b0:     130 tokens, checkpoints:  0,    16.252 MiB
srv        update:    - prompt 0xee8ad0:     136 tokens, checkpoints:  0,    17.002 MiB
srv        update:    - prompt 0xf0d350:     136 tokens, checkpoints:  0,    17.002 MiB
srv        update:    - prompt 0x118e2a0:     241 tokens, checkpoints:  0,    30.129 MiB
srv        update:    - prompt 0xfffdcc0062a0:     325 tokens, checkpoints:  0,    40.629 MiB
srv        update:    - prompt 0xfffe24005460:     363 tokens, checkpoints:  0,    45.380 MiB
srv        update:    - prompt 0xfffe1c002440:     425 tokens, checkpoints:  0,    53.131 MiB
srv        update:    - prompt 0x32284f0:     409 tokens, checkpoints:  0,    51.130 MiB
srv        update:    - prompt 0x322ece0:     412 tokens, checkpoints:  0,    51.505 MiB
srv        update:    - prompt 0x3ac8290:     418 tokens, checkpoints:  0,    52.256 MiB
srv        update:    - prompt 0x3239c10:     415 tokens, checkpoints:  0,    51.880 MiB
srv        update:    - prompt 0xf0cf10:     431 tokens, checkpoints:  0,    53.881 MiB
srv        update:    - prompt 0xee7460:     431 tokens, checkpoints:  0,    53.881 MiB
srv        update:    - prompt 0x3ae3460:     107 tokens, checkpoints:  0,    13.377 MiB
srv        update:    - prompt 0xee4950:     105 tokens, checkpoints:  0,    13.127 MiB
srv        update:    - prompt 0x439c010:     110 tokens, checkpoints:  0,    13.752 MiB
srv        update:    - prompt 0xf0d130:     116 tokens, checkpoints:  0,    14.502 MiB
srv        update:    - prompt 0xedfd90:     109 tokens, checkpoints:  0,    13.627 MiB
srv        update:    - prompt 0x3b023f0:     113 tokens, checkpoints:  0,    14.127 MiB
srv        update:    - prompt 0xee1700:     108 tokens, checkpoints:  0,    13.502 MiB
srv        update:    - prompt 0x3ac9130:     108 tokens, checkpoints:  0,    13.502 MiB
srv        update:    - prompt 0x118dfd0:     108 tokens, checkpoints:  0,    13.502 MiB
srv        update:    - prompt 0x3af6ef0:     111 tokens, checkpoints:  0,    13.877 MiB
srv        update:    - prompt 0x3ac87e0:     119 tokens, checkpoints:  0,    14.877 MiB
srv        update:    - prompt 0x3af8fa0:     123 tokens, checkpoints:  0,    15.377 MiB
slot update_slots: id  1 | task 7575 | new prompt, n_ctx_slot = 4096, n_keep = 0, task.n_tokens = 66
slot update_slots: id  1 | task 7575 | n_tokens = 0, memory_seq_rm [0, end)
slot init_sampler: id  1 | task 7575 | init sampler, took 0.04 ms, tokens: text = 66, total = 66
slot update_slots: id  1 | task 7575 | prompt processing done, n_tokens = 66, batch.n_tokens = 66
srv  log_server_r: done request: POST /completion 127.0.0.1 200
slot print_timing: id  1 | task 7575 | 
prompt eval time =   40802.58 ms /    66 tokens (  618.22 ms per token,     1.62 tokens per second)
       eval time =   64572.50 ms /   100 tokens (  645.72 ms per token,     1.55 tokens per second)
      total time =  105375.07 ms /   166 tokens
slot      release: id  1 | task 7575 | stop processing: n_tokens = 165, truncated = 0
srv  update_slots: all slots are idle
slot get_availabl: id  0 | task -1 | selected slot by LRU, t_last = 274899407346
srv  get_availabl: updating prompt cache
srv          load:  - looking for better prompt, base f_keep = -1.000, sim = 0.000
srv        update:  - cache state: 58 prompts, 1176.026 MiB (limits: 8192.000 MiB, 4096 tokens, 65527 est)
srv        update:    - prompt 0xf0ecd0:     106 tokens, checkpoints:  0,    13.252 MiB
srv        update:    - prompt 0x4397eb0:     107 tokens, checkpoints:  0,    13.377 MiB
srv        update:    - prompt 0x439da00:     106 tokens, checkpoints:  0,    13.252 MiB
srv        update:    - prompt 0x3219be0:     107 tokens, checkpoints:  0,    13.377 MiB
srv        update:    - prompt 0x321c6f0:     105 tokens, checkpoints:  0,    13.127 MiB
srv        update:    - prompt 0x43990c0:     110 tokens, checkpoints:  0,    13.752 MiB
srv        update:    - prompt 0x1019e50:     116 tokens, checkpoints:  0,    14.502 MiB
srv        update:    - prompt 0x118e380:     109 tokens, checkpoints:  0,    13.627 MiB
srv        update:    - prompt 0x3219110:     113 tokens, checkpoints:  0,    14.127 MiB
srv        update:    - prompt 0x321e0f0:     108 tokens, checkpoints:  0,    13.502 MiB
srv        update:    - prompt 0x4398870:     108 tokens, checkpoints:  0,    13.502 MiB
srv        update:    - prompt 0xfdafe0:     108 tokens, checkpoints:  0,    13.502 MiB
srv        update:    - prompt 0xee3170:     111 tokens, checkpoints:  0,    13.877 MiB
srv        update:    - prompt 0x11f3590:     119 tokens, checkpoints:  0,    14.877 MiB
srv        update:    - prompt 0x3222110:     123 tokens, checkpoints:  0,    15.377 MiB
srv        update:    - prompt 0x439c6b0:     131 tokens, checkpoints:  0,    16.377 MiB
srv        update:    - prompt 0x118de20:     130 tokens, checkpoints:  0,    16.252 MiB
srv        update:    - prompt 0x3ac9990:     107 tokens, checkpoints:  0,    13.377 MiB
srv        update:    - prompt 0x3ad9850:     105 tokens, checkpoints:  0,    13.127 MiB
srv        update:    - prompt 0x4398620:     110 tokens, checkpoints:  0,    13.752 MiB
srv        update:    - prompt 0xf0c4e0:     116 tokens, checkpoints:  0,    14.502 MiB
srv        update:    - prompt 0x3adea70:     109 tokens, checkpoints:  0,    13.627 MiB
srv        update:    - prompt 0x3ae5890:     113 tokens, checkpoints:  0,    14.127 MiB
srv        update:    - prompt 0x3ae41b0:     108 tokens, checkpoints:  0,    13.502 MiB
srv        update:    - prompt 0x322e190:     108 tokens, checkpoints:  0,    13.502 MiB
srv        update:    - prompt 0x3af3d70:     108 tokens, checkpoints:  0,    13.502 MiB
srv        update:    - prompt 0x3af38d0:     111 tokens, checkpoints:  0,    13.877 MiB
srv        update:    - prompt 0x438e090:     119 tokens, checkpoints:  0,    14.877 MiB
srv        update:    - prompt 0x32222d0:     123 tokens, checkpoints:  0,    15.377 MiB
srv        update:    - prompt 0x11f26a0:     131 tokens, checkpoints:  0,    16.377 MiB
srv        update:    - prompt 0x3aeac00:     135 tokens, checkpoints:  0,    16.877 MiB
srv        update:    - prompt 0x4395330:     132 tokens, checkpoints:  0,    16.502 MiB
srv        update:    - prompt 0xf0c250:     146 tokens, checkpoints:  0,    18.252 MiB
srv        update:    - prompt 0x32191b0:     130 tokens, checkpoints:  0,    16.252 MiB
srv        update:    - prompt 0xee8ad0:     136 tokens, checkpoints:  0,    17.002 MiB
srv        update:    - prompt 0xf0d350:     136 tokens, checkpoints:  0,    17.002 MiB
srv        update:    - prompt 0x118e2a0:     241 tokens, checkpoints:  0,    30.129 MiB
srv        update:    - prompt 0xfffdcc0062a0:     325 tokens, checkpoints:  0,    40.629 MiB
srv        update:    - prompt 0xfffe24005460:     363 tokens, checkpoints:  0,    45.380 MiB
srv        update:    - prompt 0xfffe1c002440:     425 tokens, checkpoints:  0,    53.131 MiB
srv        update:    - prompt 0x32284f0:     409 tokens, checkpoints:  0,    51.130 MiB
srv        update:    - prompt 0x322ece0:     412 tokens, checkpoints:  0,    51.505 MiB
srv        update:    - prompt 0x3ac8290:     418 tokens, checkpoints:  0,    52.256 MiB
srv        update:    - prompt 0x3239c10:     415 tokens, checkpoints:  0,    51.880 MiB
srv        update:    - prompt 0xf0cf10:     431 tokens, checkpoints:  0,    53.881 MiB
srv        update:    - prompt 0xee7460:     431 tokens, checkpoints:  0,    53.881 MiB
srv        update:    - prompt 0x3ae3460:     107 tokens, checkpoints:  0,    13.377 MiB
srv        update:    - prompt 0xee4950:     105 tokens, checkpoints:  0,    13.127 MiB
srv        update:    - prompt 0x439c010:     110 tokens, checkpoints:  0,    13.752 MiB
srv        update:    - prompt 0xf0d130:     116 tokens, checkpoints:  0,    14.502 MiB
srv        update:    - prompt 0xedfd90:     109 tokens, checkpoints:  0,    13.627 MiB
srv        update:    - prompt 0x3b023f0:     113 tokens, checkpoints:  0,    14.127 MiB
srv        update:    - prompt 0xee1700:     108 tokens, checkpoints:  0,    13.502 MiB
srv        update:    - prompt 0x3ac9130:     108 tokens, checkpoints:  0,    13.502 MiB
srv        update:    - prompt 0x118dfd0:     108 tokens, checkpoints:  0,    13.502 MiB
srv        update:    - prompt 0x3af6ef0:     111 tokens, checkpoints:  0,    13.877 MiB
srv        update:    - prompt 0x3ac87e0:     119 tokens, checkpoints:  0,    14.877 MiB
srv        update:    - prompt 0x3af8fa0:     123 tokens, checkpoints:  0,    15.377 MiB
srv  get_availabl: prompt cache update took 0.25 ms
slot launch_slot_: id  0 | task -1 | sampler chain: logits -> ?penalties -> ?dry -> ?top-n-sigma -> top-k -> ?typical -> top-p -> min-p -> ?xtc -> temp-ext -> dist 
slot launch_slot_: id  0 | task 7676 | processing task, is_child = 0
slot slot_save_an: id  1 | task -1 | saving idle slot to prompt cache
srv   prompt_save:  - saving prompt with length 165, total state size = 20.628 MiB
slot prompt_clear: id  1 | task -1 | clearing prompt with 165 tokens
srv        update:  - cache state: 59 prompts, 1196.654 MiB (limits: 8192.000 MiB, 4096 tokens, 65527 est)
srv        update:    - prompt 0xf0ecd0:     106 tokens, checkpoints:  0,    13.252 MiB
srv        update:    - prompt 0x4397eb0:     107 tokens, checkpoints:  0,    13.377 MiB
srv        update:    - prompt 0x439da00:     106 tokens, checkpoints:  0,    13.252 MiB
srv        update:    - prompt 0x3219be0:     107 tokens, checkpoints:  0,    13.377 MiB
srv        update:    - prompt 0x321c6f0:     105 tokens, checkpoints:  0,    13.127 MiB
srv        update:    - prompt 0x43990c0:     110 tokens, checkpoints:  0,    13.752 MiB
srv        update:    - prompt 0x1019e50:     116 tokens, checkpoints:  0,    14.502 MiB
srv        update:    - prompt 0x118e380:     109 tokens, checkpoints:  0,    13.627 MiB
srv        update:    - prompt 0x3219110:     113 tokens, checkpoints:  0,    14.127 MiB
srv        update:    - prompt 0x321e0f0:     108 tokens, checkpoints:  0,    13.502 MiB
srv        update:    - prompt 0x4398870:     108 tokens, checkpoints:  0,    13.502 MiB
srv        update:    - prompt 0xfdafe0:     108 tokens, checkpoints:  0,    13.502 MiB
srv        update:    - prompt 0xee3170:     111 tokens, checkpoints:  0,    13.877 MiB
srv        update:    - prompt 0x11f3590:     119 tokens, checkpoints:  0,    14.877 MiB
srv        update:    - prompt 0x3222110:     123 tokens, checkpoints:  0,    15.377 MiB
srv        update:    - prompt 0x439c6b0:     131 tokens, checkpoints:  0,    16.377 MiB
srv        update:    - prompt 0x118de20:     130 tokens, checkpoints:  0,    16.252 MiB
srv        update:    - prompt 0x3ac9990:     107 tokens, checkpoints:  0,    13.377 MiB
srv        update:    - prompt 0x3ad9850:     105 tokens, checkpoints:  0,    13.127 MiB
srv        update:    - prompt 0x4398620:     110 tokens, checkpoints:  0,    13.752 MiB
srv        update:    - prompt 0xf0c4e0:     116 tokens, checkpoints:  0,    14.502 MiB
srv        update:    - prompt 0x3adea70:     109 tokens, checkpoints:  0,    13.627 MiB
srv        update:    - prompt 0x3ae5890:     113 tokens, checkpoints:  0,    14.127 MiB
srv        update:    - prompt 0x3ae41b0:     108 tokens, checkpoints:  0,    13.502 MiB
srv        update:    - prompt 0x322e190:     108 tokens, checkpoints:  0,    13.502 MiB
srv        update:    - prompt 0x3af3d70:     108 tokens, checkpoints:  0,    13.502 MiB
srv        update:    - prompt 0x3af38d0:     111 tokens, checkpoints:  0,    13.877 MiB
srv        update:    - prompt 0x438e090:     119 tokens, checkpoints:  0,    14.877 MiB
srv        update:    - prompt 0x32222d0:     123 tokens, checkpoints:  0,    15.377 MiB
srv        update:    - prompt 0x11f26a0:     131 tokens, checkpoints:  0,    16.377 MiB
srv        update:    - prompt 0x3aeac00:     135 tokens, checkpoints:  0,    16.877 MiB
srv        update:    - prompt 0x4395330:     132 tokens, checkpoints:  0,    16.502 MiB
srv        update:    - prompt 0xf0c250:     146 tokens, checkpoints:  0,    18.252 MiB
srv        update:    - prompt 0x32191b0:     130 tokens, checkpoints:  0,    16.252 MiB
srv        update:    - prompt 0xee8ad0:     136 tokens, checkpoints:  0,    17.002 MiB
srv        update:    - prompt 0xf0d350:     136 tokens, checkpoints:  0,    17.002 MiB
srv        update:    - prompt 0x118e2a0:     241 tokens, checkpoints:  0,    30.129 MiB
srv        update:    - prompt 0xfffdcc0062a0:     325 tokens, checkpoints:  0,    40.629 MiB
srv        update:    - prompt 0xfffe24005460:     363 tokens, checkpoints:  0,    45.380 MiB
srv        update:    - prompt 0xfffe1c002440:     425 tokens, checkpoints:  0,    53.131 MiB
srv        update:    - prompt 0x32284f0:     409 tokens, checkpoints:  0,    51.130 MiB
srv        update:    - prompt 0x322ece0:     412 tokens, checkpoints:  0,    51.505 MiB
srv        update:    - prompt 0x3ac8290:     418 tokens, checkpoints:  0,    52.256 MiB
srv        update:    - prompt 0x3239c10:     415 tokens, checkpoints:  0,    51.880 MiB
srv        update:    - prompt 0xf0cf10:     431 tokens, checkpoints:  0,    53.881 MiB
srv        update:    - prompt 0xee7460:     431 tokens, checkpoints:  0,    53.881 MiB
srv        update:    - prompt 0x3ae3460:     107 tokens, checkpoints:  0,    13.377 MiB
srv        update:    - prompt 0xee4950:     105 tokens, checkpoints:  0,    13.127 MiB
srv        update:    - prompt 0x439c010:     110 tokens, checkpoints:  0,    13.752 MiB
srv        update:    - prompt 0xf0d130:     116 tokens, checkpoints:  0,    14.502 MiB
srv        update:    - prompt 0xedfd90:     109 tokens, checkpoints:  0,    13.627 MiB
srv        update:    - prompt 0x3b023f0:     113 tokens, checkpoints:  0,    14.127 MiB
srv        update:    - prompt 0xee1700:     108 tokens, checkpoints:  0,    13.502 MiB
srv        update:    - prompt 0x3ac9130:     108 tokens, checkpoints:  0,    13.502 MiB
srv        update:    - prompt 0x118dfd0:     108 tokens, checkpoints:  0,    13.502 MiB
srv        update:    - prompt 0x3af6ef0:     111 tokens, checkpoints:  0,    13.877 MiB
srv        update:    - prompt 0x3ac87e0:     119 tokens, checkpoints:  0,    14.877 MiB
srv        update:    - prompt 0x3af8fa0:     123 tokens, checkpoints:  0,    15.377 MiB
srv        update:    - prompt 0x1198470:     165 tokens, checkpoints:  0,    20.628 MiB
slot update_slots: id  0 | task 7676 | new prompt, n_ctx_slot = 4096, n_keep = 0, task.n_tokens = 32
slot update_slots: id  0 | task 7676 | n_tokens = 0, memory_seq_rm [0, end)
slot init_sampler: id  0 | task 7676 | init sampler, took 0.02 ms, tokens: text = 32, total = 32
slot update_slots: id  0 | task 7676 | prompt processing done, n_tokens = 32, batch.n_tokens = 32
srv  log_server_r: done request: POST /completion 127.0.0.1 200
slot print_timing: id  0 | task 7676 | 
prompt eval time =   17997.49 ms /    32 tokens (  562.42 ms per token,     1.78 tokens per second)
       eval time =   64247.46 ms /   100 tokens (  642.47 ms per token,     1.56 tokens per second)
      total time =   82244.96 ms /   132 tokens
slot      release: id  0 | task 7676 | stop processing: n_tokens = 131, truncated = 0
srv  update_slots: all slots are idle
slot get_availabl: id  3 | task -1 | selected slot by LRU, t_last = 274975456849
srv  get_availabl: updating prompt cache
srv          load:  - looking for better prompt, base f_keep = -1.000, sim = 0.000
srv          load:  - found better prompt with f_keep = 0.267, sim = 1.000
srv        update:  - cache state: 58 prompts, 1179.776 MiB (limits: 8192.000 MiB, 4096 tokens, 65527 est)
srv        update:    - prompt 0xf0ecd0:     106 tokens, checkpoints:  0,    13.252 MiB
srv        update:    - prompt 0x4397eb0:     107 tokens, checkpoints:  0,    13.377 MiB
srv        update:    - prompt 0x439da00:     106 tokens, checkpoints:  0,    13.252 MiB
srv        update:    - prompt 0x3219be0:     107 tokens, checkpoints:  0,    13.377 MiB
srv        update:    - prompt 0x321c6f0:     105 tokens, checkpoints:  0,    13.127 MiB
srv        update:    - prompt 0x43990c0:     110 tokens, checkpoints:  0,    13.752 MiB
srv        update:    - prompt 0x1019e50:     116 tokens, checkpoints:  0,    14.502 MiB
srv        update:    - prompt 0x118e380:     109 tokens, checkpoints:  0,    13.627 MiB
srv        update:    - prompt 0x3219110:     113 tokens, checkpoints:  0,    14.127 MiB
srv        update:    - prompt 0x321e0f0:     108 tokens, checkpoints:  0,    13.502 MiB
srv        update:    - prompt 0x4398870:     108 tokens, checkpoints:  0,    13.502 MiB
srv        update:    - prompt 0xfdafe0:     108 tokens, checkpoints:  0,    13.502 MiB
srv        update:    - prompt 0xee3170:     111 tokens, checkpoints:  0,    13.877 MiB
srv        update:    - prompt 0x11f3590:     119 tokens, checkpoints:  0,    14.877 MiB
srv        update:    - prompt 0x3222110:     123 tokens, checkpoints:  0,    15.377 MiB
srv        update:    - prompt 0x439c6b0:     131 tokens, checkpoints:  0,    16.377 MiB
srv        update:    - prompt 0x118de20:     130 tokens, checkpoints:  0,    16.252 MiB
srv        update:    - prompt 0x3ac9990:     107 tokens, checkpoints:  0,    13.377 MiB
srv        update:    - prompt 0x3ad9850:     105 tokens, checkpoints:  0,    13.127 MiB
srv        update:    - prompt 0x4398620:     110 tokens, checkpoints:  0,    13.752 MiB
srv        update:    - prompt 0xf0c4e0:     116 tokens, checkpoints:  0,    14.502 MiB
srv        update:    - prompt 0x3adea70:     109 tokens, checkpoints:  0,    13.627 MiB
srv        update:    - prompt 0x3ae5890:     113 tokens, checkpoints:  0,    14.127 MiB
srv        update:    - prompt 0x3ae41b0:     108 tokens, checkpoints:  0,    13.502 MiB
srv        update:    - prompt 0x322e190:     108 tokens, checkpoints:  0,    13.502 MiB
srv        update:    - prompt 0x3af3d70:     108 tokens, checkpoints:  0,    13.502 MiB
srv        update:    - prompt 0x3af38d0:     111 tokens, checkpoints:  0,    13.877 MiB
srv        update:    - prompt 0x438e090:     119 tokens, checkpoints:  0,    14.877 MiB
srv        update:    - prompt 0x32222d0:     123 tokens, checkpoints:  0,    15.377 MiB
srv        update:    - prompt 0x11f26a0:     131 tokens, checkpoints:  0,    16.377 MiB
srv        update:    - prompt 0x4395330:     132 tokens, checkpoints:  0,    16.502 MiB
srv        update:    - prompt 0xf0c250:     146 tokens, checkpoints:  0,    18.252 MiB
srv        update:    - prompt 0x32191b0:     130 tokens, checkpoints:  0,    16.252 MiB
srv        update:    - prompt 0xee8ad0:     136 tokens, checkpoints:  0,    17.002 MiB
srv        update:    - prompt 0xf0d350:     136 tokens, checkpoints:  0,    17.002 MiB
srv        update:    - prompt 0x118e2a0:     241 tokens, checkpoints:  0,    30.129 MiB
srv        update:    - prompt 0xfffdcc0062a0:     325 tokens, checkpoints:  0,    40.629 MiB
srv        update:    - prompt 0xfffe24005460:     363 tokens, checkpoints:  0,    45.380 MiB
srv        update:    - prompt 0xfffe1c002440:     425 tokens, checkpoints:  0,    53.131 MiB
srv        update:    - prompt 0x32284f0:     409 tokens, checkpoints:  0,    51.130 MiB
srv        update:    - prompt 0x322ece0:     412 tokens, checkpoints:  0,    51.505 MiB
srv        update:    - prompt 0x3ac8290:     418 tokens, checkpoints:  0,    52.256 MiB
srv        update:    - prompt 0x3239c10:     415 tokens, checkpoints:  0,    51.880 MiB
srv        update:    - prompt 0xf0cf10:     431 tokens, checkpoints:  0,    53.881 MiB
srv        update:    - prompt 0xee7460:     431 tokens, checkpoints:  0,    53.881 MiB
srv        update:    - prompt 0x3ae3460:     107 tokens, checkpoints:  0,    13.377 MiB
srv        update:    - prompt 0xee4950:     105 tokens, checkpoints:  0,    13.127 MiB
srv        update:    - prompt 0x439c010:     110 tokens, checkpoints:  0,    13.752 MiB
srv        update:    - prompt 0xf0d130:     116 tokens, checkpoints:  0,    14.502 MiB
srv        update:    - prompt 0xedfd90:     109 tokens, checkpoints:  0,    13.627 MiB
srv        update:    - prompt 0x3b023f0:     113 tokens, checkpoints:  0,    14.127 MiB
srv        update:    - prompt 0xee1700:     108 tokens, checkpoints:  0,    13.502 MiB
srv        update:    - prompt 0x3ac9130:     108 tokens, checkpoints:  0,    13.502 MiB
srv        update:    - prompt 0x118dfd0:     108 tokens, checkpoints:  0,    13.502 MiB
srv        update:    - prompt 0x3af6ef0:     111 tokens, checkpoints:  0,    13.877 MiB
srv        update:    - prompt 0x3ac87e0:     119 tokens, checkpoints:  0,    14.877 MiB
srv        update:    - prompt 0x3af8fa0:     123 tokens, checkpoints:  0,    15.377 MiB
srv        update:    - prompt 0x1198470:     165 tokens, checkpoints:  0,    20.628 MiB
srv  get_availabl: prompt cache update took 3.02 ms
slot launch_slot_: id  3 | task -1 | sampler chain: logits -> ?penalties -> ?dry -> ?top-n-sigma -> top-k -> ?typical -> top-p -> min-p -> ?xtc -> temp-ext -> dist 
slot launch_slot_: id  3 | task 7777 | processing task, is_child = 0
slot slot_save_an: id  0 | task -1 | saving idle slot to prompt cache
srv   prompt_save:  - saving prompt with length 131, total state size = 16.377 MiB
slot prompt_clear: id  0 | task -1 | clearing prompt with 131 tokens
srv        update:  - cache state: 59 prompts, 1196.154 MiB (limits: 8192.000 MiB, 4096 tokens, 65527 est)
srv        update:    - prompt 0xf0ecd0:     106 tokens, checkpoints:  0,    13.252 MiB
srv        update:    - prompt 0x4397eb0:     107 tokens, checkpoints:  0,    13.377 MiB
srv        update:    - prompt 0x439da00:     106 tokens, checkpoints:  0,    13.252 MiB
srv        update:    - prompt 0x3219be0:     107 tokens, checkpoints:  0,    13.377 MiB
srv        update:    - prompt 0x321c6f0:     105 tokens, checkpoints:  0,    13.127 MiB
srv        update:    - prompt 0x43990c0:     110 tokens, checkpoints:  0,    13.752 MiB
srv        update:    - prompt 0x1019e50:     116 tokens, checkpoints:  0,    14.502 MiB
srv        update:    - prompt 0x118e380:     109 tokens, checkpoints:  0,    13.627 MiB
srv        update:    - prompt 0x3219110:     113 tokens, checkpoints:  0,    14.127 MiB
srv        update:    - prompt 0x321e0f0:     108 tokens, checkpoints:  0,    13.502 MiB
srv        update:    - prompt 0x4398870:     108 tokens, checkpoints:  0,    13.502 MiB
srv        update:    - prompt 0xfdafe0:     108 tokens, checkpoints:  0,    13.502 MiB
srv        update:    - prompt 0xee3170:     111 tokens, checkpoints:  0,    13.877 MiB
srv        update:    - prompt 0x11f3590:     119 tokens, checkpoints:  0,    14.877 MiB
srv        update:    - prompt 0x3222110:     123 tokens, checkpoints:  0,    15.377 MiB
srv        update:    - prompt 0x439c6b0:     131 tokens, checkpoints:  0,    16.377 MiB
srv        update:    - prompt 0x118de20:     130 tokens, checkpoints:  0,    16.252 MiB
srv        update:    - prompt 0x3ac9990:     107 tokens, checkpoints:  0,    13.377 MiB
srv        update:    - prompt 0x3ad9850:     105 tokens, checkpoints:  0,    13.127 MiB
srv        update:    - prompt 0x4398620:     110 tokens, checkpoints:  0,    13.752 MiB
srv        update:    - prompt 0xf0c4e0:     116 tokens, checkpoints:  0,    14.502 MiB
srv        update:    - prompt 0x3adea70:     109 tokens, checkpoints:  0,    13.627 MiB
srv        update:    - prompt 0x3ae5890:     113 tokens, checkpoints:  0,    14.127 MiB
srv        update:    - prompt 0x3ae41b0:     108 tokens, checkpoints:  0,    13.502 MiB
srv        update:    - prompt 0x322e190:     108 tokens, checkpoints:  0,    13.502 MiB
srv        update:    - prompt 0x3af3d70:     108 tokens, checkpoints:  0,    13.502 MiB
srv        update:    - prompt 0x3af38d0:     111 tokens, checkpoints:  0,    13.877 MiB
srv        update:    - prompt 0x438e090:     119 tokens, checkpoints:  0,    14.877 MiB
srv        update:    - prompt 0x32222d0:     123 tokens, checkpoints:  0,    15.377 MiB
srv        update:    - prompt 0x11f26a0:     131 tokens, checkpoints:  0,    16.377 MiB
srv        update:    - prompt 0x4395330:     132 tokens, checkpoints:  0,    16.502 MiB
srv        update:    - prompt 0xf0c250:     146 tokens, checkpoints:  0,    18.252 MiB
srv        update:    - prompt 0x32191b0:     130 tokens, checkpoints:  0,    16.252 MiB
srv        update:    - prompt 0xee8ad0:     136 tokens, checkpoints:  0,    17.002 MiB
srv        update:    - prompt 0xf0d350:     136 tokens, checkpoints:  0,    17.002 MiB
srv        update:    - prompt 0x118e2a0:     241 tokens, checkpoints:  0,    30.129 MiB
srv        update:    - prompt 0xfffdcc0062a0:     325 tokens, checkpoints:  0,    40.629 MiB
srv        update:    - prompt 0xfffe24005460:     363 tokens, checkpoints:  0,    45.380 MiB
srv        update:    - prompt 0xfffe1c002440:     425 tokens, checkpoints:  0,    53.131 MiB
srv        update:    - prompt 0x32284f0:     409 tokens, checkpoints:  0,    51.130 MiB
srv        update:    - prompt 0x322ece0:     412 tokens, checkpoints:  0,    51.505 MiB
srv        update:    - prompt 0x3ac8290:     418 tokens, checkpoints:  0,    52.256 MiB
srv        update:    - prompt 0x3239c10:     415 tokens, checkpoints:  0,    51.880 MiB
srv        update:    - prompt 0xf0cf10:     431 tokens, checkpoints:  0,    53.881 MiB
srv        update:    - prompt 0xee7460:     431 tokens, checkpoints:  0,    53.881 MiB
srv        update:    - prompt 0x3ae3460:     107 tokens, checkpoints:  0,    13.377 MiB
srv        update:    - prompt 0xee4950:     105 tokens, checkpoints:  0,    13.127 MiB
srv        update:    - prompt 0x439c010:     110 tokens, checkpoints:  0,    13.752 MiB
srv        update:    - prompt 0xf0d130:     116 tokens, checkpoints:  0,    14.502 MiB
srv        update:    - prompt 0xedfd90:     109 tokens, checkpoints:  0,    13.627 MiB
srv        update:    - prompt 0x3b023f0:     113 tokens, checkpoints:  0,    14.127 MiB
srv        update:    - prompt 0xee1700:     108 tokens, checkpoints:  0,    13.502 MiB
srv        update:    - prompt 0x3ac9130:     108 tokens, checkpoints:  0,    13.502 MiB
srv        update:    - prompt 0x118dfd0:     108 tokens, checkpoints:  0,    13.502 MiB
srv        update:    - prompt 0x3af6ef0:     111 tokens, checkpoints:  0,    13.877 MiB
srv        update:    - prompt 0x3ac87e0:     119 tokens, checkpoints:  0,    14.877 MiB
srv        update:    - prompt 0x3af8fa0:     123 tokens, checkpoints:  0,    15.377 MiB
srv        update:    - prompt 0x1198470:     165 tokens, checkpoints:  0,    20.628 MiB
srv        update:    - prompt 0x3aeac00:     131 tokens, checkpoints:  0,    16.377 MiB
slot update_slots: id  3 | task 7777 | new prompt, n_ctx_slot = 4096, n_keep = 0, task.n_tokens = 36
slot update_slots: id  3 | task 7777 | n_tokens = 0, memory_seq_rm [0, end)
slot init_sampler: id  3 | task 7777 | init sampler, took 0.02 ms, tokens: text = 36, total = 36
slot update_slots: id  3 | task 7777 | prompt processing done, n_tokens = 36, batch.n_tokens = 36
srv  log_server_r: done request: POST /completion 127.0.0.1 200
slot print_timing: id  3 | task 7777 | 
prompt eval time =   20258.57 ms /    36 tokens (  562.74 ms per token,     1.78 tokens per second)
       eval time =   64305.68 ms /   100 tokens (  643.06 ms per token,     1.56 tokens per second)
      total time =   84564.25 ms /   136 tokens
slot      release: id  3 | task 7777 | stop processing: n_tokens = 135, truncated = 0
srv  update_slots: all slots are idle
slot get_availabl: id  2 | task -1 | selected slot by LRU, t_last = 275053736672
srv  get_availabl: updating prompt cache
srv          load:  - looking for better prompt, base f_keep = -1.000, sim = 0.000
srv          load:  - found better prompt with f_keep = 0.250, sim = 1.000
srv        update:  - cache state: 58 prompts, 1179.651 MiB (limits: 8192.000 MiB, 4096 tokens, 65527 est)
srv        update:    - prompt 0xf0ecd0:     106 tokens, checkpoints:  0,    13.252 MiB
srv        update:    - prompt 0x4397eb0:     107 tokens, checkpoints:  0,    13.377 MiB
srv        update:    - prompt 0x439da00:     106 tokens, checkpoints:  0,    13.252 MiB
srv        update:    - prompt 0x3219be0:     107 tokens, checkpoints:  0,    13.377 MiB
srv        update:    - prompt 0x321c6f0:     105 tokens, checkpoints:  0,    13.127 MiB
srv        update:    - prompt 0x43990c0:     110 tokens, checkpoints:  0,    13.752 MiB
srv        update:    - prompt 0x1019e50:     116 tokens, checkpoints:  0,    14.502 MiB
srv        update:    - prompt 0x118e380:     109 tokens, checkpoints:  0,    13.627 MiB
srv        update:    - prompt 0x3219110:     113 tokens, checkpoints:  0,    14.127 MiB
srv        update:    - prompt 0x321e0f0:     108 tokens, checkpoints:  0,    13.502 MiB
srv        update:    - prompt 0x4398870:     108 tokens, checkpoints:  0,    13.502 MiB
srv        update:    - prompt 0xfdafe0:     108 tokens, checkpoints:  0,    13.502 MiB
srv        update:    - prompt 0xee3170:     111 tokens, checkpoints:  0,    13.877 MiB
srv        update:    - prompt 0x11f3590:     119 tokens, checkpoints:  0,    14.877 MiB
srv        update:    - prompt 0x3222110:     123 tokens, checkpoints:  0,    15.377 MiB
srv        update:    - prompt 0x439c6b0:     131 tokens, checkpoints:  0,    16.377 MiB
srv        update:    - prompt 0x118de20:     130 tokens, checkpoints:  0,    16.252 MiB
srv        update:    - prompt 0x3ac9990:     107 tokens, checkpoints:  0,    13.377 MiB
srv        update:    - prompt 0x3ad9850:     105 tokens, checkpoints:  0,    13.127 MiB
srv        update:    - prompt 0x4398620:     110 tokens, checkpoints:  0,    13.752 MiB
srv        update:    - prompt 0xf0c4e0:     116 tokens, checkpoints:  0,    14.502 MiB
srv        update:    - prompt 0x3adea70:     109 tokens, checkpoints:  0,    13.627 MiB
srv        update:    - prompt 0x3ae5890:     113 tokens, checkpoints:  0,    14.127 MiB
srv        update:    - prompt 0x3ae41b0:     108 tokens, checkpoints:  0,    13.502 MiB
srv        update:    - prompt 0x322e190:     108 tokens, checkpoints:  0,    13.502 MiB
srv        update:    - prompt 0x3af3d70:     108 tokens, checkpoints:  0,    13.502 MiB
srv        update:    - prompt 0x3af38d0:     111 tokens, checkpoints:  0,    13.877 MiB
srv        update:    - prompt 0x438e090:     119 tokens, checkpoints:  0,    14.877 MiB
srv        update:    - prompt 0x32222d0:     123 tokens, checkpoints:  0,    15.377 MiB
srv        update:    - prompt 0x11f26a0:     131 tokens, checkpoints:  0,    16.377 MiB
srv        update:    - prompt 0xf0c250:     146 tokens, checkpoints:  0,    18.252 MiB
srv        update:    - prompt 0x32191b0:     130 tokens, checkpoints:  0,    16.252 MiB
srv        update:    - prompt 0xee8ad0:     136 tokens, checkpoints:  0,    17.002 MiB
srv        update:    - prompt 0xf0d350:     136 tokens, checkpoints:  0,    17.002 MiB
srv        update:    - prompt 0x118e2a0:     241 tokens, checkpoints:  0,    30.129 MiB
srv        update:    - prompt 0xfffdcc0062a0:     325 tokens, checkpoints:  0,    40.629 MiB
srv        update:    - prompt 0xfffe24005460:     363 tokens, checkpoints:  0,    45.380 MiB
srv        update:    - prompt 0xfffe1c002440:     425 tokens, checkpoints:  0,    53.131 MiB
srv        update:    - prompt 0x32284f0:     409 tokens, checkpoints:  0,    51.130 MiB
srv        update:    - prompt 0x322ece0:     412 tokens, checkpoints:  0,    51.505 MiB
srv        update:    - prompt 0x3ac8290:     418 tokens, checkpoints:  0,    52.256 MiB
srv        update:    - prompt 0x3239c10:     415 tokens, checkpoints:  0,    51.880 MiB
srv        update:    - prompt 0xf0cf10:     431 tokens, checkpoints:  0,    53.881 MiB
srv        update:    - prompt 0xee7460:     431 tokens, checkpoints:  0,    53.881 MiB
srv        update:    - prompt 0x3ae3460:     107 tokens, checkpoints:  0,    13.377 MiB
srv        update:    - prompt 0xee4950:     105 tokens, checkpoints:  0,    13.127 MiB
srv        update:    - prompt 0x439c010:     110 tokens, checkpoints:  0,    13.752 MiB
srv        update:    - prompt 0xf0d130:     116 tokens, checkpoints:  0,    14.502 MiB
srv        update:    - prompt 0xedfd90:     109 tokens, checkpoints:  0,    13.627 MiB
srv        update:    - prompt 0x3b023f0:     113 tokens, checkpoints:  0,    14.127 MiB
srv        update:    - prompt 0xee1700:     108 tokens, checkpoints:  0,    13.502 MiB
srv        update:    - prompt 0x3ac9130:     108 tokens, checkpoints:  0,    13.502 MiB
srv        update:    - prompt 0x118dfd0:     108 tokens, checkpoints:  0,    13.502 MiB
srv        update:    - prompt 0x3af6ef0:     111 tokens, checkpoints:  0,    13.877 MiB
srv        update:    - prompt 0x3ac87e0:     119 tokens, checkpoints:  0,    14.877 MiB
srv        update:    - prompt 0x3af8fa0:     123 tokens, checkpoints:  0,    15.377 MiB
srv        update:    - prompt 0x1198470:     165 tokens, checkpoints:  0,    20.628 MiB
srv        update:    - prompt 0x3aeac00:     131 tokens, checkpoints:  0,    16.377 MiB
srv  get_availabl: prompt cache update took 2.87 ms
slot launch_slot_: id  2 | task -1 | sampler chain: logits -> ?penalties -> ?dry -> ?top-n-sigma -> top-k -> ?typical -> top-p -> min-p -> ?xtc -> temp-ext -> dist 
slot launch_slot_: id  2 | task 7878 | processing task, is_child = 0
slot slot_save_an: id  3 | task -1 | saving idle slot to prompt cache
srv   prompt_save:  - saving prompt with length 135, total state size = 16.877 MiB
slot prompt_clear: id  3 | task -1 | clearing prompt with 135 tokens
srv        update:  - cache state: 59 prompts, 1196.529 MiB (limits: 8192.000 MiB, 4096 tokens, 65527 est)
srv        update:    - prompt 0xf0ecd0:     106 tokens, checkpoints:  0,    13.252 MiB
srv        update:    - prompt 0x4397eb0:     107 tokens, checkpoints:  0,    13.377 MiB
srv        update:    - prompt 0x439da00:     106 tokens, checkpoints:  0,    13.252 MiB
srv        update:    - prompt 0x3219be0:     107 tokens, checkpoints:  0,    13.377 MiB
srv        update:    - prompt 0x321c6f0:     105 tokens, checkpoints:  0,    13.127 MiB
srv        update:    - prompt 0x43990c0:     110 tokens, checkpoints:  0,    13.752 MiB
srv        update:    - prompt 0x1019e50:     116 tokens, checkpoints:  0,    14.502 MiB
srv        update:    - prompt 0x118e380:     109 tokens, checkpoints:  0,    13.627 MiB
srv        update:    - prompt 0x3219110:     113 tokens, checkpoints:  0,    14.127 MiB
srv        update:    - prompt 0x321e0f0:     108 tokens, checkpoints:  0,    13.502 MiB
srv        update:    - prompt 0x4398870:     108 tokens, checkpoints:  0,    13.502 MiB
srv        update:    - prompt 0xfdafe0:     108 tokens, checkpoints:  0,    13.502 MiB
srv        update:    - prompt 0xee3170:     111 tokens, checkpoints:  0,    13.877 MiB
srv        update:    - prompt 0x11f3590:     119 tokens, checkpoints:  0,    14.877 MiB
srv        update:    - prompt 0x3222110:     123 tokens, checkpoints:  0,    15.377 MiB
srv        update:    - prompt 0x439c6b0:     131 tokens, checkpoints:  0,    16.377 MiB
srv        update:    - prompt 0x118de20:     130 tokens, checkpoints:  0,    16.252 MiB
srv        update:    - prompt 0x3ac9990:     107 tokens, checkpoints:  0,    13.377 MiB
srv        update:    - prompt 0x3ad9850:     105 tokens, checkpoints:  0,    13.127 MiB
srv        update:    - prompt 0x4398620:     110 tokens, checkpoints:  0,    13.752 MiB
srv        update:    - prompt 0xf0c4e0:     116 tokens, checkpoints:  0,    14.502 MiB
srv        update:    - prompt 0x3adea70:     109 tokens, checkpoints:  0,    13.627 MiB
srv        update:    - prompt 0x3ae5890:     113 tokens, checkpoints:  0,    14.127 MiB
srv        update:    - prompt 0x3ae41b0:     108 tokens, checkpoints:  0,    13.502 MiB
srv        update:    - prompt 0x322e190:     108 tokens, checkpoints:  0,    13.502 MiB
srv        update:    - prompt 0x3af3d70:     108 tokens, checkpoints:  0,    13.502 MiB
srv        update:    - prompt 0x3af38d0:     111 tokens, checkpoints:  0,    13.877 MiB
srv        update:    - prompt 0x438e090:     119 tokens, checkpoints:  0,    14.877 MiB
srv        update:    - prompt 0x32222d0:     123 tokens, checkpoints:  0,    15.377 MiB
srv        update:    - prompt 0x11f26a0:     131 tokens, checkpoints:  0,    16.377 MiB
srv        update:    - prompt 0xf0c250:     146 tokens, checkpoints:  0,    18.252 MiB
srv        update:    - prompt 0x32191b0:     130 tokens, checkpoints:  0,    16.252 MiB
srv        update:    - prompt 0xee8ad0:     136 tokens, checkpoints:  0,    17.002 MiB
srv        update:    - prompt 0xf0d350:     136 tokens, checkpoints:  0,    17.002 MiB
srv        update:    - prompt 0x118e2a0:     241 tokens, checkpoints:  0,    30.129 MiB
srv        update:    - prompt 0xfffdcc0062a0:     325 tokens, checkpoints:  0,    40.629 MiB
srv        update:    - prompt 0xfffe24005460:     363 tokens, checkpoints:  0,    45.380 MiB
srv        update:    - prompt 0xfffe1c002440:     425 tokens, checkpoints:  0,    53.131 MiB
srv        update:    - prompt 0x32284f0:     409 tokens, checkpoints:  0,    51.130 MiB
srv        update:    - prompt 0x322ece0:     412 tokens, checkpoints:  0,    51.505 MiB
srv        update:    - prompt 0x3ac8290:     418 tokens, checkpoints:  0,    52.256 MiB
srv        update:    - prompt 0x3239c10:     415 tokens, checkpoints:  0,    51.880 MiB
srv        update:    - prompt 0xf0cf10:     431 tokens, checkpoints:  0,    53.881 MiB
srv        update:    - prompt 0xee7460:     431 tokens, checkpoints:  0,    53.881 MiB
srv        update:    - prompt 0x3ae3460:     107 tokens, checkpoints:  0,    13.377 MiB
srv        update:    - prompt 0xee4950:     105 tokens, checkpoints:  0,    13.127 MiB
srv        update:    - prompt 0x439c010:     110 tokens, checkpoints:  0,    13.752 MiB
srv        update:    - prompt 0xf0d130:     116 tokens, checkpoints:  0,    14.502 MiB
srv        update:    - prompt 0xedfd90:     109 tokens, checkpoints:  0,    13.627 MiB
srv        update:    - prompt 0x3b023f0:     113 tokens, checkpoints:  0,    14.127 MiB
srv        update:    - prompt 0xee1700:     108 tokens, checkpoints:  0,    13.502 MiB
srv        update:    - prompt 0x3ac9130:     108 tokens, checkpoints:  0,    13.502 MiB
srv        update:    - prompt 0x118dfd0:     108 tokens, checkpoints:  0,    13.502 MiB
srv        update:    - prompt 0x3af6ef0:     111 tokens, checkpoints:  0,    13.877 MiB
srv        update:    - prompt 0x3ac87e0:     119 tokens, checkpoints:  0,    14.877 MiB
srv        update:    - prompt 0x3af8fa0:     123 tokens, checkpoints:  0,    15.377 MiB
srv        update:    - prompt 0x1198470:     165 tokens, checkpoints:  0,    20.628 MiB
srv        update:    - prompt 0x3aeac00:     131 tokens, checkpoints:  0,    16.377 MiB
srv        update:    - prompt 0x439a890:     135 tokens, checkpoints:  0,    16.877 MiB
slot update_slots: id  2 | task 7878 | new prompt, n_ctx_slot = 4096, n_keep = 0, task.n_tokens = 33
slot update_slots: id  2 | task 7878 | n_tokens = 0, memory_seq_rm [0, end)
slot init_sampler: id  2 | task 7878 | init sampler, took 0.02 ms, tokens: text = 33, total = 33
slot update_slots: id  2 | task 7878 | prompt processing done, n_tokens = 33, batch.n_tokens = 33
srv  log_server_r: done request: POST /completion 127.0.0.1 200
slot print_timing: id  2 | task 7878 | 
prompt eval time =   18579.66 ms /    33 tokens (  563.02 ms per token,     1.78 tokens per second)
       eval time =   64264.25 ms /   100 tokens (  642.64 ms per token,     1.56 tokens per second)
      total time =   82843.91 ms /   133 tokens
slot      release: id  2 | task 7878 | stop processing: n_tokens = 132, truncated = 0
srv  update_slots: all slots are idle
slot get_availabl: id  1 | task -1 | selected slot by LRU, t_last = 275159693862
srv  get_availabl: updating prompt cache
srv          load:  - looking for better prompt, base f_keep = -1.000, sim = 0.000
srv          load:  - found better prompt with f_keep = 0.322, sim = 1.000
srv        update:  - cache state: 58 prompts, 1178.276 MiB (limits: 8192.000 MiB, 4096 tokens, 65527 est)
srv        update:    - prompt 0xf0ecd0:     106 tokens, checkpoints:  0,    13.252 MiB
srv        update:    - prompt 0x4397eb0:     107 tokens, checkpoints:  0,    13.377 MiB
srv        update:    - prompt 0x439da00:     106 tokens, checkpoints:  0,    13.252 MiB
srv        update:    - prompt 0x3219be0:     107 tokens, checkpoints:  0,    13.377 MiB
srv        update:    - prompt 0x321c6f0:     105 tokens, checkpoints:  0,    13.127 MiB
srv        update:    - prompt 0x43990c0:     110 tokens, checkpoints:  0,    13.752 MiB
srv        update:    - prompt 0x1019e50:     116 tokens, checkpoints:  0,    14.502 MiB
srv        update:    - prompt 0x118e380:     109 tokens, checkpoints:  0,    13.627 MiB
srv        update:    - prompt 0x3219110:     113 tokens, checkpoints:  0,    14.127 MiB
srv        update:    - prompt 0x321e0f0:     108 tokens, checkpoints:  0,    13.502 MiB
srv        update:    - prompt 0x4398870:     108 tokens, checkpoints:  0,    13.502 MiB
srv        update:    - prompt 0xfdafe0:     108 tokens, checkpoints:  0,    13.502 MiB
srv        update:    - prompt 0xee3170:     111 tokens, checkpoints:  0,    13.877 MiB
srv        update:    - prompt 0x11f3590:     119 tokens, checkpoints:  0,    14.877 MiB
srv        update:    - prompt 0x3222110:     123 tokens, checkpoints:  0,    15.377 MiB
srv        update:    - prompt 0x439c6b0:     131 tokens, checkpoints:  0,    16.377 MiB
srv        update:    - prompt 0x118de20:     130 tokens, checkpoints:  0,    16.252 MiB
srv        update:    - prompt 0x3ac9990:     107 tokens, checkpoints:  0,    13.377 MiB
srv        update:    - prompt 0x3ad9850:     105 tokens, checkpoints:  0,    13.127 MiB
srv        update:    - prompt 0x4398620:     110 tokens, checkpoints:  0,    13.752 MiB
srv        update:    - prompt 0xf0c4e0:     116 tokens, checkpoints:  0,    14.502 MiB
srv        update:    - prompt 0x3adea70:     109 tokens, checkpoints:  0,    13.627 MiB
srv        update:    - prompt 0x3ae5890:     113 tokens, checkpoints:  0,    14.127 MiB
srv        update:    - prompt 0x3ae41b0:     108 tokens, checkpoints:  0,    13.502 MiB
srv        update:    - prompt 0x322e190:     108 tokens, checkpoints:  0,    13.502 MiB
srv        update:    - prompt 0x3af3d70:     108 tokens, checkpoints:  0,    13.502 MiB
srv        update:    - prompt 0x3af38d0:     111 tokens, checkpoints:  0,    13.877 MiB
srv        update:    - prompt 0x438e090:     119 tokens, checkpoints:  0,    14.877 MiB
srv        update:    - prompt 0x32222d0:     123 tokens, checkpoints:  0,    15.377 MiB
srv        update:    - prompt 0x11f26a0:     131 tokens, checkpoints:  0,    16.377 MiB
srv        update:    - prompt 0x32191b0:     130 tokens, checkpoints:  0,    16.252 MiB
srv        update:    - prompt 0xee8ad0:     136 tokens, checkpoints:  0,    17.002 MiB
srv        update:    - prompt 0xf0d350:     136 tokens, checkpoints:  0,    17.002 MiB
srv        update:    - prompt 0x118e2a0:     241 tokens, checkpoints:  0,    30.129 MiB
srv        update:    - prompt 0xfffdcc0062a0:     325 tokens, checkpoints:  0,    40.629 MiB
srv        update:    - prompt 0xfffe24005460:     363 tokens, checkpoints:  0,    45.380 MiB
srv        update:    - prompt 0xfffe1c002440:     425 tokens, checkpoints:  0,    53.131 MiB
srv        update:    - prompt 0x32284f0:     409 tokens, checkpoints:  0,    51.130 MiB
srv        update:    - prompt 0x322ece0:     412 tokens, checkpoints:  0,    51.505 MiB
srv        update:    - prompt 0x3ac8290:     418 tokens, checkpoints:  0,    52.256 MiB
srv        update:    - prompt 0x3239c10:     415 tokens, checkpoints:  0,    51.880 MiB
srv        update:    - prompt 0xf0cf10:     431 tokens, checkpoints:  0,    53.881 MiB
srv        update:    - prompt 0xee7460:     431 tokens, checkpoints:  0,    53.881 MiB
srv        update:    - prompt 0x3ae3460:     107 tokens, checkpoints:  0,    13.377 MiB
srv        update:    - prompt 0xee4950:     105 tokens, checkpoints:  0,    13.127 MiB
srv        update:    - prompt 0x439c010:     110 tokens, checkpoints:  0,    13.752 MiB
srv        update:    - prompt 0xf0d130:     116 tokens, checkpoints:  0,    14.502 MiB
srv        update:    - prompt 0xedfd90:     109 tokens, checkpoints:  0,    13.627 MiB
srv        update:    - prompt 0x3b023f0:     113 tokens, checkpoints:  0,    14.127 MiB
srv        update:    - prompt 0xee1700:     108 tokens, checkpoints:  0,    13.502 MiB
srv        update:    - prompt 0x3ac9130:     108 tokens, checkpoints:  0,    13.502 MiB
srv        update:    - prompt 0x118dfd0:     108 tokens, checkpoints:  0,    13.502 MiB
srv        update:    - prompt 0x3af6ef0:     111 tokens, checkpoints:  0,    13.877 MiB
srv        update:    - prompt 0x3ac87e0:     119 tokens, checkpoints:  0,    14.877 MiB
srv        update:    - prompt 0x3af8fa0:     123 tokens, checkpoints:  0,    15.377 MiB
srv        update:    - prompt 0x1198470:     165 tokens, checkpoints:  0,    20.628 MiB
srv        update:    - prompt 0x3aeac00:     131 tokens, checkpoints:  0,    16.377 MiB
srv        update:    - prompt 0x439a890:     135 tokens, checkpoints:  0,    16.877 MiB
srv  get_availabl: prompt cache update took 2.96 ms
slot launch_slot_: id  1 | task -1 | sampler chain: logits -> ?penalties -> ?dry -> ?top-n-sigma -> top-k -> ?typical -> top-p -> min-p -> ?xtc -> temp-ext -> dist 
slot launch_slot_: id  1 | task 7979 | processing task, is_child = 0
slot slot_save_an: id  2 | task -1 | saving idle slot to prompt cache
srv   prompt_save:  - saving prompt with length 132, total state size = 16.502 MiB
slot prompt_clear: id  2 | task -1 | clearing prompt with 132 tokens
srv        update:  - cache state: 59 prompts, 1194.778 MiB (limits: 8192.000 MiB, 4096 tokens, 65527 est)
srv        update:    - prompt 0xf0ecd0:     106 tokens, checkpoints:  0,    13.252 MiB
srv        update:    - prompt 0x4397eb0:     107 tokens, checkpoints:  0,    13.377 MiB
srv        update:    - prompt 0x439da00:     106 tokens, checkpoints:  0,    13.252 MiB
srv        update:    - prompt 0x3219be0:     107 tokens, checkpoints:  0,    13.377 MiB
srv        update:    - prompt 0x321c6f0:     105 tokens, checkpoints:  0,    13.127 MiB
srv        update:    - prompt 0x43990c0:     110 tokens, checkpoints:  0,    13.752 MiB
srv        update:    - prompt 0x1019e50:     116 tokens, checkpoints:  0,    14.502 MiB
srv        update:    - prompt 0x118e380:     109 tokens, checkpoints:  0,    13.627 MiB
srv        update:    - prompt 0x3219110:     113 tokens, checkpoints:  0,    14.127 MiB
srv        update:    - prompt 0x321e0f0:     108 tokens, checkpoints:  0,    13.502 MiB
srv        update:    - prompt 0x4398870:     108 tokens, checkpoints:  0,    13.502 MiB
srv        update:    - prompt 0xfdafe0:     108 tokens, checkpoints:  0,    13.502 MiB
srv        update:    - prompt 0xee3170:     111 tokens, checkpoints:  0,    13.877 MiB
srv        update:    - prompt 0x11f3590:     119 tokens, checkpoints:  0,    14.877 MiB
srv        update:    - prompt 0x3222110:     123 tokens, checkpoints:  0,    15.377 MiB
srv        update:    - prompt 0x439c6b0:     131 tokens, checkpoints:  0,    16.377 MiB
srv        update:    - prompt 0x118de20:     130 tokens, checkpoints:  0,    16.252 MiB
srv        update:    - prompt 0x3ac9990:     107 tokens, checkpoints:  0,    13.377 MiB
srv        update:    - prompt 0x3ad9850:     105 tokens, checkpoints:  0,    13.127 MiB
srv        update:    - prompt 0x4398620:     110 tokens, checkpoints:  0,    13.752 MiB
srv        update:    - prompt 0xf0c4e0:     116 tokens, checkpoints:  0,    14.502 MiB
srv        update:    - prompt 0x3adea70:     109 tokens, checkpoints:  0,    13.627 MiB
srv        update:    - prompt 0x3ae5890:     113 tokens, checkpoints:  0,    14.127 MiB
srv        update:    - prompt 0x3ae41b0:     108 tokens, checkpoints:  0,    13.502 MiB
srv        update:    - prompt 0x322e190:     108 tokens, checkpoints:  0,    13.502 MiB
srv        update:    - prompt 0x3af3d70:     108 tokens, checkpoints:  0,    13.502 MiB
srv        update:    - prompt 0x3af38d0:     111 tokens, checkpoints:  0,    13.877 MiB
srv        update:    - prompt 0x438e090:     119 tokens, checkpoints:  0,    14.877 MiB
srv        update:    - prompt 0x32222d0:     123 tokens, checkpoints:  0,    15.377 MiB
srv        update:    - prompt 0x11f26a0:     131 tokens, checkpoints:  0,    16.377 MiB
srv        update:    - prompt 0x32191b0:     130 tokens, checkpoints:  0,    16.252 MiB
srv        update:    - prompt 0xee8ad0:     136 tokens, checkpoints:  0,    17.002 MiB
srv        update:    - prompt 0xf0d350:     136 tokens, checkpoints:  0,    17.002 MiB
srv        update:    - prompt 0x118e2a0:     241 tokens, checkpoints:  0,    30.129 MiB
srv        update:    - prompt 0xfffdcc0062a0:     325 tokens, checkpoints:  0,    40.629 MiB
srv        update:    - prompt 0xfffe24005460:     363 tokens, checkpoints:  0,    45.380 MiB
srv        update:    - prompt 0xfffe1c002440:     425 tokens, checkpoints:  0,    53.131 MiB
srv        update:    - prompt 0x32284f0:     409 tokens, checkpoints:  0,    51.130 MiB
srv        update:    - prompt 0x322ece0:     412 tokens, checkpoints:  0,    51.505 MiB
srv        update:    - prompt 0x3ac8290:     418 tokens, checkpoints:  0,    52.256 MiB
srv        update:    - prompt 0x3239c10:     415 tokens, checkpoints:  0,    51.880 MiB
srv        update:    - prompt 0xf0cf10:     431 tokens, checkpoints:  0,    53.881 MiB
srv        update:    - prompt 0xee7460:     431 tokens, checkpoints:  0,    53.881 MiB
srv        update:    - prompt 0x3ae3460:     107 tokens, checkpoints:  0,    13.377 MiB
srv        update:    - prompt 0xee4950:     105 tokens, checkpoints:  0,    13.127 MiB
srv        update:    - prompt 0x439c010:     110 tokens, checkpoints:  0,    13.752 MiB
srv        update:    - prompt 0xf0d130:     116 tokens, checkpoints:  0,    14.502 MiB
srv        update:    - prompt 0xedfd90:     109 tokens, checkpoints:  0,    13.627 MiB
srv        update:    - prompt 0x3b023f0:     113 tokens, checkpoints:  0,    14.127 MiB
srv        update:    - prompt 0xee1700:     108 tokens, checkpoints:  0,    13.502 MiB
srv        update:    - prompt 0x3ac9130:     108 tokens, checkpoints:  0,    13.502 MiB
srv        update:    - prompt 0x118dfd0:     108 tokens, checkpoints:  0,    13.502 MiB
srv        update:    - prompt 0x3af6ef0:     111 tokens, checkpoints:  0,    13.877 MiB
srv        update:    - prompt 0x3ac87e0:     119 tokens, checkpoints:  0,    14.877 MiB
srv        update:    - prompt 0x3af8fa0:     123 tokens, checkpoints:  0,    15.377 MiB
srv        update:    - prompt 0x1198470:     165 tokens, checkpoints:  0,    20.628 MiB
srv        update:    - prompt 0x3aeac00:     131 tokens, checkpoints:  0,    16.377 MiB
srv        update:    - prompt 0x439a890:     135 tokens, checkpoints:  0,    16.877 MiB
srv        update:    - prompt 0xf0c250:     132 tokens, checkpoints:  0,    16.502 MiB
slot update_slots: id  1 | task 7979 | new prompt, n_ctx_slot = 4096, n_keep = 0, task.n_tokens = 47
slot update_slots: id  1 | task 7979 | n_tokens = 0, memory_seq_rm [0, end)
slot init_sampler: id  1 | task 7979 | init sampler, took 0.03 ms, tokens: text = 47, total = 47
slot update_slots: id  1 | task 7979 | prompt processing done, n_tokens = 47, batch.n_tokens = 47
srv  log_server_r: done request: POST /completion 127.0.0.1 200
slot print_timing: id  1 | task 7979 | 
prompt eval time =   26424.73 ms /    47 tokens (  562.23 ms per token,     1.78 tokens per second)
       eval time =   64388.12 ms /   100 tokens (  643.88 ms per token,     1.55 tokens per second)
      total time =   90812.85 ms /   147 tokens
slot      release: id  1 | task 7979 | stop processing: n_tokens = 146, truncated = 0
srv  update_slots: all slots are idle
slot get_availabl: id  0 | task -1 | selected slot by LRU, t_last = 275242521254
srv  get_availabl: updating prompt cache
srv          load:  - looking for better prompt, base f_keep = -1.000, sim = 0.000
srv        update:  - cache state: 59 prompts, 1194.778 MiB (limits: 8192.000 MiB, 4096 tokens, 65527 est)
srv        update:    - prompt 0xf0ecd0:     106 tokens, checkpoints:  0,    13.252 MiB
srv        update:    - prompt 0x4397eb0:     107 tokens, checkpoints:  0,    13.377 MiB
srv        update:    - prompt 0x439da00:     106 tokens, checkpoints:  0,    13.252 MiB
srv        update:    - prompt 0x3219be0:     107 tokens, checkpoints:  0,    13.377 MiB
srv        update:    - prompt 0x321c6f0:     105 tokens, checkpoints:  0,    13.127 MiB
srv        update:    - prompt 0x43990c0:     110 tokens, checkpoints:  0,    13.752 MiB
srv        update:    - prompt 0x1019e50:     116 tokens, checkpoints:  0,    14.502 MiB
srv        update:    - prompt 0x118e380:     109 tokens, checkpoints:  0,    13.627 MiB
srv        update:    - prompt 0x3219110:     113 tokens, checkpoints:  0,    14.127 MiB
srv        update:    - prompt 0x321e0f0:     108 tokens, checkpoints:  0,    13.502 MiB
srv        update:    - prompt 0x4398870:     108 tokens, checkpoints:  0,    13.502 MiB
srv        update:    - prompt 0xfdafe0:     108 tokens, checkpoints:  0,    13.502 MiB
srv        update:    - prompt 0xee3170:     111 tokens, checkpoints:  0,    13.877 MiB
srv        update:    - prompt 0x11f3590:     119 tokens, checkpoints:  0,    14.877 MiB
srv        update:    - prompt 0x3222110:     123 tokens, checkpoints:  0,    15.377 MiB
srv        update:    - prompt 0x439c6b0:     131 tokens, checkpoints:  0,    16.377 MiB
srv        update:    - prompt 0x118de20:     130 tokens, checkpoints:  0,    16.252 MiB
srv        update:    - prompt 0x3ac9990:     107 tokens, checkpoints:  0,    13.377 MiB
srv        update:    - prompt 0x3ad9850:     105 tokens, checkpoints:  0,    13.127 MiB
srv        update:    - prompt 0x4398620:     110 tokens, checkpoints:  0,    13.752 MiB
srv        update:    - prompt 0xf0c4e0:     116 tokens, checkpoints:  0,    14.502 MiB
srv        update:    - prompt 0x3adea70:     109 tokens, checkpoints:  0,    13.627 MiB
srv        update:    - prompt 0x3ae5890:     113 tokens, checkpoints:  0,    14.127 MiB
srv        update:    - prompt 0x3ae41b0:     108 tokens, checkpoints:  0,    13.502 MiB
srv        update:    - prompt 0x322e190:     108 tokens, checkpoints:  0,    13.502 MiB
srv        update:    - prompt 0x3af3d70:     108 tokens, checkpoints:  0,    13.502 MiB
srv        update:    - prompt 0x3af38d0:     111 tokens, checkpoints:  0,    13.877 MiB
srv        update:    - prompt 0x438e090:     119 tokens, checkpoints:  0,    14.877 MiB
srv        update:    - prompt 0x32222d0:     123 tokens, checkpoints:  0,    15.377 MiB
srv        update:    - prompt 0x11f26a0:     131 tokens, checkpoints:  0,    16.377 MiB
srv        update:    - prompt 0x32191b0:     130 tokens, checkpoints:  0,    16.252 MiB
srv        update:    - prompt 0xee8ad0:     136 tokens, checkpoints:  0,    17.002 MiB
srv        update:    - prompt 0xf0d350:     136 tokens, checkpoints:  0,    17.002 MiB
srv        update:    - prompt 0x118e2a0:     241 tokens, checkpoints:  0,    30.129 MiB
srv        update:    - prompt 0xfffdcc0062a0:     325 tokens, checkpoints:  0,    40.629 MiB
srv        update:    - prompt 0xfffe24005460:     363 tokens, checkpoints:  0,    45.380 MiB
srv        update:    - prompt 0xfffe1c002440:     425 tokens, checkpoints:  0,    53.131 MiB
srv        update:    - prompt 0x32284f0:     409 tokens, checkpoints:  0,    51.130 MiB
srv        update:    - prompt 0x322ece0:     412 tokens, checkpoints:  0,    51.505 MiB
srv        update:    - prompt 0x3ac8290:     418 tokens, checkpoints:  0,    52.256 MiB
srv        update:    - prompt 0x3239c10:     415 tokens, checkpoints:  0,    51.880 MiB
srv        update:    - prompt 0xf0cf10:     431 tokens, checkpoints:  0,    53.881 MiB
srv        update:    - prompt 0xee7460:     431 tokens, checkpoints:  0,    53.881 MiB
srv        update:    - prompt 0x3ae3460:     107 tokens, checkpoints:  0,    13.377 MiB
srv        update:    - prompt 0xee4950:     105 tokens, checkpoints:  0,    13.127 MiB
srv        update:    - prompt 0x439c010:     110 tokens, checkpoints:  0,    13.752 MiB
srv        update:    - prompt 0xf0d130:     116 tokens, checkpoints:  0,    14.502 MiB
srv        update:    - prompt 0xedfd90:     109 tokens, checkpoints:  0,    13.627 MiB
srv        update:    - prompt 0x3b023f0:     113 tokens, checkpoints:  0,    14.127 MiB
srv        update:    - prompt 0xee1700:     108 tokens, checkpoints:  0,    13.502 MiB
srv        update:    - prompt 0x3ac9130:     108 tokens, checkpoints:  0,    13.502 MiB
srv        update:    - prompt 0x118dfd0:     108 tokens, checkpoints:  0,    13.502 MiB
srv        update:    - prompt 0x3af6ef0:     111 tokens, checkpoints:  0,    13.877 MiB
srv        update:    - prompt 0x3ac87e0:     119 tokens, checkpoints:  0,    14.877 MiB
srv        update:    - prompt 0x3af8fa0:     123 tokens, checkpoints:  0,    15.377 MiB
srv        update:    - prompt 0x1198470:     165 tokens, checkpoints:  0,    20.628 MiB
srv        update:    - prompt 0x3aeac00:     131 tokens, checkpoints:  0,    16.377 MiB
srv        update:    - prompt 0x439a890:     135 tokens, checkpoints:  0,    16.877 MiB
srv        update:    - prompt 0xf0c250:     132 tokens, checkpoints:  0,    16.502 MiB
srv  get_availabl: prompt cache update took 0.26 ms
slot launch_slot_: id  0 | task -1 | sampler chain: logits -> ?penalties -> ?dry -> ?top-n-sigma -> top-k -> ?typical -> top-p -> min-p -> ?xtc -> temp-ext -> dist 
slot launch_slot_: id  0 | task 8080 | processing task, is_child = 0
slot slot_save_an: id  1 | task -1 | saving idle slot to prompt cache
srv   prompt_save:  - saving prompt with length 146, total state size = 18.252 MiB
slot prompt_clear: id  1 | task -1 | clearing prompt with 146 tokens
srv        update:  - cache state: 60 prompts, 1213.031 MiB (limits: 8192.000 MiB, 4096 tokens, 65527 est)
srv        update:    - prompt 0xf0ecd0:     106 tokens, checkpoints:  0,    13.252 MiB
srv        update:    - prompt 0x4397eb0:     107 tokens, checkpoints:  0,    13.377 MiB
srv        update:    - prompt 0x439da00:     106 tokens, checkpoints:  0,    13.252 MiB
srv        update:    - prompt 0x3219be0:     107 tokens, checkpoints:  0,    13.377 MiB
srv        update:    - prompt 0x321c6f0:     105 tokens, checkpoints:  0,    13.127 MiB
srv        update:    - prompt 0x43990c0:     110 tokens, checkpoints:  0,    13.752 MiB
srv        update:    - prompt 0x1019e50:     116 tokens, checkpoints:  0,    14.502 MiB
srv        update:    - prompt 0x118e380:     109 tokens, checkpoints:  0,    13.627 MiB
srv        update:    - prompt 0x3219110:     113 tokens, checkpoints:  0,    14.127 MiB
srv        update:    - prompt 0x321e0f0:     108 tokens, checkpoints:  0,    13.502 MiB
srv        update:    - prompt 0x4398870:     108 tokens, checkpoints:  0,    13.502 MiB
srv        update:    - prompt 0xfdafe0:     108 tokens, checkpoints:  0,    13.502 MiB
srv        update:    - prompt 0xee3170:     111 tokens, checkpoints:  0,    13.877 MiB
srv        update:    - prompt 0x11f3590:     119 tokens, checkpoints:  0,    14.877 MiB
srv        update:    - prompt 0x3222110:     123 tokens, checkpoints:  0,    15.377 MiB
srv        update:    - prompt 0x439c6b0:     131 tokens, checkpoints:  0,    16.377 MiB
srv        update:    - prompt 0x118de20:     130 tokens, checkpoints:  0,    16.252 MiB
srv        update:    - prompt 0x3ac9990:     107 tokens, checkpoints:  0,    13.377 MiB
srv        update:    - prompt 0x3ad9850:     105 tokens, checkpoints:  0,    13.127 MiB
srv        update:    - prompt 0x4398620:     110 tokens, checkpoints:  0,    13.752 MiB
srv        update:    - prompt 0xf0c4e0:     116 tokens, checkpoints:  0,    14.502 MiB
srv        update:    - prompt 0x3adea70:     109 tokens, checkpoints:  0,    13.627 MiB
srv        update:    - prompt 0x3ae5890:     113 tokens, checkpoints:  0,    14.127 MiB
srv        update:    - prompt 0x3ae41b0:     108 tokens, checkpoints:  0,    13.502 MiB
srv        update:    - prompt 0x322e190:     108 tokens, checkpoints:  0,    13.502 MiB
srv        update:    - prompt 0x3af3d70:     108 tokens, checkpoints:  0,    13.502 MiB
srv        update:    - prompt 0x3af38d0:     111 tokens, checkpoints:  0,    13.877 MiB
srv        update:    - prompt 0x438e090:     119 tokens, checkpoints:  0,    14.877 MiB
srv        update:    - prompt 0x32222d0:     123 tokens, checkpoints:  0,    15.377 MiB
srv        update:    - prompt 0x11f26a0:     131 tokens, checkpoints:  0,    16.377 MiB
srv        update:    - prompt 0x32191b0:     130 tokens, checkpoints:  0,    16.252 MiB
srv        update:    - prompt 0xee8ad0:     136 tokens, checkpoints:  0,    17.002 MiB
srv        update:    - prompt 0xf0d350:     136 tokens, checkpoints:  0,    17.002 MiB
srv        update:    - prompt 0x118e2a0:     241 tokens, checkpoints:  0,    30.129 MiB
srv        update:    - prompt 0xfffdcc0062a0:     325 tokens, checkpoints:  0,    40.629 MiB
srv        update:    - prompt 0xfffe24005460:     363 tokens, checkpoints:  0,    45.380 MiB
srv        update:    - prompt 0xfffe1c002440:     425 tokens, checkpoints:  0,    53.131 MiB
srv        update:    - prompt 0x32284f0:     409 tokens, checkpoints:  0,    51.130 MiB
srv        update:    - prompt 0x322ece0:     412 tokens, checkpoints:  0,    51.505 MiB
srv        update:    - prompt 0x3ac8290:     418 tokens, checkpoints:  0,    52.256 MiB
srv        update:    - prompt 0x3239c10:     415 tokens, checkpoints:  0,    51.880 MiB
srv        update:    - prompt 0xf0cf10:     431 tokens, checkpoints:  0,    53.881 MiB
srv        update:    - prompt 0xee7460:     431 tokens, checkpoints:  0,    53.881 MiB
srv        update:    - prompt 0x3ae3460:     107 tokens, checkpoints:  0,    13.377 MiB
srv        update:    - prompt 0xee4950:     105 tokens, checkpoints:  0,    13.127 MiB
srv        update:    - prompt 0x439c010:     110 tokens, checkpoints:  0,    13.752 MiB
srv        update:    - prompt 0xf0d130:     116 tokens, checkpoints:  0,    14.502 MiB
srv        update:    - prompt 0xedfd90:     109 tokens, checkpoints:  0,    13.627 MiB
srv        update:    - prompt 0x3b023f0:     113 tokens, checkpoints:  0,    14.127 MiB
srv        update:    - prompt 0xee1700:     108 tokens, checkpoints:  0,    13.502 MiB
srv        update:    - prompt 0x3ac9130:     108 tokens, checkpoints:  0,    13.502 MiB
srv        update:    - prompt 0x118dfd0:     108 tokens, checkpoints:  0,    13.502 MiB
srv        update:    - prompt 0x3af6ef0:     111 tokens, checkpoints:  0,    13.877 MiB
srv        update:    - prompt 0x3ac87e0:     119 tokens, checkpoints:  0,    14.877 MiB
srv        update:    - prompt 0x3af8fa0:     123 tokens, checkpoints:  0,    15.377 MiB
srv        update:    - prompt 0x1198470:     165 tokens, checkpoints:  0,    20.628 MiB
srv        update:    - prompt 0x3aeac00:     131 tokens, checkpoints:  0,    16.377 MiB
srv        update:    - prompt 0x439a890:     135 tokens, checkpoints:  0,    16.877 MiB
srv        update:    - prompt 0xf0c250:     132 tokens, checkpoints:  0,    16.502 MiB
srv        update:    - prompt 0x32294f0:     146 tokens, checkpoints:  0,    18.252 MiB
slot update_slots: id  0 | task 8080 | new prompt, n_ctx_slot = 4096, n_keep = 0, task.n_tokens = 31
slot update_slots: id  0 | task 8080 | n_tokens = 0, memory_seq_rm [0, end)
slot init_sampler: id  0 | task 8080 | init sampler, took 0.02 ms, tokens: text = 31, total = 31
slot update_slots: id  0 | task 8080 | prompt processing done, n_tokens = 31, batch.n_tokens = 31
srv  log_server_r: done request: POST /completion 127.0.0.1 200
slot print_timing: id  0 | task 8080 | 
prompt eval time =   17436.09 ms /    31 tokens (  562.45 ms per token,     1.78 tokens per second)
       eval time =   64245.45 ms /   100 tokens (  642.45 ms per token,     1.56 tokens per second)
      total time =   81681.55 ms /   131 tokens
slot      release: id  0 | task 8080 | stop processing: n_tokens = 130, truncated = 0
srv  update_slots: all slots are idle
slot get_availabl: id  3 | task -1 | selected slot by LRU, t_last = 275327671112
srv  get_availabl: updating prompt cache
srv          load:  - looking for better prompt, base f_keep = -1.000, sim = 0.000
srv          load:  - found better prompt with f_keep = 0.272, sim = 1.000
srv        update:  - cache state: 59 prompts, 1196.029 MiB (limits: 8192.000 MiB, 4096 tokens, 65527 est)
srv        update:    - prompt 0xf0ecd0:     106 tokens, checkpoints:  0,    13.252 MiB
srv        update:    - prompt 0x4397eb0:     107 tokens, checkpoints:  0,    13.377 MiB
srv        update:    - prompt 0x439da00:     106 tokens, checkpoints:  0,    13.252 MiB
srv        update:    - prompt 0x3219be0:     107 tokens, checkpoints:  0,    13.377 MiB
srv        update:    - prompt 0x321c6f0:     105 tokens, checkpoints:  0,    13.127 MiB
srv        update:    - prompt 0x43990c0:     110 tokens, checkpoints:  0,    13.752 MiB
srv        update:    - prompt 0x1019e50:     116 tokens, checkpoints:  0,    14.502 MiB
srv        update:    - prompt 0x118e380:     109 tokens, checkpoints:  0,    13.627 MiB
srv        update:    - prompt 0x3219110:     113 tokens, checkpoints:  0,    14.127 MiB
srv        update:    - prompt 0x321e0f0:     108 tokens, checkpoints:  0,    13.502 MiB
srv        update:    - prompt 0x4398870:     108 tokens, checkpoints:  0,    13.502 MiB
srv        update:    - prompt 0xfdafe0:     108 tokens, checkpoints:  0,    13.502 MiB
srv        update:    - prompt 0xee3170:     111 tokens, checkpoints:  0,    13.877 MiB
srv        update:    - prompt 0x11f3590:     119 tokens, checkpoints:  0,    14.877 MiB
srv        update:    - prompt 0x3222110:     123 tokens, checkpoints:  0,    15.377 MiB
srv        update:    - prompt 0x439c6b0:     131 tokens, checkpoints:  0,    16.377 MiB
srv        update:    - prompt 0x118de20:     130 tokens, checkpoints:  0,    16.252 MiB
srv        update:    - prompt 0x3ac9990:     107 tokens, checkpoints:  0,    13.377 MiB
srv        update:    - prompt 0x3ad9850:     105 tokens, checkpoints:  0,    13.127 MiB
srv        update:    - prompt 0x4398620:     110 tokens, checkpoints:  0,    13.752 MiB
srv        update:    - prompt 0xf0c4e0:     116 tokens, checkpoints:  0,    14.502 MiB
srv        update:    - prompt 0x3adea70:     109 tokens, checkpoints:  0,    13.627 MiB
srv        update:    - prompt 0x3ae5890:     113 tokens, checkpoints:  0,    14.127 MiB
srv        update:    - prompt 0x3ae41b0:     108 tokens, checkpoints:  0,    13.502 MiB
srv        update:    - prompt 0x322e190:     108 tokens, checkpoints:  0,    13.502 MiB
srv        update:    - prompt 0x3af3d70:     108 tokens, checkpoints:  0,    13.502 MiB
srv        update:    - prompt 0x3af38d0:     111 tokens, checkpoints:  0,    13.877 MiB
srv        update:    - prompt 0x438e090:     119 tokens, checkpoints:  0,    14.877 MiB
srv        update:    - prompt 0x32222d0:     123 tokens, checkpoints:  0,    15.377 MiB
srv        update:    - prompt 0x11f26a0:     131 tokens, checkpoints:  0,    16.377 MiB
srv        update:    - prompt 0x32191b0:     130 tokens, checkpoints:  0,    16.252 MiB
srv        update:    - prompt 0xf0d350:     136 tokens, checkpoints:  0,    17.002 MiB
srv        update:    - prompt 0x118e2a0:     241 tokens, checkpoints:  0,    30.129 MiB
srv        update:    - prompt 0xfffdcc0062a0:     325 tokens, checkpoints:  0,    40.629 MiB
srv        update:    - prompt 0xfffe24005460:     363 tokens, checkpoints:  0,    45.380 MiB
srv        update:    - prompt 0xfffe1c002440:     425 tokens, checkpoints:  0,    53.131 MiB
srv        update:    - prompt 0x32284f0:     409 tokens, checkpoints:  0,    51.130 MiB
srv        update:    - prompt 0x322ece0:     412 tokens, checkpoints:  0,    51.505 MiB
srv        update:    - prompt 0x3ac8290:     418 tokens, checkpoints:  0,    52.256 MiB
srv        update:    - prompt 0x3239c10:     415 tokens, checkpoints:  0,    51.880 MiB
srv        update:    - prompt 0xf0cf10:     431 tokens, checkpoints:  0,    53.881 MiB
srv        update:    - prompt 0xee7460:     431 tokens, checkpoints:  0,    53.881 MiB
srv        update:    - prompt 0x3ae3460:     107 tokens, checkpoints:  0,    13.377 MiB
srv        update:    - prompt 0xee4950:     105 tokens, checkpoints:  0,    13.127 MiB
srv        update:    - prompt 0x439c010:     110 tokens, checkpoints:  0,    13.752 MiB
srv        update:    - prompt 0xf0d130:     116 tokens, checkpoints:  0,    14.502 MiB
srv        update:    - prompt 0xedfd90:     109 tokens, checkpoints:  0,    13.627 MiB
srv        update:    - prompt 0x3b023f0:     113 tokens, checkpoints:  0,    14.127 MiB
srv        update:    - prompt 0xee1700:     108 tokens, checkpoints:  0,    13.502 MiB
srv        update:    - prompt 0x3ac9130:     108 tokens, checkpoints:  0,    13.502 MiB
srv        update:    - prompt 0x118dfd0:     108 tokens, checkpoints:  0,    13.502 MiB
srv        update:    - prompt 0x3af6ef0:     111 tokens, checkpoints:  0,    13.877 MiB
srv        update:    - prompt 0x3ac87e0:     119 tokens, checkpoints:  0,    14.877 MiB
srv        update:    - prompt 0x3af8fa0:     123 tokens, checkpoints:  0,    15.377 MiB
srv        update:    - prompt 0x1198470:     165 tokens, checkpoints:  0,    20.628 MiB
srv        update:    - prompt 0x3aeac00:     131 tokens, checkpoints:  0,    16.377 MiB
srv        update:    - prompt 0x439a890:     135 tokens, checkpoints:  0,    16.877 MiB
srv        update:    - prompt 0xf0c250:     132 tokens, checkpoints:  0,    16.502 MiB
srv        update:    - prompt 0x32294f0:     146 tokens, checkpoints:  0,    18.252 MiB
srv  get_availabl: prompt cache update took 2.88 ms
slot launch_slot_: id  3 | task -1 | sampler chain: logits -> ?penalties -> ?dry -> ?top-n-sigma -> top-k -> ?typical -> top-p -> min-p -> ?xtc -> temp-ext -> dist 
slot launch_slot_: id  3 | task 8181 | processing task, is_child = 0
slot slot_save_an: id  0 | task -1 | saving idle slot to prompt cache
srv   prompt_save:  - saving prompt with length 130, total state size = 16.252 MiB
slot prompt_clear: id  0 | task -1 | clearing prompt with 130 tokens
srv        update:  - cache state: 60 prompts, 1212.281 MiB (limits: 8192.000 MiB, 4096 tokens, 65527 est)
srv        update:    - prompt 0xf0ecd0:     106 tokens, checkpoints:  0,    13.252 MiB
srv        update:    - prompt 0x4397eb0:     107 tokens, checkpoints:  0,    13.377 MiB
srv        update:    - prompt 0x439da00:     106 tokens, checkpoints:  0,    13.252 MiB
srv        update:    - prompt 0x3219be0:     107 tokens, checkpoints:  0,    13.377 MiB
srv        update:    - prompt 0x321c6f0:     105 tokens, checkpoints:  0,    13.127 MiB
srv        update:    - prompt 0x43990c0:     110 tokens, checkpoints:  0,    13.752 MiB
srv        update:    - prompt 0x1019e50:     116 tokens, checkpoints:  0,    14.502 MiB
srv        update:    - prompt 0x118e380:     109 tokens, checkpoints:  0,    13.627 MiB
srv        update:    - prompt 0x3219110:     113 tokens, checkpoints:  0,    14.127 MiB
srv        update:    - prompt 0x321e0f0:     108 tokens, checkpoints:  0,    13.502 MiB
srv        update:    - prompt 0x4398870:     108 tokens, checkpoints:  0,    13.502 MiB
srv        update:    - prompt 0xfdafe0:     108 tokens, checkpoints:  0,    13.502 MiB
srv        update:    - prompt 0xee3170:     111 tokens, checkpoints:  0,    13.877 MiB
srv        update:    - prompt 0x11f3590:     119 tokens, checkpoints:  0,    14.877 MiB
srv        update:    - prompt 0x3222110:     123 tokens, checkpoints:  0,    15.377 MiB
srv        update:    - prompt 0x439c6b0:     131 tokens, checkpoints:  0,    16.377 MiB
srv        update:    - prompt 0x118de20:     130 tokens, checkpoints:  0,    16.252 MiB
srv        update:    - prompt 0x3ac9990:     107 tokens, checkpoints:  0,    13.377 MiB
srv        update:    - prompt 0x3ad9850:     105 tokens, checkpoints:  0,    13.127 MiB
srv        update:    - prompt 0x4398620:     110 tokens, checkpoints:  0,    13.752 MiB
srv        update:    - prompt 0xf0c4e0:     116 tokens, checkpoints:  0,    14.502 MiB
srv        update:    - prompt 0x3adea70:     109 tokens, checkpoints:  0,    13.627 MiB
srv        update:    - prompt 0x3ae5890:     113 tokens, checkpoints:  0,    14.127 MiB
srv        update:    - prompt 0x3ae41b0:     108 tokens, checkpoints:  0,    13.502 MiB
srv        update:    - prompt 0x322e190:     108 tokens, checkpoints:  0,    13.502 MiB
srv        update:    - prompt 0x3af3d70:     108 tokens, checkpoints:  0,    13.502 MiB
srv        update:    - prompt 0x3af38d0:     111 tokens, checkpoints:  0,    13.877 MiB
srv        update:    - prompt 0x438e090:     119 tokens, checkpoints:  0,    14.877 MiB
srv        update:    - prompt 0x32222d0:     123 tokens, checkpoints:  0,    15.377 MiB
srv        update:    - prompt 0x11f26a0:     131 tokens, checkpoints:  0,    16.377 MiB
srv        update:    - prompt 0x32191b0:     130 tokens, checkpoints:  0,    16.252 MiB
srv        update:    - prompt 0xf0d350:     136 tokens, checkpoints:  0,    17.002 MiB
srv        update:    - prompt 0x118e2a0:     241 tokens, checkpoints:  0,    30.129 MiB
srv        update:    - prompt 0xfffdcc0062a0:     325 tokens, checkpoints:  0,    40.629 MiB
srv        update:    - prompt 0xfffe24005460:     363 tokens, checkpoints:  0,    45.380 MiB
srv        update:    - prompt 0xfffe1c002440:     425 tokens, checkpoints:  0,    53.131 MiB
srv        update:    - prompt 0x32284f0:     409 tokens, checkpoints:  0,    51.130 MiB
srv        update:    - prompt 0x322ece0:     412 tokens, checkpoints:  0,    51.505 MiB
srv        update:    - prompt 0x3ac8290:     418 tokens, checkpoints:  0,    52.256 MiB
srv        update:    - prompt 0x3239c10:     415 tokens, checkpoints:  0,    51.880 MiB
srv        update:    - prompt 0xf0cf10:     431 tokens, checkpoints:  0,    53.881 MiB
srv        update:    - prompt 0xee7460:     431 tokens, checkpoints:  0,    53.881 MiB
srv        update:    - prompt 0x3ae3460:     107 tokens, checkpoints:  0,    13.377 MiB
srv        update:    - prompt 0xee4950:     105 tokens, checkpoints:  0,    13.127 MiB
srv        update:    - prompt 0x439c010:     110 tokens, checkpoints:  0,    13.752 MiB
srv        update:    - prompt 0xf0d130:     116 tokens, checkpoints:  0,    14.502 MiB
srv        update:    - prompt 0xedfd90:     109 tokens, checkpoints:  0,    13.627 MiB
srv        update:    - prompt 0x3b023f0:     113 tokens, checkpoints:  0,    14.127 MiB
srv        update:    - prompt 0xee1700:     108 tokens, checkpoints:  0,    13.502 MiB
srv        update:    - prompt 0x3ac9130:     108 tokens, checkpoints:  0,    13.502 MiB
srv        update:    - prompt 0x118dfd0:     108 tokens, checkpoints:  0,    13.502 MiB
srv        update:    - prompt 0x3af6ef0:     111 tokens, checkpoints:  0,    13.877 MiB
srv        update:    - prompt 0x3ac87e0:     119 tokens, checkpoints:  0,    14.877 MiB
srv        update:    - prompt 0x3af8fa0:     123 tokens, checkpoints:  0,    15.377 MiB
srv        update:    - prompt 0x1198470:     165 tokens, checkpoints:  0,    20.628 MiB
srv        update:    - prompt 0x3aeac00:     131 tokens, checkpoints:  0,    16.377 MiB
srv        update:    - prompt 0x439a890:     135 tokens, checkpoints:  0,    16.877 MiB
srv        update:    - prompt 0xf0c250:     132 tokens, checkpoints:  0,    16.502 MiB
srv        update:    - prompt 0x32294f0:     146 tokens, checkpoints:  0,    18.252 MiB
srv        update:    - prompt 0xee8ad0:     130 tokens, checkpoints:  0,    16.252 MiB
slot update_slots: id  3 | task 8181 | new prompt, n_ctx_slot = 4096, n_keep = 0, task.n_tokens = 37
slot update_slots: id  3 | task 8181 | n_tokens = 0, memory_seq_rm [0, end)
slot init_sampler: id  3 | task 8181 | init sampler, took 0.02 ms, tokens: text = 37, total = 37
slot update_slots: id  3 | task 8181 | prompt processing done, n_tokens = 37, batch.n_tokens = 37
srv  log_server_r: done request: POST /completion 127.0.0.1 200
slot print_timing: id  3 | task 8181 | 
prompt eval time =   20819.15 ms /    37 tokens (  562.68 ms per token,     1.78 tokens per second)
       eval time =   64271.26 ms /   100 tokens (  642.71 ms per token,     1.56 tokens per second)
      total time =   85090.40 ms /   137 tokens
slot      release: id  3 | task 8181 | stop processing: n_tokens = 136, truncated = 0
srv  update_slots: all slots are idle
slot get_availabl: id  2 | task -1 | selected slot by LRU, t_last = 275411098559
srv  get_availabl: updating prompt cache
srv          load:  - looking for better prompt, base f_keep = -1.000, sim = 0.000
srv          load:  - found better prompt with f_keep = 0.272, sim = 1.000
srv        update:  - cache state: 59 prompts, 1195.279 MiB (limits: 8192.000 MiB, 4096 tokens, 65527 est)
srv        update:    - prompt 0xf0ecd0:     106 tokens, checkpoints:  0,    13.252 MiB
srv        update:    - prompt 0x4397eb0:     107 tokens, checkpoints:  0,    13.377 MiB
srv        update:    - prompt 0x439da00:     106 tokens, checkpoints:  0,    13.252 MiB
srv        update:    - prompt 0x3219be0:     107 tokens, checkpoints:  0,    13.377 MiB
srv        update:    - prompt 0x321c6f0:     105 tokens, checkpoints:  0,    13.127 MiB
srv        update:    - prompt 0x43990c0:     110 tokens, checkpoints:  0,    13.752 MiB
srv        update:    - prompt 0x1019e50:     116 tokens, checkpoints:  0,    14.502 MiB
srv        update:    - prompt 0x118e380:     109 tokens, checkpoints:  0,    13.627 MiB
srv        update:    - prompt 0x3219110:     113 tokens, checkpoints:  0,    14.127 MiB
srv        update:    - prompt 0x321e0f0:     108 tokens, checkpoints:  0,    13.502 MiB
srv        update:    - prompt 0x4398870:     108 tokens, checkpoints:  0,    13.502 MiB
srv        update:    - prompt 0xfdafe0:     108 tokens, checkpoints:  0,    13.502 MiB
srv        update:    - prompt 0xee3170:     111 tokens, checkpoints:  0,    13.877 MiB
srv        update:    - prompt 0x11f3590:     119 tokens, checkpoints:  0,    14.877 MiB
srv        update:    - prompt 0x3222110:     123 tokens, checkpoints:  0,    15.377 MiB
srv        update:    - prompt 0x439c6b0:     131 tokens, checkpoints:  0,    16.377 MiB
srv        update:    - prompt 0x118de20:     130 tokens, checkpoints:  0,    16.252 MiB
srv        update:    - prompt 0x3ac9990:     107 tokens, checkpoints:  0,    13.377 MiB
srv        update:    - prompt 0x3ad9850:     105 tokens, checkpoints:  0,    13.127 MiB
srv        update:    - prompt 0x4398620:     110 tokens, checkpoints:  0,    13.752 MiB
srv        update:    - prompt 0xf0c4e0:     116 tokens, checkpoints:  0,    14.502 MiB
srv        update:    - prompt 0x3adea70:     109 tokens, checkpoints:  0,    13.627 MiB
srv        update:    - prompt 0x3ae5890:     113 tokens, checkpoints:  0,    14.127 MiB
srv        update:    - prompt 0x3ae41b0:     108 tokens, checkpoints:  0,    13.502 MiB
srv        update:    - prompt 0x322e190:     108 tokens, checkpoints:  0,    13.502 MiB
srv        update:    - prompt 0x3af3d70:     108 tokens, checkpoints:  0,    13.502 MiB
srv        update:    - prompt 0x3af38d0:     111 tokens, checkpoints:  0,    13.877 MiB
srv        update:    - prompt 0x438e090:     119 tokens, checkpoints:  0,    14.877 MiB
srv        update:    - prompt 0x32222d0:     123 tokens, checkpoints:  0,    15.377 MiB
srv        update:    - prompt 0x11f26a0:     131 tokens, checkpoints:  0,    16.377 MiB
srv        update:    - prompt 0x32191b0:     130 tokens, checkpoints:  0,    16.252 MiB
srv        update:    - prompt 0x118e2a0:     241 tokens, checkpoints:  0,    30.129 MiB
srv        update:    - prompt 0xfffdcc0062a0:     325 tokens, checkpoints:  0,    40.629 MiB
srv        update:    - prompt 0xfffe24005460:     363 tokens, checkpoints:  0,    45.380 MiB
srv        update:    - prompt 0xfffe1c002440:     425 tokens, checkpoints:  0,    53.131 MiB
srv        update:    - prompt 0x32284f0:     409 tokens, checkpoints:  0,    51.130 MiB
srv        update:    - prompt 0x322ece0:     412 tokens, checkpoints:  0,    51.505 MiB
srv        update:    - prompt 0x3ac8290:     418 tokens, checkpoints:  0,    52.256 MiB
srv        update:    - prompt 0x3239c10:     415 tokens, checkpoints:  0,    51.880 MiB
srv        update:    - prompt 0xf0cf10:     431 tokens, checkpoints:  0,    53.881 MiB
srv        update:    - prompt 0xee7460:     431 tokens, checkpoints:  0,    53.881 MiB
srv        update:    - prompt 0x3ae3460:     107 tokens, checkpoints:  0,    13.377 MiB
srv        update:    - prompt 0xee4950:     105 tokens, checkpoints:  0,    13.127 MiB
srv        update:    - prompt 0x439c010:     110 tokens, checkpoints:  0,    13.752 MiB
srv        update:    - prompt 0xf0d130:     116 tokens, checkpoints:  0,    14.502 MiB
srv        update:    - prompt 0xedfd90:     109 tokens, checkpoints:  0,    13.627 MiB
srv        update:    - prompt 0x3b023f0:     113 tokens, checkpoints:  0,    14.127 MiB
srv        update:    - prompt 0xee1700:     108 tokens, checkpoints:  0,    13.502 MiB
srv        update:    - prompt 0x3ac9130:     108 tokens, checkpoints:  0,    13.502 MiB
srv        update:    - prompt 0x118dfd0:     108 tokens, checkpoints:  0,    13.502 MiB
srv        update:    - prompt 0x3af6ef0:     111 tokens, checkpoints:  0,    13.877 MiB
srv        update:    - prompt 0x3ac87e0:     119 tokens, checkpoints:  0,    14.877 MiB
srv        update:    - prompt 0x3af8fa0:     123 tokens, checkpoints:  0,    15.377 MiB
srv        update:    - prompt 0x1198470:     165 tokens, checkpoints:  0,    20.628 MiB
srv        update:    - prompt 0x3aeac00:     131 tokens, checkpoints:  0,    16.377 MiB
srv        update:    - prompt 0x439a890:     135 tokens, checkpoints:  0,    16.877 MiB
srv        update:    - prompt 0xf0c250:     132 tokens, checkpoints:  0,    16.502 MiB
srv        update:    - prompt 0x32294f0:     146 tokens, checkpoints:  0,    18.252 MiB
srv        update:    - prompt 0xee8ad0:     130 tokens, checkpoints:  0,    16.252 MiB
srv  get_availabl: prompt cache update took 2.79 ms
slot launch_slot_: id  2 | task -1 | sampler chain: logits -> ?penalties -> ?dry -> ?top-n-sigma -> top-k -> ?typical -> top-p -> min-p -> ?xtc -> temp-ext -> dist 
slot launch_slot_: id  2 | task 8282 | processing task, is_child = 0
slot slot_save_an: id  3 | task -1 | saving idle slot to prompt cache
srv   prompt_save:  - saving prompt with length 136, total state size = 17.002 MiB
slot prompt_clear: id  3 | task -1 | clearing prompt with 136 tokens
srv        update:  - cache state: 60 prompts, 1212.281 MiB (limits: 8192.000 MiB, 4096 tokens, 65527 est)
srv        update:    - prompt 0xf0ecd0:     106 tokens, checkpoints:  0,    13.252 MiB
srv        update:    - prompt 0x4397eb0:     107 tokens, checkpoints:  0,    13.377 MiB
srv        update:    - prompt 0x439da00:     106 tokens, checkpoints:  0,    13.252 MiB
srv        update:    - prompt 0x3219be0:     107 tokens, checkpoints:  0,    13.377 MiB
srv        update:    - prompt 0x321c6f0:     105 tokens, checkpoints:  0,    13.127 MiB
srv        update:    - prompt 0x43990c0:     110 tokens, checkpoints:  0,    13.752 MiB
srv        update:    - prompt 0x1019e50:     116 tokens, checkpoints:  0,    14.502 MiB
srv        update:    - prompt 0x118e380:     109 tokens, checkpoints:  0,    13.627 MiB
srv        update:    - prompt 0x3219110:     113 tokens, checkpoints:  0,    14.127 MiB
srv        update:    - prompt 0x321e0f0:     108 tokens, checkpoints:  0,    13.502 MiB
srv        update:    - prompt 0x4398870:     108 tokens, checkpoints:  0,    13.502 MiB
srv        update:    - prompt 0xfdafe0:     108 tokens, checkpoints:  0,    13.502 MiB
srv        update:    - prompt 0xee3170:     111 tokens, checkpoints:  0,    13.877 MiB
srv        update:    - prompt 0x11f3590:     119 tokens, checkpoints:  0,    14.877 MiB
srv        update:    - prompt 0x3222110:     123 tokens, checkpoints:  0,    15.377 MiB
srv        update:    - prompt 0x439c6b0:     131 tokens, checkpoints:  0,    16.377 MiB
srv        update:    - prompt 0x118de20:     130 tokens, checkpoints:  0,    16.252 MiB
srv        update:    - prompt 0x3ac9990:     107 tokens, checkpoints:  0,    13.377 MiB
srv        update:    - prompt 0x3ad9850:     105 tokens, checkpoints:  0,    13.127 MiB
srv        update:    - prompt 0x4398620:     110 tokens, checkpoints:  0,    13.752 MiB
srv        update:    - prompt 0xf0c4e0:     116 tokens, checkpoints:  0,    14.502 MiB
srv        update:    - prompt 0x3adea70:     109 tokens, checkpoints:  0,    13.627 MiB
srv        update:    - prompt 0x3ae5890:     113 tokens, checkpoints:  0,    14.127 MiB
srv        update:    - prompt 0x3ae41b0:     108 tokens, checkpoints:  0,    13.502 MiB
srv        update:    - prompt 0x322e190:     108 tokens, checkpoints:  0,    13.502 MiB
srv        update:    - prompt 0x3af3d70:     108 tokens, checkpoints:  0,    13.502 MiB
srv        update:    - prompt 0x3af38d0:     111 tokens, checkpoints:  0,    13.877 MiB
srv        update:    - prompt 0x438e090:     119 tokens, checkpoints:  0,    14.877 MiB
srv        update:    - prompt 0x32222d0:     123 tokens, checkpoints:  0,    15.377 MiB
srv        update:    - prompt 0x11f26a0:     131 tokens, checkpoints:  0,    16.377 MiB
srv        update:    - prompt 0x32191b0:     130 tokens, checkpoints:  0,    16.252 MiB
srv        update:    - prompt 0x118e2a0:     241 tokens, checkpoints:  0,    30.129 MiB
srv        update:    - prompt 0xfffdcc0062a0:     325 tokens, checkpoints:  0,    40.629 MiB
srv        update:    - prompt 0xfffe24005460:     363 tokens, checkpoints:  0,    45.380 MiB
srv        update:    - prompt 0xfffe1c002440:     425 tokens, checkpoints:  0,    53.131 MiB
srv        update:    - prompt 0x32284f0:     409 tokens, checkpoints:  0,    51.130 MiB
srv        update:    - prompt 0x322ece0:     412 tokens, checkpoints:  0,    51.505 MiB
srv        update:    - prompt 0x3ac8290:     418 tokens, checkpoints:  0,    52.256 MiB
srv        update:    - prompt 0x3239c10:     415 tokens, checkpoints:  0,    51.880 MiB
srv        update:    - prompt 0xf0cf10:     431 tokens, checkpoints:  0,    53.881 MiB
srv        update:    - prompt 0xee7460:     431 tokens, checkpoints:  0,    53.881 MiB
srv        update:    - prompt 0x3ae3460:     107 tokens, checkpoints:  0,    13.377 MiB
srv        update:    - prompt 0xee4950:     105 tokens, checkpoints:  0,    13.127 MiB
srv        update:    - prompt 0x439c010:     110 tokens, checkpoints:  0,    13.752 MiB
srv        update:    - prompt 0xf0d130:     116 tokens, checkpoints:  0,    14.502 MiB
srv        update:    - prompt 0xedfd90:     109 tokens, checkpoints:  0,    13.627 MiB
srv        update:    - prompt 0x3b023f0:     113 tokens, checkpoints:  0,    14.127 MiB
srv        update:    - prompt 0xee1700:     108 tokens, checkpoints:  0,    13.502 MiB
srv        update:    - prompt 0x3ac9130:     108 tokens, checkpoints:  0,    13.502 MiB
srv        update:    - prompt 0x118dfd0:     108 tokens, checkpoints:  0,    13.502 MiB
srv        update:    - prompt 0x3af6ef0:     111 tokens, checkpoints:  0,    13.877 MiB
srv        update:    - prompt 0x3ac87e0:     119 tokens, checkpoints:  0,    14.877 MiB
srv        update:    - prompt 0x3af8fa0:     123 tokens, checkpoints:  0,    15.377 MiB
srv        update:    - prompt 0x1198470:     165 tokens, checkpoints:  0,    20.628 MiB
srv        update:    - prompt 0x3aeac00:     131 tokens, checkpoints:  0,    16.377 MiB
srv        update:    - prompt 0x439a890:     135 tokens, checkpoints:  0,    16.877 MiB
srv        update:    - prompt 0xf0c250:     132 tokens, checkpoints:  0,    16.502 MiB
srv        update:    - prompt 0x32294f0:     146 tokens, checkpoints:  0,    18.252 MiB
srv        update:    - prompt 0xee8ad0:     130 tokens, checkpoints:  0,    16.252 MiB
srv        update:    - prompt 0xef0970:     136 tokens, checkpoints:  0,    17.002 MiB
slot update_slots: id  2 | task 8282 | new prompt, n_ctx_slot = 4096, n_keep = 0, task.n_tokens = 37
slot update_slots: id  2 | task 8282 | n_tokens = 0, memory_seq_rm [0, end)
slot init_sampler: id  2 | task 8282 | init sampler, took 0.02 ms, tokens: text = 37, total = 37
slot update_slots: id  2 | task 8282 | prompt processing done, n_tokens = 37, batch.n_tokens = 37
srv  log_server_r: done request: POST /completion 127.0.0.1 200
slot print_timing: id  2 | task 8282 | 
prompt eval time =   20819.56 ms /    37 tokens (  562.69 ms per token,     1.78 tokens per second)
       eval time =   64299.03 ms /   100 tokens (  642.99 ms per token,     1.56 tokens per second)
      total time =   85118.59 ms /   137 tokens
slot      release: id  2 | task 8282 | stop processing: n_tokens = 136, truncated = 0
srv  update_slots: all slots are idle
slot get_availabl: id  1 | task -1 | selected slot by LRU, t_last = 275502505486
srv  get_availabl: updating prompt cache
srv          load:  - looking for better prompt, base f_keep = -1.000, sim = 0.000
srv          load:  - found better prompt with f_keep = 0.589, sim = 1.000
srv        update:  - cache state: 59 prompts, 1182.152 MiB (limits: 8192.000 MiB, 4096 tokens, 65527 est)
srv        update:    - prompt 0xf0ecd0:     106 tokens, checkpoints:  0,    13.252 MiB
srv        update:    - prompt 0x4397eb0:     107 tokens, checkpoints:  0,    13.377 MiB
srv        update:    - prompt 0x439da00:     106 tokens, checkpoints:  0,    13.252 MiB
srv        update:    - prompt 0x3219be0:     107 tokens, checkpoints:  0,    13.377 MiB
srv        update:    - prompt 0x321c6f0:     105 tokens, checkpoints:  0,    13.127 MiB
srv        update:    - prompt 0x43990c0:     110 tokens, checkpoints:  0,    13.752 MiB
srv        update:    - prompt 0x1019e50:     116 tokens, checkpoints:  0,    14.502 MiB
srv        update:    - prompt 0x118e380:     109 tokens, checkpoints:  0,    13.627 MiB
srv        update:    - prompt 0x3219110:     113 tokens, checkpoints:  0,    14.127 MiB
srv        update:    - prompt 0x321e0f0:     108 tokens, checkpoints:  0,    13.502 MiB
srv        update:    - prompt 0x4398870:     108 tokens, checkpoints:  0,    13.502 MiB
srv        update:    - prompt 0xfdafe0:     108 tokens, checkpoints:  0,    13.502 MiB
srv        update:    - prompt 0xee3170:     111 tokens, checkpoints:  0,    13.877 MiB
srv        update:    - prompt 0x11f3590:     119 tokens, checkpoints:  0,    14.877 MiB
srv        update:    - prompt 0x3222110:     123 tokens, checkpoints:  0,    15.377 MiB
srv        update:    - prompt 0x439c6b0:     131 tokens, checkpoints:  0,    16.377 MiB
srv        update:    - prompt 0x118de20:     130 tokens, checkpoints:  0,    16.252 MiB
srv        update:    - prompt 0x3ac9990:     107 tokens, checkpoints:  0,    13.377 MiB
srv        update:    - prompt 0x3ad9850:     105 tokens, checkpoints:  0,    13.127 MiB
srv        update:    - prompt 0x4398620:     110 tokens, checkpoints:  0,    13.752 MiB
srv        update:    - prompt 0xf0c4e0:     116 tokens, checkpoints:  0,    14.502 MiB
srv        update:    - prompt 0x3adea70:     109 tokens, checkpoints:  0,    13.627 MiB
srv        update:    - prompt 0x3ae5890:     113 tokens, checkpoints:  0,    14.127 MiB
srv        update:    - prompt 0x3ae41b0:     108 tokens, checkpoints:  0,    13.502 MiB
srv        update:    - prompt 0x322e190:     108 tokens, checkpoints:  0,    13.502 MiB
srv        update:    - prompt 0x3af3d70:     108 tokens, checkpoints:  0,    13.502 MiB
srv        update:    - prompt 0x3af38d0:     111 tokens, checkpoints:  0,    13.877 MiB
srv        update:    - prompt 0x438e090:     119 tokens, checkpoints:  0,    14.877 MiB
srv        update:    - prompt 0x32222d0:     123 tokens, checkpoints:  0,    15.377 MiB
srv        update:    - prompt 0x11f26a0:     131 tokens, checkpoints:  0,    16.377 MiB
srv        update:    - prompt 0x32191b0:     130 tokens, checkpoints:  0,    16.252 MiB
srv        update:    - prompt 0xfffdcc0062a0:     325 tokens, checkpoints:  0,    40.629 MiB
srv        update:    - prompt 0xfffe24005460:     363 tokens, checkpoints:  0,    45.380 MiB
srv        update:    - prompt 0xfffe1c002440:     425 tokens, checkpoints:  0,    53.131 MiB
srv        update:    - prompt 0x32284f0:     409 tokens, checkpoints:  0,    51.130 MiB
srv        update:    - prompt 0x322ece0:     412 tokens, checkpoints:  0,    51.505 MiB
srv        update:    - prompt 0x3ac8290:     418 tokens, checkpoints:  0,    52.256 MiB
srv        update:    - prompt 0x3239c10:     415 tokens, checkpoints:  0,    51.880 MiB
srv        update:    - prompt 0xf0cf10:     431 tokens, checkpoints:  0,    53.881 MiB
srv        update:    - prompt 0xee7460:     431 tokens, checkpoints:  0,    53.881 MiB
srv        update:    - prompt 0x3ae3460:     107 tokens, checkpoints:  0,    13.377 MiB
srv        update:    - prompt 0xee4950:     105 tokens, checkpoints:  0,    13.127 MiB
srv        update:    - prompt 0x439c010:     110 tokens, checkpoints:  0,    13.752 MiB
srv        update:    - prompt 0xf0d130:     116 tokens, checkpoints:  0,    14.502 MiB
srv        update:    - prompt 0xedfd90:     109 tokens, checkpoints:  0,    13.627 MiB
srv        update:    - prompt 0x3b023f0:     113 tokens, checkpoints:  0,    14.127 MiB
srv        update:    - prompt 0xee1700:     108 tokens, checkpoints:  0,    13.502 MiB
srv        update:    - prompt 0x3ac9130:     108 tokens, checkpoints:  0,    13.502 MiB
srv        update:    - prompt 0x118dfd0:     108 tokens, checkpoints:  0,    13.502 MiB
srv        update:    - prompt 0x3af6ef0:     111 tokens, checkpoints:  0,    13.877 MiB
srv        update:    - prompt 0x3ac87e0:     119 tokens, checkpoints:  0,    14.877 MiB
srv        update:    - prompt 0x3af8fa0:     123 tokens, checkpoints:  0,    15.377 MiB
srv        update:    - prompt 0x1198470:     165 tokens, checkpoints:  0,    20.628 MiB
srv        update:    - prompt 0x3aeac00:     131 tokens, checkpoints:  0,    16.377 MiB
srv        update:    - prompt 0x439a890:     135 tokens, checkpoints:  0,    16.877 MiB
srv        update:    - prompt 0xf0c250:     132 tokens, checkpoints:  0,    16.502 MiB
srv        update:    - prompt 0x32294f0:     146 tokens, checkpoints:  0,    18.252 MiB
srv        update:    - prompt 0xee8ad0:     130 tokens, checkpoints:  0,    16.252 MiB
srv        update:    - prompt 0xef0970:     136 tokens, checkpoints:  0,    17.002 MiB
srv  get_availabl: prompt cache update took 4.59 ms
slot launch_slot_: id  1 | task -1 | sampler chain: logits -> ?penalties -> ?dry -> ?top-n-sigma -> top-k -> ?typical -> top-p -> min-p -> ?xtc -> temp-ext -> dist 
slot launch_slot_: id  1 | task 8383 | processing task, is_child = 0
slot slot_save_an: id  2 | task -1 | saving idle slot to prompt cache
srv   prompt_save:  - saving prompt with length 136, total state size = 17.002 MiB
slot prompt_clear: id  2 | task -1 | clearing prompt with 136 tokens
srv        update:  - cache state: 60 prompts, 1199.155 MiB (limits: 8192.000 MiB, 4096 tokens, 65527 est)
srv        update:    - prompt 0xf0ecd0:     106 tokens, checkpoints:  0,    13.252 MiB
srv        update:    - prompt 0x4397eb0:     107 tokens, checkpoints:  0,    13.377 MiB
srv        update:    - prompt 0x439da00:     106 tokens, checkpoints:  0,    13.252 MiB
srv        update:    - prompt 0x3219be0:     107 tokens, checkpoints:  0,    13.377 MiB
srv        update:    - prompt 0x321c6f0:     105 tokens, checkpoints:  0,    13.127 MiB
srv        update:    - prompt 0x43990c0:     110 tokens, checkpoints:  0,    13.752 MiB
srv        update:    - prompt 0x1019e50:     116 tokens, checkpoints:  0,    14.502 MiB
srv        update:    - prompt 0x118e380:     109 tokens, checkpoints:  0,    13.627 MiB
srv        update:    - prompt 0x3219110:     113 tokens, checkpoints:  0,    14.127 MiB
srv        update:    - prompt 0x321e0f0:     108 tokens, checkpoints:  0,    13.502 MiB
srv        update:    - prompt 0x4398870:     108 tokens, checkpoints:  0,    13.502 MiB
srv        update:    - prompt 0xfdafe0:     108 tokens, checkpoints:  0,    13.502 MiB
srv        update:    - prompt 0xee3170:     111 tokens, checkpoints:  0,    13.877 MiB
srv        update:    - prompt 0x11f3590:     119 tokens, checkpoints:  0,    14.877 MiB
srv        update:    - prompt 0x3222110:     123 tokens, checkpoints:  0,    15.377 MiB
srv        update:    - prompt 0x439c6b0:     131 tokens, checkpoints:  0,    16.377 MiB
srv        update:    - prompt 0x118de20:     130 tokens, checkpoints:  0,    16.252 MiB
srv        update:    - prompt 0x3ac9990:     107 tokens, checkpoints:  0,    13.377 MiB
srv        update:    - prompt 0x3ad9850:     105 tokens, checkpoints:  0,    13.127 MiB
srv        update:    - prompt 0x4398620:     110 tokens, checkpoints:  0,    13.752 MiB
srv        update:    - prompt 0xf0c4e0:     116 tokens, checkpoints:  0,    14.502 MiB
srv        update:    - prompt 0x3adea70:     109 tokens, checkpoints:  0,    13.627 MiB
srv        update:    - prompt 0x3ae5890:     113 tokens, checkpoints:  0,    14.127 MiB
srv        update:    - prompt 0x3ae41b0:     108 tokens, checkpoints:  0,    13.502 MiB
srv        update:    - prompt 0x322e190:     108 tokens, checkpoints:  0,    13.502 MiB
srv        update:    - prompt 0x3af3d70:     108 tokens, checkpoints:  0,    13.502 MiB
srv        update:    - prompt 0x3af38d0:     111 tokens, checkpoints:  0,    13.877 MiB
srv        update:    - prompt 0x438e090:     119 tokens, checkpoints:  0,    14.877 MiB
srv        update:    - prompt 0x32222d0:     123 tokens, checkpoints:  0,    15.377 MiB
srv        update:    - prompt 0x11f26a0:     131 tokens, checkpoints:  0,    16.377 MiB
srv        update:    - prompt 0x32191b0:     130 tokens, checkpoints:  0,    16.252 MiB
srv        update:    - prompt 0xfffdcc0062a0:     325 tokens, checkpoints:  0,    40.629 MiB
srv        update:    - prompt 0xfffe24005460:     363 tokens, checkpoints:  0,    45.380 MiB
srv        update:    - prompt 0xfffe1c002440:     425 tokens, checkpoints:  0,    53.131 MiB
srv        update:    - prompt 0x32284f0:     409 tokens, checkpoints:  0,    51.130 MiB
srv        update:    - prompt 0x322ece0:     412 tokens, checkpoints:  0,    51.505 MiB
srv        update:    - prompt 0x3ac8290:     418 tokens, checkpoints:  0,    52.256 MiB
srv        update:    - prompt 0x3239c10:     415 tokens, checkpoints:  0,    51.880 MiB
srv        update:    - prompt 0xf0cf10:     431 tokens, checkpoints:  0,    53.881 MiB
srv        update:    - prompt 0xee7460:     431 tokens, checkpoints:  0,    53.881 MiB
srv        update:    - prompt 0x3ae3460:     107 tokens, checkpoints:  0,    13.377 MiB
srv        update:    - prompt 0xee4950:     105 tokens, checkpoints:  0,    13.127 MiB
srv        update:    - prompt 0x439c010:     110 tokens, checkpoints:  0,    13.752 MiB
srv        update:    - prompt 0xf0d130:     116 tokens, checkpoints:  0,    14.502 MiB
srv        update:    - prompt 0xedfd90:     109 tokens, checkpoints:  0,    13.627 MiB
srv        update:    - prompt 0x3b023f0:     113 tokens, checkpoints:  0,    14.127 MiB
srv        update:    - prompt 0xee1700:     108 tokens, checkpoints:  0,    13.502 MiB
srv        update:    - prompt 0x3ac9130:     108 tokens, checkpoints:  0,    13.502 MiB
srv        update:    - prompt 0x118dfd0:     108 tokens, checkpoints:  0,    13.502 MiB
srv        update:    - prompt 0x3af6ef0:     111 tokens, checkpoints:  0,    13.877 MiB
srv        update:    - prompt 0x3ac87e0:     119 tokens, checkpoints:  0,    14.877 MiB
srv        update:    - prompt 0x3af8fa0:     123 tokens, checkpoints:  0,    15.377 MiB
srv        update:    - prompt 0x1198470:     165 tokens, checkpoints:  0,    20.628 MiB
srv        update:    - prompt 0x3aeac00:     131 tokens, checkpoints:  0,    16.377 MiB
srv        update:    - prompt 0x439a890:     135 tokens, checkpoints:  0,    16.877 MiB
srv        update:    - prompt 0xf0c250:     132 tokens, checkpoints:  0,    16.502 MiB
srv        update:    - prompt 0x32294f0:     146 tokens, checkpoints:  0,    18.252 MiB
srv        update:    - prompt 0xee8ad0:     130 tokens, checkpoints:  0,    16.252 MiB
srv        update:    - prompt 0xef0970:     136 tokens, checkpoints:  0,    17.002 MiB
srv        update:    - prompt 0x3ad5fd0:     136 tokens, checkpoints:  0,    17.002 MiB
slot update_slots: id  1 | task 8383 | new prompt, n_ctx_slot = 4096, n_keep = 0, task.n_tokens = 142
slot update_slots: id  1 | task 8383 | n_tokens = 0, memory_seq_rm [0, end)
slot init_sampler: id  1 | task 8383 | init sampler, took 0.08 ms, tokens: text = 142, total = 142
slot update_slots: id  1 | task 8383 | prompt processing done, n_tokens = 142, batch.n_tokens = 142
srv  log_server_r: done request: POST /completion 127.0.0.1 200
slot print_timing: id  1 | task 8383 | 
prompt eval time =   87060.91 ms /   142 tokens (  613.11 ms per token,     1.63 tokens per second)
       eval time =   65314.58 ms /   100 tokens (  653.15 ms per token,     1.53 tokens per second)
      total time =  152375.49 ms /   242 tokens
slot      release: id  1 | task 8383 | stop processing: n_tokens = 241, truncated = 0
srv  update_slots: all slots are idle
slot get_availabl: id  0 | task -1 | selected slot by LRU, t_last = 275584815273
srv  get_availabl: updating prompt cache
srv          load:  - looking for better prompt, base f_keep = -1.000, sim = 0.000
srv          load:  - found better prompt with f_keep = 0.695, sim = 1.000
srv        update:  - cache state: 59 prompts, 1158.525 MiB (limits: 8192.000 MiB, 4096 tokens, 65527 est)
srv        update:    - prompt 0xf0ecd0:     106 tokens, checkpoints:  0,    13.252 MiB
srv        update:    - prompt 0x4397eb0:     107 tokens, checkpoints:  0,    13.377 MiB
srv        update:    - prompt 0x439da00:     106 tokens, checkpoints:  0,    13.252 MiB
srv        update:    - prompt 0x3219be0:     107 tokens, checkpoints:  0,    13.377 MiB
srv        update:    - prompt 0x321c6f0:     105 tokens, checkpoints:  0,    13.127 MiB
srv        update:    - prompt 0x43990c0:     110 tokens, checkpoints:  0,    13.752 MiB
srv        update:    - prompt 0x1019e50:     116 tokens, checkpoints:  0,    14.502 MiB
srv        update:    - prompt 0x118e380:     109 tokens, checkpoints:  0,    13.627 MiB
srv        update:    - prompt 0x3219110:     113 tokens, checkpoints:  0,    14.127 MiB
srv        update:    - prompt 0x321e0f0:     108 tokens, checkpoints:  0,    13.502 MiB
srv        update:    - prompt 0x4398870:     108 tokens, checkpoints:  0,    13.502 MiB
srv        update:    - prompt 0xfdafe0:     108 tokens, checkpoints:  0,    13.502 MiB
srv        update:    - prompt 0xee3170:     111 tokens, checkpoints:  0,    13.877 MiB
srv        update:    - prompt 0x11f3590:     119 tokens, checkpoints:  0,    14.877 MiB
srv        update:    - prompt 0x3222110:     123 tokens, checkpoints:  0,    15.377 MiB
srv        update:    - prompt 0x439c6b0:     131 tokens, checkpoints:  0,    16.377 MiB
srv        update:    - prompt 0x118de20:     130 tokens, checkpoints:  0,    16.252 MiB
srv        update:    - prompt 0x3ac9990:     107 tokens, checkpoints:  0,    13.377 MiB
srv        update:    - prompt 0x3ad9850:     105 tokens, checkpoints:  0,    13.127 MiB
srv        update:    - prompt 0x4398620:     110 tokens, checkpoints:  0,    13.752 MiB
srv        update:    - prompt 0xf0c4e0:     116 tokens, checkpoints:  0,    14.502 MiB
srv        update:    - prompt 0x3adea70:     109 tokens, checkpoints:  0,    13.627 MiB
srv        update:    - prompt 0x3ae5890:     113 tokens, checkpoints:  0,    14.127 MiB
srv        update:    - prompt 0x3ae41b0:     108 tokens, checkpoints:  0,    13.502 MiB
srv        update:    - prompt 0x322e190:     108 tokens, checkpoints:  0,    13.502 MiB
srv        update:    - prompt 0x3af3d70:     108 tokens, checkpoints:  0,    13.502 MiB
srv        update:    - prompt 0x3af38d0:     111 tokens, checkpoints:  0,    13.877 MiB
srv        update:    - prompt 0x438e090:     119 tokens, checkpoints:  0,    14.877 MiB
srv        update:    - prompt 0x32222d0:     123 tokens, checkpoints:  0,    15.377 MiB
srv        update:    - prompt 0x11f26a0:     131 tokens, checkpoints:  0,    16.377 MiB
srv        update:    - prompt 0x32191b0:     130 tokens, checkpoints:  0,    16.252 MiB
srv        update:    - prompt 0xfffe24005460:     363 tokens, checkpoints:  0,    45.380 MiB
srv        update:    - prompt 0xfffe1c002440:     425 tokens, checkpoints:  0,    53.131 MiB
srv        update:    - prompt 0x32284f0:     409 tokens, checkpoints:  0,    51.130 MiB
srv        update:    - prompt 0x322ece0:     412 tokens, checkpoints:  0,    51.505 MiB
srv        update:    - prompt 0x3ac8290:     418 tokens, checkpoints:  0,    52.256 MiB
srv        update:    - prompt 0x3239c10:     415 tokens, checkpoints:  0,    51.880 MiB
srv        update:    - prompt 0xf0cf10:     431 tokens, checkpoints:  0,    53.881 MiB
srv        update:    - prompt 0xee7460:     431 tokens, checkpoints:  0,    53.881 MiB
srv        update:    - prompt 0x3ae3460:     107 tokens, checkpoints:  0,    13.377 MiB
srv        update:    - prompt 0xee4950:     105 tokens, checkpoints:  0,    13.127 MiB
srv        update:    - prompt 0x439c010:     110 tokens, checkpoints:  0,    13.752 MiB
srv        update:    - prompt 0xf0d130:     116 tokens, checkpoints:  0,    14.502 MiB
srv        update:    - prompt 0xedfd90:     109 tokens, checkpoints:  0,    13.627 MiB
srv        update:    - prompt 0x3b023f0:     113 tokens, checkpoints:  0,    14.127 MiB
srv        update:    - prompt 0xee1700:     108 tokens, checkpoints:  0,    13.502 MiB
srv        update:    - prompt 0x3ac9130:     108 tokens, checkpoints:  0,    13.502 MiB
srv        update:    - prompt 0x118dfd0:     108 tokens, checkpoints:  0,    13.502 MiB
srv        update:    - prompt 0x3af6ef0:     111 tokens, checkpoints:  0,    13.877 MiB
srv        update:    - prompt 0x3ac87e0:     119 tokens, checkpoints:  0,    14.877 MiB
srv        update:    - prompt 0x3af8fa0:     123 tokens, checkpoints:  0,    15.377 MiB
srv        update:    - prompt 0x1198470:     165 tokens, checkpoints:  0,    20.628 MiB
srv        update:    - prompt 0x3aeac00:     131 tokens, checkpoints:  0,    16.377 MiB
srv        update:    - prompt 0x439a890:     135 tokens, checkpoints:  0,    16.877 MiB
srv        update:    - prompt 0xf0c250:     132 tokens, checkpoints:  0,    16.502 MiB
srv        update:    - prompt 0x32294f0:     146 tokens, checkpoints:  0,    18.252 MiB
srv        update:    - prompt 0xee8ad0:     130 tokens, checkpoints:  0,    16.252 MiB
srv        update:    - prompt 0xef0970:     136 tokens, checkpoints:  0,    17.002 MiB
srv        update:    - prompt 0x3ad5fd0:     136 tokens, checkpoints:  0,    17.002 MiB
srv  get_availabl: prompt cache update took 12.69 ms
slot launch_slot_: id  0 | task -1 | sampler chain: logits -> ?penalties -> ?dry -> ?top-n-sigma -> top-k -> ?typical -> top-p -> min-p -> ?xtc -> temp-ext -> dist 
slot launch_slot_: id  0 | task 8484 | processing task, is_child = 0
slot slot_save_an: id  1 | task -1 | saving idle slot to prompt cache
srv   prompt_save:  - saving prompt with length 241, total state size = 30.129 MiB
slot prompt_clear: id  1 | task -1 | clearing prompt with 241 tokens
srv        update:  - cache state: 60 prompts, 1188.654 MiB (limits: 8192.000 MiB, 4096 tokens, 65527 est)
srv        update:    - prompt 0xf0ecd0:     106 tokens, checkpoints:  0,    13.252 MiB
srv        update:    - prompt 0x4397eb0:     107 tokens, checkpoints:  0,    13.377 MiB
srv        update:    - prompt 0x439da00:     106 tokens, checkpoints:  0,    13.252 MiB
srv        update:    - prompt 0x3219be0:     107 tokens, checkpoints:  0,    13.377 MiB
srv        update:    - prompt 0x321c6f0:     105 tokens, checkpoints:  0,    13.127 MiB
srv        update:    - prompt 0x43990c0:     110 tokens, checkpoints:  0,    13.752 MiB
srv        update:    - prompt 0x1019e50:     116 tokens, checkpoints:  0,    14.502 MiB
srv        update:    - prompt 0x118e380:     109 tokens, checkpoints:  0,    13.627 MiB
srv        update:    - prompt 0x3219110:     113 tokens, checkpoints:  0,    14.127 MiB
srv        update:    - prompt 0x321e0f0:     108 tokens, checkpoints:  0,    13.502 MiB
srv        update:    - prompt 0x4398870:     108 tokens, checkpoints:  0,    13.502 MiB
srv        update:    - prompt 0xfdafe0:     108 tokens, checkpoints:  0,    13.502 MiB
srv        update:    - prompt 0xee3170:     111 tokens, checkpoints:  0,    13.877 MiB
srv        update:    - prompt 0x11f3590:     119 tokens, checkpoints:  0,    14.877 MiB
srv        update:    - prompt 0x3222110:     123 tokens, checkpoints:  0,    15.377 MiB
srv        update:    - prompt 0x439c6b0:     131 tokens, checkpoints:  0,    16.377 MiB
srv        update:    - prompt 0x118de20:     130 tokens, checkpoints:  0,    16.252 MiB
srv        update:    - prompt 0x3ac9990:     107 tokens, checkpoints:  0,    13.377 MiB
srv        update:    - prompt 0x3ad9850:     105 tokens, checkpoints:  0,    13.127 MiB
srv        update:    - prompt 0x4398620:     110 tokens, checkpoints:  0,    13.752 MiB
srv        update:    - prompt 0xf0c4e0:     116 tokens, checkpoints:  0,    14.502 MiB
srv        update:    - prompt 0x3adea70:     109 tokens, checkpoints:  0,    13.627 MiB
srv        update:    - prompt 0x3ae5890:     113 tokens, checkpoints:  0,    14.127 MiB
srv        update:    - prompt 0x3ae41b0:     108 tokens, checkpoints:  0,    13.502 MiB
srv        update:    - prompt 0x322e190:     108 tokens, checkpoints:  0,    13.502 MiB
srv        update:    - prompt 0x3af3d70:     108 tokens, checkpoints:  0,    13.502 MiB
srv        update:    - prompt 0x3af38d0:     111 tokens, checkpoints:  0,    13.877 MiB
srv        update:    - prompt 0x438e090:     119 tokens, checkpoints:  0,    14.877 MiB
srv        update:    - prompt 0x32222d0:     123 tokens, checkpoints:  0,    15.377 MiB
srv        update:    - prompt 0x11f26a0:     131 tokens, checkpoints:  0,    16.377 MiB
srv        update:    - prompt 0x32191b0:     130 tokens, checkpoints:  0,    16.252 MiB
srv        update:    - prompt 0xfffe24005460:     363 tokens, checkpoints:  0,    45.380 MiB
srv        update:    - prompt 0xfffe1c002440:     425 tokens, checkpoints:  0,    53.131 MiB
srv        update:    - prompt 0x32284f0:     409 tokens, checkpoints:  0,    51.130 MiB
srv        update:    - prompt 0x322ece0:     412 tokens, checkpoints:  0,    51.505 MiB
srv        update:    - prompt 0x3ac8290:     418 tokens, checkpoints:  0,    52.256 MiB
srv        update:    - prompt 0x3239c10:     415 tokens, checkpoints:  0,    51.880 MiB
srv        update:    - prompt 0xf0cf10:     431 tokens, checkpoints:  0,    53.881 MiB
srv        update:    - prompt 0xee7460:     431 tokens, checkpoints:  0,    53.881 MiB
srv        update:    - prompt 0x3ae3460:     107 tokens, checkpoints:  0,    13.377 MiB
srv        update:    - prompt 0xee4950:     105 tokens, checkpoints:  0,    13.127 MiB
srv        update:    - prompt 0x439c010:     110 tokens, checkpoints:  0,    13.752 MiB
srv        update:    - prompt 0xf0d130:     116 tokens, checkpoints:  0,    14.502 MiB
srv        update:    - prompt 0xedfd90:     109 tokens, checkpoints:  0,    13.627 MiB
srv        update:    - prompt 0x3b023f0:     113 tokens, checkpoints:  0,    14.127 MiB
srv        update:    - prompt 0xee1700:     108 tokens, checkpoints:  0,    13.502 MiB
srv        update:    - prompt 0x3ac9130:     108 tokens, checkpoints:  0,    13.502 MiB
srv        update:    - prompt 0x118dfd0:     108 tokens, checkpoints:  0,    13.502 MiB
srv        update:    - prompt 0x3af6ef0:     111 tokens, checkpoints:  0,    13.877 MiB
srv        update:    - prompt 0x3ac87e0:     119 tokens, checkpoints:  0,    14.877 MiB
srv        update:    - prompt 0x3af8fa0:     123 tokens, checkpoints:  0,    15.377 MiB
srv        update:    - prompt 0x1198470:     165 tokens, checkpoints:  0,    20.628 MiB
srv        update:    - prompt 0x3aeac00:     131 tokens, checkpoints:  0,    16.377 MiB
srv        update:    - prompt 0x439a890:     135 tokens, checkpoints:  0,    16.877 MiB
srv        update:    - prompt 0xf0c250:     132 tokens, checkpoints:  0,    16.502 MiB
srv        update:    - prompt 0x32294f0:     146 tokens, checkpoints:  0,    18.252 MiB
srv        update:    - prompt 0xee8ad0:     130 tokens, checkpoints:  0,    16.252 MiB
srv        update:    - prompt 0xef0970:     136 tokens, checkpoints:  0,    17.002 MiB
srv        update:    - prompt 0x3ad5fd0:     136 tokens, checkpoints:  0,    17.002 MiB
srv        update:    - prompt 0xfffdcc0062a0:     241 tokens, checkpoints:  0,    30.129 MiB
slot update_slots: id  0 | task 8484 | new prompt, n_ctx_slot = 4096, n_keep = 0, task.n_tokens = 226
slot update_slots: id  0 | task 8484 | n_tokens = 0, memory_seq_rm [0, end)
slot init_sampler: id  0 | task 8484 | init sampler, took 0.12 ms, tokens: text = 226, total = 226
slot update_slots: id  0 | task 8484 | prompt processing done, n_tokens = 226, batch.n_tokens = 226
srv  log_server_r: done request: POST /completion 127.0.0.1 200
slot print_timing: id  0 | task 8484 | 
prompt eval time =  139060.20 ms /   226 tokens (  615.31 ms per token,     1.63 tokens per second)
       eval time =   67341.62 ms /   100 tokens (  673.42 ms per token,     1.48 tokens per second)
      total time =  206401.82 ms /   326 tokens
slot      release: id  0 | task 8484 | stop processing: n_tokens = 325, truncated = 0
srv  update_slots: all slots are idle
slot get_availabl: id  3 | task -1 | selected slot by LRU, t_last = 275670501195
srv  get_availabl: updating prompt cache
srv          load:  - looking for better prompt, base f_keep = -1.000, sim = 0.000
srv          load:  - found better prompt with f_keep = 0.727, sim = 1.000
srv        update:  - cache state: 59 prompts, 1143.274 MiB (limits: 8192.000 MiB, 4096 tokens, 65527 est)
srv        update:    - prompt 0xf0ecd0:     106 tokens, checkpoints:  0,    13.252 MiB
srv        update:    - prompt 0x4397eb0:     107 tokens, checkpoints:  0,    13.377 MiB
srv        update:    - prompt 0x439da00:     106 tokens, checkpoints:  0,    13.252 MiB
srv        update:    - prompt 0x3219be0:     107 tokens, checkpoints:  0,    13.377 MiB
srv        update:    - prompt 0x321c6f0:     105 tokens, checkpoints:  0,    13.127 MiB
srv        update:    - prompt 0x43990c0:     110 tokens, checkpoints:  0,    13.752 MiB
srv        update:    - prompt 0x1019e50:     116 tokens, checkpoints:  0,    14.502 MiB
srv        update:    - prompt 0x118e380:     109 tokens, checkpoints:  0,    13.627 MiB
srv        update:    - prompt 0x3219110:     113 tokens, checkpoints:  0,    14.127 MiB
srv        update:    - prompt 0x321e0f0:     108 tokens, checkpoints:  0,    13.502 MiB
srv        update:    - prompt 0x4398870:     108 tokens, checkpoints:  0,    13.502 MiB
srv        update:    - prompt 0xfdafe0:     108 tokens, checkpoints:  0,    13.502 MiB
srv        update:    - prompt 0xee3170:     111 tokens, checkpoints:  0,    13.877 MiB
srv        update:    - prompt 0x11f3590:     119 tokens, checkpoints:  0,    14.877 MiB
srv        update:    - prompt 0x3222110:     123 tokens, checkpoints:  0,    15.377 MiB
srv        update:    - prompt 0x439c6b0:     131 tokens, checkpoints:  0,    16.377 MiB
srv        update:    - prompt 0x118de20:     130 tokens, checkpoints:  0,    16.252 MiB
srv        update:    - prompt 0x3ac9990:     107 tokens, checkpoints:  0,    13.377 MiB
srv        update:    - prompt 0x3ad9850:     105 tokens, checkpoints:  0,    13.127 MiB
srv        update:    - prompt 0x4398620:     110 tokens, checkpoints:  0,    13.752 MiB
srv        update:    - prompt 0xf0c4e0:     116 tokens, checkpoints:  0,    14.502 MiB
srv        update:    - prompt 0x3adea70:     109 tokens, checkpoints:  0,    13.627 MiB
srv        update:    - prompt 0x3ae5890:     113 tokens, checkpoints:  0,    14.127 MiB
srv        update:    - prompt 0x3ae41b0:     108 tokens, checkpoints:  0,    13.502 MiB
srv        update:    - prompt 0x322e190:     108 tokens, checkpoints:  0,    13.502 MiB
srv        update:    - prompt 0x3af3d70:     108 tokens, checkpoints:  0,    13.502 MiB
srv        update:    - prompt 0x3af38d0:     111 tokens, checkpoints:  0,    13.877 MiB
srv        update:    - prompt 0x438e090:     119 tokens, checkpoints:  0,    14.877 MiB
srv        update:    - prompt 0x32222d0:     123 tokens, checkpoints:  0,    15.377 MiB
srv        update:    - prompt 0x11f26a0:     131 tokens, checkpoints:  0,    16.377 MiB
srv        update:    - prompt 0x32191b0:     130 tokens, checkpoints:  0,    16.252 MiB
srv        update:    - prompt 0xfffe1c002440:     425 tokens, checkpoints:  0,    53.131 MiB
srv        update:    - prompt 0x32284f0:     409 tokens, checkpoints:  0,    51.130 MiB
srv        update:    - prompt 0x322ece0:     412 tokens, checkpoints:  0,    51.505 MiB
srv        update:    - prompt 0x3ac8290:     418 tokens, checkpoints:  0,    52.256 MiB
srv        update:    - prompt 0x3239c10:     415 tokens, checkpoints:  0,    51.880 MiB
srv        update:    - prompt 0xf0cf10:     431 tokens, checkpoints:  0,    53.881 MiB
srv        update:    - prompt 0xee7460:     431 tokens, checkpoints:  0,    53.881 MiB
srv        update:    - prompt 0x3ae3460:     107 tokens, checkpoints:  0,    13.377 MiB
srv        update:    - prompt 0xee4950:     105 tokens, checkpoints:  0,    13.127 MiB
srv        update:    - prompt 0x439c010:     110 tokens, checkpoints:  0,    13.752 MiB
srv        update:    - prompt 0xf0d130:     116 tokens, checkpoints:  0,    14.502 MiB
srv        update:    - prompt 0xedfd90:     109 tokens, checkpoints:  0,    13.627 MiB
srv        update:    - prompt 0x3b023f0:     113 tokens, checkpoints:  0,    14.127 MiB
srv        update:    - prompt 0xee1700:     108 tokens, checkpoints:  0,    13.502 MiB
srv        update:    - prompt 0x3ac9130:     108 tokens, checkpoints:  0,    13.502 MiB
srv        update:    - prompt 0x118dfd0:     108 tokens, checkpoints:  0,    13.502 MiB
srv        update:    - prompt 0x3af6ef0:     111 tokens, checkpoints:  0,    13.877 MiB
srv        update:    - prompt 0x3ac87e0:     119 tokens, checkpoints:  0,    14.877 MiB
srv        update:    - prompt 0x3af8fa0:     123 tokens, checkpoints:  0,    15.377 MiB
srv        update:    - prompt 0x1198470:     165 tokens, checkpoints:  0,    20.628 MiB
srv        update:    - prompt 0x3aeac00:     131 tokens, checkpoints:  0,    16.377 MiB
srv        update:    - prompt 0x439a890:     135 tokens, checkpoints:  0,    16.877 MiB
srv        update:    - prompt 0xf0c250:     132 tokens, checkpoints:  0,    16.502 MiB
srv        update:    - prompt 0x32294f0:     146 tokens, checkpoints:  0,    18.252 MiB
srv        update:    - prompt 0xee8ad0:     130 tokens, checkpoints:  0,    16.252 MiB
srv        update:    - prompt 0xef0970:     136 tokens, checkpoints:  0,    17.002 MiB
srv        update:    - prompt 0x3ad5fd0:     136 tokens, checkpoints:  0,    17.002 MiB
srv        update:    - prompt 0xfffdcc0062a0:     241 tokens, checkpoints:  0,    30.129 MiB
srv  get_availabl: prompt cache update took 13.85 ms
slot launch_slot_: id  3 | task -1 | sampler chain: logits -> ?penalties -> ?dry -> ?top-n-sigma -> top-k -> ?typical -> top-p -> min-p -> ?xtc -> temp-ext -> dist 
slot launch_slot_: id  3 | task 8585 | processing task, is_child = 0
slot slot_save_an: id  0 | task -1 | saving idle slot to prompt cache
srv   prompt_save:  - saving prompt with length 325, total state size = 40.629 MiB
slot prompt_clear: id  0 | task -1 | clearing prompt with 325 tokens
srv        update:  - cache state: 60 prompts, 1183.903 MiB (limits: 8192.000 MiB, 4096 tokens, 65527 est)
srv        update:    - prompt 0xf0ecd0:     106 tokens, checkpoints:  0,    13.252 MiB
srv        update:    - prompt 0x4397eb0:     107 tokens, checkpoints:  0,    13.377 MiB
srv        update:    - prompt 0x439da00:     106 tokens, checkpoints:  0,    13.252 MiB
srv        update:    - prompt 0x3219be0:     107 tokens, checkpoints:  0,    13.377 MiB
srv        update:    - prompt 0x321c6f0:     105 tokens, checkpoints:  0,    13.127 MiB
srv        update:    - prompt 0x43990c0:     110 tokens, checkpoints:  0,    13.752 MiB
srv        update:    - prompt 0x1019e50:     116 tokens, checkpoints:  0,    14.502 MiB
srv        update:    - prompt 0x118e380:     109 tokens, checkpoints:  0,    13.627 MiB
srv        update:    - prompt 0x3219110:     113 tokens, checkpoints:  0,    14.127 MiB
srv        update:    - prompt 0x321e0f0:     108 tokens, checkpoints:  0,    13.502 MiB
srv        update:    - prompt 0x4398870:     108 tokens, checkpoints:  0,    13.502 MiB
srv        update:    - prompt 0xfdafe0:     108 tokens, checkpoints:  0,    13.502 MiB
srv        update:    - prompt 0xee3170:     111 tokens, checkpoints:  0,    13.877 MiB
srv        update:    - prompt 0x11f3590:     119 tokens, checkpoints:  0,    14.877 MiB
srv        update:    - prompt 0x3222110:     123 tokens, checkpoints:  0,    15.377 MiB
srv        update:    - prompt 0x439c6b0:     131 tokens, checkpoints:  0,    16.377 MiB
srv        update:    - prompt 0x118de20:     130 tokens, checkpoints:  0,    16.252 MiB
srv        update:    - prompt 0x3ac9990:     107 tokens, checkpoints:  0,    13.377 MiB
srv        update:    - prompt 0x3ad9850:     105 tokens, checkpoints:  0,    13.127 MiB
srv        update:    - prompt 0x4398620:     110 tokens, checkpoints:  0,    13.752 MiB
srv        update:    - prompt 0xf0c4e0:     116 tokens, checkpoints:  0,    14.502 MiB
srv        update:    - prompt 0x3adea70:     109 tokens, checkpoints:  0,    13.627 MiB
srv        update:    - prompt 0x3ae5890:     113 tokens, checkpoints:  0,    14.127 MiB
srv        update:    - prompt 0x3ae41b0:     108 tokens, checkpoints:  0,    13.502 MiB
srv        update:    - prompt 0x322e190:     108 tokens, checkpoints:  0,    13.502 MiB
srv        update:    - prompt 0x3af3d70:     108 tokens, checkpoints:  0,    13.502 MiB
srv        update:    - prompt 0x3af38d0:     111 tokens, checkpoints:  0,    13.877 MiB
srv        update:    - prompt 0x438e090:     119 tokens, checkpoints:  0,    14.877 MiB
srv        update:    - prompt 0x32222d0:     123 tokens, checkpoints:  0,    15.377 MiB
srv        update:    - prompt 0x11f26a0:     131 tokens, checkpoints:  0,    16.377 MiB
srv        update:    - prompt 0x32191b0:     130 tokens, checkpoints:  0,    16.252 MiB
srv        update:    - prompt 0xfffe1c002440:     425 tokens, checkpoints:  0,    53.131 MiB
srv        update:    - prompt 0x32284f0:     409 tokens, checkpoints:  0,    51.130 MiB
srv        update:    - prompt 0x322ece0:     412 tokens, checkpoints:  0,    51.505 MiB
srv        update:    - prompt 0x3ac8290:     418 tokens, checkpoints:  0,    52.256 MiB
srv        update:    - prompt 0x3239c10:     415 tokens, checkpoints:  0,    51.880 MiB
srv        update:    - prompt 0xf0cf10:     431 tokens, checkpoints:  0,    53.881 MiB
srv        update:    - prompt 0xee7460:     431 tokens, checkpoints:  0,    53.881 MiB
srv        update:    - prompt 0x3ae3460:     107 tokens, checkpoints:  0,    13.377 MiB
srv        update:    - prompt 0xee4950:     105 tokens, checkpoints:  0,    13.127 MiB
srv        update:    - prompt 0x439c010:     110 tokens, checkpoints:  0,    13.752 MiB
srv        update:    - prompt 0xf0d130:     116 tokens, checkpoints:  0,    14.502 MiB
srv        update:    - prompt 0xedfd90:     109 tokens, checkpoints:  0,    13.627 MiB
srv        update:    - prompt 0x3b023f0:     113 tokens, checkpoints:  0,    14.127 MiB
srv        update:    - prompt 0xee1700:     108 tokens, checkpoints:  0,    13.502 MiB
srv        update:    - prompt 0x3ac9130:     108 tokens, checkpoints:  0,    13.502 MiB
srv        update:    - prompt 0x118dfd0:     108 tokens, checkpoints:  0,    13.502 MiB
srv        update:    - prompt 0x3af6ef0:     111 tokens, checkpoints:  0,    13.877 MiB
srv        update:    - prompt 0x3ac87e0:     119 tokens, checkpoints:  0,    14.877 MiB
srv        update:    - prompt 0x3af8fa0:     123 tokens, checkpoints:  0,    15.377 MiB
srv        update:    - prompt 0x1198470:     165 tokens, checkpoints:  0,    20.628 MiB
srv        update:    - prompt 0x3aeac00:     131 tokens, checkpoints:  0,    16.377 MiB
srv        update:    - prompt 0x439a890:     135 tokens, checkpoints:  0,    16.877 MiB
srv        update:    - prompt 0xf0c250:     132 tokens, checkpoints:  0,    16.502 MiB
srv        update:    - prompt 0x32294f0:     146 tokens, checkpoints:  0,    18.252 MiB
srv        update:    - prompt 0xee8ad0:     130 tokens, checkpoints:  0,    16.252 MiB
srv        update:    - prompt 0xef0970:     136 tokens, checkpoints:  0,    17.002 MiB
srv        update:    - prompt 0x3ad5fd0:     136 tokens, checkpoints:  0,    17.002 MiB
srv        update:    - prompt 0xfffdcc0062a0:     241 tokens, checkpoints:  0,    30.129 MiB
srv        update:    - prompt 0xfffe24005460:     325 tokens, checkpoints:  0,    40.629 MiB
slot update_slots: id  3 | task 8585 | new prompt, n_ctx_slot = 4096, n_keep = 0, task.n_tokens = 264
slot update_slots: id  3 | task 8585 | n_tokens = 0, memory_seq_rm [0, end)
slot init_sampler: id  3 | task 8585 | init sampler, took 0.12 ms, tokens: text = 264, total = 264
slot update_slots: id  3 | task 8585 | prompt processing done, n_tokens = 264, batch.n_tokens = 264
srv  log_server_r: done request: POST /completion 127.0.0.1 200
slot print_timing: id  3 | task 8585 | 
prompt eval time =  166711.76 ms /   264 tokens (  631.48 ms per token,     1.58 tokens per second)
       eval time =   68106.66 ms /   100 tokens (  681.07 ms per token,     1.47 tokens per second)
      total time =  234818.42 ms /   364 tokens
slot      release: id  3 | task 8585 | stop processing: n_tokens = 363, truncated = 0
srv  update_slots: all slots are idle
slot get_availabl: id  2 | task -1 | selected slot by LRU, t_last = 275756211233
srv  get_availabl: updating prompt cache
srv          load:  - looking for better prompt, base f_keep = -1.000, sim = 0.000
srv          load:  - found better prompt with f_keep = 0.767, sim = 1.000
srv        update:  - cache state: 59 prompts, 1130.773 MiB (limits: 8192.000 MiB, 4096 tokens, 65527 est)
srv        update:    - prompt 0xf0ecd0:     106 tokens, checkpoints:  0,    13.252 MiB
srv        update:    - prompt 0x4397eb0:     107 tokens, checkpoints:  0,    13.377 MiB
srv        update:    - prompt 0x439da00:     106 tokens, checkpoints:  0,    13.252 MiB
srv        update:    - prompt 0x3219be0:     107 tokens, checkpoints:  0,    13.377 MiB
srv        update:    - prompt 0x321c6f0:     105 tokens, checkpoints:  0,    13.127 MiB
srv        update:    - prompt 0x43990c0:     110 tokens, checkpoints:  0,    13.752 MiB
srv        update:    - prompt 0x1019e50:     116 tokens, checkpoints:  0,    14.502 MiB
srv        update:    - prompt 0x118e380:     109 tokens, checkpoints:  0,    13.627 MiB
srv        update:    - prompt 0x3219110:     113 tokens, checkpoints:  0,    14.127 MiB
srv        update:    - prompt 0x321e0f0:     108 tokens, checkpoints:  0,    13.502 MiB
srv        update:    - prompt 0x4398870:     108 tokens, checkpoints:  0,    13.502 MiB
srv        update:    - prompt 0xfdafe0:     108 tokens, checkpoints:  0,    13.502 MiB
srv        update:    - prompt 0xee3170:     111 tokens, checkpoints:  0,    13.877 MiB
srv        update:    - prompt 0x11f3590:     119 tokens, checkpoints:  0,    14.877 MiB
srv        update:    - prompt 0x3222110:     123 tokens, checkpoints:  0,    15.377 MiB
srv        update:    - prompt 0x439c6b0:     131 tokens, checkpoints:  0,    16.377 MiB
srv        update:    - prompt 0x118de20:     130 tokens, checkpoints:  0,    16.252 MiB
srv        update:    - prompt 0x3ac9990:     107 tokens, checkpoints:  0,    13.377 MiB
srv        update:    - prompt 0x3ad9850:     105 tokens, checkpoints:  0,    13.127 MiB
srv        update:    - prompt 0x4398620:     110 tokens, checkpoints:  0,    13.752 MiB
srv        update:    - prompt 0xf0c4e0:     116 tokens, checkpoints:  0,    14.502 MiB
srv        update:    - prompt 0x3adea70:     109 tokens, checkpoints:  0,    13.627 MiB
srv        update:    - prompt 0x3ae5890:     113 tokens, checkpoints:  0,    14.127 MiB
srv        update:    - prompt 0x3ae41b0:     108 tokens, checkpoints:  0,    13.502 MiB
srv        update:    - prompt 0x322e190:     108 tokens, checkpoints:  0,    13.502 MiB
srv        update:    - prompt 0x3af3d70:     108 tokens, checkpoints:  0,    13.502 MiB
srv        update:    - prompt 0x3af38d0:     111 tokens, checkpoints:  0,    13.877 MiB
srv        update:    - prompt 0x438e090:     119 tokens, checkpoints:  0,    14.877 MiB
srv        update:    - prompt 0x32222d0:     123 tokens, checkpoints:  0,    15.377 MiB
srv        update:    - prompt 0x11f26a0:     131 tokens, checkpoints:  0,    16.377 MiB
srv        update:    - prompt 0x32191b0:     130 tokens, checkpoints:  0,    16.252 MiB
srv        update:    - prompt 0x32284f0:     409 tokens, checkpoints:  0,    51.130 MiB
srv        update:    - prompt 0x322ece0:     412 tokens, checkpoints:  0,    51.505 MiB
srv        update:    - prompt 0x3ac8290:     418 tokens, checkpoints:  0,    52.256 MiB
srv        update:    - prompt 0x3239c10:     415 tokens, checkpoints:  0,    51.880 MiB
srv        update:    - prompt 0xf0cf10:     431 tokens, checkpoints:  0,    53.881 MiB
srv        update:    - prompt 0xee7460:     431 tokens, checkpoints:  0,    53.881 MiB
srv        update:    - prompt 0x3ae3460:     107 tokens, checkpoints:  0,    13.377 MiB
srv        update:    - prompt 0xee4950:     105 tokens, checkpoints:  0,    13.127 MiB
srv        update:    - prompt 0x439c010:     110 tokens, checkpoints:  0,    13.752 MiB
srv        update:    - prompt 0xf0d130:     116 tokens, checkpoints:  0,    14.502 MiB
srv        update:    - prompt 0xedfd90:     109 tokens, checkpoints:  0,    13.627 MiB
srv        update:    - prompt 0x3b023f0:     113 tokens, checkpoints:  0,    14.127 MiB
srv        update:    - prompt 0xee1700:     108 tokens, checkpoints:  0,    13.502 MiB
srv        update:    - prompt 0x3ac9130:     108 tokens, checkpoints:  0,    13.502 MiB
srv        update:    - prompt 0x118dfd0:     108 tokens, checkpoints:  0,    13.502 MiB
srv        update:    - prompt 0x3af6ef0:     111 tokens, checkpoints:  0,    13.877 MiB
srv        update:    - prompt 0x3ac87e0:     119 tokens, checkpoints:  0,    14.877 MiB
srv        update:    - prompt 0x3af8fa0:     123 tokens, checkpoints:  0,    15.377 MiB
srv        update:    - prompt 0x1198470:     165 tokens, checkpoints:  0,    20.628 MiB
srv        update:    - prompt 0x3aeac00:     131 tokens, checkpoints:  0,    16.377 MiB
srv        update:    - prompt 0x439a890:     135 tokens, checkpoints:  0,    16.877 MiB
srv        update:    - prompt 0xf0c250:     132 tokens, checkpoints:  0,    16.502 MiB
srv        update:    - prompt 0x32294f0:     146 tokens, checkpoints:  0,    18.252 MiB
srv        update:    - prompt 0xee8ad0:     130 tokens, checkpoints:  0,    16.252 MiB
srv        update:    - prompt 0xef0970:     136 tokens, checkpoints:  0,    17.002 MiB
srv        update:    - prompt 0x3ad5fd0:     136 tokens, checkpoints:  0,    17.002 MiB
srv        update:    - prompt 0xfffdcc0062a0:     241 tokens, checkpoints:  0,    30.129 MiB
srv        update:    - prompt 0xfffe24005460:     325 tokens, checkpoints:  0,    40.629 MiB
srv  get_availabl: prompt cache update took 16.17 ms
slot launch_slot_: id  2 | task -1 | sampler chain: logits -> ?penalties -> ?dry -> ?top-n-sigma -> top-k -> ?typical -> top-p -> min-p -> ?xtc -> temp-ext -> dist 
slot launch_slot_: id  2 | task 8686 | processing task, is_child = 0
slot slot_save_an: id  3 | task -1 | saving idle slot to prompt cache
srv   prompt_save:  - saving prompt with length 363, total state size = 45.380 MiB
slot prompt_clear: id  3 | task -1 | clearing prompt with 363 tokens
srv        update:  - cache state: 60 prompts, 1176.153 MiB (limits: 8192.000 MiB, 4096 tokens, 65527 est)
srv        update:    - prompt 0xf0ecd0:     106 tokens, checkpoints:  0,    13.252 MiB
srv        update:    - prompt 0x4397eb0:     107 tokens, checkpoints:  0,    13.377 MiB
srv        update:    - prompt 0x439da00:     106 tokens, checkpoints:  0,    13.252 MiB
srv        update:    - prompt 0x3219be0:     107 tokens, checkpoints:  0,    13.377 MiB
srv        update:    - prompt 0x321c6f0:     105 tokens, checkpoints:  0,    13.127 MiB
srv        update:    - prompt 0x43990c0:     110 tokens, checkpoints:  0,    13.752 MiB
srv        update:    - prompt 0x1019e50:     116 tokens, checkpoints:  0,    14.502 MiB
srv        update:    - prompt 0x118e380:     109 tokens, checkpoints:  0,    13.627 MiB
srv        update:    - prompt 0x3219110:     113 tokens, checkpoints:  0,    14.127 MiB
srv        update:    - prompt 0x321e0f0:     108 tokens, checkpoints:  0,    13.502 MiB
srv        update:    - prompt 0x4398870:     108 tokens, checkpoints:  0,    13.502 MiB
srv        update:    - prompt 0xfdafe0:     108 tokens, checkpoints:  0,    13.502 MiB
srv        update:    - prompt 0xee3170:     111 tokens, checkpoints:  0,    13.877 MiB
srv        update:    - prompt 0x11f3590:     119 tokens, checkpoints:  0,    14.877 MiB
srv        update:    - prompt 0x3222110:     123 tokens, checkpoints:  0,    15.377 MiB
srv        update:    - prompt 0x439c6b0:     131 tokens, checkpoints:  0,    16.377 MiB
srv        update:    - prompt 0x118de20:     130 tokens, checkpoints:  0,    16.252 MiB
srv        update:    - prompt 0x3ac9990:     107 tokens, checkpoints:  0,    13.377 MiB
srv        update:    - prompt 0x3ad9850:     105 tokens, checkpoints:  0,    13.127 MiB
srv        update:    - prompt 0x4398620:     110 tokens, checkpoints:  0,    13.752 MiB
srv        update:    - prompt 0xf0c4e0:     116 tokens, checkpoints:  0,    14.502 MiB
srv        update:    - prompt 0x3adea70:     109 tokens, checkpoints:  0,    13.627 MiB
srv        update:    - prompt 0x3ae5890:     113 tokens, checkpoints:  0,    14.127 MiB
srv        update:    - prompt 0x3ae41b0:     108 tokens, checkpoints:  0,    13.502 MiB
srv        update:    - prompt 0x322e190:     108 tokens, checkpoints:  0,    13.502 MiB
srv        update:    - prompt 0x3af3d70:     108 tokens, checkpoints:  0,    13.502 MiB
srv        update:    - prompt 0x3af38d0:     111 tokens, checkpoints:  0,    13.877 MiB
srv        update:    - prompt 0x438e090:     119 tokens, checkpoints:  0,    14.877 MiB
srv        update:    - prompt 0x32222d0:     123 tokens, checkpoints:  0,    15.377 MiB
srv        update:    - prompt 0x11f26a0:     131 tokens, checkpoints:  0,    16.377 MiB
srv        update:    - prompt 0x32191b0:     130 tokens, checkpoints:  0,    16.252 MiB
srv        update:    - prompt 0x32284f0:     409 tokens, checkpoints:  0,    51.130 MiB
srv        update:    - prompt 0x322ece0:     412 tokens, checkpoints:  0,    51.505 MiB
srv        update:    - prompt 0x3ac8290:     418 tokens, checkpoints:  0,    52.256 MiB
srv        update:    - prompt 0x3239c10:     415 tokens, checkpoints:  0,    51.880 MiB
srv        update:    - prompt 0xf0cf10:     431 tokens, checkpoints:  0,    53.881 MiB
srv        update:    - prompt 0xee7460:     431 tokens, checkpoints:  0,    53.881 MiB
srv        update:    - prompt 0x3ae3460:     107 tokens, checkpoints:  0,    13.377 MiB
srv        update:    - prompt 0xee4950:     105 tokens, checkpoints:  0,    13.127 MiB
srv        update:    - prompt 0x439c010:     110 tokens, checkpoints:  0,    13.752 MiB
srv        update:    - prompt 0xf0d130:     116 tokens, checkpoints:  0,    14.502 MiB
srv        update:    - prompt 0xedfd90:     109 tokens, checkpoints:  0,    13.627 MiB
srv        update:    - prompt 0x3b023f0:     113 tokens, checkpoints:  0,    14.127 MiB
srv        update:    - prompt 0xee1700:     108 tokens, checkpoints:  0,    13.502 MiB
srv        update:    - prompt 0x3ac9130:     108 tokens, checkpoints:  0,    13.502 MiB
srv        update:    - prompt 0x118dfd0:     108 tokens, checkpoints:  0,    13.502 MiB
srv        update:    - prompt 0x3af6ef0:     111 tokens, checkpoints:  0,    13.877 MiB
srv        update:    - prompt 0x3ac87e0:     119 tokens, checkpoints:  0,    14.877 MiB
srv        update:    - prompt 0x3af8fa0:     123 tokens, checkpoints:  0,    15.377 MiB
srv        update:    - prompt 0x1198470:     165 tokens, checkpoints:  0,    20.628 MiB
srv        update:    - prompt 0x3aeac00:     131 tokens, checkpoints:  0,    16.377 MiB
srv        update:    - prompt 0x439a890:     135 tokens, checkpoints:  0,    16.877 MiB
srv        update:    - prompt 0xf0c250:     132 tokens, checkpoints:  0,    16.502 MiB
srv        update:    - prompt 0x32294f0:     146 tokens, checkpoints:  0,    18.252 MiB
srv        update:    - prompt 0xee8ad0:     130 tokens, checkpoints:  0,    16.252 MiB
srv        update:    - prompt 0xef0970:     136 tokens, checkpoints:  0,    17.002 MiB
srv        update:    - prompt 0x3ad5fd0:     136 tokens, checkpoints:  0,    17.002 MiB
srv        update:    - prompt 0xfffdcc0062a0:     241 tokens, checkpoints:  0,    30.129 MiB
srv        update:    - prompt 0xfffe24005460:     325 tokens, checkpoints:  0,    40.629 MiB
srv        update:    - prompt 0xfffd70005720:     363 tokens, checkpoints:  0,    45.380 MiB
slot update_slots: id  2 | task 8686 | new prompt, n_ctx_slot = 4096, n_keep = 0, task.n_tokens = 326
slot update_slots: id  2 | task 8686 | n_tokens = 0, memory_seq_rm [0, end)
slot init_sampler: id  2 | task 8686 | init sampler, took 0.17 ms, tokens: text = 326, total = 326
slot update_slots: id  2 | task 8686 | prompt processing done, n_tokens = 326, batch.n_tokens = 326
srv  log_server_r: done request: POST /completion 127.0.0.1 200
slot print_timing: id  2 | task 8686 | 
prompt eval time =  208969.09 ms /   326 tokens (  641.01 ms per token,     1.56 tokens per second)
       eval time =   68147.96 ms /   100 tokens (  681.48 ms per token,     1.47 tokens per second)
      total time =  277117.05 ms /   426 tokens
slot      release: id  2 | task 8686 | stop processing: n_tokens = 425, truncated = 0
srv  update_slots: all slots are idle
slot get_availabl: id  1 | task -1 | selected slot by LRU, t_last = 275909180231
srv  get_availabl: updating prompt cache
srv          load:  - looking for better prompt, base f_keep = -1.000, sim = 0.000
srv          load:  - found better prompt with f_keep = 0.758, sim = 1.000
srv        update:  - cache state: 59 prompts, 1125.022 MiB (limits: 8192.000 MiB, 4096 tokens, 65527 est)
srv        update:    - prompt 0xf0ecd0:     106 tokens, checkpoints:  0,    13.252 MiB
srv        update:    - prompt 0x4397eb0:     107 tokens, checkpoints:  0,    13.377 MiB
srv        update:    - prompt 0x439da00:     106 tokens, checkpoints:  0,    13.252 MiB
srv        update:    - prompt 0x3219be0:     107 tokens, checkpoints:  0,    13.377 MiB
srv        update:    - prompt 0x321c6f0:     105 tokens, checkpoints:  0,    13.127 MiB
srv        update:    - prompt 0x43990c0:     110 tokens, checkpoints:  0,    13.752 MiB
srv        update:    - prompt 0x1019e50:     116 tokens, checkpoints:  0,    14.502 MiB
srv        update:    - prompt 0x118e380:     109 tokens, checkpoints:  0,    13.627 MiB
srv        update:    - prompt 0x3219110:     113 tokens, checkpoints:  0,    14.127 MiB
srv        update:    - prompt 0x321e0f0:     108 tokens, checkpoints:  0,    13.502 MiB
srv        update:    - prompt 0x4398870:     108 tokens, checkpoints:  0,    13.502 MiB
srv        update:    - prompt 0xfdafe0:     108 tokens, checkpoints:  0,    13.502 MiB
srv        update:    - prompt 0xee3170:     111 tokens, checkpoints:  0,    13.877 MiB
srv        update:    - prompt 0x11f3590:     119 tokens, checkpoints:  0,    14.877 MiB
srv        update:    - prompt 0x3222110:     123 tokens, checkpoints:  0,    15.377 MiB
srv        update:    - prompt 0x439c6b0:     131 tokens, checkpoints:  0,    16.377 MiB
srv        update:    - prompt 0x118de20:     130 tokens, checkpoints:  0,    16.252 MiB
srv        update:    - prompt 0x3ac9990:     107 tokens, checkpoints:  0,    13.377 MiB
srv        update:    - prompt 0x3ad9850:     105 tokens, checkpoints:  0,    13.127 MiB
srv        update:    - prompt 0x4398620:     110 tokens, checkpoints:  0,    13.752 MiB
srv        update:    - prompt 0xf0c4e0:     116 tokens, checkpoints:  0,    14.502 MiB
srv        update:    - prompt 0x3adea70:     109 tokens, checkpoints:  0,    13.627 MiB
srv        update:    - prompt 0x3ae5890:     113 tokens, checkpoints:  0,    14.127 MiB
srv        update:    - prompt 0x3ae41b0:     108 tokens, checkpoints:  0,    13.502 MiB
srv        update:    - prompt 0x322e190:     108 tokens, checkpoints:  0,    13.502 MiB
srv        update:    - prompt 0x3af3d70:     108 tokens, checkpoints:  0,    13.502 MiB
srv        update:    - prompt 0x3af38d0:     111 tokens, checkpoints:  0,    13.877 MiB
srv        update:    - prompt 0x438e090:     119 tokens, checkpoints:  0,    14.877 MiB
srv        update:    - prompt 0x32222d0:     123 tokens, checkpoints:  0,    15.377 MiB
srv        update:    - prompt 0x11f26a0:     131 tokens, checkpoints:  0,    16.377 MiB
srv        update:    - prompt 0x32191b0:     130 tokens, checkpoints:  0,    16.252 MiB
srv        update:    - prompt 0x322ece0:     412 tokens, checkpoints:  0,    51.505 MiB
srv        update:    - prompt 0x3ac8290:     418 tokens, checkpoints:  0,    52.256 MiB
srv        update:    - prompt 0x3239c10:     415 tokens, checkpoints:  0,    51.880 MiB
srv        update:    - prompt 0xf0cf10:     431 tokens, checkpoints:  0,    53.881 MiB
srv        update:    - prompt 0xee7460:     431 tokens, checkpoints:  0,    53.881 MiB
srv        update:    - prompt 0x3ae3460:     107 tokens, checkpoints:  0,    13.377 MiB
srv        update:    - prompt 0xee4950:     105 tokens, checkpoints:  0,    13.127 MiB
srv        update:    - prompt 0x439c010:     110 tokens, checkpoints:  0,    13.752 MiB
srv        update:    - prompt 0xf0d130:     116 tokens, checkpoints:  0,    14.502 MiB
srv        update:    - prompt 0xedfd90:     109 tokens, checkpoints:  0,    13.627 MiB
srv        update:    - prompt 0x3b023f0:     113 tokens, checkpoints:  0,    14.127 MiB
srv        update:    - prompt 0xee1700:     108 tokens, checkpoints:  0,    13.502 MiB
srv        update:    - prompt 0x3ac9130:     108 tokens, checkpoints:  0,    13.502 MiB
srv        update:    - prompt 0x118dfd0:     108 tokens, checkpoints:  0,    13.502 MiB
srv        update:    - prompt 0x3af6ef0:     111 tokens, checkpoints:  0,    13.877 MiB
srv        update:    - prompt 0x3ac87e0:     119 tokens, checkpoints:  0,    14.877 MiB
srv        update:    - prompt 0x3af8fa0:     123 tokens, checkpoints:  0,    15.377 MiB
srv        update:    - prompt 0x1198470:     165 tokens, checkpoints:  0,    20.628 MiB
srv        update:    - prompt 0x3aeac00:     131 tokens, checkpoints:  0,    16.377 MiB
srv        update:    - prompt 0x439a890:     135 tokens, checkpoints:  0,    16.877 MiB
srv        update:    - prompt 0xf0c250:     132 tokens, checkpoints:  0,    16.502 MiB
srv        update:    - prompt 0x32294f0:     146 tokens, checkpoints:  0,    18.252 MiB
srv        update:    - prompt 0xee8ad0:     130 tokens, checkpoints:  0,    16.252 MiB
srv        update:    - prompt 0xef0970:     136 tokens, checkpoints:  0,    17.002 MiB
srv        update:    - prompt 0x3ad5fd0:     136 tokens, checkpoints:  0,    17.002 MiB
srv        update:    - prompt 0xfffdcc0062a0:     241 tokens, checkpoints:  0,    30.129 MiB
srv        update:    - prompt 0xfffe24005460:     325 tokens, checkpoints:  0,    40.629 MiB
srv        update:    - prompt 0xfffd70005720:     363 tokens, checkpoints:  0,    45.380 MiB
srv  get_availabl: prompt cache update took 15.60 ms
slot launch_slot_: id  1 | task -1 | sampler chain: logits -> ?penalties -> ?dry -> ?top-n-sigma -> top-k -> ?typical -> top-p -> min-p -> ?xtc -> temp-ext -> dist 
slot launch_slot_: id  1 | task 8787 | processing task, is_child = 0
slot slot_save_an: id  2 | task -1 | saving idle slot to prompt cache
srv   prompt_save:  - saving prompt with length 425, total state size = 53.131 MiB
slot prompt_clear: id  2 | task -1 | clearing prompt with 425 tokens
srv        update:  - cache state: 60 prompts, 1178.153 MiB (limits: 8192.000 MiB, 4096 tokens, 65527 est)
srv        update:    - prompt 0xf0ecd0:     106 tokens, checkpoints:  0,    13.252 MiB
srv        update:    - prompt 0x4397eb0:     107 tokens, checkpoints:  0,    13.377 MiB
srv        update:    - prompt 0x439da00:     106 tokens, checkpoints:  0,    13.252 MiB
srv        update:    - prompt 0x3219be0:     107 tokens, checkpoints:  0,    13.377 MiB
srv        update:    - prompt 0x321c6f0:     105 tokens, checkpoints:  0,    13.127 MiB
srv        update:    - prompt 0x43990c0:     110 tokens, checkpoints:  0,    13.752 MiB
srv        update:    - prompt 0x1019e50:     116 tokens, checkpoints:  0,    14.502 MiB
srv        update:    - prompt 0x118e380:     109 tokens, checkpoints:  0,    13.627 MiB
srv        update:    - prompt 0x3219110:     113 tokens, checkpoints:  0,    14.127 MiB
srv        update:    - prompt 0x321e0f0:     108 tokens, checkpoints:  0,    13.502 MiB
srv        update:    - prompt 0x4398870:     108 tokens, checkpoints:  0,    13.502 MiB
srv        update:    - prompt 0xfdafe0:     108 tokens, checkpoints:  0,    13.502 MiB
srv        update:    - prompt 0xee3170:     111 tokens, checkpoints:  0,    13.877 MiB
srv        update:    - prompt 0x11f3590:     119 tokens, checkpoints:  0,    14.877 MiB
srv        update:    - prompt 0x3222110:     123 tokens, checkpoints:  0,    15.377 MiB
srv        update:    - prompt 0x439c6b0:     131 tokens, checkpoints:  0,    16.377 MiB
srv        update:    - prompt 0x118de20:     130 tokens, checkpoints:  0,    16.252 MiB
srv        update:    - prompt 0x3ac9990:     107 tokens, checkpoints:  0,    13.377 MiB
srv        update:    - prompt 0x3ad9850:     105 tokens, checkpoints:  0,    13.127 MiB
srv        update:    - prompt 0x4398620:     110 tokens, checkpoints:  0,    13.752 MiB
srv        update:    - prompt 0xf0c4e0:     116 tokens, checkpoints:  0,    14.502 MiB
srv        update:    - prompt 0x3adea70:     109 tokens, checkpoints:  0,    13.627 MiB
srv        update:    - prompt 0x3ae5890:     113 tokens, checkpoints:  0,    14.127 MiB
srv        update:    - prompt 0x3ae41b0:     108 tokens, checkpoints:  0,    13.502 MiB
srv        update:    - prompt 0x322e190:     108 tokens, checkpoints:  0,    13.502 MiB
srv        update:    - prompt 0x3af3d70:     108 tokens, checkpoints:  0,    13.502 MiB
srv        update:    - prompt 0x3af38d0:     111 tokens, checkpoints:  0,    13.877 MiB
srv        update:    - prompt 0x438e090:     119 tokens, checkpoints:  0,    14.877 MiB
srv        update:    - prompt 0x32222d0:     123 tokens, checkpoints:  0,    15.377 MiB
srv        update:    - prompt 0x11f26a0:     131 tokens, checkpoints:  0,    16.377 MiB
srv        update:    - prompt 0x32191b0:     130 tokens, checkpoints:  0,    16.252 MiB
srv        update:    - prompt 0x322ece0:     412 tokens, checkpoints:  0,    51.505 MiB
srv        update:    - prompt 0x3ac8290:     418 tokens, checkpoints:  0,    52.256 MiB
srv        update:    - prompt 0x3239c10:     415 tokens, checkpoints:  0,    51.880 MiB
srv        update:    - prompt 0xf0cf10:     431 tokens, checkpoints:  0,    53.881 MiB
srv        update:    - prompt 0xee7460:     431 tokens, checkpoints:  0,    53.881 MiB
srv        update:    - prompt 0x3ae3460:     107 tokens, checkpoints:  0,    13.377 MiB
srv        update:    - prompt 0xee4950:     105 tokens, checkpoints:  0,    13.127 MiB
srv        update:    - prompt 0x439c010:     110 tokens, checkpoints:  0,    13.752 MiB
srv        update:    - prompt 0xf0d130:     116 tokens, checkpoints:  0,    14.502 MiB
srv        update:    - prompt 0xedfd90:     109 tokens, checkpoints:  0,    13.627 MiB
srv        update:    - prompt 0x3b023f0:     113 tokens, checkpoints:  0,    14.127 MiB
srv        update:    - prompt 0xee1700:     108 tokens, checkpoints:  0,    13.502 MiB
srv        update:    - prompt 0x3ac9130:     108 tokens, checkpoints:  0,    13.502 MiB
srv        update:    - prompt 0x118dfd0:     108 tokens, checkpoints:  0,    13.502 MiB
srv        update:    - prompt 0x3af6ef0:     111 tokens, checkpoints:  0,    13.877 MiB
srv        update:    - prompt 0x3ac87e0:     119 tokens, checkpoints:  0,    14.877 MiB
srv        update:    - prompt 0x3af8fa0:     123 tokens, checkpoints:  0,    15.377 MiB
srv        update:    - prompt 0x1198470:     165 tokens, checkpoints:  0,    20.628 MiB
srv        update:    - prompt 0x3aeac00:     131 tokens, checkpoints:  0,    16.377 MiB
srv        update:    - prompt 0x439a890:     135 tokens, checkpoints:  0,    16.877 MiB
srv        update:    - prompt 0xf0c250:     132 tokens, checkpoints:  0,    16.502 MiB
srv        update:    - prompt 0x32294f0:     146 tokens, checkpoints:  0,    18.252 MiB
srv        update:    - prompt 0xee8ad0:     130 tokens, checkpoints:  0,    16.252 MiB
srv        update:    - prompt 0xef0970:     136 tokens, checkpoints:  0,    17.002 MiB
srv        update:    - prompt 0x3ad5fd0:     136 tokens, checkpoints:  0,    17.002 MiB
srv        update:    - prompt 0xfffdcc0062a0:     241 tokens, checkpoints:  0,    30.129 MiB
srv        update:    - prompt 0xfffe24005460:     325 tokens, checkpoints:  0,    40.629 MiB
srv        update:    - prompt 0xfffd70005720:     363 tokens, checkpoints:  0,    45.380 MiB
srv        update:    - prompt 0xfffd68002440:     425 tokens, checkpoints:  0,    53.131 MiB
slot update_slots: id  1 | task 8787 | new prompt, n_ctx_slot = 4096, n_keep = 0, task.n_tokens = 310
slot update_slots: id  1 | task 8787 | n_tokens = 0, memory_seq_rm [0, end)
slot init_sampler: id  1 | task 8787 | init sampler, took 0.16 ms, tokens: text = 310, total = 310
slot update_slots: id  1 | task 8787 | prompt processing done, n_tokens = 310, batch.n_tokens = 310
srv  log_server_r: done request: POST /completion 127.0.0.1 200
slot print_timing: id  1 | task 8787 | 
prompt eval time =  192378.19 ms /   310 tokens (  620.57 ms per token,     1.61 tokens per second)
       eval time =   68224.16 ms /   100 tokens (  682.24 ms per token,     1.47 tokens per second)
      total time =  260602.35 ms /   410 tokens
slot      release: id  1 | task 8787 | stop processing: n_tokens = 409, truncated = 0
srv  update_slots: all slots are idle
slot get_availabl: id  0 | task -1 | selected slot by LRU, t_last = 276116197422
srv  get_availabl: updating prompt cache
srv          load:  - looking for better prompt, base f_keep = -1.000, sim = 0.000
srv          load:  - found better prompt with f_keep = 0.760, sim = 1.000
srv        update:  - cache state: 59 prompts, 1126.647 MiB (limits: 8192.000 MiB, 4096 tokens, 65527 est)
srv        update:    - prompt 0xf0ecd0:     106 tokens, checkpoints:  0,    13.252 MiB
srv        update:    - prompt 0x4397eb0:     107 tokens, checkpoints:  0,    13.377 MiB
srv        update:    - prompt 0x439da00:     106 tokens, checkpoints:  0,    13.252 MiB
srv        update:    - prompt 0x3219be0:     107 tokens, checkpoints:  0,    13.377 MiB
srv        update:    - prompt 0x321c6f0:     105 tokens, checkpoints:  0,    13.127 MiB
srv        update:    - prompt 0x43990c0:     110 tokens, checkpoints:  0,    13.752 MiB
srv        update:    - prompt 0x1019e50:     116 tokens, checkpoints:  0,    14.502 MiB
srv        update:    - prompt 0x118e380:     109 tokens, checkpoints:  0,    13.627 MiB
srv        update:    - prompt 0x3219110:     113 tokens, checkpoints:  0,    14.127 MiB
srv        update:    - prompt 0x321e0f0:     108 tokens, checkpoints:  0,    13.502 MiB
srv        update:    - prompt 0x4398870:     108 tokens, checkpoints:  0,    13.502 MiB
srv        update:    - prompt 0xfdafe0:     108 tokens, checkpoints:  0,    13.502 MiB
srv        update:    - prompt 0xee3170:     111 tokens, checkpoints:  0,    13.877 MiB
srv        update:    - prompt 0x11f3590:     119 tokens, checkpoints:  0,    14.877 MiB
srv        update:    - prompt 0x3222110:     123 tokens, checkpoints:  0,    15.377 MiB
srv        update:    - prompt 0x439c6b0:     131 tokens, checkpoints:  0,    16.377 MiB
srv        update:    - prompt 0x118de20:     130 tokens, checkpoints:  0,    16.252 MiB
srv        update:    - prompt 0x3ac9990:     107 tokens, checkpoints:  0,    13.377 MiB
srv        update:    - prompt 0x3ad9850:     105 tokens, checkpoints:  0,    13.127 MiB
srv        update:    - prompt 0x4398620:     110 tokens, checkpoints:  0,    13.752 MiB
srv        update:    - prompt 0xf0c4e0:     116 tokens, checkpoints:  0,    14.502 MiB
srv        update:    - prompt 0x3adea70:     109 tokens, checkpoints:  0,    13.627 MiB
srv        update:    - prompt 0x3ae5890:     113 tokens, checkpoints:  0,    14.127 MiB
srv        update:    - prompt 0x3ae41b0:     108 tokens, checkpoints:  0,    13.502 MiB
srv        update:    - prompt 0x322e190:     108 tokens, checkpoints:  0,    13.502 MiB
srv        update:    - prompt 0x3af3d70:     108 tokens, checkpoints:  0,    13.502 MiB
srv        update:    - prompt 0x3af38d0:     111 tokens, checkpoints:  0,    13.877 MiB
srv        update:    - prompt 0x438e090:     119 tokens, checkpoints:  0,    14.877 MiB
srv        update:    - prompt 0x32222d0:     123 tokens, checkpoints:  0,    15.377 MiB
srv        update:    - prompt 0x11f26a0:     131 tokens, checkpoints:  0,    16.377 MiB
srv        update:    - prompt 0x32191b0:     130 tokens, checkpoints:  0,    16.252 MiB
srv        update:    - prompt 0x3ac8290:     418 tokens, checkpoints:  0,    52.256 MiB
srv        update:    - prompt 0x3239c10:     415 tokens, checkpoints:  0,    51.880 MiB
srv        update:    - prompt 0xf0cf10:     431 tokens, checkpoints:  0,    53.881 MiB
srv        update:    - prompt 0xee7460:     431 tokens, checkpoints:  0,    53.881 MiB
srv        update:    - prompt 0x3ae3460:     107 tokens, checkpoints:  0,    13.377 MiB
srv        update:    - prompt 0xee4950:     105 tokens, checkpoints:  0,    13.127 MiB
srv        update:    - prompt 0x439c010:     110 tokens, checkpoints:  0,    13.752 MiB
srv        update:    - prompt 0xf0d130:     116 tokens, checkpoints:  0,    14.502 MiB
srv        update:    - prompt 0xedfd90:     109 tokens, checkpoints:  0,    13.627 MiB
srv        update:    - prompt 0x3b023f0:     113 tokens, checkpoints:  0,    14.127 MiB
srv        update:    - prompt 0xee1700:     108 tokens, checkpoints:  0,    13.502 MiB
srv        update:    - prompt 0x3ac9130:     108 tokens, checkpoints:  0,    13.502 MiB
srv        update:    - prompt 0x118dfd0:     108 tokens, checkpoints:  0,    13.502 MiB
srv        update:    - prompt 0x3af6ef0:     111 tokens, checkpoints:  0,    13.877 MiB
srv        update:    - prompt 0x3ac87e0:     119 tokens, checkpoints:  0,    14.877 MiB
srv        update:    - prompt 0x3af8fa0:     123 tokens, checkpoints:  0,    15.377 MiB
srv        update:    - prompt 0x1198470:     165 tokens, checkpoints:  0,    20.628 MiB
srv        update:    - prompt 0x3aeac00:     131 tokens, checkpoints:  0,    16.377 MiB
srv        update:    - prompt 0x439a890:     135 tokens, checkpoints:  0,    16.877 MiB
srv        update:    - prompt 0xf0c250:     132 tokens, checkpoints:  0,    16.502 MiB
srv        update:    - prompt 0x32294f0:     146 tokens, checkpoints:  0,    18.252 MiB
srv        update:    - prompt 0xee8ad0:     130 tokens, checkpoints:  0,    16.252 MiB
srv        update:    - prompt 0xef0970:     136 tokens, checkpoints:  0,    17.002 MiB
srv        update:    - prompt 0x3ad5fd0:     136 tokens, checkpoints:  0,    17.002 MiB
srv        update:    - prompt 0xfffdcc0062a0:     241 tokens, checkpoints:  0,    30.129 MiB
srv        update:    - prompt 0xfffe24005460:     325 tokens, checkpoints:  0,    40.629 MiB
srv        update:    - prompt 0xfffd70005720:     363 tokens, checkpoints:  0,    45.380 MiB
srv        update:    - prompt 0xfffd68002440:     425 tokens, checkpoints:  0,    53.131 MiB
srv  get_availabl: prompt cache update took 15.62 ms
slot launch_slot_: id  0 | task -1 | sampler chain: logits -> ?penalties -> ?dry -> ?top-n-sigma -> top-k -> ?typical -> top-p -> min-p -> ?xtc -> temp-ext -> dist 
slot launch_slot_: id  0 | task 8888 | processing task, is_child = 0
slot slot_save_an: id  1 | task -1 | saving idle slot to prompt cache
srv   prompt_save:  - saving prompt with length 409, total state size = 51.130 MiB
slot prompt_clear: id  1 | task -1 | clearing prompt with 409 tokens
srv        update:  - cache state: 60 prompts, 1177.778 MiB (limits: 8192.000 MiB, 4096 tokens, 65527 est)
srv        update:    - prompt 0xf0ecd0:     106 tokens, checkpoints:  0,    13.252 MiB
srv        update:    - prompt 0x4397eb0:     107 tokens, checkpoints:  0,    13.377 MiB
srv        update:    - prompt 0x439da00:     106 tokens, checkpoints:  0,    13.252 MiB
srv        update:    - prompt 0x3219be0:     107 tokens, checkpoints:  0,    13.377 MiB
srv        update:    - prompt 0x321c6f0:     105 tokens, checkpoints:  0,    13.127 MiB
srv        update:    - prompt 0x43990c0:     110 tokens, checkpoints:  0,    13.752 MiB
srv        update:    - prompt 0x1019e50:     116 tokens, checkpoints:  0,    14.502 MiB
srv        update:    - prompt 0x118e380:     109 tokens, checkpoints:  0,    13.627 MiB
srv        update:    - prompt 0x3219110:     113 tokens, checkpoints:  0,    14.127 MiB
srv        update:    - prompt 0x321e0f0:     108 tokens, checkpoints:  0,    13.502 MiB
srv        update:    - prompt 0x4398870:     108 tokens, checkpoints:  0,    13.502 MiB
srv        update:    - prompt 0xfdafe0:     108 tokens, checkpoints:  0,    13.502 MiB
srv        update:    - prompt 0xee3170:     111 tokens, checkpoints:  0,    13.877 MiB
srv        update:    - prompt 0x11f3590:     119 tokens, checkpoints:  0,    14.877 MiB
srv        update:    - prompt 0x3222110:     123 tokens, checkpoints:  0,    15.377 MiB
srv        update:    - prompt 0x439c6b0:     131 tokens, checkpoints:  0,    16.377 MiB
srv        update:    - prompt 0x118de20:     130 tokens, checkpoints:  0,    16.252 MiB
srv        update:    - prompt 0x3ac9990:     107 tokens, checkpoints:  0,    13.377 MiB
srv        update:    - prompt 0x3ad9850:     105 tokens, checkpoints:  0,    13.127 MiB
srv        update:    - prompt 0x4398620:     110 tokens, checkpoints:  0,    13.752 MiB
srv        update:    - prompt 0xf0c4e0:     116 tokens, checkpoints:  0,    14.502 MiB
srv        update:    - prompt 0x3adea70:     109 tokens, checkpoints:  0,    13.627 MiB
srv        update:    - prompt 0x3ae5890:     113 tokens, checkpoints:  0,    14.127 MiB
srv        update:    - prompt 0x3ae41b0:     108 tokens, checkpoints:  0,    13.502 MiB
srv        update:    - prompt 0x322e190:     108 tokens, checkpoints:  0,    13.502 MiB
srv        update:    - prompt 0x3af3d70:     108 tokens, checkpoints:  0,    13.502 MiB
srv        update:    - prompt 0x3af38d0:     111 tokens, checkpoints:  0,    13.877 MiB
srv        update:    - prompt 0x438e090:     119 tokens, checkpoints:  0,    14.877 MiB
srv        update:    - prompt 0x32222d0:     123 tokens, checkpoints:  0,    15.377 MiB
srv        update:    - prompt 0x11f26a0:     131 tokens, checkpoints:  0,    16.377 MiB
srv        update:    - prompt 0x32191b0:     130 tokens, checkpoints:  0,    16.252 MiB
srv        update:    - prompt 0x3ac8290:     418 tokens, checkpoints:  0,    52.256 MiB
srv        update:    - prompt 0x3239c10:     415 tokens, checkpoints:  0,    51.880 MiB
srv        update:    - prompt 0xf0cf10:     431 tokens, checkpoints:  0,    53.881 MiB
srv        update:    - prompt 0xee7460:     431 tokens, checkpoints:  0,    53.881 MiB
srv        update:    - prompt 0x3ae3460:     107 tokens, checkpoints:  0,    13.377 MiB
srv        update:    - prompt 0xee4950:     105 tokens, checkpoints:  0,    13.127 MiB
srv        update:    - prompt 0x439c010:     110 tokens, checkpoints:  0,    13.752 MiB
srv        update:    - prompt 0xf0d130:     116 tokens, checkpoints:  0,    14.502 MiB
srv        update:    - prompt 0xedfd90:     109 tokens, checkpoints:  0,    13.627 MiB
srv        update:    - prompt 0x3b023f0:     113 tokens, checkpoints:  0,    14.127 MiB
srv        update:    - prompt 0xee1700:     108 tokens, checkpoints:  0,    13.502 MiB
srv        update:    - prompt 0x3ac9130:     108 tokens, checkpoints:  0,    13.502 MiB
srv        update:    - prompt 0x118dfd0:     108 tokens, checkpoints:  0,    13.502 MiB
srv        update:    - prompt 0x3af6ef0:     111 tokens, checkpoints:  0,    13.877 MiB
srv        update:    - prompt 0x3ac87e0:     119 tokens, checkpoints:  0,    14.877 MiB
srv        update:    - prompt 0x3af8fa0:     123 tokens, checkpoints:  0,    15.377 MiB
srv        update:    - prompt 0x1198470:     165 tokens, checkpoints:  0,    20.628 MiB
srv        update:    - prompt 0x3aeac00:     131 tokens, checkpoints:  0,    16.377 MiB
srv        update:    - prompt 0x439a890:     135 tokens, checkpoints:  0,    16.877 MiB
srv        update:    - prompt 0xf0c250:     132 tokens, checkpoints:  0,    16.502 MiB
srv        update:    - prompt 0x32294f0:     146 tokens, checkpoints:  0,    18.252 MiB
srv        update:    - prompt 0xee8ad0:     130 tokens, checkpoints:  0,    16.252 MiB
srv        update:    - prompt 0xef0970:     136 tokens, checkpoints:  0,    17.002 MiB
srv        update:    - prompt 0x3ad5fd0:     136 tokens, checkpoints:  0,    17.002 MiB
srv        update:    - prompt 0xfffdcc0062a0:     241 tokens, checkpoints:  0,    30.129 MiB
srv        update:    - prompt 0xfffe24005460:     325 tokens, checkpoints:  0,    40.629 MiB
srv        update:    - prompt 0xfffd70005720:     363 tokens, checkpoints:  0,    45.380 MiB
srv        update:    - prompt 0xfffd68002440:     425 tokens, checkpoints:  0,    53.131 MiB
srv        update:    - prompt 0x322ece0:     409 tokens, checkpoints:  0,    51.130 MiB
slot update_slots: id  0 | task 8888 | new prompt, n_ctx_slot = 4096, n_keep = 0, task.n_tokens = 313
slot update_slots: id  0 | task 8888 | n_tokens = 0, memory_seq_rm [0, end)
slot init_sampler: id  0 | task 8888 | init sampler, took 0.16 ms, tokens: text = 313, total = 313
slot update_slots: id  0 | task 8888 | prompt processing done, n_tokens = 313, batch.n_tokens = 313
srv  log_server_r: done request: POST /completion 127.0.0.1 200
slot print_timing: id  0 | task 8888 | 
prompt eval time =  194058.94 ms /   313 tokens (  620.00 ms per token,     1.61 tokens per second)
       eval time =   68200.12 ms /   100 tokens (  682.00 ms per token,     1.47 tokens per second)
      total time =  262259.06 ms /   413 tokens
slot      release: id  0 | task 8888 | stop processing: n_tokens = 412, truncated = 0
srv  update_slots: all slots are idle
slot get_availabl: id  3 | task -1 | selected slot by LRU, t_last = 276351663992
srv  get_availabl: updating prompt cache
srv          load:  - looking for better prompt, base f_keep = -1.000, sim = 0.000
srv          load:  - found better prompt with f_keep = 0.763, sim = 1.000
srv        update:  - cache state: 59 prompts, 1125.522 MiB (limits: 8192.000 MiB, 4096 tokens, 65527 est)
srv        update:    - prompt 0xf0ecd0:     106 tokens, checkpoints:  0,    13.252 MiB
srv        update:    - prompt 0x4397eb0:     107 tokens, checkpoints:  0,    13.377 MiB
srv        update:    - prompt 0x439da00:     106 tokens, checkpoints:  0,    13.252 MiB
srv        update:    - prompt 0x3219be0:     107 tokens, checkpoints:  0,    13.377 MiB
srv        update:    - prompt 0x321c6f0:     105 tokens, checkpoints:  0,    13.127 MiB
srv        update:    - prompt 0x43990c0:     110 tokens, checkpoints:  0,    13.752 MiB
srv        update:    - prompt 0x1019e50:     116 tokens, checkpoints:  0,    14.502 MiB
srv        update:    - prompt 0x118e380:     109 tokens, checkpoints:  0,    13.627 MiB
srv        update:    - prompt 0x3219110:     113 tokens, checkpoints:  0,    14.127 MiB
srv        update:    - prompt 0x321e0f0:     108 tokens, checkpoints:  0,    13.502 MiB
srv        update:    - prompt 0x4398870:     108 tokens, checkpoints:  0,    13.502 MiB
srv        update:    - prompt 0xfdafe0:     108 tokens, checkpoints:  0,    13.502 MiB
srv        update:    - prompt 0xee3170:     111 tokens, checkpoints:  0,    13.877 MiB
srv        update:    - prompt 0x11f3590:     119 tokens, checkpoints:  0,    14.877 MiB
srv        update:    - prompt 0x3222110:     123 tokens, checkpoints:  0,    15.377 MiB
srv        update:    - prompt 0x439c6b0:     131 tokens, checkpoints:  0,    16.377 MiB
srv        update:    - prompt 0x118de20:     130 tokens, checkpoints:  0,    16.252 MiB
srv        update:    - prompt 0x3ac9990:     107 tokens, checkpoints:  0,    13.377 MiB
srv        update:    - prompt 0x3ad9850:     105 tokens, checkpoints:  0,    13.127 MiB
srv        update:    - prompt 0x4398620:     110 tokens, checkpoints:  0,    13.752 MiB
srv        update:    - prompt 0xf0c4e0:     116 tokens, checkpoints:  0,    14.502 MiB
srv        update:    - prompt 0x3adea70:     109 tokens, checkpoints:  0,    13.627 MiB
srv        update:    - prompt 0x3ae5890:     113 tokens, checkpoints:  0,    14.127 MiB
srv        update:    - prompt 0x3ae41b0:     108 tokens, checkpoints:  0,    13.502 MiB
srv        update:    - prompt 0x322e190:     108 tokens, checkpoints:  0,    13.502 MiB
srv        update:    - prompt 0x3af3d70:     108 tokens, checkpoints:  0,    13.502 MiB
srv        update:    - prompt 0x3af38d0:     111 tokens, checkpoints:  0,    13.877 MiB
srv        update:    - prompt 0x438e090:     119 tokens, checkpoints:  0,    14.877 MiB
srv        update:    - prompt 0x32222d0:     123 tokens, checkpoints:  0,    15.377 MiB
srv        update:    - prompt 0x11f26a0:     131 tokens, checkpoints:  0,    16.377 MiB
srv        update:    - prompt 0x32191b0:     130 tokens, checkpoints:  0,    16.252 MiB
srv        update:    - prompt 0x3239c10:     415 tokens, checkpoints:  0,    51.880 MiB
srv        update:    - prompt 0xf0cf10:     431 tokens, checkpoints:  0,    53.881 MiB
srv        update:    - prompt 0xee7460:     431 tokens, checkpoints:  0,    53.881 MiB
srv        update:    - prompt 0x3ae3460:     107 tokens, checkpoints:  0,    13.377 MiB
srv        update:    - prompt 0xee4950:     105 tokens, checkpoints:  0,    13.127 MiB
srv        update:    - prompt 0x439c010:     110 tokens, checkpoints:  0,    13.752 MiB
srv        update:    - prompt 0xf0d130:     116 tokens, checkpoints:  0,    14.502 MiB
srv        update:    - prompt 0xedfd90:     109 tokens, checkpoints:  0,    13.627 MiB
srv        update:    - prompt 0x3b023f0:     113 tokens, checkpoints:  0,    14.127 MiB
srv        update:    - prompt 0xee1700:     108 tokens, checkpoints:  0,    13.502 MiB
srv        update:    - prompt 0x3ac9130:     108 tokens, checkpoints:  0,    13.502 MiB
srv        update:    - prompt 0x118dfd0:     108 tokens, checkpoints:  0,    13.502 MiB
srv        update:    - prompt 0x3af6ef0:     111 tokens, checkpoints:  0,    13.877 MiB
srv        update:    - prompt 0x3ac87e0:     119 tokens, checkpoints:  0,    14.877 MiB
srv        update:    - prompt 0x3af8fa0:     123 tokens, checkpoints:  0,    15.377 MiB
srv        update:    - prompt 0x1198470:     165 tokens, checkpoints:  0,    20.628 MiB
srv        update:    - prompt 0x3aeac00:     131 tokens, checkpoints:  0,    16.377 MiB
srv        update:    - prompt 0x439a890:     135 tokens, checkpoints:  0,    16.877 MiB
srv        update:    - prompt 0xf0c250:     132 tokens, checkpoints:  0,    16.502 MiB
srv        update:    - prompt 0x32294f0:     146 tokens, checkpoints:  0,    18.252 MiB
srv        update:    - prompt 0xee8ad0:     130 tokens, checkpoints:  0,    16.252 MiB
srv        update:    - prompt 0xef0970:     136 tokens, checkpoints:  0,    17.002 MiB
srv        update:    - prompt 0x3ad5fd0:     136 tokens, checkpoints:  0,    17.002 MiB
srv        update:    - prompt 0xfffdcc0062a0:     241 tokens, checkpoints:  0,    30.129 MiB
srv        update:    - prompt 0xfffe24005460:     325 tokens, checkpoints:  0,    40.629 MiB
srv        update:    - prompt 0xfffd70005720:     363 tokens, checkpoints:  0,    45.380 MiB
srv        update:    - prompt 0xfffd68002440:     425 tokens, checkpoints:  0,    53.131 MiB
srv        update:    - prompt 0x322ece0:     409 tokens, checkpoints:  0,    51.130 MiB
srv  get_availabl: prompt cache update took 15.87 ms
slot launch_slot_: id  3 | task -1 | sampler chain: logits -> ?penalties -> ?dry -> ?top-n-sigma -> top-k -> ?typical -> top-p -> min-p -> ?xtc -> temp-ext -> dist 
slot launch_slot_: id  3 | task 8989 | processing task, is_child = 0
slot slot_save_an: id  0 | task -1 | saving idle slot to prompt cache
srv   prompt_save:  - saving prompt with length 412, total state size = 51.505 MiB
slot prompt_clear: id  0 | task -1 | clearing prompt with 412 tokens
srv        update:  - cache state: 60 prompts, 1177.028 MiB (limits: 8192.000 MiB, 4096 tokens, 65527 est)
srv        update:    - prompt 0xf0ecd0:     106 tokens, checkpoints:  0,    13.252 MiB
srv        update:    - prompt 0x4397eb0:     107 tokens, checkpoints:  0,    13.377 MiB
srv        update:    - prompt 0x439da00:     106 tokens, checkpoints:  0,    13.252 MiB
srv        update:    - prompt 0x3219be0:     107 tokens, checkpoints:  0,    13.377 MiB
srv        update:    - prompt 0x321c6f0:     105 tokens, checkpoints:  0,    13.127 MiB
srv        update:    - prompt 0x43990c0:     110 tokens, checkpoints:  0,    13.752 MiB
srv        update:    - prompt 0x1019e50:     116 tokens, checkpoints:  0,    14.502 MiB
srv        update:    - prompt 0x118e380:     109 tokens, checkpoints:  0,    13.627 MiB
srv        update:    - prompt 0x3219110:     113 tokens, checkpoints:  0,    14.127 MiB
srv        update:    - prompt 0x321e0f0:     108 tokens, checkpoints:  0,    13.502 MiB
srv        update:    - prompt 0x4398870:     108 tokens, checkpoints:  0,    13.502 MiB
srv        update:    - prompt 0xfdafe0:     108 tokens, checkpoints:  0,    13.502 MiB
srv        update:    - prompt 0xee3170:     111 tokens, checkpoints:  0,    13.877 MiB
srv        update:    - prompt 0x11f3590:     119 tokens, checkpoints:  0,    14.877 MiB
srv        update:    - prompt 0x3222110:     123 tokens, checkpoints:  0,    15.377 MiB
srv        update:    - prompt 0x439c6b0:     131 tokens, checkpoints:  0,    16.377 MiB
srv        update:    - prompt 0x118de20:     130 tokens, checkpoints:  0,    16.252 MiB
srv        update:    - prompt 0x3ac9990:     107 tokens, checkpoints:  0,    13.377 MiB
srv        update:    - prompt 0x3ad9850:     105 tokens, checkpoints:  0,    13.127 MiB
srv        update:    - prompt 0x4398620:     110 tokens, checkpoints:  0,    13.752 MiB
srv        update:    - prompt 0xf0c4e0:     116 tokens, checkpoints:  0,    14.502 MiB
srv        update:    - prompt 0x3adea70:     109 tokens, checkpoints:  0,    13.627 MiB
srv        update:    - prompt 0x3ae5890:     113 tokens, checkpoints:  0,    14.127 MiB
srv        update:    - prompt 0x3ae41b0:     108 tokens, checkpoints:  0,    13.502 MiB
srv        update:    - prompt 0x322e190:     108 tokens, checkpoints:  0,    13.502 MiB
srv        update:    - prompt 0x3af3d70:     108 tokens, checkpoints:  0,    13.502 MiB
srv        update:    - prompt 0x3af38d0:     111 tokens, checkpoints:  0,    13.877 MiB
srv        update:    - prompt 0x438e090:     119 tokens, checkpoints:  0,    14.877 MiB
srv        update:    - prompt 0x32222d0:     123 tokens, checkpoints:  0,    15.377 MiB
srv        update:    - prompt 0x11f26a0:     131 tokens, checkpoints:  0,    16.377 MiB
srv        update:    - prompt 0x32191b0:     130 tokens, checkpoints:  0,    16.252 MiB
srv        update:    - prompt 0x3239c10:     415 tokens, checkpoints:  0,    51.880 MiB
srv        update:    - prompt 0xf0cf10:     431 tokens, checkpoints:  0,    53.881 MiB
srv        update:    - prompt 0xee7460:     431 tokens, checkpoints:  0,    53.881 MiB
srv        update:    - prompt 0x3ae3460:     107 tokens, checkpoints:  0,    13.377 MiB
srv        update:    - prompt 0xee4950:     105 tokens, checkpoints:  0,    13.127 MiB
srv        update:    - prompt 0x439c010:     110 tokens, checkpoints:  0,    13.752 MiB
srv        update:    - prompt 0xf0d130:     116 tokens, checkpoints:  0,    14.502 MiB
srv        update:    - prompt 0xedfd90:     109 tokens, checkpoints:  0,    13.627 MiB
srv        update:    - prompt 0x3b023f0:     113 tokens, checkpoints:  0,    14.127 MiB
srv        update:    - prompt 0xee1700:     108 tokens, checkpoints:  0,    13.502 MiB
srv        update:    - prompt 0x3ac9130:     108 tokens, checkpoints:  0,    13.502 MiB
srv        update:    - prompt 0x118dfd0:     108 tokens, checkpoints:  0,    13.502 MiB
srv        update:    - prompt 0x3af6ef0:     111 tokens, checkpoints:  0,    13.877 MiB
srv        update:    - prompt 0x3ac87e0:     119 tokens, checkpoints:  0,    14.877 MiB
srv        update:    - prompt 0x3af8fa0:     123 tokens, checkpoints:  0,    15.377 MiB
srv        update:    - prompt 0x1198470:     165 tokens, checkpoints:  0,    20.628 MiB
srv        update:    - prompt 0x3aeac00:     131 tokens, checkpoints:  0,    16.377 MiB
srv        update:    - prompt 0x439a890:     135 tokens, checkpoints:  0,    16.877 MiB
srv        update:    - prompt 0xf0c250:     132 tokens, checkpoints:  0,    16.502 MiB
srv        update:    - prompt 0x32294f0:     146 tokens, checkpoints:  0,    18.252 MiB
srv        update:    - prompt 0xee8ad0:     130 tokens, checkpoints:  0,    16.252 MiB
srv        update:    - prompt 0xef0970:     136 tokens, checkpoints:  0,    17.002 MiB
srv        update:    - prompt 0x3ad5fd0:     136 tokens, checkpoints:  0,    17.002 MiB
srv        update:    - prompt 0xfffdcc0062a0:     241 tokens, checkpoints:  0,    30.129 MiB
srv        update:    - prompt 0xfffe24005460:     325 tokens, checkpoints:  0,    40.629 MiB
srv        update:    - prompt 0xfffd70005720:     363 tokens, checkpoints:  0,    45.380 MiB
srv        update:    - prompt 0xfffd68002440:     425 tokens, checkpoints:  0,    53.131 MiB
srv        update:    - prompt 0x322ece0:     409 tokens, checkpoints:  0,    51.130 MiB
srv        update:    - prompt 0x3ac8290:     412 tokens, checkpoints:  0,    51.505 MiB
slot update_slots: id  3 | task 8989 | new prompt, n_ctx_slot = 4096, n_keep = 0, task.n_tokens = 319
slot update_slots: id  3 | task 8989 | n_tokens = 0, memory_seq_rm [0, end)
slot init_sampler: id  3 | task 8989 | init sampler, took 0.15 ms, tokens: text = 319, total = 319
slot update_slots: id  3 | task 8989 | prompt processing done, n_tokens = 319, batch.n_tokens = 319
srv  log_server_r: done request: POST /completion 127.0.0.1 200
slot print_timing: id  3 | task 8989 | 
prompt eval time =  197425.20 ms /   319 tokens (  618.89 ms per token,     1.62 tokens per second)
       eval time =   68119.69 ms /   100 tokens (  681.20 ms per token,     1.47 tokens per second)
      total time =  265544.89 ms /   419 tokens
slot      release: id  3 | task 8989 | stop processing: n_tokens = 418, truncated = 0
srv  update_slots: all slots are idle
slot get_availabl: id  2 | task -1 | selected slot by LRU, t_last = 276629396105
srv  get_availabl: updating prompt cache
srv          load:  - looking for better prompt, base f_keep = -1.000, sim = 0.000
srv          load:  - found better prompt with f_keep = 0.761, sim = 1.000
srv        update:  - cache state: 59 prompts, 1125.147 MiB (limits: 8192.000 MiB, 4096 tokens, 65527 est)
srv        update:    - prompt 0xf0ecd0:     106 tokens, checkpoints:  0,    13.252 MiB
srv        update:    - prompt 0x4397eb0:     107 tokens, checkpoints:  0,    13.377 MiB
srv        update:    - prompt 0x439da00:     106 tokens, checkpoints:  0,    13.252 MiB
srv        update:    - prompt 0x3219be0:     107 tokens, checkpoints:  0,    13.377 MiB
srv        update:    - prompt 0x321c6f0:     105 tokens, checkpoints:  0,    13.127 MiB
srv        update:    - prompt 0x43990c0:     110 tokens, checkpoints:  0,    13.752 MiB
srv        update:    - prompt 0x1019e50:     116 tokens, checkpoints:  0,    14.502 MiB
srv        update:    - prompt 0x118e380:     109 tokens, checkpoints:  0,    13.627 MiB
srv        update:    - prompt 0x3219110:     113 tokens, checkpoints:  0,    14.127 MiB
srv        update:    - prompt 0x321e0f0:     108 tokens, checkpoints:  0,    13.502 MiB
srv        update:    - prompt 0x4398870:     108 tokens, checkpoints:  0,    13.502 MiB
srv        update:    - prompt 0xfdafe0:     108 tokens, checkpoints:  0,    13.502 MiB
srv        update:    - prompt 0xee3170:     111 tokens, checkpoints:  0,    13.877 MiB
srv        update:    - prompt 0x11f3590:     119 tokens, checkpoints:  0,    14.877 MiB
srv        update:    - prompt 0x3222110:     123 tokens, checkpoints:  0,    15.377 MiB
srv        update:    - prompt 0x439c6b0:     131 tokens, checkpoints:  0,    16.377 MiB
srv        update:    - prompt 0x118de20:     130 tokens, checkpoints:  0,    16.252 MiB
srv        update:    - prompt 0x3ac9990:     107 tokens, checkpoints:  0,    13.377 MiB
srv        update:    - prompt 0x3ad9850:     105 tokens, checkpoints:  0,    13.127 MiB
srv        update:    - prompt 0x4398620:     110 tokens, checkpoints:  0,    13.752 MiB
srv        update:    - prompt 0xf0c4e0:     116 tokens, checkpoints:  0,    14.502 MiB
srv        update:    - prompt 0x3adea70:     109 tokens, checkpoints:  0,    13.627 MiB
srv        update:    - prompt 0x3ae5890:     113 tokens, checkpoints:  0,    14.127 MiB
srv        update:    - prompt 0x3ae41b0:     108 tokens, checkpoints:  0,    13.502 MiB
srv        update:    - prompt 0x322e190:     108 tokens, checkpoints:  0,    13.502 MiB
srv        update:    - prompt 0x3af3d70:     108 tokens, checkpoints:  0,    13.502 MiB
srv        update:    - prompt 0x3af38d0:     111 tokens, checkpoints:  0,    13.877 MiB
srv        update:    - prompt 0x438e090:     119 tokens, checkpoints:  0,    14.877 MiB
srv        update:    - prompt 0x32222d0:     123 tokens, checkpoints:  0,    15.377 MiB
srv        update:    - prompt 0x11f26a0:     131 tokens, checkpoints:  0,    16.377 MiB
srv        update:    - prompt 0x32191b0:     130 tokens, checkpoints:  0,    16.252 MiB
srv        update:    - prompt 0xf0cf10:     431 tokens, checkpoints:  0,    53.881 MiB
srv        update:    - prompt 0xee7460:     431 tokens, checkpoints:  0,    53.881 MiB
srv        update:    - prompt 0x3ae3460:     107 tokens, checkpoints:  0,    13.377 MiB
srv        update:    - prompt 0xee4950:     105 tokens, checkpoints:  0,    13.127 MiB
srv        update:    - prompt 0x439c010:     110 tokens, checkpoints:  0,    13.752 MiB
srv        update:    - prompt 0xf0d130:     116 tokens, checkpoints:  0,    14.502 MiB
srv        update:    - prompt 0xedfd90:     109 tokens, checkpoints:  0,    13.627 MiB
srv        update:    - prompt 0x3b023f0:     113 tokens, checkpoints:  0,    14.127 MiB
srv        update:    - prompt 0xee1700:     108 tokens, checkpoints:  0,    13.502 MiB
srv        update:    - prompt 0x3ac9130:     108 tokens, checkpoints:  0,    13.502 MiB
srv        update:    - prompt 0x118dfd0:     108 tokens, checkpoints:  0,    13.502 MiB
srv        update:    - prompt 0x3af6ef0:     111 tokens, checkpoints:  0,    13.877 MiB
srv        update:    - prompt 0x3ac87e0:     119 tokens, checkpoints:  0,    14.877 MiB
srv        update:    - prompt 0x3af8fa0:     123 tokens, checkpoints:  0,    15.377 MiB
srv        update:    - prompt 0x1198470:     165 tokens, checkpoints:  0,    20.628 MiB
srv        update:    - prompt 0x3aeac00:     131 tokens, checkpoints:  0,    16.377 MiB
srv        update:    - prompt 0x439a890:     135 tokens, checkpoints:  0,    16.877 MiB
srv        update:    - prompt 0xf0c250:     132 tokens, checkpoints:  0,    16.502 MiB
srv        update:    - prompt 0x32294f0:     146 tokens, checkpoints:  0,    18.252 MiB
srv        update:    - prompt 0xee8ad0:     130 tokens, checkpoints:  0,    16.252 MiB
srv        update:    - prompt 0xef0970:     136 tokens, checkpoints:  0,    17.002 MiB
srv        update:    - prompt 0x3ad5fd0:     136 tokens, checkpoints:  0,    17.002 MiB
srv        update:    - prompt 0xfffdcc0062a0:     241 tokens, checkpoints:  0,    30.129 MiB
srv        update:    - prompt 0xfffe24005460:     325 tokens, checkpoints:  0,    40.629 MiB
srv        update:    - prompt 0xfffd70005720:     363 tokens, checkpoints:  0,    45.380 MiB
srv        update:    - prompt 0xfffd68002440:     425 tokens, checkpoints:  0,    53.131 MiB
srv        update:    - prompt 0x322ece0:     409 tokens, checkpoints:  0,    51.130 MiB
srv        update:    - prompt 0x3ac8290:     412 tokens, checkpoints:  0,    51.505 MiB
srv  get_availabl: prompt cache update took 15.74 ms
slot launch_slot_: id  2 | task -1 | sampler chain: logits -> ?penalties -> ?dry -> ?top-n-sigma -> top-k -> ?typical -> top-p -> min-p -> ?xtc -> temp-ext -> dist 
slot launch_slot_: id  2 | task 9090 | processing task, is_child = 0
slot slot_save_an: id  3 | task -1 | saving idle slot to prompt cache
srv   prompt_save:  - saving prompt with length 418, total state size = 52.256 MiB
slot prompt_clear: id  3 | task -1 | clearing prompt with 418 tokens
srv        update:  - cache state: 60 prompts, 1177.403 MiB (limits: 8192.000 MiB, 4096 tokens, 65527 est)
srv        update:    - prompt 0xf0ecd0:     106 tokens, checkpoints:  0,    13.252 MiB
srv        update:    - prompt 0x4397eb0:     107 tokens, checkpoints:  0,    13.377 MiB
srv        update:    - prompt 0x439da00:     106 tokens, checkpoints:  0,    13.252 MiB
srv        update:    - prompt 0x3219be0:     107 tokens, checkpoints:  0,    13.377 MiB
srv        update:    - prompt 0x321c6f0:     105 tokens, checkpoints:  0,    13.127 MiB
srv        update:    - prompt 0x43990c0:     110 tokens, checkpoints:  0,    13.752 MiB
srv        update:    - prompt 0x1019e50:     116 tokens, checkpoints:  0,    14.502 MiB
srv        update:    - prompt 0x118e380:     109 tokens, checkpoints:  0,    13.627 MiB
srv        update:    - prompt 0x3219110:     113 tokens, checkpoints:  0,    14.127 MiB
srv        update:    - prompt 0x321e0f0:     108 tokens, checkpoints:  0,    13.502 MiB
srv        update:    - prompt 0x4398870:     108 tokens, checkpoints:  0,    13.502 MiB
srv        update:    - prompt 0xfdafe0:     108 tokens, checkpoints:  0,    13.502 MiB
srv        update:    - prompt 0xee3170:     111 tokens, checkpoints:  0,    13.877 MiB
srv        update:    - prompt 0x11f3590:     119 tokens, checkpoints:  0,    14.877 MiB
srv        update:    - prompt 0x3222110:     123 tokens, checkpoints:  0,    15.377 MiB
srv        update:    - prompt 0x439c6b0:     131 tokens, checkpoints:  0,    16.377 MiB
srv        update:    - prompt 0x118de20:     130 tokens, checkpoints:  0,    16.252 MiB
srv        update:    - prompt 0x3ac9990:     107 tokens, checkpoints:  0,    13.377 MiB
srv        update:    - prompt 0x3ad9850:     105 tokens, checkpoints:  0,    13.127 MiB
srv        update:    - prompt 0x4398620:     110 tokens, checkpoints:  0,    13.752 MiB
srv        update:    - prompt 0xf0c4e0:     116 tokens, checkpoints:  0,    14.502 MiB
srv        update:    - prompt 0x3adea70:     109 tokens, checkpoints:  0,    13.627 MiB
srv        update:    - prompt 0x3ae5890:     113 tokens, checkpoints:  0,    14.127 MiB
srv        update:    - prompt 0x3ae41b0:     108 tokens, checkpoints:  0,    13.502 MiB
srv        update:    - prompt 0x322e190:     108 tokens, checkpoints:  0,    13.502 MiB
srv        update:    - prompt 0x3af3d70:     108 tokens, checkpoints:  0,    13.502 MiB
srv        update:    - prompt 0x3af38d0:     111 tokens, checkpoints:  0,    13.877 MiB
srv        update:    - prompt 0x438e090:     119 tokens, checkpoints:  0,    14.877 MiB
srv        update:    - prompt 0x32222d0:     123 tokens, checkpoints:  0,    15.377 MiB
srv        update:    - prompt 0x11f26a0:     131 tokens, checkpoints:  0,    16.377 MiB
srv        update:    - prompt 0x32191b0:     130 tokens, checkpoints:  0,    16.252 MiB
srv        update:    - prompt 0xf0cf10:     431 tokens, checkpoints:  0,    53.881 MiB
srv        update:    - prompt 0xee7460:     431 tokens, checkpoints:  0,    53.881 MiB
srv        update:    - prompt 0x3ae3460:     107 tokens, checkpoints:  0,    13.377 MiB
srv        update:    - prompt 0xee4950:     105 tokens, checkpoints:  0,    13.127 MiB
srv        update:    - prompt 0x439c010:     110 tokens, checkpoints:  0,    13.752 MiB
srv        update:    - prompt 0xf0d130:     116 tokens, checkpoints:  0,    14.502 MiB
srv        update:    - prompt 0xedfd90:     109 tokens, checkpoints:  0,    13.627 MiB
srv        update:    - prompt 0x3b023f0:     113 tokens, checkpoints:  0,    14.127 MiB
srv        update:    - prompt 0xee1700:     108 tokens, checkpoints:  0,    13.502 MiB
srv        update:    - prompt 0x3ac9130:     108 tokens, checkpoints:  0,    13.502 MiB
srv        update:    - prompt 0x118dfd0:     108 tokens, checkpoints:  0,    13.502 MiB
srv        update:    - prompt 0x3af6ef0:     111 tokens, checkpoints:  0,    13.877 MiB
srv        update:    - prompt 0x3ac87e0:     119 tokens, checkpoints:  0,    14.877 MiB
srv        update:    - prompt 0x3af8fa0:     123 tokens, checkpoints:  0,    15.377 MiB
srv        update:    - prompt 0x1198470:     165 tokens, checkpoints:  0,    20.628 MiB
srv        update:    - prompt 0x3aeac00:     131 tokens, checkpoints:  0,    16.377 MiB
srv        update:    - prompt 0x439a890:     135 tokens, checkpoints:  0,    16.877 MiB
srv        update:    - prompt 0xf0c250:     132 tokens, checkpoints:  0,    16.502 MiB
srv        update:    - prompt 0x32294f0:     146 tokens, checkpoints:  0,    18.252 MiB
srv        update:    - prompt 0xee8ad0:     130 tokens, checkpoints:  0,    16.252 MiB
srv        update:    - prompt 0xef0970:     136 tokens, checkpoints:  0,    17.002 MiB
srv        update:    - prompt 0x3ad5fd0:     136 tokens, checkpoints:  0,    17.002 MiB
srv        update:    - prompt 0xfffdcc0062a0:     241 tokens, checkpoints:  0,    30.129 MiB
srv        update:    - prompt 0xfffe24005460:     325 tokens, checkpoints:  0,    40.629 MiB
srv        update:    - prompt 0xfffd70005720:     363 tokens, checkpoints:  0,    45.380 MiB
srv        update:    - prompt 0xfffd68002440:     425 tokens, checkpoints:  0,    53.131 MiB
srv        update:    - prompt 0x322ece0:     409 tokens, checkpoints:  0,    51.130 MiB
srv        update:    - prompt 0x3ac8290:     412 tokens, checkpoints:  0,    51.505 MiB
srv        update:    - prompt 0x3239c10:     418 tokens, checkpoints:  0,    52.256 MiB
slot update_slots: id  2 | task 9090 | new prompt, n_ctx_slot = 4096, n_keep = 0, task.n_tokens = 316
slot update_slots: id  2 | task 9090 | n_tokens = 0, memory_seq_rm [0, end)
slot init_sampler: id  2 | task 9090 | init sampler, took 0.17 ms, tokens: text = 316, total = 316
slot update_slots: id  2 | task 9090 | prompt processing done, n_tokens = 316, batch.n_tokens = 316
srv  log_server_r: done request: POST /completion 127.0.0.1 200
slot print_timing: id  2 | task 9090 | 
prompt eval time =  195861.26 ms /   316 tokens (  619.81 ms per token,     1.61 tokens per second)
       eval time =   68215.88 ms /   100 tokens (  682.16 ms per token,     1.47 tokens per second)
      total time =  264077.15 ms /   416 tokens
slot      release: id  2 | task 9090 | stop processing: n_tokens = 415, truncated = 0
srv  update_slots: all slots are idle
slot get_availabl: id  1 | task -1 | selected slot by LRU, t_last = 276890623438
srv  get_availabl: updating prompt cache
srv          load:  - looking for better prompt, base f_keep = -1.000, sim = 0.000
srv          load:  - found better prompt with f_keep = 0.770, sim = 1.000
srv        update:  - cache state: 59 prompts, 1123.522 MiB (limits: 8192.000 MiB, 4096 tokens, 65527 est)
srv        update:    - prompt 0xf0ecd0:     106 tokens, checkpoints:  0,    13.252 MiB
srv        update:    - prompt 0x4397eb0:     107 tokens, checkpoints:  0,    13.377 MiB
srv        update:    - prompt 0x439da00:     106 tokens, checkpoints:  0,    13.252 MiB
srv        update:    - prompt 0x3219be0:     107 tokens, checkpoints:  0,    13.377 MiB
srv        update:    - prompt 0x321c6f0:     105 tokens, checkpoints:  0,    13.127 MiB
srv        update:    - prompt 0x43990c0:     110 tokens, checkpoints:  0,    13.752 MiB
srv        update:    - prompt 0x1019e50:     116 tokens, checkpoints:  0,    14.502 MiB
srv        update:    - prompt 0x118e380:     109 tokens, checkpoints:  0,    13.627 MiB
srv        update:    - prompt 0x3219110:     113 tokens, checkpoints:  0,    14.127 MiB
srv        update:    - prompt 0x321e0f0:     108 tokens, checkpoints:  0,    13.502 MiB
srv        update:    - prompt 0x4398870:     108 tokens, checkpoints:  0,    13.502 MiB
srv        update:    - prompt 0xfdafe0:     108 tokens, checkpoints:  0,    13.502 MiB
srv        update:    - prompt 0xee3170:     111 tokens, checkpoints:  0,    13.877 MiB
srv        update:    - prompt 0x11f3590:     119 tokens, checkpoints:  0,    14.877 MiB
srv        update:    - prompt 0x3222110:     123 tokens, checkpoints:  0,    15.377 MiB
srv        update:    - prompt 0x439c6b0:     131 tokens, checkpoints:  0,    16.377 MiB
srv        update:    - prompt 0x118de20:     130 tokens, checkpoints:  0,    16.252 MiB
srv        update:    - prompt 0x3ac9990:     107 tokens, checkpoints:  0,    13.377 MiB
srv        update:    - prompt 0x3ad9850:     105 tokens, checkpoints:  0,    13.127 MiB
srv        update:    - prompt 0x4398620:     110 tokens, checkpoints:  0,    13.752 MiB
srv        update:    - prompt 0xf0c4e0:     116 tokens, checkpoints:  0,    14.502 MiB
srv        update:    - prompt 0x3adea70:     109 tokens, checkpoints:  0,    13.627 MiB
srv        update:    - prompt 0x3ae5890:     113 tokens, checkpoints:  0,    14.127 MiB
srv        update:    - prompt 0x3ae41b0:     108 tokens, checkpoints:  0,    13.502 MiB
srv        update:    - prompt 0x322e190:     108 tokens, checkpoints:  0,    13.502 MiB
srv        update:    - prompt 0x3af3d70:     108 tokens, checkpoints:  0,    13.502 MiB
srv        update:    - prompt 0x3af38d0:     111 tokens, checkpoints:  0,    13.877 MiB
srv        update:    - prompt 0x438e090:     119 tokens, checkpoints:  0,    14.877 MiB
srv        update:    - prompt 0x32222d0:     123 tokens, checkpoints:  0,    15.377 MiB
srv        update:    - prompt 0x11f26a0:     131 tokens, checkpoints:  0,    16.377 MiB
srv        update:    - prompt 0x32191b0:     130 tokens, checkpoints:  0,    16.252 MiB
srv        update:    - prompt 0xee7460:     431 tokens, checkpoints:  0,    53.881 MiB
srv        update:    - prompt 0x3ae3460:     107 tokens, checkpoints:  0,    13.377 MiB
srv        update:    - prompt 0xee4950:     105 tokens, checkpoints:  0,    13.127 MiB
srv        update:    - prompt 0x439c010:     110 tokens, checkpoints:  0,    13.752 MiB
srv        update:    - prompt 0xf0d130:     116 tokens, checkpoints:  0,    14.502 MiB
srv        update:    - prompt 0xedfd90:     109 tokens, checkpoints:  0,    13.627 MiB
srv        update:    - prompt 0x3b023f0:     113 tokens, checkpoints:  0,    14.127 MiB
srv        update:    - prompt 0xee1700:     108 tokens, checkpoints:  0,    13.502 MiB
srv        update:    - prompt 0x3ac9130:     108 tokens, checkpoints:  0,    13.502 MiB
srv        update:    - prompt 0x118dfd0:     108 tokens, checkpoints:  0,    13.502 MiB
srv        update:    - prompt 0x3af6ef0:     111 tokens, checkpoints:  0,    13.877 MiB
srv        update:    - prompt 0x3ac87e0:     119 tokens, checkpoints:  0,    14.877 MiB
srv        update:    - prompt 0x3af8fa0:     123 tokens, checkpoints:  0,    15.377 MiB
srv        update:    - prompt 0x1198470:     165 tokens, checkpoints:  0,    20.628 MiB
srv        update:    - prompt 0x3aeac00:     131 tokens, checkpoints:  0,    16.377 MiB
srv        update:    - prompt 0x439a890:     135 tokens, checkpoints:  0,    16.877 MiB
srv        update:    - prompt 0xf0c250:     132 tokens, checkpoints:  0,    16.502 MiB
srv        update:    - prompt 0x32294f0:     146 tokens, checkpoints:  0,    18.252 MiB
srv        update:    - prompt 0xee8ad0:     130 tokens, checkpoints:  0,    16.252 MiB
srv        update:    - prompt 0xef0970:     136 tokens, checkpoints:  0,    17.002 MiB
srv        update:    - prompt 0x3ad5fd0:     136 tokens, checkpoints:  0,    17.002 MiB
srv        update:    - prompt 0xfffdcc0062a0:     241 tokens, checkpoints:  0,    30.129 MiB
srv        update:    - prompt 0xfffe24005460:     325 tokens, checkpoints:  0,    40.629 MiB
srv        update:    - prompt 0xfffd70005720:     363 tokens, checkpoints:  0,    45.380 MiB
srv        update:    - prompt 0xfffd68002440:     425 tokens, checkpoints:  0,    53.131 MiB
srv        update:    - prompt 0x322ece0:     409 tokens, checkpoints:  0,    51.130 MiB
srv        update:    - prompt 0x3ac8290:     412 tokens, checkpoints:  0,    51.505 MiB
srv        update:    - prompt 0x3239c10:     418 tokens, checkpoints:  0,    52.256 MiB
srv  get_availabl: prompt cache update took 16.39 ms
slot launch_slot_: id  1 | task -1 | sampler chain: logits -> ?penalties -> ?dry -> ?top-n-sigma -> top-k -> ?typical -> top-p -> min-p -> ?xtc -> temp-ext -> dist 
slot launch_slot_: id  1 | task 9191 | processing task, is_child = 0
slot slot_save_an: id  2 | task -1 | saving idle slot to prompt cache
srv   prompt_save:  - saving prompt with length 415, total state size = 51.880 MiB
slot prompt_clear: id  2 | task -1 | clearing prompt with 415 tokens
srv        update:  - cache state: 60 prompts, 1175.402 MiB (limits: 8192.000 MiB, 4096 tokens, 65527 est)
srv        update:    - prompt 0xf0ecd0:     106 tokens, checkpoints:  0,    13.252 MiB
srv        update:    - prompt 0x4397eb0:     107 tokens, checkpoints:  0,    13.377 MiB
srv        update:    - prompt 0x439da00:     106 tokens, checkpoints:  0,    13.252 MiB
srv        update:    - prompt 0x3219be0:     107 tokens, checkpoints:  0,    13.377 MiB
srv        update:    - prompt 0x321c6f0:     105 tokens, checkpoints:  0,    13.127 MiB
srv        update:    - prompt 0x43990c0:     110 tokens, checkpoints:  0,    13.752 MiB
srv        update:    - prompt 0x1019e50:     116 tokens, checkpoints:  0,    14.502 MiB
srv        update:    - prompt 0x118e380:     109 tokens, checkpoints:  0,    13.627 MiB
srv        update:    - prompt 0x3219110:     113 tokens, checkpoints:  0,    14.127 MiB
srv        update:    - prompt 0x321e0f0:     108 tokens, checkpoints:  0,    13.502 MiB
srv        update:    - prompt 0x4398870:     108 tokens, checkpoints:  0,    13.502 MiB
srv        update:    - prompt 0xfdafe0:     108 tokens, checkpoints:  0,    13.502 MiB
srv        update:    - prompt 0xee3170:     111 tokens, checkpoints:  0,    13.877 MiB
srv        update:    - prompt 0x11f3590:     119 tokens, checkpoints:  0,    14.877 MiB
srv        update:    - prompt 0x3222110:     123 tokens, checkpoints:  0,    15.377 MiB
srv        update:    - prompt 0x439c6b0:     131 tokens, checkpoints:  0,    16.377 MiB
srv        update:    - prompt 0x118de20:     130 tokens, checkpoints:  0,    16.252 MiB
srv        update:    - prompt 0x3ac9990:     107 tokens, checkpoints:  0,    13.377 MiB
srv        update:    - prompt 0x3ad9850:     105 tokens, checkpoints:  0,    13.127 MiB
srv        update:    - prompt 0x4398620:     110 tokens, checkpoints:  0,    13.752 MiB
srv        update:    - prompt 0xf0c4e0:     116 tokens, checkpoints:  0,    14.502 MiB
srv        update:    - prompt 0x3adea70:     109 tokens, checkpoints:  0,    13.627 MiB
srv        update:    - prompt 0x3ae5890:     113 tokens, checkpoints:  0,    14.127 MiB
srv        update:    - prompt 0x3ae41b0:     108 tokens, checkpoints:  0,    13.502 MiB
srv        update:    - prompt 0x322e190:     108 tokens, checkpoints:  0,    13.502 MiB
srv        update:    - prompt 0x3af3d70:     108 tokens, checkpoints:  0,    13.502 MiB
srv        update:    - prompt 0x3af38d0:     111 tokens, checkpoints:  0,    13.877 MiB
srv        update:    - prompt 0x438e090:     119 tokens, checkpoints:  0,    14.877 MiB
srv        update:    - prompt 0x32222d0:     123 tokens, checkpoints:  0,    15.377 MiB
srv        update:    - prompt 0x11f26a0:     131 tokens, checkpoints:  0,    16.377 MiB
srv        update:    - prompt 0x32191b0:     130 tokens, checkpoints:  0,    16.252 MiB
srv        update:    - prompt 0xee7460:     431 tokens, checkpoints:  0,    53.881 MiB
srv        update:    - prompt 0x3ae3460:     107 tokens, checkpoints:  0,    13.377 MiB
srv        update:    - prompt 0xee4950:     105 tokens, checkpoints:  0,    13.127 MiB
srv        update:    - prompt 0x439c010:     110 tokens, checkpoints:  0,    13.752 MiB
srv        update:    - prompt 0xf0d130:     116 tokens, checkpoints:  0,    14.502 MiB
srv        update:    - prompt 0xedfd90:     109 tokens, checkpoints:  0,    13.627 MiB
srv        update:    - prompt 0x3b023f0:     113 tokens, checkpoints:  0,    14.127 MiB
srv        update:    - prompt 0xee1700:     108 tokens, checkpoints:  0,    13.502 MiB
srv        update:    - prompt 0x3ac9130:     108 tokens, checkpoints:  0,    13.502 MiB
srv        update:    - prompt 0x118dfd0:     108 tokens, checkpoints:  0,    13.502 MiB
srv        update:    - prompt 0x3af6ef0:     111 tokens, checkpoints:  0,    13.877 MiB
srv        update:    - prompt 0x3ac87e0:     119 tokens, checkpoints:  0,    14.877 MiB
srv        update:    - prompt 0x3af8fa0:     123 tokens, checkpoints:  0,    15.377 MiB
srv        update:    - prompt 0x1198470:     165 tokens, checkpoints:  0,    20.628 MiB
srv        update:    - prompt 0x3aeac00:     131 tokens, checkpoints:  0,    16.377 MiB
srv        update:    - prompt 0x439a890:     135 tokens, checkpoints:  0,    16.877 MiB
srv        update:    - prompt 0xf0c250:     132 tokens, checkpoints:  0,    16.502 MiB
srv        update:    - prompt 0x32294f0:     146 tokens, checkpoints:  0,    18.252 MiB
srv        update:    - prompt 0xee8ad0:     130 tokens, checkpoints:  0,    16.252 MiB
srv        update:    - prompt 0xef0970:     136 tokens, checkpoints:  0,    17.002 MiB
srv        update:    - prompt 0x3ad5fd0:     136 tokens, checkpoints:  0,    17.002 MiB
srv        update:    - prompt 0xfffdcc0062a0:     241 tokens, checkpoints:  0,    30.129 MiB
srv        update:    - prompt 0xfffe24005460:     325 tokens, checkpoints:  0,    40.629 MiB
srv        update:    - prompt 0xfffd70005720:     363 tokens, checkpoints:  0,    45.380 MiB
srv        update:    - prompt 0xfffd68002440:     425 tokens, checkpoints:  0,    53.131 MiB
srv        update:    - prompt 0x322ece0:     409 tokens, checkpoints:  0,    51.130 MiB
srv        update:    - prompt 0x3ac8290:     412 tokens, checkpoints:  0,    51.505 MiB
srv        update:    - prompt 0x3239c10:     418 tokens, checkpoints:  0,    52.256 MiB
srv        update:    - prompt 0xf0cf10:     415 tokens, checkpoints:  0,    51.880 MiB
slot update_slots: id  1 | task 9191 | new prompt, n_ctx_slot = 4096, n_keep = 0, task.n_tokens = 332
slot update_slots: id  1 | task 9191 | n_tokens = 0, memory_seq_rm [0, end)
slot init_sampler: id  1 | task 9191 | init sampler, took 0.17 ms, tokens: text = 332, total = 332
slot update_slots: id  1 | task 9191 | prompt processing done, n_tokens = 332, batch.n_tokens = 332
srv  log_server_r: done request: POST /completion 127.0.0.1 200
slot print_timing: id  1 | task 9191 | 
prompt eval time =  212400.40 ms /   332 tokens (  639.76 ms per token,     1.56 tokens per second)
       eval time =   68353.24 ms /   100 tokens (  683.53 ms per token,     1.46 tokens per second)
      total time =  280753.64 ms /   432 tokens
slot      release: id  1 | task 9191 | stop processing: n_tokens = 431, truncated = 0
srv  update_slots: all slots are idle
slot get_availabl: id  0 | task -1 | selected slot by LRU, t_last = 277153538734
srv  get_availabl: updating prompt cache
srv          load:  - looking for better prompt, base f_keep = -1.000, sim = 0.000
srv          load:  - found better prompt with f_keep = 0.770, sim = 1.000
srv        update:  - cache state: 59 prompts, 1121.522 MiB (limits: 8192.000 MiB, 4096 tokens, 65527 est)
srv        update:    - prompt 0xf0ecd0:     106 tokens, checkpoints:  0,    13.252 MiB
srv        update:    - prompt 0x4397eb0:     107 tokens, checkpoints:  0,    13.377 MiB
srv        update:    - prompt 0x439da00:     106 tokens, checkpoints:  0,    13.252 MiB
srv        update:    - prompt 0x3219be0:     107 tokens, checkpoints:  0,    13.377 MiB
srv        update:    - prompt 0x321c6f0:     105 tokens, checkpoints:  0,    13.127 MiB
srv        update:    - prompt 0x43990c0:     110 tokens, checkpoints:  0,    13.752 MiB
srv        update:    - prompt 0x1019e50:     116 tokens, checkpoints:  0,    14.502 MiB
srv        update:    - prompt 0x118e380:     109 tokens, checkpoints:  0,    13.627 MiB
srv        update:    - prompt 0x3219110:     113 tokens, checkpoints:  0,    14.127 MiB
srv        update:    - prompt 0x321e0f0:     108 tokens, checkpoints:  0,    13.502 MiB
srv        update:    - prompt 0x4398870:     108 tokens, checkpoints:  0,    13.502 MiB
srv        update:    - prompt 0xfdafe0:     108 tokens, checkpoints:  0,    13.502 MiB
srv        update:    - prompt 0xee3170:     111 tokens, checkpoints:  0,    13.877 MiB
srv        update:    - prompt 0x11f3590:     119 tokens, checkpoints:  0,    14.877 MiB
srv        update:    - prompt 0x3222110:     123 tokens, checkpoints:  0,    15.377 MiB
srv        update:    - prompt 0x439c6b0:     131 tokens, checkpoints:  0,    16.377 MiB
srv        update:    - prompt 0x118de20:     130 tokens, checkpoints:  0,    16.252 MiB
srv        update:    - prompt 0x3ac9990:     107 tokens, checkpoints:  0,    13.377 MiB
srv        update:    - prompt 0x3ad9850:     105 tokens, checkpoints:  0,    13.127 MiB
srv        update:    - prompt 0x4398620:     110 tokens, checkpoints:  0,    13.752 MiB
srv        update:    - prompt 0xf0c4e0:     116 tokens, checkpoints:  0,    14.502 MiB
srv        update:    - prompt 0x3adea70:     109 tokens, checkpoints:  0,    13.627 MiB
srv        update:    - prompt 0x3ae5890:     113 tokens, checkpoints:  0,    14.127 MiB
srv        update:    - prompt 0x3ae41b0:     108 tokens, checkpoints:  0,    13.502 MiB
srv        update:    - prompt 0x322e190:     108 tokens, checkpoints:  0,    13.502 MiB
srv        update:    - prompt 0x3af3d70:     108 tokens, checkpoints:  0,    13.502 MiB
srv        update:    - prompt 0x3af38d0:     111 tokens, checkpoints:  0,    13.877 MiB
srv        update:    - prompt 0x438e090:     119 tokens, checkpoints:  0,    14.877 MiB
srv        update:    - prompt 0x32222d0:     123 tokens, checkpoints:  0,    15.377 MiB
srv        update:    - prompt 0x11f26a0:     131 tokens, checkpoints:  0,    16.377 MiB
srv        update:    - prompt 0x32191b0:     130 tokens, checkpoints:  0,    16.252 MiB
srv        update:    - prompt 0x3ae3460:     107 tokens, checkpoints:  0,    13.377 MiB
srv        update:    - prompt 0xee4950:     105 tokens, checkpoints:  0,    13.127 MiB
srv        update:    - prompt 0x439c010:     110 tokens, checkpoints:  0,    13.752 MiB
srv        update:    - prompt 0xf0d130:     116 tokens, checkpoints:  0,    14.502 MiB
srv        update:    - prompt 0xedfd90:     109 tokens, checkpoints:  0,    13.627 MiB
srv        update:    - prompt 0x3b023f0:     113 tokens, checkpoints:  0,    14.127 MiB
srv        update:    - prompt 0xee1700:     108 tokens, checkpoints:  0,    13.502 MiB
srv        update:    - prompt 0x3ac9130:     108 tokens, checkpoints:  0,    13.502 MiB
srv        update:    - prompt 0x118dfd0:     108 tokens, checkpoints:  0,    13.502 MiB
srv        update:    - prompt 0x3af6ef0:     111 tokens, checkpoints:  0,    13.877 MiB
srv        update:    - prompt 0x3ac87e0:     119 tokens, checkpoints:  0,    14.877 MiB
srv        update:    - prompt 0x3af8fa0:     123 tokens, checkpoints:  0,    15.377 MiB
srv        update:    - prompt 0x1198470:     165 tokens, checkpoints:  0,    20.628 MiB
srv        update:    - prompt 0x3aeac00:     131 tokens, checkpoints:  0,    16.377 MiB
srv        update:    - prompt 0x439a890:     135 tokens, checkpoints:  0,    16.877 MiB
srv        update:    - prompt 0xf0c250:     132 tokens, checkpoints:  0,    16.502 MiB
srv        update:    - prompt 0x32294f0:     146 tokens, checkpoints:  0,    18.252 MiB
srv        update:    - prompt 0xee8ad0:     130 tokens, checkpoints:  0,    16.252 MiB
srv        update:    - prompt 0xef0970:     136 tokens, checkpoints:  0,    17.002 MiB
srv        update:    - prompt 0x3ad5fd0:     136 tokens, checkpoints:  0,    17.002 MiB
srv        update:    - prompt 0xfffdcc0062a0:     241 tokens, checkpoints:  0,    30.129 MiB
srv        update:    - prompt 0xfffe24005460:     325 tokens, checkpoints:  0,    40.629 MiB
srv        update:    - prompt 0xfffd70005720:     363 tokens, checkpoints:  0,    45.380 MiB
srv        update:    - prompt 0xfffd68002440:     425 tokens, checkpoints:  0,    53.131 MiB
srv        update:    - prompt 0x322ece0:     409 tokens, checkpoints:  0,    51.130 MiB
srv        update:    - prompt 0x3ac8290:     412 tokens, checkpoints:  0,    51.505 MiB
srv        update:    - prompt 0x3239c10:     418 tokens, checkpoints:  0,    52.256 MiB
srv        update:    - prompt 0xf0cf10:     415 tokens, checkpoints:  0,    51.880 MiB
srv  get_availabl: prompt cache update took 16.37 ms
slot launch_slot_: id  0 | task -1 | sampler chain: logits -> ?penalties -> ?dry -> ?top-n-sigma -> top-k -> ?typical -> top-p -> min-p -> ?xtc -> temp-ext -> dist 
slot launch_slot_: id  0 | task 9292 | processing task, is_child = 0
slot slot_save_an: id  1 | task -1 | saving idle slot to prompt cache
srv   prompt_save:  - saving prompt with length 431, total state size = 53.881 MiB
slot prompt_clear: id  1 | task -1 | clearing prompt with 431 tokens
srv        update:  - cache state: 60 prompts, 1175.402 MiB (limits: 8192.000 MiB, 4096 tokens, 65527 est)
srv        update:    - prompt 0xf0ecd0:     106 tokens, checkpoints:  0,    13.252 MiB
srv        update:    - prompt 0x4397eb0:     107 tokens, checkpoints:  0,    13.377 MiB
srv        update:    - prompt 0x439da00:     106 tokens, checkpoints:  0,    13.252 MiB
srv        update:    - prompt 0x3219be0:     107 tokens, checkpoints:  0,    13.377 MiB
srv        update:    - prompt 0x321c6f0:     105 tokens, checkpoints:  0,    13.127 MiB
srv        update:    - prompt 0x43990c0:     110 tokens, checkpoints:  0,    13.752 MiB
srv        update:    - prompt 0x1019e50:     116 tokens, checkpoints:  0,    14.502 MiB
srv        update:    - prompt 0x118e380:     109 tokens, checkpoints:  0,    13.627 MiB
srv        update:    - prompt 0x3219110:     113 tokens, checkpoints:  0,    14.127 MiB
srv        update:    - prompt 0x321e0f0:     108 tokens, checkpoints:  0,    13.502 MiB
srv        update:    - prompt 0x4398870:     108 tokens, checkpoints:  0,    13.502 MiB
srv        update:    - prompt 0xfdafe0:     108 tokens, checkpoints:  0,    13.502 MiB
srv        update:    - prompt 0xee3170:     111 tokens, checkpoints:  0,    13.877 MiB
srv        update:    - prompt 0x11f3590:     119 tokens, checkpoints:  0,    14.877 MiB
srv        update:    - prompt 0x3222110:     123 tokens, checkpoints:  0,    15.377 MiB
srv        update:    - prompt 0x439c6b0:     131 tokens, checkpoints:  0,    16.377 MiB
srv        update:    - prompt 0x118de20:     130 tokens, checkpoints:  0,    16.252 MiB
srv        update:    - prompt 0x3ac9990:     107 tokens, checkpoints:  0,    13.377 MiB
srv        update:    - prompt 0x3ad9850:     105 tokens, checkpoints:  0,    13.127 MiB
srv        update:    - prompt 0x4398620:     110 tokens, checkpoints:  0,    13.752 MiB
srv        update:    - prompt 0xf0c4e0:     116 tokens, checkpoints:  0,    14.502 MiB
srv        update:    - prompt 0x3adea70:     109 tokens, checkpoints:  0,    13.627 MiB
srv        update:    - prompt 0x3ae5890:     113 tokens, checkpoints:  0,    14.127 MiB
srv        update:    - prompt 0x3ae41b0:     108 tokens, checkpoints:  0,    13.502 MiB
srv        update:    - prompt 0x322e190:     108 tokens, checkpoints:  0,    13.502 MiB
srv        update:    - prompt 0x3af3d70:     108 tokens, checkpoints:  0,    13.502 MiB
srv        update:    - prompt 0x3af38d0:     111 tokens, checkpoints:  0,    13.877 MiB
srv        update:    - prompt 0x438e090:     119 tokens, checkpoints:  0,    14.877 MiB
srv        update:    - prompt 0x32222d0:     123 tokens, checkpoints:  0,    15.377 MiB
srv        update:    - prompt 0x11f26a0:     131 tokens, checkpoints:  0,    16.377 MiB
srv        update:    - prompt 0x32191b0:     130 tokens, checkpoints:  0,    16.252 MiB
srv        update:    - prompt 0x3ae3460:     107 tokens, checkpoints:  0,    13.377 MiB
srv        update:    - prompt 0xee4950:     105 tokens, checkpoints:  0,    13.127 MiB
srv        update:    - prompt 0x439c010:     110 tokens, checkpoints:  0,    13.752 MiB
srv        update:    - prompt 0xf0d130:     116 tokens, checkpoints:  0,    14.502 MiB
srv        update:    - prompt 0xedfd90:     109 tokens, checkpoints:  0,    13.627 MiB
srv        update:    - prompt 0x3b023f0:     113 tokens, checkpoints:  0,    14.127 MiB
srv        update:    - prompt 0xee1700:     108 tokens, checkpoints:  0,    13.502 MiB
srv        update:    - prompt 0x3ac9130:     108 tokens, checkpoints:  0,    13.502 MiB
srv        update:    - prompt 0x118dfd0:     108 tokens, checkpoints:  0,    13.502 MiB
srv        update:    - prompt 0x3af6ef0:     111 tokens, checkpoints:  0,    13.877 MiB
srv        update:    - prompt 0x3ac87e0:     119 tokens, checkpoints:  0,    14.877 MiB
srv        update:    - prompt 0x3af8fa0:     123 tokens, checkpoints:  0,    15.377 MiB
srv        update:    - prompt 0x1198470:     165 tokens, checkpoints:  0,    20.628 MiB
srv        update:    - prompt 0x3aeac00:     131 tokens, checkpoints:  0,    16.377 MiB
srv        update:    - prompt 0x439a890:     135 tokens, checkpoints:  0,    16.877 MiB
srv        update:    - prompt 0xf0c250:     132 tokens, checkpoints:  0,    16.502 MiB
srv        update:    - prompt 0x32294f0:     146 tokens, checkpoints:  0,    18.252 MiB
srv        update:    - prompt 0xee8ad0:     130 tokens, checkpoints:  0,    16.252 MiB
srv        update:    - prompt 0xef0970:     136 tokens, checkpoints:  0,    17.002 MiB
srv        update:    - prompt 0x3ad5fd0:     136 tokens, checkpoints:  0,    17.002 MiB
srv        update:    - prompt 0xfffdcc0062a0:     241 tokens, checkpoints:  0,    30.129 MiB
srv        update:    - prompt 0xfffe24005460:     325 tokens, checkpoints:  0,    40.629 MiB
srv        update:    - prompt 0xfffd70005720:     363 tokens, checkpoints:  0,    45.380 MiB
srv        update:    - prompt 0xfffd68002440:     425 tokens, checkpoints:  0,    53.131 MiB
srv        update:    - prompt 0x322ece0:     409 tokens, checkpoints:  0,    51.130 MiB
srv        update:    - prompt 0x3ac8290:     412 tokens, checkpoints:  0,    51.505 MiB
srv        update:    - prompt 0x3239c10:     418 tokens, checkpoints:  0,    52.256 MiB
srv        update:    - prompt 0xf0cf10:     415 tokens, checkpoints:  0,    51.880 MiB
srv        update:    - prompt 0xee7460:     431 tokens, checkpoints:  0,    53.881 MiB
slot update_slots: id  0 | task 9292 | new prompt, n_ctx_slot = 4096, n_keep = 0, task.n_tokens = 332
slot update_slots: id  0 | task 9292 | n_tokens = 0, memory_seq_rm [0, end)
slot init_sampler: id  0 | task 9292 | init sampler, took 0.15 ms, tokens: text = 332, total = 332
slot update_slots: id  0 | task 9292 | prompt processing done, n_tokens = 332, batch.n_tokens = 332
srv  log_server_r: done request: POST /completion 127.0.0.1 200
slot print_timing: id  0 | task 9292 | 
prompt eval time =  212403.72 ms /   332 tokens (  639.77 ms per token,     1.56 tokens per second)
       eval time =   68247.14 ms /   100 tokens (  682.47 ms per token,     1.47 tokens per second)
      total time =  280650.85 ms /   432 tokens
slot      release: id  0 | task 9292 | stop processing: n_tokens = 431, truncated = 0
srv  update_slots: all slots are idle
srv    operator(): operator(): cleaning up before exit...
llama_memory_breakdown_print: | memory breakdown [MiB] | total   free    self   model   context   compute    unaccounted |
llama_memory_breakdown_print: |   - Host               |                 5463 =  4685 +     512 +     266                |
