main: n_parallel is set to auto, using n_parallel = 4 and kv_unified = true
build_info: b8818-b572d1ecd
system_info: n_threads = 48 (n_threads_batch = 48) / 48 | CPU : NEON = 1 | ARM_FMA = 1 | FP16_VA = 1 | SVE = 1 | SVE_CNT = 64 | OPENMP = 1 | REPACK = 1 | 
Running without SSL
init: using 47 threads for HTTP server
start: binding port with default address family
main: loading model
srv    load_model: loading model '/projects/F202500010HPCVLABUMINHO/uminhocp057/ADED/ADED_project2/models/meta-llama-3.1-8b-instruct-q4_k_m.gguf'
common_init_result: fitting params to device memory, for bugs during this step try to reproduce them with -fit off, or provide --verbose logs if the bug only occurs with -fit on
llama_params_fit_impl: no devices with dedicated memory found
llama_params_fit: successfully fit params to free device memory
llama_params_fit: fitting params to free memory took 1.13 seconds
llama_model_loader: loaded meta data with 29 key-value pairs and 291 tensors from /projects/F202500010HPCVLABUMINHO/uminhocp057/ADED/ADED_project2/models/meta-llama-3.1-8b-instruct-q4_k_m.gguf (version GGUF V3 (latest))
llama_model_loader: Dumping metadata keys/values. Note: KV overrides do not apply in this output.
llama_model_loader: - kv   0:                       general.architecture str              = llama
llama_model_loader: - kv   1:                               general.type str              = model
llama_model_loader: - kv   2:                               general.name str              = Meta Llama 3.1 8B Instruct
llama_model_loader: - kv   3:                           general.finetune str              = Instruct
llama_model_loader: - kv   4:                           general.basename str              = Meta-Llama-3.1
llama_model_loader: - kv   5:                         general.size_label str              = 8B
llama_model_loader: - kv   6:                            general.license str              = llama3.1
llama_model_loader: - kv   7:                               general.tags arr[str,6]       = ["facebook", "meta", "pytorch", "llam...
llama_model_loader: - kv   8:                          general.languages arr[str,8]       = ["en", "de", "fr", "it", "pt", "hi", ...
llama_model_loader: - kv   9:                          llama.block_count u32              = 32
llama_model_loader: - kv  10:                       llama.context_length u32              = 131072
llama_model_loader: - kv  11:                     llama.embedding_length u32              = 4096
llama_model_loader: - kv  12:                  llama.feed_forward_length u32              = 14336
llama_model_loader: - kv  13:                 llama.attention.head_count u32              = 32
llama_model_loader: - kv  14:              llama.attention.head_count_kv u32              = 8
llama_model_loader: - kv  15:                       llama.rope.freq_base f32              = 500000.000000
llama_model_loader: - kv  16:     llama.attention.layer_norm_rms_epsilon f32              = 0.000010
llama_model_loader: - kv  17:                          general.file_type u32              = 15
llama_model_loader: - kv  18:                           llama.vocab_size u32              = 128256
llama_model_loader: - kv  19:                 llama.rope.dimension_count u32              = 128
llama_model_loader: - kv  20:                       tokenizer.ggml.model str              = gpt2
llama_model_loader: - kv  21:                         tokenizer.ggml.pre str              = llama-bpe
llama_model_loader: - kv  22:                      tokenizer.ggml.tokens arr[str,128256]  = ["!", "\"", "#", "$", "%", "&", "'", ...
llama_model_loader: - kv  23:                  tokenizer.ggml.token_type arr[i32,128256]  = [1, 1, 1, 1, 1, 1, 1, 1, 1, 1, 1, 1, ...
llama_model_loader: - kv  24:                      tokenizer.ggml.merges arr[str,280147]  = ["Ġ Ġ", "Ġ ĠĠĠ", "ĠĠ ĠĠ", "...
llama_model_loader: - kv  25:                tokenizer.ggml.bos_token_id u32              = 128000
llama_model_loader: - kv  26:                tokenizer.ggml.eos_token_id u32              = 128009
llama_model_loader: - kv  27:                    tokenizer.chat_template str              = {% set loop_messages = messages %}{% ...
llama_model_loader: - kv  28:               general.quantization_version u32              = 2
llama_model_loader: - type  f32:   65 tensors
llama_model_loader: - type q4_K:  193 tensors
llama_model_loader: - type q6_K:   33 tensors
print_info: file format = GGUF V3 (latest)
print_info: file type   = Q4_K - Medium
print_info: file size   = 4.58 GiB (4.89 BPW) 
load: 0 unused tokens
load: printing all EOG tokens:
load:   - 128001 ('<|end_of_text|>')
load:   - 128008 ('<|eom_id|>')
load:   - 128009 ('<|eot_id|>')
load: special tokens cache size = 256
load: token to piece cache size = 0.7999 MB
print_info: arch                  = llama
print_info: vocab_only            = 0
print_info: no_alloc              = 0
print_info: n_ctx_train           = 131072
print_info: n_embd                = 4096
print_info: n_embd_inp            = 4096
print_info: n_layer               = 32
print_info: n_head                = 32
print_info: n_head_kv             = 8
print_info: n_rot                 = 128
print_info: n_swa                 = 0
print_info: is_swa_any            = 0
print_info: n_embd_head_k         = 128
print_info: n_embd_head_v         = 128
print_info: n_gqa                 = 4
print_info: n_embd_k_gqa          = 1024
print_info: n_embd_v_gqa          = 1024
print_info: f_norm_eps            = 0.0e+00
print_info: f_norm_rms_eps        = 1.0e-05
print_info: f_clamp_kqv           = 0.0e+00
print_info: f_max_alibi_bias      = 0.0e+00
print_info: f_logit_scale         = 0.0e+00
print_info: f_attn_scale          = 0.0e+00
print_info: n_ff                  = 14336
print_info: n_expert              = 0
print_info: n_expert_used         = 0
print_info: n_expert_groups       = 0
print_info: n_group_used          = 0
print_info: causal attn           = 1
print_info: pooling type          = -1
print_info: rope type             = 0
print_info: rope scaling          = linear
print_info: freq_base_train       = 500000.0
print_info: freq_scale_train      = 1
print_info: n_ctx_orig_yarn       = 131072
print_info: rope_yarn_log_mul     = 0.0000
print_info: rope_finetuned        = unknown
print_info: model type            = 8B
print_info: model params          = 8.03 B
print_info: general.name          = Meta Llama 3.1 8B Instruct
print_info: vocab type            = BPE
print_info: n_vocab               = 128256
print_info: n_merges              = 280147
print_info: BOS token             = 128000 '<|begin_of_text|>'
print_info: EOS token             = 128009 '<|eot_id|>'
print_info: EOT token             = 128009 '<|eot_id|>'
print_info: EOM token             = 128008 '<|eom_id|>'
print_info: LF token              = 198 'Ċ'
print_info: EOG token             = 128001 '<|end_of_text|>'
print_info: EOG token             = 128008 '<|eom_id|>'
print_info: EOG token             = 128009 '<|eot_id|>'
print_info: max token length      = 256
load_tensors: loading model tensors, this can take a while... (mmap = true, direct_io = false)
load_tensors:   CPU_Mapped model buffer size =  4685.30 MiB
........................................................................................
common_init_result: added <|end_of_text|> logit bias = -inf
common_init_result: added <|eom_id|> logit bias = -inf
common_init_result: added <|eot_id|> logit bias = -inf
llama_context: constructing llama_context
llama_context: n_seq_max     = 4
llama_context: n_ctx         = 4096
llama_context: n_ctx_seq     = 4096
llama_context: n_batch       = 2048
llama_context: n_ubatch      = 512
llama_context: causal_attn   = 1
llama_context: flash_attn    = auto
llama_context: kv_unified    = true
llama_context: freq_base     = 500000.0
llama_context: freq_scale    = 1
llama_context: n_ctx_seq (4096) < n_ctx_train (131072) -- the full capacity of the model will not be utilized
llama_context:        CPU  output buffer size =     1.96 MiB
llama_kv_cache:        CPU KV buffer size =   512.00 MiB
llama_kv_cache: size =  512.00 MiB (  4096 cells,  32 layers,  4/1 seqs), K (f16):  256.00 MiB, V (f16):  256.00 MiB
llama_kv_cache: attn_rot_k = 0, n_embd_head_k_all = 128
llama_kv_cache: attn_rot_v = 0, n_embd_head_k_all = 128
sched_reserve: reserving ...
sched_reserve: Flash Attention was auto, set to enabled
sched_reserve: resolving fused Gated Delta Net support:
sched_reserve: fused Gated Delta Net (autoregressive) enabled
sched_reserve: fused Gated Delta Net (chunked) enabled
sched_reserve:        CPU compute buffer size =   266.50 MiB
sched_reserve: graph nodes  = 999
sched_reserve: graph splits = 1
sched_reserve: reserve took 12.01 ms, sched copies = 1
common_init_from_params: warming up the model with an empty run - please wait ... (--no-warmup to disable)
srv    load_model: initializing slots, n_slots = 4
no implementations specified for speculative decoding
slot   load_model: id  0 | task -1 | speculative decoding context not initialized
slot   load_model: id  0 | task -1 | new slot, n_ctx = 4096
no implementations specified for speculative decoding
slot   load_model: id  1 | task -1 | speculative decoding context not initialized
slot   load_model: id  1 | task -1 | new slot, n_ctx = 4096
no implementations specified for speculative decoding
slot   load_model: id  2 | task -1 | speculative decoding context not initialized
slot   load_model: id  2 | task -1 | new slot, n_ctx = 4096
no implementations specified for speculative decoding
slot   load_model: id  3 | task -1 | speculative decoding context not initialized
slot   load_model: id  3 | task -1 | new slot, n_ctx = 4096
srv    load_model: prompt cache is enabled, size limit: 8192 MiB
srv    load_model: use `--cache-ram 0` to disable the prompt cache
srv    load_model: for more info see https://github.com/ggml-org/llama.cpp/pull/16391
srv          init: init: idle slots will be saved to prompt cache and cleared upon starting a new task
init: chat template, example_format: '<|start_header_id|>system<|end_header_id|>

You are a helpful assistant<|eot_id|><|start_header_id|>user<|end_header_id|>

Hello<|eot_id|><|start_header_id|>assistant<|end_header_id|>

Hi there<|eot_id|><|start_header_id|>user<|end_header_id|>

How are you?<|eot_id|><|start_header_id|>assistant<|end_header_id|>

'
srv          init: init: chat template, thinking = 0
main: model loaded
main: server is listening on http://0.0.0.0:8080
main: starting the main loop...
srv  update_slots: all slots are idle
slot get_availabl: id  3 | task -1 | selected slot by LRU, t_last = -1
srv  get_availabl: updating prompt cache
srv          load:  - looking for better prompt, base f_keep = -1.000, sim = 0.000
srv        update:  - cache state: 0 prompts, 0.000 MiB (limits: 8192.000 MiB, 4096 tokens, 8589934592 est)
srv  get_availabl: prompt cache update took 0.02 ms
slot launch_slot_: id  3 | task -1 | sampler chain: logits -> ?penalties -> ?dry -> ?top-n-sigma -> top-k -> ?typical -> top-p -> min-p -> ?xtc -> temp-ext -> dist 
slot launch_slot_: id  3 | task 0 | processing task, is_child = 0
slot update_slots: id  3 | task 0 | new prompt, n_ctx_slot = 4096, n_keep = 0, task.n_tokens = 7
slot update_slots: id  3 | task 0 | n_tokens = 0, memory_seq_rm [0, end)
slot init_sampler: id  3 | task 0 | init sampler, took 0.01 ms, tokens: text = 7, total = 7
slot update_slots: id  3 | task 0 | prompt processing done, n_tokens = 7, batch.n_tokens = 7
srv  log_server_r: done request: POST /completion 127.0.0.1 200
slot print_timing: id  3 | task 0 | 
prompt eval time =     413.73 ms /     7 tokens (   59.10 ms per token,    16.92 tokens per second)
       eval time =    7506.19 ms /   100 tokens (   75.06 ms per token,    13.32 tokens per second)
      total time =    7919.92 ms /   107 tokens
slot      release: id  3 | task 0 | stop processing: n_tokens = 106, truncated = 0
srv  update_slots: all slots are idle
slot get_availabl: id  3 | task -1 | selected slot by LCP similarity, sim_best = 0.125 (> 0.100 thold), f_keep = 0.009
srv  get_availabl: updating prompt cache
srv   prompt_save:  - saving prompt with length 106, total state size = 13.252 MiB
srv          load:  - looking for better prompt, base f_keep = 0.009, sim = 0.125
srv        update:  - cache state: 1 prompts, 13.252 MiB (limits: 8192.000 MiB, 4096 tokens, 65526 est)
srv        update:    - prompt 0xf0ef60:     106 tokens, checkpoints:  0,    13.252 MiB
srv  get_availabl: prompt cache update took 3.37 ms
slot launch_slot_: id  3 | task -1 | sampler chain: logits -> ?penalties -> ?dry -> ?top-n-sigma -> top-k -> ?typical -> top-p -> min-p -> ?xtc -> temp-ext -> dist 
slot launch_slot_: id  3 | task 101 | processing task, is_child = 0
slot update_slots: id  3 | task 101 | new prompt, n_ctx_slot = 4096, n_keep = 0, task.n_tokens = 8
slot update_slots: id  3 | task 101 | n_tokens = 0, memory_seq_rm [0, end)
slot init_sampler: id  3 | task 101 | init sampler, took 0.01 ms, tokens: text = 8, total = 8
slot update_slots: id  3 | task 101 | prompt processing done, n_tokens = 8, batch.n_tokens = 8
srv  log_server_r: done request: POST /completion 127.0.0.1 200
slot print_timing: id  3 | task 101 | 
prompt eval time =     423.97 ms /     8 tokens (   53.00 ms per token,    18.87 tokens per second)
       eval time =    9449.83 ms /   100 tokens (   94.50 ms per token,    10.58 tokens per second)
      total time =    9873.80 ms /   108 tokens
slot      release: id  3 | task 101 | stop processing: n_tokens = 107, truncated = 0
srv  update_slots: all slots are idle
slot get_availabl: id  3 | task -1 | selected slot by LCP similarity, sim_best = 0.143 (> 0.100 thold), f_keep = 0.009
srv  get_availabl: updating prompt cache
srv   prompt_save:  - saving prompt with length 107, total state size = 13.377 MiB
srv          load:  - looking for better prompt, base f_keep = 0.009, sim = 0.143
srv        update:  - cache state: 2 prompts, 26.629 MiB (limits: 8192.000 MiB, 4096 tokens, 65526 est)
srv        update:    - prompt 0xf0ef60:     106 tokens, checkpoints:  0,    13.252 MiB
srv        update:    - prompt 0x4391140:     107 tokens, checkpoints:  0,    13.377 MiB
srv  get_availabl: prompt cache update took 3.32 ms
slot launch_slot_: id  3 | task -1 | sampler chain: logits -> ?penalties -> ?dry -> ?top-n-sigma -> top-k -> ?typical -> top-p -> min-p -> ?xtc -> temp-ext -> dist 
slot launch_slot_: id  3 | task 202 | processing task, is_child = 0
slot update_slots: id  3 | task 202 | new prompt, n_ctx_slot = 4096, n_keep = 0, task.n_tokens = 7
slot update_slots: id  3 | task 202 | n_tokens = 0, memory_seq_rm [0, end)
slot init_sampler: id  3 | task 202 | init sampler, took 0.01 ms, tokens: text = 7, total = 7
slot update_slots: id  3 | task 202 | prompt processing done, n_tokens = 7, batch.n_tokens = 7
srv  log_server_r: done request: POST /completion 127.0.0.1 200
slot print_timing: id  3 | task 202 | 
prompt eval time =     400.23 ms /     7 tokens (   57.18 ms per token,    17.49 tokens per second)
       eval time =    8821.55 ms /   100 tokens (   88.22 ms per token,    11.34 tokens per second)
      total time =    9221.78 ms /   107 tokens
slot      release: id  3 | task 202 | stop processing: n_tokens = 106, truncated = 0
srv  update_slots: all slots are idle
slot get_availabl: id  3 | task -1 | selected slot by LCP similarity, sim_best = 0.125 (> 0.100 thold), f_keep = 0.009
srv  get_availabl: updating prompt cache
srv   prompt_save:  - saving prompt with length 106, total state size = 13.252 MiB
srv          load:  - looking for better prompt, base f_keep = 0.009, sim = 0.125
srv        update:  - cache state: 3 prompts, 39.881 MiB (limits: 8192.000 MiB, 4096 tokens, 65526 est)
srv        update:    - prompt 0xf0ef60:     106 tokens, checkpoints:  0,    13.252 MiB
srv        update:    - prompt 0x4391140:     107 tokens, checkpoints:  0,    13.377 MiB
srv        update:    - prompt 0x32239b0:     106 tokens, checkpoints:  0,    13.252 MiB
srv  get_availabl: prompt cache update took 3.35 ms
slot launch_slot_: id  3 | task -1 | sampler chain: logits -> ?penalties -> ?dry -> ?top-n-sigma -> top-k -> ?typical -> top-p -> min-p -> ?xtc -> temp-ext -> dist 
slot launch_slot_: id  3 | task 303 | processing task, is_child = 0
slot update_slots: id  3 | task 303 | new prompt, n_ctx_slot = 4096, n_keep = 0, task.n_tokens = 8
slot update_slots: id  3 | task 303 | n_tokens = 0, memory_seq_rm [0, end)
slot init_sampler: id  3 | task 303 | init sampler, took 0.01 ms, tokens: text = 8, total = 8
slot update_slots: id  3 | task 303 | prompt processing done, n_tokens = 8, batch.n_tokens = 8
srv  log_server_r: done request: POST /completion 127.0.0.1 200
slot print_timing: id  3 | task 303 | 
prompt eval time =     443.68 ms /     8 tokens (   55.46 ms per token,    18.03 tokens per second)
       eval time =   11869.17 ms /   100 tokens (  118.69 ms per token,     8.43 tokens per second)
      total time =   12312.85 ms /   108 tokens
slot      release: id  3 | task 303 | stop processing: n_tokens = 107, truncated = 0
srv  update_slots: all slots are idle
slot get_availabl: id  3 | task -1 | selected slot by LCP similarity, sim_best = 0.167 (> 0.100 thold), f_keep = 0.009
srv  get_availabl: updating prompt cache
srv   prompt_save:  - saving prompt with length 107, total state size = 13.377 MiB
srv          load:  - looking for better prompt, base f_keep = 0.009, sim = 0.167
srv        update:  - cache state: 4 prompts, 53.258 MiB (limits: 8192.000 MiB, 4096 tokens, 65526 est)
srv        update:    - prompt 0xf0ef60:     106 tokens, checkpoints:  0,    13.252 MiB
srv        update:    - prompt 0x4391140:     107 tokens, checkpoints:  0,    13.377 MiB
srv        update:    - prompt 0x32239b0:     106 tokens, checkpoints:  0,    13.252 MiB
srv        update:    - prompt 0x321b8b0:     107 tokens, checkpoints:  0,    13.377 MiB
srv  get_availabl: prompt cache update took 3.28 ms
slot launch_slot_: id  3 | task -1 | sampler chain: logits -> ?penalties -> ?dry -> ?top-n-sigma -> top-k -> ?typical -> top-p -> min-p -> ?xtc -> temp-ext -> dist 
slot launch_slot_: id  3 | task 404 | processing task, is_child = 0
slot update_slots: id  3 | task 404 | new prompt, n_ctx_slot = 4096, n_keep = 0, task.n_tokens = 6
slot update_slots: id  3 | task 404 | n_tokens = 0, memory_seq_rm [0, end)
slot init_sampler: id  3 | task 404 | init sampler, took 0.01 ms, tokens: text = 6, total = 6
slot update_slots: id  3 | task 404 | prompt processing done, n_tokens = 6, batch.n_tokens = 6
srv  log_server_r: done request: POST /completion 127.0.0.1 200
slot print_timing: id  3 | task 404 | 
prompt eval time =     323.98 ms /     6 tokens (   54.00 ms per token,    18.52 tokens per second)
       eval time =    7343.78 ms /   100 tokens (   73.44 ms per token,    13.62 tokens per second)
      total time =    7667.76 ms /   106 tokens
slot      release: id  3 | task 404 | stop processing: n_tokens = 105, truncated = 0
srv  update_slots: all slots are idle
slot get_availabl: id  2 | task -1 | selected slot by LRU, t_last = -1
srv  get_availabl: updating prompt cache
srv          load:  - looking for better prompt, base f_keep = -1.000, sim = 0.000
srv        update:  - cache state: 4 prompts, 53.258 MiB (limits: 8192.000 MiB, 4096 tokens, 65526 est)
srv        update:    - prompt 0xf0ef60:     106 tokens, checkpoints:  0,    13.252 MiB
srv        update:    - prompt 0x4391140:     107 tokens, checkpoints:  0,    13.377 MiB
srv        update:    - prompt 0x32239b0:     106 tokens, checkpoints:  0,    13.252 MiB
srv        update:    - prompt 0x321b8b0:     107 tokens, checkpoints:  0,    13.377 MiB
srv  get_availabl: prompt cache update took 0.03 ms
slot launch_slot_: id  2 | task -1 | sampler chain: logits -> ?penalties -> ?dry -> ?top-n-sigma -> top-k -> ?typical -> top-p -> min-p -> ?xtc -> temp-ext -> dist 
slot launch_slot_: id  2 | task 505 | processing task, is_child = 0
slot slot_save_an: id  3 | task -1 | saving idle slot to prompt cache
srv   prompt_save:  - saving prompt with length 105, total state size = 13.127 MiB
slot prompt_clear: id  3 | task -1 | clearing prompt with 105 tokens
srv        update:  - cache state: 5 prompts, 66.385 MiB (limits: 8192.000 MiB, 4096 tokens, 65526 est)
srv        update:    - prompt 0xf0ef60:     106 tokens, checkpoints:  0,    13.252 MiB
srv        update:    - prompt 0x4391140:     107 tokens, checkpoints:  0,    13.377 MiB
srv        update:    - prompt 0x32239b0:     106 tokens, checkpoints:  0,    13.252 MiB
srv        update:    - prompt 0x321b8b0:     107 tokens, checkpoints:  0,    13.377 MiB
srv        update:    - prompt 0x3221630:     105 tokens, checkpoints:  0,    13.127 MiB
slot update_slots: id  2 | task 505 | new prompt, n_ctx_slot = 4096, n_keep = 0, task.n_tokens = 11
slot update_slots: id  2 | task 505 | n_tokens = 0, memory_seq_rm [0, end)
slot init_sampler: id  2 | task 505 | init sampler, took 0.01 ms, tokens: text = 11, total = 11
slot update_slots: id  2 | task 505 | prompt processing done, n_tokens = 11, batch.n_tokens = 11
srv  log_server_r: done request: POST /completion 127.0.0.1 200
slot print_timing: id  2 | task 505 | 
prompt eval time =     605.78 ms /    11 tokens (   55.07 ms per token,    18.16 tokens per second)
       eval time =    8598.91 ms /   100 tokens (   85.99 ms per token,    11.63 tokens per second)
      total time =    9204.69 ms /   111 tokens
slot      release: id  2 | task 505 | stop processing: n_tokens = 110, truncated = 0
srv  update_slots: all slots are idle
slot get_availabl: id  1 | task -1 | selected slot by LRU, t_last = -1
srv  get_availabl: updating prompt cache
srv          load:  - looking for better prompt, base f_keep = -1.000, sim = 0.000
srv        update:  - cache state: 5 prompts, 66.385 MiB (limits: 8192.000 MiB, 4096 tokens, 65526 est)
srv        update:    - prompt 0xf0ef60:     106 tokens, checkpoints:  0,    13.252 MiB
srv        update:    - prompt 0x4391140:     107 tokens, checkpoints:  0,    13.377 MiB
srv        update:    - prompt 0x32239b0:     106 tokens, checkpoints:  0,    13.252 MiB
srv        update:    - prompt 0x321b8b0:     107 tokens, checkpoints:  0,    13.377 MiB
srv        update:    - prompt 0x3221630:     105 tokens, checkpoints:  0,    13.127 MiB
srv  get_availabl: prompt cache update took 0.06 ms
slot launch_slot_: id  1 | task -1 | sampler chain: logits -> ?penalties -> ?dry -> ?top-n-sigma -> top-k -> ?typical -> top-p -> min-p -> ?xtc -> temp-ext -> dist 
slot launch_slot_: id  1 | task 606 | processing task, is_child = 0
slot slot_save_an: id  2 | task -1 | saving idle slot to prompt cache
srv   prompt_save:  - saving prompt with length 110, total state size = 13.752 MiB
slot prompt_clear: id  2 | task -1 | clearing prompt with 110 tokens
srv        update:  - cache state: 6 prompts, 80.137 MiB (limits: 8192.000 MiB, 4096 tokens, 65526 est)
srv        update:    - prompt 0xf0ef60:     106 tokens, checkpoints:  0,    13.252 MiB
srv        update:    - prompt 0x4391140:     107 tokens, checkpoints:  0,    13.377 MiB
srv        update:    - prompt 0x32239b0:     106 tokens, checkpoints:  0,    13.252 MiB
srv        update:    - prompt 0x321b8b0:     107 tokens, checkpoints:  0,    13.377 MiB
srv        update:    - prompt 0x3221630:     105 tokens, checkpoints:  0,    13.127 MiB
srv        update:    - prompt 0x4390ba0:     110 tokens, checkpoints:  0,    13.752 MiB
slot update_slots: id  1 | task 606 | new prompt, n_ctx_slot = 4096, n_keep = 0, task.n_tokens = 17
slot update_slots: id  1 | task 606 | n_tokens = 0, memory_seq_rm [0, end)
slot init_sampler: id  1 | task 606 | init sampler, took 0.01 ms, tokens: text = 17, total = 17
slot update_slots: id  1 | task 606 | prompt processing done, n_tokens = 17, batch.n_tokens = 17
srv  log_server_r: done request: POST /completion 127.0.0.1 200
slot print_timing: id  1 | task 606 | 
prompt eval time =     874.81 ms /    17 tokens (   51.46 ms per token,    19.43 tokens per second)
       eval time =    7640.68 ms /   100 tokens (   76.41 ms per token,    13.09 tokens per second)
      total time =    8515.49 ms /   117 tokens
slot      release: id  1 | task 606 | stop processing: n_tokens = 116, truncated = 0
srv  update_slots: all slots are idle
slot get_availabl: id  0 | task -1 | selected slot by LRU, t_last = -1
srv  get_availabl: updating prompt cache
srv          load:  - looking for better prompt, base f_keep = -1.000, sim = 0.000
srv        update:  - cache state: 6 prompts, 80.137 MiB (limits: 8192.000 MiB, 4096 tokens, 65526 est)
srv        update:    - prompt 0xf0ef60:     106 tokens, checkpoints:  0,    13.252 MiB
srv        update:    - prompt 0x4391140:     107 tokens, checkpoints:  0,    13.377 MiB
srv        update:    - prompt 0x32239b0:     106 tokens, checkpoints:  0,    13.252 MiB
srv        update:    - prompt 0x321b8b0:     107 tokens, checkpoints:  0,    13.377 MiB
srv        update:    - prompt 0x3221630:     105 tokens, checkpoints:  0,    13.127 MiB
srv        update:    - prompt 0x4390ba0:     110 tokens, checkpoints:  0,    13.752 MiB
srv  get_availabl: prompt cache update took 0.06 ms
slot launch_slot_: id  0 | task -1 | sampler chain: logits -> ?penalties -> ?dry -> ?top-n-sigma -> top-k -> ?typical -> top-p -> min-p -> ?xtc -> temp-ext -> dist 
slot launch_slot_: id  0 | task 707 | processing task, is_child = 0
slot slot_save_an: id  1 | task -1 | saving idle slot to prompt cache
srv   prompt_save:  - saving prompt with length 116, total state size = 14.502 MiB
slot prompt_clear: id  1 | task -1 | clearing prompt with 116 tokens
srv        update:  - cache state: 7 prompts, 94.639 MiB (limits: 8192.000 MiB, 4096 tokens, 65526 est)
srv        update:    - prompt 0xf0ef60:     106 tokens, checkpoints:  0,    13.252 MiB
srv        update:    - prompt 0x4391140:     107 tokens, checkpoints:  0,    13.377 MiB
srv        update:    - prompt 0x32239b0:     106 tokens, checkpoints:  0,    13.252 MiB
srv        update:    - prompt 0x321b8b0:     107 tokens, checkpoints:  0,    13.377 MiB
srv        update:    - prompt 0x3221630:     105 tokens, checkpoints:  0,    13.127 MiB
srv        update:    - prompt 0x4390ba0:     110 tokens, checkpoints:  0,    13.752 MiB
srv        update:    - prompt 0x3223470:     116 tokens, checkpoints:  0,    14.502 MiB
slot update_slots: id  0 | task 707 | new prompt, n_ctx_slot = 4096, n_keep = 0, task.n_tokens = 10
slot update_slots: id  0 | task 707 | n_tokens = 0, memory_seq_rm [0, end)
slot init_sampler: id  0 | task 707 | init sampler, took 0.01 ms, tokens: text = 10, total = 10
slot update_slots: id  0 | task 707 | prompt processing done, n_tokens = 10, batch.n_tokens = 10
srv  log_server_r: done request: POST /completion 127.0.0.1 200
slot print_timing: id  0 | task 707 | 
prompt eval time =     522.27 ms /    10 tokens (   52.23 ms per token,    19.15 tokens per second)
       eval time =    6926.23 ms /   100 tokens (   69.26 ms per token,    14.44 tokens per second)
      total time =    7448.50 ms /   110 tokens
slot      release: id  0 | task 707 | stop processing: n_tokens = 109, truncated = 0
srv  update_slots: all slots are idle
slot get_availabl: id  3 | task -1 | selected slot by LRU, t_last = 289816048034
srv  get_availabl: updating prompt cache
srv          load:  - looking for better prompt, base f_keep = -1.000, sim = 0.000
srv        update:  - cache state: 7 prompts, 94.639 MiB (limits: 8192.000 MiB, 4096 tokens, 65526 est)
srv        update:    - prompt 0xf0ef60:     106 tokens, checkpoints:  0,    13.252 MiB
srv        update:    - prompt 0x4391140:     107 tokens, checkpoints:  0,    13.377 MiB
srv        update:    - prompt 0x32239b0:     106 tokens, checkpoints:  0,    13.252 MiB
srv        update:    - prompt 0x321b8b0:     107 tokens, checkpoints:  0,    13.377 MiB
srv        update:    - prompt 0x3221630:     105 tokens, checkpoints:  0,    13.127 MiB
srv        update:    - prompt 0x4390ba0:     110 tokens, checkpoints:  0,    13.752 MiB
srv        update:    - prompt 0x3223470:     116 tokens, checkpoints:  0,    14.502 MiB
srv  get_availabl: prompt cache update took 0.05 ms
slot launch_slot_: id  3 | task -1 | sampler chain: logits -> ?penalties -> ?dry -> ?top-n-sigma -> top-k -> ?typical -> top-p -> min-p -> ?xtc -> temp-ext -> dist 
slot launch_slot_: id  3 | task 808 | processing task, is_child = 0
slot slot_save_an: id  0 | task -1 | saving idle slot to prompt cache
srv   prompt_save:  - saving prompt with length 109, total state size = 13.627 MiB
slot prompt_clear: id  0 | task -1 | clearing prompt with 109 tokens
srv        update:  - cache state: 8 prompts, 108.266 MiB (limits: 8192.000 MiB, 4096 tokens, 65526 est)
srv        update:    - prompt 0xf0ef60:     106 tokens, checkpoints:  0,    13.252 MiB
srv        update:    - prompt 0x4391140:     107 tokens, checkpoints:  0,    13.377 MiB
srv        update:    - prompt 0x32239b0:     106 tokens, checkpoints:  0,    13.252 MiB
srv        update:    - prompt 0x321b8b0:     107 tokens, checkpoints:  0,    13.377 MiB
srv        update:    - prompt 0x3221630:     105 tokens, checkpoints:  0,    13.127 MiB
srv        update:    - prompt 0x4390ba0:     110 tokens, checkpoints:  0,    13.752 MiB
srv        update:    - prompt 0x3223470:     116 tokens, checkpoints:  0,    14.502 MiB
srv        update:    - prompt 0x4394c10:     109 tokens, checkpoints:  0,    13.627 MiB
slot update_slots: id  3 | task 808 | new prompt, n_ctx_slot = 4096, n_keep = 0, task.n_tokens = 14
slot update_slots: id  3 | task 808 | n_tokens = 0, memory_seq_rm [0, end)
slot init_sampler: id  3 | task 808 | init sampler, took 0.01 ms, tokens: text = 14, total = 14
slot update_slots: id  3 | task 808 | prompt processing done, n_tokens = 14, batch.n_tokens = 14
srv  log_server_r: done request: POST /completion 127.0.0.1 200
slot print_timing: id  3 | task 808 | 
prompt eval time =     722.93 ms /    14 tokens (   51.64 ms per token,    19.37 tokens per second)
       eval time =    9235.88 ms /   100 tokens (   92.36 ms per token,    10.83 tokens per second)
      total time =    9958.81 ms /   114 tokens
slot      release: id  3 | task 808 | stop processing: n_tokens = 113, truncated = 0
srv  update_slots: all slots are idle
slot get_availabl: id  3 | task -1 | selected slot by LCP similarity, sim_best = 0.111 (> 0.100 thold), f_keep = 0.009
srv  get_availabl: updating prompt cache
srv   prompt_save:  - saving prompt with length 113, total state size = 14.127 MiB
srv          load:  - looking for better prompt, base f_keep = 0.009, sim = 0.111
srv        update:  - cache state: 9 prompts, 122.393 MiB (limits: 8192.000 MiB, 4096 tokens, 65526 est)
srv        update:    - prompt 0xf0ef60:     106 tokens, checkpoints:  0,    13.252 MiB
srv        update:    - prompt 0x4391140:     107 tokens, checkpoints:  0,    13.377 MiB
srv        update:    - prompt 0x32239b0:     106 tokens, checkpoints:  0,    13.252 MiB
srv        update:    - prompt 0x321b8b0:     107 tokens, checkpoints:  0,    13.377 MiB
srv        update:    - prompt 0x3221630:     105 tokens, checkpoints:  0,    13.127 MiB
srv        update:    - prompt 0x4390ba0:     110 tokens, checkpoints:  0,    13.752 MiB
srv        update:    - prompt 0x3223470:     116 tokens, checkpoints:  0,    14.502 MiB
srv        update:    - prompt 0x4394c10:     109 tokens, checkpoints:  0,    13.627 MiB
srv        update:    - prompt 0x3224910:     113 tokens, checkpoints:  0,    14.127 MiB
srv  get_availabl: prompt cache update took 3.39 ms
slot launch_slot_: id  3 | task -1 | sampler chain: logits -> ?penalties -> ?dry -> ?top-n-sigma -> top-k -> ?typical -> top-p -> min-p -> ?xtc -> temp-ext -> dist 
slot launch_slot_: id  3 | task 909 | processing task, is_child = 0
slot update_slots: id  3 | task 909 | new prompt, n_ctx_slot = 4096, n_keep = 0, task.n_tokens = 9
slot update_slots: id  3 | task 909 | n_tokens = 0, memory_seq_rm [0, end)
slot init_sampler: id  3 | task 909 | init sampler, took 0.01 ms, tokens: text = 9, total = 9
slot update_slots: id  3 | task 909 | prompt processing done, n_tokens = 9, batch.n_tokens = 9
srv  log_server_r: done request: POST /completion 127.0.0.1 200
slot print_timing: id  3 | task 909 | 
prompt eval time =     472.75 ms /     9 tokens (   52.53 ms per token,    19.04 tokens per second)
       eval time =    9256.49 ms /   100 tokens (   92.56 ms per token,    10.80 tokens per second)
      total time =    9729.23 ms /   109 tokens
slot      release: id  3 | task 909 | stop processing: n_tokens = 108, truncated = 0
srv  update_slots: all slots are idle
slot get_availabl: id  3 | task -1 | selected slot by LCP similarity, sim_best = 0.111 (> 0.100 thold), f_keep = 0.009
srv  get_availabl: updating prompt cache
srv   prompt_save:  - saving prompt with length 108, total state size = 13.502 MiB
srv          load:  - looking for better prompt, base f_keep = 0.009, sim = 0.111
srv        update:  - cache state: 10 prompts, 135.895 MiB (limits: 8192.000 MiB, 4096 tokens, 65526 est)
srv        update:    - prompt 0xf0ef60:     106 tokens, checkpoints:  0,    13.252 MiB
srv        update:    - prompt 0x4391140:     107 tokens, checkpoints:  0,    13.377 MiB
srv        update:    - prompt 0x32239b0:     106 tokens, checkpoints:  0,    13.252 MiB
srv        update:    - prompt 0x321b8b0:     107 tokens, checkpoints:  0,    13.377 MiB
srv        update:    - prompt 0x3221630:     105 tokens, checkpoints:  0,    13.127 MiB
srv        update:    - prompt 0x4390ba0:     110 tokens, checkpoints:  0,    13.752 MiB
srv        update:    - prompt 0x3223470:     116 tokens, checkpoints:  0,    14.502 MiB
srv        update:    - prompt 0x4394c10:     109 tokens, checkpoints:  0,    13.627 MiB
srv        update:    - prompt 0x3224910:     113 tokens, checkpoints:  0,    14.127 MiB
srv        update:    - prompt 0x3230c90:     108 tokens, checkpoints:  0,    13.502 MiB
srv  get_availabl: prompt cache update took 3.29 ms
slot launch_slot_: id  3 | task -1 | sampler chain: logits -> ?penalties -> ?dry -> ?top-n-sigma -> top-k -> ?typical -> top-p -> min-p -> ?xtc -> temp-ext -> dist 
slot launch_slot_: id  3 | task 1010 | processing task, is_child = 0
slot update_slots: id  3 | task 1010 | new prompt, n_ctx_slot = 4096, n_keep = 0, task.n_tokens = 9
slot update_slots: id  3 | task 1010 | n_tokens = 0, memory_seq_rm [0, end)
slot init_sampler: id  3 | task 1010 | init sampler, took 0.01 ms, tokens: text = 9, total = 9
slot update_slots: id  3 | task 1010 | prompt processing done, n_tokens = 9, batch.n_tokens = 9
srv  log_server_r: done request: POST /completion 127.0.0.1 200
slot print_timing: id  3 | task 1010 | 
prompt eval time =     856.65 ms /     9 tokens (   95.18 ms per token,    10.51 tokens per second)
       eval time =   11643.77 ms /   100 tokens (  116.44 ms per token,     8.59 tokens per second)
      total time =   12500.42 ms /   109 tokens
slot      release: id  3 | task 1010 | stop processing: n_tokens = 108, truncated = 0
srv  update_slots: all slots are idle
slot get_availabl: id  3 | task -1 | selected slot by LCP similarity, sim_best = 0.111 (> 0.100 thold), f_keep = 0.009
srv  get_availabl: updating prompt cache
srv   prompt_save:  - saving prompt with length 108, total state size = 13.502 MiB
srv          load:  - looking for better prompt, base f_keep = 0.009, sim = 0.111
srv        update:  - cache state: 11 prompts, 149.397 MiB (limits: 8192.000 MiB, 4096 tokens, 65526 est)
srv        update:    - prompt 0xf0ef60:     106 tokens, checkpoints:  0,    13.252 MiB
srv        update:    - prompt 0x4391140:     107 tokens, checkpoints:  0,    13.377 MiB
srv        update:    - prompt 0x32239b0:     106 tokens, checkpoints:  0,    13.252 MiB
srv        update:    - prompt 0x321b8b0:     107 tokens, checkpoints:  0,    13.377 MiB
srv        update:    - prompt 0x3221630:     105 tokens, checkpoints:  0,    13.127 MiB
srv        update:    - prompt 0x4390ba0:     110 tokens, checkpoints:  0,    13.752 MiB
srv        update:    - prompt 0x3223470:     116 tokens, checkpoints:  0,    14.502 MiB
srv        update:    - prompt 0x4394c10:     109 tokens, checkpoints:  0,    13.627 MiB
srv        update:    - prompt 0x3224910:     113 tokens, checkpoints:  0,    14.127 MiB
srv        update:    - prompt 0x3230c90:     108 tokens, checkpoints:  0,    13.502 MiB
srv        update:    - prompt 0x11f0c00:     108 tokens, checkpoints:  0,    13.502 MiB
srv  get_availabl: prompt cache update took 3.43 ms
slot launch_slot_: id  3 | task -1 | sampler chain: logits -> ?penalties -> ?dry -> ?top-n-sigma -> top-k -> ?typical -> top-p -> min-p -> ?xtc -> temp-ext -> dist 
slot launch_slot_: id  3 | task 1111 | processing task, is_child = 0
slot update_slots: id  3 | task 1111 | new prompt, n_ctx_slot = 4096, n_keep = 0, task.n_tokens = 9
slot update_slots: id  3 | task 1111 | n_tokens = 0, memory_seq_rm [0, end)
slot init_sampler: id  3 | task 1111 | init sampler, took 0.01 ms, tokens: text = 9, total = 9
slot update_slots: id  3 | task 1111 | prompt processing done, n_tokens = 9, batch.n_tokens = 9
srv  log_server_r: done request: POST /completion 127.0.0.1 200
slot print_timing: id  3 | task 1111 | 
prompt eval time =     472.99 ms /     9 tokens (   52.55 ms per token,    19.03 tokens per second)
       eval time =    7933.36 ms /   100 tokens (   79.33 ms per token,    12.61 tokens per second)
      total time =    8406.35 ms /   109 tokens
slot      release: id  3 | task 1111 | stop processing: n_tokens = 108, truncated = 0
srv  update_slots: all slots are idle
slot get_availabl: id  2 | task -1 | selected slot by LRU, t_last = 289825843251
srv  get_availabl: updating prompt cache
srv          load:  - looking for better prompt, base f_keep = -1.000, sim = 0.000
srv        update:  - cache state: 11 prompts, 149.397 MiB (limits: 8192.000 MiB, 4096 tokens, 65526 est)
srv        update:    - prompt 0xf0ef60:     106 tokens, checkpoints:  0,    13.252 MiB
srv        update:    - prompt 0x4391140:     107 tokens, checkpoints:  0,    13.377 MiB
srv        update:    - prompt 0x32239b0:     106 tokens, checkpoints:  0,    13.252 MiB
srv        update:    - prompt 0x321b8b0:     107 tokens, checkpoints:  0,    13.377 MiB
srv        update:    - prompt 0x3221630:     105 tokens, checkpoints:  0,    13.127 MiB
srv        update:    - prompt 0x4390ba0:     110 tokens, checkpoints:  0,    13.752 MiB
srv        update:    - prompt 0x3223470:     116 tokens, checkpoints:  0,    14.502 MiB
srv        update:    - prompt 0x4394c10:     109 tokens, checkpoints:  0,    13.627 MiB
srv        update:    - prompt 0x3224910:     113 tokens, checkpoints:  0,    14.127 MiB
srv        update:    - prompt 0x3230c90:     108 tokens, checkpoints:  0,    13.502 MiB
srv        update:    - prompt 0x11f0c00:     108 tokens, checkpoints:  0,    13.502 MiB
srv  get_availabl: prompt cache update took 0.07 ms
slot launch_slot_: id  2 | task -1 | sampler chain: logits -> ?penalties -> ?dry -> ?top-n-sigma -> top-k -> ?typical -> top-p -> min-p -> ?xtc -> temp-ext -> dist 
slot launch_slot_: id  2 | task 1212 | processing task, is_child = 0
slot slot_save_an: id  3 | task -1 | saving idle slot to prompt cache
srv   prompt_save:  - saving prompt with length 108, total state size = 13.502 MiB
slot prompt_clear: id  3 | task -1 | clearing prompt with 108 tokens
srv        update:  - cache state: 12 prompts, 162.899 MiB (limits: 8192.000 MiB, 4096 tokens, 65526 est)
srv        update:    - prompt 0xf0ef60:     106 tokens, checkpoints:  0,    13.252 MiB
srv        update:    - prompt 0x4391140:     107 tokens, checkpoints:  0,    13.377 MiB
srv        update:    - prompt 0x32239b0:     106 tokens, checkpoints:  0,    13.252 MiB
srv        update:    - prompt 0x321b8b0:     107 tokens, checkpoints:  0,    13.377 MiB
srv        update:    - prompt 0x3221630:     105 tokens, checkpoints:  0,    13.127 MiB
srv        update:    - prompt 0x4390ba0:     110 tokens, checkpoints:  0,    13.752 MiB
srv        update:    - prompt 0x3223470:     116 tokens, checkpoints:  0,    14.502 MiB
srv        update:    - prompt 0x4394c10:     109 tokens, checkpoints:  0,    13.627 MiB
srv        update:    - prompt 0x3224910:     113 tokens, checkpoints:  0,    14.127 MiB
srv        update:    - prompt 0x3230c90:     108 tokens, checkpoints:  0,    13.502 MiB
srv        update:    - prompt 0x11f0c00:     108 tokens, checkpoints:  0,    13.502 MiB
srv        update:    - prompt 0xee47f0:     108 tokens, checkpoints:  0,    13.502 MiB
slot update_slots: id  2 | task 1212 | new prompt, n_ctx_slot = 4096, n_keep = 0, task.n_tokens = 12
slot update_slots: id  2 | task 1212 | n_tokens = 0, memory_seq_rm [0, end)
slot init_sampler: id  2 | task 1212 | init sampler, took 0.01 ms, tokens: text = 12, total = 12
slot update_slots: id  2 | task 1212 | prompt processing done, n_tokens = 12, batch.n_tokens = 12
srv  log_server_r: done request: POST /completion 127.0.0.1 200
slot print_timing: id  2 | task 1212 | 
prompt eval time =     638.69 ms /    12 tokens (   53.22 ms per token,    18.79 tokens per second)
       eval time =    9750.44 ms /   100 tokens (   97.50 ms per token,    10.26 tokens per second)
      total time =   10389.13 ms /   112 tokens
slot      release: id  2 | task 1212 | stop processing: n_tokens = 111, truncated = 0
srv  update_slots: all slots are idle
slot get_availabl: id  1 | task -1 | selected slot by LRU, t_last = 289834948899
srv  get_availabl: updating prompt cache
srv          load:  - looking for better prompt, base f_keep = -1.000, sim = 0.000
srv        update:  - cache state: 12 prompts, 162.899 MiB (limits: 8192.000 MiB, 4096 tokens, 65526 est)
srv        update:    - prompt 0xf0ef60:     106 tokens, checkpoints:  0,    13.252 MiB
srv        update:    - prompt 0x4391140:     107 tokens, checkpoints:  0,    13.377 MiB
srv        update:    - prompt 0x32239b0:     106 tokens, checkpoints:  0,    13.252 MiB
srv        update:    - prompt 0x321b8b0:     107 tokens, checkpoints:  0,    13.377 MiB
srv        update:    - prompt 0x3221630:     105 tokens, checkpoints:  0,    13.127 MiB
srv        update:    - prompt 0x4390ba0:     110 tokens, checkpoints:  0,    13.752 MiB
srv        update:    - prompt 0x3223470:     116 tokens, checkpoints:  0,    14.502 MiB
srv        update:    - prompt 0x4394c10:     109 tokens, checkpoints:  0,    13.627 MiB
srv        update:    - prompt 0x3224910:     113 tokens, checkpoints:  0,    14.127 MiB
srv        update:    - prompt 0x3230c90:     108 tokens, checkpoints:  0,    13.502 MiB
srv        update:    - prompt 0x11f0c00:     108 tokens, checkpoints:  0,    13.502 MiB
srv        update:    - prompt 0xee47f0:     108 tokens, checkpoints:  0,    13.502 MiB
srv  get_availabl: prompt cache update took 0.09 ms
slot launch_slot_: id  1 | task -1 | sampler chain: logits -> ?penalties -> ?dry -> ?top-n-sigma -> top-k -> ?typical -> top-p -> min-p -> ?xtc -> temp-ext -> dist 
slot launch_slot_: id  1 | task 1313 | processing task, is_child = 0
slot slot_save_an: id  2 | task -1 | saving idle slot to prompt cache
srv   prompt_save:  - saving prompt with length 111, total state size = 13.877 MiB
slot prompt_clear: id  2 | task -1 | clearing prompt with 111 tokens
srv        update:  - cache state: 13 prompts, 176.776 MiB (limits: 8192.000 MiB, 4096 tokens, 65526 est)
srv        update:    - prompt 0xf0ef60:     106 tokens, checkpoints:  0,    13.252 MiB
srv        update:    - prompt 0x4391140:     107 tokens, checkpoints:  0,    13.377 MiB
srv        update:    - prompt 0x32239b0:     106 tokens, checkpoints:  0,    13.252 MiB
srv        update:    - prompt 0x321b8b0:     107 tokens, checkpoints:  0,    13.377 MiB
srv        update:    - prompt 0x3221630:     105 tokens, checkpoints:  0,    13.127 MiB
srv        update:    - prompt 0x4390ba0:     110 tokens, checkpoints:  0,    13.752 MiB
srv        update:    - prompt 0x3223470:     116 tokens, checkpoints:  0,    14.502 MiB
srv        update:    - prompt 0x4394c10:     109 tokens, checkpoints:  0,    13.627 MiB
srv        update:    - prompt 0x3224910:     113 tokens, checkpoints:  0,    14.127 MiB
srv        update:    - prompt 0x3230c90:     108 tokens, checkpoints:  0,    13.502 MiB
srv        update:    - prompt 0x11f0c00:     108 tokens, checkpoints:  0,    13.502 MiB
srv        update:    - prompt 0xee47f0:     108 tokens, checkpoints:  0,    13.502 MiB
srv        update:    - prompt 0x438f4c0:     111 tokens, checkpoints:  0,    13.877 MiB
slot update_slots: id  1 | task 1313 | new prompt, n_ctx_slot = 4096, n_keep = 0, task.n_tokens = 20
slot update_slots: id  1 | task 1313 | n_tokens = 0, memory_seq_rm [0, end)
slot init_sampler: id  1 | task 1313 | init sampler, took 0.01 ms, tokens: text = 20, total = 20
slot update_slots: id  1 | task 1313 | prompt processing done, n_tokens = 20, batch.n_tokens = 20
srv  log_server_r: done request: POST /completion 127.0.0.1 200
slot print_timing: id  1 | task 1313 | 
prompt eval time =     987.06 ms /    20 tokens (   49.35 ms per token,    20.26 tokens per second)
       eval time =    9307.78 ms /   100 tokens (   93.08 ms per token,    10.74 tokens per second)
      total time =   10294.84 ms /   120 tokens
slot      release: id  1 | task 1313 | stop processing: n_tokens = 119, truncated = 0
srv  update_slots: all slots are idle
slot get_availabl: id  0 | task -1 | selected slot by LRU, t_last = 289842988326
srv  get_availabl: updating prompt cache
srv          load:  - looking for better prompt, base f_keep = -1.000, sim = 0.000
srv        update:  - cache state: 13 prompts, 176.776 MiB (limits: 8192.000 MiB, 4096 tokens, 65526 est)
srv        update:    - prompt 0xf0ef60:     106 tokens, checkpoints:  0,    13.252 MiB
srv        update:    - prompt 0x4391140:     107 tokens, checkpoints:  0,    13.377 MiB
srv        update:    - prompt 0x32239b0:     106 tokens, checkpoints:  0,    13.252 MiB
srv        update:    - prompt 0x321b8b0:     107 tokens, checkpoints:  0,    13.377 MiB
srv        update:    - prompt 0x3221630:     105 tokens, checkpoints:  0,    13.127 MiB
srv        update:    - prompt 0x4390ba0:     110 tokens, checkpoints:  0,    13.752 MiB
srv        update:    - prompt 0x3223470:     116 tokens, checkpoints:  0,    14.502 MiB
srv        update:    - prompt 0x4394c10:     109 tokens, checkpoints:  0,    13.627 MiB
srv        update:    - prompt 0x3224910:     113 tokens, checkpoints:  0,    14.127 MiB
srv        update:    - prompt 0x3230c90:     108 tokens, checkpoints:  0,    13.502 MiB
srv        update:    - prompt 0x11f0c00:     108 tokens, checkpoints:  0,    13.502 MiB
srv        update:    - prompt 0xee47f0:     108 tokens, checkpoints:  0,    13.502 MiB
srv        update:    - prompt 0x438f4c0:     111 tokens, checkpoints:  0,    13.877 MiB
srv  get_availabl: prompt cache update took 0.07 ms
slot launch_slot_: id  0 | task -1 | sampler chain: logits -> ?penalties -> ?dry -> ?top-n-sigma -> top-k -> ?typical -> top-p -> min-p -> ?xtc -> temp-ext -> dist 
slot launch_slot_: id  0 | task 1414 | processing task, is_child = 0
slot slot_save_an: id  1 | task -1 | saving idle slot to prompt cache
srv   prompt_save:  - saving prompt with length 119, total state size = 14.877 MiB
slot prompt_clear: id  1 | task -1 | clearing prompt with 119 tokens
srv        update:  - cache state: 14 prompts, 191.653 MiB (limits: 8192.000 MiB, 4096 tokens, 65526 est)
srv        update:    - prompt 0xf0ef60:     106 tokens, checkpoints:  0,    13.252 MiB
srv        update:    - prompt 0x4391140:     107 tokens, checkpoints:  0,    13.377 MiB
srv        update:    - prompt 0x32239b0:     106 tokens, checkpoints:  0,    13.252 MiB
srv        update:    - prompt 0x321b8b0:     107 tokens, checkpoints:  0,    13.377 MiB
srv        update:    - prompt 0x3221630:     105 tokens, checkpoints:  0,    13.127 MiB
srv        update:    - prompt 0x4390ba0:     110 tokens, checkpoints:  0,    13.752 MiB
srv        update:    - prompt 0x3223470:     116 tokens, checkpoints:  0,    14.502 MiB
srv        update:    - prompt 0x4394c10:     109 tokens, checkpoints:  0,    13.627 MiB
srv        update:    - prompt 0x3224910:     113 tokens, checkpoints:  0,    14.127 MiB
srv        update:    - prompt 0x3230c90:     108 tokens, checkpoints:  0,    13.502 MiB
srv        update:    - prompt 0x11f0c00:     108 tokens, checkpoints:  0,    13.502 MiB
srv        update:    - prompt 0xee47f0:     108 tokens, checkpoints:  0,    13.502 MiB
srv        update:    - prompt 0x438f4c0:     111 tokens, checkpoints:  0,    13.877 MiB
srv        update:    - prompt 0x438f580:     119 tokens, checkpoints:  0,    14.877 MiB
slot update_slots: id  0 | task 1414 | new prompt, n_ctx_slot = 4096, n_keep = 0, task.n_tokens = 24
slot update_slots: id  0 | task 1414 | n_tokens = 0, memory_seq_rm [0, end)
slot init_sampler: id  0 | task 1414 | init sampler, took 0.01 ms, tokens: text = 24, total = 24
slot update_slots: id  0 | task 1414 | prompt processing done, n_tokens = 24, batch.n_tokens = 24
srv  log_server_r: done request: POST /completion 127.0.0.1 200
slot print_timing: id  0 | task 1414 | 
prompt eval time =    1177.88 ms /    24 tokens (   49.08 ms per token,    20.38 tokens per second)
       eval time =    8968.57 ms /   100 tokens (   89.69 ms per token,    11.15 tokens per second)
      total time =   10146.45 ms /   124 tokens
slot      release: id  0 | task 1414 | stop processing: n_tokens = 123, truncated = 0
srv  update_slots: all slots are idle
slot get_availabl: id  3 | task -1 | selected slot by LRU, t_last = 289885949349
srv  get_availabl: updating prompt cache
srv          load:  - looking for better prompt, base f_keep = -1.000, sim = 0.000
srv        update:  - cache state: 14 prompts, 191.653 MiB (limits: 8192.000 MiB, 4096 tokens, 65526 est)
srv        update:    - prompt 0xf0ef60:     106 tokens, checkpoints:  0,    13.252 MiB
srv        update:    - prompt 0x4391140:     107 tokens, checkpoints:  0,    13.377 MiB
srv        update:    - prompt 0x32239b0:     106 tokens, checkpoints:  0,    13.252 MiB
srv        update:    - prompt 0x321b8b0:     107 tokens, checkpoints:  0,    13.377 MiB
srv        update:    - prompt 0x3221630:     105 tokens, checkpoints:  0,    13.127 MiB
srv        update:    - prompt 0x4390ba0:     110 tokens, checkpoints:  0,    13.752 MiB
srv        update:    - prompt 0x3223470:     116 tokens, checkpoints:  0,    14.502 MiB
srv        update:    - prompt 0x4394c10:     109 tokens, checkpoints:  0,    13.627 MiB
srv        update:    - prompt 0x3224910:     113 tokens, checkpoints:  0,    14.127 MiB
srv        update:    - prompt 0x3230c90:     108 tokens, checkpoints:  0,    13.502 MiB
srv        update:    - prompt 0x11f0c00:     108 tokens, checkpoints:  0,    13.502 MiB
srv        update:    - prompt 0xee47f0:     108 tokens, checkpoints:  0,    13.502 MiB
srv        update:    - prompt 0x438f4c0:     111 tokens, checkpoints:  0,    13.877 MiB
srv        update:    - prompt 0x438f580:     119 tokens, checkpoints:  0,    14.877 MiB
srv  get_availabl: prompt cache update took 0.09 ms
slot launch_slot_: id  3 | task -1 | sampler chain: logits -> ?penalties -> ?dry -> ?top-n-sigma -> top-k -> ?typical -> top-p -> min-p -> ?xtc -> temp-ext -> dist 
slot launch_slot_: id  3 | task 1515 | processing task, is_child = 0
slot slot_save_an: id  0 | task -1 | saving idle slot to prompt cache
srv   prompt_save:  - saving prompt with length 123, total state size = 15.377 MiB
slot prompt_clear: id  0 | task -1 | clearing prompt with 123 tokens
srv        update:  - cache state: 15 prompts, 207.030 MiB (limits: 8192.000 MiB, 4096 tokens, 65526 est)
srv        update:    - prompt 0xf0ef60:     106 tokens, checkpoints:  0,    13.252 MiB
srv        update:    - prompt 0x4391140:     107 tokens, checkpoints:  0,    13.377 MiB
srv        update:    - prompt 0x32239b0:     106 tokens, checkpoints:  0,    13.252 MiB
srv        update:    - prompt 0x321b8b0:     107 tokens, checkpoints:  0,    13.377 MiB
srv        update:    - prompt 0x3221630:     105 tokens, checkpoints:  0,    13.127 MiB
srv        update:    - prompt 0x4390ba0:     110 tokens, checkpoints:  0,    13.752 MiB
srv        update:    - prompt 0x3223470:     116 tokens, checkpoints:  0,    14.502 MiB
srv        update:    - prompt 0x4394c10:     109 tokens, checkpoints:  0,    13.627 MiB
srv        update:    - prompt 0x3224910:     113 tokens, checkpoints:  0,    14.127 MiB
srv        update:    - prompt 0x3230c90:     108 tokens, checkpoints:  0,    13.502 MiB
srv        update:    - prompt 0x11f0c00:     108 tokens, checkpoints:  0,    13.502 MiB
srv        update:    - prompt 0xee47f0:     108 tokens, checkpoints:  0,    13.502 MiB
srv        update:    - prompt 0x438f4c0:     111 tokens, checkpoints:  0,    13.877 MiB
srv        update:    - prompt 0x438f580:     119 tokens, checkpoints:  0,    14.877 MiB
srv        update:    - prompt 0x4be6150:     123 tokens, checkpoints:  0,    15.377 MiB
slot update_slots: id  3 | task 1515 | new prompt, n_ctx_slot = 4096, n_keep = 0, task.n_tokens = 66
slot update_slots: id  3 | task 1515 | n_tokens = 0, memory_seq_rm [0, end)
slot init_sampler: id  3 | task 1515 | init sampler, took 0.04 ms, tokens: text = 66, total = 66
slot update_slots: id  3 | task 1515 | prompt processing done, n_tokens = 66, batch.n_tokens = 66
srv  log_server_r: done request: POST /completion 127.0.0.1 200
slot print_timing: id  3 | task 1515 | 
prompt eval time =    4147.98 ms /    66 tokens (   62.85 ms per token,    15.91 tokens per second)
       eval time =   10316.05 ms /   100 tokens (  103.16 ms per token,     9.69 tokens per second)
      total time =   14464.03 ms /   166 tokens
slot      release: id  3 | task 1515 | stop processing: n_tokens = 165, truncated = 0
srv  update_slots: all slots are idle
slot get_availabl: id  2 | task -1 | selected slot by LRU, t_last = 289896927089
srv  get_availabl: updating prompt cache
srv          load:  - looking for better prompt, base f_keep = -1.000, sim = 0.000
srv        update:  - cache state: 15 prompts, 207.030 MiB (limits: 8192.000 MiB, 4096 tokens, 65526 est)
srv        update:    - prompt 0xf0ef60:     106 tokens, checkpoints:  0,    13.252 MiB
srv        update:    - prompt 0x4391140:     107 tokens, checkpoints:  0,    13.377 MiB
srv        update:    - prompt 0x32239b0:     106 tokens, checkpoints:  0,    13.252 MiB
srv        update:    - prompt 0x321b8b0:     107 tokens, checkpoints:  0,    13.377 MiB
srv        update:    - prompt 0x3221630:     105 tokens, checkpoints:  0,    13.127 MiB
srv        update:    - prompt 0x4390ba0:     110 tokens, checkpoints:  0,    13.752 MiB
srv        update:    - prompt 0x3223470:     116 tokens, checkpoints:  0,    14.502 MiB
srv        update:    - prompt 0x4394c10:     109 tokens, checkpoints:  0,    13.627 MiB
srv        update:    - prompt 0x3224910:     113 tokens, checkpoints:  0,    14.127 MiB
srv        update:    - prompt 0x3230c90:     108 tokens, checkpoints:  0,    13.502 MiB
srv        update:    - prompt 0x11f0c00:     108 tokens, checkpoints:  0,    13.502 MiB
srv        update:    - prompt 0xee47f0:     108 tokens, checkpoints:  0,    13.502 MiB
srv        update:    - prompt 0x438f4c0:     111 tokens, checkpoints:  0,    13.877 MiB
srv        update:    - prompt 0x438f580:     119 tokens, checkpoints:  0,    14.877 MiB
srv        update:    - prompt 0x4be6150:     123 tokens, checkpoints:  0,    15.377 MiB
srv  get_availabl: prompt cache update took 0.08 ms
slot launch_slot_: id  2 | task -1 | sampler chain: logits -> ?penalties -> ?dry -> ?top-n-sigma -> top-k -> ?typical -> top-p -> min-p -> ?xtc -> temp-ext -> dist 
slot launch_slot_: id  2 | task 1616 | processing task, is_child = 0
slot slot_save_an: id  3 | task -1 | saving idle slot to prompt cache
srv   prompt_save:  - saving prompt with length 165, total state size = 20.628 MiB
slot prompt_clear: id  3 | task -1 | clearing prompt with 165 tokens
srv        update:  - cache state: 16 prompts, 227.658 MiB (limits: 8192.000 MiB, 4096 tokens, 65526 est)
srv        update:    - prompt 0xf0ef60:     106 tokens, checkpoints:  0,    13.252 MiB
srv        update:    - prompt 0x4391140:     107 tokens, checkpoints:  0,    13.377 MiB
srv        update:    - prompt 0x32239b0:     106 tokens, checkpoints:  0,    13.252 MiB
srv        update:    - prompt 0x321b8b0:     107 tokens, checkpoints:  0,    13.377 MiB
srv        update:    - prompt 0x3221630:     105 tokens, checkpoints:  0,    13.127 MiB
srv        update:    - prompt 0x4390ba0:     110 tokens, checkpoints:  0,    13.752 MiB
srv        update:    - prompt 0x3223470:     116 tokens, checkpoints:  0,    14.502 MiB
srv        update:    - prompt 0x4394c10:     109 tokens, checkpoints:  0,    13.627 MiB
srv        update:    - prompt 0x3224910:     113 tokens, checkpoints:  0,    14.127 MiB
srv        update:    - prompt 0x3230c90:     108 tokens, checkpoints:  0,    13.502 MiB
srv        update:    - prompt 0x11f0c00:     108 tokens, checkpoints:  0,    13.502 MiB
srv        update:    - prompt 0xee47f0:     108 tokens, checkpoints:  0,    13.502 MiB
srv        update:    - prompt 0x438f4c0:     111 tokens, checkpoints:  0,    13.877 MiB
srv        update:    - prompt 0x438f580:     119 tokens, checkpoints:  0,    14.877 MiB
srv        update:    - prompt 0x4be6150:     123 tokens, checkpoints:  0,    15.377 MiB
srv        update:    - prompt 0x3219830:     165 tokens, checkpoints:  0,    20.628 MiB
slot update_slots: id  2 | task 1616 | new prompt, n_ctx_slot = 4096, n_keep = 0, task.n_tokens = 32
slot update_slots: id  2 | task 1616 | n_tokens = 0, memory_seq_rm [0, end)
slot init_sampler: id  2 | task 1616 | init sampler, took 0.02 ms, tokens: text = 32, total = 32
slot update_slots: id  2 | task 1616 | prompt processing done, n_tokens = 32, batch.n_tokens = 32
srv  log_server_r: done request: POST /completion 127.0.0.1 200
slot print_timing: id  2 | task 1616 | 
prompt eval time =    1584.46 ms /    32 tokens (   49.51 ms per token,    20.20 tokens per second)
       eval time =    7715.19 ms /   100 tokens (   77.15 ms per token,    12.96 tokens per second)
      total time =    9299.65 ms /   132 tokens
slot      release: id  2 | task 1616 | stop processing: n_tokens = 131, truncated = 0
srv  update_slots: all slots are idle
slot get_availabl: id  1 | task -1 | selected slot by LRU, t_last = 289907813800
srv  get_availabl: updating prompt cache
srv          load:  - looking for better prompt, base f_keep = -1.000, sim = 0.000
srv        update:  - cache state: 16 prompts, 227.658 MiB (limits: 8192.000 MiB, 4096 tokens, 65526 est)
srv        update:    - prompt 0xf0ef60:     106 tokens, checkpoints:  0,    13.252 MiB
srv        update:    - prompt 0x4391140:     107 tokens, checkpoints:  0,    13.377 MiB
srv        update:    - prompt 0x32239b0:     106 tokens, checkpoints:  0,    13.252 MiB
srv        update:    - prompt 0x321b8b0:     107 tokens, checkpoints:  0,    13.377 MiB
srv        update:    - prompt 0x3221630:     105 tokens, checkpoints:  0,    13.127 MiB
srv        update:    - prompt 0x4390ba0:     110 tokens, checkpoints:  0,    13.752 MiB
srv        update:    - prompt 0x3223470:     116 tokens, checkpoints:  0,    14.502 MiB
srv        update:    - prompt 0x4394c10:     109 tokens, checkpoints:  0,    13.627 MiB
srv        update:    - prompt 0x3224910:     113 tokens, checkpoints:  0,    14.127 MiB
srv        update:    - prompt 0x3230c90:     108 tokens, checkpoints:  0,    13.502 MiB
srv        update:    - prompt 0x11f0c00:     108 tokens, checkpoints:  0,    13.502 MiB
srv        update:    - prompt 0xee47f0:     108 tokens, checkpoints:  0,    13.502 MiB
srv        update:    - prompt 0x438f4c0:     111 tokens, checkpoints:  0,    13.877 MiB
srv        update:    - prompt 0x438f580:     119 tokens, checkpoints:  0,    14.877 MiB
srv        update:    - prompt 0x4be6150:     123 tokens, checkpoints:  0,    15.377 MiB
srv        update:    - prompt 0x3219830:     165 tokens, checkpoints:  0,    20.628 MiB
srv  get_availabl: prompt cache update took 0.09 ms
slot launch_slot_: id  1 | task -1 | sampler chain: logits -> ?penalties -> ?dry -> ?top-n-sigma -> top-k -> ?typical -> top-p -> min-p -> ?xtc -> temp-ext -> dist 
slot launch_slot_: id  1 | task 1717 | processing task, is_child = 0
slot slot_save_an: id  2 | task -1 | saving idle slot to prompt cache
srv   prompt_save:  - saving prompt with length 131, total state size = 16.377 MiB
slot prompt_clear: id  2 | task -1 | clearing prompt with 131 tokens
srv        update:  - cache state: 17 prompts, 244.035 MiB (limits: 8192.000 MiB, 4096 tokens, 65526 est)
srv        update:    - prompt 0xf0ef60:     106 tokens, checkpoints:  0,    13.252 MiB
srv        update:    - prompt 0x4391140:     107 tokens, checkpoints:  0,    13.377 MiB
srv        update:    - prompt 0x32239b0:     106 tokens, checkpoints:  0,    13.252 MiB
srv        update:    - prompt 0x321b8b0:     107 tokens, checkpoints:  0,    13.377 MiB
srv        update:    - prompt 0x3221630:     105 tokens, checkpoints:  0,    13.127 MiB
srv        update:    - prompt 0x4390ba0:     110 tokens, checkpoints:  0,    13.752 MiB
srv        update:    - prompt 0x3223470:     116 tokens, checkpoints:  0,    14.502 MiB
srv        update:    - prompt 0x4394c10:     109 tokens, checkpoints:  0,    13.627 MiB
srv        update:    - prompt 0x3224910:     113 tokens, checkpoints:  0,    14.127 MiB
srv        update:    - prompt 0x3230c90:     108 tokens, checkpoints:  0,    13.502 MiB
srv        update:    - prompt 0x11f0c00:     108 tokens, checkpoints:  0,    13.502 MiB
srv        update:    - prompt 0xee47f0:     108 tokens, checkpoints:  0,    13.502 MiB
srv        update:    - prompt 0x438f4c0:     111 tokens, checkpoints:  0,    13.877 MiB
srv        update:    - prompt 0x438f580:     119 tokens, checkpoints:  0,    14.877 MiB
srv        update:    - prompt 0x4be6150:     123 tokens, checkpoints:  0,    15.377 MiB
srv        update:    - prompt 0x3219830:     165 tokens, checkpoints:  0,    20.628 MiB
srv        update:    - prompt 0x3adf6d0:     131 tokens, checkpoints:  0,    16.377 MiB
slot update_slots: id  1 | task 1717 | new prompt, n_ctx_slot = 4096, n_keep = 0, task.n_tokens = 36
slot update_slots: id  1 | task 1717 | n_tokens = 0, memory_seq_rm [0, end)
slot init_sampler: id  1 | task 1717 | init sampler, took 0.02 ms, tokens: text = 36, total = 36
slot update_slots: id  1 | task 1717 | prompt processing done, n_tokens = 36, batch.n_tokens = 36
srv  log_server_r: done request: POST /completion 127.0.0.1 200
slot print_timing: id  1 | task 1717 | 
prompt eval time =    1728.94 ms /    36 tokens (   48.03 ms per token,    20.82 tokens per second)
       eval time =    8547.20 ms /   100 tokens (   85.47 ms per token,    11.70 tokens per second)
      total time =   10276.14 ms /   136 tokens
slot      release: id  1 | task 1717 | stop processing: n_tokens = 135, truncated = 0
srv  update_slots: all slots are idle
slot get_availabl: id  0 | task -1 | selected slot by LRU, t_last = 289918556047
srv  get_availabl: updating prompt cache
srv          load:  - looking for better prompt, base f_keep = -1.000, sim = 0.000
srv        update:  - cache state: 17 prompts, 244.035 MiB (limits: 8192.000 MiB, 4096 tokens, 65526 est)
srv        update:    - prompt 0xf0ef60:     106 tokens, checkpoints:  0,    13.252 MiB
srv        update:    - prompt 0x4391140:     107 tokens, checkpoints:  0,    13.377 MiB
srv        update:    - prompt 0x32239b0:     106 tokens, checkpoints:  0,    13.252 MiB
srv        update:    - prompt 0x321b8b0:     107 tokens, checkpoints:  0,    13.377 MiB
srv        update:    - prompt 0x3221630:     105 tokens, checkpoints:  0,    13.127 MiB
srv        update:    - prompt 0x4390ba0:     110 tokens, checkpoints:  0,    13.752 MiB
srv        update:    - prompt 0x3223470:     116 tokens, checkpoints:  0,    14.502 MiB
srv        update:    - prompt 0x4394c10:     109 tokens, checkpoints:  0,    13.627 MiB
srv        update:    - prompt 0x3224910:     113 tokens, checkpoints:  0,    14.127 MiB
srv        update:    - prompt 0x3230c90:     108 tokens, checkpoints:  0,    13.502 MiB
srv        update:    - prompt 0x11f0c00:     108 tokens, checkpoints:  0,    13.502 MiB
srv        update:    - prompt 0xee47f0:     108 tokens, checkpoints:  0,    13.502 MiB
srv        update:    - prompt 0x438f4c0:     111 tokens, checkpoints:  0,    13.877 MiB
srv        update:    - prompt 0x438f580:     119 tokens, checkpoints:  0,    14.877 MiB
srv        update:    - prompt 0x4be6150:     123 tokens, checkpoints:  0,    15.377 MiB
srv        update:    - prompt 0x3219830:     165 tokens, checkpoints:  0,    20.628 MiB
srv        update:    - prompt 0x3adf6d0:     131 tokens, checkpoints:  0,    16.377 MiB
srv  get_availabl: prompt cache update took 0.09 ms
slot launch_slot_: id  0 | task -1 | sampler chain: logits -> ?penalties -> ?dry -> ?top-n-sigma -> top-k -> ?typical -> top-p -> min-p -> ?xtc -> temp-ext -> dist 
slot launch_slot_: id  0 | task 1818 | processing task, is_child = 0
slot slot_save_an: id  1 | task -1 | saving idle slot to prompt cache
srv   prompt_save:  - saving prompt with length 135, total state size = 16.877 MiB
slot prompt_clear: id  1 | task -1 | clearing prompt with 135 tokens
srv        update:  - cache state: 18 prompts, 260.912 MiB (limits: 8192.000 MiB, 4096 tokens, 65526 est)
srv        update:    - prompt 0xf0ef60:     106 tokens, checkpoints:  0,    13.252 MiB
srv        update:    - prompt 0x4391140:     107 tokens, checkpoints:  0,    13.377 MiB
srv        update:    - prompt 0x32239b0:     106 tokens, checkpoints:  0,    13.252 MiB
srv        update:    - prompt 0x321b8b0:     107 tokens, checkpoints:  0,    13.377 MiB
srv        update:    - prompt 0x3221630:     105 tokens, checkpoints:  0,    13.127 MiB
srv        update:    - prompt 0x4390ba0:     110 tokens, checkpoints:  0,    13.752 MiB
srv        update:    - prompt 0x3223470:     116 tokens, checkpoints:  0,    14.502 MiB
srv        update:    - prompt 0x4394c10:     109 tokens, checkpoints:  0,    13.627 MiB
srv        update:    - prompt 0x3224910:     113 tokens, checkpoints:  0,    14.127 MiB
srv        update:    - prompt 0x3230c90:     108 tokens, checkpoints:  0,    13.502 MiB
srv        update:    - prompt 0x11f0c00:     108 tokens, checkpoints:  0,    13.502 MiB
srv        update:    - prompt 0xee47f0:     108 tokens, checkpoints:  0,    13.502 MiB
srv        update:    - prompt 0x438f4c0:     111 tokens, checkpoints:  0,    13.877 MiB
srv        update:    - prompt 0x438f580:     119 tokens, checkpoints:  0,    14.877 MiB
srv        update:    - prompt 0x4be6150:     123 tokens, checkpoints:  0,    15.377 MiB
srv        update:    - prompt 0x3219830:     165 tokens, checkpoints:  0,    20.628 MiB
srv        update:    - prompt 0x3adf6d0:     131 tokens, checkpoints:  0,    16.377 MiB
srv        update:    - prompt 0xeec7b0:     135 tokens, checkpoints:  0,    16.877 MiB
slot update_slots: id  0 | task 1818 | new prompt, n_ctx_slot = 4096, n_keep = 0, task.n_tokens = 33
slot update_slots: id  0 | task 1818 | n_tokens = 0, memory_seq_rm [0, end)
slot init_sampler: id  0 | task 1818 | init sampler, took 0.02 ms, tokens: text = 33, total = 33
slot update_slots: id  0 | task 1818 | prompt processing done, n_tokens = 33, batch.n_tokens = 33
srv  log_server_r: done request: POST /completion 127.0.0.1 200
slot print_timing: id  0 | task 1818 | 
prompt eval time =    1587.29 ms /    33 tokens (   48.10 ms per token,    20.79 tokens per second)
       eval time =   10295.20 ms /   100 tokens (  102.95 ms per token,     9.71 tokens per second)
      total time =   11882.49 ms /   133 tokens
slot      release: id  0 | task 1818 | stop processing: n_tokens = 132, truncated = 0
srv  update_slots: all slots are idle
slot get_availabl: id  3 | task -1 | selected slot by LRU, t_last = 289933616687
srv  get_availabl: updating prompt cache
srv          load:  - looking for better prompt, base f_keep = -1.000, sim = 0.000
srv        update:  - cache state: 18 prompts, 260.912 MiB (limits: 8192.000 MiB, 4096 tokens, 65526 est)
srv        update:    - prompt 0xf0ef60:     106 tokens, checkpoints:  0,    13.252 MiB
srv        update:    - prompt 0x4391140:     107 tokens, checkpoints:  0,    13.377 MiB
srv        update:    - prompt 0x32239b0:     106 tokens, checkpoints:  0,    13.252 MiB
srv        update:    - prompt 0x321b8b0:     107 tokens, checkpoints:  0,    13.377 MiB
srv        update:    - prompt 0x3221630:     105 tokens, checkpoints:  0,    13.127 MiB
srv        update:    - prompt 0x4390ba0:     110 tokens, checkpoints:  0,    13.752 MiB
srv        update:    - prompt 0x3223470:     116 tokens, checkpoints:  0,    14.502 MiB
srv        update:    - prompt 0x4394c10:     109 tokens, checkpoints:  0,    13.627 MiB
srv        update:    - prompt 0x3224910:     113 tokens, checkpoints:  0,    14.127 MiB
srv        update:    - prompt 0x3230c90:     108 tokens, checkpoints:  0,    13.502 MiB
srv        update:    - prompt 0x11f0c00:     108 tokens, checkpoints:  0,    13.502 MiB
srv        update:    - prompt 0xee47f0:     108 tokens, checkpoints:  0,    13.502 MiB
srv        update:    - prompt 0x438f4c0:     111 tokens, checkpoints:  0,    13.877 MiB
srv        update:    - prompt 0x438f580:     119 tokens, checkpoints:  0,    14.877 MiB
srv        update:    - prompt 0x4be6150:     123 tokens, checkpoints:  0,    15.377 MiB
srv        update:    - prompt 0x3219830:     165 tokens, checkpoints:  0,    20.628 MiB
srv        update:    - prompt 0x3adf6d0:     131 tokens, checkpoints:  0,    16.377 MiB
srv        update:    - prompt 0xeec7b0:     135 tokens, checkpoints:  0,    16.877 MiB
srv  get_availabl: prompt cache update took 0.09 ms
slot launch_slot_: id  3 | task -1 | sampler chain: logits -> ?penalties -> ?dry -> ?top-n-sigma -> top-k -> ?typical -> top-p -> min-p -> ?xtc -> temp-ext -> dist 
slot launch_slot_: id  3 | task 1919 | processing task, is_child = 0
slot slot_save_an: id  0 | task -1 | saving idle slot to prompt cache
srv   prompt_save:  - saving prompt with length 132, total state size = 16.502 MiB
slot prompt_clear: id  0 | task -1 | clearing prompt with 132 tokens
srv        update:  - cache state: 19 prompts, 277.415 MiB (limits: 8192.000 MiB, 4096 tokens, 65526 est)
srv        update:    - prompt 0xf0ef60:     106 tokens, checkpoints:  0,    13.252 MiB
srv        update:    - prompt 0x4391140:     107 tokens, checkpoints:  0,    13.377 MiB
srv        update:    - prompt 0x32239b0:     106 tokens, checkpoints:  0,    13.252 MiB
srv        update:    - prompt 0x321b8b0:     107 tokens, checkpoints:  0,    13.377 MiB
srv        update:    - prompt 0x3221630:     105 tokens, checkpoints:  0,    13.127 MiB
srv        update:    - prompt 0x4390ba0:     110 tokens, checkpoints:  0,    13.752 MiB
srv        update:    - prompt 0x3223470:     116 tokens, checkpoints:  0,    14.502 MiB
srv        update:    - prompt 0x4394c10:     109 tokens, checkpoints:  0,    13.627 MiB
srv        update:    - prompt 0x3224910:     113 tokens, checkpoints:  0,    14.127 MiB
srv        update:    - prompt 0x3230c90:     108 tokens, checkpoints:  0,    13.502 MiB
srv        update:    - prompt 0x11f0c00:     108 tokens, checkpoints:  0,    13.502 MiB
srv        update:    - prompt 0xee47f0:     108 tokens, checkpoints:  0,    13.502 MiB
srv        update:    - prompt 0x438f4c0:     111 tokens, checkpoints:  0,    13.877 MiB
srv        update:    - prompt 0x438f580:     119 tokens, checkpoints:  0,    14.877 MiB
srv        update:    - prompt 0x4be6150:     123 tokens, checkpoints:  0,    15.377 MiB
srv        update:    - prompt 0x3219830:     165 tokens, checkpoints:  0,    20.628 MiB
srv        update:    - prompt 0x3adf6d0:     131 tokens, checkpoints:  0,    16.377 MiB
srv        update:    - prompt 0xeec7b0:     135 tokens, checkpoints:  0,    16.877 MiB
srv        update:    - prompt 0x43945e0:     132 tokens, checkpoints:  0,    16.502 MiB
slot update_slots: id  3 | task 1919 | new prompt, n_ctx_slot = 4096, n_keep = 0, task.n_tokens = 47
slot update_slots: id  3 | task 1919 | n_tokens = 0, memory_seq_rm [0, end)
slot init_sampler: id  3 | task 1919 | init sampler, took 0.03 ms, tokens: text = 47, total = 47
slot update_slots: id  3 | task 1919 | prompt processing done, n_tokens = 47, batch.n_tokens = 47
srv  log_server_r: done request: POST /completion 127.0.0.1 200
slot print_timing: id  3 | task 1919 | 
prompt eval time =    2258.51 ms /    47 tokens (   48.05 ms per token,    20.81 tokens per second)
       eval time =    9601.05 ms /   100 tokens (   96.01 ms per token,    10.42 tokens per second)
      total time =   11859.56 ms /   147 tokens
slot      release: id  3 | task 1919 | stop processing: n_tokens = 146, truncated = 0
srv  update_slots: all slots are idle
slot get_availabl: id  2 | task -1 | selected slot by LRU, t_last = 289943500571
srv  get_availabl: updating prompt cache
srv          load:  - looking for better prompt, base f_keep = -1.000, sim = 0.000
srv        update:  - cache state: 19 prompts, 277.415 MiB (limits: 8192.000 MiB, 4096 tokens, 65526 est)
srv        update:    - prompt 0xf0ef60:     106 tokens, checkpoints:  0,    13.252 MiB
srv        update:    - prompt 0x4391140:     107 tokens, checkpoints:  0,    13.377 MiB
srv        update:    - prompt 0x32239b0:     106 tokens, checkpoints:  0,    13.252 MiB
srv        update:    - prompt 0x321b8b0:     107 tokens, checkpoints:  0,    13.377 MiB
srv        update:    - prompt 0x3221630:     105 tokens, checkpoints:  0,    13.127 MiB
srv        update:    - prompt 0x4390ba0:     110 tokens, checkpoints:  0,    13.752 MiB
srv        update:    - prompt 0x3223470:     116 tokens, checkpoints:  0,    14.502 MiB
srv        update:    - prompt 0x4394c10:     109 tokens, checkpoints:  0,    13.627 MiB
srv        update:    - prompt 0x3224910:     113 tokens, checkpoints:  0,    14.127 MiB
srv        update:    - prompt 0x3230c90:     108 tokens, checkpoints:  0,    13.502 MiB
srv        update:    - prompt 0x11f0c00:     108 tokens, checkpoints:  0,    13.502 MiB
srv        update:    - prompt 0xee47f0:     108 tokens, checkpoints:  0,    13.502 MiB
srv        update:    - prompt 0x438f4c0:     111 tokens, checkpoints:  0,    13.877 MiB
srv        update:    - prompt 0x438f580:     119 tokens, checkpoints:  0,    14.877 MiB
srv        update:    - prompt 0x4be6150:     123 tokens, checkpoints:  0,    15.377 MiB
srv        update:    - prompt 0x3219830:     165 tokens, checkpoints:  0,    20.628 MiB
srv        update:    - prompt 0x3adf6d0:     131 tokens, checkpoints:  0,    16.377 MiB
srv        update:    - prompt 0xeec7b0:     135 tokens, checkpoints:  0,    16.877 MiB
srv        update:    - prompt 0x43945e0:     132 tokens, checkpoints:  0,    16.502 MiB
srv  get_availabl: prompt cache update took 0.10 ms
slot launch_slot_: id  2 | task -1 | sampler chain: logits -> ?penalties -> ?dry -> ?top-n-sigma -> top-k -> ?typical -> top-p -> min-p -> ?xtc -> temp-ext -> dist 
slot launch_slot_: id  2 | task 2020 | processing task, is_child = 0
slot slot_save_an: id  3 | task -1 | saving idle slot to prompt cache
srv   prompt_save:  - saving prompt with length 146, total state size = 18.252 MiB
slot prompt_clear: id  3 | task -1 | clearing prompt with 146 tokens
srv        update:  - cache state: 20 prompts, 295.667 MiB (limits: 8192.000 MiB, 4096 tokens, 65526 est)
srv        update:    - prompt 0xf0ef60:     106 tokens, checkpoints:  0,    13.252 MiB
srv        update:    - prompt 0x4391140:     107 tokens, checkpoints:  0,    13.377 MiB
srv        update:    - prompt 0x32239b0:     106 tokens, checkpoints:  0,    13.252 MiB
srv        update:    - prompt 0x321b8b0:     107 tokens, checkpoints:  0,    13.377 MiB
srv        update:    - prompt 0x3221630:     105 tokens, checkpoints:  0,    13.127 MiB
srv        update:    - prompt 0x4390ba0:     110 tokens, checkpoints:  0,    13.752 MiB
srv        update:    - prompt 0x3223470:     116 tokens, checkpoints:  0,    14.502 MiB
srv        update:    - prompt 0x4394c10:     109 tokens, checkpoints:  0,    13.627 MiB
srv        update:    - prompt 0x3224910:     113 tokens, checkpoints:  0,    14.127 MiB
srv        update:    - prompt 0x3230c90:     108 tokens, checkpoints:  0,    13.502 MiB
srv        update:    - prompt 0x11f0c00:     108 tokens, checkpoints:  0,    13.502 MiB
srv        update:    - prompt 0xee47f0:     108 tokens, checkpoints:  0,    13.502 MiB
srv        update:    - prompt 0x438f4c0:     111 tokens, checkpoints:  0,    13.877 MiB
srv        update:    - prompt 0x438f580:     119 tokens, checkpoints:  0,    14.877 MiB
srv        update:    - prompt 0x4be6150:     123 tokens, checkpoints:  0,    15.377 MiB
srv        update:    - prompt 0x3219830:     165 tokens, checkpoints:  0,    20.628 MiB
srv        update:    - prompt 0x3adf6d0:     131 tokens, checkpoints:  0,    16.377 MiB
srv        update:    - prompt 0xeec7b0:     135 tokens, checkpoints:  0,    16.877 MiB
srv        update:    - prompt 0x43945e0:     132 tokens, checkpoints:  0,    16.502 MiB
srv        update:    - prompt 0x3222e40:     146 tokens, checkpoints:  0,    18.252 MiB
slot update_slots: id  2 | task 2020 | new prompt, n_ctx_slot = 4096, n_keep = 0, task.n_tokens = 31
slot update_slots: id  2 | task 2020 | n_tokens = 0, memory_seq_rm [0, end)
slot init_sampler: id  2 | task 2020 | init sampler, took 0.02 ms, tokens: text = 31, total = 31
slot update_slots: id  2 | task 2020 | prompt processing done, n_tokens = 31, batch.n_tokens = 31
srv  log_server_r: done request: POST /completion 127.0.0.1 200
slot print_timing: id  2 | task 2020 | 
prompt eval time =    1538.42 ms /    31 tokens (   49.63 ms per token,    20.15 tokens per second)
       eval time =    7988.75 ms /   100 tokens (   79.89 ms per token,    12.52 tokens per second)
      total time =    9527.17 ms /   131 tokens
slot      release: id  2 | task 2020 | stop processing: n_tokens = 130, truncated = 0
srv  update_slots: all slots are idle
slot get_availabl: id  1 | task -1 | selected slot by LRU, t_last = 289954366740
srv  get_availabl: updating prompt cache
srv          load:  - looking for better prompt, base f_keep = -1.000, sim = 0.000
srv        update:  - cache state: 20 prompts, 295.667 MiB (limits: 8192.000 MiB, 4096 tokens, 65526 est)
srv        update:    - prompt 0xf0ef60:     106 tokens, checkpoints:  0,    13.252 MiB
srv        update:    - prompt 0x4391140:     107 tokens, checkpoints:  0,    13.377 MiB
srv        update:    - prompt 0x32239b0:     106 tokens, checkpoints:  0,    13.252 MiB
srv        update:    - prompt 0x321b8b0:     107 tokens, checkpoints:  0,    13.377 MiB
srv        update:    - prompt 0x3221630:     105 tokens, checkpoints:  0,    13.127 MiB
srv        update:    - prompt 0x4390ba0:     110 tokens, checkpoints:  0,    13.752 MiB
srv        update:    - prompt 0x3223470:     116 tokens, checkpoints:  0,    14.502 MiB
srv        update:    - prompt 0x4394c10:     109 tokens, checkpoints:  0,    13.627 MiB
srv        update:    - prompt 0x3224910:     113 tokens, checkpoints:  0,    14.127 MiB
srv        update:    - prompt 0x3230c90:     108 tokens, checkpoints:  0,    13.502 MiB
srv        update:    - prompt 0x11f0c00:     108 tokens, checkpoints:  0,    13.502 MiB
srv        update:    - prompt 0xee47f0:     108 tokens, checkpoints:  0,    13.502 MiB
srv        update:    - prompt 0x438f4c0:     111 tokens, checkpoints:  0,    13.877 MiB
srv        update:    - prompt 0x438f580:     119 tokens, checkpoints:  0,    14.877 MiB
srv        update:    - prompt 0x4be6150:     123 tokens, checkpoints:  0,    15.377 MiB
srv        update:    - prompt 0x3219830:     165 tokens, checkpoints:  0,    20.628 MiB
srv        update:    - prompt 0x3adf6d0:     131 tokens, checkpoints:  0,    16.377 MiB
srv        update:    - prompt 0xeec7b0:     135 tokens, checkpoints:  0,    16.877 MiB
srv        update:    - prompt 0x43945e0:     132 tokens, checkpoints:  0,    16.502 MiB
srv        update:    - prompt 0x3222e40:     146 tokens, checkpoints:  0,    18.252 MiB
srv  get_availabl: prompt cache update took 0.12 ms
slot launch_slot_: id  1 | task -1 | sampler chain: logits -> ?penalties -> ?dry -> ?top-n-sigma -> top-k -> ?typical -> top-p -> min-p -> ?xtc -> temp-ext -> dist 
slot launch_slot_: id  1 | task 2121 | processing task, is_child = 0
slot slot_save_an: id  2 | task -1 | saving idle slot to prompt cache
srv   prompt_save:  - saving prompt with length 130, total state size = 16.252 MiB
slot prompt_clear: id  2 | task -1 | clearing prompt with 130 tokens
srv        update:  - cache state: 21 prompts, 311.919 MiB (limits: 8192.000 MiB, 4096 tokens, 65526 est)
srv        update:    - prompt 0xf0ef60:     106 tokens, checkpoints:  0,    13.252 MiB
srv        update:    - prompt 0x4391140:     107 tokens, checkpoints:  0,    13.377 MiB
srv        update:    - prompt 0x32239b0:     106 tokens, checkpoints:  0,    13.252 MiB
srv        update:    - prompt 0x321b8b0:     107 tokens, checkpoints:  0,    13.377 MiB
srv        update:    - prompt 0x3221630:     105 tokens, checkpoints:  0,    13.127 MiB
srv        update:    - prompt 0x4390ba0:     110 tokens, checkpoints:  0,    13.752 MiB
srv        update:    - prompt 0x3223470:     116 tokens, checkpoints:  0,    14.502 MiB
srv        update:    - prompt 0x4394c10:     109 tokens, checkpoints:  0,    13.627 MiB
srv        update:    - prompt 0x3224910:     113 tokens, checkpoints:  0,    14.127 MiB
srv        update:    - prompt 0x3230c90:     108 tokens, checkpoints:  0,    13.502 MiB
srv        update:    - prompt 0x11f0c00:     108 tokens, checkpoints:  0,    13.502 MiB
srv        update:    - prompt 0xee47f0:     108 tokens, checkpoints:  0,    13.502 MiB
srv        update:    - prompt 0x438f4c0:     111 tokens, checkpoints:  0,    13.877 MiB
srv        update:    - prompt 0x438f580:     119 tokens, checkpoints:  0,    14.877 MiB
srv        update:    - prompt 0x4be6150:     123 tokens, checkpoints:  0,    15.377 MiB
srv        update:    - prompt 0x3219830:     165 tokens, checkpoints:  0,    20.628 MiB
srv        update:    - prompt 0x3adf6d0:     131 tokens, checkpoints:  0,    16.377 MiB
srv        update:    - prompt 0xeec7b0:     135 tokens, checkpoints:  0,    16.877 MiB
srv        update:    - prompt 0x43945e0:     132 tokens, checkpoints:  0,    16.502 MiB
srv        update:    - prompt 0x3222e40:     146 tokens, checkpoints:  0,    18.252 MiB
srv        update:    - prompt 0x43918f0:     130 tokens, checkpoints:  0,    16.252 MiB
slot update_slots: id  1 | task 2121 | new prompt, n_ctx_slot = 4096, n_keep = 0, task.n_tokens = 37
slot update_slots: id  1 | task 2121 | n_tokens = 0, memory_seq_rm [0, end)
slot init_sampler: id  1 | task 2121 | init sampler, took 0.02 ms, tokens: text = 37, total = 37
slot update_slots: id  1 | task 2121 | prompt processing done, n_tokens = 37, batch.n_tokens = 37
srv  log_server_r: done request: POST /completion 127.0.0.1 200
slot print_timing: id  1 | task 2121 | 
prompt eval time =    1772.04 ms /    37 tokens (   47.89 ms per token,    20.88 tokens per second)
       eval time =    7163.69 ms /   100 tokens (   71.64 ms per token,    13.96 tokens per second)
      total time =    8935.72 ms /   137 tokens
slot      release: id  1 | task 2121 | stop processing: n_tokens = 136, truncated = 0
srv  update_slots: all slots are idle
slot get_availabl: id  0 | task -1 | selected slot by LRU, t_last = 289966833103
srv  get_availabl: updating prompt cache
srv          load:  - looking for better prompt, base f_keep = -1.000, sim = 0.000
srv        update:  - cache state: 21 prompts, 311.919 MiB (limits: 8192.000 MiB, 4096 tokens, 65526 est)
srv        update:    - prompt 0xf0ef60:     106 tokens, checkpoints:  0,    13.252 MiB
srv        update:    - prompt 0x4391140:     107 tokens, checkpoints:  0,    13.377 MiB
srv        update:    - prompt 0x32239b0:     106 tokens, checkpoints:  0,    13.252 MiB
srv        update:    - prompt 0x321b8b0:     107 tokens, checkpoints:  0,    13.377 MiB
srv        update:    - prompt 0x3221630:     105 tokens, checkpoints:  0,    13.127 MiB
srv        update:    - prompt 0x4390ba0:     110 tokens, checkpoints:  0,    13.752 MiB
srv        update:    - prompt 0x3223470:     116 tokens, checkpoints:  0,    14.502 MiB
srv        update:    - prompt 0x4394c10:     109 tokens, checkpoints:  0,    13.627 MiB
srv        update:    - prompt 0x3224910:     113 tokens, checkpoints:  0,    14.127 MiB
srv        update:    - prompt 0x3230c90:     108 tokens, checkpoints:  0,    13.502 MiB
srv        update:    - prompt 0x11f0c00:     108 tokens, checkpoints:  0,    13.502 MiB
srv        update:    - prompt 0xee47f0:     108 tokens, checkpoints:  0,    13.502 MiB
srv        update:    - prompt 0x438f4c0:     111 tokens, checkpoints:  0,    13.877 MiB
srv        update:    - prompt 0x438f580:     119 tokens, checkpoints:  0,    14.877 MiB
srv        update:    - prompt 0x4be6150:     123 tokens, checkpoints:  0,    15.377 MiB
srv        update:    - prompt 0x3219830:     165 tokens, checkpoints:  0,    20.628 MiB
srv        update:    - prompt 0x3adf6d0:     131 tokens, checkpoints:  0,    16.377 MiB
srv        update:    - prompt 0xeec7b0:     135 tokens, checkpoints:  0,    16.877 MiB
srv        update:    - prompt 0x43945e0:     132 tokens, checkpoints:  0,    16.502 MiB
srv        update:    - prompt 0x3222e40:     146 tokens, checkpoints:  0,    18.252 MiB
srv        update:    - prompt 0x43918f0:     130 tokens, checkpoints:  0,    16.252 MiB
srv  get_availabl: prompt cache update took 0.13 ms
slot launch_slot_: id  0 | task -1 | sampler chain: logits -> ?penalties -> ?dry -> ?top-n-sigma -> top-k -> ?typical -> top-p -> min-p -> ?xtc -> temp-ext -> dist 
slot launch_slot_: id  0 | task 2222 | processing task, is_child = 0
slot slot_save_an: id  1 | task -1 | saving idle slot to prompt cache
srv   prompt_save:  - saving prompt with length 136, total state size = 17.002 MiB
slot prompt_clear: id  1 | task -1 | clearing prompt with 136 tokens
srv        update:  - cache state: 22 prompts, 328.922 MiB (limits: 8192.000 MiB, 4096 tokens, 65526 est)
srv        update:    - prompt 0xf0ef60:     106 tokens, checkpoints:  0,    13.252 MiB
srv        update:    - prompt 0x4391140:     107 tokens, checkpoints:  0,    13.377 MiB
srv        update:    - prompt 0x32239b0:     106 tokens, checkpoints:  0,    13.252 MiB
srv        update:    - prompt 0x321b8b0:     107 tokens, checkpoints:  0,    13.377 MiB
srv        update:    - prompt 0x3221630:     105 tokens, checkpoints:  0,    13.127 MiB
srv        update:    - prompt 0x4390ba0:     110 tokens, checkpoints:  0,    13.752 MiB
srv        update:    - prompt 0x3223470:     116 tokens, checkpoints:  0,    14.502 MiB
srv        update:    - prompt 0x4394c10:     109 tokens, checkpoints:  0,    13.627 MiB
srv        update:    - prompt 0x3224910:     113 tokens, checkpoints:  0,    14.127 MiB
srv        update:    - prompt 0x3230c90:     108 tokens, checkpoints:  0,    13.502 MiB
srv        update:    - prompt 0x11f0c00:     108 tokens, checkpoints:  0,    13.502 MiB
srv        update:    - prompt 0xee47f0:     108 tokens, checkpoints:  0,    13.502 MiB
srv        update:    - prompt 0x438f4c0:     111 tokens, checkpoints:  0,    13.877 MiB
srv        update:    - prompt 0x438f580:     119 tokens, checkpoints:  0,    14.877 MiB
srv        update:    - prompt 0x4be6150:     123 tokens, checkpoints:  0,    15.377 MiB
srv        update:    - prompt 0x3219830:     165 tokens, checkpoints:  0,    20.628 MiB
srv        update:    - prompt 0x3adf6d0:     131 tokens, checkpoints:  0,    16.377 MiB
srv        update:    - prompt 0xeec7b0:     135 tokens, checkpoints:  0,    16.877 MiB
srv        update:    - prompt 0x43945e0:     132 tokens, checkpoints:  0,    16.502 MiB
srv        update:    - prompt 0x3222e40:     146 tokens, checkpoints:  0,    18.252 MiB
srv        update:    - prompt 0x43918f0:     130 tokens, checkpoints:  0,    16.252 MiB
srv        update:    - prompt 0xf0c750:     136 tokens, checkpoints:  0,    17.002 MiB
slot update_slots: id  0 | task 2222 | new prompt, n_ctx_slot = 4096, n_keep = 0, task.n_tokens = 37
slot update_slots: id  0 | task 2222 | n_tokens = 0, memory_seq_rm [0, end)
slot init_sampler: id  0 | task 2222 | init sampler, took 0.02 ms, tokens: text = 37, total = 37
slot update_slots: id  0 | task 2222 | prompt processing done, n_tokens = 37, batch.n_tokens = 37
srv  log_server_r: done request: POST /completion 127.0.0.1 200
slot print_timing: id  0 | task 2222 | 
prompt eval time =    1791.21 ms /    37 tokens (   48.41 ms per token,    20.66 tokens per second)
       eval time =    7576.98 ms /   100 tokens (   75.77 ms per token,    13.20 tokens per second)
      total time =    9368.19 ms /   137 tokens
slot      release: id  0 | task 2222 | stop processing: n_tokens = 136, truncated = 0
srv  update_slots: all slots are idle
slot get_availabl: id  3 | task -1 | selected slot by LRU, t_last = 289979275618
srv  get_availabl: updating prompt cache
srv          load:  - looking for better prompt, base f_keep = -1.000, sim = 0.000
srv        update:  - cache state: 22 prompts, 328.922 MiB (limits: 8192.000 MiB, 4096 tokens, 65526 est)
srv        update:    - prompt 0xf0ef60:     106 tokens, checkpoints:  0,    13.252 MiB
srv        update:    - prompt 0x4391140:     107 tokens, checkpoints:  0,    13.377 MiB
srv        update:    - prompt 0x32239b0:     106 tokens, checkpoints:  0,    13.252 MiB
srv        update:    - prompt 0x321b8b0:     107 tokens, checkpoints:  0,    13.377 MiB
srv        update:    - prompt 0x3221630:     105 tokens, checkpoints:  0,    13.127 MiB
srv        update:    - prompt 0x4390ba0:     110 tokens, checkpoints:  0,    13.752 MiB
srv        update:    - prompt 0x3223470:     116 tokens, checkpoints:  0,    14.502 MiB
srv        update:    - prompt 0x4394c10:     109 tokens, checkpoints:  0,    13.627 MiB
srv        update:    - prompt 0x3224910:     113 tokens, checkpoints:  0,    14.127 MiB
srv        update:    - prompt 0x3230c90:     108 tokens, checkpoints:  0,    13.502 MiB
srv        update:    - prompt 0x11f0c00:     108 tokens, checkpoints:  0,    13.502 MiB
srv        update:    - prompt 0xee47f0:     108 tokens, checkpoints:  0,    13.502 MiB
srv        update:    - prompt 0x438f4c0:     111 tokens, checkpoints:  0,    13.877 MiB
srv        update:    - prompt 0x438f580:     119 tokens, checkpoints:  0,    14.877 MiB
srv        update:    - prompt 0x4be6150:     123 tokens, checkpoints:  0,    15.377 MiB
srv        update:    - prompt 0x3219830:     165 tokens, checkpoints:  0,    20.628 MiB
srv        update:    - prompt 0x3adf6d0:     131 tokens, checkpoints:  0,    16.377 MiB
srv        update:    - prompt 0xeec7b0:     135 tokens, checkpoints:  0,    16.877 MiB
srv        update:    - prompt 0x43945e0:     132 tokens, checkpoints:  0,    16.502 MiB
srv        update:    - prompt 0x3222e40:     146 tokens, checkpoints:  0,    18.252 MiB
srv        update:    - prompt 0x43918f0:     130 tokens, checkpoints:  0,    16.252 MiB
srv        update:    - prompt 0xf0c750:     136 tokens, checkpoints:  0,    17.002 MiB
srv  get_availabl: prompt cache update took 0.12 ms
slot launch_slot_: id  3 | task -1 | sampler chain: logits -> ?penalties -> ?dry -> ?top-n-sigma -> top-k -> ?typical -> top-p -> min-p -> ?xtc -> temp-ext -> dist 
slot launch_slot_: id  3 | task 2323 | processing task, is_child = 0
slot slot_save_an: id  0 | task -1 | saving idle slot to prompt cache
srv   prompt_save:  - saving prompt with length 136, total state size = 17.002 MiB
slot prompt_clear: id  0 | task -1 | clearing prompt with 136 tokens
srv        update:  - cache state: 23 prompts, 345.924 MiB (limits: 8192.000 MiB, 4096 tokens, 65526 est)
srv        update:    - prompt 0xf0ef60:     106 tokens, checkpoints:  0,    13.252 MiB
srv        update:    - prompt 0x4391140:     107 tokens, checkpoints:  0,    13.377 MiB
srv        update:    - prompt 0x32239b0:     106 tokens, checkpoints:  0,    13.252 MiB
srv        update:    - prompt 0x321b8b0:     107 tokens, checkpoints:  0,    13.377 MiB
srv        update:    - prompt 0x3221630:     105 tokens, checkpoints:  0,    13.127 MiB
srv        update:    - prompt 0x4390ba0:     110 tokens, checkpoints:  0,    13.752 MiB
srv        update:    - prompt 0x3223470:     116 tokens, checkpoints:  0,    14.502 MiB
srv        update:    - prompt 0x4394c10:     109 tokens, checkpoints:  0,    13.627 MiB
srv        update:    - prompt 0x3224910:     113 tokens, checkpoints:  0,    14.127 MiB
srv        update:    - prompt 0x3230c90:     108 tokens, checkpoints:  0,    13.502 MiB
srv        update:    - prompt 0x11f0c00:     108 tokens, checkpoints:  0,    13.502 MiB
srv        update:    - prompt 0xee47f0:     108 tokens, checkpoints:  0,    13.502 MiB
srv        update:    - prompt 0x438f4c0:     111 tokens, checkpoints:  0,    13.877 MiB
srv        update:    - prompt 0x438f580:     119 tokens, checkpoints:  0,    14.877 MiB
srv        update:    - prompt 0x4be6150:     123 tokens, checkpoints:  0,    15.377 MiB
srv        update:    - prompt 0x3219830:     165 tokens, checkpoints:  0,    20.628 MiB
srv        update:    - prompt 0x3adf6d0:     131 tokens, checkpoints:  0,    16.377 MiB
srv        update:    - prompt 0xeec7b0:     135 tokens, checkpoints:  0,    16.877 MiB
srv        update:    - prompt 0x43945e0:     132 tokens, checkpoints:  0,    16.502 MiB
srv        update:    - prompt 0x3222e40:     146 tokens, checkpoints:  0,    18.252 MiB
srv        update:    - prompt 0x43918f0:     130 tokens, checkpoints:  0,    16.252 MiB
srv        update:    - prompt 0xf0c750:     136 tokens, checkpoints:  0,    17.002 MiB
srv        update:    - prompt 0x321a990:     136 tokens, checkpoints:  0,    17.002 MiB
slot update_slots: id  3 | task 2323 | new prompt, n_ctx_slot = 4096, n_keep = 0, task.n_tokens = 142
slot update_slots: id  3 | task 2323 | n_tokens = 0, memory_seq_rm [0, end)
slot init_sampler: id  3 | task 2323 | init sampler, took 0.08 ms, tokens: text = 142, total = 142
slot update_slots: id  3 | task 2323 | prompt processing done, n_tokens = 142, batch.n_tokens = 142
srv  log_server_r: done request: POST /completion 127.0.0.1 200
slot print_timing: id  3 | task 2323 | 
prompt eval time =    8524.18 ms /   142 tokens (   60.03 ms per token,    16.66 tokens per second)
       eval time =   12246.07 ms /   100 tokens (  122.46 ms per token,     8.17 tokens per second)
      total time =   20770.25 ms /   242 tokens
slot      release: id  3 | task 2323 | stop processing: n_tokens = 241, truncated = 0
srv  update_slots: all slots are idle
slot get_availabl: id  2 | task -1 | selected slot by LRU, t_last = 289989386383
srv  get_availabl: updating prompt cache
srv          load:  - looking for better prompt, base f_keep = -1.000, sim = 0.000
srv        update:  - cache state: 23 prompts, 345.924 MiB (limits: 8192.000 MiB, 4096 tokens, 65526 est)
srv        update:    - prompt 0xf0ef60:     106 tokens, checkpoints:  0,    13.252 MiB
srv        update:    - prompt 0x4391140:     107 tokens, checkpoints:  0,    13.377 MiB
srv        update:    - prompt 0x32239b0:     106 tokens, checkpoints:  0,    13.252 MiB
srv        update:    - prompt 0x321b8b0:     107 tokens, checkpoints:  0,    13.377 MiB
srv        update:    - prompt 0x3221630:     105 tokens, checkpoints:  0,    13.127 MiB
srv        update:    - prompt 0x4390ba0:     110 tokens, checkpoints:  0,    13.752 MiB
srv        update:    - prompt 0x3223470:     116 tokens, checkpoints:  0,    14.502 MiB
srv        update:    - prompt 0x4394c10:     109 tokens, checkpoints:  0,    13.627 MiB
srv        update:    - prompt 0x3224910:     113 tokens, checkpoints:  0,    14.127 MiB
srv        update:    - prompt 0x3230c90:     108 tokens, checkpoints:  0,    13.502 MiB
srv        update:    - prompt 0x11f0c00:     108 tokens, checkpoints:  0,    13.502 MiB
srv        update:    - prompt 0xee47f0:     108 tokens, checkpoints:  0,    13.502 MiB
srv        update:    - prompt 0x438f4c0:     111 tokens, checkpoints:  0,    13.877 MiB
srv        update:    - prompt 0x438f580:     119 tokens, checkpoints:  0,    14.877 MiB
srv        update:    - prompt 0x4be6150:     123 tokens, checkpoints:  0,    15.377 MiB
srv        update:    - prompt 0x3219830:     165 tokens, checkpoints:  0,    20.628 MiB
srv        update:    - prompt 0x3adf6d0:     131 tokens, checkpoints:  0,    16.377 MiB
srv        update:    - prompt 0xeec7b0:     135 tokens, checkpoints:  0,    16.877 MiB
srv        update:    - prompt 0x43945e0:     132 tokens, checkpoints:  0,    16.502 MiB
srv        update:    - prompt 0x3222e40:     146 tokens, checkpoints:  0,    18.252 MiB
srv        update:    - prompt 0x43918f0:     130 tokens, checkpoints:  0,    16.252 MiB
srv        update:    - prompt 0xf0c750:     136 tokens, checkpoints:  0,    17.002 MiB
srv        update:    - prompt 0x321a990:     136 tokens, checkpoints:  0,    17.002 MiB
srv  get_availabl: prompt cache update took 0.10 ms
slot launch_slot_: id  2 | task -1 | sampler chain: logits -> ?penalties -> ?dry -> ?top-n-sigma -> top-k -> ?typical -> top-p -> min-p -> ?xtc -> temp-ext -> dist 
slot launch_slot_: id  2 | task 2424 | processing task, is_child = 0
slot slot_save_an: id  3 | task -1 | saving idle slot to prompt cache
srv   prompt_save:  - saving prompt with length 241, total state size = 30.129 MiB
slot prompt_clear: id  3 | task -1 | clearing prompt with 241 tokens
srv        update:  - cache state: 24 prompts, 376.052 MiB (limits: 8192.000 MiB, 4096 tokens, 65526 est)
srv        update:    - prompt 0xf0ef60:     106 tokens, checkpoints:  0,    13.252 MiB
srv        update:    - prompt 0x4391140:     107 tokens, checkpoints:  0,    13.377 MiB
srv        update:    - prompt 0x32239b0:     106 tokens, checkpoints:  0,    13.252 MiB
srv        update:    - prompt 0x321b8b0:     107 tokens, checkpoints:  0,    13.377 MiB
srv        update:    - prompt 0x3221630:     105 tokens, checkpoints:  0,    13.127 MiB
srv        update:    - prompt 0x4390ba0:     110 tokens, checkpoints:  0,    13.752 MiB
srv        update:    - prompt 0x3223470:     116 tokens, checkpoints:  0,    14.502 MiB
srv        update:    - prompt 0x4394c10:     109 tokens, checkpoints:  0,    13.627 MiB
srv        update:    - prompt 0x3224910:     113 tokens, checkpoints:  0,    14.127 MiB
srv        update:    - prompt 0x3230c90:     108 tokens, checkpoints:  0,    13.502 MiB
srv        update:    - prompt 0x11f0c00:     108 tokens, checkpoints:  0,    13.502 MiB
srv        update:    - prompt 0xee47f0:     108 tokens, checkpoints:  0,    13.502 MiB
srv        update:    - prompt 0x438f4c0:     111 tokens, checkpoints:  0,    13.877 MiB
srv        update:    - prompt 0x438f580:     119 tokens, checkpoints:  0,    14.877 MiB
srv        update:    - prompt 0x4be6150:     123 tokens, checkpoints:  0,    15.377 MiB
srv        update:    - prompt 0x3219830:     165 tokens, checkpoints:  0,    20.628 MiB
srv        update:    - prompt 0x3adf6d0:     131 tokens, checkpoints:  0,    16.377 MiB
srv        update:    - prompt 0xeec7b0:     135 tokens, checkpoints:  0,    16.877 MiB
srv        update:    - prompt 0x43945e0:     132 tokens, checkpoints:  0,    16.502 MiB
srv        update:    - prompt 0x3222e40:     146 tokens, checkpoints:  0,    18.252 MiB
srv        update:    - prompt 0x43918f0:     130 tokens, checkpoints:  0,    16.252 MiB
srv        update:    - prompt 0xf0c750:     136 tokens, checkpoints:  0,    17.002 MiB
srv        update:    - prompt 0x321a990:     136 tokens, checkpoints:  0,    17.002 MiB
srv        update:    - prompt 0x438a610:     241 tokens, checkpoints:  0,    30.129 MiB
slot update_slots: id  2 | task 2424 | new prompt, n_ctx_slot = 4096, n_keep = 0, task.n_tokens = 226
slot update_slots: id  2 | task 2424 | n_tokens = 0, memory_seq_rm [0, end)
slot init_sampler: id  2 | task 2424 | init sampler, took 0.11 ms, tokens: text = 226, total = 226
slot update_slots: id  2 | task 2424 | prompt processing done, n_tokens = 226, batch.n_tokens = 226
srv  log_server_r: done request: POST /completion 127.0.0.1 200
slot print_timing: id  2 | task 2424 | 
prompt eval time =   12906.66 ms /   226 tokens (   57.11 ms per token,    17.51 tokens per second)
       eval time =    7553.14 ms /   100 tokens (   75.53 ms per token,    13.24 tokens per second)
      total time =   20459.80 ms /   326 tokens
slot      release: id  2 | task 2424 | stop processing: n_tokens = 325, truncated = 0
srv  update_slots: all slots are idle
slot get_availabl: id  1 | task -1 | selected slot by LRU, t_last = 289998907283
srv  get_availabl: updating prompt cache
srv          load:  - looking for better prompt, base f_keep = -1.000, sim = 0.000
srv        update:  - cache state: 24 prompts, 376.052 MiB (limits: 8192.000 MiB, 4096 tokens, 65526 est)
srv        update:    - prompt 0xf0ef60:     106 tokens, checkpoints:  0,    13.252 MiB
srv        update:    - prompt 0x4391140:     107 tokens, checkpoints:  0,    13.377 MiB
srv        update:    - prompt 0x32239b0:     106 tokens, checkpoints:  0,    13.252 MiB
srv        update:    - prompt 0x321b8b0:     107 tokens, checkpoints:  0,    13.377 MiB
srv        update:    - prompt 0x3221630:     105 tokens, checkpoints:  0,    13.127 MiB
srv        update:    - prompt 0x4390ba0:     110 tokens, checkpoints:  0,    13.752 MiB
srv        update:    - prompt 0x3223470:     116 tokens, checkpoints:  0,    14.502 MiB
srv        update:    - prompt 0x4394c10:     109 tokens, checkpoints:  0,    13.627 MiB
srv        update:    - prompt 0x3224910:     113 tokens, checkpoints:  0,    14.127 MiB
srv        update:    - prompt 0x3230c90:     108 tokens, checkpoints:  0,    13.502 MiB
srv        update:    - prompt 0x11f0c00:     108 tokens, checkpoints:  0,    13.502 MiB
srv        update:    - prompt 0xee47f0:     108 tokens, checkpoints:  0,    13.502 MiB
srv        update:    - prompt 0x438f4c0:     111 tokens, checkpoints:  0,    13.877 MiB
srv        update:    - prompt 0x438f580:     119 tokens, checkpoints:  0,    14.877 MiB
srv        update:    - prompt 0x4be6150:     123 tokens, checkpoints:  0,    15.377 MiB
srv        update:    - prompt 0x3219830:     165 tokens, checkpoints:  0,    20.628 MiB
srv        update:    - prompt 0x3adf6d0:     131 tokens, checkpoints:  0,    16.377 MiB
srv        update:    - prompt 0xeec7b0:     135 tokens, checkpoints:  0,    16.877 MiB
srv        update:    - prompt 0x43945e0:     132 tokens, checkpoints:  0,    16.502 MiB
srv        update:    - prompt 0x3222e40:     146 tokens, checkpoints:  0,    18.252 MiB
srv        update:    - prompt 0x43918f0:     130 tokens, checkpoints:  0,    16.252 MiB
srv        update:    - prompt 0xf0c750:     136 tokens, checkpoints:  0,    17.002 MiB
srv        update:    - prompt 0x321a990:     136 tokens, checkpoints:  0,    17.002 MiB
srv        update:    - prompt 0x438a610:     241 tokens, checkpoints:  0,    30.129 MiB
srv  get_availabl: prompt cache update took 0.10 ms
slot launch_slot_: id  1 | task -1 | sampler chain: logits -> ?penalties -> ?dry -> ?top-n-sigma -> top-k -> ?typical -> top-p -> min-p -> ?xtc -> temp-ext -> dist 
slot launch_slot_: id  1 | task 2525 | processing task, is_child = 0
slot slot_save_an: id  2 | task -1 | saving idle slot to prompt cache
srv   prompt_save:  - saving prompt with length 325, total state size = 40.629 MiB
slot prompt_clear: id  2 | task -1 | clearing prompt with 325 tokens
srv        update:  - cache state: 25 prompts, 416.682 MiB (limits: 8192.000 MiB, 4096 tokens, 65527 est)
srv        update:    - prompt 0xf0ef60:     106 tokens, checkpoints:  0,    13.252 MiB
srv        update:    - prompt 0x4391140:     107 tokens, checkpoints:  0,    13.377 MiB
srv        update:    - prompt 0x32239b0:     106 tokens, checkpoints:  0,    13.252 MiB
srv        update:    - prompt 0x321b8b0:     107 tokens, checkpoints:  0,    13.377 MiB
srv        update:    - prompt 0x3221630:     105 tokens, checkpoints:  0,    13.127 MiB
srv        update:    - prompt 0x4390ba0:     110 tokens, checkpoints:  0,    13.752 MiB
srv        update:    - prompt 0x3223470:     116 tokens, checkpoints:  0,    14.502 MiB
srv        update:    - prompt 0x4394c10:     109 tokens, checkpoints:  0,    13.627 MiB
srv        update:    - prompt 0x3224910:     113 tokens, checkpoints:  0,    14.127 MiB
srv        update:    - prompt 0x3230c90:     108 tokens, checkpoints:  0,    13.502 MiB
srv        update:    - prompt 0x11f0c00:     108 tokens, checkpoints:  0,    13.502 MiB
srv        update:    - prompt 0xee47f0:     108 tokens, checkpoints:  0,    13.502 MiB
srv        update:    - prompt 0x438f4c0:     111 tokens, checkpoints:  0,    13.877 MiB
srv        update:    - prompt 0x438f580:     119 tokens, checkpoints:  0,    14.877 MiB
srv        update:    - prompt 0x4be6150:     123 tokens, checkpoints:  0,    15.377 MiB
srv        update:    - prompt 0x3219830:     165 tokens, checkpoints:  0,    20.628 MiB
srv        update:    - prompt 0x3adf6d0:     131 tokens, checkpoints:  0,    16.377 MiB
srv        update:    - prompt 0xeec7b0:     135 tokens, checkpoints:  0,    16.877 MiB
srv        update:    - prompt 0x43945e0:     132 tokens, checkpoints:  0,    16.502 MiB
srv        update:    - prompt 0x3222e40:     146 tokens, checkpoints:  0,    18.252 MiB
srv        update:    - prompt 0x43918f0:     130 tokens, checkpoints:  0,    16.252 MiB
srv        update:    - prompt 0xf0c750:     136 tokens, checkpoints:  0,    17.002 MiB
srv        update:    - prompt 0x321a990:     136 tokens, checkpoints:  0,    17.002 MiB
srv        update:    - prompt 0x438a610:     241 tokens, checkpoints:  0,    30.129 MiB
srv        update:    - prompt 0x3220d10:     325 tokens, checkpoints:  0,    40.629 MiB
slot update_slots: id  1 | task 2525 | new prompt, n_ctx_slot = 4096, n_keep = 0, task.n_tokens = 264
slot update_slots: id  1 | task 2525 | n_tokens = 0, memory_seq_rm [0, end)
slot init_sampler: id  1 | task 2525 | init sampler, took 0.14 ms, tokens: text = 264, total = 264
slot update_slots: id  1 | task 2525 | prompt processing done, n_tokens = 264, batch.n_tokens = 264
srv  log_server_r: done request: POST /completion 127.0.0.1 200
slot print_timing: id  1 | task 2525 | 
prompt eval time =   14887.24 ms /   264 tokens (   56.39 ms per token,    17.73 tokens per second)
       eval time =   10013.25 ms /   100 tokens (  100.13 ms per token,     9.99 tokens per second)
      total time =   24900.49 ms /   364 tokens
slot      release: id  1 | task 2525 | stop processing: n_tokens = 363, truncated = 0
srv  update_slots: all slots are idle
slot get_availabl: id  0 | task -1 | selected slot by LRU, t_last = 290008860458
srv  get_availabl: updating prompt cache
srv          load:  - looking for better prompt, base f_keep = -1.000, sim = 0.000
srv        update:  - cache state: 25 prompts, 416.682 MiB (limits: 8192.000 MiB, 4096 tokens, 65527 est)
srv        update:    - prompt 0xf0ef60:     106 tokens, checkpoints:  0,    13.252 MiB
srv        update:    - prompt 0x4391140:     107 tokens, checkpoints:  0,    13.377 MiB
srv        update:    - prompt 0x32239b0:     106 tokens, checkpoints:  0,    13.252 MiB
srv        update:    - prompt 0x321b8b0:     107 tokens, checkpoints:  0,    13.377 MiB
srv        update:    - prompt 0x3221630:     105 tokens, checkpoints:  0,    13.127 MiB
srv        update:    - prompt 0x4390ba0:     110 tokens, checkpoints:  0,    13.752 MiB
srv        update:    - prompt 0x3223470:     116 tokens, checkpoints:  0,    14.502 MiB
srv        update:    - prompt 0x4394c10:     109 tokens, checkpoints:  0,    13.627 MiB
srv        update:    - prompt 0x3224910:     113 tokens, checkpoints:  0,    14.127 MiB
srv        update:    - prompt 0x3230c90:     108 tokens, checkpoints:  0,    13.502 MiB
srv        update:    - prompt 0x11f0c00:     108 tokens, checkpoints:  0,    13.502 MiB
srv        update:    - prompt 0xee47f0:     108 tokens, checkpoints:  0,    13.502 MiB
srv        update:    - prompt 0x438f4c0:     111 tokens, checkpoints:  0,    13.877 MiB
srv        update:    - prompt 0x438f580:     119 tokens, checkpoints:  0,    14.877 MiB
srv        update:    - prompt 0x4be6150:     123 tokens, checkpoints:  0,    15.377 MiB
srv        update:    - prompt 0x3219830:     165 tokens, checkpoints:  0,    20.628 MiB
srv        update:    - prompt 0x3adf6d0:     131 tokens, checkpoints:  0,    16.377 MiB
srv        update:    - prompt 0xeec7b0:     135 tokens, checkpoints:  0,    16.877 MiB
srv        update:    - prompt 0x43945e0:     132 tokens, checkpoints:  0,    16.502 MiB
srv        update:    - prompt 0x3222e40:     146 tokens, checkpoints:  0,    18.252 MiB
srv        update:    - prompt 0x43918f0:     130 tokens, checkpoints:  0,    16.252 MiB
srv        update:    - prompt 0xf0c750:     136 tokens, checkpoints:  0,    17.002 MiB
srv        update:    - prompt 0x321a990:     136 tokens, checkpoints:  0,    17.002 MiB
srv        update:    - prompt 0x438a610:     241 tokens, checkpoints:  0,    30.129 MiB
srv        update:    - prompt 0x3220d10:     325 tokens, checkpoints:  0,    40.629 MiB
srv  get_availabl: prompt cache update took 0.13 ms
slot launch_slot_: id  0 | task -1 | sampler chain: logits -> ?penalties -> ?dry -> ?top-n-sigma -> top-k -> ?typical -> top-p -> min-p -> ?xtc -> temp-ext -> dist 
slot launch_slot_: id  0 | task 2626 | processing task, is_child = 0
slot slot_save_an: id  1 | task -1 | saving idle slot to prompt cache
srv   prompt_save:  - saving prompt with length 363, total state size = 45.380 MiB
slot prompt_clear: id  1 | task -1 | clearing prompt with 363 tokens
srv        update:  - cache state: 26 prompts, 462.062 MiB (limits: 8192.000 MiB, 4096 tokens, 65527 est)
srv        update:    - prompt 0xf0ef60:     106 tokens, checkpoints:  0,    13.252 MiB
srv        update:    - prompt 0x4391140:     107 tokens, checkpoints:  0,    13.377 MiB
srv        update:    - prompt 0x32239b0:     106 tokens, checkpoints:  0,    13.252 MiB
srv        update:    - prompt 0x321b8b0:     107 tokens, checkpoints:  0,    13.377 MiB
srv        update:    - prompt 0x3221630:     105 tokens, checkpoints:  0,    13.127 MiB
srv        update:    - prompt 0x4390ba0:     110 tokens, checkpoints:  0,    13.752 MiB
srv        update:    - prompt 0x3223470:     116 tokens, checkpoints:  0,    14.502 MiB
srv        update:    - prompt 0x4394c10:     109 tokens, checkpoints:  0,    13.627 MiB
srv        update:    - prompt 0x3224910:     113 tokens, checkpoints:  0,    14.127 MiB
srv        update:    - prompt 0x3230c90:     108 tokens, checkpoints:  0,    13.502 MiB
srv        update:    - prompt 0x11f0c00:     108 tokens, checkpoints:  0,    13.502 MiB
srv        update:    - prompt 0xee47f0:     108 tokens, checkpoints:  0,    13.502 MiB
srv        update:    - prompt 0x438f4c0:     111 tokens, checkpoints:  0,    13.877 MiB
srv        update:    - prompt 0x438f580:     119 tokens, checkpoints:  0,    14.877 MiB
srv        update:    - prompt 0x4be6150:     123 tokens, checkpoints:  0,    15.377 MiB
srv        update:    - prompt 0x3219830:     165 tokens, checkpoints:  0,    20.628 MiB
srv        update:    - prompt 0x3adf6d0:     131 tokens, checkpoints:  0,    16.377 MiB
srv        update:    - prompt 0xeec7b0:     135 tokens, checkpoints:  0,    16.877 MiB
srv        update:    - prompt 0x43945e0:     132 tokens, checkpoints:  0,    16.502 MiB
srv        update:    - prompt 0x3222e40:     146 tokens, checkpoints:  0,    18.252 MiB
srv        update:    - prompt 0x43918f0:     130 tokens, checkpoints:  0,    16.252 MiB
srv        update:    - prompt 0xf0c750:     136 tokens, checkpoints:  0,    17.002 MiB
srv        update:    - prompt 0x321a990:     136 tokens, checkpoints:  0,    17.002 MiB
srv        update:    - prompt 0x438a610:     241 tokens, checkpoints:  0,    30.129 MiB
srv        update:    - prompt 0x3220d10:     325 tokens, checkpoints:  0,    40.629 MiB
srv        update:    - prompt 0xfffdb80062a0:     363 tokens, checkpoints:  0,    45.380 MiB
slot update_slots: id  0 | task 2626 | new prompt, n_ctx_slot = 4096, n_keep = 0, task.n_tokens = 326
slot update_slots: id  0 | task 2626 | n_tokens = 0, memory_seq_rm [0, end)
slot init_sampler: id  0 | task 2626 | init sampler, took 0.17 ms, tokens: text = 326, total = 326
slot update_slots: id  0 | task 2626 | prompt processing done, n_tokens = 326, batch.n_tokens = 326
srv  log_server_r: done request: POST /completion 127.0.0.1 200
slot print_timing: id  0 | task 2626 | 
prompt eval time =   18573.79 ms /   326 tokens (   56.97 ms per token,    17.55 tokens per second)
       eval time =   11721.18 ms /   100 tokens (  117.21 ms per token,     8.53 tokens per second)
      total time =   30294.97 ms /   426 tokens
slot      release: id  0 | task 2626 | stop processing: n_tokens = 425, truncated = 0
srv  update_slots: all slots are idle
slot get_availabl: id  3 | task -1 | selected slot by LRU, t_last = 290030215654
srv  get_availabl: updating prompt cache
srv          load:  - looking for better prompt, base f_keep = -1.000, sim = 0.000
srv        update:  - cache state: 26 prompts, 462.062 MiB (limits: 8192.000 MiB, 4096 tokens, 65527 est)
srv        update:    - prompt 0xf0ef60:     106 tokens, checkpoints:  0,    13.252 MiB
srv        update:    - prompt 0x4391140:     107 tokens, checkpoints:  0,    13.377 MiB
srv        update:    - prompt 0x32239b0:     106 tokens, checkpoints:  0,    13.252 MiB
srv        update:    - prompt 0x321b8b0:     107 tokens, checkpoints:  0,    13.377 MiB
srv        update:    - prompt 0x3221630:     105 tokens, checkpoints:  0,    13.127 MiB
srv        update:    - prompt 0x4390ba0:     110 tokens, checkpoints:  0,    13.752 MiB
srv        update:    - prompt 0x3223470:     116 tokens, checkpoints:  0,    14.502 MiB
srv        update:    - prompt 0x4394c10:     109 tokens, checkpoints:  0,    13.627 MiB
srv        update:    - prompt 0x3224910:     113 tokens, checkpoints:  0,    14.127 MiB
srv        update:    - prompt 0x3230c90:     108 tokens, checkpoints:  0,    13.502 MiB
srv        update:    - prompt 0x11f0c00:     108 tokens, checkpoints:  0,    13.502 MiB
srv        update:    - prompt 0xee47f0:     108 tokens, checkpoints:  0,    13.502 MiB
srv        update:    - prompt 0x438f4c0:     111 tokens, checkpoints:  0,    13.877 MiB
srv        update:    - prompt 0x438f580:     119 tokens, checkpoints:  0,    14.877 MiB
srv        update:    - prompt 0x4be6150:     123 tokens, checkpoints:  0,    15.377 MiB
srv        update:    - prompt 0x3219830:     165 tokens, checkpoints:  0,    20.628 MiB
srv        update:    - prompt 0x3adf6d0:     131 tokens, checkpoints:  0,    16.377 MiB
srv        update:    - prompt 0xeec7b0:     135 tokens, checkpoints:  0,    16.877 MiB
srv        update:    - prompt 0x43945e0:     132 tokens, checkpoints:  0,    16.502 MiB
srv        update:    - prompt 0x3222e40:     146 tokens, checkpoints:  0,    18.252 MiB
srv        update:    - prompt 0x43918f0:     130 tokens, checkpoints:  0,    16.252 MiB
srv        update:    - prompt 0xf0c750:     136 tokens, checkpoints:  0,    17.002 MiB
srv        update:    - prompt 0x321a990:     136 tokens, checkpoints:  0,    17.002 MiB
srv        update:    - prompt 0x438a610:     241 tokens, checkpoints:  0,    30.129 MiB
srv        update:    - prompt 0x3220d10:     325 tokens, checkpoints:  0,    40.629 MiB
srv        update:    - prompt 0xfffdb80062a0:     363 tokens, checkpoints:  0,    45.380 MiB
srv  get_availabl: prompt cache update took 0.11 ms
slot launch_slot_: id  3 | task -1 | sampler chain: logits -> ?penalties -> ?dry -> ?top-n-sigma -> top-k -> ?typical -> top-p -> min-p -> ?xtc -> temp-ext -> dist 
slot launch_slot_: id  3 | task 2727 | processing task, is_child = 0
slot slot_save_an: id  0 | task -1 | saving idle slot to prompt cache
srv   prompt_save:  - saving prompt with length 425, total state size = 53.131 MiB
slot prompt_clear: id  0 | task -1 | clearing prompt with 425 tokens
srv        update:  - cache state: 27 prompts, 515.192 MiB (limits: 8192.000 MiB, 4096 tokens, 65527 est)
srv        update:    - prompt 0xf0ef60:     106 tokens, checkpoints:  0,    13.252 MiB
srv        update:    - prompt 0x4391140:     107 tokens, checkpoints:  0,    13.377 MiB
srv        update:    - prompt 0x32239b0:     106 tokens, checkpoints:  0,    13.252 MiB
srv        update:    - prompt 0x321b8b0:     107 tokens, checkpoints:  0,    13.377 MiB
srv        update:    - prompt 0x3221630:     105 tokens, checkpoints:  0,    13.127 MiB
srv        update:    - prompt 0x4390ba0:     110 tokens, checkpoints:  0,    13.752 MiB
srv        update:    - prompt 0x3223470:     116 tokens, checkpoints:  0,    14.502 MiB
srv        update:    - prompt 0x4394c10:     109 tokens, checkpoints:  0,    13.627 MiB
srv        update:    - prompt 0x3224910:     113 tokens, checkpoints:  0,    14.127 MiB
srv        update:    - prompt 0x3230c90:     108 tokens, checkpoints:  0,    13.502 MiB
srv        update:    - prompt 0x11f0c00:     108 tokens, checkpoints:  0,    13.502 MiB
srv        update:    - prompt 0xee47f0:     108 tokens, checkpoints:  0,    13.502 MiB
srv        update:    - prompt 0x438f4c0:     111 tokens, checkpoints:  0,    13.877 MiB
srv        update:    - prompt 0x438f580:     119 tokens, checkpoints:  0,    14.877 MiB
srv        update:    - prompt 0x4be6150:     123 tokens, checkpoints:  0,    15.377 MiB
srv        update:    - prompt 0x3219830:     165 tokens, checkpoints:  0,    20.628 MiB
srv        update:    - prompt 0x3adf6d0:     131 tokens, checkpoints:  0,    16.377 MiB
srv        update:    - prompt 0xeec7b0:     135 tokens, checkpoints:  0,    16.877 MiB
srv        update:    - prompt 0x43945e0:     132 tokens, checkpoints:  0,    16.502 MiB
srv        update:    - prompt 0x3222e40:     146 tokens, checkpoints:  0,    18.252 MiB
srv        update:    - prompt 0x43918f0:     130 tokens, checkpoints:  0,    16.252 MiB
srv        update:    - prompt 0xf0c750:     136 tokens, checkpoints:  0,    17.002 MiB
srv        update:    - prompt 0x321a990:     136 tokens, checkpoints:  0,    17.002 MiB
srv        update:    - prompt 0x438a610:     241 tokens, checkpoints:  0,    30.129 MiB
srv        update:    - prompt 0x3220d10:     325 tokens, checkpoints:  0,    40.629 MiB
srv        update:    - prompt 0xfffdb80062a0:     363 tokens, checkpoints:  0,    45.380 MiB
srv        update:    - prompt 0xfffdb0004ad0:     425 tokens, checkpoints:  0,    53.131 MiB
slot update_slots: id  3 | task 2727 | new prompt, n_ctx_slot = 4096, n_keep = 0, task.n_tokens = 310
slot update_slots: id  3 | task 2727 | n_tokens = 0, memory_seq_rm [0, end)
slot init_sampler: id  3 | task 2727 | init sampler, took 0.15 ms, tokens: text = 310, total = 310
slot update_slots: id  3 | task 2727 | prompt processing done, n_tokens = 310, batch.n_tokens = 310
srv  log_server_r: done request: POST /completion 127.0.0.1 200
slot print_timing: id  3 | task 2727 | 
prompt eval time =   17516.07 ms /   310 tokens (   56.50 ms per token,    17.70 tokens per second)
       eval time =    8308.85 ms /   100 tokens (   83.09 ms per token,    12.04 tokens per second)
      total time =   25824.91 ms /   410 tokens
slot      release: id  3 | task 2727 | stop processing: n_tokens = 409, truncated = 0
srv  update_slots: all slots are idle
slot get_availabl: id  2 | task -1 | selected slot by LRU, t_last = 290051264769
srv  get_availabl: updating prompt cache
srv          load:  - looking for better prompt, base f_keep = -1.000, sim = 0.000
srv        update:  - cache state: 27 prompts, 515.192 MiB (limits: 8192.000 MiB, 4096 tokens, 65527 est)
srv        update:    - prompt 0xf0ef60:     106 tokens, checkpoints:  0,    13.252 MiB
srv        update:    - prompt 0x4391140:     107 tokens, checkpoints:  0,    13.377 MiB
srv        update:    - prompt 0x32239b0:     106 tokens, checkpoints:  0,    13.252 MiB
srv        update:    - prompt 0x321b8b0:     107 tokens, checkpoints:  0,    13.377 MiB
srv        update:    - prompt 0x3221630:     105 tokens, checkpoints:  0,    13.127 MiB
srv        update:    - prompt 0x4390ba0:     110 tokens, checkpoints:  0,    13.752 MiB
srv        update:    - prompt 0x3223470:     116 tokens, checkpoints:  0,    14.502 MiB
srv        update:    - prompt 0x4394c10:     109 tokens, checkpoints:  0,    13.627 MiB
srv        update:    - prompt 0x3224910:     113 tokens, checkpoints:  0,    14.127 MiB
srv        update:    - prompt 0x3230c90:     108 tokens, checkpoints:  0,    13.502 MiB
srv        update:    - prompt 0x11f0c00:     108 tokens, checkpoints:  0,    13.502 MiB
srv        update:    - prompt 0xee47f0:     108 tokens, checkpoints:  0,    13.502 MiB
srv        update:    - prompt 0x438f4c0:     111 tokens, checkpoints:  0,    13.877 MiB
srv        update:    - prompt 0x438f580:     119 tokens, checkpoints:  0,    14.877 MiB
srv        update:    - prompt 0x4be6150:     123 tokens, checkpoints:  0,    15.377 MiB
srv        update:    - prompt 0x3219830:     165 tokens, checkpoints:  0,    20.628 MiB
srv        update:    - prompt 0x3adf6d0:     131 tokens, checkpoints:  0,    16.377 MiB
srv        update:    - prompt 0xeec7b0:     135 tokens, checkpoints:  0,    16.877 MiB
srv        update:    - prompt 0x43945e0:     132 tokens, checkpoints:  0,    16.502 MiB
srv        update:    - prompt 0x3222e40:     146 tokens, checkpoints:  0,    18.252 MiB
srv        update:    - prompt 0x43918f0:     130 tokens, checkpoints:  0,    16.252 MiB
srv        update:    - prompt 0xf0c750:     136 tokens, checkpoints:  0,    17.002 MiB
srv        update:    - prompt 0x321a990:     136 tokens, checkpoints:  0,    17.002 MiB
srv        update:    - prompt 0x438a610:     241 tokens, checkpoints:  0,    30.129 MiB
srv        update:    - prompt 0x3220d10:     325 tokens, checkpoints:  0,    40.629 MiB
srv        update:    - prompt 0xfffdb80062a0:     363 tokens, checkpoints:  0,    45.380 MiB
srv        update:    - prompt 0xfffdb0004ad0:     425 tokens, checkpoints:  0,    53.131 MiB
srv  get_availabl: prompt cache update took 0.11 ms
slot launch_slot_: id  2 | task -1 | sampler chain: logits -> ?penalties -> ?dry -> ?top-n-sigma -> top-k -> ?typical -> top-p -> min-p -> ?xtc -> temp-ext -> dist 
slot launch_slot_: id  2 | task 2828 | processing task, is_child = 0
slot slot_save_an: id  3 | task -1 | saving idle slot to prompt cache
srv   prompt_save:  - saving prompt with length 409, total state size = 51.130 MiB
slot prompt_clear: id  3 | task -1 | clearing prompt with 409 tokens
srv        update:  - cache state: 28 prompts, 566.323 MiB (limits: 8192.000 MiB, 4096 tokens, 65527 est)
srv        update:    - prompt 0xf0ef60:     106 tokens, checkpoints:  0,    13.252 MiB
srv        update:    - prompt 0x4391140:     107 tokens, checkpoints:  0,    13.377 MiB
srv        update:    - prompt 0x32239b0:     106 tokens, checkpoints:  0,    13.252 MiB
srv        update:    - prompt 0x321b8b0:     107 tokens, checkpoints:  0,    13.377 MiB
srv        update:    - prompt 0x3221630:     105 tokens, checkpoints:  0,    13.127 MiB
srv        update:    - prompt 0x4390ba0:     110 tokens, checkpoints:  0,    13.752 MiB
srv        update:    - prompt 0x3223470:     116 tokens, checkpoints:  0,    14.502 MiB
srv        update:    - prompt 0x4394c10:     109 tokens, checkpoints:  0,    13.627 MiB
srv        update:    - prompt 0x3224910:     113 tokens, checkpoints:  0,    14.127 MiB
srv        update:    - prompt 0x3230c90:     108 tokens, checkpoints:  0,    13.502 MiB
srv        update:    - prompt 0x11f0c00:     108 tokens, checkpoints:  0,    13.502 MiB
srv        update:    - prompt 0xee47f0:     108 tokens, checkpoints:  0,    13.502 MiB
srv        update:    - prompt 0x438f4c0:     111 tokens, checkpoints:  0,    13.877 MiB
srv        update:    - prompt 0x438f580:     119 tokens, checkpoints:  0,    14.877 MiB
srv        update:    - prompt 0x4be6150:     123 tokens, checkpoints:  0,    15.377 MiB
srv        update:    - prompt 0x3219830:     165 tokens, checkpoints:  0,    20.628 MiB
srv        update:    - prompt 0x3adf6d0:     131 tokens, checkpoints:  0,    16.377 MiB
srv        update:    - prompt 0xeec7b0:     135 tokens, checkpoints:  0,    16.877 MiB
srv        update:    - prompt 0x43945e0:     132 tokens, checkpoints:  0,    16.502 MiB
srv        update:    - prompt 0x3222e40:     146 tokens, checkpoints:  0,    18.252 MiB
srv        update:    - prompt 0x43918f0:     130 tokens, checkpoints:  0,    16.252 MiB
srv        update:    - prompt 0xf0c750:     136 tokens, checkpoints:  0,    17.002 MiB
srv        update:    - prompt 0x321a990:     136 tokens, checkpoints:  0,    17.002 MiB
srv        update:    - prompt 0x438a610:     241 tokens, checkpoints:  0,    30.129 MiB
srv        update:    - prompt 0x3220d10:     325 tokens, checkpoints:  0,    40.629 MiB
srv        update:    - prompt 0xfffdb80062a0:     363 tokens, checkpoints:  0,    45.380 MiB
srv        update:    - prompt 0xfffdb0004ad0:     425 tokens, checkpoints:  0,    53.131 MiB
srv        update:    - prompt 0xf09890:     409 tokens, checkpoints:  0,    51.130 MiB
slot update_slots: id  2 | task 2828 | new prompt, n_ctx_slot = 4096, n_keep = 0, task.n_tokens = 313
slot update_slots: id  2 | task 2828 | n_tokens = 0, memory_seq_rm [0, end)
slot init_sampler: id  2 | task 2828 | init sampler, took 0.17 ms, tokens: text = 313, total = 313
slot update_slots: id  2 | task 2828 | prompt processing done, n_tokens = 313, batch.n_tokens = 313
srv  log_server_r: done request: POST /completion 127.0.0.1 200
slot print_timing: id  2 | task 2828 | 
prompt eval time =   17644.94 ms /   313 tokens (   56.37 ms per token,    17.74 tokens per second)
       eval time =    7644.41 ms /   100 tokens (   76.44 ms per token,    13.08 tokens per second)
      total time =   25289.35 ms /   413 tokens
slot      release: id  2 | task 2828 | stop processing: n_tokens = 412, truncated = 0
srv  update_slots: all slots are idle
slot get_availabl: id  1 | task -1 | selected slot by LRU, t_last = 290076755224
srv  get_availabl: updating prompt cache
srv          load:  - looking for better prompt, base f_keep = -1.000, sim = 0.000
srv        update:  - cache state: 28 prompts, 566.323 MiB (limits: 8192.000 MiB, 4096 tokens, 65527 est)
srv        update:    - prompt 0xf0ef60:     106 tokens, checkpoints:  0,    13.252 MiB
srv        update:    - prompt 0x4391140:     107 tokens, checkpoints:  0,    13.377 MiB
srv        update:    - prompt 0x32239b0:     106 tokens, checkpoints:  0,    13.252 MiB
srv        update:    - prompt 0x321b8b0:     107 tokens, checkpoints:  0,    13.377 MiB
srv        update:    - prompt 0x3221630:     105 tokens, checkpoints:  0,    13.127 MiB
srv        update:    - prompt 0x4390ba0:     110 tokens, checkpoints:  0,    13.752 MiB
srv        update:    - prompt 0x3223470:     116 tokens, checkpoints:  0,    14.502 MiB
srv        update:    - prompt 0x4394c10:     109 tokens, checkpoints:  0,    13.627 MiB
srv        update:    - prompt 0x3224910:     113 tokens, checkpoints:  0,    14.127 MiB
srv        update:    - prompt 0x3230c90:     108 tokens, checkpoints:  0,    13.502 MiB
srv        update:    - prompt 0x11f0c00:     108 tokens, checkpoints:  0,    13.502 MiB
srv        update:    - prompt 0xee47f0:     108 tokens, checkpoints:  0,    13.502 MiB
srv        update:    - prompt 0x438f4c0:     111 tokens, checkpoints:  0,    13.877 MiB
srv        update:    - prompt 0x438f580:     119 tokens, checkpoints:  0,    14.877 MiB
srv        update:    - prompt 0x4be6150:     123 tokens, checkpoints:  0,    15.377 MiB
srv        update:    - prompt 0x3219830:     165 tokens, checkpoints:  0,    20.628 MiB
srv        update:    - prompt 0x3adf6d0:     131 tokens, checkpoints:  0,    16.377 MiB
srv        update:    - prompt 0xeec7b0:     135 tokens, checkpoints:  0,    16.877 MiB
srv        update:    - prompt 0x43945e0:     132 tokens, checkpoints:  0,    16.502 MiB
srv        update:    - prompt 0x3222e40:     146 tokens, checkpoints:  0,    18.252 MiB
srv        update:    - prompt 0x43918f0:     130 tokens, checkpoints:  0,    16.252 MiB
srv        update:    - prompt 0xf0c750:     136 tokens, checkpoints:  0,    17.002 MiB
srv        update:    - prompt 0x321a990:     136 tokens, checkpoints:  0,    17.002 MiB
srv        update:    - prompt 0x438a610:     241 tokens, checkpoints:  0,    30.129 MiB
srv        update:    - prompt 0x3220d10:     325 tokens, checkpoints:  0,    40.629 MiB
srv        update:    - prompt 0xfffdb80062a0:     363 tokens, checkpoints:  0,    45.380 MiB
srv        update:    - prompt 0xfffdb0004ad0:     425 tokens, checkpoints:  0,    53.131 MiB
srv        update:    - prompt 0xf09890:     409 tokens, checkpoints:  0,    51.130 MiB
srv  get_availabl: prompt cache update took 0.12 ms
slot launch_slot_: id  1 | task -1 | sampler chain: logits -> ?penalties -> ?dry -> ?top-n-sigma -> top-k -> ?typical -> top-p -> min-p -> ?xtc -> temp-ext -> dist 
slot launch_slot_: id  1 | task 2929 | processing task, is_child = 0
slot slot_save_an: id  2 | task -1 | saving idle slot to prompt cache
srv   prompt_save:  - saving prompt with length 412, total state size = 51.505 MiB
slot prompt_clear: id  2 | task -1 | clearing prompt with 412 tokens
srv        update:  - cache state: 29 prompts, 617.828 MiB (limits: 8192.000 MiB, 4096 tokens, 65527 est)
srv        update:    - prompt 0xf0ef60:     106 tokens, checkpoints:  0,    13.252 MiB
srv        update:    - prompt 0x4391140:     107 tokens, checkpoints:  0,    13.377 MiB
srv        update:    - prompt 0x32239b0:     106 tokens, checkpoints:  0,    13.252 MiB
srv        update:    - prompt 0x321b8b0:     107 tokens, checkpoints:  0,    13.377 MiB
srv        update:    - prompt 0x3221630:     105 tokens, checkpoints:  0,    13.127 MiB
srv        update:    - prompt 0x4390ba0:     110 tokens, checkpoints:  0,    13.752 MiB
srv        update:    - prompt 0x3223470:     116 tokens, checkpoints:  0,    14.502 MiB
srv        update:    - prompt 0x4394c10:     109 tokens, checkpoints:  0,    13.627 MiB
srv        update:    - prompt 0x3224910:     113 tokens, checkpoints:  0,    14.127 MiB
srv        update:    - prompt 0x3230c90:     108 tokens, checkpoints:  0,    13.502 MiB
srv        update:    - prompt 0x11f0c00:     108 tokens, checkpoints:  0,    13.502 MiB
srv        update:    - prompt 0xee47f0:     108 tokens, checkpoints:  0,    13.502 MiB
srv        update:    - prompt 0x438f4c0:     111 tokens, checkpoints:  0,    13.877 MiB
srv        update:    - prompt 0x438f580:     119 tokens, checkpoints:  0,    14.877 MiB
srv        update:    - prompt 0x4be6150:     123 tokens, checkpoints:  0,    15.377 MiB
srv        update:    - prompt 0x3219830:     165 tokens, checkpoints:  0,    20.628 MiB
srv        update:    - prompt 0x3adf6d0:     131 tokens, checkpoints:  0,    16.377 MiB
srv        update:    - prompt 0xeec7b0:     135 tokens, checkpoints:  0,    16.877 MiB
srv        update:    - prompt 0x43945e0:     132 tokens, checkpoints:  0,    16.502 MiB
srv        update:    - prompt 0x3222e40:     146 tokens, checkpoints:  0,    18.252 MiB
srv        update:    - prompt 0x43918f0:     130 tokens, checkpoints:  0,    16.252 MiB
srv        update:    - prompt 0xf0c750:     136 tokens, checkpoints:  0,    17.002 MiB
srv        update:    - prompt 0x321a990:     136 tokens, checkpoints:  0,    17.002 MiB
srv        update:    - prompt 0x438a610:     241 tokens, checkpoints:  0,    30.129 MiB
srv        update:    - prompt 0x3220d10:     325 tokens, checkpoints:  0,    40.629 MiB
srv        update:    - prompt 0xfffdb80062a0:     363 tokens, checkpoints:  0,    45.380 MiB
srv        update:    - prompt 0xfffdb0004ad0:     425 tokens, checkpoints:  0,    53.131 MiB
srv        update:    - prompt 0xf09890:     409 tokens, checkpoints:  0,    51.130 MiB
srv        update:    - prompt 0x438b420:     412 tokens, checkpoints:  0,    51.505 MiB
slot update_slots: id  1 | task 2929 | new prompt, n_ctx_slot = 4096, n_keep = 0, task.n_tokens = 319
slot update_slots: id  1 | task 2929 | n_tokens = 0, memory_seq_rm [0, end)
slot init_sampler: id  1 | task 2929 | init sampler, took 0.17 ms, tokens: text = 319, total = 319
slot update_slots: id  1 | task 2929 | prompt processing done, n_tokens = 319, batch.n_tokens = 319
srv  log_server_r: done request: POST /completion 127.0.0.1 200
slot print_timing: id  1 | task 2929 | 
prompt eval time =   17947.52 ms /   319 tokens (   56.26 ms per token,    17.77 tokens per second)
       eval time =    9241.93 ms /   100 tokens (   92.42 ms per token,    10.82 tokens per second)
      total time =   27189.44 ms /   419 tokens
slot      release: id  1 | task 2929 | stop processing: n_tokens = 418, truncated = 0
srv  update_slots: all slots are idle
slot get_availabl: id  0 | task -1 | selected slot by LRU, t_last = 290107643081
srv  get_availabl: updating prompt cache
srv          load:  - looking for better prompt, base f_keep = -1.000, sim = 0.000
srv        update:  - cache state: 29 prompts, 617.828 MiB (limits: 8192.000 MiB, 4096 tokens, 65527 est)
srv        update:    - prompt 0xf0ef60:     106 tokens, checkpoints:  0,    13.252 MiB
srv        update:    - prompt 0x4391140:     107 tokens, checkpoints:  0,    13.377 MiB
srv        update:    - prompt 0x32239b0:     106 tokens, checkpoints:  0,    13.252 MiB
srv        update:    - prompt 0x321b8b0:     107 tokens, checkpoints:  0,    13.377 MiB
srv        update:    - prompt 0x3221630:     105 tokens, checkpoints:  0,    13.127 MiB
srv        update:    - prompt 0x4390ba0:     110 tokens, checkpoints:  0,    13.752 MiB
srv        update:    - prompt 0x3223470:     116 tokens, checkpoints:  0,    14.502 MiB
srv        update:    - prompt 0x4394c10:     109 tokens, checkpoints:  0,    13.627 MiB
srv        update:    - prompt 0x3224910:     113 tokens, checkpoints:  0,    14.127 MiB
srv        update:    - prompt 0x3230c90:     108 tokens, checkpoints:  0,    13.502 MiB
srv        update:    - prompt 0x11f0c00:     108 tokens, checkpoints:  0,    13.502 MiB
srv        update:    - prompt 0xee47f0:     108 tokens, checkpoints:  0,    13.502 MiB
srv        update:    - prompt 0x438f4c0:     111 tokens, checkpoints:  0,    13.877 MiB
srv        update:    - prompt 0x438f580:     119 tokens, checkpoints:  0,    14.877 MiB
srv        update:    - prompt 0x4be6150:     123 tokens, checkpoints:  0,    15.377 MiB
srv        update:    - prompt 0x3219830:     165 tokens, checkpoints:  0,    20.628 MiB
srv        update:    - prompt 0x3adf6d0:     131 tokens, checkpoints:  0,    16.377 MiB
srv        update:    - prompt 0xeec7b0:     135 tokens, checkpoints:  0,    16.877 MiB
srv        update:    - prompt 0x43945e0:     132 tokens, checkpoints:  0,    16.502 MiB
srv        update:    - prompt 0x3222e40:     146 tokens, checkpoints:  0,    18.252 MiB
srv        update:    - prompt 0x43918f0:     130 tokens, checkpoints:  0,    16.252 MiB
srv        update:    - prompt 0xf0c750:     136 tokens, checkpoints:  0,    17.002 MiB
srv        update:    - prompt 0x321a990:     136 tokens, checkpoints:  0,    17.002 MiB
srv        update:    - prompt 0x438a610:     241 tokens, checkpoints:  0,    30.129 MiB
srv        update:    - prompt 0x3220d10:     325 tokens, checkpoints:  0,    40.629 MiB
srv        update:    - prompt 0xfffdb80062a0:     363 tokens, checkpoints:  0,    45.380 MiB
srv        update:    - prompt 0xfffdb0004ad0:     425 tokens, checkpoints:  0,    53.131 MiB
srv        update:    - prompt 0xf09890:     409 tokens, checkpoints:  0,    51.130 MiB
srv        update:    - prompt 0x438b420:     412 tokens, checkpoints:  0,    51.505 MiB
srv  get_availabl: prompt cache update took 0.12 ms
slot launch_slot_: id  0 | task -1 | sampler chain: logits -> ?penalties -> ?dry -> ?top-n-sigma -> top-k -> ?typical -> top-p -> min-p -> ?xtc -> temp-ext -> dist 
slot launch_slot_: id  0 | task 3030 | processing task, is_child = 0
slot slot_save_an: id  1 | task -1 | saving idle slot to prompt cache
srv   prompt_save:  - saving prompt with length 418, total state size = 52.256 MiB
slot prompt_clear: id  1 | task -1 | clearing prompt with 418 tokens
srv        update:  - cache state: 30 prompts, 670.084 MiB (limits: 8192.000 MiB, 4096 tokens, 65527 est)
srv        update:    - prompt 0xf0ef60:     106 tokens, checkpoints:  0,    13.252 MiB
srv        update:    - prompt 0x4391140:     107 tokens, checkpoints:  0,    13.377 MiB
srv        update:    - prompt 0x32239b0:     106 tokens, checkpoints:  0,    13.252 MiB
srv        update:    - prompt 0x321b8b0:     107 tokens, checkpoints:  0,    13.377 MiB
srv        update:    - prompt 0x3221630:     105 tokens, checkpoints:  0,    13.127 MiB
srv        update:    - prompt 0x4390ba0:     110 tokens, checkpoints:  0,    13.752 MiB
srv        update:    - prompt 0x3223470:     116 tokens, checkpoints:  0,    14.502 MiB
srv        update:    - prompt 0x4394c10:     109 tokens, checkpoints:  0,    13.627 MiB
srv        update:    - prompt 0x3224910:     113 tokens, checkpoints:  0,    14.127 MiB
srv        update:    - prompt 0x3230c90:     108 tokens, checkpoints:  0,    13.502 MiB
srv        update:    - prompt 0x11f0c00:     108 tokens, checkpoints:  0,    13.502 MiB
srv        update:    - prompt 0xee47f0:     108 tokens, checkpoints:  0,    13.502 MiB
srv        update:    - prompt 0x438f4c0:     111 tokens, checkpoints:  0,    13.877 MiB
srv        update:    - prompt 0x438f580:     119 tokens, checkpoints:  0,    14.877 MiB
srv        update:    - prompt 0x4be6150:     123 tokens, checkpoints:  0,    15.377 MiB
srv        update:    - prompt 0x3219830:     165 tokens, checkpoints:  0,    20.628 MiB
srv        update:    - prompt 0x3adf6d0:     131 tokens, checkpoints:  0,    16.377 MiB
srv        update:    - prompt 0xeec7b0:     135 tokens, checkpoints:  0,    16.877 MiB
srv        update:    - prompt 0x43945e0:     132 tokens, checkpoints:  0,    16.502 MiB
srv        update:    - prompt 0x3222e40:     146 tokens, checkpoints:  0,    18.252 MiB
srv        update:    - prompt 0x43918f0:     130 tokens, checkpoints:  0,    16.252 MiB
srv        update:    - prompt 0xf0c750:     136 tokens, checkpoints:  0,    17.002 MiB
srv        update:    - prompt 0x321a990:     136 tokens, checkpoints:  0,    17.002 MiB
srv        update:    - prompt 0x438a610:     241 tokens, checkpoints:  0,    30.129 MiB
srv        update:    - prompt 0x3220d10:     325 tokens, checkpoints:  0,    40.629 MiB
srv        update:    - prompt 0xfffdb80062a0:     363 tokens, checkpoints:  0,    45.380 MiB
srv        update:    - prompt 0xfffdb0004ad0:     425 tokens, checkpoints:  0,    53.131 MiB
srv        update:    - prompt 0xf09890:     409 tokens, checkpoints:  0,    51.130 MiB
srv        update:    - prompt 0x438b420:     412 tokens, checkpoints:  0,    51.505 MiB
srv        update:    - prompt 0x3ad6d90:     418 tokens, checkpoints:  0,    52.256 MiB
slot update_slots: id  0 | task 3030 | new prompt, n_ctx_slot = 4096, n_keep = 0, task.n_tokens = 316
slot update_slots: id  0 | task 3030 | n_tokens = 0, memory_seq_rm [0, end)
slot init_sampler: id  0 | task 3030 | init sampler, took 0.15 ms, tokens: text = 316, total = 316
slot update_slots: id  0 | task 3030 | prompt processing done, n_tokens = 316, batch.n_tokens = 316
srv  log_server_r: done request: POST /completion 127.0.0.1 200
slot print_timing: id  0 | task 3030 | 
prompt eval time =   17796.67 ms /   316 tokens (   56.32 ms per token,    17.76 tokens per second)
       eval time =   10974.19 ms /   100 tokens (  109.74 ms per token,     9.11 tokens per second)
      total time =   28770.86 ms /   416 tokens
slot      release: id  0 | task 3030 | stop processing: n_tokens = 415, truncated = 0
srv  update_slots: all slots are idle
slot get_availabl: id  3 | task -1 | selected slot by LRU, t_last = 290134064177
srv  get_availabl: updating prompt cache
srv          load:  - looking for better prompt, base f_keep = -1.000, sim = 0.000
srv        update:  - cache state: 30 prompts, 670.084 MiB (limits: 8192.000 MiB, 4096 tokens, 65527 est)
srv        update:    - prompt 0xf0ef60:     106 tokens, checkpoints:  0,    13.252 MiB
srv        update:    - prompt 0x4391140:     107 tokens, checkpoints:  0,    13.377 MiB
srv        update:    - prompt 0x32239b0:     106 tokens, checkpoints:  0,    13.252 MiB
srv        update:    - prompt 0x321b8b0:     107 tokens, checkpoints:  0,    13.377 MiB
srv        update:    - prompt 0x3221630:     105 tokens, checkpoints:  0,    13.127 MiB
srv        update:    - prompt 0x4390ba0:     110 tokens, checkpoints:  0,    13.752 MiB
srv        update:    - prompt 0x3223470:     116 tokens, checkpoints:  0,    14.502 MiB
srv        update:    - prompt 0x4394c10:     109 tokens, checkpoints:  0,    13.627 MiB
srv        update:    - prompt 0x3224910:     113 tokens, checkpoints:  0,    14.127 MiB
srv        update:    - prompt 0x3230c90:     108 tokens, checkpoints:  0,    13.502 MiB
srv        update:    - prompt 0x11f0c00:     108 tokens, checkpoints:  0,    13.502 MiB
srv        update:    - prompt 0xee47f0:     108 tokens, checkpoints:  0,    13.502 MiB
srv        update:    - prompt 0x438f4c0:     111 tokens, checkpoints:  0,    13.877 MiB
srv        update:    - prompt 0x438f580:     119 tokens, checkpoints:  0,    14.877 MiB
srv        update:    - prompt 0x4be6150:     123 tokens, checkpoints:  0,    15.377 MiB
srv        update:    - prompt 0x3219830:     165 tokens, checkpoints:  0,    20.628 MiB
srv        update:    - prompt 0x3adf6d0:     131 tokens, checkpoints:  0,    16.377 MiB
srv        update:    - prompt 0xeec7b0:     135 tokens, checkpoints:  0,    16.877 MiB
srv        update:    - prompt 0x43945e0:     132 tokens, checkpoints:  0,    16.502 MiB
srv        update:    - prompt 0x3222e40:     146 tokens, checkpoints:  0,    18.252 MiB
srv        update:    - prompt 0x43918f0:     130 tokens, checkpoints:  0,    16.252 MiB
srv        update:    - prompt 0xf0c750:     136 tokens, checkpoints:  0,    17.002 MiB
srv        update:    - prompt 0x321a990:     136 tokens, checkpoints:  0,    17.002 MiB
srv        update:    - prompt 0x438a610:     241 tokens, checkpoints:  0,    30.129 MiB
srv        update:    - prompt 0x3220d10:     325 tokens, checkpoints:  0,    40.629 MiB
srv        update:    - prompt 0xfffdb80062a0:     363 tokens, checkpoints:  0,    45.380 MiB
srv        update:    - prompt 0xfffdb0004ad0:     425 tokens, checkpoints:  0,    53.131 MiB
srv        update:    - prompt 0xf09890:     409 tokens, checkpoints:  0,    51.130 MiB
srv        update:    - prompt 0x438b420:     412 tokens, checkpoints:  0,    51.505 MiB
srv        update:    - prompt 0x3ad6d90:     418 tokens, checkpoints:  0,    52.256 MiB
srv  get_availabl: prompt cache update took 0.14 ms
slot launch_slot_: id  3 | task -1 | sampler chain: logits -> ?penalties -> ?dry -> ?top-n-sigma -> top-k -> ?typical -> top-p -> min-p -> ?xtc -> temp-ext -> dist 
slot launch_slot_: id  3 | task 3131 | processing task, is_child = 0
slot slot_save_an: id  0 | task -1 | saving idle slot to prompt cache
srv   prompt_save:  - saving prompt with length 415, total state size = 51.880 MiB
slot prompt_clear: id  0 | task -1 | clearing prompt with 415 tokens
srv        update:  - cache state: 31 prompts, 721.964 MiB (limits: 8192.000 MiB, 4096 tokens, 65527 est)
srv        update:    - prompt 0xf0ef60:     106 tokens, checkpoints:  0,    13.252 MiB
srv        update:    - prompt 0x4391140:     107 tokens, checkpoints:  0,    13.377 MiB
srv        update:    - prompt 0x32239b0:     106 tokens, checkpoints:  0,    13.252 MiB
srv        update:    - prompt 0x321b8b0:     107 tokens, checkpoints:  0,    13.377 MiB
srv        update:    - prompt 0x3221630:     105 tokens, checkpoints:  0,    13.127 MiB
srv        update:    - prompt 0x4390ba0:     110 tokens, checkpoints:  0,    13.752 MiB
srv        update:    - prompt 0x3223470:     116 tokens, checkpoints:  0,    14.502 MiB
srv        update:    - prompt 0x4394c10:     109 tokens, checkpoints:  0,    13.627 MiB
srv        update:    - prompt 0x3224910:     113 tokens, checkpoints:  0,    14.127 MiB
srv        update:    - prompt 0x3230c90:     108 tokens, checkpoints:  0,    13.502 MiB
srv        update:    - prompt 0x11f0c00:     108 tokens, checkpoints:  0,    13.502 MiB
srv        update:    - prompt 0xee47f0:     108 tokens, checkpoints:  0,    13.502 MiB
srv        update:    - prompt 0x438f4c0:     111 tokens, checkpoints:  0,    13.877 MiB
srv        update:    - prompt 0x438f580:     119 tokens, checkpoints:  0,    14.877 MiB
srv        update:    - prompt 0x4be6150:     123 tokens, checkpoints:  0,    15.377 MiB
srv        update:    - prompt 0x3219830:     165 tokens, checkpoints:  0,    20.628 MiB
srv        update:    - prompt 0x3adf6d0:     131 tokens, checkpoints:  0,    16.377 MiB
srv        update:    - prompt 0xeec7b0:     135 tokens, checkpoints:  0,    16.877 MiB
srv        update:    - prompt 0x43945e0:     132 tokens, checkpoints:  0,    16.502 MiB
srv        update:    - prompt 0x3222e40:     146 tokens, checkpoints:  0,    18.252 MiB
srv        update:    - prompt 0x43918f0:     130 tokens, checkpoints:  0,    16.252 MiB
srv        update:    - prompt 0xf0c750:     136 tokens, checkpoints:  0,    17.002 MiB
srv        update:    - prompt 0x321a990:     136 tokens, checkpoints:  0,    17.002 MiB
srv        update:    - prompt 0x438a610:     241 tokens, checkpoints:  0,    30.129 MiB
srv        update:    - prompt 0x3220d10:     325 tokens, checkpoints:  0,    40.629 MiB
srv        update:    - prompt 0xfffdb80062a0:     363 tokens, checkpoints:  0,    45.380 MiB
srv        update:    - prompt 0xfffdb0004ad0:     425 tokens, checkpoints:  0,    53.131 MiB
srv        update:    - prompt 0xf09890:     409 tokens, checkpoints:  0,    51.130 MiB
srv        update:    - prompt 0x438b420:     412 tokens, checkpoints:  0,    51.505 MiB
srv        update:    - prompt 0x3ad6d90:     418 tokens, checkpoints:  0,    52.256 MiB
srv        update:    - prompt 0x321c560:     415 tokens, checkpoints:  0,    51.880 MiB
slot update_slots: id  3 | task 3131 | new prompt, n_ctx_slot = 4096, n_keep = 0, task.n_tokens = 332
slot update_slots: id  3 | task 3131 | n_tokens = 0, memory_seq_rm [0, end)
slot init_sampler: id  3 | task 3131 | init sampler, took 0.17 ms, tokens: text = 332, total = 332
slot update_slots: id  3 | task 3131 | prompt processing done, n_tokens = 332, batch.n_tokens = 332
srv  log_server_r: done request: POST /completion 127.0.0.1 200
slot print_timing: id  3 | task 3131 | 
prompt eval time =   18917.04 ms /   332 tokens (   56.98 ms per token,    17.55 tokens per second)
       eval time =    8186.26 ms /   100 tokens (   81.86 ms per token,    12.22 tokens per second)
      total time =   27103.30 ms /   432 tokens
slot      release: id  3 | task 3131 | stop processing: n_tokens = 431, truncated = 0
srv  update_slots: all slots are idle
slot get_availabl: id  2 | task -1 | selected slot by LRU, t_last = 290159979041
srv  get_availabl: updating prompt cache
srv          load:  - looking for better prompt, base f_keep = -1.000, sim = 0.000
srv        update:  - cache state: 31 prompts, 721.964 MiB (limits: 8192.000 MiB, 4096 tokens, 65527 est)
srv        update:    - prompt 0xf0ef60:     106 tokens, checkpoints:  0,    13.252 MiB
srv        update:    - prompt 0x4391140:     107 tokens, checkpoints:  0,    13.377 MiB
srv        update:    - prompt 0x32239b0:     106 tokens, checkpoints:  0,    13.252 MiB
srv        update:    - prompt 0x321b8b0:     107 tokens, checkpoints:  0,    13.377 MiB
srv        update:    - prompt 0x3221630:     105 tokens, checkpoints:  0,    13.127 MiB
srv        update:    - prompt 0x4390ba0:     110 tokens, checkpoints:  0,    13.752 MiB
srv        update:    - prompt 0x3223470:     116 tokens, checkpoints:  0,    14.502 MiB
srv        update:    - prompt 0x4394c10:     109 tokens, checkpoints:  0,    13.627 MiB
srv        update:    - prompt 0x3224910:     113 tokens, checkpoints:  0,    14.127 MiB
srv        update:    - prompt 0x3230c90:     108 tokens, checkpoints:  0,    13.502 MiB
srv        update:    - prompt 0x11f0c00:     108 tokens, checkpoints:  0,    13.502 MiB
srv        update:    - prompt 0xee47f0:     108 tokens, checkpoints:  0,    13.502 MiB
srv        update:    - prompt 0x438f4c0:     111 tokens, checkpoints:  0,    13.877 MiB
srv        update:    - prompt 0x438f580:     119 tokens, checkpoints:  0,    14.877 MiB
srv        update:    - prompt 0x4be6150:     123 tokens, checkpoints:  0,    15.377 MiB
srv        update:    - prompt 0x3219830:     165 tokens, checkpoints:  0,    20.628 MiB
srv        update:    - prompt 0x3adf6d0:     131 tokens, checkpoints:  0,    16.377 MiB
srv        update:    - prompt 0xeec7b0:     135 tokens, checkpoints:  0,    16.877 MiB
srv        update:    - prompt 0x43945e0:     132 tokens, checkpoints:  0,    16.502 MiB
srv        update:    - prompt 0x3222e40:     146 tokens, checkpoints:  0,    18.252 MiB
srv        update:    - prompt 0x43918f0:     130 tokens, checkpoints:  0,    16.252 MiB
srv        update:    - prompt 0xf0c750:     136 tokens, checkpoints:  0,    17.002 MiB
srv        update:    - prompt 0x321a990:     136 tokens, checkpoints:  0,    17.002 MiB
srv        update:    - prompt 0x438a610:     241 tokens, checkpoints:  0,    30.129 MiB
srv        update:    - prompt 0x3220d10:     325 tokens, checkpoints:  0,    40.629 MiB
srv        update:    - prompt 0xfffdb80062a0:     363 tokens, checkpoints:  0,    45.380 MiB
srv        update:    - prompt 0xfffdb0004ad0:     425 tokens, checkpoints:  0,    53.131 MiB
srv        update:    - prompt 0xf09890:     409 tokens, checkpoints:  0,    51.130 MiB
srv        update:    - prompt 0x438b420:     412 tokens, checkpoints:  0,    51.505 MiB
srv        update:    - prompt 0x3ad6d90:     418 tokens, checkpoints:  0,    52.256 MiB
srv        update:    - prompt 0x321c560:     415 tokens, checkpoints:  0,    51.880 MiB
srv  get_availabl: prompt cache update took 0.12 ms
slot launch_slot_: id  2 | task -1 | sampler chain: logits -> ?penalties -> ?dry -> ?top-n-sigma -> top-k -> ?typical -> top-p -> min-p -> ?xtc -> temp-ext -> dist 
slot launch_slot_: id  2 | task 3232 | processing task, is_child = 0
slot slot_save_an: id  3 | task -1 | saving idle slot to prompt cache
srv   prompt_save:  - saving prompt with length 431, total state size = 53.881 MiB
slot prompt_clear: id  3 | task -1 | clearing prompt with 431 tokens
srv        update:  - cache state: 32 prompts, 775.845 MiB (limits: 8192.000 MiB, 4096 tokens, 65527 est)
srv        update:    - prompt 0xf0ef60:     106 tokens, checkpoints:  0,    13.252 MiB
srv        update:    - prompt 0x4391140:     107 tokens, checkpoints:  0,    13.377 MiB
srv        update:    - prompt 0x32239b0:     106 tokens, checkpoints:  0,    13.252 MiB
srv        update:    - prompt 0x321b8b0:     107 tokens, checkpoints:  0,    13.377 MiB
srv        update:    - prompt 0x3221630:     105 tokens, checkpoints:  0,    13.127 MiB
srv        update:    - prompt 0x4390ba0:     110 tokens, checkpoints:  0,    13.752 MiB
srv        update:    - prompt 0x3223470:     116 tokens, checkpoints:  0,    14.502 MiB
srv        update:    - prompt 0x4394c10:     109 tokens, checkpoints:  0,    13.627 MiB
srv        update:    - prompt 0x3224910:     113 tokens, checkpoints:  0,    14.127 MiB
srv        update:    - prompt 0x3230c90:     108 tokens, checkpoints:  0,    13.502 MiB
srv        update:    - prompt 0x11f0c00:     108 tokens, checkpoints:  0,    13.502 MiB
srv        update:    - prompt 0xee47f0:     108 tokens, checkpoints:  0,    13.502 MiB
srv        update:    - prompt 0x438f4c0:     111 tokens, checkpoints:  0,    13.877 MiB
srv        update:    - prompt 0x438f580:     119 tokens, checkpoints:  0,    14.877 MiB
srv        update:    - prompt 0x4be6150:     123 tokens, checkpoints:  0,    15.377 MiB
srv        update:    - prompt 0x3219830:     165 tokens, checkpoints:  0,    20.628 MiB
srv        update:    - prompt 0x3adf6d0:     131 tokens, checkpoints:  0,    16.377 MiB
srv        update:    - prompt 0xeec7b0:     135 tokens, checkpoints:  0,    16.877 MiB
srv        update:    - prompt 0x43945e0:     132 tokens, checkpoints:  0,    16.502 MiB
srv        update:    - prompt 0x3222e40:     146 tokens, checkpoints:  0,    18.252 MiB
srv        update:    - prompt 0x43918f0:     130 tokens, checkpoints:  0,    16.252 MiB
srv        update:    - prompt 0xf0c750:     136 tokens, checkpoints:  0,    17.002 MiB
srv        update:    - prompt 0x321a990:     136 tokens, checkpoints:  0,    17.002 MiB
srv        update:    - prompt 0x438a610:     241 tokens, checkpoints:  0,    30.129 MiB
srv        update:    - prompt 0x3220d10:     325 tokens, checkpoints:  0,    40.629 MiB
srv        update:    - prompt 0xfffdb80062a0:     363 tokens, checkpoints:  0,    45.380 MiB
srv        update:    - prompt 0xfffdb0004ad0:     425 tokens, checkpoints:  0,    53.131 MiB
srv        update:    - prompt 0xf09890:     409 tokens, checkpoints:  0,    51.130 MiB
srv        update:    - prompt 0x438b420:     412 tokens, checkpoints:  0,    51.505 MiB
srv        update:    - prompt 0x3ad6d90:     418 tokens, checkpoints:  0,    52.256 MiB
srv        update:    - prompt 0x321c560:     415 tokens, checkpoints:  0,    51.880 MiB
srv        update:    - prompt 0x3af94b0:     431 tokens, checkpoints:  0,    53.881 MiB
slot update_slots: id  2 | task 3232 | new prompt, n_ctx_slot = 4096, n_keep = 0, task.n_tokens = 332
slot update_slots: id  2 | task 3232 | n_tokens = 0, memory_seq_rm [0, end)
slot init_sampler: id  2 | task 3232 | init sampler, took 0.18 ms, tokens: text = 332, total = 332
slot update_slots: id  2 | task 3232 | prompt processing done, n_tokens = 332, batch.n_tokens = 332
srv  log_server_r: done request: POST /completion 127.0.0.1 200
slot print_timing: id  2 | task 3232 | 
prompt eval time =   18888.88 ms /   332 tokens (   56.89 ms per token,    17.58 tokens per second)
       eval time =    8044.74 ms /   100 tokens (   80.45 ms per token,    12.43 tokens per second)
      total time =   26933.62 ms /   432 tokens
slot      release: id  2 | task 3232 | stop processing: n_tokens = 431, truncated = 0
srv  update_slots: all slots are idle
slot get_availabl: id  2 | task -1 | selected slot by LCP similarity, sim_best = 0.125 (> 0.100 thold), f_keep = 0.002
srv  get_availabl: updating prompt cache
srv   prompt_save:  - saving prompt with length 431, total state size = 53.881 MiB
srv          load:  - looking for better prompt, base f_keep = 0.002, sim = 0.125
srv        update:  - cache state: 33 prompts, 829.726 MiB (limits: 8192.000 MiB, 4096 tokens, 65528 est)
srv        update:    - prompt 0xf0ef60:     106 tokens, checkpoints:  0,    13.252 MiB
srv        update:    - prompt 0x4391140:     107 tokens, checkpoints:  0,    13.377 MiB
srv        update:    - prompt 0x32239b0:     106 tokens, checkpoints:  0,    13.252 MiB
srv        update:    - prompt 0x321b8b0:     107 tokens, checkpoints:  0,    13.377 MiB
srv        update:    - prompt 0x3221630:     105 tokens, checkpoints:  0,    13.127 MiB
srv        update:    - prompt 0x4390ba0:     110 tokens, checkpoints:  0,    13.752 MiB
srv        update:    - prompt 0x3223470:     116 tokens, checkpoints:  0,    14.502 MiB
srv        update:    - prompt 0x4394c10:     109 tokens, checkpoints:  0,    13.627 MiB
srv        update:    - prompt 0x3224910:     113 tokens, checkpoints:  0,    14.127 MiB
srv        update:    - prompt 0x3230c90:     108 tokens, checkpoints:  0,    13.502 MiB
srv        update:    - prompt 0x11f0c00:     108 tokens, checkpoints:  0,    13.502 MiB
srv        update:    - prompt 0xee47f0:     108 tokens, checkpoints:  0,    13.502 MiB
srv        update:    - prompt 0x438f4c0:     111 tokens, checkpoints:  0,    13.877 MiB
srv        update:    - prompt 0x438f580:     119 tokens, checkpoints:  0,    14.877 MiB
srv        update:    - prompt 0x4be6150:     123 tokens, checkpoints:  0,    15.377 MiB
srv        update:    - prompt 0x3219830:     165 tokens, checkpoints:  0,    20.628 MiB
srv        update:    - prompt 0x3adf6d0:     131 tokens, checkpoints:  0,    16.377 MiB
srv        update:    - prompt 0xeec7b0:     135 tokens, checkpoints:  0,    16.877 MiB
srv        update:    - prompt 0x43945e0:     132 tokens, checkpoints:  0,    16.502 MiB
srv        update:    - prompt 0x3222e40:     146 tokens, checkpoints:  0,    18.252 MiB
srv        update:    - prompt 0x43918f0:     130 tokens, checkpoints:  0,    16.252 MiB
srv        update:    - prompt 0xf0c750:     136 tokens, checkpoints:  0,    17.002 MiB
srv        update:    - prompt 0x321a990:     136 tokens, checkpoints:  0,    17.002 MiB
srv        update:    - prompt 0x438a610:     241 tokens, checkpoints:  0,    30.129 MiB
srv        update:    - prompt 0x3220d10:     325 tokens, checkpoints:  0,    40.629 MiB
srv        update:    - prompt 0xfffdb80062a0:     363 tokens, checkpoints:  0,    45.380 MiB
srv        update:    - prompt 0xfffdb0004ad0:     425 tokens, checkpoints:  0,    53.131 MiB
srv        update:    - prompt 0xf09890:     409 tokens, checkpoints:  0,    51.130 MiB
srv        update:    - prompt 0x438b420:     412 tokens, checkpoints:  0,    51.505 MiB
srv        update:    - prompt 0x3ad6d90:     418 tokens, checkpoints:  0,    52.256 MiB
srv        update:    - prompt 0x321c560:     415 tokens, checkpoints:  0,    51.880 MiB
srv        update:    - prompt 0x3af94b0:     431 tokens, checkpoints:  0,    53.881 MiB
srv        update:    - prompt 0x3224d60:     431 tokens, checkpoints:  0,    53.881 MiB
srv  get_availabl: prompt cache update took 12.67 ms
slot launch_slot_: id  2 | task -1 | sampler chain: logits -> ?penalties -> ?dry -> ?top-n-sigma -> top-k -> ?typical -> top-p -> min-p -> ?xtc -> temp-ext -> dist 
slot launch_slot_: id  2 | task 3333 | processing task, is_child = 0
slot update_slots: id  2 | task 3333 | new prompt, n_ctx_slot = 4096, n_keep = 0, task.n_tokens = 8
slot update_slots: id  2 | task 3333 | n_tokens = 0, memory_seq_rm [0, end)
slot init_sampler: id  2 | task 3333 | init sampler, took 0.01 ms, tokens: text = 8, total = 8
slot update_slots: id  2 | task 3333 | prompt processing done, n_tokens = 8, batch.n_tokens = 8
srv  log_server_r: done request: POST /completion 127.0.0.1 200
slot print_timing: id  2 | task 3333 | 
prompt eval time =     425.98 ms /     8 tokens (   53.25 ms per token,    18.78 tokens per second)
       eval time =    8371.42 ms /   100 tokens (   83.71 ms per token,    11.95 tokens per second)
      total time =    8797.40 ms /   108 tokens
slot      release: id  2 | task 3333 | stop processing: n_tokens = 107, truncated = 0
srv  update_slots: all slots are idle
slot get_availabl: id  2 | task -1 | selected slot by LCP similarity, sim_best = 0.167 (> 0.100 thold), f_keep = 0.009
srv  get_availabl: updating prompt cache
srv   prompt_save:  - saving prompt with length 107, total state size = 13.377 MiB
srv          load:  - looking for better prompt, base f_keep = 0.009, sim = 0.167
srv        update:  - cache state: 34 prompts, 843.103 MiB (limits: 8192.000 MiB, 4096 tokens, 65528 est)
srv        update:    - prompt 0xf0ef60:     106 tokens, checkpoints:  0,    13.252 MiB
srv        update:    - prompt 0x4391140:     107 tokens, checkpoints:  0,    13.377 MiB
srv        update:    - prompt 0x32239b0:     106 tokens, checkpoints:  0,    13.252 MiB
srv        update:    - prompt 0x321b8b0:     107 tokens, checkpoints:  0,    13.377 MiB
srv        update:    - prompt 0x3221630:     105 tokens, checkpoints:  0,    13.127 MiB
srv        update:    - prompt 0x4390ba0:     110 tokens, checkpoints:  0,    13.752 MiB
srv        update:    - prompt 0x3223470:     116 tokens, checkpoints:  0,    14.502 MiB
srv        update:    - prompt 0x4394c10:     109 tokens, checkpoints:  0,    13.627 MiB
srv        update:    - prompt 0x3224910:     113 tokens, checkpoints:  0,    14.127 MiB
srv        update:    - prompt 0x3230c90:     108 tokens, checkpoints:  0,    13.502 MiB
srv        update:    - prompt 0x11f0c00:     108 tokens, checkpoints:  0,    13.502 MiB
srv        update:    - prompt 0xee47f0:     108 tokens, checkpoints:  0,    13.502 MiB
srv        update:    - prompt 0x438f4c0:     111 tokens, checkpoints:  0,    13.877 MiB
srv        update:    - prompt 0x438f580:     119 tokens, checkpoints:  0,    14.877 MiB
srv        update:    - prompt 0x4be6150:     123 tokens, checkpoints:  0,    15.377 MiB
srv        update:    - prompt 0x3219830:     165 tokens, checkpoints:  0,    20.628 MiB
srv        update:    - prompt 0x3adf6d0:     131 tokens, checkpoints:  0,    16.377 MiB
srv        update:    - prompt 0xeec7b0:     135 tokens, checkpoints:  0,    16.877 MiB
srv        update:    - prompt 0x43945e0:     132 tokens, checkpoints:  0,    16.502 MiB
srv        update:    - prompt 0x3222e40:     146 tokens, checkpoints:  0,    18.252 MiB
srv        update:    - prompt 0x43918f0:     130 tokens, checkpoints:  0,    16.252 MiB
srv        update:    - prompt 0xf0c750:     136 tokens, checkpoints:  0,    17.002 MiB
srv        update:    - prompt 0x321a990:     136 tokens, checkpoints:  0,    17.002 MiB
srv        update:    - prompt 0x438a610:     241 tokens, checkpoints:  0,    30.129 MiB
srv        update:    - prompt 0x3220d10:     325 tokens, checkpoints:  0,    40.629 MiB
srv        update:    - prompt 0xfffdb80062a0:     363 tokens, checkpoints:  0,    45.380 MiB
srv        update:    - prompt 0xfffdb0004ad0:     425 tokens, checkpoints:  0,    53.131 MiB
srv        update:    - prompt 0xf09890:     409 tokens, checkpoints:  0,    51.130 MiB
srv        update:    - prompt 0x438b420:     412 tokens, checkpoints:  0,    51.505 MiB
srv        update:    - prompt 0x3ad6d90:     418 tokens, checkpoints:  0,    52.256 MiB
srv        update:    - prompt 0x321c560:     415 tokens, checkpoints:  0,    51.880 MiB
srv        update:    - prompt 0x3af94b0:     431 tokens, checkpoints:  0,    53.881 MiB
srv        update:    - prompt 0x3224d60:     431 tokens, checkpoints:  0,    53.881 MiB
srv        update:    - prompt 0x3225330:     107 tokens, checkpoints:  0,    13.377 MiB
srv  get_availabl: prompt cache update took 3.45 ms
slot launch_slot_: id  2 | task -1 | sampler chain: logits -> ?penalties -> ?dry -> ?top-n-sigma -> top-k -> ?typical -> top-p -> min-p -> ?xtc -> temp-ext -> dist 
slot launch_slot_: id  2 | task 3434 | processing task, is_child = 0
slot update_slots: id  2 | task 3434 | new prompt, n_ctx_slot = 4096, n_keep = 0, task.n_tokens = 6
slot update_slots: id  2 | task 3434 | n_tokens = 0, memory_seq_rm [0, end)
slot init_sampler: id  2 | task 3434 | init sampler, took 0.01 ms, tokens: text = 6, total = 6
slot update_slots: id  2 | task 3434 | prompt processing done, n_tokens = 6, batch.n_tokens = 6
srv  log_server_r: done request: POST /completion 127.0.0.1 200
slot print_timing: id  2 | task 3434 | 
prompt eval time =     380.44 ms /     6 tokens (   63.41 ms per token,    15.77 tokens per second)
       eval time =    8945.73 ms /   100 tokens (   89.46 ms per token,    11.18 tokens per second)
      total time =    9326.17 ms /   106 tokens
slot      release: id  2 | task 3434 | stop processing: n_tokens = 105, truncated = 0
srv  update_slots: all slots are idle
slot get_availabl: id  1 | task -1 | selected slot by LRU, t_last = 290187784120
srv  get_availabl: updating prompt cache
srv          load:  - looking for better prompt, base f_keep = -1.000, sim = 0.000
srv        update:  - cache state: 34 prompts, 843.103 MiB (limits: 8192.000 MiB, 4096 tokens, 65528 est)
srv        update:    - prompt 0xf0ef60:     106 tokens, checkpoints:  0,    13.252 MiB
srv        update:    - prompt 0x4391140:     107 tokens, checkpoints:  0,    13.377 MiB
srv        update:    - prompt 0x32239b0:     106 tokens, checkpoints:  0,    13.252 MiB
srv        update:    - prompt 0x321b8b0:     107 tokens, checkpoints:  0,    13.377 MiB
srv        update:    - prompt 0x3221630:     105 tokens, checkpoints:  0,    13.127 MiB
srv        update:    - prompt 0x4390ba0:     110 tokens, checkpoints:  0,    13.752 MiB
srv        update:    - prompt 0x3223470:     116 tokens, checkpoints:  0,    14.502 MiB
srv        update:    - prompt 0x4394c10:     109 tokens, checkpoints:  0,    13.627 MiB
srv        update:    - prompt 0x3224910:     113 tokens, checkpoints:  0,    14.127 MiB
srv        update:    - prompt 0x3230c90:     108 tokens, checkpoints:  0,    13.502 MiB
srv        update:    - prompt 0x11f0c00:     108 tokens, checkpoints:  0,    13.502 MiB
srv        update:    - prompt 0xee47f0:     108 tokens, checkpoints:  0,    13.502 MiB
srv        update:    - prompt 0x438f4c0:     111 tokens, checkpoints:  0,    13.877 MiB
srv        update:    - prompt 0x438f580:     119 tokens, checkpoints:  0,    14.877 MiB
srv        update:    - prompt 0x4be6150:     123 tokens, checkpoints:  0,    15.377 MiB
srv        update:    - prompt 0x3219830:     165 tokens, checkpoints:  0,    20.628 MiB
srv        update:    - prompt 0x3adf6d0:     131 tokens, checkpoints:  0,    16.377 MiB
srv        update:    - prompt 0xeec7b0:     135 tokens, checkpoints:  0,    16.877 MiB
srv        update:    - prompt 0x43945e0:     132 tokens, checkpoints:  0,    16.502 MiB
srv        update:    - prompt 0x3222e40:     146 tokens, checkpoints:  0,    18.252 MiB
srv        update:    - prompt 0x43918f0:     130 tokens, checkpoints:  0,    16.252 MiB
srv        update:    - prompt 0xf0c750:     136 tokens, checkpoints:  0,    17.002 MiB
srv        update:    - prompt 0x321a990:     136 tokens, checkpoints:  0,    17.002 MiB
srv        update:    - prompt 0x438a610:     241 tokens, checkpoints:  0,    30.129 MiB
srv        update:    - prompt 0x3220d10:     325 tokens, checkpoints:  0,    40.629 MiB
srv        update:    - prompt 0xfffdb80062a0:     363 tokens, checkpoints:  0,    45.380 MiB
srv        update:    - prompt 0xfffdb0004ad0:     425 tokens, checkpoints:  0,    53.131 MiB
srv        update:    - prompt 0xf09890:     409 tokens, checkpoints:  0,    51.130 MiB
srv        update:    - prompt 0x438b420:     412 tokens, checkpoints:  0,    51.505 MiB
srv        update:    - prompt 0x3ad6d90:     418 tokens, checkpoints:  0,    52.256 MiB
srv        update:    - prompt 0x321c560:     415 tokens, checkpoints:  0,    51.880 MiB
srv        update:    - prompt 0x3af94b0:     431 tokens, checkpoints:  0,    53.881 MiB
srv        update:    - prompt 0x3224d60:     431 tokens, checkpoints:  0,    53.881 MiB
srv        update:    - prompt 0x3225330:     107 tokens, checkpoints:  0,    13.377 MiB
srv  get_availabl: prompt cache update took 0.15 ms
slot launch_slot_: id  1 | task -1 | sampler chain: logits -> ?penalties -> ?dry -> ?top-n-sigma -> top-k -> ?typical -> top-p -> min-p -> ?xtc -> temp-ext -> dist 
slot launch_slot_: id  1 | task 3535 | processing task, is_child = 0
slot slot_save_an: id  2 | task -1 | saving idle slot to prompt cache
srv   prompt_save:  - saving prompt with length 105, total state size = 13.127 MiB
slot prompt_clear: id  2 | task -1 | clearing prompt with 105 tokens
srv        update:  - cache state: 35 prompts, 856.230 MiB (limits: 8192.000 MiB, 4096 tokens, 65528 est)
srv        update:    - prompt 0xf0ef60:     106 tokens, checkpoints:  0,    13.252 MiB
srv        update:    - prompt 0x4391140:     107 tokens, checkpoints:  0,    13.377 MiB
srv        update:    - prompt 0x32239b0:     106 tokens, checkpoints:  0,    13.252 MiB
srv        update:    - prompt 0x321b8b0:     107 tokens, checkpoints:  0,    13.377 MiB
srv        update:    - prompt 0x3221630:     105 tokens, checkpoints:  0,    13.127 MiB
srv        update:    - prompt 0x4390ba0:     110 tokens, checkpoints:  0,    13.752 MiB
srv        update:    - prompt 0x3223470:     116 tokens, checkpoints:  0,    14.502 MiB
srv        update:    - prompt 0x4394c10:     109 tokens, checkpoints:  0,    13.627 MiB
srv        update:    - prompt 0x3224910:     113 tokens, checkpoints:  0,    14.127 MiB
srv        update:    - prompt 0x3230c90:     108 tokens, checkpoints:  0,    13.502 MiB
srv        update:    - prompt 0x11f0c00:     108 tokens, checkpoints:  0,    13.502 MiB
srv        update:    - prompt 0xee47f0:     108 tokens, checkpoints:  0,    13.502 MiB
srv        update:    - prompt 0x438f4c0:     111 tokens, checkpoints:  0,    13.877 MiB
srv        update:    - prompt 0x438f580:     119 tokens, checkpoints:  0,    14.877 MiB
srv        update:    - prompt 0x4be6150:     123 tokens, checkpoints:  0,    15.377 MiB
srv        update:    - prompt 0x3219830:     165 tokens, checkpoints:  0,    20.628 MiB
srv        update:    - prompt 0x3adf6d0:     131 tokens, checkpoints:  0,    16.377 MiB
srv        update:    - prompt 0xeec7b0:     135 tokens, checkpoints:  0,    16.877 MiB
srv        update:    - prompt 0x43945e0:     132 tokens, checkpoints:  0,    16.502 MiB
srv        update:    - prompt 0x3222e40:     146 tokens, checkpoints:  0,    18.252 MiB
srv        update:    - prompt 0x43918f0:     130 tokens, checkpoints:  0,    16.252 MiB
srv        update:    - prompt 0xf0c750:     136 tokens, checkpoints:  0,    17.002 MiB
srv        update:    - prompt 0x321a990:     136 tokens, checkpoints:  0,    17.002 MiB
srv        update:    - prompt 0x438a610:     241 tokens, checkpoints:  0,    30.129 MiB
srv        update:    - prompt 0x3220d10:     325 tokens, checkpoints:  0,    40.629 MiB
srv        update:    - prompt 0xfffdb80062a0:     363 tokens, checkpoints:  0,    45.380 MiB
srv        update:    - prompt 0xfffdb0004ad0:     425 tokens, checkpoints:  0,    53.131 MiB
srv        update:    - prompt 0xf09890:     409 tokens, checkpoints:  0,    51.130 MiB
srv        update:    - prompt 0x438b420:     412 tokens, checkpoints:  0,    51.505 MiB
srv        update:    - prompt 0x3ad6d90:     418 tokens, checkpoints:  0,    52.256 MiB
srv        update:    - prompt 0x321c560:     415 tokens, checkpoints:  0,    51.880 MiB
srv        update:    - prompt 0x3af94b0:     431 tokens, checkpoints:  0,    53.881 MiB
srv        update:    - prompt 0x3224d60:     431 tokens, checkpoints:  0,    53.881 MiB
srv        update:    - prompt 0x3225330:     107 tokens, checkpoints:  0,    13.377 MiB
srv        update:    - prompt 0x32291b0:     105 tokens, checkpoints:  0,    13.127 MiB
slot update_slots: id  1 | task 3535 | new prompt, n_ctx_slot = 4096, n_keep = 0, task.n_tokens = 11
slot update_slots: id  1 | task 3535 | n_tokens = 0, memory_seq_rm [0, end)
slot init_sampler: id  1 | task 3535 | init sampler, took 0.01 ms, tokens: text = 11, total = 11
slot update_slots: id  1 | task 3535 | prompt processing done, n_tokens = 11, batch.n_tokens = 11
srv  log_server_r: done request: POST /completion 127.0.0.1 200
slot print_timing: id  1 | task 3535 | 
prompt eval time =     621.91 ms /    11 tokens (   56.54 ms per token,    17.69 tokens per second)
       eval time =    9128.23 ms /   100 tokens (   91.28 ms per token,    10.96 tokens per second)
      total time =    9750.13 ms /   111 tokens
slot      release: id  1 | task 3535 | stop processing: n_tokens = 110, truncated = 0
srv  update_slots: all slots are idle
slot get_availabl: id  0 | task -1 | selected slot by LRU, t_last = 290217220144
srv  get_availabl: updating prompt cache
srv          load:  - looking for better prompt, base f_keep = -1.000, sim = 0.000
srv        update:  - cache state: 35 prompts, 856.230 MiB (limits: 8192.000 MiB, 4096 tokens, 65528 est)
srv        update:    - prompt 0xf0ef60:     106 tokens, checkpoints:  0,    13.252 MiB
srv        update:    - prompt 0x4391140:     107 tokens, checkpoints:  0,    13.377 MiB
srv        update:    - prompt 0x32239b0:     106 tokens, checkpoints:  0,    13.252 MiB
srv        update:    - prompt 0x321b8b0:     107 tokens, checkpoints:  0,    13.377 MiB
srv        update:    - prompt 0x3221630:     105 tokens, checkpoints:  0,    13.127 MiB
srv        update:    - prompt 0x4390ba0:     110 tokens, checkpoints:  0,    13.752 MiB
srv        update:    - prompt 0x3223470:     116 tokens, checkpoints:  0,    14.502 MiB
srv        update:    - prompt 0x4394c10:     109 tokens, checkpoints:  0,    13.627 MiB
srv        update:    - prompt 0x3224910:     113 tokens, checkpoints:  0,    14.127 MiB
srv        update:    - prompt 0x3230c90:     108 tokens, checkpoints:  0,    13.502 MiB
srv        update:    - prompt 0x11f0c00:     108 tokens, checkpoints:  0,    13.502 MiB
srv        update:    - prompt 0xee47f0:     108 tokens, checkpoints:  0,    13.502 MiB
srv        update:    - prompt 0x438f4c0:     111 tokens, checkpoints:  0,    13.877 MiB
srv        update:    - prompt 0x438f580:     119 tokens, checkpoints:  0,    14.877 MiB
srv        update:    - prompt 0x4be6150:     123 tokens, checkpoints:  0,    15.377 MiB
srv        update:    - prompt 0x3219830:     165 tokens, checkpoints:  0,    20.628 MiB
srv        update:    - prompt 0x3adf6d0:     131 tokens, checkpoints:  0,    16.377 MiB
srv        update:    - prompt 0xeec7b0:     135 tokens, checkpoints:  0,    16.877 MiB
srv        update:    - prompt 0x43945e0:     132 tokens, checkpoints:  0,    16.502 MiB
srv        update:    - prompt 0x3222e40:     146 tokens, checkpoints:  0,    18.252 MiB
srv        update:    - prompt 0x43918f0:     130 tokens, checkpoints:  0,    16.252 MiB
srv        update:    - prompt 0xf0c750:     136 tokens, checkpoints:  0,    17.002 MiB
srv        update:    - prompt 0x321a990:     136 tokens, checkpoints:  0,    17.002 MiB
srv        update:    - prompt 0x438a610:     241 tokens, checkpoints:  0,    30.129 MiB
srv        update:    - prompt 0x3220d10:     325 tokens, checkpoints:  0,    40.629 MiB
srv        update:    - prompt 0xfffdb80062a0:     363 tokens, checkpoints:  0,    45.380 MiB
srv        update:    - prompt 0xfffdb0004ad0:     425 tokens, checkpoints:  0,    53.131 MiB
srv        update:    - prompt 0xf09890:     409 tokens, checkpoints:  0,    51.130 MiB
srv        update:    - prompt 0x438b420:     412 tokens, checkpoints:  0,    51.505 MiB
srv        update:    - prompt 0x3ad6d90:     418 tokens, checkpoints:  0,    52.256 MiB
srv        update:    - prompt 0x321c560:     415 tokens, checkpoints:  0,    51.880 MiB
srv        update:    - prompt 0x3af94b0:     431 tokens, checkpoints:  0,    53.881 MiB
srv        update:    - prompt 0x3224d60:     431 tokens, checkpoints:  0,    53.881 MiB
srv        update:    - prompt 0x3225330:     107 tokens, checkpoints:  0,    13.377 MiB
srv        update:    - prompt 0x32291b0:     105 tokens, checkpoints:  0,    13.127 MiB
srv  get_availabl: prompt cache update took 0.17 ms
slot launch_slot_: id  0 | task -1 | sampler chain: logits -> ?penalties -> ?dry -> ?top-n-sigma -> top-k -> ?typical -> top-p -> min-p -> ?xtc -> temp-ext -> dist 
slot launch_slot_: id  0 | task 3636 | processing task, is_child = 0
slot slot_save_an: id  1 | task -1 | saving idle slot to prompt cache
srv   prompt_save:  - saving prompt with length 110, total state size = 13.752 MiB
slot prompt_clear: id  1 | task -1 | clearing prompt with 110 tokens
srv        update:  - cache state: 36 prompts, 869.982 MiB (limits: 8192.000 MiB, 4096 tokens, 65527 est)
srv        update:    - prompt 0xf0ef60:     106 tokens, checkpoints:  0,    13.252 MiB
srv        update:    - prompt 0x4391140:     107 tokens, checkpoints:  0,    13.377 MiB
srv        update:    - prompt 0x32239b0:     106 tokens, checkpoints:  0,    13.252 MiB
srv        update:    - prompt 0x321b8b0:     107 tokens, checkpoints:  0,    13.377 MiB
srv        update:    - prompt 0x3221630:     105 tokens, checkpoints:  0,    13.127 MiB
srv        update:    - prompt 0x4390ba0:     110 tokens, checkpoints:  0,    13.752 MiB
srv        update:    - prompt 0x3223470:     116 tokens, checkpoints:  0,    14.502 MiB
srv        update:    - prompt 0x4394c10:     109 tokens, checkpoints:  0,    13.627 MiB
srv        update:    - prompt 0x3224910:     113 tokens, checkpoints:  0,    14.127 MiB
srv        update:    - prompt 0x3230c90:     108 tokens, checkpoints:  0,    13.502 MiB
srv        update:    - prompt 0x11f0c00:     108 tokens, checkpoints:  0,    13.502 MiB
srv        update:    - prompt 0xee47f0:     108 tokens, checkpoints:  0,    13.502 MiB
srv        update:    - prompt 0x438f4c0:     111 tokens, checkpoints:  0,    13.877 MiB
srv        update:    - prompt 0x438f580:     119 tokens, checkpoints:  0,    14.877 MiB
srv        update:    - prompt 0x4be6150:     123 tokens, checkpoints:  0,    15.377 MiB
srv        update:    - prompt 0x3219830:     165 tokens, checkpoints:  0,    20.628 MiB
srv        update:    - prompt 0x3adf6d0:     131 tokens, checkpoints:  0,    16.377 MiB
srv        update:    - prompt 0xeec7b0:     135 tokens, checkpoints:  0,    16.877 MiB
srv        update:    - prompt 0x43945e0:     132 tokens, checkpoints:  0,    16.502 MiB
srv        update:    - prompt 0x3222e40:     146 tokens, checkpoints:  0,    18.252 MiB
srv        update:    - prompt 0x43918f0:     130 tokens, checkpoints:  0,    16.252 MiB
srv        update:    - prompt 0xf0c750:     136 tokens, checkpoints:  0,    17.002 MiB
srv        update:    - prompt 0x321a990:     136 tokens, checkpoints:  0,    17.002 MiB
srv        update:    - prompt 0x438a610:     241 tokens, checkpoints:  0,    30.129 MiB
srv        update:    - prompt 0x3220d10:     325 tokens, checkpoints:  0,    40.629 MiB
srv        update:    - prompt 0xfffdb80062a0:     363 tokens, checkpoints:  0,    45.380 MiB
srv        update:    - prompt 0xfffdb0004ad0:     425 tokens, checkpoints:  0,    53.131 MiB
srv        update:    - prompt 0xf09890:     409 tokens, checkpoints:  0,    51.130 MiB
srv        update:    - prompt 0x438b420:     412 tokens, checkpoints:  0,    51.505 MiB
srv        update:    - prompt 0x3ad6d90:     418 tokens, checkpoints:  0,    52.256 MiB
srv        update:    - prompt 0x321c560:     415 tokens, checkpoints:  0,    51.880 MiB
srv        update:    - prompt 0x3af94b0:     431 tokens, checkpoints:  0,    53.881 MiB
srv        update:    - prompt 0x3224d60:     431 tokens, checkpoints:  0,    53.881 MiB
srv        update:    - prompt 0x3225330:     107 tokens, checkpoints:  0,    13.377 MiB
srv        update:    - prompt 0x32291b0:     105 tokens, checkpoints:  0,    13.127 MiB
srv        update:    - prompt 0x1194e10:     110 tokens, checkpoints:  0,    13.752 MiB
slot update_slots: id  0 | task 3636 | new prompt, n_ctx_slot = 4096, n_keep = 0, task.n_tokens = 17
slot update_slots: id  0 | task 3636 | n_tokens = 0, memory_seq_rm [0, end)
slot init_sampler: id  0 | task 3636 | init sampler, took 0.01 ms, tokens: text = 17, total = 17
slot update_slots: id  0 | task 3636 | prompt processing done, n_tokens = 17, batch.n_tokens = 17
srv  log_server_r: done request: POST /completion 127.0.0.1 200
slot print_timing: id  0 | task 3636 | 
prompt eval time =     873.28 ms /    17 tokens (   51.37 ms per token,    19.47 tokens per second)
       eval time =   11915.39 ms /   100 tokens (  119.15 ms per token,     8.39 tokens per second)
      total time =   12788.67 ms /   117 tokens
slot      release: id  0 | task 3636 | stop processing: n_tokens = 116, truncated = 0
srv  update_slots: all slots are idle
slot get_availabl: id  3 | task -1 | selected slot by LRU, t_last = 290244918909
srv  get_availabl: updating prompt cache
srv          load:  - looking for better prompt, base f_keep = -1.000, sim = 0.000
srv        update:  - cache state: 36 prompts, 869.982 MiB (limits: 8192.000 MiB, 4096 tokens, 65527 est)
srv        update:    - prompt 0xf0ef60:     106 tokens, checkpoints:  0,    13.252 MiB
srv        update:    - prompt 0x4391140:     107 tokens, checkpoints:  0,    13.377 MiB
srv        update:    - prompt 0x32239b0:     106 tokens, checkpoints:  0,    13.252 MiB
srv        update:    - prompt 0x321b8b0:     107 tokens, checkpoints:  0,    13.377 MiB
srv        update:    - prompt 0x3221630:     105 tokens, checkpoints:  0,    13.127 MiB
srv        update:    - prompt 0x4390ba0:     110 tokens, checkpoints:  0,    13.752 MiB
srv        update:    - prompt 0x3223470:     116 tokens, checkpoints:  0,    14.502 MiB
srv        update:    - prompt 0x4394c10:     109 tokens, checkpoints:  0,    13.627 MiB
srv        update:    - prompt 0x3224910:     113 tokens, checkpoints:  0,    14.127 MiB
srv        update:    - prompt 0x3230c90:     108 tokens, checkpoints:  0,    13.502 MiB
srv        update:    - prompt 0x11f0c00:     108 tokens, checkpoints:  0,    13.502 MiB
srv        update:    - prompt 0xee47f0:     108 tokens, checkpoints:  0,    13.502 MiB
srv        update:    - prompt 0x438f4c0:     111 tokens, checkpoints:  0,    13.877 MiB
srv        update:    - prompt 0x438f580:     119 tokens, checkpoints:  0,    14.877 MiB
srv        update:    - prompt 0x4be6150:     123 tokens, checkpoints:  0,    15.377 MiB
srv        update:    - prompt 0x3219830:     165 tokens, checkpoints:  0,    20.628 MiB
srv        update:    - prompt 0x3adf6d0:     131 tokens, checkpoints:  0,    16.377 MiB
srv        update:    - prompt 0xeec7b0:     135 tokens, checkpoints:  0,    16.877 MiB
srv        update:    - prompt 0x43945e0:     132 tokens, checkpoints:  0,    16.502 MiB
srv        update:    - prompt 0x3222e40:     146 tokens, checkpoints:  0,    18.252 MiB
srv        update:    - prompt 0x43918f0:     130 tokens, checkpoints:  0,    16.252 MiB
srv        update:    - prompt 0xf0c750:     136 tokens, checkpoints:  0,    17.002 MiB
srv        update:    - prompt 0x321a990:     136 tokens, checkpoints:  0,    17.002 MiB
srv        update:    - prompt 0x438a610:     241 tokens, checkpoints:  0,    30.129 MiB
srv        update:    - prompt 0x3220d10:     325 tokens, checkpoints:  0,    40.629 MiB
srv        update:    - prompt 0xfffdb80062a0:     363 tokens, checkpoints:  0,    45.380 MiB
srv        update:    - prompt 0xfffdb0004ad0:     425 tokens, checkpoints:  0,    53.131 MiB
srv        update:    - prompt 0xf09890:     409 tokens, checkpoints:  0,    51.130 MiB
srv        update:    - prompt 0x438b420:     412 tokens, checkpoints:  0,    51.505 MiB
srv        update:    - prompt 0x3ad6d90:     418 tokens, checkpoints:  0,    52.256 MiB
srv        update:    - prompt 0x321c560:     415 tokens, checkpoints:  0,    51.880 MiB
srv        update:    - prompt 0x3af94b0:     431 tokens, checkpoints:  0,    53.881 MiB
srv        update:    - prompt 0x3224d60:     431 tokens, checkpoints:  0,    53.881 MiB
srv        update:    - prompt 0x3225330:     107 tokens, checkpoints:  0,    13.377 MiB
srv        update:    - prompt 0x32291b0:     105 tokens, checkpoints:  0,    13.127 MiB
srv        update:    - prompt 0x1194e10:     110 tokens, checkpoints:  0,    13.752 MiB
srv  get_availabl: prompt cache update took 0.15 ms
slot launch_slot_: id  3 | task -1 | sampler chain: logits -> ?penalties -> ?dry -> ?top-n-sigma -> top-k -> ?typical -> top-p -> min-p -> ?xtc -> temp-ext -> dist 
slot launch_slot_: id  3 | task 3737 | processing task, is_child = 0
slot slot_save_an: id  0 | task -1 | saving idle slot to prompt cache
srv   prompt_save:  - saving prompt with length 116, total state size = 14.502 MiB
slot prompt_clear: id  0 | task -1 | clearing prompt with 116 tokens
srv        update:  - cache state: 37 prompts, 884.484 MiB (limits: 8192.000 MiB, 4096 tokens, 65527 est)
srv        update:    - prompt 0xf0ef60:     106 tokens, checkpoints:  0,    13.252 MiB
srv        update:    - prompt 0x4391140:     107 tokens, checkpoints:  0,    13.377 MiB
srv        update:    - prompt 0x32239b0:     106 tokens, checkpoints:  0,    13.252 MiB
srv        update:    - prompt 0x321b8b0:     107 tokens, checkpoints:  0,    13.377 MiB
srv        update:    - prompt 0x3221630:     105 tokens, checkpoints:  0,    13.127 MiB
srv        update:    - prompt 0x4390ba0:     110 tokens, checkpoints:  0,    13.752 MiB
srv        update:    - prompt 0x3223470:     116 tokens, checkpoints:  0,    14.502 MiB
srv        update:    - prompt 0x4394c10:     109 tokens, checkpoints:  0,    13.627 MiB
srv        update:    - prompt 0x3224910:     113 tokens, checkpoints:  0,    14.127 MiB
srv        update:    - prompt 0x3230c90:     108 tokens, checkpoints:  0,    13.502 MiB
srv        update:    - prompt 0x11f0c00:     108 tokens, checkpoints:  0,    13.502 MiB
srv        update:    - prompt 0xee47f0:     108 tokens, checkpoints:  0,    13.502 MiB
srv        update:    - prompt 0x438f4c0:     111 tokens, checkpoints:  0,    13.877 MiB
srv        update:    - prompt 0x438f580:     119 tokens, checkpoints:  0,    14.877 MiB
srv        update:    - prompt 0x4be6150:     123 tokens, checkpoints:  0,    15.377 MiB
srv        update:    - prompt 0x3219830:     165 tokens, checkpoints:  0,    20.628 MiB
srv        update:    - prompt 0x3adf6d0:     131 tokens, checkpoints:  0,    16.377 MiB
srv        update:    - prompt 0xeec7b0:     135 tokens, checkpoints:  0,    16.877 MiB
srv        update:    - prompt 0x43945e0:     132 tokens, checkpoints:  0,    16.502 MiB
srv        update:    - prompt 0x3222e40:     146 tokens, checkpoints:  0,    18.252 MiB
srv        update:    - prompt 0x43918f0:     130 tokens, checkpoints:  0,    16.252 MiB
srv        update:    - prompt 0xf0c750:     136 tokens, checkpoints:  0,    17.002 MiB
srv        update:    - prompt 0x321a990:     136 tokens, checkpoints:  0,    17.002 MiB
srv        update:    - prompt 0x438a610:     241 tokens, checkpoints:  0,    30.129 MiB
srv        update:    - prompt 0x3220d10:     325 tokens, checkpoints:  0,    40.629 MiB
srv        update:    - prompt 0xfffdb80062a0:     363 tokens, checkpoints:  0,    45.380 MiB
srv        update:    - prompt 0xfffdb0004ad0:     425 tokens, checkpoints:  0,    53.131 MiB
srv        update:    - prompt 0xf09890:     409 tokens, checkpoints:  0,    51.130 MiB
srv        update:    - prompt 0x438b420:     412 tokens, checkpoints:  0,    51.505 MiB
srv        update:    - prompt 0x3ad6d90:     418 tokens, checkpoints:  0,    52.256 MiB
srv        update:    - prompt 0x321c560:     415 tokens, checkpoints:  0,    51.880 MiB
srv        update:    - prompt 0x3af94b0:     431 tokens, checkpoints:  0,    53.881 MiB
srv        update:    - prompt 0x3224d60:     431 tokens, checkpoints:  0,    53.881 MiB
srv        update:    - prompt 0x3225330:     107 tokens, checkpoints:  0,    13.377 MiB
srv        update:    - prompt 0x32291b0:     105 tokens, checkpoints:  0,    13.127 MiB
srv        update:    - prompt 0x1194e10:     110 tokens, checkpoints:  0,    13.752 MiB
srv        update:    - prompt 0x3ad1b20:     116 tokens, checkpoints:  0,    14.502 MiB
slot update_slots: id  3 | task 3737 | new prompt, n_ctx_slot = 4096, n_keep = 0, task.n_tokens = 10
slot update_slots: id  3 | task 3737 | n_tokens = 0, memory_seq_rm [0, end)
slot init_sampler: id  3 | task 3737 | init sampler, took 0.01 ms, tokens: text = 10, total = 10
slot update_slots: id  3 | task 3737 | prompt processing done, n_tokens = 10, batch.n_tokens = 10
srv  log_server_r: done request: POST /completion 127.0.0.1 200
slot print_timing: id  3 | task 3737 | 
prompt eval time =     915.68 ms /    10 tokens (   91.57 ms per token,    10.92 tokens per second)
       eval time =    7135.09 ms /   100 tokens (   71.35 ms per token,    14.02 tokens per second)
      total time =    8050.77 ms /   110 tokens
slot      release: id  3 | task 3737 | stop processing: n_tokens = 109, truncated = 0
srv  update_slots: all slots are idle
slot get_availabl: id  2 | task -1 | selected slot by LRU, t_last = 290291805063
srv  get_availabl: updating prompt cache
srv          load:  - looking for better prompt, base f_keep = -1.000, sim = 0.000
srv        update:  - cache state: 37 prompts, 884.484 MiB (limits: 8192.000 MiB, 4096 tokens, 65527 est)
srv        update:    - prompt 0xf0ef60:     106 tokens, checkpoints:  0,    13.252 MiB
srv        update:    - prompt 0x4391140:     107 tokens, checkpoints:  0,    13.377 MiB
srv        update:    - prompt 0x32239b0:     106 tokens, checkpoints:  0,    13.252 MiB
srv        update:    - prompt 0x321b8b0:     107 tokens, checkpoints:  0,    13.377 MiB
srv        update:    - prompt 0x3221630:     105 tokens, checkpoints:  0,    13.127 MiB
srv        update:    - prompt 0x4390ba0:     110 tokens, checkpoints:  0,    13.752 MiB
srv        update:    - prompt 0x3223470:     116 tokens, checkpoints:  0,    14.502 MiB
srv        update:    - prompt 0x4394c10:     109 tokens, checkpoints:  0,    13.627 MiB
srv        update:    - prompt 0x3224910:     113 tokens, checkpoints:  0,    14.127 MiB
srv        update:    - prompt 0x3230c90:     108 tokens, checkpoints:  0,    13.502 MiB
srv        update:    - prompt 0x11f0c00:     108 tokens, checkpoints:  0,    13.502 MiB
srv        update:    - prompt 0xee47f0:     108 tokens, checkpoints:  0,    13.502 MiB
srv        update:    - prompt 0x438f4c0:     111 tokens, checkpoints:  0,    13.877 MiB
srv        update:    - prompt 0x438f580:     119 tokens, checkpoints:  0,    14.877 MiB
srv        update:    - prompt 0x4be6150:     123 tokens, checkpoints:  0,    15.377 MiB
srv        update:    - prompt 0x3219830:     165 tokens, checkpoints:  0,    20.628 MiB
srv        update:    - prompt 0x3adf6d0:     131 tokens, checkpoints:  0,    16.377 MiB
srv        update:    - prompt 0xeec7b0:     135 tokens, checkpoints:  0,    16.877 MiB
srv        update:    - prompt 0x43945e0:     132 tokens, checkpoints:  0,    16.502 MiB
srv        update:    - prompt 0x3222e40:     146 tokens, checkpoints:  0,    18.252 MiB
srv        update:    - prompt 0x43918f0:     130 tokens, checkpoints:  0,    16.252 MiB
srv        update:    - prompt 0xf0c750:     136 tokens, checkpoints:  0,    17.002 MiB
srv        update:    - prompt 0x321a990:     136 tokens, checkpoints:  0,    17.002 MiB
srv        update:    - prompt 0x438a610:     241 tokens, checkpoints:  0,    30.129 MiB
srv        update:    - prompt 0x3220d10:     325 tokens, checkpoints:  0,    40.629 MiB
srv        update:    - prompt 0xfffdb80062a0:     363 tokens, checkpoints:  0,    45.380 MiB
srv        update:    - prompt 0xfffdb0004ad0:     425 tokens, checkpoints:  0,    53.131 MiB
srv        update:    - prompt 0xf09890:     409 tokens, checkpoints:  0,    51.130 MiB
srv        update:    - prompt 0x438b420:     412 tokens, checkpoints:  0,    51.505 MiB
srv        update:    - prompt 0x3ad6d90:     418 tokens, checkpoints:  0,    52.256 MiB
srv        update:    - prompt 0x321c560:     415 tokens, checkpoints:  0,    51.880 MiB
srv        update:    - prompt 0x3af94b0:     431 tokens, checkpoints:  0,    53.881 MiB
srv        update:    - prompt 0x3224d60:     431 tokens, checkpoints:  0,    53.881 MiB
srv        update:    - prompt 0x3225330:     107 tokens, checkpoints:  0,    13.377 MiB
srv        update:    - prompt 0x32291b0:     105 tokens, checkpoints:  0,    13.127 MiB
srv        update:    - prompt 0x1194e10:     110 tokens, checkpoints:  0,    13.752 MiB
srv        update:    - prompt 0x3ad1b20:     116 tokens, checkpoints:  0,    14.502 MiB
srv  get_availabl: prompt cache update took 0.16 ms
slot launch_slot_: id  2 | task -1 | sampler chain: logits -> ?penalties -> ?dry -> ?top-n-sigma -> top-k -> ?typical -> top-p -> min-p -> ?xtc -> temp-ext -> dist 
slot launch_slot_: id  2 | task 3838 | processing task, is_child = 0
slot slot_save_an: id  3 | task -1 | saving idle slot to prompt cache
srv   prompt_save:  - saving prompt with length 109, total state size = 13.627 MiB
slot prompt_clear: id  3 | task -1 | clearing prompt with 109 tokens
srv        update:  - cache state: 38 prompts, 898.111 MiB (limits: 8192.000 MiB, 4096 tokens, 65527 est)
srv        update:    - prompt 0xf0ef60:     106 tokens, checkpoints:  0,    13.252 MiB
srv        update:    - prompt 0x4391140:     107 tokens, checkpoints:  0,    13.377 MiB
srv        update:    - prompt 0x32239b0:     106 tokens, checkpoints:  0,    13.252 MiB
srv        update:    - prompt 0x321b8b0:     107 tokens, checkpoints:  0,    13.377 MiB
srv        update:    - prompt 0x3221630:     105 tokens, checkpoints:  0,    13.127 MiB
srv        update:    - prompt 0x4390ba0:     110 tokens, checkpoints:  0,    13.752 MiB
srv        update:    - prompt 0x3223470:     116 tokens, checkpoints:  0,    14.502 MiB
srv        update:    - prompt 0x4394c10:     109 tokens, checkpoints:  0,    13.627 MiB
srv        update:    - prompt 0x3224910:     113 tokens, checkpoints:  0,    14.127 MiB
srv        update:    - prompt 0x3230c90:     108 tokens, checkpoints:  0,    13.502 MiB
srv        update:    - prompt 0x11f0c00:     108 tokens, checkpoints:  0,    13.502 MiB
srv        update:    - prompt 0xee47f0:     108 tokens, checkpoints:  0,    13.502 MiB
srv        update:    - prompt 0x438f4c0:     111 tokens, checkpoints:  0,    13.877 MiB
srv        update:    - prompt 0x438f580:     119 tokens, checkpoints:  0,    14.877 MiB
srv        update:    - prompt 0x4be6150:     123 tokens, checkpoints:  0,    15.377 MiB
srv        update:    - prompt 0x3219830:     165 tokens, checkpoints:  0,    20.628 MiB
srv        update:    - prompt 0x3adf6d0:     131 tokens, checkpoints:  0,    16.377 MiB
srv        update:    - prompt 0xeec7b0:     135 tokens, checkpoints:  0,    16.877 MiB
srv        update:    - prompt 0x43945e0:     132 tokens, checkpoints:  0,    16.502 MiB
srv        update:    - prompt 0x3222e40:     146 tokens, checkpoints:  0,    18.252 MiB
srv        update:    - prompt 0x43918f0:     130 tokens, checkpoints:  0,    16.252 MiB
srv        update:    - prompt 0xf0c750:     136 tokens, checkpoints:  0,    17.002 MiB
srv        update:    - prompt 0x321a990:     136 tokens, checkpoints:  0,    17.002 MiB
srv        update:    - prompt 0x438a610:     241 tokens, checkpoints:  0,    30.129 MiB
srv        update:    - prompt 0x3220d10:     325 tokens, checkpoints:  0,    40.629 MiB
srv        update:    - prompt 0xfffdb80062a0:     363 tokens, checkpoints:  0,    45.380 MiB
srv        update:    - prompt 0xfffdb0004ad0:     425 tokens, checkpoints:  0,    53.131 MiB
srv        update:    - prompt 0xf09890:     409 tokens, checkpoints:  0,    51.130 MiB
srv        update:    - prompt 0x438b420:     412 tokens, checkpoints:  0,    51.505 MiB
srv        update:    - prompt 0x3ad6d90:     418 tokens, checkpoints:  0,    52.256 MiB
srv        update:    - prompt 0x321c560:     415 tokens, checkpoints:  0,    51.880 MiB
srv        update:    - prompt 0x3af94b0:     431 tokens, checkpoints:  0,    53.881 MiB
srv        update:    - prompt 0x3224d60:     431 tokens, checkpoints:  0,    53.881 MiB
srv        update:    - prompt 0x3225330:     107 tokens, checkpoints:  0,    13.377 MiB
srv        update:    - prompt 0x32291b0:     105 tokens, checkpoints:  0,    13.127 MiB
srv        update:    - prompt 0x1194e10:     110 tokens, checkpoints:  0,    13.752 MiB
srv        update:    - prompt 0x3ad1b20:     116 tokens, checkpoints:  0,    14.502 MiB
srv        update:    - prompt 0x3228110:     109 tokens, checkpoints:  0,    13.627 MiB
slot update_slots: id  2 | task 3838 | new prompt, n_ctx_slot = 4096, n_keep = 0, task.n_tokens = 14
slot update_slots: id  2 | task 3838 | n_tokens = 0, memory_seq_rm [0, end)
slot init_sampler: id  2 | task 3838 | init sampler, took 0.01 ms, tokens: text = 14, total = 14
slot update_slots: id  2 | task 3838 | prompt processing done, n_tokens = 14, batch.n_tokens = 14
srv  log_server_r: done request: POST /completion 127.0.0.1 200
slot print_timing: id  2 | task 3838 | 
prompt eval time =     756.20 ms /    14 tokens (   54.01 ms per token,    18.51 tokens per second)
       eval time =    7351.33 ms /   100 tokens (   73.51 ms per token,    13.60 tokens per second)
      total time =    8107.53 ms /   114 tokens
slot      release: id  2 | task 3838 | stop processing: n_tokens = 113, truncated = 0
srv  update_slots: all slots are idle
slot get_availabl: id  2 | task -1 | selected slot by LCP similarity, sim_best = 0.111 (> 0.100 thold), f_keep = 0.009
srv  get_availabl: updating prompt cache
srv   prompt_save:  - saving prompt with length 113, total state size = 14.127 MiB
srv          load:  - looking for better prompt, base f_keep = 0.009, sim = 0.111
srv        update:  - cache state: 39 prompts, 912.238 MiB (limits: 8192.000 MiB, 4096 tokens, 65527 est)
srv        update:    - prompt 0xf0ef60:     106 tokens, checkpoints:  0,    13.252 MiB
srv        update:    - prompt 0x4391140:     107 tokens, checkpoints:  0,    13.377 MiB
srv        update:    - prompt 0x32239b0:     106 tokens, checkpoints:  0,    13.252 MiB
srv        update:    - prompt 0x321b8b0:     107 tokens, checkpoints:  0,    13.377 MiB
srv        update:    - prompt 0x3221630:     105 tokens, checkpoints:  0,    13.127 MiB
srv        update:    - prompt 0x4390ba0:     110 tokens, checkpoints:  0,    13.752 MiB
srv        update:    - prompt 0x3223470:     116 tokens, checkpoints:  0,    14.502 MiB
srv        update:    - prompt 0x4394c10:     109 tokens, checkpoints:  0,    13.627 MiB
srv        update:    - prompt 0x3224910:     113 tokens, checkpoints:  0,    14.127 MiB
srv        update:    - prompt 0x3230c90:     108 tokens, checkpoints:  0,    13.502 MiB
srv        update:    - prompt 0x11f0c00:     108 tokens, checkpoints:  0,    13.502 MiB
srv        update:    - prompt 0xee47f0:     108 tokens, checkpoints:  0,    13.502 MiB
srv        update:    - prompt 0x438f4c0:     111 tokens, checkpoints:  0,    13.877 MiB
srv        update:    - prompt 0x438f580:     119 tokens, checkpoints:  0,    14.877 MiB
srv        update:    - prompt 0x4be6150:     123 tokens, checkpoints:  0,    15.377 MiB
srv        update:    - prompt 0x3219830:     165 tokens, checkpoints:  0,    20.628 MiB
srv        update:    - prompt 0x3adf6d0:     131 tokens, checkpoints:  0,    16.377 MiB
srv        update:    - prompt 0xeec7b0:     135 tokens, checkpoints:  0,    16.877 MiB
srv        update:    - prompt 0x43945e0:     132 tokens, checkpoints:  0,    16.502 MiB
srv        update:    - prompt 0x3222e40:     146 tokens, checkpoints:  0,    18.252 MiB
srv        update:    - prompt 0x43918f0:     130 tokens, checkpoints:  0,    16.252 MiB
srv        update:    - prompt 0xf0c750:     136 tokens, checkpoints:  0,    17.002 MiB
srv        update:    - prompt 0x321a990:     136 tokens, checkpoints:  0,    17.002 MiB
srv        update:    - prompt 0x438a610:     241 tokens, checkpoints:  0,    30.129 MiB
srv        update:    - prompt 0x3220d10:     325 tokens, checkpoints:  0,    40.629 MiB
srv        update:    - prompt 0xfffdb80062a0:     363 tokens, checkpoints:  0,    45.380 MiB
srv        update:    - prompt 0xfffdb0004ad0:     425 tokens, checkpoints:  0,    53.131 MiB
srv        update:    - prompt 0xf09890:     409 tokens, checkpoints:  0,    51.130 MiB
srv        update:    - prompt 0x438b420:     412 tokens, checkpoints:  0,    51.505 MiB
srv        update:    - prompt 0x3ad6d90:     418 tokens, checkpoints:  0,    52.256 MiB
srv        update:    - prompt 0x321c560:     415 tokens, checkpoints:  0,    51.880 MiB
srv        update:    - prompt 0x3af94b0:     431 tokens, checkpoints:  0,    53.881 MiB
srv        update:    - prompt 0x3224d60:     431 tokens, checkpoints:  0,    53.881 MiB
srv        update:    - prompt 0x3225330:     107 tokens, checkpoints:  0,    13.377 MiB
srv        update:    - prompt 0x32291b0:     105 tokens, checkpoints:  0,    13.127 MiB
srv        update:    - prompt 0x1194e10:     110 tokens, checkpoints:  0,    13.752 MiB
srv        update:    - prompt 0x3ad1b20:     116 tokens, checkpoints:  0,    14.502 MiB
srv        update:    - prompt 0x3228110:     109 tokens, checkpoints:  0,    13.627 MiB
srv        update:    - prompt 0x3229090:     113 tokens, checkpoints:  0,    14.127 MiB
srv  get_availabl: prompt cache update took 3.52 ms
slot launch_slot_: id  2 | task -1 | sampler chain: logits -> ?penalties -> ?dry -> ?top-n-sigma -> top-k -> ?typical -> top-p -> min-p -> ?xtc -> temp-ext -> dist 
slot launch_slot_: id  2 | task 3939 | processing task, is_child = 0
slot update_slots: id  2 | task 3939 | new prompt, n_ctx_slot = 4096, n_keep = 0, task.n_tokens = 9
slot update_slots: id  2 | task 3939 | n_tokens = 0, memory_seq_rm [0, end)
slot init_sampler: id  2 | task 3939 | init sampler, took 0.01 ms, tokens: text = 9, total = 9
slot update_slots: id  2 | task 3939 | prompt processing done, n_tokens = 9, batch.n_tokens = 9
srv  log_server_r: done request: POST /completion 127.0.0.1 200
slot print_timing: id  2 | task 3939 | 
prompt eval time =     472.73 ms /     9 tokens (   52.53 ms per token,    19.04 tokens per second)
       eval time =    8951.71 ms /   100 tokens (   89.52 ms per token,    11.17 tokens per second)
      total time =    9424.44 ms /   109 tokens
slot      release: id  2 | task 3939 | stop processing: n_tokens = 108, truncated = 0
srv  update_slots: all slots are idle
slot get_availabl: id  2 | task -1 | selected slot by LCP similarity, sim_best = 0.111 (> 0.100 thold), f_keep = 0.009
srv  get_availabl: updating prompt cache
srv   prompt_save:  - saving prompt with length 108, total state size = 13.502 MiB
srv          load:  - looking for better prompt, base f_keep = 0.009, sim = 0.111
srv        update:  - cache state: 40 prompts, 925.740 MiB (limits: 8192.000 MiB, 4096 tokens, 65527 est)
srv        update:    - prompt 0xf0ef60:     106 tokens, checkpoints:  0,    13.252 MiB
srv        update:    - prompt 0x4391140:     107 tokens, checkpoints:  0,    13.377 MiB
srv        update:    - prompt 0x32239b0:     106 tokens, checkpoints:  0,    13.252 MiB
srv        update:    - prompt 0x321b8b0:     107 tokens, checkpoints:  0,    13.377 MiB
srv        update:    - prompt 0x3221630:     105 tokens, checkpoints:  0,    13.127 MiB
srv        update:    - prompt 0x4390ba0:     110 tokens, checkpoints:  0,    13.752 MiB
srv        update:    - prompt 0x3223470:     116 tokens, checkpoints:  0,    14.502 MiB
srv        update:    - prompt 0x4394c10:     109 tokens, checkpoints:  0,    13.627 MiB
srv        update:    - prompt 0x3224910:     113 tokens, checkpoints:  0,    14.127 MiB
srv        update:    - prompt 0x3230c90:     108 tokens, checkpoints:  0,    13.502 MiB
srv        update:    - prompt 0x11f0c00:     108 tokens, checkpoints:  0,    13.502 MiB
srv        update:    - prompt 0xee47f0:     108 tokens, checkpoints:  0,    13.502 MiB
srv        update:    - prompt 0x438f4c0:     111 tokens, checkpoints:  0,    13.877 MiB
srv        update:    - prompt 0x438f580:     119 tokens, checkpoints:  0,    14.877 MiB
srv        update:    - prompt 0x4be6150:     123 tokens, checkpoints:  0,    15.377 MiB
srv        update:    - prompt 0x3219830:     165 tokens, checkpoints:  0,    20.628 MiB
srv        update:    - prompt 0x3adf6d0:     131 tokens, checkpoints:  0,    16.377 MiB
srv        update:    - prompt 0xeec7b0:     135 tokens, checkpoints:  0,    16.877 MiB
srv        update:    - prompt 0x43945e0:     132 tokens, checkpoints:  0,    16.502 MiB
srv        update:    - prompt 0x3222e40:     146 tokens, checkpoints:  0,    18.252 MiB
srv        update:    - prompt 0x43918f0:     130 tokens, checkpoints:  0,    16.252 MiB
srv        update:    - prompt 0xf0c750:     136 tokens, checkpoints:  0,    17.002 MiB
srv        update:    - prompt 0x321a990:     136 tokens, checkpoints:  0,    17.002 MiB
srv        update:    - prompt 0x438a610:     241 tokens, checkpoints:  0,    30.129 MiB
srv        update:    - prompt 0x3220d10:     325 tokens, checkpoints:  0,    40.629 MiB
srv        update:    - prompt 0xfffdb80062a0:     363 tokens, checkpoints:  0,    45.380 MiB
srv        update:    - prompt 0xfffdb0004ad0:     425 tokens, checkpoints:  0,    53.131 MiB
srv        update:    - prompt 0xf09890:     409 tokens, checkpoints:  0,    51.130 MiB
srv        update:    - prompt 0x438b420:     412 tokens, checkpoints:  0,    51.505 MiB
srv        update:    - prompt 0x3ad6d90:     418 tokens, checkpoints:  0,    52.256 MiB
srv        update:    - prompt 0x321c560:     415 tokens, checkpoints:  0,    51.880 MiB
srv        update:    - prompt 0x3af94b0:     431 tokens, checkpoints:  0,    53.881 MiB
srv        update:    - prompt 0x3224d60:     431 tokens, checkpoints:  0,    53.881 MiB
srv        update:    - prompt 0x3225330:     107 tokens, checkpoints:  0,    13.377 MiB
srv        update:    - prompt 0x32291b0:     105 tokens, checkpoints:  0,    13.127 MiB
srv        update:    - prompt 0x1194e10:     110 tokens, checkpoints:  0,    13.752 MiB
srv        update:    - prompt 0x3ad1b20:     116 tokens, checkpoints:  0,    14.502 MiB
srv        update:    - prompt 0x3228110:     109 tokens, checkpoints:  0,    13.627 MiB
srv        update:    - prompt 0x3229090:     113 tokens, checkpoints:  0,    14.127 MiB
srv        update:    - prompt 0xee1a40:     108 tokens, checkpoints:  0,    13.502 MiB
srv  get_availabl: prompt cache update took 3.42 ms
slot launch_slot_: id  2 | task -1 | sampler chain: logits -> ?penalties -> ?dry -> ?top-n-sigma -> top-k -> ?typical -> top-p -> min-p -> ?xtc -> temp-ext -> dist 
slot launch_slot_: id  2 | task 4040 | processing task, is_child = 0
slot update_slots: id  2 | task 4040 | new prompt, n_ctx_slot = 4096, n_keep = 0, task.n_tokens = 9
slot update_slots: id  2 | task 4040 | n_tokens = 0, memory_seq_rm [0, end)
slot init_sampler: id  2 | task 4040 | init sampler, took 0.01 ms, tokens: text = 9, total = 9
slot update_slots: id  2 | task 4040 | prompt processing done, n_tokens = 9, batch.n_tokens = 9
srv  log_server_r: done request: POST /completion 127.0.0.1 200
slot print_timing: id  2 | task 4040 | 
prompt eval time =     473.02 ms /     9 tokens (   52.56 ms per token,    19.03 tokens per second)
       eval time =    6858.13 ms /   100 tokens (   68.58 ms per token,    14.58 tokens per second)
      total time =    7331.15 ms /   109 tokens
slot      release: id  2 | task 4040 | stop processing: n_tokens = 108, truncated = 0
srv  update_slots: all slots are idle
slot get_availabl: id  2 | task -1 | selected slot by LCP similarity, sim_best = 0.111 (> 0.100 thold), f_keep = 0.009
srv  get_availabl: updating prompt cache
srv   prompt_save:  - saving prompt with length 108, total state size = 13.502 MiB
srv          load:  - looking for better prompt, base f_keep = 0.009, sim = 0.111
srv        update:  - cache state: 41 prompts, 939.242 MiB (limits: 8192.000 MiB, 4096 tokens, 65527 est)
srv        update:    - prompt 0xf0ef60:     106 tokens, checkpoints:  0,    13.252 MiB
srv        update:    - prompt 0x4391140:     107 tokens, checkpoints:  0,    13.377 MiB
srv        update:    - prompt 0x32239b0:     106 tokens, checkpoints:  0,    13.252 MiB
srv        update:    - prompt 0x321b8b0:     107 tokens, checkpoints:  0,    13.377 MiB
srv        update:    - prompt 0x3221630:     105 tokens, checkpoints:  0,    13.127 MiB
srv        update:    - prompt 0x4390ba0:     110 tokens, checkpoints:  0,    13.752 MiB
srv        update:    - prompt 0x3223470:     116 tokens, checkpoints:  0,    14.502 MiB
srv        update:    - prompt 0x4394c10:     109 tokens, checkpoints:  0,    13.627 MiB
srv        update:    - prompt 0x3224910:     113 tokens, checkpoints:  0,    14.127 MiB
srv        update:    - prompt 0x3230c90:     108 tokens, checkpoints:  0,    13.502 MiB
srv        update:    - prompt 0x11f0c00:     108 tokens, checkpoints:  0,    13.502 MiB
srv        update:    - prompt 0xee47f0:     108 tokens, checkpoints:  0,    13.502 MiB
srv        update:    - prompt 0x438f4c0:     111 tokens, checkpoints:  0,    13.877 MiB
srv        update:    - prompt 0x438f580:     119 tokens, checkpoints:  0,    14.877 MiB
srv        update:    - prompt 0x4be6150:     123 tokens, checkpoints:  0,    15.377 MiB
srv        update:    - prompt 0x3219830:     165 tokens, checkpoints:  0,    20.628 MiB
srv        update:    - prompt 0x3adf6d0:     131 tokens, checkpoints:  0,    16.377 MiB
srv        update:    - prompt 0xeec7b0:     135 tokens, checkpoints:  0,    16.877 MiB
srv        update:    - prompt 0x43945e0:     132 tokens, checkpoints:  0,    16.502 MiB
srv        update:    - prompt 0x3222e40:     146 tokens, checkpoints:  0,    18.252 MiB
srv        update:    - prompt 0x43918f0:     130 tokens, checkpoints:  0,    16.252 MiB
srv        update:    - prompt 0xf0c750:     136 tokens, checkpoints:  0,    17.002 MiB
srv        update:    - prompt 0x321a990:     136 tokens, checkpoints:  0,    17.002 MiB
srv        update:    - prompt 0x438a610:     241 tokens, checkpoints:  0,    30.129 MiB
srv        update:    - prompt 0x3220d10:     325 tokens, checkpoints:  0,    40.629 MiB
srv        update:    - prompt 0xfffdb80062a0:     363 tokens, checkpoints:  0,    45.380 MiB
srv        update:    - prompt 0xfffdb0004ad0:     425 tokens, checkpoints:  0,    53.131 MiB
srv        update:    - prompt 0xf09890:     409 tokens, checkpoints:  0,    51.130 MiB
srv        update:    - prompt 0x438b420:     412 tokens, checkpoints:  0,    51.505 MiB
srv        update:    - prompt 0x3ad6d90:     418 tokens, checkpoints:  0,    52.256 MiB
srv        update:    - prompt 0x321c560:     415 tokens, checkpoints:  0,    51.880 MiB
srv        update:    - prompt 0x3af94b0:     431 tokens, checkpoints:  0,    53.881 MiB
srv        update:    - prompt 0x3224d60:     431 tokens, checkpoints:  0,    53.881 MiB
srv        update:    - prompt 0x3225330:     107 tokens, checkpoints:  0,    13.377 MiB
srv        update:    - prompt 0x32291b0:     105 tokens, checkpoints:  0,    13.127 MiB
srv        update:    - prompt 0x1194e10:     110 tokens, checkpoints:  0,    13.752 MiB
srv        update:    - prompt 0x3ad1b20:     116 tokens, checkpoints:  0,    14.502 MiB
srv        update:    - prompt 0x3228110:     109 tokens, checkpoints:  0,    13.627 MiB
srv        update:    - prompt 0x3229090:     113 tokens, checkpoints:  0,    14.127 MiB
srv        update:    - prompt 0xee1a40:     108 tokens, checkpoints:  0,    13.502 MiB
srv        update:    - prompt 0x321f8d0:     108 tokens, checkpoints:  0,    13.502 MiB
srv  get_availabl: prompt cache update took 3.43 ms
slot launch_slot_: id  2 | task -1 | sampler chain: logits -> ?penalties -> ?dry -> ?top-n-sigma -> top-k -> ?typical -> top-p -> min-p -> ?xtc -> temp-ext -> dist 
slot launch_slot_: id  2 | task 4141 | processing task, is_child = 0
slot update_slots: id  2 | task 4141 | new prompt, n_ctx_slot = 4096, n_keep = 0, task.n_tokens = 9
slot update_slots: id  2 | task 4141 | n_tokens = 0, memory_seq_rm [0, end)
slot init_sampler: id  2 | task 4141 | init sampler, took 0.01 ms, tokens: text = 9, total = 9
slot update_slots: id  2 | task 4141 | prompt processing done, n_tokens = 9, batch.n_tokens = 9
srv  log_server_r: done request: POST /completion 127.0.0.1 200
slot print_timing: id  2 | task 4141 | 
prompt eval time =     472.66 ms /     9 tokens (   52.52 ms per token,    19.04 tokens per second)
       eval time =    8768.20 ms /   100 tokens (   87.68 ms per token,    11.40 tokens per second)
      total time =    9240.86 ms /   109 tokens
slot      release: id  2 | task 4141 | stop processing: n_tokens = 108, truncated = 0
srv  update_slots: all slots are idle
slot get_availabl: id  1 | task -1 | selected slot by LRU, t_last = 290302141010
srv  get_availabl: updating prompt cache
srv          load:  - looking for better prompt, base f_keep = -1.000, sim = 0.000
srv        update:  - cache state: 41 prompts, 939.242 MiB (limits: 8192.000 MiB, 4096 tokens, 65527 est)
srv        update:    - prompt 0xf0ef60:     106 tokens, checkpoints:  0,    13.252 MiB
srv        update:    - prompt 0x4391140:     107 tokens, checkpoints:  0,    13.377 MiB
srv        update:    - prompt 0x32239b0:     106 tokens, checkpoints:  0,    13.252 MiB
srv        update:    - prompt 0x321b8b0:     107 tokens, checkpoints:  0,    13.377 MiB
srv        update:    - prompt 0x3221630:     105 tokens, checkpoints:  0,    13.127 MiB
srv        update:    - prompt 0x4390ba0:     110 tokens, checkpoints:  0,    13.752 MiB
srv        update:    - prompt 0x3223470:     116 tokens, checkpoints:  0,    14.502 MiB
srv        update:    - prompt 0x4394c10:     109 tokens, checkpoints:  0,    13.627 MiB
srv        update:    - prompt 0x3224910:     113 tokens, checkpoints:  0,    14.127 MiB
srv        update:    - prompt 0x3230c90:     108 tokens, checkpoints:  0,    13.502 MiB
srv        update:    - prompt 0x11f0c00:     108 tokens, checkpoints:  0,    13.502 MiB
srv        update:    - prompt 0xee47f0:     108 tokens, checkpoints:  0,    13.502 MiB
srv        update:    - prompt 0x438f4c0:     111 tokens, checkpoints:  0,    13.877 MiB
srv        update:    - prompt 0x438f580:     119 tokens, checkpoints:  0,    14.877 MiB
srv        update:    - prompt 0x4be6150:     123 tokens, checkpoints:  0,    15.377 MiB
srv        update:    - prompt 0x3219830:     165 tokens, checkpoints:  0,    20.628 MiB
srv        update:    - prompt 0x3adf6d0:     131 tokens, checkpoints:  0,    16.377 MiB
srv        update:    - prompt 0xeec7b0:     135 tokens, checkpoints:  0,    16.877 MiB
srv        update:    - prompt 0x43945e0:     132 tokens, checkpoints:  0,    16.502 MiB
srv        update:    - prompt 0x3222e40:     146 tokens, checkpoints:  0,    18.252 MiB
srv        update:    - prompt 0x43918f0:     130 tokens, checkpoints:  0,    16.252 MiB
srv        update:    - prompt 0xf0c750:     136 tokens, checkpoints:  0,    17.002 MiB
srv        update:    - prompt 0x321a990:     136 tokens, checkpoints:  0,    17.002 MiB
srv        update:    - prompt 0x438a610:     241 tokens, checkpoints:  0,    30.129 MiB
srv        update:    - prompt 0x3220d10:     325 tokens, checkpoints:  0,    40.629 MiB
srv        update:    - prompt 0xfffdb80062a0:     363 tokens, checkpoints:  0,    45.380 MiB
srv        update:    - prompt 0xfffdb0004ad0:     425 tokens, checkpoints:  0,    53.131 MiB
srv        update:    - prompt 0xf09890:     409 tokens, checkpoints:  0,    51.130 MiB
srv        update:    - prompt 0x438b420:     412 tokens, checkpoints:  0,    51.505 MiB
srv        update:    - prompt 0x3ad6d90:     418 tokens, checkpoints:  0,    52.256 MiB
srv        update:    - prompt 0x321c560:     415 tokens, checkpoints:  0,    51.880 MiB
srv        update:    - prompt 0x3af94b0:     431 tokens, checkpoints:  0,    53.881 MiB
srv        update:    - prompt 0x3224d60:     431 tokens, checkpoints:  0,    53.881 MiB
srv        update:    - prompt 0x3225330:     107 tokens, checkpoints:  0,    13.377 MiB
srv        update:    - prompt 0x32291b0:     105 tokens, checkpoints:  0,    13.127 MiB
srv        update:    - prompt 0x1194e10:     110 tokens, checkpoints:  0,    13.752 MiB
srv        update:    - prompt 0x3ad1b20:     116 tokens, checkpoints:  0,    14.502 MiB
srv        update:    - prompt 0x3228110:     109 tokens, checkpoints:  0,    13.627 MiB
srv        update:    - prompt 0x3229090:     113 tokens, checkpoints:  0,    14.127 MiB
srv        update:    - prompt 0xee1a40:     108 tokens, checkpoints:  0,    13.502 MiB
srv        update:    - prompt 0x321f8d0:     108 tokens, checkpoints:  0,    13.502 MiB
srv  get_availabl: prompt cache update took 0.16 ms
slot launch_slot_: id  1 | task -1 | sampler chain: logits -> ?penalties -> ?dry -> ?top-n-sigma -> top-k -> ?typical -> top-p -> min-p -> ?xtc -> temp-ext -> dist 
slot launch_slot_: id  1 | task 4242 | processing task, is_child = 0
slot slot_save_an: id  2 | task -1 | saving idle slot to prompt cache
srv   prompt_save:  - saving prompt with length 108, total state size = 13.502 MiB
slot prompt_clear: id  2 | task -1 | clearing prompt with 108 tokens
srv        update:  - cache state: 42 prompts, 952.744 MiB (limits: 8192.000 MiB, 4096 tokens, 65527 est)
srv        update:    - prompt 0xf0ef60:     106 tokens, checkpoints:  0,    13.252 MiB
srv        update:    - prompt 0x4391140:     107 tokens, checkpoints:  0,    13.377 MiB
srv        update:    - prompt 0x32239b0:     106 tokens, checkpoints:  0,    13.252 MiB
srv        update:    - prompt 0x321b8b0:     107 tokens, checkpoints:  0,    13.377 MiB
srv        update:    - prompt 0x3221630:     105 tokens, checkpoints:  0,    13.127 MiB
srv        update:    - prompt 0x4390ba0:     110 tokens, checkpoints:  0,    13.752 MiB
srv        update:    - prompt 0x3223470:     116 tokens, checkpoints:  0,    14.502 MiB
srv        update:    - prompt 0x4394c10:     109 tokens, checkpoints:  0,    13.627 MiB
srv        update:    - prompt 0x3224910:     113 tokens, checkpoints:  0,    14.127 MiB
srv        update:    - prompt 0x3230c90:     108 tokens, checkpoints:  0,    13.502 MiB
srv        update:    - prompt 0x11f0c00:     108 tokens, checkpoints:  0,    13.502 MiB
srv        update:    - prompt 0xee47f0:     108 tokens, checkpoints:  0,    13.502 MiB
srv        update:    - prompt 0x438f4c0:     111 tokens, checkpoints:  0,    13.877 MiB
srv        update:    - prompt 0x438f580:     119 tokens, checkpoints:  0,    14.877 MiB
srv        update:    - prompt 0x4be6150:     123 tokens, checkpoints:  0,    15.377 MiB
srv        update:    - prompt 0x3219830:     165 tokens, checkpoints:  0,    20.628 MiB
srv        update:    - prompt 0x3adf6d0:     131 tokens, checkpoints:  0,    16.377 MiB
srv        update:    - prompt 0xeec7b0:     135 tokens, checkpoints:  0,    16.877 MiB
srv        update:    - prompt 0x43945e0:     132 tokens, checkpoints:  0,    16.502 MiB
srv        update:    - prompt 0x3222e40:     146 tokens, checkpoints:  0,    18.252 MiB
srv        update:    - prompt 0x43918f0:     130 tokens, checkpoints:  0,    16.252 MiB
srv        update:    - prompt 0xf0c750:     136 tokens, checkpoints:  0,    17.002 MiB
srv        update:    - prompt 0x321a990:     136 tokens, checkpoints:  0,    17.002 MiB
srv        update:    - prompt 0x438a610:     241 tokens, checkpoints:  0,    30.129 MiB
srv        update:    - prompt 0x3220d10:     325 tokens, checkpoints:  0,    40.629 MiB
srv        update:    - prompt 0xfffdb80062a0:     363 tokens, checkpoints:  0,    45.380 MiB
srv        update:    - prompt 0xfffdb0004ad0:     425 tokens, checkpoints:  0,    53.131 MiB
srv        update:    - prompt 0xf09890:     409 tokens, checkpoints:  0,    51.130 MiB
srv        update:    - prompt 0x438b420:     412 tokens, checkpoints:  0,    51.505 MiB
srv        update:    - prompt 0x3ad6d90:     418 tokens, checkpoints:  0,    52.256 MiB
srv        update:    - prompt 0x321c560:     415 tokens, checkpoints:  0,    51.880 MiB
srv        update:    - prompt 0x3af94b0:     431 tokens, checkpoints:  0,    53.881 MiB
srv        update:    - prompt 0x3224d60:     431 tokens, checkpoints:  0,    53.881 MiB
srv        update:    - prompt 0x3225330:     107 tokens, checkpoints:  0,    13.377 MiB
srv        update:    - prompt 0x32291b0:     105 tokens, checkpoints:  0,    13.127 MiB
srv        update:    - prompt 0x1194e10:     110 tokens, checkpoints:  0,    13.752 MiB
srv        update:    - prompt 0x3ad1b20:     116 tokens, checkpoints:  0,    14.502 MiB
srv        update:    - prompt 0x3228110:     109 tokens, checkpoints:  0,    13.627 MiB
srv        update:    - prompt 0x3229090:     113 tokens, checkpoints:  0,    14.127 MiB
srv        update:    - prompt 0xee1a40:     108 tokens, checkpoints:  0,    13.502 MiB
srv        update:    - prompt 0x321f8d0:     108 tokens, checkpoints:  0,    13.502 MiB
srv        update:    - prompt 0xf0e5d0:     108 tokens, checkpoints:  0,    13.502 MiB
slot update_slots: id  1 | task 4242 | new prompt, n_ctx_slot = 4096, n_keep = 0, task.n_tokens = 12
slot update_slots: id  1 | task 4242 | n_tokens = 0, memory_seq_rm [0, end)
slot init_sampler: id  1 | task 4242 | init sampler, took 0.01 ms, tokens: text = 12, total = 12
slot update_slots: id  1 | task 4242 | prompt processing done, n_tokens = 12, batch.n_tokens = 12
srv  log_server_r: done request: POST /completion 127.0.0.1 200
slot print_timing: id  1 | task 4242 | 
prompt eval time =     626.06 ms /    12 tokens (   52.17 ms per token,    19.17 tokens per second)
       eval time =   11165.50 ms /   100 tokens (  111.66 ms per token,     8.96 tokens per second)
      total time =   11791.56 ms /   112 tokens
slot      release: id  1 | task 4242 | stop processing: n_tokens = 111, truncated = 0
srv  update_slots: all slots are idle
slot get_availabl: id  0 | task -1 | selected slot by LRU, t_last = 290315514634
srv  get_availabl: updating prompt cache
srv          load:  - looking for better prompt, base f_keep = -1.000, sim = 0.000
srv        update:  - cache state: 42 prompts, 952.744 MiB (limits: 8192.000 MiB, 4096 tokens, 65527 est)
srv        update:    - prompt 0xf0ef60:     106 tokens, checkpoints:  0,    13.252 MiB
srv        update:    - prompt 0x4391140:     107 tokens, checkpoints:  0,    13.377 MiB
srv        update:    - prompt 0x32239b0:     106 tokens, checkpoints:  0,    13.252 MiB
srv        update:    - prompt 0x321b8b0:     107 tokens, checkpoints:  0,    13.377 MiB
srv        update:    - prompt 0x3221630:     105 tokens, checkpoints:  0,    13.127 MiB
srv        update:    - prompt 0x4390ba0:     110 tokens, checkpoints:  0,    13.752 MiB
srv        update:    - prompt 0x3223470:     116 tokens, checkpoints:  0,    14.502 MiB
srv        update:    - prompt 0x4394c10:     109 tokens, checkpoints:  0,    13.627 MiB
srv        update:    - prompt 0x3224910:     113 tokens, checkpoints:  0,    14.127 MiB
srv        update:    - prompt 0x3230c90:     108 tokens, checkpoints:  0,    13.502 MiB
srv        update:    - prompt 0x11f0c00:     108 tokens, checkpoints:  0,    13.502 MiB
srv        update:    - prompt 0xee47f0:     108 tokens, checkpoints:  0,    13.502 MiB
srv        update:    - prompt 0x438f4c0:     111 tokens, checkpoints:  0,    13.877 MiB
srv        update:    - prompt 0x438f580:     119 tokens, checkpoints:  0,    14.877 MiB
srv        update:    - prompt 0x4be6150:     123 tokens, checkpoints:  0,    15.377 MiB
srv        update:    - prompt 0x3219830:     165 tokens, checkpoints:  0,    20.628 MiB
srv        update:    - prompt 0x3adf6d0:     131 tokens, checkpoints:  0,    16.377 MiB
srv        update:    - prompt 0xeec7b0:     135 tokens, checkpoints:  0,    16.877 MiB
srv        update:    - prompt 0x43945e0:     132 tokens, checkpoints:  0,    16.502 MiB
srv        update:    - prompt 0x3222e40:     146 tokens, checkpoints:  0,    18.252 MiB
srv        update:    - prompt 0x43918f0:     130 tokens, checkpoints:  0,    16.252 MiB
srv        update:    - prompt 0xf0c750:     136 tokens, checkpoints:  0,    17.002 MiB
srv        update:    - prompt 0x321a990:     136 tokens, checkpoints:  0,    17.002 MiB
srv        update:    - prompt 0x438a610:     241 tokens, checkpoints:  0,    30.129 MiB
srv        update:    - prompt 0x3220d10:     325 tokens, checkpoints:  0,    40.629 MiB
srv        update:    - prompt 0xfffdb80062a0:     363 tokens, checkpoints:  0,    45.380 MiB
srv        update:    - prompt 0xfffdb0004ad0:     425 tokens, checkpoints:  0,    53.131 MiB
srv        update:    - prompt 0xf09890:     409 tokens, checkpoints:  0,    51.130 MiB
srv        update:    - prompt 0x438b420:     412 tokens, checkpoints:  0,    51.505 MiB
srv        update:    - prompt 0x3ad6d90:     418 tokens, checkpoints:  0,    52.256 MiB
srv        update:    - prompt 0x321c560:     415 tokens, checkpoints:  0,    51.880 MiB
srv        update:    - prompt 0x3af94b0:     431 tokens, checkpoints:  0,    53.881 MiB
srv        update:    - prompt 0x3224d60:     431 tokens, checkpoints:  0,    53.881 MiB
srv        update:    - prompt 0x3225330:     107 tokens, checkpoints:  0,    13.377 MiB
srv        update:    - prompt 0x32291b0:     105 tokens, checkpoints:  0,    13.127 MiB
srv        update:    - prompt 0x1194e10:     110 tokens, checkpoints:  0,    13.752 MiB
srv        update:    - prompt 0x3ad1b20:     116 tokens, checkpoints:  0,    14.502 MiB
srv        update:    - prompt 0x3228110:     109 tokens, checkpoints:  0,    13.627 MiB
srv        update:    - prompt 0x3229090:     113 tokens, checkpoints:  0,    14.127 MiB
srv        update:    - prompt 0xee1a40:     108 tokens, checkpoints:  0,    13.502 MiB
srv        update:    - prompt 0x321f8d0:     108 tokens, checkpoints:  0,    13.502 MiB
srv        update:    - prompt 0xf0e5d0:     108 tokens, checkpoints:  0,    13.502 MiB
srv  get_availabl: prompt cache update took 0.18 ms
slot launch_slot_: id  0 | task -1 | sampler chain: logits -> ?penalties -> ?dry -> ?top-n-sigma -> top-k -> ?typical -> top-p -> min-p -> ?xtc -> temp-ext -> dist 
slot launch_slot_: id  0 | task 4343 | processing task, is_child = 0
slot slot_save_an: id  1 | task -1 | saving idle slot to prompt cache
srv   prompt_save:  - saving prompt with length 111, total state size = 13.877 MiB
slot prompt_clear: id  1 | task -1 | clearing prompt with 111 tokens
srv        update:  - cache state: 43 prompts, 966.621 MiB (limits: 8192.000 MiB, 4096 tokens, 65527 est)
srv        update:    - prompt 0xf0ef60:     106 tokens, checkpoints:  0,    13.252 MiB
srv        update:    - prompt 0x4391140:     107 tokens, checkpoints:  0,    13.377 MiB
srv        update:    - prompt 0x32239b0:     106 tokens, checkpoints:  0,    13.252 MiB
srv        update:    - prompt 0x321b8b0:     107 tokens, checkpoints:  0,    13.377 MiB
srv        update:    - prompt 0x3221630:     105 tokens, checkpoints:  0,    13.127 MiB
srv        update:    - prompt 0x4390ba0:     110 tokens, checkpoints:  0,    13.752 MiB
srv        update:    - prompt 0x3223470:     116 tokens, checkpoints:  0,    14.502 MiB
srv        update:    - prompt 0x4394c10:     109 tokens, checkpoints:  0,    13.627 MiB
srv        update:    - prompt 0x3224910:     113 tokens, checkpoints:  0,    14.127 MiB
srv        update:    - prompt 0x3230c90:     108 tokens, checkpoints:  0,    13.502 MiB
srv        update:    - prompt 0x11f0c00:     108 tokens, checkpoints:  0,    13.502 MiB
srv        update:    - prompt 0xee47f0:     108 tokens, checkpoints:  0,    13.502 MiB
srv        update:    - prompt 0x438f4c0:     111 tokens, checkpoints:  0,    13.877 MiB
srv        update:    - prompt 0x438f580:     119 tokens, checkpoints:  0,    14.877 MiB
srv        update:    - prompt 0x4be6150:     123 tokens, checkpoints:  0,    15.377 MiB
srv        update:    - prompt 0x3219830:     165 tokens, checkpoints:  0,    20.628 MiB
srv        update:    - prompt 0x3adf6d0:     131 tokens, checkpoints:  0,    16.377 MiB
srv        update:    - prompt 0xeec7b0:     135 tokens, checkpoints:  0,    16.877 MiB
srv        update:    - prompt 0x43945e0:     132 tokens, checkpoints:  0,    16.502 MiB
srv        update:    - prompt 0x3222e40:     146 tokens, checkpoints:  0,    18.252 MiB
srv        update:    - prompt 0x43918f0:     130 tokens, checkpoints:  0,    16.252 MiB
srv        update:    - prompt 0xf0c750:     136 tokens, checkpoints:  0,    17.002 MiB
srv        update:    - prompt 0x321a990:     136 tokens, checkpoints:  0,    17.002 MiB
srv        update:    - prompt 0x438a610:     241 tokens, checkpoints:  0,    30.129 MiB
srv        update:    - prompt 0x3220d10:     325 tokens, checkpoints:  0,    40.629 MiB
srv        update:    - prompt 0xfffdb80062a0:     363 tokens, checkpoints:  0,    45.380 MiB
srv        update:    - prompt 0xfffdb0004ad0:     425 tokens, checkpoints:  0,    53.131 MiB
srv        update:    - prompt 0xf09890:     409 tokens, checkpoints:  0,    51.130 MiB
srv        update:    - prompt 0x438b420:     412 tokens, checkpoints:  0,    51.505 MiB
srv        update:    - prompt 0x3ad6d90:     418 tokens, checkpoints:  0,    52.256 MiB
srv        update:    - prompt 0x321c560:     415 tokens, checkpoints:  0,    51.880 MiB
srv        update:    - prompt 0x3af94b0:     431 tokens, checkpoints:  0,    53.881 MiB
srv        update:    - prompt 0x3224d60:     431 tokens, checkpoints:  0,    53.881 MiB
srv        update:    - prompt 0x3225330:     107 tokens, checkpoints:  0,    13.377 MiB
srv        update:    - prompt 0x32291b0:     105 tokens, checkpoints:  0,    13.127 MiB
srv        update:    - prompt 0x1194e10:     110 tokens, checkpoints:  0,    13.752 MiB
srv        update:    - prompt 0x3ad1b20:     116 tokens, checkpoints:  0,    14.502 MiB
srv        update:    - prompt 0x3228110:     109 tokens, checkpoints:  0,    13.627 MiB
srv        update:    - prompt 0x3229090:     113 tokens, checkpoints:  0,    14.127 MiB
srv        update:    - prompt 0xee1a40:     108 tokens, checkpoints:  0,    13.502 MiB
srv        update:    - prompt 0x321f8d0:     108 tokens, checkpoints:  0,    13.502 MiB
srv        update:    - prompt 0xf0e5d0:     108 tokens, checkpoints:  0,    13.502 MiB
srv        update:    - prompt 0xee8970:     111 tokens, checkpoints:  0,    13.877 MiB
slot update_slots: id  0 | task 4343 | new prompt, n_ctx_slot = 4096, n_keep = 0, task.n_tokens = 20
slot update_slots: id  0 | task 4343 | n_tokens = 0, memory_seq_rm [0, end)
slot init_sampler: id  0 | task 4343 | init sampler, took 0.01 ms, tokens: text = 20, total = 20
slot update_slots: id  0 | task 4343 | prompt processing done, n_tokens = 20, batch.n_tokens = 20
srv  log_server_r: done request: POST /completion 127.0.0.1 200
slot print_timing: id  0 | task 4343 | 
prompt eval time =    1028.63 ms /    20 tokens (   51.43 ms per token,    19.44 tokens per second)
       eval time =    7301.60 ms /   100 tokens (   73.02 ms per token,    13.70 tokens per second)
      total time =    8330.22 ms /   120 tokens
slot      release: id  0 | task 4343 | stop processing: n_tokens = 119, truncated = 0
srv  update_slots: all slots are idle
slot get_availabl: id  3 | task -1 | selected slot by LRU, t_last = 290324147193
srv  get_availabl: updating prompt cache
srv          load:  - looking for better prompt, base f_keep = -1.000, sim = 0.000
srv        update:  - cache state: 43 prompts, 966.621 MiB (limits: 8192.000 MiB, 4096 tokens, 65527 est)
srv        update:    - prompt 0xf0ef60:     106 tokens, checkpoints:  0,    13.252 MiB
srv        update:    - prompt 0x4391140:     107 tokens, checkpoints:  0,    13.377 MiB
srv        update:    - prompt 0x32239b0:     106 tokens, checkpoints:  0,    13.252 MiB
srv        update:    - prompt 0x321b8b0:     107 tokens, checkpoints:  0,    13.377 MiB
srv        update:    - prompt 0x3221630:     105 tokens, checkpoints:  0,    13.127 MiB
srv        update:    - prompt 0x4390ba0:     110 tokens, checkpoints:  0,    13.752 MiB
srv        update:    - prompt 0x3223470:     116 tokens, checkpoints:  0,    14.502 MiB
srv        update:    - prompt 0x4394c10:     109 tokens, checkpoints:  0,    13.627 MiB
srv        update:    - prompt 0x3224910:     113 tokens, checkpoints:  0,    14.127 MiB
srv        update:    - prompt 0x3230c90:     108 tokens, checkpoints:  0,    13.502 MiB
srv        update:    - prompt 0x11f0c00:     108 tokens, checkpoints:  0,    13.502 MiB
srv        update:    - prompt 0xee47f0:     108 tokens, checkpoints:  0,    13.502 MiB
srv        update:    - prompt 0x438f4c0:     111 tokens, checkpoints:  0,    13.877 MiB
srv        update:    - prompt 0x438f580:     119 tokens, checkpoints:  0,    14.877 MiB
srv        update:    - prompt 0x4be6150:     123 tokens, checkpoints:  0,    15.377 MiB
srv        update:    - prompt 0x3219830:     165 tokens, checkpoints:  0,    20.628 MiB
srv        update:    - prompt 0x3adf6d0:     131 tokens, checkpoints:  0,    16.377 MiB
srv        update:    - prompt 0xeec7b0:     135 tokens, checkpoints:  0,    16.877 MiB
srv        update:    - prompt 0x43945e0:     132 tokens, checkpoints:  0,    16.502 MiB
srv        update:    - prompt 0x3222e40:     146 tokens, checkpoints:  0,    18.252 MiB
srv        update:    - prompt 0x43918f0:     130 tokens, checkpoints:  0,    16.252 MiB
srv        update:    - prompt 0xf0c750:     136 tokens, checkpoints:  0,    17.002 MiB
srv        update:    - prompt 0x321a990:     136 tokens, checkpoints:  0,    17.002 MiB
srv        update:    - prompt 0x438a610:     241 tokens, checkpoints:  0,    30.129 MiB
srv        update:    - prompt 0x3220d10:     325 tokens, checkpoints:  0,    40.629 MiB
srv        update:    - prompt 0xfffdb80062a0:     363 tokens, checkpoints:  0,    45.380 MiB
srv        update:    - prompt 0xfffdb0004ad0:     425 tokens, checkpoints:  0,    53.131 MiB
srv        update:    - prompt 0xf09890:     409 tokens, checkpoints:  0,    51.130 MiB
srv        update:    - prompt 0x438b420:     412 tokens, checkpoints:  0,    51.505 MiB
srv        update:    - prompt 0x3ad6d90:     418 tokens, checkpoints:  0,    52.256 MiB
srv        update:    - prompt 0x321c560:     415 tokens, checkpoints:  0,    51.880 MiB
srv        update:    - prompt 0x3af94b0:     431 tokens, checkpoints:  0,    53.881 MiB
srv        update:    - prompt 0x3224d60:     431 tokens, checkpoints:  0,    53.881 MiB
srv        update:    - prompt 0x3225330:     107 tokens, checkpoints:  0,    13.377 MiB
srv        update:    - prompt 0x32291b0:     105 tokens, checkpoints:  0,    13.127 MiB
srv        update:    - prompt 0x1194e10:     110 tokens, checkpoints:  0,    13.752 MiB
srv        update:    - prompt 0x3ad1b20:     116 tokens, checkpoints:  0,    14.502 MiB
srv        update:    - prompt 0x3228110:     109 tokens, checkpoints:  0,    13.627 MiB
srv        update:    - prompt 0x3229090:     113 tokens, checkpoints:  0,    14.127 MiB
srv        update:    - prompt 0xee1a40:     108 tokens, checkpoints:  0,    13.502 MiB
srv        update:    - prompt 0x321f8d0:     108 tokens, checkpoints:  0,    13.502 MiB
srv        update:    - prompt 0xf0e5d0:     108 tokens, checkpoints:  0,    13.502 MiB
srv        update:    - prompt 0xee8970:     111 tokens, checkpoints:  0,    13.877 MiB
srv  get_availabl: prompt cache update took 0.17 ms
slot launch_slot_: id  3 | task -1 | sampler chain: logits -> ?penalties -> ?dry -> ?top-n-sigma -> top-k -> ?typical -> top-p -> min-p -> ?xtc -> temp-ext -> dist 
slot launch_slot_: id  3 | task 4444 | processing task, is_child = 0
slot slot_save_an: id  0 | task -1 | saving idle slot to prompt cache
srv   prompt_save:  - saving prompt with length 119, total state size = 14.877 MiB
slot prompt_clear: id  0 | task -1 | clearing prompt with 119 tokens
srv        update:  - cache state: 44 prompts, 981.498 MiB (limits: 8192.000 MiB, 4096 tokens, 65527 est)
srv        update:    - prompt 0xf0ef60:     106 tokens, checkpoints:  0,    13.252 MiB
srv        update:    - prompt 0x4391140:     107 tokens, checkpoints:  0,    13.377 MiB
srv        update:    - prompt 0x32239b0:     106 tokens, checkpoints:  0,    13.252 MiB
srv        update:    - prompt 0x321b8b0:     107 tokens, checkpoints:  0,    13.377 MiB
srv        update:    - prompt 0x3221630:     105 tokens, checkpoints:  0,    13.127 MiB
srv        update:    - prompt 0x4390ba0:     110 tokens, checkpoints:  0,    13.752 MiB
srv        update:    - prompt 0x3223470:     116 tokens, checkpoints:  0,    14.502 MiB
srv        update:    - prompt 0x4394c10:     109 tokens, checkpoints:  0,    13.627 MiB
srv        update:    - prompt 0x3224910:     113 tokens, checkpoints:  0,    14.127 MiB
srv        update:    - prompt 0x3230c90:     108 tokens, checkpoints:  0,    13.502 MiB
srv        update:    - prompt 0x11f0c00:     108 tokens, checkpoints:  0,    13.502 MiB
srv        update:    - prompt 0xee47f0:     108 tokens, checkpoints:  0,    13.502 MiB
srv        update:    - prompt 0x438f4c0:     111 tokens, checkpoints:  0,    13.877 MiB
srv        update:    - prompt 0x438f580:     119 tokens, checkpoints:  0,    14.877 MiB
srv        update:    - prompt 0x4be6150:     123 tokens, checkpoints:  0,    15.377 MiB
srv        update:    - prompt 0x3219830:     165 tokens, checkpoints:  0,    20.628 MiB
srv        update:    - prompt 0x3adf6d0:     131 tokens, checkpoints:  0,    16.377 MiB
srv        update:    - prompt 0xeec7b0:     135 tokens, checkpoints:  0,    16.877 MiB
srv        update:    - prompt 0x43945e0:     132 tokens, checkpoints:  0,    16.502 MiB
srv        update:    - prompt 0x3222e40:     146 tokens, checkpoints:  0,    18.252 MiB
srv        update:    - prompt 0x43918f0:     130 tokens, checkpoints:  0,    16.252 MiB
srv        update:    - prompt 0xf0c750:     136 tokens, checkpoints:  0,    17.002 MiB
srv        update:    - prompt 0x321a990:     136 tokens, checkpoints:  0,    17.002 MiB
srv        update:    - prompt 0x438a610:     241 tokens, checkpoints:  0,    30.129 MiB
srv        update:    - prompt 0x3220d10:     325 tokens, checkpoints:  0,    40.629 MiB
srv        update:    - prompt 0xfffdb80062a0:     363 tokens, checkpoints:  0,    45.380 MiB
srv        update:    - prompt 0xfffdb0004ad0:     425 tokens, checkpoints:  0,    53.131 MiB
srv        update:    - prompt 0xf09890:     409 tokens, checkpoints:  0,    51.130 MiB
srv        update:    - prompt 0x438b420:     412 tokens, checkpoints:  0,    51.505 MiB
srv        update:    - prompt 0x3ad6d90:     418 tokens, checkpoints:  0,    52.256 MiB
srv        update:    - prompt 0x321c560:     415 tokens, checkpoints:  0,    51.880 MiB
srv        update:    - prompt 0x3af94b0:     431 tokens, checkpoints:  0,    53.881 MiB
srv        update:    - prompt 0x3224d60:     431 tokens, checkpoints:  0,    53.881 MiB
srv        update:    - prompt 0x3225330:     107 tokens, checkpoints:  0,    13.377 MiB
srv        update:    - prompt 0x32291b0:     105 tokens, checkpoints:  0,    13.127 MiB
srv        update:    - prompt 0x1194e10:     110 tokens, checkpoints:  0,    13.752 MiB
srv        update:    - prompt 0x3ad1b20:     116 tokens, checkpoints:  0,    14.502 MiB
srv        update:    - prompt 0x3228110:     109 tokens, checkpoints:  0,    13.627 MiB
srv        update:    - prompt 0x3229090:     113 tokens, checkpoints:  0,    14.127 MiB
srv        update:    - prompt 0xee1a40:     108 tokens, checkpoints:  0,    13.502 MiB
srv        update:    - prompt 0x321f8d0:     108 tokens, checkpoints:  0,    13.502 MiB
srv        update:    - prompt 0xf0e5d0:     108 tokens, checkpoints:  0,    13.502 MiB
srv        update:    - prompt 0xee8970:     111 tokens, checkpoints:  0,    13.877 MiB
srv        update:    - prompt 0xef15a0:     119 tokens, checkpoints:  0,    14.877 MiB
slot update_slots: id  3 | task 4444 | new prompt, n_ctx_slot = 4096, n_keep = 0, task.n_tokens = 24
slot update_slots: id  3 | task 4444 | n_tokens = 0, memory_seq_rm [0, end)
slot init_sampler: id  3 | task 4444 | init sampler, took 0.02 ms, tokens: text = 24, total = 24
slot update_slots: id  3 | task 4444 | prompt processing done, n_tokens = 24, batch.n_tokens = 24
srv  log_server_r: done request: POST /completion 127.0.0.1 200
slot print_timing: id  3 | task 4444 | 
prompt eval time =    1176.92 ms /    24 tokens (   49.04 ms per token,    20.39 tokens per second)
       eval time =   12003.93 ms /   100 tokens (  120.04 ms per token,     8.33 tokens per second)
      total time =   13180.85 ms /   124 tokens
slot      release: id  3 | task 4444 | stop processing: n_tokens = 123, truncated = 0
srv  update_slots: all slots are idle
slot get_availabl: id  2 | task -1 | selected slot by LRU, t_last = 290360580912
srv  get_availabl: updating prompt cache
srv          load:  - looking for better prompt, base f_keep = -1.000, sim = 0.000
srv          load:  - found better prompt with f_keep = 0.400, sim = 1.000
srv        update:  - cache state: 43 prompts, 960.870 MiB (limits: 8192.000 MiB, 4096 tokens, 65527 est)
srv        update:    - prompt 0xf0ef60:     106 tokens, checkpoints:  0,    13.252 MiB
srv        update:    - prompt 0x4391140:     107 tokens, checkpoints:  0,    13.377 MiB
srv        update:    - prompt 0x32239b0:     106 tokens, checkpoints:  0,    13.252 MiB
srv        update:    - prompt 0x321b8b0:     107 tokens, checkpoints:  0,    13.377 MiB
srv        update:    - prompt 0x3221630:     105 tokens, checkpoints:  0,    13.127 MiB
srv        update:    - prompt 0x4390ba0:     110 tokens, checkpoints:  0,    13.752 MiB
srv        update:    - prompt 0x3223470:     116 tokens, checkpoints:  0,    14.502 MiB
srv        update:    - prompt 0x4394c10:     109 tokens, checkpoints:  0,    13.627 MiB
srv        update:    - prompt 0x3224910:     113 tokens, checkpoints:  0,    14.127 MiB
srv        update:    - prompt 0x3230c90:     108 tokens, checkpoints:  0,    13.502 MiB
srv        update:    - prompt 0x11f0c00:     108 tokens, checkpoints:  0,    13.502 MiB
srv        update:    - prompt 0xee47f0:     108 tokens, checkpoints:  0,    13.502 MiB
srv        update:    - prompt 0x438f4c0:     111 tokens, checkpoints:  0,    13.877 MiB
srv        update:    - prompt 0x438f580:     119 tokens, checkpoints:  0,    14.877 MiB
srv        update:    - prompt 0x4be6150:     123 tokens, checkpoints:  0,    15.377 MiB
srv        update:    - prompt 0x3adf6d0:     131 tokens, checkpoints:  0,    16.377 MiB
srv        update:    - prompt 0xeec7b0:     135 tokens, checkpoints:  0,    16.877 MiB
srv        update:    - prompt 0x43945e0:     132 tokens, checkpoints:  0,    16.502 MiB
srv        update:    - prompt 0x3222e40:     146 tokens, checkpoints:  0,    18.252 MiB
srv        update:    - prompt 0x43918f0:     130 tokens, checkpoints:  0,    16.252 MiB
srv        update:    - prompt 0xf0c750:     136 tokens, checkpoints:  0,    17.002 MiB
srv        update:    - prompt 0x321a990:     136 tokens, checkpoints:  0,    17.002 MiB
srv        update:    - prompt 0x438a610:     241 tokens, checkpoints:  0,    30.129 MiB
srv        update:    - prompt 0x3220d10:     325 tokens, checkpoints:  0,    40.629 MiB
srv        update:    - prompt 0xfffdb80062a0:     363 tokens, checkpoints:  0,    45.380 MiB
srv        update:    - prompt 0xfffdb0004ad0:     425 tokens, checkpoints:  0,    53.131 MiB
srv        update:    - prompt 0xf09890:     409 tokens, checkpoints:  0,    51.130 MiB
srv        update:    - prompt 0x438b420:     412 tokens, checkpoints:  0,    51.505 MiB
srv        update:    - prompt 0x3ad6d90:     418 tokens, checkpoints:  0,    52.256 MiB
srv        update:    - prompt 0x321c560:     415 tokens, checkpoints:  0,    51.880 MiB
srv        update:    - prompt 0x3af94b0:     431 tokens, checkpoints:  0,    53.881 MiB
srv        update:    - prompt 0x3224d60:     431 tokens, checkpoints:  0,    53.881 MiB
srv        update:    - prompt 0x3225330:     107 tokens, checkpoints:  0,    13.377 MiB
srv        update:    - prompt 0x32291b0:     105 tokens, checkpoints:  0,    13.127 MiB
srv        update:    - prompt 0x1194e10:     110 tokens, checkpoints:  0,    13.752 MiB
srv        update:    - prompt 0x3ad1b20:     116 tokens, checkpoints:  0,    14.502 MiB
srv        update:    - prompt 0x3228110:     109 tokens, checkpoints:  0,    13.627 MiB
srv        update:    - prompt 0x3229090:     113 tokens, checkpoints:  0,    14.127 MiB
srv        update:    - prompt 0xee1a40:     108 tokens, checkpoints:  0,    13.502 MiB
srv        update:    - prompt 0x321f8d0:     108 tokens, checkpoints:  0,    13.502 MiB
srv        update:    - prompt 0xf0e5d0:     108 tokens, checkpoints:  0,    13.502 MiB
srv        update:    - prompt 0xee8970:     111 tokens, checkpoints:  0,    13.877 MiB
srv        update:    - prompt 0xef15a0:     119 tokens, checkpoints:  0,    14.877 MiB
srv  get_availabl: prompt cache update took 6.86 ms
slot launch_slot_: id  2 | task -1 | sampler chain: logits -> ?penalties -> ?dry -> ?top-n-sigma -> top-k -> ?typical -> top-p -> min-p -> ?xtc -> temp-ext -> dist 
slot launch_slot_: id  2 | task 4545 | processing task, is_child = 0
slot slot_save_an: id  3 | task -1 | saving idle slot to prompt cache
srv   prompt_save:  - saving prompt with length 123, total state size = 15.377 MiB
slot prompt_clear: id  3 | task -1 | clearing prompt with 123 tokens
srv        update:  - cache state: 44 prompts, 976.247 MiB (limits: 8192.000 MiB, 4096 tokens, 65527 est)
srv        update:    - prompt 0xf0ef60:     106 tokens, checkpoints:  0,    13.252 MiB
srv        update:    - prompt 0x4391140:     107 tokens, checkpoints:  0,    13.377 MiB
srv        update:    - prompt 0x32239b0:     106 tokens, checkpoints:  0,    13.252 MiB
srv        update:    - prompt 0x321b8b0:     107 tokens, checkpoints:  0,    13.377 MiB
srv        update:    - prompt 0x3221630:     105 tokens, checkpoints:  0,    13.127 MiB
srv        update:    - prompt 0x4390ba0:     110 tokens, checkpoints:  0,    13.752 MiB
srv        update:    - prompt 0x3223470:     116 tokens, checkpoints:  0,    14.502 MiB
srv        update:    - prompt 0x4394c10:     109 tokens, checkpoints:  0,    13.627 MiB
srv        update:    - prompt 0x3224910:     113 tokens, checkpoints:  0,    14.127 MiB
srv        update:    - prompt 0x3230c90:     108 tokens, checkpoints:  0,    13.502 MiB
srv        update:    - prompt 0x11f0c00:     108 tokens, checkpoints:  0,    13.502 MiB
srv        update:    - prompt 0xee47f0:     108 tokens, checkpoints:  0,    13.502 MiB
srv        update:    - prompt 0x438f4c0:     111 tokens, checkpoints:  0,    13.877 MiB
srv        update:    - prompt 0x438f580:     119 tokens, checkpoints:  0,    14.877 MiB
srv        update:    - prompt 0x4be6150:     123 tokens, checkpoints:  0,    15.377 MiB
srv        update:    - prompt 0x3adf6d0:     131 tokens, checkpoints:  0,    16.377 MiB
srv        update:    - prompt 0xeec7b0:     135 tokens, checkpoints:  0,    16.877 MiB
srv        update:    - prompt 0x43945e0:     132 tokens, checkpoints:  0,    16.502 MiB
srv        update:    - prompt 0x3222e40:     146 tokens, checkpoints:  0,    18.252 MiB
srv        update:    - prompt 0x43918f0:     130 tokens, checkpoints:  0,    16.252 MiB
srv        update:    - prompt 0xf0c750:     136 tokens, checkpoints:  0,    17.002 MiB
srv        update:    - prompt 0x321a990:     136 tokens, checkpoints:  0,    17.002 MiB
srv        update:    - prompt 0x438a610:     241 tokens, checkpoints:  0,    30.129 MiB
srv        update:    - prompt 0x3220d10:     325 tokens, checkpoints:  0,    40.629 MiB
srv        update:    - prompt 0xfffdb80062a0:     363 tokens, checkpoints:  0,    45.380 MiB
srv        update:    - prompt 0xfffdb0004ad0:     425 tokens, checkpoints:  0,    53.131 MiB
srv        update:    - prompt 0xf09890:     409 tokens, checkpoints:  0,    51.130 MiB
srv        update:    - prompt 0x438b420:     412 tokens, checkpoints:  0,    51.505 MiB
srv        update:    - prompt 0x3ad6d90:     418 tokens, checkpoints:  0,    52.256 MiB
srv        update:    - prompt 0x321c560:     415 tokens, checkpoints:  0,    51.880 MiB
srv        update:    - prompt 0x3af94b0:     431 tokens, checkpoints:  0,    53.881 MiB
srv        update:    - prompt 0x3224d60:     431 tokens, checkpoints:  0,    53.881 MiB
srv        update:    - prompt 0x3225330:     107 tokens, checkpoints:  0,    13.377 MiB
srv        update:    - prompt 0x32291b0:     105 tokens, checkpoints:  0,    13.127 MiB
srv        update:    - prompt 0x1194e10:     110 tokens, checkpoints:  0,    13.752 MiB
srv        update:    - prompt 0x3ad1b20:     116 tokens, checkpoints:  0,    14.502 MiB
srv        update:    - prompt 0x3228110:     109 tokens, checkpoints:  0,    13.627 MiB
srv        update:    - prompt 0x3229090:     113 tokens, checkpoints:  0,    14.127 MiB
srv        update:    - prompt 0xee1a40:     108 tokens, checkpoints:  0,    13.502 MiB
srv        update:    - prompt 0x321f8d0:     108 tokens, checkpoints:  0,    13.502 MiB
srv        update:    - prompt 0xf0e5d0:     108 tokens, checkpoints:  0,    13.502 MiB
srv        update:    - prompt 0xee8970:     111 tokens, checkpoints:  0,    13.877 MiB
srv        update:    - prompt 0xef15a0:     119 tokens, checkpoints:  0,    14.877 MiB
srv        update:    - prompt 0x3219830:     123 tokens, checkpoints:  0,    15.377 MiB
slot update_slots: id  2 | task 4545 | new prompt, n_ctx_slot = 4096, n_keep = 0, task.n_tokens = 66
slot update_slots: id  2 | task 4545 | n_tokens = 0, memory_seq_rm [0, end)
slot init_sampler: id  2 | task 4545 | init sampler, took 0.04 ms, tokens: text = 66, total = 66
slot update_slots: id  2 | task 4545 | prompt processing done, n_tokens = 66, batch.n_tokens = 66
srv  log_server_r: done request: POST /completion 127.0.0.1 200
slot print_timing: id  2 | task 4545 | 
prompt eval time =    4115.53 ms /    66 tokens (   62.36 ms per token,    16.04 tokens per second)
       eval time =    9460.01 ms /   100 tokens (   94.60 ms per token,    10.57 tokens per second)
      total time =   13575.54 ms /   166 tokens
slot      release: id  2 | task 4545 | stop processing: n_tokens = 165, truncated = 0
srv  update_slots: all slots are idle
slot get_availabl: id  1 | task -1 | selected slot by LRU, t_last = 290372953816
srv  get_availabl: updating prompt cache
srv          load:  - looking for better prompt, base f_keep = -1.000, sim = 0.000
srv        update:  - cache state: 44 prompts, 976.247 MiB (limits: 8192.000 MiB, 4096 tokens, 65527 est)
srv        update:    - prompt 0xf0ef60:     106 tokens, checkpoints:  0,    13.252 MiB
srv        update:    - prompt 0x4391140:     107 tokens, checkpoints:  0,    13.377 MiB
srv        update:    - prompt 0x32239b0:     106 tokens, checkpoints:  0,    13.252 MiB
srv        update:    - prompt 0x321b8b0:     107 tokens, checkpoints:  0,    13.377 MiB
srv        update:    - prompt 0x3221630:     105 tokens, checkpoints:  0,    13.127 MiB
srv        update:    - prompt 0x4390ba0:     110 tokens, checkpoints:  0,    13.752 MiB
srv        update:    - prompt 0x3223470:     116 tokens, checkpoints:  0,    14.502 MiB
srv        update:    - prompt 0x4394c10:     109 tokens, checkpoints:  0,    13.627 MiB
srv        update:    - prompt 0x3224910:     113 tokens, checkpoints:  0,    14.127 MiB
srv        update:    - prompt 0x3230c90:     108 tokens, checkpoints:  0,    13.502 MiB
srv        update:    - prompt 0x11f0c00:     108 tokens, checkpoints:  0,    13.502 MiB
srv        update:    - prompt 0xee47f0:     108 tokens, checkpoints:  0,    13.502 MiB
srv        update:    - prompt 0x438f4c0:     111 tokens, checkpoints:  0,    13.877 MiB
srv        update:    - prompt 0x438f580:     119 tokens, checkpoints:  0,    14.877 MiB
srv        update:    - prompt 0x4be6150:     123 tokens, checkpoints:  0,    15.377 MiB
srv        update:    - prompt 0x3adf6d0:     131 tokens, checkpoints:  0,    16.377 MiB
srv        update:    - prompt 0xeec7b0:     135 tokens, checkpoints:  0,    16.877 MiB
srv        update:    - prompt 0x43945e0:     132 tokens, checkpoints:  0,    16.502 MiB
srv        update:    - prompt 0x3222e40:     146 tokens, checkpoints:  0,    18.252 MiB
srv        update:    - prompt 0x43918f0:     130 tokens, checkpoints:  0,    16.252 MiB
srv        update:    - prompt 0xf0c750:     136 tokens, checkpoints:  0,    17.002 MiB
srv        update:    - prompt 0x321a990:     136 tokens, checkpoints:  0,    17.002 MiB
srv        update:    - prompt 0x438a610:     241 tokens, checkpoints:  0,    30.129 MiB
srv        update:    - prompt 0x3220d10:     325 tokens, checkpoints:  0,    40.629 MiB
srv        update:    - prompt 0xfffdb80062a0:     363 tokens, checkpoints:  0,    45.380 MiB
srv        update:    - prompt 0xfffdb0004ad0:     425 tokens, checkpoints:  0,    53.131 MiB
srv        update:    - prompt 0xf09890:     409 tokens, checkpoints:  0,    51.130 MiB
srv        update:    - prompt 0x438b420:     412 tokens, checkpoints:  0,    51.505 MiB
srv        update:    - prompt 0x3ad6d90:     418 tokens, checkpoints:  0,    52.256 MiB
srv        update:    - prompt 0x321c560:     415 tokens, checkpoints:  0,    51.880 MiB
srv        update:    - prompt 0x3af94b0:     431 tokens, checkpoints:  0,    53.881 MiB
srv        update:    - prompt 0x3224d60:     431 tokens, checkpoints:  0,    53.881 MiB
srv        update:    - prompt 0x3225330:     107 tokens, checkpoints:  0,    13.377 MiB
srv        update:    - prompt 0x32291b0:     105 tokens, checkpoints:  0,    13.127 MiB
srv        update:    - prompt 0x1194e10:     110 tokens, checkpoints:  0,    13.752 MiB
srv        update:    - prompt 0x3ad1b20:     116 tokens, checkpoints:  0,    14.502 MiB
srv        update:    - prompt 0x3228110:     109 tokens, checkpoints:  0,    13.627 MiB
srv        update:    - prompt 0x3229090:     113 tokens, checkpoints:  0,    14.127 MiB
srv        update:    - prompt 0xee1a40:     108 tokens, checkpoints:  0,    13.502 MiB
srv        update:    - prompt 0x321f8d0:     108 tokens, checkpoints:  0,    13.502 MiB
srv        update:    - prompt 0xf0e5d0:     108 tokens, checkpoints:  0,    13.502 MiB
srv        update:    - prompt 0xee8970:     111 tokens, checkpoints:  0,    13.877 MiB
srv        update:    - prompt 0xef15a0:     119 tokens, checkpoints:  0,    14.877 MiB
srv        update:    - prompt 0x3219830:     123 tokens, checkpoints:  0,    15.377 MiB
srv  get_availabl: prompt cache update took 0.19 ms
slot launch_slot_: id  1 | task -1 | sampler chain: logits -> ?penalties -> ?dry -> ?top-n-sigma -> top-k -> ?typical -> top-p -> min-p -> ?xtc -> temp-ext -> dist 
slot launch_slot_: id  1 | task 4646 | processing task, is_child = 0
slot slot_save_an: id  2 | task -1 | saving idle slot to prompt cache
srv   prompt_save:  - saving prompt with length 165, total state size = 20.628 MiB
slot prompt_clear: id  2 | task -1 | clearing prompt with 165 tokens
srv        update:  - cache state: 45 prompts, 996.875 MiB (limits: 8192.000 MiB, 4096 tokens, 65527 est)
srv        update:    - prompt 0xf0ef60:     106 tokens, checkpoints:  0,    13.252 MiB
srv        update:    - prompt 0x4391140:     107 tokens, checkpoints:  0,    13.377 MiB
srv        update:    - prompt 0x32239b0:     106 tokens, checkpoints:  0,    13.252 MiB
srv        update:    - prompt 0x321b8b0:     107 tokens, checkpoints:  0,    13.377 MiB
srv        update:    - prompt 0x3221630:     105 tokens, checkpoints:  0,    13.127 MiB
srv        update:    - prompt 0x4390ba0:     110 tokens, checkpoints:  0,    13.752 MiB
srv        update:    - prompt 0x3223470:     116 tokens, checkpoints:  0,    14.502 MiB
srv        update:    - prompt 0x4394c10:     109 tokens, checkpoints:  0,    13.627 MiB
srv        update:    - prompt 0x3224910:     113 tokens, checkpoints:  0,    14.127 MiB
srv        update:    - prompt 0x3230c90:     108 tokens, checkpoints:  0,    13.502 MiB
srv        update:    - prompt 0x11f0c00:     108 tokens, checkpoints:  0,    13.502 MiB
srv        update:    - prompt 0xee47f0:     108 tokens, checkpoints:  0,    13.502 MiB
srv        update:    - prompt 0x438f4c0:     111 tokens, checkpoints:  0,    13.877 MiB
srv        update:    - prompt 0x438f580:     119 tokens, checkpoints:  0,    14.877 MiB
srv        update:    - prompt 0x4be6150:     123 tokens, checkpoints:  0,    15.377 MiB
srv        update:    - prompt 0x3adf6d0:     131 tokens, checkpoints:  0,    16.377 MiB
srv        update:    - prompt 0xeec7b0:     135 tokens, checkpoints:  0,    16.877 MiB
srv        update:    - prompt 0x43945e0:     132 tokens, checkpoints:  0,    16.502 MiB
srv        update:    - prompt 0x3222e40:     146 tokens, checkpoints:  0,    18.252 MiB
srv        update:    - prompt 0x43918f0:     130 tokens, checkpoints:  0,    16.252 MiB
srv        update:    - prompt 0xf0c750:     136 tokens, checkpoints:  0,    17.002 MiB
srv        update:    - prompt 0x321a990:     136 tokens, checkpoints:  0,    17.002 MiB
srv        update:    - prompt 0x438a610:     241 tokens, checkpoints:  0,    30.129 MiB
srv        update:    - prompt 0x3220d10:     325 tokens, checkpoints:  0,    40.629 MiB
srv        update:    - prompt 0xfffdb80062a0:     363 tokens, checkpoints:  0,    45.380 MiB
srv        update:    - prompt 0xfffdb0004ad0:     425 tokens, checkpoints:  0,    53.131 MiB
srv        update:    - prompt 0xf09890:     409 tokens, checkpoints:  0,    51.130 MiB
srv        update:    - prompt 0x438b420:     412 tokens, checkpoints:  0,    51.505 MiB
srv        update:    - prompt 0x3ad6d90:     418 tokens, checkpoints:  0,    52.256 MiB
srv        update:    - prompt 0x321c560:     415 tokens, checkpoints:  0,    51.880 MiB
srv        update:    - prompt 0x3af94b0:     431 tokens, checkpoints:  0,    53.881 MiB
srv        update:    - prompt 0x3224d60:     431 tokens, checkpoints:  0,    53.881 MiB
srv        update:    - prompt 0x3225330:     107 tokens, checkpoints:  0,    13.377 MiB
srv        update:    - prompt 0x32291b0:     105 tokens, checkpoints:  0,    13.127 MiB
srv        update:    - prompt 0x1194e10:     110 tokens, checkpoints:  0,    13.752 MiB
srv        update:    - prompt 0x3ad1b20:     116 tokens, checkpoints:  0,    14.502 MiB
srv        update:    - prompt 0x3228110:     109 tokens, checkpoints:  0,    13.627 MiB
srv        update:    - prompt 0x3229090:     113 tokens, checkpoints:  0,    14.127 MiB
srv        update:    - prompt 0xee1a40:     108 tokens, checkpoints:  0,    13.502 MiB
srv        update:    - prompt 0x321f8d0:     108 tokens, checkpoints:  0,    13.502 MiB
srv        update:    - prompt 0xf0e5d0:     108 tokens, checkpoints:  0,    13.502 MiB
srv        update:    - prompt 0xee8970:     111 tokens, checkpoints:  0,    13.877 MiB
srv        update:    - prompt 0xef15a0:     119 tokens, checkpoints:  0,    14.877 MiB
srv        update:    - prompt 0x3219830:     123 tokens, checkpoints:  0,    15.377 MiB
srv        update:    - prompt 0x32210f0:     165 tokens, checkpoints:  0,    20.628 MiB
slot update_slots: id  1 | task 4646 | new prompt, n_ctx_slot = 4096, n_keep = 0, task.n_tokens = 32
slot update_slots: id  1 | task 4646 | n_tokens = 0, memory_seq_rm [0, end)
slot init_sampler: id  1 | task 4646 | init sampler, took 0.02 ms, tokens: text = 32, total = 32
slot update_slots: id  1 | task 4646 | prompt processing done, n_tokens = 32, batch.n_tokens = 32
srv  log_server_r: done request: POST /completion 127.0.0.1 200
slot print_timing: id  1 | task 4646 | 
prompt eval time =    1565.19 ms /    32 tokens (   48.91 ms per token,    20.44 tokens per second)
       eval time =    7450.50 ms /   100 tokens (   74.50 ms per token,    13.42 tokens per second)
      total time =    9015.68 ms /   132 tokens
slot      release: id  1 | task 4646 | stop processing: n_tokens = 131, truncated = 0
srv  update_slots: all slots are idle
slot get_availabl: id  0 | task -1 | selected slot by LRU, t_last = 290381877994
srv  get_availabl: updating prompt cache
srv          load:  - looking for better prompt, base f_keep = -1.000, sim = 0.000
srv          load:  - found better prompt with f_keep = 0.267, sim = 1.000
srv        update:  - cache state: 44 prompts, 979.998 MiB (limits: 8192.000 MiB, 4096 tokens, 65527 est)
srv        update:    - prompt 0xf0ef60:     106 tokens, checkpoints:  0,    13.252 MiB
srv        update:    - prompt 0x4391140:     107 tokens, checkpoints:  0,    13.377 MiB
srv        update:    - prompt 0x32239b0:     106 tokens, checkpoints:  0,    13.252 MiB
srv        update:    - prompt 0x321b8b0:     107 tokens, checkpoints:  0,    13.377 MiB
srv        update:    - prompt 0x3221630:     105 tokens, checkpoints:  0,    13.127 MiB
srv        update:    - prompt 0x4390ba0:     110 tokens, checkpoints:  0,    13.752 MiB
srv        update:    - prompt 0x3223470:     116 tokens, checkpoints:  0,    14.502 MiB
srv        update:    - prompt 0x4394c10:     109 tokens, checkpoints:  0,    13.627 MiB
srv        update:    - prompt 0x3224910:     113 tokens, checkpoints:  0,    14.127 MiB
srv        update:    - prompt 0x3230c90:     108 tokens, checkpoints:  0,    13.502 MiB
srv        update:    - prompt 0x11f0c00:     108 tokens, checkpoints:  0,    13.502 MiB
srv        update:    - prompt 0xee47f0:     108 tokens, checkpoints:  0,    13.502 MiB
srv        update:    - prompt 0x438f4c0:     111 tokens, checkpoints:  0,    13.877 MiB
srv        update:    - prompt 0x438f580:     119 tokens, checkpoints:  0,    14.877 MiB
srv        update:    - prompt 0x4be6150:     123 tokens, checkpoints:  0,    15.377 MiB
srv        update:    - prompt 0x3adf6d0:     131 tokens, checkpoints:  0,    16.377 MiB
srv        update:    - prompt 0x43945e0:     132 tokens, checkpoints:  0,    16.502 MiB
srv        update:    - prompt 0x3222e40:     146 tokens, checkpoints:  0,    18.252 MiB
srv        update:    - prompt 0x43918f0:     130 tokens, checkpoints:  0,    16.252 MiB
srv        update:    - prompt 0xf0c750:     136 tokens, checkpoints:  0,    17.002 MiB
srv        update:    - prompt 0x321a990:     136 tokens, checkpoints:  0,    17.002 MiB
srv        update:    - prompt 0x438a610:     241 tokens, checkpoints:  0,    30.129 MiB
srv        update:    - prompt 0x3220d10:     325 tokens, checkpoints:  0,    40.629 MiB
srv        update:    - prompt 0xfffdb80062a0:     363 tokens, checkpoints:  0,    45.380 MiB
srv        update:    - prompt 0xfffdb0004ad0:     425 tokens, checkpoints:  0,    53.131 MiB
srv        update:    - prompt 0xf09890:     409 tokens, checkpoints:  0,    51.130 MiB
srv        update:    - prompt 0x438b420:     412 tokens, checkpoints:  0,    51.505 MiB
srv        update:    - prompt 0x3ad6d90:     418 tokens, checkpoints:  0,    52.256 MiB
srv        update:    - prompt 0x321c560:     415 tokens, checkpoints:  0,    51.880 MiB
srv        update:    - prompt 0x3af94b0:     431 tokens, checkpoints:  0,    53.881 MiB
srv        update:    - prompt 0x3224d60:     431 tokens, checkpoints:  0,    53.881 MiB
srv        update:    - prompt 0x3225330:     107 tokens, checkpoints:  0,    13.377 MiB
srv        update:    - prompt 0x32291b0:     105 tokens, checkpoints:  0,    13.127 MiB
srv        update:    - prompt 0x1194e10:     110 tokens, checkpoints:  0,    13.752 MiB
srv        update:    - prompt 0x3ad1b20:     116 tokens, checkpoints:  0,    14.502 MiB
srv        update:    - prompt 0x3228110:     109 tokens, checkpoints:  0,    13.627 MiB
srv        update:    - prompt 0x3229090:     113 tokens, checkpoints:  0,    14.127 MiB
srv        update:    - prompt 0xee1a40:     108 tokens, checkpoints:  0,    13.502 MiB
srv        update:    - prompt 0x321f8d0:     108 tokens, checkpoints:  0,    13.502 MiB
srv        update:    - prompt 0xf0e5d0:     108 tokens, checkpoints:  0,    13.502 MiB
srv        update:    - prompt 0xee8970:     111 tokens, checkpoints:  0,    13.877 MiB
srv        update:    - prompt 0xef15a0:     119 tokens, checkpoints:  0,    14.877 MiB
srv        update:    - prompt 0x3219830:     123 tokens, checkpoints:  0,    15.377 MiB
srv        update:    - prompt 0x32210f0:     165 tokens, checkpoints:  0,    20.628 MiB
srv  get_availabl: prompt cache update took 5.71 ms
slot launch_slot_: id  0 | task -1 | sampler chain: logits -> ?penalties -> ?dry -> ?top-n-sigma -> top-k -> ?typical -> top-p -> min-p -> ?xtc -> temp-ext -> dist 
slot launch_slot_: id  0 | task 4747 | processing task, is_child = 0
slot slot_save_an: id  1 | task -1 | saving idle slot to prompt cache
srv   prompt_save:  - saving prompt with length 131, total state size = 16.377 MiB
slot prompt_clear: id  1 | task -1 | clearing prompt with 131 tokens
srv        update:  - cache state: 45 prompts, 996.375 MiB (limits: 8192.000 MiB, 4096 tokens, 65527 est)
srv        update:    - prompt 0xf0ef60:     106 tokens, checkpoints:  0,    13.252 MiB
srv        update:    - prompt 0x4391140:     107 tokens, checkpoints:  0,    13.377 MiB
srv        update:    - prompt 0x32239b0:     106 tokens, checkpoints:  0,    13.252 MiB
srv        update:    - prompt 0x321b8b0:     107 tokens, checkpoints:  0,    13.377 MiB
srv        update:    - prompt 0x3221630:     105 tokens, checkpoints:  0,    13.127 MiB
srv        update:    - prompt 0x4390ba0:     110 tokens, checkpoints:  0,    13.752 MiB
srv        update:    - prompt 0x3223470:     116 tokens, checkpoints:  0,    14.502 MiB
srv        update:    - prompt 0x4394c10:     109 tokens, checkpoints:  0,    13.627 MiB
srv        update:    - prompt 0x3224910:     113 tokens, checkpoints:  0,    14.127 MiB
srv        update:    - prompt 0x3230c90:     108 tokens, checkpoints:  0,    13.502 MiB
srv        update:    - prompt 0x11f0c00:     108 tokens, checkpoints:  0,    13.502 MiB
srv        update:    - prompt 0xee47f0:     108 tokens, checkpoints:  0,    13.502 MiB
srv        update:    - prompt 0x438f4c0:     111 tokens, checkpoints:  0,    13.877 MiB
srv        update:    - prompt 0x438f580:     119 tokens, checkpoints:  0,    14.877 MiB
srv        update:    - prompt 0x4be6150:     123 tokens, checkpoints:  0,    15.377 MiB
srv        update:    - prompt 0x3adf6d0:     131 tokens, checkpoints:  0,    16.377 MiB
srv        update:    - prompt 0x43945e0:     132 tokens, checkpoints:  0,    16.502 MiB
srv        update:    - prompt 0x3222e40:     146 tokens, checkpoints:  0,    18.252 MiB
srv        update:    - prompt 0x43918f0:     130 tokens, checkpoints:  0,    16.252 MiB
srv        update:    - prompt 0xf0c750:     136 tokens, checkpoints:  0,    17.002 MiB
srv        update:    - prompt 0x321a990:     136 tokens, checkpoints:  0,    17.002 MiB
srv        update:    - prompt 0x438a610:     241 tokens, checkpoints:  0,    30.129 MiB
srv        update:    - prompt 0x3220d10:     325 tokens, checkpoints:  0,    40.629 MiB
srv        update:    - prompt 0xfffdb80062a0:     363 tokens, checkpoints:  0,    45.380 MiB
srv        update:    - prompt 0xfffdb0004ad0:     425 tokens, checkpoints:  0,    53.131 MiB
srv        update:    - prompt 0xf09890:     409 tokens, checkpoints:  0,    51.130 MiB
srv        update:    - prompt 0x438b420:     412 tokens, checkpoints:  0,    51.505 MiB
srv        update:    - prompt 0x3ad6d90:     418 tokens, checkpoints:  0,    52.256 MiB
srv        update:    - prompt 0x321c560:     415 tokens, checkpoints:  0,    51.880 MiB
srv        update:    - prompt 0x3af94b0:     431 tokens, checkpoints:  0,    53.881 MiB
srv        update:    - prompt 0x3224d60:     431 tokens, checkpoints:  0,    53.881 MiB
srv        update:    - prompt 0x3225330:     107 tokens, checkpoints:  0,    13.377 MiB
srv        update:    - prompt 0x32291b0:     105 tokens, checkpoints:  0,    13.127 MiB
srv        update:    - prompt 0x1194e10:     110 tokens, checkpoints:  0,    13.752 MiB
srv        update:    - prompt 0x3ad1b20:     116 tokens, checkpoints:  0,    14.502 MiB
srv        update:    - prompt 0x3228110:     109 tokens, checkpoints:  0,    13.627 MiB
srv        update:    - prompt 0x3229090:     113 tokens, checkpoints:  0,    14.127 MiB
srv        update:    - prompt 0xee1a40:     108 tokens, checkpoints:  0,    13.502 MiB
srv        update:    - prompt 0x321f8d0:     108 tokens, checkpoints:  0,    13.502 MiB
srv        update:    - prompt 0xf0e5d0:     108 tokens, checkpoints:  0,    13.502 MiB
srv        update:    - prompt 0xee8970:     111 tokens, checkpoints:  0,    13.877 MiB
srv        update:    - prompt 0xef15a0:     119 tokens, checkpoints:  0,    14.877 MiB
srv        update:    - prompt 0x3219830:     123 tokens, checkpoints:  0,    15.377 MiB
srv        update:    - prompt 0x32210f0:     165 tokens, checkpoints:  0,    20.628 MiB
srv        update:    - prompt 0xeec7b0:     131 tokens, checkpoints:  0,    16.377 MiB
slot update_slots: id  0 | task 4747 | new prompt, n_ctx_slot = 4096, n_keep = 0, task.n_tokens = 36
slot update_slots: id  0 | task 4747 | n_tokens = 0, memory_seq_rm [0, end)
slot init_sampler: id  0 | task 4747 | init sampler, took 0.02 ms, tokens: text = 36, total = 36
slot update_slots: id  0 | task 4747 | prompt processing done, n_tokens = 36, batch.n_tokens = 36
srv  log_server_r: done request: POST /completion 127.0.0.1 200
slot print_timing: id  0 | task 4747 | 
prompt eval time =    1726.85 ms /    36 tokens (   47.97 ms per token,    20.85 tokens per second)
       eval time =    7274.55 ms /   100 tokens (   72.75 ms per token,    13.75 tokens per second)
      total time =    9001.40 ms /   136 tokens
slot      release: id  0 | task 4747 | stop processing: n_tokens = 135, truncated = 0
srv  update_slots: all slots are idle
slot get_availabl: id  3 | task -1 | selected slot by LRU, t_last = 290395650229
srv  get_availabl: updating prompt cache
srv          load:  - looking for better prompt, base f_keep = -1.000, sim = 0.000
srv          load:  - found better prompt with f_keep = 0.250, sim = 1.000
srv        update:  - cache state: 44 prompts, 979.873 MiB (limits: 8192.000 MiB, 4096 tokens, 65527 est)
srv        update:    - prompt 0xf0ef60:     106 tokens, checkpoints:  0,    13.252 MiB
srv        update:    - prompt 0x4391140:     107 tokens, checkpoints:  0,    13.377 MiB
srv        update:    - prompt 0x32239b0:     106 tokens, checkpoints:  0,    13.252 MiB
srv        update:    - prompt 0x321b8b0:     107 tokens, checkpoints:  0,    13.377 MiB
srv        update:    - prompt 0x3221630:     105 tokens, checkpoints:  0,    13.127 MiB
srv        update:    - prompt 0x4390ba0:     110 tokens, checkpoints:  0,    13.752 MiB
srv        update:    - prompt 0x3223470:     116 tokens, checkpoints:  0,    14.502 MiB
srv        update:    - prompt 0x4394c10:     109 tokens, checkpoints:  0,    13.627 MiB
srv        update:    - prompt 0x3224910:     113 tokens, checkpoints:  0,    14.127 MiB
srv        update:    - prompt 0x3230c90:     108 tokens, checkpoints:  0,    13.502 MiB
srv        update:    - prompt 0x11f0c00:     108 tokens, checkpoints:  0,    13.502 MiB
srv        update:    - prompt 0xee47f0:     108 tokens, checkpoints:  0,    13.502 MiB
srv        update:    - prompt 0x438f4c0:     111 tokens, checkpoints:  0,    13.877 MiB
srv        update:    - prompt 0x438f580:     119 tokens, checkpoints:  0,    14.877 MiB
srv        update:    - prompt 0x4be6150:     123 tokens, checkpoints:  0,    15.377 MiB
srv        update:    - prompt 0x3adf6d0:     131 tokens, checkpoints:  0,    16.377 MiB
srv        update:    - prompt 0x3222e40:     146 tokens, checkpoints:  0,    18.252 MiB
srv        update:    - prompt 0x43918f0:     130 tokens, checkpoints:  0,    16.252 MiB
srv        update:    - prompt 0xf0c750:     136 tokens, checkpoints:  0,    17.002 MiB
srv        update:    - prompt 0x321a990:     136 tokens, checkpoints:  0,    17.002 MiB
srv        update:    - prompt 0x438a610:     241 tokens, checkpoints:  0,    30.129 MiB
srv        update:    - prompt 0x3220d10:     325 tokens, checkpoints:  0,    40.629 MiB
srv        update:    - prompt 0xfffdb80062a0:     363 tokens, checkpoints:  0,    45.380 MiB
srv        update:    - prompt 0xfffdb0004ad0:     425 tokens, checkpoints:  0,    53.131 MiB
srv        update:    - prompt 0xf09890:     409 tokens, checkpoints:  0,    51.130 MiB
srv        update:    - prompt 0x438b420:     412 tokens, checkpoints:  0,    51.505 MiB
srv        update:    - prompt 0x3ad6d90:     418 tokens, checkpoints:  0,    52.256 MiB
srv        update:    - prompt 0x321c560:     415 tokens, checkpoints:  0,    51.880 MiB
srv        update:    - prompt 0x3af94b0:     431 tokens, checkpoints:  0,    53.881 MiB
srv        update:    - prompt 0x3224d60:     431 tokens, checkpoints:  0,    53.881 MiB
srv        update:    - prompt 0x3225330:     107 tokens, checkpoints:  0,    13.377 MiB
srv        update:    - prompt 0x32291b0:     105 tokens, checkpoints:  0,    13.127 MiB
srv        update:    - prompt 0x1194e10:     110 tokens, checkpoints:  0,    13.752 MiB
srv        update:    - prompt 0x3ad1b20:     116 tokens, checkpoints:  0,    14.502 MiB
srv        update:    - prompt 0x3228110:     109 tokens, checkpoints:  0,    13.627 MiB
srv        update:    - prompt 0x3229090:     113 tokens, checkpoints:  0,    14.127 MiB
srv        update:    - prompt 0xee1a40:     108 tokens, checkpoints:  0,    13.502 MiB
srv        update:    - prompt 0x321f8d0:     108 tokens, checkpoints:  0,    13.502 MiB
srv        update:    - prompt 0xf0e5d0:     108 tokens, checkpoints:  0,    13.502 MiB
srv        update:    - prompt 0xee8970:     111 tokens, checkpoints:  0,    13.877 MiB
srv        update:    - prompt 0xef15a0:     119 tokens, checkpoints:  0,    14.877 MiB
srv        update:    - prompt 0x3219830:     123 tokens, checkpoints:  0,    15.377 MiB
srv        update:    - prompt 0x32210f0:     165 tokens, checkpoints:  0,    20.628 MiB
srv        update:    - prompt 0xeec7b0:     131 tokens, checkpoints:  0,    16.377 MiB
srv  get_availabl: prompt cache update took 5.71 ms
slot launch_slot_: id  3 | task -1 | sampler chain: logits -> ?penalties -> ?dry -> ?top-n-sigma -> top-k -> ?typical -> top-p -> min-p -> ?xtc -> temp-ext -> dist 
slot launch_slot_: id  3 | task 4848 | processing task, is_child = 0
slot slot_save_an: id  0 | task -1 | saving idle slot to prompt cache
srv   prompt_save:  - saving prompt with length 135, total state size = 16.877 MiB
slot prompt_clear: id  0 | task -1 | clearing prompt with 135 tokens
srv        update:  - cache state: 45 prompts, 996.750 MiB (limits: 8192.000 MiB, 4096 tokens, 65527 est)
srv        update:    - prompt 0xf0ef60:     106 tokens, checkpoints:  0,    13.252 MiB
srv        update:    - prompt 0x4391140:     107 tokens, checkpoints:  0,    13.377 MiB
srv        update:    - prompt 0x32239b0:     106 tokens, checkpoints:  0,    13.252 MiB
srv        update:    - prompt 0x321b8b0:     107 tokens, checkpoints:  0,    13.377 MiB
srv        update:    - prompt 0x3221630:     105 tokens, checkpoints:  0,    13.127 MiB
srv        update:    - prompt 0x4390ba0:     110 tokens, checkpoints:  0,    13.752 MiB
srv        update:    - prompt 0x3223470:     116 tokens, checkpoints:  0,    14.502 MiB
srv        update:    - prompt 0x4394c10:     109 tokens, checkpoints:  0,    13.627 MiB
srv        update:    - prompt 0x3224910:     113 tokens, checkpoints:  0,    14.127 MiB
srv        update:    - prompt 0x3230c90:     108 tokens, checkpoints:  0,    13.502 MiB
srv        update:    - prompt 0x11f0c00:     108 tokens, checkpoints:  0,    13.502 MiB
srv        update:    - prompt 0xee47f0:     108 tokens, checkpoints:  0,    13.502 MiB
srv        update:    - prompt 0x438f4c0:     111 tokens, checkpoints:  0,    13.877 MiB
srv        update:    - prompt 0x438f580:     119 tokens, checkpoints:  0,    14.877 MiB
srv        update:    - prompt 0x4be6150:     123 tokens, checkpoints:  0,    15.377 MiB
srv        update:    - prompt 0x3adf6d0:     131 tokens, checkpoints:  0,    16.377 MiB
srv        update:    - prompt 0x3222e40:     146 tokens, checkpoints:  0,    18.252 MiB
srv        update:    - prompt 0x43918f0:     130 tokens, checkpoints:  0,    16.252 MiB
srv        update:    - prompt 0xf0c750:     136 tokens, checkpoints:  0,    17.002 MiB
srv        update:    - prompt 0x321a990:     136 tokens, checkpoints:  0,    17.002 MiB
srv        update:    - prompt 0x438a610:     241 tokens, checkpoints:  0,    30.129 MiB
srv        update:    - prompt 0x3220d10:     325 tokens, checkpoints:  0,    40.629 MiB
srv        update:    - prompt 0xfffdb80062a0:     363 tokens, checkpoints:  0,    45.380 MiB
srv        update:    - prompt 0xfffdb0004ad0:     425 tokens, checkpoints:  0,    53.131 MiB
srv        update:    - prompt 0xf09890:     409 tokens, checkpoints:  0,    51.130 MiB
srv        update:    - prompt 0x438b420:     412 tokens, checkpoints:  0,    51.505 MiB
srv        update:    - prompt 0x3ad6d90:     418 tokens, checkpoints:  0,    52.256 MiB
srv        update:    - prompt 0x321c560:     415 tokens, checkpoints:  0,    51.880 MiB
srv        update:    - prompt 0x3af94b0:     431 tokens, checkpoints:  0,    53.881 MiB
srv        update:    - prompt 0x3224d60:     431 tokens, checkpoints:  0,    53.881 MiB
srv        update:    - prompt 0x3225330:     107 tokens, checkpoints:  0,    13.377 MiB
srv        update:    - prompt 0x32291b0:     105 tokens, checkpoints:  0,    13.127 MiB
srv        update:    - prompt 0x1194e10:     110 tokens, checkpoints:  0,    13.752 MiB
srv        update:    - prompt 0x3ad1b20:     116 tokens, checkpoints:  0,    14.502 MiB
srv        update:    - prompt 0x3228110:     109 tokens, checkpoints:  0,    13.627 MiB
srv        update:    - prompt 0x3229090:     113 tokens, checkpoints:  0,    14.127 MiB
srv        update:    - prompt 0xee1a40:     108 tokens, checkpoints:  0,    13.502 MiB
srv        update:    - prompt 0x321f8d0:     108 tokens, checkpoints:  0,    13.502 MiB
srv        update:    - prompt 0xf0e5d0:     108 tokens, checkpoints:  0,    13.502 MiB
srv        update:    - prompt 0xee8970:     111 tokens, checkpoints:  0,    13.877 MiB
srv        update:    - prompt 0xef15a0:     119 tokens, checkpoints:  0,    14.877 MiB
srv        update:    - prompt 0x3219830:     123 tokens, checkpoints:  0,    15.377 MiB
srv        update:    - prompt 0x32210f0:     165 tokens, checkpoints:  0,    20.628 MiB
srv        update:    - prompt 0xeec7b0:     131 tokens, checkpoints:  0,    16.377 MiB
srv        update:    - prompt 0x3af2910:     135 tokens, checkpoints:  0,    16.877 MiB
slot update_slots: id  3 | task 4848 | new prompt, n_ctx_slot = 4096, n_keep = 0, task.n_tokens = 33
slot update_slots: id  3 | task 4848 | n_tokens = 0, memory_seq_rm [0, end)
slot init_sampler: id  3 | task 4848 | init sampler, took 0.02 ms, tokens: text = 33, total = 33
slot update_slots: id  3 | task 4848 | prompt processing done, n_tokens = 33, batch.n_tokens = 33
srv  log_server_r: done request: POST /completion 127.0.0.1 200
slot print_timing: id  3 | task 4848 | 
prompt eval time =    1620.67 ms /    33 tokens (   49.11 ms per token,    20.36 tokens per second)
       eval time =   11125.99 ms /   100 tokens (  111.26 ms per token,     8.99 tokens per second)
      total time =   12746.66 ms /   133 tokens
slot      release: id  3 | task 4848 | stop processing: n_tokens = 132, truncated = 0
srv  update_slots: all slots are idle
slot get_availabl: id  2 | task -1 | selected slot by LRU, t_last = 290409827014
srv  get_availabl: updating prompt cache
srv          load:  - looking for better prompt, base f_keep = -1.000, sim = 0.000
srv          load:  - found better prompt with f_keep = 0.322, sim = 1.000
srv        update:  - cache state: 44 prompts, 978.497 MiB (limits: 8192.000 MiB, 4096 tokens, 65527 est)
srv        update:    - prompt 0xf0ef60:     106 tokens, checkpoints:  0,    13.252 MiB
srv        update:    - prompt 0x4391140:     107 tokens, checkpoints:  0,    13.377 MiB
srv        update:    - prompt 0x32239b0:     106 tokens, checkpoints:  0,    13.252 MiB
srv        update:    - prompt 0x321b8b0:     107 tokens, checkpoints:  0,    13.377 MiB
srv        update:    - prompt 0x3221630:     105 tokens, checkpoints:  0,    13.127 MiB
srv        update:    - prompt 0x4390ba0:     110 tokens, checkpoints:  0,    13.752 MiB
srv        update:    - prompt 0x3223470:     116 tokens, checkpoints:  0,    14.502 MiB
srv        update:    - prompt 0x4394c10:     109 tokens, checkpoints:  0,    13.627 MiB
srv        update:    - prompt 0x3224910:     113 tokens, checkpoints:  0,    14.127 MiB
srv        update:    - prompt 0x3230c90:     108 tokens, checkpoints:  0,    13.502 MiB
srv        update:    - prompt 0x11f0c00:     108 tokens, checkpoints:  0,    13.502 MiB
srv        update:    - prompt 0xee47f0:     108 tokens, checkpoints:  0,    13.502 MiB
srv        update:    - prompt 0x438f4c0:     111 tokens, checkpoints:  0,    13.877 MiB
srv        update:    - prompt 0x438f580:     119 tokens, checkpoints:  0,    14.877 MiB
srv        update:    - prompt 0x4be6150:     123 tokens, checkpoints:  0,    15.377 MiB
srv        update:    - prompt 0x3adf6d0:     131 tokens, checkpoints:  0,    16.377 MiB
srv        update:    - prompt 0x43918f0:     130 tokens, checkpoints:  0,    16.252 MiB
srv        update:    - prompt 0xf0c750:     136 tokens, checkpoints:  0,    17.002 MiB
srv        update:    - prompt 0x321a990:     136 tokens, checkpoints:  0,    17.002 MiB
srv        update:    - prompt 0x438a610:     241 tokens, checkpoints:  0,    30.129 MiB
srv        update:    - prompt 0x3220d10:     325 tokens, checkpoints:  0,    40.629 MiB
srv        update:    - prompt 0xfffdb80062a0:     363 tokens, checkpoints:  0,    45.380 MiB
srv        update:    - prompt 0xfffdb0004ad0:     425 tokens, checkpoints:  0,    53.131 MiB
srv        update:    - prompt 0xf09890:     409 tokens, checkpoints:  0,    51.130 MiB
srv        update:    - prompt 0x438b420:     412 tokens, checkpoints:  0,    51.505 MiB
srv        update:    - prompt 0x3ad6d90:     418 tokens, checkpoints:  0,    52.256 MiB
srv        update:    - prompt 0x321c560:     415 tokens, checkpoints:  0,    51.880 MiB
srv        update:    - prompt 0x3af94b0:     431 tokens, checkpoints:  0,    53.881 MiB
srv        update:    - prompt 0x3224d60:     431 tokens, checkpoints:  0,    53.881 MiB
srv        update:    - prompt 0x3225330:     107 tokens, checkpoints:  0,    13.377 MiB
srv        update:    - prompt 0x32291b0:     105 tokens, checkpoints:  0,    13.127 MiB
srv        update:    - prompt 0x1194e10:     110 tokens, checkpoints:  0,    13.752 MiB
srv        update:    - prompt 0x3ad1b20:     116 tokens, checkpoints:  0,    14.502 MiB
srv        update:    - prompt 0x3228110:     109 tokens, checkpoints:  0,    13.627 MiB
srv        update:    - prompt 0x3229090:     113 tokens, checkpoints:  0,    14.127 MiB
srv        update:    - prompt 0xee1a40:     108 tokens, checkpoints:  0,    13.502 MiB
srv        update:    - prompt 0x321f8d0:     108 tokens, checkpoints:  0,    13.502 MiB
srv        update:    - prompt 0xf0e5d0:     108 tokens, checkpoints:  0,    13.502 MiB
srv        update:    - prompt 0xee8970:     111 tokens, checkpoints:  0,    13.877 MiB
srv        update:    - prompt 0xef15a0:     119 tokens, checkpoints:  0,    14.877 MiB
srv        update:    - prompt 0x3219830:     123 tokens, checkpoints:  0,    15.377 MiB
srv        update:    - prompt 0x32210f0:     165 tokens, checkpoints:  0,    20.628 MiB
srv        update:    - prompt 0xeec7b0:     131 tokens, checkpoints:  0,    16.377 MiB
srv        update:    - prompt 0x3af2910:     135 tokens, checkpoints:  0,    16.877 MiB
srv  get_availabl: prompt cache update took 6.01 ms
slot launch_slot_: id  2 | task -1 | sampler chain: logits -> ?penalties -> ?dry -> ?top-n-sigma -> top-k -> ?typical -> top-p -> min-p -> ?xtc -> temp-ext -> dist 
slot launch_slot_: id  2 | task 4949 | processing task, is_child = 0
slot slot_save_an: id  3 | task -1 | saving idle slot to prompt cache
srv   prompt_save:  - saving prompt with length 132, total state size = 16.502 MiB
slot prompt_clear: id  3 | task -1 | clearing prompt with 132 tokens
srv        update:  - cache state: 45 prompts, 995.000 MiB (limits: 8192.000 MiB, 4096 tokens, 65527 est)
srv        update:    - prompt 0xf0ef60:     106 tokens, checkpoints:  0,    13.252 MiB
srv        update:    - prompt 0x4391140:     107 tokens, checkpoints:  0,    13.377 MiB
srv        update:    - prompt 0x32239b0:     106 tokens, checkpoints:  0,    13.252 MiB
srv        update:    - prompt 0x321b8b0:     107 tokens, checkpoints:  0,    13.377 MiB
srv        update:    - prompt 0x3221630:     105 tokens, checkpoints:  0,    13.127 MiB
srv        update:    - prompt 0x4390ba0:     110 tokens, checkpoints:  0,    13.752 MiB
srv        update:    - prompt 0x3223470:     116 tokens, checkpoints:  0,    14.502 MiB
srv        update:    - prompt 0x4394c10:     109 tokens, checkpoints:  0,    13.627 MiB
srv        update:    - prompt 0x3224910:     113 tokens, checkpoints:  0,    14.127 MiB
srv        update:    - prompt 0x3230c90:     108 tokens, checkpoints:  0,    13.502 MiB
srv        update:    - prompt 0x11f0c00:     108 tokens, checkpoints:  0,    13.502 MiB
srv        update:    - prompt 0xee47f0:     108 tokens, checkpoints:  0,    13.502 MiB
srv        update:    - prompt 0x438f4c0:     111 tokens, checkpoints:  0,    13.877 MiB
srv        update:    - prompt 0x438f580:     119 tokens, checkpoints:  0,    14.877 MiB
srv        update:    - prompt 0x4be6150:     123 tokens, checkpoints:  0,    15.377 MiB
srv        update:    - prompt 0x3adf6d0:     131 tokens, checkpoints:  0,    16.377 MiB
srv        update:    - prompt 0x43918f0:     130 tokens, checkpoints:  0,    16.252 MiB
srv        update:    - prompt 0xf0c750:     136 tokens, checkpoints:  0,    17.002 MiB
srv        update:    - prompt 0x321a990:     136 tokens, checkpoints:  0,    17.002 MiB
srv        update:    - prompt 0x438a610:     241 tokens, checkpoints:  0,    30.129 MiB
srv        update:    - prompt 0x3220d10:     325 tokens, checkpoints:  0,    40.629 MiB
srv        update:    - prompt 0xfffdb80062a0:     363 tokens, checkpoints:  0,    45.380 MiB
srv        update:    - prompt 0xfffdb0004ad0:     425 tokens, checkpoints:  0,    53.131 MiB
srv        update:    - prompt 0xf09890:     409 tokens, checkpoints:  0,    51.130 MiB
srv        update:    - prompt 0x438b420:     412 tokens, checkpoints:  0,    51.505 MiB
srv        update:    - prompt 0x3ad6d90:     418 tokens, checkpoints:  0,    52.256 MiB
srv        update:    - prompt 0x321c560:     415 tokens, checkpoints:  0,    51.880 MiB
srv        update:    - prompt 0x3af94b0:     431 tokens, checkpoints:  0,    53.881 MiB
srv        update:    - prompt 0x3224d60:     431 tokens, checkpoints:  0,    53.881 MiB
srv        update:    - prompt 0x3225330:     107 tokens, checkpoints:  0,    13.377 MiB
srv        update:    - prompt 0x32291b0:     105 tokens, checkpoints:  0,    13.127 MiB
srv        update:    - prompt 0x1194e10:     110 tokens, checkpoints:  0,    13.752 MiB
srv        update:    - prompt 0x3ad1b20:     116 tokens, checkpoints:  0,    14.502 MiB
srv        update:    - prompt 0x3228110:     109 tokens, checkpoints:  0,    13.627 MiB
srv        update:    - prompt 0x3229090:     113 tokens, checkpoints:  0,    14.127 MiB
srv        update:    - prompt 0xee1a40:     108 tokens, checkpoints:  0,    13.502 MiB
srv        update:    - prompt 0x321f8d0:     108 tokens, checkpoints:  0,    13.502 MiB
srv        update:    - prompt 0xf0e5d0:     108 tokens, checkpoints:  0,    13.502 MiB
srv        update:    - prompt 0xee8970:     111 tokens, checkpoints:  0,    13.877 MiB
srv        update:    - prompt 0xef15a0:     119 tokens, checkpoints:  0,    14.877 MiB
srv        update:    - prompt 0x3219830:     123 tokens, checkpoints:  0,    15.377 MiB
srv        update:    - prompt 0x32210f0:     165 tokens, checkpoints:  0,    20.628 MiB
srv        update:    - prompt 0xeec7b0:     131 tokens, checkpoints:  0,    16.377 MiB
srv        update:    - prompt 0x3af2910:     135 tokens, checkpoints:  0,    16.877 MiB
srv        update:    - prompt 0x3aeb3b0:     132 tokens, checkpoints:  0,    16.502 MiB
slot update_slots: id  2 | task 4949 | new prompt, n_ctx_slot = 4096, n_keep = 0, task.n_tokens = 47
slot update_slots: id  2 | task 4949 | n_tokens = 0, memory_seq_rm [0, end)
slot init_sampler: id  2 | task 4949 | init sampler, took 0.03 ms, tokens: text = 47, total = 47
slot update_slots: id  2 | task 4949 | prompt processing done, n_tokens = 47, batch.n_tokens = 47
srv  log_server_r: done request: POST /completion 127.0.0.1 200
slot print_timing: id  2 | task 4949 | 
prompt eval time =    2312.02 ms /    47 tokens (   49.19 ms per token,    20.33 tokens per second)
       eval time =    7548.34 ms /   100 tokens (   75.48 ms per token,    13.25 tokens per second)
      total time =    9860.36 ms /   147 tokens
slot      release: id  2 | task 4949 | stop processing: n_tokens = 146, truncated = 0
srv  update_slots: all slots are idle
slot get_availabl: id  1 | task -1 | selected slot by LRU, t_last = 290419437756
srv  get_availabl: updating prompt cache
srv          load:  - looking for better prompt, base f_keep = -1.000, sim = 0.000
srv        update:  - cache state: 45 prompts, 995.000 MiB (limits: 8192.000 MiB, 4096 tokens, 65527 est)
srv        update:    - prompt 0xf0ef60:     106 tokens, checkpoints:  0,    13.252 MiB
srv        update:    - prompt 0x4391140:     107 tokens, checkpoints:  0,    13.377 MiB
srv        update:    - prompt 0x32239b0:     106 tokens, checkpoints:  0,    13.252 MiB
srv        update:    - prompt 0x321b8b0:     107 tokens, checkpoints:  0,    13.377 MiB
srv        update:    - prompt 0x3221630:     105 tokens, checkpoints:  0,    13.127 MiB
srv        update:    - prompt 0x4390ba0:     110 tokens, checkpoints:  0,    13.752 MiB
srv        update:    - prompt 0x3223470:     116 tokens, checkpoints:  0,    14.502 MiB
srv        update:    - prompt 0x4394c10:     109 tokens, checkpoints:  0,    13.627 MiB
srv        update:    - prompt 0x3224910:     113 tokens, checkpoints:  0,    14.127 MiB
srv        update:    - prompt 0x3230c90:     108 tokens, checkpoints:  0,    13.502 MiB
srv        update:    - prompt 0x11f0c00:     108 tokens, checkpoints:  0,    13.502 MiB
srv        update:    - prompt 0xee47f0:     108 tokens, checkpoints:  0,    13.502 MiB
srv        update:    - prompt 0x438f4c0:     111 tokens, checkpoints:  0,    13.877 MiB
srv        update:    - prompt 0x438f580:     119 tokens, checkpoints:  0,    14.877 MiB
srv        update:    - prompt 0x4be6150:     123 tokens, checkpoints:  0,    15.377 MiB
srv        update:    - prompt 0x3adf6d0:     131 tokens, checkpoints:  0,    16.377 MiB
srv        update:    - prompt 0x43918f0:     130 tokens, checkpoints:  0,    16.252 MiB
srv        update:    - prompt 0xf0c750:     136 tokens, checkpoints:  0,    17.002 MiB
srv        update:    - prompt 0x321a990:     136 tokens, checkpoints:  0,    17.002 MiB
srv        update:    - prompt 0x438a610:     241 tokens, checkpoints:  0,    30.129 MiB
srv        update:    - prompt 0x3220d10:     325 tokens, checkpoints:  0,    40.629 MiB
srv        update:    - prompt 0xfffdb80062a0:     363 tokens, checkpoints:  0,    45.380 MiB
srv        update:    - prompt 0xfffdb0004ad0:     425 tokens, checkpoints:  0,    53.131 MiB
srv        update:    - prompt 0xf09890:     409 tokens, checkpoints:  0,    51.130 MiB
srv        update:    - prompt 0x438b420:     412 tokens, checkpoints:  0,    51.505 MiB
srv        update:    - prompt 0x3ad6d90:     418 tokens, checkpoints:  0,    52.256 MiB
srv        update:    - prompt 0x321c560:     415 tokens, checkpoints:  0,    51.880 MiB
srv        update:    - prompt 0x3af94b0:     431 tokens, checkpoints:  0,    53.881 MiB
srv        update:    - prompt 0x3224d60:     431 tokens, checkpoints:  0,    53.881 MiB
srv        update:    - prompt 0x3225330:     107 tokens, checkpoints:  0,    13.377 MiB
srv        update:    - prompt 0x32291b0:     105 tokens, checkpoints:  0,    13.127 MiB
srv        update:    - prompt 0x1194e10:     110 tokens, checkpoints:  0,    13.752 MiB
srv        update:    - prompt 0x3ad1b20:     116 tokens, checkpoints:  0,    14.502 MiB
srv        update:    - prompt 0x3228110:     109 tokens, checkpoints:  0,    13.627 MiB
srv        update:    - prompt 0x3229090:     113 tokens, checkpoints:  0,    14.127 MiB
srv        update:    - prompt 0xee1a40:     108 tokens, checkpoints:  0,    13.502 MiB
srv        update:    - prompt 0x321f8d0:     108 tokens, checkpoints:  0,    13.502 MiB
srv        update:    - prompt 0xf0e5d0:     108 tokens, checkpoints:  0,    13.502 MiB
srv        update:    - prompt 0xee8970:     111 tokens, checkpoints:  0,    13.877 MiB
srv        update:    - prompt 0xef15a0:     119 tokens, checkpoints:  0,    14.877 MiB
srv        update:    - prompt 0x3219830:     123 tokens, checkpoints:  0,    15.377 MiB
srv        update:    - prompt 0x32210f0:     165 tokens, checkpoints:  0,    20.628 MiB
srv        update:    - prompt 0xeec7b0:     131 tokens, checkpoints:  0,    16.377 MiB
srv        update:    - prompt 0x3af2910:     135 tokens, checkpoints:  0,    16.877 MiB
srv        update:    - prompt 0x3aeb3b0:     132 tokens, checkpoints:  0,    16.502 MiB
srv  get_availabl: prompt cache update took 0.20 ms
slot launch_slot_: id  1 | task -1 | sampler chain: logits -> ?penalties -> ?dry -> ?top-n-sigma -> top-k -> ?typical -> top-p -> min-p -> ?xtc -> temp-ext -> dist 
slot launch_slot_: id  1 | task 5050 | processing task, is_child = 0
slot slot_save_an: id  2 | task -1 | saving idle slot to prompt cache
srv   prompt_save:  - saving prompt with length 146, total state size = 18.252 MiB
slot prompt_clear: id  2 | task -1 | clearing prompt with 146 tokens
srv        update:  - cache state: 46 prompts, 1013.252 MiB (limits: 8192.000 MiB, 4096 tokens, 65527 est)
srv        update:    - prompt 0xf0ef60:     106 tokens, checkpoints:  0,    13.252 MiB
srv        update:    - prompt 0x4391140:     107 tokens, checkpoints:  0,    13.377 MiB
srv        update:    - prompt 0x32239b0:     106 tokens, checkpoints:  0,    13.252 MiB
srv        update:    - prompt 0x321b8b0:     107 tokens, checkpoints:  0,    13.377 MiB
srv        update:    - prompt 0x3221630:     105 tokens, checkpoints:  0,    13.127 MiB
srv        update:    - prompt 0x4390ba0:     110 tokens, checkpoints:  0,    13.752 MiB
srv        update:    - prompt 0x3223470:     116 tokens, checkpoints:  0,    14.502 MiB
srv        update:    - prompt 0x4394c10:     109 tokens, checkpoints:  0,    13.627 MiB
srv        update:    - prompt 0x3224910:     113 tokens, checkpoints:  0,    14.127 MiB
srv        update:    - prompt 0x3230c90:     108 tokens, checkpoints:  0,    13.502 MiB
srv        update:    - prompt 0x11f0c00:     108 tokens, checkpoints:  0,    13.502 MiB
srv        update:    - prompt 0xee47f0:     108 tokens, checkpoints:  0,    13.502 MiB
srv        update:    - prompt 0x438f4c0:     111 tokens, checkpoints:  0,    13.877 MiB
srv        update:    - prompt 0x438f580:     119 tokens, checkpoints:  0,    14.877 MiB
srv        update:    - prompt 0x4be6150:     123 tokens, checkpoints:  0,    15.377 MiB
srv        update:    - prompt 0x3adf6d0:     131 tokens, checkpoints:  0,    16.377 MiB
srv        update:    - prompt 0x43918f0:     130 tokens, checkpoints:  0,    16.252 MiB
srv        update:    - prompt 0xf0c750:     136 tokens, checkpoints:  0,    17.002 MiB
srv        update:    - prompt 0x321a990:     136 tokens, checkpoints:  0,    17.002 MiB
srv        update:    - prompt 0x438a610:     241 tokens, checkpoints:  0,    30.129 MiB
srv        update:    - prompt 0x3220d10:     325 tokens, checkpoints:  0,    40.629 MiB
srv        update:    - prompt 0xfffdb80062a0:     363 tokens, checkpoints:  0,    45.380 MiB
srv        update:    - prompt 0xfffdb0004ad0:     425 tokens, checkpoints:  0,    53.131 MiB
srv        update:    - prompt 0xf09890:     409 tokens, checkpoints:  0,    51.130 MiB
srv        update:    - prompt 0x438b420:     412 tokens, checkpoints:  0,    51.505 MiB
srv        update:    - prompt 0x3ad6d90:     418 tokens, checkpoints:  0,    52.256 MiB
srv        update:    - prompt 0x321c560:     415 tokens, checkpoints:  0,    51.880 MiB
srv        update:    - prompt 0x3af94b0:     431 tokens, checkpoints:  0,    53.881 MiB
srv        update:    - prompt 0x3224d60:     431 tokens, checkpoints:  0,    53.881 MiB
srv        update:    - prompt 0x3225330:     107 tokens, checkpoints:  0,    13.377 MiB
srv        update:    - prompt 0x32291b0:     105 tokens, checkpoints:  0,    13.127 MiB
srv        update:    - prompt 0x1194e10:     110 tokens, checkpoints:  0,    13.752 MiB
srv        update:    - prompt 0x3ad1b20:     116 tokens, checkpoints:  0,    14.502 MiB
srv        update:    - prompt 0x3228110:     109 tokens, checkpoints:  0,    13.627 MiB
srv        update:    - prompt 0x3229090:     113 tokens, checkpoints:  0,    14.127 MiB
srv        update:    - prompt 0xee1a40:     108 tokens, checkpoints:  0,    13.502 MiB
srv        update:    - prompt 0x321f8d0:     108 tokens, checkpoints:  0,    13.502 MiB
srv        update:    - prompt 0xf0e5d0:     108 tokens, checkpoints:  0,    13.502 MiB
srv        update:    - prompt 0xee8970:     111 tokens, checkpoints:  0,    13.877 MiB
srv        update:    - prompt 0xef15a0:     119 tokens, checkpoints:  0,    14.877 MiB
srv        update:    - prompt 0x3219830:     123 tokens, checkpoints:  0,    15.377 MiB
srv        update:    - prompt 0x32210f0:     165 tokens, checkpoints:  0,    20.628 MiB
srv        update:    - prompt 0xeec7b0:     131 tokens, checkpoints:  0,    16.377 MiB
srv        update:    - prompt 0x3af2910:     135 tokens, checkpoints:  0,    16.877 MiB
srv        update:    - prompt 0x3aeb3b0:     132 tokens, checkpoints:  0,    16.502 MiB
srv        update:    - prompt 0xee04b0:     146 tokens, checkpoints:  0,    18.252 MiB
slot update_slots: id  1 | task 5050 | new prompt, n_ctx_slot = 4096, n_keep = 0, task.n_tokens = 31
slot update_slots: id  1 | task 5050 | n_tokens = 0, memory_seq_rm [0, end)
slot init_sampler: id  1 | task 5050 | init sampler, took 0.02 ms, tokens: text = 31, total = 31
slot update_slots: id  1 | task 5050 | prompt processing done, n_tokens = 31, batch.n_tokens = 31
srv  log_server_r: done request: POST /completion 127.0.0.1 200
slot print_timing: id  1 | task 5050 | 
prompt eval time =    1535.16 ms /    31 tokens (   49.52 ms per token,    20.19 tokens per second)
       eval time =    8013.57 ms /   100 tokens (   80.14 ms per token,    12.48 tokens per second)
      total time =    9548.74 ms /   131 tokens
slot      release: id  1 | task 5050 | stop processing: n_tokens = 130, truncated = 0
srv  update_slots: all slots are idle
slot get_availabl: id  0 | task -1 | selected slot by LRU, t_last = 290429037695
srv  get_availabl: updating prompt cache
srv          load:  - looking for better prompt, base f_keep = -1.000, sim = 0.000
srv          load:  - found better prompt with f_keep = 0.272, sim = 1.000
srv        update:  - cache state: 45 prompts, 996.250 MiB (limits: 8192.000 MiB, 4096 tokens, 65527 est)
srv        update:    - prompt 0xf0ef60:     106 tokens, checkpoints:  0,    13.252 MiB
srv        update:    - prompt 0x4391140:     107 tokens, checkpoints:  0,    13.377 MiB
srv        update:    - prompt 0x32239b0:     106 tokens, checkpoints:  0,    13.252 MiB
srv        update:    - prompt 0x321b8b0:     107 tokens, checkpoints:  0,    13.377 MiB
srv        update:    - prompt 0x3221630:     105 tokens, checkpoints:  0,    13.127 MiB
srv        update:    - prompt 0x4390ba0:     110 tokens, checkpoints:  0,    13.752 MiB
srv        update:    - prompt 0x3223470:     116 tokens, checkpoints:  0,    14.502 MiB
srv        update:    - prompt 0x4394c10:     109 tokens, checkpoints:  0,    13.627 MiB
srv        update:    - prompt 0x3224910:     113 tokens, checkpoints:  0,    14.127 MiB
srv        update:    - prompt 0x3230c90:     108 tokens, checkpoints:  0,    13.502 MiB
srv        update:    - prompt 0x11f0c00:     108 tokens, checkpoints:  0,    13.502 MiB
srv        update:    - prompt 0xee47f0:     108 tokens, checkpoints:  0,    13.502 MiB
srv        update:    - prompt 0x438f4c0:     111 tokens, checkpoints:  0,    13.877 MiB
srv        update:    - prompt 0x438f580:     119 tokens, checkpoints:  0,    14.877 MiB
srv        update:    - prompt 0x4be6150:     123 tokens, checkpoints:  0,    15.377 MiB
srv        update:    - prompt 0x3adf6d0:     131 tokens, checkpoints:  0,    16.377 MiB
srv        update:    - prompt 0x43918f0:     130 tokens, checkpoints:  0,    16.252 MiB
srv        update:    - prompt 0x321a990:     136 tokens, checkpoints:  0,    17.002 MiB
srv        update:    - prompt 0x438a610:     241 tokens, checkpoints:  0,    30.129 MiB
srv        update:    - prompt 0x3220d10:     325 tokens, checkpoints:  0,    40.629 MiB
srv        update:    - prompt 0xfffdb80062a0:     363 tokens, checkpoints:  0,    45.380 MiB
srv        update:    - prompt 0xfffdb0004ad0:     425 tokens, checkpoints:  0,    53.131 MiB
srv        update:    - prompt 0xf09890:     409 tokens, checkpoints:  0,    51.130 MiB
srv        update:    - prompt 0x438b420:     412 tokens, checkpoints:  0,    51.505 MiB
srv        update:    - prompt 0x3ad6d90:     418 tokens, checkpoints:  0,    52.256 MiB
srv        update:    - prompt 0x321c560:     415 tokens, checkpoints:  0,    51.880 MiB
srv        update:    - prompt 0x3af94b0:     431 tokens, checkpoints:  0,    53.881 MiB
srv        update:    - prompt 0x3224d60:     431 tokens, checkpoints:  0,    53.881 MiB
srv        update:    - prompt 0x3225330:     107 tokens, checkpoints:  0,    13.377 MiB
srv        update:    - prompt 0x32291b0:     105 tokens, checkpoints:  0,    13.127 MiB
srv        update:    - prompt 0x1194e10:     110 tokens, checkpoints:  0,    13.752 MiB
srv        update:    - prompt 0x3ad1b20:     116 tokens, checkpoints:  0,    14.502 MiB
srv        update:    - prompt 0x3228110:     109 tokens, checkpoints:  0,    13.627 MiB
srv        update:    - prompt 0x3229090:     113 tokens, checkpoints:  0,    14.127 MiB
srv        update:    - prompt 0xee1a40:     108 tokens, checkpoints:  0,    13.502 MiB
srv        update:    - prompt 0x321f8d0:     108 tokens, checkpoints:  0,    13.502 MiB
srv        update:    - prompt 0xf0e5d0:     108 tokens, checkpoints:  0,    13.502 MiB
srv        update:    - prompt 0xee8970:     111 tokens, checkpoints:  0,    13.877 MiB
srv        update:    - prompt 0xef15a0:     119 tokens, checkpoints:  0,    14.877 MiB
srv        update:    - prompt 0x3219830:     123 tokens, checkpoints:  0,    15.377 MiB
srv        update:    - prompt 0x32210f0:     165 tokens, checkpoints:  0,    20.628 MiB
srv        update:    - prompt 0xeec7b0:     131 tokens, checkpoints:  0,    16.377 MiB
srv        update:    - prompt 0x3af2910:     135 tokens, checkpoints:  0,    16.877 MiB
srv        update:    - prompt 0x3aeb3b0:     132 tokens, checkpoints:  0,    16.502 MiB
srv        update:    - prompt 0xee04b0:     146 tokens, checkpoints:  0,    18.252 MiB
srv  get_availabl: prompt cache update took 5.49 ms
slot launch_slot_: id  0 | task -1 | sampler chain: logits -> ?penalties -> ?dry -> ?top-n-sigma -> top-k -> ?typical -> top-p -> min-p -> ?xtc -> temp-ext -> dist 
slot launch_slot_: id  0 | task 5151 | processing task, is_child = 0
slot slot_save_an: id  1 | task -1 | saving idle slot to prompt cache
srv   prompt_save:  - saving prompt with length 130, total state size = 16.252 MiB
slot prompt_clear: id  1 | task -1 | clearing prompt with 130 tokens
srv        update:  - cache state: 46 prompts, 1012.502 MiB (limits: 8192.000 MiB, 4096 tokens, 65527 est)
srv        update:    - prompt 0xf0ef60:     106 tokens, checkpoints:  0,    13.252 MiB
srv        update:    - prompt 0x4391140:     107 tokens, checkpoints:  0,    13.377 MiB
srv        update:    - prompt 0x32239b0:     106 tokens, checkpoints:  0,    13.252 MiB
srv        update:    - prompt 0x321b8b0:     107 tokens, checkpoints:  0,    13.377 MiB
srv        update:    - prompt 0x3221630:     105 tokens, checkpoints:  0,    13.127 MiB
srv        update:    - prompt 0x4390ba0:     110 tokens, checkpoints:  0,    13.752 MiB
srv        update:    - prompt 0x3223470:     116 tokens, checkpoints:  0,    14.502 MiB
srv        update:    - prompt 0x4394c10:     109 tokens, checkpoints:  0,    13.627 MiB
srv        update:    - prompt 0x3224910:     113 tokens, checkpoints:  0,    14.127 MiB
srv        update:    - prompt 0x3230c90:     108 tokens, checkpoints:  0,    13.502 MiB
srv        update:    - prompt 0x11f0c00:     108 tokens, checkpoints:  0,    13.502 MiB
srv        update:    - prompt 0xee47f0:     108 tokens, checkpoints:  0,    13.502 MiB
srv        update:    - prompt 0x438f4c0:     111 tokens, checkpoints:  0,    13.877 MiB
srv        update:    - prompt 0x438f580:     119 tokens, checkpoints:  0,    14.877 MiB
srv        update:    - prompt 0x4be6150:     123 tokens, checkpoints:  0,    15.377 MiB
srv        update:    - prompt 0x3adf6d0:     131 tokens, checkpoints:  0,    16.377 MiB
srv        update:    - prompt 0x43918f0:     130 tokens, checkpoints:  0,    16.252 MiB
srv        update:    - prompt 0x321a990:     136 tokens, checkpoints:  0,    17.002 MiB
srv        update:    - prompt 0x438a610:     241 tokens, checkpoints:  0,    30.129 MiB
srv        update:    - prompt 0x3220d10:     325 tokens, checkpoints:  0,    40.629 MiB
srv        update:    - prompt 0xfffdb80062a0:     363 tokens, checkpoints:  0,    45.380 MiB
srv        update:    - prompt 0xfffdb0004ad0:     425 tokens, checkpoints:  0,    53.131 MiB
srv        update:    - prompt 0xf09890:     409 tokens, checkpoints:  0,    51.130 MiB
srv        update:    - prompt 0x438b420:     412 tokens, checkpoints:  0,    51.505 MiB
srv        update:    - prompt 0x3ad6d90:     418 tokens, checkpoints:  0,    52.256 MiB
srv        update:    - prompt 0x321c560:     415 tokens, checkpoints:  0,    51.880 MiB
srv        update:    - prompt 0x3af94b0:     431 tokens, checkpoints:  0,    53.881 MiB
srv        update:    - prompt 0x3224d60:     431 tokens, checkpoints:  0,    53.881 MiB
srv        update:    - prompt 0x3225330:     107 tokens, checkpoints:  0,    13.377 MiB
srv        update:    - prompt 0x32291b0:     105 tokens, checkpoints:  0,    13.127 MiB
srv        update:    - prompt 0x1194e10:     110 tokens, checkpoints:  0,    13.752 MiB
srv        update:    - prompt 0x3ad1b20:     116 tokens, checkpoints:  0,    14.502 MiB
srv        update:    - prompt 0x3228110:     109 tokens, checkpoints:  0,    13.627 MiB
srv        update:    - prompt 0x3229090:     113 tokens, checkpoints:  0,    14.127 MiB
srv        update:    - prompt 0xee1a40:     108 tokens, checkpoints:  0,    13.502 MiB
srv        update:    - prompt 0x321f8d0:     108 tokens, checkpoints:  0,    13.502 MiB
srv        update:    - prompt 0xf0e5d0:     108 tokens, checkpoints:  0,    13.502 MiB
srv        update:    - prompt 0xee8970:     111 tokens, checkpoints:  0,    13.877 MiB
srv        update:    - prompt 0xef15a0:     119 tokens, checkpoints:  0,    14.877 MiB
srv        update:    - prompt 0x3219830:     123 tokens, checkpoints:  0,    15.377 MiB
srv        update:    - prompt 0x32210f0:     165 tokens, checkpoints:  0,    20.628 MiB
srv        update:    - prompt 0xeec7b0:     131 tokens, checkpoints:  0,    16.377 MiB
srv        update:    - prompt 0x3af2910:     135 tokens, checkpoints:  0,    16.877 MiB
srv        update:    - prompt 0x3aeb3b0:     132 tokens, checkpoints:  0,    16.502 MiB
srv        update:    - prompt 0xee04b0:     146 tokens, checkpoints:  0,    18.252 MiB
srv        update:    - prompt 0x3227330:     130 tokens, checkpoints:  0,    16.252 MiB
slot update_slots: id  0 | task 5151 | new prompt, n_ctx_slot = 4096, n_keep = 0, task.n_tokens = 37
slot update_slots: id  0 | task 5151 | n_tokens = 0, memory_seq_rm [0, end)
slot init_sampler: id  0 | task 5151 | init sampler, took 0.02 ms, tokens: text = 37, total = 37
slot update_slots: id  0 | task 5151 | prompt processing done, n_tokens = 37, batch.n_tokens = 37
srv  log_server_r: done request: POST /completion 127.0.0.1 200
slot print_timing: id  0 | task 5151 | 
prompt eval time =    1810.13 ms /    37 tokens (   48.92 ms per token,    20.44 tokens per second)
       eval time =    9344.95 ms /   100 tokens (   93.45 ms per token,    10.70 tokens per second)
      total time =   11155.08 ms /   137 tokens
slot      release: id  0 | task 5151 | stop processing: n_tokens = 136, truncated = 0
srv  update_slots: all slots are idle
slot get_availabl: id  3 | task -1 | selected slot by LRU, t_last = 290442383026
srv  get_availabl: updating prompt cache
srv          load:  - looking for better prompt, base f_keep = -1.000, sim = 0.000
srv          load:  - found better prompt with f_keep = 0.272, sim = 1.000
srv        update:  - cache state: 45 prompts, 995.500 MiB (limits: 8192.000 MiB, 4096 tokens, 65527 est)
srv        update:    - prompt 0xf0ef60:     106 tokens, checkpoints:  0,    13.252 MiB
srv        update:    - prompt 0x4391140:     107 tokens, checkpoints:  0,    13.377 MiB
srv        update:    - prompt 0x32239b0:     106 tokens, checkpoints:  0,    13.252 MiB
srv        update:    - prompt 0x321b8b0:     107 tokens, checkpoints:  0,    13.377 MiB
srv        update:    - prompt 0x3221630:     105 tokens, checkpoints:  0,    13.127 MiB
srv        update:    - prompt 0x4390ba0:     110 tokens, checkpoints:  0,    13.752 MiB
srv        update:    - prompt 0x3223470:     116 tokens, checkpoints:  0,    14.502 MiB
srv        update:    - prompt 0x4394c10:     109 tokens, checkpoints:  0,    13.627 MiB
srv        update:    - prompt 0x3224910:     113 tokens, checkpoints:  0,    14.127 MiB
srv        update:    - prompt 0x3230c90:     108 tokens, checkpoints:  0,    13.502 MiB
srv        update:    - prompt 0x11f0c00:     108 tokens, checkpoints:  0,    13.502 MiB
srv        update:    - prompt 0xee47f0:     108 tokens, checkpoints:  0,    13.502 MiB
srv        update:    - prompt 0x438f4c0:     111 tokens, checkpoints:  0,    13.877 MiB
srv        update:    - prompt 0x438f580:     119 tokens, checkpoints:  0,    14.877 MiB
srv        update:    - prompt 0x4be6150:     123 tokens, checkpoints:  0,    15.377 MiB
srv        update:    - prompt 0x3adf6d0:     131 tokens, checkpoints:  0,    16.377 MiB
srv        update:    - prompt 0x43918f0:     130 tokens, checkpoints:  0,    16.252 MiB
srv        update:    - prompt 0x438a610:     241 tokens, checkpoints:  0,    30.129 MiB
srv        update:    - prompt 0x3220d10:     325 tokens, checkpoints:  0,    40.629 MiB
srv        update:    - prompt 0xfffdb80062a0:     363 tokens, checkpoints:  0,    45.380 MiB
srv        update:    - prompt 0xfffdb0004ad0:     425 tokens, checkpoints:  0,    53.131 MiB
srv        update:    - prompt 0xf09890:     409 tokens, checkpoints:  0,    51.130 MiB
srv        update:    - prompt 0x438b420:     412 tokens, checkpoints:  0,    51.505 MiB
srv        update:    - prompt 0x3ad6d90:     418 tokens, checkpoints:  0,    52.256 MiB
srv        update:    - prompt 0x321c560:     415 tokens, checkpoints:  0,    51.880 MiB
srv        update:    - prompt 0x3af94b0:     431 tokens, checkpoints:  0,    53.881 MiB
srv        update:    - prompt 0x3224d60:     431 tokens, checkpoints:  0,    53.881 MiB
srv        update:    - prompt 0x3225330:     107 tokens, checkpoints:  0,    13.377 MiB
srv        update:    - prompt 0x32291b0:     105 tokens, checkpoints:  0,    13.127 MiB
srv        update:    - prompt 0x1194e10:     110 tokens, checkpoints:  0,    13.752 MiB
srv        update:    - prompt 0x3ad1b20:     116 tokens, checkpoints:  0,    14.502 MiB
srv        update:    - prompt 0x3228110:     109 tokens, checkpoints:  0,    13.627 MiB
srv        update:    - prompt 0x3229090:     113 tokens, checkpoints:  0,    14.127 MiB
srv        update:    - prompt 0xee1a40:     108 tokens, checkpoints:  0,    13.502 MiB
srv        update:    - prompt 0x321f8d0:     108 tokens, checkpoints:  0,    13.502 MiB
srv        update:    - prompt 0xf0e5d0:     108 tokens, checkpoints:  0,    13.502 MiB
srv        update:    - prompt 0xee8970:     111 tokens, checkpoints:  0,    13.877 MiB
srv        update:    - prompt 0xef15a0:     119 tokens, checkpoints:  0,    14.877 MiB
srv        update:    - prompt 0x3219830:     123 tokens, checkpoints:  0,    15.377 MiB
srv        update:    - prompt 0x32210f0:     165 tokens, checkpoints:  0,    20.628 MiB
srv        update:    - prompt 0xeec7b0:     131 tokens, checkpoints:  0,    16.377 MiB
srv        update:    - prompt 0x3af2910:     135 tokens, checkpoints:  0,    16.877 MiB
srv        update:    - prompt 0x3aeb3b0:     132 tokens, checkpoints:  0,    16.502 MiB
srv        update:    - prompt 0xee04b0:     146 tokens, checkpoints:  0,    18.252 MiB
srv        update:    - prompt 0x3227330:     130 tokens, checkpoints:  0,    16.252 MiB
srv  get_availabl: prompt cache update took 5.45 ms
slot launch_slot_: id  3 | task -1 | sampler chain: logits -> ?penalties -> ?dry -> ?top-n-sigma -> top-k -> ?typical -> top-p -> min-p -> ?xtc -> temp-ext -> dist 
slot launch_slot_: id  3 | task 5252 | processing task, is_child = 0
slot slot_save_an: id  0 | task -1 | saving idle slot to prompt cache
srv   prompt_save:  - saving prompt with length 136, total state size = 17.002 MiB
slot prompt_clear: id  0 | task -1 | clearing prompt with 136 tokens
srv        update:  - cache state: 46 prompts, 1012.502 MiB (limits: 8192.000 MiB, 4096 tokens, 65527 est)
srv        update:    - prompt 0xf0ef60:     106 tokens, checkpoints:  0,    13.252 MiB
srv        update:    - prompt 0x4391140:     107 tokens, checkpoints:  0,    13.377 MiB
srv        update:    - prompt 0x32239b0:     106 tokens, checkpoints:  0,    13.252 MiB
srv        update:    - prompt 0x321b8b0:     107 tokens, checkpoints:  0,    13.377 MiB
srv        update:    - prompt 0x3221630:     105 tokens, checkpoints:  0,    13.127 MiB
srv        update:    - prompt 0x4390ba0:     110 tokens, checkpoints:  0,    13.752 MiB
srv        update:    - prompt 0x3223470:     116 tokens, checkpoints:  0,    14.502 MiB
srv        update:    - prompt 0x4394c10:     109 tokens, checkpoints:  0,    13.627 MiB
srv        update:    - prompt 0x3224910:     113 tokens, checkpoints:  0,    14.127 MiB
srv        update:    - prompt 0x3230c90:     108 tokens, checkpoints:  0,    13.502 MiB
srv        update:    - prompt 0x11f0c00:     108 tokens, checkpoints:  0,    13.502 MiB
srv        update:    - prompt 0xee47f0:     108 tokens, checkpoints:  0,    13.502 MiB
srv        update:    - prompt 0x438f4c0:     111 tokens, checkpoints:  0,    13.877 MiB
srv        update:    - prompt 0x438f580:     119 tokens, checkpoints:  0,    14.877 MiB
srv        update:    - prompt 0x4be6150:     123 tokens, checkpoints:  0,    15.377 MiB
srv        update:    - prompt 0x3adf6d0:     131 tokens, checkpoints:  0,    16.377 MiB
srv        update:    - prompt 0x43918f0:     130 tokens, checkpoints:  0,    16.252 MiB
srv        update:    - prompt 0x438a610:     241 tokens, checkpoints:  0,    30.129 MiB
srv        update:    - prompt 0x3220d10:     325 tokens, checkpoints:  0,    40.629 MiB
srv        update:    - prompt 0xfffdb80062a0:     363 tokens, checkpoints:  0,    45.380 MiB
srv        update:    - prompt 0xfffdb0004ad0:     425 tokens, checkpoints:  0,    53.131 MiB
srv        update:    - prompt 0xf09890:     409 tokens, checkpoints:  0,    51.130 MiB
srv        update:    - prompt 0x438b420:     412 tokens, checkpoints:  0,    51.505 MiB
srv        update:    - prompt 0x3ad6d90:     418 tokens, checkpoints:  0,    52.256 MiB
srv        update:    - prompt 0x321c560:     415 tokens, checkpoints:  0,    51.880 MiB
srv        update:    - prompt 0x3af94b0:     431 tokens, checkpoints:  0,    53.881 MiB
srv        update:    - prompt 0x3224d60:     431 tokens, checkpoints:  0,    53.881 MiB
srv        update:    - prompt 0x3225330:     107 tokens, checkpoints:  0,    13.377 MiB
srv        update:    - prompt 0x32291b0:     105 tokens, checkpoints:  0,    13.127 MiB
srv        update:    - prompt 0x1194e10:     110 tokens, checkpoints:  0,    13.752 MiB
srv        update:    - prompt 0x3ad1b20:     116 tokens, checkpoints:  0,    14.502 MiB
srv        update:    - prompt 0x3228110:     109 tokens, checkpoints:  0,    13.627 MiB
srv        update:    - prompt 0x3229090:     113 tokens, checkpoints:  0,    14.127 MiB
srv        update:    - prompt 0xee1a40:     108 tokens, checkpoints:  0,    13.502 MiB
srv        update:    - prompt 0x321f8d0:     108 tokens, checkpoints:  0,    13.502 MiB
srv        update:    - prompt 0xf0e5d0:     108 tokens, checkpoints:  0,    13.502 MiB
srv        update:    - prompt 0xee8970:     111 tokens, checkpoints:  0,    13.877 MiB
srv        update:    - prompt 0xef15a0:     119 tokens, checkpoints:  0,    14.877 MiB
srv        update:    - prompt 0x3219830:     123 tokens, checkpoints:  0,    15.377 MiB
srv        update:    - prompt 0x32210f0:     165 tokens, checkpoints:  0,    20.628 MiB
srv        update:    - prompt 0xeec7b0:     131 tokens, checkpoints:  0,    16.377 MiB
srv        update:    - prompt 0x3af2910:     135 tokens, checkpoints:  0,    16.877 MiB
srv        update:    - prompt 0x3aeb3b0:     132 tokens, checkpoints:  0,    16.502 MiB
srv        update:    - prompt 0xee04b0:     146 tokens, checkpoints:  0,    18.252 MiB
srv        update:    - prompt 0x3227330:     130 tokens, checkpoints:  0,    16.252 MiB
srv        update:    - prompt 0xf0d980:     136 tokens, checkpoints:  0,    17.002 MiB
slot update_slots: id  3 | task 5252 | new prompt, n_ctx_slot = 4096, n_keep = 0, task.n_tokens = 37
slot update_slots: id  3 | task 5252 | n_tokens = 0, memory_seq_rm [0, end)
slot init_sampler: id  3 | task 5252 | init sampler, took 0.02 ms, tokens: text = 37, total = 37
slot update_slots: id  3 | task 5252 | prompt processing done, n_tokens = 37, batch.n_tokens = 37
srv  log_server_r: done request: POST /completion 127.0.0.1 200
slot print_timing: id  3 | task 5252 | 
prompt eval time =    1776.61 ms /    37 tokens (   48.02 ms per token,    20.83 tokens per second)
       eval time =    7976.20 ms /   100 tokens (   79.76 ms per token,    12.54 tokens per second)
      total time =    9752.81 ms /   137 tokens
slot      release: id  3 | task 5252 | stop processing: n_tokens = 136, truncated = 0
srv  update_slots: all slots are idle
slot get_availabl: id  2 | task -1 | selected slot by LRU, t_last = 290452842934
srv  get_availabl: updating prompt cache
srv          load:  - looking for better prompt, base f_keep = -1.000, sim = 0.000
srv          load:  - found better prompt with f_keep = 0.589, sim = 1.000
srv        update:  - cache state: 45 prompts, 982.374 MiB (limits: 8192.000 MiB, 4096 tokens, 65527 est)
srv        update:    - prompt 0xf0ef60:     106 tokens, checkpoints:  0,    13.252 MiB
srv        update:    - prompt 0x4391140:     107 tokens, checkpoints:  0,    13.377 MiB
srv        update:    - prompt 0x32239b0:     106 tokens, checkpoints:  0,    13.252 MiB
srv        update:    - prompt 0x321b8b0:     107 tokens, checkpoints:  0,    13.377 MiB
srv        update:    - prompt 0x3221630:     105 tokens, checkpoints:  0,    13.127 MiB
srv        update:    - prompt 0x4390ba0:     110 tokens, checkpoints:  0,    13.752 MiB
srv        update:    - prompt 0x3223470:     116 tokens, checkpoints:  0,    14.502 MiB
srv        update:    - prompt 0x4394c10:     109 tokens, checkpoints:  0,    13.627 MiB
srv        update:    - prompt 0x3224910:     113 tokens, checkpoints:  0,    14.127 MiB
srv        update:    - prompt 0x3230c90:     108 tokens, checkpoints:  0,    13.502 MiB
srv        update:    - prompt 0x11f0c00:     108 tokens, checkpoints:  0,    13.502 MiB
srv        update:    - prompt 0xee47f0:     108 tokens, checkpoints:  0,    13.502 MiB
srv        update:    - prompt 0x438f4c0:     111 tokens, checkpoints:  0,    13.877 MiB
srv        update:    - prompt 0x438f580:     119 tokens, checkpoints:  0,    14.877 MiB
srv        update:    - prompt 0x4be6150:     123 tokens, checkpoints:  0,    15.377 MiB
srv        update:    - prompt 0x3adf6d0:     131 tokens, checkpoints:  0,    16.377 MiB
srv        update:    - prompt 0x43918f0:     130 tokens, checkpoints:  0,    16.252 MiB
srv        update:    - prompt 0x3220d10:     325 tokens, checkpoints:  0,    40.629 MiB
srv        update:    - prompt 0xfffdb80062a0:     363 tokens, checkpoints:  0,    45.380 MiB
srv        update:    - prompt 0xfffdb0004ad0:     425 tokens, checkpoints:  0,    53.131 MiB
srv        update:    - prompt 0xf09890:     409 tokens, checkpoints:  0,    51.130 MiB
srv        update:    - prompt 0x438b420:     412 tokens, checkpoints:  0,    51.505 MiB
srv        update:    - prompt 0x3ad6d90:     418 tokens, checkpoints:  0,    52.256 MiB
srv        update:    - prompt 0x321c560:     415 tokens, checkpoints:  0,    51.880 MiB
srv        update:    - prompt 0x3af94b0:     431 tokens, checkpoints:  0,    53.881 MiB
srv        update:    - prompt 0x3224d60:     431 tokens, checkpoints:  0,    53.881 MiB
srv        update:    - prompt 0x3225330:     107 tokens, checkpoints:  0,    13.377 MiB
srv        update:    - prompt 0x32291b0:     105 tokens, checkpoints:  0,    13.127 MiB
srv        update:    - prompt 0x1194e10:     110 tokens, checkpoints:  0,    13.752 MiB
srv        update:    - prompt 0x3ad1b20:     116 tokens, checkpoints:  0,    14.502 MiB
srv        update:    - prompt 0x3228110:     109 tokens, checkpoints:  0,    13.627 MiB
srv        update:    - prompt 0x3229090:     113 tokens, checkpoints:  0,    14.127 MiB
srv        update:    - prompt 0xee1a40:     108 tokens, checkpoints:  0,    13.502 MiB
srv        update:    - prompt 0x321f8d0:     108 tokens, checkpoints:  0,    13.502 MiB
srv        update:    - prompt 0xf0e5d0:     108 tokens, checkpoints:  0,    13.502 MiB
srv        update:    - prompt 0xee8970:     111 tokens, checkpoints:  0,    13.877 MiB
srv        update:    - prompt 0xef15a0:     119 tokens, checkpoints:  0,    14.877 MiB
srv        update:    - prompt 0x3219830:     123 tokens, checkpoints:  0,    15.377 MiB
srv        update:    - prompt 0x32210f0:     165 tokens, checkpoints:  0,    20.628 MiB
srv        update:    - prompt 0xeec7b0:     131 tokens, checkpoints:  0,    16.377 MiB
srv        update:    - prompt 0x3af2910:     135 tokens, checkpoints:  0,    16.877 MiB
srv        update:    - prompt 0x3aeb3b0:     132 tokens, checkpoints:  0,    16.502 MiB
srv        update:    - prompt 0xee04b0:     146 tokens, checkpoints:  0,    18.252 MiB
srv        update:    - prompt 0x3227330:     130 tokens, checkpoints:  0,    16.252 MiB
srv        update:    - prompt 0xf0d980:     136 tokens, checkpoints:  0,    17.002 MiB
srv  get_availabl: prompt cache update took 9.35 ms
slot launch_slot_: id  2 | task -1 | sampler chain: logits -> ?penalties -> ?dry -> ?top-n-sigma -> top-k -> ?typical -> top-p -> min-p -> ?xtc -> temp-ext -> dist 
slot launch_slot_: id  2 | task 5353 | processing task, is_child = 0
slot slot_save_an: id  3 | task -1 | saving idle slot to prompt cache
srv   prompt_save:  - saving prompt with length 136, total state size = 17.002 MiB
slot prompt_clear: id  3 | task -1 | clearing prompt with 136 tokens
srv        update:  - cache state: 46 prompts, 999.376 MiB (limits: 8192.000 MiB, 4096 tokens, 65527 est)
srv        update:    - prompt 0xf0ef60:     106 tokens, checkpoints:  0,    13.252 MiB
srv        update:    - prompt 0x4391140:     107 tokens, checkpoints:  0,    13.377 MiB
srv        update:    - prompt 0x32239b0:     106 tokens, checkpoints:  0,    13.252 MiB
srv        update:    - prompt 0x321b8b0:     107 tokens, checkpoints:  0,    13.377 MiB
srv        update:    - prompt 0x3221630:     105 tokens, checkpoints:  0,    13.127 MiB
srv        update:    - prompt 0x4390ba0:     110 tokens, checkpoints:  0,    13.752 MiB
srv        update:    - prompt 0x3223470:     116 tokens, checkpoints:  0,    14.502 MiB
srv        update:    - prompt 0x4394c10:     109 tokens, checkpoints:  0,    13.627 MiB
srv        update:    - prompt 0x3224910:     113 tokens, checkpoints:  0,    14.127 MiB
srv        update:    - prompt 0x3230c90:     108 tokens, checkpoints:  0,    13.502 MiB
srv        update:    - prompt 0x11f0c00:     108 tokens, checkpoints:  0,    13.502 MiB
srv        update:    - prompt 0xee47f0:     108 tokens, checkpoints:  0,    13.502 MiB
srv        update:    - prompt 0x438f4c0:     111 tokens, checkpoints:  0,    13.877 MiB
srv        update:    - prompt 0x438f580:     119 tokens, checkpoints:  0,    14.877 MiB
srv        update:    - prompt 0x4be6150:     123 tokens, checkpoints:  0,    15.377 MiB
srv        update:    - prompt 0x3adf6d0:     131 tokens, checkpoints:  0,    16.377 MiB
srv        update:    - prompt 0x43918f0:     130 tokens, checkpoints:  0,    16.252 MiB
srv        update:    - prompt 0x3220d10:     325 tokens, checkpoints:  0,    40.629 MiB
srv        update:    - prompt 0xfffdb80062a0:     363 tokens, checkpoints:  0,    45.380 MiB
srv        update:    - prompt 0xfffdb0004ad0:     425 tokens, checkpoints:  0,    53.131 MiB
srv        update:    - prompt 0xf09890:     409 tokens, checkpoints:  0,    51.130 MiB
srv        update:    - prompt 0x438b420:     412 tokens, checkpoints:  0,    51.505 MiB
srv        update:    - prompt 0x3ad6d90:     418 tokens, checkpoints:  0,    52.256 MiB
srv        update:    - prompt 0x321c560:     415 tokens, checkpoints:  0,    51.880 MiB
srv        update:    - prompt 0x3af94b0:     431 tokens, checkpoints:  0,    53.881 MiB
srv        update:    - prompt 0x3224d60:     431 tokens, checkpoints:  0,    53.881 MiB
srv        update:    - prompt 0x3225330:     107 tokens, checkpoints:  0,    13.377 MiB
srv        update:    - prompt 0x32291b0:     105 tokens, checkpoints:  0,    13.127 MiB
srv        update:    - prompt 0x1194e10:     110 tokens, checkpoints:  0,    13.752 MiB
srv        update:    - prompt 0x3ad1b20:     116 tokens, checkpoints:  0,    14.502 MiB
srv        update:    - prompt 0x3228110:     109 tokens, checkpoints:  0,    13.627 MiB
srv        update:    - prompt 0x3229090:     113 tokens, checkpoints:  0,    14.127 MiB
srv        update:    - prompt 0xee1a40:     108 tokens, checkpoints:  0,    13.502 MiB
srv        update:    - prompt 0x321f8d0:     108 tokens, checkpoints:  0,    13.502 MiB
srv        update:    - prompt 0xf0e5d0:     108 tokens, checkpoints:  0,    13.502 MiB
srv        update:    - prompt 0xee8970:     111 tokens, checkpoints:  0,    13.877 MiB
srv        update:    - prompt 0xef15a0:     119 tokens, checkpoints:  0,    14.877 MiB
srv        update:    - prompt 0x3219830:     123 tokens, checkpoints:  0,    15.377 MiB
srv        update:    - prompt 0x32210f0:     165 tokens, checkpoints:  0,    20.628 MiB
srv        update:    - prompt 0xeec7b0:     131 tokens, checkpoints:  0,    16.377 MiB
srv        update:    - prompt 0x3af2910:     135 tokens, checkpoints:  0,    16.877 MiB
srv        update:    - prompt 0x3aeb3b0:     132 tokens, checkpoints:  0,    16.502 MiB
srv        update:    - prompt 0xee04b0:     146 tokens, checkpoints:  0,    18.252 MiB
srv        update:    - prompt 0x3227330:     130 tokens, checkpoints:  0,    16.252 MiB
srv        update:    - prompt 0xf0d980:     136 tokens, checkpoints:  0,    17.002 MiB
srv        update:    - prompt 0x11d5ce0:     136 tokens, checkpoints:  0,    17.002 MiB
slot update_slots: id  2 | task 5353 | new prompt, n_ctx_slot = 4096, n_keep = 0, task.n_tokens = 142
slot update_slots: id  2 | task 5353 | n_tokens = 0, memory_seq_rm [0, end)
slot init_sampler: id  2 | task 5353 | init sampler, took 0.08 ms, tokens: text = 142, total = 142
slot update_slots: id  2 | task 5353 | prompt processing done, n_tokens = 142, batch.n_tokens = 142
srv  log_server_r: done request: POST /completion 127.0.0.1 200
slot print_timing: id  2 | task 5353 | 
prompt eval time =    8486.61 ms /   142 tokens (   59.76 ms per token,    16.73 tokens per second)
       eval time =    8427.17 ms /   100 tokens (   84.27 ms per token,    11.87 tokens per second)
      total time =   16913.78 ms /   242 tokens
slot      release: id  2 | task 5353 | stop processing: n_tokens = 241, truncated = 0
srv  update_slots: all slots are idle
slot get_availabl: id  1 | task -1 | selected slot by LRU, t_last = 290462986395
srv  get_availabl: updating prompt cache
srv          load:  - looking for better prompt, base f_keep = -1.000, sim = 0.000
srv          load:  - found better prompt with f_keep = 0.695, sim = 1.000
srv        update:  - cache state: 45 prompts, 958.746 MiB (limits: 8192.000 MiB, 4096 tokens, 65527 est)
srv        update:    - prompt 0xf0ef60:     106 tokens, checkpoints:  0,    13.252 MiB
srv        update:    - prompt 0x4391140:     107 tokens, checkpoints:  0,    13.377 MiB
srv        update:    - prompt 0x32239b0:     106 tokens, checkpoints:  0,    13.252 MiB
srv        update:    - prompt 0x321b8b0:     107 tokens, checkpoints:  0,    13.377 MiB
srv        update:    - prompt 0x3221630:     105 tokens, checkpoints:  0,    13.127 MiB
srv        update:    - prompt 0x4390ba0:     110 tokens, checkpoints:  0,    13.752 MiB
srv        update:    - prompt 0x3223470:     116 tokens, checkpoints:  0,    14.502 MiB
srv        update:    - prompt 0x4394c10:     109 tokens, checkpoints:  0,    13.627 MiB
srv        update:    - prompt 0x3224910:     113 tokens, checkpoints:  0,    14.127 MiB
srv        update:    - prompt 0x3230c90:     108 tokens, checkpoints:  0,    13.502 MiB
srv        update:    - prompt 0x11f0c00:     108 tokens, checkpoints:  0,    13.502 MiB
srv        update:    - prompt 0xee47f0:     108 tokens, checkpoints:  0,    13.502 MiB
srv        update:    - prompt 0x438f4c0:     111 tokens, checkpoints:  0,    13.877 MiB
srv        update:    - prompt 0x438f580:     119 tokens, checkpoints:  0,    14.877 MiB
srv        update:    - prompt 0x4be6150:     123 tokens, checkpoints:  0,    15.377 MiB
srv        update:    - prompt 0x3adf6d0:     131 tokens, checkpoints:  0,    16.377 MiB
srv        update:    - prompt 0x43918f0:     130 tokens, checkpoints:  0,    16.252 MiB
srv        update:    - prompt 0xfffdb80062a0:     363 tokens, checkpoints:  0,    45.380 MiB
srv        update:    - prompt 0xfffdb0004ad0:     425 tokens, checkpoints:  0,    53.131 MiB
srv        update:    - prompt 0xf09890:     409 tokens, checkpoints:  0,    51.130 MiB
srv        update:    - prompt 0x438b420:     412 tokens, checkpoints:  0,    51.505 MiB
srv        update:    - prompt 0x3ad6d90:     418 tokens, checkpoints:  0,    52.256 MiB
srv        update:    - prompt 0x321c560:     415 tokens, checkpoints:  0,    51.880 MiB
srv        update:    - prompt 0x3af94b0:     431 tokens, checkpoints:  0,    53.881 MiB
srv        update:    - prompt 0x3224d60:     431 tokens, checkpoints:  0,    53.881 MiB
srv        update:    - prompt 0x3225330:     107 tokens, checkpoints:  0,    13.377 MiB
srv        update:    - prompt 0x32291b0:     105 tokens, checkpoints:  0,    13.127 MiB
srv        update:    - prompt 0x1194e10:     110 tokens, checkpoints:  0,    13.752 MiB
srv        update:    - prompt 0x3ad1b20:     116 tokens, checkpoints:  0,    14.502 MiB
srv        update:    - prompt 0x3228110:     109 tokens, checkpoints:  0,    13.627 MiB
srv        update:    - prompt 0x3229090:     113 tokens, checkpoints:  0,    14.127 MiB
srv        update:    - prompt 0xee1a40:     108 tokens, checkpoints:  0,    13.502 MiB
srv        update:    - prompt 0x321f8d0:     108 tokens, checkpoints:  0,    13.502 MiB
srv        update:    - prompt 0xf0e5d0:     108 tokens, checkpoints:  0,    13.502 MiB
srv        update:    - prompt 0xee8970:     111 tokens, checkpoints:  0,    13.877 MiB
srv        update:    - prompt 0xef15a0:     119 tokens, checkpoints:  0,    14.877 MiB
srv        update:    - prompt 0x3219830:     123 tokens, checkpoints:  0,    15.377 MiB
srv        update:    - prompt 0x32210f0:     165 tokens, checkpoints:  0,    20.628 MiB
srv        update:    - prompt 0xeec7b0:     131 tokens, checkpoints:  0,    16.377 MiB
srv        update:    - prompt 0x3af2910:     135 tokens, checkpoints:  0,    16.877 MiB
srv        update:    - prompt 0x3aeb3b0:     132 tokens, checkpoints:  0,    16.502 MiB
srv        update:    - prompt 0xee04b0:     146 tokens, checkpoints:  0,    18.252 MiB
srv        update:    - prompt 0x3227330:     130 tokens, checkpoints:  0,    16.252 MiB
srv        update:    - prompt 0xf0d980:     136 tokens, checkpoints:  0,    17.002 MiB
srv        update:    - prompt 0x11d5ce0:     136 tokens, checkpoints:  0,    17.002 MiB
srv  get_availabl: prompt cache update took 12.96 ms
slot launch_slot_: id  1 | task -1 | sampler chain: logits -> ?penalties -> ?dry -> ?top-n-sigma -> top-k -> ?typical -> top-p -> min-p -> ?xtc -> temp-ext -> dist 
slot launch_slot_: id  1 | task 5454 | processing task, is_child = 0
slot slot_save_an: id  2 | task -1 | saving idle slot to prompt cache
srv   prompt_save:  - saving prompt with length 241, total state size = 30.129 MiB
slot prompt_clear: id  2 | task -1 | clearing prompt with 241 tokens
srv        update:  - cache state: 46 prompts, 988.875 MiB (limits: 8192.000 MiB, 4096 tokens, 65527 est)
srv        update:    - prompt 0xf0ef60:     106 tokens, checkpoints:  0,    13.252 MiB
srv        update:    - prompt 0x4391140:     107 tokens, checkpoints:  0,    13.377 MiB
srv        update:    - prompt 0x32239b0:     106 tokens, checkpoints:  0,    13.252 MiB
srv        update:    - prompt 0x321b8b0:     107 tokens, checkpoints:  0,    13.377 MiB
srv        update:    - prompt 0x3221630:     105 tokens, checkpoints:  0,    13.127 MiB
srv        update:    - prompt 0x4390ba0:     110 tokens, checkpoints:  0,    13.752 MiB
srv        update:    - prompt 0x3223470:     116 tokens, checkpoints:  0,    14.502 MiB
srv        update:    - prompt 0x4394c10:     109 tokens, checkpoints:  0,    13.627 MiB
srv        update:    - prompt 0x3224910:     113 tokens, checkpoints:  0,    14.127 MiB
srv        update:    - prompt 0x3230c90:     108 tokens, checkpoints:  0,    13.502 MiB
srv        update:    - prompt 0x11f0c00:     108 tokens, checkpoints:  0,    13.502 MiB
srv        update:    - prompt 0xee47f0:     108 tokens, checkpoints:  0,    13.502 MiB
srv        update:    - prompt 0x438f4c0:     111 tokens, checkpoints:  0,    13.877 MiB
srv        update:    - prompt 0x438f580:     119 tokens, checkpoints:  0,    14.877 MiB
srv        update:    - prompt 0x4be6150:     123 tokens, checkpoints:  0,    15.377 MiB
srv        update:    - prompt 0x3adf6d0:     131 tokens, checkpoints:  0,    16.377 MiB
srv        update:    - prompt 0x43918f0:     130 tokens, checkpoints:  0,    16.252 MiB
srv        update:    - prompt 0xfffdb80062a0:     363 tokens, checkpoints:  0,    45.380 MiB
srv        update:    - prompt 0xfffdb0004ad0:     425 tokens, checkpoints:  0,    53.131 MiB
srv        update:    - prompt 0xf09890:     409 tokens, checkpoints:  0,    51.130 MiB
srv        update:    - prompt 0x438b420:     412 tokens, checkpoints:  0,    51.505 MiB
srv        update:    - prompt 0x3ad6d90:     418 tokens, checkpoints:  0,    52.256 MiB
srv        update:    - prompt 0x321c560:     415 tokens, checkpoints:  0,    51.880 MiB
srv        update:    - prompt 0x3af94b0:     431 tokens, checkpoints:  0,    53.881 MiB
srv        update:    - prompt 0x3224d60:     431 tokens, checkpoints:  0,    53.881 MiB
srv        update:    - prompt 0x3225330:     107 tokens, checkpoints:  0,    13.377 MiB
srv        update:    - prompt 0x32291b0:     105 tokens, checkpoints:  0,    13.127 MiB
srv        update:    - prompt 0x1194e10:     110 tokens, checkpoints:  0,    13.752 MiB
srv        update:    - prompt 0x3ad1b20:     116 tokens, checkpoints:  0,    14.502 MiB
srv        update:    - prompt 0x3228110:     109 tokens, checkpoints:  0,    13.627 MiB
srv        update:    - prompt 0x3229090:     113 tokens, checkpoints:  0,    14.127 MiB
srv        update:    - prompt 0xee1a40:     108 tokens, checkpoints:  0,    13.502 MiB
srv        update:    - prompt 0x321f8d0:     108 tokens, checkpoints:  0,    13.502 MiB
srv        update:    - prompt 0xf0e5d0:     108 tokens, checkpoints:  0,    13.502 MiB
srv        update:    - prompt 0xee8970:     111 tokens, checkpoints:  0,    13.877 MiB
srv        update:    - prompt 0xef15a0:     119 tokens, checkpoints:  0,    14.877 MiB
srv        update:    - prompt 0x3219830:     123 tokens, checkpoints:  0,    15.377 MiB
srv        update:    - prompt 0x32210f0:     165 tokens, checkpoints:  0,    20.628 MiB
srv        update:    - prompt 0xeec7b0:     131 tokens, checkpoints:  0,    16.377 MiB
srv        update:    - prompt 0x3af2910:     135 tokens, checkpoints:  0,    16.877 MiB
srv        update:    - prompt 0x3aeb3b0:     132 tokens, checkpoints:  0,    16.502 MiB
srv        update:    - prompt 0xee04b0:     146 tokens, checkpoints:  0,    18.252 MiB
srv        update:    - prompt 0x3227330:     130 tokens, checkpoints:  0,    16.252 MiB
srv        update:    - prompt 0xf0d980:     136 tokens, checkpoints:  0,    17.002 MiB
srv        update:    - prompt 0x11d5ce0:     136 tokens, checkpoints:  0,    17.002 MiB
srv        update:    - prompt 0x3220d10:     241 tokens, checkpoints:  0,    30.129 MiB
slot update_slots: id  1 | task 5454 | new prompt, n_ctx_slot = 4096, n_keep = 0, task.n_tokens = 226
slot update_slots: id  1 | task 5454 | n_tokens = 0, memory_seq_rm [0, end)
slot init_sampler: id  1 | task 5454 | init sampler, took 0.12 ms, tokens: text = 226, total = 226
slot update_slots: id  1 | task 5454 | prompt processing done, n_tokens = 226, batch.n_tokens = 226
srv  log_server_r: done request: POST /completion 127.0.0.1 200
slot print_timing: id  1 | task 5454 | 
prompt eval time =   13006.10 ms /   226 tokens (   57.55 ms per token,    17.38 tokens per second)
       eval time =    9966.41 ms /   100 tokens (   99.66 ms per token,    10.03 tokens per second)
      total time =   22972.50 ms /   326 tokens
slot      release: id  1 | task 5454 | stop processing: n_tokens = 325, truncated = 0
srv  update_slots: all slots are idle
slot get_availabl: id  0 | task -1 | selected slot by LRU, t_last = 290474740778
srv  get_availabl: updating prompt cache
srv          load:  - looking for better prompt, base f_keep = -1.000, sim = 0.000
srv          load:  - found better prompt with f_keep = 0.727, sim = 1.000
srv        update:  - cache state: 45 prompts, 943.495 MiB (limits: 8192.000 MiB, 4096 tokens, 65527 est)
srv        update:    - prompt 0xf0ef60:     106 tokens, checkpoints:  0,    13.252 MiB
srv        update:    - prompt 0x4391140:     107 tokens, checkpoints:  0,    13.377 MiB
srv        update:    - prompt 0x32239b0:     106 tokens, checkpoints:  0,    13.252 MiB
srv        update:    - prompt 0x321b8b0:     107 tokens, checkpoints:  0,    13.377 MiB
srv        update:    - prompt 0x3221630:     105 tokens, checkpoints:  0,    13.127 MiB
srv        update:    - prompt 0x4390ba0:     110 tokens, checkpoints:  0,    13.752 MiB
srv        update:    - prompt 0x3223470:     116 tokens, checkpoints:  0,    14.502 MiB
srv        update:    - prompt 0x4394c10:     109 tokens, checkpoints:  0,    13.627 MiB
srv        update:    - prompt 0x3224910:     113 tokens, checkpoints:  0,    14.127 MiB
srv        update:    - prompt 0x3230c90:     108 tokens, checkpoints:  0,    13.502 MiB
srv        update:    - prompt 0x11f0c00:     108 tokens, checkpoints:  0,    13.502 MiB
srv        update:    - prompt 0xee47f0:     108 tokens, checkpoints:  0,    13.502 MiB
srv        update:    - prompt 0x438f4c0:     111 tokens, checkpoints:  0,    13.877 MiB
srv        update:    - prompt 0x438f580:     119 tokens, checkpoints:  0,    14.877 MiB
srv        update:    - prompt 0x4be6150:     123 tokens, checkpoints:  0,    15.377 MiB
srv        update:    - prompt 0x3adf6d0:     131 tokens, checkpoints:  0,    16.377 MiB
srv        update:    - prompt 0x43918f0:     130 tokens, checkpoints:  0,    16.252 MiB
srv        update:    - prompt 0xfffdb0004ad0:     425 tokens, checkpoints:  0,    53.131 MiB
srv        update:    - prompt 0xf09890:     409 tokens, checkpoints:  0,    51.130 MiB
srv        update:    - prompt 0x438b420:     412 tokens, checkpoints:  0,    51.505 MiB
srv        update:    - prompt 0x3ad6d90:     418 tokens, checkpoints:  0,    52.256 MiB
srv        update:    - prompt 0x321c560:     415 tokens, checkpoints:  0,    51.880 MiB
srv        update:    - prompt 0x3af94b0:     431 tokens, checkpoints:  0,    53.881 MiB
srv        update:    - prompt 0x3224d60:     431 tokens, checkpoints:  0,    53.881 MiB
srv        update:    - prompt 0x3225330:     107 tokens, checkpoints:  0,    13.377 MiB
srv        update:    - prompt 0x32291b0:     105 tokens, checkpoints:  0,    13.127 MiB
srv        update:    - prompt 0x1194e10:     110 tokens, checkpoints:  0,    13.752 MiB
srv        update:    - prompt 0x3ad1b20:     116 tokens, checkpoints:  0,    14.502 MiB
srv        update:    - prompt 0x3228110:     109 tokens, checkpoints:  0,    13.627 MiB
srv        update:    - prompt 0x3229090:     113 tokens, checkpoints:  0,    14.127 MiB
srv        update:    - prompt 0xee1a40:     108 tokens, checkpoints:  0,    13.502 MiB
srv        update:    - prompt 0x321f8d0:     108 tokens, checkpoints:  0,    13.502 MiB
srv        update:    - prompt 0xf0e5d0:     108 tokens, checkpoints:  0,    13.502 MiB
srv        update:    - prompt 0xee8970:     111 tokens, checkpoints:  0,    13.877 MiB
srv        update:    - prompt 0xef15a0:     119 tokens, checkpoints:  0,    14.877 MiB
srv        update:    - prompt 0x3219830:     123 tokens, checkpoints:  0,    15.377 MiB
srv        update:    - prompt 0x32210f0:     165 tokens, checkpoints:  0,    20.628 MiB
srv        update:    - prompt 0xeec7b0:     131 tokens, checkpoints:  0,    16.377 MiB
srv        update:    - prompt 0x3af2910:     135 tokens, checkpoints:  0,    16.877 MiB
srv        update:    - prompt 0x3aeb3b0:     132 tokens, checkpoints:  0,    16.502 MiB
srv        update:    - prompt 0xee04b0:     146 tokens, checkpoints:  0,    18.252 MiB
srv        update:    - prompt 0x3227330:     130 tokens, checkpoints:  0,    16.252 MiB
srv        update:    - prompt 0xf0d980:     136 tokens, checkpoints:  0,    17.002 MiB
srv        update:    - prompt 0x11d5ce0:     136 tokens, checkpoints:  0,    17.002 MiB
srv        update:    - prompt 0x3220d10:     241 tokens, checkpoints:  0,    30.129 MiB
srv  get_availabl: prompt cache update took 14.24 ms
slot launch_slot_: id  0 | task -1 | sampler chain: logits -> ?penalties -> ?dry -> ?top-n-sigma -> top-k -> ?typical -> top-p -> min-p -> ?xtc -> temp-ext -> dist 
slot launch_slot_: id  0 | task 5555 | processing task, is_child = 0
slot slot_save_an: id  1 | task -1 | saving idle slot to prompt cache
srv   prompt_save:  - saving prompt with length 325, total state size = 40.629 MiB
slot prompt_clear: id  1 | task -1 | clearing prompt with 325 tokens
srv        update:  - cache state: 46 prompts, 984.124 MiB (limits: 8192.000 MiB, 4096 tokens, 65527 est)
srv        update:    - prompt 0xf0ef60:     106 tokens, checkpoints:  0,    13.252 MiB
srv        update:    - prompt 0x4391140:     107 tokens, checkpoints:  0,    13.377 MiB
srv        update:    - prompt 0x32239b0:     106 tokens, checkpoints:  0,    13.252 MiB
srv        update:    - prompt 0x321b8b0:     107 tokens, checkpoints:  0,    13.377 MiB
srv        update:    - prompt 0x3221630:     105 tokens, checkpoints:  0,    13.127 MiB
srv        update:    - prompt 0x4390ba0:     110 tokens, checkpoints:  0,    13.752 MiB
srv        update:    - prompt 0x3223470:     116 tokens, checkpoints:  0,    14.502 MiB
srv        update:    - prompt 0x4394c10:     109 tokens, checkpoints:  0,    13.627 MiB
srv        update:    - prompt 0x3224910:     113 tokens, checkpoints:  0,    14.127 MiB
srv        update:    - prompt 0x3230c90:     108 tokens, checkpoints:  0,    13.502 MiB
srv        update:    - prompt 0x11f0c00:     108 tokens, checkpoints:  0,    13.502 MiB
srv        update:    - prompt 0xee47f0:     108 tokens, checkpoints:  0,    13.502 MiB
srv        update:    - prompt 0x438f4c0:     111 tokens, checkpoints:  0,    13.877 MiB
srv        update:    - prompt 0x438f580:     119 tokens, checkpoints:  0,    14.877 MiB
srv        update:    - prompt 0x4be6150:     123 tokens, checkpoints:  0,    15.377 MiB
srv        update:    - prompt 0x3adf6d0:     131 tokens, checkpoints:  0,    16.377 MiB
srv        update:    - prompt 0x43918f0:     130 tokens, checkpoints:  0,    16.252 MiB
srv        update:    - prompt 0xfffdb0004ad0:     425 tokens, checkpoints:  0,    53.131 MiB
srv        update:    - prompt 0xf09890:     409 tokens, checkpoints:  0,    51.130 MiB
srv        update:    - prompt 0x438b420:     412 tokens, checkpoints:  0,    51.505 MiB
srv        update:    - prompt 0x3ad6d90:     418 tokens, checkpoints:  0,    52.256 MiB
srv        update:    - prompt 0x321c560:     415 tokens, checkpoints:  0,    51.880 MiB
srv        update:    - prompt 0x3af94b0:     431 tokens, checkpoints:  0,    53.881 MiB
srv        update:    - prompt 0x3224d60:     431 tokens, checkpoints:  0,    53.881 MiB
srv        update:    - prompt 0x3225330:     107 tokens, checkpoints:  0,    13.377 MiB
srv        update:    - prompt 0x32291b0:     105 tokens, checkpoints:  0,    13.127 MiB
srv        update:    - prompt 0x1194e10:     110 tokens, checkpoints:  0,    13.752 MiB
srv        update:    - prompt 0x3ad1b20:     116 tokens, checkpoints:  0,    14.502 MiB
srv        update:    - prompt 0x3228110:     109 tokens, checkpoints:  0,    13.627 MiB
srv        update:    - prompt 0x3229090:     113 tokens, checkpoints:  0,    14.127 MiB
srv        update:    - prompt 0xee1a40:     108 tokens, checkpoints:  0,    13.502 MiB
srv        update:    - prompt 0x321f8d0:     108 tokens, checkpoints:  0,    13.502 MiB
srv        update:    - prompt 0xf0e5d0:     108 tokens, checkpoints:  0,    13.502 MiB
srv        update:    - prompt 0xee8970:     111 tokens, checkpoints:  0,    13.877 MiB
srv        update:    - prompt 0xef15a0:     119 tokens, checkpoints:  0,    14.877 MiB
srv        update:    - prompt 0x3219830:     123 tokens, checkpoints:  0,    15.377 MiB
srv        update:    - prompt 0x32210f0:     165 tokens, checkpoints:  0,    20.628 MiB
srv        update:    - prompt 0xeec7b0:     131 tokens, checkpoints:  0,    16.377 MiB
srv        update:    - prompt 0x3af2910:     135 tokens, checkpoints:  0,    16.877 MiB
srv        update:    - prompt 0x3aeb3b0:     132 tokens, checkpoints:  0,    16.502 MiB
srv        update:    - prompt 0xee04b0:     146 tokens, checkpoints:  0,    18.252 MiB
srv        update:    - prompt 0x3227330:     130 tokens, checkpoints:  0,    16.252 MiB
srv        update:    - prompt 0xf0d980:     136 tokens, checkpoints:  0,    17.002 MiB
srv        update:    - prompt 0x11d5ce0:     136 tokens, checkpoints:  0,    17.002 MiB
srv        update:    - prompt 0x3220d10:     241 tokens, checkpoints:  0,    30.129 MiB
srv        update:    - prompt 0xfffdb80062a0:     325 tokens, checkpoints:  0,    40.629 MiB
slot update_slots: id  0 | task 5555 | new prompt, n_ctx_slot = 4096, n_keep = 0, task.n_tokens = 264
slot update_slots: id  0 | task 5555 | n_tokens = 0, memory_seq_rm [0, end)
slot init_sampler: id  0 | task 5555 | init sampler, took 0.14 ms, tokens: text = 264, total = 264
slot update_slots: id  0 | task 5555 | prompt processing done, n_tokens = 264, batch.n_tokens = 264
srv  log_server_r: done request: POST /completion 127.0.0.1 200
slot print_timing: id  0 | task 5555 | 
prompt eval time =   14866.15 ms /   264 tokens (   56.31 ms per token,    17.76 tokens per second)
       eval time =    7358.06 ms /   100 tokens (   73.58 ms per token,    13.59 tokens per second)
      total time =   22224.21 ms /   364 tokens
slot      release: id  0 | task 5555 | stop processing: n_tokens = 363, truncated = 0
srv  update_slots: all slots are idle
slot get_availabl: id  3 | task -1 | selected slot by LRU, t_last = 290485083652
srv  get_availabl: updating prompt cache
srv          load:  - looking for better prompt, base f_keep = -1.000, sim = 0.000
srv          load:  - found better prompt with f_keep = 0.767, sim = 1.000
srv        update:  - cache state: 45 prompts, 930.994 MiB (limits: 8192.000 MiB, 4096 tokens, 65527 est)
srv        update:    - prompt 0xf0ef60:     106 tokens, checkpoints:  0,    13.252 MiB
srv        update:    - prompt 0x4391140:     107 tokens, checkpoints:  0,    13.377 MiB
srv        update:    - prompt 0x32239b0:     106 tokens, checkpoints:  0,    13.252 MiB
srv        update:    - prompt 0x321b8b0:     107 tokens, checkpoints:  0,    13.377 MiB
srv        update:    - prompt 0x3221630:     105 tokens, checkpoints:  0,    13.127 MiB
srv        update:    - prompt 0x4390ba0:     110 tokens, checkpoints:  0,    13.752 MiB
srv        update:    - prompt 0x3223470:     116 tokens, checkpoints:  0,    14.502 MiB
srv        update:    - prompt 0x4394c10:     109 tokens, checkpoints:  0,    13.627 MiB
srv        update:    - prompt 0x3224910:     113 tokens, checkpoints:  0,    14.127 MiB
srv        update:    - prompt 0x3230c90:     108 tokens, checkpoints:  0,    13.502 MiB
srv        update:    - prompt 0x11f0c00:     108 tokens, checkpoints:  0,    13.502 MiB
srv        update:    - prompt 0xee47f0:     108 tokens, checkpoints:  0,    13.502 MiB
srv        update:    - prompt 0x438f4c0:     111 tokens, checkpoints:  0,    13.877 MiB
srv        update:    - prompt 0x438f580:     119 tokens, checkpoints:  0,    14.877 MiB
srv        update:    - prompt 0x4be6150:     123 tokens, checkpoints:  0,    15.377 MiB
srv        update:    - prompt 0x3adf6d0:     131 tokens, checkpoints:  0,    16.377 MiB
srv        update:    - prompt 0x43918f0:     130 tokens, checkpoints:  0,    16.252 MiB
srv        update:    - prompt 0xf09890:     409 tokens, checkpoints:  0,    51.130 MiB
srv        update:    - prompt 0x438b420:     412 tokens, checkpoints:  0,    51.505 MiB
srv        update:    - prompt 0x3ad6d90:     418 tokens, checkpoints:  0,    52.256 MiB
srv        update:    - prompt 0x321c560:     415 tokens, checkpoints:  0,    51.880 MiB
srv        update:    - prompt 0x3af94b0:     431 tokens, checkpoints:  0,    53.881 MiB
srv        update:    - prompt 0x3224d60:     431 tokens, checkpoints:  0,    53.881 MiB
srv        update:    - prompt 0x3225330:     107 tokens, checkpoints:  0,    13.377 MiB
srv        update:    - prompt 0x32291b0:     105 tokens, checkpoints:  0,    13.127 MiB
srv        update:    - prompt 0x1194e10:     110 tokens, checkpoints:  0,    13.752 MiB
srv        update:    - prompt 0x3ad1b20:     116 tokens, checkpoints:  0,    14.502 MiB
srv        update:    - prompt 0x3228110:     109 tokens, checkpoints:  0,    13.627 MiB
srv        update:    - prompt 0x3229090:     113 tokens, checkpoints:  0,    14.127 MiB
srv        update:    - prompt 0xee1a40:     108 tokens, checkpoints:  0,    13.502 MiB
srv        update:    - prompt 0x321f8d0:     108 tokens, checkpoints:  0,    13.502 MiB
srv        update:    - prompt 0xf0e5d0:     108 tokens, checkpoints:  0,    13.502 MiB
srv        update:    - prompt 0xee8970:     111 tokens, checkpoints:  0,    13.877 MiB
srv        update:    - prompt 0xef15a0:     119 tokens, checkpoints:  0,    14.877 MiB
srv        update:    - prompt 0x3219830:     123 tokens, checkpoints:  0,    15.377 MiB
srv        update:    - prompt 0x32210f0:     165 tokens, checkpoints:  0,    20.628 MiB
srv        update:    - prompt 0xeec7b0:     131 tokens, checkpoints:  0,    16.377 MiB
srv        update:    - prompt 0x3af2910:     135 tokens, checkpoints:  0,    16.877 MiB
srv        update:    - prompt 0x3aeb3b0:     132 tokens, checkpoints:  0,    16.502 MiB
srv        update:    - prompt 0xee04b0:     146 tokens, checkpoints:  0,    18.252 MiB
srv        update:    - prompt 0x3227330:     130 tokens, checkpoints:  0,    16.252 MiB
srv        update:    - prompt 0xf0d980:     136 tokens, checkpoints:  0,    17.002 MiB
srv        update:    - prompt 0x11d5ce0:     136 tokens, checkpoints:  0,    17.002 MiB
srv        update:    - prompt 0x3220d10:     241 tokens, checkpoints:  0,    30.129 MiB
srv        update:    - prompt 0xfffdb80062a0:     325 tokens, checkpoints:  0,    40.629 MiB
srv  get_availabl: prompt cache update took 16.57 ms
slot launch_slot_: id  3 | task -1 | sampler chain: logits -> ?penalties -> ?dry -> ?top-n-sigma -> top-k -> ?typical -> top-p -> min-p -> ?xtc -> temp-ext -> dist 
slot launch_slot_: id  3 | task 5656 | processing task, is_child = 0
slot slot_save_an: id  0 | task -1 | saving idle slot to prompt cache
srv   prompt_save:  - saving prompt with length 363, total state size = 45.380 MiB
slot prompt_clear: id  0 | task -1 | clearing prompt with 363 tokens
srv        update:  - cache state: 46 prompts, 976.374 MiB (limits: 8192.000 MiB, 4096 tokens, 65527 est)
srv        update:    - prompt 0xf0ef60:     106 tokens, checkpoints:  0,    13.252 MiB
srv        update:    - prompt 0x4391140:     107 tokens, checkpoints:  0,    13.377 MiB
srv        update:    - prompt 0x32239b0:     106 tokens, checkpoints:  0,    13.252 MiB
srv        update:    - prompt 0x321b8b0:     107 tokens, checkpoints:  0,    13.377 MiB
srv        update:    - prompt 0x3221630:     105 tokens, checkpoints:  0,    13.127 MiB
srv        update:    - prompt 0x4390ba0:     110 tokens, checkpoints:  0,    13.752 MiB
srv        update:    - prompt 0x3223470:     116 tokens, checkpoints:  0,    14.502 MiB
srv        update:    - prompt 0x4394c10:     109 tokens, checkpoints:  0,    13.627 MiB
srv        update:    - prompt 0x3224910:     113 tokens, checkpoints:  0,    14.127 MiB
srv        update:    - prompt 0x3230c90:     108 tokens, checkpoints:  0,    13.502 MiB
srv        update:    - prompt 0x11f0c00:     108 tokens, checkpoints:  0,    13.502 MiB
srv        update:    - prompt 0xee47f0:     108 tokens, checkpoints:  0,    13.502 MiB
srv        update:    - prompt 0x438f4c0:     111 tokens, checkpoints:  0,    13.877 MiB
srv        update:    - prompt 0x438f580:     119 tokens, checkpoints:  0,    14.877 MiB
srv        update:    - prompt 0x4be6150:     123 tokens, checkpoints:  0,    15.377 MiB
srv        update:    - prompt 0x3adf6d0:     131 tokens, checkpoints:  0,    16.377 MiB
srv        update:    - prompt 0x43918f0:     130 tokens, checkpoints:  0,    16.252 MiB
srv        update:    - prompt 0xf09890:     409 tokens, checkpoints:  0,    51.130 MiB
srv        update:    - prompt 0x438b420:     412 tokens, checkpoints:  0,    51.505 MiB
srv        update:    - prompt 0x3ad6d90:     418 tokens, checkpoints:  0,    52.256 MiB
srv        update:    - prompt 0x321c560:     415 tokens, checkpoints:  0,    51.880 MiB
srv        update:    - prompt 0x3af94b0:     431 tokens, checkpoints:  0,    53.881 MiB
srv        update:    - prompt 0x3224d60:     431 tokens, checkpoints:  0,    53.881 MiB
srv        update:    - prompt 0x3225330:     107 tokens, checkpoints:  0,    13.377 MiB
srv        update:    - prompt 0x32291b0:     105 tokens, checkpoints:  0,    13.127 MiB
srv        update:    - prompt 0x1194e10:     110 tokens, checkpoints:  0,    13.752 MiB
srv        update:    - prompt 0x3ad1b20:     116 tokens, checkpoints:  0,    14.502 MiB
srv        update:    - prompt 0x3228110:     109 tokens, checkpoints:  0,    13.627 MiB
srv        update:    - prompt 0x3229090:     113 tokens, checkpoints:  0,    14.127 MiB
srv        update:    - prompt 0xee1a40:     108 tokens, checkpoints:  0,    13.502 MiB
srv        update:    - prompt 0x321f8d0:     108 tokens, checkpoints:  0,    13.502 MiB
srv        update:    - prompt 0xf0e5d0:     108 tokens, checkpoints:  0,    13.502 MiB
srv        update:    - prompt 0xee8970:     111 tokens, checkpoints:  0,    13.877 MiB
srv        update:    - prompt 0xef15a0:     119 tokens, checkpoints:  0,    14.877 MiB
srv        update:    - prompt 0x3219830:     123 tokens, checkpoints:  0,    15.377 MiB
srv        update:    - prompt 0x32210f0:     165 tokens, checkpoints:  0,    20.628 MiB
srv        update:    - prompt 0xeec7b0:     131 tokens, checkpoints:  0,    16.377 MiB
srv        update:    - prompt 0x3af2910:     135 tokens, checkpoints:  0,    16.877 MiB
srv        update:    - prompt 0x3aeb3b0:     132 tokens, checkpoints:  0,    16.502 MiB
srv        update:    - prompt 0xee04b0:     146 tokens, checkpoints:  0,    18.252 MiB
srv        update:    - prompt 0x3227330:     130 tokens, checkpoints:  0,    16.252 MiB
srv        update:    - prompt 0xf0d980:     136 tokens, checkpoints:  0,    17.002 MiB
srv        update:    - prompt 0x11d5ce0:     136 tokens, checkpoints:  0,    17.002 MiB
srv        update:    - prompt 0x3220d10:     241 tokens, checkpoints:  0,    30.129 MiB
srv        update:    - prompt 0xfffdb80062a0:     325 tokens, checkpoints:  0,    40.629 MiB
srv        update:    - prompt 0xfffe140054f0:     363 tokens, checkpoints:  0,    45.380 MiB
slot update_slots: id  3 | task 5656 | new prompt, n_ctx_slot = 4096, n_keep = 0, task.n_tokens = 326
slot update_slots: id  3 | task 5656 | n_tokens = 0, memory_seq_rm [0, end)
slot init_sampler: id  3 | task 5656 | init sampler, took 0.18 ms, tokens: text = 326, total = 326
slot update_slots: id  3 | task 5656 | prompt processing done, n_tokens = 326, batch.n_tokens = 326
srv  log_server_r: done request: POST /completion 127.0.0.1 200
slot print_timing: id  3 | task 5656 | 
prompt eval time =   18587.20 ms /   326 tokens (   57.02 ms per token,    17.54 tokens per second)
       eval time =   13968.86 ms /   100 tokens (  139.69 ms per token,     7.16 tokens per second)
      total time =   32556.06 ms /   426 tokens
slot      release: id  3 | task 5656 | stop processing: n_tokens = 425, truncated = 0
srv  update_slots: all slots are idle
slot get_availabl: id  2 | task -1 | selected slot by LRU, t_last = 290502591698
srv  get_availabl: updating prompt cache
srv          load:  - looking for better prompt, base f_keep = -1.000, sim = 0.000
srv          load:  - found better prompt with f_keep = 0.758, sim = 1.000
srv        update:  - cache state: 45 prompts, 925.243 MiB (limits: 8192.000 MiB, 4096 tokens, 65527 est)
srv        update:    - prompt 0xf0ef60:     106 tokens, checkpoints:  0,    13.252 MiB
srv        update:    - prompt 0x4391140:     107 tokens, checkpoints:  0,    13.377 MiB
srv        update:    - prompt 0x32239b0:     106 tokens, checkpoints:  0,    13.252 MiB
srv        update:    - prompt 0x321b8b0:     107 tokens, checkpoints:  0,    13.377 MiB
srv        update:    - prompt 0x3221630:     105 tokens, checkpoints:  0,    13.127 MiB
srv        update:    - prompt 0x4390ba0:     110 tokens, checkpoints:  0,    13.752 MiB
srv        update:    - prompt 0x3223470:     116 tokens, checkpoints:  0,    14.502 MiB
srv        update:    - prompt 0x4394c10:     109 tokens, checkpoints:  0,    13.627 MiB
srv        update:    - prompt 0x3224910:     113 tokens, checkpoints:  0,    14.127 MiB
srv        update:    - prompt 0x3230c90:     108 tokens, checkpoints:  0,    13.502 MiB
srv        update:    - prompt 0x11f0c00:     108 tokens, checkpoints:  0,    13.502 MiB
srv        update:    - prompt 0xee47f0:     108 tokens, checkpoints:  0,    13.502 MiB
srv        update:    - prompt 0x438f4c0:     111 tokens, checkpoints:  0,    13.877 MiB
srv        update:    - prompt 0x438f580:     119 tokens, checkpoints:  0,    14.877 MiB
srv        update:    - prompt 0x4be6150:     123 tokens, checkpoints:  0,    15.377 MiB
srv        update:    - prompt 0x3adf6d0:     131 tokens, checkpoints:  0,    16.377 MiB
srv        update:    - prompt 0x43918f0:     130 tokens, checkpoints:  0,    16.252 MiB
srv        update:    - prompt 0x438b420:     412 tokens, checkpoints:  0,    51.505 MiB
srv        update:    - prompt 0x3ad6d90:     418 tokens, checkpoints:  0,    52.256 MiB
srv        update:    - prompt 0x321c560:     415 tokens, checkpoints:  0,    51.880 MiB
srv        update:    - prompt 0x3af94b0:     431 tokens, checkpoints:  0,    53.881 MiB
srv        update:    - prompt 0x3224d60:     431 tokens, checkpoints:  0,    53.881 MiB
srv        update:    - prompt 0x3225330:     107 tokens, checkpoints:  0,    13.377 MiB
srv        update:    - prompt 0x32291b0:     105 tokens, checkpoints:  0,    13.127 MiB
srv        update:    - prompt 0x1194e10:     110 tokens, checkpoints:  0,    13.752 MiB
srv        update:    - prompt 0x3ad1b20:     116 tokens, checkpoints:  0,    14.502 MiB
srv        update:    - prompt 0x3228110:     109 tokens, checkpoints:  0,    13.627 MiB
srv        update:    - prompt 0x3229090:     113 tokens, checkpoints:  0,    14.127 MiB
srv        update:    - prompt 0xee1a40:     108 tokens, checkpoints:  0,    13.502 MiB
srv        update:    - prompt 0x321f8d0:     108 tokens, checkpoints:  0,    13.502 MiB
srv        update:    - prompt 0xf0e5d0:     108 tokens, checkpoints:  0,    13.502 MiB
srv        update:    - prompt 0xee8970:     111 tokens, checkpoints:  0,    13.877 MiB
srv        update:    - prompt 0xef15a0:     119 tokens, checkpoints:  0,    14.877 MiB
srv        update:    - prompt 0x3219830:     123 tokens, checkpoints:  0,    15.377 MiB
srv        update:    - prompt 0x32210f0:     165 tokens, checkpoints:  0,    20.628 MiB
srv        update:    - prompt 0xeec7b0:     131 tokens, checkpoints:  0,    16.377 MiB
srv        update:    - prompt 0x3af2910:     135 tokens, checkpoints:  0,    16.877 MiB
srv        update:    - prompt 0x3aeb3b0:     132 tokens, checkpoints:  0,    16.502 MiB
srv        update:    - prompt 0xee04b0:     146 tokens, checkpoints:  0,    18.252 MiB
srv        update:    - prompt 0x3227330:     130 tokens, checkpoints:  0,    16.252 MiB
srv        update:    - prompt 0xf0d980:     136 tokens, checkpoints:  0,    17.002 MiB
srv        update:    - prompt 0x11d5ce0:     136 tokens, checkpoints:  0,    17.002 MiB
srv        update:    - prompt 0x3220d10:     241 tokens, checkpoints:  0,    30.129 MiB
srv        update:    - prompt 0xfffdb80062a0:     325 tokens, checkpoints:  0,    40.629 MiB
srv        update:    - prompt 0xfffe140054f0:     363 tokens, checkpoints:  0,    45.380 MiB
srv  get_availabl: prompt cache update took 15.56 ms
slot launch_slot_: id  2 | task -1 | sampler chain: logits -> ?penalties -> ?dry -> ?top-n-sigma -> top-k -> ?typical -> top-p -> min-p -> ?xtc -> temp-ext -> dist 
slot launch_slot_: id  2 | task 5757 | processing task, is_child = 0
slot slot_save_an: id  3 | task -1 | saving idle slot to prompt cache
srv   prompt_save:  - saving prompt with length 425, total state size = 53.131 MiB
slot prompt_clear: id  3 | task -1 | clearing prompt with 425 tokens
srv        update:  - cache state: 46 prompts, 978.374 MiB (limits: 8192.000 MiB, 4096 tokens, 65527 est)
srv        update:    - prompt 0xf0ef60:     106 tokens, checkpoints:  0,    13.252 MiB
srv        update:    - prompt 0x4391140:     107 tokens, checkpoints:  0,    13.377 MiB
srv        update:    - prompt 0x32239b0:     106 tokens, checkpoints:  0,    13.252 MiB
srv        update:    - prompt 0x321b8b0:     107 tokens, checkpoints:  0,    13.377 MiB
srv        update:    - prompt 0x3221630:     105 tokens, checkpoints:  0,    13.127 MiB
srv        update:    - prompt 0x4390ba0:     110 tokens, checkpoints:  0,    13.752 MiB
srv        update:    - prompt 0x3223470:     116 tokens, checkpoints:  0,    14.502 MiB
srv        update:    - prompt 0x4394c10:     109 tokens, checkpoints:  0,    13.627 MiB
srv        update:    - prompt 0x3224910:     113 tokens, checkpoints:  0,    14.127 MiB
srv        update:    - prompt 0x3230c90:     108 tokens, checkpoints:  0,    13.502 MiB
srv        update:    - prompt 0x11f0c00:     108 tokens, checkpoints:  0,    13.502 MiB
srv        update:    - prompt 0xee47f0:     108 tokens, checkpoints:  0,    13.502 MiB
srv        update:    - prompt 0x438f4c0:     111 tokens, checkpoints:  0,    13.877 MiB
srv        update:    - prompt 0x438f580:     119 tokens, checkpoints:  0,    14.877 MiB
srv        update:    - prompt 0x4be6150:     123 tokens, checkpoints:  0,    15.377 MiB
srv        update:    - prompt 0x3adf6d0:     131 tokens, checkpoints:  0,    16.377 MiB
srv        update:    - prompt 0x43918f0:     130 tokens, checkpoints:  0,    16.252 MiB
srv        update:    - prompt 0x438b420:     412 tokens, checkpoints:  0,    51.505 MiB
srv        update:    - prompt 0x3ad6d90:     418 tokens, checkpoints:  0,    52.256 MiB
srv        update:    - prompt 0x321c560:     415 tokens, checkpoints:  0,    51.880 MiB
srv        update:    - prompt 0x3af94b0:     431 tokens, checkpoints:  0,    53.881 MiB
srv        update:    - prompt 0x3224d60:     431 tokens, checkpoints:  0,    53.881 MiB
srv        update:    - prompt 0x3225330:     107 tokens, checkpoints:  0,    13.377 MiB
srv        update:    - prompt 0x32291b0:     105 tokens, checkpoints:  0,    13.127 MiB
srv        update:    - prompt 0x1194e10:     110 tokens, checkpoints:  0,    13.752 MiB
srv        update:    - prompt 0x3ad1b20:     116 tokens, checkpoints:  0,    14.502 MiB
srv        update:    - prompt 0x3228110:     109 tokens, checkpoints:  0,    13.627 MiB
srv        update:    - prompt 0x3229090:     113 tokens, checkpoints:  0,    14.127 MiB
srv        update:    - prompt 0xee1a40:     108 tokens, checkpoints:  0,    13.502 MiB
srv        update:    - prompt 0x321f8d0:     108 tokens, checkpoints:  0,    13.502 MiB
srv        update:    - prompt 0xf0e5d0:     108 tokens, checkpoints:  0,    13.502 MiB
srv        update:    - prompt 0xee8970:     111 tokens, checkpoints:  0,    13.877 MiB
srv        update:    - prompt 0xef15a0:     119 tokens, checkpoints:  0,    14.877 MiB
srv        update:    - prompt 0x3219830:     123 tokens, checkpoints:  0,    15.377 MiB
srv        update:    - prompt 0x32210f0:     165 tokens, checkpoints:  0,    20.628 MiB
srv        update:    - prompt 0xeec7b0:     131 tokens, checkpoints:  0,    16.377 MiB
srv        update:    - prompt 0x3af2910:     135 tokens, checkpoints:  0,    16.877 MiB
srv        update:    - prompt 0x3aeb3b0:     132 tokens, checkpoints:  0,    16.502 MiB
srv        update:    - prompt 0xee04b0:     146 tokens, checkpoints:  0,    18.252 MiB
srv        update:    - prompt 0x3227330:     130 tokens, checkpoints:  0,    16.252 MiB
srv        update:    - prompt 0xf0d980:     136 tokens, checkpoints:  0,    17.002 MiB
srv        update:    - prompt 0x11d5ce0:     136 tokens, checkpoints:  0,    17.002 MiB
srv        update:    - prompt 0x3220d10:     241 tokens, checkpoints:  0,    30.129 MiB
srv        update:    - prompt 0xfffdb80062a0:     325 tokens, checkpoints:  0,    40.629 MiB
srv        update:    - prompt 0xfffe140054f0:     363 tokens, checkpoints:  0,    45.380 MiB
srv        update:    - prompt 0xfffe08002440:     425 tokens, checkpoints:  0,    53.131 MiB
slot update_slots: id  2 | task 5757 | new prompt, n_ctx_slot = 4096, n_keep = 0, task.n_tokens = 310
slot update_slots: id  2 | task 5757 | n_tokens = 0, memory_seq_rm [0, end)
slot init_sampler: id  2 | task 5757 | init sampler, took 0.15 ms, tokens: text = 310, total = 310
slot update_slots: id  2 | task 5757 | prompt processing done, n_tokens = 310, batch.n_tokens = 310
srv  log_server_r: done request: POST /completion 127.0.0.1 200
slot print_timing: id  2 | task 5757 | 
prompt eval time =   17519.41 ms /   310 tokens (   56.51 ms per token,    17.69 tokens per second)
       eval time =   12383.60 ms /   100 tokens (  123.84 ms per token,     8.08 tokens per second)
      total time =   29903.01 ms /   410 tokens
slot      release: id  2 | task 5757 | stop processing: n_tokens = 409, truncated = 0
srv  update_slots: all slots are idle
slot get_availabl: id  1 | task -1 | selected slot by LRU, t_last = 290526338342
srv  get_availabl: updating prompt cache
srv          load:  - looking for better prompt, base f_keep = -1.000, sim = 0.000
srv          load:  - found better prompt with f_keep = 0.760, sim = 1.000
srv        update:  - cache state: 45 prompts, 926.868 MiB (limits: 8192.000 MiB, 4096 tokens, 65527 est)
srv        update:    - prompt 0xf0ef60:     106 tokens, checkpoints:  0,    13.252 MiB
srv        update:    - prompt 0x4391140:     107 tokens, checkpoints:  0,    13.377 MiB
srv        update:    - prompt 0x32239b0:     106 tokens, checkpoints:  0,    13.252 MiB
srv        update:    - prompt 0x321b8b0:     107 tokens, checkpoints:  0,    13.377 MiB
srv        update:    - prompt 0x3221630:     105 tokens, checkpoints:  0,    13.127 MiB
srv        update:    - prompt 0x4390ba0:     110 tokens, checkpoints:  0,    13.752 MiB
srv        update:    - prompt 0x3223470:     116 tokens, checkpoints:  0,    14.502 MiB
srv        update:    - prompt 0x4394c10:     109 tokens, checkpoints:  0,    13.627 MiB
srv        update:    - prompt 0x3224910:     113 tokens, checkpoints:  0,    14.127 MiB
srv        update:    - prompt 0x3230c90:     108 tokens, checkpoints:  0,    13.502 MiB
srv        update:    - prompt 0x11f0c00:     108 tokens, checkpoints:  0,    13.502 MiB
srv        update:    - prompt 0xee47f0:     108 tokens, checkpoints:  0,    13.502 MiB
srv        update:    - prompt 0x438f4c0:     111 tokens, checkpoints:  0,    13.877 MiB
srv        update:    - prompt 0x438f580:     119 tokens, checkpoints:  0,    14.877 MiB
srv        update:    - prompt 0x4be6150:     123 tokens, checkpoints:  0,    15.377 MiB
srv        update:    - prompt 0x3adf6d0:     131 tokens, checkpoints:  0,    16.377 MiB
srv        update:    - prompt 0x43918f0:     130 tokens, checkpoints:  0,    16.252 MiB
srv        update:    - prompt 0x3ad6d90:     418 tokens, checkpoints:  0,    52.256 MiB
srv        update:    - prompt 0x321c560:     415 tokens, checkpoints:  0,    51.880 MiB
srv        update:    - prompt 0x3af94b0:     431 tokens, checkpoints:  0,    53.881 MiB
srv        update:    - prompt 0x3224d60:     431 tokens, checkpoints:  0,    53.881 MiB
srv        update:    - prompt 0x3225330:     107 tokens, checkpoints:  0,    13.377 MiB
srv        update:    - prompt 0x32291b0:     105 tokens, checkpoints:  0,    13.127 MiB
srv        update:    - prompt 0x1194e10:     110 tokens, checkpoints:  0,    13.752 MiB
srv        update:    - prompt 0x3ad1b20:     116 tokens, checkpoints:  0,    14.502 MiB
srv        update:    - prompt 0x3228110:     109 tokens, checkpoints:  0,    13.627 MiB
srv        update:    - prompt 0x3229090:     113 tokens, checkpoints:  0,    14.127 MiB
srv        update:    - prompt 0xee1a40:     108 tokens, checkpoints:  0,    13.502 MiB
srv        update:    - prompt 0x321f8d0:     108 tokens, checkpoints:  0,    13.502 MiB
srv        update:    - prompt 0xf0e5d0:     108 tokens, checkpoints:  0,    13.502 MiB
srv        update:    - prompt 0xee8970:     111 tokens, checkpoints:  0,    13.877 MiB
srv        update:    - prompt 0xef15a0:     119 tokens, checkpoints:  0,    14.877 MiB
srv        update:    - prompt 0x3219830:     123 tokens, checkpoints:  0,    15.377 MiB
srv        update:    - prompt 0x32210f0:     165 tokens, checkpoints:  0,    20.628 MiB
srv        update:    - prompt 0xeec7b0:     131 tokens, checkpoints:  0,    16.377 MiB
srv        update:    - prompt 0x3af2910:     135 tokens, checkpoints:  0,    16.877 MiB
srv        update:    - prompt 0x3aeb3b0:     132 tokens, checkpoints:  0,    16.502 MiB
srv        update:    - prompt 0xee04b0:     146 tokens, checkpoints:  0,    18.252 MiB
srv        update:    - prompt 0x3227330:     130 tokens, checkpoints:  0,    16.252 MiB
srv        update:    - prompt 0xf0d980:     136 tokens, checkpoints:  0,    17.002 MiB
srv        update:    - prompt 0x11d5ce0:     136 tokens, checkpoints:  0,    17.002 MiB
srv        update:    - prompt 0x3220d10:     241 tokens, checkpoints:  0,    30.129 MiB
srv        update:    - prompt 0xfffdb80062a0:     325 tokens, checkpoints:  0,    40.629 MiB
srv        update:    - prompt 0xfffe140054f0:     363 tokens, checkpoints:  0,    45.380 MiB
srv        update:    - prompt 0xfffe08002440:     425 tokens, checkpoints:  0,    53.131 MiB
srv  get_availabl: prompt cache update took 15.54 ms
slot launch_slot_: id  1 | task -1 | sampler chain: logits -> ?penalties -> ?dry -> ?top-n-sigma -> top-k -> ?typical -> top-p -> min-p -> ?xtc -> temp-ext -> dist 
slot launch_slot_: id  1 | task 5858 | processing task, is_child = 0
slot slot_save_an: id  2 | task -1 | saving idle slot to prompt cache
srv   prompt_save:  - saving prompt with length 409, total state size = 51.130 MiB
slot prompt_clear: id  2 | task -1 | clearing prompt with 409 tokens
srv        update:  - cache state: 46 prompts, 977.999 MiB (limits: 8192.000 MiB, 4096 tokens, 65527 est)
srv        update:    - prompt 0xf0ef60:     106 tokens, checkpoints:  0,    13.252 MiB
srv        update:    - prompt 0x4391140:     107 tokens, checkpoints:  0,    13.377 MiB
srv        update:    - prompt 0x32239b0:     106 tokens, checkpoints:  0,    13.252 MiB
srv        update:    - prompt 0x321b8b0:     107 tokens, checkpoints:  0,    13.377 MiB
srv        update:    - prompt 0x3221630:     105 tokens, checkpoints:  0,    13.127 MiB
srv        update:    - prompt 0x4390ba0:     110 tokens, checkpoints:  0,    13.752 MiB
srv        update:    - prompt 0x3223470:     116 tokens, checkpoints:  0,    14.502 MiB
srv        update:    - prompt 0x4394c10:     109 tokens, checkpoints:  0,    13.627 MiB
srv        update:    - prompt 0x3224910:     113 tokens, checkpoints:  0,    14.127 MiB
srv        update:    - prompt 0x3230c90:     108 tokens, checkpoints:  0,    13.502 MiB
srv        update:    - prompt 0x11f0c00:     108 tokens, checkpoints:  0,    13.502 MiB
srv        update:    - prompt 0xee47f0:     108 tokens, checkpoints:  0,    13.502 MiB
srv        update:    - prompt 0x438f4c0:     111 tokens, checkpoints:  0,    13.877 MiB
srv        update:    - prompt 0x438f580:     119 tokens, checkpoints:  0,    14.877 MiB
srv        update:    - prompt 0x4be6150:     123 tokens, checkpoints:  0,    15.377 MiB
srv        update:    - prompt 0x3adf6d0:     131 tokens, checkpoints:  0,    16.377 MiB
srv        update:    - prompt 0x43918f0:     130 tokens, checkpoints:  0,    16.252 MiB
srv        update:    - prompt 0x3ad6d90:     418 tokens, checkpoints:  0,    52.256 MiB
srv        update:    - prompt 0x321c560:     415 tokens, checkpoints:  0,    51.880 MiB
srv        update:    - prompt 0x3af94b0:     431 tokens, checkpoints:  0,    53.881 MiB
srv        update:    - prompt 0x3224d60:     431 tokens, checkpoints:  0,    53.881 MiB
srv        update:    - prompt 0x3225330:     107 tokens, checkpoints:  0,    13.377 MiB
srv        update:    - prompt 0x32291b0:     105 tokens, checkpoints:  0,    13.127 MiB
srv        update:    - prompt 0x1194e10:     110 tokens, checkpoints:  0,    13.752 MiB
srv        update:    - prompt 0x3ad1b20:     116 tokens, checkpoints:  0,    14.502 MiB
srv        update:    - prompt 0x3228110:     109 tokens, checkpoints:  0,    13.627 MiB
srv        update:    - prompt 0x3229090:     113 tokens, checkpoints:  0,    14.127 MiB
srv        update:    - prompt 0xee1a40:     108 tokens, checkpoints:  0,    13.502 MiB
srv        update:    - prompt 0x321f8d0:     108 tokens, checkpoints:  0,    13.502 MiB
srv        update:    - prompt 0xf0e5d0:     108 tokens, checkpoints:  0,    13.502 MiB
srv        update:    - prompt 0xee8970:     111 tokens, checkpoints:  0,    13.877 MiB
srv        update:    - prompt 0xef15a0:     119 tokens, checkpoints:  0,    14.877 MiB
srv        update:    - prompt 0x3219830:     123 tokens, checkpoints:  0,    15.377 MiB
srv        update:    - prompt 0x32210f0:     165 tokens, checkpoints:  0,    20.628 MiB
srv        update:    - prompt 0xeec7b0:     131 tokens, checkpoints:  0,    16.377 MiB
srv        update:    - prompt 0x3af2910:     135 tokens, checkpoints:  0,    16.877 MiB
srv        update:    - prompt 0x3aeb3b0:     132 tokens, checkpoints:  0,    16.502 MiB
srv        update:    - prompt 0xee04b0:     146 tokens, checkpoints:  0,    18.252 MiB
srv        update:    - prompt 0x3227330:     130 tokens, checkpoints:  0,    16.252 MiB
srv        update:    - prompt 0xf0d980:     136 tokens, checkpoints:  0,    17.002 MiB
srv        update:    - prompt 0x11d5ce0:     136 tokens, checkpoints:  0,    17.002 MiB
srv        update:    - prompt 0x3220d10:     241 tokens, checkpoints:  0,    30.129 MiB
srv        update:    - prompt 0xfffdb80062a0:     325 tokens, checkpoints:  0,    40.629 MiB
srv        update:    - prompt 0xfffe140054f0:     363 tokens, checkpoints:  0,    45.380 MiB
srv        update:    - prompt 0xfffe08002440:     425 tokens, checkpoints:  0,    53.131 MiB
srv        update:    - prompt 0x438b420:     409 tokens, checkpoints:  0,    51.130 MiB
slot update_slots: id  1 | task 5858 | new prompt, n_ctx_slot = 4096, n_keep = 0, task.n_tokens = 313
slot update_slots: id  1 | task 5858 | n_tokens = 0, memory_seq_rm [0, end)
slot init_sampler: id  1 | task 5858 | init sampler, took 0.17 ms, tokens: text = 313, total = 313
slot update_slots: id  1 | task 5858 | prompt processing done, n_tokens = 313, batch.n_tokens = 313
srv  log_server_r: done request: POST /completion 127.0.0.1 200
slot print_timing: id  1 | task 5858 | 
prompt eval time =   17661.82 ms /   313 tokens (   56.43 ms per token,    17.72 tokens per second)
       eval time =    7335.45 ms /   100 tokens (   73.35 ms per token,    13.63 tokens per second)
      total time =   24997.27 ms /   413 tokens
slot      release: id  1 | task 5858 | stop processing: n_tokens = 412, truncated = 0
srv  update_slots: all slots are idle
slot get_availabl: id  0 | task -1 | selected slot by LRU, t_last = 290549166552
srv  get_availabl: updating prompt cache
srv          load:  - looking for better prompt, base f_keep = -1.000, sim = 0.000
srv          load:  - found better prompt with f_keep = 0.763, sim = 1.000
srv        update:  - cache state: 45 prompts, 925.743 MiB (limits: 8192.000 MiB, 4096 tokens, 65527 est)
srv        update:    - prompt 0xf0ef60:     106 tokens, checkpoints:  0,    13.252 MiB
srv        update:    - prompt 0x4391140:     107 tokens, checkpoints:  0,    13.377 MiB
srv        update:    - prompt 0x32239b0:     106 tokens, checkpoints:  0,    13.252 MiB
srv        update:    - prompt 0x321b8b0:     107 tokens, checkpoints:  0,    13.377 MiB
srv        update:    - prompt 0x3221630:     105 tokens, checkpoints:  0,    13.127 MiB
srv        update:    - prompt 0x4390ba0:     110 tokens, checkpoints:  0,    13.752 MiB
srv        update:    - prompt 0x3223470:     116 tokens, checkpoints:  0,    14.502 MiB
srv        update:    - prompt 0x4394c10:     109 tokens, checkpoints:  0,    13.627 MiB
srv        update:    - prompt 0x3224910:     113 tokens, checkpoints:  0,    14.127 MiB
srv        update:    - prompt 0x3230c90:     108 tokens, checkpoints:  0,    13.502 MiB
srv        update:    - prompt 0x11f0c00:     108 tokens, checkpoints:  0,    13.502 MiB
srv        update:    - prompt 0xee47f0:     108 tokens, checkpoints:  0,    13.502 MiB
srv        update:    - prompt 0x438f4c0:     111 tokens, checkpoints:  0,    13.877 MiB
srv        update:    - prompt 0x438f580:     119 tokens, checkpoints:  0,    14.877 MiB
srv        update:    - prompt 0x4be6150:     123 tokens, checkpoints:  0,    15.377 MiB
srv        update:    - prompt 0x3adf6d0:     131 tokens, checkpoints:  0,    16.377 MiB
srv        update:    - prompt 0x43918f0:     130 tokens, checkpoints:  0,    16.252 MiB
srv        update:    - prompt 0x321c560:     415 tokens, checkpoints:  0,    51.880 MiB
srv        update:    - prompt 0x3af94b0:     431 tokens, checkpoints:  0,    53.881 MiB
srv        update:    - prompt 0x3224d60:     431 tokens, checkpoints:  0,    53.881 MiB
srv        update:    - prompt 0x3225330:     107 tokens, checkpoints:  0,    13.377 MiB
srv        update:    - prompt 0x32291b0:     105 tokens, checkpoints:  0,    13.127 MiB
srv        update:    - prompt 0x1194e10:     110 tokens, checkpoints:  0,    13.752 MiB
srv        update:    - prompt 0x3ad1b20:     116 tokens, checkpoints:  0,    14.502 MiB
srv        update:    - prompt 0x3228110:     109 tokens, checkpoints:  0,    13.627 MiB
srv        update:    - prompt 0x3229090:     113 tokens, checkpoints:  0,    14.127 MiB
srv        update:    - prompt 0xee1a40:     108 tokens, checkpoints:  0,    13.502 MiB
srv        update:    - prompt 0x321f8d0:     108 tokens, checkpoints:  0,    13.502 MiB
srv        update:    - prompt 0xf0e5d0:     108 tokens, checkpoints:  0,    13.502 MiB
srv        update:    - prompt 0xee8970:     111 tokens, checkpoints:  0,    13.877 MiB
srv        update:    - prompt 0xef15a0:     119 tokens, checkpoints:  0,    14.877 MiB
srv        update:    - prompt 0x3219830:     123 tokens, checkpoints:  0,    15.377 MiB
srv        update:    - prompt 0x32210f0:     165 tokens, checkpoints:  0,    20.628 MiB
srv        update:    - prompt 0xeec7b0:     131 tokens, checkpoints:  0,    16.377 MiB
srv        update:    - prompt 0x3af2910:     135 tokens, checkpoints:  0,    16.877 MiB
srv        update:    - prompt 0x3aeb3b0:     132 tokens, checkpoints:  0,    16.502 MiB
srv        update:    - prompt 0xee04b0:     146 tokens, checkpoints:  0,    18.252 MiB
srv        update:    - prompt 0x3227330:     130 tokens, checkpoints:  0,    16.252 MiB
srv        update:    - prompt 0xf0d980:     136 tokens, checkpoints:  0,    17.002 MiB
srv        update:    - prompt 0x11d5ce0:     136 tokens, checkpoints:  0,    17.002 MiB
srv        update:    - prompt 0x3220d10:     241 tokens, checkpoints:  0,    30.129 MiB
srv        update:    - prompt 0xfffdb80062a0:     325 tokens, checkpoints:  0,    40.629 MiB
srv        update:    - prompt 0xfffe140054f0:     363 tokens, checkpoints:  0,    45.380 MiB
srv        update:    - prompt 0xfffe08002440:     425 tokens, checkpoints:  0,    53.131 MiB
srv        update:    - prompt 0x438b420:     409 tokens, checkpoints:  0,    51.130 MiB
srv  get_availabl: prompt cache update took 16.25 ms
slot launch_slot_: id  0 | task -1 | sampler chain: logits -> ?penalties -> ?dry -> ?top-n-sigma -> top-k -> ?typical -> top-p -> min-p -> ?xtc -> temp-ext -> dist 
slot launch_slot_: id  0 | task 5959 | processing task, is_child = 0
slot slot_save_an: id  1 | task -1 | saving idle slot to prompt cache
srv   prompt_save:  - saving prompt with length 412, total state size = 51.505 MiB
slot prompt_clear: id  1 | task -1 | clearing prompt with 412 tokens
srv        update:  - cache state: 46 prompts, 977.249 MiB (limits: 8192.000 MiB, 4096 tokens, 65527 est)
srv        update:    - prompt 0xf0ef60:     106 tokens, checkpoints:  0,    13.252 MiB
srv        update:    - prompt 0x4391140:     107 tokens, checkpoints:  0,    13.377 MiB
srv        update:    - prompt 0x32239b0:     106 tokens, checkpoints:  0,    13.252 MiB
srv        update:    - prompt 0x321b8b0:     107 tokens, checkpoints:  0,    13.377 MiB
srv        update:    - prompt 0x3221630:     105 tokens, checkpoints:  0,    13.127 MiB
srv        update:    - prompt 0x4390ba0:     110 tokens, checkpoints:  0,    13.752 MiB
srv        update:    - prompt 0x3223470:     116 tokens, checkpoints:  0,    14.502 MiB
srv        update:    - prompt 0x4394c10:     109 tokens, checkpoints:  0,    13.627 MiB
srv        update:    - prompt 0x3224910:     113 tokens, checkpoints:  0,    14.127 MiB
srv        update:    - prompt 0x3230c90:     108 tokens, checkpoints:  0,    13.502 MiB
srv        update:    - prompt 0x11f0c00:     108 tokens, checkpoints:  0,    13.502 MiB
srv        update:    - prompt 0xee47f0:     108 tokens, checkpoints:  0,    13.502 MiB
srv        update:    - prompt 0x438f4c0:     111 tokens, checkpoints:  0,    13.877 MiB
srv        update:    - prompt 0x438f580:     119 tokens, checkpoints:  0,    14.877 MiB
srv        update:    - prompt 0x4be6150:     123 tokens, checkpoints:  0,    15.377 MiB
srv        update:    - prompt 0x3adf6d0:     131 tokens, checkpoints:  0,    16.377 MiB
srv        update:    - prompt 0x43918f0:     130 tokens, checkpoints:  0,    16.252 MiB
srv        update:    - prompt 0x321c560:     415 tokens, checkpoints:  0,    51.880 MiB
srv        update:    - prompt 0x3af94b0:     431 tokens, checkpoints:  0,    53.881 MiB
srv        update:    - prompt 0x3224d60:     431 tokens, checkpoints:  0,    53.881 MiB
srv        update:    - prompt 0x3225330:     107 tokens, checkpoints:  0,    13.377 MiB
srv        update:    - prompt 0x32291b0:     105 tokens, checkpoints:  0,    13.127 MiB
srv        update:    - prompt 0x1194e10:     110 tokens, checkpoints:  0,    13.752 MiB
srv        update:    - prompt 0x3ad1b20:     116 tokens, checkpoints:  0,    14.502 MiB
srv        update:    - prompt 0x3228110:     109 tokens, checkpoints:  0,    13.627 MiB
srv        update:    - prompt 0x3229090:     113 tokens, checkpoints:  0,    14.127 MiB
srv        update:    - prompt 0xee1a40:     108 tokens, checkpoints:  0,    13.502 MiB
srv        update:    - prompt 0x321f8d0:     108 tokens, checkpoints:  0,    13.502 MiB
srv        update:    - prompt 0xf0e5d0:     108 tokens, checkpoints:  0,    13.502 MiB
srv        update:    - prompt 0xee8970:     111 tokens, checkpoints:  0,    13.877 MiB
srv        update:    - prompt 0xef15a0:     119 tokens, checkpoints:  0,    14.877 MiB
srv        update:    - prompt 0x3219830:     123 tokens, checkpoints:  0,    15.377 MiB
srv        update:    - prompt 0x32210f0:     165 tokens, checkpoints:  0,    20.628 MiB
srv        update:    - prompt 0xeec7b0:     131 tokens, checkpoints:  0,    16.377 MiB
srv        update:    - prompt 0x3af2910:     135 tokens, checkpoints:  0,    16.877 MiB
srv        update:    - prompt 0x3aeb3b0:     132 tokens, checkpoints:  0,    16.502 MiB
srv        update:    - prompt 0xee04b0:     146 tokens, checkpoints:  0,    18.252 MiB
srv        update:    - prompt 0x3227330:     130 tokens, checkpoints:  0,    16.252 MiB
srv        update:    - prompt 0xf0d980:     136 tokens, checkpoints:  0,    17.002 MiB
srv        update:    - prompt 0x11d5ce0:     136 tokens, checkpoints:  0,    17.002 MiB
srv        update:    - prompt 0x3220d10:     241 tokens, checkpoints:  0,    30.129 MiB
srv        update:    - prompt 0xfffdb80062a0:     325 tokens, checkpoints:  0,    40.629 MiB
srv        update:    - prompt 0xfffe140054f0:     363 tokens, checkpoints:  0,    45.380 MiB
srv        update:    - prompt 0xfffe08002440:     425 tokens, checkpoints:  0,    53.131 MiB
srv        update:    - prompt 0x438b420:     409 tokens, checkpoints:  0,    51.130 MiB
srv        update:    - prompt 0x3ad6d90:     412 tokens, checkpoints:  0,    51.505 MiB
slot update_slots: id  0 | task 5959 | new prompt, n_ctx_slot = 4096, n_keep = 0, task.n_tokens = 319
slot update_slots: id  0 | task 5959 | n_tokens = 0, memory_seq_rm [0, end)
slot init_sampler: id  0 | task 5959 | init sampler, took 0.17 ms, tokens: text = 319, total = 319
slot update_slots: id  0 | task 5959 | prompt processing done, n_tokens = 319, batch.n_tokens = 319
srv  log_server_r: done request: POST /completion 127.0.0.1 200
slot print_timing: id  0 | task 5959 | 
prompt eval time =   17965.62 ms /   319 tokens (   56.32 ms per token,    17.76 tokens per second)
       eval time =    7518.49 ms /   100 tokens (   75.18 ms per token,    13.30 tokens per second)
      total time =   25484.10 ms /   419 tokens
slot      release: id  0 | task 5959 | stop processing: n_tokens = 418, truncated = 0
srv  update_slots: all slots are idle
slot get_availabl: id  3 | task -1 | selected slot by LRU, t_last = 290582328761
srv  get_availabl: updating prompt cache
srv          load:  - looking for better prompt, base f_keep = -1.000, sim = 0.000
srv          load:  - found better prompt with f_keep = 0.761, sim = 1.000
srv        update:  - cache state: 45 prompts, 925.368 MiB (limits: 8192.000 MiB, 4096 tokens, 65527 est)
srv        update:    - prompt 0xf0ef60:     106 tokens, checkpoints:  0,    13.252 MiB
srv        update:    - prompt 0x4391140:     107 tokens, checkpoints:  0,    13.377 MiB
srv        update:    - prompt 0x32239b0:     106 tokens, checkpoints:  0,    13.252 MiB
srv        update:    - prompt 0x321b8b0:     107 tokens, checkpoints:  0,    13.377 MiB
srv        update:    - prompt 0x3221630:     105 tokens, checkpoints:  0,    13.127 MiB
srv        update:    - prompt 0x4390ba0:     110 tokens, checkpoints:  0,    13.752 MiB
srv        update:    - prompt 0x3223470:     116 tokens, checkpoints:  0,    14.502 MiB
srv        update:    - prompt 0x4394c10:     109 tokens, checkpoints:  0,    13.627 MiB
srv        update:    - prompt 0x3224910:     113 tokens, checkpoints:  0,    14.127 MiB
srv        update:    - prompt 0x3230c90:     108 tokens, checkpoints:  0,    13.502 MiB
srv        update:    - prompt 0x11f0c00:     108 tokens, checkpoints:  0,    13.502 MiB
srv        update:    - prompt 0xee47f0:     108 tokens, checkpoints:  0,    13.502 MiB
srv        update:    - prompt 0x438f4c0:     111 tokens, checkpoints:  0,    13.877 MiB
srv        update:    - prompt 0x438f580:     119 tokens, checkpoints:  0,    14.877 MiB
srv        update:    - prompt 0x4be6150:     123 tokens, checkpoints:  0,    15.377 MiB
srv        update:    - prompt 0x3adf6d0:     131 tokens, checkpoints:  0,    16.377 MiB
srv        update:    - prompt 0x43918f0:     130 tokens, checkpoints:  0,    16.252 MiB
srv        update:    - prompt 0x3af94b0:     431 tokens, checkpoints:  0,    53.881 MiB
srv        update:    - prompt 0x3224d60:     431 tokens, checkpoints:  0,    53.881 MiB
srv        update:    - prompt 0x3225330:     107 tokens, checkpoints:  0,    13.377 MiB
srv        update:    - prompt 0x32291b0:     105 tokens, checkpoints:  0,    13.127 MiB
srv        update:    - prompt 0x1194e10:     110 tokens, checkpoints:  0,    13.752 MiB
srv        update:    - prompt 0x3ad1b20:     116 tokens, checkpoints:  0,    14.502 MiB
srv        update:    - prompt 0x3228110:     109 tokens, checkpoints:  0,    13.627 MiB
srv        update:    - prompt 0x3229090:     113 tokens, checkpoints:  0,    14.127 MiB
srv        update:    - prompt 0xee1a40:     108 tokens, checkpoints:  0,    13.502 MiB
srv        update:    - prompt 0x321f8d0:     108 tokens, checkpoints:  0,    13.502 MiB
srv        update:    - prompt 0xf0e5d0:     108 tokens, checkpoints:  0,    13.502 MiB
srv        update:    - prompt 0xee8970:     111 tokens, checkpoints:  0,    13.877 MiB
srv        update:    - prompt 0xef15a0:     119 tokens, checkpoints:  0,    14.877 MiB
srv        update:    - prompt 0x3219830:     123 tokens, checkpoints:  0,    15.377 MiB
srv        update:    - prompt 0x32210f0:     165 tokens, checkpoints:  0,    20.628 MiB
srv        update:    - prompt 0xeec7b0:     131 tokens, checkpoints:  0,    16.377 MiB
srv        update:    - prompt 0x3af2910:     135 tokens, checkpoints:  0,    16.877 MiB
srv        update:    - prompt 0x3aeb3b0:     132 tokens, checkpoints:  0,    16.502 MiB
srv        update:    - prompt 0xee04b0:     146 tokens, checkpoints:  0,    18.252 MiB
srv        update:    - prompt 0x3227330:     130 tokens, checkpoints:  0,    16.252 MiB
srv        update:    - prompt 0xf0d980:     136 tokens, checkpoints:  0,    17.002 MiB
srv        update:    - prompt 0x11d5ce0:     136 tokens, checkpoints:  0,    17.002 MiB
srv        update:    - prompt 0x3220d10:     241 tokens, checkpoints:  0,    30.129 MiB
srv        update:    - prompt 0xfffdb80062a0:     325 tokens, checkpoints:  0,    40.629 MiB
srv        update:    - prompt 0xfffe140054f0:     363 tokens, checkpoints:  0,    45.380 MiB
srv        update:    - prompt 0xfffe08002440:     425 tokens, checkpoints:  0,    53.131 MiB
srv        update:    - prompt 0x438b420:     409 tokens, checkpoints:  0,    51.130 MiB
srv        update:    - prompt 0x3ad6d90:     412 tokens, checkpoints:  0,    51.505 MiB
srv  get_availabl: prompt cache update took 16.02 ms
slot launch_slot_: id  3 | task -1 | sampler chain: logits -> ?penalties -> ?dry -> ?top-n-sigma -> top-k -> ?typical -> top-p -> min-p -> ?xtc -> temp-ext -> dist 
slot launch_slot_: id  3 | task 6060 | processing task, is_child = 0
slot slot_save_an: id  0 | task -1 | saving idle slot to prompt cache
srv   prompt_save:  - saving prompt with length 418, total state size = 52.256 MiB
slot prompt_clear: id  0 | task -1 | clearing prompt with 418 tokens
srv        update:  - cache state: 46 prompts, 977.624 MiB (limits: 8192.000 MiB, 4096 tokens, 65527 est)
srv        update:    - prompt 0xf0ef60:     106 tokens, checkpoints:  0,    13.252 MiB
srv        update:    - prompt 0x4391140:     107 tokens, checkpoints:  0,    13.377 MiB
srv        update:    - prompt 0x32239b0:     106 tokens, checkpoints:  0,    13.252 MiB
srv        update:    - prompt 0x321b8b0:     107 tokens, checkpoints:  0,    13.377 MiB
srv        update:    - prompt 0x3221630:     105 tokens, checkpoints:  0,    13.127 MiB
srv        update:    - prompt 0x4390ba0:     110 tokens, checkpoints:  0,    13.752 MiB
srv        update:    - prompt 0x3223470:     116 tokens, checkpoints:  0,    14.502 MiB
srv        update:    - prompt 0x4394c10:     109 tokens, checkpoints:  0,    13.627 MiB
srv        update:    - prompt 0x3224910:     113 tokens, checkpoints:  0,    14.127 MiB
srv        update:    - prompt 0x3230c90:     108 tokens, checkpoints:  0,    13.502 MiB
srv        update:    - prompt 0x11f0c00:     108 tokens, checkpoints:  0,    13.502 MiB
srv        update:    - prompt 0xee47f0:     108 tokens, checkpoints:  0,    13.502 MiB
srv        update:    - prompt 0x438f4c0:     111 tokens, checkpoints:  0,    13.877 MiB
srv        update:    - prompt 0x438f580:     119 tokens, checkpoints:  0,    14.877 MiB
srv        update:    - prompt 0x4be6150:     123 tokens, checkpoints:  0,    15.377 MiB
srv        update:    - prompt 0x3adf6d0:     131 tokens, checkpoints:  0,    16.377 MiB
srv        update:    - prompt 0x43918f0:     130 tokens, checkpoints:  0,    16.252 MiB
srv        update:    - prompt 0x3af94b0:     431 tokens, checkpoints:  0,    53.881 MiB
srv        update:    - prompt 0x3224d60:     431 tokens, checkpoints:  0,    53.881 MiB
srv        update:    - prompt 0x3225330:     107 tokens, checkpoints:  0,    13.377 MiB
srv        update:    - prompt 0x32291b0:     105 tokens, checkpoints:  0,    13.127 MiB
srv        update:    - prompt 0x1194e10:     110 tokens, checkpoints:  0,    13.752 MiB
srv        update:    - prompt 0x3ad1b20:     116 tokens, checkpoints:  0,    14.502 MiB
srv        update:    - prompt 0x3228110:     109 tokens, checkpoints:  0,    13.627 MiB
srv        update:    - prompt 0x3229090:     113 tokens, checkpoints:  0,    14.127 MiB
srv        update:    - prompt 0xee1a40:     108 tokens, checkpoints:  0,    13.502 MiB
srv        update:    - prompt 0x321f8d0:     108 tokens, checkpoints:  0,    13.502 MiB
srv        update:    - prompt 0xf0e5d0:     108 tokens, checkpoints:  0,    13.502 MiB
srv        update:    - prompt 0xee8970:     111 tokens, checkpoints:  0,    13.877 MiB
srv        update:    - prompt 0xef15a0:     119 tokens, checkpoints:  0,    14.877 MiB
srv        update:    - prompt 0x3219830:     123 tokens, checkpoints:  0,    15.377 MiB
srv        update:    - prompt 0x32210f0:     165 tokens, checkpoints:  0,    20.628 MiB
srv        update:    - prompt 0xeec7b0:     131 tokens, checkpoints:  0,    16.377 MiB
srv        update:    - prompt 0x3af2910:     135 tokens, checkpoints:  0,    16.877 MiB
srv        update:    - prompt 0x3aeb3b0:     132 tokens, checkpoints:  0,    16.502 MiB
srv        update:    - prompt 0xee04b0:     146 tokens, checkpoints:  0,    18.252 MiB
srv        update:    - prompt 0x3227330:     130 tokens, checkpoints:  0,    16.252 MiB
srv        update:    - prompt 0xf0d980:     136 tokens, checkpoints:  0,    17.002 MiB
srv        update:    - prompt 0x11d5ce0:     136 tokens, checkpoints:  0,    17.002 MiB
srv        update:    - prompt 0x3220d10:     241 tokens, checkpoints:  0,    30.129 MiB
srv        update:    - prompt 0xfffdb80062a0:     325 tokens, checkpoints:  0,    40.629 MiB
srv        update:    - prompt 0xfffe140054f0:     363 tokens, checkpoints:  0,    45.380 MiB
srv        update:    - prompt 0xfffe08002440:     425 tokens, checkpoints:  0,    53.131 MiB
srv        update:    - prompt 0x438b420:     409 tokens, checkpoints:  0,    51.130 MiB
srv        update:    - prompt 0x3ad6d90:     412 tokens, checkpoints:  0,    51.505 MiB
srv        update:    - prompt 0x321c560:     418 tokens, checkpoints:  0,    52.256 MiB
slot update_slots: id  3 | task 6060 | new prompt, n_ctx_slot = 4096, n_keep = 0, task.n_tokens = 316
slot update_slots: id  3 | task 6060 | n_tokens = 0, memory_seq_rm [0, end)
slot init_sampler: id  3 | task 6060 | init sampler, took 0.17 ms, tokens: text = 316, total = 316
slot update_slots: id  3 | task 6060 | prompt processing done, n_tokens = 316, batch.n_tokens = 316
srv  log_server_r: done request: POST /completion 127.0.0.1 200
slot print_timing: id  3 | task 6060 | 
prompt eval time =   17822.30 ms /   316 tokens (   56.40 ms per token,    17.73 tokens per second)
       eval time =    7782.42 ms /   100 tokens (   77.82 ms per token,    12.85 tokens per second)
      total time =   25604.72 ms /   416 tokens
slot      release: id  3 | task 6060 | stop processing: n_tokens = 415, truncated = 0
srv  update_slots: all slots are idle
slot get_availabl: id  2 | task -1 | selected slot by LRU, t_last = 290612840494
srv  get_availabl: updating prompt cache
srv          load:  - looking for better prompt, base f_keep = -1.000, sim = 0.000
srv          load:  - found better prompt with f_keep = 0.770, sim = 1.000
srv        update:  - cache state: 45 prompts, 923.743 MiB (limits: 8192.000 MiB, 4096 tokens, 65527 est)
srv        update:    - prompt 0xf0ef60:     106 tokens, checkpoints:  0,    13.252 MiB
srv        update:    - prompt 0x4391140:     107 tokens, checkpoints:  0,    13.377 MiB
srv        update:    - prompt 0x32239b0:     106 tokens, checkpoints:  0,    13.252 MiB
srv        update:    - prompt 0x321b8b0:     107 tokens, checkpoints:  0,    13.377 MiB
srv        update:    - prompt 0x3221630:     105 tokens, checkpoints:  0,    13.127 MiB
srv        update:    - prompt 0x4390ba0:     110 tokens, checkpoints:  0,    13.752 MiB
srv        update:    - prompt 0x3223470:     116 tokens, checkpoints:  0,    14.502 MiB
srv        update:    - prompt 0x4394c10:     109 tokens, checkpoints:  0,    13.627 MiB
srv        update:    - prompt 0x3224910:     113 tokens, checkpoints:  0,    14.127 MiB
srv        update:    - prompt 0x3230c90:     108 tokens, checkpoints:  0,    13.502 MiB
srv        update:    - prompt 0x11f0c00:     108 tokens, checkpoints:  0,    13.502 MiB
srv        update:    - prompt 0xee47f0:     108 tokens, checkpoints:  0,    13.502 MiB
srv        update:    - prompt 0x438f4c0:     111 tokens, checkpoints:  0,    13.877 MiB
srv        update:    - prompt 0x438f580:     119 tokens, checkpoints:  0,    14.877 MiB
srv        update:    - prompt 0x4be6150:     123 tokens, checkpoints:  0,    15.377 MiB
srv        update:    - prompt 0x3adf6d0:     131 tokens, checkpoints:  0,    16.377 MiB
srv        update:    - prompt 0x43918f0:     130 tokens, checkpoints:  0,    16.252 MiB
srv        update:    - prompt 0x3224d60:     431 tokens, checkpoints:  0,    53.881 MiB
srv        update:    - prompt 0x3225330:     107 tokens, checkpoints:  0,    13.377 MiB
srv        update:    - prompt 0x32291b0:     105 tokens, checkpoints:  0,    13.127 MiB
srv        update:    - prompt 0x1194e10:     110 tokens, checkpoints:  0,    13.752 MiB
srv        update:    - prompt 0x3ad1b20:     116 tokens, checkpoints:  0,    14.502 MiB
srv        update:    - prompt 0x3228110:     109 tokens, checkpoints:  0,    13.627 MiB
srv        update:    - prompt 0x3229090:     113 tokens, checkpoints:  0,    14.127 MiB
srv        update:    - prompt 0xee1a40:     108 tokens, checkpoints:  0,    13.502 MiB
srv        update:    - prompt 0x321f8d0:     108 tokens, checkpoints:  0,    13.502 MiB
srv        update:    - prompt 0xf0e5d0:     108 tokens, checkpoints:  0,    13.502 MiB
srv        update:    - prompt 0xee8970:     111 tokens, checkpoints:  0,    13.877 MiB
srv        update:    - prompt 0xef15a0:     119 tokens, checkpoints:  0,    14.877 MiB
srv        update:    - prompt 0x3219830:     123 tokens, checkpoints:  0,    15.377 MiB
srv        update:    - prompt 0x32210f0:     165 tokens, checkpoints:  0,    20.628 MiB
srv        update:    - prompt 0xeec7b0:     131 tokens, checkpoints:  0,    16.377 MiB
srv        update:    - prompt 0x3af2910:     135 tokens, checkpoints:  0,    16.877 MiB
srv        update:    - prompt 0x3aeb3b0:     132 tokens, checkpoints:  0,    16.502 MiB
srv        update:    - prompt 0xee04b0:     146 tokens, checkpoints:  0,    18.252 MiB
srv        update:    - prompt 0x3227330:     130 tokens, checkpoints:  0,    16.252 MiB
srv        update:    - prompt 0xf0d980:     136 tokens, checkpoints:  0,    17.002 MiB
srv        update:    - prompt 0x11d5ce0:     136 tokens, checkpoints:  0,    17.002 MiB
srv        update:    - prompt 0x3220d10:     241 tokens, checkpoints:  0,    30.129 MiB
srv        update:    - prompt 0xfffdb80062a0:     325 tokens, checkpoints:  0,    40.629 MiB
srv        update:    - prompt 0xfffe140054f0:     363 tokens, checkpoints:  0,    45.380 MiB
srv        update:    - prompt 0xfffe08002440:     425 tokens, checkpoints:  0,    53.131 MiB
srv        update:    - prompt 0x438b420:     409 tokens, checkpoints:  0,    51.130 MiB
srv        update:    - prompt 0x3ad6d90:     412 tokens, checkpoints:  0,    51.505 MiB
srv        update:    - prompt 0x321c560:     418 tokens, checkpoints:  0,    52.256 MiB
srv  get_availabl: prompt cache update took 16.51 ms
slot launch_slot_: id  2 | task -1 | sampler chain: logits -> ?penalties -> ?dry -> ?top-n-sigma -> top-k -> ?typical -> top-p -> min-p -> ?xtc -> temp-ext -> dist 
slot launch_slot_: id  2 | task 6161 | processing task, is_child = 0
slot slot_save_an: id  3 | task -1 | saving idle slot to prompt cache
srv   prompt_save:  - saving prompt with length 415, total state size = 51.880 MiB
slot prompt_clear: id  3 | task -1 | clearing prompt with 415 tokens
srv        update:  - cache state: 46 prompts, 975.624 MiB (limits: 8192.000 MiB, 4096 tokens, 65527 est)
srv        update:    - prompt 0xf0ef60:     106 tokens, checkpoints:  0,    13.252 MiB
srv        update:    - prompt 0x4391140:     107 tokens, checkpoints:  0,    13.377 MiB
srv        update:    - prompt 0x32239b0:     106 tokens, checkpoints:  0,    13.252 MiB
srv        update:    - prompt 0x321b8b0:     107 tokens, checkpoints:  0,    13.377 MiB
srv        update:    - prompt 0x3221630:     105 tokens, checkpoints:  0,    13.127 MiB
srv        update:    - prompt 0x4390ba0:     110 tokens, checkpoints:  0,    13.752 MiB
srv        update:    - prompt 0x3223470:     116 tokens, checkpoints:  0,    14.502 MiB
srv        update:    - prompt 0x4394c10:     109 tokens, checkpoints:  0,    13.627 MiB
srv        update:    - prompt 0x3224910:     113 tokens, checkpoints:  0,    14.127 MiB
srv        update:    - prompt 0x3230c90:     108 tokens, checkpoints:  0,    13.502 MiB
srv        update:    - prompt 0x11f0c00:     108 tokens, checkpoints:  0,    13.502 MiB
srv        update:    - prompt 0xee47f0:     108 tokens, checkpoints:  0,    13.502 MiB
srv        update:    - prompt 0x438f4c0:     111 tokens, checkpoints:  0,    13.877 MiB
srv        update:    - prompt 0x438f580:     119 tokens, checkpoints:  0,    14.877 MiB
srv        update:    - prompt 0x4be6150:     123 tokens, checkpoints:  0,    15.377 MiB
srv        update:    - prompt 0x3adf6d0:     131 tokens, checkpoints:  0,    16.377 MiB
srv        update:    - prompt 0x43918f0:     130 tokens, checkpoints:  0,    16.252 MiB
srv        update:    - prompt 0x3224d60:     431 tokens, checkpoints:  0,    53.881 MiB
srv        update:    - prompt 0x3225330:     107 tokens, checkpoints:  0,    13.377 MiB
srv        update:    - prompt 0x32291b0:     105 tokens, checkpoints:  0,    13.127 MiB
srv        update:    - prompt 0x1194e10:     110 tokens, checkpoints:  0,    13.752 MiB
srv        update:    - prompt 0x3ad1b20:     116 tokens, checkpoints:  0,    14.502 MiB
srv        update:    - prompt 0x3228110:     109 tokens, checkpoints:  0,    13.627 MiB
srv        update:    - prompt 0x3229090:     113 tokens, checkpoints:  0,    14.127 MiB
srv        update:    - prompt 0xee1a40:     108 tokens, checkpoints:  0,    13.502 MiB
srv        update:    - prompt 0x321f8d0:     108 tokens, checkpoints:  0,    13.502 MiB
srv        update:    - prompt 0xf0e5d0:     108 tokens, checkpoints:  0,    13.502 MiB
srv        update:    - prompt 0xee8970:     111 tokens, checkpoints:  0,    13.877 MiB
srv        update:    - prompt 0xef15a0:     119 tokens, checkpoints:  0,    14.877 MiB
srv        update:    - prompt 0x3219830:     123 tokens, checkpoints:  0,    15.377 MiB
srv        update:    - prompt 0x32210f0:     165 tokens, checkpoints:  0,    20.628 MiB
srv        update:    - prompt 0xeec7b0:     131 tokens, checkpoints:  0,    16.377 MiB
srv        update:    - prompt 0x3af2910:     135 tokens, checkpoints:  0,    16.877 MiB
srv        update:    - prompt 0x3aeb3b0:     132 tokens, checkpoints:  0,    16.502 MiB
srv        update:    - prompt 0xee04b0:     146 tokens, checkpoints:  0,    18.252 MiB
srv        update:    - prompt 0x3227330:     130 tokens, checkpoints:  0,    16.252 MiB
srv        update:    - prompt 0xf0d980:     136 tokens, checkpoints:  0,    17.002 MiB
srv        update:    - prompt 0x11d5ce0:     136 tokens, checkpoints:  0,    17.002 MiB
srv        update:    - prompt 0x3220d10:     241 tokens, checkpoints:  0,    30.129 MiB
srv        update:    - prompt 0xfffdb80062a0:     325 tokens, checkpoints:  0,    40.629 MiB
srv        update:    - prompt 0xfffe140054f0:     363 tokens, checkpoints:  0,    45.380 MiB
srv        update:    - prompt 0xfffe08002440:     425 tokens, checkpoints:  0,    53.131 MiB
srv        update:    - prompt 0x438b420:     409 tokens, checkpoints:  0,    51.130 MiB
srv        update:    - prompt 0x3ad6d90:     412 tokens, checkpoints:  0,    51.505 MiB
srv        update:    - prompt 0x321c560:     418 tokens, checkpoints:  0,    52.256 MiB
srv        update:    - prompt 0x3af94b0:     415 tokens, checkpoints:  0,    51.880 MiB
slot update_slots: id  2 | task 6161 | new prompt, n_ctx_slot = 4096, n_keep = 0, task.n_tokens = 332
slot update_slots: id  2 | task 6161 | n_tokens = 0, memory_seq_rm [0, end)
slot init_sampler: id  2 | task 6161 | init sampler, took 0.17 ms, tokens: text = 332, total = 332
slot update_slots: id  2 | task 6161 | prompt processing done, n_tokens = 332, batch.n_tokens = 332
srv  log_server_r: done request: POST /completion 127.0.0.1 200
slot print_timing: id  2 | task 6161 | 
prompt eval time =   18880.47 ms /   332 tokens (   56.87 ms per token,    17.58 tokens per second)
       eval time =   10967.49 ms /   100 tokens (  109.67 ms per token,     9.12 tokens per second)
      total time =   29847.97 ms /   432 tokens
slot      release: id  2 | task 6161 | stop processing: n_tokens = 431, truncated = 0
srv  update_slots: all slots are idle
slot get_availabl: id  1 | task -1 | selected slot by LRU, t_last = 290638445012
srv  get_availabl: updating prompt cache
srv          load:  - looking for better prompt, base f_keep = -1.000, sim = 0.000
srv          load:  - found better prompt with f_keep = 0.770, sim = 1.000
srv        update:  - cache state: 45 prompts, 921.743 MiB (limits: 8192.000 MiB, 4096 tokens, 65527 est)
srv        update:    - prompt 0xf0ef60:     106 tokens, checkpoints:  0,    13.252 MiB
srv        update:    - prompt 0x4391140:     107 tokens, checkpoints:  0,    13.377 MiB
srv        update:    - prompt 0x32239b0:     106 tokens, checkpoints:  0,    13.252 MiB
srv        update:    - prompt 0x321b8b0:     107 tokens, checkpoints:  0,    13.377 MiB
srv        update:    - prompt 0x3221630:     105 tokens, checkpoints:  0,    13.127 MiB
srv        update:    - prompt 0x4390ba0:     110 tokens, checkpoints:  0,    13.752 MiB
srv        update:    - prompt 0x3223470:     116 tokens, checkpoints:  0,    14.502 MiB
srv        update:    - prompt 0x4394c10:     109 tokens, checkpoints:  0,    13.627 MiB
srv        update:    - prompt 0x3224910:     113 tokens, checkpoints:  0,    14.127 MiB
srv        update:    - prompt 0x3230c90:     108 tokens, checkpoints:  0,    13.502 MiB
srv        update:    - prompt 0x11f0c00:     108 tokens, checkpoints:  0,    13.502 MiB
srv        update:    - prompt 0xee47f0:     108 tokens, checkpoints:  0,    13.502 MiB
srv        update:    - prompt 0x438f4c0:     111 tokens, checkpoints:  0,    13.877 MiB
srv        update:    - prompt 0x438f580:     119 tokens, checkpoints:  0,    14.877 MiB
srv        update:    - prompt 0x4be6150:     123 tokens, checkpoints:  0,    15.377 MiB
srv        update:    - prompt 0x3adf6d0:     131 tokens, checkpoints:  0,    16.377 MiB
srv        update:    - prompt 0x43918f0:     130 tokens, checkpoints:  0,    16.252 MiB
srv        update:    - prompt 0x3225330:     107 tokens, checkpoints:  0,    13.377 MiB
srv        update:    - prompt 0x32291b0:     105 tokens, checkpoints:  0,    13.127 MiB
srv        update:    - prompt 0x1194e10:     110 tokens, checkpoints:  0,    13.752 MiB
srv        update:    - prompt 0x3ad1b20:     116 tokens, checkpoints:  0,    14.502 MiB
srv        update:    - prompt 0x3228110:     109 tokens, checkpoints:  0,    13.627 MiB
srv        update:    - prompt 0x3229090:     113 tokens, checkpoints:  0,    14.127 MiB
srv        update:    - prompt 0xee1a40:     108 tokens, checkpoints:  0,    13.502 MiB
srv        update:    - prompt 0x321f8d0:     108 tokens, checkpoints:  0,    13.502 MiB
srv        update:    - prompt 0xf0e5d0:     108 tokens, checkpoints:  0,    13.502 MiB
srv        update:    - prompt 0xee8970:     111 tokens, checkpoints:  0,    13.877 MiB
srv        update:    - prompt 0xef15a0:     119 tokens, checkpoints:  0,    14.877 MiB
srv        update:    - prompt 0x3219830:     123 tokens, checkpoints:  0,    15.377 MiB
srv        update:    - prompt 0x32210f0:     165 tokens, checkpoints:  0,    20.628 MiB
srv        update:    - prompt 0xeec7b0:     131 tokens, checkpoints:  0,    16.377 MiB
srv        update:    - prompt 0x3af2910:     135 tokens, checkpoints:  0,    16.877 MiB
srv        update:    - prompt 0x3aeb3b0:     132 tokens, checkpoints:  0,    16.502 MiB
srv        update:    - prompt 0xee04b0:     146 tokens, checkpoints:  0,    18.252 MiB
srv        update:    - prompt 0x3227330:     130 tokens, checkpoints:  0,    16.252 MiB
srv        update:    - prompt 0xf0d980:     136 tokens, checkpoints:  0,    17.002 MiB
srv        update:    - prompt 0x11d5ce0:     136 tokens, checkpoints:  0,    17.002 MiB
srv        update:    - prompt 0x3220d10:     241 tokens, checkpoints:  0,    30.129 MiB
srv        update:    - prompt 0xfffdb80062a0:     325 tokens, checkpoints:  0,    40.629 MiB
srv        update:    - prompt 0xfffe140054f0:     363 tokens, checkpoints:  0,    45.380 MiB
srv        update:    - prompt 0xfffe08002440:     425 tokens, checkpoints:  0,    53.131 MiB
srv        update:    - prompt 0x438b420:     409 tokens, checkpoints:  0,    51.130 MiB
srv        update:    - prompt 0x3ad6d90:     412 tokens, checkpoints:  0,    51.505 MiB
srv        update:    - prompt 0x321c560:     418 tokens, checkpoints:  0,    52.256 MiB
srv        update:    - prompt 0x3af94b0:     415 tokens, checkpoints:  0,    51.880 MiB
srv  get_availabl: prompt cache update took 16.87 ms
slot launch_slot_: id  1 | task -1 | sampler chain: logits -> ?penalties -> ?dry -> ?top-n-sigma -> top-k -> ?typical -> top-p -> min-p -> ?xtc -> temp-ext -> dist 
slot launch_slot_: id  1 | task 6262 | processing task, is_child = 0
slot slot_save_an: id  2 | task -1 | saving idle slot to prompt cache
srv   prompt_save:  - saving prompt with length 431, total state size = 53.881 MiB
slot prompt_clear: id  2 | task -1 | clearing prompt with 431 tokens
srv        update:  - cache state: 46 prompts, 975.624 MiB (limits: 8192.000 MiB, 4096 tokens, 65527 est)
srv        update:    - prompt 0xf0ef60:     106 tokens, checkpoints:  0,    13.252 MiB
srv        update:    - prompt 0x4391140:     107 tokens, checkpoints:  0,    13.377 MiB
srv        update:    - prompt 0x32239b0:     106 tokens, checkpoints:  0,    13.252 MiB
srv        update:    - prompt 0x321b8b0:     107 tokens, checkpoints:  0,    13.377 MiB
srv        update:    - prompt 0x3221630:     105 tokens, checkpoints:  0,    13.127 MiB
srv        update:    - prompt 0x4390ba0:     110 tokens, checkpoints:  0,    13.752 MiB
srv        update:    - prompt 0x3223470:     116 tokens, checkpoints:  0,    14.502 MiB
srv        update:    - prompt 0x4394c10:     109 tokens, checkpoints:  0,    13.627 MiB
srv        update:    - prompt 0x3224910:     113 tokens, checkpoints:  0,    14.127 MiB
srv        update:    - prompt 0x3230c90:     108 tokens, checkpoints:  0,    13.502 MiB
srv        update:    - prompt 0x11f0c00:     108 tokens, checkpoints:  0,    13.502 MiB
srv        update:    - prompt 0xee47f0:     108 tokens, checkpoints:  0,    13.502 MiB
srv        update:    - prompt 0x438f4c0:     111 tokens, checkpoints:  0,    13.877 MiB
srv        update:    - prompt 0x438f580:     119 tokens, checkpoints:  0,    14.877 MiB
srv        update:    - prompt 0x4be6150:     123 tokens, checkpoints:  0,    15.377 MiB
srv        update:    - prompt 0x3adf6d0:     131 tokens, checkpoints:  0,    16.377 MiB
srv        update:    - prompt 0x43918f0:     130 tokens, checkpoints:  0,    16.252 MiB
srv        update:    - prompt 0x3225330:     107 tokens, checkpoints:  0,    13.377 MiB
srv        update:    - prompt 0x32291b0:     105 tokens, checkpoints:  0,    13.127 MiB
srv        update:    - prompt 0x1194e10:     110 tokens, checkpoints:  0,    13.752 MiB
srv        update:    - prompt 0x3ad1b20:     116 tokens, checkpoints:  0,    14.502 MiB
srv        update:    - prompt 0x3228110:     109 tokens, checkpoints:  0,    13.627 MiB
srv        update:    - prompt 0x3229090:     113 tokens, checkpoints:  0,    14.127 MiB
srv        update:    - prompt 0xee1a40:     108 tokens, checkpoints:  0,    13.502 MiB
srv        update:    - prompt 0x321f8d0:     108 tokens, checkpoints:  0,    13.502 MiB
srv        update:    - prompt 0xf0e5d0:     108 tokens, checkpoints:  0,    13.502 MiB
srv        update:    - prompt 0xee8970:     111 tokens, checkpoints:  0,    13.877 MiB
srv        update:    - prompt 0xef15a0:     119 tokens, checkpoints:  0,    14.877 MiB
srv        update:    - prompt 0x3219830:     123 tokens, checkpoints:  0,    15.377 MiB
srv        update:    - prompt 0x32210f0:     165 tokens, checkpoints:  0,    20.628 MiB
srv        update:    - prompt 0xeec7b0:     131 tokens, checkpoints:  0,    16.377 MiB
srv        update:    - prompt 0x3af2910:     135 tokens, checkpoints:  0,    16.877 MiB
srv        update:    - prompt 0x3aeb3b0:     132 tokens, checkpoints:  0,    16.502 MiB
srv        update:    - prompt 0xee04b0:     146 tokens, checkpoints:  0,    18.252 MiB
srv        update:    - prompt 0x3227330:     130 tokens, checkpoints:  0,    16.252 MiB
srv        update:    - prompt 0xf0d980:     136 tokens, checkpoints:  0,    17.002 MiB
srv        update:    - prompt 0x11d5ce0:     136 tokens, checkpoints:  0,    17.002 MiB
srv        update:    - prompt 0x3220d10:     241 tokens, checkpoints:  0,    30.129 MiB
srv        update:    - prompt 0xfffdb80062a0:     325 tokens, checkpoints:  0,    40.629 MiB
srv        update:    - prompt 0xfffe140054f0:     363 tokens, checkpoints:  0,    45.380 MiB
srv        update:    - prompt 0xfffe08002440:     425 tokens, checkpoints:  0,    53.131 MiB
srv        update:    - prompt 0x438b420:     409 tokens, checkpoints:  0,    51.130 MiB
srv        update:    - prompt 0x3ad6d90:     412 tokens, checkpoints:  0,    51.505 MiB
srv        update:    - prompt 0x321c560:     418 tokens, checkpoints:  0,    52.256 MiB
srv        update:    - prompt 0x3af94b0:     415 tokens, checkpoints:  0,    51.880 MiB
srv        update:    - prompt 0x3224d60:     431 tokens, checkpoints:  0,    53.881 MiB
slot update_slots: id  1 | task 6262 | new prompt, n_ctx_slot = 4096, n_keep = 0, task.n_tokens = 332
slot update_slots: id  1 | task 6262 | n_tokens = 0, memory_seq_rm [0, end)
slot init_sampler: id  1 | task 6262 | init sampler, took 0.19 ms, tokens: text = 332, total = 332
slot update_slots: id  1 | task 6262 | prompt processing done, n_tokens = 332, batch.n_tokens = 332
srv  log_server_r: done request: POST /completion 127.0.0.1 200
slot print_timing: id  1 | task 6262 | 
prompt eval time =   18880.25 ms /   332 tokens (   56.87 ms per token,    17.58 tokens per second)
       eval time =    7634.68 ms /   100 tokens (   76.35 ms per token,    13.10 tokens per second)
      total time =   26514.93 ms /   432 tokens
slot      release: id  1 | task 6262 | stop processing: n_tokens = 431, truncated = 0
srv  update_slots: all slots are idle
slot get_availabl: id  1 | task -1 | selected slot by LCP similarity, sim_best = 0.125 (> 0.100 thold), f_keep = 0.002
srv  get_availabl: updating prompt cache
srv   prompt_save:  - saving prompt with length 431, total state size = 53.881 MiB
srv          load:  - looking for better prompt, base f_keep = 0.002, sim = 0.125
srv        update:  - cache state: 47 prompts, 1029.504 MiB (limits: 8192.000 MiB, 4096 tokens, 65527 est)
srv        update:    - prompt 0xf0ef60:     106 tokens, checkpoints:  0,    13.252 MiB
srv        update:    - prompt 0x4391140:     107 tokens, checkpoints:  0,    13.377 MiB
srv        update:    - prompt 0x32239b0:     106 tokens, checkpoints:  0,    13.252 MiB
srv        update:    - prompt 0x321b8b0:     107 tokens, checkpoints:  0,    13.377 MiB
srv        update:    - prompt 0x3221630:     105 tokens, checkpoints:  0,    13.127 MiB
srv        update:    - prompt 0x4390ba0:     110 tokens, checkpoints:  0,    13.752 MiB
srv        update:    - prompt 0x3223470:     116 tokens, checkpoints:  0,    14.502 MiB
srv        update:    - prompt 0x4394c10:     109 tokens, checkpoints:  0,    13.627 MiB
srv        update:    - prompt 0x3224910:     113 tokens, checkpoints:  0,    14.127 MiB
srv        update:    - prompt 0x3230c90:     108 tokens, checkpoints:  0,    13.502 MiB
srv        update:    - prompt 0x11f0c00:     108 tokens, checkpoints:  0,    13.502 MiB
srv        update:    - prompt 0xee47f0:     108 tokens, checkpoints:  0,    13.502 MiB
srv        update:    - prompt 0x438f4c0:     111 tokens, checkpoints:  0,    13.877 MiB
srv        update:    - prompt 0x438f580:     119 tokens, checkpoints:  0,    14.877 MiB
srv        update:    - prompt 0x4be6150:     123 tokens, checkpoints:  0,    15.377 MiB
srv        update:    - prompt 0x3adf6d0:     131 tokens, checkpoints:  0,    16.377 MiB
srv        update:    - prompt 0x43918f0:     130 tokens, checkpoints:  0,    16.252 MiB
srv        update:    - prompt 0x3225330:     107 tokens, checkpoints:  0,    13.377 MiB
srv        update:    - prompt 0x32291b0:     105 tokens, checkpoints:  0,    13.127 MiB
srv        update:    - prompt 0x1194e10:     110 tokens, checkpoints:  0,    13.752 MiB
srv        update:    - prompt 0x3ad1b20:     116 tokens, checkpoints:  0,    14.502 MiB
srv        update:    - prompt 0x3228110:     109 tokens, checkpoints:  0,    13.627 MiB
srv        update:    - prompt 0x3229090:     113 tokens, checkpoints:  0,    14.127 MiB
srv        update:    - prompt 0xee1a40:     108 tokens, checkpoints:  0,    13.502 MiB
srv        update:    - prompt 0x321f8d0:     108 tokens, checkpoints:  0,    13.502 MiB
srv        update:    - prompt 0xf0e5d0:     108 tokens, checkpoints:  0,    13.502 MiB
srv        update:    - prompt 0xee8970:     111 tokens, checkpoints:  0,    13.877 MiB
srv        update:    - prompt 0xef15a0:     119 tokens, checkpoints:  0,    14.877 MiB
srv        update:    - prompt 0x3219830:     123 tokens, checkpoints:  0,    15.377 MiB
srv        update:    - prompt 0x32210f0:     165 tokens, checkpoints:  0,    20.628 MiB
srv        update:    - prompt 0xeec7b0:     131 tokens, checkpoints:  0,    16.377 MiB
srv        update:    - prompt 0x3af2910:     135 tokens, checkpoints:  0,    16.877 MiB
srv        update:    - prompt 0x3aeb3b0:     132 tokens, checkpoints:  0,    16.502 MiB
srv        update:    - prompt 0xee04b0:     146 tokens, checkpoints:  0,    18.252 MiB
srv        update:    - prompt 0x3227330:     130 tokens, checkpoints:  0,    16.252 MiB
srv        update:    - prompt 0xf0d980:     136 tokens, checkpoints:  0,    17.002 MiB
srv        update:    - prompt 0x11d5ce0:     136 tokens, checkpoints:  0,    17.002 MiB
srv        update:    - prompt 0x3220d10:     241 tokens, checkpoints:  0,    30.129 MiB
srv        update:    - prompt 0xfffdb80062a0:     325 tokens, checkpoints:  0,    40.629 MiB
srv        update:    - prompt 0xfffe140054f0:     363 tokens, checkpoints:  0,    45.380 MiB
srv        update:    - prompt 0xfffe08002440:     425 tokens, checkpoints:  0,    53.131 MiB
srv        update:    - prompt 0x438b420:     409 tokens, checkpoints:  0,    51.130 MiB
srv        update:    - prompt 0x3ad6d90:     412 tokens, checkpoints:  0,    51.505 MiB
srv        update:    - prompt 0x321c560:     418 tokens, checkpoints:  0,    52.256 MiB
srv        update:    - prompt 0x3af94b0:     415 tokens, checkpoints:  0,    51.880 MiB
srv        update:    - prompt 0x3224d60:     431 tokens, checkpoints:  0,    53.881 MiB
srv        update:    - prompt 0xef06d0:     431 tokens, checkpoints:  0,    53.881 MiB
srv  get_availabl: prompt cache update took 12.76 ms
slot launch_slot_: id  1 | task -1 | sampler chain: logits -> ?penalties -> ?dry -> ?top-n-sigma -> top-k -> ?typical -> top-p -> min-p -> ?xtc -> temp-ext -> dist 
slot launch_slot_: id  1 | task 6363 | processing task, is_child = 0
slot update_slots: id  1 | task 6363 | new prompt, n_ctx_slot = 4096, n_keep = 0, task.n_tokens = 8
slot update_slots: id  1 | task 6363 | n_tokens = 0, memory_seq_rm [0, end)
slot init_sampler: id  1 | task 6363 | init sampler, took 0.01 ms, tokens: text = 8, total = 8
slot update_slots: id  1 | task 6363 | prompt processing done, n_tokens = 8, batch.n_tokens = 8
srv  log_server_r: done request: POST /completion 127.0.0.1 200
slot print_timing: id  1 | task 6363 | 
prompt eval time =     423.79 ms /     8 tokens (   52.97 ms per token,    18.88 tokens per second)
       eval time =    7302.13 ms /   100 tokens (   73.02 ms per token,    13.69 tokens per second)
      total time =    7725.92 ms /   108 tokens
slot      release: id  1 | task 6363 | stop processing: n_tokens = 107, truncated = 0
srv  update_slots: all slots are idle
slot get_availabl: id  1 | task -1 | selected slot by LCP similarity, sim_best = 0.167 (> 0.100 thold), f_keep = 0.009
srv  get_availabl: updating prompt cache
srv   prompt_save:  - saving prompt with length 107, total state size = 13.377 MiB
srv          load:  - looking for better prompt, base f_keep = 0.009, sim = 0.167
srv        update:  - cache state: 48 prompts, 1042.881 MiB (limits: 8192.000 MiB, 4096 tokens, 65527 est)
srv        update:    - prompt 0xf0ef60:     106 tokens, checkpoints:  0,    13.252 MiB
srv        update:    - prompt 0x4391140:     107 tokens, checkpoints:  0,    13.377 MiB
srv        update:    - prompt 0x32239b0:     106 tokens, checkpoints:  0,    13.252 MiB
srv        update:    - prompt 0x321b8b0:     107 tokens, checkpoints:  0,    13.377 MiB
srv        update:    - prompt 0x3221630:     105 tokens, checkpoints:  0,    13.127 MiB
srv        update:    - prompt 0x4390ba0:     110 tokens, checkpoints:  0,    13.752 MiB
srv        update:    - prompt 0x3223470:     116 tokens, checkpoints:  0,    14.502 MiB
srv        update:    - prompt 0x4394c10:     109 tokens, checkpoints:  0,    13.627 MiB
srv        update:    - prompt 0x3224910:     113 tokens, checkpoints:  0,    14.127 MiB
srv        update:    - prompt 0x3230c90:     108 tokens, checkpoints:  0,    13.502 MiB
srv        update:    - prompt 0x11f0c00:     108 tokens, checkpoints:  0,    13.502 MiB
srv        update:    - prompt 0xee47f0:     108 tokens, checkpoints:  0,    13.502 MiB
srv        update:    - prompt 0x438f4c0:     111 tokens, checkpoints:  0,    13.877 MiB
srv        update:    - prompt 0x438f580:     119 tokens, checkpoints:  0,    14.877 MiB
srv        update:    - prompt 0x4be6150:     123 tokens, checkpoints:  0,    15.377 MiB
srv        update:    - prompt 0x3adf6d0:     131 tokens, checkpoints:  0,    16.377 MiB
srv        update:    - prompt 0x43918f0:     130 tokens, checkpoints:  0,    16.252 MiB
srv        update:    - prompt 0x3225330:     107 tokens, checkpoints:  0,    13.377 MiB
srv        update:    - prompt 0x32291b0:     105 tokens, checkpoints:  0,    13.127 MiB
srv        update:    - prompt 0x1194e10:     110 tokens, checkpoints:  0,    13.752 MiB
srv        update:    - prompt 0x3ad1b20:     116 tokens, checkpoints:  0,    14.502 MiB
srv        update:    - prompt 0x3228110:     109 tokens, checkpoints:  0,    13.627 MiB
srv        update:    - prompt 0x3229090:     113 tokens, checkpoints:  0,    14.127 MiB
srv        update:    - prompt 0xee1a40:     108 tokens, checkpoints:  0,    13.502 MiB
srv        update:    - prompt 0x321f8d0:     108 tokens, checkpoints:  0,    13.502 MiB
srv        update:    - prompt 0xf0e5d0:     108 tokens, checkpoints:  0,    13.502 MiB
srv        update:    - prompt 0xee8970:     111 tokens, checkpoints:  0,    13.877 MiB
srv        update:    - prompt 0xef15a0:     119 tokens, checkpoints:  0,    14.877 MiB
srv        update:    - prompt 0x3219830:     123 tokens, checkpoints:  0,    15.377 MiB
srv        update:    - prompt 0x32210f0:     165 tokens, checkpoints:  0,    20.628 MiB
srv        update:    - prompt 0xeec7b0:     131 tokens, checkpoints:  0,    16.377 MiB
srv        update:    - prompt 0x3af2910:     135 tokens, checkpoints:  0,    16.877 MiB
srv        update:    - prompt 0x3aeb3b0:     132 tokens, checkpoints:  0,    16.502 MiB
srv        update:    - prompt 0xee04b0:     146 tokens, checkpoints:  0,    18.252 MiB
srv        update:    - prompt 0x3227330:     130 tokens, checkpoints:  0,    16.252 MiB
srv        update:    - prompt 0xf0d980:     136 tokens, checkpoints:  0,    17.002 MiB
srv        update:    - prompt 0x11d5ce0:     136 tokens, checkpoints:  0,    17.002 MiB
srv        update:    - prompt 0x3220d10:     241 tokens, checkpoints:  0,    30.129 MiB
srv        update:    - prompt 0xfffdb80062a0:     325 tokens, checkpoints:  0,    40.629 MiB
srv        update:    - prompt 0xfffe140054f0:     363 tokens, checkpoints:  0,    45.380 MiB
srv        update:    - prompt 0xfffe08002440:     425 tokens, checkpoints:  0,    53.131 MiB
srv        update:    - prompt 0x438b420:     409 tokens, checkpoints:  0,    51.130 MiB
srv        update:    - prompt 0x3ad6d90:     412 tokens, checkpoints:  0,    51.505 MiB
srv        update:    - prompt 0x321c560:     418 tokens, checkpoints:  0,    52.256 MiB
srv        update:    - prompt 0x3af94b0:     415 tokens, checkpoints:  0,    51.880 MiB
srv        update:    - prompt 0x3224d60:     431 tokens, checkpoints:  0,    53.881 MiB
srv        update:    - prompt 0xef06d0:     431 tokens, checkpoints:  0,    53.881 MiB
srv        update:    - prompt 0xee3c20:     107 tokens, checkpoints:  0,    13.377 MiB
srv  get_availabl: prompt cache update took 3.52 ms
slot launch_slot_: id  1 | task -1 | sampler chain: logits -> ?penalties -> ?dry -> ?top-n-sigma -> top-k -> ?typical -> top-p -> min-p -> ?xtc -> temp-ext -> dist 
slot launch_slot_: id  1 | task 6464 | processing task, is_child = 0
slot update_slots: id  1 | task 6464 | new prompt, n_ctx_slot = 4096, n_keep = 0, task.n_tokens = 6
slot update_slots: id  1 | task 6464 | n_tokens = 0, memory_seq_rm [0, end)
slot init_sampler: id  1 | task 6464 | init sampler, took 0.01 ms, tokens: text = 6, total = 6
slot update_slots: id  1 | task 6464 | prompt processing done, n_tokens = 6, batch.n_tokens = 6
srv  log_server_r: done request: POST /completion 127.0.0.1 200
slot print_timing: id  1 | task 6464 | 
prompt eval time =     323.81 ms /     6 tokens (   53.97 ms per token,    18.53 tokens per second)
       eval time =    7781.05 ms /   100 tokens (   77.81 ms per token,    12.85 tokens per second)
      total time =    8104.85 ms /   106 tokens
slot      release: id  1 | task 6464 | stop processing: n_tokens = 105, truncated = 0
srv  update_slots: all slots are idle
slot get_availabl: id  0 | task -1 | selected slot by LRU, t_last = 290664540282
srv  get_availabl: updating prompt cache
srv          load:  - looking for better prompt, base f_keep = -1.000, sim = 0.000
srv        update:  - cache state: 48 prompts, 1042.881 MiB (limits: 8192.000 MiB, 4096 tokens, 65527 est)
srv        update:    - prompt 0xf0ef60:     106 tokens, checkpoints:  0,    13.252 MiB
srv        update:    - prompt 0x4391140:     107 tokens, checkpoints:  0,    13.377 MiB
srv        update:    - prompt 0x32239b0:     106 tokens, checkpoints:  0,    13.252 MiB
srv        update:    - prompt 0x321b8b0:     107 tokens, checkpoints:  0,    13.377 MiB
srv        update:    - prompt 0x3221630:     105 tokens, checkpoints:  0,    13.127 MiB
srv        update:    - prompt 0x4390ba0:     110 tokens, checkpoints:  0,    13.752 MiB
srv        update:    - prompt 0x3223470:     116 tokens, checkpoints:  0,    14.502 MiB
srv        update:    - prompt 0x4394c10:     109 tokens, checkpoints:  0,    13.627 MiB
srv        update:    - prompt 0x3224910:     113 tokens, checkpoints:  0,    14.127 MiB
srv        update:    - prompt 0x3230c90:     108 tokens, checkpoints:  0,    13.502 MiB
srv        update:    - prompt 0x11f0c00:     108 tokens, checkpoints:  0,    13.502 MiB
srv        update:    - prompt 0xee47f0:     108 tokens, checkpoints:  0,    13.502 MiB
srv        update:    - prompt 0x438f4c0:     111 tokens, checkpoints:  0,    13.877 MiB
srv        update:    - prompt 0x438f580:     119 tokens, checkpoints:  0,    14.877 MiB
srv        update:    - prompt 0x4be6150:     123 tokens, checkpoints:  0,    15.377 MiB
srv        update:    - prompt 0x3adf6d0:     131 tokens, checkpoints:  0,    16.377 MiB
srv        update:    - prompt 0x43918f0:     130 tokens, checkpoints:  0,    16.252 MiB
srv        update:    - prompt 0x3225330:     107 tokens, checkpoints:  0,    13.377 MiB
srv        update:    - prompt 0x32291b0:     105 tokens, checkpoints:  0,    13.127 MiB
srv        update:    - prompt 0x1194e10:     110 tokens, checkpoints:  0,    13.752 MiB
srv        update:    - prompt 0x3ad1b20:     116 tokens, checkpoints:  0,    14.502 MiB
srv        update:    - prompt 0x3228110:     109 tokens, checkpoints:  0,    13.627 MiB
srv        update:    - prompt 0x3229090:     113 tokens, checkpoints:  0,    14.127 MiB
srv        update:    - prompt 0xee1a40:     108 tokens, checkpoints:  0,    13.502 MiB
srv        update:    - prompt 0x321f8d0:     108 tokens, checkpoints:  0,    13.502 MiB
srv        update:    - prompt 0xf0e5d0:     108 tokens, checkpoints:  0,    13.502 MiB
srv        update:    - prompt 0xee8970:     111 tokens, checkpoints:  0,    13.877 MiB
srv        update:    - prompt 0xef15a0:     119 tokens, checkpoints:  0,    14.877 MiB
srv        update:    - prompt 0x3219830:     123 tokens, checkpoints:  0,    15.377 MiB
srv        update:    - prompt 0x32210f0:     165 tokens, checkpoints:  0,    20.628 MiB
srv        update:    - prompt 0xeec7b0:     131 tokens, checkpoints:  0,    16.377 MiB
srv        update:    - prompt 0x3af2910:     135 tokens, checkpoints:  0,    16.877 MiB
srv        update:    - prompt 0x3aeb3b0:     132 tokens, checkpoints:  0,    16.502 MiB
srv        update:    - prompt 0xee04b0:     146 tokens, checkpoints:  0,    18.252 MiB
srv        update:    - prompt 0x3227330:     130 tokens, checkpoints:  0,    16.252 MiB
srv        update:    - prompt 0xf0d980:     136 tokens, checkpoints:  0,    17.002 MiB
srv        update:    - prompt 0x11d5ce0:     136 tokens, checkpoints:  0,    17.002 MiB
srv        update:    - prompt 0x3220d10:     241 tokens, checkpoints:  0,    30.129 MiB
srv        update:    - prompt 0xfffdb80062a0:     325 tokens, checkpoints:  0,    40.629 MiB
srv        update:    - prompt 0xfffe140054f0:     363 tokens, checkpoints:  0,    45.380 MiB
srv        update:    - prompt 0xfffe08002440:     425 tokens, checkpoints:  0,    53.131 MiB
srv        update:    - prompt 0x438b420:     409 tokens, checkpoints:  0,    51.130 MiB
srv        update:    - prompt 0x3ad6d90:     412 tokens, checkpoints:  0,    51.505 MiB
srv        update:    - prompt 0x321c560:     418 tokens, checkpoints:  0,    52.256 MiB
srv        update:    - prompt 0x3af94b0:     415 tokens, checkpoints:  0,    51.880 MiB
srv        update:    - prompt 0x3224d60:     431 tokens, checkpoints:  0,    53.881 MiB
srv        update:    - prompt 0xef06d0:     431 tokens, checkpoints:  0,    53.881 MiB
srv        update:    - prompt 0xee3c20:     107 tokens, checkpoints:  0,    13.377 MiB
srv  get_availabl: prompt cache update took 0.24 ms
slot launch_slot_: id  0 | task -1 | sampler chain: logits -> ?penalties -> ?dry -> ?top-n-sigma -> top-k -> ?typical -> top-p -> min-p -> ?xtc -> temp-ext -> dist 
slot launch_slot_: id  0 | task 6565 | processing task, is_child = 0
slot slot_save_an: id  1 | task -1 | saving idle slot to prompt cache
srv   prompt_save:  - saving prompt with length 105, total state size = 13.127 MiB
slot prompt_clear: id  1 | task -1 | clearing prompt with 105 tokens
srv        update:  - cache state: 49 prompts, 1056.008 MiB (limits: 8192.000 MiB, 4096 tokens, 65527 est)
srv        update:    - prompt 0xf0ef60:     106 tokens, checkpoints:  0,    13.252 MiB
srv        update:    - prompt 0x4391140:     107 tokens, checkpoints:  0,    13.377 MiB
srv        update:    - prompt 0x32239b0:     106 tokens, checkpoints:  0,    13.252 MiB
srv        update:    - prompt 0x321b8b0:     107 tokens, checkpoints:  0,    13.377 MiB
srv        update:    - prompt 0x3221630:     105 tokens, checkpoints:  0,    13.127 MiB
srv        update:    - prompt 0x4390ba0:     110 tokens, checkpoints:  0,    13.752 MiB
srv        update:    - prompt 0x3223470:     116 tokens, checkpoints:  0,    14.502 MiB
srv        update:    - prompt 0x4394c10:     109 tokens, checkpoints:  0,    13.627 MiB
srv        update:    - prompt 0x3224910:     113 tokens, checkpoints:  0,    14.127 MiB
srv        update:    - prompt 0x3230c90:     108 tokens, checkpoints:  0,    13.502 MiB
srv        update:    - prompt 0x11f0c00:     108 tokens, checkpoints:  0,    13.502 MiB
srv        update:    - prompt 0xee47f0:     108 tokens, checkpoints:  0,    13.502 MiB
srv        update:    - prompt 0x438f4c0:     111 tokens, checkpoints:  0,    13.877 MiB
srv        update:    - prompt 0x438f580:     119 tokens, checkpoints:  0,    14.877 MiB
srv        update:    - prompt 0x4be6150:     123 tokens, checkpoints:  0,    15.377 MiB
srv        update:    - prompt 0x3adf6d0:     131 tokens, checkpoints:  0,    16.377 MiB
srv        update:    - prompt 0x43918f0:     130 tokens, checkpoints:  0,    16.252 MiB
srv        update:    - prompt 0x3225330:     107 tokens, checkpoints:  0,    13.377 MiB
srv        update:    - prompt 0x32291b0:     105 tokens, checkpoints:  0,    13.127 MiB
srv        update:    - prompt 0x1194e10:     110 tokens, checkpoints:  0,    13.752 MiB
srv        update:    - prompt 0x3ad1b20:     116 tokens, checkpoints:  0,    14.502 MiB
srv        update:    - prompt 0x3228110:     109 tokens, checkpoints:  0,    13.627 MiB
srv        update:    - prompt 0x3229090:     113 tokens, checkpoints:  0,    14.127 MiB
srv        update:    - prompt 0xee1a40:     108 tokens, checkpoints:  0,    13.502 MiB
srv        update:    - prompt 0x321f8d0:     108 tokens, checkpoints:  0,    13.502 MiB
srv        update:    - prompt 0xf0e5d0:     108 tokens, checkpoints:  0,    13.502 MiB
srv        update:    - prompt 0xee8970:     111 tokens, checkpoints:  0,    13.877 MiB
srv        update:    - prompt 0xef15a0:     119 tokens, checkpoints:  0,    14.877 MiB
srv        update:    - prompt 0x3219830:     123 tokens, checkpoints:  0,    15.377 MiB
srv        update:    - prompt 0x32210f0:     165 tokens, checkpoints:  0,    20.628 MiB
srv        update:    - prompt 0xeec7b0:     131 tokens, checkpoints:  0,    16.377 MiB
srv        update:    - prompt 0x3af2910:     135 tokens, checkpoints:  0,    16.877 MiB
srv        update:    - prompt 0x3aeb3b0:     132 tokens, checkpoints:  0,    16.502 MiB
srv        update:    - prompt 0xee04b0:     146 tokens, checkpoints:  0,    18.252 MiB
srv        update:    - prompt 0x3227330:     130 tokens, checkpoints:  0,    16.252 MiB
srv        update:    - prompt 0xf0d980:     136 tokens, checkpoints:  0,    17.002 MiB
srv        update:    - prompt 0x11d5ce0:     136 tokens, checkpoints:  0,    17.002 MiB
srv        update:    - prompt 0x3220d10:     241 tokens, checkpoints:  0,    30.129 MiB
srv        update:    - prompt 0xfffdb80062a0:     325 tokens, checkpoints:  0,    40.629 MiB
srv        update:    - prompt 0xfffe140054f0:     363 tokens, checkpoints:  0,    45.380 MiB
srv        update:    - prompt 0xfffe08002440:     425 tokens, checkpoints:  0,    53.131 MiB
srv        update:    - prompt 0x438b420:     409 tokens, checkpoints:  0,    51.130 MiB
srv        update:    - prompt 0x3ad6d90:     412 tokens, checkpoints:  0,    51.505 MiB
srv        update:    - prompt 0x321c560:     418 tokens, checkpoints:  0,    52.256 MiB
srv        update:    - prompt 0x3af94b0:     415 tokens, checkpoints:  0,    51.880 MiB
srv        update:    - prompt 0x3224d60:     431 tokens, checkpoints:  0,    53.881 MiB
srv        update:    - prompt 0xef06d0:     431 tokens, checkpoints:  0,    53.881 MiB
srv        update:    - prompt 0xee3c20:     107 tokens, checkpoints:  0,    13.377 MiB
srv        update:    - prompt 0x321cfd0:     105 tokens, checkpoints:  0,    13.127 MiB
slot update_slots: id  0 | task 6565 | new prompt, n_ctx_slot = 4096, n_keep = 0, task.n_tokens = 11
slot update_slots: id  0 | task 6565 | n_tokens = 0, memory_seq_rm [0, end)
slot init_sampler: id  0 | task 6565 | init sampler, took 0.01 ms, tokens: text = 11, total = 11
slot update_slots: id  0 | task 6565 | prompt processing done, n_tokens = 11, batch.n_tokens = 11
srv  log_server_r: done request: POST /completion 127.0.0.1 200
slot print_timing: id  0 | task 6565 | 
prompt eval time =     572.12 ms /    11 tokens (   52.01 ms per token,    19.23 tokens per second)
       eval time =    7945.95 ms /   100 tokens (   79.46 ms per token,    12.59 tokens per second)
      total time =    8518.07 ms /   111 tokens
slot      release: id  0 | task 6565 | stop processing: n_tokens = 110, truncated = 0
srv  update_slots: all slots are idle
slot get_availabl: id  3 | task -1 | selected slot by LRU, t_last = 290690757206
srv  get_availabl: updating prompt cache
srv          load:  - looking for better prompt, base f_keep = -1.000, sim = 0.000
srv        update:  - cache state: 49 prompts, 1056.008 MiB (limits: 8192.000 MiB, 4096 tokens, 65527 est)
srv        update:    - prompt 0xf0ef60:     106 tokens, checkpoints:  0,    13.252 MiB
srv        update:    - prompt 0x4391140:     107 tokens, checkpoints:  0,    13.377 MiB
srv        update:    - prompt 0x32239b0:     106 tokens, checkpoints:  0,    13.252 MiB
srv        update:    - prompt 0x321b8b0:     107 tokens, checkpoints:  0,    13.377 MiB
srv        update:    - prompt 0x3221630:     105 tokens, checkpoints:  0,    13.127 MiB
srv        update:    - prompt 0x4390ba0:     110 tokens, checkpoints:  0,    13.752 MiB
srv        update:    - prompt 0x3223470:     116 tokens, checkpoints:  0,    14.502 MiB
srv        update:    - prompt 0x4394c10:     109 tokens, checkpoints:  0,    13.627 MiB
srv        update:    - prompt 0x3224910:     113 tokens, checkpoints:  0,    14.127 MiB
srv        update:    - prompt 0x3230c90:     108 tokens, checkpoints:  0,    13.502 MiB
srv        update:    - prompt 0x11f0c00:     108 tokens, checkpoints:  0,    13.502 MiB
srv        update:    - prompt 0xee47f0:     108 tokens, checkpoints:  0,    13.502 MiB
srv        update:    - prompt 0x438f4c0:     111 tokens, checkpoints:  0,    13.877 MiB
srv        update:    - prompt 0x438f580:     119 tokens, checkpoints:  0,    14.877 MiB
srv        update:    - prompt 0x4be6150:     123 tokens, checkpoints:  0,    15.377 MiB
srv        update:    - prompt 0x3adf6d0:     131 tokens, checkpoints:  0,    16.377 MiB
srv        update:    - prompt 0x43918f0:     130 tokens, checkpoints:  0,    16.252 MiB
srv        update:    - prompt 0x3225330:     107 tokens, checkpoints:  0,    13.377 MiB
srv        update:    - prompt 0x32291b0:     105 tokens, checkpoints:  0,    13.127 MiB
srv        update:    - prompt 0x1194e10:     110 tokens, checkpoints:  0,    13.752 MiB
srv        update:    - prompt 0x3ad1b20:     116 tokens, checkpoints:  0,    14.502 MiB
srv        update:    - prompt 0x3228110:     109 tokens, checkpoints:  0,    13.627 MiB
srv        update:    - prompt 0x3229090:     113 tokens, checkpoints:  0,    14.127 MiB
srv        update:    - prompt 0xee1a40:     108 tokens, checkpoints:  0,    13.502 MiB
srv        update:    - prompt 0x321f8d0:     108 tokens, checkpoints:  0,    13.502 MiB
srv        update:    - prompt 0xf0e5d0:     108 tokens, checkpoints:  0,    13.502 MiB
srv        update:    - prompt 0xee8970:     111 tokens, checkpoints:  0,    13.877 MiB
srv        update:    - prompt 0xef15a0:     119 tokens, checkpoints:  0,    14.877 MiB
srv        update:    - prompt 0x3219830:     123 tokens, checkpoints:  0,    15.377 MiB
srv        update:    - prompt 0x32210f0:     165 tokens, checkpoints:  0,    20.628 MiB
srv        update:    - prompt 0xeec7b0:     131 tokens, checkpoints:  0,    16.377 MiB
srv        update:    - prompt 0x3af2910:     135 tokens, checkpoints:  0,    16.877 MiB
srv        update:    - prompt 0x3aeb3b0:     132 tokens, checkpoints:  0,    16.502 MiB
srv        update:    - prompt 0xee04b0:     146 tokens, checkpoints:  0,    18.252 MiB
srv        update:    - prompt 0x3227330:     130 tokens, checkpoints:  0,    16.252 MiB
srv        update:    - prompt 0xf0d980:     136 tokens, checkpoints:  0,    17.002 MiB
srv        update:    - prompt 0x11d5ce0:     136 tokens, checkpoints:  0,    17.002 MiB
srv        update:    - prompt 0x3220d10:     241 tokens, checkpoints:  0,    30.129 MiB
srv        update:    - prompt 0xfffdb80062a0:     325 tokens, checkpoints:  0,    40.629 MiB
srv        update:    - prompt 0xfffe140054f0:     363 tokens, checkpoints:  0,    45.380 MiB
srv        update:    - prompt 0xfffe08002440:     425 tokens, checkpoints:  0,    53.131 MiB
srv        update:    - prompt 0x438b420:     409 tokens, checkpoints:  0,    51.130 MiB
srv        update:    - prompt 0x3ad6d90:     412 tokens, checkpoints:  0,    51.505 MiB
srv        update:    - prompt 0x321c560:     418 tokens, checkpoints:  0,    52.256 MiB
srv        update:    - prompt 0x3af94b0:     415 tokens, checkpoints:  0,    51.880 MiB
srv        update:    - prompt 0x3224d60:     431 tokens, checkpoints:  0,    53.881 MiB
srv        update:    - prompt 0xef06d0:     431 tokens, checkpoints:  0,    53.881 MiB
srv        update:    - prompt 0xee3c20:     107 tokens, checkpoints:  0,    13.377 MiB
srv        update:    - prompt 0x321cfd0:     105 tokens, checkpoints:  0,    13.127 MiB
srv  get_availabl: prompt cache update took 0.19 ms
slot launch_slot_: id  3 | task -1 | sampler chain: logits -> ?penalties -> ?dry -> ?top-n-sigma -> top-k -> ?typical -> top-p -> min-p -> ?xtc -> temp-ext -> dist 
slot launch_slot_: id  3 | task 6666 | processing task, is_child = 0
slot slot_save_an: id  0 | task -1 | saving idle slot to prompt cache
srv   prompt_save:  - saving prompt with length 110, total state size = 13.752 MiB
slot prompt_clear: id  0 | task -1 | clearing prompt with 110 tokens
srv        update:  - cache state: 50 prompts, 1069.760 MiB (limits: 8192.000 MiB, 4096 tokens, 65527 est)
srv        update:    - prompt 0xf0ef60:     106 tokens, checkpoints:  0,    13.252 MiB
srv        update:    - prompt 0x4391140:     107 tokens, checkpoints:  0,    13.377 MiB
srv        update:    - prompt 0x32239b0:     106 tokens, checkpoints:  0,    13.252 MiB
srv        update:    - prompt 0x321b8b0:     107 tokens, checkpoints:  0,    13.377 MiB
srv        update:    - prompt 0x3221630:     105 tokens, checkpoints:  0,    13.127 MiB
srv        update:    - prompt 0x4390ba0:     110 tokens, checkpoints:  0,    13.752 MiB
srv        update:    - prompt 0x3223470:     116 tokens, checkpoints:  0,    14.502 MiB
srv        update:    - prompt 0x4394c10:     109 tokens, checkpoints:  0,    13.627 MiB
srv        update:    - prompt 0x3224910:     113 tokens, checkpoints:  0,    14.127 MiB
srv        update:    - prompt 0x3230c90:     108 tokens, checkpoints:  0,    13.502 MiB
srv        update:    - prompt 0x11f0c00:     108 tokens, checkpoints:  0,    13.502 MiB
srv        update:    - prompt 0xee47f0:     108 tokens, checkpoints:  0,    13.502 MiB
srv        update:    - prompt 0x438f4c0:     111 tokens, checkpoints:  0,    13.877 MiB
srv        update:    - prompt 0x438f580:     119 tokens, checkpoints:  0,    14.877 MiB
srv        update:    - prompt 0x4be6150:     123 tokens, checkpoints:  0,    15.377 MiB
srv        update:    - prompt 0x3adf6d0:     131 tokens, checkpoints:  0,    16.377 MiB
srv        update:    - prompt 0x43918f0:     130 tokens, checkpoints:  0,    16.252 MiB
srv        update:    - prompt 0x3225330:     107 tokens, checkpoints:  0,    13.377 MiB
srv        update:    - prompt 0x32291b0:     105 tokens, checkpoints:  0,    13.127 MiB
srv        update:    - prompt 0x1194e10:     110 tokens, checkpoints:  0,    13.752 MiB
srv        update:    - prompt 0x3ad1b20:     116 tokens, checkpoints:  0,    14.502 MiB
srv        update:    - prompt 0x3228110:     109 tokens, checkpoints:  0,    13.627 MiB
srv        update:    - prompt 0x3229090:     113 tokens, checkpoints:  0,    14.127 MiB
srv        update:    - prompt 0xee1a40:     108 tokens, checkpoints:  0,    13.502 MiB
srv        update:    - prompt 0x321f8d0:     108 tokens, checkpoints:  0,    13.502 MiB
srv        update:    - prompt 0xf0e5d0:     108 tokens, checkpoints:  0,    13.502 MiB
srv        update:    - prompt 0xee8970:     111 tokens, checkpoints:  0,    13.877 MiB
srv        update:    - prompt 0xef15a0:     119 tokens, checkpoints:  0,    14.877 MiB
srv        update:    - prompt 0x3219830:     123 tokens, checkpoints:  0,    15.377 MiB
srv        update:    - prompt 0x32210f0:     165 tokens, checkpoints:  0,    20.628 MiB
srv        update:    - prompt 0xeec7b0:     131 tokens, checkpoints:  0,    16.377 MiB
srv        update:    - prompt 0x3af2910:     135 tokens, checkpoints:  0,    16.877 MiB
srv        update:    - prompt 0x3aeb3b0:     132 tokens, checkpoints:  0,    16.502 MiB
srv        update:    - prompt 0xee04b0:     146 tokens, checkpoints:  0,    18.252 MiB
srv        update:    - prompt 0x3227330:     130 tokens, checkpoints:  0,    16.252 MiB
srv        update:    - prompt 0xf0d980:     136 tokens, checkpoints:  0,    17.002 MiB
srv        update:    - prompt 0x11d5ce0:     136 tokens, checkpoints:  0,    17.002 MiB
srv        update:    - prompt 0x3220d10:     241 tokens, checkpoints:  0,    30.129 MiB
srv        update:    - prompt 0xfffdb80062a0:     325 tokens, checkpoints:  0,    40.629 MiB
srv        update:    - prompt 0xfffe140054f0:     363 tokens, checkpoints:  0,    45.380 MiB
srv        update:    - prompt 0xfffe08002440:     425 tokens, checkpoints:  0,    53.131 MiB
srv        update:    - prompt 0x438b420:     409 tokens, checkpoints:  0,    51.130 MiB
srv        update:    - prompt 0x3ad6d90:     412 tokens, checkpoints:  0,    51.505 MiB
srv        update:    - prompt 0x321c560:     418 tokens, checkpoints:  0,    52.256 MiB
srv        update:    - prompt 0x3af94b0:     415 tokens, checkpoints:  0,    51.880 MiB
srv        update:    - prompt 0x3224d60:     431 tokens, checkpoints:  0,    53.881 MiB
srv        update:    - prompt 0xef06d0:     431 tokens, checkpoints:  0,    53.881 MiB
srv        update:    - prompt 0xee3c20:     107 tokens, checkpoints:  0,    13.377 MiB
srv        update:    - prompt 0x321cfd0:     105 tokens, checkpoints:  0,    13.127 MiB
srv        update:    - prompt 0x43945e0:     110 tokens, checkpoints:  0,    13.752 MiB
slot update_slots: id  3 | task 6666 | new prompt, n_ctx_slot = 4096, n_keep = 0, task.n_tokens = 17
slot update_slots: id  3 | task 6666 | n_tokens = 0, memory_seq_rm [0, end)
slot init_sampler: id  3 | task 6666 | init sampler, took 0.01 ms, tokens: text = 17, total = 17
slot update_slots: id  3 | task 6666 | prompt processing done, n_tokens = 17, batch.n_tokens = 17
srv  log_server_r: done request: POST /completion 127.0.0.1 200
slot print_timing: id  3 | task 6666 | 
prompt eval time =     840.65 ms /    17 tokens (   49.45 ms per token,    20.22 tokens per second)
       eval time =    8972.12 ms /   100 tokens (   89.72 ms per token,    11.15 tokens per second)
      total time =    9812.77 ms /   117 tokens
slot      release: id  3 | task 6666 | stop processing: n_tokens = 116, truncated = 0
srv  update_slots: all slots are idle
slot get_availabl: id  2 | task -1 | selected slot by LRU, t_last = 290721214637
srv  get_availabl: updating prompt cache
srv          load:  - looking for better prompt, base f_keep = -1.000, sim = 0.000
srv        update:  - cache state: 50 prompts, 1069.760 MiB (limits: 8192.000 MiB, 4096 tokens, 65527 est)
srv        update:    - prompt 0xf0ef60:     106 tokens, checkpoints:  0,    13.252 MiB
srv        update:    - prompt 0x4391140:     107 tokens, checkpoints:  0,    13.377 MiB
srv        update:    - prompt 0x32239b0:     106 tokens, checkpoints:  0,    13.252 MiB
srv        update:    - prompt 0x321b8b0:     107 tokens, checkpoints:  0,    13.377 MiB
srv        update:    - prompt 0x3221630:     105 tokens, checkpoints:  0,    13.127 MiB
srv        update:    - prompt 0x4390ba0:     110 tokens, checkpoints:  0,    13.752 MiB
srv        update:    - prompt 0x3223470:     116 tokens, checkpoints:  0,    14.502 MiB
srv        update:    - prompt 0x4394c10:     109 tokens, checkpoints:  0,    13.627 MiB
srv        update:    - prompt 0x3224910:     113 tokens, checkpoints:  0,    14.127 MiB
srv        update:    - prompt 0x3230c90:     108 tokens, checkpoints:  0,    13.502 MiB
srv        update:    - prompt 0x11f0c00:     108 tokens, checkpoints:  0,    13.502 MiB
srv        update:    - prompt 0xee47f0:     108 tokens, checkpoints:  0,    13.502 MiB
srv        update:    - prompt 0x438f4c0:     111 tokens, checkpoints:  0,    13.877 MiB
srv        update:    - prompt 0x438f580:     119 tokens, checkpoints:  0,    14.877 MiB
srv        update:    - prompt 0x4be6150:     123 tokens, checkpoints:  0,    15.377 MiB
srv        update:    - prompt 0x3adf6d0:     131 tokens, checkpoints:  0,    16.377 MiB
srv        update:    - prompt 0x43918f0:     130 tokens, checkpoints:  0,    16.252 MiB
srv        update:    - prompt 0x3225330:     107 tokens, checkpoints:  0,    13.377 MiB
srv        update:    - prompt 0x32291b0:     105 tokens, checkpoints:  0,    13.127 MiB
srv        update:    - prompt 0x1194e10:     110 tokens, checkpoints:  0,    13.752 MiB
srv        update:    - prompt 0x3ad1b20:     116 tokens, checkpoints:  0,    14.502 MiB
srv        update:    - prompt 0x3228110:     109 tokens, checkpoints:  0,    13.627 MiB
srv        update:    - prompt 0x3229090:     113 tokens, checkpoints:  0,    14.127 MiB
srv        update:    - prompt 0xee1a40:     108 tokens, checkpoints:  0,    13.502 MiB
srv        update:    - prompt 0x321f8d0:     108 tokens, checkpoints:  0,    13.502 MiB
srv        update:    - prompt 0xf0e5d0:     108 tokens, checkpoints:  0,    13.502 MiB
srv        update:    - prompt 0xee8970:     111 tokens, checkpoints:  0,    13.877 MiB
srv        update:    - prompt 0xef15a0:     119 tokens, checkpoints:  0,    14.877 MiB
srv        update:    - prompt 0x3219830:     123 tokens, checkpoints:  0,    15.377 MiB
srv        update:    - prompt 0x32210f0:     165 tokens, checkpoints:  0,    20.628 MiB
srv        update:    - prompt 0xeec7b0:     131 tokens, checkpoints:  0,    16.377 MiB
srv        update:    - prompt 0x3af2910:     135 tokens, checkpoints:  0,    16.877 MiB
srv        update:    - prompt 0x3aeb3b0:     132 tokens, checkpoints:  0,    16.502 MiB
srv        update:    - prompt 0xee04b0:     146 tokens, checkpoints:  0,    18.252 MiB
srv        update:    - prompt 0x3227330:     130 tokens, checkpoints:  0,    16.252 MiB
srv        update:    - prompt 0xf0d980:     136 tokens, checkpoints:  0,    17.002 MiB
srv        update:    - prompt 0x11d5ce0:     136 tokens, checkpoints:  0,    17.002 MiB
srv        update:    - prompt 0x3220d10:     241 tokens, checkpoints:  0,    30.129 MiB
srv        update:    - prompt 0xfffdb80062a0:     325 tokens, checkpoints:  0,    40.629 MiB
srv        update:    - prompt 0xfffe140054f0:     363 tokens, checkpoints:  0,    45.380 MiB
srv        update:    - prompt 0xfffe08002440:     425 tokens, checkpoints:  0,    53.131 MiB
srv        update:    - prompt 0x438b420:     409 tokens, checkpoints:  0,    51.130 MiB
srv        update:    - prompt 0x3ad6d90:     412 tokens, checkpoints:  0,    51.505 MiB
srv        update:    - prompt 0x321c560:     418 tokens, checkpoints:  0,    52.256 MiB
srv        update:    - prompt 0x3af94b0:     415 tokens, checkpoints:  0,    51.880 MiB
srv        update:    - prompt 0x3224d60:     431 tokens, checkpoints:  0,    53.881 MiB
srv        update:    - prompt 0xef06d0:     431 tokens, checkpoints:  0,    53.881 MiB
srv        update:    - prompt 0xee3c20:     107 tokens, checkpoints:  0,    13.377 MiB
srv        update:    - prompt 0x321cfd0:     105 tokens, checkpoints:  0,    13.127 MiB
srv        update:    - prompt 0x43945e0:     110 tokens, checkpoints:  0,    13.752 MiB
srv  get_availabl: prompt cache update took 0.19 ms
slot launch_slot_: id  2 | task -1 | sampler chain: logits -> ?penalties -> ?dry -> ?top-n-sigma -> top-k -> ?typical -> top-p -> min-p -> ?xtc -> temp-ext -> dist 
slot launch_slot_: id  2 | task 6767 | processing task, is_child = 0
slot slot_save_an: id  3 | task -1 | saving idle slot to prompt cache
srv   prompt_save:  - saving prompt with length 116, total state size = 14.502 MiB
slot prompt_clear: id  3 | task -1 | clearing prompt with 116 tokens
srv        update:  - cache state: 51 prompts, 1084.262 MiB (limits: 8192.000 MiB, 4096 tokens, 65527 est)
srv        update:    - prompt 0xf0ef60:     106 tokens, checkpoints:  0,    13.252 MiB
srv        update:    - prompt 0x4391140:     107 tokens, checkpoints:  0,    13.377 MiB
srv        update:    - prompt 0x32239b0:     106 tokens, checkpoints:  0,    13.252 MiB
srv        update:    - prompt 0x321b8b0:     107 tokens, checkpoints:  0,    13.377 MiB
srv        update:    - prompt 0x3221630:     105 tokens, checkpoints:  0,    13.127 MiB
srv        update:    - prompt 0x4390ba0:     110 tokens, checkpoints:  0,    13.752 MiB
srv        update:    - prompt 0x3223470:     116 tokens, checkpoints:  0,    14.502 MiB
srv        update:    - prompt 0x4394c10:     109 tokens, checkpoints:  0,    13.627 MiB
srv        update:    - prompt 0x3224910:     113 tokens, checkpoints:  0,    14.127 MiB
srv        update:    - prompt 0x3230c90:     108 tokens, checkpoints:  0,    13.502 MiB
srv        update:    - prompt 0x11f0c00:     108 tokens, checkpoints:  0,    13.502 MiB
srv        update:    - prompt 0xee47f0:     108 tokens, checkpoints:  0,    13.502 MiB
srv        update:    - prompt 0x438f4c0:     111 tokens, checkpoints:  0,    13.877 MiB
srv        update:    - prompt 0x438f580:     119 tokens, checkpoints:  0,    14.877 MiB
srv        update:    - prompt 0x4be6150:     123 tokens, checkpoints:  0,    15.377 MiB
srv        update:    - prompt 0x3adf6d0:     131 tokens, checkpoints:  0,    16.377 MiB
srv        update:    - prompt 0x43918f0:     130 tokens, checkpoints:  0,    16.252 MiB
srv        update:    - prompt 0x3225330:     107 tokens, checkpoints:  0,    13.377 MiB
srv        update:    - prompt 0x32291b0:     105 tokens, checkpoints:  0,    13.127 MiB
srv        update:    - prompt 0x1194e10:     110 tokens, checkpoints:  0,    13.752 MiB
srv        update:    - prompt 0x3ad1b20:     116 tokens, checkpoints:  0,    14.502 MiB
srv        update:    - prompt 0x3228110:     109 tokens, checkpoints:  0,    13.627 MiB
srv        update:    - prompt 0x3229090:     113 tokens, checkpoints:  0,    14.127 MiB
srv        update:    - prompt 0xee1a40:     108 tokens, checkpoints:  0,    13.502 MiB
srv        update:    - prompt 0x321f8d0:     108 tokens, checkpoints:  0,    13.502 MiB
srv        update:    - prompt 0xf0e5d0:     108 tokens, checkpoints:  0,    13.502 MiB
srv        update:    - prompt 0xee8970:     111 tokens, checkpoints:  0,    13.877 MiB
srv        update:    - prompt 0xef15a0:     119 tokens, checkpoints:  0,    14.877 MiB
srv        update:    - prompt 0x3219830:     123 tokens, checkpoints:  0,    15.377 MiB
srv        update:    - prompt 0x32210f0:     165 tokens, checkpoints:  0,    20.628 MiB
srv        update:    - prompt 0xeec7b0:     131 tokens, checkpoints:  0,    16.377 MiB
srv        update:    - prompt 0x3af2910:     135 tokens, checkpoints:  0,    16.877 MiB
srv        update:    - prompt 0x3aeb3b0:     132 tokens, checkpoints:  0,    16.502 MiB
srv        update:    - prompt 0xee04b0:     146 tokens, checkpoints:  0,    18.252 MiB
srv        update:    - prompt 0x3227330:     130 tokens, checkpoints:  0,    16.252 MiB
srv        update:    - prompt 0xf0d980:     136 tokens, checkpoints:  0,    17.002 MiB
srv        update:    - prompt 0x11d5ce0:     136 tokens, checkpoints:  0,    17.002 MiB
srv        update:    - prompt 0x3220d10:     241 tokens, checkpoints:  0,    30.129 MiB
srv        update:    - prompt 0xfffdb80062a0:     325 tokens, checkpoints:  0,    40.629 MiB
srv        update:    - prompt 0xfffe140054f0:     363 tokens, checkpoints:  0,    45.380 MiB
srv        update:    - prompt 0xfffe08002440:     425 tokens, checkpoints:  0,    53.131 MiB
srv        update:    - prompt 0x438b420:     409 tokens, checkpoints:  0,    51.130 MiB
srv        update:    - prompt 0x3ad6d90:     412 tokens, checkpoints:  0,    51.505 MiB
srv        update:    - prompt 0x321c560:     418 tokens, checkpoints:  0,    52.256 MiB
srv        update:    - prompt 0x3af94b0:     415 tokens, checkpoints:  0,    51.880 MiB
srv        update:    - prompt 0x3224d60:     431 tokens, checkpoints:  0,    53.881 MiB
srv        update:    - prompt 0xef06d0:     431 tokens, checkpoints:  0,    53.881 MiB
srv        update:    - prompt 0xee3c20:     107 tokens, checkpoints:  0,    13.377 MiB
srv        update:    - prompt 0x321cfd0:     105 tokens, checkpoints:  0,    13.127 MiB
srv        update:    - prompt 0x43945e0:     110 tokens, checkpoints:  0,    13.752 MiB
srv        update:    - prompt 0xf0c750:     116 tokens, checkpoints:  0,    14.502 MiB
slot update_slots: id  2 | task 6767 | new prompt, n_ctx_slot = 4096, n_keep = 0, task.n_tokens = 10
slot update_slots: id  2 | task 6767 | n_tokens = 0, memory_seq_rm [0, end)
slot init_sampler: id  2 | task 6767 | init sampler, took 0.01 ms, tokens: text = 10, total = 10
slot update_slots: id  2 | task 6767 | prompt processing done, n_tokens = 10, batch.n_tokens = 10
srv  log_server_r: done request: POST /completion 127.0.0.1 200
slot print_timing: id  2 | task 6767 | 
prompt eval time =     733.41 ms /    10 tokens (   73.34 ms per token,    13.63 tokens per second)
       eval time =    7357.72 ms /   100 tokens (   73.58 ms per token,    13.59 tokens per second)
      total time =    8091.14 ms /   110 tokens
slot      release: id  2 | task 6767 | stop processing: n_tokens = 109, truncated = 0
srv  update_slots: all slots are idle
slot get_availabl: id  1 | task -1 | selected slot by LRU, t_last = 290765453130
srv  get_availabl: updating prompt cache
srv          load:  - looking for better prompt, base f_keep = -1.000, sim = 0.000
srv        update:  - cache state: 51 prompts, 1084.262 MiB (limits: 8192.000 MiB, 4096 tokens, 65527 est)
srv        update:    - prompt 0xf0ef60:     106 tokens, checkpoints:  0,    13.252 MiB
srv        update:    - prompt 0x4391140:     107 tokens, checkpoints:  0,    13.377 MiB
srv        update:    - prompt 0x32239b0:     106 tokens, checkpoints:  0,    13.252 MiB
srv        update:    - prompt 0x321b8b0:     107 tokens, checkpoints:  0,    13.377 MiB
srv        update:    - prompt 0x3221630:     105 tokens, checkpoints:  0,    13.127 MiB
srv        update:    - prompt 0x4390ba0:     110 tokens, checkpoints:  0,    13.752 MiB
srv        update:    - prompt 0x3223470:     116 tokens, checkpoints:  0,    14.502 MiB
srv        update:    - prompt 0x4394c10:     109 tokens, checkpoints:  0,    13.627 MiB
srv        update:    - prompt 0x3224910:     113 tokens, checkpoints:  0,    14.127 MiB
srv        update:    - prompt 0x3230c90:     108 tokens, checkpoints:  0,    13.502 MiB
srv        update:    - prompt 0x11f0c00:     108 tokens, checkpoints:  0,    13.502 MiB
srv        update:    - prompt 0xee47f0:     108 tokens, checkpoints:  0,    13.502 MiB
srv        update:    - prompt 0x438f4c0:     111 tokens, checkpoints:  0,    13.877 MiB
srv        update:    - prompt 0x438f580:     119 tokens, checkpoints:  0,    14.877 MiB
srv        update:    - prompt 0x4be6150:     123 tokens, checkpoints:  0,    15.377 MiB
srv        update:    - prompt 0x3adf6d0:     131 tokens, checkpoints:  0,    16.377 MiB
srv        update:    - prompt 0x43918f0:     130 tokens, checkpoints:  0,    16.252 MiB
srv        update:    - prompt 0x3225330:     107 tokens, checkpoints:  0,    13.377 MiB
srv        update:    - prompt 0x32291b0:     105 tokens, checkpoints:  0,    13.127 MiB
srv        update:    - prompt 0x1194e10:     110 tokens, checkpoints:  0,    13.752 MiB
srv        update:    - prompt 0x3ad1b20:     116 tokens, checkpoints:  0,    14.502 MiB
srv        update:    - prompt 0x3228110:     109 tokens, checkpoints:  0,    13.627 MiB
srv        update:    - prompt 0x3229090:     113 tokens, checkpoints:  0,    14.127 MiB
srv        update:    - prompt 0xee1a40:     108 tokens, checkpoints:  0,    13.502 MiB
srv        update:    - prompt 0x321f8d0:     108 tokens, checkpoints:  0,    13.502 MiB
srv        update:    - prompt 0xf0e5d0:     108 tokens, checkpoints:  0,    13.502 MiB
srv        update:    - prompt 0xee8970:     111 tokens, checkpoints:  0,    13.877 MiB
srv        update:    - prompt 0xef15a0:     119 tokens, checkpoints:  0,    14.877 MiB
srv        update:    - prompt 0x3219830:     123 tokens, checkpoints:  0,    15.377 MiB
srv        update:    - prompt 0x32210f0:     165 tokens, checkpoints:  0,    20.628 MiB
srv        update:    - prompt 0xeec7b0:     131 tokens, checkpoints:  0,    16.377 MiB
srv        update:    - prompt 0x3af2910:     135 tokens, checkpoints:  0,    16.877 MiB
srv        update:    - prompt 0x3aeb3b0:     132 tokens, checkpoints:  0,    16.502 MiB
srv        update:    - prompt 0xee04b0:     146 tokens, checkpoints:  0,    18.252 MiB
srv        update:    - prompt 0x3227330:     130 tokens, checkpoints:  0,    16.252 MiB
srv        update:    - prompt 0xf0d980:     136 tokens, checkpoints:  0,    17.002 MiB
srv        update:    - prompt 0x11d5ce0:     136 tokens, checkpoints:  0,    17.002 MiB
srv        update:    - prompt 0x3220d10:     241 tokens, checkpoints:  0,    30.129 MiB
srv        update:    - prompt 0xfffdb80062a0:     325 tokens, checkpoints:  0,    40.629 MiB
srv        update:    - prompt 0xfffe140054f0:     363 tokens, checkpoints:  0,    45.380 MiB
srv        update:    - prompt 0xfffe08002440:     425 tokens, checkpoints:  0,    53.131 MiB
srv        update:    - prompt 0x438b420:     409 tokens, checkpoints:  0,    51.130 MiB
srv        update:    - prompt 0x3ad6d90:     412 tokens, checkpoints:  0,    51.505 MiB
srv        update:    - prompt 0x321c560:     418 tokens, checkpoints:  0,    52.256 MiB
srv        update:    - prompt 0x3af94b0:     415 tokens, checkpoints:  0,    51.880 MiB
srv        update:    - prompt 0x3224d60:     431 tokens, checkpoints:  0,    53.881 MiB
srv        update:    - prompt 0xef06d0:     431 tokens, checkpoints:  0,    53.881 MiB
srv        update:    - prompt 0xee3c20:     107 tokens, checkpoints:  0,    13.377 MiB
srv        update:    - prompt 0x321cfd0:     105 tokens, checkpoints:  0,    13.127 MiB
srv        update:    - prompt 0x43945e0:     110 tokens, checkpoints:  0,    13.752 MiB
srv        update:    - prompt 0xf0c750:     116 tokens, checkpoints:  0,    14.502 MiB
srv  get_availabl: prompt cache update took 0.22 ms
slot launch_slot_: id  1 | task -1 | sampler chain: logits -> ?penalties -> ?dry -> ?top-n-sigma -> top-k -> ?typical -> top-p -> min-p -> ?xtc -> temp-ext -> dist 
slot launch_slot_: id  1 | task 6868 | processing task, is_child = 0
slot slot_save_an: id  2 | task -1 | saving idle slot to prompt cache
srv   prompt_save:  - saving prompt with length 109, total state size = 13.627 MiB
slot prompt_clear: id  2 | task -1 | clearing prompt with 109 tokens
srv        update:  - cache state: 52 prompts, 1097.889 MiB (limits: 8192.000 MiB, 4096 tokens, 65527 est)
srv        update:    - prompt 0xf0ef60:     106 tokens, checkpoints:  0,    13.252 MiB
srv        update:    - prompt 0x4391140:     107 tokens, checkpoints:  0,    13.377 MiB
srv        update:    - prompt 0x32239b0:     106 tokens, checkpoints:  0,    13.252 MiB
srv        update:    - prompt 0x321b8b0:     107 tokens, checkpoints:  0,    13.377 MiB
srv        update:    - prompt 0x3221630:     105 tokens, checkpoints:  0,    13.127 MiB
srv        update:    - prompt 0x4390ba0:     110 tokens, checkpoints:  0,    13.752 MiB
srv        update:    - prompt 0x3223470:     116 tokens, checkpoints:  0,    14.502 MiB
srv        update:    - prompt 0x4394c10:     109 tokens, checkpoints:  0,    13.627 MiB
srv        update:    - prompt 0x3224910:     113 tokens, checkpoints:  0,    14.127 MiB
srv        update:    - prompt 0x3230c90:     108 tokens, checkpoints:  0,    13.502 MiB
srv        update:    - prompt 0x11f0c00:     108 tokens, checkpoints:  0,    13.502 MiB
srv        update:    - prompt 0xee47f0:     108 tokens, checkpoints:  0,    13.502 MiB
srv        update:    - prompt 0x438f4c0:     111 tokens, checkpoints:  0,    13.877 MiB
srv        update:    - prompt 0x438f580:     119 tokens, checkpoints:  0,    14.877 MiB
srv        update:    - prompt 0x4be6150:     123 tokens, checkpoints:  0,    15.377 MiB
srv        update:    - prompt 0x3adf6d0:     131 tokens, checkpoints:  0,    16.377 MiB
srv        update:    - prompt 0x43918f0:     130 tokens, checkpoints:  0,    16.252 MiB
srv        update:    - prompt 0x3225330:     107 tokens, checkpoints:  0,    13.377 MiB
srv        update:    - prompt 0x32291b0:     105 tokens, checkpoints:  0,    13.127 MiB
srv        update:    - prompt 0x1194e10:     110 tokens, checkpoints:  0,    13.752 MiB
srv        update:    - prompt 0x3ad1b20:     116 tokens, checkpoints:  0,    14.502 MiB
srv        update:    - prompt 0x3228110:     109 tokens, checkpoints:  0,    13.627 MiB
srv        update:    - prompt 0x3229090:     113 tokens, checkpoints:  0,    14.127 MiB
srv        update:    - prompt 0xee1a40:     108 tokens, checkpoints:  0,    13.502 MiB
srv        update:    - prompt 0x321f8d0:     108 tokens, checkpoints:  0,    13.502 MiB
srv        update:    - prompt 0xf0e5d0:     108 tokens, checkpoints:  0,    13.502 MiB
srv        update:    - prompt 0xee8970:     111 tokens, checkpoints:  0,    13.877 MiB
srv        update:    - prompt 0xef15a0:     119 tokens, checkpoints:  0,    14.877 MiB
srv        update:    - prompt 0x3219830:     123 tokens, checkpoints:  0,    15.377 MiB
srv        update:    - prompt 0x32210f0:     165 tokens, checkpoints:  0,    20.628 MiB
srv        update:    - prompt 0xeec7b0:     131 tokens, checkpoints:  0,    16.377 MiB
srv        update:    - prompt 0x3af2910:     135 tokens, checkpoints:  0,    16.877 MiB
srv        update:    - prompt 0x3aeb3b0:     132 tokens, checkpoints:  0,    16.502 MiB
srv        update:    - prompt 0xee04b0:     146 tokens, checkpoints:  0,    18.252 MiB
srv        update:    - prompt 0x3227330:     130 tokens, checkpoints:  0,    16.252 MiB
srv        update:    - prompt 0xf0d980:     136 tokens, checkpoints:  0,    17.002 MiB
srv        update:    - prompt 0x11d5ce0:     136 tokens, checkpoints:  0,    17.002 MiB
srv        update:    - prompt 0x3220d10:     241 tokens, checkpoints:  0,    30.129 MiB
srv        update:    - prompt 0xfffdb80062a0:     325 tokens, checkpoints:  0,    40.629 MiB
srv        update:    - prompt 0xfffe140054f0:     363 tokens, checkpoints:  0,    45.380 MiB
srv        update:    - prompt 0xfffe08002440:     425 tokens, checkpoints:  0,    53.131 MiB
srv        update:    - prompt 0x438b420:     409 tokens, checkpoints:  0,    51.130 MiB
srv        update:    - prompt 0x3ad6d90:     412 tokens, checkpoints:  0,    51.505 MiB
srv        update:    - prompt 0x321c560:     418 tokens, checkpoints:  0,    52.256 MiB
srv        update:    - prompt 0x3af94b0:     415 tokens, checkpoints:  0,    51.880 MiB
srv        update:    - prompt 0x3224d60:     431 tokens, checkpoints:  0,    53.881 MiB
srv        update:    - prompt 0xef06d0:     431 tokens, checkpoints:  0,    53.881 MiB
srv        update:    - prompt 0xee3c20:     107 tokens, checkpoints:  0,    13.377 MiB
srv        update:    - prompt 0x321cfd0:     105 tokens, checkpoints:  0,    13.127 MiB
srv        update:    - prompt 0x43945e0:     110 tokens, checkpoints:  0,    13.752 MiB
srv        update:    - prompt 0xf0c750:     116 tokens, checkpoints:  0,    14.502 MiB
srv        update:    - prompt 0x3acf5e0:     109 tokens, checkpoints:  0,    13.627 MiB
slot update_slots: id  1 | task 6868 | new prompt, n_ctx_slot = 4096, n_keep = 0, task.n_tokens = 14
slot update_slots: id  1 | task 6868 | n_tokens = 0, memory_seq_rm [0, end)
slot init_sampler: id  1 | task 6868 | init sampler, took 0.01 ms, tokens: text = 14, total = 14
slot update_slots: id  1 | task 6868 | prompt processing done, n_tokens = 14, batch.n_tokens = 14
srv  log_server_r: done request: POST /completion 127.0.0.1 200
slot print_timing: id  1 | task 6868 | 
prompt eval time =     721.80 ms /    14 tokens (   51.56 ms per token,    19.40 tokens per second)
       eval time =    9780.31 ms /   100 tokens (   97.80 ms per token,    10.22 tokens per second)
      total time =   10502.11 ms /   114 tokens
slot      release: id  1 | task 6868 | stop processing: n_tokens = 113, truncated = 0
srv  update_slots: all slots are idle
slot get_availabl: id  1 | task -1 | selected slot by LCP similarity, sim_best = 0.111 (> 0.100 thold), f_keep = 0.009
srv  get_availabl: updating prompt cache
srv   prompt_save:  - saving prompt with length 113, total state size = 14.127 MiB
srv          load:  - looking for better prompt, base f_keep = 0.009, sim = 0.111
srv        update:  - cache state: 53 prompts, 1112.016 MiB (limits: 8192.000 MiB, 4096 tokens, 65527 est)
srv        update:    - prompt 0xf0ef60:     106 tokens, checkpoints:  0,    13.252 MiB
srv        update:    - prompt 0x4391140:     107 tokens, checkpoints:  0,    13.377 MiB
srv        update:    - prompt 0x32239b0:     106 tokens, checkpoints:  0,    13.252 MiB
srv        update:    - prompt 0x321b8b0:     107 tokens, checkpoints:  0,    13.377 MiB
srv        update:    - prompt 0x3221630:     105 tokens, checkpoints:  0,    13.127 MiB
srv        update:    - prompt 0x4390ba0:     110 tokens, checkpoints:  0,    13.752 MiB
srv        update:    - prompt 0x3223470:     116 tokens, checkpoints:  0,    14.502 MiB
srv        update:    - prompt 0x4394c10:     109 tokens, checkpoints:  0,    13.627 MiB
srv        update:    - prompt 0x3224910:     113 tokens, checkpoints:  0,    14.127 MiB
srv        update:    - prompt 0x3230c90:     108 tokens, checkpoints:  0,    13.502 MiB
srv        update:    - prompt 0x11f0c00:     108 tokens, checkpoints:  0,    13.502 MiB
srv        update:    - prompt 0xee47f0:     108 tokens, checkpoints:  0,    13.502 MiB
srv        update:    - prompt 0x438f4c0:     111 tokens, checkpoints:  0,    13.877 MiB
srv        update:    - prompt 0x438f580:     119 tokens, checkpoints:  0,    14.877 MiB
srv        update:    - prompt 0x4be6150:     123 tokens, checkpoints:  0,    15.377 MiB
srv        update:    - prompt 0x3adf6d0:     131 tokens, checkpoints:  0,    16.377 MiB
srv        update:    - prompt 0x43918f0:     130 tokens, checkpoints:  0,    16.252 MiB
srv        update:    - prompt 0x3225330:     107 tokens, checkpoints:  0,    13.377 MiB
srv        update:    - prompt 0x32291b0:     105 tokens, checkpoints:  0,    13.127 MiB
srv        update:    - prompt 0x1194e10:     110 tokens, checkpoints:  0,    13.752 MiB
srv        update:    - prompt 0x3ad1b20:     116 tokens, checkpoints:  0,    14.502 MiB
srv        update:    - prompt 0x3228110:     109 tokens, checkpoints:  0,    13.627 MiB
srv        update:    - prompt 0x3229090:     113 tokens, checkpoints:  0,    14.127 MiB
srv        update:    - prompt 0xee1a40:     108 tokens, checkpoints:  0,    13.502 MiB
srv        update:    - prompt 0x321f8d0:     108 tokens, checkpoints:  0,    13.502 MiB
srv        update:    - prompt 0xf0e5d0:     108 tokens, checkpoints:  0,    13.502 MiB
srv        update:    - prompt 0xee8970:     111 tokens, checkpoints:  0,    13.877 MiB
srv        update:    - prompt 0xef15a0:     119 tokens, checkpoints:  0,    14.877 MiB
srv        update:    - prompt 0x3219830:     123 tokens, checkpoints:  0,    15.377 MiB
srv        update:    - prompt 0x32210f0:     165 tokens, checkpoints:  0,    20.628 MiB
srv        update:    - prompt 0xeec7b0:     131 tokens, checkpoints:  0,    16.377 MiB
srv        update:    - prompt 0x3af2910:     135 tokens, checkpoints:  0,    16.877 MiB
srv        update:    - prompt 0x3aeb3b0:     132 tokens, checkpoints:  0,    16.502 MiB
srv        update:    - prompt 0xee04b0:     146 tokens, checkpoints:  0,    18.252 MiB
srv        update:    - prompt 0x3227330:     130 tokens, checkpoints:  0,    16.252 MiB
srv        update:    - prompt 0xf0d980:     136 tokens, checkpoints:  0,    17.002 MiB
srv        update:    - prompt 0x11d5ce0:     136 tokens, checkpoints:  0,    17.002 MiB
srv        update:    - prompt 0x3220d10:     241 tokens, checkpoints:  0,    30.129 MiB
srv        update:    - prompt 0xfffdb80062a0:     325 tokens, checkpoints:  0,    40.629 MiB
srv        update:    - prompt 0xfffe140054f0:     363 tokens, checkpoints:  0,    45.380 MiB
srv        update:    - prompt 0xfffe08002440:     425 tokens, checkpoints:  0,    53.131 MiB
srv        update:    - prompt 0x438b420:     409 tokens, checkpoints:  0,    51.130 MiB
srv        update:    - prompt 0x3ad6d90:     412 tokens, checkpoints:  0,    51.505 MiB
srv        update:    - prompt 0x321c560:     418 tokens, checkpoints:  0,    52.256 MiB
srv        update:    - prompt 0x3af94b0:     415 tokens, checkpoints:  0,    51.880 MiB
srv        update:    - prompt 0x3224d60:     431 tokens, checkpoints:  0,    53.881 MiB
srv        update:    - prompt 0xef06d0:     431 tokens, checkpoints:  0,    53.881 MiB
srv        update:    - prompt 0xee3c20:     107 tokens, checkpoints:  0,    13.377 MiB
srv        update:    - prompt 0x321cfd0:     105 tokens, checkpoints:  0,    13.127 MiB
srv        update:    - prompt 0x43945e0:     110 tokens, checkpoints:  0,    13.752 MiB
srv        update:    - prompt 0xf0c750:     116 tokens, checkpoints:  0,    14.502 MiB
srv        update:    - prompt 0x3acf5e0:     109 tokens, checkpoints:  0,    13.627 MiB
srv        update:    - prompt 0xf0adf0:     113 tokens, checkpoints:  0,    14.127 MiB
srv  get_availabl: prompt cache update took 3.56 ms
slot launch_slot_: id  1 | task -1 | sampler chain: logits -> ?penalties -> ?dry -> ?top-n-sigma -> top-k -> ?typical -> top-p -> min-p -> ?xtc -> temp-ext -> dist 
slot launch_slot_: id  1 | task 6969 | processing task, is_child = 0
slot update_slots: id  1 | task 6969 | new prompt, n_ctx_slot = 4096, n_keep = 0, task.n_tokens = 9
slot update_slots: id  1 | task 6969 | n_tokens = 0, memory_seq_rm [0, end)
slot init_sampler: id  1 | task 6969 | init sampler, took 0.01 ms, tokens: text = 9, total = 9
slot update_slots: id  1 | task 6969 | prompt processing done, n_tokens = 9, batch.n_tokens = 9
srv  log_server_r: done request: POST /completion 127.0.0.1 200
slot print_timing: id  1 | task 6969 | 
prompt eval time =     484.19 ms /     9 tokens (   53.80 ms per token,    18.59 tokens per second)
       eval time =   10868.05 ms /   100 tokens (  108.68 ms per token,     9.20 tokens per second)
      total time =   11352.24 ms /   109 tokens
slot      release: id  1 | task 6969 | stop processing: n_tokens = 108, truncated = 0
srv  update_slots: all slots are idle
slot get_availabl: id  1 | task -1 | selected slot by LCP similarity, sim_best = 0.111 (> 0.100 thold), f_keep = 0.009
srv  get_availabl: updating prompt cache
srv   prompt_save:  - saving prompt with length 108, total state size = 13.502 MiB
srv          load:  - looking for better prompt, base f_keep = 0.009, sim = 0.111
srv        update:  - cache state: 54 prompts, 1125.518 MiB (limits: 8192.000 MiB, 4096 tokens, 65527 est)
srv        update:    - prompt 0xf0ef60:     106 tokens, checkpoints:  0,    13.252 MiB
srv        update:    - prompt 0x4391140:     107 tokens, checkpoints:  0,    13.377 MiB
srv        update:    - prompt 0x32239b0:     106 tokens, checkpoints:  0,    13.252 MiB
srv        update:    - prompt 0x321b8b0:     107 tokens, checkpoints:  0,    13.377 MiB
srv        update:    - prompt 0x3221630:     105 tokens, checkpoints:  0,    13.127 MiB
srv        update:    - prompt 0x4390ba0:     110 tokens, checkpoints:  0,    13.752 MiB
srv        update:    - prompt 0x3223470:     116 tokens, checkpoints:  0,    14.502 MiB
srv        update:    - prompt 0x4394c10:     109 tokens, checkpoints:  0,    13.627 MiB
srv        update:    - prompt 0x3224910:     113 tokens, checkpoints:  0,    14.127 MiB
srv        update:    - prompt 0x3230c90:     108 tokens, checkpoints:  0,    13.502 MiB
srv        update:    - prompt 0x11f0c00:     108 tokens, checkpoints:  0,    13.502 MiB
srv        update:    - prompt 0xee47f0:     108 tokens, checkpoints:  0,    13.502 MiB
srv        update:    - prompt 0x438f4c0:     111 tokens, checkpoints:  0,    13.877 MiB
srv        update:    - prompt 0x438f580:     119 tokens, checkpoints:  0,    14.877 MiB
srv        update:    - prompt 0x4be6150:     123 tokens, checkpoints:  0,    15.377 MiB
srv        update:    - prompt 0x3adf6d0:     131 tokens, checkpoints:  0,    16.377 MiB
srv        update:    - prompt 0x43918f0:     130 tokens, checkpoints:  0,    16.252 MiB
srv        update:    - prompt 0x3225330:     107 tokens, checkpoints:  0,    13.377 MiB
srv        update:    - prompt 0x32291b0:     105 tokens, checkpoints:  0,    13.127 MiB
srv        update:    - prompt 0x1194e10:     110 tokens, checkpoints:  0,    13.752 MiB
srv        update:    - prompt 0x3ad1b20:     116 tokens, checkpoints:  0,    14.502 MiB
srv        update:    - prompt 0x3228110:     109 tokens, checkpoints:  0,    13.627 MiB
srv        update:    - prompt 0x3229090:     113 tokens, checkpoints:  0,    14.127 MiB
srv        update:    - prompt 0xee1a40:     108 tokens, checkpoints:  0,    13.502 MiB
srv        update:    - prompt 0x321f8d0:     108 tokens, checkpoints:  0,    13.502 MiB
srv        update:    - prompt 0xf0e5d0:     108 tokens, checkpoints:  0,    13.502 MiB
srv        update:    - prompt 0xee8970:     111 tokens, checkpoints:  0,    13.877 MiB
srv        update:    - prompt 0xef15a0:     119 tokens, checkpoints:  0,    14.877 MiB
srv        update:    - prompt 0x3219830:     123 tokens, checkpoints:  0,    15.377 MiB
srv        update:    - prompt 0x32210f0:     165 tokens, checkpoints:  0,    20.628 MiB
srv        update:    - prompt 0xeec7b0:     131 tokens, checkpoints:  0,    16.377 MiB
srv        update:    - prompt 0x3af2910:     135 tokens, checkpoints:  0,    16.877 MiB
srv        update:    - prompt 0x3aeb3b0:     132 tokens, checkpoints:  0,    16.502 MiB
srv        update:    - prompt 0xee04b0:     146 tokens, checkpoints:  0,    18.252 MiB
srv        update:    - prompt 0x3227330:     130 tokens, checkpoints:  0,    16.252 MiB
srv        update:    - prompt 0xf0d980:     136 tokens, checkpoints:  0,    17.002 MiB
srv        update:    - prompt 0x11d5ce0:     136 tokens, checkpoints:  0,    17.002 MiB
srv        update:    - prompt 0x3220d10:     241 tokens, checkpoints:  0,    30.129 MiB
srv        update:    - prompt 0xfffdb80062a0:     325 tokens, checkpoints:  0,    40.629 MiB
srv        update:    - prompt 0xfffe140054f0:     363 tokens, checkpoints:  0,    45.380 MiB
srv        update:    - prompt 0xfffe08002440:     425 tokens, checkpoints:  0,    53.131 MiB
srv        update:    - prompt 0x438b420:     409 tokens, checkpoints:  0,    51.130 MiB
srv        update:    - prompt 0x3ad6d90:     412 tokens, checkpoints:  0,    51.505 MiB
srv        update:    - prompt 0x321c560:     418 tokens, checkpoints:  0,    52.256 MiB
srv        update:    - prompt 0x3af94b0:     415 tokens, checkpoints:  0,    51.880 MiB
srv        update:    - prompt 0x3224d60:     431 tokens, checkpoints:  0,    53.881 MiB
srv        update:    - prompt 0xef06d0:     431 tokens, checkpoints:  0,    53.881 MiB
srv        update:    - prompt 0xee3c20:     107 tokens, checkpoints:  0,    13.377 MiB
srv        update:    - prompt 0x321cfd0:     105 tokens, checkpoints:  0,    13.127 MiB
srv        update:    - prompt 0x43945e0:     110 tokens, checkpoints:  0,    13.752 MiB
srv        update:    - prompt 0xf0c750:     116 tokens, checkpoints:  0,    14.502 MiB
srv        update:    - prompt 0x3acf5e0:     109 tokens, checkpoints:  0,    13.627 MiB
srv        update:    - prompt 0xf0adf0:     113 tokens, checkpoints:  0,    14.127 MiB
srv        update:    - prompt 0x1197de0:     108 tokens, checkpoints:  0,    13.502 MiB
srv  get_availabl: prompt cache update took 3.55 ms
slot launch_slot_: id  1 | task -1 | sampler chain: logits -> ?penalties -> ?dry -> ?top-n-sigma -> top-k -> ?typical -> top-p -> min-p -> ?xtc -> temp-ext -> dist 
slot launch_slot_: id  1 | task 7070 | processing task, is_child = 0
slot update_slots: id  1 | task 7070 | new prompt, n_ctx_slot = 4096, n_keep = 0, task.n_tokens = 9
slot update_slots: id  1 | task 7070 | n_tokens = 0, memory_seq_rm [0, end)
slot init_sampler: id  1 | task 7070 | init sampler, took 0.01 ms, tokens: text = 9, total = 9
slot update_slots: id  1 | task 7070 | prompt processing done, n_tokens = 9, batch.n_tokens = 9
srv  log_server_r: done request: POST /completion 127.0.0.1 200
slot print_timing: id  1 | task 7070 | 
prompt eval time =     472.39 ms /     9 tokens (   52.49 ms per token,    19.05 tokens per second)
       eval time =    9834.06 ms /   100 tokens (   98.34 ms per token,    10.17 tokens per second)
      total time =   10306.44 ms /   109 tokens
slot      release: id  1 | task 7070 | stop processing: n_tokens = 108, truncated = 0
srv  update_slots: all slots are idle
slot get_availabl: id  1 | task -1 | selected slot by LCP similarity, sim_best = 0.111 (> 0.100 thold), f_keep = 0.009
srv  get_availabl: updating prompt cache
srv   prompt_save:  - saving prompt with length 108, total state size = 13.502 MiB
srv          load:  - looking for better prompt, base f_keep = 0.009, sim = 0.111
srv        update:  - cache state: 55 prompts, 1139.020 MiB (limits: 8192.000 MiB, 4096 tokens, 65527 est)
srv        update:    - prompt 0xf0ef60:     106 tokens, checkpoints:  0,    13.252 MiB
srv        update:    - prompt 0x4391140:     107 tokens, checkpoints:  0,    13.377 MiB
srv        update:    - prompt 0x32239b0:     106 tokens, checkpoints:  0,    13.252 MiB
srv        update:    - prompt 0x321b8b0:     107 tokens, checkpoints:  0,    13.377 MiB
srv        update:    - prompt 0x3221630:     105 tokens, checkpoints:  0,    13.127 MiB
srv        update:    - prompt 0x4390ba0:     110 tokens, checkpoints:  0,    13.752 MiB
srv        update:    - prompt 0x3223470:     116 tokens, checkpoints:  0,    14.502 MiB
srv        update:    - prompt 0x4394c10:     109 tokens, checkpoints:  0,    13.627 MiB
srv        update:    - prompt 0x3224910:     113 tokens, checkpoints:  0,    14.127 MiB
srv        update:    - prompt 0x3230c90:     108 tokens, checkpoints:  0,    13.502 MiB
srv        update:    - prompt 0x11f0c00:     108 tokens, checkpoints:  0,    13.502 MiB
srv        update:    - prompt 0xee47f0:     108 tokens, checkpoints:  0,    13.502 MiB
srv        update:    - prompt 0x438f4c0:     111 tokens, checkpoints:  0,    13.877 MiB
srv        update:    - prompt 0x438f580:     119 tokens, checkpoints:  0,    14.877 MiB
srv        update:    - prompt 0x4be6150:     123 tokens, checkpoints:  0,    15.377 MiB
srv        update:    - prompt 0x3adf6d0:     131 tokens, checkpoints:  0,    16.377 MiB
srv        update:    - prompt 0x43918f0:     130 tokens, checkpoints:  0,    16.252 MiB
srv        update:    - prompt 0x3225330:     107 tokens, checkpoints:  0,    13.377 MiB
srv        update:    - prompt 0x32291b0:     105 tokens, checkpoints:  0,    13.127 MiB
srv        update:    - prompt 0x1194e10:     110 tokens, checkpoints:  0,    13.752 MiB
srv        update:    - prompt 0x3ad1b20:     116 tokens, checkpoints:  0,    14.502 MiB
srv        update:    - prompt 0x3228110:     109 tokens, checkpoints:  0,    13.627 MiB
srv        update:    - prompt 0x3229090:     113 tokens, checkpoints:  0,    14.127 MiB
srv        update:    - prompt 0xee1a40:     108 tokens, checkpoints:  0,    13.502 MiB
srv        update:    - prompt 0x321f8d0:     108 tokens, checkpoints:  0,    13.502 MiB
srv        update:    - prompt 0xf0e5d0:     108 tokens, checkpoints:  0,    13.502 MiB
srv        update:    - prompt 0xee8970:     111 tokens, checkpoints:  0,    13.877 MiB
srv        update:    - prompt 0xef15a0:     119 tokens, checkpoints:  0,    14.877 MiB
srv        update:    - prompt 0x3219830:     123 tokens, checkpoints:  0,    15.377 MiB
srv        update:    - prompt 0x32210f0:     165 tokens, checkpoints:  0,    20.628 MiB
srv        update:    - prompt 0xeec7b0:     131 tokens, checkpoints:  0,    16.377 MiB
srv        update:    - prompt 0x3af2910:     135 tokens, checkpoints:  0,    16.877 MiB
srv        update:    - prompt 0x3aeb3b0:     132 tokens, checkpoints:  0,    16.502 MiB
srv        update:    - prompt 0xee04b0:     146 tokens, checkpoints:  0,    18.252 MiB
srv        update:    - prompt 0x3227330:     130 tokens, checkpoints:  0,    16.252 MiB
srv        update:    - prompt 0xf0d980:     136 tokens, checkpoints:  0,    17.002 MiB
srv        update:    - prompt 0x11d5ce0:     136 tokens, checkpoints:  0,    17.002 MiB
srv        update:    - prompt 0x3220d10:     241 tokens, checkpoints:  0,    30.129 MiB
srv        update:    - prompt 0xfffdb80062a0:     325 tokens, checkpoints:  0,    40.629 MiB
srv        update:    - prompt 0xfffe140054f0:     363 tokens, checkpoints:  0,    45.380 MiB
srv        update:    - prompt 0xfffe08002440:     425 tokens, checkpoints:  0,    53.131 MiB
srv        update:    - prompt 0x438b420:     409 tokens, checkpoints:  0,    51.130 MiB
srv        update:    - prompt 0x3ad6d90:     412 tokens, checkpoints:  0,    51.505 MiB
srv        update:    - prompt 0x321c560:     418 tokens, checkpoints:  0,    52.256 MiB
srv        update:    - prompt 0x3af94b0:     415 tokens, checkpoints:  0,    51.880 MiB
srv        update:    - prompt 0x3224d60:     431 tokens, checkpoints:  0,    53.881 MiB
srv        update:    - prompt 0xef06d0:     431 tokens, checkpoints:  0,    53.881 MiB
srv        update:    - prompt 0xee3c20:     107 tokens, checkpoints:  0,    13.377 MiB
srv        update:    - prompt 0x321cfd0:     105 tokens, checkpoints:  0,    13.127 MiB
srv        update:    - prompt 0x43945e0:     110 tokens, checkpoints:  0,    13.752 MiB
srv        update:    - prompt 0xf0c750:     116 tokens, checkpoints:  0,    14.502 MiB
srv        update:    - prompt 0x3acf5e0:     109 tokens, checkpoints:  0,    13.627 MiB
srv        update:    - prompt 0xf0adf0:     113 tokens, checkpoints:  0,    14.127 MiB
srv        update:    - prompt 0x1197de0:     108 tokens, checkpoints:  0,    13.502 MiB
srv        update:    - prompt 0x118ff40:     108 tokens, checkpoints:  0,    13.502 MiB
srv  get_availabl: prompt cache update took 3.44 ms
slot launch_slot_: id  1 | task -1 | sampler chain: logits -> ?penalties -> ?dry -> ?top-n-sigma -> top-k -> ?typical -> top-p -> min-p -> ?xtc -> temp-ext -> dist 
slot launch_slot_: id  1 | task 7171 | processing task, is_child = 0
slot update_slots: id  1 | task 7171 | new prompt, n_ctx_slot = 4096, n_keep = 0, task.n_tokens = 9
slot update_slots: id  1 | task 7171 | n_tokens = 0, memory_seq_rm [0, end)
slot init_sampler: id  1 | task 7171 | init sampler, took 0.01 ms, tokens: text = 9, total = 9
slot update_slots: id  1 | task 7171 | prompt processing done, n_tokens = 9, batch.n_tokens = 9
srv  log_server_r: done request: POST /completion 127.0.0.1 200
slot print_timing: id  1 | task 7171 | 
prompt eval time =     556.88 ms /     9 tokens (   61.88 ms per token,    16.16 tokens per second)
       eval time =    7271.34 ms /   100 tokens (   72.71 ms per token,    13.75 tokens per second)
      total time =    7828.21 ms /   109 tokens
slot      release: id  1 | task 7171 | stop processing: n_tokens = 108, truncated = 0
srv  update_slots: all slots are idle
slot get_availabl: id  0 | task -1 | selected slot by LRU, t_last = 290774579577
srv  get_availabl: updating prompt cache
srv          load:  - looking for better prompt, base f_keep = -1.000, sim = 0.000
srv        update:  - cache state: 55 prompts, 1139.020 MiB (limits: 8192.000 MiB, 4096 tokens, 65527 est)
srv        update:    - prompt 0xf0ef60:     106 tokens, checkpoints:  0,    13.252 MiB
srv        update:    - prompt 0x4391140:     107 tokens, checkpoints:  0,    13.377 MiB
srv        update:    - prompt 0x32239b0:     106 tokens, checkpoints:  0,    13.252 MiB
srv        update:    - prompt 0x321b8b0:     107 tokens, checkpoints:  0,    13.377 MiB
srv        update:    - prompt 0x3221630:     105 tokens, checkpoints:  0,    13.127 MiB
srv        update:    - prompt 0x4390ba0:     110 tokens, checkpoints:  0,    13.752 MiB
srv        update:    - prompt 0x3223470:     116 tokens, checkpoints:  0,    14.502 MiB
srv        update:    - prompt 0x4394c10:     109 tokens, checkpoints:  0,    13.627 MiB
srv        update:    - prompt 0x3224910:     113 tokens, checkpoints:  0,    14.127 MiB
srv        update:    - prompt 0x3230c90:     108 tokens, checkpoints:  0,    13.502 MiB
srv        update:    - prompt 0x11f0c00:     108 tokens, checkpoints:  0,    13.502 MiB
srv        update:    - prompt 0xee47f0:     108 tokens, checkpoints:  0,    13.502 MiB
srv        update:    - prompt 0x438f4c0:     111 tokens, checkpoints:  0,    13.877 MiB
srv        update:    - prompt 0x438f580:     119 tokens, checkpoints:  0,    14.877 MiB
srv        update:    - prompt 0x4be6150:     123 tokens, checkpoints:  0,    15.377 MiB
srv        update:    - prompt 0x3adf6d0:     131 tokens, checkpoints:  0,    16.377 MiB
srv        update:    - prompt 0x43918f0:     130 tokens, checkpoints:  0,    16.252 MiB
srv        update:    - prompt 0x3225330:     107 tokens, checkpoints:  0,    13.377 MiB
srv        update:    - prompt 0x32291b0:     105 tokens, checkpoints:  0,    13.127 MiB
srv        update:    - prompt 0x1194e10:     110 tokens, checkpoints:  0,    13.752 MiB
srv        update:    - prompt 0x3ad1b20:     116 tokens, checkpoints:  0,    14.502 MiB
srv        update:    - prompt 0x3228110:     109 tokens, checkpoints:  0,    13.627 MiB
srv        update:    - prompt 0x3229090:     113 tokens, checkpoints:  0,    14.127 MiB
srv        update:    - prompt 0xee1a40:     108 tokens, checkpoints:  0,    13.502 MiB
srv        update:    - prompt 0x321f8d0:     108 tokens, checkpoints:  0,    13.502 MiB
srv        update:    - prompt 0xf0e5d0:     108 tokens, checkpoints:  0,    13.502 MiB
srv        update:    - prompt 0xee8970:     111 tokens, checkpoints:  0,    13.877 MiB
srv        update:    - prompt 0xef15a0:     119 tokens, checkpoints:  0,    14.877 MiB
srv        update:    - prompt 0x3219830:     123 tokens, checkpoints:  0,    15.377 MiB
srv        update:    - prompt 0x32210f0:     165 tokens, checkpoints:  0,    20.628 MiB
srv        update:    - prompt 0xeec7b0:     131 tokens, checkpoints:  0,    16.377 MiB
srv        update:    - prompt 0x3af2910:     135 tokens, checkpoints:  0,    16.877 MiB
srv        update:    - prompt 0x3aeb3b0:     132 tokens, checkpoints:  0,    16.502 MiB
srv        update:    - prompt 0xee04b0:     146 tokens, checkpoints:  0,    18.252 MiB
srv        update:    - prompt 0x3227330:     130 tokens, checkpoints:  0,    16.252 MiB
srv        update:    - prompt 0xf0d980:     136 tokens, checkpoints:  0,    17.002 MiB
srv        update:    - prompt 0x11d5ce0:     136 tokens, checkpoints:  0,    17.002 MiB
srv        update:    - prompt 0x3220d10:     241 tokens, checkpoints:  0,    30.129 MiB
srv        update:    - prompt 0xfffdb80062a0:     325 tokens, checkpoints:  0,    40.629 MiB
srv        update:    - prompt 0xfffe140054f0:     363 tokens, checkpoints:  0,    45.380 MiB
srv        update:    - prompt 0xfffe08002440:     425 tokens, checkpoints:  0,    53.131 MiB
srv        update:    - prompt 0x438b420:     409 tokens, checkpoints:  0,    51.130 MiB
srv        update:    - prompt 0x3ad6d90:     412 tokens, checkpoints:  0,    51.505 MiB
srv        update:    - prompt 0x321c560:     418 tokens, checkpoints:  0,    52.256 MiB
srv        update:    - prompt 0x3af94b0:     415 tokens, checkpoints:  0,    51.880 MiB
srv        update:    - prompt 0x3224d60:     431 tokens, checkpoints:  0,    53.881 MiB
srv        update:    - prompt 0xef06d0:     431 tokens, checkpoints:  0,    53.881 MiB
srv        update:    - prompt 0xee3c20:     107 tokens, checkpoints:  0,    13.377 MiB
srv        update:    - prompt 0x321cfd0:     105 tokens, checkpoints:  0,    13.127 MiB
srv        update:    - prompt 0x43945e0:     110 tokens, checkpoints:  0,    13.752 MiB
srv        update:    - prompt 0xf0c750:     116 tokens, checkpoints:  0,    14.502 MiB
srv        update:    - prompt 0x3acf5e0:     109 tokens, checkpoints:  0,    13.627 MiB
srv        update:    - prompt 0xf0adf0:     113 tokens, checkpoints:  0,    14.127 MiB
srv        update:    - prompt 0x1197de0:     108 tokens, checkpoints:  0,    13.502 MiB
srv        update:    - prompt 0x118ff40:     108 tokens, checkpoints:  0,    13.502 MiB
srv  get_availabl: prompt cache update took 0.22 ms
slot launch_slot_: id  0 | task -1 | sampler chain: logits -> ?penalties -> ?dry -> ?top-n-sigma -> top-k -> ?typical -> top-p -> min-p -> ?xtc -> temp-ext -> dist 
slot launch_slot_: id  0 | task 7272 | processing task, is_child = 0
slot slot_save_an: id  1 | task -1 | saving idle slot to prompt cache
srv   prompt_save:  - saving prompt with length 108, total state size = 13.502 MiB
slot prompt_clear: id  1 | task -1 | clearing prompt with 108 tokens
srv        update:  - cache state: 56 prompts, 1152.522 MiB (limits: 8192.000 MiB, 4096 tokens, 65527 est)
srv        update:    - prompt 0xf0ef60:     106 tokens, checkpoints:  0,    13.252 MiB
srv        update:    - prompt 0x4391140:     107 tokens, checkpoints:  0,    13.377 MiB
srv        update:    - prompt 0x32239b0:     106 tokens, checkpoints:  0,    13.252 MiB
srv        update:    - prompt 0x321b8b0:     107 tokens, checkpoints:  0,    13.377 MiB
srv        update:    - prompt 0x3221630:     105 tokens, checkpoints:  0,    13.127 MiB
srv        update:    - prompt 0x4390ba0:     110 tokens, checkpoints:  0,    13.752 MiB
srv        update:    - prompt 0x3223470:     116 tokens, checkpoints:  0,    14.502 MiB
srv        update:    - prompt 0x4394c10:     109 tokens, checkpoints:  0,    13.627 MiB
srv        update:    - prompt 0x3224910:     113 tokens, checkpoints:  0,    14.127 MiB
srv        update:    - prompt 0x3230c90:     108 tokens, checkpoints:  0,    13.502 MiB
srv        update:    - prompt 0x11f0c00:     108 tokens, checkpoints:  0,    13.502 MiB
srv        update:    - prompt 0xee47f0:     108 tokens, checkpoints:  0,    13.502 MiB
srv        update:    - prompt 0x438f4c0:     111 tokens, checkpoints:  0,    13.877 MiB
srv        update:    - prompt 0x438f580:     119 tokens, checkpoints:  0,    14.877 MiB
srv        update:    - prompt 0x4be6150:     123 tokens, checkpoints:  0,    15.377 MiB
srv        update:    - prompt 0x3adf6d0:     131 tokens, checkpoints:  0,    16.377 MiB
srv        update:    - prompt 0x43918f0:     130 tokens, checkpoints:  0,    16.252 MiB
srv        update:    - prompt 0x3225330:     107 tokens, checkpoints:  0,    13.377 MiB
srv        update:    - prompt 0x32291b0:     105 tokens, checkpoints:  0,    13.127 MiB
srv        update:    - prompt 0x1194e10:     110 tokens, checkpoints:  0,    13.752 MiB
srv        update:    - prompt 0x3ad1b20:     116 tokens, checkpoints:  0,    14.502 MiB
srv        update:    - prompt 0x3228110:     109 tokens, checkpoints:  0,    13.627 MiB
srv        update:    - prompt 0x3229090:     113 tokens, checkpoints:  0,    14.127 MiB
srv        update:    - prompt 0xee1a40:     108 tokens, checkpoints:  0,    13.502 MiB
srv        update:    - prompt 0x321f8d0:     108 tokens, checkpoints:  0,    13.502 MiB
srv        update:    - prompt 0xf0e5d0:     108 tokens, checkpoints:  0,    13.502 MiB
srv        update:    - prompt 0xee8970:     111 tokens, checkpoints:  0,    13.877 MiB
srv        update:    - prompt 0xef15a0:     119 tokens, checkpoints:  0,    14.877 MiB
srv        update:    - prompt 0x3219830:     123 tokens, checkpoints:  0,    15.377 MiB
srv        update:    - prompt 0x32210f0:     165 tokens, checkpoints:  0,    20.628 MiB
srv        update:    - prompt 0xeec7b0:     131 tokens, checkpoints:  0,    16.377 MiB
srv        update:    - prompt 0x3af2910:     135 tokens, checkpoints:  0,    16.877 MiB
srv        update:    - prompt 0x3aeb3b0:     132 tokens, checkpoints:  0,    16.502 MiB
srv        update:    - prompt 0xee04b0:     146 tokens, checkpoints:  0,    18.252 MiB
srv        update:    - prompt 0x3227330:     130 tokens, checkpoints:  0,    16.252 MiB
srv        update:    - prompt 0xf0d980:     136 tokens, checkpoints:  0,    17.002 MiB
srv        update:    - prompt 0x11d5ce0:     136 tokens, checkpoints:  0,    17.002 MiB
srv        update:    - prompt 0x3220d10:     241 tokens, checkpoints:  0,    30.129 MiB
srv        update:    - prompt 0xfffdb80062a0:     325 tokens, checkpoints:  0,    40.629 MiB
srv        update:    - prompt 0xfffe140054f0:     363 tokens, checkpoints:  0,    45.380 MiB
srv        update:    - prompt 0xfffe08002440:     425 tokens, checkpoints:  0,    53.131 MiB
srv        update:    - prompt 0x438b420:     409 tokens, checkpoints:  0,    51.130 MiB
srv        update:    - prompt 0x3ad6d90:     412 tokens, checkpoints:  0,    51.505 MiB
srv        update:    - prompt 0x321c560:     418 tokens, checkpoints:  0,    52.256 MiB
srv        update:    - prompt 0x3af94b0:     415 tokens, checkpoints:  0,    51.880 MiB
srv        update:    - prompt 0x3224d60:     431 tokens, checkpoints:  0,    53.881 MiB
srv        update:    - prompt 0xef06d0:     431 tokens, checkpoints:  0,    53.881 MiB
srv        update:    - prompt 0xee3c20:     107 tokens, checkpoints:  0,    13.377 MiB
srv        update:    - prompt 0x321cfd0:     105 tokens, checkpoints:  0,    13.127 MiB
srv        update:    - prompt 0x43945e0:     110 tokens, checkpoints:  0,    13.752 MiB
srv        update:    - prompt 0xf0c750:     116 tokens, checkpoints:  0,    14.502 MiB
srv        update:    - prompt 0x3acf5e0:     109 tokens, checkpoints:  0,    13.627 MiB
srv        update:    - prompt 0xf0adf0:     113 tokens, checkpoints:  0,    14.127 MiB
srv        update:    - prompt 0x1197de0:     108 tokens, checkpoints:  0,    13.502 MiB
srv        update:    - prompt 0x118ff40:     108 tokens, checkpoints:  0,    13.502 MiB
srv        update:    - prompt 0x3aecb80:     108 tokens, checkpoints:  0,    13.502 MiB
slot update_slots: id  0 | task 7272 | new prompt, n_ctx_slot = 4096, n_keep = 0, task.n_tokens = 12
slot update_slots: id  0 | task 7272 | n_tokens = 0, memory_seq_rm [0, end)
slot init_sampler: id  0 | task 7272 | init sampler, took 0.01 ms, tokens: text = 12, total = 12
slot update_slots: id  0 | task 7272 | prompt processing done, n_tokens = 12, batch.n_tokens = 12
srv  log_server_r: done request: POST /completion 127.0.0.1 200
slot print_timing: id  0 | task 7272 | 
prompt eval time =     622.96 ms /    12 tokens (   51.91 ms per token,    19.26 tokens per second)
       eval time =    8411.67 ms /   100 tokens (   84.12 ms per token,    11.89 tokens per second)
      total time =    9034.63 ms /   112 tokens
slot      release: id  0 | task 7272 | stop processing: n_tokens = 111, truncated = 0
srv  update_slots: all slots are idle
slot get_availabl: id  3 | task -1 | selected slot by LRU, t_last = 290785012613
srv  get_availabl: updating prompt cache
srv          load:  - looking for better prompt, base f_keep = -1.000, sim = 0.000
srv        update:  - cache state: 56 prompts, 1152.522 MiB (limits: 8192.000 MiB, 4096 tokens, 65527 est)
srv        update:    - prompt 0xf0ef60:     106 tokens, checkpoints:  0,    13.252 MiB
srv        update:    - prompt 0x4391140:     107 tokens, checkpoints:  0,    13.377 MiB
srv        update:    - prompt 0x32239b0:     106 tokens, checkpoints:  0,    13.252 MiB
srv        update:    - prompt 0x321b8b0:     107 tokens, checkpoints:  0,    13.377 MiB
srv        update:    - prompt 0x3221630:     105 tokens, checkpoints:  0,    13.127 MiB
srv        update:    - prompt 0x4390ba0:     110 tokens, checkpoints:  0,    13.752 MiB
srv        update:    - prompt 0x3223470:     116 tokens, checkpoints:  0,    14.502 MiB
srv        update:    - prompt 0x4394c10:     109 tokens, checkpoints:  0,    13.627 MiB
srv        update:    - prompt 0x3224910:     113 tokens, checkpoints:  0,    14.127 MiB
srv        update:    - prompt 0x3230c90:     108 tokens, checkpoints:  0,    13.502 MiB
srv        update:    - prompt 0x11f0c00:     108 tokens, checkpoints:  0,    13.502 MiB
srv        update:    - prompt 0xee47f0:     108 tokens, checkpoints:  0,    13.502 MiB
srv        update:    - prompt 0x438f4c0:     111 tokens, checkpoints:  0,    13.877 MiB
srv        update:    - prompt 0x438f580:     119 tokens, checkpoints:  0,    14.877 MiB
srv        update:    - prompt 0x4be6150:     123 tokens, checkpoints:  0,    15.377 MiB
srv        update:    - prompt 0x3adf6d0:     131 tokens, checkpoints:  0,    16.377 MiB
srv        update:    - prompt 0x43918f0:     130 tokens, checkpoints:  0,    16.252 MiB
srv        update:    - prompt 0x3225330:     107 tokens, checkpoints:  0,    13.377 MiB
srv        update:    - prompt 0x32291b0:     105 tokens, checkpoints:  0,    13.127 MiB
srv        update:    - prompt 0x1194e10:     110 tokens, checkpoints:  0,    13.752 MiB
srv        update:    - prompt 0x3ad1b20:     116 tokens, checkpoints:  0,    14.502 MiB
srv        update:    - prompt 0x3228110:     109 tokens, checkpoints:  0,    13.627 MiB
srv        update:    - prompt 0x3229090:     113 tokens, checkpoints:  0,    14.127 MiB
srv        update:    - prompt 0xee1a40:     108 tokens, checkpoints:  0,    13.502 MiB
srv        update:    - prompt 0x321f8d0:     108 tokens, checkpoints:  0,    13.502 MiB
srv        update:    - prompt 0xf0e5d0:     108 tokens, checkpoints:  0,    13.502 MiB
srv        update:    - prompt 0xee8970:     111 tokens, checkpoints:  0,    13.877 MiB
srv        update:    - prompt 0xef15a0:     119 tokens, checkpoints:  0,    14.877 MiB
srv        update:    - prompt 0x3219830:     123 tokens, checkpoints:  0,    15.377 MiB
srv        update:    - prompt 0x32210f0:     165 tokens, checkpoints:  0,    20.628 MiB
srv        update:    - prompt 0xeec7b0:     131 tokens, checkpoints:  0,    16.377 MiB
srv        update:    - prompt 0x3af2910:     135 tokens, checkpoints:  0,    16.877 MiB
srv        update:    - prompt 0x3aeb3b0:     132 tokens, checkpoints:  0,    16.502 MiB
srv        update:    - prompt 0xee04b0:     146 tokens, checkpoints:  0,    18.252 MiB
srv        update:    - prompt 0x3227330:     130 tokens, checkpoints:  0,    16.252 MiB
srv        update:    - prompt 0xf0d980:     136 tokens, checkpoints:  0,    17.002 MiB
srv        update:    - prompt 0x11d5ce0:     136 tokens, checkpoints:  0,    17.002 MiB
srv        update:    - prompt 0x3220d10:     241 tokens, checkpoints:  0,    30.129 MiB
srv        update:    - prompt 0xfffdb80062a0:     325 tokens, checkpoints:  0,    40.629 MiB
srv        update:    - prompt 0xfffe140054f0:     363 tokens, checkpoints:  0,    45.380 MiB
srv        update:    - prompt 0xfffe08002440:     425 tokens, checkpoints:  0,    53.131 MiB
srv        update:    - prompt 0x438b420:     409 tokens, checkpoints:  0,    51.130 MiB
srv        update:    - prompt 0x3ad6d90:     412 tokens, checkpoints:  0,    51.505 MiB
srv        update:    - prompt 0x321c560:     418 tokens, checkpoints:  0,    52.256 MiB
srv        update:    - prompt 0x3af94b0:     415 tokens, checkpoints:  0,    51.880 MiB
srv        update:    - prompt 0x3224d60:     431 tokens, checkpoints:  0,    53.881 MiB
srv        update:    - prompt 0xef06d0:     431 tokens, checkpoints:  0,    53.881 MiB
srv        update:    - prompt 0xee3c20:     107 tokens, checkpoints:  0,    13.377 MiB
srv        update:    - prompt 0x321cfd0:     105 tokens, checkpoints:  0,    13.127 MiB
srv        update:    - prompt 0x43945e0:     110 tokens, checkpoints:  0,    13.752 MiB
srv        update:    - prompt 0xf0c750:     116 tokens, checkpoints:  0,    14.502 MiB
srv        update:    - prompt 0x3acf5e0:     109 tokens, checkpoints:  0,    13.627 MiB
srv        update:    - prompt 0xf0adf0:     113 tokens, checkpoints:  0,    14.127 MiB
srv        update:    - prompt 0x1197de0:     108 tokens, checkpoints:  0,    13.502 MiB
srv        update:    - prompt 0x118ff40:     108 tokens, checkpoints:  0,    13.502 MiB
srv        update:    - prompt 0x3aecb80:     108 tokens, checkpoints:  0,    13.502 MiB
srv  get_availabl: prompt cache update took 0.22 ms
slot launch_slot_: id  3 | task -1 | sampler chain: logits -> ?penalties -> ?dry -> ?top-n-sigma -> top-k -> ?typical -> top-p -> min-p -> ?xtc -> temp-ext -> dist 
slot launch_slot_: id  3 | task 7373 | processing task, is_child = 0
slot slot_save_an: id  0 | task -1 | saving idle slot to prompt cache
srv   prompt_save:  - saving prompt with length 111, total state size = 13.877 MiB
slot prompt_clear: id  0 | task -1 | clearing prompt with 111 tokens
srv        update:  - cache state: 57 prompts, 1166.399 MiB (limits: 8192.000 MiB, 4096 tokens, 65527 est)
srv        update:    - prompt 0xf0ef60:     106 tokens, checkpoints:  0,    13.252 MiB
srv        update:    - prompt 0x4391140:     107 tokens, checkpoints:  0,    13.377 MiB
srv        update:    - prompt 0x32239b0:     106 tokens, checkpoints:  0,    13.252 MiB
srv        update:    - prompt 0x321b8b0:     107 tokens, checkpoints:  0,    13.377 MiB
srv        update:    - prompt 0x3221630:     105 tokens, checkpoints:  0,    13.127 MiB
srv        update:    - prompt 0x4390ba0:     110 tokens, checkpoints:  0,    13.752 MiB
srv        update:    - prompt 0x3223470:     116 tokens, checkpoints:  0,    14.502 MiB
srv        update:    - prompt 0x4394c10:     109 tokens, checkpoints:  0,    13.627 MiB
srv        update:    - prompt 0x3224910:     113 tokens, checkpoints:  0,    14.127 MiB
srv        update:    - prompt 0x3230c90:     108 tokens, checkpoints:  0,    13.502 MiB
srv        update:    - prompt 0x11f0c00:     108 tokens, checkpoints:  0,    13.502 MiB
srv        update:    - prompt 0xee47f0:     108 tokens, checkpoints:  0,    13.502 MiB
srv        update:    - prompt 0x438f4c0:     111 tokens, checkpoints:  0,    13.877 MiB
srv        update:    - prompt 0x438f580:     119 tokens, checkpoints:  0,    14.877 MiB
srv        update:    - prompt 0x4be6150:     123 tokens, checkpoints:  0,    15.377 MiB
srv        update:    - prompt 0x3adf6d0:     131 tokens, checkpoints:  0,    16.377 MiB
srv        update:    - prompt 0x43918f0:     130 tokens, checkpoints:  0,    16.252 MiB
srv        update:    - prompt 0x3225330:     107 tokens, checkpoints:  0,    13.377 MiB
srv        update:    - prompt 0x32291b0:     105 tokens, checkpoints:  0,    13.127 MiB
srv        update:    - prompt 0x1194e10:     110 tokens, checkpoints:  0,    13.752 MiB
srv        update:    - prompt 0x3ad1b20:     116 tokens, checkpoints:  0,    14.502 MiB
srv        update:    - prompt 0x3228110:     109 tokens, checkpoints:  0,    13.627 MiB
srv        update:    - prompt 0x3229090:     113 tokens, checkpoints:  0,    14.127 MiB
srv        update:    - prompt 0xee1a40:     108 tokens, checkpoints:  0,    13.502 MiB
srv        update:    - prompt 0x321f8d0:     108 tokens, checkpoints:  0,    13.502 MiB
srv        update:    - prompt 0xf0e5d0:     108 tokens, checkpoints:  0,    13.502 MiB
srv        update:    - prompt 0xee8970:     111 tokens, checkpoints:  0,    13.877 MiB
srv        update:    - prompt 0xef15a0:     119 tokens, checkpoints:  0,    14.877 MiB
srv        update:    - prompt 0x3219830:     123 tokens, checkpoints:  0,    15.377 MiB
srv        update:    - prompt 0x32210f0:     165 tokens, checkpoints:  0,    20.628 MiB
srv        update:    - prompt 0xeec7b0:     131 tokens, checkpoints:  0,    16.377 MiB
srv        update:    - prompt 0x3af2910:     135 tokens, checkpoints:  0,    16.877 MiB
srv        update:    - prompt 0x3aeb3b0:     132 tokens, checkpoints:  0,    16.502 MiB
srv        update:    - prompt 0xee04b0:     146 tokens, checkpoints:  0,    18.252 MiB
srv        update:    - prompt 0x3227330:     130 tokens, checkpoints:  0,    16.252 MiB
srv        update:    - prompt 0xf0d980:     136 tokens, checkpoints:  0,    17.002 MiB
srv        update:    - prompt 0x11d5ce0:     136 tokens, checkpoints:  0,    17.002 MiB
srv        update:    - prompt 0x3220d10:     241 tokens, checkpoints:  0,    30.129 MiB
srv        update:    - prompt 0xfffdb80062a0:     325 tokens, checkpoints:  0,    40.629 MiB
srv        update:    - prompt 0xfffe140054f0:     363 tokens, checkpoints:  0,    45.380 MiB
srv        update:    - prompt 0xfffe08002440:     425 tokens, checkpoints:  0,    53.131 MiB
srv        update:    - prompt 0x438b420:     409 tokens, checkpoints:  0,    51.130 MiB
srv        update:    - prompt 0x3ad6d90:     412 tokens, checkpoints:  0,    51.505 MiB
srv        update:    - prompt 0x321c560:     418 tokens, checkpoints:  0,    52.256 MiB
srv        update:    - prompt 0x3af94b0:     415 tokens, checkpoints:  0,    51.880 MiB
srv        update:    - prompt 0x3224d60:     431 tokens, checkpoints:  0,    53.881 MiB
srv        update:    - prompt 0xef06d0:     431 tokens, checkpoints:  0,    53.881 MiB
srv        update:    - prompt 0xee3c20:     107 tokens, checkpoints:  0,    13.377 MiB
srv        update:    - prompt 0x321cfd0:     105 tokens, checkpoints:  0,    13.127 MiB
srv        update:    - prompt 0x43945e0:     110 tokens, checkpoints:  0,    13.752 MiB
srv        update:    - prompt 0xf0c750:     116 tokens, checkpoints:  0,    14.502 MiB
srv        update:    - prompt 0x3acf5e0:     109 tokens, checkpoints:  0,    13.627 MiB
srv        update:    - prompt 0xf0adf0:     113 tokens, checkpoints:  0,    14.127 MiB
srv        update:    - prompt 0x1197de0:     108 tokens, checkpoints:  0,    13.502 MiB
srv        update:    - prompt 0x118ff40:     108 tokens, checkpoints:  0,    13.502 MiB
srv        update:    - prompt 0x3aecb80:     108 tokens, checkpoints:  0,    13.502 MiB
srv        update:    - prompt 0x438a6f0:     111 tokens, checkpoints:  0,    13.877 MiB
slot update_slots: id  3 | task 7373 | new prompt, n_ctx_slot = 4096, n_keep = 0, task.n_tokens = 20
slot update_slots: id  3 | task 7373 | n_tokens = 0, memory_seq_rm [0, end)
slot init_sampler: id  3 | task 7373 | init sampler, took 0.01 ms, tokens: text = 20, total = 20
slot update_slots: id  3 | task 7373 | prompt processing done, n_tokens = 20, batch.n_tokens = 20
srv  log_server_r: done request: POST /completion 127.0.0.1 200
slot print_timing: id  3 | task 7373 | 
prompt eval time =     993.94 ms /    20 tokens (   49.70 ms per token,    20.12 tokens per second)
       eval time =    8720.35 ms /   100 tokens (   87.20 ms per token,    11.47 tokens per second)
      total time =    9714.29 ms /   120 tokens
slot      release: id  3 | task 7373 | stop processing: n_tokens = 119, truncated = 0
srv  update_slots: all slots are idle
slot get_availabl: id  2 | task -1 | selected slot by LRU, t_last = 290793721497
srv  get_availabl: updating prompt cache
srv          load:  - looking for better prompt, base f_keep = -1.000, sim = 0.000
srv        update:  - cache state: 57 prompts, 1166.399 MiB (limits: 8192.000 MiB, 4096 tokens, 65527 est)
srv        update:    - prompt 0xf0ef60:     106 tokens, checkpoints:  0,    13.252 MiB
srv        update:    - prompt 0x4391140:     107 tokens, checkpoints:  0,    13.377 MiB
srv        update:    - prompt 0x32239b0:     106 tokens, checkpoints:  0,    13.252 MiB
srv        update:    - prompt 0x321b8b0:     107 tokens, checkpoints:  0,    13.377 MiB
srv        update:    - prompt 0x3221630:     105 tokens, checkpoints:  0,    13.127 MiB
srv        update:    - prompt 0x4390ba0:     110 tokens, checkpoints:  0,    13.752 MiB
srv        update:    - prompt 0x3223470:     116 tokens, checkpoints:  0,    14.502 MiB
srv        update:    - prompt 0x4394c10:     109 tokens, checkpoints:  0,    13.627 MiB
srv        update:    - prompt 0x3224910:     113 tokens, checkpoints:  0,    14.127 MiB
srv        update:    - prompt 0x3230c90:     108 tokens, checkpoints:  0,    13.502 MiB
srv        update:    - prompt 0x11f0c00:     108 tokens, checkpoints:  0,    13.502 MiB
srv        update:    - prompt 0xee47f0:     108 tokens, checkpoints:  0,    13.502 MiB
srv        update:    - prompt 0x438f4c0:     111 tokens, checkpoints:  0,    13.877 MiB
srv        update:    - prompt 0x438f580:     119 tokens, checkpoints:  0,    14.877 MiB
srv        update:    - prompt 0x4be6150:     123 tokens, checkpoints:  0,    15.377 MiB
srv        update:    - prompt 0x3adf6d0:     131 tokens, checkpoints:  0,    16.377 MiB
srv        update:    - prompt 0x43918f0:     130 tokens, checkpoints:  0,    16.252 MiB
srv        update:    - prompt 0x3225330:     107 tokens, checkpoints:  0,    13.377 MiB
srv        update:    - prompt 0x32291b0:     105 tokens, checkpoints:  0,    13.127 MiB
srv        update:    - prompt 0x1194e10:     110 tokens, checkpoints:  0,    13.752 MiB
srv        update:    - prompt 0x3ad1b20:     116 tokens, checkpoints:  0,    14.502 MiB
srv        update:    - prompt 0x3228110:     109 tokens, checkpoints:  0,    13.627 MiB
srv        update:    - prompt 0x3229090:     113 tokens, checkpoints:  0,    14.127 MiB
srv        update:    - prompt 0xee1a40:     108 tokens, checkpoints:  0,    13.502 MiB
srv        update:    - prompt 0x321f8d0:     108 tokens, checkpoints:  0,    13.502 MiB
srv        update:    - prompt 0xf0e5d0:     108 tokens, checkpoints:  0,    13.502 MiB
srv        update:    - prompt 0xee8970:     111 tokens, checkpoints:  0,    13.877 MiB
srv        update:    - prompt 0xef15a0:     119 tokens, checkpoints:  0,    14.877 MiB
srv        update:    - prompt 0x3219830:     123 tokens, checkpoints:  0,    15.377 MiB
srv        update:    - prompt 0x32210f0:     165 tokens, checkpoints:  0,    20.628 MiB
srv        update:    - prompt 0xeec7b0:     131 tokens, checkpoints:  0,    16.377 MiB
srv        update:    - prompt 0x3af2910:     135 tokens, checkpoints:  0,    16.877 MiB
srv        update:    - prompt 0x3aeb3b0:     132 tokens, checkpoints:  0,    16.502 MiB
srv        update:    - prompt 0xee04b0:     146 tokens, checkpoints:  0,    18.252 MiB
srv        update:    - prompt 0x3227330:     130 tokens, checkpoints:  0,    16.252 MiB
srv        update:    - prompt 0xf0d980:     136 tokens, checkpoints:  0,    17.002 MiB
srv        update:    - prompt 0x11d5ce0:     136 tokens, checkpoints:  0,    17.002 MiB
srv        update:    - prompt 0x3220d10:     241 tokens, checkpoints:  0,    30.129 MiB
srv        update:    - prompt 0xfffdb80062a0:     325 tokens, checkpoints:  0,    40.629 MiB
srv        update:    - prompt 0xfffe140054f0:     363 tokens, checkpoints:  0,    45.380 MiB
srv        update:    - prompt 0xfffe08002440:     425 tokens, checkpoints:  0,    53.131 MiB
srv        update:    - prompt 0x438b420:     409 tokens, checkpoints:  0,    51.130 MiB
srv        update:    - prompt 0x3ad6d90:     412 tokens, checkpoints:  0,    51.505 MiB
srv        update:    - prompt 0x321c560:     418 tokens, checkpoints:  0,    52.256 MiB
srv        update:    - prompt 0x3af94b0:     415 tokens, checkpoints:  0,    51.880 MiB
srv        update:    - prompt 0x3224d60:     431 tokens, checkpoints:  0,    53.881 MiB
srv        update:    - prompt 0xef06d0:     431 tokens, checkpoints:  0,    53.881 MiB
srv        update:    - prompt 0xee3c20:     107 tokens, checkpoints:  0,    13.377 MiB
srv        update:    - prompt 0x321cfd0:     105 tokens, checkpoints:  0,    13.127 MiB
srv        update:    - prompt 0x43945e0:     110 tokens, checkpoints:  0,    13.752 MiB
srv        update:    - prompt 0xf0c750:     116 tokens, checkpoints:  0,    14.502 MiB
srv        update:    - prompt 0x3acf5e0:     109 tokens, checkpoints:  0,    13.627 MiB
srv        update:    - prompt 0xf0adf0:     113 tokens, checkpoints:  0,    14.127 MiB
srv        update:    - prompt 0x1197de0:     108 tokens, checkpoints:  0,    13.502 MiB
srv        update:    - prompt 0x118ff40:     108 tokens, checkpoints:  0,    13.502 MiB
srv        update:    - prompt 0x3aecb80:     108 tokens, checkpoints:  0,    13.502 MiB
srv        update:    - prompt 0x438a6f0:     111 tokens, checkpoints:  0,    13.877 MiB
srv  get_availabl: prompt cache update took 0.28 ms
slot launch_slot_: id  2 | task -1 | sampler chain: logits -> ?penalties -> ?dry -> ?top-n-sigma -> top-k -> ?typical -> top-p -> min-p -> ?xtc -> temp-ext -> dist 
slot launch_slot_: id  2 | task 7474 | processing task, is_child = 0
slot slot_save_an: id  3 | task -1 | saving idle slot to prompt cache
srv   prompt_save:  - saving prompt with length 119, total state size = 14.877 MiB
slot prompt_clear: id  3 | task -1 | clearing prompt with 119 tokens
srv        update:  - cache state: 58 prompts, 1181.277 MiB (limits: 8192.000 MiB, 4096 tokens, 65527 est)
srv        update:    - prompt 0xf0ef60:     106 tokens, checkpoints:  0,    13.252 MiB
srv        update:    - prompt 0x4391140:     107 tokens, checkpoints:  0,    13.377 MiB
srv        update:    - prompt 0x32239b0:     106 tokens, checkpoints:  0,    13.252 MiB
srv        update:    - prompt 0x321b8b0:     107 tokens, checkpoints:  0,    13.377 MiB
srv        update:    - prompt 0x3221630:     105 tokens, checkpoints:  0,    13.127 MiB
srv        update:    - prompt 0x4390ba0:     110 tokens, checkpoints:  0,    13.752 MiB
srv        update:    - prompt 0x3223470:     116 tokens, checkpoints:  0,    14.502 MiB
srv        update:    - prompt 0x4394c10:     109 tokens, checkpoints:  0,    13.627 MiB
srv        update:    - prompt 0x3224910:     113 tokens, checkpoints:  0,    14.127 MiB
srv        update:    - prompt 0x3230c90:     108 tokens, checkpoints:  0,    13.502 MiB
srv        update:    - prompt 0x11f0c00:     108 tokens, checkpoints:  0,    13.502 MiB
srv        update:    - prompt 0xee47f0:     108 tokens, checkpoints:  0,    13.502 MiB
srv        update:    - prompt 0x438f4c0:     111 tokens, checkpoints:  0,    13.877 MiB
srv        update:    - prompt 0x438f580:     119 tokens, checkpoints:  0,    14.877 MiB
srv        update:    - prompt 0x4be6150:     123 tokens, checkpoints:  0,    15.377 MiB
srv        update:    - prompt 0x3adf6d0:     131 tokens, checkpoints:  0,    16.377 MiB
srv        update:    - prompt 0x43918f0:     130 tokens, checkpoints:  0,    16.252 MiB
srv        update:    - prompt 0x3225330:     107 tokens, checkpoints:  0,    13.377 MiB
srv        update:    - prompt 0x32291b0:     105 tokens, checkpoints:  0,    13.127 MiB
srv        update:    - prompt 0x1194e10:     110 tokens, checkpoints:  0,    13.752 MiB
srv        update:    - prompt 0x3ad1b20:     116 tokens, checkpoints:  0,    14.502 MiB
srv        update:    - prompt 0x3228110:     109 tokens, checkpoints:  0,    13.627 MiB
srv        update:    - prompt 0x3229090:     113 tokens, checkpoints:  0,    14.127 MiB
srv        update:    - prompt 0xee1a40:     108 tokens, checkpoints:  0,    13.502 MiB
srv        update:    - prompt 0x321f8d0:     108 tokens, checkpoints:  0,    13.502 MiB
srv        update:    - prompt 0xf0e5d0:     108 tokens, checkpoints:  0,    13.502 MiB
srv        update:    - prompt 0xee8970:     111 tokens, checkpoints:  0,    13.877 MiB
srv        update:    - prompt 0xef15a0:     119 tokens, checkpoints:  0,    14.877 MiB
srv        update:    - prompt 0x3219830:     123 tokens, checkpoints:  0,    15.377 MiB
srv        update:    - prompt 0x32210f0:     165 tokens, checkpoints:  0,    20.628 MiB
srv        update:    - prompt 0xeec7b0:     131 tokens, checkpoints:  0,    16.377 MiB
srv        update:    - prompt 0x3af2910:     135 tokens, checkpoints:  0,    16.877 MiB
srv        update:    - prompt 0x3aeb3b0:     132 tokens, checkpoints:  0,    16.502 MiB
srv        update:    - prompt 0xee04b0:     146 tokens, checkpoints:  0,    18.252 MiB
srv        update:    - prompt 0x3227330:     130 tokens, checkpoints:  0,    16.252 MiB
srv        update:    - prompt 0xf0d980:     136 tokens, checkpoints:  0,    17.002 MiB
srv        update:    - prompt 0x11d5ce0:     136 tokens, checkpoints:  0,    17.002 MiB
srv        update:    - prompt 0x3220d10:     241 tokens, checkpoints:  0,    30.129 MiB
srv        update:    - prompt 0xfffdb80062a0:     325 tokens, checkpoints:  0,    40.629 MiB
srv        update:    - prompt 0xfffe140054f0:     363 tokens, checkpoints:  0,    45.380 MiB
srv        update:    - prompt 0xfffe08002440:     425 tokens, checkpoints:  0,    53.131 MiB
srv        update:    - prompt 0x438b420:     409 tokens, checkpoints:  0,    51.130 MiB
srv        update:    - prompt 0x3ad6d90:     412 tokens, checkpoints:  0,    51.505 MiB
srv        update:    - prompt 0x321c560:     418 tokens, checkpoints:  0,    52.256 MiB
srv        update:    - prompt 0x3af94b0:     415 tokens, checkpoints:  0,    51.880 MiB
srv        update:    - prompt 0x3224d60:     431 tokens, checkpoints:  0,    53.881 MiB
srv        update:    - prompt 0xef06d0:     431 tokens, checkpoints:  0,    53.881 MiB
srv        update:    - prompt 0xee3c20:     107 tokens, checkpoints:  0,    13.377 MiB
srv        update:    - prompt 0x321cfd0:     105 tokens, checkpoints:  0,    13.127 MiB
srv        update:    - prompt 0x43945e0:     110 tokens, checkpoints:  0,    13.752 MiB
srv        update:    - prompt 0xf0c750:     116 tokens, checkpoints:  0,    14.502 MiB
srv        update:    - prompt 0x3acf5e0:     109 tokens, checkpoints:  0,    13.627 MiB
srv        update:    - prompt 0xf0adf0:     113 tokens, checkpoints:  0,    14.127 MiB
srv        update:    - prompt 0x1197de0:     108 tokens, checkpoints:  0,    13.502 MiB
srv        update:    - prompt 0x118ff40:     108 tokens, checkpoints:  0,    13.502 MiB
srv        update:    - prompt 0x3aecb80:     108 tokens, checkpoints:  0,    13.502 MiB
srv        update:    - prompt 0x438a6f0:     111 tokens, checkpoints:  0,    13.877 MiB
srv        update:    - prompt 0x3aed0f0:     119 tokens, checkpoints:  0,    14.877 MiB
slot update_slots: id  2 | task 7474 | new prompt, n_ctx_slot = 4096, n_keep = 0, task.n_tokens = 24
slot update_slots: id  2 | task 7474 | n_tokens = 0, memory_seq_rm [0, end)
slot init_sampler: id  2 | task 7474 | init sampler, took 0.01 ms, tokens: text = 24, total = 24
slot update_slots: id  2 | task 7474 | prompt processing done, n_tokens = 24, batch.n_tokens = 24
srv  log_server_r: done request: POST /completion 127.0.0.1 200
slot print_timing: id  2 | task 7474 | 
prompt eval time =    1203.39 ms /    24 tokens (   50.14 ms per token,    19.94 tokens per second)
       eval time =    7693.26 ms /   100 tokens (   76.93 ms per token,    13.00 tokens per second)
      total time =    8896.65 ms /   124 tokens
slot      release: id  2 | task 7474 | stop processing: n_tokens = 123, truncated = 0
srv  update_slots: all slots are idle
slot get_availabl: id  1 | task -1 | selected slot by LRU, t_last = 290836153039
srv  get_availabl: updating prompt cache
srv          load:  - looking for better prompt, base f_keep = -1.000, sim = 0.000
srv          load:  - found better prompt with f_keep = 0.400, sim = 1.000
srv        update:  - cache state: 57 prompts, 1160.649 MiB (limits: 8192.000 MiB, 4096 tokens, 65527 est)
srv        update:    - prompt 0xf0ef60:     106 tokens, checkpoints:  0,    13.252 MiB
srv        update:    - prompt 0x4391140:     107 tokens, checkpoints:  0,    13.377 MiB
srv        update:    - prompt 0x32239b0:     106 tokens, checkpoints:  0,    13.252 MiB
srv        update:    - prompt 0x321b8b0:     107 tokens, checkpoints:  0,    13.377 MiB
srv        update:    - prompt 0x3221630:     105 tokens, checkpoints:  0,    13.127 MiB
srv        update:    - prompt 0x4390ba0:     110 tokens, checkpoints:  0,    13.752 MiB
srv        update:    - prompt 0x3223470:     116 tokens, checkpoints:  0,    14.502 MiB
srv        update:    - prompt 0x4394c10:     109 tokens, checkpoints:  0,    13.627 MiB
srv        update:    - prompt 0x3224910:     113 tokens, checkpoints:  0,    14.127 MiB
srv        update:    - prompt 0x3230c90:     108 tokens, checkpoints:  0,    13.502 MiB
srv        update:    - prompt 0x11f0c00:     108 tokens, checkpoints:  0,    13.502 MiB
srv        update:    - prompt 0xee47f0:     108 tokens, checkpoints:  0,    13.502 MiB
srv        update:    - prompt 0x438f4c0:     111 tokens, checkpoints:  0,    13.877 MiB
srv        update:    - prompt 0x438f580:     119 tokens, checkpoints:  0,    14.877 MiB
srv        update:    - prompt 0x4be6150:     123 tokens, checkpoints:  0,    15.377 MiB
srv        update:    - prompt 0x3adf6d0:     131 tokens, checkpoints:  0,    16.377 MiB
srv        update:    - prompt 0x43918f0:     130 tokens, checkpoints:  0,    16.252 MiB
srv        update:    - prompt 0x3225330:     107 tokens, checkpoints:  0,    13.377 MiB
srv        update:    - prompt 0x32291b0:     105 tokens, checkpoints:  0,    13.127 MiB
srv        update:    - prompt 0x1194e10:     110 tokens, checkpoints:  0,    13.752 MiB
srv        update:    - prompt 0x3ad1b20:     116 tokens, checkpoints:  0,    14.502 MiB
srv        update:    - prompt 0x3228110:     109 tokens, checkpoints:  0,    13.627 MiB
srv        update:    - prompt 0x3229090:     113 tokens, checkpoints:  0,    14.127 MiB
srv        update:    - prompt 0xee1a40:     108 tokens, checkpoints:  0,    13.502 MiB
srv        update:    - prompt 0x321f8d0:     108 tokens, checkpoints:  0,    13.502 MiB
srv        update:    - prompt 0xf0e5d0:     108 tokens, checkpoints:  0,    13.502 MiB
srv        update:    - prompt 0xee8970:     111 tokens, checkpoints:  0,    13.877 MiB
srv        update:    - prompt 0xef15a0:     119 tokens, checkpoints:  0,    14.877 MiB
srv        update:    - prompt 0x3219830:     123 tokens, checkpoints:  0,    15.377 MiB
srv        update:    - prompt 0xeec7b0:     131 tokens, checkpoints:  0,    16.377 MiB
srv        update:    - prompt 0x3af2910:     135 tokens, checkpoints:  0,    16.877 MiB
srv        update:    - prompt 0x3aeb3b0:     132 tokens, checkpoints:  0,    16.502 MiB
srv        update:    - prompt 0xee04b0:     146 tokens, checkpoints:  0,    18.252 MiB
srv        update:    - prompt 0x3227330:     130 tokens, checkpoints:  0,    16.252 MiB
srv        update:    - prompt 0xf0d980:     136 tokens, checkpoints:  0,    17.002 MiB
srv        update:    - prompt 0x11d5ce0:     136 tokens, checkpoints:  0,    17.002 MiB
srv        update:    - prompt 0x3220d10:     241 tokens, checkpoints:  0,    30.129 MiB
srv        update:    - prompt 0xfffdb80062a0:     325 tokens, checkpoints:  0,    40.629 MiB
srv        update:    - prompt 0xfffe140054f0:     363 tokens, checkpoints:  0,    45.380 MiB
srv        update:    - prompt 0xfffe08002440:     425 tokens, checkpoints:  0,    53.131 MiB
srv        update:    - prompt 0x438b420:     409 tokens, checkpoints:  0,    51.130 MiB
srv        update:    - prompt 0x3ad6d90:     412 tokens, checkpoints:  0,    51.505 MiB
srv        update:    - prompt 0x321c560:     418 tokens, checkpoints:  0,    52.256 MiB
srv        update:    - prompt 0x3af94b0:     415 tokens, checkpoints:  0,    51.880 MiB
srv        update:    - prompt 0x3224d60:     431 tokens, checkpoints:  0,    53.881 MiB
srv        update:    - prompt 0xef06d0:     431 tokens, checkpoints:  0,    53.881 MiB
srv        update:    - prompt 0xee3c20:     107 tokens, checkpoints:  0,    13.377 MiB
srv        update:    - prompt 0x321cfd0:     105 tokens, checkpoints:  0,    13.127 MiB
srv        update:    - prompt 0x43945e0:     110 tokens, checkpoints:  0,    13.752 MiB
srv        update:    - prompt 0xf0c750:     116 tokens, checkpoints:  0,    14.502 MiB
srv        update:    - prompt 0x3acf5e0:     109 tokens, checkpoints:  0,    13.627 MiB
srv        update:    - prompt 0xf0adf0:     113 tokens, checkpoints:  0,    14.127 MiB
srv        update:    - prompt 0x1197de0:     108 tokens, checkpoints:  0,    13.502 MiB
srv        update:    - prompt 0x118ff40:     108 tokens, checkpoints:  0,    13.502 MiB
srv        update:    - prompt 0x3aecb80:     108 tokens, checkpoints:  0,    13.502 MiB
srv        update:    - prompt 0x438a6f0:     111 tokens, checkpoints:  0,    13.877 MiB
srv        update:    - prompt 0x3aed0f0:     119 tokens, checkpoints:  0,    14.877 MiB
srv  get_availabl: prompt cache update took 3.38 ms
slot launch_slot_: id  1 | task -1 | sampler chain: logits -> ?penalties -> ?dry -> ?top-n-sigma -> top-k -> ?typical -> top-p -> min-p -> ?xtc -> temp-ext -> dist 
slot launch_slot_: id  1 | task 7575 | processing task, is_child = 0
slot slot_save_an: id  2 | task -1 | saving idle slot to prompt cache
srv   prompt_save:  - saving prompt with length 123, total state size = 15.377 MiB
slot prompt_clear: id  2 | task -1 | clearing prompt with 123 tokens
srv        update:  - cache state: 58 prompts, 1176.026 MiB (limits: 8192.000 MiB, 4096 tokens, 65527 est)
srv        update:    - prompt 0xf0ef60:     106 tokens, checkpoints:  0,    13.252 MiB
srv        update:    - prompt 0x4391140:     107 tokens, checkpoints:  0,    13.377 MiB
srv        update:    - prompt 0x32239b0:     106 tokens, checkpoints:  0,    13.252 MiB
srv        update:    - prompt 0x321b8b0:     107 tokens, checkpoints:  0,    13.377 MiB
srv        update:    - prompt 0x3221630:     105 tokens, checkpoints:  0,    13.127 MiB
srv        update:    - prompt 0x4390ba0:     110 tokens, checkpoints:  0,    13.752 MiB
srv        update:    - prompt 0x3223470:     116 tokens, checkpoints:  0,    14.502 MiB
srv        update:    - prompt 0x4394c10:     109 tokens, checkpoints:  0,    13.627 MiB
srv        update:    - prompt 0x3224910:     113 tokens, checkpoints:  0,    14.127 MiB
srv        update:    - prompt 0x3230c90:     108 tokens, checkpoints:  0,    13.502 MiB
srv        update:    - prompt 0x11f0c00:     108 tokens, checkpoints:  0,    13.502 MiB
srv        update:    - prompt 0xee47f0:     108 tokens, checkpoints:  0,    13.502 MiB
srv        update:    - prompt 0x438f4c0:     111 tokens, checkpoints:  0,    13.877 MiB
srv        update:    - prompt 0x438f580:     119 tokens, checkpoints:  0,    14.877 MiB
srv        update:    - prompt 0x4be6150:     123 tokens, checkpoints:  0,    15.377 MiB
srv        update:    - prompt 0x3adf6d0:     131 tokens, checkpoints:  0,    16.377 MiB
srv        update:    - prompt 0x43918f0:     130 tokens, checkpoints:  0,    16.252 MiB
srv        update:    - prompt 0x3225330:     107 tokens, checkpoints:  0,    13.377 MiB
srv        update:    - prompt 0x32291b0:     105 tokens, checkpoints:  0,    13.127 MiB
srv        update:    - prompt 0x1194e10:     110 tokens, checkpoints:  0,    13.752 MiB
srv        update:    - prompt 0x3ad1b20:     116 tokens, checkpoints:  0,    14.502 MiB
srv        update:    - prompt 0x3228110:     109 tokens, checkpoints:  0,    13.627 MiB
srv        update:    - prompt 0x3229090:     113 tokens, checkpoints:  0,    14.127 MiB
srv        update:    - prompt 0xee1a40:     108 tokens, checkpoints:  0,    13.502 MiB
srv        update:    - prompt 0x321f8d0:     108 tokens, checkpoints:  0,    13.502 MiB
srv        update:    - prompt 0xf0e5d0:     108 tokens, checkpoints:  0,    13.502 MiB
srv        update:    - prompt 0xee8970:     111 tokens, checkpoints:  0,    13.877 MiB
srv        update:    - prompt 0xef15a0:     119 tokens, checkpoints:  0,    14.877 MiB
srv        update:    - prompt 0x3219830:     123 tokens, checkpoints:  0,    15.377 MiB
srv        update:    - prompt 0xeec7b0:     131 tokens, checkpoints:  0,    16.377 MiB
srv        update:    - prompt 0x3af2910:     135 tokens, checkpoints:  0,    16.877 MiB
srv        update:    - prompt 0x3aeb3b0:     132 tokens, checkpoints:  0,    16.502 MiB
srv        update:    - prompt 0xee04b0:     146 tokens, checkpoints:  0,    18.252 MiB
srv        update:    - prompt 0x3227330:     130 tokens, checkpoints:  0,    16.252 MiB
srv        update:    - prompt 0xf0d980:     136 tokens, checkpoints:  0,    17.002 MiB
srv        update:    - prompt 0x11d5ce0:     136 tokens, checkpoints:  0,    17.002 MiB
srv        update:    - prompt 0x3220d10:     241 tokens, checkpoints:  0,    30.129 MiB
srv        update:    - prompt 0xfffdb80062a0:     325 tokens, checkpoints:  0,    40.629 MiB
srv        update:    - prompt 0xfffe140054f0:     363 tokens, checkpoints:  0,    45.380 MiB
srv        update:    - prompt 0xfffe08002440:     425 tokens, checkpoints:  0,    53.131 MiB
srv        update:    - prompt 0x438b420:     409 tokens, checkpoints:  0,    51.130 MiB
srv        update:    - prompt 0x3ad6d90:     412 tokens, checkpoints:  0,    51.505 MiB
srv        update:    - prompt 0x321c560:     418 tokens, checkpoints:  0,    52.256 MiB
srv        update:    - prompt 0x3af94b0:     415 tokens, checkpoints:  0,    51.880 MiB
srv        update:    - prompt 0x3224d60:     431 tokens, checkpoints:  0,    53.881 MiB
srv        update:    - prompt 0xef06d0:     431 tokens, checkpoints:  0,    53.881 MiB
srv        update:    - prompt 0xee3c20:     107 tokens, checkpoints:  0,    13.377 MiB
srv        update:    - prompt 0x321cfd0:     105 tokens, checkpoints:  0,    13.127 MiB
srv        update:    - prompt 0x43945e0:     110 tokens, checkpoints:  0,    13.752 MiB
srv        update:    - prompt 0xf0c750:     116 tokens, checkpoints:  0,    14.502 MiB
srv        update:    - prompt 0x3acf5e0:     109 tokens, checkpoints:  0,    13.627 MiB
srv        update:    - prompt 0xf0adf0:     113 tokens, checkpoints:  0,    14.127 MiB
srv        update:    - prompt 0x1197de0:     108 tokens, checkpoints:  0,    13.502 MiB
srv        update:    - prompt 0x118ff40:     108 tokens, checkpoints:  0,    13.502 MiB
srv        update:    - prompt 0x3aecb80:     108 tokens, checkpoints:  0,    13.502 MiB
srv        update:    - prompt 0x438a6f0:     111 tokens, checkpoints:  0,    13.877 MiB
srv        update:    - prompt 0x3aed0f0:     119 tokens, checkpoints:  0,    14.877 MiB
srv        update:    - prompt 0x32210f0:     123 tokens, checkpoints:  0,    15.377 MiB
slot update_slots: id  1 | task 7575 | new prompt, n_ctx_slot = 4096, n_keep = 0, task.n_tokens = 66
slot update_slots: id  1 | task 7575 | n_tokens = 0, memory_seq_rm [0, end)
slot init_sampler: id  1 | task 7575 | init sampler, took 0.04 ms, tokens: text = 66, total = 66
slot update_slots: id  1 | task 7575 | prompt processing done, n_tokens = 66, batch.n_tokens = 66
srv  log_server_r: done request: POST /completion 127.0.0.1 200
slot print_timing: id  1 | task 7575 | 
prompt eval time =    4129.39 ms /    66 tokens (   62.57 ms per token,    15.98 tokens per second)
       eval time =   10604.33 ms /   100 tokens (  106.04 ms per token,     9.43 tokens per second)
      total time =   14733.72 ms /   166 tokens
slot      release: id  1 | task 7575 | stop processing: n_tokens = 165, truncated = 0
srv  update_slots: all slots are idle
slot get_availabl: id  0 | task -1 | selected slot by LRU, t_last = 290845772348
srv  get_availabl: updating prompt cache
srv          load:  - looking for better prompt, base f_keep = -1.000, sim = 0.000
srv        update:  - cache state: 58 prompts, 1176.026 MiB (limits: 8192.000 MiB, 4096 tokens, 65527 est)
srv        update:    - prompt 0xf0ef60:     106 tokens, checkpoints:  0,    13.252 MiB
srv        update:    - prompt 0x4391140:     107 tokens, checkpoints:  0,    13.377 MiB
srv        update:    - prompt 0x32239b0:     106 tokens, checkpoints:  0,    13.252 MiB
srv        update:    - prompt 0x321b8b0:     107 tokens, checkpoints:  0,    13.377 MiB
srv        update:    - prompt 0x3221630:     105 tokens, checkpoints:  0,    13.127 MiB
srv        update:    - prompt 0x4390ba0:     110 tokens, checkpoints:  0,    13.752 MiB
srv        update:    - prompt 0x3223470:     116 tokens, checkpoints:  0,    14.502 MiB
srv        update:    - prompt 0x4394c10:     109 tokens, checkpoints:  0,    13.627 MiB
srv        update:    - prompt 0x3224910:     113 tokens, checkpoints:  0,    14.127 MiB
srv        update:    - prompt 0x3230c90:     108 tokens, checkpoints:  0,    13.502 MiB
srv        update:    - prompt 0x11f0c00:     108 tokens, checkpoints:  0,    13.502 MiB
srv        update:    - prompt 0xee47f0:     108 tokens, checkpoints:  0,    13.502 MiB
srv        update:    - prompt 0x438f4c0:     111 tokens, checkpoints:  0,    13.877 MiB
srv        update:    - prompt 0x438f580:     119 tokens, checkpoints:  0,    14.877 MiB
srv        update:    - prompt 0x4be6150:     123 tokens, checkpoints:  0,    15.377 MiB
srv        update:    - prompt 0x3adf6d0:     131 tokens, checkpoints:  0,    16.377 MiB
srv        update:    - prompt 0x43918f0:     130 tokens, checkpoints:  0,    16.252 MiB
srv        update:    - prompt 0x3225330:     107 tokens, checkpoints:  0,    13.377 MiB
srv        update:    - prompt 0x32291b0:     105 tokens, checkpoints:  0,    13.127 MiB
srv        update:    - prompt 0x1194e10:     110 tokens, checkpoints:  0,    13.752 MiB
srv        update:    - prompt 0x3ad1b20:     116 tokens, checkpoints:  0,    14.502 MiB
srv        update:    - prompt 0x3228110:     109 tokens, checkpoints:  0,    13.627 MiB
srv        update:    - prompt 0x3229090:     113 tokens, checkpoints:  0,    14.127 MiB
srv        update:    - prompt 0xee1a40:     108 tokens, checkpoints:  0,    13.502 MiB
srv        update:    - prompt 0x321f8d0:     108 tokens, checkpoints:  0,    13.502 MiB
srv        update:    - prompt 0xf0e5d0:     108 tokens, checkpoints:  0,    13.502 MiB
srv        update:    - prompt 0xee8970:     111 tokens, checkpoints:  0,    13.877 MiB
srv        update:    - prompt 0xef15a0:     119 tokens, checkpoints:  0,    14.877 MiB
srv        update:    - prompt 0x3219830:     123 tokens, checkpoints:  0,    15.377 MiB
srv        update:    - prompt 0xeec7b0:     131 tokens, checkpoints:  0,    16.377 MiB
srv        update:    - prompt 0x3af2910:     135 tokens, checkpoints:  0,    16.877 MiB
srv        update:    - prompt 0x3aeb3b0:     132 tokens, checkpoints:  0,    16.502 MiB
srv        update:    - prompt 0xee04b0:     146 tokens, checkpoints:  0,    18.252 MiB
srv        update:    - prompt 0x3227330:     130 tokens, checkpoints:  0,    16.252 MiB
srv        update:    - prompt 0xf0d980:     136 tokens, checkpoints:  0,    17.002 MiB
srv        update:    - prompt 0x11d5ce0:     136 tokens, checkpoints:  0,    17.002 MiB
srv        update:    - prompt 0x3220d10:     241 tokens, checkpoints:  0,    30.129 MiB
srv        update:    - prompt 0xfffdb80062a0:     325 tokens, checkpoints:  0,    40.629 MiB
srv        update:    - prompt 0xfffe140054f0:     363 tokens, checkpoints:  0,    45.380 MiB
srv        update:    - prompt 0xfffe08002440:     425 tokens, checkpoints:  0,    53.131 MiB
srv        update:    - prompt 0x438b420:     409 tokens, checkpoints:  0,    51.130 MiB
srv        update:    - prompt 0x3ad6d90:     412 tokens, checkpoints:  0,    51.505 MiB
srv        update:    - prompt 0x321c560:     418 tokens, checkpoints:  0,    52.256 MiB
srv        update:    - prompt 0x3af94b0:     415 tokens, checkpoints:  0,    51.880 MiB
srv        update:    - prompt 0x3224d60:     431 tokens, checkpoints:  0,    53.881 MiB
srv        update:    - prompt 0xef06d0:     431 tokens, checkpoints:  0,    53.881 MiB
srv        update:    - prompt 0xee3c20:     107 tokens, checkpoints:  0,    13.377 MiB
srv        update:    - prompt 0x321cfd0:     105 tokens, checkpoints:  0,    13.127 MiB
srv        update:    - prompt 0x43945e0:     110 tokens, checkpoints:  0,    13.752 MiB
srv        update:    - prompt 0xf0c750:     116 tokens, checkpoints:  0,    14.502 MiB
srv        update:    - prompt 0x3acf5e0:     109 tokens, checkpoints:  0,    13.627 MiB
srv        update:    - prompt 0xf0adf0:     113 tokens, checkpoints:  0,    14.127 MiB
srv        update:    - prompt 0x1197de0:     108 tokens, checkpoints:  0,    13.502 MiB
srv        update:    - prompt 0x118ff40:     108 tokens, checkpoints:  0,    13.502 MiB
srv        update:    - prompt 0x3aecb80:     108 tokens, checkpoints:  0,    13.502 MiB
srv        update:    - prompt 0x438a6f0:     111 tokens, checkpoints:  0,    13.877 MiB
srv        update:    - prompt 0x3aed0f0:     119 tokens, checkpoints:  0,    14.877 MiB
srv        update:    - prompt 0x32210f0:     123 tokens, checkpoints:  0,    15.377 MiB
srv  get_availabl: prompt cache update took 0.26 ms
slot launch_slot_: id  0 | task -1 | sampler chain: logits -> ?penalties -> ?dry -> ?top-n-sigma -> top-k -> ?typical -> top-p -> min-p -> ?xtc -> temp-ext -> dist 
slot launch_slot_: id  0 | task 7676 | processing task, is_child = 0
slot slot_save_an: id  1 | task -1 | saving idle slot to prompt cache
srv   prompt_save:  - saving prompt with length 165, total state size = 20.628 MiB
slot prompt_clear: id  1 | task -1 | clearing prompt with 165 tokens
srv        update:  - cache state: 59 prompts, 1196.654 MiB (limits: 8192.000 MiB, 4096 tokens, 65527 est)
srv        update:    - prompt 0xf0ef60:     106 tokens, checkpoints:  0,    13.252 MiB
srv        update:    - prompt 0x4391140:     107 tokens, checkpoints:  0,    13.377 MiB
srv        update:    - prompt 0x32239b0:     106 tokens, checkpoints:  0,    13.252 MiB
srv        update:    - prompt 0x321b8b0:     107 tokens, checkpoints:  0,    13.377 MiB
srv        update:    - prompt 0x3221630:     105 tokens, checkpoints:  0,    13.127 MiB
srv        update:    - prompt 0x4390ba0:     110 tokens, checkpoints:  0,    13.752 MiB
srv        update:    - prompt 0x3223470:     116 tokens, checkpoints:  0,    14.502 MiB
srv        update:    - prompt 0x4394c10:     109 tokens, checkpoints:  0,    13.627 MiB
srv        update:    - prompt 0x3224910:     113 tokens, checkpoints:  0,    14.127 MiB
srv        update:    - prompt 0x3230c90:     108 tokens, checkpoints:  0,    13.502 MiB
srv        update:    - prompt 0x11f0c00:     108 tokens, checkpoints:  0,    13.502 MiB
srv        update:    - prompt 0xee47f0:     108 tokens, checkpoints:  0,    13.502 MiB
srv        update:    - prompt 0x438f4c0:     111 tokens, checkpoints:  0,    13.877 MiB
srv        update:    - prompt 0x438f580:     119 tokens, checkpoints:  0,    14.877 MiB
srv        update:    - prompt 0x4be6150:     123 tokens, checkpoints:  0,    15.377 MiB
srv        update:    - prompt 0x3adf6d0:     131 tokens, checkpoints:  0,    16.377 MiB
srv        update:    - prompt 0x43918f0:     130 tokens, checkpoints:  0,    16.252 MiB
srv        update:    - prompt 0x3225330:     107 tokens, checkpoints:  0,    13.377 MiB
srv        update:    - prompt 0x32291b0:     105 tokens, checkpoints:  0,    13.127 MiB
srv        update:    - prompt 0x1194e10:     110 tokens, checkpoints:  0,    13.752 MiB
srv        update:    - prompt 0x3ad1b20:     116 tokens, checkpoints:  0,    14.502 MiB
srv        update:    - prompt 0x3228110:     109 tokens, checkpoints:  0,    13.627 MiB
srv        update:    - prompt 0x3229090:     113 tokens, checkpoints:  0,    14.127 MiB
srv        update:    - prompt 0xee1a40:     108 tokens, checkpoints:  0,    13.502 MiB
srv        update:    - prompt 0x321f8d0:     108 tokens, checkpoints:  0,    13.502 MiB
srv        update:    - prompt 0xf0e5d0:     108 tokens, checkpoints:  0,    13.502 MiB
srv        update:    - prompt 0xee8970:     111 tokens, checkpoints:  0,    13.877 MiB
srv        update:    - prompt 0xef15a0:     119 tokens, checkpoints:  0,    14.877 MiB
srv        update:    - prompt 0x3219830:     123 tokens, checkpoints:  0,    15.377 MiB
srv        update:    - prompt 0xeec7b0:     131 tokens, checkpoints:  0,    16.377 MiB
srv        update:    - prompt 0x3af2910:     135 tokens, checkpoints:  0,    16.877 MiB
srv        update:    - prompt 0x3aeb3b0:     132 tokens, checkpoints:  0,    16.502 MiB
srv        update:    - prompt 0xee04b0:     146 tokens, checkpoints:  0,    18.252 MiB
srv        update:    - prompt 0x3227330:     130 tokens, checkpoints:  0,    16.252 MiB
srv        update:    - prompt 0xf0d980:     136 tokens, checkpoints:  0,    17.002 MiB
srv        update:    - prompt 0x11d5ce0:     136 tokens, checkpoints:  0,    17.002 MiB
srv        update:    - prompt 0x3220d10:     241 tokens, checkpoints:  0,    30.129 MiB
srv        update:    - prompt 0xfffdb80062a0:     325 tokens, checkpoints:  0,    40.629 MiB
srv        update:    - prompt 0xfffe140054f0:     363 tokens, checkpoints:  0,    45.380 MiB
srv        update:    - prompt 0xfffe08002440:     425 tokens, checkpoints:  0,    53.131 MiB
srv        update:    - prompt 0x438b420:     409 tokens, checkpoints:  0,    51.130 MiB
srv        update:    - prompt 0x3ad6d90:     412 tokens, checkpoints:  0,    51.505 MiB
srv        update:    - prompt 0x321c560:     418 tokens, checkpoints:  0,    52.256 MiB
srv        update:    - prompt 0x3af94b0:     415 tokens, checkpoints:  0,    51.880 MiB
srv        update:    - prompt 0x3224d60:     431 tokens, checkpoints:  0,    53.881 MiB
srv        update:    - prompt 0xef06d0:     431 tokens, checkpoints:  0,    53.881 MiB
srv        update:    - prompt 0xee3c20:     107 tokens, checkpoints:  0,    13.377 MiB
srv        update:    - prompt 0x321cfd0:     105 tokens, checkpoints:  0,    13.127 MiB
srv        update:    - prompt 0x43945e0:     110 tokens, checkpoints:  0,    13.752 MiB
srv        update:    - prompt 0xf0c750:     116 tokens, checkpoints:  0,    14.502 MiB
srv        update:    - prompt 0x3acf5e0:     109 tokens, checkpoints:  0,    13.627 MiB
srv        update:    - prompt 0xf0adf0:     113 tokens, checkpoints:  0,    14.127 MiB
srv        update:    - prompt 0x1197de0:     108 tokens, checkpoints:  0,    13.502 MiB
srv        update:    - prompt 0x118ff40:     108 tokens, checkpoints:  0,    13.502 MiB
srv        update:    - prompt 0x3aecb80:     108 tokens, checkpoints:  0,    13.502 MiB
srv        update:    - prompt 0x438a6f0:     111 tokens, checkpoints:  0,    13.877 MiB
srv        update:    - prompt 0x3aed0f0:     119 tokens, checkpoints:  0,    14.877 MiB
srv        update:    - prompt 0x32210f0:     123 tokens, checkpoints:  0,    15.377 MiB
srv        update:    - prompt 0x3221da0:     165 tokens, checkpoints:  0,    20.628 MiB
slot update_slots: id  0 | task 7676 | new prompt, n_ctx_slot = 4096, n_keep = 0, task.n_tokens = 32
slot update_slots: id  0 | task 7676 | n_tokens = 0, memory_seq_rm [0, end)
slot init_sampler: id  0 | task 7676 | init sampler, took 0.02 ms, tokens: text = 32, total = 32
slot update_slots: id  0 | task 7676 | prompt processing done, n_tokens = 32, batch.n_tokens = 32
srv  log_server_r: done request: POST /completion 127.0.0.1 200
slot print_timing: id  0 | task 7676 | 
prompt eval time =    1583.84 ms /    32 tokens (   49.49 ms per token,    20.20 tokens per second)
       eval time =    9040.94 ms /   100 tokens (   90.41 ms per token,    11.06 tokens per second)
      total time =   10624.78 ms /   132 tokens
slot      release: id  0 | task 7676 | stop processing: n_tokens = 131, truncated = 0
srv  update_slots: all slots are idle
slot get_availabl: id  3 | task -1 | selected slot by LRU, t_last = 290856071260
srv  get_availabl: updating prompt cache
srv          load:  - looking for better prompt, base f_keep = -1.000, sim = 0.000
srv          load:  - found better prompt with f_keep = 0.267, sim = 1.000
srv        update:  - cache state: 58 prompts, 1179.776 MiB (limits: 8192.000 MiB, 4096 tokens, 65527 est)
srv        update:    - prompt 0xf0ef60:     106 tokens, checkpoints:  0,    13.252 MiB
srv        update:    - prompt 0x4391140:     107 tokens, checkpoints:  0,    13.377 MiB
srv        update:    - prompt 0x32239b0:     106 tokens, checkpoints:  0,    13.252 MiB
srv        update:    - prompt 0x321b8b0:     107 tokens, checkpoints:  0,    13.377 MiB
srv        update:    - prompt 0x3221630:     105 tokens, checkpoints:  0,    13.127 MiB
srv        update:    - prompt 0x4390ba0:     110 tokens, checkpoints:  0,    13.752 MiB
srv        update:    - prompt 0x3223470:     116 tokens, checkpoints:  0,    14.502 MiB
srv        update:    - prompt 0x4394c10:     109 tokens, checkpoints:  0,    13.627 MiB
srv        update:    - prompt 0x3224910:     113 tokens, checkpoints:  0,    14.127 MiB
srv        update:    - prompt 0x3230c90:     108 tokens, checkpoints:  0,    13.502 MiB
srv        update:    - prompt 0x11f0c00:     108 tokens, checkpoints:  0,    13.502 MiB
srv        update:    - prompt 0xee47f0:     108 tokens, checkpoints:  0,    13.502 MiB
srv        update:    - prompt 0x438f4c0:     111 tokens, checkpoints:  0,    13.877 MiB
srv        update:    - prompt 0x438f580:     119 tokens, checkpoints:  0,    14.877 MiB
srv        update:    - prompt 0x4be6150:     123 tokens, checkpoints:  0,    15.377 MiB
srv        update:    - prompt 0x3adf6d0:     131 tokens, checkpoints:  0,    16.377 MiB
srv        update:    - prompt 0x43918f0:     130 tokens, checkpoints:  0,    16.252 MiB
srv        update:    - prompt 0x3225330:     107 tokens, checkpoints:  0,    13.377 MiB
srv        update:    - prompt 0x32291b0:     105 tokens, checkpoints:  0,    13.127 MiB
srv        update:    - prompt 0x1194e10:     110 tokens, checkpoints:  0,    13.752 MiB
srv        update:    - prompt 0x3ad1b20:     116 tokens, checkpoints:  0,    14.502 MiB
srv        update:    - prompt 0x3228110:     109 tokens, checkpoints:  0,    13.627 MiB
srv        update:    - prompt 0x3229090:     113 tokens, checkpoints:  0,    14.127 MiB
srv        update:    - prompt 0xee1a40:     108 tokens, checkpoints:  0,    13.502 MiB
srv        update:    - prompt 0x321f8d0:     108 tokens, checkpoints:  0,    13.502 MiB
srv        update:    - prompt 0xf0e5d0:     108 tokens, checkpoints:  0,    13.502 MiB
srv        update:    - prompt 0xee8970:     111 tokens, checkpoints:  0,    13.877 MiB
srv        update:    - prompt 0xef15a0:     119 tokens, checkpoints:  0,    14.877 MiB
srv        update:    - prompt 0x3219830:     123 tokens, checkpoints:  0,    15.377 MiB
srv        update:    - prompt 0xeec7b0:     131 tokens, checkpoints:  0,    16.377 MiB
srv        update:    - prompt 0x3aeb3b0:     132 tokens, checkpoints:  0,    16.502 MiB
srv        update:    - prompt 0xee04b0:     146 tokens, checkpoints:  0,    18.252 MiB
srv        update:    - prompt 0x3227330:     130 tokens, checkpoints:  0,    16.252 MiB
srv        update:    - prompt 0xf0d980:     136 tokens, checkpoints:  0,    17.002 MiB
srv        update:    - prompt 0x11d5ce0:     136 tokens, checkpoints:  0,    17.002 MiB
srv        update:    - prompt 0x3220d10:     241 tokens, checkpoints:  0,    30.129 MiB
srv        update:    - prompt 0xfffdb80062a0:     325 tokens, checkpoints:  0,    40.629 MiB
srv        update:    - prompt 0xfffe140054f0:     363 tokens, checkpoints:  0,    45.380 MiB
srv        update:    - prompt 0xfffe08002440:     425 tokens, checkpoints:  0,    53.131 MiB
srv        update:    - prompt 0x438b420:     409 tokens, checkpoints:  0,    51.130 MiB
srv        update:    - prompt 0x3ad6d90:     412 tokens, checkpoints:  0,    51.505 MiB
srv        update:    - prompt 0x321c560:     418 tokens, checkpoints:  0,    52.256 MiB
srv        update:    - prompt 0x3af94b0:     415 tokens, checkpoints:  0,    51.880 MiB
srv        update:    - prompt 0x3224d60:     431 tokens, checkpoints:  0,    53.881 MiB
srv        update:    - prompt 0xef06d0:     431 tokens, checkpoints:  0,    53.881 MiB
srv        update:    - prompt 0xee3c20:     107 tokens, checkpoints:  0,    13.377 MiB
srv        update:    - prompt 0x321cfd0:     105 tokens, checkpoints:  0,    13.127 MiB
srv        update:    - prompt 0x43945e0:     110 tokens, checkpoints:  0,    13.752 MiB
srv        update:    - prompt 0xf0c750:     116 tokens, checkpoints:  0,    14.502 MiB
srv        update:    - prompt 0x3acf5e0:     109 tokens, checkpoints:  0,    13.627 MiB
srv        update:    - prompt 0xf0adf0:     113 tokens, checkpoints:  0,    14.127 MiB
srv        update:    - prompt 0x1197de0:     108 tokens, checkpoints:  0,    13.502 MiB
srv        update:    - prompt 0x118ff40:     108 tokens, checkpoints:  0,    13.502 MiB
srv        update:    - prompt 0x3aecb80:     108 tokens, checkpoints:  0,    13.502 MiB
srv        update:    - prompt 0x438a6f0:     111 tokens, checkpoints:  0,    13.877 MiB
srv        update:    - prompt 0x3aed0f0:     119 tokens, checkpoints:  0,    14.877 MiB
srv        update:    - prompt 0x32210f0:     123 tokens, checkpoints:  0,    15.377 MiB
srv        update:    - prompt 0x3221da0:     165 tokens, checkpoints:  0,    20.628 MiB
srv  get_availabl: prompt cache update took 3.15 ms
slot launch_slot_: id  3 | task -1 | sampler chain: logits -> ?penalties -> ?dry -> ?top-n-sigma -> top-k -> ?typical -> top-p -> min-p -> ?xtc -> temp-ext -> dist 
slot launch_slot_: id  3 | task 7777 | processing task, is_child = 0
slot slot_save_an: id  0 | task -1 | saving idle slot to prompt cache
srv   prompt_save:  - saving prompt with length 131, total state size = 16.377 MiB
slot prompt_clear: id  0 | task -1 | clearing prompt with 131 tokens
srv        update:  - cache state: 59 prompts, 1196.154 MiB (limits: 8192.000 MiB, 4096 tokens, 65527 est)
srv        update:    - prompt 0xf0ef60:     106 tokens, checkpoints:  0,    13.252 MiB
srv        update:    - prompt 0x4391140:     107 tokens, checkpoints:  0,    13.377 MiB
srv        update:    - prompt 0x32239b0:     106 tokens, checkpoints:  0,    13.252 MiB
srv        update:    - prompt 0x321b8b0:     107 tokens, checkpoints:  0,    13.377 MiB
srv        update:    - prompt 0x3221630:     105 tokens, checkpoints:  0,    13.127 MiB
srv        update:    - prompt 0x4390ba0:     110 tokens, checkpoints:  0,    13.752 MiB
srv        update:    - prompt 0x3223470:     116 tokens, checkpoints:  0,    14.502 MiB
srv        update:    - prompt 0x4394c10:     109 tokens, checkpoints:  0,    13.627 MiB
srv        update:    - prompt 0x3224910:     113 tokens, checkpoints:  0,    14.127 MiB
srv        update:    - prompt 0x3230c90:     108 tokens, checkpoints:  0,    13.502 MiB
srv        update:    - prompt 0x11f0c00:     108 tokens, checkpoints:  0,    13.502 MiB
srv        update:    - prompt 0xee47f0:     108 tokens, checkpoints:  0,    13.502 MiB
srv        update:    - prompt 0x438f4c0:     111 tokens, checkpoints:  0,    13.877 MiB
srv        update:    - prompt 0x438f580:     119 tokens, checkpoints:  0,    14.877 MiB
srv        update:    - prompt 0x4be6150:     123 tokens, checkpoints:  0,    15.377 MiB
srv        update:    - prompt 0x3adf6d0:     131 tokens, checkpoints:  0,    16.377 MiB
srv        update:    - prompt 0x43918f0:     130 tokens, checkpoints:  0,    16.252 MiB
srv        update:    - prompt 0x3225330:     107 tokens, checkpoints:  0,    13.377 MiB
srv        update:    - prompt 0x32291b0:     105 tokens, checkpoints:  0,    13.127 MiB
srv        update:    - prompt 0x1194e10:     110 tokens, checkpoints:  0,    13.752 MiB
srv        update:    - prompt 0x3ad1b20:     116 tokens, checkpoints:  0,    14.502 MiB
srv        update:    - prompt 0x3228110:     109 tokens, checkpoints:  0,    13.627 MiB
srv        update:    - prompt 0x3229090:     113 tokens, checkpoints:  0,    14.127 MiB
srv        update:    - prompt 0xee1a40:     108 tokens, checkpoints:  0,    13.502 MiB
srv        update:    - prompt 0x321f8d0:     108 tokens, checkpoints:  0,    13.502 MiB
srv        update:    - prompt 0xf0e5d0:     108 tokens, checkpoints:  0,    13.502 MiB
srv        update:    - prompt 0xee8970:     111 tokens, checkpoints:  0,    13.877 MiB
srv        update:    - prompt 0xef15a0:     119 tokens, checkpoints:  0,    14.877 MiB
srv        update:    - prompt 0x3219830:     123 tokens, checkpoints:  0,    15.377 MiB
srv        update:    - prompt 0xeec7b0:     131 tokens, checkpoints:  0,    16.377 MiB
srv        update:    - prompt 0x3aeb3b0:     132 tokens, checkpoints:  0,    16.502 MiB
srv        update:    - prompt 0xee04b0:     146 tokens, checkpoints:  0,    18.252 MiB
srv        update:    - prompt 0x3227330:     130 tokens, checkpoints:  0,    16.252 MiB
srv        update:    - prompt 0xf0d980:     136 tokens, checkpoints:  0,    17.002 MiB
srv        update:    - prompt 0x11d5ce0:     136 tokens, checkpoints:  0,    17.002 MiB
srv        update:    - prompt 0x3220d10:     241 tokens, checkpoints:  0,    30.129 MiB
srv        update:    - prompt 0xfffdb80062a0:     325 tokens, checkpoints:  0,    40.629 MiB
srv        update:    - prompt 0xfffe140054f0:     363 tokens, checkpoints:  0,    45.380 MiB
srv        update:    - prompt 0xfffe08002440:     425 tokens, checkpoints:  0,    53.131 MiB
srv        update:    - prompt 0x438b420:     409 tokens, checkpoints:  0,    51.130 MiB
srv        update:    - prompt 0x3ad6d90:     412 tokens, checkpoints:  0,    51.505 MiB
srv        update:    - prompt 0x321c560:     418 tokens, checkpoints:  0,    52.256 MiB
srv        update:    - prompt 0x3af94b0:     415 tokens, checkpoints:  0,    51.880 MiB
srv        update:    - prompt 0x3224d60:     431 tokens, checkpoints:  0,    53.881 MiB
srv        update:    - prompt 0xef06d0:     431 tokens, checkpoints:  0,    53.881 MiB
srv        update:    - prompt 0xee3c20:     107 tokens, checkpoints:  0,    13.377 MiB
srv        update:    - prompt 0x321cfd0:     105 tokens, checkpoints:  0,    13.127 MiB
srv        update:    - prompt 0x43945e0:     110 tokens, checkpoints:  0,    13.752 MiB
srv        update:    - prompt 0xf0c750:     116 tokens, checkpoints:  0,    14.502 MiB
srv        update:    - prompt 0x3acf5e0:     109 tokens, checkpoints:  0,    13.627 MiB
srv        update:    - prompt 0xf0adf0:     113 tokens, checkpoints:  0,    14.127 MiB
srv        update:    - prompt 0x1197de0:     108 tokens, checkpoints:  0,    13.502 MiB
srv        update:    - prompt 0x118ff40:     108 tokens, checkpoints:  0,    13.502 MiB
srv        update:    - prompt 0x3aecb80:     108 tokens, checkpoints:  0,    13.502 MiB
srv        update:    - prompt 0x438a6f0:     111 tokens, checkpoints:  0,    13.877 MiB
srv        update:    - prompt 0x3aed0f0:     119 tokens, checkpoints:  0,    14.877 MiB
srv        update:    - prompt 0x32210f0:     123 tokens, checkpoints:  0,    15.377 MiB
srv        update:    - prompt 0x3221da0:     165 tokens, checkpoints:  0,    20.628 MiB
srv        update:    - prompt 0x3af2910:     131 tokens, checkpoints:  0,    16.377 MiB
slot update_slots: id  3 | task 7777 | new prompt, n_ctx_slot = 4096, n_keep = 0, task.n_tokens = 36
slot update_slots: id  3 | task 7777 | n_tokens = 0, memory_seq_rm [0, end)
slot init_sampler: id  3 | task 7777 | init sampler, took 0.02 ms, tokens: text = 36, total = 36
slot update_slots: id  3 | task 7777 | prompt processing done, n_tokens = 36, batch.n_tokens = 36
srv  log_server_r: done request: POST /completion 127.0.0.1 200
slot print_timing: id  3 | task 7777 | 
prompt eval time =    1748.11 ms /    36 tokens (   48.56 ms per token,    20.59 tokens per second)
       eval time =    8160.22 ms /   100 tokens (   81.60 ms per token,    12.25 tokens per second)
      total time =    9908.33 ms /   136 tokens
slot      release: id  3 | task 7777 | stop processing: n_tokens = 135, truncated = 0
srv  update_slots: all slots are idle
slot get_availabl: id  2 | task -1 | selected slot by LRU, t_last = 290865553111
srv  get_availabl: updating prompt cache
srv          load:  - looking for better prompt, base f_keep = -1.000, sim = 0.000
srv          load:  - found better prompt with f_keep = 0.250, sim = 1.000
srv        update:  - cache state: 58 prompts, 1179.651 MiB (limits: 8192.000 MiB, 4096 tokens, 65527 est)
srv        update:    - prompt 0xf0ef60:     106 tokens, checkpoints:  0,    13.252 MiB
srv        update:    - prompt 0x4391140:     107 tokens, checkpoints:  0,    13.377 MiB
srv        update:    - prompt 0x32239b0:     106 tokens, checkpoints:  0,    13.252 MiB
srv        update:    - prompt 0x321b8b0:     107 tokens, checkpoints:  0,    13.377 MiB
srv        update:    - prompt 0x3221630:     105 tokens, checkpoints:  0,    13.127 MiB
srv        update:    - prompt 0x4390ba0:     110 tokens, checkpoints:  0,    13.752 MiB
srv        update:    - prompt 0x3223470:     116 tokens, checkpoints:  0,    14.502 MiB
srv        update:    - prompt 0x4394c10:     109 tokens, checkpoints:  0,    13.627 MiB
srv        update:    - prompt 0x3224910:     113 tokens, checkpoints:  0,    14.127 MiB
srv        update:    - prompt 0x3230c90:     108 tokens, checkpoints:  0,    13.502 MiB
srv        update:    - prompt 0x11f0c00:     108 tokens, checkpoints:  0,    13.502 MiB
srv        update:    - prompt 0xee47f0:     108 tokens, checkpoints:  0,    13.502 MiB
srv        update:    - prompt 0x438f4c0:     111 tokens, checkpoints:  0,    13.877 MiB
srv        update:    - prompt 0x438f580:     119 tokens, checkpoints:  0,    14.877 MiB
srv        update:    - prompt 0x4be6150:     123 tokens, checkpoints:  0,    15.377 MiB
srv        update:    - prompt 0x3adf6d0:     131 tokens, checkpoints:  0,    16.377 MiB
srv        update:    - prompt 0x43918f0:     130 tokens, checkpoints:  0,    16.252 MiB
srv        update:    - prompt 0x3225330:     107 tokens, checkpoints:  0,    13.377 MiB
srv        update:    - prompt 0x32291b0:     105 tokens, checkpoints:  0,    13.127 MiB
srv        update:    - prompt 0x1194e10:     110 tokens, checkpoints:  0,    13.752 MiB
srv        update:    - prompt 0x3ad1b20:     116 tokens, checkpoints:  0,    14.502 MiB
srv        update:    - prompt 0x3228110:     109 tokens, checkpoints:  0,    13.627 MiB
srv        update:    - prompt 0x3229090:     113 tokens, checkpoints:  0,    14.127 MiB
srv        update:    - prompt 0xee1a40:     108 tokens, checkpoints:  0,    13.502 MiB
srv        update:    - prompt 0x321f8d0:     108 tokens, checkpoints:  0,    13.502 MiB
srv        update:    - prompt 0xf0e5d0:     108 tokens, checkpoints:  0,    13.502 MiB
srv        update:    - prompt 0xee8970:     111 tokens, checkpoints:  0,    13.877 MiB
srv        update:    - prompt 0xef15a0:     119 tokens, checkpoints:  0,    14.877 MiB
srv        update:    - prompt 0x3219830:     123 tokens, checkpoints:  0,    15.377 MiB
srv        update:    - prompt 0xeec7b0:     131 tokens, checkpoints:  0,    16.377 MiB
srv        update:    - prompt 0xee04b0:     146 tokens, checkpoints:  0,    18.252 MiB
srv        update:    - prompt 0x3227330:     130 tokens, checkpoints:  0,    16.252 MiB
srv        update:    - prompt 0xf0d980:     136 tokens, checkpoints:  0,    17.002 MiB
srv        update:    - prompt 0x11d5ce0:     136 tokens, checkpoints:  0,    17.002 MiB
srv        update:    - prompt 0x3220d10:     241 tokens, checkpoints:  0,    30.129 MiB
srv        update:    - prompt 0xfffdb80062a0:     325 tokens, checkpoints:  0,    40.629 MiB
srv        update:    - prompt 0xfffe140054f0:     363 tokens, checkpoints:  0,    45.380 MiB
srv        update:    - prompt 0xfffe08002440:     425 tokens, checkpoints:  0,    53.131 MiB
srv        update:    - prompt 0x438b420:     409 tokens, checkpoints:  0,    51.130 MiB
srv        update:    - prompt 0x3ad6d90:     412 tokens, checkpoints:  0,    51.505 MiB
srv        update:    - prompt 0x321c560:     418 tokens, checkpoints:  0,    52.256 MiB
srv        update:    - prompt 0x3af94b0:     415 tokens, checkpoints:  0,    51.880 MiB
srv        update:    - prompt 0x3224d60:     431 tokens, checkpoints:  0,    53.881 MiB
srv        update:    - prompt 0xef06d0:     431 tokens, checkpoints:  0,    53.881 MiB
srv        update:    - prompt 0xee3c20:     107 tokens, checkpoints:  0,    13.377 MiB
srv        update:    - prompt 0x321cfd0:     105 tokens, checkpoints:  0,    13.127 MiB
srv        update:    - prompt 0x43945e0:     110 tokens, checkpoints:  0,    13.752 MiB
srv        update:    - prompt 0xf0c750:     116 tokens, checkpoints:  0,    14.502 MiB
srv        update:    - prompt 0x3acf5e0:     109 tokens, checkpoints:  0,    13.627 MiB
srv        update:    - prompt 0xf0adf0:     113 tokens, checkpoints:  0,    14.127 MiB
srv        update:    - prompt 0x1197de0:     108 tokens, checkpoints:  0,    13.502 MiB
srv        update:    - prompt 0x118ff40:     108 tokens, checkpoints:  0,    13.502 MiB
srv        update:    - prompt 0x3aecb80:     108 tokens, checkpoints:  0,    13.502 MiB
srv        update:    - prompt 0x438a6f0:     111 tokens, checkpoints:  0,    13.877 MiB
srv        update:    - prompt 0x3aed0f0:     119 tokens, checkpoints:  0,    14.877 MiB
srv        update:    - prompt 0x32210f0:     123 tokens, checkpoints:  0,    15.377 MiB
srv        update:    - prompt 0x3221da0:     165 tokens, checkpoints:  0,    20.628 MiB
srv        update:    - prompt 0x3af2910:     131 tokens, checkpoints:  0,    16.377 MiB
srv  get_availabl: prompt cache update took 2.84 ms
slot launch_slot_: id  2 | task -1 | sampler chain: logits -> ?penalties -> ?dry -> ?top-n-sigma -> top-k -> ?typical -> top-p -> min-p -> ?xtc -> temp-ext -> dist 
slot launch_slot_: id  2 | task 7878 | processing task, is_child = 0
slot slot_save_an: id  3 | task -1 | saving idle slot to prompt cache
srv   prompt_save:  - saving prompt with length 135, total state size = 16.877 MiB
slot prompt_clear: id  3 | task -1 | clearing prompt with 135 tokens
srv        update:  - cache state: 59 prompts, 1196.529 MiB (limits: 8192.000 MiB, 4096 tokens, 65527 est)
srv        update:    - prompt 0xf0ef60:     106 tokens, checkpoints:  0,    13.252 MiB
srv        update:    - prompt 0x4391140:     107 tokens, checkpoints:  0,    13.377 MiB
srv        update:    - prompt 0x32239b0:     106 tokens, checkpoints:  0,    13.252 MiB
srv        update:    - prompt 0x321b8b0:     107 tokens, checkpoints:  0,    13.377 MiB
srv        update:    - prompt 0x3221630:     105 tokens, checkpoints:  0,    13.127 MiB
srv        update:    - prompt 0x4390ba0:     110 tokens, checkpoints:  0,    13.752 MiB
srv        update:    - prompt 0x3223470:     116 tokens, checkpoints:  0,    14.502 MiB
srv        update:    - prompt 0x4394c10:     109 tokens, checkpoints:  0,    13.627 MiB
srv        update:    - prompt 0x3224910:     113 tokens, checkpoints:  0,    14.127 MiB
srv        update:    - prompt 0x3230c90:     108 tokens, checkpoints:  0,    13.502 MiB
srv        update:    - prompt 0x11f0c00:     108 tokens, checkpoints:  0,    13.502 MiB
srv        update:    - prompt 0xee47f0:     108 tokens, checkpoints:  0,    13.502 MiB
srv        update:    - prompt 0x438f4c0:     111 tokens, checkpoints:  0,    13.877 MiB
srv        update:    - prompt 0x438f580:     119 tokens, checkpoints:  0,    14.877 MiB
srv        update:    - prompt 0x4be6150:     123 tokens, checkpoints:  0,    15.377 MiB
srv        update:    - prompt 0x3adf6d0:     131 tokens, checkpoints:  0,    16.377 MiB
srv        update:    - prompt 0x43918f0:     130 tokens, checkpoints:  0,    16.252 MiB
srv        update:    - prompt 0x3225330:     107 tokens, checkpoints:  0,    13.377 MiB
srv        update:    - prompt 0x32291b0:     105 tokens, checkpoints:  0,    13.127 MiB
srv        update:    - prompt 0x1194e10:     110 tokens, checkpoints:  0,    13.752 MiB
srv        update:    - prompt 0x3ad1b20:     116 tokens, checkpoints:  0,    14.502 MiB
srv        update:    - prompt 0x3228110:     109 tokens, checkpoints:  0,    13.627 MiB
srv        update:    - prompt 0x3229090:     113 tokens, checkpoints:  0,    14.127 MiB
srv        update:    - prompt 0xee1a40:     108 tokens, checkpoints:  0,    13.502 MiB
srv        update:    - prompt 0x321f8d0:     108 tokens, checkpoints:  0,    13.502 MiB
srv        update:    - prompt 0xf0e5d0:     108 tokens, checkpoints:  0,    13.502 MiB
srv        update:    - prompt 0xee8970:     111 tokens, checkpoints:  0,    13.877 MiB
srv        update:    - prompt 0xef15a0:     119 tokens, checkpoints:  0,    14.877 MiB
srv        update:    - prompt 0x3219830:     123 tokens, checkpoints:  0,    15.377 MiB
srv        update:    - prompt 0xeec7b0:     131 tokens, checkpoints:  0,    16.377 MiB
srv        update:    - prompt 0xee04b0:     146 tokens, checkpoints:  0,    18.252 MiB
srv        update:    - prompt 0x3227330:     130 tokens, checkpoints:  0,    16.252 MiB
srv        update:    - prompt 0xf0d980:     136 tokens, checkpoints:  0,    17.002 MiB
srv        update:    - prompt 0x11d5ce0:     136 tokens, checkpoints:  0,    17.002 MiB
srv        update:    - prompt 0x3220d10:     241 tokens, checkpoints:  0,    30.129 MiB
srv        update:    - prompt 0xfffdb80062a0:     325 tokens, checkpoints:  0,    40.629 MiB
srv        update:    - prompt 0xfffe140054f0:     363 tokens, checkpoints:  0,    45.380 MiB
srv        update:    - prompt 0xfffe08002440:     425 tokens, checkpoints:  0,    53.131 MiB
srv        update:    - prompt 0x438b420:     409 tokens, checkpoints:  0,    51.130 MiB
srv        update:    - prompt 0x3ad6d90:     412 tokens, checkpoints:  0,    51.505 MiB
srv        update:    - prompt 0x321c560:     418 tokens, checkpoints:  0,    52.256 MiB
srv        update:    - prompt 0x3af94b0:     415 tokens, checkpoints:  0,    51.880 MiB
srv        update:    - prompt 0x3224d60:     431 tokens, checkpoints:  0,    53.881 MiB
srv        update:    - prompt 0xef06d0:     431 tokens, checkpoints:  0,    53.881 MiB
srv        update:    - prompt 0xee3c20:     107 tokens, checkpoints:  0,    13.377 MiB
srv        update:    - prompt 0x321cfd0:     105 tokens, checkpoints:  0,    13.127 MiB
srv        update:    - prompt 0x43945e0:     110 tokens, checkpoints:  0,    13.752 MiB
srv        update:    - prompt 0xf0c750:     116 tokens, checkpoints:  0,    14.502 MiB
srv        update:    - prompt 0x3acf5e0:     109 tokens, checkpoints:  0,    13.627 MiB
srv        update:    - prompt 0xf0adf0:     113 tokens, checkpoints:  0,    14.127 MiB
srv        update:    - prompt 0x1197de0:     108 tokens, checkpoints:  0,    13.502 MiB
srv        update:    - prompt 0x118ff40:     108 tokens, checkpoints:  0,    13.502 MiB
srv        update:    - prompt 0x3aecb80:     108 tokens, checkpoints:  0,    13.502 MiB
srv        update:    - prompt 0x438a6f0:     111 tokens, checkpoints:  0,    13.877 MiB
srv        update:    - prompt 0x3aed0f0:     119 tokens, checkpoints:  0,    14.877 MiB
srv        update:    - prompt 0x32210f0:     123 tokens, checkpoints:  0,    15.377 MiB
srv        update:    - prompt 0x3221da0:     165 tokens, checkpoints:  0,    20.628 MiB
srv        update:    - prompt 0x3af2910:     131 tokens, checkpoints:  0,    16.377 MiB
srv        update:    - prompt 0x1a06780:     135 tokens, checkpoints:  0,    16.877 MiB
slot update_slots: id  2 | task 7878 | new prompt, n_ctx_slot = 4096, n_keep = 0, task.n_tokens = 33
slot update_slots: id  2 | task 7878 | n_tokens = 0, memory_seq_rm [0, end)
slot init_sampler: id  2 | task 7878 | init sampler, took 0.02 ms, tokens: text = 33, total = 33
slot update_slots: id  2 | task 7878 | prompt processing done, n_tokens = 33, batch.n_tokens = 33
srv  log_server_r: done request: POST /completion 127.0.0.1 200
slot print_timing: id  2 | task 7878 | 
prompt eval time =    1587.09 ms /    33 tokens (   48.09 ms per token,    20.79 tokens per second)
       eval time =    7589.43 ms /   100 tokens (   75.89 ms per token,    13.18 tokens per second)
      total time =    9176.52 ms /   133 tokens
slot      release: id  2 | task 7878 | stop processing: n_tokens = 132, truncated = 0
srv  update_slots: all slots are idle
slot get_availabl: id  1 | task -1 | selected slot by LRU, t_last = 290880874026
srv  get_availabl: updating prompt cache
srv          load:  - looking for better prompt, base f_keep = -1.000, sim = 0.000
srv          load:  - found better prompt with f_keep = 0.322, sim = 1.000
srv        update:  - cache state: 58 prompts, 1178.276 MiB (limits: 8192.000 MiB, 4096 tokens, 65527 est)
srv        update:    - prompt 0xf0ef60:     106 tokens, checkpoints:  0,    13.252 MiB
srv        update:    - prompt 0x4391140:     107 tokens, checkpoints:  0,    13.377 MiB
srv        update:    - prompt 0x32239b0:     106 tokens, checkpoints:  0,    13.252 MiB
srv        update:    - prompt 0x321b8b0:     107 tokens, checkpoints:  0,    13.377 MiB
srv        update:    - prompt 0x3221630:     105 tokens, checkpoints:  0,    13.127 MiB
srv        update:    - prompt 0x4390ba0:     110 tokens, checkpoints:  0,    13.752 MiB
srv        update:    - prompt 0x3223470:     116 tokens, checkpoints:  0,    14.502 MiB
srv        update:    - prompt 0x4394c10:     109 tokens, checkpoints:  0,    13.627 MiB
srv        update:    - prompt 0x3224910:     113 tokens, checkpoints:  0,    14.127 MiB
srv        update:    - prompt 0x3230c90:     108 tokens, checkpoints:  0,    13.502 MiB
srv        update:    - prompt 0x11f0c00:     108 tokens, checkpoints:  0,    13.502 MiB
srv        update:    - prompt 0xee47f0:     108 tokens, checkpoints:  0,    13.502 MiB
srv        update:    - prompt 0x438f4c0:     111 tokens, checkpoints:  0,    13.877 MiB
srv        update:    - prompt 0x438f580:     119 tokens, checkpoints:  0,    14.877 MiB
srv        update:    - prompt 0x4be6150:     123 tokens, checkpoints:  0,    15.377 MiB
srv        update:    - prompt 0x3adf6d0:     131 tokens, checkpoints:  0,    16.377 MiB
srv        update:    - prompt 0x43918f0:     130 tokens, checkpoints:  0,    16.252 MiB
srv        update:    - prompt 0x3225330:     107 tokens, checkpoints:  0,    13.377 MiB
srv        update:    - prompt 0x32291b0:     105 tokens, checkpoints:  0,    13.127 MiB
srv        update:    - prompt 0x1194e10:     110 tokens, checkpoints:  0,    13.752 MiB
srv        update:    - prompt 0x3ad1b20:     116 tokens, checkpoints:  0,    14.502 MiB
srv        update:    - prompt 0x3228110:     109 tokens, checkpoints:  0,    13.627 MiB
srv        update:    - prompt 0x3229090:     113 tokens, checkpoints:  0,    14.127 MiB
srv        update:    - prompt 0xee1a40:     108 tokens, checkpoints:  0,    13.502 MiB
srv        update:    - prompt 0x321f8d0:     108 tokens, checkpoints:  0,    13.502 MiB
srv        update:    - prompt 0xf0e5d0:     108 tokens, checkpoints:  0,    13.502 MiB
srv        update:    - prompt 0xee8970:     111 tokens, checkpoints:  0,    13.877 MiB
srv        update:    - prompt 0xef15a0:     119 tokens, checkpoints:  0,    14.877 MiB
srv        update:    - prompt 0x3219830:     123 tokens, checkpoints:  0,    15.377 MiB
srv        update:    - prompt 0xeec7b0:     131 tokens, checkpoints:  0,    16.377 MiB
srv        update:    - prompt 0x3227330:     130 tokens, checkpoints:  0,    16.252 MiB
srv        update:    - prompt 0xf0d980:     136 tokens, checkpoints:  0,    17.002 MiB
srv        update:    - prompt 0x11d5ce0:     136 tokens, checkpoints:  0,    17.002 MiB
srv        update:    - prompt 0x3220d10:     241 tokens, checkpoints:  0,    30.129 MiB
srv        update:    - prompt 0xfffdb80062a0:     325 tokens, checkpoints:  0,    40.629 MiB
srv        update:    - prompt 0xfffe140054f0:     363 tokens, checkpoints:  0,    45.380 MiB
srv        update:    - prompt 0xfffe08002440:     425 tokens, checkpoints:  0,    53.131 MiB
srv        update:    - prompt 0x438b420:     409 tokens, checkpoints:  0,    51.130 MiB
srv        update:    - prompt 0x3ad6d90:     412 tokens, checkpoints:  0,    51.505 MiB
srv        update:    - prompt 0x321c560:     418 tokens, checkpoints:  0,    52.256 MiB
srv        update:    - prompt 0x3af94b0:     415 tokens, checkpoints:  0,    51.880 MiB
srv        update:    - prompt 0x3224d60:     431 tokens, checkpoints:  0,    53.881 MiB
srv        update:    - prompt 0xef06d0:     431 tokens, checkpoints:  0,    53.881 MiB
srv        update:    - prompt 0xee3c20:     107 tokens, checkpoints:  0,    13.377 MiB
srv        update:    - prompt 0x321cfd0:     105 tokens, checkpoints:  0,    13.127 MiB
srv        update:    - prompt 0x43945e0:     110 tokens, checkpoints:  0,    13.752 MiB
srv        update:    - prompt 0xf0c750:     116 tokens, checkpoints:  0,    14.502 MiB
srv        update:    - prompt 0x3acf5e0:     109 tokens, checkpoints:  0,    13.627 MiB
srv        update:    - prompt 0xf0adf0:     113 tokens, checkpoints:  0,    14.127 MiB
srv        update:    - prompt 0x1197de0:     108 tokens, checkpoints:  0,    13.502 MiB
srv        update:    - prompt 0x118ff40:     108 tokens, checkpoints:  0,    13.502 MiB
srv        update:    - prompt 0x3aecb80:     108 tokens, checkpoints:  0,    13.502 MiB
srv        update:    - prompt 0x438a6f0:     111 tokens, checkpoints:  0,    13.877 MiB
srv        update:    - prompt 0x3aed0f0:     119 tokens, checkpoints:  0,    14.877 MiB
srv        update:    - prompt 0x32210f0:     123 tokens, checkpoints:  0,    15.377 MiB
srv        update:    - prompt 0x3221da0:     165 tokens, checkpoints:  0,    20.628 MiB
srv        update:    - prompt 0x3af2910:     131 tokens, checkpoints:  0,    16.377 MiB
srv        update:    - prompt 0x1a06780:     135 tokens, checkpoints:  0,    16.877 MiB
srv  get_availabl: prompt cache update took 3.05 ms
slot launch_slot_: id  1 | task -1 | sampler chain: logits -> ?penalties -> ?dry -> ?top-n-sigma -> top-k -> ?typical -> top-p -> min-p -> ?xtc -> temp-ext -> dist 
slot launch_slot_: id  1 | task 7979 | processing task, is_child = 0
slot slot_save_an: id  2 | task -1 | saving idle slot to prompt cache
srv   prompt_save:  - saving prompt with length 132, total state size = 16.502 MiB
slot prompt_clear: id  2 | task -1 | clearing prompt with 132 tokens
srv        update:  - cache state: 59 prompts, 1194.778 MiB (limits: 8192.000 MiB, 4096 tokens, 65527 est)
srv        update:    - prompt 0xf0ef60:     106 tokens, checkpoints:  0,    13.252 MiB
srv        update:    - prompt 0x4391140:     107 tokens, checkpoints:  0,    13.377 MiB
srv        update:    - prompt 0x32239b0:     106 tokens, checkpoints:  0,    13.252 MiB
srv        update:    - prompt 0x321b8b0:     107 tokens, checkpoints:  0,    13.377 MiB
srv        update:    - prompt 0x3221630:     105 tokens, checkpoints:  0,    13.127 MiB
srv        update:    - prompt 0x4390ba0:     110 tokens, checkpoints:  0,    13.752 MiB
srv        update:    - prompt 0x3223470:     116 tokens, checkpoints:  0,    14.502 MiB
srv        update:    - prompt 0x4394c10:     109 tokens, checkpoints:  0,    13.627 MiB
srv        update:    - prompt 0x3224910:     113 tokens, checkpoints:  0,    14.127 MiB
srv        update:    - prompt 0x3230c90:     108 tokens, checkpoints:  0,    13.502 MiB
srv        update:    - prompt 0x11f0c00:     108 tokens, checkpoints:  0,    13.502 MiB
srv        update:    - prompt 0xee47f0:     108 tokens, checkpoints:  0,    13.502 MiB
srv        update:    - prompt 0x438f4c0:     111 tokens, checkpoints:  0,    13.877 MiB
srv        update:    - prompt 0x438f580:     119 tokens, checkpoints:  0,    14.877 MiB
srv        update:    - prompt 0x4be6150:     123 tokens, checkpoints:  0,    15.377 MiB
srv        update:    - prompt 0x3adf6d0:     131 tokens, checkpoints:  0,    16.377 MiB
srv        update:    - prompt 0x43918f0:     130 tokens, checkpoints:  0,    16.252 MiB
srv        update:    - prompt 0x3225330:     107 tokens, checkpoints:  0,    13.377 MiB
srv        update:    - prompt 0x32291b0:     105 tokens, checkpoints:  0,    13.127 MiB
srv        update:    - prompt 0x1194e10:     110 tokens, checkpoints:  0,    13.752 MiB
srv        update:    - prompt 0x3ad1b20:     116 tokens, checkpoints:  0,    14.502 MiB
srv        update:    - prompt 0x3228110:     109 tokens, checkpoints:  0,    13.627 MiB
srv        update:    - prompt 0x3229090:     113 tokens, checkpoints:  0,    14.127 MiB
srv        update:    - prompt 0xee1a40:     108 tokens, checkpoints:  0,    13.502 MiB
srv        update:    - prompt 0x321f8d0:     108 tokens, checkpoints:  0,    13.502 MiB
srv        update:    - prompt 0xf0e5d0:     108 tokens, checkpoints:  0,    13.502 MiB
srv        update:    - prompt 0xee8970:     111 tokens, checkpoints:  0,    13.877 MiB
srv        update:    - prompt 0xef15a0:     119 tokens, checkpoints:  0,    14.877 MiB
srv        update:    - prompt 0x3219830:     123 tokens, checkpoints:  0,    15.377 MiB
srv        update:    - prompt 0xeec7b0:     131 tokens, checkpoints:  0,    16.377 MiB
srv        update:    - prompt 0x3227330:     130 tokens, checkpoints:  0,    16.252 MiB
srv        update:    - prompt 0xf0d980:     136 tokens, checkpoints:  0,    17.002 MiB
srv        update:    - prompt 0x11d5ce0:     136 tokens, checkpoints:  0,    17.002 MiB
srv        update:    - prompt 0x3220d10:     241 tokens, checkpoints:  0,    30.129 MiB
srv        update:    - prompt 0xfffdb80062a0:     325 tokens, checkpoints:  0,    40.629 MiB
srv        update:    - prompt 0xfffe140054f0:     363 tokens, checkpoints:  0,    45.380 MiB
srv        update:    - prompt 0xfffe08002440:     425 tokens, checkpoints:  0,    53.131 MiB
srv        update:    - prompt 0x438b420:     409 tokens, checkpoints:  0,    51.130 MiB
srv        update:    - prompt 0x3ad6d90:     412 tokens, checkpoints:  0,    51.505 MiB
srv        update:    - prompt 0x321c560:     418 tokens, checkpoints:  0,    52.256 MiB
srv        update:    - prompt 0x3af94b0:     415 tokens, checkpoints:  0,    51.880 MiB
srv        update:    - prompt 0x3224d60:     431 tokens, checkpoints:  0,    53.881 MiB
srv        update:    - prompt 0xef06d0:     431 tokens, checkpoints:  0,    53.881 MiB
srv        update:    - prompt 0xee3c20:     107 tokens, checkpoints:  0,    13.377 MiB
srv        update:    - prompt 0x321cfd0:     105 tokens, checkpoints:  0,    13.127 MiB
srv        update:    - prompt 0x43945e0:     110 tokens, checkpoints:  0,    13.752 MiB
srv        update:    - prompt 0xf0c750:     116 tokens, checkpoints:  0,    14.502 MiB
srv        update:    - prompt 0x3acf5e0:     109 tokens, checkpoints:  0,    13.627 MiB
srv        update:    - prompt 0xf0adf0:     113 tokens, checkpoints:  0,    14.127 MiB
srv        update:    - prompt 0x1197de0:     108 tokens, checkpoints:  0,    13.502 MiB
srv        update:    - prompt 0x118ff40:     108 tokens, checkpoints:  0,    13.502 MiB
srv        update:    - prompt 0x3aecb80:     108 tokens, checkpoints:  0,    13.502 MiB
srv        update:    - prompt 0x438a6f0:     111 tokens, checkpoints:  0,    13.877 MiB
srv        update:    - prompt 0x3aed0f0:     119 tokens, checkpoints:  0,    14.877 MiB
srv        update:    - prompt 0x32210f0:     123 tokens, checkpoints:  0,    15.377 MiB
srv        update:    - prompt 0x3221da0:     165 tokens, checkpoints:  0,    20.628 MiB
srv        update:    - prompt 0x3af2910:     131 tokens, checkpoints:  0,    16.377 MiB
srv        update:    - prompt 0x1a06780:     135 tokens, checkpoints:  0,    16.877 MiB
srv        update:    - prompt 0x3aeb3b0:     132 tokens, checkpoints:  0,    16.502 MiB
slot update_slots: id  1 | task 7979 | new prompt, n_ctx_slot = 4096, n_keep = 0, task.n_tokens = 47
slot update_slots: id  1 | task 7979 | n_tokens = 0, memory_seq_rm [0, end)
slot init_sampler: id  1 | task 7979 | init sampler, took 0.03 ms, tokens: text = 47, total = 47
slot update_slots: id  1 | task 7979 | prompt processing done, n_tokens = 47, batch.n_tokens = 47
srv  log_server_r: done request: POST /completion 127.0.0.1 200
slot print_timing: id  1 | task 7979 | 
prompt eval time =    2248.65 ms /    47 tokens (   47.84 ms per token,    20.90 tokens per second)
       eval time =    7170.28 ms /   100 tokens (   71.70 ms per token,    13.95 tokens per second)
      total time =    9418.93 ms /   147 tokens
slot      release: id  1 | task 7979 | stop processing: n_tokens = 146, truncated = 0
srv  update_slots: all slots are idle
slot get_availabl: id  0 | task -1 | selected slot by LRU, t_last = 290892085057
srv  get_availabl: updating prompt cache
srv          load:  - looking for better prompt, base f_keep = -1.000, sim = 0.000
srv        update:  - cache state: 59 prompts, 1194.778 MiB (limits: 8192.000 MiB, 4096 tokens, 65527 est)
srv        update:    - prompt 0xf0ef60:     106 tokens, checkpoints:  0,    13.252 MiB
srv        update:    - prompt 0x4391140:     107 tokens, checkpoints:  0,    13.377 MiB
srv        update:    - prompt 0x32239b0:     106 tokens, checkpoints:  0,    13.252 MiB
srv        update:    - prompt 0x321b8b0:     107 tokens, checkpoints:  0,    13.377 MiB
srv        update:    - prompt 0x3221630:     105 tokens, checkpoints:  0,    13.127 MiB
srv        update:    - prompt 0x4390ba0:     110 tokens, checkpoints:  0,    13.752 MiB
srv        update:    - prompt 0x3223470:     116 tokens, checkpoints:  0,    14.502 MiB
srv        update:    - prompt 0x4394c10:     109 tokens, checkpoints:  0,    13.627 MiB
srv        update:    - prompt 0x3224910:     113 tokens, checkpoints:  0,    14.127 MiB
srv        update:    - prompt 0x3230c90:     108 tokens, checkpoints:  0,    13.502 MiB
srv        update:    - prompt 0x11f0c00:     108 tokens, checkpoints:  0,    13.502 MiB
srv        update:    - prompt 0xee47f0:     108 tokens, checkpoints:  0,    13.502 MiB
srv        update:    - prompt 0x438f4c0:     111 tokens, checkpoints:  0,    13.877 MiB
srv        update:    - prompt 0x438f580:     119 tokens, checkpoints:  0,    14.877 MiB
srv        update:    - prompt 0x4be6150:     123 tokens, checkpoints:  0,    15.377 MiB
srv        update:    - prompt 0x3adf6d0:     131 tokens, checkpoints:  0,    16.377 MiB
srv        update:    - prompt 0x43918f0:     130 tokens, checkpoints:  0,    16.252 MiB
srv        update:    - prompt 0x3225330:     107 tokens, checkpoints:  0,    13.377 MiB
srv        update:    - prompt 0x32291b0:     105 tokens, checkpoints:  0,    13.127 MiB
srv        update:    - prompt 0x1194e10:     110 tokens, checkpoints:  0,    13.752 MiB
srv        update:    - prompt 0x3ad1b20:     116 tokens, checkpoints:  0,    14.502 MiB
srv        update:    - prompt 0x3228110:     109 tokens, checkpoints:  0,    13.627 MiB
srv        update:    - prompt 0x3229090:     113 tokens, checkpoints:  0,    14.127 MiB
srv        update:    - prompt 0xee1a40:     108 tokens, checkpoints:  0,    13.502 MiB
srv        update:    - prompt 0x321f8d0:     108 tokens, checkpoints:  0,    13.502 MiB
srv        update:    - prompt 0xf0e5d0:     108 tokens, checkpoints:  0,    13.502 MiB
srv        update:    - prompt 0xee8970:     111 tokens, checkpoints:  0,    13.877 MiB
srv        update:    - prompt 0xef15a0:     119 tokens, checkpoints:  0,    14.877 MiB
srv        update:    - prompt 0x3219830:     123 tokens, checkpoints:  0,    15.377 MiB
srv        update:    - prompt 0xeec7b0:     131 tokens, checkpoints:  0,    16.377 MiB
srv        update:    - prompt 0x3227330:     130 tokens, checkpoints:  0,    16.252 MiB
srv        update:    - prompt 0xf0d980:     136 tokens, checkpoints:  0,    17.002 MiB
srv        update:    - prompt 0x11d5ce0:     136 tokens, checkpoints:  0,    17.002 MiB
srv        update:    - prompt 0x3220d10:     241 tokens, checkpoints:  0,    30.129 MiB
srv        update:    - prompt 0xfffdb80062a0:     325 tokens, checkpoints:  0,    40.629 MiB
srv        update:    - prompt 0xfffe140054f0:     363 tokens, checkpoints:  0,    45.380 MiB
srv        update:    - prompt 0xfffe08002440:     425 tokens, checkpoints:  0,    53.131 MiB
srv        update:    - prompt 0x438b420:     409 tokens, checkpoints:  0,    51.130 MiB
srv        update:    - prompt 0x3ad6d90:     412 tokens, checkpoints:  0,    51.505 MiB
srv        update:    - prompt 0x321c560:     418 tokens, checkpoints:  0,    52.256 MiB
srv        update:    - prompt 0x3af94b0:     415 tokens, checkpoints:  0,    51.880 MiB
srv        update:    - prompt 0x3224d60:     431 tokens, checkpoints:  0,    53.881 MiB
srv        update:    - prompt 0xef06d0:     431 tokens, checkpoints:  0,    53.881 MiB
srv        update:    - prompt 0xee3c20:     107 tokens, checkpoints:  0,    13.377 MiB
srv        update:    - prompt 0x321cfd0:     105 tokens, checkpoints:  0,    13.127 MiB
srv        update:    - prompt 0x43945e0:     110 tokens, checkpoints:  0,    13.752 MiB
srv        update:    - prompt 0xf0c750:     116 tokens, checkpoints:  0,    14.502 MiB
srv        update:    - prompt 0x3acf5e0:     109 tokens, checkpoints:  0,    13.627 MiB
srv        update:    - prompt 0xf0adf0:     113 tokens, checkpoints:  0,    14.127 MiB
srv        update:    - prompt 0x1197de0:     108 tokens, checkpoints:  0,    13.502 MiB
srv        update:    - prompt 0x118ff40:     108 tokens, checkpoints:  0,    13.502 MiB
srv        update:    - prompt 0x3aecb80:     108 tokens, checkpoints:  0,    13.502 MiB
srv        update:    - prompt 0x438a6f0:     111 tokens, checkpoints:  0,    13.877 MiB
srv        update:    - prompt 0x3aed0f0:     119 tokens, checkpoints:  0,    14.877 MiB
srv        update:    - prompt 0x32210f0:     123 tokens, checkpoints:  0,    15.377 MiB
srv        update:    - prompt 0x3221da0:     165 tokens, checkpoints:  0,    20.628 MiB
srv        update:    - prompt 0x3af2910:     131 tokens, checkpoints:  0,    16.377 MiB
srv        update:    - prompt 0x1a06780:     135 tokens, checkpoints:  0,    16.877 MiB
srv        update:    - prompt 0x3aeb3b0:     132 tokens, checkpoints:  0,    16.502 MiB
srv  get_availabl: prompt cache update took 0.26 ms
slot launch_slot_: id  0 | task -1 | sampler chain: logits -> ?penalties -> ?dry -> ?top-n-sigma -> top-k -> ?typical -> top-p -> min-p -> ?xtc -> temp-ext -> dist 
slot launch_slot_: id  0 | task 8080 | processing task, is_child = 0
slot slot_save_an: id  1 | task -1 | saving idle slot to prompt cache
srv   prompt_save:  - saving prompt with length 146, total state size = 18.252 MiB
slot prompt_clear: id  1 | task -1 | clearing prompt with 146 tokens
srv        update:  - cache state: 60 prompts, 1213.031 MiB (limits: 8192.000 MiB, 4096 tokens, 65527 est)
srv        update:    - prompt 0xf0ef60:     106 tokens, checkpoints:  0,    13.252 MiB
srv        update:    - prompt 0x4391140:     107 tokens, checkpoints:  0,    13.377 MiB
srv        update:    - prompt 0x32239b0:     106 tokens, checkpoints:  0,    13.252 MiB
srv        update:    - prompt 0x321b8b0:     107 tokens, checkpoints:  0,    13.377 MiB
srv        update:    - prompt 0x3221630:     105 tokens, checkpoints:  0,    13.127 MiB
srv        update:    - prompt 0x4390ba0:     110 tokens, checkpoints:  0,    13.752 MiB
srv        update:    - prompt 0x3223470:     116 tokens, checkpoints:  0,    14.502 MiB
srv        update:    - prompt 0x4394c10:     109 tokens, checkpoints:  0,    13.627 MiB
srv        update:    - prompt 0x3224910:     113 tokens, checkpoints:  0,    14.127 MiB
srv        update:    - prompt 0x3230c90:     108 tokens, checkpoints:  0,    13.502 MiB
srv        update:    - prompt 0x11f0c00:     108 tokens, checkpoints:  0,    13.502 MiB
srv        update:    - prompt 0xee47f0:     108 tokens, checkpoints:  0,    13.502 MiB
srv        update:    - prompt 0x438f4c0:     111 tokens, checkpoints:  0,    13.877 MiB
srv        update:    - prompt 0x438f580:     119 tokens, checkpoints:  0,    14.877 MiB
srv        update:    - prompt 0x4be6150:     123 tokens, checkpoints:  0,    15.377 MiB
srv        update:    - prompt 0x3adf6d0:     131 tokens, checkpoints:  0,    16.377 MiB
srv        update:    - prompt 0x43918f0:     130 tokens, checkpoints:  0,    16.252 MiB
srv        update:    - prompt 0x3225330:     107 tokens, checkpoints:  0,    13.377 MiB
srv        update:    - prompt 0x32291b0:     105 tokens, checkpoints:  0,    13.127 MiB
srv        update:    - prompt 0x1194e10:     110 tokens, checkpoints:  0,    13.752 MiB
srv        update:    - prompt 0x3ad1b20:     116 tokens, checkpoints:  0,    14.502 MiB
srv        update:    - prompt 0x3228110:     109 tokens, checkpoints:  0,    13.627 MiB
srv        update:    - prompt 0x3229090:     113 tokens, checkpoints:  0,    14.127 MiB
srv        update:    - prompt 0xee1a40:     108 tokens, checkpoints:  0,    13.502 MiB
srv        update:    - prompt 0x321f8d0:     108 tokens, checkpoints:  0,    13.502 MiB
srv        update:    - prompt 0xf0e5d0:     108 tokens, checkpoints:  0,    13.502 MiB
srv        update:    - prompt 0xee8970:     111 tokens, checkpoints:  0,    13.877 MiB
srv        update:    - prompt 0xef15a0:     119 tokens, checkpoints:  0,    14.877 MiB
srv        update:    - prompt 0x3219830:     123 tokens, checkpoints:  0,    15.377 MiB
srv        update:    - prompt 0xeec7b0:     131 tokens, checkpoints:  0,    16.377 MiB
srv        update:    - prompt 0x3227330:     130 tokens, checkpoints:  0,    16.252 MiB
srv        update:    - prompt 0xf0d980:     136 tokens, checkpoints:  0,    17.002 MiB
srv        update:    - prompt 0x11d5ce0:     136 tokens, checkpoints:  0,    17.002 MiB
srv        update:    - prompt 0x3220d10:     241 tokens, checkpoints:  0,    30.129 MiB
srv        update:    - prompt 0xfffdb80062a0:     325 tokens, checkpoints:  0,    40.629 MiB
srv        update:    - prompt 0xfffe140054f0:     363 tokens, checkpoints:  0,    45.380 MiB
srv        update:    - prompt 0xfffe08002440:     425 tokens, checkpoints:  0,    53.131 MiB
srv        update:    - prompt 0x438b420:     409 tokens, checkpoints:  0,    51.130 MiB
srv        update:    - prompt 0x3ad6d90:     412 tokens, checkpoints:  0,    51.505 MiB
srv        update:    - prompt 0x321c560:     418 tokens, checkpoints:  0,    52.256 MiB
srv        update:    - prompt 0x3af94b0:     415 tokens, checkpoints:  0,    51.880 MiB
srv        update:    - prompt 0x3224d60:     431 tokens, checkpoints:  0,    53.881 MiB
srv        update:    - prompt 0xef06d0:     431 tokens, checkpoints:  0,    53.881 MiB
srv        update:    - prompt 0xee3c20:     107 tokens, checkpoints:  0,    13.377 MiB
srv        update:    - prompt 0x321cfd0:     105 tokens, checkpoints:  0,    13.127 MiB
srv        update:    - prompt 0x43945e0:     110 tokens, checkpoints:  0,    13.752 MiB
srv        update:    - prompt 0xf0c750:     116 tokens, checkpoints:  0,    14.502 MiB
srv        update:    - prompt 0x3acf5e0:     109 tokens, checkpoints:  0,    13.627 MiB
srv        update:    - prompt 0xf0adf0:     113 tokens, checkpoints:  0,    14.127 MiB
srv        update:    - prompt 0x1197de0:     108 tokens, checkpoints:  0,    13.502 MiB
srv        update:    - prompt 0x118ff40:     108 tokens, checkpoints:  0,    13.502 MiB
srv        update:    - prompt 0x3aecb80:     108 tokens, checkpoints:  0,    13.502 MiB
srv        update:    - prompt 0x438a6f0:     111 tokens, checkpoints:  0,    13.877 MiB
srv        update:    - prompt 0x3aed0f0:     119 tokens, checkpoints:  0,    14.877 MiB
srv        update:    - prompt 0x32210f0:     123 tokens, checkpoints:  0,    15.377 MiB
srv        update:    - prompt 0x3221da0:     165 tokens, checkpoints:  0,    20.628 MiB
srv        update:    - prompt 0x3af2910:     131 tokens, checkpoints:  0,    16.377 MiB
srv        update:    - prompt 0x1a06780:     135 tokens, checkpoints:  0,    16.877 MiB
srv        update:    - prompt 0x3aeb3b0:     132 tokens, checkpoints:  0,    16.502 MiB
srv        update:    - prompt 0x438a630:     146 tokens, checkpoints:  0,    18.252 MiB
slot update_slots: id  0 | task 8080 | new prompt, n_ctx_slot = 4096, n_keep = 0, task.n_tokens = 31
slot update_slots: id  0 | task 8080 | n_tokens = 0, memory_seq_rm [0, end)
slot init_sampler: id  0 | task 8080 | init sampler, took 0.02 ms, tokens: text = 31, total = 31
slot update_slots: id  0 | task 8080 | prompt processing done, n_tokens = 31, batch.n_tokens = 31
srv  log_server_r: done request: POST /completion 127.0.0.1 200
slot print_timing: id  0 | task 8080 | 
prompt eval time =    1514.06 ms /    31 tokens (   48.84 ms per token,    20.47 tokens per second)
       eval time =    7451.52 ms /   100 tokens (   74.52 ms per token,    13.42 tokens per second)
      total time =    8965.58 ms /   131 tokens
slot      release: id  0 | task 8080 | stop processing: n_tokens = 130, truncated = 0
srv  update_slots: all slots are idle
slot get_availabl: id  3 | task -1 | selected slot by LRU, t_last = 290902581835
srv  get_availabl: updating prompt cache
srv          load:  - looking for better prompt, base f_keep = -1.000, sim = 0.000
srv          load:  - found better prompt with f_keep = 0.272, sim = 1.000
srv        update:  - cache state: 59 prompts, 1196.029 MiB (limits: 8192.000 MiB, 4096 tokens, 65527 est)
srv        update:    - prompt 0xf0ef60:     106 tokens, checkpoints:  0,    13.252 MiB
srv        update:    - prompt 0x4391140:     107 tokens, checkpoints:  0,    13.377 MiB
srv        update:    - prompt 0x32239b0:     106 tokens, checkpoints:  0,    13.252 MiB
srv        update:    - prompt 0x321b8b0:     107 tokens, checkpoints:  0,    13.377 MiB
srv        update:    - prompt 0x3221630:     105 tokens, checkpoints:  0,    13.127 MiB
srv        update:    - prompt 0x4390ba0:     110 tokens, checkpoints:  0,    13.752 MiB
srv        update:    - prompt 0x3223470:     116 tokens, checkpoints:  0,    14.502 MiB
srv        update:    - prompt 0x4394c10:     109 tokens, checkpoints:  0,    13.627 MiB
srv        update:    - prompt 0x3224910:     113 tokens, checkpoints:  0,    14.127 MiB
srv        update:    - prompt 0x3230c90:     108 tokens, checkpoints:  0,    13.502 MiB
srv        update:    - prompt 0x11f0c00:     108 tokens, checkpoints:  0,    13.502 MiB
srv        update:    - prompt 0xee47f0:     108 tokens, checkpoints:  0,    13.502 MiB
srv        update:    - prompt 0x438f4c0:     111 tokens, checkpoints:  0,    13.877 MiB
srv        update:    - prompt 0x438f580:     119 tokens, checkpoints:  0,    14.877 MiB
srv        update:    - prompt 0x4be6150:     123 tokens, checkpoints:  0,    15.377 MiB
srv        update:    - prompt 0x3adf6d0:     131 tokens, checkpoints:  0,    16.377 MiB
srv        update:    - prompt 0x43918f0:     130 tokens, checkpoints:  0,    16.252 MiB
srv        update:    - prompt 0x3225330:     107 tokens, checkpoints:  0,    13.377 MiB
srv        update:    - prompt 0x32291b0:     105 tokens, checkpoints:  0,    13.127 MiB
srv        update:    - prompt 0x1194e10:     110 tokens, checkpoints:  0,    13.752 MiB
srv        update:    - prompt 0x3ad1b20:     116 tokens, checkpoints:  0,    14.502 MiB
srv        update:    - prompt 0x3228110:     109 tokens, checkpoints:  0,    13.627 MiB
srv        update:    - prompt 0x3229090:     113 tokens, checkpoints:  0,    14.127 MiB
srv        update:    - prompt 0xee1a40:     108 tokens, checkpoints:  0,    13.502 MiB
srv        update:    - prompt 0x321f8d0:     108 tokens, checkpoints:  0,    13.502 MiB
srv        update:    - prompt 0xf0e5d0:     108 tokens, checkpoints:  0,    13.502 MiB
srv        update:    - prompt 0xee8970:     111 tokens, checkpoints:  0,    13.877 MiB
srv        update:    - prompt 0xef15a0:     119 tokens, checkpoints:  0,    14.877 MiB
srv        update:    - prompt 0x3219830:     123 tokens, checkpoints:  0,    15.377 MiB
srv        update:    - prompt 0xeec7b0:     131 tokens, checkpoints:  0,    16.377 MiB
srv        update:    - prompt 0x3227330:     130 tokens, checkpoints:  0,    16.252 MiB
srv        update:    - prompt 0x11d5ce0:     136 tokens, checkpoints:  0,    17.002 MiB
srv        update:    - prompt 0x3220d10:     241 tokens, checkpoints:  0,    30.129 MiB
srv        update:    - prompt 0xfffdb80062a0:     325 tokens, checkpoints:  0,    40.629 MiB
srv        update:    - prompt 0xfffe140054f0:     363 tokens, checkpoints:  0,    45.380 MiB
srv        update:    - prompt 0xfffe08002440:     425 tokens, checkpoints:  0,    53.131 MiB
srv        update:    - prompt 0x438b420:     409 tokens, checkpoints:  0,    51.130 MiB
srv        update:    - prompt 0x3ad6d90:     412 tokens, checkpoints:  0,    51.505 MiB
srv        update:    - prompt 0x321c560:     418 tokens, checkpoints:  0,    52.256 MiB
srv        update:    - prompt 0x3af94b0:     415 tokens, checkpoints:  0,    51.880 MiB
srv        update:    - prompt 0x3224d60:     431 tokens, checkpoints:  0,    53.881 MiB
srv        update:    - prompt 0xef06d0:     431 tokens, checkpoints:  0,    53.881 MiB
srv        update:    - prompt 0xee3c20:     107 tokens, checkpoints:  0,    13.377 MiB
srv        update:    - prompt 0x321cfd0:     105 tokens, checkpoints:  0,    13.127 MiB
srv        update:    - prompt 0x43945e0:     110 tokens, checkpoints:  0,    13.752 MiB
srv        update:    - prompt 0xf0c750:     116 tokens, checkpoints:  0,    14.502 MiB
srv        update:    - prompt 0x3acf5e0:     109 tokens, checkpoints:  0,    13.627 MiB
srv        update:    - prompt 0xf0adf0:     113 tokens, checkpoints:  0,    14.127 MiB
srv        update:    - prompt 0x1197de0:     108 tokens, checkpoints:  0,    13.502 MiB
srv        update:    - prompt 0x118ff40:     108 tokens, checkpoints:  0,    13.502 MiB
srv        update:    - prompt 0x3aecb80:     108 tokens, checkpoints:  0,    13.502 MiB
srv        update:    - prompt 0x438a6f0:     111 tokens, checkpoints:  0,    13.877 MiB
srv        update:    - prompt 0x3aed0f0:     119 tokens, checkpoints:  0,    14.877 MiB
srv        update:    - prompt 0x32210f0:     123 tokens, checkpoints:  0,    15.377 MiB
srv        update:    - prompt 0x3221da0:     165 tokens, checkpoints:  0,    20.628 MiB
srv        update:    - prompt 0x3af2910:     131 tokens, checkpoints:  0,    16.377 MiB
srv        update:    - prompt 0x1a06780:     135 tokens, checkpoints:  0,    16.877 MiB
srv        update:    - prompt 0x3aeb3b0:     132 tokens, checkpoints:  0,    16.502 MiB
srv        update:    - prompt 0x438a630:     146 tokens, checkpoints:  0,    18.252 MiB
srv  get_availabl: prompt cache update took 3.26 ms
slot launch_slot_: id  3 | task -1 | sampler chain: logits -> ?penalties -> ?dry -> ?top-n-sigma -> top-k -> ?typical -> top-p -> min-p -> ?xtc -> temp-ext -> dist 
slot launch_slot_: id  3 | task 8181 | processing task, is_child = 0
slot slot_save_an: id  0 | task -1 | saving idle slot to prompt cache
srv   prompt_save:  - saving prompt with length 130, total state size = 16.252 MiB
slot prompt_clear: id  0 | task -1 | clearing prompt with 130 tokens
srv        update:  - cache state: 60 prompts, 1212.281 MiB (limits: 8192.000 MiB, 4096 tokens, 65527 est)
srv        update:    - prompt 0xf0ef60:     106 tokens, checkpoints:  0,    13.252 MiB
srv        update:    - prompt 0x4391140:     107 tokens, checkpoints:  0,    13.377 MiB
srv        update:    - prompt 0x32239b0:     106 tokens, checkpoints:  0,    13.252 MiB
srv        update:    - prompt 0x321b8b0:     107 tokens, checkpoints:  0,    13.377 MiB
srv        update:    - prompt 0x3221630:     105 tokens, checkpoints:  0,    13.127 MiB
srv        update:    - prompt 0x4390ba0:     110 tokens, checkpoints:  0,    13.752 MiB
srv        update:    - prompt 0x3223470:     116 tokens, checkpoints:  0,    14.502 MiB
srv        update:    - prompt 0x4394c10:     109 tokens, checkpoints:  0,    13.627 MiB
srv        update:    - prompt 0x3224910:     113 tokens, checkpoints:  0,    14.127 MiB
srv        update:    - prompt 0x3230c90:     108 tokens, checkpoints:  0,    13.502 MiB
srv        update:    - prompt 0x11f0c00:     108 tokens, checkpoints:  0,    13.502 MiB
srv        update:    - prompt 0xee47f0:     108 tokens, checkpoints:  0,    13.502 MiB
srv        update:    - prompt 0x438f4c0:     111 tokens, checkpoints:  0,    13.877 MiB
srv        update:    - prompt 0x438f580:     119 tokens, checkpoints:  0,    14.877 MiB
srv        update:    - prompt 0x4be6150:     123 tokens, checkpoints:  0,    15.377 MiB
srv        update:    - prompt 0x3adf6d0:     131 tokens, checkpoints:  0,    16.377 MiB
srv        update:    - prompt 0x43918f0:     130 tokens, checkpoints:  0,    16.252 MiB
srv        update:    - prompt 0x3225330:     107 tokens, checkpoints:  0,    13.377 MiB
srv        update:    - prompt 0x32291b0:     105 tokens, checkpoints:  0,    13.127 MiB
srv        update:    - prompt 0x1194e10:     110 tokens, checkpoints:  0,    13.752 MiB
srv        update:    - prompt 0x3ad1b20:     116 tokens, checkpoints:  0,    14.502 MiB
srv        update:    - prompt 0x3228110:     109 tokens, checkpoints:  0,    13.627 MiB
srv        update:    - prompt 0x3229090:     113 tokens, checkpoints:  0,    14.127 MiB
srv        update:    - prompt 0xee1a40:     108 tokens, checkpoints:  0,    13.502 MiB
srv        update:    - prompt 0x321f8d0:     108 tokens, checkpoints:  0,    13.502 MiB
srv        update:    - prompt 0xf0e5d0:     108 tokens, checkpoints:  0,    13.502 MiB
srv        update:    - prompt 0xee8970:     111 tokens, checkpoints:  0,    13.877 MiB
srv        update:    - prompt 0xef15a0:     119 tokens, checkpoints:  0,    14.877 MiB
srv        update:    - prompt 0x3219830:     123 tokens, checkpoints:  0,    15.377 MiB
srv        update:    - prompt 0xeec7b0:     131 tokens, checkpoints:  0,    16.377 MiB
srv        update:    - prompt 0x3227330:     130 tokens, checkpoints:  0,    16.252 MiB
srv        update:    - prompt 0x11d5ce0:     136 tokens, checkpoints:  0,    17.002 MiB
srv        update:    - prompt 0x3220d10:     241 tokens, checkpoints:  0,    30.129 MiB
srv        update:    - prompt 0xfffdb80062a0:     325 tokens, checkpoints:  0,    40.629 MiB
srv        update:    - prompt 0xfffe140054f0:     363 tokens, checkpoints:  0,    45.380 MiB
srv        update:    - prompt 0xfffe08002440:     425 tokens, checkpoints:  0,    53.131 MiB
srv        update:    - prompt 0x438b420:     409 tokens, checkpoints:  0,    51.130 MiB
srv        update:    - prompt 0x3ad6d90:     412 tokens, checkpoints:  0,    51.505 MiB
srv        update:    - prompt 0x321c560:     418 tokens, checkpoints:  0,    52.256 MiB
srv        update:    - prompt 0x3af94b0:     415 tokens, checkpoints:  0,    51.880 MiB
srv        update:    - prompt 0x3224d60:     431 tokens, checkpoints:  0,    53.881 MiB
srv        update:    - prompt 0xef06d0:     431 tokens, checkpoints:  0,    53.881 MiB
srv        update:    - prompt 0xee3c20:     107 tokens, checkpoints:  0,    13.377 MiB
srv        update:    - prompt 0x321cfd0:     105 tokens, checkpoints:  0,    13.127 MiB
srv        update:    - prompt 0x43945e0:     110 tokens, checkpoints:  0,    13.752 MiB
srv        update:    - prompt 0xf0c750:     116 tokens, checkpoints:  0,    14.502 MiB
srv        update:    - prompt 0x3acf5e0:     109 tokens, checkpoints:  0,    13.627 MiB
srv        update:    - prompt 0xf0adf0:     113 tokens, checkpoints:  0,    14.127 MiB
srv        update:    - prompt 0x1197de0:     108 tokens, checkpoints:  0,    13.502 MiB
srv        update:    - prompt 0x118ff40:     108 tokens, checkpoints:  0,    13.502 MiB
srv        update:    - prompt 0x3aecb80:     108 tokens, checkpoints:  0,    13.502 MiB
srv        update:    - prompt 0x438a6f0:     111 tokens, checkpoints:  0,    13.877 MiB
srv        update:    - prompt 0x3aed0f0:     119 tokens, checkpoints:  0,    14.877 MiB
srv        update:    - prompt 0x32210f0:     123 tokens, checkpoints:  0,    15.377 MiB
srv        update:    - prompt 0x3221da0:     165 tokens, checkpoints:  0,    20.628 MiB
srv        update:    - prompt 0x3af2910:     131 tokens, checkpoints:  0,    16.377 MiB
srv        update:    - prompt 0x1a06780:     135 tokens, checkpoints:  0,    16.877 MiB
srv        update:    - prompt 0x3aeb3b0:     132 tokens, checkpoints:  0,    16.502 MiB
srv        update:    - prompt 0x438a630:     146 tokens, checkpoints:  0,    18.252 MiB
srv        update:    - prompt 0xee04b0:     130 tokens, checkpoints:  0,    16.252 MiB
slot update_slots: id  3 | task 8181 | new prompt, n_ctx_slot = 4096, n_keep = 0, task.n_tokens = 37
slot update_slots: id  3 | task 8181 | n_tokens = 0, memory_seq_rm [0, end)
slot init_sampler: id  3 | task 8181 | init sampler, took 0.02 ms, tokens: text = 37, total = 37
slot update_slots: id  3 | task 8181 | prompt processing done, n_tokens = 37, batch.n_tokens = 37
srv  log_server_r: done request: POST /completion 127.0.0.1 200
slot print_timing: id  3 | task 8181 | 
prompt eval time =    1775.65 ms /    37 tokens (   47.99 ms per token,    20.84 tokens per second)
       eval time =    7543.69 ms /   100 tokens (   75.44 ms per token,    13.26 tokens per second)
      total time =    9319.34 ms /   137 tokens
slot      release: id  3 | task 8181 | stop processing: n_tokens = 136, truncated = 0
srv  update_slots: all slots are idle
slot get_availabl: id  2 | task -1 | selected slot by LRU, t_last = 290912345636
srv  get_availabl: updating prompt cache
srv          load:  - looking for better prompt, base f_keep = -1.000, sim = 0.000
srv          load:  - found better prompt with f_keep = 0.272, sim = 1.000
srv        update:  - cache state: 59 prompts, 1195.279 MiB (limits: 8192.000 MiB, 4096 tokens, 65527 est)
srv        update:    - prompt 0xf0ef60:     106 tokens, checkpoints:  0,    13.252 MiB
srv        update:    - prompt 0x4391140:     107 tokens, checkpoints:  0,    13.377 MiB
srv        update:    - prompt 0x32239b0:     106 tokens, checkpoints:  0,    13.252 MiB
srv        update:    - prompt 0x321b8b0:     107 tokens, checkpoints:  0,    13.377 MiB
srv        update:    - prompt 0x3221630:     105 tokens, checkpoints:  0,    13.127 MiB
srv        update:    - prompt 0x4390ba0:     110 tokens, checkpoints:  0,    13.752 MiB
srv        update:    - prompt 0x3223470:     116 tokens, checkpoints:  0,    14.502 MiB
srv        update:    - prompt 0x4394c10:     109 tokens, checkpoints:  0,    13.627 MiB
srv        update:    - prompt 0x3224910:     113 tokens, checkpoints:  0,    14.127 MiB
srv        update:    - prompt 0x3230c90:     108 tokens, checkpoints:  0,    13.502 MiB
srv        update:    - prompt 0x11f0c00:     108 tokens, checkpoints:  0,    13.502 MiB
srv        update:    - prompt 0xee47f0:     108 tokens, checkpoints:  0,    13.502 MiB
srv        update:    - prompt 0x438f4c0:     111 tokens, checkpoints:  0,    13.877 MiB
srv        update:    - prompt 0x438f580:     119 tokens, checkpoints:  0,    14.877 MiB
srv        update:    - prompt 0x4be6150:     123 tokens, checkpoints:  0,    15.377 MiB
srv        update:    - prompt 0x3adf6d0:     131 tokens, checkpoints:  0,    16.377 MiB
srv        update:    - prompt 0x43918f0:     130 tokens, checkpoints:  0,    16.252 MiB
srv        update:    - prompt 0x3225330:     107 tokens, checkpoints:  0,    13.377 MiB
srv        update:    - prompt 0x32291b0:     105 tokens, checkpoints:  0,    13.127 MiB
srv        update:    - prompt 0x1194e10:     110 tokens, checkpoints:  0,    13.752 MiB
srv        update:    - prompt 0x3ad1b20:     116 tokens, checkpoints:  0,    14.502 MiB
srv        update:    - prompt 0x3228110:     109 tokens, checkpoints:  0,    13.627 MiB
srv        update:    - prompt 0x3229090:     113 tokens, checkpoints:  0,    14.127 MiB
srv        update:    - prompt 0xee1a40:     108 tokens, checkpoints:  0,    13.502 MiB
srv        update:    - prompt 0x321f8d0:     108 tokens, checkpoints:  0,    13.502 MiB
srv        update:    - prompt 0xf0e5d0:     108 tokens, checkpoints:  0,    13.502 MiB
srv        update:    - prompt 0xee8970:     111 tokens, checkpoints:  0,    13.877 MiB
srv        update:    - prompt 0xef15a0:     119 tokens, checkpoints:  0,    14.877 MiB
srv        update:    - prompt 0x3219830:     123 tokens, checkpoints:  0,    15.377 MiB
srv        update:    - prompt 0xeec7b0:     131 tokens, checkpoints:  0,    16.377 MiB
srv        update:    - prompt 0x3227330:     130 tokens, checkpoints:  0,    16.252 MiB
srv        update:    - prompt 0x3220d10:     241 tokens, checkpoints:  0,    30.129 MiB
srv        update:    - prompt 0xfffdb80062a0:     325 tokens, checkpoints:  0,    40.629 MiB
srv        update:    - prompt 0xfffe140054f0:     363 tokens, checkpoints:  0,    45.380 MiB
srv        update:    - prompt 0xfffe08002440:     425 tokens, checkpoints:  0,    53.131 MiB
srv        update:    - prompt 0x438b420:     409 tokens, checkpoints:  0,    51.130 MiB
srv        update:    - prompt 0x3ad6d90:     412 tokens, checkpoints:  0,    51.505 MiB
srv        update:    - prompt 0x321c560:     418 tokens, checkpoints:  0,    52.256 MiB
srv        update:    - prompt 0x3af94b0:     415 tokens, checkpoints:  0,    51.880 MiB
srv        update:    - prompt 0x3224d60:     431 tokens, checkpoints:  0,    53.881 MiB
srv        update:    - prompt 0xef06d0:     431 tokens, checkpoints:  0,    53.881 MiB
srv        update:    - prompt 0xee3c20:     107 tokens, checkpoints:  0,    13.377 MiB
srv        update:    - prompt 0x321cfd0:     105 tokens, checkpoints:  0,    13.127 MiB
srv        update:    - prompt 0x43945e0:     110 tokens, checkpoints:  0,    13.752 MiB
srv        update:    - prompt 0xf0c750:     116 tokens, checkpoints:  0,    14.502 MiB
srv        update:    - prompt 0x3acf5e0:     109 tokens, checkpoints:  0,    13.627 MiB
srv        update:    - prompt 0xf0adf0:     113 tokens, checkpoints:  0,    14.127 MiB
srv        update:    - prompt 0x1197de0:     108 tokens, checkpoints:  0,    13.502 MiB
srv        update:    - prompt 0x118ff40:     108 tokens, checkpoints:  0,    13.502 MiB
srv        update:    - prompt 0x3aecb80:     108 tokens, checkpoints:  0,    13.502 MiB
srv        update:    - prompt 0x438a6f0:     111 tokens, checkpoints:  0,    13.877 MiB
srv        update:    - prompt 0x3aed0f0:     119 tokens, checkpoints:  0,    14.877 MiB
srv        update:    - prompt 0x32210f0:     123 tokens, checkpoints:  0,    15.377 MiB
srv        update:    - prompt 0x3221da0:     165 tokens, checkpoints:  0,    20.628 MiB
srv        update:    - prompt 0x3af2910:     131 tokens, checkpoints:  0,    16.377 MiB
srv        update:    - prompt 0x1a06780:     135 tokens, checkpoints:  0,    16.877 MiB
srv        update:    - prompt 0x3aeb3b0:     132 tokens, checkpoints:  0,    16.502 MiB
srv        update:    - prompt 0x438a630:     146 tokens, checkpoints:  0,    18.252 MiB
srv        update:    - prompt 0xee04b0:     130 tokens, checkpoints:  0,    16.252 MiB
srv  get_availabl: prompt cache update took 2.79 ms
slot launch_slot_: id  2 | task -1 | sampler chain: logits -> ?penalties -> ?dry -> ?top-n-sigma -> top-k -> ?typical -> top-p -> min-p -> ?xtc -> temp-ext -> dist 
slot launch_slot_: id  2 | task 8282 | processing task, is_child = 0
slot slot_save_an: id  3 | task -1 | saving idle slot to prompt cache
srv   prompt_save:  - saving prompt with length 136, total state size = 17.002 MiB
slot prompt_clear: id  3 | task -1 | clearing prompt with 136 tokens
srv        update:  - cache state: 60 prompts, 1212.281 MiB (limits: 8192.000 MiB, 4096 tokens, 65527 est)
srv        update:    - prompt 0xf0ef60:     106 tokens, checkpoints:  0,    13.252 MiB
srv        update:    - prompt 0x4391140:     107 tokens, checkpoints:  0,    13.377 MiB
srv        update:    - prompt 0x32239b0:     106 tokens, checkpoints:  0,    13.252 MiB
srv        update:    - prompt 0x321b8b0:     107 tokens, checkpoints:  0,    13.377 MiB
srv        update:    - prompt 0x3221630:     105 tokens, checkpoints:  0,    13.127 MiB
srv        update:    - prompt 0x4390ba0:     110 tokens, checkpoints:  0,    13.752 MiB
srv        update:    - prompt 0x3223470:     116 tokens, checkpoints:  0,    14.502 MiB
srv        update:    - prompt 0x4394c10:     109 tokens, checkpoints:  0,    13.627 MiB
srv        update:    - prompt 0x3224910:     113 tokens, checkpoints:  0,    14.127 MiB
srv        update:    - prompt 0x3230c90:     108 tokens, checkpoints:  0,    13.502 MiB
srv        update:    - prompt 0x11f0c00:     108 tokens, checkpoints:  0,    13.502 MiB
srv        update:    - prompt 0xee47f0:     108 tokens, checkpoints:  0,    13.502 MiB
srv        update:    - prompt 0x438f4c0:     111 tokens, checkpoints:  0,    13.877 MiB
srv        update:    - prompt 0x438f580:     119 tokens, checkpoints:  0,    14.877 MiB
srv        update:    - prompt 0x4be6150:     123 tokens, checkpoints:  0,    15.377 MiB
srv        update:    - prompt 0x3adf6d0:     131 tokens, checkpoints:  0,    16.377 MiB
srv        update:    - prompt 0x43918f0:     130 tokens, checkpoints:  0,    16.252 MiB
srv        update:    - prompt 0x3225330:     107 tokens, checkpoints:  0,    13.377 MiB
srv        update:    - prompt 0x32291b0:     105 tokens, checkpoints:  0,    13.127 MiB
srv        update:    - prompt 0x1194e10:     110 tokens, checkpoints:  0,    13.752 MiB
srv        update:    - prompt 0x3ad1b20:     116 tokens, checkpoints:  0,    14.502 MiB
srv        update:    - prompt 0x3228110:     109 tokens, checkpoints:  0,    13.627 MiB
srv        update:    - prompt 0x3229090:     113 tokens, checkpoints:  0,    14.127 MiB
srv        update:    - prompt 0xee1a40:     108 tokens, checkpoints:  0,    13.502 MiB
srv        update:    - prompt 0x321f8d0:     108 tokens, checkpoints:  0,    13.502 MiB
srv        update:    - prompt 0xf0e5d0:     108 tokens, checkpoints:  0,    13.502 MiB
srv        update:    - prompt 0xee8970:     111 tokens, checkpoints:  0,    13.877 MiB
srv        update:    - prompt 0xef15a0:     119 tokens, checkpoints:  0,    14.877 MiB
srv        update:    - prompt 0x3219830:     123 tokens, checkpoints:  0,    15.377 MiB
srv        update:    - prompt 0xeec7b0:     131 tokens, checkpoints:  0,    16.377 MiB
srv        update:    - prompt 0x3227330:     130 tokens, checkpoints:  0,    16.252 MiB
srv        update:    - prompt 0x3220d10:     241 tokens, checkpoints:  0,    30.129 MiB
srv        update:    - prompt 0xfffdb80062a0:     325 tokens, checkpoints:  0,    40.629 MiB
srv        update:    - prompt 0xfffe140054f0:     363 tokens, checkpoints:  0,    45.380 MiB
srv        update:    - prompt 0xfffe08002440:     425 tokens, checkpoints:  0,    53.131 MiB
srv        update:    - prompt 0x438b420:     409 tokens, checkpoints:  0,    51.130 MiB
srv        update:    - prompt 0x3ad6d90:     412 tokens, checkpoints:  0,    51.505 MiB
srv        update:    - prompt 0x321c560:     418 tokens, checkpoints:  0,    52.256 MiB
srv        update:    - prompt 0x3af94b0:     415 tokens, checkpoints:  0,    51.880 MiB
srv        update:    - prompt 0x3224d60:     431 tokens, checkpoints:  0,    53.881 MiB
srv        update:    - prompt 0xef06d0:     431 tokens, checkpoints:  0,    53.881 MiB
srv        update:    - prompt 0xee3c20:     107 tokens, checkpoints:  0,    13.377 MiB
srv        update:    - prompt 0x321cfd0:     105 tokens, checkpoints:  0,    13.127 MiB
srv        update:    - prompt 0x43945e0:     110 tokens, checkpoints:  0,    13.752 MiB
srv        update:    - prompt 0xf0c750:     116 tokens, checkpoints:  0,    14.502 MiB
srv        update:    - prompt 0x3acf5e0:     109 tokens, checkpoints:  0,    13.627 MiB
srv        update:    - prompt 0xf0adf0:     113 tokens, checkpoints:  0,    14.127 MiB
srv        update:    - prompt 0x1197de0:     108 tokens, checkpoints:  0,    13.502 MiB
srv        update:    - prompt 0x118ff40:     108 tokens, checkpoints:  0,    13.502 MiB
srv        update:    - prompt 0x3aecb80:     108 tokens, checkpoints:  0,    13.502 MiB
srv        update:    - prompt 0x438a6f0:     111 tokens, checkpoints:  0,    13.877 MiB
srv        update:    - prompt 0x3aed0f0:     119 tokens, checkpoints:  0,    14.877 MiB
srv        update:    - prompt 0x32210f0:     123 tokens, checkpoints:  0,    15.377 MiB
srv        update:    - prompt 0x3221da0:     165 tokens, checkpoints:  0,    20.628 MiB
srv        update:    - prompt 0x3af2910:     131 tokens, checkpoints:  0,    16.377 MiB
srv        update:    - prompt 0x1a06780:     135 tokens, checkpoints:  0,    16.877 MiB
srv        update:    - prompt 0x3aeb3b0:     132 tokens, checkpoints:  0,    16.502 MiB
srv        update:    - prompt 0x438a630:     146 tokens, checkpoints:  0,    18.252 MiB
srv        update:    - prompt 0xee04b0:     130 tokens, checkpoints:  0,    16.252 MiB
srv        update:    - prompt 0x3af0b70:     136 tokens, checkpoints:  0,    17.002 MiB
slot update_slots: id  2 | task 8282 | new prompt, n_ctx_slot = 4096, n_keep = 0, task.n_tokens = 37
slot update_slots: id  2 | task 8282 | n_tokens = 0, memory_seq_rm [0, end)
slot init_sampler: id  2 | task 8282 | init sampler, took 0.02 ms, tokens: text = 37, total = 37
slot update_slots: id  2 | task 8282 | prompt processing done, n_tokens = 37, batch.n_tokens = 37
srv  log_server_r: done request: POST /completion 127.0.0.1 200
slot print_timing: id  2 | task 8282 | 
prompt eval time =    1774.38 ms /    37 tokens (   47.96 ms per token,    20.85 tokens per second)
       eval time =    7902.76 ms /   100 tokens (   79.03 ms per token,    12.65 tokens per second)
      total time =    9677.14 ms /   137 tokens
slot      release: id  2 | task 8282 | stop processing: n_tokens = 136, truncated = 0
srv  update_slots: all slots are idle
slot get_availabl: id  1 | task -1 | selected slot by LRU, t_last = 290922353850
srv  get_availabl: updating prompt cache
srv          load:  - looking for better prompt, base f_keep = -1.000, sim = 0.000
srv          load:  - found better prompt with f_keep = 0.589, sim = 1.000
srv        update:  - cache state: 59 prompts, 1182.152 MiB (limits: 8192.000 MiB, 4096 tokens, 65527 est)
srv        update:    - prompt 0xf0ef60:     106 tokens, checkpoints:  0,    13.252 MiB
srv        update:    - prompt 0x4391140:     107 tokens, checkpoints:  0,    13.377 MiB
srv        update:    - prompt 0x32239b0:     106 tokens, checkpoints:  0,    13.252 MiB
srv        update:    - prompt 0x321b8b0:     107 tokens, checkpoints:  0,    13.377 MiB
srv        update:    - prompt 0x3221630:     105 tokens, checkpoints:  0,    13.127 MiB
srv        update:    - prompt 0x4390ba0:     110 tokens, checkpoints:  0,    13.752 MiB
srv        update:    - prompt 0x3223470:     116 tokens, checkpoints:  0,    14.502 MiB
srv        update:    - prompt 0x4394c10:     109 tokens, checkpoints:  0,    13.627 MiB
srv        update:    - prompt 0x3224910:     113 tokens, checkpoints:  0,    14.127 MiB
srv        update:    - prompt 0x3230c90:     108 tokens, checkpoints:  0,    13.502 MiB
srv        update:    - prompt 0x11f0c00:     108 tokens, checkpoints:  0,    13.502 MiB
srv        update:    - prompt 0xee47f0:     108 tokens, checkpoints:  0,    13.502 MiB
srv        update:    - prompt 0x438f4c0:     111 tokens, checkpoints:  0,    13.877 MiB
srv        update:    - prompt 0x438f580:     119 tokens, checkpoints:  0,    14.877 MiB
srv        update:    - prompt 0x4be6150:     123 tokens, checkpoints:  0,    15.377 MiB
srv        update:    - prompt 0x3adf6d0:     131 tokens, checkpoints:  0,    16.377 MiB
srv        update:    - prompt 0x43918f0:     130 tokens, checkpoints:  0,    16.252 MiB
srv        update:    - prompt 0x3225330:     107 tokens, checkpoints:  0,    13.377 MiB
srv        update:    - prompt 0x32291b0:     105 tokens, checkpoints:  0,    13.127 MiB
srv        update:    - prompt 0x1194e10:     110 tokens, checkpoints:  0,    13.752 MiB
srv        update:    - prompt 0x3ad1b20:     116 tokens, checkpoints:  0,    14.502 MiB
srv        update:    - prompt 0x3228110:     109 tokens, checkpoints:  0,    13.627 MiB
srv        update:    - prompt 0x3229090:     113 tokens, checkpoints:  0,    14.127 MiB
srv        update:    - prompt 0xee1a40:     108 tokens, checkpoints:  0,    13.502 MiB
srv        update:    - prompt 0x321f8d0:     108 tokens, checkpoints:  0,    13.502 MiB
srv        update:    - prompt 0xf0e5d0:     108 tokens, checkpoints:  0,    13.502 MiB
srv        update:    - prompt 0xee8970:     111 tokens, checkpoints:  0,    13.877 MiB
srv        update:    - prompt 0xef15a0:     119 tokens, checkpoints:  0,    14.877 MiB
srv        update:    - prompt 0x3219830:     123 tokens, checkpoints:  0,    15.377 MiB
srv        update:    - prompt 0xeec7b0:     131 tokens, checkpoints:  0,    16.377 MiB
srv        update:    - prompt 0x3227330:     130 tokens, checkpoints:  0,    16.252 MiB
srv        update:    - prompt 0xfffdb80062a0:     325 tokens, checkpoints:  0,    40.629 MiB
srv        update:    - prompt 0xfffe140054f0:     363 tokens, checkpoints:  0,    45.380 MiB
srv        update:    - prompt 0xfffe08002440:     425 tokens, checkpoints:  0,    53.131 MiB
srv        update:    - prompt 0x438b420:     409 tokens, checkpoints:  0,    51.130 MiB
srv        update:    - prompt 0x3ad6d90:     412 tokens, checkpoints:  0,    51.505 MiB
srv        update:    - prompt 0x321c560:     418 tokens, checkpoints:  0,    52.256 MiB
srv        update:    - prompt 0x3af94b0:     415 tokens, checkpoints:  0,    51.880 MiB
srv        update:    - prompt 0x3224d60:     431 tokens, checkpoints:  0,    53.881 MiB
srv        update:    - prompt 0xef06d0:     431 tokens, checkpoints:  0,    53.881 MiB
srv        update:    - prompt 0xee3c20:     107 tokens, checkpoints:  0,    13.377 MiB
srv        update:    - prompt 0x321cfd0:     105 tokens, checkpoints:  0,    13.127 MiB
srv        update:    - prompt 0x43945e0:     110 tokens, checkpoints:  0,    13.752 MiB
srv        update:    - prompt 0xf0c750:     116 tokens, checkpoints:  0,    14.502 MiB
srv        update:    - prompt 0x3acf5e0:     109 tokens, checkpoints:  0,    13.627 MiB
srv        update:    - prompt 0xf0adf0:     113 tokens, checkpoints:  0,    14.127 MiB
srv        update:    - prompt 0x1197de0:     108 tokens, checkpoints:  0,    13.502 MiB
srv        update:    - prompt 0x118ff40:     108 tokens, checkpoints:  0,    13.502 MiB
srv        update:    - prompt 0x3aecb80:     108 tokens, checkpoints:  0,    13.502 MiB
srv        update:    - prompt 0x438a6f0:     111 tokens, checkpoints:  0,    13.877 MiB
srv        update:    - prompt 0x3aed0f0:     119 tokens, checkpoints:  0,    14.877 MiB
srv        update:    - prompt 0x32210f0:     123 tokens, checkpoints:  0,    15.377 MiB
srv        update:    - prompt 0x3221da0:     165 tokens, checkpoints:  0,    20.628 MiB
srv        update:    - prompt 0x3af2910:     131 tokens, checkpoints:  0,    16.377 MiB
srv        update:    - prompt 0x1a06780:     135 tokens, checkpoints:  0,    16.877 MiB
srv        update:    - prompt 0x3aeb3b0:     132 tokens, checkpoints:  0,    16.502 MiB
srv        update:    - prompt 0x438a630:     146 tokens, checkpoints:  0,    18.252 MiB
srv        update:    - prompt 0xee04b0:     130 tokens, checkpoints:  0,    16.252 MiB
srv        update:    - prompt 0x3af0b70:     136 tokens, checkpoints:  0,    17.002 MiB
srv  get_availabl: prompt cache update took 4.75 ms
slot launch_slot_: id  1 | task -1 | sampler chain: logits -> ?penalties -> ?dry -> ?top-n-sigma -> top-k -> ?typical -> top-p -> min-p -> ?xtc -> temp-ext -> dist 
slot launch_slot_: id  1 | task 8383 | processing task, is_child = 0
slot slot_save_an: id  2 | task -1 | saving idle slot to prompt cache
srv   prompt_save:  - saving prompt with length 136, total state size = 17.002 MiB
slot prompt_clear: id  2 | task -1 | clearing prompt with 136 tokens
srv        update:  - cache state: 60 prompts, 1199.155 MiB (limits: 8192.000 MiB, 4096 tokens, 65527 est)
srv        update:    - prompt 0xf0ef60:     106 tokens, checkpoints:  0,    13.252 MiB
srv        update:    - prompt 0x4391140:     107 tokens, checkpoints:  0,    13.377 MiB
srv        update:    - prompt 0x32239b0:     106 tokens, checkpoints:  0,    13.252 MiB
srv        update:    - prompt 0x321b8b0:     107 tokens, checkpoints:  0,    13.377 MiB
srv        update:    - prompt 0x3221630:     105 tokens, checkpoints:  0,    13.127 MiB
srv        update:    - prompt 0x4390ba0:     110 tokens, checkpoints:  0,    13.752 MiB
srv        update:    - prompt 0x3223470:     116 tokens, checkpoints:  0,    14.502 MiB
srv        update:    - prompt 0x4394c10:     109 tokens, checkpoints:  0,    13.627 MiB
srv        update:    - prompt 0x3224910:     113 tokens, checkpoints:  0,    14.127 MiB
srv        update:    - prompt 0x3230c90:     108 tokens, checkpoints:  0,    13.502 MiB
srv        update:    - prompt 0x11f0c00:     108 tokens, checkpoints:  0,    13.502 MiB
srv        update:    - prompt 0xee47f0:     108 tokens, checkpoints:  0,    13.502 MiB
srv        update:    - prompt 0x438f4c0:     111 tokens, checkpoints:  0,    13.877 MiB
srv        update:    - prompt 0x438f580:     119 tokens, checkpoints:  0,    14.877 MiB
srv        update:    - prompt 0x4be6150:     123 tokens, checkpoints:  0,    15.377 MiB
srv        update:    - prompt 0x3adf6d0:     131 tokens, checkpoints:  0,    16.377 MiB
srv        update:    - prompt 0x43918f0:     130 tokens, checkpoints:  0,    16.252 MiB
srv        update:    - prompt 0x3225330:     107 tokens, checkpoints:  0,    13.377 MiB
srv        update:    - prompt 0x32291b0:     105 tokens, checkpoints:  0,    13.127 MiB
srv        update:    - prompt 0x1194e10:     110 tokens, checkpoints:  0,    13.752 MiB
srv        update:    - prompt 0x3ad1b20:     116 tokens, checkpoints:  0,    14.502 MiB
srv        update:    - prompt 0x3228110:     109 tokens, checkpoints:  0,    13.627 MiB
srv        update:    - prompt 0x3229090:     113 tokens, checkpoints:  0,    14.127 MiB
srv        update:    - prompt 0xee1a40:     108 tokens, checkpoints:  0,    13.502 MiB
srv        update:    - prompt 0x321f8d0:     108 tokens, checkpoints:  0,    13.502 MiB
srv        update:    - prompt 0xf0e5d0:     108 tokens, checkpoints:  0,    13.502 MiB
srv        update:    - prompt 0xee8970:     111 tokens, checkpoints:  0,    13.877 MiB
srv        update:    - prompt 0xef15a0:     119 tokens, checkpoints:  0,    14.877 MiB
srv        update:    - prompt 0x3219830:     123 tokens, checkpoints:  0,    15.377 MiB
srv        update:    - prompt 0xeec7b0:     131 tokens, checkpoints:  0,    16.377 MiB
srv        update:    - prompt 0x3227330:     130 tokens, checkpoints:  0,    16.252 MiB
srv        update:    - prompt 0xfffdb80062a0:     325 tokens, checkpoints:  0,    40.629 MiB
srv        update:    - prompt 0xfffe140054f0:     363 tokens, checkpoints:  0,    45.380 MiB
srv        update:    - prompt 0xfffe08002440:     425 tokens, checkpoints:  0,    53.131 MiB
srv        update:    - prompt 0x438b420:     409 tokens, checkpoints:  0,    51.130 MiB
srv        update:    - prompt 0x3ad6d90:     412 tokens, checkpoints:  0,    51.505 MiB
srv        update:    - prompt 0x321c560:     418 tokens, checkpoints:  0,    52.256 MiB
srv        update:    - prompt 0x3af94b0:     415 tokens, checkpoints:  0,    51.880 MiB
srv        update:    - prompt 0x3224d60:     431 tokens, checkpoints:  0,    53.881 MiB
srv        update:    - prompt 0xef06d0:     431 tokens, checkpoints:  0,    53.881 MiB
srv        update:    - prompt 0xee3c20:     107 tokens, checkpoints:  0,    13.377 MiB
srv        update:    - prompt 0x321cfd0:     105 tokens, checkpoints:  0,    13.127 MiB
srv        update:    - prompt 0x43945e0:     110 tokens, checkpoints:  0,    13.752 MiB
srv        update:    - prompt 0xf0c750:     116 tokens, checkpoints:  0,    14.502 MiB
srv        update:    - prompt 0x3acf5e0:     109 tokens, checkpoints:  0,    13.627 MiB
srv        update:    - prompt 0xf0adf0:     113 tokens, checkpoints:  0,    14.127 MiB
srv        update:    - prompt 0x1197de0:     108 tokens, checkpoints:  0,    13.502 MiB
srv        update:    - prompt 0x118ff40:     108 tokens, checkpoints:  0,    13.502 MiB
srv        update:    - prompt 0x3aecb80:     108 tokens, checkpoints:  0,    13.502 MiB
srv        update:    - prompt 0x438a6f0:     111 tokens, checkpoints:  0,    13.877 MiB
srv        update:    - prompt 0x3aed0f0:     119 tokens, checkpoints:  0,    14.877 MiB
srv        update:    - prompt 0x32210f0:     123 tokens, checkpoints:  0,    15.377 MiB
srv        update:    - prompt 0x3221da0:     165 tokens, checkpoints:  0,    20.628 MiB
srv        update:    - prompt 0x3af2910:     131 tokens, checkpoints:  0,    16.377 MiB
srv        update:    - prompt 0x1a06780:     135 tokens, checkpoints:  0,    16.877 MiB
srv        update:    - prompt 0x3aeb3b0:     132 tokens, checkpoints:  0,    16.502 MiB
srv        update:    - prompt 0x438a630:     146 tokens, checkpoints:  0,    18.252 MiB
srv        update:    - prompt 0xee04b0:     130 tokens, checkpoints:  0,    16.252 MiB
srv        update:    - prompt 0x3af0b70:     136 tokens, checkpoints:  0,    17.002 MiB
srv        update:    - prompt 0x1a06690:     136 tokens, checkpoints:  0,    17.002 MiB
slot update_slots: id  1 | task 8383 | new prompt, n_ctx_slot = 4096, n_keep = 0, task.n_tokens = 142
slot update_slots: id  1 | task 8383 | n_tokens = 0, memory_seq_rm [0, end)
slot init_sampler: id  1 | task 8383 | init sampler, took 0.08 ms, tokens: text = 142, total = 142
slot update_slots: id  1 | task 8383 | prompt processing done, n_tokens = 142, batch.n_tokens = 142
srv  log_server_r: done request: POST /completion 127.0.0.1 200
slot print_timing: id  1 | task 8383 | 
prompt eval time =    8491.61 ms /   142 tokens (   59.80 ms per token,    16.72 tokens per second)
       eval time =    7757.77 ms /   100 tokens (   77.58 ms per token,    12.89 tokens per second)
      total time =   16249.39 ms /   242 tokens
slot      release: id  1 | task 8383 | stop processing: n_tokens = 241, truncated = 0
srv  update_slots: all slots are idle
slot get_availabl: id  0 | task -1 | selected slot by LRU, t_last = 290931906807
srv  get_availabl: updating prompt cache
srv          load:  - looking for better prompt, base f_keep = -1.000, sim = 0.000
srv          load:  - found better prompt with f_keep = 0.695, sim = 1.000
srv        update:  - cache state: 59 prompts, 1158.525 MiB (limits: 8192.000 MiB, 4096 tokens, 65527 est)
srv        update:    - prompt 0xf0ef60:     106 tokens, checkpoints:  0,    13.252 MiB
srv        update:    - prompt 0x4391140:     107 tokens, checkpoints:  0,    13.377 MiB
srv        update:    - prompt 0x32239b0:     106 tokens, checkpoints:  0,    13.252 MiB
srv        update:    - prompt 0x321b8b0:     107 tokens, checkpoints:  0,    13.377 MiB
srv        update:    - prompt 0x3221630:     105 tokens, checkpoints:  0,    13.127 MiB
srv        update:    - prompt 0x4390ba0:     110 tokens, checkpoints:  0,    13.752 MiB
srv        update:    - prompt 0x3223470:     116 tokens, checkpoints:  0,    14.502 MiB
srv        update:    - prompt 0x4394c10:     109 tokens, checkpoints:  0,    13.627 MiB
srv        update:    - prompt 0x3224910:     113 tokens, checkpoints:  0,    14.127 MiB
srv        update:    - prompt 0x3230c90:     108 tokens, checkpoints:  0,    13.502 MiB
srv        update:    - prompt 0x11f0c00:     108 tokens, checkpoints:  0,    13.502 MiB
srv        update:    - prompt 0xee47f0:     108 tokens, checkpoints:  0,    13.502 MiB
srv        update:    - prompt 0x438f4c0:     111 tokens, checkpoints:  0,    13.877 MiB
srv        update:    - prompt 0x438f580:     119 tokens, checkpoints:  0,    14.877 MiB
srv        update:    - prompt 0x4be6150:     123 tokens, checkpoints:  0,    15.377 MiB
srv        update:    - prompt 0x3adf6d0:     131 tokens, checkpoints:  0,    16.377 MiB
srv        update:    - prompt 0x43918f0:     130 tokens, checkpoints:  0,    16.252 MiB
srv        update:    - prompt 0x3225330:     107 tokens, checkpoints:  0,    13.377 MiB
srv        update:    - prompt 0x32291b0:     105 tokens, checkpoints:  0,    13.127 MiB
srv        update:    - prompt 0x1194e10:     110 tokens, checkpoints:  0,    13.752 MiB
srv        update:    - prompt 0x3ad1b20:     116 tokens, checkpoints:  0,    14.502 MiB
srv        update:    - prompt 0x3228110:     109 tokens, checkpoints:  0,    13.627 MiB
srv        update:    - prompt 0x3229090:     113 tokens, checkpoints:  0,    14.127 MiB
srv        update:    - prompt 0xee1a40:     108 tokens, checkpoints:  0,    13.502 MiB
srv        update:    - prompt 0x321f8d0:     108 tokens, checkpoints:  0,    13.502 MiB
srv        update:    - prompt 0xf0e5d0:     108 tokens, checkpoints:  0,    13.502 MiB
srv        update:    - prompt 0xee8970:     111 tokens, checkpoints:  0,    13.877 MiB
srv        update:    - prompt 0xef15a0:     119 tokens, checkpoints:  0,    14.877 MiB
srv        update:    - prompt 0x3219830:     123 tokens, checkpoints:  0,    15.377 MiB
srv        update:    - prompt 0xeec7b0:     131 tokens, checkpoints:  0,    16.377 MiB
srv        update:    - prompt 0x3227330:     130 tokens, checkpoints:  0,    16.252 MiB
srv        update:    - prompt 0xfffe140054f0:     363 tokens, checkpoints:  0,    45.380 MiB
srv        update:    - prompt 0xfffe08002440:     425 tokens, checkpoints:  0,    53.131 MiB
srv        update:    - prompt 0x438b420:     409 tokens, checkpoints:  0,    51.130 MiB
srv        update:    - prompt 0x3ad6d90:     412 tokens, checkpoints:  0,    51.505 MiB
srv        update:    - prompt 0x321c560:     418 tokens, checkpoints:  0,    52.256 MiB
srv        update:    - prompt 0x3af94b0:     415 tokens, checkpoints:  0,    51.880 MiB
srv        update:    - prompt 0x3224d60:     431 tokens, checkpoints:  0,    53.881 MiB
srv        update:    - prompt 0xef06d0:     431 tokens, checkpoints:  0,    53.881 MiB
srv        update:    - prompt 0xee3c20:     107 tokens, checkpoints:  0,    13.377 MiB
srv        update:    - prompt 0x321cfd0:     105 tokens, checkpoints:  0,    13.127 MiB
srv        update:    - prompt 0x43945e0:     110 tokens, checkpoints:  0,    13.752 MiB
srv        update:    - prompt 0xf0c750:     116 tokens, checkpoints:  0,    14.502 MiB
srv        update:    - prompt 0x3acf5e0:     109 tokens, checkpoints:  0,    13.627 MiB
srv        update:    - prompt 0xf0adf0:     113 tokens, checkpoints:  0,    14.127 MiB
srv        update:    - prompt 0x1197de0:     108 tokens, checkpoints:  0,    13.502 MiB
srv        update:    - prompt 0x118ff40:     108 tokens, checkpoints:  0,    13.502 MiB
srv        update:    - prompt 0x3aecb80:     108 tokens, checkpoints:  0,    13.502 MiB
srv        update:    - prompt 0x438a6f0:     111 tokens, checkpoints:  0,    13.877 MiB
srv        update:    - prompt 0x3aed0f0:     119 tokens, checkpoints:  0,    14.877 MiB
srv        update:    - prompt 0x32210f0:     123 tokens, checkpoints:  0,    15.377 MiB
srv        update:    - prompt 0x3221da0:     165 tokens, checkpoints:  0,    20.628 MiB
srv        update:    - prompt 0x3af2910:     131 tokens, checkpoints:  0,    16.377 MiB
srv        update:    - prompt 0x1a06780:     135 tokens, checkpoints:  0,    16.877 MiB
srv        update:    - prompt 0x3aeb3b0:     132 tokens, checkpoints:  0,    16.502 MiB
srv        update:    - prompt 0x438a630:     146 tokens, checkpoints:  0,    18.252 MiB
srv        update:    - prompt 0xee04b0:     130 tokens, checkpoints:  0,    16.252 MiB
srv        update:    - prompt 0x3af0b70:     136 tokens, checkpoints:  0,    17.002 MiB
srv        update:    - prompt 0x1a06690:     136 tokens, checkpoints:  0,    17.002 MiB
srv  get_availabl: prompt cache update took 12.64 ms
slot launch_slot_: id  0 | task -1 | sampler chain: logits -> ?penalties -> ?dry -> ?top-n-sigma -> top-k -> ?typical -> top-p -> min-p -> ?xtc -> temp-ext -> dist 
slot launch_slot_: id  0 | task 8484 | processing task, is_child = 0
slot slot_save_an: id  1 | task -1 | saving idle slot to prompt cache
srv   prompt_save:  - saving prompt with length 241, total state size = 30.129 MiB
slot prompt_clear: id  1 | task -1 | clearing prompt with 241 tokens
srv        update:  - cache state: 60 prompts, 1188.654 MiB (limits: 8192.000 MiB, 4096 tokens, 65527 est)
srv        update:    - prompt 0xf0ef60:     106 tokens, checkpoints:  0,    13.252 MiB
srv        update:    - prompt 0x4391140:     107 tokens, checkpoints:  0,    13.377 MiB
srv        update:    - prompt 0x32239b0:     106 tokens, checkpoints:  0,    13.252 MiB
srv        update:    - prompt 0x321b8b0:     107 tokens, checkpoints:  0,    13.377 MiB
srv        update:    - prompt 0x3221630:     105 tokens, checkpoints:  0,    13.127 MiB
srv        update:    - prompt 0x4390ba0:     110 tokens, checkpoints:  0,    13.752 MiB
srv        update:    - prompt 0x3223470:     116 tokens, checkpoints:  0,    14.502 MiB
srv        update:    - prompt 0x4394c10:     109 tokens, checkpoints:  0,    13.627 MiB
srv        update:    - prompt 0x3224910:     113 tokens, checkpoints:  0,    14.127 MiB
srv        update:    - prompt 0x3230c90:     108 tokens, checkpoints:  0,    13.502 MiB
srv        update:    - prompt 0x11f0c00:     108 tokens, checkpoints:  0,    13.502 MiB
srv        update:    - prompt 0xee47f0:     108 tokens, checkpoints:  0,    13.502 MiB
srv        update:    - prompt 0x438f4c0:     111 tokens, checkpoints:  0,    13.877 MiB
srv        update:    - prompt 0x438f580:     119 tokens, checkpoints:  0,    14.877 MiB
srv        update:    - prompt 0x4be6150:     123 tokens, checkpoints:  0,    15.377 MiB
srv        update:    - prompt 0x3adf6d0:     131 tokens, checkpoints:  0,    16.377 MiB
srv        update:    - prompt 0x43918f0:     130 tokens, checkpoints:  0,    16.252 MiB
srv        update:    - prompt 0x3225330:     107 tokens, checkpoints:  0,    13.377 MiB
srv        update:    - prompt 0x32291b0:     105 tokens, checkpoints:  0,    13.127 MiB
srv        update:    - prompt 0x1194e10:     110 tokens, checkpoints:  0,    13.752 MiB
srv        update:    - prompt 0x3ad1b20:     116 tokens, checkpoints:  0,    14.502 MiB
srv        update:    - prompt 0x3228110:     109 tokens, checkpoints:  0,    13.627 MiB
srv        update:    - prompt 0x3229090:     113 tokens, checkpoints:  0,    14.127 MiB
srv        update:    - prompt 0xee1a40:     108 tokens, checkpoints:  0,    13.502 MiB
srv        update:    - prompt 0x321f8d0:     108 tokens, checkpoints:  0,    13.502 MiB
srv        update:    - prompt 0xf0e5d0:     108 tokens, checkpoints:  0,    13.502 MiB
srv        update:    - prompt 0xee8970:     111 tokens, checkpoints:  0,    13.877 MiB
srv        update:    - prompt 0xef15a0:     119 tokens, checkpoints:  0,    14.877 MiB
srv        update:    - prompt 0x3219830:     123 tokens, checkpoints:  0,    15.377 MiB
srv        update:    - prompt 0xeec7b0:     131 tokens, checkpoints:  0,    16.377 MiB
srv        update:    - prompt 0x3227330:     130 tokens, checkpoints:  0,    16.252 MiB
srv        update:    - prompt 0xfffe140054f0:     363 tokens, checkpoints:  0,    45.380 MiB
srv        update:    - prompt 0xfffe08002440:     425 tokens, checkpoints:  0,    53.131 MiB
srv        update:    - prompt 0x438b420:     409 tokens, checkpoints:  0,    51.130 MiB
srv        update:    - prompt 0x3ad6d90:     412 tokens, checkpoints:  0,    51.505 MiB
srv        update:    - prompt 0x321c560:     418 tokens, checkpoints:  0,    52.256 MiB
srv        update:    - prompt 0x3af94b0:     415 tokens, checkpoints:  0,    51.880 MiB
srv        update:    - prompt 0x3224d60:     431 tokens, checkpoints:  0,    53.881 MiB
srv        update:    - prompt 0xef06d0:     431 tokens, checkpoints:  0,    53.881 MiB
srv        update:    - prompt 0xee3c20:     107 tokens, checkpoints:  0,    13.377 MiB
srv        update:    - prompt 0x321cfd0:     105 tokens, checkpoints:  0,    13.127 MiB
srv        update:    - prompt 0x43945e0:     110 tokens, checkpoints:  0,    13.752 MiB
srv        update:    - prompt 0xf0c750:     116 tokens, checkpoints:  0,    14.502 MiB
srv        update:    - prompt 0x3acf5e0:     109 tokens, checkpoints:  0,    13.627 MiB
srv        update:    - prompt 0xf0adf0:     113 tokens, checkpoints:  0,    14.127 MiB
srv        update:    - prompt 0x1197de0:     108 tokens, checkpoints:  0,    13.502 MiB
srv        update:    - prompt 0x118ff40:     108 tokens, checkpoints:  0,    13.502 MiB
srv        update:    - prompt 0x3aecb80:     108 tokens, checkpoints:  0,    13.502 MiB
srv        update:    - prompt 0x438a6f0:     111 tokens, checkpoints:  0,    13.877 MiB
srv        update:    - prompt 0x3aed0f0:     119 tokens, checkpoints:  0,    14.877 MiB
srv        update:    - prompt 0x32210f0:     123 tokens, checkpoints:  0,    15.377 MiB
srv        update:    - prompt 0x3221da0:     165 tokens, checkpoints:  0,    20.628 MiB
srv        update:    - prompt 0x3af2910:     131 tokens, checkpoints:  0,    16.377 MiB
srv        update:    - prompt 0x1a06780:     135 tokens, checkpoints:  0,    16.877 MiB
srv        update:    - prompt 0x3aeb3b0:     132 tokens, checkpoints:  0,    16.502 MiB
srv        update:    - prompt 0x438a630:     146 tokens, checkpoints:  0,    18.252 MiB
srv        update:    - prompt 0xee04b0:     130 tokens, checkpoints:  0,    16.252 MiB
srv        update:    - prompt 0x3af0b70:     136 tokens, checkpoints:  0,    17.002 MiB
srv        update:    - prompt 0x1a06690:     136 tokens, checkpoints:  0,    17.002 MiB
srv        update:    - prompt 0xfffdb80062a0:     241 tokens, checkpoints:  0,    30.129 MiB
slot update_slots: id  0 | task 8484 | new prompt, n_ctx_slot = 4096, n_keep = 0, task.n_tokens = 226
slot update_slots: id  0 | task 8484 | n_tokens = 0, memory_seq_rm [0, end)
slot init_sampler: id  0 | task 8484 | init sampler, took 0.11 ms, tokens: text = 226, total = 226
slot update_slots: id  0 | task 8484 | prompt processing done, n_tokens = 226, batch.n_tokens = 226
srv  log_server_r: done request: POST /completion 127.0.0.1 200
slot print_timing: id  0 | task 8484 | 
prompt eval time =   12900.26 ms /   226 tokens (   57.08 ms per token,    17.52 tokens per second)
       eval time =   10740.43 ms /   100 tokens (  107.40 ms per token,     9.31 tokens per second)
      total time =   23640.69 ms /   326 tokens
slot      release: id  0 | task 8484 | stop processing: n_tokens = 325, truncated = 0
srv  update_slots: all slots are idle
slot get_availabl: id  3 | task -1 | selected slot by LRU, t_last = 290941814723
srv  get_availabl: updating prompt cache
srv          load:  - looking for better prompt, base f_keep = -1.000, sim = 0.000
srv          load:  - found better prompt with f_keep = 0.727, sim = 1.000
srv        update:  - cache state: 59 prompts, 1143.274 MiB (limits: 8192.000 MiB, 4096 tokens, 65527 est)
srv        update:    - prompt 0xf0ef60:     106 tokens, checkpoints:  0,    13.252 MiB
srv        update:    - prompt 0x4391140:     107 tokens, checkpoints:  0,    13.377 MiB
srv        update:    - prompt 0x32239b0:     106 tokens, checkpoints:  0,    13.252 MiB
srv        update:    - prompt 0x321b8b0:     107 tokens, checkpoints:  0,    13.377 MiB
srv        update:    - prompt 0x3221630:     105 tokens, checkpoints:  0,    13.127 MiB
srv        update:    - prompt 0x4390ba0:     110 tokens, checkpoints:  0,    13.752 MiB
srv        update:    - prompt 0x3223470:     116 tokens, checkpoints:  0,    14.502 MiB
srv        update:    - prompt 0x4394c10:     109 tokens, checkpoints:  0,    13.627 MiB
srv        update:    - prompt 0x3224910:     113 tokens, checkpoints:  0,    14.127 MiB
srv        update:    - prompt 0x3230c90:     108 tokens, checkpoints:  0,    13.502 MiB
srv        update:    - prompt 0x11f0c00:     108 tokens, checkpoints:  0,    13.502 MiB
srv        update:    - prompt 0xee47f0:     108 tokens, checkpoints:  0,    13.502 MiB
srv        update:    - prompt 0x438f4c0:     111 tokens, checkpoints:  0,    13.877 MiB
srv        update:    - prompt 0x438f580:     119 tokens, checkpoints:  0,    14.877 MiB
srv        update:    - prompt 0x4be6150:     123 tokens, checkpoints:  0,    15.377 MiB
srv        update:    - prompt 0x3adf6d0:     131 tokens, checkpoints:  0,    16.377 MiB
srv        update:    - prompt 0x43918f0:     130 tokens, checkpoints:  0,    16.252 MiB
srv        update:    - prompt 0x3225330:     107 tokens, checkpoints:  0,    13.377 MiB
srv        update:    - prompt 0x32291b0:     105 tokens, checkpoints:  0,    13.127 MiB
srv        update:    - prompt 0x1194e10:     110 tokens, checkpoints:  0,    13.752 MiB
srv        update:    - prompt 0x3ad1b20:     116 tokens, checkpoints:  0,    14.502 MiB
srv        update:    - prompt 0x3228110:     109 tokens, checkpoints:  0,    13.627 MiB
srv        update:    - prompt 0x3229090:     113 tokens, checkpoints:  0,    14.127 MiB
srv        update:    - prompt 0xee1a40:     108 tokens, checkpoints:  0,    13.502 MiB
srv        update:    - prompt 0x321f8d0:     108 tokens, checkpoints:  0,    13.502 MiB
srv        update:    - prompt 0xf0e5d0:     108 tokens, checkpoints:  0,    13.502 MiB
srv        update:    - prompt 0xee8970:     111 tokens, checkpoints:  0,    13.877 MiB
srv        update:    - prompt 0xef15a0:     119 tokens, checkpoints:  0,    14.877 MiB
srv        update:    - prompt 0x3219830:     123 tokens, checkpoints:  0,    15.377 MiB
srv        update:    - prompt 0xeec7b0:     131 tokens, checkpoints:  0,    16.377 MiB
srv        update:    - prompt 0x3227330:     130 tokens, checkpoints:  0,    16.252 MiB
srv        update:    - prompt 0xfffe08002440:     425 tokens, checkpoints:  0,    53.131 MiB
srv        update:    - prompt 0x438b420:     409 tokens, checkpoints:  0,    51.130 MiB
srv        update:    - prompt 0x3ad6d90:     412 tokens, checkpoints:  0,    51.505 MiB
srv        update:    - prompt 0x321c560:     418 tokens, checkpoints:  0,    52.256 MiB
srv        update:    - prompt 0x3af94b0:     415 tokens, checkpoints:  0,    51.880 MiB
srv        update:    - prompt 0x3224d60:     431 tokens, checkpoints:  0,    53.881 MiB
srv        update:    - prompt 0xef06d0:     431 tokens, checkpoints:  0,    53.881 MiB
srv        update:    - prompt 0xee3c20:     107 tokens, checkpoints:  0,    13.377 MiB
srv        update:    - prompt 0x321cfd0:     105 tokens, checkpoints:  0,    13.127 MiB
srv        update:    - prompt 0x43945e0:     110 tokens, checkpoints:  0,    13.752 MiB
srv        update:    - prompt 0xf0c750:     116 tokens, checkpoints:  0,    14.502 MiB
srv        update:    - prompt 0x3acf5e0:     109 tokens, checkpoints:  0,    13.627 MiB
srv        update:    - prompt 0xf0adf0:     113 tokens, checkpoints:  0,    14.127 MiB
srv        update:    - prompt 0x1197de0:     108 tokens, checkpoints:  0,    13.502 MiB
srv        update:    - prompt 0x118ff40:     108 tokens, checkpoints:  0,    13.502 MiB
srv        update:    - prompt 0x3aecb80:     108 tokens, checkpoints:  0,    13.502 MiB
srv        update:    - prompt 0x438a6f0:     111 tokens, checkpoints:  0,    13.877 MiB
srv        update:    - prompt 0x3aed0f0:     119 tokens, checkpoints:  0,    14.877 MiB
srv        update:    - prompt 0x32210f0:     123 tokens, checkpoints:  0,    15.377 MiB
srv        update:    - prompt 0x3221da0:     165 tokens, checkpoints:  0,    20.628 MiB
srv        update:    - prompt 0x3af2910:     131 tokens, checkpoints:  0,    16.377 MiB
srv        update:    - prompt 0x1a06780:     135 tokens, checkpoints:  0,    16.877 MiB
srv        update:    - prompt 0x3aeb3b0:     132 tokens, checkpoints:  0,    16.502 MiB
srv        update:    - prompt 0x438a630:     146 tokens, checkpoints:  0,    18.252 MiB
srv        update:    - prompt 0xee04b0:     130 tokens, checkpoints:  0,    16.252 MiB
srv        update:    - prompt 0x3af0b70:     136 tokens, checkpoints:  0,    17.002 MiB
srv        update:    - prompt 0x1a06690:     136 tokens, checkpoints:  0,    17.002 MiB
srv        update:    - prompt 0xfffdb80062a0:     241 tokens, checkpoints:  0,    30.129 MiB
srv  get_availabl: prompt cache update took 14.01 ms
slot launch_slot_: id  3 | task -1 | sampler chain: logits -> ?penalties -> ?dry -> ?top-n-sigma -> top-k -> ?typical -> top-p -> min-p -> ?xtc -> temp-ext -> dist 
slot launch_slot_: id  3 | task 8585 | processing task, is_child = 0
slot slot_save_an: id  0 | task -1 | saving idle slot to prompt cache
srv   prompt_save:  - saving prompt with length 325, total state size = 40.629 MiB
slot prompt_clear: id  0 | task -1 | clearing prompt with 325 tokens
srv        update:  - cache state: 60 prompts, 1183.903 MiB (limits: 8192.000 MiB, 4096 tokens, 65527 est)
srv        update:    - prompt 0xf0ef60:     106 tokens, checkpoints:  0,    13.252 MiB
srv        update:    - prompt 0x4391140:     107 tokens, checkpoints:  0,    13.377 MiB
srv        update:    - prompt 0x32239b0:     106 tokens, checkpoints:  0,    13.252 MiB
srv        update:    - prompt 0x321b8b0:     107 tokens, checkpoints:  0,    13.377 MiB
srv        update:    - prompt 0x3221630:     105 tokens, checkpoints:  0,    13.127 MiB
srv        update:    - prompt 0x4390ba0:     110 tokens, checkpoints:  0,    13.752 MiB
srv        update:    - prompt 0x3223470:     116 tokens, checkpoints:  0,    14.502 MiB
srv        update:    - prompt 0x4394c10:     109 tokens, checkpoints:  0,    13.627 MiB
srv        update:    - prompt 0x3224910:     113 tokens, checkpoints:  0,    14.127 MiB
srv        update:    - prompt 0x3230c90:     108 tokens, checkpoints:  0,    13.502 MiB
srv        update:    - prompt 0x11f0c00:     108 tokens, checkpoints:  0,    13.502 MiB
srv        update:    - prompt 0xee47f0:     108 tokens, checkpoints:  0,    13.502 MiB
srv        update:    - prompt 0x438f4c0:     111 tokens, checkpoints:  0,    13.877 MiB
srv        update:    - prompt 0x438f580:     119 tokens, checkpoints:  0,    14.877 MiB
srv        update:    - prompt 0x4be6150:     123 tokens, checkpoints:  0,    15.377 MiB
srv        update:    - prompt 0x3adf6d0:     131 tokens, checkpoints:  0,    16.377 MiB
srv        update:    - prompt 0x43918f0:     130 tokens, checkpoints:  0,    16.252 MiB
srv        update:    - prompt 0x3225330:     107 tokens, checkpoints:  0,    13.377 MiB
srv        update:    - prompt 0x32291b0:     105 tokens, checkpoints:  0,    13.127 MiB
srv        update:    - prompt 0x1194e10:     110 tokens, checkpoints:  0,    13.752 MiB
srv        update:    - prompt 0x3ad1b20:     116 tokens, checkpoints:  0,    14.502 MiB
srv        update:    - prompt 0x3228110:     109 tokens, checkpoints:  0,    13.627 MiB
srv        update:    - prompt 0x3229090:     113 tokens, checkpoints:  0,    14.127 MiB
srv        update:    - prompt 0xee1a40:     108 tokens, checkpoints:  0,    13.502 MiB
srv        update:    - prompt 0x321f8d0:     108 tokens, checkpoints:  0,    13.502 MiB
srv        update:    - prompt 0xf0e5d0:     108 tokens, checkpoints:  0,    13.502 MiB
srv        update:    - prompt 0xee8970:     111 tokens, checkpoints:  0,    13.877 MiB
srv        update:    - prompt 0xef15a0:     119 tokens, checkpoints:  0,    14.877 MiB
srv        update:    - prompt 0x3219830:     123 tokens, checkpoints:  0,    15.377 MiB
srv        update:    - prompt 0xeec7b0:     131 tokens, checkpoints:  0,    16.377 MiB
srv        update:    - prompt 0x3227330:     130 tokens, checkpoints:  0,    16.252 MiB
srv        update:    - prompt 0xfffe08002440:     425 tokens, checkpoints:  0,    53.131 MiB
srv        update:    - prompt 0x438b420:     409 tokens, checkpoints:  0,    51.130 MiB
srv        update:    - prompt 0x3ad6d90:     412 tokens, checkpoints:  0,    51.505 MiB
srv        update:    - prompt 0x321c560:     418 tokens, checkpoints:  0,    52.256 MiB
srv        update:    - prompt 0x3af94b0:     415 tokens, checkpoints:  0,    51.880 MiB
srv        update:    - prompt 0x3224d60:     431 tokens, checkpoints:  0,    53.881 MiB
srv        update:    - prompt 0xef06d0:     431 tokens, checkpoints:  0,    53.881 MiB
srv        update:    - prompt 0xee3c20:     107 tokens, checkpoints:  0,    13.377 MiB
srv        update:    - prompt 0x321cfd0:     105 tokens, checkpoints:  0,    13.127 MiB
srv        update:    - prompt 0x43945e0:     110 tokens, checkpoints:  0,    13.752 MiB
srv        update:    - prompt 0xf0c750:     116 tokens, checkpoints:  0,    14.502 MiB
srv        update:    - prompt 0x3acf5e0:     109 tokens, checkpoints:  0,    13.627 MiB
srv        update:    - prompt 0xf0adf0:     113 tokens, checkpoints:  0,    14.127 MiB
srv        update:    - prompt 0x1197de0:     108 tokens, checkpoints:  0,    13.502 MiB
srv        update:    - prompt 0x118ff40:     108 tokens, checkpoints:  0,    13.502 MiB
srv        update:    - prompt 0x3aecb80:     108 tokens, checkpoints:  0,    13.502 MiB
srv        update:    - prompt 0x438a6f0:     111 tokens, checkpoints:  0,    13.877 MiB
srv        update:    - prompt 0x3aed0f0:     119 tokens, checkpoints:  0,    14.877 MiB
srv        update:    - prompt 0x32210f0:     123 tokens, checkpoints:  0,    15.377 MiB
srv        update:    - prompt 0x3221da0:     165 tokens, checkpoints:  0,    20.628 MiB
srv        update:    - prompt 0x3af2910:     131 tokens, checkpoints:  0,    16.377 MiB
srv        update:    - prompt 0x1a06780:     135 tokens, checkpoints:  0,    16.877 MiB
srv        update:    - prompt 0x3aeb3b0:     132 tokens, checkpoints:  0,    16.502 MiB
srv        update:    - prompt 0x438a630:     146 tokens, checkpoints:  0,    18.252 MiB
srv        update:    - prompt 0xee04b0:     130 tokens, checkpoints:  0,    16.252 MiB
srv        update:    - prompt 0x3af0b70:     136 tokens, checkpoints:  0,    17.002 MiB
srv        update:    - prompt 0x1a06690:     136 tokens, checkpoints:  0,    17.002 MiB
srv        update:    - prompt 0xfffdb80062a0:     241 tokens, checkpoints:  0,    30.129 MiB
srv        update:    - prompt 0xfffe140054f0:     325 tokens, checkpoints:  0,    40.629 MiB
slot update_slots: id  3 | task 8585 | new prompt, n_ctx_slot = 4096, n_keep = 0, task.n_tokens = 264
slot update_slots: id  3 | task 8585 | n_tokens = 0, memory_seq_rm [0, end)
slot init_sampler: id  3 | task 8585 | init sampler, took 0.15 ms, tokens: text = 264, total = 264
slot update_slots: id  3 | task 8585 | prompt processing done, n_tokens = 264, batch.n_tokens = 264
srv  log_server_r: done request: POST /completion 127.0.0.1 200
slot print_timing: id  3 | task 8585 | 
prompt eval time =   14881.16 ms /   264 tokens (   56.37 ms per token,    17.74 tokens per second)
       eval time =    8674.45 ms /   100 tokens (   86.74 ms per token,    11.53 tokens per second)
      total time =   23555.60 ms /   364 tokens
slot      release: id  3 | task 8585 | stop processing: n_tokens = 363, truncated = 0
srv  update_slots: all slots are idle
slot get_availabl: id  2 | task -1 | selected slot by LRU, t_last = 290952078993
srv  get_availabl: updating prompt cache
srv          load:  - looking for better prompt, base f_keep = -1.000, sim = 0.000
srv          load:  - found better prompt with f_keep = 0.767, sim = 1.000
srv        update:  - cache state: 59 prompts, 1130.773 MiB (limits: 8192.000 MiB, 4096 tokens, 65527 est)
srv        update:    - prompt 0xf0ef60:     106 tokens, checkpoints:  0,    13.252 MiB
srv        update:    - prompt 0x4391140:     107 tokens, checkpoints:  0,    13.377 MiB
srv        update:    - prompt 0x32239b0:     106 tokens, checkpoints:  0,    13.252 MiB
srv        update:    - prompt 0x321b8b0:     107 tokens, checkpoints:  0,    13.377 MiB
srv        update:    - prompt 0x3221630:     105 tokens, checkpoints:  0,    13.127 MiB
srv        update:    - prompt 0x4390ba0:     110 tokens, checkpoints:  0,    13.752 MiB
srv        update:    - prompt 0x3223470:     116 tokens, checkpoints:  0,    14.502 MiB
srv        update:    - prompt 0x4394c10:     109 tokens, checkpoints:  0,    13.627 MiB
srv        update:    - prompt 0x3224910:     113 tokens, checkpoints:  0,    14.127 MiB
srv        update:    - prompt 0x3230c90:     108 tokens, checkpoints:  0,    13.502 MiB
srv        update:    - prompt 0x11f0c00:     108 tokens, checkpoints:  0,    13.502 MiB
srv        update:    - prompt 0xee47f0:     108 tokens, checkpoints:  0,    13.502 MiB
srv        update:    - prompt 0x438f4c0:     111 tokens, checkpoints:  0,    13.877 MiB
srv        update:    - prompt 0x438f580:     119 tokens, checkpoints:  0,    14.877 MiB
srv        update:    - prompt 0x4be6150:     123 tokens, checkpoints:  0,    15.377 MiB
srv        update:    - prompt 0x3adf6d0:     131 tokens, checkpoints:  0,    16.377 MiB
srv        update:    - prompt 0x43918f0:     130 tokens, checkpoints:  0,    16.252 MiB
srv        update:    - prompt 0x3225330:     107 tokens, checkpoints:  0,    13.377 MiB
srv        update:    - prompt 0x32291b0:     105 tokens, checkpoints:  0,    13.127 MiB
srv        update:    - prompt 0x1194e10:     110 tokens, checkpoints:  0,    13.752 MiB
srv        update:    - prompt 0x3ad1b20:     116 tokens, checkpoints:  0,    14.502 MiB
srv        update:    - prompt 0x3228110:     109 tokens, checkpoints:  0,    13.627 MiB
srv        update:    - prompt 0x3229090:     113 tokens, checkpoints:  0,    14.127 MiB
srv        update:    - prompt 0xee1a40:     108 tokens, checkpoints:  0,    13.502 MiB
srv        update:    - prompt 0x321f8d0:     108 tokens, checkpoints:  0,    13.502 MiB
srv        update:    - prompt 0xf0e5d0:     108 tokens, checkpoints:  0,    13.502 MiB
srv        update:    - prompt 0xee8970:     111 tokens, checkpoints:  0,    13.877 MiB
srv        update:    - prompt 0xef15a0:     119 tokens, checkpoints:  0,    14.877 MiB
srv        update:    - prompt 0x3219830:     123 tokens, checkpoints:  0,    15.377 MiB
srv        update:    - prompt 0xeec7b0:     131 tokens, checkpoints:  0,    16.377 MiB
srv        update:    - prompt 0x3227330:     130 tokens, checkpoints:  0,    16.252 MiB
srv        update:    - prompt 0x438b420:     409 tokens, checkpoints:  0,    51.130 MiB
srv        update:    - prompt 0x3ad6d90:     412 tokens, checkpoints:  0,    51.505 MiB
srv        update:    - prompt 0x321c560:     418 tokens, checkpoints:  0,    52.256 MiB
srv        update:    - prompt 0x3af94b0:     415 tokens, checkpoints:  0,    51.880 MiB
srv        update:    - prompt 0x3224d60:     431 tokens, checkpoints:  0,    53.881 MiB
srv        update:    - prompt 0xef06d0:     431 tokens, checkpoints:  0,    53.881 MiB
srv        update:    - prompt 0xee3c20:     107 tokens, checkpoints:  0,    13.377 MiB
srv        update:    - prompt 0x321cfd0:     105 tokens, checkpoints:  0,    13.127 MiB
srv        update:    - prompt 0x43945e0:     110 tokens, checkpoints:  0,    13.752 MiB
srv        update:    - prompt 0xf0c750:     116 tokens, checkpoints:  0,    14.502 MiB
srv        update:    - prompt 0x3acf5e0:     109 tokens, checkpoints:  0,    13.627 MiB
srv        update:    - prompt 0xf0adf0:     113 tokens, checkpoints:  0,    14.127 MiB
srv        update:    - prompt 0x1197de0:     108 tokens, checkpoints:  0,    13.502 MiB
srv        update:    - prompt 0x118ff40:     108 tokens, checkpoints:  0,    13.502 MiB
srv        update:    - prompt 0x3aecb80:     108 tokens, checkpoints:  0,    13.502 MiB
srv        update:    - prompt 0x438a6f0:     111 tokens, checkpoints:  0,    13.877 MiB
srv        update:    - prompt 0x3aed0f0:     119 tokens, checkpoints:  0,    14.877 MiB
srv        update:    - prompt 0x32210f0:     123 tokens, checkpoints:  0,    15.377 MiB
srv        update:    - prompt 0x3221da0:     165 tokens, checkpoints:  0,    20.628 MiB
srv        update:    - prompt 0x3af2910:     131 tokens, checkpoints:  0,    16.377 MiB
srv        update:    - prompt 0x1a06780:     135 tokens, checkpoints:  0,    16.877 MiB
srv        update:    - prompt 0x3aeb3b0:     132 tokens, checkpoints:  0,    16.502 MiB
srv        update:    - prompt 0x438a630:     146 tokens, checkpoints:  0,    18.252 MiB
srv        update:    - prompt 0xee04b0:     130 tokens, checkpoints:  0,    16.252 MiB
srv        update:    - prompt 0x3af0b70:     136 tokens, checkpoints:  0,    17.002 MiB
srv        update:    - prompt 0x1a06690:     136 tokens, checkpoints:  0,    17.002 MiB
srv        update:    - prompt 0xfffdb80062a0:     241 tokens, checkpoints:  0,    30.129 MiB
srv        update:    - prompt 0xfffe140054f0:     325 tokens, checkpoints:  0,    40.629 MiB
srv  get_availabl: prompt cache update took 16.40 ms
slot launch_slot_: id  2 | task -1 | sampler chain: logits -> ?penalties -> ?dry -> ?top-n-sigma -> top-k -> ?typical -> top-p -> min-p -> ?xtc -> temp-ext -> dist 
slot launch_slot_: id  2 | task 8686 | processing task, is_child = 0
slot slot_save_an: id  3 | task -1 | saving idle slot to prompt cache
srv   prompt_save:  - saving prompt with length 363, total state size = 45.380 MiB
slot prompt_clear: id  3 | task -1 | clearing prompt with 363 tokens
srv        update:  - cache state: 60 prompts, 1176.153 MiB (limits: 8192.000 MiB, 4096 tokens, 65527 est)
srv        update:    - prompt 0xf0ef60:     106 tokens, checkpoints:  0,    13.252 MiB
srv        update:    - prompt 0x4391140:     107 tokens, checkpoints:  0,    13.377 MiB
srv        update:    - prompt 0x32239b0:     106 tokens, checkpoints:  0,    13.252 MiB
srv        update:    - prompt 0x321b8b0:     107 tokens, checkpoints:  0,    13.377 MiB
srv        update:    - prompt 0x3221630:     105 tokens, checkpoints:  0,    13.127 MiB
srv        update:    - prompt 0x4390ba0:     110 tokens, checkpoints:  0,    13.752 MiB
srv        update:    - prompt 0x3223470:     116 tokens, checkpoints:  0,    14.502 MiB
srv        update:    - prompt 0x4394c10:     109 tokens, checkpoints:  0,    13.627 MiB
srv        update:    - prompt 0x3224910:     113 tokens, checkpoints:  0,    14.127 MiB
srv        update:    - prompt 0x3230c90:     108 tokens, checkpoints:  0,    13.502 MiB
srv        update:    - prompt 0x11f0c00:     108 tokens, checkpoints:  0,    13.502 MiB
srv        update:    - prompt 0xee47f0:     108 tokens, checkpoints:  0,    13.502 MiB
srv        update:    - prompt 0x438f4c0:     111 tokens, checkpoints:  0,    13.877 MiB
srv        update:    - prompt 0x438f580:     119 tokens, checkpoints:  0,    14.877 MiB
srv        update:    - prompt 0x4be6150:     123 tokens, checkpoints:  0,    15.377 MiB
srv        update:    - prompt 0x3adf6d0:     131 tokens, checkpoints:  0,    16.377 MiB
srv        update:    - prompt 0x43918f0:     130 tokens, checkpoints:  0,    16.252 MiB
srv        update:    - prompt 0x3225330:     107 tokens, checkpoints:  0,    13.377 MiB
srv        update:    - prompt 0x32291b0:     105 tokens, checkpoints:  0,    13.127 MiB
srv        update:    - prompt 0x1194e10:     110 tokens, checkpoints:  0,    13.752 MiB
srv        update:    - prompt 0x3ad1b20:     116 tokens, checkpoints:  0,    14.502 MiB
srv        update:    - prompt 0x3228110:     109 tokens, checkpoints:  0,    13.627 MiB
srv        update:    - prompt 0x3229090:     113 tokens, checkpoints:  0,    14.127 MiB
srv        update:    - prompt 0xee1a40:     108 tokens, checkpoints:  0,    13.502 MiB
srv        update:    - prompt 0x321f8d0:     108 tokens, checkpoints:  0,    13.502 MiB
srv        update:    - prompt 0xf0e5d0:     108 tokens, checkpoints:  0,    13.502 MiB
srv        update:    - prompt 0xee8970:     111 tokens, checkpoints:  0,    13.877 MiB
srv        update:    - prompt 0xef15a0:     119 tokens, checkpoints:  0,    14.877 MiB
srv        update:    - prompt 0x3219830:     123 tokens, checkpoints:  0,    15.377 MiB
srv        update:    - prompt 0xeec7b0:     131 tokens, checkpoints:  0,    16.377 MiB
srv        update:    - prompt 0x3227330:     130 tokens, checkpoints:  0,    16.252 MiB
srv        update:    - prompt 0x438b420:     409 tokens, checkpoints:  0,    51.130 MiB
srv        update:    - prompt 0x3ad6d90:     412 tokens, checkpoints:  0,    51.505 MiB
srv        update:    - prompt 0x321c560:     418 tokens, checkpoints:  0,    52.256 MiB
srv        update:    - prompt 0x3af94b0:     415 tokens, checkpoints:  0,    51.880 MiB
srv        update:    - prompt 0x3224d60:     431 tokens, checkpoints:  0,    53.881 MiB
srv        update:    - prompt 0xef06d0:     431 tokens, checkpoints:  0,    53.881 MiB
srv        update:    - prompt 0xee3c20:     107 tokens, checkpoints:  0,    13.377 MiB
srv        update:    - prompt 0x321cfd0:     105 tokens, checkpoints:  0,    13.127 MiB
srv        update:    - prompt 0x43945e0:     110 tokens, checkpoints:  0,    13.752 MiB
srv        update:    - prompt 0xf0c750:     116 tokens, checkpoints:  0,    14.502 MiB
srv        update:    - prompt 0x3acf5e0:     109 tokens, checkpoints:  0,    13.627 MiB
srv        update:    - prompt 0xf0adf0:     113 tokens, checkpoints:  0,    14.127 MiB
srv        update:    - prompt 0x1197de0:     108 tokens, checkpoints:  0,    13.502 MiB
srv        update:    - prompt 0x118ff40:     108 tokens, checkpoints:  0,    13.502 MiB
srv        update:    - prompt 0x3aecb80:     108 tokens, checkpoints:  0,    13.502 MiB
srv        update:    - prompt 0x438a6f0:     111 tokens, checkpoints:  0,    13.877 MiB
srv        update:    - prompt 0x3aed0f0:     119 tokens, checkpoints:  0,    14.877 MiB
srv        update:    - prompt 0x32210f0:     123 tokens, checkpoints:  0,    15.377 MiB
srv        update:    - prompt 0x3221da0:     165 tokens, checkpoints:  0,    20.628 MiB
srv        update:    - prompt 0x3af2910:     131 tokens, checkpoints:  0,    16.377 MiB
srv        update:    - prompt 0x1a06780:     135 tokens, checkpoints:  0,    16.877 MiB
srv        update:    - prompt 0x3aeb3b0:     132 tokens, checkpoints:  0,    16.502 MiB
srv        update:    - prompt 0x438a630:     146 tokens, checkpoints:  0,    18.252 MiB
srv        update:    - prompt 0xee04b0:     130 tokens, checkpoints:  0,    16.252 MiB
srv        update:    - prompt 0x3af0b70:     136 tokens, checkpoints:  0,    17.002 MiB
srv        update:    - prompt 0x1a06690:     136 tokens, checkpoints:  0,    17.002 MiB
srv        update:    - prompt 0xfffdb80062a0:     241 tokens, checkpoints:  0,    30.129 MiB
srv        update:    - prompt 0xfffe140054f0:     325 tokens, checkpoints:  0,    40.629 MiB
srv        update:    - prompt 0xfffd5c0054f0:     363 tokens, checkpoints:  0,    45.380 MiB
slot update_slots: id  2 | task 8686 | new prompt, n_ctx_slot = 4096, n_keep = 0, task.n_tokens = 326
slot update_slots: id  2 | task 8686 | n_tokens = 0, memory_seq_rm [0, end)
slot init_sampler: id  2 | task 8686 | init sampler, took 0.17 ms, tokens: text = 326, total = 326
slot update_slots: id  2 | task 8686 | prompt processing done, n_tokens = 326, batch.n_tokens = 326
srv  log_server_r: done request: POST /completion 127.0.0.1 200
slot print_timing: id  2 | task 8686 | 
prompt eval time =   18573.53 ms /   326 tokens (   56.97 ms per token,    17.55 tokens per second)
       eval time =    9455.42 ms /   100 tokens (   94.55 ms per token,    10.58 tokens per second)
      total time =   28028.95 ms /   426 tokens
slot      release: id  2 | task 8686 | stop processing: n_tokens = 425, truncated = 0
srv  update_slots: all slots are idle
slot get_availabl: id  1 | task -1 | selected slot by LRU, t_last = 290968918969
srv  get_availabl: updating prompt cache
srv          load:  - looking for better prompt, base f_keep = -1.000, sim = 0.000
srv          load:  - found better prompt with f_keep = 0.758, sim = 1.000
srv        update:  - cache state: 59 prompts, 1125.022 MiB (limits: 8192.000 MiB, 4096 tokens, 65527 est)
srv        update:    - prompt 0xf0ef60:     106 tokens, checkpoints:  0,    13.252 MiB
srv        update:    - prompt 0x4391140:     107 tokens, checkpoints:  0,    13.377 MiB
srv        update:    - prompt 0x32239b0:     106 tokens, checkpoints:  0,    13.252 MiB
srv        update:    - prompt 0x321b8b0:     107 tokens, checkpoints:  0,    13.377 MiB
srv        update:    - prompt 0x3221630:     105 tokens, checkpoints:  0,    13.127 MiB
srv        update:    - prompt 0x4390ba0:     110 tokens, checkpoints:  0,    13.752 MiB
srv        update:    - prompt 0x3223470:     116 tokens, checkpoints:  0,    14.502 MiB
srv        update:    - prompt 0x4394c10:     109 tokens, checkpoints:  0,    13.627 MiB
srv        update:    - prompt 0x3224910:     113 tokens, checkpoints:  0,    14.127 MiB
srv        update:    - prompt 0x3230c90:     108 tokens, checkpoints:  0,    13.502 MiB
srv        update:    - prompt 0x11f0c00:     108 tokens, checkpoints:  0,    13.502 MiB
srv        update:    - prompt 0xee47f0:     108 tokens, checkpoints:  0,    13.502 MiB
srv        update:    - prompt 0x438f4c0:     111 tokens, checkpoints:  0,    13.877 MiB
srv        update:    - prompt 0x438f580:     119 tokens, checkpoints:  0,    14.877 MiB
srv        update:    - prompt 0x4be6150:     123 tokens, checkpoints:  0,    15.377 MiB
srv        update:    - prompt 0x3adf6d0:     131 tokens, checkpoints:  0,    16.377 MiB
srv        update:    - prompt 0x43918f0:     130 tokens, checkpoints:  0,    16.252 MiB
srv        update:    - prompt 0x3225330:     107 tokens, checkpoints:  0,    13.377 MiB
srv        update:    - prompt 0x32291b0:     105 tokens, checkpoints:  0,    13.127 MiB
srv        update:    - prompt 0x1194e10:     110 tokens, checkpoints:  0,    13.752 MiB
srv        update:    - prompt 0x3ad1b20:     116 tokens, checkpoints:  0,    14.502 MiB
srv        update:    - prompt 0x3228110:     109 tokens, checkpoints:  0,    13.627 MiB
srv        update:    - prompt 0x3229090:     113 tokens, checkpoints:  0,    14.127 MiB
srv        update:    - prompt 0xee1a40:     108 tokens, checkpoints:  0,    13.502 MiB
srv        update:    - prompt 0x321f8d0:     108 tokens, checkpoints:  0,    13.502 MiB
srv        update:    - prompt 0xf0e5d0:     108 tokens, checkpoints:  0,    13.502 MiB
srv        update:    - prompt 0xee8970:     111 tokens, checkpoints:  0,    13.877 MiB
srv        update:    - prompt 0xef15a0:     119 tokens, checkpoints:  0,    14.877 MiB
srv        update:    - prompt 0x3219830:     123 tokens, checkpoints:  0,    15.377 MiB
srv        update:    - prompt 0xeec7b0:     131 tokens, checkpoints:  0,    16.377 MiB
srv        update:    - prompt 0x3227330:     130 tokens, checkpoints:  0,    16.252 MiB
srv        update:    - prompt 0x3ad6d90:     412 tokens, checkpoints:  0,    51.505 MiB
srv        update:    - prompt 0x321c560:     418 tokens, checkpoints:  0,    52.256 MiB
srv        update:    - prompt 0x3af94b0:     415 tokens, checkpoints:  0,    51.880 MiB
srv        update:    - prompt 0x3224d60:     431 tokens, checkpoints:  0,    53.881 MiB
srv        update:    - prompt 0xef06d0:     431 tokens, checkpoints:  0,    53.881 MiB
srv        update:    - prompt 0xee3c20:     107 tokens, checkpoints:  0,    13.377 MiB
srv        update:    - prompt 0x321cfd0:     105 tokens, checkpoints:  0,    13.127 MiB
srv        update:    - prompt 0x43945e0:     110 tokens, checkpoints:  0,    13.752 MiB
srv        update:    - prompt 0xf0c750:     116 tokens, checkpoints:  0,    14.502 MiB
srv        update:    - prompt 0x3acf5e0:     109 tokens, checkpoints:  0,    13.627 MiB
srv        update:    - prompt 0xf0adf0:     113 tokens, checkpoints:  0,    14.127 MiB
srv        update:    - prompt 0x1197de0:     108 tokens, checkpoints:  0,    13.502 MiB
srv        update:    - prompt 0x118ff40:     108 tokens, checkpoints:  0,    13.502 MiB
srv        update:    - prompt 0x3aecb80:     108 tokens, checkpoints:  0,    13.502 MiB
srv        update:    - prompt 0x438a6f0:     111 tokens, checkpoints:  0,    13.877 MiB
srv        update:    - prompt 0x3aed0f0:     119 tokens, checkpoints:  0,    14.877 MiB
srv        update:    - prompt 0x32210f0:     123 tokens, checkpoints:  0,    15.377 MiB
srv        update:    - prompt 0x3221da0:     165 tokens, checkpoints:  0,    20.628 MiB
srv        update:    - prompt 0x3af2910:     131 tokens, checkpoints:  0,    16.377 MiB
srv        update:    - prompt 0x1a06780:     135 tokens, checkpoints:  0,    16.877 MiB
srv        update:    - prompt 0x3aeb3b0:     132 tokens, checkpoints:  0,    16.502 MiB
srv        update:    - prompt 0x438a630:     146 tokens, checkpoints:  0,    18.252 MiB
srv        update:    - prompt 0xee04b0:     130 tokens, checkpoints:  0,    16.252 MiB
srv        update:    - prompt 0x3af0b70:     136 tokens, checkpoints:  0,    17.002 MiB
srv        update:    - prompt 0x1a06690:     136 tokens, checkpoints:  0,    17.002 MiB
srv        update:    - prompt 0xfffdb80062a0:     241 tokens, checkpoints:  0,    30.129 MiB
srv        update:    - prompt 0xfffe140054f0:     325 tokens, checkpoints:  0,    40.629 MiB
srv        update:    - prompt 0xfffd5c0054f0:     363 tokens, checkpoints:  0,    45.380 MiB
srv  get_availabl: prompt cache update took 15.71 ms
slot launch_slot_: id  1 | task -1 | sampler chain: logits -> ?penalties -> ?dry -> ?top-n-sigma -> top-k -> ?typical -> top-p -> min-p -> ?xtc -> temp-ext -> dist 
slot launch_slot_: id  1 | task 8787 | processing task, is_child = 0
slot slot_save_an: id  2 | task -1 | saving idle slot to prompt cache
srv   prompt_save:  - saving prompt with length 425, total state size = 53.131 MiB
slot prompt_clear: id  2 | task -1 | clearing prompt with 425 tokens
srv        update:  - cache state: 60 prompts, 1178.153 MiB (limits: 8192.000 MiB, 4096 tokens, 65527 est)
srv        update:    - prompt 0xf0ef60:     106 tokens, checkpoints:  0,    13.252 MiB
srv        update:    - prompt 0x4391140:     107 tokens, checkpoints:  0,    13.377 MiB
srv        update:    - prompt 0x32239b0:     106 tokens, checkpoints:  0,    13.252 MiB
srv        update:    - prompt 0x321b8b0:     107 tokens, checkpoints:  0,    13.377 MiB
srv        update:    - prompt 0x3221630:     105 tokens, checkpoints:  0,    13.127 MiB
srv        update:    - prompt 0x4390ba0:     110 tokens, checkpoints:  0,    13.752 MiB
srv        update:    - prompt 0x3223470:     116 tokens, checkpoints:  0,    14.502 MiB
srv        update:    - prompt 0x4394c10:     109 tokens, checkpoints:  0,    13.627 MiB
srv        update:    - prompt 0x3224910:     113 tokens, checkpoints:  0,    14.127 MiB
srv        update:    - prompt 0x3230c90:     108 tokens, checkpoints:  0,    13.502 MiB
srv        update:    - prompt 0x11f0c00:     108 tokens, checkpoints:  0,    13.502 MiB
srv        update:    - prompt 0xee47f0:     108 tokens, checkpoints:  0,    13.502 MiB
srv        update:    - prompt 0x438f4c0:     111 tokens, checkpoints:  0,    13.877 MiB
srv        update:    - prompt 0x438f580:     119 tokens, checkpoints:  0,    14.877 MiB
srv        update:    - prompt 0x4be6150:     123 tokens, checkpoints:  0,    15.377 MiB
srv        update:    - prompt 0x3adf6d0:     131 tokens, checkpoints:  0,    16.377 MiB
srv        update:    - prompt 0x43918f0:     130 tokens, checkpoints:  0,    16.252 MiB
srv        update:    - prompt 0x3225330:     107 tokens, checkpoints:  0,    13.377 MiB
srv        update:    - prompt 0x32291b0:     105 tokens, checkpoints:  0,    13.127 MiB
srv        update:    - prompt 0x1194e10:     110 tokens, checkpoints:  0,    13.752 MiB
srv        update:    - prompt 0x3ad1b20:     116 tokens, checkpoints:  0,    14.502 MiB
srv        update:    - prompt 0x3228110:     109 tokens, checkpoints:  0,    13.627 MiB
srv        update:    - prompt 0x3229090:     113 tokens, checkpoints:  0,    14.127 MiB
srv        update:    - prompt 0xee1a40:     108 tokens, checkpoints:  0,    13.502 MiB
srv        update:    - prompt 0x321f8d0:     108 tokens, checkpoints:  0,    13.502 MiB
srv        update:    - prompt 0xf0e5d0:     108 tokens, checkpoints:  0,    13.502 MiB
srv        update:    - prompt 0xee8970:     111 tokens, checkpoints:  0,    13.877 MiB
srv        update:    - prompt 0xef15a0:     119 tokens, checkpoints:  0,    14.877 MiB
srv        update:    - prompt 0x3219830:     123 tokens, checkpoints:  0,    15.377 MiB
srv        update:    - prompt 0xeec7b0:     131 tokens, checkpoints:  0,    16.377 MiB
srv        update:    - prompt 0x3227330:     130 tokens, checkpoints:  0,    16.252 MiB
srv        update:    - prompt 0x3ad6d90:     412 tokens, checkpoints:  0,    51.505 MiB
srv        update:    - prompt 0x321c560:     418 tokens, checkpoints:  0,    52.256 MiB
srv        update:    - prompt 0x3af94b0:     415 tokens, checkpoints:  0,    51.880 MiB
srv        update:    - prompt 0x3224d60:     431 tokens, checkpoints:  0,    53.881 MiB
srv        update:    - prompt 0xef06d0:     431 tokens, checkpoints:  0,    53.881 MiB
srv        update:    - prompt 0xee3c20:     107 tokens, checkpoints:  0,    13.377 MiB
srv        update:    - prompt 0x321cfd0:     105 tokens, checkpoints:  0,    13.127 MiB
srv        update:    - prompt 0x43945e0:     110 tokens, checkpoints:  0,    13.752 MiB
srv        update:    - prompt 0xf0c750:     116 tokens, checkpoints:  0,    14.502 MiB
srv        update:    - prompt 0x3acf5e0:     109 tokens, checkpoints:  0,    13.627 MiB
srv        update:    - prompt 0xf0adf0:     113 tokens, checkpoints:  0,    14.127 MiB
srv        update:    - prompt 0x1197de0:     108 tokens, checkpoints:  0,    13.502 MiB
srv        update:    - prompt 0x118ff40:     108 tokens, checkpoints:  0,    13.502 MiB
srv        update:    - prompt 0x3aecb80:     108 tokens, checkpoints:  0,    13.502 MiB
srv        update:    - prompt 0x438a6f0:     111 tokens, checkpoints:  0,    13.877 MiB
srv        update:    - prompt 0x3aed0f0:     119 tokens, checkpoints:  0,    14.877 MiB
srv        update:    - prompt 0x32210f0:     123 tokens, checkpoints:  0,    15.377 MiB
srv        update:    - prompt 0x3221da0:     165 tokens, checkpoints:  0,    20.628 MiB
srv        update:    - prompt 0x3af2910:     131 tokens, checkpoints:  0,    16.377 MiB
srv        update:    - prompt 0x1a06780:     135 tokens, checkpoints:  0,    16.877 MiB
srv        update:    - prompt 0x3aeb3b0:     132 tokens, checkpoints:  0,    16.502 MiB
srv        update:    - prompt 0x438a630:     146 tokens, checkpoints:  0,    18.252 MiB
srv        update:    - prompt 0xee04b0:     130 tokens, checkpoints:  0,    16.252 MiB
srv        update:    - prompt 0x3af0b70:     136 tokens, checkpoints:  0,    17.002 MiB
srv        update:    - prompt 0x1a06690:     136 tokens, checkpoints:  0,    17.002 MiB
srv        update:    - prompt 0xfffdb80062a0:     241 tokens, checkpoints:  0,    30.129 MiB
srv        update:    - prompt 0xfffe140054f0:     325 tokens, checkpoints:  0,    40.629 MiB
srv        update:    - prompt 0xfffd5c0054f0:     363 tokens, checkpoints:  0,    45.380 MiB
srv        update:    - prompt 0xfffd54002440:     425 tokens, checkpoints:  0,    53.131 MiB
slot update_slots: id  1 | task 8787 | new prompt, n_ctx_slot = 4096, n_keep = 0, task.n_tokens = 310
slot update_slots: id  1 | task 8787 | n_tokens = 0, memory_seq_rm [0, end)
slot init_sampler: id  1 | task 8787 | init sampler, took 0.16 ms, tokens: text = 310, total = 310
slot update_slots: id  1 | task 8787 | prompt processing done, n_tokens = 310, batch.n_tokens = 310
srv  log_server_r: done request: POST /completion 127.0.0.1 200
slot print_timing: id  1 | task 8787 | 
prompt eval time =   17512.98 ms /   310 tokens (   56.49 ms per token,    17.70 tokens per second)
       eval time =    9184.52 ms /   100 tokens (   91.85 ms per token,    10.89 tokens per second)
      total time =   26697.50 ms /   410 tokens
slot      release: id  1 | task 8787 | stop processing: n_tokens = 409, truncated = 0
srv  update_slots: all slots are idle
slot get_availabl: id  0 | task -1 | selected slot by LRU, t_last = 290993161745
srv  get_availabl: updating prompt cache
srv          load:  - looking for better prompt, base f_keep = -1.000, sim = 0.000
srv          load:  - found better prompt with f_keep = 0.760, sim = 1.000
srv        update:  - cache state: 59 prompts, 1126.647 MiB (limits: 8192.000 MiB, 4096 tokens, 65527 est)
srv        update:    - prompt 0xf0ef60:     106 tokens, checkpoints:  0,    13.252 MiB
srv        update:    - prompt 0x4391140:     107 tokens, checkpoints:  0,    13.377 MiB
srv        update:    - prompt 0x32239b0:     106 tokens, checkpoints:  0,    13.252 MiB
srv        update:    - prompt 0x321b8b0:     107 tokens, checkpoints:  0,    13.377 MiB
srv        update:    - prompt 0x3221630:     105 tokens, checkpoints:  0,    13.127 MiB
srv        update:    - prompt 0x4390ba0:     110 tokens, checkpoints:  0,    13.752 MiB
srv        update:    - prompt 0x3223470:     116 tokens, checkpoints:  0,    14.502 MiB
srv        update:    - prompt 0x4394c10:     109 tokens, checkpoints:  0,    13.627 MiB
srv        update:    - prompt 0x3224910:     113 tokens, checkpoints:  0,    14.127 MiB
srv        update:    - prompt 0x3230c90:     108 tokens, checkpoints:  0,    13.502 MiB
srv        update:    - prompt 0x11f0c00:     108 tokens, checkpoints:  0,    13.502 MiB
srv        update:    - prompt 0xee47f0:     108 tokens, checkpoints:  0,    13.502 MiB
srv        update:    - prompt 0x438f4c0:     111 tokens, checkpoints:  0,    13.877 MiB
srv        update:    - prompt 0x438f580:     119 tokens, checkpoints:  0,    14.877 MiB
srv        update:    - prompt 0x4be6150:     123 tokens, checkpoints:  0,    15.377 MiB
srv        update:    - prompt 0x3adf6d0:     131 tokens, checkpoints:  0,    16.377 MiB
srv        update:    - prompt 0x43918f0:     130 tokens, checkpoints:  0,    16.252 MiB
srv        update:    - prompt 0x3225330:     107 tokens, checkpoints:  0,    13.377 MiB
srv        update:    - prompt 0x32291b0:     105 tokens, checkpoints:  0,    13.127 MiB
srv        update:    - prompt 0x1194e10:     110 tokens, checkpoints:  0,    13.752 MiB
srv        update:    - prompt 0x3ad1b20:     116 tokens, checkpoints:  0,    14.502 MiB
srv        update:    - prompt 0x3228110:     109 tokens, checkpoints:  0,    13.627 MiB
srv        update:    - prompt 0x3229090:     113 tokens, checkpoints:  0,    14.127 MiB
srv        update:    - prompt 0xee1a40:     108 tokens, checkpoints:  0,    13.502 MiB
srv        update:    - prompt 0x321f8d0:     108 tokens, checkpoints:  0,    13.502 MiB
srv        update:    - prompt 0xf0e5d0:     108 tokens, checkpoints:  0,    13.502 MiB
srv        update:    - prompt 0xee8970:     111 tokens, checkpoints:  0,    13.877 MiB
srv        update:    - prompt 0xef15a0:     119 tokens, checkpoints:  0,    14.877 MiB
srv        update:    - prompt 0x3219830:     123 tokens, checkpoints:  0,    15.377 MiB
srv        update:    - prompt 0xeec7b0:     131 tokens, checkpoints:  0,    16.377 MiB
srv        update:    - prompt 0x3227330:     130 tokens, checkpoints:  0,    16.252 MiB
srv        update:    - prompt 0x321c560:     418 tokens, checkpoints:  0,    52.256 MiB
srv        update:    - prompt 0x3af94b0:     415 tokens, checkpoints:  0,    51.880 MiB
srv        update:    - prompt 0x3224d60:     431 tokens, checkpoints:  0,    53.881 MiB
srv        update:    - prompt 0xef06d0:     431 tokens, checkpoints:  0,    53.881 MiB
srv        update:    - prompt 0xee3c20:     107 tokens, checkpoints:  0,    13.377 MiB
srv        update:    - prompt 0x321cfd0:     105 tokens, checkpoints:  0,    13.127 MiB
srv        update:    - prompt 0x43945e0:     110 tokens, checkpoints:  0,    13.752 MiB
srv        update:    - prompt 0xf0c750:     116 tokens, checkpoints:  0,    14.502 MiB
srv        update:    - prompt 0x3acf5e0:     109 tokens, checkpoints:  0,    13.627 MiB
srv        update:    - prompt 0xf0adf0:     113 tokens, checkpoints:  0,    14.127 MiB
srv        update:    - prompt 0x1197de0:     108 tokens, checkpoints:  0,    13.502 MiB
srv        update:    - prompt 0x118ff40:     108 tokens, checkpoints:  0,    13.502 MiB
srv        update:    - prompt 0x3aecb80:     108 tokens, checkpoints:  0,    13.502 MiB
srv        update:    - prompt 0x438a6f0:     111 tokens, checkpoints:  0,    13.877 MiB
srv        update:    - prompt 0x3aed0f0:     119 tokens, checkpoints:  0,    14.877 MiB
srv        update:    - prompt 0x32210f0:     123 tokens, checkpoints:  0,    15.377 MiB
srv        update:    - prompt 0x3221da0:     165 tokens, checkpoints:  0,    20.628 MiB
srv        update:    - prompt 0x3af2910:     131 tokens, checkpoints:  0,    16.377 MiB
srv        update:    - prompt 0x1a06780:     135 tokens, checkpoints:  0,    16.877 MiB
srv        update:    - prompt 0x3aeb3b0:     132 tokens, checkpoints:  0,    16.502 MiB
srv        update:    - prompt 0x438a630:     146 tokens, checkpoints:  0,    18.252 MiB
srv        update:    - prompt 0xee04b0:     130 tokens, checkpoints:  0,    16.252 MiB
srv        update:    - prompt 0x3af0b70:     136 tokens, checkpoints:  0,    17.002 MiB
srv        update:    - prompt 0x1a06690:     136 tokens, checkpoints:  0,    17.002 MiB
srv        update:    - prompt 0xfffdb80062a0:     241 tokens, checkpoints:  0,    30.129 MiB
srv        update:    - prompt 0xfffe140054f0:     325 tokens, checkpoints:  0,    40.629 MiB
srv        update:    - prompt 0xfffd5c0054f0:     363 tokens, checkpoints:  0,    45.380 MiB
srv        update:    - prompt 0xfffd54002440:     425 tokens, checkpoints:  0,    53.131 MiB
srv  get_availabl: prompt cache update took 15.88 ms
slot launch_slot_: id  0 | task -1 | sampler chain: logits -> ?penalties -> ?dry -> ?top-n-sigma -> top-k -> ?typical -> top-p -> min-p -> ?xtc -> temp-ext -> dist 
slot launch_slot_: id  0 | task 8888 | processing task, is_child = 0
slot slot_save_an: id  1 | task -1 | saving idle slot to prompt cache
srv   prompt_save:  - saving prompt with length 409, total state size = 51.130 MiB
slot prompt_clear: id  1 | task -1 | clearing prompt with 409 tokens
srv        update:  - cache state: 60 prompts, 1177.778 MiB (limits: 8192.000 MiB, 4096 tokens, 65527 est)
srv        update:    - prompt 0xf0ef60:     106 tokens, checkpoints:  0,    13.252 MiB
srv        update:    - prompt 0x4391140:     107 tokens, checkpoints:  0,    13.377 MiB
srv        update:    - prompt 0x32239b0:     106 tokens, checkpoints:  0,    13.252 MiB
srv        update:    - prompt 0x321b8b0:     107 tokens, checkpoints:  0,    13.377 MiB
srv        update:    - prompt 0x3221630:     105 tokens, checkpoints:  0,    13.127 MiB
srv        update:    - prompt 0x4390ba0:     110 tokens, checkpoints:  0,    13.752 MiB
srv        update:    - prompt 0x3223470:     116 tokens, checkpoints:  0,    14.502 MiB
srv        update:    - prompt 0x4394c10:     109 tokens, checkpoints:  0,    13.627 MiB
srv        update:    - prompt 0x3224910:     113 tokens, checkpoints:  0,    14.127 MiB
srv        update:    - prompt 0x3230c90:     108 tokens, checkpoints:  0,    13.502 MiB
srv        update:    - prompt 0x11f0c00:     108 tokens, checkpoints:  0,    13.502 MiB
srv        update:    - prompt 0xee47f0:     108 tokens, checkpoints:  0,    13.502 MiB
srv        update:    - prompt 0x438f4c0:     111 tokens, checkpoints:  0,    13.877 MiB
srv        update:    - prompt 0x438f580:     119 tokens, checkpoints:  0,    14.877 MiB
srv        update:    - prompt 0x4be6150:     123 tokens, checkpoints:  0,    15.377 MiB
srv        update:    - prompt 0x3adf6d0:     131 tokens, checkpoints:  0,    16.377 MiB
srv        update:    - prompt 0x43918f0:     130 tokens, checkpoints:  0,    16.252 MiB
srv        update:    - prompt 0x3225330:     107 tokens, checkpoints:  0,    13.377 MiB
srv        update:    - prompt 0x32291b0:     105 tokens, checkpoints:  0,    13.127 MiB
srv        update:    - prompt 0x1194e10:     110 tokens, checkpoints:  0,    13.752 MiB
srv        update:    - prompt 0x3ad1b20:     116 tokens, checkpoints:  0,    14.502 MiB
srv        update:    - prompt 0x3228110:     109 tokens, checkpoints:  0,    13.627 MiB
srv        update:    - prompt 0x3229090:     113 tokens, checkpoints:  0,    14.127 MiB
srv        update:    - prompt 0xee1a40:     108 tokens, checkpoints:  0,    13.502 MiB
srv        update:    - prompt 0x321f8d0:     108 tokens, checkpoints:  0,    13.502 MiB
srv        update:    - prompt 0xf0e5d0:     108 tokens, checkpoints:  0,    13.502 MiB
srv        update:    - prompt 0xee8970:     111 tokens, checkpoints:  0,    13.877 MiB
srv        update:    - prompt 0xef15a0:     119 tokens, checkpoints:  0,    14.877 MiB
srv        update:    - prompt 0x3219830:     123 tokens, checkpoints:  0,    15.377 MiB
srv        update:    - prompt 0xeec7b0:     131 tokens, checkpoints:  0,    16.377 MiB
srv        update:    - prompt 0x3227330:     130 tokens, checkpoints:  0,    16.252 MiB
srv        update:    - prompt 0x321c560:     418 tokens, checkpoints:  0,    52.256 MiB
srv        update:    - prompt 0x3af94b0:     415 tokens, checkpoints:  0,    51.880 MiB
srv        update:    - prompt 0x3224d60:     431 tokens, checkpoints:  0,    53.881 MiB
srv        update:    - prompt 0xef06d0:     431 tokens, checkpoints:  0,    53.881 MiB
srv        update:    - prompt 0xee3c20:     107 tokens, checkpoints:  0,    13.377 MiB
srv        update:    - prompt 0x321cfd0:     105 tokens, checkpoints:  0,    13.127 MiB
srv        update:    - prompt 0x43945e0:     110 tokens, checkpoints:  0,    13.752 MiB
srv        update:    - prompt 0xf0c750:     116 tokens, checkpoints:  0,    14.502 MiB
srv        update:    - prompt 0x3acf5e0:     109 tokens, checkpoints:  0,    13.627 MiB
srv        update:    - prompt 0xf0adf0:     113 tokens, checkpoints:  0,    14.127 MiB
srv        update:    - prompt 0x1197de0:     108 tokens, checkpoints:  0,    13.502 MiB
srv        update:    - prompt 0x118ff40:     108 tokens, checkpoints:  0,    13.502 MiB
srv        update:    - prompt 0x3aecb80:     108 tokens, checkpoints:  0,    13.502 MiB
srv        update:    - prompt 0x438a6f0:     111 tokens, checkpoints:  0,    13.877 MiB
srv        update:    - prompt 0x3aed0f0:     119 tokens, checkpoints:  0,    14.877 MiB
srv        update:    - prompt 0x32210f0:     123 tokens, checkpoints:  0,    15.377 MiB
srv        update:    - prompt 0x3221da0:     165 tokens, checkpoints:  0,    20.628 MiB
srv        update:    - prompt 0x3af2910:     131 tokens, checkpoints:  0,    16.377 MiB
srv        update:    - prompt 0x1a06780:     135 tokens, checkpoints:  0,    16.877 MiB
srv        update:    - prompt 0x3aeb3b0:     132 tokens, checkpoints:  0,    16.502 MiB
srv        update:    - prompt 0x438a630:     146 tokens, checkpoints:  0,    18.252 MiB
srv        update:    - prompt 0xee04b0:     130 tokens, checkpoints:  0,    16.252 MiB
srv        update:    - prompt 0x3af0b70:     136 tokens, checkpoints:  0,    17.002 MiB
srv        update:    - prompt 0x1a06690:     136 tokens, checkpoints:  0,    17.002 MiB
srv        update:    - prompt 0xfffdb80062a0:     241 tokens, checkpoints:  0,    30.129 MiB
srv        update:    - prompt 0xfffe140054f0:     325 tokens, checkpoints:  0,    40.629 MiB
srv        update:    - prompt 0xfffd5c0054f0:     363 tokens, checkpoints:  0,    45.380 MiB
srv        update:    - prompt 0xfffd54002440:     425 tokens, checkpoints:  0,    53.131 MiB
srv        update:    - prompt 0x3ad6d90:     409 tokens, checkpoints:  0,    51.130 MiB
slot update_slots: id  0 | task 8888 | new prompt, n_ctx_slot = 4096, n_keep = 0, task.n_tokens = 313
slot update_slots: id  0 | task 8888 | n_tokens = 0, memory_seq_rm [0, end)
slot init_sampler: id  0 | task 8888 | init sampler, took 0.16 ms, tokens: text = 313, total = 313
slot update_slots: id  0 | task 8888 | prompt processing done, n_tokens = 313, batch.n_tokens = 313
srv  log_server_r: done request: POST /completion 127.0.0.1 200
slot print_timing: id  0 | task 8888 | 
prompt eval time =   17663.74 ms /   313 tokens (   56.43 ms per token,    17.72 tokens per second)
       eval time =    8762.19 ms /   100 tokens (   87.62 ms per token,    11.41 tokens per second)
      total time =   26425.93 ms /   413 tokens
slot      release: id  0 | task 8888 | stop processing: n_tokens = 412, truncated = 0
srv  update_slots: all slots are idle
slot get_availabl: id  3 | task -1 | selected slot by LRU, t_last = 291017324760
srv  get_availabl: updating prompt cache
srv          load:  - looking for better prompt, base f_keep = -1.000, sim = 0.000
srv          load:  - found better prompt with f_keep = 0.763, sim = 1.000
srv        update:  - cache state: 59 prompts, 1125.522 MiB (limits: 8192.000 MiB, 4096 tokens, 65527 est)
srv        update:    - prompt 0xf0ef60:     106 tokens, checkpoints:  0,    13.252 MiB
srv        update:    - prompt 0x4391140:     107 tokens, checkpoints:  0,    13.377 MiB
srv        update:    - prompt 0x32239b0:     106 tokens, checkpoints:  0,    13.252 MiB
srv        update:    - prompt 0x321b8b0:     107 tokens, checkpoints:  0,    13.377 MiB
srv        update:    - prompt 0x3221630:     105 tokens, checkpoints:  0,    13.127 MiB
srv        update:    - prompt 0x4390ba0:     110 tokens, checkpoints:  0,    13.752 MiB
srv        update:    - prompt 0x3223470:     116 tokens, checkpoints:  0,    14.502 MiB
srv        update:    - prompt 0x4394c10:     109 tokens, checkpoints:  0,    13.627 MiB
srv        update:    - prompt 0x3224910:     113 tokens, checkpoints:  0,    14.127 MiB
srv        update:    - prompt 0x3230c90:     108 tokens, checkpoints:  0,    13.502 MiB
srv        update:    - prompt 0x11f0c00:     108 tokens, checkpoints:  0,    13.502 MiB
srv        update:    - prompt 0xee47f0:     108 tokens, checkpoints:  0,    13.502 MiB
srv        update:    - prompt 0x438f4c0:     111 tokens, checkpoints:  0,    13.877 MiB
srv        update:    - prompt 0x438f580:     119 tokens, checkpoints:  0,    14.877 MiB
srv        update:    - prompt 0x4be6150:     123 tokens, checkpoints:  0,    15.377 MiB
srv        update:    - prompt 0x3adf6d0:     131 tokens, checkpoints:  0,    16.377 MiB
srv        update:    - prompt 0x43918f0:     130 tokens, checkpoints:  0,    16.252 MiB
srv        update:    - prompt 0x3225330:     107 tokens, checkpoints:  0,    13.377 MiB
srv        update:    - prompt 0x32291b0:     105 tokens, checkpoints:  0,    13.127 MiB
srv        update:    - prompt 0x1194e10:     110 tokens, checkpoints:  0,    13.752 MiB
srv        update:    - prompt 0x3ad1b20:     116 tokens, checkpoints:  0,    14.502 MiB
srv        update:    - prompt 0x3228110:     109 tokens, checkpoints:  0,    13.627 MiB
srv        update:    - prompt 0x3229090:     113 tokens, checkpoints:  0,    14.127 MiB
srv        update:    - prompt 0xee1a40:     108 tokens, checkpoints:  0,    13.502 MiB
srv        update:    - prompt 0x321f8d0:     108 tokens, checkpoints:  0,    13.502 MiB
srv        update:    - prompt 0xf0e5d0:     108 tokens, checkpoints:  0,    13.502 MiB
srv        update:    - prompt 0xee8970:     111 tokens, checkpoints:  0,    13.877 MiB
srv        update:    - prompt 0xef15a0:     119 tokens, checkpoints:  0,    14.877 MiB
srv        update:    - prompt 0x3219830:     123 tokens, checkpoints:  0,    15.377 MiB
srv        update:    - prompt 0xeec7b0:     131 tokens, checkpoints:  0,    16.377 MiB
srv        update:    - prompt 0x3227330:     130 tokens, checkpoints:  0,    16.252 MiB
srv        update:    - prompt 0x3af94b0:     415 tokens, checkpoints:  0,    51.880 MiB
srv        update:    - prompt 0x3224d60:     431 tokens, checkpoints:  0,    53.881 MiB
srv        update:    - prompt 0xef06d0:     431 tokens, checkpoints:  0,    53.881 MiB
srv        update:    - prompt 0xee3c20:     107 tokens, checkpoints:  0,    13.377 MiB
srv        update:    - prompt 0x321cfd0:     105 tokens, checkpoints:  0,    13.127 MiB
srv        update:    - prompt 0x43945e0:     110 tokens, checkpoints:  0,    13.752 MiB
srv        update:    - prompt 0xf0c750:     116 tokens, checkpoints:  0,    14.502 MiB
srv        update:    - prompt 0x3acf5e0:     109 tokens, checkpoints:  0,    13.627 MiB
srv        update:    - prompt 0xf0adf0:     113 tokens, checkpoints:  0,    14.127 MiB
srv        update:    - prompt 0x1197de0:     108 tokens, checkpoints:  0,    13.502 MiB
srv        update:    - prompt 0x118ff40:     108 tokens, checkpoints:  0,    13.502 MiB
srv        update:    - prompt 0x3aecb80:     108 tokens, checkpoints:  0,    13.502 MiB
srv        update:    - prompt 0x438a6f0:     111 tokens, checkpoints:  0,    13.877 MiB
srv        update:    - prompt 0x3aed0f0:     119 tokens, checkpoints:  0,    14.877 MiB
srv        update:    - prompt 0x32210f0:     123 tokens, checkpoints:  0,    15.377 MiB
srv        update:    - prompt 0x3221da0:     165 tokens, checkpoints:  0,    20.628 MiB
srv        update:    - prompt 0x3af2910:     131 tokens, checkpoints:  0,    16.377 MiB
srv        update:    - prompt 0x1a06780:     135 tokens, checkpoints:  0,    16.877 MiB
srv        update:    - prompt 0x3aeb3b0:     132 tokens, checkpoints:  0,    16.502 MiB
srv        update:    - prompt 0x438a630:     146 tokens, checkpoints:  0,    18.252 MiB
srv        update:    - prompt 0xee04b0:     130 tokens, checkpoints:  0,    16.252 MiB
srv        update:    - prompt 0x3af0b70:     136 tokens, checkpoints:  0,    17.002 MiB
srv        update:    - prompt 0x1a06690:     136 tokens, checkpoints:  0,    17.002 MiB
srv        update:    - prompt 0xfffdb80062a0:     241 tokens, checkpoints:  0,    30.129 MiB
srv        update:    - prompt 0xfffe140054f0:     325 tokens, checkpoints:  0,    40.629 MiB
srv        update:    - prompt 0xfffd5c0054f0:     363 tokens, checkpoints:  0,    45.380 MiB
srv        update:    - prompt 0xfffd54002440:     425 tokens, checkpoints:  0,    53.131 MiB
srv        update:    - prompt 0x3ad6d90:     409 tokens, checkpoints:  0,    51.130 MiB
srv  get_availabl: prompt cache update took 16.04 ms
slot launch_slot_: id  3 | task -1 | sampler chain: logits -> ?penalties -> ?dry -> ?top-n-sigma -> top-k -> ?typical -> top-p -> min-p -> ?xtc -> temp-ext -> dist 
slot launch_slot_: id  3 | task 8989 | processing task, is_child = 0
slot slot_save_an: id  0 | task -1 | saving idle slot to prompt cache
srv   prompt_save:  - saving prompt with length 412, total state size = 51.505 MiB
slot prompt_clear: id  0 | task -1 | clearing prompt with 412 tokens
srv        update:  - cache state: 60 prompts, 1177.028 MiB (limits: 8192.000 MiB, 4096 tokens, 65527 est)
srv        update:    - prompt 0xf0ef60:     106 tokens, checkpoints:  0,    13.252 MiB
srv        update:    - prompt 0x4391140:     107 tokens, checkpoints:  0,    13.377 MiB
srv        update:    - prompt 0x32239b0:     106 tokens, checkpoints:  0,    13.252 MiB
srv        update:    - prompt 0x321b8b0:     107 tokens, checkpoints:  0,    13.377 MiB
srv        update:    - prompt 0x3221630:     105 tokens, checkpoints:  0,    13.127 MiB
srv        update:    - prompt 0x4390ba0:     110 tokens, checkpoints:  0,    13.752 MiB
srv        update:    - prompt 0x3223470:     116 tokens, checkpoints:  0,    14.502 MiB
srv        update:    - prompt 0x4394c10:     109 tokens, checkpoints:  0,    13.627 MiB
srv        update:    - prompt 0x3224910:     113 tokens, checkpoints:  0,    14.127 MiB
srv        update:    - prompt 0x3230c90:     108 tokens, checkpoints:  0,    13.502 MiB
srv        update:    - prompt 0x11f0c00:     108 tokens, checkpoints:  0,    13.502 MiB
srv        update:    - prompt 0xee47f0:     108 tokens, checkpoints:  0,    13.502 MiB
srv        update:    - prompt 0x438f4c0:     111 tokens, checkpoints:  0,    13.877 MiB
srv        update:    - prompt 0x438f580:     119 tokens, checkpoints:  0,    14.877 MiB
srv        update:    - prompt 0x4be6150:     123 tokens, checkpoints:  0,    15.377 MiB
srv        update:    - prompt 0x3adf6d0:     131 tokens, checkpoints:  0,    16.377 MiB
srv        update:    - prompt 0x43918f0:     130 tokens, checkpoints:  0,    16.252 MiB
srv        update:    - prompt 0x3225330:     107 tokens, checkpoints:  0,    13.377 MiB
srv        update:    - prompt 0x32291b0:     105 tokens, checkpoints:  0,    13.127 MiB
srv        update:    - prompt 0x1194e10:     110 tokens, checkpoints:  0,    13.752 MiB
srv        update:    - prompt 0x3ad1b20:     116 tokens, checkpoints:  0,    14.502 MiB
srv        update:    - prompt 0x3228110:     109 tokens, checkpoints:  0,    13.627 MiB
srv        update:    - prompt 0x3229090:     113 tokens, checkpoints:  0,    14.127 MiB
srv        update:    - prompt 0xee1a40:     108 tokens, checkpoints:  0,    13.502 MiB
srv        update:    - prompt 0x321f8d0:     108 tokens, checkpoints:  0,    13.502 MiB
srv        update:    - prompt 0xf0e5d0:     108 tokens, checkpoints:  0,    13.502 MiB
srv        update:    - prompt 0xee8970:     111 tokens, checkpoints:  0,    13.877 MiB
srv        update:    - prompt 0xef15a0:     119 tokens, checkpoints:  0,    14.877 MiB
srv        update:    - prompt 0x3219830:     123 tokens, checkpoints:  0,    15.377 MiB
srv        update:    - prompt 0xeec7b0:     131 tokens, checkpoints:  0,    16.377 MiB
srv        update:    - prompt 0x3227330:     130 tokens, checkpoints:  0,    16.252 MiB
srv        update:    - prompt 0x3af94b0:     415 tokens, checkpoints:  0,    51.880 MiB
srv        update:    - prompt 0x3224d60:     431 tokens, checkpoints:  0,    53.881 MiB
srv        update:    - prompt 0xef06d0:     431 tokens, checkpoints:  0,    53.881 MiB
srv        update:    - prompt 0xee3c20:     107 tokens, checkpoints:  0,    13.377 MiB
srv        update:    - prompt 0x321cfd0:     105 tokens, checkpoints:  0,    13.127 MiB
srv        update:    - prompt 0x43945e0:     110 tokens, checkpoints:  0,    13.752 MiB
srv        update:    - prompt 0xf0c750:     116 tokens, checkpoints:  0,    14.502 MiB
srv        update:    - prompt 0x3acf5e0:     109 tokens, checkpoints:  0,    13.627 MiB
srv        update:    - prompt 0xf0adf0:     113 tokens, checkpoints:  0,    14.127 MiB
srv        update:    - prompt 0x1197de0:     108 tokens, checkpoints:  0,    13.502 MiB
srv        update:    - prompt 0x118ff40:     108 tokens, checkpoints:  0,    13.502 MiB
srv        update:    - prompt 0x3aecb80:     108 tokens, checkpoints:  0,    13.502 MiB
srv        update:    - prompt 0x438a6f0:     111 tokens, checkpoints:  0,    13.877 MiB
srv        update:    - prompt 0x3aed0f0:     119 tokens, checkpoints:  0,    14.877 MiB
srv        update:    - prompt 0x32210f0:     123 tokens, checkpoints:  0,    15.377 MiB
srv        update:    - prompt 0x3221da0:     165 tokens, checkpoints:  0,    20.628 MiB
srv        update:    - prompt 0x3af2910:     131 tokens, checkpoints:  0,    16.377 MiB
srv        update:    - prompt 0x1a06780:     135 tokens, checkpoints:  0,    16.877 MiB
srv        update:    - prompt 0x3aeb3b0:     132 tokens, checkpoints:  0,    16.502 MiB
srv        update:    - prompt 0x438a630:     146 tokens, checkpoints:  0,    18.252 MiB
srv        update:    - prompt 0xee04b0:     130 tokens, checkpoints:  0,    16.252 MiB
srv        update:    - prompt 0x3af0b70:     136 tokens, checkpoints:  0,    17.002 MiB
srv        update:    - prompt 0x1a06690:     136 tokens, checkpoints:  0,    17.002 MiB
srv        update:    - prompt 0xfffdb80062a0:     241 tokens, checkpoints:  0,    30.129 MiB
srv        update:    - prompt 0xfffe140054f0:     325 tokens, checkpoints:  0,    40.629 MiB
srv        update:    - prompt 0xfffd5c0054f0:     363 tokens, checkpoints:  0,    45.380 MiB
srv        update:    - prompt 0xfffd54002440:     425 tokens, checkpoints:  0,    53.131 MiB
srv        update:    - prompt 0x3ad6d90:     409 tokens, checkpoints:  0,    51.130 MiB
srv        update:    - prompt 0x321c560:     412 tokens, checkpoints:  0,    51.505 MiB
slot update_slots: id  3 | task 8989 | new prompt, n_ctx_slot = 4096, n_keep = 0, task.n_tokens = 319
slot update_slots: id  3 | task 8989 | n_tokens = 0, memory_seq_rm [0, end)
slot init_sampler: id  3 | task 8989 | init sampler, took 0.17 ms, tokens: text = 319, total = 319
slot update_slots: id  3 | task 8989 | prompt processing done, n_tokens = 319, batch.n_tokens = 319
srv  log_server_r: done request: POST /completion 127.0.0.1 200
slot print_timing: id  3 | task 8989 | 
prompt eval time =   18045.58 ms /   319 tokens (   56.57 ms per token,    17.68 tokens per second)
       eval time =    7476.36 ms /   100 tokens (   74.76 ms per token,    13.38 tokens per second)
      total time =   25521.94 ms /   419 tokens
slot      release: id  3 | task 8989 | stop processing: n_tokens = 418, truncated = 0
srv  update_slots: all slots are idle
slot get_availabl: id  2 | task -1 | selected slot by LRU, t_last = 291045963770
srv  get_availabl: updating prompt cache
srv          load:  - looking for better prompt, base f_keep = -1.000, sim = 0.000
srv          load:  - found better prompt with f_keep = 0.761, sim = 1.000
srv        update:  - cache state: 59 prompts, 1125.147 MiB (limits: 8192.000 MiB, 4096 tokens, 65527 est)
srv        update:    - prompt 0xf0ef60:     106 tokens, checkpoints:  0,    13.252 MiB
srv        update:    - prompt 0x4391140:     107 tokens, checkpoints:  0,    13.377 MiB
srv        update:    - prompt 0x32239b0:     106 tokens, checkpoints:  0,    13.252 MiB
srv        update:    - prompt 0x321b8b0:     107 tokens, checkpoints:  0,    13.377 MiB
srv        update:    - prompt 0x3221630:     105 tokens, checkpoints:  0,    13.127 MiB
srv        update:    - prompt 0x4390ba0:     110 tokens, checkpoints:  0,    13.752 MiB
srv        update:    - prompt 0x3223470:     116 tokens, checkpoints:  0,    14.502 MiB
srv        update:    - prompt 0x4394c10:     109 tokens, checkpoints:  0,    13.627 MiB
srv        update:    - prompt 0x3224910:     113 tokens, checkpoints:  0,    14.127 MiB
srv        update:    - prompt 0x3230c90:     108 tokens, checkpoints:  0,    13.502 MiB
srv        update:    - prompt 0x11f0c00:     108 tokens, checkpoints:  0,    13.502 MiB
srv        update:    - prompt 0xee47f0:     108 tokens, checkpoints:  0,    13.502 MiB
srv        update:    - prompt 0x438f4c0:     111 tokens, checkpoints:  0,    13.877 MiB
srv        update:    - prompt 0x438f580:     119 tokens, checkpoints:  0,    14.877 MiB
srv        update:    - prompt 0x4be6150:     123 tokens, checkpoints:  0,    15.377 MiB
srv        update:    - prompt 0x3adf6d0:     131 tokens, checkpoints:  0,    16.377 MiB
srv        update:    - prompt 0x43918f0:     130 tokens, checkpoints:  0,    16.252 MiB
srv        update:    - prompt 0x3225330:     107 tokens, checkpoints:  0,    13.377 MiB
srv        update:    - prompt 0x32291b0:     105 tokens, checkpoints:  0,    13.127 MiB
srv        update:    - prompt 0x1194e10:     110 tokens, checkpoints:  0,    13.752 MiB
srv        update:    - prompt 0x3ad1b20:     116 tokens, checkpoints:  0,    14.502 MiB
srv        update:    - prompt 0x3228110:     109 tokens, checkpoints:  0,    13.627 MiB
srv        update:    - prompt 0x3229090:     113 tokens, checkpoints:  0,    14.127 MiB
srv        update:    - prompt 0xee1a40:     108 tokens, checkpoints:  0,    13.502 MiB
srv        update:    - prompt 0x321f8d0:     108 tokens, checkpoints:  0,    13.502 MiB
srv        update:    - prompt 0xf0e5d0:     108 tokens, checkpoints:  0,    13.502 MiB
srv        update:    - prompt 0xee8970:     111 tokens, checkpoints:  0,    13.877 MiB
srv        update:    - prompt 0xef15a0:     119 tokens, checkpoints:  0,    14.877 MiB
srv        update:    - prompt 0x3219830:     123 tokens, checkpoints:  0,    15.377 MiB
srv        update:    - prompt 0xeec7b0:     131 tokens, checkpoints:  0,    16.377 MiB
srv        update:    - prompt 0x3227330:     130 tokens, checkpoints:  0,    16.252 MiB
srv        update:    - prompt 0x3224d60:     431 tokens, checkpoints:  0,    53.881 MiB
srv        update:    - prompt 0xef06d0:     431 tokens, checkpoints:  0,    53.881 MiB
srv        update:    - prompt 0xee3c20:     107 tokens, checkpoints:  0,    13.377 MiB
srv        update:    - prompt 0x321cfd0:     105 tokens, checkpoints:  0,    13.127 MiB
srv        update:    - prompt 0x43945e0:     110 tokens, checkpoints:  0,    13.752 MiB
srv        update:    - prompt 0xf0c750:     116 tokens, checkpoints:  0,    14.502 MiB
srv        update:    - prompt 0x3acf5e0:     109 tokens, checkpoints:  0,    13.627 MiB
srv        update:    - prompt 0xf0adf0:     113 tokens, checkpoints:  0,    14.127 MiB
srv        update:    - prompt 0x1197de0:     108 tokens, checkpoints:  0,    13.502 MiB
srv        update:    - prompt 0x118ff40:     108 tokens, checkpoints:  0,    13.502 MiB
srv        update:    - prompt 0x3aecb80:     108 tokens, checkpoints:  0,    13.502 MiB
srv        update:    - prompt 0x438a6f0:     111 tokens, checkpoints:  0,    13.877 MiB
srv        update:    - prompt 0x3aed0f0:     119 tokens, checkpoints:  0,    14.877 MiB
srv        update:    - prompt 0x32210f0:     123 tokens, checkpoints:  0,    15.377 MiB
srv        update:    - prompt 0x3221da0:     165 tokens, checkpoints:  0,    20.628 MiB
srv        update:    - prompt 0x3af2910:     131 tokens, checkpoints:  0,    16.377 MiB
srv        update:    - prompt 0x1a06780:     135 tokens, checkpoints:  0,    16.877 MiB
srv        update:    - prompt 0x3aeb3b0:     132 tokens, checkpoints:  0,    16.502 MiB
srv        update:    - prompt 0x438a630:     146 tokens, checkpoints:  0,    18.252 MiB
srv        update:    - prompt 0xee04b0:     130 tokens, checkpoints:  0,    16.252 MiB
srv        update:    - prompt 0x3af0b70:     136 tokens, checkpoints:  0,    17.002 MiB
srv        update:    - prompt 0x1a06690:     136 tokens, checkpoints:  0,    17.002 MiB
srv        update:    - prompt 0xfffdb80062a0:     241 tokens, checkpoints:  0,    30.129 MiB
srv        update:    - prompt 0xfffe140054f0:     325 tokens, checkpoints:  0,    40.629 MiB
srv        update:    - prompt 0xfffd5c0054f0:     363 tokens, checkpoints:  0,    45.380 MiB
srv        update:    - prompt 0xfffd54002440:     425 tokens, checkpoints:  0,    53.131 MiB
srv        update:    - prompt 0x3ad6d90:     409 tokens, checkpoints:  0,    51.130 MiB
srv        update:    - prompt 0x321c560:     412 tokens, checkpoints:  0,    51.505 MiB
srv  get_availabl: prompt cache update took 16.28 ms
slot launch_slot_: id  2 | task -1 | sampler chain: logits -> ?penalties -> ?dry -> ?top-n-sigma -> top-k -> ?typical -> top-p -> min-p -> ?xtc -> temp-ext -> dist 
slot launch_slot_: id  2 | task 9090 | processing task, is_child = 0
slot slot_save_an: id  3 | task -1 | saving idle slot to prompt cache
srv   prompt_save:  - saving prompt with length 418, total state size = 52.256 MiB
slot prompt_clear: id  3 | task -1 | clearing prompt with 418 tokens
srv        update:  - cache state: 60 prompts, 1177.403 MiB (limits: 8192.000 MiB, 4096 tokens, 65527 est)
srv        update:    - prompt 0xf0ef60:     106 tokens, checkpoints:  0,    13.252 MiB
srv        update:    - prompt 0x4391140:     107 tokens, checkpoints:  0,    13.377 MiB
srv        update:    - prompt 0x32239b0:     106 tokens, checkpoints:  0,    13.252 MiB
srv        update:    - prompt 0x321b8b0:     107 tokens, checkpoints:  0,    13.377 MiB
srv        update:    - prompt 0x3221630:     105 tokens, checkpoints:  0,    13.127 MiB
srv        update:    - prompt 0x4390ba0:     110 tokens, checkpoints:  0,    13.752 MiB
srv        update:    - prompt 0x3223470:     116 tokens, checkpoints:  0,    14.502 MiB
srv        update:    - prompt 0x4394c10:     109 tokens, checkpoints:  0,    13.627 MiB
srv        update:    - prompt 0x3224910:     113 tokens, checkpoints:  0,    14.127 MiB
srv        update:    - prompt 0x3230c90:     108 tokens, checkpoints:  0,    13.502 MiB
srv        update:    - prompt 0x11f0c00:     108 tokens, checkpoints:  0,    13.502 MiB
srv        update:    - prompt 0xee47f0:     108 tokens, checkpoints:  0,    13.502 MiB
srv        update:    - prompt 0x438f4c0:     111 tokens, checkpoints:  0,    13.877 MiB
srv        update:    - prompt 0x438f580:     119 tokens, checkpoints:  0,    14.877 MiB
srv        update:    - prompt 0x4be6150:     123 tokens, checkpoints:  0,    15.377 MiB
srv        update:    - prompt 0x3adf6d0:     131 tokens, checkpoints:  0,    16.377 MiB
srv        update:    - prompt 0x43918f0:     130 tokens, checkpoints:  0,    16.252 MiB
srv        update:    - prompt 0x3225330:     107 tokens, checkpoints:  0,    13.377 MiB
srv        update:    - prompt 0x32291b0:     105 tokens, checkpoints:  0,    13.127 MiB
srv        update:    - prompt 0x1194e10:     110 tokens, checkpoints:  0,    13.752 MiB
srv        update:    - prompt 0x3ad1b20:     116 tokens, checkpoints:  0,    14.502 MiB
srv        update:    - prompt 0x3228110:     109 tokens, checkpoints:  0,    13.627 MiB
srv        update:    - prompt 0x3229090:     113 tokens, checkpoints:  0,    14.127 MiB
srv        update:    - prompt 0xee1a40:     108 tokens, checkpoints:  0,    13.502 MiB
srv        update:    - prompt 0x321f8d0:     108 tokens, checkpoints:  0,    13.502 MiB
srv        update:    - prompt 0xf0e5d0:     108 tokens, checkpoints:  0,    13.502 MiB
srv        update:    - prompt 0xee8970:     111 tokens, checkpoints:  0,    13.877 MiB
srv        update:    - prompt 0xef15a0:     119 tokens, checkpoints:  0,    14.877 MiB
srv        update:    - prompt 0x3219830:     123 tokens, checkpoints:  0,    15.377 MiB
srv        update:    - prompt 0xeec7b0:     131 tokens, checkpoints:  0,    16.377 MiB
srv        update:    - prompt 0x3227330:     130 tokens, checkpoints:  0,    16.252 MiB
srv        update:    - prompt 0x3224d60:     431 tokens, checkpoints:  0,    53.881 MiB
srv        update:    - prompt 0xef06d0:     431 tokens, checkpoints:  0,    53.881 MiB
srv        update:    - prompt 0xee3c20:     107 tokens, checkpoints:  0,    13.377 MiB
srv        update:    - prompt 0x321cfd0:     105 tokens, checkpoints:  0,    13.127 MiB
srv        update:    - prompt 0x43945e0:     110 tokens, checkpoints:  0,    13.752 MiB
srv        update:    - prompt 0xf0c750:     116 tokens, checkpoints:  0,    14.502 MiB
srv        update:    - prompt 0x3acf5e0:     109 tokens, checkpoints:  0,    13.627 MiB
srv        update:    - prompt 0xf0adf0:     113 tokens, checkpoints:  0,    14.127 MiB
srv        update:    - prompt 0x1197de0:     108 tokens, checkpoints:  0,    13.502 MiB
srv        update:    - prompt 0x118ff40:     108 tokens, checkpoints:  0,    13.502 MiB
srv        update:    - prompt 0x3aecb80:     108 tokens, checkpoints:  0,    13.502 MiB
srv        update:    - prompt 0x438a6f0:     111 tokens, checkpoints:  0,    13.877 MiB
srv        update:    - prompt 0x3aed0f0:     119 tokens, checkpoints:  0,    14.877 MiB
srv        update:    - prompt 0x32210f0:     123 tokens, checkpoints:  0,    15.377 MiB
srv        update:    - prompt 0x3221da0:     165 tokens, checkpoints:  0,    20.628 MiB
srv        update:    - prompt 0x3af2910:     131 tokens, checkpoints:  0,    16.377 MiB
srv        update:    - prompt 0x1a06780:     135 tokens, checkpoints:  0,    16.877 MiB
srv        update:    - prompt 0x3aeb3b0:     132 tokens, checkpoints:  0,    16.502 MiB
srv        update:    - prompt 0x438a630:     146 tokens, checkpoints:  0,    18.252 MiB
srv        update:    - prompt 0xee04b0:     130 tokens, checkpoints:  0,    16.252 MiB
srv        update:    - prompt 0x3af0b70:     136 tokens, checkpoints:  0,    17.002 MiB
srv        update:    - prompt 0x1a06690:     136 tokens, checkpoints:  0,    17.002 MiB
srv        update:    - prompt 0xfffdb80062a0:     241 tokens, checkpoints:  0,    30.129 MiB
srv        update:    - prompt 0xfffe140054f0:     325 tokens, checkpoints:  0,    40.629 MiB
srv        update:    - prompt 0xfffd5c0054f0:     363 tokens, checkpoints:  0,    45.380 MiB
srv        update:    - prompt 0xfffd54002440:     425 tokens, checkpoints:  0,    53.131 MiB
srv        update:    - prompt 0x3ad6d90:     409 tokens, checkpoints:  0,    51.130 MiB
srv        update:    - prompt 0x321c560:     412 tokens, checkpoints:  0,    51.505 MiB
srv        update:    - prompt 0x3af94b0:     418 tokens, checkpoints:  0,    52.256 MiB
slot update_slots: id  2 | task 9090 | new prompt, n_ctx_slot = 4096, n_keep = 0, task.n_tokens = 316
slot update_slots: id  2 | task 9090 | n_tokens = 0, memory_seq_rm [0, end)
slot init_sampler: id  2 | task 9090 | init sampler, took 0.17 ms, tokens: text = 316, total = 316
slot update_slots: id  2 | task 9090 | prompt processing done, n_tokens = 316, batch.n_tokens = 316
srv  log_server_r: done request: POST /completion 127.0.0.1 200
slot print_timing: id  2 | task 9090 | 
prompt eval time =   17798.00 ms /   316 tokens (   56.32 ms per token,    17.75 tokens per second)
       eval time =   11090.55 ms /   100 tokens (  110.91 ms per token,     9.02 tokens per second)
      total time =   28888.55 ms /   416 tokens
slot      release: id  2 | task 9090 | stop processing: n_tokens = 415, truncated = 0
srv  update_slots: all slots are idle
slot get_availabl: id  1 | task -1 | selected slot by LRU, t_last = 291073271083
srv  get_availabl: updating prompt cache
srv          load:  - looking for better prompt, base f_keep = -1.000, sim = 0.000
srv          load:  - found better prompt with f_keep = 0.770, sim = 1.000
srv        update:  - cache state: 59 prompts, 1123.522 MiB (limits: 8192.000 MiB, 4096 tokens, 65527 est)
srv        update:    - prompt 0xf0ef60:     106 tokens, checkpoints:  0,    13.252 MiB
srv        update:    - prompt 0x4391140:     107 tokens, checkpoints:  0,    13.377 MiB
srv        update:    - prompt 0x32239b0:     106 tokens, checkpoints:  0,    13.252 MiB
srv        update:    - prompt 0x321b8b0:     107 tokens, checkpoints:  0,    13.377 MiB
srv        update:    - prompt 0x3221630:     105 tokens, checkpoints:  0,    13.127 MiB
srv        update:    - prompt 0x4390ba0:     110 tokens, checkpoints:  0,    13.752 MiB
srv        update:    - prompt 0x3223470:     116 tokens, checkpoints:  0,    14.502 MiB
srv        update:    - prompt 0x4394c10:     109 tokens, checkpoints:  0,    13.627 MiB
srv        update:    - prompt 0x3224910:     113 tokens, checkpoints:  0,    14.127 MiB
srv        update:    - prompt 0x3230c90:     108 tokens, checkpoints:  0,    13.502 MiB
srv        update:    - prompt 0x11f0c00:     108 tokens, checkpoints:  0,    13.502 MiB
srv        update:    - prompt 0xee47f0:     108 tokens, checkpoints:  0,    13.502 MiB
srv        update:    - prompt 0x438f4c0:     111 tokens, checkpoints:  0,    13.877 MiB
srv        update:    - prompt 0x438f580:     119 tokens, checkpoints:  0,    14.877 MiB
srv        update:    - prompt 0x4be6150:     123 tokens, checkpoints:  0,    15.377 MiB
srv        update:    - prompt 0x3adf6d0:     131 tokens, checkpoints:  0,    16.377 MiB
srv        update:    - prompt 0x43918f0:     130 tokens, checkpoints:  0,    16.252 MiB
srv        update:    - prompt 0x3225330:     107 tokens, checkpoints:  0,    13.377 MiB
srv        update:    - prompt 0x32291b0:     105 tokens, checkpoints:  0,    13.127 MiB
srv        update:    - prompt 0x1194e10:     110 tokens, checkpoints:  0,    13.752 MiB
srv        update:    - prompt 0x3ad1b20:     116 tokens, checkpoints:  0,    14.502 MiB
srv        update:    - prompt 0x3228110:     109 tokens, checkpoints:  0,    13.627 MiB
srv        update:    - prompt 0x3229090:     113 tokens, checkpoints:  0,    14.127 MiB
srv        update:    - prompt 0xee1a40:     108 tokens, checkpoints:  0,    13.502 MiB
srv        update:    - prompt 0x321f8d0:     108 tokens, checkpoints:  0,    13.502 MiB
srv        update:    - prompt 0xf0e5d0:     108 tokens, checkpoints:  0,    13.502 MiB
srv        update:    - prompt 0xee8970:     111 tokens, checkpoints:  0,    13.877 MiB
srv        update:    - prompt 0xef15a0:     119 tokens, checkpoints:  0,    14.877 MiB
srv        update:    - prompt 0x3219830:     123 tokens, checkpoints:  0,    15.377 MiB
srv        update:    - prompt 0xeec7b0:     131 tokens, checkpoints:  0,    16.377 MiB
srv        update:    - prompt 0x3227330:     130 tokens, checkpoints:  0,    16.252 MiB
srv        update:    - prompt 0xef06d0:     431 tokens, checkpoints:  0,    53.881 MiB
srv        update:    - prompt 0xee3c20:     107 tokens, checkpoints:  0,    13.377 MiB
srv        update:    - prompt 0x321cfd0:     105 tokens, checkpoints:  0,    13.127 MiB
srv        update:    - prompt 0x43945e0:     110 tokens, checkpoints:  0,    13.752 MiB
srv        update:    - prompt 0xf0c750:     116 tokens, checkpoints:  0,    14.502 MiB
srv        update:    - prompt 0x3acf5e0:     109 tokens, checkpoints:  0,    13.627 MiB
srv        update:    - prompt 0xf0adf0:     113 tokens, checkpoints:  0,    14.127 MiB
srv        update:    - prompt 0x1197de0:     108 tokens, checkpoints:  0,    13.502 MiB
srv        update:    - prompt 0x118ff40:     108 tokens, checkpoints:  0,    13.502 MiB
srv        update:    - prompt 0x3aecb80:     108 tokens, checkpoints:  0,    13.502 MiB
srv        update:    - prompt 0x438a6f0:     111 tokens, checkpoints:  0,    13.877 MiB
srv        update:    - prompt 0x3aed0f0:     119 tokens, checkpoints:  0,    14.877 MiB
srv        update:    - prompt 0x32210f0:     123 tokens, checkpoints:  0,    15.377 MiB
srv        update:    - prompt 0x3221da0:     165 tokens, checkpoints:  0,    20.628 MiB
srv        update:    - prompt 0x3af2910:     131 tokens, checkpoints:  0,    16.377 MiB
srv        update:    - prompt 0x1a06780:     135 tokens, checkpoints:  0,    16.877 MiB
srv        update:    - prompt 0x3aeb3b0:     132 tokens, checkpoints:  0,    16.502 MiB
srv        update:    - prompt 0x438a630:     146 tokens, checkpoints:  0,    18.252 MiB
srv        update:    - prompt 0xee04b0:     130 tokens, checkpoints:  0,    16.252 MiB
srv        update:    - prompt 0x3af0b70:     136 tokens, checkpoints:  0,    17.002 MiB
srv        update:    - prompt 0x1a06690:     136 tokens, checkpoints:  0,    17.002 MiB
srv        update:    - prompt 0xfffdb80062a0:     241 tokens, checkpoints:  0,    30.129 MiB
srv        update:    - prompt 0xfffe140054f0:     325 tokens, checkpoints:  0,    40.629 MiB
srv        update:    - prompt 0xfffd5c0054f0:     363 tokens, checkpoints:  0,    45.380 MiB
srv        update:    - prompt 0xfffd54002440:     425 tokens, checkpoints:  0,    53.131 MiB
srv        update:    - prompt 0x3ad6d90:     409 tokens, checkpoints:  0,    51.130 MiB
srv        update:    - prompt 0x321c560:     412 tokens, checkpoints:  0,    51.505 MiB
srv        update:    - prompt 0x3af94b0:     418 tokens, checkpoints:  0,    52.256 MiB
srv  get_availabl: prompt cache update took 16.27 ms
slot launch_slot_: id  1 | task -1 | sampler chain: logits -> ?penalties -> ?dry -> ?top-n-sigma -> top-k -> ?typical -> top-p -> min-p -> ?xtc -> temp-ext -> dist 
slot launch_slot_: id  1 | task 9191 | processing task, is_child = 0
slot slot_save_an: id  2 | task -1 | saving idle slot to prompt cache
srv   prompt_save:  - saving prompt with length 415, total state size = 51.880 MiB
slot prompt_clear: id  2 | task -1 | clearing prompt with 415 tokens
srv        update:  - cache state: 60 prompts, 1175.402 MiB (limits: 8192.000 MiB, 4096 tokens, 65527 est)
srv        update:    - prompt 0xf0ef60:     106 tokens, checkpoints:  0,    13.252 MiB
srv        update:    - prompt 0x4391140:     107 tokens, checkpoints:  0,    13.377 MiB
srv        update:    - prompt 0x32239b0:     106 tokens, checkpoints:  0,    13.252 MiB
srv        update:    - prompt 0x321b8b0:     107 tokens, checkpoints:  0,    13.377 MiB
srv        update:    - prompt 0x3221630:     105 tokens, checkpoints:  0,    13.127 MiB
srv        update:    - prompt 0x4390ba0:     110 tokens, checkpoints:  0,    13.752 MiB
srv        update:    - prompt 0x3223470:     116 tokens, checkpoints:  0,    14.502 MiB
srv        update:    - prompt 0x4394c10:     109 tokens, checkpoints:  0,    13.627 MiB
srv        update:    - prompt 0x3224910:     113 tokens, checkpoints:  0,    14.127 MiB
srv        update:    - prompt 0x3230c90:     108 tokens, checkpoints:  0,    13.502 MiB
srv        update:    - prompt 0x11f0c00:     108 tokens, checkpoints:  0,    13.502 MiB
srv        update:    - prompt 0xee47f0:     108 tokens, checkpoints:  0,    13.502 MiB
srv        update:    - prompt 0x438f4c0:     111 tokens, checkpoints:  0,    13.877 MiB
srv        update:    - prompt 0x438f580:     119 tokens, checkpoints:  0,    14.877 MiB
srv        update:    - prompt 0x4be6150:     123 tokens, checkpoints:  0,    15.377 MiB
srv        update:    - prompt 0x3adf6d0:     131 tokens, checkpoints:  0,    16.377 MiB
srv        update:    - prompt 0x43918f0:     130 tokens, checkpoints:  0,    16.252 MiB
srv        update:    - prompt 0x3225330:     107 tokens, checkpoints:  0,    13.377 MiB
srv        update:    - prompt 0x32291b0:     105 tokens, checkpoints:  0,    13.127 MiB
srv        update:    - prompt 0x1194e10:     110 tokens, checkpoints:  0,    13.752 MiB
srv        update:    - prompt 0x3ad1b20:     116 tokens, checkpoints:  0,    14.502 MiB
srv        update:    - prompt 0x3228110:     109 tokens, checkpoints:  0,    13.627 MiB
srv        update:    - prompt 0x3229090:     113 tokens, checkpoints:  0,    14.127 MiB
srv        update:    - prompt 0xee1a40:     108 tokens, checkpoints:  0,    13.502 MiB
srv        update:    - prompt 0x321f8d0:     108 tokens, checkpoints:  0,    13.502 MiB
srv        update:    - prompt 0xf0e5d0:     108 tokens, checkpoints:  0,    13.502 MiB
srv        update:    - prompt 0xee8970:     111 tokens, checkpoints:  0,    13.877 MiB
srv        update:    - prompt 0xef15a0:     119 tokens, checkpoints:  0,    14.877 MiB
srv        update:    - prompt 0x3219830:     123 tokens, checkpoints:  0,    15.377 MiB
srv        update:    - prompt 0xeec7b0:     131 tokens, checkpoints:  0,    16.377 MiB
srv        update:    - prompt 0x3227330:     130 tokens, checkpoints:  0,    16.252 MiB
srv        update:    - prompt 0xef06d0:     431 tokens, checkpoints:  0,    53.881 MiB
srv        update:    - prompt 0xee3c20:     107 tokens, checkpoints:  0,    13.377 MiB
srv        update:    - prompt 0x321cfd0:     105 tokens, checkpoints:  0,    13.127 MiB
srv        update:    - prompt 0x43945e0:     110 tokens, checkpoints:  0,    13.752 MiB
srv        update:    - prompt 0xf0c750:     116 tokens, checkpoints:  0,    14.502 MiB
srv        update:    - prompt 0x3acf5e0:     109 tokens, checkpoints:  0,    13.627 MiB
srv        update:    - prompt 0xf0adf0:     113 tokens, checkpoints:  0,    14.127 MiB
srv        update:    - prompt 0x1197de0:     108 tokens, checkpoints:  0,    13.502 MiB
srv        update:    - prompt 0x118ff40:     108 tokens, checkpoints:  0,    13.502 MiB
srv        update:    - prompt 0x3aecb80:     108 tokens, checkpoints:  0,    13.502 MiB
srv        update:    - prompt 0x438a6f0:     111 tokens, checkpoints:  0,    13.877 MiB
srv        update:    - prompt 0x3aed0f0:     119 tokens, checkpoints:  0,    14.877 MiB
srv        update:    - prompt 0x32210f0:     123 tokens, checkpoints:  0,    15.377 MiB
srv        update:    - prompt 0x3221da0:     165 tokens, checkpoints:  0,    20.628 MiB
srv        update:    - prompt 0x3af2910:     131 tokens, checkpoints:  0,    16.377 MiB
srv        update:    - prompt 0x1a06780:     135 tokens, checkpoints:  0,    16.877 MiB
srv        update:    - prompt 0x3aeb3b0:     132 tokens, checkpoints:  0,    16.502 MiB
srv        update:    - prompt 0x438a630:     146 tokens, checkpoints:  0,    18.252 MiB
srv        update:    - prompt 0xee04b0:     130 tokens, checkpoints:  0,    16.252 MiB
srv        update:    - prompt 0x3af0b70:     136 tokens, checkpoints:  0,    17.002 MiB
srv        update:    - prompt 0x1a06690:     136 tokens, checkpoints:  0,    17.002 MiB
srv        update:    - prompt 0xfffdb80062a0:     241 tokens, checkpoints:  0,    30.129 MiB
srv        update:    - prompt 0xfffe140054f0:     325 tokens, checkpoints:  0,    40.629 MiB
srv        update:    - prompt 0xfffd5c0054f0:     363 tokens, checkpoints:  0,    45.380 MiB
srv        update:    - prompt 0xfffd54002440:     425 tokens, checkpoints:  0,    53.131 MiB
srv        update:    - prompt 0x3ad6d90:     409 tokens, checkpoints:  0,    51.130 MiB
srv        update:    - prompt 0x321c560:     412 tokens, checkpoints:  0,    51.505 MiB
srv        update:    - prompt 0x3af94b0:     418 tokens, checkpoints:  0,    52.256 MiB
srv        update:    - prompt 0x3224d60:     415 tokens, checkpoints:  0,    51.880 MiB
slot update_slots: id  1 | task 9191 | new prompt, n_ctx_slot = 4096, n_keep = 0, task.n_tokens = 332
slot update_slots: id  1 | task 9191 | n_tokens = 0, memory_seq_rm [0, end)
slot init_sampler: id  1 | task 9191 | init sampler, took 0.18 ms, tokens: text = 332, total = 332
slot update_slots: id  1 | task 9191 | prompt processing done, n_tokens = 332, batch.n_tokens = 332
srv  log_server_r: done request: POST /completion 127.0.0.1 200
slot print_timing: id  1 | task 9191 | 
prompt eval time =   18875.11 ms /   332 tokens (   56.85 ms per token,    17.59 tokens per second)
       eval time =    8594.29 ms /   100 tokens (   85.94 ms per token,    11.64 tokens per second)
      total time =   27469.40 ms /   432 tokens
slot      release: id  1 | task 9191 | stop processing: n_tokens = 431, truncated = 0
srv  update_slots: all slots are idle
slot get_availabl: id  0 | task -1 | selected slot by LRU, t_last = 291100308033
srv  get_availabl: updating prompt cache
srv          load:  - looking for better prompt, base f_keep = -1.000, sim = 0.000
srv          load:  - found better prompt with f_keep = 0.770, sim = 1.000
srv        update:  - cache state: 59 prompts, 1121.522 MiB (limits: 8192.000 MiB, 4096 tokens, 65527 est)
srv        update:    - prompt 0xf0ef60:     106 tokens, checkpoints:  0,    13.252 MiB
srv        update:    - prompt 0x4391140:     107 tokens, checkpoints:  0,    13.377 MiB
srv        update:    - prompt 0x32239b0:     106 tokens, checkpoints:  0,    13.252 MiB
srv        update:    - prompt 0x321b8b0:     107 tokens, checkpoints:  0,    13.377 MiB
srv        update:    - prompt 0x3221630:     105 tokens, checkpoints:  0,    13.127 MiB
srv        update:    - prompt 0x4390ba0:     110 tokens, checkpoints:  0,    13.752 MiB
srv        update:    - prompt 0x3223470:     116 tokens, checkpoints:  0,    14.502 MiB
srv        update:    - prompt 0x4394c10:     109 tokens, checkpoints:  0,    13.627 MiB
srv        update:    - prompt 0x3224910:     113 tokens, checkpoints:  0,    14.127 MiB
srv        update:    - prompt 0x3230c90:     108 tokens, checkpoints:  0,    13.502 MiB
srv        update:    - prompt 0x11f0c00:     108 tokens, checkpoints:  0,    13.502 MiB
srv        update:    - prompt 0xee47f0:     108 tokens, checkpoints:  0,    13.502 MiB
srv        update:    - prompt 0x438f4c0:     111 tokens, checkpoints:  0,    13.877 MiB
srv        update:    - prompt 0x438f580:     119 tokens, checkpoints:  0,    14.877 MiB
srv        update:    - prompt 0x4be6150:     123 tokens, checkpoints:  0,    15.377 MiB
srv        update:    - prompt 0x3adf6d0:     131 tokens, checkpoints:  0,    16.377 MiB
srv        update:    - prompt 0x43918f0:     130 tokens, checkpoints:  0,    16.252 MiB
srv        update:    - prompt 0x3225330:     107 tokens, checkpoints:  0,    13.377 MiB
srv        update:    - prompt 0x32291b0:     105 tokens, checkpoints:  0,    13.127 MiB
srv        update:    - prompt 0x1194e10:     110 tokens, checkpoints:  0,    13.752 MiB
srv        update:    - prompt 0x3ad1b20:     116 tokens, checkpoints:  0,    14.502 MiB
srv        update:    - prompt 0x3228110:     109 tokens, checkpoints:  0,    13.627 MiB
srv        update:    - prompt 0x3229090:     113 tokens, checkpoints:  0,    14.127 MiB
srv        update:    - prompt 0xee1a40:     108 tokens, checkpoints:  0,    13.502 MiB
srv        update:    - prompt 0x321f8d0:     108 tokens, checkpoints:  0,    13.502 MiB
srv        update:    - prompt 0xf0e5d0:     108 tokens, checkpoints:  0,    13.502 MiB
srv        update:    - prompt 0xee8970:     111 tokens, checkpoints:  0,    13.877 MiB
srv        update:    - prompt 0xef15a0:     119 tokens, checkpoints:  0,    14.877 MiB
srv        update:    - prompt 0x3219830:     123 tokens, checkpoints:  0,    15.377 MiB
srv        update:    - prompt 0xeec7b0:     131 tokens, checkpoints:  0,    16.377 MiB
srv        update:    - prompt 0x3227330:     130 tokens, checkpoints:  0,    16.252 MiB
srv        update:    - prompt 0xee3c20:     107 tokens, checkpoints:  0,    13.377 MiB
srv        update:    - prompt 0x321cfd0:     105 tokens, checkpoints:  0,    13.127 MiB
srv        update:    - prompt 0x43945e0:     110 tokens, checkpoints:  0,    13.752 MiB
srv        update:    - prompt 0xf0c750:     116 tokens, checkpoints:  0,    14.502 MiB
srv        update:    - prompt 0x3acf5e0:     109 tokens, checkpoints:  0,    13.627 MiB
srv        update:    - prompt 0xf0adf0:     113 tokens, checkpoints:  0,    14.127 MiB
srv        update:    - prompt 0x1197de0:     108 tokens, checkpoints:  0,    13.502 MiB
srv        update:    - prompt 0x118ff40:     108 tokens, checkpoints:  0,    13.502 MiB
srv        update:    - prompt 0x3aecb80:     108 tokens, checkpoints:  0,    13.502 MiB
srv        update:    - prompt 0x438a6f0:     111 tokens, checkpoints:  0,    13.877 MiB
srv        update:    - prompt 0x3aed0f0:     119 tokens, checkpoints:  0,    14.877 MiB
srv        update:    - prompt 0x32210f0:     123 tokens, checkpoints:  0,    15.377 MiB
srv        update:    - prompt 0x3221da0:     165 tokens, checkpoints:  0,    20.628 MiB
srv        update:    - prompt 0x3af2910:     131 tokens, checkpoints:  0,    16.377 MiB
srv        update:    - prompt 0x1a06780:     135 tokens, checkpoints:  0,    16.877 MiB
srv        update:    - prompt 0x3aeb3b0:     132 tokens, checkpoints:  0,    16.502 MiB
srv        update:    - prompt 0x438a630:     146 tokens, checkpoints:  0,    18.252 MiB
srv        update:    - prompt 0xee04b0:     130 tokens, checkpoints:  0,    16.252 MiB
srv        update:    - prompt 0x3af0b70:     136 tokens, checkpoints:  0,    17.002 MiB
srv        update:    - prompt 0x1a06690:     136 tokens, checkpoints:  0,    17.002 MiB
srv        update:    - prompt 0xfffdb80062a0:     241 tokens, checkpoints:  0,    30.129 MiB
srv        update:    - prompt 0xfffe140054f0:     325 tokens, checkpoints:  0,    40.629 MiB
srv        update:    - prompt 0xfffd5c0054f0:     363 tokens, checkpoints:  0,    45.380 MiB
srv        update:    - prompt 0xfffd54002440:     425 tokens, checkpoints:  0,    53.131 MiB
srv        update:    - prompt 0x3ad6d90:     409 tokens, checkpoints:  0,    51.130 MiB
srv        update:    - prompt 0x321c560:     412 tokens, checkpoints:  0,    51.505 MiB
srv        update:    - prompt 0x3af94b0:     418 tokens, checkpoints:  0,    52.256 MiB
srv        update:    - prompt 0x3224d60:     415 tokens, checkpoints:  0,    51.880 MiB
srv  get_availabl: prompt cache update took 16.76 ms
slot launch_slot_: id  0 | task -1 | sampler chain: logits -> ?penalties -> ?dry -> ?top-n-sigma -> top-k -> ?typical -> top-p -> min-p -> ?xtc -> temp-ext -> dist 
slot launch_slot_: id  0 | task 9292 | processing task, is_child = 0
slot slot_save_an: id  1 | task -1 | saving idle slot to prompt cache
srv   prompt_save:  - saving prompt with length 431, total state size = 53.881 MiB
slot prompt_clear: id  1 | task -1 | clearing prompt with 431 tokens
srv        update:  - cache state: 60 prompts, 1175.402 MiB (limits: 8192.000 MiB, 4096 tokens, 65527 est)
srv        update:    - prompt 0xf0ef60:     106 tokens, checkpoints:  0,    13.252 MiB
srv        update:    - prompt 0x4391140:     107 tokens, checkpoints:  0,    13.377 MiB
srv        update:    - prompt 0x32239b0:     106 tokens, checkpoints:  0,    13.252 MiB
srv        update:    - prompt 0x321b8b0:     107 tokens, checkpoints:  0,    13.377 MiB
srv        update:    - prompt 0x3221630:     105 tokens, checkpoints:  0,    13.127 MiB
srv        update:    - prompt 0x4390ba0:     110 tokens, checkpoints:  0,    13.752 MiB
srv        update:    - prompt 0x3223470:     116 tokens, checkpoints:  0,    14.502 MiB
srv        update:    - prompt 0x4394c10:     109 tokens, checkpoints:  0,    13.627 MiB
srv        update:    - prompt 0x3224910:     113 tokens, checkpoints:  0,    14.127 MiB
srv        update:    - prompt 0x3230c90:     108 tokens, checkpoints:  0,    13.502 MiB
srv        update:    - prompt 0x11f0c00:     108 tokens, checkpoints:  0,    13.502 MiB
srv        update:    - prompt 0xee47f0:     108 tokens, checkpoints:  0,    13.502 MiB
srv        update:    - prompt 0x438f4c0:     111 tokens, checkpoints:  0,    13.877 MiB
srv        update:    - prompt 0x438f580:     119 tokens, checkpoints:  0,    14.877 MiB
srv        update:    - prompt 0x4be6150:     123 tokens, checkpoints:  0,    15.377 MiB
srv        update:    - prompt 0x3adf6d0:     131 tokens, checkpoints:  0,    16.377 MiB
srv        update:    - prompt 0x43918f0:     130 tokens, checkpoints:  0,    16.252 MiB
srv        update:    - prompt 0x3225330:     107 tokens, checkpoints:  0,    13.377 MiB
srv        update:    - prompt 0x32291b0:     105 tokens, checkpoints:  0,    13.127 MiB
srv        update:    - prompt 0x1194e10:     110 tokens, checkpoints:  0,    13.752 MiB
srv        update:    - prompt 0x3ad1b20:     116 tokens, checkpoints:  0,    14.502 MiB
srv        update:    - prompt 0x3228110:     109 tokens, checkpoints:  0,    13.627 MiB
srv        update:    - prompt 0x3229090:     113 tokens, checkpoints:  0,    14.127 MiB
srv        update:    - prompt 0xee1a40:     108 tokens, checkpoints:  0,    13.502 MiB
srv        update:    - prompt 0x321f8d0:     108 tokens, checkpoints:  0,    13.502 MiB
srv        update:    - prompt 0xf0e5d0:     108 tokens, checkpoints:  0,    13.502 MiB
srv        update:    - prompt 0xee8970:     111 tokens, checkpoints:  0,    13.877 MiB
srv        update:    - prompt 0xef15a0:     119 tokens, checkpoints:  0,    14.877 MiB
srv        update:    - prompt 0x3219830:     123 tokens, checkpoints:  0,    15.377 MiB
srv        update:    - prompt 0xeec7b0:     131 tokens, checkpoints:  0,    16.377 MiB
srv        update:    - prompt 0x3227330:     130 tokens, checkpoints:  0,    16.252 MiB
srv        update:    - prompt 0xee3c20:     107 tokens, checkpoints:  0,    13.377 MiB
srv        update:    - prompt 0x321cfd0:     105 tokens, checkpoints:  0,    13.127 MiB
srv        update:    - prompt 0x43945e0:     110 tokens, checkpoints:  0,    13.752 MiB
srv        update:    - prompt 0xf0c750:     116 tokens, checkpoints:  0,    14.502 MiB
srv        update:    - prompt 0x3acf5e0:     109 tokens, checkpoints:  0,    13.627 MiB
srv        update:    - prompt 0xf0adf0:     113 tokens, checkpoints:  0,    14.127 MiB
srv        update:    - prompt 0x1197de0:     108 tokens, checkpoints:  0,    13.502 MiB
srv        update:    - prompt 0x118ff40:     108 tokens, checkpoints:  0,    13.502 MiB
srv        update:    - prompt 0x3aecb80:     108 tokens, checkpoints:  0,    13.502 MiB
srv        update:    - prompt 0x438a6f0:     111 tokens, checkpoints:  0,    13.877 MiB
srv        update:    - prompt 0x3aed0f0:     119 tokens, checkpoints:  0,    14.877 MiB
srv        update:    - prompt 0x32210f0:     123 tokens, checkpoints:  0,    15.377 MiB
srv        update:    - prompt 0x3221da0:     165 tokens, checkpoints:  0,    20.628 MiB
srv        update:    - prompt 0x3af2910:     131 tokens, checkpoints:  0,    16.377 MiB
srv        update:    - prompt 0x1a06780:     135 tokens, checkpoints:  0,    16.877 MiB
srv        update:    - prompt 0x3aeb3b0:     132 tokens, checkpoints:  0,    16.502 MiB
srv        update:    - prompt 0x438a630:     146 tokens, checkpoints:  0,    18.252 MiB
srv        update:    - prompt 0xee04b0:     130 tokens, checkpoints:  0,    16.252 MiB
srv        update:    - prompt 0x3af0b70:     136 tokens, checkpoints:  0,    17.002 MiB
srv        update:    - prompt 0x1a06690:     136 tokens, checkpoints:  0,    17.002 MiB
srv        update:    - prompt 0xfffdb80062a0:     241 tokens, checkpoints:  0,    30.129 MiB
srv        update:    - prompt 0xfffe140054f0:     325 tokens, checkpoints:  0,    40.629 MiB
srv        update:    - prompt 0xfffd5c0054f0:     363 tokens, checkpoints:  0,    45.380 MiB
srv        update:    - prompt 0xfffd54002440:     425 tokens, checkpoints:  0,    53.131 MiB
srv        update:    - prompt 0x3ad6d90:     409 tokens, checkpoints:  0,    51.130 MiB
srv        update:    - prompt 0x321c560:     412 tokens, checkpoints:  0,    51.505 MiB
srv        update:    - prompt 0x3af94b0:     418 tokens, checkpoints:  0,    52.256 MiB
srv        update:    - prompt 0x3224d60:     415 tokens, checkpoints:  0,    51.880 MiB
srv        update:    - prompt 0xef06d0:     431 tokens, checkpoints:  0,    53.881 MiB
slot update_slots: id  0 | task 9292 | new prompt, n_ctx_slot = 4096, n_keep = 0, task.n_tokens = 332
slot update_slots: id  0 | task 9292 | n_tokens = 0, memory_seq_rm [0, end)
slot init_sampler: id  0 | task 9292 | init sampler, took 0.16 ms, tokens: text = 332, total = 332
slot update_slots: id  0 | task 9292 | prompt processing done, n_tokens = 332, batch.n_tokens = 332
srv  log_server_r: done request: POST /completion 127.0.0.1 200
slot print_timing: id  0 | task 9292 | 
prompt eval time =   18876.03 ms /   332 tokens (   56.86 ms per token,    17.59 tokens per second)
       eval time =    8456.28 ms /   100 tokens (   84.56 ms per token,    11.83 tokens per second)
      total time =   27332.31 ms /   432 tokens
slot      release: id  0 | task 9292 | stop processing: n_tokens = 431, truncated = 0
srv  update_slots: all slots are idle
srv    operator(): operator(): cleaning up before exit...
llama_memory_breakdown_print: | memory breakdown [MiB] | total   free    self   model   context   compute    unaccounted |
llama_memory_breakdown_print: |   - Host               |                 5463 =  4685 +     512 +     266                |
